District,PC,AC,Anumandal,Block,Gender,Panchayat,Name,Father/Husband's Name,Contact No.,Age,Social Category,Caste,Profile,Current JS Designation,Remarks,probabale Block positions,Probable JS Designation,Probable Vertical,ZP Seat Number,Calling Status,Ready to Contest Elections withn JSP,In Final Candidates List,PRI TO CONTEST,POC,Ready to make 20 Committee,ZP Status,Remarks,Panchayat,Date
Lakhisarai,,,,Lakhisarai,,,Kumod Kumar,,9471636634.0,48.0,General,Bhumihar,"Kumod Kumar|48|Gen|Bhumihar

-PACS Runnerup (2024)
-Mukhiya Runner up in (2001)
-District President Yuva Prakoshth JDU (2007-2009)
-Government Contractor",Prakhand Adhyaksh,He will not be able to give time to the sangathan,,,,,,,,No,,,,,,
Lakhisarai,,,,Halsi,,,Praphulla Kumar,,9955766788.0,,,,,Prakhand Adhyaksh,,,,,,,,,No,,,,,,
Lakhisarai,,,,Ramgarh Chowk,,Sarma,Nandan Yadav,Shankar Yadav,9199767388.0,55.0,OBC,Yadav,"Nandan Yadav | 53 | OBC | Yadav  

-Ex-BDC from 'Billo Panchayat' (2011-2016)
-Ex-Sarpanch from 'Sharma Panchayat' 2006 
 -De facto Mukhiya 1st Runner up 'Billo Panchayat' 2021
- District President of Krishi Atma samiti (2006-2017) 
-Yuva Sakhti Sangathan of Jan Adhikar Party ( 2000-15)
",Prakhand Adhyaksh,Agreed,,,,,,,,No,,,,,,
Lakhisarai,,,,Suryagarha,,,Baleshwar Saw,,9931854023.0,52.0,EBC,Kanu,"Baleshwar Saw| 52| EBC| Kanu

- Former Sarpanch 2001
- Kanu Vikas sangh jila sachiv
- Sarpanch Runner-up 2006
- RJD Prakhand Adhyksh (EBC Wing) 2010-2015
",Prakhand Adhyaksh,Call Not Recived,,,,,,,,No,,,,,,
Lakhisarai,,,,Barahiya,,,Bikash Kumar,,8002885315.0,38.0,General,Bhumihar,"Bikash Kumar| 38 IGEN| Bhumihar
- 2  Term Sarpanch-2016-Present 
- Ex-BJP Block Vice President-2012-20",Prakhand Adhyaksh,out of network,Block president,Block PH,Sangathan,,,,,No,,,,,,
Lakhisarai,,,,Pipariya,,,Bhola Yadav,,9430577372.0,46.0,OBC,Yadav,"Bhola Yadav | 46 | OBC | Yadav

-Zila Parishad 2nd Runner-Up Secured 2700 Votes In 2006
-Reporter At Light Bihar Express ",Prakhand Adhyaksh,,Block president,,,,Call Connected,Interested,,No,,,,,,
Lakhisarai,,,,Channan,,,Sanjay Kumar Saw,,8292065065.0,45.0,EBC ,Teli,"Sanjay Kumar Saw | 45 | EBC | Teli

- Mukhiya Runner up from Malia Panchayat in 2016.
- Gramin Bank Oprator from 2015. 
- Former JDU Block Secretary.",Prakhand Adhyaksh,,,,,,,,,No,,,,,,
Lakhisarai,,,,Lakhisarai,Male,Damodarpur,Rajiv Yadav,Late Ramavatar yadav,8757515759.0,43.0,OBC,Yadav,"Rajiv Yadav|42|OBC|Yadav

 Mukhiya 1st runner up (2016 and 2021)
- PACS Runner-up (2024) lost by 1 vote.
- Zila Sachiv RJD (2022-24)
- Prakhand Adhyaksh RJD youth wing (2016-17)",Prakhand Mahasachiv,Agreed,Block mahamantri,District PH,Sangathan,,,,,No,,,,,,
Lakhisarai,,,,Halsi,,,Surendra Paswan,,8002258539.0,,,,"Surendra Paswan | 53 | SC | Dusadh

- 2nd Term Defacto Incumbent Sarpanch 2016 & 2021, Securing 1875 & 2424 votes in 2021.
- Good hold in his community.",Prakhand Mahasachiv,Call Not Recived,,,,,,,,No,,,,,,
Lakhisarai,,,,Ramgarh Chowk,,Aure,Naveen Kumar Sharma,Late Mkeshar sharma,8002044044.0,58.0,General,Bhumihar,"Naveen Kumar Sharma | 58 | Gen | Bhumihar 

- 2 term incumbent Sarpanch
-Incumbent Sarpanch Sangh Adhyaksha
-Owns a Construction Shop",Prakhand Mahasachiv,Agreed,,,,,,,,No,,,,,,
Lakhisarai,,,,Suryagarha,,,Ram Prasad Saw,Lt Jagon Saw,9771806751.0,65.0,EBC,Teli,"- Ram Prasad Saw | 65 | Teli | 
- Incumbent Sarpanch (2021-Present)
- 2 Time EX- Mukhiya Runner Up (2011 and 2016)
- Ex- BDC runner up (2006)",Prakhand Mahasachiv,,,,,,,,,No,,,,,,
Lakhisarai,,,,Barahiya,,Pali,Vinod Mahto,Late RamGulam Mahato,9955111995.0,63.0,EBC,Dhanuk,"Vinod Mahto | 63 | EBC| Dhanuk 
- Samata Party Zila Adhyakash (1995-2000)
- Pacs Chairman 2009 
- Pacs Runner up 2014,2019 .2024 
- Vypar Samiti Karya Karni member (2015- Present )",Prakhand Mahasachiv,Ready,Block president,Block PH,Sangathan,,,,,No,,,,,,
Lakhisarai,,,,Pipariya,,,Ram Niwas Singh,,9801712420.0,,,,"- Former Block President ( 2014-18)
- Mukhiiya Runner up 2001,2006
- Renowed Landlord of the Block
",Prakhand Mahasachiv,,Block president,,,,,,,No,,,,,,
Lakhisarai,,,,Channan,,,Rajiv Kumar,,8521839493.0,,,,"Rajiv Yadav | Male | OBC | Yadav

- Mukhiya Runner up in 2006.
- Mukhiya 1st runner up in 2011.
- His family is active in block level politics.",Prakhand Mahasachiv,,,,,,,,,No,,,,,,
Lakhisarai,,,,Lakhisarai,Female,,Pratima Kumari,,8851546194.0,35.0,EBC ,Teli,"Pratima Kumari | 35 | EBC | Teli 

- Prakhand Mahila Adhyaksh in JDU 2022 to 2024.
- Jeevika CM 2014-till now.
- LIC (Bhartiya jeewan bima nigam) Advisor. ",Prakhand Mahila Adhyaksh,,,,,,,,,No,,,,,,
Lakhisarai,,,,Halsi,,,Renu Devi,,9572720736.0,35.0,EBC ,Nai,"Renu Dev | 35 | EBC | Nai

- Ward member from Village- Baghaur from 2011 to present. 
- Her mother in law was also ward member from 2006-11.
- Husband is Practitioner.
- Strongly active in Halsi Prakhand as a Mahila Leader & Good hold in female voters.",Prakhand Mahila Adhyaksh,,,,,,,,,No,,,,,,
Lakhisarai,,,,Ramgarh Chowk,,,Meena Devi,,7909053358.0,55.0,General,Bhumihar,"Meena Devi | 55 | Gen | Bhumihar

- Ex BDC in 2006.
- BDC runner up in 2011.
- BDC 2nd runner up in 2016 & 2021.
- Active in Prakhand Politics & strong hold in Female voters.",Prakhand Mahila Adhyaksh,,,,,,,,,No,,,,,,
Lakhisarai,,,,Suryagarha,,,Soni Kumari,,7857887997.0,,EBC,,"Soni Kumari | 27 | EBC | Teli

- Incumbent Sarpanch at Urain Panchayat 
",Prakhand Mahila Adhyaksh,,,,,,,,,No,,,,,,
Lakhisarai,,,,Barahiya,,,Nilu Devi,,6202977459.0,,EBC,,"Nilu Devi | 41 | General | Bhumihar 
- Former BJP Prakhand mahila adhyaksh (2017-20)
- Para Legal Volunteers (PLVs)  PLVs assist in legal aid services, spreading legal awareness, and helping people access justice, especially in rural and underprivileged areas. 
- Swachhta Paryavekshak (Sanitation Supervisor) works at the block level, going door-to-door to raise awareness about cleanliness and hygiene among the people. Their role includes educating communities on sanitation practices
- sachiv of VO (village organiser)",Prakhand Mahila Adhyaksh,,,,,,,,,No,,,,,,
Lakhisarai,,,,Pipariya,,,Punam Devi,,9939925685.0,,,,"Punam Devi |38| Bind
- Runner up 1st runner up Sarpanch with 1045 votes.
- Qualification- 8th Pass
- Profession-Housewise",Prakhand Mahila Adhyaksh,,,,,,,,,No,,,,,,
Lakhisarai,,,,Channan,,,Babita Kumari,,7488170021.0,,,,"Babita Kumari | Female | EBC | Badhai

- LJP'S Prakhand Mahila Adhyaksh 2022-24.",Prakhand Mahila Adhyaksh,,,,,,,,,No,,,,,,
Lakhisarai,,,,Lakhisarai,,,Ram Pravesh Kumar,,7352560576.0,,,," Ram Pravesh Kumar |27 | EBC| Tatwa

- 2 time Sarpanch (2016- till)
-Popular face in youth.
- Active in Prakhand Politics.",Prakhand Yuva Adhykash,,,,,,,,,No,,,,,,
Lakhisarai,,,,Halsi,,,Niwas Kumar Anand,,8340531958.0,,,,"Niwas Kumar Anand | 30 | General | Bhumihar 

 - Runs “Freedom Employability academy” Foundation ( FEA) with the Capacity of 150 People.  (This foundation provides free education and computer training to people in rural areas.)
- English Teacher & Computer teacher.
- Panchayat Adhyaksh in Dainik jag-ran News Agency. ",Prakhand Yuva Adhykash,,,,,,,,,No,,,,,,
Lakhisarai,,,,Ramgarh Chowk,,,Bipin Kumar,,7903507753.0,,,,"Bipin Kumar | 27 | Musahar
- Defacto Incumbent Ward Sadasya from 2016 to till now.
-His Mother mukhiya Runner up in 2011.
- Active in Prakhand Politics & good hold in youth.",Prakhand Yuva Adhykash,,,,,,,,,No,,,,,,
Lakhisarai,,,,Suryagarha,,,Rohit Kumar,,9229445282.0,,EBC,,"Rohit Kumar| 32| EBC | Chandravansi

- Nagar Up mayor Runner-up (2267 Votes)
- Ows a Hotel Biryani house
",Prakhand Yuva Adhykash,,,,,,,,,No,,,,,,
Lakhisarai,,,,Barahiya,,,Ram Parvesh Singh,,8210989553.0,,EBC,,"Ram Parvesh Kumar | 34 |
          General | Bhumihar 
      - BTS Bricks Chimni Owner
         - Social Worker  ",Prakhand Yuva Adhykash,,,,,,,,,No,,,,,,
Lakhisarai,,,,Pipariya,,,Saurabh Kumar,,6207688685.0,,,,"Saurabh Kumar | Age-35 | General- Bhumihar
- Incumbent Ward Member |
- By profession teacher in Utkarmit Mad Vidhyalaya Rahatpur
 teaching as free teacher since 1 year 
- Qualification-10th 
",Prakhand Yuva Adhykash,,,,,,,,,No,,,,,,
Lakhisarai,,,,Channan,,,Prabhat Ranjan Urf Ashok Kumar Yadav,,8521579075.0,,,,"Pravat Ranjan Urf Ashok Kumar Yadav|27|OBC|Yadav
 
- Defacto Incumbent Sarpanch (Mother Urmila Devi 2021-Present)
- PACS Contestant, 2024",Prakhand Yuva Adhykash,,,,,,,,,No,,,,,,
Lakhisarai,,,,Lakhisarai,,,Mrityunjay Singh,,9934349305.0,,,,"Mrityunjay Singh|Gen|Bhumihar

- Kisan Salahkar, Krishi Vibhag (2010-19)
- Vyapar Mandal Adyaksh, Lakhisarai (1985-87)
- Worked with George Fernandes in Janta dal day's.
- Influential Farmer",Prakhand Kisan Adhyaksh,,,,,,,,,No,,,,,,
Lakhisarai,,,,Halsi,,Bhanpura,Dinesh Mahto,Lt Lakhan Mahto,8809565798.0,50.0,OBC,Koiri,"Dinesh Mahto | 48 | OBC | Kushwaha

- Active in Prakhand Politics & Strong hold in Kushwaha Community. 
- ⁠Block President of Krishi Sakshya Samiti (Jan jeewan Hariyali Mission) since 2015-present.",Prakhand Kisan Adhyaksh,Agreed,,,,,,,,No,,,,,,
Lakhisarai,,,,Ramgarh Chowk,,,Ramlakhan Yadav,,9771295661.0,47.0,OBC,Yadav,"Ramlakhan Yadav | 45 | OBC | Yadav 

- Former Mukhiya (2011-16)
- Mukhiya 2nd Runner up (2016), (2021)
-Pacs Runner up 2014",Prakhand Kisan Adhyaksh,,,,,,,,,No,,,,,,
Lakhisarai,,,,Suryagarha,,,Uttam Kumar,,8409128237.0,,GEN,,"Uttam Kumar | 42 | General | Bhumihar

- Two time PAC's Runner up
- Renowed Landlord",Prakhand Kisan Adhyaksh,,,,,,,,,No,,,,,,
Lakhisarai,,,,Barahiya,,,Lokesh Kumar Singh,,7002506721.0,,EBC,,"Lokesh kumar singh | 65 | General | Bhumihar 
- Big Farmer (2k Bigha )
- Community Leader
- His son cleared BPSC ",Prakhand Kisan Adhyaksh,,,,,,,,,No,,,,,,
Lakhisarai,,,,Pipariya,,,Mantu Singh,,"9667198859, 8102227234",,,,,Prakhand Kisan Adhyaksh,,,,,,,,,No,,,,,,
Lakhisarai,,,,Channan,,,Subodh Saw,,7739106863.0,,,,"Subodh Mandal|45|EBC|Teli

- Defacto former mukhiya (Wife) 2011-16
- Defacto former mukhiya (Uncle) 2001-06
- Former BDC 2001-06",Prakhand Kisan Adhyaksh,,,,,,,,,No,,,,,,
Lakhisarai,,,,Lakhisarai,,Khagaul,Avinash Kumar,Sunil prasad yadav,9334542594.0,31.0,OBC,Yadav,"Avinash Kumar|30|OBC|Yadav

- Defacto Mukhiya 2nd runner up (2021)
-Yuva Pradesh Mahasachiv HAM (2014-16)
-Runs a S.Kumari Gyansthali Nishulk Shiksha kendra
- Runs a NGO, S.Kumari Jan lok kalyan seva kendra (Registered)",Prakhand Mukhya Pravakta,Agreed,,,,,,,,No,,,,,,
Lakhisarai,,,,Halsi,,,Sonu Kumar Kushavaaha,,9155450721.0,,,,"Sonu Kumar Kushwaha | 29 | Kushwaha 

- Sarpanch Contestant with 1054 votes in (2021) from Dhira 
- BJP's Social media Seh-Zilla Adhyksh (2020-Present)
-Panchayati Raj Prakosth Prakand Sanyojak Halsi (2013-2020)",Prakhand Mukhya Pravakta,,,,,,,,,No,,,,,,
Lakhisarai,,,,Ramgarh Chowk,,,Badal Kumar Badal,,9572777073.0,,,,"Badal Kumar Badal | 30 | Dusadh
 
- Mukhiya 2nd runner up in 2016. 
- Mukhiya 1st runner up in 2021.
- Strog hold in thier community.",Prakhand Mukhya Pravakta,Not connected,,,,,,,,No,,,,,,
Lakhisarai,,,,Suryagarha,,,Pawan Kumar Singh,,9798507752.0,,GEN,,"Pawan Kumar Singh | 53 | Gen| Bhumihar
- two times Mukhiya Runner-up defacto (wife Anupam Devi) 
- Good hold on two major village of Alinagar (Alinagar and Pokharama) 
- Associated with BJP very long ",Prakhand Mukhya Pravakta,,,,,,,,,No,,,,,,
Lakhisarai,,,,Barahiya,,,Amit Akela,,6205465997.0,,EBC,,"Amit Akela | 31 | Kanu 
- Former BDC 2016 
- Runner Up BDC 2021  
- Youtube Singer on Wave Channel",Prakhand Mukhya Pravakta,Switch off,Pravakta/social media prabhari,Block PH,,,,,,No,,,,,,
Lakhisarai,,,,Pipariya,,,Gopal Kumar,,"9905866783, 6203405506",,,,,Prakhand Mukhya Pravakta,,,,,,,,,No,,,,,,
Lakhisarai,,,,Channan,,,Triloki Yadav,,9006352304.0,,,,"- UP Mukhiya in 2006.
- Practitioner 
- ",Prakhand Mukhya Pravakta,,,,,,,,,No,,,,,,
Lakhisarai,,,,Lakhisarai,,Rajkachhiyana,Shankar Kumar,Birju Rajak,9534448781.0,31.0,SC,Rajak,"Shankar Kumar|30|SC|Dhobi

 - Defacto sarpanch 2021- till
- Sarpanch Runner-up 2016 
- RLSP Prakhand Adyaksh (2017-18)
- Father was a ward member (2006)
- Member Shanti Samiti",Prakhand Abhiyan samiti Sanyojak,Agreed,,,,,,,,No,,,,,,
Lakhisarai,,,,Halsi,,,Afazal Raza urf Tunna Khan,,6206876606.0,,,,,Prakhand Abhiyan samiti Sanyojak,,,,,,,,,No,,,,,,
Lakhisarai,,,,Ramgarh Chowk,,,Ramakant Singh,,6203097186.0,,,,"Ramakant Singh | 55 | Bhumihar

-Mukhiya Runner up 2001
- JDU Prakhand Adhyksh 2005-2010)",Prakhand Abhiyan samiti Sanyojak,,,,,,,,,No,,,,,,
Lakhisarai,,,,Suryagarha,,,Rohit Kumar,,8002692991.0,,EBC,,"Rohit Kumar | 32 | Mallah | EBC | 
- Ward Parshad 2nd Runner-up
- Active as a social worker.
- He follows the ideology of Prashant Kishore.",Prakhand Abhiyan samiti Sanyojak,,,,,,,,,No,,,,,,
Lakhisarai,,,,Barahiya,,,Vicky Kumar,,"7979701055, 9122006099",,,,,Prakhand Abhiyan samiti Sanyojak,Not in our party and not interested,,,,,,,,No,,,,,,
Lakhisarai,,,,Pipariya,,,Sujil Kumar,,"7488431913, 8292984325",,,,,Prakhand Abhiyan samiti Sanyojak,,,,,,,,,No,,,,,,
Lakhisarai,,,,Channan,,,Pankaj Kumar,,7903682382.0,,,,"- Businessman 
- Owner of Hero bike showroom, Mananpur",Prakhand Abhiyan samiti Sanyojak,,,,,,,,,No,,,,,,
Lakhisarai,,,,Pipariya,Male ,Saidpura,Rakesh Kumar,,9570500083.0,46.0,General,Bhumihar,"Rakesh Kumar-|46| Bhumihar.
- Defacto of Sailendra Singh
- Three time Mukhiya 2001-16
- Mukhiua Runner up 2021
- Tractor dealership buisness.",BSC Member,As a worker,Block president,,,,,,,No,,,,,,
Lakhisarai,,,,Pipariya,Male ,Saidpura,Suresh Prasad Singh,,8210063383.0,65.0,General,Bhumihar,"Suresh Prasad Singh |65| GEN| Bhumihar
- Retired DEO Cum writer
- Zila School Teacher of Physics at Goverment Senior Secondary School Chhapra since 1988-1991.
- Patna Collegiate Zila School Since 1991-2000.
- Math & Advance Math Bihar Examination Board.
- Exam Setner of Math & Science in Simurtal.
- Math Setner and moderate at B-Boss.
- All Bihar Science/Math Master trainner.
- Worked as NCC Navy First officer 1894-2013.
- District Program Officer Sheikhpura ( 2014-2017).
- District Education Officer at Munger ( 2017-21).
- +2 Math teacher at Kendriya Vidyalaya at Katriaya Nagar, Rajasthan (1984-1988).
- Writer of Guides and Books at MBD, Patna (Had published several guide)
- Qualification- Dual MSC in Physics and Chemestry.
- BED at Resonant College of Education, Bhubaneswar.",BSC Member,,,BBS,,,,,,No,,,,,,
Lakhisarai,,,,Pipariya,Male ,Saidpura,Saran Malik,,"9973596705
6502720314",39.0,SC,Malik,"Saran Malik |39| SC-Malik
- 2021 BDC runner up
s- Maha Dalit Bikash Manch Zila Adhyaksh, Lakhisarai (2015-2024).
- District Level Member of SCDC, Lakhisarai
(Bihar Rajya Anusuchit Jati Sahakarita Bikash)
- EX- JDU Zila Maha Dalit Prakost Zila Adhaksh.
- Qualification- Intermediate pass.",BSC Member,not responding,SC/St President,,,,,,,No,,,,,,
Lakhisarai,,,,Pipariya,Male ,Saidpura,Ganesh Kumar,,"7004619622
7739071154",30.0,General,Bhumihar,"|Ganesh Kumar|30|Bhumihar|
- Two times Mukhiya Contestant (2016 and 2021)
- His Father Paramanand Singh one time Up Mukhiya (2001) and Mukhiya (2003).
- BJP Block President (2015-2020)
- BJP Zila Kaarya Samiti (2020-Present)
-  Qualification: PG in Sanskrit from Munger University & 
BED from Jayaprakash Narayan Vidhyalaya, Chhapra.
",BSC Member,,,,,,,,,No,,,,,,
Lakhisarai,,,,Barahiya,Male ,Laxmipur,Suresh Gupta ,,9934277567.0,48.0,EBC,Bania,"Suresh Gupta 48| EBC- Bania
- 2  times Sarpanch 2016-Present. 
- 2011 PACS Winner
- BJP Panchayat Level Member Since 2012-2020.
- Qualification- Matric pass
- Business- Clothes store",BSC Member,,,,,,,,,No,,,,,,
Lakhisarai,,,,Barahiya,Male ,Laxmipur,Sanjay Thakur,,8541034442.0,49.0,General,Bhumihar,"Sanjay Thakur (Defacto) Pappu Singh |49| GEN-Bhumihar
        - 2 time Mukhiya won- 2011-2021 and one time lost in 2021.
        - Qualification- BA                   
 - Profession- Farming and active in  local Politics.",BSC Member,not receive,Block president,Block PH,Sangathan,,,,,No,,,,,,
Lakhisarai,,,,Barahiya,Male ,Gangasarai,"Binaya  Kumar Singh
Urf Pappu Nirankari",Ramnandan Prasad Singh,8603530280.0,52.0,General,Bhumihar,"Binaya Singh Urf Pappu Niraankari |52| GEN-Bhumihar 
- Incumbent Sarpanch (Sarpanch Sangh Adhyaksh, Barahiya Block)",BSC Member,Ready,Block president,Block PH,Sangathan,,,,,No,,,,,,
Lakhisarai,,,,Barahiya,Male ,Barahiya,Rohit Kumar,Dinesh Mandal,7004596564.0,29.0,OBC,Kurmi,"|Age-29|OBC-Mandal|
- Incumbent Nagar Ward Parshad 2023- Now)
- Qualification- BA
- Profession- Student
- No linked with any political Party
- Father is doing job in Nagar Parishad as a peon.",BSC Member,He is ready to take position in OBC Frontal,Obc President,Block PH,"Sangathan, OBC",,,,,No,,,,,,
Lakhisarai,,,,Barahiya,Male ,,Raghabendra Kumar,,7543960700.0,36.0,General,Bhumihar,"|Age-36| General- Bhumihar|
- Incumbent Nagar Ward Parshad (Defacto Arvind Kumar)
- Nagar Ward Parshad (2014-2019)
- BJP Ward President (2011-Present)
- Qualification-Inter",BSC Member,,Pravakta/social media prabhari,Block PH,Sangathan,,,,,No,,,,,,
Lakhisarai,,,,Barahiya,Male ,Ajni Ghat,Ramvilash Mahto,Asrangi Mahto,7782972266.0,60.0,EBC,Dhanuk,"Ramvilash Mahto|60|OBC-Dhanuk|
- 3 Times PACS President (2009, 2014, 2019 at Present.
- Qualification- 9th Pass",BSC Member,not receive,Block president,Block PH,Sangathan,,,,,No,,,,,,
Lakhisarai,,,,Barahiya,Male ,,Sanjiv Kumar,,7631509230.0,42.0,General,Bhumihar,"Sanjiv Kumar|54|Bhumihar 
- 2  time Defacto Nagar Ward Parshad (Mother Prabha Devi) in 2017 &2021. 
- Also fought for Nagar Ward Adhyaksh in 2017 but lost. 
- Qualification-Inter",BSC Member,,,,,,,,,No,,,,,,
Lakhisarai,,,,Halsi,Male ,Bhanpura,Paras Paswan,Lt Vishnu Dev Paswan,096617 16153,58.0,SC,Dusadh,"Paras Paswan | 58 | Dusadh
- Ex- Mukhiya (2016-2021) from Bhanpura
- Mukhiya runner up (2021)
- Panchayati Raj Prakost Zilla Upadhyksh (2022-2024)",BSC Member,,,,,,,,,No,,,,,,
Lakhisarai,,,,Halsi,Male ,Halsi,Anil Singh ,Lt Jagdish Singh,8603642927.0,56.0,General,Bhumihar,"Anil Singh | 56 | Bhumihar 
- 4 term Incumbent Sarpanch (2006-2016) and De-facto (Wife Madhuri Devi) (2016-Present)
",BSC Member,Agreed,,,,,,,,No,,,,,,
Lakhisarai,,,,Halsi,Male ,Sadhmaf,Ganesh Yadav,,9546335725.0,45.0,OBC,Yadav,"Ganesh Yadav | 45 | Yadav 
- De-facto 2 term Incumbent Sarpanch ( 2016-Present)
- Father Andhi Singh was Sarpanch for 27 years before 2001",BSC Member,Switch off,,,,,,,,No,,,,,,
Lakhisarai,,,,Halsi,Male ,Ballopur,Anand Kumar Shukla ,,7992358466.0,24.0,General,Bhumihar,"Anand Kumar Shukla | 24 | Bramin
- B.Farma (Munger University) (2020-2024)
- Diploma in Healthcare Care ( 2017-2018) from Aryabhatta Knowledge University Patna 
- Dresser (2023-2024) from from Paasm Nursing Education & Hospital Sasaram 
- R.M.P (2015-2017) from Bihar Sharif 
- Member of Panchayat Vikash Morcha (Ballopur) (2020-Present)",BSC Member,,,,,,,,,No,,,,,,
Lakhisarai,,,,Ramgarh Chowk,Male ,Billo,Sehdev Paswan,,8521993528.0,54.0,SC,Dusadh,"Sehdev Paswan | 54 | Paswan 
- de facto Sarpanch 2 time (2016-Present)",BSC Member,,,,,,,,,No,,,,,,
Lakhisarai,,,,Ramgarh Chowk,Male ,Nand Nama,Abhay Shankar Singh,,7761984773.0,52.0,General,Bhumihar,"Abhay Shankar Singh | 52 | Bhumihar | Ration dist. Shop
- de facto Ex- Mukhiya (Wife Vibha Devi) (2016-2021)
",BSC Member,,,,,,,,,No,,,,,,
Lakhisarai,Munger,Lakhisarai,Lakhisarai,Ramgarh Chowk,Male ,Billo,Amlesh Kumar Pandey,Ram kumar pandey,7004542405.0,41.0,General,Brahmin,"- Zila Mahamantri of Indian Journalist Association (2021-Present)
- Reporter at Asia News
-He owns a news channel named KKP News Channel. 
- He is also working as a Bureau Chief at APN News 
- Reporter at Dainik Bhaskar.",BSC Member,Agreed,,,,,,,,No,,,,,,
Lakhisarai,,,,Ramgarh Chowk,Male ,Bhabaria,Ramanuj Singh,,6207128503.0,64.0,General,Bhumihar,"- Retired School Headmaster (2020)
- EX joint Secretary at Madhayamik Shiksha Sangh",BSC Member,,,,,,,,,No,,,,,,
Lakhisarai,,,,Lakhisarai,Female ,Girdharpur,Kanchan Sharma,,9582842709.0,40.0,General,Bhumihar,"- District Women vice-president of Bhartiya lok mat rashtriya party
- Father-in-law Anil Sharma was the prominent leader of Lakhisarai
- Husband is involved in Transportation business.",BSC Member,Out of service,,,,,,,,No,,,,,,
Lakhisarai,,,,Lakhisarai,Male ,,Shambhu Sharan Singh,,9430438418.0,64.0,General,Bhumihar,"- Bar Council President, Lakhisarai Civil Court
- Practice from 1984
",BSC Member,"He is associated with the Jan Suraaj Party, but does not want to take any post in the organization.",,,,,,,,No,,,,,,
Lakhisarai,,,,Lakhisarai,Male ,,Rajendra Kumar Singh,,9234777110.0,42.0,General,Bhumihar,"- Lawyer at Lakhisarai Civil Court
- Practicing Since 12 years",BSC Member,,,,,,,,,No,,,,,,
Lakhisarai,,,,Lakhisarai,Male ,Damodarpur,Rajeev Kumar,,9955789403.0,49.0,SC,Paswan,"- Lawyer at Lakhisarai Civil Court
- Practicing Sine 2004",BSC Member,,,,,,,,,No,,,,,,
Lakhisarai,,,,Lakhisarai,Male ,Kachhiana,Lalji Singh,,9199483011.0,61.0,General,Bhumihar,"- Lawyer at Lakhisarai Civil Court
- Practicing Sine 1999",BSC Member,Agreed,,,,,,,,No,,,,,,
Lakhisarai,,,,Lakhisarai,Male ,,Pawan Kumar Singh,,9135044383.0,42.0,General,Bhumihar,"- Lawyer at Lakhisarai Civil Court
- Practicing Sine 2004",BSC Member,,,,,,,,,No,,,,,,
Lakhisarai,,,,Lakhisarai,Male ,,Ramesh Kumar Tripathi,,9470491119.0,46.0,General,Brahmin,"- Lawyer at Lakhisarai Civil Court
- Practicing Sine 1994",BSC Member,,,,,,,,,No,,,,,,
Lakhisarai,,,,Lakhisarai,Male ,,Santosh Kumar Gupta,,8210581031.0,42.0,OBC,Bania,"- Zila Mahamantri of Indian Journalist Association (2021-Present)
- Reporter at Asia News",BSC Member,,,,,,,,,No,,,,,,
Lakhisarai,,,,Lakhisarai,Male ,,Dharmendra Kumar,,9204517211.0,53.0,OBC,Bania,"- District President at Private School and Student Welfare Association
- Former District President of SFI (1992-1997)",BSC Member,,,,,,,,,No,,,,,,
Lakhisarai,,,,Lakhisarai,Male ,,Ram Kumar Paswan,,6203281834.0,48.0,SC,Paswan,-Incumbent Two times Defacto Nagar Ward Parshad (2017-2022),BSC Member,,,,,,,,,No,,,,,,
Lakhisarai,,,,Lakhisarai,Male ,Mahisauna,Lavanan Kumar,,9234423222.0,59.0,General,Bhumihar,"- Former District Convener of AAP (2014-2015)
- Former NSUI District President (1992-1997)
- Owner of Medical Super 30 ( Ranchi, Jharkhand)",BSC Member,,,,,,,,,No,,,,,,
Lakhisarai,,,,Lakhisarai,Male ,Mahisauna,Vinay Kumar,,8168531813.0,45.0,General,Bhumihar,"- Retired Subedar of the Indian Army 
- Prominent business man of Lakhisarai",BSC Member,,,,,,,,,No,,,,,,
Lakhisarai,,,,Lakhisarai,Male ,Mahisauna,Agam Kumar,,7004212161.0,54.0,General,Bhumihar,"- Former District Secretary  of JDU (2020-2023)
- Mukhiya Runnerup in 2011 by 58 votes
- Prominent businessman of Lakhisarai",BSC Member,,,,,,,,,No,,,,,,
Lakhisarai,,,,Lakhisarai,Male ,,Prakash Mahto,,7004356367.0,55.0,OBC,Kushwaha,"
Former 2 Times Ward parshad of Lakhisarai nagar Parishad (2012-2022) 
Owner of the Kushwaha market ( Big market of Lakhisarai)",BSC Member,,,,,,,,,No,,,,,,
Lakhisarai,,,,Lakhisarai,Male ,,Kaushal Kishore,,8709134049.0,37.0,General,Bhumihar,"Incumbent Nagar Ward Parshad (2022-present) 
Nagar ward parshad Runner up by 22 votes (2017)",BSC Member,,,,,,,,,No,,,,,,
Lakhisarai,,,,Lakhisarai,Male ,Mahisauna,Mantun Kumar Singh,,9431463030.0,49.0,General,Bhumihar,"- Development officer (CLIA) of LIC 
- Worked with Fulena singh ( RJD EX-MLA)",BSC Member,,,,,,,,,No,,,,,,
Lakhisarai,,,,Lakhisarai,Male ,Mahisauna,Manoj Kumar,,9955607072.0,49.0,OBC,Bania,"
- Development officer (CLIA) of LIC Branch",BSC Member,,,,,,,,,No,,,,,,
Lakhisarai,,,,Lakhisarai,Male ,,Madan Kumar,,6203488490.0,36.0,General,Bhumihar,Incumbent Defacto two times ward Parshad of Lakhisarai Nagar Parishad (2017-Present),BSC Member,,,,,,,,,No,,,,,,
Lakhisarai,,,,Muzaffarpur,Female ,Belahi Lakshi,Pawan Kumar,,9934775277.0,52.0,General,Brahmin,,,,,,,,,,,No,,,,,,
Lakhisarai,,,,Lakhisarai,Male ,Sabik Pur,Monu Kumar Singh,,9386851926.0,30.0,General,Bhumihar,"- Own Sanskar Public School (BSEB affiliated) 
- Member at Independent Children welfare Association. 
- Former Technician at NIT Delhi",BSC Member,,,,,,,,,No,,,,,,
Lakhisarai,,,,Lakhisarai,Male ,Mahisauna,Ranjeet Kumar,,7541809090.0,48.0,General,Bhumihar,"- Owner of New Radiant International School 
- State Secretary of Independent Children welfare Association.",BSC Member,,,,,,,,,No,,,,,,
Lakhisarai,,,,Channan,Male ,Bhalui,Dr. Shivdani Sharma ,,9572568549.0,50.0,EBC,Nai,"Dr. Shivdani Sharma | 50 | Doctor
- Allopathy Physician  at his own clinic (Life Line Clinic)
- Shivsena Zila Adhyaksha (2004-2009)
- Ati Pichada Prakoshth Zilla Adhyaksha BJP (2009-2019) 
- Informally working for RJD from 2019
- 3 times Mukhiya Runnerup at Bhalui Panchayat, Chanan Block, Lakhisarai (2011, 2016 and 2021)",BSC Member,,,,,,,,,No,,,,,,
Lakhisarai,,,,Channan,Male ,Maheshleta,Jitendra Kumar,,9472813511.0,39.0,EBC,Chandravanshi,"Jitendra Kumar | 39 | PACS President - Block 
- PACS President - Chanan Block from (2023-Present)
- Ex-Mukhiya defacto (wife Babita Devi)  in 2016 
- two times PACS Chairman (2014 and 2019)
- Mukhiya Runnerup defacto in 2021
- Owner of Indian Gas Godown ",BSC Member,,,,,,,,,No,,,,,,
Lakhisarai,,,,Channan,Male ,Lakho Chak,Ajay Ram ,,9661925851.0,49.0,EBC,Chandravanshi,"Ajay Ram | 49 | Ex-Mukhiya
- Ex-Mukhiya from Lakhochak Panchayat in 2011
- Mukhiya runnerup in 2006 and lost the election by 7 votes ",BSC Member,,,,,,,,,No,,,,,,
Lakhisarai,,,,Channan,Male ,Lakho Chak,Rakesh Shukla,,7260895652.0,40.0,General,Brahmin,"Rakesh Shukla | 40 | Mukhiya Runnerup 
- Mukhiya runnerup in 2021 
- Runs an NGO Birsa Munda Gramin Kalyan Samiti which works in tribal regions of Bihar and Jharkhand 
- Also runs Arihant Kalyan Samiti which treats 10 thousand Motiyabind patients ",BSC Member,,,,,,,,,No,,,,,,
Lakhisarai,,,,Suryagarha,Male ,,Prem Kumar Gautam (Pankaj Singh),,9934696738.0,44.0,General,Bhumihar,"Prem Kumar 'Gautam' (Pankaj Singh) | 44 | PACS President Block 
- Incumbent PACS President Surajgarha Block 
- 3 times PACS Adhayaksh (last time elected unopposed) from Gopalpur Panchayat (currently part of Surajgarha NP) 
- Owner of a Brick Chimni in Suajgarha ",BSC Member,,,,,,,,,No,,,,,,
Lakhisarai,,,,Suryagarha,Male ,Mohammadpur,Shivnandan Prasad,,9546231119.0,72.0,EBC,Kanu,"Shiv Nandan Prasad | 72 | Incumbent Sarpanch 
- 4 times Sarapach from Mohhmadpur Panchayat (2006-Present) 
- Medical professional with 47 years of experience
- Elder son is Rtd. JCO from the Indian Army and Younger Son is engineer in NP Lakhisarai",BSC Member,,,,,,,,,No,,,,,,
Lakhisarai,,,,Suryagarha,Male ,Ali Nagar,Angad Singh ,,7992269441.0,60.0,General,Bhumihar,"Angad Kumar Singh | 60 | Sarpanch Sangh Zila Adhyakhsa 
- 4 times Sarpanch (two times himself and two times defacto of wife Sushila Devi) from Alinagar Panchayat
- Two times Sarpach Sangh Zila Adhyakhsa (2016-Present) 
-  two times BJP's Kishan Morcha Zila Upadhyaksha (2005-15)
- Mother was PACS Adhyaksha in 2014 from Alinagar Panchayat",BSC Member,,,,,,,,,No,,,,,,
Lakhisarai,,,,Suryagarha,Male ,Arma,Shankar Sav,,6299721126.0,62.0,General,Teli,"Shankar Sav | 62 | Incumbent Sarpanch 
- 4 times Sarpanch ( 1st time elected in 2006-11) 
- afterwards two times de-facto (Bhabhi Binu Devi) and Incumbent de-facto Sarpanch Daughter-in-Law Ruby Kumari 
- Ex-Ward Sadsya in 2001 ",BSC Member,,,,,,,,,No,,,,,,
Lakhisarai,,,,Suryagarha,Male ,,Munna Kumar Urf Karan Bahi ,,"8210330422, 9709436371",40.0,EBC,Kanu,"Munna Kumar urf Karan Bahi | 40 | Community Leader
- Vice President - Vanijya Sangh, Surajgarha 
- General Secretary of Ati Pichda-Dalit-Vaisya Mahasangh
- District Convenor of Janta Seva Samiti
- Pradesh Upadhyaksh and Munger Pramandal Adhyaksh - Kanu Vikas Sangh
- Grandfather Late Triveni Halwai was a Freedom Fighter 
- Father Sahdev Prasad Azad associated with the Social Justice Movement 
- Earlier associated with BJP for last five years",BSC Member,,,,,,,,,No,,,,,,
Lakhisarai,,,,Suryagarha,Male ,Amarpur,Amit Kumar ,,9430800751.0,33.0,General,Bhumihar,"Amit Kumar | 33 | Party Leader State
- Ex member of State Committee - BJYM (2014-16)
- Ex member of State Committee of sports cell - BJP (2016-18)
- PA of MP Giriraj Singh (2018-19)",BSC Member,,,,,,,,,No,,,,,,
Lakhisarai,,,,Suryagarha,Female ,Budhauli Bankar,Bandna Devi ,,9930691434.0,45.0,General,Bhumihar,"Bandana Devi | 45 | Ex-ZP
- Ex-ZP from Suryagarha (2016-21)
- 2 times Up Mukhiya (2006 and 2011)
- Husband Pankaj Kumar is Ex-Mukhiya (2006 and 2011)",BSC Member,,,,,,Not in Use,,,No,,,,,,
Lakhisarai,,,,Suryagarha,Male ,Rampur,Suresh Prasad Singh ,,7479887705.0,77.0,General,Bhumihar,"Suresh Prasad Singh | 77 | Retd. Govt. Employee 
- Retd. Clerk from Water Resource Department, Cheif Engineer Office, Bhagalpur
- Influential personality in Rampur Panchayat",BSC Member,,,,,,,,,No,,,,,,
Lakhisarai,,,,Suryagarha,Male ,Ali Nagar,Pawan Kumar Singh,,9798507752.0,52.0,General,Bhumihar,"Pawan Kumar Singh | 53 | Mukhiya Runner-up 
- two times Mukhiya Runner-up defacto (wife Anupam Devi) 
- Good hold on two major village of Alinagar (Alinagar and Pokharama) 
- Associated with BJP very long ",BSC Member,,,,,,,,,No,,,,,,
Lakhisarai,,,,Barahiya,Male ,,Bicky Kumar,,"7979701055
9122006099",30.0,SC,Dusadh,"Bicky Kumar| 30| SC-Dusadh
 - 2 time Nagar Ward Parshad (2017-Present). 
 - Barahiya Nagar President of Hindustani Awam Morcha Secular (HAMS) Since 2023-Present.
- Qualification- PG in Pol. Science from Patliputra University. 
- Profession- Runs a Community Service Centre (CSC) in Barahiya.",BSC Member,Not With Js,Pravakta/social media prabhari,Block PH,Sangathan,,,,,No,,,,,,
Lakhisarai,,,,Lakhisarai,Male ,,Subodh Kumar,,9472051302.0,50.0,OBC,Kushwaha,"Subodh Kumar | 50 | Kushwaha | OBC

- Two times General secretary of BAR Council Lakhisarai (2021-Present) 
- Three time Cooperative bank Chairman consist of 4 district (2011-2023) 
- Three times PACS president (2009-Present) 
- Former Two times Defacto Mukhiya  (2011-2021)
- EX Youth President of Samta Party (1997-2000) 
- Ex Youth President of RJD (2000-2003) 
- Ex President of Cooperative Prakosth of BJP (2005-2008) 
- Ex state Convener of cooperative Prakosth Of BJP (2009-2010) 
- EX MLA representative of Prem ranjan Patel. 
- LLB from TNB College
- Homeopathy form Honemany Medical College",BSC Member,,,,,,,,,No,,,,,,
Lakhisarai,,,,Barahiya,Male ,Dumri,Gulsan Kumar,,9575268451.0,28.0,General,Bhumihar,"- Gulsan Kumar I 28 I General- Bhumihar, 
- Incumbent Mukhiya with 3079 Votes
- Qualification-Graduate
- He is an Active Young Leader",BSC Member,,Pravakta/social media prabhari,Block PH,Sangathan,,,,,No,,,,,,
Lakhisarai,,,,Barahiya,Male ,Dumri,Suman Kumar,,8210110943.0,52.0,General,Bhumihar,"Suman Kumar I 52 I General-Bhumihar I 
- EX-PACS Adhyaksh (2009-14)
- EX-BDC Contestant (2006)
- BJP Krida Manch Zila Mahamantri (1995-2000)
- BJP Zila Morcha Mahamantri, Lakhisarai (2005-2010)
- BJP Karya Karini Yuva Morcha Samiti (Munger and Sheikhpura (2010-2015)
- BJP Buddhijibi Prakosth (Kaarya Kaarini Pradesh Sadasya at Present)
- Qualification- Inter
- Associated with BJP",BSC Member,not receive,Block president,Block PH,Sangathan,,,,,No,,,,,,
Lakhisarai,,,,Barahiya,Male ,Dumri,Sashibhusan Prasad Singh,,8544131739.0,69.0,General,Bhumihar,"- Sashibhusan Prashad Singh I 69 I General-Bhimihar I
- Ex- Mukhiya Runner up with 936 votes (2016)
- Ret. Sub-Inspector (CBI Patna)
- Joined as Sepoy Police Service of Bihar (1975)
- Promoted ASI (1989)
- Promoted SI (2008)
- Promoted Sub-Inspector and ret. in 2015.
- Ex-JDU Prakhand Adhyaksh (Kishan Prakosth) 2011-2021
- Ex- JDU Pradesh Kishan Prakosth but he deliberately Resigned.
- Qualification- 10th Pass",BSC Member,,,Block PH,,,,,,No,,,,,,
Lakhisarai,,,,Pipariya,Male ,Pipariya,Geeta Kumar Bharti,,8709627653.0,31.0,EBC,Bind,"Geeta Kumar Bharti |Age-31| Category-EBC| Caste- Bind (Sahani)
JDU Two time - Yuva Prakhand Adhakhya (2010-2016)
- Booth Adhakhya since 2015-Present
Techni Block President Since 2021 where he looks after the plan implimentation
JDU Ati Picchda Block President (Prakosth) Since 2021- Present
Runner Up BDC 2021 with 443 votes from Pipariya Panchayat
Qualification- 10th
Profession- Farmer",BSC Member,,,,,,,,,No,,,,,,
Lakhisarai,,,,Pipariya,Male ,Pipariya,Pappu Malakar,,9117693006.0,41.0,EBC,Mali (Malakar),"Pappu Malakar |Age-41| Category- OBC|Caste-Mali (Malakar)
- Qualification-9th pass
- Profession- Farming and politics
- 2001 Ward winner
- 2006 his Bother wife Panch Runner up with secured 1300 votes
- 2016 Mukhiya Third Runner Up
- 2021 incumbent Samiti
- Associated with BJP Since 2000 onwards as Panchayat Booth head",BSC Member,,,,,,,,,No,,,,,,
Lakhisarai,,,,Pipariya,Male ,Pipariya,Ajit Kumar,,"9748380012
9431251253",30.0,OBC,Yadav,"- Ajit Kumar I 30 I OBC-Yadav 
- Defacto two time Mukhiya 2016-Present (Mother Sunita Devi)
- Qualification- B.Com and LLB pursuing now.
- Business- Fishing Farming and Patrol Pump.
- Runs school (Kidzee Play School).",BSC Member,,Pravakta/social media prabhari,,,,,,,No,,,,,,
Lakhisarai,,,,Pipariya,Male ,Saidpura,Ashok Kumar,,7004029291.0,38.0,General,Bhumihar,"Ashok Kumar | 38|GEN| Bhumihar
- 2021 BDC runner up (His Mother Anita Devi).
- Qualification-12th Pass.
- Profession- Farming",BSC Member,,,,,,,,,No,,,,,,
Lakhisarai,,,,Pipariya,Male ,Ramchandarpur,Bipin Kumar,,8507259198.0,56.0,General,Bhumihar,"Bipin Kumar |Age-56|GEN-Bhumihar
Important influencer in his village
Qualification-Inter",BSC Member,,,,,,,,,No,,,,,,
Lakhisarai,,,,Pipariya,Male ,Saidpura,Deepak Kumar,,6299096854.0,32.0,OBC,Yadav,"Deepak Kumar |Age-32|OBC-Yadav
- 2021- 2st Runner up Sarpanch
- Qualification-BA",BSC Member,,,,,,,,,No,,,,,,
Lakhisarai,,,,Pipariya,Female ,Ramchandarpur,Gyan Bharti Devi,,9534890613.0,54.0,General,Bhumihar,"Gyan Bharti Devi |Age-54|General-Bhumihar|
- Consucative Up Sarpanch (2011-Present)
Qualification- Graduation",BSC Member,,Pravakta/social media prabhari,,,,,,,No,,,,,,
Lakhisarai,,,,Pipariya,Male ,Saidpura,Ganesh Kumar,,"7004619622
7739071154",30.0,General,Bhumihar,"- Ganesh Kumar|30|Bhumihar
- BJP Zila Kaarya Samiti (2020-Present)
- BJP Block President (2015-2020)
- 2 Times Mukhiya Contestant (2016 and 2021)
- His Father Paramanand Singh 1 time Up Mukhiya (2001) and Mukhiya (2003).
-  Qualification: PG in Sanskrit from Munger University & 
- BED from Jayaprakash Narayan Vidhyalaya, Chhapra.
",BSC Member,,Block president,,,,,,,No,,,,,,
Lakhisarai,,,,Pipariya,Male ,Ramchandarpur,Gopal Kumar,,"9905866783
6203405506
",51.0,EBC,Kumhar,"Gopal Kumar|51| EBC -Kumhar
- 2 Time Sarpanch (2016-Present)
-Former Block President of BJP(2005-2010)
Profession- Homoeopathic Medical Professional
Qualification- Bachelor of Homeopathic Medicine and Surgery",BSC Member,As a worker,Block president,,,,,,,No,,,,,,
Lakhisarai,,,,Pipariya,Male ,Saidpura,Gulsan Kumar,,9546734130.0,40.0,General,Bhumihar,"- Gulsan Kumar|40|Bhumihar
- 2021 BDC Contestant has secured 402 votes
Qualification-7th Pass
Ex- JDU Member but was not in any position",BSC Member,,,,,,,,,No,,,,,,
Lakhisarai,,,,Pipariya,Male ,Saidpura,Jeevan Sahu,,9801927575.0,64.0,OBC,Teli,"Jeevan Sahu  |64| EBC-Sahu-Teli
- Advocate practicing more than 10 years at lakhisarai civil court.
- Qualification - LLB",BSC Member,,,BBS,,,,,,No,,,,,,
Lakhisarai,,,,Pipariya,Male ,Saidpura,Bhusan Singh,,9430665508.0,50.0,General,Bhumihar,"Bhusan Singh |Age-57|General-Bhumihar
- 2 Time Sarpanch (2016-Present)
- Former Upa Sarpanch winner (2011)
- Qualification-10th Pass",BSC Member,incoming call not available,Block president,,,,,,,No,,,,,,
Lakhisarai,,,,Pipariya,Male ,Ramchandarpur,Kanhaiya Kumar ,,9334971117.0,26.0,General,Bhumihar,"Kanhaiya Kumar |Age-26 |General-Bhumihar
- Incumbent  Defacto BDC (Lalita Devi)
- Qualification-ISCertificate
- Profession- Construction Contarctor & Farmers",BSC Member,,Pravakta/social media prabhari,,,,,,,No,,,,,,
Lakhisarai,,,,Pipariya,Male ,Saidpura,Mantu Singh ,,,47.0,General,Bhumihar,"Mantu Singh  |Age-47|General-Bhumihar
PACS President of Saidpura Panchayat
Qualification-10th",BSC Member,,Pravakta/social media prabhari,,,,,,,No,,,,,,
Lakhisarai,,,,Pipariya,Female ,Saidpura,Punam Devi,,9939925685.0,38.0,General,Bhumihar,"Punam Devi |38| Bhumihar
- Runner up 1st runner up Sarpanch with 1045 votes.
- Qualification- 8th Pass
- Profession-Housewise",BSC Member,,,,,,,,,No,,,,,,
Lakhisarai,,,,Pipariya,Male ,Mohanpur,Raju Yadav,,8877544321.0,26.0,OBC,Yadav,"Raju Yadav |Age-26|OBC-Yadav
- Incumbent Defacto BDC Puja Devi
- Qualification-ISC
- Profession-Farming",BSC Member,,,,,,,,,No,,,,,,
Lakhisarai,,,,Pipariya,Female ,Mohanpur,Nutan Devi,,7631612598.0,46.0,OBC,Yadav,"Pawan Yadav |Age-46|OBC-Yadav|
- Incumbent Defacto Sarpanch Nutan Devi
- Qualification- 8th Pass",BSC Member,,,,,,,,,No,,,,,,
Lakhisarai,,,,Pipariya,Male ,Pipariya,Sankar Kumar,,"8709749992
9431276811",44.0,OBC,Yadav,"Sankar Kumar |Age-44|OBC-Yadav|
- PACS Chairman 2009- Present (as independent Candidate)
- Two times fought election of Operative Chairman as on opposed candidate in 2014-2016|
- 2 times Zila Parisad contestat (2016 and 2021)
- Independent MLA contestant in 2000 from Lakhisarai Concsttuency.
- 2021 2nd Runner up of Zilla Parisad with 1952 votes
- Quaification- |LLB, Nawada|- MA in History| |Now Pursuing Phd in History from Kalinga University Raipur.
- Profession- Advocate & Custruction Business",BSC Member,not receive,Block president,,,,,,,No,,,,,,
Lakhisarai,,,,Pipariya,Male ,Saidpura,Rakesh Kumar,,9570500083.0,46.0,General,Bhumihar,"Rakesh Kumar-|46| Bhumihar
- Defacto of Sailendra Singh
- 3 Time Mukhiya 2001-16
- Mukhiua Runner up 2021
- Tractor dealership buisness.",BSC Member,As Worker,Block president,,,,,,,No,,,,,,
Lakhisarai,,,,Pipariya,Female ,Pipariya,Rani Devi,,9631396523.0,35.0,OBC,,"Rani Devi |Age-35|EBC-Mahto
- 2 time Sarpanch Contestant
- Qualification-8th",BSC Member,,,,,,,,,No,,,,,,
Lakhisarai,,,,Pipariya,Male ,Saidpura,Ranjan Das,Chittan Das,7870309109.0,51.0,SC,Ravidas,"Ranjan Das|51| SC Ravidas
- Two time BDC runner up (2016 and 2021)
- Was offered of Zila Adhkh but he denied offer.
- Business- Sandals and Shoes.
- Qualification- Intermediate",BSC Member,,SC/St President,,SC /ST,,,,,No,,,,,,
Lakhisarai,,,,Pipariya,Male ,Ramchandarpur,Bablu Singh,,8877275703.0,50.0,General,Bhumihar,"Bablu Singh - |Age-50| General-Bhumihar|
- BDC Runner up (2021)
- Was Panch (2006)
- Qualification-Inter pass",BSC Member,,,,,,,,,No,,,,,,
Lakhisarai,,,,Pipariya,Male ,Saidpura,Sharan Malik,,"9973596705
6502720314",39.0,SC,Malik,"Sharan Malik |39| SC-Malik
- 2021 BDC runner up
- Maha Dalit Bikash Manch Zila Adhyaksh, Lakhisarai (2015-2024).
- District Level Member of SCDC, Lakhisarai
(Bihar Rajya Anusuchit Jati Sahakarita Bikash)
- EX- JDU Zila Maha Dalit Prakost Zila Adhyaksh.
- Qualification- Intermediate pass.",BSC Member,,,,,,,,,No,,,,,,
Lakhisarai,,,,Pipariya,Male ,Saidpura,Sujil Kumar,,"7488431913
8292984325",41.0,General,Bhumihar,"Sujil Kumar|Age-41|General-Bhumihar
- 2 times BDC Runner up (2016-2021)
- Qualifcation- Matric",BSC Member,,,,,,,,,No,,,,,,
Lakhisarai,,,,Pipariya,Male ,Saidpura,Okil Saw,,9931752475.0,55.0,EBC,Teli,"Okil Saw|55|EBC-Teli|
- Sarpanch Contestant (2021)
- RJD Pipariya Block President Budhijibi Prakosth Since 2021
Qualification- Inter Pass
- Profession- Disposure and Ration Store as well",BSC Member,,,,,,,,,No,,,,,,
Lakhisarai,,,,Pipariya,Male ,Pipariya,Rabindra Ray,,7079286204.0,35.0,OBC,,"|Rabindra Ray|55|OBC-Ray|
- BDC Contestant (2021)
- Qualification- 8th Pass
- BJP Panchayat President (2016-Present)",BSC Member,,,,,,,,,No,,,,,,
Lakhisarai,,,,Pipariya,Male ,Saidpura,Suresh Prasad Singh,,8210063383.0,65.0,General,Bhumihar,"Suresh Prasad Singh |65| GEN| Bhumihar
- Retired DEO Cum writer
- Zila School Teacher of Physics at Goverment Senior Secondary School Chhapra since 1988-1991
- Patna Collegiate Zila School Since 1991-2000.
- Math & Advance Math Bihar Examination Board.
- Exam Setner of Math & Science in Simurtal.
- Math Setner and moderate at B-Boss.
- All Bihar Science/Math Master trainner.
- Worked as NCC Navy First officer 1994-2013.
- District Program Officer Sheikhpura ( 2014-2017).
- District Education Officer at Munger ( 2017-21).
- +2 Math teacher at Kendriya Vidyalaya at Katriaya Nagar, Rajasthan (1984-1988).
- Writer of Guides and Books at MBD, Patna (Had published several guide)
- Qualification- Dual MSC in Physics and Chemestry.
- BED at Resonant College of Education, Bhubaneswar.",BSC Member,,,Duplicate,,,,,,No,,,,,,
Lakhisarai,,,,Pipariya,Male ,Saidpura,Prem Kumar,,9570500064.0,40.0,General,Bhumihar,"Prem Kumar | Age- 40 | General-Bhumihar
- Former Zila Parishad Contestant
- Former BDC Contestant 2016
- Incumbent Ward Member 
",BSC Member,,,,,,,,,No,,,,,,
Lakhisarai,,,,Pipariya,Male ,Saidpura,Satish Kumar,,8864007142.0,36.0,OBC,Yadav,"Satish Kumar |  | Yadav | 
- Incumbent Ward Member -2021- Present ",BSC Member,,,,,,,,,No,,,,,,
Lakhisarai,,,,Pipariya,Male ,Saidpura,Ajay Manji ,,9015264730.0,38.0,SC,Musahar,"Ajay Manji | 38 | SC- Musauhar 
- Ex- Ward Member (2016)
- Hinduthan Awam Morch PipariyaPrakhand Adhyaksh 2017-Present ",BSC Member,not at home,,,,,,,,No,,,,,,
Lakhisarai,,,,Pipariya,Male ,Mohanpur,Munna Yadav ,,7782933917.0,32.0,OBC,Yadav,Munna Yadav | ,BSC Member,,,,,,,,,No,,,,,,
Lakhisarai,,,,Pipariya,Male ,Saidpura,Bodhu Paswan,,9472308244.0,50.0,SC,Dusadh,"Bodhu Paswan | Age-50 | SC-Dusaadh 
- 2 Time BDC Winner (2016-Present)
- BDC Runner up 2011",BSC Member,NOT incoming,Block president,,,,,,,No,,,,,,
Lakhisarai,,,,Pipariya,Male ,Saidpura,Saurabh Kumar,,6207688685.0,35.0,General,Bhumihar,"Saurabh Kumar | Age-35 | General- Bhumihar
- Incumbent Ward Member |
- By profession teacher in Utkarmit Mad Vidhyalaya Rahatpur
 teaching as free teacher since 1 year 
- Qualification-10th 
",BSC Member,invalid no,Pravakta/social media prabhari,,,,,,,No,,,,,,
Lakhisarai,,,,Pipariya,Male ,Saidpura,Ravishankar Singh,,9915591067.0,45.0,General,Bhumihar,"Ravishankar Singh | 45 | Bhumihar 
- Builder at  The Military Engineer Services (MES) about 13 years till at present 
- RS Group of Compary MD as A sole proprietorship sine 5 years at present
- Film producer at Satyadev Film Production 
- Founder of his own NGO ( Srijan Samruddhi Foundation, Delhi founded in 2023 ",BSC Member,,,,,,,,,No,,,,,,
Lakhisarai,,,,Pipariya,Male ,Olipur,Brijnandan Sharama,,9263471161.0,50.0,General,Bhumihar,"Brijnandan Sharma|50|Bhumihar
-Zila Parishad (2011-16)
-Zila Parishad Runnerup (2016) got 5400+ votes.
",BSC Member,invalid no,Block president,,,,,,,No,,,,,,
Lakhisarai,,,,Suryagarha,Male ,Saidpura,Shailendra Singh,,6207099417.0,59.0,General,Bhumihar,"Shailendra Singh  | 59 | General  | Bhumihar
- Ex Mukhiya from 2001 to 2021.
- Defacto Mukhiya Runner up 2021 (brother Rakesh Singh)",BSC Member,,,,,,,,,No,,,,,,
Lakhisarai,,,,Pipariya,Male ,Saidpura,Ashok Kumar,,#VALUE!,38.0,General,Bhumihar,"Ashok Kumar | 38|GEN| Bhumihar
- 2021 BDC runner up (His Mother Anita Devi).
- Qualification-12th Pass.
- Profession- Farming",BSC Member,,,,,,,,,No,,,,,,
Lakhisarai,,,,Pipariya,Male ,Saidpura,Mantu Singh ,,"9667198859
8102227234",47.0,General,Bhumihar,"Mantu Singh  |Age-47|General-Bhumihar
PACS President of Saidpura Panchayat
Qualification-10th",BSC Member,,,,,,,,,No,,,,,,
Lakhisarai,,,,Pipariya,,Ramchandarpur,Bipin Kumar,,1970-01-01 05:30:00,56.0,General,Bhumihar,"Bipin Kumar |Age-56|GEN-Bhumihar
Important influencer in his village
Qualification-Inter",BSC Member,,,,,,,,,No,,,,,,
Lakhisarai,,,,Pipariya,Male ,Saidpura,Sujil Kumar,,"7488431913
8292984325",41.0,General,Bhumihar,"Sujil Kumar|Age-41|General-Bhumihar
- 2 times BDC Runner up (2016-2021)
- Qualifcation- Matric",BSC Member,,,,,,,,,No,,,,,,
Lakhisarai,,,,Pipariya,Male ,Pipariya,Lalmuni Kumar ,Ram karan Yadav,7979750381.0,30.0,OBC,Yadav,"Lal Muni Singh | 30 | OBC-Yadav
-Incumbent BDC 2021
-Incumbent Up Pramukh
-Important influencer in his village",BSC Member,,Block president,,,,,,,No,,,,,,
Lakhisarai,,,,Pipariya,Male ,Pipariya,Mohan Bhagat,,9631370935.0,53.0,EBC,Bind,"Mohan Bhagat  |  53  | EBC-Bind
Current JDU Pradesh Mahasachiv 
2 term  Mukhiya Pipariya Panchayat (2006-2016)
Mukhiya Runner Up( 2016-2021)
Strong Hold in his village (Pathua)",BSC Member,,Block president,,,,,,,No,,,,,,
Lakhisarai,,,,Pipariya,Male ,Saidpura,Pramanand Sing ,,9973504893.0,64.0,General,Bhumihar,"Pramanand Singh | 64 | Gen-Bhumihar
Ex Mukhiya 2003 -2006 
1967 Social Activist.also Work For Communist Party
His Father was Jan sangh Leader ",BSC Member,,,BBS,,,,,,No,,,,,,
Lakhisarai,,,,Pipariya,Male ,Saidpura,Ganesh Kumar,,7004619622.0,31.0,General,Bhumihar,"- Ganesh Kumar|30|Bhumihar
- BJP Zila Kaarya Samiti Sadasy (2020)
- 2 Times Mukhiya Contestant (2016 and 2021)
- His Father Paramanand Singh 1 time Up Mukhiya (2001) and Mukhiya (2003).
-  Qualification: PG in Sanskrit from Munger University & 
- BED from Jayaprakash Narayan Vidhyalaya, Chhapra.",BSC Member,,,,,,,,,No,,,,,,
Lakhisarai,,,,Pipariya,Male ,Pipariya,Ram Naresh yadhav ,,9534801499.0,65.0,OBC,Yadav,"Ram Naresh Yadhav | 70 | OBC -Yadhav
Defecto Incumbient Sarpanch From 2016 
",BSC Member,,,,,,,,,No,,,,,,
Lakhisarai,,,,Pipariya,Male ,,Mohan Kumar,,7549626121.0,40.0,General,Bhumihar,"Mohan Kumar  | 40 | Gen- Bhumihar
-2021 Sarpanch Runner Up 
-Construction Material Business in his village
-Profession : Businessman And Farmer ",BSC Member,,,,,,,,,No,,,,,,
Lakhisarai,,,,Pipariya,Male ,Saidpura,Ramesh Kumar ,,6207403038.0,27.0,SC,,"Ramesh Kumar  | 27 | SC-Dhari
-2021 Ward Runner Up in ( suraji Chak )
-Strong Presence in his ward (suraji Chak )
-Qualification : Graduate, B.ED, ",BSC Member,,,,,,,,,No,,,,,,
Lakhisarai,,,,Pipariya,Male ,Saidpura,Ramwaran Ram ,,8292693403.0,52.0,SC,,"Ramwarn Ram | 52  | Sc-Dhari
-2021 Incumbent Ward Sadasy (suraji Chak)
-Farmer 50 bigha land Owner",BSC Member,swaitch off,,,,,,,,No,,,,,,
Lakhisarai,,,,Pipariya,Male ,Pipariya,Chandan Sing,,7352678229.0,45.0,General,Bhumihar,"Chandan Singh | 45 | Gen: Bhumihar
2021 Incumbent Ward Sadasy
HIs  Brother late Ashok Sing was 10 year panchayt samiti 2006 To 2016
Strong hold in his ward And His Comunity",BSC Member,,,,,,,,,No,,,,,,
Lakhisarai,,,,Pipariya,Male ,Olipur,Hariom Kumar,,8051131914.0,25.0,General,Bhumihar,"Hariom Kumar | 25 | Gen. Bhumihar
Journalist, Youth Leader 
Strong Hold in panchayat youth ",BSC Member,,,,,,,,,No,,,,,,
Lakhisarai,,,,Pipariya,Male ,Olipur,Chandan Kumar,,7281874258.0,36.0,General,Bhumihar,"Chandan Kumar | 36 | Gen. Bhumihar
-Incumbent Mukhiya 
-His father Anil singh is pacs President 
Profession : Contractor And  Farmer ",BSC Member,He is no more,Block president,,,,,,,No,,,,,,
Lakhisarai,,,,Pipariya,Male ,Olipur,Pappu Kumar ,,9934772952.0,54.0,General,Bhumihar,"Pappu Kumar | 54 | Gen.Bhumihar
-Defecto Ex BDC 2006-2011
-1995 lakhisarai Vidhansabha cadidate 
-Defecto Mukhiya Runner Up 2011-2016
-Mukhiya Runner Up 2016-2021
-BDC Contenstant 2021
-Mukhiya Contenstant Secure 3rd position
Profession : Social worker ",BSC Member,As a worker,Block president,,,,,,,No,,,,,,
Lakhisarai,,,,Pipariya,Male ,Olipur,Chattu Yadhav,,9470442290.0,74.0,OBC,Yadav,"Cattu Yadhav | 74 | OBC-Yadhav
PACS Block President 
PACS Member 
JP Senani 
involved in 1975 JP senani Aandolan",BSC Member,,,BBS,,,,,,No,,,,,,
Lakhisarai,,,,Pipariya,Male ,Olipur,Ram Vilas Sharma,,9771729624.0,46.0,General,Bhumihar,"Ram Vilas Sharma | 46 | Gen.Bhumihar
2 Term Defecto BDC Pramukh 2016 to Present
 Pacs Member 2009
 Mukhiya Runner Up 2006
ABVP Begusarai Jilha Pramukh 1997 To  2004
ABVP Pradesh Kary Samiti Sadasy 
Very Active Member In His Block Also Running Different  Program Like...
1) Balika Sanman Evam Paryawaran Sanrakshan Program
2)Nashamukt Abhiyan And Bhavishya Surakshit Abhiyan 
3) Pratibha Utkarsh Karyakram 
Through This Program He Activaly Connected with People ",BSC Member,,,,,,,,,No,,,,,,
Lakhisarai,,,,Pipariya,Male ,Olipur,Rajendr Sing ,,9117195450.0,58.0,General,Bhumihar,"Rajendr Singh | 58 | Gen. Bhumihar 
4 Term Incumbent Sarpanch from 2006
BJP Panchayat Adhykshy 2008 To 2010
Social Worker 
Qualification :Graduate 
Profession :  Farmer ",BSC Member,,,,,,,,,No,,,,,,
Lakhisarai,,,,Pipariya,Male ,Saidpura,Chabila Kumar,,8789458299.0,24.0,SC,,"Chabila Kumar | 24 | SC.Dhandi
Educated Student In His Village (Surji Chak)
Qualification : DLEL,Graduation 
CTET Pass 2023-24 
Preparing For Teachers Exam ",BSC Member,,,,,,,,,No,,,,,,
Lakhisarai,,,,Pipariya,Male ,Mohanpur,Girmal Yadhav,,7970946041.0,55.0,OBC,Yadav,"Girmal Yadhav | 51 | OBC- Yadav
Defecto Incumbent Mukhiya 
Mukhiya Runner 2016 
Profession : Farmer",BSC Member,,,,,,,,,No,,,,,,
Lakhisarai,,,,Pipariya,Male ,Mohanpur,Ranjan Sing ,,8540042825.0,48.0,General,Bhumihar,"Ranjan Sing | 48 | Gen. Bhumihar
Pacs Panchayat Adhyakh  From 2020
EX Mukhiya Of Mohanpur Panchayat  2001 To 2011
Defecto Mukhiya Of Vibha Devi 2016 To 2021
His Father Was Communist Party Leader 
HIs Father Have Strong hold in his Panchayat 
His Brother Roshan Kumar Was Pacs Panchayat Adhyksh 2008 To 2020 
Political Family Background ",BSC Member,,,,,,,,,No,,,,,,
Lakhisarai,,,,Pipariya,Male ,Ramchandarpur,"Sudhanshu Prasad
 Sing ",,9431090895.0,48.0,General,Bhumihar,"Sudhanshu Prasad Singh | 48 | Gen. Bhumihar
BJP Yuva Morcha Mandal Aadhykh 1994 
BJP Krida Manch Jilha Aadhykh 
BJP Yuva Morcha Jilha Mahamantri 
BJP Yuva Morcha Jilha Adhyksh 
BJP 2 Term Jilha Mahamantri 
Zilha Parishad Contenstant 2011 
Panchayat Pacs Adhykh 
Qualification : 10th 
Profession : Farmer And Kirana Shop ",BSC Member,,,,,,,,,No,,,,,,
Lakhisarai,,,,Pipariya,Male ,Ramchandarpur,Ram Nivas Sharma ,,9801712420.0,54.0,General,Bhumihar,"Ramnivas Sharma | 54 | Gen. Bhumihar
BJP Panchayat President 1994
BJP Block Mahamantri 1996
BDC Contenstant 2001
BJP Block President 2024
Active Member Of BJP 
Profession : Farmer",BSC Member,,,,,,,,,No,,,,,,
Lakhisarai,,,,Pipariya,Male ,Ramchandarpur,Rajiv Nayan Sharma,,9430064045.0,70.0,General,Bhumihar,"Rajiv Nyan Sharma | 70 | Gen. Bhumihar
BJP Block Up-Aadhykh 2010- Jan.2025
BJP Tecqhunical Wing Member From 2001 To 2010
He Was Offer Many important Post From party But He Denied
Qualification; Inter
Profession : Farmer And Motor Reparing 
",BSC Member,,,BBS,,,,,,No,,,,,,
Lakhisarai,,,,Pipariya,Male ,Ramchandarpur,"Shri Chandrmohan
 Prasad",,7004814372.0,70.0,General,Bhumihar,"Chandramohan Prasad | 70 | Gen. Bhumihar
Yuva Congress Block DY.President 1990
Yuva Congress Block President 1992 To 1995
2 Term Lakhisarai District Vypar Mandal Director 
Bajar Samiti Board Of Director Member 
Co-oprative Bank Director 
Kisan Prakost Pradesh Mahasachiv 
He Also work as A Editor in  Kshatriya Newspaper
He was a Newspaper Content Writer 
Qualification : Graduate From Patna Univeristy ",BSC Member,,,BBS,,,,,,No,,,,,,
Lakhisarai,,,,Pipariya,Male ,Ramchandarpur,"Shri. Subodh Kumar 
Sing",,7488559537.0,40.0,General,Bhumihar,"Subodh Kumar | 40 | Gen. Bhumihar
2 Term Incumbent  UP Mukhiya From 2016
Qualification : Inter
Occuption : Farmer",BSC Member,,,,,,,,,No,,,,,,
Lakhisarai,,,,Pipariya,Female ,Mohanpur,Nutan Devi ,,7631612598.0,38.0,OBC,Yadav,"Nutan Devi | 38 | OBC. Yadhav
Incumbent Sarpanch Defecto Pawan Yadhav 
His Husaband is Connected with  RJD 
Occuption : Farmer",BSC Member,,,,,,,,,No,,,,,,
Lakhisarai,,,,Pipariya,Male ,Ramchandarpur,Gopal Kumar,,9905866783.0,52.0,EBC,Prajapati,"Gopal Kumar | 52 | EBC. Prajapati
2 Term Incumbent Sarpanch From 2016 
Former Block President of BJP(2005-2010)
lakhisarai District Prajapati Sangh President 
Currently Connected With Jan Suraaj
Qualification: BHMS From RBTS, Muzzaparpur 
Profession : General Physicion And Surgeon ",BSC Member,,,,,,,,,No,,,,,,
Lakhisarai,,,,Pipariya,Male ,Ramchandarpur,Babalu Kumar ,,8877275703.0,50.0,General,Bhumihar,"Bablu Kumar | 50 | Gen. Bhumihar
BDC Runner Up  2021
EX Ward Member 2005 
Profession.  Small Oil Mil  Businesses  In His village  ",BSC Member,,,,,,,,,No,,,,,,
Lakhisarai,,,,Pipariya,Male ,Mohanpur,Baleshwar Yadhav,,8651515162.0,41.0,OBC,Yadav,"Baleshwar Yadav| 41 | OBC. Yadav
Ex Ward Sadasya 2016
Ward Sadasya Runner Up 2021
Profession : farmer ",BSC Member,,,,,,,,,No,,,,,,
Lakhisarai,,,,Pipariya,Male ,Mohanpur,"Ranjeet Kumar 
Yadhav",,9097082565.0,68.0,OBC,Yadav,"Ranjeet Kumar Yadav | 68 | OBC | Yadav
RJD Block President 1995 To 2000
Mukhiya Contenstant 2010 And 2019
Involved In Jp Aandolan 1974 
Connected With socialist Party 1977 To 1992 
Qualification : B.A ( Political science And Economics ) 
Profession : Jan Vitaran Dealer From 1991 ",BSC Member,,,,,,,,,No,,,,,,
Lakhisarai,,,,Pipariya,Male ,Saidpura,Rajnandan Sing ,,9693140621.0,48.0,General,Bhumihar,"Rajnandan Singh | 48 | Gen. Bhumihar
EX Up Sarpanch 2011 
Defecto Up Sarpanch ( Rina Devi ) 2016 
Ward Member 2021 
Current BJP Panchayat President ",BSC Member,,,,,,,,,No,,,,,,
Lakhisarai,,,,Pipariya,Male ,Saidpura,Rohit Kumar ,,8541081198.0,39.0,General,Bhumihar,"Rohit Kumar | 39 | Gen. Bhumihar
2 Term Ward Member 2016 To Present 
His Mother ( Rita Devi ) Also was ward Member ",BSC Member,,,,,,,,,No,,,,,,
Lakhisarai,,,,Pipariya,Female ,Mohanpur,Rupesh Kumar,Arvind Yadav,9341908426.0,25.0,OBC,Yadav,"-4 Term Ward Member From 2006 To Till Date
-Very Actively working In ward
",BSC Member,,,,,,,,,No,,,,,,
Lakhisarai,,,,Pipariya,Male ,Saidpura,Sujil Kumar,,"7488431913
8292984325",41.0,General,Bhumihar,"Sujil Kumar   |41| General-Bhumihar
- 2 times BDC Runner up (2016-2021)
Ward Member 2006 
Actively Working For Jan Suraaj In His Village,Pawai 
- Qualifcation- Matric
Profession : farmer And government Contractor",BSC Member,,,,,,,,,No,,,,,,
Lakhisarai,,,,Pipariya,Male ,Mohanpur,Raju Yadav,,8877544321.0,26.0,OBC,Yadav,"Raju Yadav |26| OBC-Yadav
- Incumbent Defacto BDC Of  Puja Devi
- Qualification-ISC
- Profession-Farming",BSC Member,,,,,,,,,No,,,,,,
Lakhisarai,,,,Pipariya,Male ,Saidpura,Dinesh Singh ,,6205070843.0,63.0,General,Bhumihar,"Dinesh Singh | 63 | Gen. Bhumihar
Ex Mukhiya 2016 
3 Term Mukhiya Runner Up ( 2001 To 2016 )
Mukhiya Contenstant  2021
Involved In JP Aandolan 1978 
Connected With BJP From 1985 
Qualification : Inter 
Profession: Farmer ",BSC Member,In Bjp,Block president,,,,,,,No,,,,,,
Lakhisarai,,,,Pipariya,Male ,Saidpura,Jagdish singh ,,9006737116.0,72.0,General,Bhumihar,"Jagdish Singh | 72 | Gen. Bhumihar
2 Term Ward Member ( 2006 To 2015 )
Connected With BJP From 1998
Qualification : Inter 
Profession : Farmer ",BSC Member,,,BBS,,,,,,No,,,,,,
Lakhisarai,,,,Pipariya,Male ,Saidpura,Gulsan Kumar,,9546734130.0,40.0,General,Bhumihar,"- Gulsan Kumar|40|Bhumihar
 2021 BDC Contestant has secured 402 votes
Ex- JDU Member
Associate With Jan Suraaj
Profession : Farmer ",BSC Member,,,,,,,,,No,,,,,,
Lakhisarai,,,,Pipariya,Male ,Pipariya,Pappu Mallakar,,9117693006.0,38.0,OBC,Mali (Malakar),"Pappu Malakar |41| OBC-Mali (Malakar)
Incumbent BDC 2021
 Mukhiya Third Runner Up 2016
2006 his Bother wife Panch Runner up with secured 1300 votes
 Ward winner 2001
Associated with BJP Since 2000 onwards as Panchayat Booth head
Qualification-9th pass
Profession- Farming and politics",BSC Member,,,,,,,,,No,,,,,,
Lakhisarai,,,,Pipariya,Male ,Saidpura,Bhusan Singh,,9430665508.0,50.0,General,Bhumihar,"Bhusan Singh |57|General-Bhumihar
Incumbent  Sarpanch From (2016 To Present )
 Former Up-Sarpanch (2011)
Actively Working in his Panchayat 
Qualification-10th Pass
Profession : Farmer And Social Worker",BSC Member,,,,,,,,,No,,,,,,
Lakhisarai,,,,Pipariya,Male ,Saidpura,Dharmraj Singh,,9978931309.0,40.0,General,Bhumihar," Dharmraj Singh | 40 | General- Bhumihar
Ex Ward Member In 2016 
Actively Working In His Ward  
Qualification : Inter 
Profession : Farmer ",BSC Member,,,,,,,,,No,,,,,,
Lakhisarai,,,,Pipariya,Male ,Ramchandarpur,Rajesh Shaw,,7004920143.0,49.0,EBC,Teli,"Rajesh Shaw | 49 | EBC- Teli
2021 Mulkhiya Runner Up With 1267 Votes
2016 Mukhiya Runner Up WIth 1475 Votes 
His Brother Shri Prakash Shaw Is BJP Jilha Mahamantri 
He Is JDU Member From 2022 
Qualification :  10th Pass
Profession : Farmer And Agricultural Business ",BSC Member,,,,,,,,,No,,,,,,
Lakhisarai,,,,Pipariya,Male ,Saidpura,"Kusheshwar Prasad
Singh ",,9546029116.0,80.0,General,Bhumihar,"Kusheshwar Prasad Singh | 80 | General-Bhumihar
Mukhiya Runner Up 2001
Formar Communist Party Leader 
Currently Not Associate With Any Party
His Son Professor In JNU ( International Politics)
His son has opened a school for children in his village.
Qualification : B.A In Political Science  From Patna University
Profession : Social Worker",BSC Member,,,BBS,,,,,,No,,,,,,
Lakhisarai,,,,Pipariya,Male ,Ramchandarpur,Kanhaiya Kumar ,,9334971117.0,26.0,General,Bhumihar,"Kanhaiya Kumar |26 |General-Bhumihal
 Incumbent  Defacto BDC (Lalita Devi)
Youth Leader 
Associate With Jan Suraaj
 Qualification- ISCertificate
 Profession- Construction Contarctor & Farmers",BSC Member,,,,,,,,,No,,,,,,
Lakhisarai,,,,Pipariya,Male ,Ramchandarpur,Dwarik Mandal,,8084535354.0,57.0,OBC,Kurmi,"Dwarik Mandal  | 57 | OBC- Kurmi
Mukhiya Contenstant 2021 Secured 720 Vots
Mukhiya Contenstant 2016 Secured 660 Vots
JDU Prakhand Mahasachiv 2015 To 2024 
Profession : Farmer ",BSC Member,,,,,,,,,No,,,,,,
Lakhisarai,,,,Pipariya,Male ,Pipariya,Ram Naresh yadhav ,,9534801499.0,71.0,OBC,Yadav,"Ram Naresh Yadav | 71 | OBC -Yadav
Defecto Incumbient Sarpanch Of Haki Devi From 2016
Associate With Communist Party From 1980
Communist Party Block Secretary From 2015
Profession : Farmer And politician  
",BSC Member,,,BBS,,,,,,No,,,,,,
Lakhisarai,,,,Pipariya,Male ,Saidpura,Bodhu Paswan,,9472308244.0,50.0,SC,Dusadh,"Bodhu Paswan | 50 | SC-Dusaadh 
 2 Time BDC Winner (2016-Present)
BDC Runner up 2011 
Associate with Jan Suraaj 
Profession : Farmer and politician  
",BSC Member,,,,,,,,,No,,,,,,
Lakhisarai,,,,Pipariya,Male ,Pipariya,Karilal Rai,,7488943252.0,41.0,OBC,Kurmi,"Karilal Rai |41| OBC- Kurmi
Incumbent Block President  JDU
Associate With JDU From 2011 
Profession : Farmer And Politician ",BSC Member,Not Recieved,,,,,,,,No,,,,,,
Lakhisarai,,,,Pipariya,Male ,Olipur,Ram Vilas Sharma,,9771729624.0,46.0,General,Bhumihar,"Ram Vilas Sharma | 46 | Gen.Bhumihar
2 Term Defecto BDC Pramukh 2016 to Present
 Pacs Member 2009
 Mukhiya Runner Up 2006
ABVP Begusarai Jilha Pramukh 1997 To  2004
ABVP Pradesh Kary Samiti Sadasy 
Very Active Member In His Block Also Running Different  Program Like...
1) Balika Sanman Evam Paryawaran Sanrakshan Program
2)Nashamukt Abhiyan And Bhavishya Surakshit Abhiyan 
3) Pratibha Utkarsh Karyakram 
Through This Program He Activaly Connected with People ",BSC Member,,,,,,,,,No,,,,,,
Lakhisarai,,,,Pipariya,Male ,Pipariya,Bhola Yadav,,9430577372.0,46.0,OBC,Yadav,"Bhola Yadav | 46 | OBC | Yadav
Zilla Parishad 2nd Runner-Up Secured 2700 Votes In 2006
Reporter At Light Bihar Express 
B.S.C. From Patna University  ",BSC Member,,,,,,,,,No,,,,,,
Lakhisarai,,,,Pipariya,Female ,Pipariya,Vinita Kumari,,8651319004.0,24.0,EBC,Dhanuk,"Vinita Kumari | 24 | EBC | Dhanuk
Mukhiya 2nd Runner-Up 2021 Secured 1057 Votes
His Husband Activly Working In Pipariya Block ",BSC Member,,,,,,,,,No,,,,,,
Lakhisarai,,,,Pipariya,Male ,Pipariya,Rajeev Ranjan ,Nikhaidi Rai,8651319004.0,35.0,EBC,Dhanuk,"Rajeev Ranjan | 35 | EBC | Dhanuk
MLA Contenstant From Lakhisarai Constituency In 2020
 Secured 4000+ Votes
Zilha Parshad 2nd Runner Up With 3600 Votes From Barahiya Block 
BJP Prakhand Mahamantri 2006 
BJP Panchayat Adhykh 2009 
Currently Associate with JDU 
Socially Active And Connected With People 
Preparing For Upcoming Assembly Election From Lakhisarai ",BSC Member,,,,,,,,,No,,,,,,
Lakhisarai,,,,Pipariya,Male ,Pipariya,Nikhaidi Rai,,8102285435.0,60.0,EBC,Dhanuk,"Nikhaidi Rai | 60 | EBC | Dhanuk
4 term Mukhiya Contenstant 2001 To 2016 
JP Senani, Involved In JP Aandolan 1974
Associate With JDU 
Jan Vitaran Dealer From 1985 ",BSC Member,,Block president,,,,,,,No,,,,,,
Lakhisarai,,,,Pipariya,Male ,Pipariya,Madan Dass,,9801736893.0,70.0,EBC,Pan,"Madan Das | 70 | EBC | Pan 
Mukhiya Contenstant 2006
RJD Pradesh Sachiv 1995 To 2002
Jan-Adhikar Party Pradesh Mahasachiv 2021 To 2024 
",BSC Member,,,,,,,,,No,,,,,,
Lakhisarai,,,,Pipariya,Male ,Pipariya,Anil Kumar Rai,,9631209852.0,66.0,OBC,Kurmi,"Anil Rai | 66 | OBC | Kurmi 
Former BDC 2001 
Mukhiya 2nd Runner-Up 2006
Founder Of Apna Neta Apna Beta Political Party
Doing Campaning In Panchayat Election Through This Party",BSC Member,,,BBS,,,,,,No,,,,,,
Lakhisarai,,,,Pipariya,Female ,Pipariya,Monika Pandit ,,9934288441.0,36.0,EBC,Prajapati,"Monika Pandit |36 | EBC | Prajapati
Sarpanch 2nd Runner Up 2016 Secured 1200 Votes
Sarpanch 2nd Runner Up 2021 Secured 880 Votes 
Teaching In Private Calss Nursery To 5th Std.",BSC Member,,,,,,,,,No,,,,,,
Lakhisarai,,,,Pipariya,Male ,Pipariya,Ashok Pandit,,9934288441.0,50.0,EBC,Prajapati,"Ashok Pandit | 50 | EBC | Prajapati
Former Sarpanch In 2011 
BJP Mandal Adhyksh 2019  To 2022
BJP Mandal Up-Adhyksh 2022 To 2024
Teaching In Private Calss 1st To 10th 
Socially And Politically Very Active 
Strong Hold On Every Community In Panchayat",BSC Member,,,,,,,,,No,,,,,,
Lakhisarai,,,,Pipariya,Male ,Pipariya,Mukhiya Rai,,9304328322.0,52.0,EBC,Dhanuk,"Mukhiya Rai | 52 | EBC | Dhanuk
Ex BDC 2016
BDC Runner Up 2021 
JDU State Committee Member 
JDU Aati Pichada Prakhand Adhyksh ",BSC Member,,,,,,,,,No,,,,,,
Lakhisarai,,,,Pipariya,Male ,Pipariya,Anil Rai,Musan Rai,6206664725.0,48.0,OBC,Kurmi,"Anil Rai | 48 | OBC | Kurmi
2 Term Sarpanch Contenstant 2016 And 2021
Defecto Mukhiya Contenstant of His Late Brother Rajaram Rai
Strong Hold In His ward  ",BSC Member,,Block president,Block PH,OBC,,,,,No,,,,,,
Lakhisarai,,,,Pipariya,Male ,Pipariya,Guddu Yadav,Jageswar Yadav,6204914261.0,33.0,OBC,Yadav,"Guddu Yadav | 28 | OBC | Yadav
  Sarpanch 3rd Runner Up 2021 Secured 824 Votes 
JanAdhikar Party Block President 2021 To 2024 
He Has Strong Hold  Around 400 To 500 Votes
Youth Leader  ",BSC Member,,,,,,,,,No,,,,,,
Lakhisarai,,,,Pipariya,Male ,Pipariya,Ajit Kumar,,9748380012.0,30.0,OBC,Yadav," Ajit Kumar I 30 I OBC|Yadav 
- His  Mother Sunita Devi two term Mukhiya 2016-Present
- Qualification- B.Com and LLB pursuing now.
- Business- Fishing Farming and Patrol Pump.
- Runs school (Kidzee Play School).",BSC Member,,,,,,,,,No,,,,,,
Lakhisarai,,,,Pipariya,Male ,Pipariya,Jivan Yadav,,9431251253.0,54.0,OBC,Yadav,"Jivan Yadav | 54 | OBC | Yadav
 - 2 Term Defecto Mukhiya Of Sunita Devi From 2016 To Present
- He Is The Elder Brother Of Incumbent MLA Pralhad Yadav
- Socially And Politically Active 
- Storng Hold In His Panchayat  ",BSC Member,,,,,,,,,No,,,,,,
Lakhisarai,,,,Pipariya,Male ,Pipariya,Pappu Singh,,9608703759.0,42.0,General,Bhumihar,"Pappu Singh | 40 | General Bhumihar
- BDC Contenstant Secure 282 Votes In 2021
- Strong Hold In His Village Kanharpur ",BSC Member,,,,,,,,,No,,,,,,
Lakhisarai,,,,Pipariya,Male ,Pipariya,Naresh Yadav,,7488149096.0,54.0,OBC,Yadav,"Naresh Yadav | 54 | OBC | Yadav
- 4 Term RJD Block President From 2005 To Present 
- Former Ward Member In 2001 ( PIpariya Ward No 2 )
- B.A. From Patna University
",BSC Member,,,,,,,,,No,,,,,,
Lakhisarai,,,,Pipariya,Male ,Pipariya,Rampukar Yadav,,7319747654.0,51.0,OBC,Yadav,"Rampukar Yadav | 51 | OBC | Yadav
- 4 Term Ward Member From 2006 To Present 
- RJD State Committee Member From 1995 To 2020
- Strong Influence In His Ward ",BSC Member,,,,,,,,,No,,,,,,
Lakhisarai,,,,Pipariya,Male ,Olipur,Ajit Kumar Mahto,,6206818341.0,35.0,EBC,Dhanuk,"Ajit Kumar Mahto | 35 | EBC | Dhanuk
- BDC 2nd Runner Up Secure 640 Votes In 2021
- Teach Maths And Reasoning Students Preparing For 
Competitive Exams
- He Helps Reach Government Schemes To The Needy
- B.Ed. From Patna University",BSC Member,,,,,,,,,No,,,,,,
Lakhisarai,,,,Pipariya,Male ,Ramchandarpur,Bablu Singh,,8877275703.0,50.0,General,Bhumihar,"Bablu Singh - |Age-50| General-Bhumihar
- BDC Runner up Secure 868 Votes In 2021
- Was Panch In 2006
- Qualification-Inter pass",BSC Member,,,,,,,,,No,,,,,,
Lakhisarai,,,,Barahiya,Male ,Gangasarai,"Pawan Kumar Singh
",,"7870014351
7004118860",44.0,General,Bhumihar,"Pawan Kumar Singh|44| GEN-Bhumihar 
- Profession- | Served more than 10  years  As Marketing Area Incharge at Gujarat Cooperative Milk Marketing Federation in Gujarat, Ranchi and Bhagalpur turned into a  Businessman of  (Mines, irrigations and Construction). 
- Defacto-Zila Parisad 1st Runner up secured 8970 votes| Mikki Devi",BSC Member,,,,,,,,,No,,,,,,
Lakhisarai,,,,Barahiya,Male ,Gangasarai,Rajesh Kumar Singh,,9488140976.0,50.0,General,Bhumihar,"Rajesh Kumar Singh|50| GEN-Bhumihar
- 3  Consecutive times Mukhiya (2001-2011)
- Incumbent Defacto Zila Parisad (Wife Beenita Kumari)
- Zila Mukhiya Adhyaksh Sangh (2011-2016)
- Post Graduated in Chemistry
- Ex Associated with JDU ",BSC Member,out of service,Block president,Block PH,Sangathan,,,,,No,,,,,,
Lakhisarai,,,,Barahiya,Male ,Gangasarai,Bineeta Kumari,,7549606333.0,45.0,General,Bhumihar,"Bineeta Kumari|Age-45| Category-GEN | Bhumihar 
- 3 times Mukhiya (2001, 2006, 2011)
- Incumbent  Zila Parisad 
- Zila Mukhiya Adhyaksh Sangh (2011-2016)
- Post Graduated in Chemestry
- Ex Associated with JDU ",BSC Member,,,,,,,,,No,,,,,,
Lakhisarai,,,,Barahiya,Male ,Pali,Rocky Kumar Mithlesh,,"9344805108
8434964924",28.0,SC,Dusadh,"Rocky Kumar Mithilesh| 29| Dusadh I Incumbent Sarpanch 
- Defacto Incumbent Sarpanch 
- Defacto Ex- Ward Member 2 times (2006-2016)
- Mukhiya Contestent-2016",BSC Member,NOT AT HOME,,,,,,,,No,,,,,,
Lakhisarai,,,,Barahiya,Male ,Dumri,Upendra Singh,,7549298962.0,50.0,General,Bhumihar,"Upendra Singh | 50| GEN-Bhumihar I Incumbent BDC
- Defacto Incumbent BDC 
- Run a school (Suryodaya Gyan Sthali School Since 1994).
- Qualification-Inter",BSC Member,,Pravakta/social media prabhari,Block PH,Sangathan,,,,,No,,,,,,
Lakhisarai,,,,Barahiya,Male ,Ajni Ghat,Sandip Kumar,,9931418763.0,34.0,EBC,Dhanuk,"Sandip Kumar|Age-34 |EBC-Dhanuk | Incumbent Mukhiya
Incumbent Defacto Mukhiya (Mother Pratima Devi)
2016 Mukhiya runner up with four votes 
Qualification-Intermediate (ITI), BA First Year drop out
Ex- JDU Prakhand Sachiv-2010 ",BSC Member,In Rjd,Block president,Block PH,Sangathan,,,,,No,,,,,,
Lakhisarai,,,,Barahiya,Male ,Pali,Abhishek Mahi,Sadanand Ram,8271037131.0,27.0,SC,Dusadh,"Abhishek Mahi| 27 |SC-Dusadh
- Defacto- Ex- Ward Member  (Mother 2011)
- Defacto-Ward Member Contestant (Mother-2016)
- Ex- BJP  Yuva Morcha Zilla Adhakhya
- BJP Social Media Prabhari (Since 2020 to at Presen)
Qualification- Inter Pass",BSC Member,,Pravakta/social media prabhari,Block PH,Sangathan,,,,,No,,,,,,
Lakhisarai,,,,Barahiya,Male ,Ajni Ghat,Sanjiv Kumar Raj,,7479402158.0,37.0,EBC,Kurmi," Sanjib Kumar Raj |37|  OBC-Dhanuk
- Defacto Incumbent Upmukhiya  {Wife Pinki Kumari)
 - Defacto- Ex Panchayat Samiti-2006 his (Aunty)
-  Ex Panchayat Samiti Contestant (2011)
- PACS Contestant 
- JDU Ex-Zila Yuva Mahasachiv (2018)
Qualification-10 Pass",BSC Member,,Pravakta/social media prabhari,Block PH,Sangathan,,,,,No,,,,,,
Lakhisarai,,,,Barahiya,Female ,Khutaha East,Usha Devi,,7004284277.0,42.0,OBC,Kurmi,"Usha Devi |42| OBC-Kurmi
- 2021 BDC runner up with 1008 votes
- Qualification-10th 
- Profession- Farming/ Housewife",BSC Member,Switch off,,,,,,,,No,,,,,,
Lakhisarai,,,,Barahiya,Male ,Laxmipur,Suresh Gupta ,,9934277567.0,48.0,EBC,Bania," Suresh Gupta 48| EBC- Bania I Incumbent Sarpanch
- 2  times Sarpanch 2016-Present. 
- 2011 PACS Winner
- BJP Panchayat Level Member Since 2012-2020.
- Qualification- Matric pass
- Business- Clothes store",BSC Member,as a worker,Block president,Block PH,Sangathan,,,,,No,,,,,,
Lakhisarai,,,,Barahiya,Male ,Khutaha East,Deepak Kumar,,7004284277.0,26.0,OBC,Kurmi,"  Deepak Kumar| 26| OBC- Kurmi
- 2016 Ward Member Contestant
- Qualification-Graduate
- Profession-Farming",BSC Member,Switch off,,,,,,,,No,,,,,,
Lakhisarai,,,,Barahiya,Male ,Laxmipur,Azad Chandra Shekhar,,9122513378.0,54.0,General,Bhumihar,"Azad Chandra Shekhar |54| GEN-Bhumihar
         - Runs Radhakrishna medical store & 
 director of his own hospital named Seva Sadan.",BSC Member,,Pravakta/social media prabhari,Block PH,Sangathan,,,,,No,,,,,,
Lakhisarai,,,,Barahiya,Male ,Laxmipur,Selender Singh,,9031243447.0,50.0,General,Bhumihar," SinghSelender |50| GEN-Bhumihar
          • Two Time Samiti Contestant (2011 & 2021) Defacto Wife Nibha Devi
- Profession- Farming
- Qualification- 10th Pass",BSC Member,,,,,,,,,No,,,,,,
Lakhisarai,,,,Barahiya,Male ,Girdharpur,Gautam Kumar,,9122715037.0,25.0,General,Bhumihar,"Gautam Kumar-|25| GEN-Bhumihar
 
- Defacto Sarpanch Runner up 2016 and  2021 Naina Kumari
- Gautam  PACS Contestant  (2021)
- Qualification- 10th Pass.
- Profession-Welding",BSC Member,,,,,,,,,No,,,,,,
Lakhisarai,,,,Barahiya,Male ,Jaitpur,Sato Yadav,,8084357846.0,68.0,OBC,Yadav,"Sato Yadav|68| OBC- Yadav
        - 5 times Mukhiya Contestant 2001-2021. 
- Mukhiya Contestest Defacto wife Vandani Devi (2016 and 2021)
        - Quaification-7th Pass
-Profession-Farming.
",BSC Member,old age,Block president,Block PH,Sangathan,,,,,No,,,,,,
Lakhisarai,,,,Barahiya,Male ,Laxmipur, Shashi Bhushan Singh (Pappu Singh),Late Sakal Dew Singh,8541034442.0,49.0,General,Bhumihar,"Pappu Singh |49| GEN-Bhumihar
        - 2 time Mukhiya won- 2011-2021 and one time lost in 2021. Defacto Sanjay Thakur
        - Qualification- BA                   
 - Profession- Farming and active in  local Politics.",BSC Member,Ready,Block president,Block PH,Sangathan,,,,,No,,,,,,
Lakhisarai,,,,Barahiya,Male ,Gangasarai,"Binaya  Kumar Singh
Urf Pappu Nirankari",,8603530280.0,52.0,General,Bhumihar,"- Binaya Singh Urf Pappu Niraankari |52| GEN-Bhumihar 
- Incumbent Sarpanch (Sarpanch Sangh Adhyaksh, Barahiya Block)",BSC Member,,Block president,Block PH,Sangathan,,,,,No,,,,,,
Lakhisarai,,,,Barahiya,Male ,,Rohit Kumar,,7004596564.0,25.0,EBC,,"Rohit Kumar- |Age-25|EBC-Mandal
- Incumbent Nagar Ward Parshad 
- Qualification- BA
- Profession- Student
- No linked with any political Party",BSC Member,,,Panchayat PH,,,,,,No,,,,,,
Lakhisarai,,,,Barahiya,Male ,,Raghavendra Kumar,,"7543960700
9142751030",36.0,General,Bhumihar,"- Raghavendra Kumar- |Age-36| General- Bhumihar
- Incumbent Nagar Ward Parshad (Defacto Arvind Kumar)
- Nagar Ward Parshad (2014-2019)
- BJP Ward President (2011-Present)
- Qualification-Inter",BSC Member,,,Panchayat PH,,,,,,No,,,,,,
Lakhisarai,,,,Barahiya,Female ,Dumri,Pappy Devi,,9905699618.0,58.0,General,Bhumihar,"Binod Kumar |58| GEN-Bhumihar
        - Incumbent Defacto Up Mukhiya 9 ward members supported out of 15 (Wife Pappy Devi)
- Qualification-10th Pass
- Profession-Farming",BSC Member,wrong number,,,,,,,,No,,,,,,
Lakhisarai,,,,Barahiya,Female ,Ajni Ghat,Draupadi Devi,,9162298784.0,51.0,EBC,Bind," Draupadi Devi | 51| EBC-Sahani
        - Two-time Sarpanch (2016-Present)",BSC Member,call not received,Pravakta/social media prabhari,Block PH,Sangathan,,,,,No,,,,,,
Lakhisarai,,,,Barahiya,Male ,Ajni Ghat,Ramasish Paswan ,,7667533475.0,55.0,SC,Dusadh,"- Ramasish Paswan | 55| SC-Dusadh
        - Incumbent Up Sarpanch",BSC Member,,,Panchayat PH,,,,,,No,,,,,,
Lakhisarai,,,,Barahiya,Male ,Pali,Prakash Mahto,,9955292956.0,62.0,EBC,Dhanuk,"- Prakash Mahto  |Age-62|EBC-Dhanuk
- Incumbent Up Sarpanch
- Qualification-9th
- Profession- A small business of floor grinding
- No linked with any political party",BSC Member,,,,,,,,,No,,,,,,
Lakhisarai,,,,Barahiya,Male ,Laxmipur,Nunu Singh Urf Nunu Babu,,7561982449.0,38.0,General,Bhumihar,"- Nunu Singh Urf Nunu Babu  |AGE-38|General-Bhumihar
- Incumbent PACS President (Defacto wife Reshmi Kumari)
- Ex- PACS President (Nunu Singh 2014-19)
- No Linked with Any Political Party
- Profession- Farming",BSC Member,,,,,,,,,No,,,,,,
Lakhisarai,,,,Barahiya,Male ,Khutaha East,Kanhaiya Kumar,,6203843971.0,41.0,General,Bhumihar,"- Kanhaiya Kumar |Age-41| General-Bhumihar
- Incumbent PACS President of Khutah East Panchayat
- Qualification 10th
- Business of Suddha Baroni Dairy Confaint",BSC Member,,Pravakta/social media prabhari,Block PH,Sangathan,,,,,No,,,,,,
Lakhisarai,,,,Barahiya,Male ,Khutaha East,Sunil Paswan,,9113752645.0,32.0,SC,Dusadh,"-  Sunil Paswan |Age-32| SC-Dusadh
- In cumbent Defacto Sarpanch ( wife Nibha Devi)
-Qualification- 10th",BSC Member,,,,,,,,,No,,,,,,
Lakhisarai,,,,Barahiya,Male ,Khutaha West,Priya Darshi Singh Urf Mantu,,6205566021.0,45.0,General,Bhumihar,"- Priya Darshi Singh Urf Mantu  |Age-45|General-Bhumihar
- Sarpanch Contestant (2021)
- Ex Ward Member (2016)
- Qualification-10th ",BSC Member,,Pravakta/social media prabhari,Block PH,Sangathan,,,,,No,,,,,,
Lakhisarai,,,,Barahiya,Male ,Girdharpur,Lalmohan Kumar,,"9801809083
6206649667",35.0,EBC,Chandravanshi,"- Lalmohan Kumar |Age-35|EBC-Chandrawansi
- Incumbent Up Sarpanch (2021)
",BSC Member,,Pravakta/social media prabhari,,,,,,,No,,,,,,
Lakhisarai,,,,Barahiya,Male ,Jaitpur,Amit Kumar,,7480873560.0,37.0,General,Bhumihar,"Amit Kumar- |Age-37|General-Bhumihar
- Sarpanch Contestant (2021) (Defacto wife Khushboo Devi)
- Profession- Farming
- Qualification-8th Pass",BSC Member,,,Panchayat PH,,,,,,No,,,,,,
Lakhisarai,,,,Barahiya,Male ,Ajni Ghat,Ravishankar Kumar,,"7004341904
8520166665",26.0,EBC,Dhanuk,"- Ravishankar Kumar |Age-26|EBC-Dhanuk
- Sarpanch Contestant (2021) Defacto his mother Premalata Devi
- BDC Contestant his mother in 2016
- Qualification- Graduation
- Profession- Panchayat Lekhpal (Jeevika)",BSC Member,,,Panchayat PH,,,,,,No,,,,,,
Lakhisarai,,,,Barahiya,Male ,Laxmipur,Rajnish Kumar Singh,,7765002177.0,36.0,General,Bhumihar,"Rajnish Kumar Singh - |Age-36|General-Bhumihar
- Incumbent Pramukh and BDC Defacto Indu Devi
- BDC Runner up (2016)
- BDC won unoppose (2006)
- Mukhiya Runner Up (Father) (2001)
- He was EHS Regional manager in Tyco International Jonshon Comapny",BSC Member,not receive,Block president,Block PH,Sangathan,,,,,No,,,,,,
Lakhisarai,,,,Barahiya,Male ,Ajni Ghat,Ramvilash Mahto,,8797438974.0,55.0,EBC,Dhanuk,"- Ramvilash Mahto|55|EBC-Dhanuk
-  One time Ex BDC winner (2006) Defacto wife Nirmala Devi.
- Qualification- Inter
- He was associated with JDU But not in any position",BSC Member,,Pravakta/social media prabhari,Block PH,Sangathan,,,,,No,,,,,,
Lakhisarai,,,,Barahiya,Male ,Ajni Ghat,Ramvilash Mahto,,7782972266.0,60.0,EBC,Dhanuk,"- Ramvilash Mahto|60|EBC-Dhanuk
- 3 Times PACS President (2009, 2014, 2019 at Present.
- Qualification- 9th Pass
",BSC Member,,Block president,Block PH,Sangathan,,,,,No,,,,,,
Lakhisarai,,,,Barahiya,Male ,Ajni Ghat,Subelal Paswan,,9717830828.0,41.0,SC,Dusadh,"- Subelal Paswan|41|SC-Paswan
- BDC runner up (2021)
- Mukhiya contestant in 2011
- EX Ward Member (2006)
- Qualification- 10th",BSC Member,,Pravakta/social media prabhari,Block PH,Sangathan,,,,,No,,,,,,
Lakhisarai,,,,Barahiya,Male ,Laxmipur,Rakesh Kumar,,8863037913.0,28.0,General,Bhumihar,"- Rakesh Kumar|28|GEN-Bhumihar
- Incumbent Up Sarpanch.
-  Ex Defacto Up Sarpanch mother Bina Devi (2016).
- Qualification- Inter Pass",BSC Member,,Pravakta/social media prabhari,Block PH,Sangathan,,,,,No,,,,,,
Lakhisarai,,,,Barahiya,Male ,,Vicky Kumar,,"7979701055
9122006099",30.0,SC,Dusadh,"- Vicky Kumar| 30| SC-Dusadh
 - 2 time Nagar Ward Parshad (2017 and 2023).  18 and 19 ward incharge now 
 - Barahiya Nagar President of Hindustani Awam Morcha Secular (HAMS) Since 2023-Present.
- Qualification- PG in Pol. Science from Patliputra University. 
- Profession- Runs a Community Service Centre (CSC) in Barahiya.",BSC Member,Belong to other party,,,,,,,,No,,,,,,
Lakhisarai,,,,Barahiya,Male ,,Sanjiv Kumar,,7631509230.0,42.0,General,Bhumihar,"- Sanjiv Kumar|54| GEN-Bhumihar 
- 2 time Defacto Nagar Ward Parshad (Mother Prabha Devi) in 2017 &2021. 
- Also fought for Nagar Ward Adhyaksh in 2017 but lost. 
- Qualification-Inter",BSC Member,,Pravakta/social media prabhari,Block PH,Sangathan,,,,,No,,,,,,
Lakhisarai,,,,Barahiya,Female ,Gangasarai,Sarita Devi,,9905920394.0,44.0,General,Bhumihar,"Sarita Devi I 44 I General- Bhumihar
- Incumbent Up Sarpanch 2021
- qualification-8th Pass 
- Associated with BJP But not in any positin ",BSC Member,call not received,,Panchayat PH,,,,,,No,,,,,,
Lakhisarai,,,,Barahiya,Male ,Dumri,Rajiv Kumar,,9297796446.0,54.0,General,Bhumihar,"- Rajiv Kumar |54| GEN-Bhumihar 
- Incumbent Defacto Up Sarpanch (Son Shivam Kumar).
- Qualification- Graduate",BSC Member,,,,,,,,,No,,,,,,
Lakhisarai,,,,Barahiya,Male ,,Ramkumar Singh,,8789681079.0,51.0,General,Bhumihar,"- Ram Kumar I 51 I General- Bhumihar
- Incumbent Defacto Nagar Ward Parshad (Hira Devi 25  ward no)
- Ex- Defacto  Nagar Ward Parshad winner-2017 and Contestant of Chairman in 2023 (Wife Mantun Devi)
- Ex-Nagar Panchyat BJP Ward Adhyaksh (1990 to 2000)
- Associated with BJP but not now 
- Profession- Contractor and Ex- Granite Businessman
- Qualification- Inter Pass",BSC Member,,,,,,,,,No,,,,,,
Lakhisarai,,,,Barahiya,Male ,Dumri,Gulsan Kumar,,9575268451.0,28.0,General,Bhumihar,"- Gulsan Kumar I 28 I General- Bhumihar
- Incumbent Mukhiya with 3079 Votes
- Qualification-Graduate
- He is an Active Young Leader",BSC Member,,Pravakta/social media prabhari,Block PH,Sangathan,,,,,No,,,,,,
Lakhisarai,,,,Barahiya,Male ,Dumri,Suman Kumar,,8210110943.0,52.0,General,Bhumihar,"Suman Kumar I 52 I General-Bhumihar
- EX-PACS Adhyaksh (2009-14)
- EX-BDC Contestant (2006)
- BJP Krida Manch Zila Mahamantri (1995-2000)
- BJP Zila Morcha Mahamantri, Lakhisarai (2005-2010)
- BJP Karya Karini Yuva Morcha Samiti (Munger and Sheikhpura (2010-2015)
- BJP Buddhijibi Prakosth (Kaarya Kaarini Pradesh Sadasya at Present)
- Qualification- Inter
- Associated with BJP",BSC Member,,Block president,Block PH,Sangathan,,,,,No,,,,,,
Lakhisarai,,,,Barahiya,Male ,Dumri,Manish Kumar,,6204817814.0,38.0,General,Bhumihar,"- Manish Kumar I 38 I General-Bhumihar
- BDC Runner up (2021)
- Qualification- Inter",BSC Member,,,Block OB,,,,,,No,,,,,,
Lakhisarai,,,,Barahiya,Male ,Dumri,Sanjib Kumar,,9708381097.0,34.0,EBC,Dhanuk,"- Sanjib Kumar I 34 I EBC-Dhanuk
- Health Practitioner Since 2016 at his father Clinic (Maa Jagdamba Clinic)
- Course- ANM in 2021 
- 2-time Defacto Mukhiya Contestant (Father - 2006 & 2011)",BSC Member,,,,,,,,,No,,,,,,
Lakhisarai,,,,Barahiya,Male ,Dumri,Deepankar Kumar,,7556929293.0,42.0,General,Bhumihar,"- Deepankar Kumar I 42 I General-Bhumihar
- Ex- BDC Winner (2011)
- Qualification- Inter Pass",BSC Member,,Pravakta/social media prabhari,Block PH,Sangathan,,,,,No,,,,,,
Lakhisarai,,,,Barahiya,Male ,Girdharpur,Ajit Mahto,,9608121057.0,42.0,EBC,Dhanuk,"Ajit Mahto I 42 I EBC- Dhanuk
- BDC Contestant (2021).
- Ex- Defacto Wardha member winner (Wife- 2016).
- RJD Panchayat Adhyaksh since 2022-Present.",BSC Member,,,Panchayat PH,,,,,,No,,,,,,
Lakhisarai,,,,Barahiya,Male ,Dumri,Gopesh Ram,,9334997186.0,28.0,EBC,Chandravanshi,"- Gopesh Ram I 28 I EBC- Chandrawanshi
- Ex- BDC runner up (2016)",BSC Member,,,,,,,,,No,,,,,,
Lakhisarai,,,,Barahiya,Male ,Laxmipur,Mukesh Singh,RamaShray Singh,7480008883.0,47.0,General,Bhumihar,"Mukesh Singh I Age-47 I General- Bhumihar
- Ex-Pramukh (2021)
- Ex Mukhiya Contestant (2011)
- Associated with BJP But not in any position",BSC Member,,Block president,Block PH,Sangathan,,,,,No,,,,,,
Lakhisarai,,,,Barahiya,Male ,,Gautam  Kumar,,7992441521.0,34.0,General,Bhumihar,"Gautam Kumar | Age-34 | General- Bhumhar
Incumbent Defacto Nagar Ward Parshad (Ramki Devi)
- Qualificaton- Under graduate drop out 
- Runs a General Store
- He was associated with BJP But not in any position",BSC Member,,,,,,,,,No,,,,,,
Lakhisarai,,,,Barahiya,Male ,,Mahesh Kumar ,,"9122113927
8210271737",36.0,General,Bhumihar,"Mahesh Kumar | Age-36 | General- Bhumihar 
- 2 time Defacto Nagar Ward Parshad { Sister in law Rinku Devi) (2017 and 2023)
-  Qualification- Graduation",BSC Member,,,,,,,,,No,,,,,,
Lakhisarai,,,,Barahiya,Female ,,Abhha Devi,,8084268871.0,30.0,General,Bhumihar,"- Abha Devi | Age- 30 | General- Bhumihar
- Incumbent  Nagar Ward Parshad (2023)",BSC Member,not reachable,,,,,,,,No,,,,,,
Lakhisarai,,,,Barahiya,Male ,Laxmipur,Vikash Kumar Singh,,9661972357.0,42.0,General,Bhumihar,"- Vikash Kumar Singh | Age-42 lGeneral-Bhumihar
- Ex-BDC Runner Up (2016)
- Qualification- 12th 
- Runs an electronic shop, Bank of Baroda  Customer Service Centre and a Courier facilities of  DTDC ",BSC Member,,,,,,,,,No,,,,,,
Lakhisarai,,,,Barahiya,Male ,,Suresh Mahto,,"8002080617
7979951149",42.0,EBC,Dhanuk,"- Suresh Mahto | Age-42 | EBC- Dhanuk
- Incumbent Defacto Nagar Ward Parshad (2023) (Wife Lurki Devi)
- Qualification- 7th Pass",BSC Member,,,,,,,,,No,,,,,,
Lakhisarai,,,,Barahiya,Male ,Laxmipur,Prabhat Kumar,,8409504190.0,36.0,General,Bhumihar,"Prabhat Kumar | Age-36 | General- Bhumihar
- Incumbent Ward Member 
- Associated with BJP Member since 15 years 
- Qualification- 10th ",BSC Member,,,,,,,,,No,,,,,,
Lakhisarai,,,,Barahiya,Male ,Khutaha West,Sanajay Paswan ,,8114500157.0,49.0,SC,Dusadh,"Sanjay Paswan | Age- 49 | SC- Dusaadh
- Incumbent Ward Member 
- Profession- Small contarctor ",BSC Member,,,,,,,,,No,,,,,,
Lakhisarai,,,,Barahiya,Male ,Khutaha West,Saday Kumar Singh,,8936053612.0,48.0,General,Bhumihar,"Saday Kumar Singh | Age-48 | General-Bhumihar
- 2 time Ward Member ( 2016 and 2021)
- Qualification -10th ",BSC Member,,,,,,,,,No,,,,,,
Lakhisarai,,,,Barahiya,Male ,Khutaha West,Md. Asraf Uddin,,7488803353.0,22.0,Minority,Muslim,"Md. Asraf Uddin | Age- 22| Min0rity- Muslim 
- Incumbent Ward Member (Mother Sairun Khatoon)
- Qualification- Graduation ",BSC Member,,,,,,,,,No,,,,,,
Lakhisarai,,,,Barahiya,Male ,Girdharpur,Rabindar Paswan,,8294861941.0,55.0,SC,Pasi,"- Helping hand of Mukhiya Runner Up Ranjeet Kumar
- Farmer",BSC Member,,,,,,,,,No,,,,,,
Lakhisarai,,,,Barahiya,Male ,Dumri,Gulsan Kumar,,9575268451.0,28.0,General,Bhumihar,"- Gulsan Kumar I 28 I General- Bhumihar
- Incumbent Mukhiya with 3079 Votes
- Qualification-Graduate
- He is an Active Young Leader",BSC Member,,,,,,,,,No,,,,,,
Lakhisarai,,,,Barahiya,Male ,Khutaha East,Prakash Singh,,9128566003.0,73.0,General,Bhumihar,"
Prakash Singh |73|Bhumihar
- He  is a famous personallity and important votes bank influencers in Khutaha Panchayat 
- He suported Ananat Singh, Arun Singh urf Khikhhad Sardar in Zila Parisad election ",BSC Member,,,,,,,,,No,,,,,,
Lakhisarai,,,,Barahiya,Male ,Girdharpur,Sanjay Singh Urf Chamru ,,9661772420.0,45.0,General,Bhumihar,"Sanjay Singh Urf Chamru | Age-45 | General- Bhumihar
- 2 time Mukhiya winner (2011 and 2016 wife Nitu Devi)
- Ex- BDC Winner 2006 
- Mukhiya Runner Up (2021)
- Runs a ITC Milk Dairy",BSC Member,,,,,,,,,No,,,,,,
Lakhisarai,,,,Barahiya,Male ,Jaitpur,Sanju Devi ,,7544853185.0,62.0,General,Bhumihar,"Sanju Devi | 62 | Bhumihar | Ex- Mukhiya 
- EX Mukhiya (2006)
- Contestent Mukhiya 2021 (542 votes)
- Mother of Mukesh Singh(don)",BSC Member,,,,,,,,,No,,,,,,
Lakhisarai,,,,Barahiya,Male ,Jaitpur,Ravi Ranjan Kumar,,9304284701.0,29.0,General,Bhumihar,"Ravi Ranjan Kumar| 29| Bhumihar Incumbent Acting Mukhiya 
- 2021 incumbent Up Mukhiya
 but  now he is  acting as Mukhiya after resignation of 2021 winner Mukhiya
- Qualification- Graduation",BSC Member,,,,,,,,,No,,,,,,
Lakhisarai,,,,Barahiya,Male ,Dumri,Bikash Kumar,,8002885315.0,38.0,General,Bhumihar,"Bikash Kumar| 38 IGEN| Bhumihar
- 2  Term Sarpanch-2016-Present 
- Ex-BJP Block Vice President-2012-20",BSC Member,,,,,,,,,No,,,,,,
Lakhisarai,,,,Barahiya,Male ,Dumri,Sashibhusan Prasad Singh,,8544131739.0,69.0,General,Bhumihar,"- Sashibhusan Prashad Singh I 69 I General-Bhimihar
- Ex- Mukhiya Runner up with 936 votes (2016)
- Retd. Sub-Inspector (CBI Patna)
- Joined as Sepoy Police Service of Bihar (1975)
- Promoted ASI (1989)
- Promoted SI (2008)
- Promoted Sub-Inspector and ret. in 2015.
- Ex-JDU Prakhand Adhyaksh (Kishan Prakosth) 2011-2021
- Ex- JDU Pradesh Kishan Prakosth but he deliberately Resigned.
- Qualification- 10th Pass",BSC Member,,,,,,,,,No,,,,,,
Lakhisarai,,,,Barahiya,Male ,,Raushan Kumar,,9229359643.0,34.0,General,Bhumihar,"Defecto Ward Member (Shyama Devi-mother)
4th time winner from 2007
Qualification- 10th pass
Traditional supporter of congress
",BSC Member,,,,,,,,,No,,,,,,
Lakhisarai,,,,Barahiya,Male ,Dumri,Lalinder Kumar,,7549298962.0,49.0,General,Bhumihar,"- First time Bdc winner (defacto of sister in law)
-  Principal of Surday gyansthali Dumri  having 200 student (Nur. to 7th std)",BSC Member,,,,,,,,,No,,,,,,
Lakhisarai,,,,Barahiya,Male ,Gangasarai,Anil singh,,9709736712.0,61.0,General,Bhumihar,"- EX sarpanch (2016-2021)
-Prakhand Adhyakas Rjd (2000-2005)
-Prakhand Adhyakas Mahasachiv Janta Dal
-former Member of sanjukt socialist party with kapil dev singh ",BSC Member,,,,,,,,,No,,,,,,
Lakhisarai,,,,Barahiya,Male ,Dumri,Vivek Kumar,,8825223032.0,38.0,General,Bhumihar,"- Working with ajay singh 3 times mukhiya winner in dumri panchayat
His nephew is current pacs winner",BSC Member,,,,,,,,,No,,,,,,
Lakhisarai,,,,Barahiya,Male ,,Lokesh Kumar singh,,7002506721.0,65.0,General,Bhumihar,"- Haveing influence in his area .
- Relative of Anant sing mokama MLA
- Big Farmer
- His son cleared BPSC ",BSC Member,,,,,,,,,No,,,,,,
Lakhisarai,,,,Barahiya,Male ,Pali,Bhola ram Dhari,,9064010929.0,54.0,SC,Dusadh,"- Mukhiya Runnerup(2021)
- INTUC Indian national trade union congress Jila Adhyaksh (2019-present)
- INMF Indian nation mines worker federation working committee member(1997-present)
- colliery mazdoor union organization secretary.(1990-present)
- Branch president ratybaty colliery (2003-present)",BSC Member,,,,,,,,,No,,,,,,
Lakhisarai,,,,Barahiya,Male ,Pali,Ajit kumar,,"8409086499
6201497526",32.0,SC,Chammar,"-  Runner up Mukhiya (2016)
- Runner up sarpanch (2021)",BSC Member,,,,,,,,,No,,,,,,
Lakhisarai,,,,Barahiya,Male ,Ajni Ghat,Munna Modi,,9955609668.0,36.0,OBC,Bania,"- Social Activists
- Big Farmer 
- Helping hand of Sanjay singh (Mukhiya)",BSC Member,He moved towards BJP. But can stop him to join BJP. Earliar associated with JSP,,,,,,,,No,,,,,,
Lakhisarai,,,,Barahiya,Male ,Girdharpur,Sanjay singh,,9661772420.0,45.0,General,Bhumihar,"- Ex Mukhiya (2011,2016)
- Mukhiya Runnerup (2021)
- Former Samiti (2006)",BSC Member,,,,,,,,,No,,,,,,
Lakhisarai,,,,Lakhisarai,Male ,Lakhisarai,Sanjeev Kumar snehi,,9934363003.0,45.0,OBC,Bania,"- Director of mount Litera Zee school
- Owner of Hotel Krishna Bazar Samiti Lakhisarai 
- District President of Lion's club since 7years",BSC Member,,,,,,,,,No,,,,,,
Lakhisarai,,,,Barahiya,Male ,Laxmipur,Shashi Bhushan Singh,,"8541034442
9934634442",50.0,General,Bhumihar,"Shashi Bhusan Singh | 50 | Bhumihar | Ex- Mukhiya  
- Two Times Mukhiya (2011-21)
- Runner Up  Mukhiya (2021)
- Business : Contractor ",BSC Member,,,,,,,,,No,,,,,,
Lakhisarai,,,,Barahiya,Male ,Girdharpur,Ranjeet Kumar,,7667789617.0,45.0,EBC,Dhanuk,"- One time Sarpanch Runner-Up (2021)
- One time Mukhiya Runner-Up (2011)
-Active in Panchayat Politics since 2000
- Farmer",BSC Member,,,,,,,,,No,,,,,,
Lakhisarai,,,,Barahiya,Male ,Jaitpur,Sunil Singh,,9771860781.0,36.0,General,Bhumihar,"Sunil Singh | 36 | Bhumihar
- 3 Times Mukhiya Contestant since 2011 this year  runner up 
- Tent house Business (Ranjay Tent Barahiya )
-Big Farmer
- Qualifiaction 10th grade",BSC Member,,,,,,,,,No,,,,,,
Lakhisarai,,,,Barahiya,Male ,Khutaha West,Amod Kumar,,8709788989.0,42.0,General,Bhumihar,"Amod Kumar | 42 | Bhumihar
- Ward Panch since 20 years (2005) Ward no. 3
- 2 Times Sarpanch Contestant (2016,2021)
-Sudha Diary Bussiness",BSC Member,,,,,,,,,No,,,,,,
Lakhisarai,,,,Barahiya,Male ,Gangasarai,Avdesh Kumar,,9113324905.0,44.0,EBC,Dhanuk,"Avdesh Kumar | 44 | Dhanuk
- Working with Gangasarai mukiya 
- Transport Business and contractor",BSC Member,,,,,,,,,No,,,,,,
Lakhisarai,,,,Barahiya,Male ,Gangasarai,Dr. Ashok Kr. Pathak ,Late Shri Nandan Pathak,8541991066.0,53.0,General,Brahmin," Dr. Ashok Kr . Pathak | 53 | Brahmin
                               - Bsf Retired (2008)                                                             
                    - Ayurvedic Doctor                                                  
                                                      - Social Worker                                                                                         ",BSC Member,,,,,,,,,No,,,,,,
Lakhisarai,,,,Barahiya,Male ,Pali,Mohan Kumar,,9852545540.0,32.0,General,Bhumihar,"Mohan Kumar  | 32 | Bhumihar
- Ward Member (2016-2021)
- Lose In 2022
- Small Contractor
Farmer ( 5 Bigha )",BSC Member,,,,,,,,,No,,,,,,
Lakhisarai,,,,Barahiya,Male ,Pali,Sunil Kumar,,9431369110.0,64.0,General,Bhumihar,"                                                                          Sunil Kumar | 64 | Bhumihar
                                                                                - Big Farmer ( 60 Bigha )
                                                                -  Famous Personality in Birupur",BSC Member,,,,,,,,,No,,,,,,
Lakhisarai,,,,Barahiya,Male ,,Lal Singh,,8757459155.0,54.0,General,Bhumihar,"Lal Singh | 54 | Bhumihar 
- Rss Memeber 
- Land Broker in Deoghar and Lakhisarai 
- Small contractor 
- Previously he have tractor agency",BSC Member,,,,,,,,,No,,,,,,
Lakhisarai,,,,Barahiya,Male ,Khutaha East,Khaniya Kumar,,6203843971.0,40.0,General,Bhumihar,"         Khaniya Kumar |  40 | Bhumihar 

             -Two time pacs Adhakash  (2019,2024)
- sachiv of sudha Diary 
",BSC Member,,,,,,,,,No,,,,,,
Lakhisarai,,,,Barahiya,Male ,Khutaha West,Deepak Kumar,,6204130470.0,37.0,General,Bhumihar,"   Deepak Kumar | 37 | Bhumihar
 
- PDS dealer 21-till
-His father was PDS dealer since 1992-21",BSC Member,,,,,,,,,No,,,,,,
Lakhisarai,,,,Barahiya,Female ,Pali,Neetu kumari,,8434964924.0,29.0,SC,Dusadh,"Neetu Kumari| 29| Dusadh I Incumbent Sarpanch 
-  Incumbent Sarpanch 
- Defacto Ex- Ward Member 2 times (2006-2016)
- Mukhiya Contestent-2016",BSC Member,call not received,,,,,,,,No,,,,,,
Lakhisarai,,,,Barahiya,Male ,Ajni Ghat,Ramanand Mahto ,,9931418763.0,62.0,EBC,Dhanuk,"Ramanand Mahto | 62| Dhanuk | Incumbent Mukhiya 
- Incumbent Mukhiya 
- Runner up Mukhiya 2016  Lose by 27 votes
- His Uncle Rajender Mahto was Mukhiya Befor 2001 for 22 years",BSC Member,,,,,,,,,No,,,,,,
Lakhisarai,,,,Barahiya,Male ,Laxmipur,Mukesh Singh,,7480008883.0,49.0,General,Bhumihar,"Mukesh Singh | 49 | Bhumihar | Ex- Parmukh 
- Block Parmukh (2006)
- Mukiya contestent (2011)
- Infulence in his community ",BSC Member,,,,,,,,,No,,,,,,
Lakhisarai,,,,Barahiya,Male ,Laxmipur,Rajesh Mahto,,8909093781.0,35.0,EBC,Dhanuk,"Rajesh Mahto | 35 | Dhanuk | Incumbent Mukhiya
- Incumbent Mukhiya (Defcto of vikash singh)",BSC Member,,,,,,,,,No,,,,,,
Lakhisarai,,,,Barahiya,Male ,Dumri,Gulsan Kumar,,9575268451.0,28.0,General,Bhumihar,"Gulsan Kumar I 28 I General- Bhumihar
- Incumbent Mukhiya with 3079 Votes
- Qualification-Graduate
- He is an Active Young Leader",BSC Member,,,,,,,,,No,,,,,,
Lakhisarai,,,,Barahiya,Male ,Jaitpur,Ravi Ranjan Kumar,,9304284701.0,28.0,General,Bhumihar,"Ravi Ranjan Kumar | 28 | Bhumihar | UpMukhiya 
- Incumbent Working Mukhiya 
- 2021 Ward Member Ward 10 

",BSC Member,,,,,,,,,No,,,,,,
Lakhisarai,,,,Barahiya,Male ,,Ramkumar Singh,,8789681079.0,51.0,General,Bhumihar,"Ram Kumar I 51 I General- Bhumihar
- Incumbent Defacto Nagar Ward Parshad (Hira Devi 25  ward no)
- Ex- Defacto  Nagar Ward Parshad winner-2017 and Contestant of Chairman in 2023 (Wife Mantun Devi)
- Ex-Nagar Panchyat BJP Ward Adhyaksh (1990 to 2000)
- Associated with BJP but not now 
- Profession- Contractor and Ex- Granite Businessman",BSC Member,,,,,,,,,No,,,,,,
Lakhisarai,,,,Barahiya,Male ,,Amresh Kumar,,7992462838.0,41.0,General,Bhumihar,"- Amresh Kumar|50| General-Bhumihar
- Ex- MLA 1st runner up  from INC  (2020)
- INC District President Lakhisarai at Present
- Ex- Defacto Nagar Ward Parshad winner and Chairman Contestant (Wife)
Ex- JDU Active Party worker 
- Ex-JDU Pradesh Mahasachiv (2015)
- He runs a hotel in Barahiya
",BSC Member,,,,,,,,,No,,,,,,
Lakhisarai,,,,Barahiya,Male ,Pali,Kampani Paswan,,9931276245.0,35.0,SC,Paswan,"- Kampani PaswanI 35 I SC-Dusadh I Incumbent Mukhiya
- Incumbent Defacto Mukhiya 2021 (Laxmi Devi)
- Ex  Defacto Sarpanch 2016
- Qualification- ISC
- Associated with JDU but not in any position",BSC Member,,,,,,,,,No,,,,,,
Lakhisarai,,,,Barahiya,Male ,Ajni Ghat,Harender Mahto,,7519122311.0,36.0,EBC,Dhanuk,"- Harender Mahto I36 I EBC-Dhanuk-Ward Member 
- Incumbent- Ward member 
- Qualification- 10th 
- Profession- Farming ",BSC Member,,,,,,,,,No,,,,,,
Lakhisarai,,,,Barahiya,Male ,Pali,Abdesh Paswan,,9955729312.0,46.0,SC,Paswan,"-  Avdesh Paswan I 47 I SC-Dusadh
- Ex- PACS Adhyaksh (2011) 
- 2 time defacto  ward member ( 2016 and 2021) Wife Rita Devi
- Qualification- 10th",BSC Member,,,,,,,,,No,,,,,,
Lakhisarai,,,,Barahiya,Male ,Girdharpur,Shree Sanjay Mahto,,9430810308.0,45.0,EBC,Dhanuk,"- Shree Sanjay Mahto| 45|  EBC|  Dhanuk
- Three Time Mukhiya Runner up (2011-2016-2021) (Defacto Wife Niru Devi in 2021)
- RJD Block President now Since 2021-Present
- Qualification-5th
- Profession- stitching",BSC Member,,,,,,,,,No,,,,,,
Lakhisarai,,,,Barahiya,Male ,Girdharpur,Rajib Ranjan,,9555336775.0,34.0,EBC,Dhanuk,"- Rajib Ranjan| 34 | EBC-Dhanuk
- His Father contested Zila Parisad in 2006
- His Mother Contested Mukhiya in 2016
- He contested BDC in 2021
- Qualification- Inter
- Profession- Farming",BSC Member,,,,,,,,,No,,,,,,
Lakhisarai,,,,Barahiya,Male ,,Rajiv Singh,,8084939461.0,49.0,General,Bhumihar,"Rajiv Singh- |49|GEN-Bhumihar
- 2 time Nagar Ward Parshad ( 2012-17), Defacto ( Wife Mohini Devi 2017-2023)
- Nagar Ward Contestant Defacto (2023)
- Qualification- Graduate in Chemestry Honours.
- Ex District President of Bharatiya Sablog Party",BSC Member,,,,,,,,,No,,,,,,
Lakhisarai,,,,Barahiya,Male ,,Sanjiv Kumar,,6207698553.0,56.0,General,Bhumihar,"Sanjiv Kumar- |56|GEN-Bhumihar
- Incumbent Defacto Nagar Ward Parshad wife 2023
- Lost with four votes in 2017
- Fought for Nagar Ward Parshad Updhyaksh but lost
- Ex RLSP Zila Adhyaksh (2013-2015)
- Qualification- Graduation",BSC Member,,,,,,,,,No,,,,,,
Lakhisarai,,,,Barahiya,Male ,Laxmipur,Krushna Nandan Singh ,Late Shri Hari Singh,8292063897.0,60.0,General,Bhumihar,"-  Krushna Nandan Singh I  Age-60|GEN-Bhumihar 
- Two time BDC winner (2006 and 2016)
And Two time lost- (2011 and 2021)
- Qualification-10th 
",BSC Member,,Block president,Block PH,Sangathan,,,,,No,,,,,,
Lakhisarai,,,,Barahiya,Male ,Jaitpur,Kailash Yadav,,6206478562.0,56.0,OBC,Yadav,"- Age-56 |OBC- Yadav 
- 2 time winner BDC (2016-Present)
- Associated with JDU as (Panchayat Sachiv) 
- Qualification- 8th Pass
- Profession- Farming",BSC Member,will not give time to the party,,,,,,,,No,,,,,,
Lakhisarai,,,,Barahiya,Male ,,Prem Chand Kumar,,7079594708.0,51.0,General,Bhumihar,"- Age-51|GEN-Bhumihar 
- Incumbent Nagar Ward Parshad
- Nagar Parshad standing commitee member 
- Qualification-Graduation",BSC Member,,,,,,,,,No,,,,,,
Lakhisarai,,,,Barahiya,Female ,Pali,Mamta Devi,,8409528918.0,64.0,EBC,Dhanuk,"Mamta Devi| 64| EBC |Dhanuk
- Two time BDC Runner Up (2016-Present)
- Ram Balak Mahto is ret. Home Gaurd post holder (Bihar Griha Raksha Vahini)",BSC Member,,Block president,Block PH,Sangathan,,,,,No,,,,,,
Lakhisarai,,,,Barahiya,Male ,Girdharpur,Saket Kumar,,7488326998.0,35.0,General,Brahmin,"- Saket Kumar|35|GEN-Brahmin
- 2 Times Up Mukhiya (2016-Present)
- Contested MLC and got 375 out of 1365  in 2022
- Ex JDU Panchayati Raj Pradesh Sachiv 2018-19
- JDU RCP Samaj Sudhar Senani Distric President 2019-22
- JDU Ward Sangh Pradesh Upadhyaksh 2016-present
- Qualification-Inter
- Profession-Business (Supplier and Contractor)

",BSC Member,,,,,,,,,No,,,,,,
Lakhisarai,,,,Barahiya,Female ,Pali,Sangita Kumari,,8409531763.0,30.0,EBC,Dhanuk,"Sangita Kumari | Age-30|EBC |Dhanuk
- 2021 BDC Contestant 
- Qualification-Graduation
- JDU Yuva Zila Maha Sachiv (2012-24)
- Profession-Farming",BSC Member,,,,,,,,,No,,,,,,
Lakhisarai,,,,Barahiya,Male ,Khutaha East,Ramakant Singh,,7079984747.0,55.0,General,Bhumihar,"- Ramakant Singh |Age-55|General-Bhumihar
- Incumbent Up Mukhiya
- Ex-PACS contestant (2008)
- Qualification-Inter
- Profession-Farming",BSC Member,,,,,,,,,No,,,,,,
Lakhisarai,,,,Barahiya,Male ,Jaitpur,Birendra Kumar,,7488331303.0,43.0,General,Bhumihar,"- Age-43| General-Bhumihar
- Incumbent PACS President of Jaitpur Panchayat
- Qualification-7th
- JDU Panchayat President (2019-Present)",BSC Member,,,,,,,,,No,,,,,,
Lakhisarai,,,,Barahiya,Male ,Pali,Ranjan Kumar Badal,,,40.0,EBC,Dhanuk,"- Age-40|EBC-Dhanuk
- Incumbent PACS President of Pali Panchayat (2019-Present)
- JDU Panchayat President at Present
-  Qualification- Inter",BSC Member,,,,,,,,,No,,,,,,
Lakhisarai,,,,Barahiya,Male ,,"
Rajesh Singh Urf Bablu Singh",,"8434970539
9798646441",57.0,General,Bhumihar,"- Age-57|General-57
- Incumbent Defacto Nagar Ward Parshad (Daughter in law Puja Devi)
- Urf Bablu singh has won in 2007 as ward Nagar Parshad
- One time lost aa ward parshad (2017)
- Associated with BJB as Booth President Since (2010-Present) 
- Karni Sena Prakhand Adhyaksh- (2022-Present)",BSC Member,,,,,,,,,No,,,,,,
Lakhisarai,,,,Barahiya,Male ,Jaitpur,Gopal Kumar,,9534836934.0,43.0,General,Bhumihar,"- Age-43| General-Bhumihar
- Incumbent Defacto Up Sarpanch (Wife Priyanka Devi)
- Ex BDC Contestant (2016)
- Qualification-Inter",BSC Member,,,,,,,,,No,,,,,,
Lakhisarai,,,,Barahiya,Male ,Jaitpur,Ram Parvesh Kumar,,9204606143.0,50.0,General,Bhumihar,"- Age-50| General-Bhumihar
- Incumbent Defacto Sarpanch (Mother Manorama Devi)
- Three Time Sarpanch (Father Bijay Singh-2006-2016)
- Qualification-Graduate
- ideologically has been supporting of Congress Supporter.",BSC Member,,,,,,,,,No,,,,,,
Lakhisarai,,,,Barahiya,Male ,,Avadh Singh,,7970808920.0,76.0,General,Bhumihar,"- Avadh Singh|76| General-Bhumihar
- 3 times Nagar Ward Parshad (2007, 2017, 2023)
- Associated with RJD But not in any position",BSC Member,,Block president,Block PH,Sangathan,,,,,No,,,,,,
Lakhisarai,,,,Barahiya,Male ,Pali,Munna Prasad Mandal,,8603531037.0,36.0,OBC,,"- Age-36| EBC-Mandal
- Two Times BDC Contestant defacto wife Manorama Devi (2016 and 2021)
- Profession- Sell Constructioon materials brokers",BSC Member,cnr,,,,,,,,No,,,,,,
Lakhisarai,,,,Barahiya,Male ,Khutaha West,Bharat Lal Singh,,6201959164.0,46.0,General,Bhumihar,"- AGE-46|General-Bhumihar
- Incumbent PACS President of Khutah West Panchayat
- Qualification- Inter
- JDU Yuva Morcha Mahamantri 2021 for one year
-BJP Booth President ",BSC Member,,,,,,,,,No,,,,,,
Lakhisarai,,,,Barahiya,Male ,Dumri,Ram Naresh Singh,Late Ruchhu Singh,8789246003.0,74.0,General,Bhumihar,"- Age-74| General-Bhumihar
- Five time PACS Presdent ( 2001, 2003, 2006, 2014, 2019- Present) 
- Pacs Sachiv of Lakhisarai Zilla also
- One time Mukhiya Contestant (2001)
- Closely Associated with MP Lalan Babu Since 2003",BSC Member,,,BBS,,,,,,No,,,,,,
Lakhisarai,,,,Barahiya,Female ,Ajni Ghat,Nandini Devi,,6205462551.0,45.0,SC,Dusadh,"Nandini Devi |Age45|SC | Dusadh
- Incumbent BDC and Up Pramukh of Barahiya Block (2021)
- Assocated with BJP But not holds any position",BSC Member,,,,,,,,,No,,,,,,
Lakhisarai,,,,Barahiya,Male ,Laxmipur,Abhaya Kumar Singh,,9431257212.0,29.0,General,Bhumihar,"- Age-29|GEN-Bhumihar
- Zila Mahasachiv Congress (2023-Present)
- He was with Sujith Kumar (Current Chairman of Barahiya Nagar Ward Parisad 
during the election).",BSC Member,,,,,,,,,No,,,,,,
Lakhisarai,,,,Barahiya,Male ,Pali,Bholaram Dhari,,9064010929.0,54.0,SC,Dusadh,"- Bholaram Dhari|54|SC-Dhari-Dusadh
- 2021 Mukhiya Runner Up 
- 2001 Mukhiya Runner Up
- Qualification- B.com Fail
- All Inida Coal Mine Working Commitee since 1993 (NTEC)
He is now in Eastern Zone (West Bangal)
- NTEC District President of Lakhisarai",BSC Member,,,,,,,,,No,,,,,,
Lakhisarai,,,,Barahiya,Male ,,Sonu Kumar,,9142495753.0,35.0,EBC,Dhanuk,"- Sonu Kumar I 35 I EBC-Dhanuk 
- Incumbent  Defacto Nagar Ward Parshad (Mother Usha Devi)",BSC Member,,,,,,,,,No,,,,,,
Lakhisarai,,,,Barahiya,Male ,Gangasarai,Mahesh Kumar ,,7667107959.0,42.0,General,Bhumihar,"- Mahesh Kumar|42|General-Bhumihar
- Defacto Up Mukhiya (Wife Munni Kumari) 2021.
- Quaification- 11th Pass",BSC Member,,,,,,,,,No,,,,,,
Lakhisarai,,,,Barahiya,Male ,,Dr. Ragvendra Prasad Singh,,,65.0,General,Bhumihar,"- Dr. Ragvendra Prasad Singh I 65 I General- Bhumihar
- Runs a hospital name ( Dr. Ragvendra Hospital )
- He is a Surgeon specialist and more than 40 years in professions
- Qualification- MBBS from Patna Medical College ",BSC Member,,,BBS,,,,,,No,,,,,,
Lakhisarai,,,,Barahiya,Male ,Gangasarai,Ram Das Kumar Singh,,7631509230.0,43.0,General,Bhumihar,"- Ram Das Kumar Singh I 43 I General- Bhumihar 
- Ex- PACS Adhyaksh in 2019 
- Ex- Up Mukhiya (2011)
- Qualification- Matric Pass 
- Personally supported to Lalan Babu but not any political party",BSC Member,,,,,,,,,No,,,,,,
Lakhisarai,,,,Barahiya,Male ,Gangasarai,Sanjay Kumar Singh,,9297542957.0,55.0,General,Bhumihar,"- Sanjay Kumar Singh I 55 I General-Bhumihar 
- Served as Army from 1986 to 2003 
- Qualification- 10th ",BSC Member,,,,,,,,,No,,,,,,
Lakhisarai,,,,Barahiya,Female ,,Rupam Devi,,8789728552.0,44.0,General,Bhumihar,"Age-44|GEN-Bhumihar 
- Three time Incumbent  Nagar Ward Parshad (2007, 2017, 2023)
-2012 lost Nagar Ward Parshad
-Qualification- Graduattion
- Business- Contractor",BSC Member,,,,,,,,,No,,,,,,
Lakhisarai,,,,Barahiya,Male ,Dumri,Himanshu Kumar,,8864039461.0,43.0,EBC,Dhanuk,"- Himanshu Kumar I 43 I EBC-Dhanuk 
- Health Practitioner more than 15 years 
- Ideologically supported but not in any position
- Qualification- Inter in Biology",BSC Member,,,,,,,,,No,,,,,,
Lakhisarai,,,,Barahiya,Male ,Khutaha West,Bablu Singh,,8877275703.0,45.0,General,Bhumihar,"- Bablu Singh I 45 I General- Bhumihar
- Defacto  BDC Runner up Wife Juli Devi (2021)
- Ex- Defacto BDC Winner wife Juli Devi (2016)
- Mukhiya Contestant (2011)
- Qualification- 10th
- Profession- Contractor 
- Associated with BJP more than 10 years ",BSC Member,,Block president,,,,,,,No,,,,,,
Lakhisarai,,,,Barahiya,Male ,Khutaha West,Ramanuj Singh,,923484277.0,56.0,General,Bhumihar,"- Ramanuj Singh I56I General- Bhumihar 
- 4 time Mukhiaya ( 2001-2011)
- Ex Defacto Mukhiya (2011) Wife Kanchan Devi
- Ex- Defacto Mikhiya (2016) Wife Kanchan Devi
- JDU Prakhand Adhyaksh (2005-2010)
- Qualification- Graduation in Math Honours
- Business- Contractor
- Suryaganesh Bhumihar Bihar Adhyakh of 386 villages",BSC Member,wrong no,Block president,,,,,,,No,,,,,,
Lakhisarai,,,,Barahiya,Male ,Khutaha West,"Ramvilash Singh 
(Ramadhar Singh Acadmically)",,"9798520096
9263832716",77.0,General,Bhumihar,"- Age-|77I General-Bhumihar
- Social Worker
- Ex- Mukhiya Since  and Up Pramukh (1978 to 2001)
- He was an active in student movement during JP Movement. 
- B.N College Batchmate of Lalu Prasad Yadav
- MA in Economics Langat Singh College, Muzaffarpur",BSC Member,health issue,,BBS,,,,,,No,,,,,,
Lakhisarai,,,,Barahiya,Male ,,Kundan Kumar,,8002818848.0,21.0,EBC,Dhanuk,"- Kundan Kumar I 21 I EBC- Dhanuk
- Bholiprashad  RMP health practice around 4 years there in Barh
- Opened  and running a clinic at Girhdarpur
Qualification- +2 Biology",BSC Member,,,,,,,,,No,,,,,,
Lakhisarai,,,,Barahiya,Male ,,Gaurav Kumar,,8677092920.0,33.0,General,Bhumihar,"- Gaurav Kumar | Age-33 | General- Bhumihar 
- Incumbent Nagar Ward Vice Chairman (2023)
- Qualification- Graduations
- Profession- Farming and Bricks business
- No association with any political party",BSC Member,,,,,,,,,No,,,,,,
Lakhisarai,,,,Barahiya,Male ,Girdharpur,Gopal Singh,,8051402591.0,35.0,General,Bhumihar,"- Gopal Singh | Age-35 | General-Bhumihar
- Incumbent Defacto Mukhiya (2021 wife Archana Devi)
- 2 times PACS Chairman winner ( 2014 and 2019 Mother Pramila Devi)
- Ex- BDC Winner in 2011 (mother)
- Ex- Ward Member (2006)
- Not associated with any party but associated with Lalan Singh and Vijay Sinha
- He said he will support JSP ",BSC Member,,,,,,,,,No,,,,,,
Lakhisarai,,,,Barahiya,Male ,Girdharpur,Sanjay Singh Urf Chamru ,,9661772420.0,45.0,General,Bhumihar,"Sanjay Singh Urf Chamru | Age-45 | General- Bhumihar
- 2 time Mukhiya winner (2011 and 2016 wife Nitu Devi)
- Ex- BDC Winner 2006 
- Mukhiya Runner Up (2021)
- Runs a ITC Milk Dairy
- Supporter of Vijay Sinha and Lalan Babu
- But wants to support JSP from behind and needs some more time ",BSC Member,,,,,,,,,No,,,,,,
Lakhisarai,,,,Barahiya,Male ,Khutaha West,Vipin Singh,,8541010996.0,59.0,General,Bhumihar,"- Vipin Singh | Age-59| General- Bhumihar 
- Incumbent Mukhiya 2021 
- Mukhiya Runner Up 2016
- Ex- BDC Runner up lost with 3 votes (2001)
- Supporter of Vijay Sinha and Lalan Singh but will support JSP too if time comes ",BSC Member,,,,,,,,,No,,,,,,
Lakhisarai,,,,Barahiya,Male ,Khutaha East,Arvind Singh,,8340721918.0,50.0,General,Bhumihar,"- Arvind Singh | Age- 62 | General- Bhumihar 
- Incumbent Defacto Mukhiya (Karuna Devi) 2021
- Ex- Mukhiya 2nd runner Up (2016)
- Supporter of Vijay Sinha and Lalan Singh but will support JSP if time comes ",BSC Member,,,,,,,,,No,,,,,,
Lakhisarai,,,,Barahiya,Male ,Khutaha East,Avdesh Singh,,9576697899.0,62.0,General,Bhumihar,"- Avdesh Singh | Age- 62 | General- Bhumihar 
- 4 time ex-Mukhiya (2001, 2006, 2011, 2016)
- Runner up Mukhiya 2021 
- Ex- MLA Contestant (2001) wife Pinki Devi-1
- Ideologically suppoter of Congress 
- Also Supporter of Lalan Babu and Vijay Sinha personally. Needs some time to think about JSP. 
",BSC Member,,Block president,Block PH,Sangathan,,,,,No,,,,,,
Lakhisarai,,,,Barahiya,Male ,Khutaha West,Prakash Singh,,"8340100985
9128566003",73.0,General,Bhumihar,"- He  is a famous personallity and important votes bank influencers in Khutaha Panchayat 
- He suported Ananat Singh, Arun Singh urf Khikhhad Sardar in Zila Parisad election ",BSC Member,,,BBS,,,,,,No,,,,,,
Lakhisarai,,,,Barahiya,Male ,Khutaha East,Surendra Verma ,,9608181962.0,63.0,EBC,Chandravanshi,"- Suru Verma | Age- 63 | EBC- Chandrawanshi 
- Incumbent Defacto BDC ( 2021 Daughter in Law Neetu Kumari)
- Ex- Up Pramukh 2001
- He is closely associated with Lalan Singh and JDU 
",BSC Member,,Block president,Block PH,Sangathan,,,,,No,,,,,,
Lakhisarai,,,,Barahiya,Male ,Khutaha West,Sotaa Singh,,6200122095.0,63.0,General,Bhumihar,,BSC Member,,,,,,,,,No,,,,,,
Lakhisarai,,,,Barahiya,Male ,Khutaha West,Mantu Kumar Singh ,,7367198859.0,42.0,General,Bhumihar," Mantu Kumar Singh | Age-42 | General- Bhumihar 
- Incumbent Defacto Up Sarpanch wife Veena Devi 
- Ex ward member contestant 2016
-  Associated with NJP and RSS and personally by Vijaya Kumar Sinha ",BSC Member,,,,,,,,,No,,,,,,
Lakhisarai,,,,Barahiya,Male ,Khutaha West,Ram Gulam Singh ,,9801352818.0,75.0,General,Bhumihar," Ram Gulam Singh | Age-75 | General- Bhumihar 
- Incumbent defacto Sarpanch (Wife Sunita Devi) ",BSC Member,,,,,,,,,No,,,,,,
Lakhisarai,,,,Barahiya,Male ,Khutaha West,Nagmani Singh,,8877184407.0,50.0,General,Bhumihar,"Nagmani Singh | Age-50 | General- Bhumihar 
- Incumbent Defacto BDC ( Wife Munni Devi-1) 
- Ex- Sarpanch Mother 2006
- Mukhiya Runner up 2011
- JDU Prakhand Prabakta associated with
 Lalan Singh very closely since 2004 to present and belongs from influantial family",BSC Member,,,,,,,,,No,,,,,,
Lakhisarai,,,,Barahiya,Male ,Khutaha West,Lalan singh urf Dhartiputra ,,8709592657.0,50.0,General,Bhumihar," Lalan Singh Urf Dhartiputra | Age-50| General- Bhumihar
- Ex- 2 times Mukhiya Runner up  (2006 & 2011)
- Ex Army left after traiining done 
- Ex- Bihar Police service holder after 2.5 years left
Need sometimes to join JSP",BSC Member,,,,,,,,,No,,,,,,
Lakhisarai,,,,Barahiya,Male ,,DR. Maruti Nandan,Not intrested ,,61.0,General,Bhumihar,"- Doctor 
- Haveing influence in his area .",BSC Member,,,,,,,,,No,,,,,,
Lakhisarai,,,,Barahiya,Male ,Ajni Ghat,Ram Parvesh Mehta,,9430810061.0,32.0,EBC,Dhanuk,"- First time Mukiya runner up 
- Inclined with Rjd as karyakarta",BSC Member,,,,,,,,,No,,,,,,
Lakhisarai,,,,Barahiya,Male ,Barahiya,Vikash Bhardhwaj ,,9631537381.0,48.0,General,Bhumihar,"- Big Contractor and Businessman
- Intrested in meeting Prasant Kishor
-Relative of Giriraj singh (MP  from Begusarai)
-His uncle was MLA Krishchandra Bhardhwaj",BSC Member,,,,,,,,,No,,,,,,
Lakhisarai,,,,Barahiya,Male ,Khutaha West,Vipin Singh,,8541010996.0,59.0,General,Bhumihar,"- Vipin Singh | Age-59| General- Bhumihar 
- Incumbent Mukhiya 2021 
- Mukhiya Runner Up 2016
- Ex- BDC Runner up lost with 3 votes (2001)
- Supporter of Lalan Singh but will support JSP too if time comes ",BSC Member,,,,,,,,,No,,,,,,
Lakhisarai,,,,Barahiya,Female ,Khutaha West,Sunita Devi,,9801352818.0,54.0,General,Bhumihar,"-First Time Sarpanch
- Singed our consent form then torn the form.
- Defcto of vipin singh (Mukhiya)",BSC Member,,,,,,,,,No,,,,,,
Lakhisarai,,,,Barahiya,Male ,Girdharpur,Ram Prasad kumar,,"9852168606
9934069544",32.0,EBC,Dhanuk,"
Ram Prasad kumar | 32| Dhanuk
 -Defcto of Guriya Devi Zila parishad contestant (7464 vote)
- JDU  Prakhand Atipichra Prakost Adhayaks (2014-Present)
-Qualification - 12th",BSC Member,,,,,,,,,No,,,,,,
Lakhisarai,,,,Barahiya,Male ,Girdharpur,Sanjay Mahto,,9430810308.0,48.0,EBC,Dhanuk,"Sanjay Mahto | 48 | Dhanuk
- RJD Barahiya Prakhand Adhayaks (2022- Present )
- 3 Times Mukhiya contestant since 2011 this year runner up 
- He was RSS memeber till 2022
- Qualification 5 grade ",BSC Member,,,,,,,,,No,,,,,,
Lakhisarai,,,,Barahiya,Male ,,Dr. Ragvendra Prasad Singh,,,65.0,General,Bhumihar,"- Dr. Ragvendra Prasad Singh I 65 I General- Bhumihar
- Runs a hospital name ( Dr. Ragvendra Hospital )
- He is a Surgeon specialist and more than 40 years in professions
- Qualification- MBBS from Patna Medical College ",BSC Member,,,BBS,,,,,,No,,,,,,
Lakhisarai,,,,Barahiya,Male ,Khutaha West,"RamaDhar Singh alias 
Ram Vilas Singh",,9798520096.0,80.0,General,Bhumihar,"Rama Dhar Singh | 80| Bhumihar 
- Mukhiya since 1978-2000",BSC Member,,,BBS,,,,,,No,,,,,,
Lakhisarai,,,,Barahiya,Male ,Khutaha West,Anil singh,,9905063675.0,60.0,General,Bhumihar,"Anil Singh | 60 | Bhumihar 
- PDS Dealer since 1992- Present
- Giriraj singh supporter ",BSC Member,In BJP,,BBS,,,,,,No,,,,,,
Lakhisarai,,,,Barahiya,Male ,Khutaha East,Anil singh,,8521097741.0,58.0,General,Bhumihar,"Anil Singh |58| Bhumihar 
- 4th Times sarpanch since 2005 - Present",BSC Member,,,,,,,,,No,,,,,,
Lakhisarai,,,,Barahiya,Male ,Khutaha East,"Sankar Singh alias
Manu Singh",,6206312431.0,56.0,General,Bhumihar,"Sankar Singh | 56 | Bhumihar 
- Ward Panch Since 20 years (2005)
- Runner up sarpanch (2021)",BSC Member,,,,,,,,,No,,,,,,
Lakhisarai,,,,Barahiya,Male ,Khutaha West,Lalan singh urf Dhartiputra ,,879592657.0,42.0,General,Bhumihar," Lalan Singh Urf Dhartiputra | Age-50| General- Bhumihar
- Ex- 2 times Mukhiya Runner up  (2006 & 2011)
- Ex Army left after traiining done 
- Ex- Bihar Police service holder after 2.5 years left
",BSC Member,,,,,,,,,No,,,,,,
Lakhisarai,,,,Barahiya,Male ,Pali,Ranjan Kumar Badal,,9021942044.0,40.0,EBC,Dhanuk,"Ranjan Kumar Badal|40|EBC-Dhanuk
- Incumbent PACS President of Pali Panchayat (2019-Present)
- JDU Panchayat President at Present
-  Qualification- Inter",BSC Member,,,,,,,,,No,,,,,,
Lakhisarai,,,,Barahiya,Male ,Pali,Anit Devi ,,7209800980.0,57.0,ST,Dusadh,"Anita Devi | 57 | Dushad 
- Ex Mukhiya (2016-2021)
- Working in Ntpc (Bhagalpur)",BSC Member,,,,,,,,,No,,,,,,
Lakhisarai,,,,Barahiya,Male ,Pali,Ramashrey Mahato,,9430868121.0,48.0,EBC,Dhanuk,"Ramshrey Mahto | 48 | Dhanuk | EX- Mukhiya
-  Ex-Mukhiya (2006-2011)
- Mukiya contestent (2001,2011)
- Zila Parishad contestent in 2016 (3792 vote )
- Defcto Mukhiya contestent Bambam mochi   2021 (298 vote)
- AIYF Scrutiny member (2006-2011)
- CPI  Prakhand Anchal Mantri (2011-2021)
- Graduate Physics hons.",BSC Member,,,,,,,,,No,,,,,,
Lakhisarai,,,,Barahiya,Male ,Pali,Satnaryan Mahto ,,8709923881.0,50.0,EBC,Dhanuk,"Satnaryan Mahto |50 | Dhanuk | Ex- Mukhiya 
- Ex Mukhiya (2011-2016)
- Zila Parishad Contestent in 2016 (2743 votes)
-JDU Jila Upadhayaks  (2019- Present)
- Post Graduation Mathematics ",BSC Member,,,,,,,,,No,,,,,,
Lakhisarai,,,,Barahiya,Male ,Pali,Kampani Paswan,,9931276245.0,35.0,SC,Pasi," Kampani PaswanI 35 I SC-Dusadh I Incumbent Mukhiya
- Incumbent Defacto Mukhiya 2021 (Laxmi Devi)
- Ex  Defacto Sarpanch 2016
- Qualification- ISC
- Associated with JDU but not in any position",BSC Member,,,,,,,,,No,,,,,,
Lakhisarai,,,,Barahiya,Male ,Pali,Madhu Kumari,,9430692082.0,48.0,General,Bhumihar,"Madhu Kumari |  48| Bhumihar | EX- Parmukh 
- Ex Block Parmukh (2011-2024)
- Incumbent BDC 
- Known as Vikashpurush in his area for development",BSC Member,,,,,,,,,No,,,,,,
Lakhisarai,,,,Barahiya,Male ,Ajni Ghat,Ashok Paswan,,9199483121.0,55.0,SC,Pasi,"Ashok Paswan | 55 |Dusadh | Ex-Mukhiya 
- Ex Mukhiya (2016)
- Contestent in Mukhiya (2001,2021)
- JDU Harijan Jila Adhayakash (2005-2020)
- Also member of CPI & Congress ",BSC Member,,,,,,,,,No,,,,,,
Lakhisarai,,,,Barahiya,Male ,Khutaha East,Avdesh Singh,,8757165716.0,62.0,General,Bhumihar,"Avdesh Singh | Age- 62 | General- Bhumihar 
- 4 time ex-Mukhiya (2001, 2006, 2011, 2016)
- Runner up Mukhiya 2021 
- Ex- MLA Contestant (2001) wife Pinki Devi-1
- Ideologically suppoter of Congress ",BSC Member,,,Duplicate,,,,,,No,,,,,,
Lakhisarai,,,,Barahiya,Male ,Girdharpur,Gopal singh ,,8051402591.0,35.0,General,Bhumihar," Gopal Singh | Age-35 | General-Bhumihar
- Incumbent Defacto Mukhiya (2021 wife Archana Devi)
- 2 times PACS Chairman winner ( 2014 and 2019 Mother Pramila Devi)
- Ex- BDC Winner in 2011 (mother)
- Ex- Ward Member (2006)",BSC Member,,,,,,,,,No,,,,,,
Lakhisarai,,,,Barahiya,Male ,Jaitpur,Rakesh Singh ,,9470831042.0,45.0,General,Bhumihar,"Rakesh Kumar| 45 | Bhumihar | Incumbent Mukhiya  
- Incumbent Decto Mukhiya of Sonam Kumari (Now she resigned due to BPSC teacher job)
-His Father Balmiki singh 2001  mukhiya 
- His Mother Chanda Devi 2016 Mukhiya 
- His Father losses by 8 votes in 2011 by Naveen singh
- ",BSC Member,,,,,,,,,No,,,,,,
Lakhisarai,,,,Barahiya,Male ,Jaitpur,Kundan Singh,,6206222755.0,52.0,General,Bhumihar,"Kundan singh | 52 | Bhumihar | EX Up Parmukh 
- EX up Parmukh 2006-2011
- Not Active in Politics ",BSC Member,,,,,,,,,No,,,,,,
Lakhisarai,,,,Barahiya,Male ,Dumri,Lalan Kumar Sharma,,9852715618.0,42.0,OBC,Bania,"Lalan Kr. Sharma | 42 | Bania 
- Zila Parishad contestent in 2006 
- Incclined with BJP",BSC Member,cnr,,,,,,,,No,,,,,,
Lakhisarai,,,,Barahiya,Male ,Dumri,Saurav Kumar,,9905771620.0,24.0,General,Bhumihar,"Saurav Kumar|Age-24|General-Bhumihar 
- Incumbent Defacto Ward Member (Mother Kumari Punam)
- Qualification- Graduation
- Active youth who runs a 50 member of whatapp group in the name of Jan Suraaj and post whatever get from social media",BSC Member,,,,,,,,,No,,,,,,
Lakhisarai,,,,Barahiya,,Ajni Ghat,Lokeswar Mahto,,8084214590.0,,EBC,Dhanuk,,BSC Member,,,,,,,,,No,,,,,,
Lakhisarai,,,,Barahiya,Male ,Khutaha East,Ramnandan Singh,,9204880037.0,,,,,BSC Member,,,,,,,,,No,,,,,,
Lakhisarai,,,,Barahiya,Male ,Laxmipur,Dharmaraj Kumar,,7858061926.0,,General,Bhumihar,,BSC Member,,,,,,,,,No,,,,,,
Lakhisarai,,,,Barahiya,Male ,Laxmipur,Gaurav Raj ,,7870356645.0,,General,Bhumihar,,BSC Member,,,,,,,,,No,,,,,,
Lakhisarai,,,,Barahiya,Male ,,Ramanuj Prasad Singh,,9313740870.0,,General,Bhumihar,,BSC Member,,,,,,,,,No,,,,,,
Lakhisarai,,,,Barahiya,Male ,Khutaha East,Sanjay Singh ,,,62.0,General,Bhumihar,"-Ward member for 20 years (2001-2021)
-Up Mukhiya (2011-16)
-Associated with Vijay Sinha",BSC Member,,Block president,Block PH,Sangathan,,,,,No,,,,,,
Lakhisarai,,,,Barahiya,Male ,,Sanjiv Singh,,6207698553.0,55.0,General,Bhumihar,"Ward member 2nd time
contested Vice Chairman Election
Socialist view
Active at a District level",BSC Member,,,,,,,,,No,,,,,,
Lakhisarai,,,,Barahiya,Male ,,Dr Karam chand,,7857067075.0,68.0,General,,"Neutral Person
Closely associated with Sangh (RSS)
Very negative view about JS",BSC Member,,,,,,,,,No,,,,,,
Lakhisarai,,,,Barahiya,Male ,,Surendra Prasad,,,50.0,General,Bhumihar,"Ward Parshad Runner up (Ward-5)
Not politically active
",BSC Member,,,,,,,,,No,,,,,,
Lakhisarai,,,,Barahiya,Male ,Gangasarai,Anil singh,,8877998863.0,58.0,General,Bhumihar,"Anil Singh | 58 | Bhumihar 
- Mukhiya Contestent in 2011
- Former BJP Zila Mahamantri (2020-22)
-Former Block Aatma Aadhyaks (2014-21)
- Farmer (300 Bigha )",BSC Member,,,,,,,,,No,,,,,,
Lakhisarai,,,,Barahiya,Male ,Gangasarai,Vinod Singh ,,9934025776.0,60.0,General,Bhumihar,"Vinod Singh | 60 | Bhumihar 
- Corprative Prakhand Adhyakash (2000-Present )
- Ex pacs Chairman 
- His Brother died in Babri masjid demolosition in 1992 barahiya sahid dwar built on his name ",BSC Member,,,,,,,,,No,,,,,,
Lakhisarai,,,,Barahiya,Male ,Gangasarai,Mirtunjay Singh ,,7858942631.0,58.0,General,Bhumihar,"Mirtunjay Singh | 58 | Bhumhar 
- Community Leader 

- Farmer",BSC Member,,,,,,,,,No,,,,,,
Lakhisarai,,,,Barahiya,Male ,Pali,Navneet Kumar Nawal ,,7633096113.0,56.0,EBC,Kanu,"Navneet Kumar Nawal | 56 | Kanu 
- EX Zila Parishad (2011)
- Zila Parishad contestent in 2006 
- Zila Parishad contestent in 2016 from Lakhisari Block 
- Good hold on Taal area people
- working for Giriraj singh 
",BSC Member,,,,,,,,,No,,,,,,
Lakhisarai,,,,Barahiya,Male ,Gangasarai,Shyam Murari singh,,8210557899.0,54.0,General,Bhumihar,"Shyam Murari Singh | 54 | Bhumihar 
- Community Leader 
- Big Role in Rajesh Kumar loss in Mukhiya Election 
- Farmer ",BSC Member,,,,,,,,,No,,,,,,
Lakhisarai,,,,Barahiya,Male ,Gangasarai,Ramdas singh urf Dheeraj ,,7631509230.0,44.0,General,Bhumihar,"Ramdas singh | 44 | Bhumihar 
- Pacs Chairma (2019 - Present )
- Up Mukhiya (2011-2016)",BSC Member,,,,,,,,,No,,,,,,
Lakhisarai,,,,Barahiya,Male ,Gangasarai,Meghu Kumar ,,9955273811.0,41.0,EBC,Dhanuk,"Mehgu Kumar | 41 | Dhanuk 
- Incumbent Mukhiya 
- Prakhand Mukiya sangh Adhayaksh 
- EX Mukhiya (2016)
- Got 2300 votes in Mukhiya election in 2011",BSC Member,,,,,,,,,No,,,,,,
Lakhisarai,,,,Barahiya,Male ,Laxmipur,Surander Verma ,,9939990249.0,73.0,OBC,Kurmi,"Surender Verma | 73 | Kurmi 
- Block Pramukh (2001-2005)
- EX Up Pramukh Defacto Neetu Kumari (2021- feburary 2024)
",BSC Member,old age,,,,,,,,No,,,,,,
Lakhisarai,,,,Barahiya,Male ,Khutaha West,Ram Sobha Singh ,,7004845504.0,39.0,General,Bhumihar,"Ram Soba Singh | 39 | Bhumihar 
- Zp contestent in 2021 got 5491 votes
- Mukhiya Contestent 2016
- Working for Giriraj singh",BSC Member,,,,,,,,,No,,,,,,
Lakhisarai,,,,Barahiya,Male ,Laxmipur,Nunu Singh Urf Nunu Babu,,7561982449.0,38.0,General,Bhumihar,"Nunu Singh Urf Nunu Babu  |38|Bhumihar
- Incumbent PACS President (Defacto wife Reshmi Kumari)
- Ex- PACS President (Nunu Singh 2014-19)
- Father upder singh zila parishad contestent in 2016 got 5105 votes
",BSC Member,,,,,,,,,No,,,,,,
Lakhisarai,,,,Barahiya,Male ,Jaitpur,Sachidanand singh,,7549067136.0,70.0,General,Bhumihar,"Sachidanadn Singh | 70| Bhumihar 
- Ex Sarpanch 2016
- Sarpanch Runner Up 2021 got 1410 votes
- His Father was mukhiya before 2001",BSC Member,,,,,,,,,No,,,,,,
Lakhisarai,,,,Barahiya,Male ,Jaitpur,Kailash Yadav,,6206478562.0,58.0,OBC,Yadav,"Kailash Yadav | 58 | Yadav 
-2 term Incumbent BDC (2016 - Present )
- Ex JDU Panchyat Sachiv (2018-Present)",BSC Member,will not give time to the party,,,,,,,,No,,,,,,
Lakhisarai,,,,Barahiya,Female ,Gangasarai,Dr. Asha Singh,,9955089470.0,52.0,General,Bhumihar,"Asha Singh | 52 | Bhumihar 
- Zp contestent 2001
- Supervisor Asha Worker ",BSC Member,,,,,,,,,No,,,,,,
Lakhisarai,,,,Barahiya,Male ,Khutaha West,Vipin Gupta ,,7631399078.0,39.0,EBC,Haluwai,"Vipin Gupta | 39 | Halwai 
- Former BDC (2011) 
- Director of Private School Pragatishil Sikhsa Santhan ",BSC Member,,,,,,,,,No,,,,,,
Lakhisarai,,,,Barahiya,Male ,Dumri,Dilip Kumar,,7061959550.0,41.0,General,Bhumihar,"Dilip Kumar | 41 | Bhumihar 
- Incubment BDC 
- BDC Runner-up 2011
- BDC Contestent 2016
- Business Fruit supplyer in Bihar & Jharkhand",BSC Member,,,,,,,,,No,,,,,,
Lakhisarai,,,,Barahiya,Male ,Girdharpur,Mukesh  Kumar,,9973390300.0,44.0,General,Bhumihar,"Mukesh Kumar | 44 | Bhumihar 
- Sarpanch Runner up 2021 got 893 votes 
- BDC Runner up Lost by 42 votes 2016 
- Mukhiya Runner-up 2006",BSC Member,,,,,,,,,No,,,,,,
Lakhisarai,,,,Barahiya,Male ,Girdharpur,Mukesh Kumar,,7004801858.0,58.0,General,Bhumihar,"Mukesh kumar |58 | Bhumihar 
-2 Term Incumbment sarpanch(2016-21)
- Sarpach contestent 2011 
- Up Mukhiya 2001",BSC Member,,,,,,,,,No,,,,,,
Lakhisarai,,,,Barahiya,Male ,Girdharpur,Mukesh Kumar Singh ,,7070215808.0,48.0,General,Bhumihar,"Mukesh Singh | 48 | Bhumihar 
- Mukhiya contestent got 681 votes in 2021 
- Mukhiya Runner up in 2016 got 1064 votes
- Mukhiya contestent 2011",BSC Member,,,,,,,,,No,,,,,,
Lakhisarai,,,,Barahiya,Male ,Girdharpur,Krishnandan singh,,9973170897.0,70.0,General,Bhumihar,"Krishnandan Singh | 70 | Bhumihar 
- JDU Prakhand Adhyaksh 
- Pacs  Chairman 2009-14
- Corporative sangh sachiv Lakhisarai 1995-2009",BSC Member,,,,,,,,,No,,,,,,
Lakhisarai,,,,Barahiya,Male ,Gangasarai,Alok Kumar,,8877998863.0,30.0,General,Bhumihar,"Alok Kumar | 30 | Bhumihar 
- BJYM Zila Mahamantri Lakhisarai (2020-22)
- social worker",BSC Member,,,,,,,,,No,,,,,,
Lakhisarai,,,,Barahiya,Male ,,Avinash Kumar,,6200531360.0,51.0,General,Bhumihar,"Avinash Kumar |51 | Bhumihar 
- 2 term Ward Parshad (2017- Till)",BSC Member,,,,,,,,,No,,,,,,
Lakhisarai,,,,Barahiya,Female ,Laxmipur,Anjani Devi ,,8409853509.0,40.0,General,Bhumihar,"Anjani Devi | 40 | Bhumihar 
- Former Block Parmukh (2011-16)
- BDC Contestent 2021 ",BSC Member,,,,,,,,,No,,,,,,
Lakhisarai,,,,Barahiya,Male ,Girdharpur,Santosh Kumar,,8917575717.0,26.0,General,Bhumihar,"Santosh Kumar | 26 | Bhumihar 
- Ward Panch 
- Two Times his Father was ward Panch 
- His Father was PDS Dealer for 40 years ",BSC Member,,,,,,,,,No,,,,,,
Lakhisarai,,,,Barahiya,Male ,Ajni Ghat,Ramji Mahto ,Late Laljit Mahato,9006176767.0,70.0,EBC,Dhanuk,"Ramji Mahto | 70 | Dhanuk 
- Former Zila Parishad 2006
- Mukhiya Runner up 2001 ",BSC Member,Ready,,BBS,,,,,,No,,,,,,
Lakhisarai,,,,Barahiya,Male ,,Gaurav Singh ,,8677092920.0,34.0,General,Bhumihar,"Gaurav Kumar | 34 | Bhumihar 
- Incumbent Vice Chairman ",BSC Member,,,,,,,,,No,,,,,,
Lakhisarai,,,,Barahiya,Male ,Girdharpur,Devan Thakur,,8521443434.0,48.0,EBC,Nai,"Rajeev Kumar | 48 | Nai 
- Former BDC 2016 
- BDC Runner up 2021",BSC Member,,,,,,,,,No,,,,,,
Lakhisarai,,,,Barahiya,Male ,Dumri,Dharmaraj  singh,,7667355171.0,55.0,General,Bhumihar,"Dahramraj singh | 55 | Bhumihar 
- Former BDC 2001, 2006 
- PDS  Dealer since 1988-Till",BSC Member,,,,,,,,,No,,,,,,
Lakhisarai,,,,Barahiya,Male ,Dumri,Vikash Kumar ,,6299733290.0,38.0,General,Bhumihar,"Vikash Kumar | 38 | Bhumihar 
- Former BDC 2016 
- RJD Panchyat Adhyakash 2014 - Present 
- Runner up 2021 BDC 
- Sudha Diary Sachiv ",BSC Member,,,,,,,,,No,,,,,,
Lakhisarai,,,,Barahiya,Male ,Dumri,Ram Narayan Singh,,,86.0,General,Bhumihar,"Ram Naryan Singh | 86 | Bhumihar 
- Former sarpanch before panchyat election 
- Good Hold on his community ",BSC Member,,,,,,,,,No,,,,,,
Lakhisarai,,,,Barahiya,Male ,Ajni Ghat,Maho Chaudhary ,,9472231072.0,53.0,SC,Pasi,"Maho Chaudhary | 53 | Pasi 
- Former Mukhiya 2011 
- Mukhiya contestent 2016,2021",BSC Member,,,,,,,,,No,,,,,,
Lakhisarai,,,,Barahiya,Male ,Ajni Ghat,Ram Varesh mehta,,,32.0,EBC,Dhanuk,"Ram Parvesh Mehta | 32 | Dhanuk 
- Runner up mukhiya 2021",BSC Member,,,,,,,,,No,,,,,,
Lakhisarai,,,,Barahiya,Male ,Girdharpur,Jay Nandan kr. singh,,9546990115.0,51.0,General,Bhumihar,"Jay Nandan kr Singh | 51 | Bhumihar 
- Former Mukhiya 2001 
- Former Pacs Chairman 2019 
- Mukhiya Runner Up 2006 
- Pacs Runner up 2024",BSC Member,,,,,,,,,No,,,,,,
Lakhisarai,,,,Barahiya,Male ,Laxmipur,Sanjay Singh ,,9771703168.0,50.0,General,Bhumihar,"Sanjay Singh | 50 | Bhumihar 
- Owner of Sai Petrol Pump ",BSC Member,,,,,,,,,No,,,,,,
Lakhisarai,,,,Barahiya,Male ,Dumri,Prabhat Kumar,,8271578772.0,52.0,General,Bhumihar,"Prabhat Kumar | 52 | Bhumihar 
- Pacs Chairman 1996-99
- Former BDC 2006
- Mukhiya Contestent 2016. & 2021
- Lakhisarai Jila Anusaran member 2014-23 
-  Block president of Production Commite (2006-11)",BSC Member,,,,,,,,,No,,,,,,
Lakhisarai,,,,Barahiya,Male ,Dumri,Ram Lal singh ,Late Ramanand Singh,9973055089.0,61.0,General,Bhumihar,"Ram Lal Singh | 61 | Bhumihar 
- Former UPmukhiya 2001 
- Good Hold on his community ",BSC Member,,,BBS,,,,,,No,,,,,,
Lakhisarai,,,,Barahiya,Male ,,Amit Kumar urf Ramji ,,9431835979.0,48.0,General,Bhumihar,"Amit Kumar | 48 | Bhumihar 
- Former Ward Parisad  2002",BSC Member,,,,,,,,,No,,,,,,
Lakhisarai,,,,Barahiya,Male ,Laxmipur,Chandmani Kumar,,9122484503.0,35.0,General,Bhumihar,"Chandramani Kumar | 35 | Bhumihar 
- Incumbent Ward Member 2021
- Dress and footwear shop ",BSC Member,,,,,,,,,No,,,,,,
Lakhisarai,,,,Barahiya,Female ,Laxmipur,Gyatri Devi ,,9631859858.0,60.0,General,Bhumihar,"Gyatri Devi | 60 | Bhumihar 
- Jivika Didi Chairman 
- Social Worker ",BSC Member,,,,,,,,,No,,,,,,
Lakhisarai,,,,Barahiya,Male ,Khutaha West,Pankaj Kumar ,,7870265351.0,27.0,EBC,Kumhar,"Pankaj Kumar | 27 | Khumhar 
- Defacto BDC of Chitni Pandit 2006
- BDC contestent 2011, 2021",BSC Member,,,,,,,,,No,,,,,,
Lakhisarai,,,,Barahiya,Male ,Khutaha East,Sunil Singh,,8809787694.0,52.0,General,Bhumihar,"Sunil Singh | 52 | Bhumihar 
- BJP Zila Vice President  (2021- Present )
- BJP Block President  (2016-2021)
- Mukhiya Runner up 2011  ",BSC Member,,,,,,,,,No,,,,,,
Lakhisarai,,,,Barahiya,Male ,Khutaha East,Vechan singh ,,7488828958.0,48.0,General,Bhumihar,"Vechan Singh | 48 | Bhumihar 
- Incumbent Ward Member 
- Ward Member Runner up 2016",BSC Member,,,,,,,,,No,,,,,,
Lakhisarai,,,,Barahiya,Male ,,Rahul Kumar,,7779872519.0,35.0,General,Bhumihar,"Rahul Kumar | 38 | Bhumihar 
- Incumbent Nagar Ward Parasd 
- Runner Up Nagar Ward Parsad 2017",BSC Member,,,,,,,,,No,,,,,,
Lakhisarai,,,,Barahiya,Male ,Khutaha East,Amit Akela ,,6205465997.0,30.0,OBC,Kanu,"Amit Akela | 30 | Kanu 
- Former BDC 2016 
- Runner Up BDC 2021  
- Youtube Singer on Wave Channel",BSC Member,Switch off,,,,,,,,No,,,,,,
Lakhisarai,,,,Barahiya,Male ,Khutaha East,Ram Parvesh Singh ,,8210989553.0,34.0,General,Bhumihar,"Ram Parvesh Kumar | 34 | Bhumihar 
- BTS Bricks Chimni Owner
- Social Worker 
- Big Farmer",BSC Member,,,,,,,,,No,,,,,,
Lakhisarai,,,,Lakhisarai,Male ,,Ranjit Sharma ,,"9934787876
9504445561",45.0,OBC,Badhai,"Ranjit Sharma | 45 | Badai 
- Biskarma Radio Electronic Shop 
- Rice Mill in Raxual ",BSC Member,,,,,,,,,No,,,,,,
Lakhisarai,,,,Barahiya,Male ,Laxmipur,Chandan Kumar,,7717723704.0,40.0,General,Bhumihar,"Chandan Kumar | 40 | Bhumihar 
- BDC Contestent 2021 
- Real estate Businessman ",BSC Member,,,,,,,,,No,,,,,,
Lakhisarai,,,,Barahiya,Male ,,Chun Chun Singh,,9199615086.0,42.0,General,Bhumihar,"Chun Chun Singh | 42 | Bhumihar 
- Former  NP Vice Chairman  2011
- Former Nagar Ward Parsad 2006",BSC Member,,,,,,,,,No,,,,,,
Lakhisarai,,,,Barahiya,Male ,Khutaha East,Deepak Singh,,720531055.0,58.0,General,Bhumihar,"Deepak Singh | 58 | Bhumihar 
- ZP contestent  got 7975 votes in 2021
- Lakhisari Nagar ward parsad  & Zila Yojna samiti Member in 2002 and 2010 
- ",BSC Member,,,,,,,,,No,,,,,,
Lakhisarai,,,,Barahiya,Male ,,Devender Singh,,9431258986.0,60.0,General,Bhumihar,"Devender Singh | 60 | Bhumihar 
- Defacto Chairman wife Late Rupam Singh in 2002
- Social Worker",BSC Member,,,,,,,,,No,,,,,,
Lakhisarai,,,,Barahiya,Male ,Pali,Phudo Ram ,,6200002573.0,49.0,SC,Dusadh,"Phudo Ram | 49 | Dusadh 
- Sarpanch Runner Up 2021 
- Home Tution Master ",BSC Member,,,,,,,,,No,,,,,,
Lakhisarai,,,,Barahiya,Male ,Pali,Sri Kanth Mahto ,,7632835756.0,46.0,EBC,Dhanuk,"Sri Kanth Mahto | 46 | Dhanuk 
- Former Defacto Sarpanch of Babita Devi  (2001)
- Farmer",BSC Member,,,,,,,,,No,,,,,,
Lakhisarai,,,,Barahiya,Female ,Pali,Mamta Kumari,,8969249144.0,24.0,EBC,Dhanuk,"Mamta Kumari | 24 | Dhanuk 
- Jeevika CM 
- Help in Z.P  Election from tarni devi and she got 2271 Votes",BSC Member,,,,,,,,,No,,,,,,
Lakhisarai,,,,Barahiya,Male ,Ajni Ghat,Subelal Paswan ,,9717830828.0,41.0,SC,Dusadh,"Subelal Paswan | 41 | Dusadh 
- BDC Runner up  (2021)
- Mukhiya Contestent (2011)
- EX Ward Member (2006)

",BSC Member,,,,,,,,,No,,,,,,
Lakhisarai,,,,Barahiya,Male ,Ajni Ghat,Sunil kumar,,9065060178.0,35.0,EBC,Dhanuk,"Sunil Kumar | 35 | Dhanuk 
-  Two Times Pacs Runner up 
- Farmer ",BSC Member,,,,,,,,,No,,,,,,
Lakhisarai,,,,Barahiya,Male ,Jaitpur,Virender Kumar urf Vilo ,,7488331303.0,43.0,General,Bhumihar,"Virender Kumar | 43 | Bhumihar 
- Three Times Pacs Chairman since 2014 
- JDU Panchyat Adhyakash ",BSC Member,,,,,,,,,No,,,,,,
Lakhisarai,,,,Barahiya,Male ,Gangasarai,Pawan Kr. Singh,,"7870014351
7004118860",44.0,General,Bhumihar,"Pawan Kumar Singh|44| GEN-Bhumihar 
-  Served more than 10  years  As Marketing Area Incharge at Gujarat Cooperative Milk Marketing Federation in Gujarat, Ranchi and Bhagalpur turned into a  Businessman of  (Mines, irrigations and Construction). 
- Defacto-Zila Parisad 1st Runner up secured 8970 votes| Mikki Devi",BSC Member,,,,,,,,,No,,,,,,
Lakhisarai,,,,Barahiya,Female ,Dumri,Tarni Devi ,,9534342005.0,56.0,EBC,Dhanuk,"Tarni Devi | 56 | Dhanuk 
-  ZP Contest 2021 
- Lakhisarai Zila  Congress Mahila Adhyakash since 2014",BSC Member,,,,,,,,,No,,,,,,
Lakhisarai,,,,Barahiya,Male ,Dumri,Vinod Singh ,,6287131088.0,58.0,General,Bhumihar,"Vinod Singh |58 | Bhumihar 
- Incumbent Up Mukhiya 
- Farmer ",BSC Member,,,,,,,,,No,,,,,,
Lakhisarai,,,,Barahiya,Female ,Ajni Ghat,Dropati Devi ,,91622298784.0,54.0,EBC,Mallah,"Dropati Decvi | 54 | EBC|Mallah
- Two Times Sarpanch since 2016.",BSC Member,,,,,,,,,No,,,,,,
Lakhisarai,,,,Barahiya,Male ,Gangasarai,Deepak Kumar,,7858838753.0,56.0,General,Bhumihar,"Deepak Kumar | 58 |  General |Bhumihar 
- Former Sapanch 2011
- Upsarpanch 2006 
- Sapanch Contestent 2021",BSC Member,,,,,,,,,No,,,,,,
Lakhisarai,,,,Barahiya,Female ,Laxmipur,Pooja Kumari,,6202749947.0,35.0,General,Bhumihar,"Puja Kumari | 35 | General | Bhumihar 
- Jeevika CM Since 2016 
- Ward Member 2016 
- Pacs Contestent Defacto for Munchun Singh 2024 
- Teacher in Ekal NGO provide Free Education and Statinonary to poor children",BSC Member,,,,,,,,,No,,,,,,
Lakhisarai,,,,Barahiya,Male ,Jaitpur,Karju Singh ,,9162820952.0,41.0,General,Bhumihar,"Karju Singh | 40| General | Bhumihar 
- BDC Runner up 2021 lost by 3 Votes 
- Farmer ",BSC Member,,,,,,,,,No,,,,,,
Lakhisarai,,,,Barahiya,Male ,Jaitpur,Chandan Kumar,,9507000580.0,40.0,OBC,Yadav,"Chandan Kumar |40 | OBC| Yadav
- BDC Contestent 2021 Lost by 37 Votes 
- Contestent In Ward Sachiv 2016 ",BSC Member,switch off,,,,,,,,No,,,,,,
Lakhisarai,,,,Barahiya,Female ,Jaitpur,Anita Kumari ,,6206003793.0,32.0,SC,Tatwa,"Anita Kumari | 32 | Sc | Tatwa 
- Jeevika CM Since 2014 
- Manrega Meth in Block Office 
- 188 Member in her leadership ",BSC Member,,,,,,,,,No,,,,,,
Lakhisarai,,,,Barahiya,Female ,Jaitpur,Kranti Kumari ,,6299214928.0,24.0,SC,Tatwa,"Kranti Kumari | 24 | SC | Tatwa
- Jeevika CM  since 2020 

- Head of Rimjhim Group in Jeevika Scheme 144 ladies under her leadership",BSC Member,,,,,,,,,No,,,,,,
Lakhisarai,,,,Barahiya,Female ,Jaitpur,Pooja Kumari,,9263643245.0,23.0,SC,Tatwa,"Pooja Kumar | 23 | SC | Tatwa 
- Krishi Sakhi Leader of 600 member educate other ladies for plantation 
in her panchyat  under jeevika scheme",BSC Member,,,,,,,,,No,,,,,,
Lakhisarai,,,,Barahiya,Female ,Laxmipur,Sadhna Devi ,,7091231672.0,42.0,General,Bhumihar,"Sadhna Devi | 42 | General | Bhumihar 
- Jeevika CM Since 2014 
- BDC Contestent in 2016,2011, 2006",BSC Member,,,,,,,,,No,,,,,,
Lakhisarai,,,,Barahiya,Female ,Laxmipur,Khusbho Kumari ,,9334183397.0,33.0,General,Bhumihar,"Khushbo Kumari | 33 | General | Bhumihar
- Jeevika CM Pashu Sakhi educate ladies in her panchyat about Pashupalan 360 members under her.",BSC Member,,,,,,,,,No,,,,,,
Lakhisarai,,,,Barahiya,Female ,Laxmipur,Subrhi kumari,,7646025370.0,28.0,General,Bhumihar,"Surbhi Kumari | 28 | General | Bhumihar 
- Jeevika CM 
- Teacher in Ekal Ngo provide free education for poor children",BSC Member,,,,,,,,,No,,,,,,
Lakhisarai,,,,Barahiya,Male ,Khutaha West,Hari Sankar Singh,Late Bindeswari Prasad Singh,8578091453.0,70.0,General,Bhumihar,"Hari Sankar Singh | 70 | General | Bhumihar 
- Community Leader 
- Supporter of Anant singh function organizer in Lokh Sabha in khutha west ",BSC Member,,,BBS,,,,,,No,,,,,,
Lakhisarai,,,,Barahiya,Male ,Ajni Ghat,Ravi Sankar,,852106665.0,26.0,EBC,Dhanuk,"Ravi Sankar | 26 | EBC | Dhanuk 
- Pacs Contestent 2024 
- Sarpanch Contestent 2021 his mother  Prem lata 
- BDC Contestent 2016 his Mother Prem Lata 
- Lekh Pal In Jeevika  scheme Eight jeevika CM under his leadership",BSC Member,,,,,,,,,No,,,,,,
Lakhisarai,,,,Barahiya,Male ,Ajni Ghat,Vakeel Paswan ,,6200990751.0,45.0,SC,Dusadh,"Vakeel Paswan | 45 | SC | Dusadh 
- Former BDC 2016 
- BDC Contestent second runner up 2021 
- Mukhiya Contestent in 2001, 2006, 2011",BSC Member,,,,,,,,,No,,,,,,
Lakhisarai,,,,Barahiya,Male ,Ajni Ghat,Surender Ram ,,9007211363.0,43.0,SC,Dusadh,"Surender Ram | 43 | SC | Dusadh 
-  BDC Contestent 2001 Defacto of his father  Raj Kumar Ram 
- Mukhiya Contestent 2006-21 Defacto of  his father Raj kumar Ram",BSC Member,,,,,,,,,No,,,,,,
Lakhisarai,,,,Barahiya,Male ,Khutaha West,Ram Kumar,,7970837282.0,46.0,General,Bhumihar,"Ram Kumar | 46 | General | Bhumihar 
- Former Defacto Mukhiya of Arvind Singh after his murder 2005-10
- Former Chemistry Teacher at Allen Institute kota 
- Now Teacher at PW classes kankarbagh patna ",BSC Member,,,,,,,,,No,,,,,,
Lakhisarai,,,,Barahiya,Male ,Ajni Ghat,Prem Nath Mahto,,9006997994.0,50.0,EBC,Dhanuk,"Prem Nath Mahto | 50 | EBC | Dhanuk 
- Mukhiya contestent 2001 
- ward member 2006 defacto of his wife Baby Devi ",BSC Member,,,,,,,,,No,,,,,,
Lakhisarai,,,,Barahiya,Male ,Ajni Ghat,Rama Nand Paswan,,"9973604704
7277245729",45.0,SC,Dusadh,"Rama Nand Paswan | 45 | SC | Dusadh 
-  Two Times ward member 2001, 2011
- Mukhiya Contestent 2006 
- BDC Contestent 2016 , 2021 Defacto  of Mithun Kumar",BSC Member,,,,,,,,,No,,,,,,
Lakhisarai,,,,Barahiya,Male ,Ajni Ghat,Mushan Ram ,,9801430432.0,44.0,SC,Dusadh,"Mushan Ram | 44 | SC | Dusadh 
- Former Mukhiya 2001 
- Mukhiya Contestent 2006,2011,2016,2021",BSC Member,,,,,,,,,No,,,,,,
Lakhisarai,,,,Barahiya,Male ,Khutaha West,Suresh Singh,,7970837282.0,73.0,General,Bhumihar,"Suresh Singh | 73 | General  | Bhumihar 
- Sudha Diay Chairman since 35 years unoppose  400 Dairy sachiv under him.
- Good Hold in his Community ",BSC Member,,,BBS,,,,,,No,,,,,,
Lakhisarai,,,,Barahiya,Male ,Khutaha West,Ram Charitar singh urf Gulariya saheb,,7371994020.0,66.0,General,Bhumihar,"Ram Charitar Singh | 66 | General | Bhumihar 
- Lok Sangeet Team Head 300 member under his leadership 
- Big Farmer",BSC Member,,,BBS,,,,,,No,,,,,,
Lakhisarai,,,,Barahiya,Male ,Khutaha West,Parmanand Pathak ,,8877541411.0,61.0,General,Brahmin,"Parmanand Pathak | 61 | General | Brahmin 
- Music Home Teacher famous in prakhand 
-  Strong Hold in Brahmin community ",BSC Member,,,BBS,,,,,,No,,,,,,
Lakhisarai,,,,Barahiya,Male ,Khutaha West,Sunil Pathak ,,6205746985.0,54.0,General,Brahmin,"Sunil Pathak | 54 | General | Brahmin 
- Former Lic Agent 
- Director of Rosy Children School 
- Medical Shop in khutha west",BSC Member,,,,,,,,,No,,,,,,
Lakhisarai,,,,Barahiya,Male ,Girdharpur,Neeraj Singh ,,8002625304.0,40.0,General,Bhumihar,"Neeraj Singh | 40 | General | Bhumihar 
- Mukhiya contestent from Ajni Ghat Panchyat 
- Big Farmer and strong hold in bhumihar community in taal",BSC Member,,,,,,,,,No,,,,,,
Lakhisarai,,,,Barahiya,Male ,Ajni Ghat,Viren Mahto ,,9631769668.0,46.0,EBC,Dhanuk,"Viren Mahto | 46 | General | Bhumihar 
- Mukhiya contestent 2016 ,2021 
- Vegetable Farming ",BSC Member,,,,,,,,,No,,,,,,
Lakhisarai,,,,Barahiya,Female ,Pali,Nitu Devi ,,8825514759.0,38.0,General,Bhumihar,"Nitu Devi | 38 | General | Bhumihar 
- Jeevika VO (Village Organiser ) Two Jeevika CM under her leadership (2008-present)
-  Ward Panch 2016 
- Ward Member contestent 2021 
- Ladies cloth shop in Birupur",BSC Member,,,,,,,,,No,,,,,,
Lakhisarai,,,,Barahiya,Male ,Pali,Vinod Mahto ,,995511195.0,63.0,EBC,Dhanuk,"Vinod Mahto | 63 | EBC| Dhanuk 
- Samata Party Zila Adhyakash (1995-2000)
- Pacs Chairman 2009 
- Pacs Runner up 2014,2019 .2024 
- Vypar Samiti Karya Karni member (2015- Present )",BSC Member,,,,,,,,,No,,,,,,
Lakhisarai,,,,Barahiya,Male ,Pali,Manish Kumar,,9430695671.0,44.0,General,Bhumihar,"Manish Kumar | 44 | General | Bhumihar 
- Former BDC (2006 -11)
- General Shop & Printing shop in Birupur",BSC Member,,,,,,,,,No,,,,,,
Lakhisarai,,,,Barahiya,Male ,Pali,Manikant Paswan ,,8114517233.0,51.0,General,Dusadh,"Manikant Paswan | 51 | SC | Dusadh 
- Ward Member  defacto of Khusbho Kumari 2016
- Sarpanch second runner up 2021 ",BSC Member,,,,,,,,,No,,,,,,
Lakhisarai,,,,Barahiya,Male ,Jaitpur,Rajeev Singh ,,7320023644.0,55.0,General,Bhumihar,"Rajeev Singh | 55 | General | Bhumihar 
- Former Block Parmukh (2016-21)
- Govt. Contractor ",BSC Member,,,,,,,,,No,,,,,,
Lakhisarai,,,,Barahiya,Male ,Dumri,Shyam Dev Kumar,,9470063797.0,35.0,EBC,Dhanuk,"Shyam Dev Kumar | 35 | EBC | Dhanuk 
- Ex UpMukhiya 2016 
- Former Ward Sadsya 2011
- Ward Sadsya Runner up 2021 ",BSC Member,,,,,,,,,No,,,,,,
Lakhisarai,,,,Barahiya,Male ,Ajni Ghat,Indradev Paswan ,,9934028820.0,54.0,SC,Dusadh,"Indradev Paswan | 54 | SC | Dusadh 
- Incumbent UpParmukh defecto of his wife Nandani Devi 
- Goverment Teacher head Master ",BSC Member,,,,,,,,,No,,,,,,
Lakhisarai,,,,Barahiya,Male ,Ajni Ghat,Raj Kr. Mahto,,9771065802.0,46.0,EBC,Dhanuk,"Raj Kr. Mahto | 46 | EBC | Dhanuk 
- Third times ward member since 2011- Till 
- Farmer and Small Contractor",BSC Member,,,,,,,,,No,,,,,,
Lakhisarai,,,,Barahiya,Male ,Ajni Ghat,Manoj Saw,,9572917118.0,45.0,EBC,Teli,"Manoj Shaw | 45 | EBC| Teli 
- Incumbent Pacs Chairman 
- Big Farmer (60 Bigha )",BSC Member,,,,,,,,,No,,,,,,
Lakhisarai,,,,Barahiya,Female ,Jaitpur,Poonam Devi ,,7319720353.0,30.0,SC,Dusadh,"Poonam Devi | 30 | SC | Dusadh 
- CNRP (Community Nutrition Resources person) in Jaitpur panchayat. Six jeevika CM under her leadership since 2020",BSC Member,,,,,,,,,No,,,,,,
Lakhisarai,,,,Barahiya,Male ,Khutaha West,Utam Kumar,,9661124469.0,39.0,General,Bhumihar,"Utam Kumar | 39 | General | Bhumihar 
- Mukhiya contestent defecto of sister in law Khusma Devi in 2016 
- Goverment Post Master 
- Social worker  built Hnauman  Mandir in panchyat ",BSC Member,,,,,,,,,No,,,,,,
Lakhisarai,,,,Barahiya,Female ,Khutaha West,Kumari Pushpa ,,6201583104.0,36.0,General,Bhumihar,"Kumari Pushpa | 36 | General | Bhumihar 
- She cultivates mushrooms and produces by-products such as jam, protein powder, peda, pickles, etc. Her yearly turnover is around 10 lakhs, and she sets up stalls at various functions in Bihar.
- Mukhiya contestant since 2006",BSC Member,,,,,,,,,No,,,,,,
Lakhisarai,,,,Barahiya,Female ,Khutaha West,Nilu Devi ,,6202977459.0,41.0,General,Bhumihar,"Nilu Devi | 41 | General | Bhumihar 
- Former BJP Prakhand mahila adhyaksh (2017-20)
- Para Legal Volunteers (PLVs)  PLVs assist in legal aid services, spreading legal awareness, and helping people access justice, especially in rural and underprivileged areas. 
- Swachhta Paryavekshak (Sanitation Supervisor) works at the block level, going door-to-door to raise awareness about cleanliness and hygiene among the people. Their role includes educating communities on sanitation practices
- sachiv of VO (village organiser)",BSC Member,,,,,,,,,No,,,,,,
Lakhisarai,,,,Barahiya,Male ,Khutaha West,Roushan Kumar,,8002232222.0,37.0,General,Bhumihar,"Roushan Kumar | 37 | General | Bhumihar 
- Former Rjd panchayat adhyaksh (2020-24)
- ward member 
- Ice cream plant",BSC Member,,,,,,,,,No,,,,,,
Lakhisarai,,,,Halsi,Male ,Halsi,Praphulla Kumar ,,99557 66788,46.0,General,Bhumihar,"Praphulla | 46 | Bhumihar | Bookshop and Contractor 
- Active Supporter of Jan Suraaj since its Inception
- Father Sadanand Singh was Mukhiya for 15 years before 2001 in Halsi
- Grandfather Raksha Singh was Sarpanch in Halsi for 10 years before that
 ",BSC Member,,,,,,,,,No,,,,,,
Lakhisarai,,,,Halsi,Male ,Ballopur,Vijay Kumar Shukla ,,"7463959222
7970495349",42.0,General,Brahmin,"Vijay Kumar Shukla | 42 | Brahmin | M.A. (Philosophy)
- Incumbent Sarpanch (2021-Present) from Ballopur 
- Ex-ABVP Nagar Adhyaksh Khuti (1990-2012)
- Ex-Sachiv of Banwasi Kalyan Kendra (2014-2019)",BSC Member,,,,,,,,,No,,,,,,
Lakhisarai,,,,Halsi,Male ,Kaindi,Dr. Nirmal Kumar Aanand,,8102786917.0,47.0,General,Bhumihar,"Nirmal Kumar Aanand | 47 | Professor 

- Assistant Professor of Political Science at KSS College, Lakhisarai
- Sub-Editor of Kewal Sach Magzine from 2006-Present 
- Published multiple articles in Indian and International Journals ",BSC Member,Transferred to New Location,,,,,,,,No,,,,,,
Lakhisarai,,,,Halsi,Male ,Ballopur,Vyas Rajak,,8294492621.0,50.0,SC,Dhobi,"Vyas Rajak | 50 | ZP Runner-Up

- BJP SC/ST Prakoshth Zila Adhyaksh in 2019 
- BJP SC/ST Prakoshth Prakhand Adhyaksh in 2012
- Incumbent Ward Member from Ballopur Panchayat
- ZP Runner-Up in 2001 from Halsi",BSC Member,,,,,,,,,No,,,,,,
Lakhisarai,,,,Halsi,Male ,Halsi,binay kumar singh,,8789153644.0,55.0,General,Bhumihar,"ex PACS president (2014), PACS runner up 2019,2024",BSC Member,,,,,,,,,No,,,,,,
Lakhisarai,,,,Halsi,Male ,Ballopur,Anant Kumar Mishra,Shyam Charan Mishra,9097012829.0,41.0,General,Brahmin,"Anant Kumar Mishra | 41 | Male | General | Bhumihar

- professional businessman, owner of two ITI colleges,  located in Lakhisarai and the other in Bihar Sharif.
- fully prepared to contribute to all responsibilities entrusted to him by the party.",BSC Member,Agreed,,,,,,,,No,,,,,,
Lakhisarai,,,,Halsi,Male ,Bhanpura,rajiv ranjan,,7992431704.0,38.0,OBC,Kushwaha,"rajiv ranjan | 38 | Male | OBC | Kushwaha

- Defacto ZP Runner up (2021), securing 10908 (indira devi)
- Kushwaha kalyan samiti adhyaksh (sikandara, lakhisarai, jamui, shekhpura)
- De facto BDC 2011
- Famous Traders Business ",BSC Member,,,,,,,,,No,,,,,,
Lakhisarai,,,,Halsi,Male ,Dhira,Nawal Kishor Singh,,9905369282.0,63.0,General,Bhumihar,"Naval Kishor Singh | 63 | Male | General | Bhumihar

- defacto Zila Parishad contestant 2021,Securing 4,812 votes.(wife sudha devi contestant )                                                                                                                                                                                                                                                                                                                                                                                                                                                                                                                                                - Retired DCRL (Deputy Cllector land reforms) from Jharkhand cadre.",BSC Member,,,,,,,,,No,,,,,,
Lakhisarai,,,,Halsi,Male ,Bhanpura,Paras paswan,,9661716153.0,60.0,SC,Dusadh,"Paras Paswan | 60 | Male | SC | Dusadh 

- Ex Mukhiya 2016 from Bhanpura Pachayat.
- Mukhiya Runner Up 2021,securing 1598 votes, losses by 280 votes.
- Mukhiya contestant 2001.",BSC Member,,,,,,,,,No,,,,,,
Lakhisarai,,,,Halsi,Male ,Bhanpura,Ranjeet Kumaar,,9123250632.0,45.0,General,Bhumihar,"Ranjit Kumar | 42 | Male | General | Bhumihar

- Advocate at the Civil Court, Lakhisarai, with 13 years of experience.
- Panel Advocate for the District Legal Services Authority, Lakhisarai.
-  Treasurer Candidate in the Vakil Sangh election.
- Member of the Vigilance Committee.",BSC Member,,,,,,,,,No,,,,,,
Lakhisarai,,,,Halsi,Male ,Shirkhandi,Awadh Paswan,,9006587402.0,60.0,SC,Dusadh,"Awadh Paswan | 58 | Male | SC | Dusadh

-  Defacto Zila Parishad Contestant (2021) Securing 2782 Votes (Wife - Chandra Kala Devi)
- Zila Parishad Contestant (2011, 2016) Securing 6700 (approx) & 5500 votes  (approx)  Respectively. 
- Mandal secretary in Indian National Congress 1999.",BSC Member,,,,,,,,,No,,,,,,
Lakhisarai,,,,Halsi,Male ,Shirkhandi,Bhola Paswan ,,7480023062.0,53.0,SC,Dusadh,"Bhola Paswan | 53 | Male | SC | Dusadh 

- Two times Former Mukhiya  2006 & 2011, Securing 1345 & 1900 votes respectively. 
- BDC Contestant in 2016 & 2021.
- Good hold in his community.",BSC Member,,,,,,,,,No,,,,,,
Lakhisarai,,,,Halsi,Male ,Bhanpura,Niwas Kumar Anand ,Ram Vinay Singh,8340531958.0,30.0,General,Bhumihar,"Niwas anand | 30 | Male | General | Bhumihar | 

 - Runs “Freedom Employability academy” Foundation ( FEA) with the Capacity of 150 People.  (This foundation provides free education and computer training to people in rural areas.)
- English Teacher & Computer teacher.
- Panchayat Adhyaksh in Dainik jag-ran News Agency. ",BSC Member,Agreed,,,,,,,,No,,,,,,
Lakhisarai,,,,Halsi,Male ,Bhanpura,Pramod Kumar,,9608897453.0,45.0,OBC,Kushwaha,"Pramod Kumar | 45 | Male | OBC | Kushwaha

- De-facto ZP Contestant in 2021, securing 4589 votes. (wife : Anshu Devi)",BSC Member,he cut the call,,,,,,,,No,,,,,,
Lakhisarai,,,,Halsi,Male ,Dhira,Gaurav Kumar,,7979983438.0,35.0,General,Bhumihar,"Gaurav Kumar | 35 | Male | General | Bhumihar | 

- Incumbent Sarpanch Sangh Adhyaksh, Lakhisarai Zila 
- Incumbent Sarpanch from 2021, Securing 1479 votes. 
- Associated with JDU.",BSC Member,,,,,,,,,No,,,,,,
Lakhisarai,,,,Halsi,Male ,Mohaddinagar,Surendra Paswan ,,8002258539.0,53.0,SC,Dusadh,"Surendra Paswan | 53 | Male | SC | Dusadh

-2 Term Defacto Incumbent Sarpanch 2016 & 2021, Securing 1875 & 2424 votes in 2021.
Good hold in his community.",BSC Member,,,,,,,,,No,,,,,,
Lakhisarai,,,,Halsi,Male ,Kaindi,Yogender Kumar Ray,,7004256833.0,52.0,EBC,Dhanuk,"Yogender Kumar Ray | 52 | Dhanuk 

- Ex-Zila Parshad (2011-2016) 
- De-facto Block Pramuk and BDC (Sunita Devi) (2021-Present)
- Unopposed elected BDC from Kendi in 2021
- JDU Zila Upadhyaksh (2016-Present) ",BSC Member,,,,,,,,,No,,,,,,
Lakhisarai,,,,Halsi,Male ,Sadhmaf,Akhilesh Ram,,9934337891.0,42.0,EBC,Chandravanshi,"Akhilesh Ram | 42 | Kahar | OBC
 
- De-facto Incumbent BDC (Meena Devi) (2016-Present) 
-De-facto Sarpanch (Meena Devi) (2011-2016)",BSC Member,,,,,,,,,No,,,,,,
Lakhisarai,,,,Halsi,Male ,Geruwa Pursanda,Arvind Kumar ,,9931649781.0,42.0,OBC,Kushwaha,"Arvind Kumar | 42 | Kushwaha 
-Mukhiya Contestant with 427 votes from Gerua Pursunda ",BSC Member,Wrong Number,,,,,,,,No,,,,,,
Lakhisarai,,,,Halsi,Male ,Mohaddinagar,Makeswar Paswan,,9955000510.0,43.0,SC,Dusadh,"Makeswar Paswan | 43 | Dusadh
-Mukhiya contestant 2021",BSC Member,,,,,,,,,No,,,,,,
Lakhisarai,,,,Halsi,Male ,Geruwa Pursanda,Suresh Kumar Verma,,9973055166.0,55.0,OBC,Kushwaha,"Suresh Kumar Verma | 55 | Kushwaha

-Ex-Mukhiya Gerua Pursenda (2016-2021)  
- Mukhiya Contestant (2021)
-JDU Zila Maha Sachiv (2004-Present) 
",BSC Member,,,,,,,,,No,,,,,,
Lakhisarai,,,,Halsi,Male ,Halsi,Ramswarth Prasad Chandvanshi,,9939788456.0,50.0,EBC,Chandravanshi,"Ramswarth Prasad Chandravanshi | 50 | Chandravashi

- De-facto Sarpanch Runner-up (Wife Champa Devi) (1700+ votes) in 2021
-De-facto Mukhiya contestant (4th-900) votes- 2001

",BSC Member,,,,,,,,,No,,,,,,
Lakhisarai,,,,Halsi,Female ,Mohaddinagar,Meena Devi,,9973055630.0,50.0,EBC,Teli,"-Meena Devi | 50 | Teli

-BDC Runner up from Mohhdinagar(2021)
-Asha Worker",BSC Member,,,,,,,,,No,,,,,,
Lakhisarai,,,,Halsi,Male ,Dhira,Gopal Kumar,,079828 45717,36.0,General,Bhumihar,"Gopal Kumar | 36 | Bhumihar 

-Incumbent Mukhiya Sangh Adhyaksh (2021-Present)
-Incumbent Mukhiya from Dhira (2021-Present)",BSC Member,,,,,,,,,No,,,,,,
Lakhisarai,,,,Halsi,Male ,Mohaddinagar,Chandan Kumar ,,097098 27909,36.0,SC,Ravidas,"Chandan Kumar | 36 | Ravidas (SC) 
 Graduation ( History Hon. ), CTI, ITI
 -De-facto Incumbent Mukhiya (wife Reena Kumari ) ( 2016-present)",BSC Member,,,,,,,,,No,,,,,,
Lakhisarai,,,,Halsi,Male ,Halsi,Mouleshwari Ram ,,076438 65914,42.0,EBC,Chandravanshi,"Mouleswari Ram | 42 | Chandravanshi 
-Ex-BDC from Halsi (2006-2011) 
- BDC Runner-up from Halsi (2021)
-Govt. Teacher",BSC Member,,,,,,,,,No,,,,,,
Lakhisarai,,,,Halsi,Male ,Halsi,Jainul Haque,,8540023827.0,50.0,Minority,Muslim,"Jainul Haque | 50 | Muslim
- De-facto Ex-Mukhiya( Wife Raine Mohmmadi) from Halsi (2001-2005) and (2016-2021)
- JDU Pradesh Sachiv Alpsankhyak Prakost (2023-Present)
-Zila Adhyksh Lakhisarai (2020-2023)",BSC Member,,,,,,,,,No,,,,,,
Lakhisarai,,,,Halsi,Male ,Halsi,Motilal Kewat,,6204075065.0,44.0,EBC,Keot,"Motilal Kewat | 44 | Keot
-BDC contestant from Halsi (419 votes) in 2021
 Panch from Halsi (2006-2011)",BSC Member,,,,,,,,,No,,,,,,
Lakhisarai,,,,Halsi,Female ,Kaindi,Babita Kumari ,,9097464829.0,37.0,EBC,Dhanuk,"Babita Kumari | 37 | Dhanuk 
-2 term consecutive Incumbent Sarpanch from Kaindi (2016-Present)",BSC Member,,,,,,,,,No,,,,,,
Lakhisarai,,,,Halsi,Male ,Kaindi,Balak Paswan,,7091214303.0,42.0,SC,Dusadh,"Balak Paswan| 42 | Dusadh 
- Ward Sadsya from Kaindi ( ward no. 15)",BSC Member,,,,,,,,,No,,,,,,
Lakhisarai,,,,Halsi,Male ,Pratappur,Sunil Kumar ,,9973055427.0,39.0,EBC,Teli,"Sunil Kumar | 39 | Teli 
-Mukhiya Contestant from Pratapur (2021) with 1607 votes 
-JDU Nagar Adhyksh Lakhisarai (2021-Present)",BSC Member,,,,,,,,,No,,,,,,
Lakhisarai,,,,Halsi,Male ,Halsi,Santosh Kumar ,,62073 57039,37.0,General,Bhumihar,"Santosh Kumar |37 | Bhumihar | Graduate in B.Com
-De-facto Incumbent Mukhiya (Mother Abha Kumari) (2021-Present)
- Cousin Ankaj Kumar is Ex-PACS Adhyksh(2010-2015) from Halsi
-Cousin Chandan Kumar Incumbent PACS (2019-Present) from Halsi",BSC Member,,,,,,,,,No,,,,,,
Lakhisarai,,,,Halsi,Male ,Halsi,Bhagirath Singh,,,78.0,General,Bhumihar,"-Bhagirath  Sharma | 78 | Bhumihar 
- Founder and Patron of Bihar Pensonor Samaj Shakha Halsi (2012-Present)
-Built Gayatri Mandir in 2014 in Halsi  
- Retired Govt Teacher (33 years Sevice)",BSC Member,,,,,,,,,No,,,,,,
Lakhisarai,,,,Halsi,Male ,Bhanpura,Sunil Choudhary ,,7909092847.0,35.0,SC,Pasi,"Sunil Choudhary | 35 | Pasi (SC) 
-Sarpanch Runner-up from Bhanpura (2021)",BSC Member,,,,,,,,,No,,,,,,
Lakhisarai,,,,Halsi,Male ,Halsi,Vinay Kumar Singh ,,8789153644.0,56.0,General,Bhumihar,Vinay Kumar Singh | 56 | Bhumihar | M.A.(Political Science) -Ex-PACS Adhyaksh (2014-2019) from Halsi ,BSC Member,,,,,,,,,No,,,,,,
Lakhisarai,,,,Halsi,Male ,Shirkhandi,Ram Vriksh Nonia ,Lt Rajeshwar Mahato,9122071549.0,58.0,EBC,Nonia,Ram Vriksh Nonia | 58 | Nonia (SC) -Incumbent Sarpanch (2021-Present ) from Shirkhandi ,BSC Member,,,,,,,,,No,,,,,,
Lakhisarai,,,,Halsi,Male ,Shirkhandi,Lalbahadur Kewat ,,70506 74437,53.0,EBC,Kevart,Lalbahadur Kewat | 53 | Nishad -De-facto Incumbent Mukhiya (Wife Kunti Devi) (2021-Present) from Shirkhandi -BJP Kishan Prakost Adhyaksh Lakhisarai (2023-Present),BSC Member,,,,,,,,,No,,,,,,
Lakhisarai,,,,Halsi,Male ,Shirkhandi,Sharavan Kumar ,,099399 68445,36.0,OBC,Kushwaha,"Sharavan | 36 | Kushwaha | Gramin Bank Manager 
-Incumbent Up-Pramukh of Halsi and Incumbent BDC from Shirkhandi (2021-Present)
- Associated with BJP from 10 years",BSC Member,,,,,,,,,No,,,,,,
Lakhisarai,,,,Halsi,Male ,Shirkhandi,Bhola Paswan ,,74800 23062,53.0,SC,Dusadh,"Bhola Paswan | 53 | Dusadh  

2 Term Ex-Mukhiya (2006-2016) from Shirkhandi ",BSC Member,,,,,,,,,No,,,,,,
Lakhisarai,,,,Halsi,Male ,Shirkhandi,Krishan Murari Singh ,,6203771186.0,47.0,General,Bhumihar,"Krishan Murari Singh | 47 | Bhumihar

 -Ex-Vyapaar Mandal Adhyaksh (2014-2019) 
-3 Term Incumbent PACS Adhyaksh (2008-Present) from Shirkhandi ",BSC Member,,,,,,,,,No,,,,,,
Lakhisarai,,,,Halsi,Male ,Bhanpura,Panku Kumar,,9973820654.0,32.0,SC,Ravidas,"Panku Kumar | 32 | Ravidas | 

B.A. in Sanskrit 
-Incumbent Sarpanch 2021-Present) from Bhanpura 
",BSC Member,,,,,,,,,No,,,,,,
Lakhisarai,,,,Halsi,Male ,Kaindi,Bhaso Paswan ,Lt Churaman Paswan,9006516280.0,49.0,SC,Dusadh,"Bhaso Paswan | 49 | Dusadh | Private Teacher
-Ex-BDC (2016-Present) from Kaindi 
-Ex-Ward (2001-2006) ",BSC Member,Agreed,,,,,,,,No,,,,,,
Lakhisarai,,,,Halsi,Male ,Kaindi,Tripurari Paswan ,,9572580241.0,42.0,SC,Dusadh,"Tripurari Paswan | 42 | Dusadh
-Ex-Ward (2011-2016) in Kaindi 
-Wife Sudama Devi is Ex- School Committee Adhyaksh (2016-2019) in kaindi",BSC Member,,,,,,,,,No,,,,,,
Lakhisarai,,,,Halsi,Male ,Ballopur,Raja Ram Sharma ,,72501 45192,65.0,General,Bhumihar,"Raja Ram Sharma | 65 | Bhumihar | Civil Engineering 
- Incumbent Mukhiya (2021-Present) from Ballopur 
- Mukhiya Runner up (2016) from Ballopur 
- Father  Bhola Prasad Singh was Sarpanch for 15+ years after Independence 
- Son-in-law of Late Rajo Singh Ex- MP from Begusarai and Ex-MLA Shekhpura",BSC Member,,,,,,,,,No,,,,,,
Lakhisarai,,,,Halsi,Male ,Ballopur,Anil Kumar,,8969486253.0,54.0,OBC,Nai,"Anil Kumar | 54 | Nai (OBC) | B.sc 

-Gramin Chikitisak (2000-Present) in Ballopur
 - Certified by Samudayik Swastya Karykarm (N.I.O.S) in 2021
 - Active Volunteer Dots for TB patients at Panchayat Level (2011-Present) -RCM distributor """,BSC Member,Call Not Recived,,,,,,,,No,,,,,,
Lakhisarai,,,,Halsi,Male ,Ballopur,Niranjan Kumar ,,77629 85616,38.0,SC,Dhobi,"Niranjan Kumar | 38 | Rajak | Khaad Shop
- Incumbent BDC (2021-Present) from Ballopur 
- JDU supporter ",BSC Member,,,,,,,,,No,,,,,,
Lakhisarai,,,,Halsi,Male ,Mohaddinagar,Surender Paswan ,,80022 58539,50.0,SC,Dusadh,"Surender Paswan | 50 | Dusadh
-De-facto 2 term Incumbent Sarpanch (Wife Shanti Devi) (2016-Present) ",BSC Member,Call Not Recived,,,,,,,,No,,,,,,
Lakhisarai,,,,Halsi,Male ,Halsi,Anil Singh ,,8603642927.0,56.0,General,Bhumihar,"Anil Singh | 56 | Male | General | Bhumihar 

- 4 term Incumbent Sarpanch (2006-2016) and De-facto (Wife Madhuri Devi) (2016-Present)
",BSC Member,,,,,,,,,No,,,,,,
Lakhisarai,,,,Halsi,Male ,Dhira,Masudan Yadav ,Late Harishchandra Yadav,9801900981.0,45.0,OBC,Yadav,"Masudan Yadav | 48 | Yadav
- De-facto Ex-BDC ( wife Janki devi) (2016-2021)
-RJP Panchayat President of Dhira (2016-Present)",BSC Member,Ready for OBC BP,Obc President,Block PH,OBC,,,,,No,,,,,,
Lakhisarai,,,,Halsi,Male ,Dhira,Sonu Kumar Kushwaha ,,9155450721.0,29.0,OBC,Kushwaha,"Sonu Kumar Kushwaha | 29 | Kushwaha 

- Sarpanch Contestant with 1054 votes in (2021) from Dhira 
- BJP's Social media Seh-Zilla Adhyksh (2020-Present)
-BJP's Booth Adhyksh (2022-Present) Booth no. 366
-Panchayati Raj Prakosth Prakand Sanyojak Halsi (2013-2020)",BSC Member,,,,,,,,,No,,,,,,
Lakhisarai,,,,Halsi,Male ,Dhira,Pradeep Sharma ,,,53.0,EBC,Badhai,"Pradeep Sharma | 53 | Badhai 
- De-facto Ward (wife Kunti Devi) (2021- Present)",BSC Member,,,,,,,,,No,,,,,,
Lakhisarai,,,,Halsi,Male ,Pratappur,Anil Saw ,,91624 17874,45.0,OBC,Teli,"Anil Saw | 45 | Teli 

-Incumbent Sarpanch ( 2016-Present) from Pratapur 
- works as Halvai ",BSC Member,,,,,,,,,No,,,,,,
Lakhisarai,,,,Halsi,Male ,Pratappur,Pankaj Kumar ,,9308487428.0,34.0,OBC,Koiri,"Pankaj Kumar | 34 | Koeri| B.A. (Geography)
- Ward Member (2021-Present)
- BJP's Yuva Morcha Prakhand Adhyksh (2022-2024)
- BJP (2019-Present)
",BSC Member,,,,,,,,,No,,,,,,
Lakhisarai,,,,Halsi,Male ,Pratappur,Singheshwar Mahto,,6206587069.0,54.0,OBC,Kushwaha,"Singheshwar Mahto | 54 | Kushwaha 
- Ex-Sarpanch ( 2011-2016)  from Pratapur 
-  De-facto Ex- Up-Mukhiya ( wife Sonmati Devi) (2006-2011) from Pratapur ",BSC Member,He is not at home,,,,,,,,No,,,,,,
Lakhisarai,,,,Halsi,Male ,Pratappur,Naresh Mahto ,,9801514483.0,60.0,OBC,Kushwaha,"Naresh Mahto | 60 | Kushwaha 
- De-facto Ex-Mukhiya ( wife Sama Devi) (2006-2011)
- Mukhiya Contestant (2011) from Pratapur 
",BSC Member,,,,,,,,,No,,,,,,
Lakhisarai,,,,Halsi,Male ,Pratappur,Bhuneshwar Pandit ,,9504440117.0,59.0,OBC,Kumhar,"Bhuneshwar Pandit | 59 | Kumhar 
- 2 time Sarpanch Runner up (2016 and 2021) from Pratapur 
- BJP's Panchayat Adhyksh of Pratapur ( 2009- 2019)
- BJP's Prakhand Upadhyksh ( 2022-Present)",BSC Member,,,,,,,,,No,,,,,,
Lakhisarai,,,,Halsi,Male ,Pratappur,Ravinder Kumar ,,9852119233.0,40.0,OBC,Teli,"Ravinder Kumar | 40 | Teli 
- Up-Mukhiya unopposed (2021- Present)
",BSC Member,,,,,,,,,No,,,,,,
Lakhisarai,,,,Halsi,Male ,Pratappur,Kusheshwar Mahto ,,9534564122.0,60.0,OBC,Kushwaha,"Kusheshwar Mahto | 60 | Kushwaha 
- Up-Sarpanch (2021-Present) from Pratapur 
- 2 term Panch ( 2016- Present) from Pratapur ",BSC Member,In JD(U),,,,,,,,No,,,,,,
Lakhisarai,,,,Halsi,Male ,Pratappur,Kapil Dev Mahto ,,91629 07090,51.0,OBC,Kushwaha,"Kapil Dev Mahto | 51 | Kushwaha 

-  2 term De-facto Ex-Pramukh (2006-2011) of Halsi
-  De-facto Ex-BDC (2001-2017)
-  JDU's Zilla Upadhyksh ( 2021-2024)
- JDU's Zilla Yuva Adhyksh ( 2018- 2021)
- JDU's Zilla Mahasachiv ( 2015-2018)
- JDU's Prakhand Adhyksh of Halsi 3 term ( 2008-2017)
- Samta Party first Prakhand Adhyksh of Halsi (1994-2003)",BSC Member,,,,,,,,,No,,,,,,
Lakhisarai,,,,Halsi,Male ,Pratappur,Tutun Saw ,,9973407614.0,42.0,OBC,Teli,"Tutun Saw | 42 | Teli
- Ex-Mukhiya Mukhiya ( 2016-2021) from Pratapur 
",BSC Member,,,,,,,,,No,,,,,,
Lakhisarai,,,,Halsi,Male ,Pratappur,Birender Mahto ,,98011 33734,56.0,OBC,Kushwaha,"Birender Mahto | 56 | Kushwaha 
- 3 term Incumbent PACS Adhyksh ( 2009-Present ) from Pratapur ",BSC Member,,,,,,,,,No,,,,,,
Lakhisarai,,,,Halsi,Male ,Shirkhandi,Avdesh Thakur ,,95082 65297,45.0,OBC,Nai,"Avdesh Thakur | 45 | Nai 
- Incumbent BDC ( 2016-Present) from Shirkhindi ",BSC Member,,,,,,,,,No,,,,,,
Lakhisarai,,,,Halsi,Male ,Pratappur,Kishori Saw ,,9801780566.0,45.0,OBC,Teli,"Kishori Saw |  45 | Teli | 


- De-facto BDC Contestant ( wife Usha Devi) 700+ votes
- Ward ( 2006) from Pratapur ",BSC Member,,,,,,,,,No,,,,,,
Lakhisarai,,,,Halsi,Male ,Sadhmaf,Shyam Yadav ,Late Angnu Yadav,95080 21580,42.0,OBC,Yadav,"Shyam Yadav | 42 | Yadav
- De-facto Mukhiya ( wife Renu Devi) 2021-Present",BSC Member,Ready For OBC BP,Obc President,Block PH,OBC,,,,,No,,,,,,
Lakhisarai,,,,Halsi,Male ,Sadhmaf,Manoj Kumar ,,9931295451.0,54.0,EBC,Chandravanshi,"Manoj Kumar | 54 | Chandravanshi 

- Incumbent BDC( 2021-Present)",BSC Member,,,,,,,,,No,,,,,,
Lakhisarai,,,,Halsi,Male ,Sadhmaf,Ajit Kumar Yadav ,,8969294092.0,33.0,OBC,Yadav,"Ajit Kumar Yadav | 33 | Yadav 
- Panch ( 2021-Present)
",BSC Member,,,,,,,,,No,,,,,,
Lakhisarai,,,,Halsi,Male ,Mohaddinagar,Shankar Kumar ,,96312 28890,51.0,OBC,Kushwaha,"Shankar Kumar | 51 | Kushwaha 
- De-facto Incumbent BDC ( wife Lalita Devi) ( 2021-Present) from Gerua Pursunda 
- Ex- BDC ( 2001-2006) from Gerua Pursunda
- associated with Rastriya Lok Sampta Party",BSC Member,,,,,,,,,No,,,,,,
Lakhisarai,,,,Halsi,Male ,Mohaddinagar,Rajkumar,,99556272235.0,40.0,OBC,Kushwaha,"Rajkumar | 40 | Kushwaha 
- De-facto Ex-BDC (wife Shridevi) 2016-2021
- De-facto BDC contestant ( 2021) ",BSC Member,Wrong number,,,,,,,,No,,,,,,
Lakhisarai,,,,Halsi,Male ,Mohaddinagar,Pawan Mahto ,,8340539276.0,36.0,OBC,Kushwaha,"Pawan Mahto | 36 | Kushwaha 


- De-facto Incumbent BDC ( Wife Ganita Devi)
",BSC Member,not in party,,,,,,,,No,,,,,,
Lakhisarai,,,,Halsi,Male ,Ballopur,Kedar Das,,95464 92968,53.0,SC,Chammar,"Kedar Das | 53 | Chamar
- BDC Contestant (2021) from Ballopur with 840 votes
- PACS Runner Up (2014) from Ballopur
",BSC Member,,,,,,,,,No,,,,,,
Lakhisarai,,,,Halsi,Male ,Ballopur,Bipin Bihari Bharti ,,79090 91206,58.0,General,Bhumihar,"Bipin Bihari Bharti | 58 | Bhumihar 
- 3 term De-facto Ex-Sarpanch (Bhabhi Funda Devi) 2006-2021
-De-facto Sarpanch Runner Up (2021)
Father Late Gauri Singh was Mukhiya (1978-2001) from Ballopur ",BSC Member,,,,,,,,,No,,,,,,
Lakhisarai,,,,Halsi,Male ,Ballopur,Ram vilash Singh ,,8521515725.0,69.0,General,Bhumihar,"Ram vilash Singh | 69 | Bhumihar 
- Up-Mukhiya (2021-Present)
- 2 term Ward (2016-Present)
- JDU Panchayat Adhyksh (2021-Present)",BSC Member,,,,,,,,,No,,,,,,
Lakhisarai,,,,Halsi,Male ,Ballopur,Anand Kumar Shukla ,,7992358466.0,24.0,General,Bhumihar,"Anand Kumar Shukla | 24 | Bramin
- B.Farma (Munger University) (2020-2024)
- Diploma in Healthcare Care ( 2017-2018) from Aryabhatta Knowledge University Patna 
- Dresser (2023-2024) from from Paasm Nursing Education & Hospital Sasaram 
- R.M.P (2015-2017) from Bihar Sharif 
- Member of Panchayat Vikash Morcha (Ballopur) (2020-Present)",BSC Member,,,,,,,,,No,,,,,,
Lakhisarai,,,,Halsi,Male ,Ballopur,Ranjay Kumar Urf Manohar Singh ,,99559 00388,38.0,General,Bhumihar,"Ranjay Kumar Urf Manohar Singh | 38 | Bhumihar 
- BJP Halsi Prakhand Adhyksh (2020-Present)
- BJP Halsi Prakhand Mahamantri (2010-2020)
- BJP Ballopur Panchayat Adhyksh (1998-2010)
- Mukhiya Contestant from Ballopur (2021)
",BSC Member,,,,,,,,,No,,,,,,
Lakhisarai,,,,Halsi,Male ,Dhira,Ram Naresh Singh ,,9934066338.0,65.0,General,Bhumihar,"Ram Naresh Singh | 65 | Bhumihar 

- Halsi Vyapar Mandal Adhyksh (2022-Present)
- 3 term PACS Adhyksh (2009-Present ) from Dhira",BSC Member,,,,,,,,,No,,,,,,
Lakhisarai,,,,Halsi,Male ,Ballopur,Dhramraj Kumar,,7667405126.0,41.0,EBC,Chandravanshi,"Dhramraj Kumar | 41 | Community Leader 
- Influential personality from Chandervansi Community 
- prominent name in Bela village",BSC Member,,,,,,,,,No,,,,,,
Lakhisarai,,,,Halsi,Male ,Ballopur,Sitaram Rajak ,,9955439332.0,76.0,SC,Dhobi,"Sitaram Rajak | 76 | Up Mukhiya 

- Up-Mukhiya from Ballopur Panchayat in 1978",BSC Member,,,,,,,,,No,,,,,,
Lakhisarai,,,,Halsi,Male ,Ballopur,Vinay Kumar ,,7463023254.0,34.0,General,Bhumihar,"Vinay Kumar | 34 | BJPs Booth Adhyaksh 

- BJP's Booth Adhyaksh Ballopur from 2022-2024
- Owning Multiple businesses like Transportation and building materials ",BSC Member,,,,,,,,,No,,,,,,
Lakhisarai,,,,Halsi,Male ,Ballopur,Raja Ram Sharma ,,72501 45192,65.0,General,Bhumihar,"Raja Ram Sharma | 65 | Bhumihar | Civil Engineering 

- Incumbent Mukhiya (2021-Present) from Ballopur 
- Mukhiya Runner up (2016) from Ballopur 
- Father  Bhola Prasad Singh was Sarpanch for 15+ years after Independence 
- Son-in-law of Late Rajo Singh Ex- MP from Begusarai and Ex-MLA Shekhpura",BSC Member,,,,,,,,,No,,,,,,
Lakhisarai,,,,Halsi,Male ,Ballopur,Raju kumar / Bablu singh,,9661034917.0,48.0,General,Bhumihar,"

-Second time PAC's Adhayksha
-Relative of Rajiv Ranjan ",BSC Member,,,,,,,,,No,,,,,,
Lakhisarai,,,,Halsi,Male ,Ballopur,Vijay Kumar Shukla ,,7463959222.0,42.0,General,Brahmin,"Vijay Kumar Shukla | 42 | Brahmin | M.A. (Philosophy)

- Incumbent Sarpanch (2021-Present) from Ballopur 
- Ex-ABVP Nagar Adhyaksh Khuti (1990-2012)
- Ex-Sachiv of Banwasi Kalyan Kendra (PAN) (2014-2019)",BSC Member,,,,,,,,,No,,,,,,
Lakhisarai,,,,Halsi,Male ,Geruwa Pursanda,Vipin Kumar Sharma,,9304192756.0,43.0,General,Bhumihar,"
-Panchayt Samiti (2021-till date)
-Sarpanch Runner-up (2016)
-Farmer
- Transport Business
- Not associated with any party.
",BSC Member,,,,,,,,,No,,,,,,
Lakhisarai,,,,Halsi,Male ,Sadhmaf,Manoj Kumar ,,9931295451.0,55.0,EBC,Chandravanshi,"Incumbent Panchayat samiti 
-De-facto Mukhiya ( 2011-16)
- 2 time runner-up Mukhiya, 
- Up sarpanch (2011-16)
                   
- Former RJD Panchyat adyaksh",BSC Member,,,,,,,,,No,,,,,,
Lakhisarai,,,,Suryagarha,Male ,Avgil Rampur,Manish Kumar,,9939910183.0,32.0,General,Bhumihar,"- Director of Arya International school 
- Runs durga Book stall in Halsi
- Family having 16 private schools 
",BSC Member,,,,,,,,,No,,,,,,
Lakhisarai,,,,Halsi,Male ,Mohaddinagar,Chandan Kumar ,,9709827909.0,35.0,,Ravidas,"Graduation ( History Hon. ), CTI, ITI
 -De-facto Incumbent Mukhiya (wife Reena Kumari ) ",BSC Member,,,,,,,,,No,,,,,,
Lakhisarai,,,,Halsi,Male ,Geruwa Pursanda,sankar mahto,,9631228890.0,50.0,OBC,Dhanuk,,BSC Member,,,,,,,,,No,,,,,,
Lakhisarai,,,,Halsi,Male ,Kaindi,Rajnandan singh ,,9931994781.0,65.0,OBC,Kurmi,"Rajnandan Singh | 65 | Male | OBC | Kurmi

- Defacto Mukhiya Runner up 2021, securing 1595 votes (wife : Chitra devi).
- Mukhiya Runner up in 2011.
- Mukhiya 1st Runner up in 2016, securing 821votes.",BSC Member,,,,,,,,,No,,,,,,
Lakhisarai,,,,Halsi,Male ,Kaindi,munna kumar singh,,8757569063.0,42.0,General,Rajput,"Munna Kumar Singh | 42 | Male | General | Rajput

- Social activist in Halsi Prakhand.",BSC Member,,,,,,,,,No,,,,,,
Lakhisarai,,,,Halsi,Male ,Geruwa Pursanda,saurabh anand rai,,8210955043.0,32.0,OBC,Kushwaha,"Saurabh Anand Rai | 32 | Male | OBC | Kushwaha

- Defecto Ex Mukhiya in 2016, securing 1350 votes.
-  Father was Mukhiya in 2006 & 2011.
- Defacto 1st Runner up Mukhiya in 2021, securing 891 votes.
- Father was Ex 1st runnerup Mukhiya in 2001.",BSC Member,Call two times  but not received,,,,,,,,No,,,,,,
Lakhisarai,,,,Halsi,Male ,Kaindi,Ranjeet Kumar,,9934135169.0,40.0,OBC,,"Ranjit Kumar | 40 | Male | OBC

- 2nd Runner up Sarpanch in 2021, securing 767 votes (wife : Anju Devi).
- Ward Member from (ward no 8-kaindi). ",BSC Member,not in party,,,,,,,,No,,,,,,
Lakhisarai,,,,Halsi,Male ,Kaindi,Yogender Kumar Rai,,7004256833.0,45.0,SC,Dhanuk,"Yogender Kumar Ray | 52 | Dhanuk 

- Ex-Zila Parshad (2011-2016) 
- De-facto Block Pramuk and BDC (Sunita Devi) (2021-Present)
- Unopposed elected BDC from Kendi in 2021
- JDU Zila Upadhyaksh (2016-Present) ",BSC Member,,,,,,,,,No,,,,,,
Lakhisarai,,,,Halsi,Male ,Pratappur,Ram lakhan prasad ,,7644977743.0,65.0,EBC,Teli,"Ram Lakhan Prasad | 65 | Male | EBC | Teli

- Incumbent Mukhiya in 2021, securing 2614 votes.
- Mukhiya Runner up in 2016, securing 1079 votes.",BSC Member,,,,,,,,,No,,,,,,
Lakhisarai,,,,Halsi,Male ,Pratappur,Tutun Saw ,,7004054862.0,40.0,EBC,Teli,"Tuntun Saw | 40 | Male | EBC | Teli 

- EX Mukhiya in 2016, securing 1410 votes.",BSC Member,,,,,,,,,No,,,,,,
Lakhisarai,,,,Halsi,Male ,Halsi,Panchanand Sharma,,8809313747.0,50.0,General,Bhumihar,"Panchanand Sharma | 50 | Male | General | Bhumihar

- BJP Mandal adhyaksh (2009-15), 
- BJYM district president in 2006.",BSC Member,,,,,,,,,No,,,,,,
Lakhisarai,,,,Halsi,Male ,Kaindi,Dr Jaiprakash Kumar ,,7572718554.0,65.0,General,Bhumihar,"Dr. Jai Prakash Kumar | 65 | Male | General | Bhumihar

homeopathic doctor ",BSC Member,,,,,,,,,No,,,,,,
Lakhisarai,,,,Halsi,Male ,Pratappur,Prakash Bind,,9631648209.0,55.0,EBC,Chandravanshi,"Prakash Bind | 55 | Male | EBC | Chandrawanshi

- EX Mukhiya (2001-06).
- Mukhiya Contestant in 2006.",BSC Member,,,,,,,,,No,,,,,,
Lakhisarai,,,,Halsi,Male ,Ballopur,ranjan kumar singh ,,9955900388.0,42.0,General,Bhumihar,"Ranjan Kumar Singh | 42 | Male | General | Bhumihar

- BJP Mandal Adhyaksh from 2022 to present.",BSC Member,,,,,,,,,No,,,,,,
Lakhisarai,,,,Halsi,Male ,Halsi,rahul sharma,,9931742291.0,40.0,General,Bhumihar,"Rahul Sharma | 40 | Male | General | Bhumihar

- Ex Mukhiya in 2006 (Anpurna Devi -mother)
- Defacto Ex Mukhiya Runner Up 2011, 2016 (anpurna devi- mother)
- Defacto Ex Mukhiya Runner Up 2021, securing 872 votes, (anpurna devi- mother)",BSC Member,,,,,,,,,No,,,,,,
Lakhisarai,,,,Halsi,Male ,Ballopur,anil singh ,,9798405739.0,66.0,General,Bhumihar,"Anil Singh | 66 | Male | General | Bhumihar

- Ex RJD Panchayat Adhyaksh
- Well active in Ballopur Pachayat ",BSC Member,,,,,,,,,No,,,,,,
Lakhisarai,,,,Halsi,Male ,Bhanpura,chandra bhushan sharma,,8757326861.0,50.0,General,Bhumihar,"Chandra Bhushan Sharma | 50 | Male | General | Bhumihar

- Loan Recovery Manager",BSC Member,,,,,,,,,No,,,,,,
Lakhisarai,,,,Halsi,Male ,Halsi,Ramnath Kumar urf Pintu kumar,,62004744810.0,28.0,General,Bhumihar,"Ramnath | 28 | Male | General | Bhumihar

- defacto Zila Parishad contestant 2021, received 3867 votes.(contestant- Puja Kumari)                                                                                                                                 - defacto ward member, (contestant - his mother) 
- Active In youth Politics",BSC Member,,,,,,,,,No,,,,,,
Lakhisarai,,,,Halsi,Male ,Bhanpura,Virendra Singh,,9661179539.0,48.0,General,Bhumihar," Virendra Singh | 48 | Male | General | Bhumihar

- PACS President 2014
- PACS contestant in 2019, 2024",BSC Member,,,,,,,,,No,,,,,,
Lakhisarai,,,,Halsi,Male ,Bhanpura,Vinod Singh,,7488976126.0,48.0,General,Bhumihar,"Vinod Singh | 48 | Male | General | Bhumihar

- Ward member 2001-2021 (When the women's seat came, his wife became a member.)
- Ex Up Mukhiya (2001-2006).
- Milk Dairy Business",BSC Member,,,,,,,,,No,,,,,,
Lakhisarai,,,,Halsi,Male ,Bhanpura,Aditya Kumar ,,8114547756.0,50.0,General,Bhumihar,"- Aaditya Kumar (Biltu) | 50 | Male | General | Bhumihar

- Ward Secretary from last 10 years.
- BA Philosophy from Patna University.",BSC Member,,,,,,,,,No,,,,,,
Lakhisarai,,,,Halsi,Male ,Shirkhandi,Ram vriksh Nonia,,9122071549.0,45.0,SC,Nonia,"Ram vriksh Nonia | 45 | Male | SC | Nonia

- Defacto incumbent Sarpanch 2021 (Wife- Rekha Devi) securing 1799 votes. 
- Very well hold in his Village & also SIRKHINDI Panchayat.",BSC Member,,,,,,,,,No,,,,,,
Lakhisarai,,,,Halsi,Male ,Shirkhandi,Vijay Kumar Kushwaha,,9199090526.0,40.0,OBC,Kushwaha,"Vijay kumar Kushwaha | 40 | Male | OBC | Kushwaha 

- Owner of Own school Star Vision Public School with the capacity of 300 Students from narsari to 8th class. 
- Graduate in Math from Patna university.",BSC Member,,,,,,,,,No,,,,,,
Lakhisarai,,,,Halsi,Male ,Shirkhandi,Lalbahadur Kewat ,,8002561849.0,45.0,EBC,Mallah,"Lal bahadur Kewat | 45 | Male | SC | Mallah

- Defacto Incumbent Mukhiya (wife- Kunti Devi) 2021, securing 
- EX Mukhiya Runner Up 2016 (losses with the margin 1 vote)
- Halsi Prakhand Secretary of Fisheries Department. 
- Associate with BJP.",BSC Member,,,,,,,,,No,,,,,,
Lakhisarai,,,,Halsi,Male ,Shirkhandi,Pawan Ram,,,50.0,EBC,Chandravanshi,"Pawan Ram | 50 | Male | EBC | Chandravanshi 

- Defacto Ex Mukhiya ( wife - Ranju devi) 2016
- Mukhiya Runner up 2021
- unopposed Ward member in 2006
- Associate with JDU",BSC Member,,,,,,,,,No,,,,,,
Lakhisarai,,,,Halsi,Male ,Pratappur,Pawan Kumar,,9931797847.0,40.0,OBC,Kushwaha,"Pawan Kumar | 40 | Male | OBC | Kushwaha 

- Defacto ZP 3rd Runner UP 2021, Securing 7879 votes. 
- PACS chairman 2019.
- His mother was Mukhiya in 2006.
- His father was Mukhiya Contestant in 2001. 
- Fully Associate with RJD. ",BSC Member,,,,,,,,,No,,,,,,
Lakhisarai,,,,Halsi,Male ,Shirkhandi,Shrawan Kumar,,9939968445.0,33.0,OBC,Kushwaha,"Shrawan kumar | 33 | Male | OBC | Kushwaha 

- Incumbent BDC UP Prakhand Pramukh from Halsi Panchayat 2021. 
- Incumbent BDC from Sirkhandi, 2021 securing 757 votes.
- His Father was PACS contestant in 2011. 
- Father was also Social Worker.",BSC Member,,,,,,,,,No,,,,,,
Lakhisarai,,,,Halsi,Male ,Shirkhandi,Abhishek Trivedi,,7858860185.0,39.0,General,Brahmin,"Abhishek Kumar Trivedi | 39 | Male | General | Brahmin

- Employee in Agriculture Department In Jamui. 
- Strong hold in Shirkhindi's Brahman Community.",BSC Member,,,,,,,,,No,,,,,,
Lakhisarai,,,,Halsi,Male ,Sadhmaf,Nazir Baig,,9955765702.0,58.0,Minority,Muslim,"Nazir Baig | 58 | Male | Minority | Muslim

- Defacto Ex Mukhiya (Nazma Begam) 2016
- Mukhiya Runner UP in 2001 & 2021
- Strong hold in Minority community & SC Community. 
- Earlier, associated with the RJD party.",BSC Member,,,,,,,,,No,,,,,,
Lakhisarai,,,,Halsi,Male ,Sadhmaf,Mithilesh Ji Ramani,,9631869882.0,47.0,EBC,Chandravanshi,"Mithilesh Ramani | 45 | Male | EBC | Chandravanshi 

- Defacto Mulhiya 2011 (Daruna Kumarai) 
- Defacto Mukhiya runner up 2006, 2016 (wife- daruna Kumari)
- Govt School Head Master.",BSC Member,,,,,,,,,No,,,,,,
Lakhisarai,,,,Halsi,Male ,Sadhmaf,Dharmendra Thakur ,,9009061683.0,40.0,EBC,Nai,"Dharmendra Thakur | 40 | Male | OBC | Nai 

- Ex BDC in 2021",BSC Member,,,,,,,,,No,,,,,,
Lakhisarai,,,,Halsi,Male ,Mohaddinagar,Manoj kumar ,,6202835429.0,48.0,SC,Dhobi,"Manoj Kumar | 48 | Male | SC | Dhobi

- De-Facto Mukhiya Runner up in 2016 & 2021, securing 1991 votes in 20121.
- Govt. School Teacher
- Assosiated with JDU Party.",BSC Member,,,,,,,,,No,,,,,,
Lakhisarai,,,,Halsi,Male ,Sadhmaf,Saroj Kumar Nirala,,7061641178.0,49.0,General,Bhumihar,"Saroj Kumar Nirala | 48 | Male | General | Bhumihar

- De-facto Sarpanch Contestant in 2021, securing 995 vote. (wife : Sotam Devi)
- His Father was Sarpanch in 2001.",BSC Member,,,,,,,,,No,,,,,,
Lakhisarai,,,,Halsi,Male ,Mohaddinagar,Maksood Khan,,7004723828.0,63.0,Minority,Muslim,"Maksood Khan | 63 | Male | Minority | Muslim

- Ex Mukhiya in 2001.
- Father was also a mukhiya for 15 years before 2001.
- Good hold in Muslim community in his panchayat.
- Assosiated with JDU party.",BSC Member,,,,,,,,,No,,,,,,
Lakhisarai,,,,Halsi,Male ,Mohaddinagar,Dinesh Mandal,,8084980975.0,49.0,EBC,Dhanuk,"Dinesh Mandal | 49 | Male | EBC | Dhanuk

- Ex Mukhiya in 2006.
- Mukhiya Runner up in 2011.
- Assosiated with JDU party.",BSC Member,,,,,,,,,No,,,,,,
Lakhisarai,,,,Halsi,Male ,Mohaddinagar,Sanjay Kumar Vibhuti,,8292662548.0,48.0,,Chaurasia,"Sanjay kumar vibhuti | 48 | Male | Chaurasiya

- PACS Adhyaksh from 2009 to till now.
- Good hold in Mohaddinagar & Halsi Panchayat.
- Assosiated with JDU party.",BSC Member,,,,,,,,,No,,,,,,
Lakhisarai,,,,Halsi,Male ,Ballopur,Niranjan Kumar ,,7762985616.0,38.0,SC,Dhobi,"Niranjan Kumar | 38 | Male | SC | Dhobi

- Incumbent BDC from 2021, Securing 1580 Votes. 
- Owner of own Fertiliser & Seed Shop in Sikandara. 
- Strong hold in his Community",BSC Member,,,,,,,,,No,,,,,,
Lakhisarai,,,,Halsi,Male ,Pratappur,Sunil Kumar ,,9973055427.0,40.0,OBC,Teli,"Sunil Kumar | 40 | Male | OBC | Teli

- Mukhiya Runner up 2021, securing 1607 votes.
- Nagar Adhyaksh JDU 2023 to till now.
- Vyavsayik Prokoshth Zila Adhyaksh 2016-21.
- His wife was JDU Mahila Zila adhyaksh 2019-21.
- Associate with JDU.",BSC Member,,,,,,,,,No,,,,,,
Lakhisarai,,,,Halsi,Male ,Bhanpura,Sunil Chaudhary,,7909092847.0,32.0,SC,Chammar,"Sunil Chaudhary | 32 | Male | ST | Chammar

- Sarpanch Runner up 2021, securing 935 votes.",BSC Member,,,,,,,,,No,,,,,,
Lakhisarai,,,,Halsi,Male ,Bhanpura,Sagar Yadav ,,9631408955.0,41.0,OBC,Yadav,"Sagar Yadav | 41 | Male | OBC | Yadav
 
- Head Master in Govt school in Bhanpura.
- Highly active in panchayat politics.
- Assosiated with RJD.",BSC Member,,,,,,,,,No,,,,,,
Lakhisarai,,,,Halsi,Male ,Bhanpura,Vaidyanath Yadav,,7739097745.0,60.0,OBC,Yadav,"Vaidyanath Yadav | 60 | Male | OBC | Yadav

- Ex Sarpanch in 2006.
- Ward member in 2001.",BSC Member,,,,,,,,,No,,,,,,
Lakhisarai,,,,Halsi,Male ,Geruwa Pursanda,Prashant Kaushal,,9199587919.0,35.0,OBC,Kushwaha,"Prashant Kaushal | 35 | Male | OBC | Kushwaha

- De-Facto Ex Zila Parishad member 2016, securing 15708 votes.
- His father was Block Pramukh 2001-2006.
-  Earlier, associated with the JDU party.",BSC Member,,,,,,,,,No,,,,,,
Lakhisarai,,,,Halsi,Male ,Dhira,Sadhu Sharan Das,,,50.0,SC,,"Sadhu Sharan Das | 50 | Male | SC 

- Ex Zila Parishad member 2001.
- MLA Contestant from Sikandara Vidhansabha.
- Farmer advisors in the agriculture department.",BSC Member,,,,,,,,,No,,,,,,
Lakhisarai,,,,Halsi,Male ,Mohaddinagar,Amirak Paswan,,7250153421.0,60.0,SC,Dusadh,"Amirak Paswan | 60 | Male | SC | Dusadh

- Mukhiya Contestant in 2016 & 2021.",BSC Member,,,,,,,,,No,,,,,,
Lakhisarai,,,,Halsi,Male ,Kaindi,Bhaso Paswan ,,9006516280.0,49.0,SC,Dusadh,"Bhaso Paswan | 49 | Dusadh | Private Teacher

- Ex-BDC 2016.
- BDC Runner up 2021, securing 341 votes.
- Ex-Ward (2001-2006).",BSC Member,,,,,,,,,No,,,,,,
Lakhisarai,,,,Halsi,Male ,Bhanpura,Swarath Paswan,,8708044859.0,42.0,SC,Dusadh,"Swarath Paswan | 42 | Male | SC | Dusadh

- Incumbent Defacto BDC 2021, securing 2077 votes (wife : Manisha Kumari).
- Ex Defacto BDC runner up 2016.
- Good hold in mandal & paswan community.",BSC Member,,,,,,,,,No,,,,,,
Lakhisarai,,,,Halsi,Male ,Dhira,Arun Kumar,,,57.0,General,Bhumihar,"Arun Kumar | 57 | Male | General | Bhumihar 

- Defacto Incumbent BDC 2021, (wife : Champa Devi) securing 855 votes.
- Ex BDC runner up 2016.",BSC Member,,,,,,,,,No,,,,,,
Lakhisarai,,,,Halsi,Male ,Dhira,Ravi Ranjan Kumar,,7011423486.0,37.0,General,Bhumihar,"Raviranjan Kumar | 37 | Male | General | Bhumihar 

- BDC contestant in 2021.
- Earlier, assosiated with BJP. ",BSC Member,,,,,,,,,No,,,,,,
Lakhisarai,,,,Halsi,Male ,Dhira,Satya narayana Prasad ,,8825183461.0,53.0,OBC,Kurmi,"Satyanarayan Prasad | 53 | Male | Mahto | Kurmi

- BDC contestant in 2021.
- Father was mukhiya before 2001 for 15 years.
- Owner of Public Medical Shop ",BSC Member,Not interested to take post,,,,,,,,No,,,,,,
Lakhisarai,,,,Halsi,Male ,Kaindi,Mukesh Kumar,Shivnandan Mandal,7004661832.0,37.0,EBC,dhanuk,"Mukesh Mahto | 37 | Male | Kurmi | Mahto

- 2 term consecutive Defacto Incumbent Sarpanch (2016-Present) (wife : Babita Kumari)
- Govt. Teacher",BSC Member,,,,,,,,,No,,,,,,
Lakhisarai,,,,Halsi,Male ,Bhanpura,Kumar Paswan,,9693901601/	9852794470,50.0,SC,Dusadh,"Kumar Paswan | 50 | Male | SC | Dusadh

- Defacto Ex BDC 2016, securing 1489 votes. (wife : Sageeta devi).
- Defacto BDC runner up 2021, securing 1927 votes.",BSC Member,,,,,,,,,No,,,,,,
Lakhisarai,,,,Halsi,Male ,Mohaddinagar,Ram naresh yadav ,,9939806008.0,56.0,OBC,Yadav,"Ram naresh Yadav | 56 | Male | OBC |Yadav

- JDU  Zila Upadhyaksh 2021-present.
- Mukhiya before 2001 for 10 years.
- INC Zila Mahasachiv in 1992.",BSC Member,,,,,,,,,No,,,,,,
Lakhisarai,,,,Halsi,Male ,Pratappur,Bhagirath Ram,,9852212476.0,60.0,SC,,"Bhagirath Ram | 60 | Male | General | Bhumihar

- Prakhand Upadhyaksh CPI Party.
- Ward member in 2001.",BSC Member,,,,,,,,,No,,,,,,
Lakhisarai,,,,Halsi,Male ,Sadhmaf,Shyam Yadav ,,95080 21580,39.0,OBC,Yadav,"Shyam Yadav | 39 | Male | OBC | Yadav

- De-facto Mukhiya ( wife Renu Devi) 2021-Present",BSC Member,,,,,,,,,No,,,,,,
Lakhisarai,,,,Halsi,Male ,Geruwa Pursanda,Dheeraj Sharma ,,9931998870.0,39.0,General,Bhumihar,"Dheeraj Sharma | 39 | Male | General | Bhumihar

- Incumbent Sarpanch 2016- till now.
- Assosiated with JDU Party.",BSC Member,,,,,,,,,No,,,,,,
Lakhisarai,,,,Halsi,Male ,Shirkhandi,Pawan Kumar,,9955467911.0,51.0,General,Bhumihar,"Pawan Kumar | Male | 51 | General | Bhumihar

- Social activist in Halsi Prakhand.
- Good hold in Shirkhindi Panchayat.
- Earlier, Assosiated with BJP.",BSC Member,,,,,,,,,No,,,,,,
Lakhisarai,,,,Halsi,Male ,Bhanpura,Ramavtar Yadav,,7277723643.0,51.0,OBC,Yadav,"Ramavtar Yadav | 51 | Male | OBC  | Yadav

- PACS Member in 2019.
- PACS Contestant in 2024 (runner up).",BSC Member,,,,,,,,,No,,,,,,
Lakhisarai,,,,Halsi,Male ,Bhanpura,Dilip Kumar Mandal,,9955613413.0,46.0,OBC,Kurmi,"Dilip Kumar Mandal | 46 | Male | OBC | Kurmi 

- Ward secretary in 2015.
- Good hold in his community.
- Farmer.  ",BSC Member,,,,,,,,,No,,,,,,
Lakhisarai,,,,Halsi,Male ,Mohaddinagar,Prof. Salauddin Khan,,,64.0,Minority,Muslim,"Salauddin Khan | 64 | Male | Muslim

- Rtd. Professor from Bhagalpur University.
- Assosiated with JDU. ",BSC Member,,,,,,,,,No,,,,,,
Lakhisarai,,,,Halsi,Male ,Bhanpura,Shri kant Saw,,7763047565.0,50.0,EBC,Teli,"Shri Kant Saw | 50 | Male | EBC | Teli 

- Ex BDC 2006. 
- Owner of General Shop. ",BSC Member,,,,,,,,,No,,,,,,
Lakhisarai,,,,Halsi,Male ,Bhanpura,Rajiv Ranjan urf Raju Paswan,,9006891420.0,42.0,SC,Dusadh,"Rajiv Ranjan | 42 | Male | SC | Dusadh

- Incumbent Mukhiya in 2021.
- Mukhiya Runner up in 2016.
- Defacto PACS Contestant in 2024 (wife : Sunita Devi).
- Dalit Sena Adhyaksh LJP Halsi Prakhand. ",BSC Member,,,,,,,,,No,,,,,,
Lakhisarai,,,,Halsi,Male ,Ballopur,Rajiv Kumar,,9661034917.0,59.0,General,Bhumihar,"Rajiv Kumar | 59 | Male | General | Bhumihar 

- Incumbent PACS Adhyaksh from 2019 to present.
- Good hold in Ballopur Panchayat.",BSC Member,,,,,,,,,No,,,,,,
Lakhisarai,,,,Halsi,Male ,Dhira,Deepak Kumar ,,9123428928.0,39.0,EBC,Dhanuk,"Deepak Kumar | 39 | Male | OBC | Dhanuk

- Mukhiya 1st Runner up in 2021 securing 502 votes.
- PACS Runner up in 2019 & 2024.",BSC Member,,,,,,,,,No,,,,,,
Lakhisarai,,,,Halsi,Male ,Geruwa Pursanda,Laxman Yadav ,,9934601438.0,30.0,OBC,Yadav,"Laxman Yadav | male | 30 | OBC | Yadav

- Incumbent Mukhiya 2021 securing 1297 votes.
- Assosiated with JDU Party.",BSC Member,,,,,,,,,No,,,,,,
Lakhisarai,,,,Halsi,Male ,Halsi,Santosh Kumar ,,6207357039.0,38.0,General,Bhumihar,"Santosh Kumar |37 | Male | General | Bhumihar | 

-De-facto Incumbent Mukhiya (Mother Abha Kumari) (2021-Present)
- Cousin Ankaj Kumar is Ex-PACS Adhyksh(2010-2015) from Halsi
-Cousin Chandan Kumar Incumbent PACS (2019-Present) from Halsi.",BSC Member,,,,,,,,,No,,,,,,
Lakhisarai,,,,Halsi,Male ,Sadhmaf,Mohd. Akbar Shah,,8271352127.0,60.0,Minority,Muslim,"Mohd. Akbar Shah | Male | 60 | Muslim

- Defacto Ex mukhiya in 2011.
- Mukhiya Contestant in 2016.
- Good hold in minority community.",BSC Member,,,,,,,,,No,,,,,,
Lakhisarai,,,,Halsi,Male ,Geruwa Pursanda,Shankar Kumar ,,96312 28890,51.0,OBC,Kushwaha,"Shankar Kumar | Male | 51 | OBC | Kushwaha 

- De-facto Incumbent BDC ( wife Lalita Devi) ( 2021-Present) from Gerua Pursunda 
- Ex- BDC ( 2001-2006) from Gerua Pursunda
- Associated with Rastriya Lok Sampta Party.
- Practitioner Doctor. ",BSC Member,Not in Home,,,,,,,,No,,,,,,
Lakhisarai,,,,Halsi,Male ,Geruwa Pursanda,Shrawan Mahto,,8084918732.0,47.0,OBC,Kushwaha,"Shrawan Mahto | Male | 47 | OBC | Kushwaha

- Defacto Ex BDC in 2016 (Wife : Gayatri devi).
- Defacto BDC 1st Runner up in 2021.",BSC Member,,,,,,,,,No,,,,,,
Lakhisarai,,,,Halsi,Male ,Kaindi,Chandan Kumar ,,9572580911.0,39.0,General,Bhumihar,"Chandan Kumar | 39 | Male | General | Bhumihar

- Defacto incumbent mukhiya in 2021 (wife : Sweta Sharma).
- Defacto mukhiya runner up in 2016 securing 949 votes.",BSC Member,,,,,,,,,No,,,,,,
Lakhisarai,,,,Halsi,Male ,Ballopur,Ranjay Kumar,,9955900388.0,44.0,General,Bhumihar,"Ranjay Kumar | 44 | Male | General | Bhumihar

- BJP Halsi Prakhand Adhyksh (2020-Present)
- BJP Halsi Prakhand Mahamantri (2010-2020)
- BJP Ballopur Panchayat Adhyksh (1998-2010)
- Mukhiya contestant in 2021 securing 512 votes.
- Assosiated with BJP Party.",BSC Member,,,,,,,,,No,,,,,,
Lakhisarai,,,,Halsi,Male ,Kaindi,Rajesh Manjhi,,8292028512.0,39.0,SC,,"Rajesh Manjhi | 39 | Male | SC 

- BDC runner up in 2016, securing 671 votes.
- BDC Contestant in 2021, securing 395 votes. 
- Good hold in his community.",BSC Member,,,,,,,,,No,,,,,,
Lakhisarai,,,,Halsi,Male ,Halsi,Mouleshwari Ram ,,76438 65914,42.0,EBC,Chandravanshi,"Mouleswari Ram | 42 | Male | EBC | Chandravanshi 

- Ex-BDC from Halsi (2006-2011).
- Defacto BDC Runner-up in 2021, securing 838 votes (father : Chandreshwar Ram).
- Defacto BDC runner up 2016, securing 446 votes.
-Govt. Teacher.",BSC Member,,,,,,,,,No,,,,,,
Lakhisarai,,,,Halsi,Male ,Mohaddinagar,Sanjay Kumar Singh,,6205588225/8092212366,55.0,General,Bhumihar,"Sanjay Kumar Singh | Male | 55 | General | Bhumihar

- Defacto BDC 1st runner up in 2021 securing 935 votes (wife : Rupam devi)
- Defacto BDC Contestant in 2016 securing 533 votes.",BSC Member,,,,,,,,,No,,,,,,
Lakhisarai,,,,Halsi,Male ,Dhira,Gopal Kumar,,79828 45717,36.0,General,Bhumihar,"Gopal Kumar | 36 | Bhumihar 

- Incumbent Mukhiya Sangh Adhyaksh (2021-Present).
- Incumbent Mukhiya from Dhira (2021-Present).",BSC Member,,,,,,,,,No,,,,,,
Lakhisarai,,,,Halsi,Male ,Halsi,Nageshwar Yadav ,,8538949053.0,65.0,OBC,Yadav,"Nageshwar Yadav | 65 | Male | OBC | Yadav

- Ex Mukhiya in 2011.
- Defacto Mukhiya runner up in 2016, securing 979 votes (wife : Radhiya Devi)
- Defacto Mukhiya runner up in 2021 securing 1317 votes.",BSC Member,,,,,,,,,No,,,,,,
Lakhisarai,,,,Halsi,Male ,Kaindi,Suresh Majhi,,6201617780.0,,SC,Musahar,"Suresh Manjhi | 45| Male | SC | Mushar 

- BDC Contestant in 2021 securing 346 Votes.
- Associated with JDU",BSC Member,,,,,,,,,No,,,,,,
Lakhisarai,,,,Halsi,Male ,Halsi,Iftkar Alam,,8210382057.0,,Minority,Muslim,"Iftkar Alam | 39 | Male | Minorty| Muslim 

BDC Runner up in 2021 securing  607 Votes
-  Defacto  Ward Member in 2016 from ward 6 ( Brother)
Jan Seva Kendra HALSI",BSC Member,,,,,,,,,No,,,,,,
Lakhisarai,,,,Halsi,Male ,Mohaddinagar,Mukesh Kumar ,,9110158676.0,44.0,EBC,Chaurasia,"Mukesh Kumar | 44 | Male | Chaurasia

- Defacto BDC Contestant securing 711 votes (wife : Babita devi).
",BSC Member,,,,,,,,,No,,,,,,
Lakhisarai,,,,Halsi,Male ,Mohaddinagar,Ramchandra Saw,,6299266686.0,57.0,EBC,Teli,"Ramchandra Saw | 57 | Male | EBC | Teli

- Defacto BDC runner up in 2021 securing 1181 votes. (wife : Meena devi).
- Defacto BDC 1st runner up in 2016 securing 587 votes.",BSC Member,,,,,,,,,No,,,,,,
Lakhisarai,,,,Halsi,Male ,Mohaddinagar,Gulam Murtaja ,,9905108581.0,28.0,Minority,Muslim,"Gulam Murtaja | 28 | Male | Minority

- Father was Ex mukhiya in 2006.
- Defacto BDC Contestant in 2021 securing 607 votes. (mother : Vasima Khatun).
- BDC contestant in 2016 (mother : Vasima Khatun).
- Father is Govt. Teacher.",BSC Member,,,,,,,,,No,,,,,,
Lakhisarai,,,,Halsi,Male ,Dhira,Darogi Majhi ,,6202334712.0,43.0,SC,Musahar,"Darogi Majhi | 44 | Male | SC | Musahar

- Defacto BDC runner up in 2021, securing 816 votes (wife : shraddha devi).
- Good hold in his community.",BSC Member,,,,,,,,,No,,,,,,
Lakhisarai,,,,Halsi,Male ,Dhira,Masudan Yadav ,,9801900981.0,48.0,OBC,Yadav,"Masudan Yadav | 48 | Male | OBC | Yadav

- De-facto Ex-BDC ( wife Janki devi) (2016-2021)
- Defacto BDC Contestant in 2021, securing 799 votes.
-BJP's Panchayat President of Dhira (2016-Present)",BSC Member,,,,,,,,,No,,,,,,
Lakhisarai,,,,Halsi,Male ,Halsi,Sanjay Ram ,,7004452150.0,42.0,EBC,Chandravanshi,"Sanjay Ram | 42 | Male | EBC | Chandrawanshi

- EX Block Pramukh (Prakhand : halsi) in 2016.
- Incumbent BDC from 2016 to present, securing 1563 votes.",BSC Member,,,,,,,,,No,,,,,,
Lakhisarai,,,,Halsi,Male ,Shirkhandi,Avdhesh Thakur ,,95082 65297,45.0,EBC,Nai,"Avdhesh Thakur | 45 | Male | EBC | Nai 

- Incumbent BDC from 2016 to present, securing 1020 & 1249 votes respectively.
- Good hold in his community & Panchayat.
- Practitioner Doctor.",BSC Member,,,,,,,,,No,,,,,,
Lakhisarai,,,,Halsi,Male ,Shirkhandi,Sadhu sharan Kewat,,7321028824.0,53.0,EBC,Mallah,"Sadhu saran Kewat | 53 | Male | EBC | Mallah

- Defacto Ex Sarpanch in 2016, securing 1894 votes (wife : Saraswati devi).
- Defacto Sarpanch 1st runner up in 2021, securing 1408 votes.",BSC Member,,,,,,,,,No,,,,,,
Lakhisarai,,,,Halsi,Male ,Shirkhandi,Ajay Kumar Yadav,,9939660025.0,39.0,OBC,Yadav,"Ajay Kumar Yadav | 39 | Male | OBC | Yadav

- Ex-BDC in 2016, securing 559 votes.
- BDC 1st runner up in 2021, securing 650 votes.
- Prakhand Adhyaksh in RJD Party in 2017.
- Zila Adhyaksh Panchayati Raj Prakoshth in RJD 2018.",BSC Member,not in party,,,,,,,,No,,,,,,
Lakhisarai,,,,Halsi,Male ,Shirkhandi,Jairam Singh,,9431251955.0,45.0,General,Rajput,"Jairam Singh | 45 | Male | General | Rajput 

- BDC runner up in 2021, securing 657 votes.
- Ward member in 2011.
- Associated with BJP.",BSC Member,,,,,,,,,No,,,,,,
Lakhisarai,,,,Halsi,Male ,Shirkhandi,Kanchan Singh,,9771060730.0,39.0,General,Bhumihar,"Kanchan Singh | 39 | Male | General | Bhumihar 

- BDC Contestant in 2021, securing 309 votes.
- Father was Mukhiya in 2001. ",BSC Member,,,,,,,,,No,,,,,,
Lakhisarai,,,,Halsi,Male ,Kaindi,Rohit Kumar,,7979062584.0,26.0,SC,Pasi,"Rohit Kumar | 26 | Male | SC | Pasi

- Incumbent BDC in 2021, securing 769 votes. 
- Well active in youth politics.",BSC Member,,,,,,,,,No,,,,,,
Lakhisarai,,,,Halsi,Male ,Ballopur,Ganesh Singh,,6299712140.0,29.0,General,Bhumihar,"Ganesh Singh | 29 | Male | General | Bhumihar

- Youth Leader in his Panchayat.",BSC Member,,,,,,,,,No,,,,,,
Lakhisarai,,,,Halsi,Male ,Geruwa Pursanda,Rajiv Kumar ,,6205459223.0,25.0,General,Bhumihar,"Rajiv Kumar | 25 | Male | General | Bhumihar

- Sarpanch Runner up in 2021, securing 678 votes.",BSC Member,,,,,,,,,No,,,,,,
Lakhisarai,,,,Halsi,Male ,Geruwa Pursanda,Vinay Kumar Sharma ,,8102931084.0,37.0,General,Bhumihar,"Vinay Kumar Sharma | 37 | Male | General | Bhumihar

- PACS President in 2024 from Geruwa Pursanda Panchayat. (win margin : 1067 votes.)
- Associated with BJP.",BSC Member,,,,,,,,,No,,,,,,
Lakhisarai,,,,Halsi,Male ,Geruwa Pursanda,Vipin Kumar Sharma,,9304192756.0,43.0,General,Bhumihar,"Vipin Kumar Sharma | 43 | Male | General | Bhumihar

- Incumbent BDC in 2021, securing 804 votes.
- Strong hold in his community.
- Transport Business.",BSC Member,,,,,,,,,No,,,,,,
Lakhisarai,,,,Halsi,Male ,Shirkhandi,Virendra Kumar,,6202999936.0,28.0,EBC,Nonia,"Virendra Kumar | 28 | Male | EBC | Nonia

- Online business & APS Bank.
- Run a Jan Sewa Kendra in his Panchayat.",BSC Member,,,,,,,,,No,,,,,,
Lakhisarai,,,,Halsi,Male ,Geruwa Pursanda,Ram Bhushan Sharma,,6299259720.0,50.0,General,Bhumihar,"Ram bhushan Sharma | 50 | Male | General | Bhumihar

- Ex BDC in 2016, securing 707 votes.
- BDC runner up in 2021, securing 724 votes.
- Associated with JDU Party. ",BSC Member,,,,,,,,,No,,,,,,
Lakhisarai,,,,Halsi,Male ,Halsi,Ramanuj Sharma,,9199534384.0,58.0,General,Bhumihar,"Rmanuj Sharma | 58 | Male | General | Bhumihar

- Ex BDC in 2006.
- BDC Contestant in 2011, 2016 (securing 210 votes) & 2021 (securing 261 votes).",BSC Member,,,,,,,,,No,,,,,,
Lakhisarai,,,,Halsi,Male ,Shirkhandi,Sanjay Modi ,,9973408173.0,51.0,EBC,Teli,"Sanjay Modi | 51 | Male | EBC | Teli

- BDC Runner up in 2021 securing 904 votes.
- Defecto Mukhiya Contestant in 2016 securing 484 votes (wife : Kalindi Devi).
- Well active in Panchayat Politics & Good hold in his Community.
- Businessman.",BSC Member,,,,,,,,,No,,,,,,
Lakhisarai,,,,Halsi,Male ,Shirkhandi,Deepak Saw,,9955137283.0,30.0,EBC,Teli,"Deepak Saw | 30 | Male | EBC | Teli 

- Defecto Mukhiya Contestant in 2016, (Mother : Late Gita Devi).
- Practitioner Doctor, Contractor & Broker.
- Well active in youth politics in his panchayat & Halsi.",BSC Member,,,,,,,,,No,,,,,,
Lakhisarai,,,,Halsi,Male ,Halsi,Upendra Kumar,,9162459917.0,42.0,EBC,Badhai,"Upendra Kumar | 42 | Male | EBC | Badhai

- BDC Contestant in 2021, securing 584 votes.
- Businessman (Furtinure & Transport Business).
- Strongly active in Shirkhindi & Halsi Panchayat politics.",BSC Member,,,,,,,,,No,,,,,,
Lakhisarai,,,,Halsi,Male ,Sadhmaf,Virendra Yadav,Chandrika Yadav,7542886799.0,43.0,OBC,Yadav,"Virendra Kumar | 43 | Male | OBC | Yadav

- Defecto Mukhiya 1st runner up in 2021, securing 1914 votes (wife : Sahinta Devi).
- Defecto Mukhiya Contestant in 2016 securing 685 votes.
- Assosiated with RJD Party.",BSC Member,Ready For OBC BP,Obc President,Block PH,OBC,,,,,No,,,,,,
Lakhisarai,,,,Halsi,Male ,Halsi,Ravindra Sharma ,,9608256657.0,61.0,General,Bhumihar,"Ravindra Sharma | 61 | Male | General | Bhumihar

- Retd. Sub Inspector from Bihar Police.
- Landlord, 
- Good hold in his community.",BSC Member,,,,,,,,,No,,,,,,
Lakhisarai,,,,Halsi,Male ,Halsi,Anil Singh ,,8603642927.0,56.0,General,Bhumihar,"Anil Singh | 56 | Male | General | Bhumihar 

- 4 term Incumbent Sarpanch (2006-2016). 
- De-facto (Wife Madhuri Devi) (2016-Present).",BSC Member,,,,,,,,,No,,,,,,
Lakhisarai,,,,Halsi,Male ,Geruwa Pursanda,Brahmdev Yadav,,8969486308.0,58.0,OBC,Yadav,"Brahmadev Yadav | 58 | Male | OBC | Yadav

- Mukhiya Contestant in 2016, securing 530 votes.
- Ex Prakhand Adhyaksh, Panchayati Raj Prakoshth in RJD (2013-15)
- Associated with RJD Party.",BSC Member,,,,,,,,,No,,,,,,
Lakhisarai,,,,Halsi,Male ,Geruwa Pursanda, Ram Pravesh Paswan ,,7004998007.0,45.0,SC,Dusadh,"Ram Pravesh Paswan | 45 | Male | SC | Dusadh

- Incumbent PACS Member from 2019.
- Active in Panchayat Politics & Good hold in SC community in his village.",BSC Member,,,,,,,,,No,,,,,,
Lakhisarai,,,,Halsi,Male ,Geruwa Pursanda,Mukesh Kumar,,7631596243.0,35.0,OBC,Kushwaha,"Mukesh Kumar | 35 | Male | OBC | Kurmi 

- BDC Runner up in 2016, securing 461 votes.
- BDC Contestant in 2021, securing 254 votes.",BSC Member,,,,,,,,,No,,,,,,
Lakhisarai,,,,Halsi,Male ,Geruwa Pursanda,Vipin Kumar,,7050137046.0,25.0,OBC,Kushwaha,"Vipin Kumar | 25 | Male | OBC | Kushwaha

- Sarpanch Contestant in 2021.
- Active in youth politics.",BSC Member,,,,,,,,,No,,,,,,
Lakhisarai,,,,Halsi,Male ,Geruwa Pursanda,Mahender Singh,,9546877991.0,65.0,General,Rajput,"Mahender Singh | 65 | Male | General | Bhumihar

- Mukhiya Contestant in 2021, securing 600 votes.
- Retd. Sub Inspector from Bihar Police.
- Active in Panchayat Politics.",BSC Member,,,,,,,,,No,,,,,,
Lakhisarai,,,,Halsi,Male ,Geruwa Pursanda,Parmanand Mahto ,,9204666427.0,42.0,OBC,Kushwaha,"Parmanand Mahto | 42 | Male | OBC | Kushwaha 

- Run Kissan Kendra in his Panchayat.
- His brother (Pradeep Kumar) was Sarpanch Contestant in 2021.",BSC Member,,,,,,,,,No,,,,,,
Lakhisarai,,,,Halsi,Male ,Bhanpura,Gorelal Manjhi,,9162328113.0,61.0,SC,Musahar,"Gorelal Manjhi | 61 | Male | SC | Musahar

- Ex Sarpanch in 2016, securing 1384 votes.
- Mukhiya Contestant in 2021.
- Earlier, Associated with Bahujan Samaj Party.
- Active in Panchayat Politics.",BSC Member,,,,,,,,,No,,,,,,
Lakhisarai,,,,Halsi,Male ,Kaindi,Rawan Paswan,,8863906613.0,50.0,SC,Dusadh,"Rawan Paswan | 50 | Male | SC | Dusadh

- Ex Mukhiya in 2006.
- UP Mukhiya in 2001.
- Defecto BDC Runner up in 2021, securing 569 votes (wife : Shayama Devi).
- Mukhiya 1st Runnerup in 2011.
- Associated with JDU Party.",BSC Member,,,,,,,,,No,,,,,,
Lakhisarai,,,,Halsi,Female ,Kaindi,Vinita Devi ,,8521604344.0,38.0,EBC,Kurmi,"Vinita Devi | 38 | Female | EBC | Kurmi

- Jeevika CM since 2017.
- Run Clothes Shop. ",BSC Member,,,,,,,,,No,,,,,,
Lakhisarai,,,,Halsi,Male ,Kaindi,Vinod Kumar ,,6207131652.0,45.0,EBC,Teli,"Vinod Kumar | 45 | Male | EBC | Teli

- Retd. Lok Shikshak.
- Own Tailor Shop.",BSC Member,,,,,,,,,No,,,,,,
Lakhisarai,,,,Halsi,Male ,Kaindi,Dablu Kumar,,8051388667.0,42.0,EBC,Kurmi,"Dablu Nirala | 42 | Male | EBC | Kurmi

- JDU's Zila Upadhyaksh (youth) from 2014 to present.
- Defecto Ex Mukhiya in 2016, securing 1100 votes (Mother : Shila Devi).",BSC Member,,,,,,,,,No,,,,,,
Lakhisarai,,,,Halsi,Female ,Bhanpura,Sita Devi,,8969112293.0,40.0,OBC,Kushwaha,"Sita Devi | 40 | Female | OBC | Kushwaha

- Jeevika CM since 2017.
- Her husband is doing job in corporative sector in Telangana.",BSC Member,,,,,,,,,No,,,,,,
Lakhisarai,,,,Halsi,Male ,Mohaddinagar,Pawan Mahto ,,8340539276.0,36.0,OBC,Kushwaha,"Pawan Mahto | 36 | Male | OBC |  Kushwaha 


- De-facto Incumbent BDC, securing 1995 votes. (Wife : Ganita Devi).
- Wedding organiser & Venue decorator.",BSC Member,,,,,,,,,No,,,,,,
Lakhisarai,,,,Halsi,Male ,Mohaddinagar,Jalo Yadav,,9162263885.0,45.0,OBC,Yadav,"Jalo Yadav | 45 | Male | OBC | Yadav 

- Defecto BDC Contestant in 2021 (wife : Sunaina Devi).
- Active in Panchayat Politics & Good hold in Yadav Voters.",BSC Member,,,,,,,,,No,,,,,,
Lakhisarai,,,,Halsi,Male ,Mohaddinagar,Tuntun Ram ,,7050374844.0,45.0,EBC,Chandravanshi,"Tuntun Ram | 45 | Male | EBC | Chandravanshi

- Mukhiya Runner up in 2011.
- Mukhiya 1st Runner up in 2006.",BSC Member,,,,,,,,,No,,,,,,
Lakhisarai,,,,Halsi,Male ,Mohaddinagar,Rajkumar Mahto ,,9955627235.0,40.0,OBC,Kushwaha,"Rajkumar Mahto | 40 | Male | OBC | Kushwaha

- Defecto UP Block Pramukh in 2016-19 (wife : Sri Devi).
- Ex Defecto BDC in 2016-21, securing 1567 votes.
- Defecto BDC Contestant in 2021.",BSC Member,,,,,,,,,No,,,,,,
Lakhisarai,,,,Halsi,Male ,Mohaddinagar,Ram Vilas Paswan,,9153765704.0,37.0,SC,Dusadh,"Ram Vilas Paswan | 37 | Male | SC | Dusadh

- Defecto Sarpanch Runner up in 2021, securing 1357 votes (wife : Kavita Devi).
- Defecto Sarpanch runner up in 2016, securing 1283 votes.",BSC Member,,,,,,,,,No,,,,,,
Lakhisarai,,,,Halsi,Male ,Dhira,Sadanand Singh,,7004655687.0,60.0,General,Bhumihar,"Sadanand Singh | 60 | General | Bhumihar 

- Ex Mukhiya Sangh Prakhand Adhyaksh  From 2001 to 2021.
- Ex Mukhiya from 2001 to 2021.
- Mukhiya runner up in 2021, securing 1550 votes.",BSC Member,,,,,,,,,No,,,,,,
Lakhisarai,,,,Halsi,Male ,Ballopur,Ravi Raj Kumar,,9304751586/8102282314,29.0,EBC,Badhai,"Ravi Raj Kumar | 29 | EBC | Badhai

- Director - The brain well public school, Halsi with 300 students capacity.
- Owner of  The brain well play school, with 50 students capacity.",BSC Member,,,,,,,,,No,,,,,,
Lakhisarai,,,,Halsi,Male ,Halsi,Kumar Sudhakar,,9608451875.0,42.0,EBC,,"Kumar Sudhakar | 42 | EBC

- Owner of Complex Showroom situated in Halsi. 
- Father is Retd. Head Master from Govt. High School, Sikandara.
- His family has always been active in panchayat and block politics.",BSC Member,,,,,,,,,No,,,,,,
Lakhisarai,,,,Halsi,Male ,Ballopur,Murari Kumar,,7762001195.0,28.0,EBC,Badhai,"Murari Kumar | 28 | EBC | Badhai

- IT Computer teacher in Sarvodaya Vidyalaya in Nawada.
- Active member of Jan Suraaj.",BSC Member,,,,,,,,,No,,,,,,
Lakhisarai,,,,Halsi,Male ,Sadhmaf,Akhilesh Ram,,9934337891.0,42.0,EBC,Chandravanshi,"Akhilesh Ram | 42 | Kahar | OBC
 
- De-facto Incumbent BDC (Meena Devi) (2016-Present) 
-De-facto Sarpanch (Meena Devi) (2011-2016)",BSC Member,,,,,,,,,No,,,,,,
Lakhisarai,,,,Halsi,Male ,Mohaddinagar,Mohd. Besat Alam ,,8405091062.0,47.0,Minority,Muslim,"Mohd. Besat Alam | 47 | Muslim

- Pradesh Sachiv Youth in JDU Party 2011-13.
- Zila Adhyaksh Labour Sangh in JDU Party 2018-till now.
- Ex Sarpanch in 2006-2011.
- PACS Runner up in 2014.
- Ex UP Sarpanch 2001-06.
- Defacto Incumbent Ward Member from 2006 to till now.
- 3rd Time Zila Adhyaksh of Sunni Waqf Board, Lakhisarai ",BSC Member,,,,,,,,,No,,,,,,
Lakhisarai,,,,Halsi,Male ,Mohaddinagar,Suresh Nonia,,8544290784.0,55.0,EBC,Nonia,"Suresh Nonia | 55 | EBC | Nonia

- Defacto BDC Contestant in 2006.
- BDC Contestant in 2011.
- Active in Pachayat Politics & Good Hold in Nonia Community.",BSC Member,,,,,,,,,No,,,,,,
Lakhisarai,,,,Halsi,Male ,Bhanpura,Saurabh Kumar,,6200961585.0,21.0,OBC,Kurmi,"Saurabh Kumar | 21 | OBC | Kurmi

- College Student (ITI College, Bihar Sharif).
- Active Member of Jan Suraj.
- Active in youth Politics.",BSC Member,,,,,,,,,No,,,,,,
Lakhisarai,,,,Halsi,Male ,Bhanpura,Dinesh Mahto ,,8809565798.0,48.0,OBC,Kushwaha,"Dinesh Mahto | 48 | OBC | Kushwaha

- Active in Prakhand Politics & Strong hold in Kushwaha Community. 
- ⁠Block President of Krishi Sakshya Samiti (Jan jeewan Hariyali Mission) since 2015-present.",BSC Member,,,,,,,,,No,,,,,,
Lakhisarai,,,,Ramgarh Chowk,Male ,Billo,Santosh Kumar,,6200540264.0,40.0,OBC,Yadav,"Santosh Kumar | 40 | Incumbent Pramukh
- Defacto Incumbent Pramukh and BDC
- Defacto of Wife Khusboo Kumari is BDC from Billo
- Father Mahender Prasad Yadav is JDU Pradesh Upadhyksh",BSC Member,,,,,,,,,No,,,,,,
Lakhisarai,,,,Ramgarh Chowk,Male ,Billo,Lalan Kumar,,7004334687.0,48.0,General,Bhumihar,"Lalan Kumar | 48 | Reporter
- Ex-Prakhand Reporter Hindustan 
-Ex- Prakhand Samvadata Prabhat Khabar
-Youtube Ramgarh Chowk Ek Jhalak- 1500+ subscriber",BSC Member,,,,,,,,,No,,,,,,
Lakhisarai,,,,Ramgarh Chowk,Male ,Billo,Bhuneswar Prasad Yadav,Late Baudhu Yadav,9931393462.0,58.0,OBC,Yadav,"Bhuneswar Prasad Yadav | 58 | Yadav 
- Incumbent BDC from Billo
-Ex-BDC from Billo (2006-2011)
-Ex-Mukhiya (2001-2006)",BSC Member,Recommended him for District president of OBC Frontal,Obc President,District PH,OBC,,,,,No,,,,,,
Lakhisarai,,,,Ramgarh Chowk,Male ,Billo,Sehdev Paswan,,8521993528.0,54.0,SC,Dusadh,"Sehdev Paswan | 54 | Paswan 
- de facto Sarpanch 2 time (2016-Present)",BSC Member,,,,,,,,,No,,,,,,
Lakhisarai,,,,Ramgarh Chowk,Male ,Sharma,Nandan Yadav,Shankar Yadav,6207865234.0,63.0,OBC,Yadav,"Nandan Yadav | 53 | Yadav | Cloth Shop, Rice and Atta Mill
-Ex-BDC from Billo (2011-2016)
-Ex-Sarpanch from 'Sharma Panchayat' (2006-2011) 
 -His wife Abha Devi was Mukhiya contestant from Billo (2021 - 1075 votes)
-President of Krishi Atma samiti (2006-2017) 
-Yuva Sakhti Sangathan of Jan Adhikar Party ( 2000-15)",BSC Member,Recommended him for District president of OBC Frontal,Obc President,District PH,OBC,,,,,No,,,,,,
Lakhisarai,,,,Ramgarh Chowk,Male ,Surari Imam Nagar,Ranjit Ram ,,6207863321.0,45.0,EBC,Chandravanshi,"Ranjit Ram | 45 | Chandravanshi 
-Incumbent Up-Pramukh and BDC(2021-Present)
- Up-Mukhiya and ward Sachiv
-Ward Sachiv (2016-2021)
-Was  associated with BJP
-Associated with JDU",BSC Member,,,,,,,,,No,,,,,,
Lakhisarai,,,,Ramgarh Chowk,Male ,Surari Imam Nagar,Iswari Bind,,,53.0,EBC,Bind,"Iswari Bind | 53 | Bind 
-Mukhiya from Suruari Imamnagar (2011-2016)
-Mukhiya first Runner up (2006)
-Ex-Member CPI Zila Parishad and Prakhand Karyakarini member
-Father Pramesh Bind- Halsi Cop. Bank Chairman (1975-80)",BSC Member,,,,,,,,,No,,,,,,
Lakhisarai,,,,Ramgarh Chowk,Male ,Sharma,Dharmapl Paswan,,7295062801.0,32.0,SC,Dusadh,"Dharmpal Paswan | 32 | Dusadh
-Incumbent BDC from Sharma Panchyat (2021-Present)
-Ex-Ward Member (2016-2021)",BSC Member,,,,,,,,,No,,,,,,
Lakhisarai,,,,Ramgarh Chowk,Male ,Billo,Harey Ram Pandey,,9430063740.0,50.0,General,Brahmin,"Hareram Pandey | 50 | Brahmin
- R.M.P. Certified Practicencer",BSC Member,,,,,,,,,No,,,,,,
Lakhisarai,,,,Ramgarh Chowk,Male ,Nand Nama,Ramdev Paswan ,,9973514363.0,51.0,SC,Dusadh,"Ramdev Paswan | 51 | Dusadh | Ration Distribution Shop
- de facto Ex- BDC (Wife Sadho Devi) ( (2016-2021)
- de facto Ex-Mukhiya of  (2006-2011)
",BSC Member,,,,,,,,,No,,,,,,
Lakhisarai,,,,Ramgarh Chowk,Male ,Nand Nama,Abhay Shankar Singh,,7761984773.0,52.0,General,Bhumihar,"Abhay Shankar Singh | 52 | Bhumihar | Ration dist. Shop
- de facto Ex- Mukhiya (Wife Vibha Devi) (2016-2021)
",BSC Member,,,,,,,,,No,,,,,,
Lakhisarai,,,,Ramgarh Chowk,Male ,Nand Nama,Sunil Yadav,,7739459253.0,50.0,OBC,Yadav,"Sunil Yadav | 37 | Yadav 
-de facto Incumbent Mukhiya ( Bindu Devi ) ( 2021-Present) ) 
-Mukhiya Runner up 2016",BSC Member,,,,,,,,,No,,,,,,
Lakhisarai,,,,Ramgarh Chowk,Male ,Sharma,Pankaj Kumar,,,50.0,General,Bhumihar,"Pankaj Kumar | 50 | Bhumihar 
-de facto Incumbent Mukhiya (Dummy, Sakuna Devi) ( 2021-Present)
-de facto Ex-Mukhiya ( Mangali Devi) ( 2016-Present)
-Ex-Mukhiya (2011-2016)",BSC Member,,,,,,,,,No,,,,,,
Lakhisarai,,,,Lakhisarai,Male ,,Amlesh Kumar Pandey,,7004542405.0,42.0,General,Brahmin,"- Zila Mahamantri of Indian Journalist Association (2021-Present)
- Reporter at Asia News",BSC Member,,,,,,,,,No,,,,,,
Lakhisarai,,,,Ramgarh Chowk,Female ,Nongarh,Juli Devi,,7992494018.0,38.0,OBC,Yadav,"Juli Devi | 38 | Yadav 
- President of Mukhiya Sangh and Mukhiya ( 2021-Present) 
 Ex-Mukhiya(2016-2021)
-Lost Mukhiya election by 45 votes in 2011
- Ex-Mukhiya (2006-2011) (5500+ votes)
-Husband Dilip Yadav has Business of Balu and  owns Chimni",BSC Member,Switched off,,,,,,,,No,,,,,,
Lakhisarai,,,,Ramgarh Chowk,Male ,Tetarhat,Irsad Ansari,,9199982354.0,47.0,Minority,Muslim,"Irsad Ansari | 47 | Muslim 
-De-facto Incumbent BDC ( Wife Razia Khatun) from Tetahat (2021-Present)
-  Lost BDC by 12 votes (2016)
- JDU associate since 2004",BSC Member,,,,,,,,,No,,,,,,
Lakhisarai,,,,Ramgarh Chowk,Male ,Billo,Mahender Prasad Yadav,,6206692146.0,67.0,OBC,Yadav,"Mahendra Prasad Yadav | 70 | Yadav
- JDU State Vice-President (2022-Present)
-BJP State Vice President (2013-2021)
- MLA Contestant from NCP in 2000 with 2168 Votes (from Jhajha)
-MLA Contestant (Independent) with 2220 Votes
- 2 time Zila Parshad",BSC Member,,,,,,,,,No,,,,,,
Lakhisarai,,,,Ramgarh Chowk,Male ,Aure,Arvind Kumar Yadav,Rajendra Yadav,9572568469.0,43.0,OBC,Yadav,"Arvind Kumar | 43 | Yadav 
-2 time Incumbent BDC from Aure (2016-Present)
-Gramin Chikitsak ",BSC Member,Ready for OBC BP,Obc President,District PH,OBC,,,,,No,,,,,,
Lakhisarai,,,,Ramgarh Chowk,Male ,Surari Imam Nagar,Lokesh Kumar,,8757347828.0,27.0,OBC,Koiri,"Lokesh Kumar | 28 | 
-Up-Mukhiya
RJD- Yuva Maha Sachiv (2019)
RJD-Yuva Loksabha Prabhari (Munger and Jahanabad)
- got support of 12 ward out of 14 ",BSC Member,,,,,,,,,No,,,,,,
Lakhisarai,,,,Ramgarh Chowk,Male ,Billo,Deepak Mandal,,9852392127.0,50.0,SC,Dhanuk,"Deepak Mandal | 50 | Dhanuk
- De-facto Ex-Sarpanch (wife Bindu Devi) from Billo (2006-2011)
- EBC Prakhand Prakost Adhyksh of JDU (2006-2011) 
- Wife Bindu Devi is Jeevika Worker
-JDU Member",BSC Member,,,,,,,,,No,,,,,,
Lakhisarai,,,,Ramgarh Chowk,Male ,Nand Nama,Batoran Ram,,,53.0,EBC,Chandravanshi,"Batoran Ram | 53 | Chandravanshi
- De-facto Incumbent Ward Member ( wife Shyama Devi) (2016-Present)
",BSC Member,,,,,,,,,No,,,,,,
Lakhisarai,,,,Ramgarh Chowk,Male ,Aure,Naveen Kumar Sharma ,,8002044044.0,58.0,General,Bhumihar,"Naveen Kumar Sharma | 58 | Bhumihar 
- 2 term Incumbent Sarpanch (2016-Present) from Aure
- Incumbent Sarpanch Sangh Adhyakch ",BSC Member,,,,,,,,,No,,,,,,
Lakhisarai,,,,Ramgarh Chowk,Male ,Nand Nama,Manoj Bhuiya ,,8809440801.0,32.0,SC,Musahar,Manoj Bhuiya | 32 | Manjhi - De-facto Incumbent BDC (Mother Rubi Devi) (2021-Present) from Nandnama ,BSC Member,,,,,,,,,No,,,,,,
Lakhisarai,,,,Ramgarh Chowk,Male ,Nand Nama,Gaurav Kumar ,,62052 23740,32.0,General,Bhumihar,"Gaurav Kumar | 32 | Bhumihar - De-facto 2 term Sarpanch (Mother- Parmila Devi) (2016-Present) from Nandnama
- Parmila Devi BDC Runner-up (2011) from Nandnama ",BSC Member,,,,,,,,,No,,,,,,
Lakhisarai,,,,Ramgarh Chowk,Male ,Nand Nama,Abhay Kumar,,9934289961.0,51.0,General,Bhumihar,"Abhay Kumar | 51 | Bhumihar 
-His Uncle Pandit Karyanand was a freedom fighter and MLA from Surajgarha
 -Actively Campaigned for Krishna Sahi  ,She was Ex-Minister of State of GOI and Ex-MP from Begusarai ",BSC Member,,,,,,,,,No,,,,,,
Lakhisarai,,,,Ramgarh Chowk,Male ,Nand Nama,Guddu Singh ,,9199687110.0,48.0,General,Bhumihar,"Guddu Singh | 48 | Bhumihar 
-3 term Incumbent PACS (2009-Present) from Nandnama",BSC Member,,,,,,,,,No,,,,,,
Lakhisarai,,,,Ramgarh Chowk,Female ,Bhabaria,Vandana Devi,Raushan Kumar,97717 02719,35.0,General,Bhumihar,"Vandana Devi | 32 | Bhumihar 
- 2 term Incumbent BDC (2016-Present) from Bhabaria 
- Block Up-Pramukh
- BDC runner up (2011)",BSC Member,,,,,,,,,No,,,,,,
Lakhisarai,,,,Ramgarh Chowk,Male ,Bhabaria,Arvind Kumar Singh ,,75419 44477,68.0,General,Bhumihar,"Arvind Kumar Singh | 68 | Bhumihar 
- JP Senani, spent 19 month in Bhagalpur with Nitish Kumar, Sushil Kumar Modi and Ashwini Choubey, JP Pensionor
- 2 term Ex-Mukhiya (2006-2016) from Bhabaria 
- 2 term BJp Zilla Up-adhyksh from Lakhisarai (after 1980 ) 
- fought for Zilla Adhyksh",BSC Member,Incoming call not availble,,,,,,,,No,,,,,,
Lakhisarai,,,,Ramgarh Chowk,Male ,Tetarhat,Mukesh Kumar ,,7366820043.0,33.0,EBC,Teli,"Mukesh Kumar | 33 | Teli 
- De-facto BDC Runner up (wife  Rubi Devi) (2021) from Tetarhat 
- Father Gorelal Saw Contested for PACS with 3rd Position (2014) ",BSC Member,,,,,,,,,No,,,,,,
Lakhisarai,,,,Ramgarh Chowk,Male ,Tetarhat,Aftab Alam,,9955610606.0,58.0,Minority,Muslim,"Aftab Alam | 58 | Muslim 
- 2 term Incumbent Sarpanch (2016- Present)   
-De-facto Ex-Sarpanch (2011-2016)  from Tetarhat 
- 2 term Ward (2001-2011)

",BSC Member,Not received,,,,,,,,No,,,,,,
Lakhisarai,,,,Ramgarh Chowk,Female ,Tetarhat,Saroj Devi ,Manoj Sah,9631767332.0,52.0,EBC,Teli,"Saroj Devi | Female | 52 | Teli

- Ex Sarpanch (2016-2021)
- Husband Manoj Kumar was Mukhiya Runner up (2011) and Sarpanch Runner up (2021) ",BSC Member,Defacto,,,,,,,,No,,,,,,
Lakhisarai,,,,Ramgarh Chowk,Male ,Tetarhat,Umesh Saw,,9006998051.0,60.0,OBC,Teli,"Umesh Kumar Saw | 60 | Sudhi-Saw
- Ex-Up-Pramukh and Ex-BDC (2001-2006)
",BSC Member,,,,,,,,,No,,,,,,
Lakhisarai,,,,Ramgarh Chowk,Male ,Tetarhat,Krishan Ram ,,7739135806.0,50.0,EBC,Chandravanshi,"Krishan Ram | 50 | Chandravanshi 
- De-facto Ex-BDC ( Wife Devi Wife) (2016-2021) from Tetarhat 
- associated with Rastriya Janta Party (Vidyapati Chandravanshi) (2019-2024)",BSC Member,,,,,,,,,No,,,,,,
Lakhisarai,,,,Ramgarh Chowk,Male ,Tetarhat,Ashok Yadav ,,95720 81869,47.0,OBC,Yadav,"Ashok Yadav | 47 | Yadav 
- Incumbent De-facto Mukhiya( Wife Ramvati Devi) (2021-Present)
- 2 term De-facto Mukhiya ( Dummy Sulochana Devi) (2006-2016) 
- RJD's Prakhand Adhyksh (2001- 2007) of Ramgarh Chowk
- went to Jail 
-Balu Business",BSC Member,,,,,,,,,No,,,,,,
Lakhisarai,,,,Ramgarh Chowk,Male ,Nongarh,Ravinder Kumar ,,6201855026.0,29.0,EBC,Chandravanshi,"Ravinder Kumar | 29 | Chandravanshi 
- De-facto Incumbent BDC (mother Rukmani Devi)  (2021-Present ) from Nongarh 
- De-facto BDC Runner up (mother Rukmani Devi) (2016) 
- JDU (2019-Present)",BSC Member,,,,,,,,,No,,,,,,
Lakhisarai,,,,Ramgarh Chowk,Male ,Tetarhat,Ramdev Saw ,,8292064769.0,58.0,EBC,Teli,"Ramdev Saw | 58 | Teli
- De-facto Incumbent Sarpanch(wife Shaila Devi) (2016-Present)
",BSC Member,,,,,,,,,No,,,,,,
Lakhisarai,,,,Ramgarh Chowk,Male ,Nongarh,Rajender Ram ,Late Bino Ram,9631579858.0,62.0,EBC,Chandravanshi,"Rajender Ram | 62 | Chandravanshi 
- 2 term Incumbent up Sarpanch (2021-Present) and (2011-2016)
- 4 term Panch (2006-Present)
- Ex- Ward (2001-2006)",BSC Member,Agreed,,,,,,,,No,,,,,,
Lakhisarai,,,,Ramgarh Chowk,Male ,Sharma,Chandan Kumar ,Dinesh Prasad Singh,8863903160.0,32.0,General,Bhumihar,"Chandan Kumar | 32| Bhumihar 
- Up-Mukhiya (2021-Present) 
- Graduate (Political science), work in Bajaj Finance's Sales",BSC Member,Disconnect the call,,,,,,,,No,,,,,,
Lakhisarai,,,,Ramgarh Chowk,Male ,Bhabaria,Satyender Kumar Urf Gopal Kumar,,6202093528.0,37.0,General,Bhumihar,"Satyender Kumar | 37 | Bhumihar 
- Incumbent Sarpanch ( 2021-Present) from Bhabaria 
- Large Farmer",BSC Member,,,,,,,,,No,,,,,,
Lakhisarai,,,,Ramgarh Chowk,Male ,Nand Nama,Manish Kumar ,,85074 60900,40.0,OBC,Yadav,"Manish Kumar | 40 | Yadav 
- Incumbent Up-Mukhiya (2016-Present)
- ward (2011-Present) from Nandnama",BSC Member,,,,,,,,,No,,,,,,
Lakhisarai,,,,Ramgarh Chowk,Male ,Aure,Ashwini Kumar ,,87094 49218,37.0,General,Bhumihar,"Manoj Kumar | 37 | Bhumihar 
- Up-Mukhiya and ward ( 2021-Present)",BSC Member,,,,,,,,,No,,,,,,
Lakhisarai,,,,Ramgarh Chowk,Male ,Aure,Brijkishore Sharma ,,7070714248.0,59.0,General,Bhumihar,"Brijkishore Sharma | 59 | Bhumihar 
-Ex PACS Adhyksh (1992-2009) from Aure
- his elder brother Kaushal Sharma was PACS Adhyksh ( Aure)
- Vijay Sinha supporter",BSC Member,,,,,,,,,No,,,,,,
Lakhisarai,,,,Ramgarh Chowk,Male ,Aure,Pankaj Kumar Pandey ,,7631817637.0,40.0,General,Brahmin,"Pankaj Kumar Pandey | 40 | Bhramin 
- BDC Runner up (2016) from Aure
- BDC Contestant (2021) with 530 votes from Aure",BSC Member,,,,,,,,,No,,,,,,
Lakhisarai,,,,Ramgarh Chowk,Male ,Aure,Niraj Kumar ,,87096 47426,37.0,General,Bhumihar,"Niraj Kumar | 37 | Bhumihar 
- De-facto BDC Runner up ( Mother Kunti Devi) (2021) from Aure
- Ward (2016-Present) from Aure",BSC Member,,,,,,,,,No,,,,,,
Lakhisarai,,,,Ramgarh Chowk,Male ,Billo,Ram Pravesh Kumar,,87096 47426,39.0,General,Bhumihar,"Ram Pravesh Kumar | 39 | Bhumihar 
- 2 time De-facto BDC Runner up ( wife Dulari Devi) 
- JDU ( 2016- Present)",BSC Member,,,,,,,,,No,,,,,,
Lakhisarai,,,,Ramgarh Chowk,Male ,Billo,Rajkumar Mahto ,,7488739034.0,55.0,OBC,Kushwaha,"Rajkumar Mahto | 55 | Kushwaha
- 3 term De-facto Incumbent Mukhiya (Dummy Naval Thakor) (2016- Present) from Billo 
- De-facto Ex-Mukhiya ( Dummy Nandlal Paswan) (2006-2011) from Billo 
- Mukhiya Runner up (2001)
-JDU's Prakhand Adhyksh (2015-Present)",BSC Member,,,,,,,,,No,,,,,,
Lakhisarai,,,,Ramgarh Chowk,Male ,Billo,Mukesh Kumar ,Late Jamna Sah,9279261458.0,35.0,OBC,Teli,"Mukesh Kumar | 35 | Teli
- Incumbent PACS (2019-Present)
- 2 times PACS runner up (2009 and 2014)
- JDU (2019-present)",BSC Member,,,,Kisan,,,,,No,,,,,,
Lakhisarai,,,,Ramgarh Chowk,Male ,Billo,Anil Kumar ,,91137 48629,38.0,OBC,Kushwaha,"Anil Kumar Kushwaha | 38 | Kushwaha 
- De-facto Up-Sarpanch ( Dummy Gauri Devi) (2021-Present)",BSC Member,,,,,,,,,No,,,,,,
Lakhisarai,,,,Ramgarh Chowk,Male ,Billo,Shiv Balak Yadav ,,98014 06926,52.0,OBC,Yadav,"Shiv Balak Yadav | 52 | Yadav 
- De-facto Pramukh and BDC ( wife Kumud Bala Devi) (2006-2011) 
- De-facto BDC Runner up (2011 & 2021) from Billo
- JDU's Zilla Up-adhyksh (2017-2021)
- Gas Agency Business, Graduate in Chemistry (1989)",BSC Member,,,,,,,,,No,,,,,,
Lakhisarai,,,,Ramgarh Chowk,Male ,Billo,Jitender Kumar ,,8368327949.0,30.0,OBC,Yadav,"Jitender Kumar | 30 | Yadav 
- De-facto Ex-BDC ( Mother Indu Devi) from Billo
- De-facto BDC contestant ( 2021) from Billo",BSC Member,,,,,,,,,No,,,,,,
Lakhisarai,,,,Ramgarh Chowk,Male ,Bhabaria,Jitender Kumar ,,9852554306.0,48.0,General,Bhumihar,"Jitender Kumar | 48 | Bhumihar 
- De-facto Ex-BDC ( wife Sinnu Kumari) 2016-2021 from Bhabaria 
- Father Dinesh Chandra Singh was Ex-Mukhiya ( 2001-2006) from Bhabaria 
- Uncle Ram Lakhan was Mukhiya contestant (2006)
- Mukhiya Runner up (2011) from Bhabaria 
- BDC contestant (2021) from Bhabaria ",BSC Member,,,,,,,,,No,,,,,,
Lakhisarai,,,,Ramgarh Chowk,Male ,Surari Imam Nagar,Mohmmad Akhtar Ali,,91625 69747,54.0,Minority,Muslim,"Mohmmad Akhtar Ali | 54 | Muslim 
- Ex-BDC (2016-2021) from Surari Imam nagar 
- 5 time BDC contestant from Surari Imam nagar 
- Prakhand Adhyaksha LJP 2005 to 2010
-Zila Sachiv 2010 to 2015",BSC Member,,,,,,,,,No,,,,,,
Lakhisarai,,,,Ramgarh Chowk,Male ,Surari Imam Nagar,Virender Paswan ,,993476604.0,42.0,SC,Dusadh,"Virender Paswan | 42 | Dusadh
- Ex-BDC (2011-2016) from Surari Imam nagar 
- De-facto BDC Runner up (wife Kumari Gauri) from Imam Nagar 
- Mukhiya contestant in 2016
Gramin Chikitshak 
Associated with BJP (2005-Present)",BSC Member,,,,,,,,,No,,,,,,
Lakhisarai,,,,Ramgarh Chowk,Male ,Sharma,Shri Ram Manjhi ,,85398 93348,45.0,SC,Musahar,"Shri Ram Manjhi | 45 | Mushair 
- Sarpanch Runner up ( 2021) from Sharma 
- BDC contestant ( 2016) from Sharma 
- 2 term Ward (2006-2016)",BSC Member,,,,,,,,,No,,,,,,
Lakhisarai,,,,Ramgarh Chowk,Male ,Sharma,Manoj Paswan,,62031 70048,48.0,SC,Dusadh,"Manoj Paswan | 48 | Dusadh 
- BDC Runner Up ( 2021) from Sharma ",BSC Member,,,,,,,,,No,,,,,,
Lakhisarai,,,,Ramgarh Chowk,Male ,Tetarhat,Shankar Prasad Sav ,,9852271186.0,50.0,OBC,Teli,"Shankar Prasad Sav | 50 | Teli
- De-facto BDC Contestant ( wife Malti Devi) (2021)
- De-facto BDC. Contestant (2006)
- Ward Member ( 2001)",BSC Member,,,,,,,,,No,,,,,,
Lakhisarai,,,,Ramgarh Chowk,Male ,Tetarhat,Raghu Nath Sah,,8083051786.0,65.0,OBC,Bania,"Raghu Nath Sah | 65 | Baniya 
- 2 term Ex-Mukhiya (2016-2021) and (2001-2006) from Tetarhat 
- Mukhiya Runner Up (2021)",BSC Member,,,,,,,,,No,,,,,,
Lakhisarai,,,,Ramgarh Chowk,Male ,Tetarhat,Kashi Prasad ,,9801055005.0,51.0,OBC,Bania,"Kashi Prasad | 51 | Baniya 
- Zonal Manager (2023- Present)
- District Manager (2013-2023)
- LIC for 24 Years",BSC Member,,,,,,,,,No,,,,,,
Lakhisarai,,,,Ramgarh Chowk,Male ,Nongarh,Sanjay Kumar Bind ,,82949 77002,39.0,OBC,Bind,"Sanjay Kumar Bind | 39 | Bind
- De-facto BDC Runner Up ( wife Sunita Devi) 2021",BSC Member,,,,,,,,,No,,,,,,
Lakhisarai,,,,Ramgarh Chowk,Male ,Sharma,Fulan Singh ,,96311 27109,64.0,General,Bhumihar,"Fulan Singh | 64 | Bhumihar 
- 2 term De-facto Sarpanch ( Dummy Laxman Manjhi) (2016- Present)
- Ex - Sarpanch ( 2011-2016)
- JDU associate ( 2004- Present)",BSC Member,,,,,,,,,No,,,,,,
Lakhisarai,,,,Ramgarh Chowk,Male ,Sharma,Nandan Ravidas ,,8877423132.0,52.0,SC,Ravidas,"Nandan Ravidas | 52 | Ravidas 
- Ex- Up- Pramukh ( 2016-2021)
- Supported Pankaj Singh for Mukhiya ( 2006 and 2011)",BSC Member,,,,,,,,,No,,,,,,
Lakhisarai,,,,Ramgarh Chowk,Male ,Bhabaria,Ramanuj Singh,,6207128503.0,64.0,General,Bhumihar,"Ramanuj singh | 64 |Gen | Bhumihar

- Retired School Headmaster (2020)
- EX joint Secretary at Madhayamik Shiksha Sangh",BSC Member,,,,,,,,,No,,,,,,
Lakhisarai,,,,Ramgarh Chowk,Male ,Sharma,Kanak Sharma,,8691907539.0,45.0,General,Bhumihar,"Kanak Sharma | 45 | Bhumihar 
- Defacto Incument Mukhiya
 - Social Worker",BSC Member,,,,,,,,,No,,,,,,
Lakhisarai,,,,Ramgarh Chowk,Male ,Nand Nama,Mohammad Ali,,6203246824.0,35.0,Minority,Muslim,"Mohammad Ali | 35 | Muslim
- Social Worker
- Big Farmer",BSC Member,,,,,,,,,No,,,,,,
Lakhisarai,,,,Ramgarh Chowk,Male ,Nand Nama,Shiv Jyoti,,7004785149.0,38.0,General,Bhumihar,"Shiv Jyoti | 38 | Bhumihar
- Pac's Member
- Social Activist",BSC Member,,,,,,,,,No,,,,,,
Lakhisarai,,,,Ramgarh Chowk,Male ,Nand Nama,Sunil Yadav,,7739459253.0,45.0,OBC,Yadav,"Sunil Yadav | 37 | Yadav 
-Defacto Incumbent Mukhiya ( Bindu Devi ) ( 2021-Present) ) 
-Mukhiya Runner up 2016",BSC Member,,,,,,,,,No,,,,,,
Lakhisarai,,,,Ramgarh Chowk,Male ,Nand Nama,Gourav Kumar,,9931685763.0,35.0,General,Bhumihar,"Gaurab kumar | 35 | Bhumihar
- Defacto Incumbent Sarpanch (Pramila Devi) (2021-Present)
- Defacto Sarpanch Runner-up",BSC Member,,,,,,,,,No,,,,,,
Lakhisarai,,,,Ramgarh Chowk,Male ,Aure,Deepak Sharma,,9573766346.0,45.0,General,Bhumihar,"Deepak Sharma | 45 | Bhumihar 
- Incument PACS President
- ",BSC Member,,,,,,,,,No,,,,,,
Lakhisarai,,,,Ramgarh Chowk,Male ,Billo,Harey Ram Pandey,,9430063740.0,50.0,General,Brahmin,"Hareram Pandey | 50 | Brahmin
- R.M.P. Certified Practitioner from 1991",BSC Member,,,,,,,,,No,,,,,,
Lakhisarai,,,,Ramgarh Chowk,Male ,Sharma,Nandan Yadav,,9199767388.0,53.0,OBC,Yadav,"Nandan Yadav | 53 | Yadav | 

-Ex-BDC from Billo (2011-2016)
-Ex-Sarpanch from 'Sharma Panchayat' (2006-2011) 
 -His wife Abha Devi was Mukhiya contestant from Billo (2021 - 1075 votes)
-President of Krishi Atma samiti (2006-2017) 
--Clothe Shop, Rice and Atta Mill",BSC Member,,,,,,,,,No,,,,,,
Lakhisarai,,,,Ramgarh Chowk,Male ,Sharma,Pankaj Singh,,9006806771.0,50.0,General,Bhumihar,"Pankaj Singh | 50 | Bhumihar 
-de facto Incumbent Mukhiya (Dummy, Sakuna Devi) ( 2021-Present)
-de facto Ex-Mukhiya ( Mangali Devi) ( 2016-Present)
-Ex-Mukhiya (2011-2016)",BSC Member,,,,,,,,,No,,,,,,
Lakhisarai,,,,Ramgarh Chowk,Male ,Tetarhat,Mohammad Aftab Alam,,9955610606.0,58.0,Minority,Muslim,"Aftab Alam | 58 | Muslim 
- 2 term Incumbent Sarpanch (2016- Present)   
-De-facto Ex-Sarpanch (2011-2016) 
- 2 term Ward (2001-2011)",BSC Member,,,,,,,,,No,,,,,,
Lakhisarai,,,,Ramgarh Chowk,Male ,Sharma,Vijay Kumar,,9801449408.0,39.0,OBC,Yadav,"Vijay Kumar | 39 | Yadav
-RJD Block Secratary from 2015
- Medical Owner 
- Certified Practitioner",BSC Member,,,,,,,,,No,,,,,,
Lakhisarai,,,,Ramgarh Chowk,Female ,Nand Nama,Asha Devi,,6205462685.0,45.0,SC,Dusadh,"Usha Kumari | 45 | Paswan
- BJP Zila Mahila Morcha Adhyaksh 
- Zila Parishad Runner up 2021
- Her husband Advocate civil Court",BSC Member,Not with JS,,,,,,,,No,,,,,,
Lakhisarai,,,,Ramgarh Chowk,Male ,Nongarh,Uttam Kumar Singh,,8809817743.0,45.0,General,Thakur,"Uttam Kumar singh | 45 | Thakur 
-De Facto Incumbent Pacs Adhyaksha
- De Facto Pacs Adhyaksha 4 term  
- Mukhya Runner up 2016, 2021 
- Rise Meel Owner",BSC Member,,,,,,,,,No,,,,,,
Lakhisarai,,,,Ramgarh Chowk,Male ,Tetarhat,Shyam Kishore Paswan,,9801883171.0,35.0,SC,Dusadh,"Shyam Kishore Paswan| 35 | male| Paswan 
- His Father Ex Zila Parishad Late Ram ji Pawan(2016) 
- Runner up 2006 (Halsi) 2021 Z P 
- Ex RJD Pradesh Maha sachiv- Ex JDU Zila Maha Sachiv",BSC Member,,,,,,,,,No,,,,,,
Lakhisarai,,,,Ramgarh Chowk,Male ,Nand Nama,Mahaveer Manjhi,,7970511465.0,50.0,SC,Musahar,"Mahaveer Manjhi | 50 | male| Manjhi 
-De facto ZP Candidate 2021, Vote (4040)
-",BSC Member,,,,,,,,,No,,,,,,
Lakhisarai,,,,Ramgarh Chowk,Male ,Billo,Vinod Mistree,,8108275274.0,55.0,SC,," Vinod Mistree | 55 | Mistree 
-Mukhiya Runner Up 2021 ",BSC Member,,,,,,,,,No,,,,,,
Lakhisarai,,,,Ramgarh Chowk,Male ,Nand Nama,Gaurav Kumar ,,9931685763.0,35.0,General,Bhumihar,"Gaurav Kumar | 35 | Bhumihar 
- Defacto Incumbent Sarpanch (Pramila Devi) (2021-Present)
- Defacto Sarpanch Runner-up",BSC Member,,,,,,,,,No,,,,,,
Lakhisarai,,,,Ramgarh Chowk,Male ,Surari Imam Nagar,Anil Paswan,,6202686137.0,46.0,SC,Dusadh,"Anil Paswan | 46 | Paswan |                                                                                                                - Incumbent Mukhiya (2021), Ex Panchayat Samiti (2006),                                                                  -Mukhiya Runner up (2011), (2016) ",BSC Member,,,,,,,,,No,,,,,,
Lakhisarai,,,,Ramgarh Chowk,Male ,Surari Imam Nagar,Neel Ratan Singh,,6207312384.0,38.0,General,Bhumihar,"Neel Ratan Singh | 38 | Bhumihar
- Incumbent Pacs Adhyaksha
-3 term pacs Adhyaksha",BSC Member,,,,,,,,,No,,,,,,
Lakhisarai,,,,Ramgarh Chowk,Male ,Aure,Anil Sharma,,8434878705.0,60.0,General,Bhumihar,"Anil Sharma | 60 | Bhumihar 
- De facto ZP (2001),                                                                                                                                                             - Vidhansabha Candidate (2005) from Barbigha (Vote 7000),                                                                                                                                             - ZP Runner up 2006,2011, 2016, 2021.",BSC Member,,,,,,,,,No,,,,,,
Lakhisarai,,,,Ramgarh Chowk,Male ,Aure,Naveen Kumar Sharma ,Late Makeshar Sharma,8002044044.0,58.0,General,Bhumihar,"Naveen Kumar Sharma | 58 | Bhumihar 
- 2 term Incumbent Sarpanch (2016-Present) from Aure
- Sarpanch Sangh Adhyakch (2021)",BSC Member,,,,,,,,,No,,,,,,
Lakhisarai,,,,Ramgarh Chowk,Male ,Nand Nama,Anant Kumar singh,,9199687110.0,50.0,General,Bhumihar,Anant Kumar Singh | 50 | Bhumihar                                                                                                                                                                                 -3 term Incumbent Pacs Adhyakch                                                                                                                                                                                             - 2021 Mukhiya Runner Up (2021),BSC Member,,,,,,,,,No,,,,,,
Lakhisarai,,,,Ramgarh Chowk,Male ,Billo,Bhuneswar Prasad Yadav,,9931393462.0,58.0,OBC,Yadav,"Bhuneswar Prasad Yadav | 58 | Yadav 
- Incumbent BDC 
-Former BDC from Billo (2006-2011)
-Ex-Mukhiya (2001-2006)",BSC Member,,,,,,,,,No,,,,,,
Lakhisarai,,,,Ramgarh Chowk,Male ,Billo,Sahdev Paswan,,8521993528.0,54.0,SC,Dusadh,"Sahdev Paswan | 54 |SC | Paswan 
-  2 Term Incumbent Sarpanch  
- Former LJP Jila Sachiv",BSC Member,,,,,,,,,No,,,,,,
Lakhisarai,,,,Ramgarh Chowk,Male ,Bhabaria,Satyender Kumar ,,6202093528.0,37.0,General,Bhumihar,"Satyender Kumar | 37 | Bhumihar
- Incumbent Sarpanch ( 2021-Present) from Bhabaria 
- Large Farmer (70 Bigha)",BSC Member,,,,,,,,,No,,,,,,
Lakhisarai,,,,Ramgarh Chowk,Male ,Billo,Niranjan Kumar,,9939343858.0,50.0,General,Bhumihar,"- Niranjan Kumar | 50 | Bhumihar- 
-Incumbent Pacs Adhyakch 
- He has a good hold in their Society ",BSC Member,,,,,,,,,No,,,,,,
Lakhisarai,,,,Ramgarh Chowk,Male ,Billo,Jagdish sao,,,48.0,EBC,Teli,"Jagdish Sao | 48 | Teli 
- Ex Pacs Adhyakch",BSC Member,,,,,,,,,No,,,,,,
Lakhisarai,,,,Ramgarh Chowk,Female ,Nongarh,Juli Devi,,7992494018.0,38.0,OBC,Yadav,"Juli Devi | 38 | Yadav 
- President of Mukhiya Sangh and Mukhiya ( 2021-Present) 
 Ex-Mukhiya(2016-2021)
-Lost Mukhiya election by 45 votes in 2011
- Ex-Mukhiya (2006-2011) (5500+ votes)
-Husband Dilip Yadav has Business of Balu and  owns Chimni",BSC Member,,,,,,,,,No,,,,,,
Lakhisarai,,,,Ramgarh Chowk,Male ,Nongarh,Santosh Sao ,,9801670562.0,45.0,EBC,Teli,"Santosh Sao | 45 | Teli 
-Mukhiya Contestant (2011)
-Ex Ward Member (2005)",BSC Member,,,,,,,,,No,,,,,,
Lakhisarai,,,,Ramgarh Chowk,Male ,Nongarh,Badal Kumar Badal,,9572777073.0,30.0,SC,Dusadh,"Badal Kumar Badal | 30 | Paswan 
- Mukhiya Contestant (2016), (2021)
- He has a good hold in thier society ",BSC Member,,,,,,,,,No,,,,,,
Lakhisarai,,,,Ramgarh Chowk,Male ,Tetarhat,Ashok Yadav ,,95720 81869,47.0,OBC,Yadav,"Ashok Yadav | 47 | Yadav 
- Incumbent De-facto Mukhiya( Wife Ramvati Devi) (2021-Present)
- 2 term De-facto Mukhiya ( Dummy Sulochana Devi) (2006-2016) 
- RJD's Prakhand Adhyksh (2001- 2007) of Ramgarh Chowk
- went to Jail 
-Balu Business",BSC Member,,,,,,,,,No,,,,,,
Lakhisarai,,,,Ramgarh Chowk,Male ,Tetarhat,Raghu Nath Sah,,8083051786.0,66.0,OBC,Bania,"Raghu Nath Sah | 65 | Baniya 
- 2 term Ex-Mukhiya (2016-2021) and (2001-2006) from Tetarhat 
- Mukhiya Runner Up (2021)
-Ex Mukhiya Sangh Adhyakch (2001)",BSC Member,,,,,,,,,No,,,,,,
Lakhisarai,,,,Ramgarh Chowk,Male ,Tetarhat,Dharmendra kumar Sah,,8789950859.0,28.0,OBC,Bania,"Dharmendra Kumar Sah | 28 | Baniya 
- De facto Incumbent Pacs Adhyakch
- Pacs Adhyakch in this faimily from 2009 to till now",BSC Member,,,,,,,,,No,,,,,,
Lakhisarai,,,,Ramgarh Chowk,Male ,Nongarh,Ramlakhan Yadav,,9771295661.0,45.0,OBC,Yadav,"Ramlakhan Yadav | 45 | Yadav 
- Ex Mukhiya (2011)
- Mukhiya 2nd Runner up (2016), (2021)
-Pacs Runner up 2014",BSC Member,,,,,,,,,No,,,,,,
Lakhisarai,,,,Ramgarh Chowk,Male ,Sharma,Shashi Shankar,,9631579769.0,57.0,General,Bhumihar,"Shashi Shankar | 57 | Bhumihar
- Cooprative (Pacs)  5 term (15 year)
-His father Ex Mukhiya (2001 to 06)
-His father Mukhiya from 1970 to 2000
-Also like Traditional Family",BSC Member,,,,,,,,,No,,,,,,
Lakhisarai,,,,Ramgarh Chowk,Male ,Tetarhat,Dinesh Sao,,7000891080.0,48.0,OBC,Bania,"Dinesh Sao | 48 | Buniya
- De facto Mukhiya (2006, 16)
-Good hold in this Panchayat",BSC Member,,,,,,,,,No,,,,,,
Lakhisarai,,,,Ramgarh Chowk,Male ,Tetarhat,Usha Kumari,,9939295690.0,55.0,EBC,Teli,"Usha Kumari | 55 | Teli
-Ex Zila Parishad (2011)
-her husband is Advocate",BSC Member,,,,,,,,,No,,,,,,
Lakhisarai,,,,Ramgarh Chowk,Male ,Aure,Rajendar Mandal,,8292041842.0,59.0,OBC,Kurmi,"Rajender Mandal | 59 | Kurmi
- Ex Mukhiya (2006)",BSC Member,,,,,,,,,No,,,,,,
Lakhisarai,,,,Ramgarh Chowk,Male ,Bhabaria,Ranjan Kumar Mohan,,9504576521.0,55.0,General,Bhumihar,"Ranjan Kumar Mohan | 55 | Bhumihar
-De Facto Incumbent Mukhiya, Ex Mukhiya (2016)
-Incumbent Pacs Adhyakch
-Mukhiya Runner Up (2006), (2011)",BSC Member,,,,,,,,,No,,,,,,
Lakhisarai,,,,Ramgarh Chowk,Male ,Bhabaria,Arvind Kumar Singh ,,7541944477.0,75.0,General,Bhumihar,"Arvind Kumar Singh | 68 | Bhumihar 
- JP Senani, spent 19 month in Bhagalpur with Nitish Kumar, Sushil Kumar Modi and Ashwini Choubey, JP Pensionor
- 2 term Ex-Mukhiya (2006-2016) from Bhabaria 
- 2 term Bjp Zilla Up-adhyksh from Lakhisarai (after 1980 ) 
",BSC Member,,,,,,,,,No,,,,,,
Lakhisarai,,,,Ramgarh Chowk,Male ,Surari Imam Nagar,Kishori Bind,,,52.0,OBC,Beldar,"Kishori Bind | 52 | Beldar
-Ex Mukhiya (2011)
-runner up (2006)
-BDC Runner up (2016)
Connected with CPI",BSC Member,,,,,,,,,No,,,,,,
Lakhisarai,,,,Ramgarh Chowk,Male ,Surari Imam Nagar,Lokesh Kumar,,9572925783.0,24.0,OBC,Yadav,"Lokesh Kumar | 28 | Yadav
-Pacs Runner up (2024)
-Up-Mukhiya
- RJD Yuva Prakhand Maha Sachiv (2019)
RJD-Yuva Loksabha Prabhari (Munger and Jahanabad)",BSC Member,,,,,,,,,No,,,,,,
Lakhisarai,,,,Ramgarh Chowk,Male ,Surari Imam Nagar,Rajwallabh Yadav,,9661805521.0,45.0,OBC,Yadav,"Raajwallabh yadav | 45 | Yadav
-Incumbent Sarpanch from 2 term
-Pacs Adhyakch 2014
-Sarpanch Runner up 2006, 2011",BSC Member,,,,,,,,,No,,,,,,
Lakhisarai,,,,Ramgarh Chowk,Male ,Surari Imam Nagar,Chamru Manjhi,,8084749376.0,45.0,SC,Musahar,"Chamru Manjhi | 45 | Manjhi
-Ex Mukhiya 2016
-Mukhiya Runner up 2021",BSC Member,,,,,,,,,No,,,,,,
Lakhisarai,,,,Ramgarh Chowk,Male ,Surari Imam Nagar,Mohammad Imran,,9973408140.0,40.0,Minority,Muslim,"Mohammad Imran | 40 | Muslim
-His Uncle Late Hasan Imam Mukhiya from 1970 to 2011",BSC Member,,,,,,,,,No,,,,,,
Lakhisarai,,,,Ramgarh Chowk,Male ,Nand Nama,Keshari Kumar Urf Rajnish Singh,,7004865178.0,45.0,General,Bhumihar,"Keshari Kumar | 45 | Bhumihar
-JDU Panchayat Adhiyakch from 10 year",BSC Member,,,,,,,,,No,,,,,,
Lakhisarai,,,,Ramgarh Chowk,Male ,Nand Nama,Ramdev Paswan ,,9430086949.0,55.0,SC,Dusadh,"Ramdev Paswan | 51 | Dusadh 
- Defacto Ex- BDC (Wife Sadho Devi) ( (2016-2021)
- Defacto Ex-Mukhiya of  (2006-2011)
-PDS Dealer",BSC Member,,,,,,,,,No,,,,,,
Lakhisarai,,,,Ramgarh Chowk,Male ,Tetarhat,Irshad Ansari,,9199982354.0,46.0,Minority,Muslim,"Irshad Ansari | 46 | Muslim
-Incumbent BDC
-Associated with JDU",BSC Member,,,,,,,,,No,,,,,,
Lakhisarai,,,,Ramgarh Chowk,Male ,Nand Nama,Manoj Manjhi,,8809440801.0,32.0,SC,Musahar,"Manoj Manjhi | 32 | Mushar
-Incumbent BDC
-Dalit Prakosth Zila Adhyakch",BSC Member,,,,,,,,,No,,,,,,
Lakhisarai,,,,Ramgarh Chowk,Male ,Sharma,Dharampal Paswan,,7295062801.0,33.0,SC,Dusadh,"Dharampal Paswan | 33 | Dusadh 
- Incumbent BDC
- Ward Sadasya 2016",BSC Member,,,,,,,,,No,,,,,,
Lakhisarai,,,,Ramgarh Chowk,Male ,Nand Nama,Manish Kumar ,,8507460900.0,40.0,OBC,Yadav,"Manish Kumar | 40 | Yadav 
- Incumbent Up-Mukhiya (2016-Present)
- ward (2011-Present) from Nandnama",BSC Member,,,,,,,,,No,,,,,,
Lakhisarai,,,,Ramgarh Chowk,Male ,Aure,Sanjay Singh,,8800879208.0,52.0,General,Bhumihar,"Sanjay Singh | 52 | Bhumihar
-Chimni Owner",BSC Member,,,,,,,,,No,,,,,,
Lakhisarai,,,,Ramgarh Chowk,Male ,Surari Imam Nagar,Waleshwar Mehto,,9801705846.0,77.0,OBC,Kushwaha,"Waleshwar Mehto | 77 | Kushwaha
- Ex Sarpanch Before 2000 to 2011",BSC Member,,,,,,,,,No,,,,,,
Lakhisarai,,,,Ramgarh Chowk,Male ,Surari Imam Nagar,Hari Mehto,,9771799438.0,70.0,OBC,Kushwaha,"Hari Mehto | 70 | Kushwaha
-Ex Sarpanch 2011
- Sarpanch Runner up 2016, 2021",BSC Member,,,,,,,,,No,,,,,,
Lakhisarai,,,,Ramgarh Chowk,Male ,Surari Imam Nagar,Mohammad Akhtar Ali,,91625 69747,54.0,Minority,Muslim,"Mohmmad Akhtar Ali | 54 | Muslim 
- Ex-BDC (2016-2021) from Surari Imam nagar 
- 5 time BDC contestant from Surari Imam nagar 
- associated with LJP (2003- 2024)",BSC Member,,,,,,,,,No,,,,,,
Lakhisarai,,,,Ramgarh Chowk,Male ,Billo,Shiv Walay Yadav,,9801406962.0,50.0,OBC,Yadav,"Shiv Balak Yadav | 52 | Yadav 
- De-facto Pramukh and BDC ( wife Kumud Bala Devi) (2006-2011) 
- De-facto BDC Runner up (2011 & 2021) from Billo
- JDU's Zilla Up-adhyksh (2017-2021)
- Gas Agency Business, Graduate in Chemistry (1989)",BSC Member,,,,,,,,,No,,,,,,
Lakhisarai,,,,Ramgarh Chowk,Male ,Surari Imam Nagar,Janardan Rajak,,7250675503.0,50.0,SC,Dhobi,"Janardan Rajak | 50 | Dhobi
-Mukhiya Cantestant 2021",BSC Member,,,,,,,,,No,,,,,,
Lakhisarai,,,,Ramgarh Chowk,Male ,Bhabaria,"Late Ranjit Kumar
Rakhi Kumari",,9431672103.0,67.0,General,Bhumihar,"Dr. Naveen Kumar | 67 | Bhumihar
-Mukhiya Contestant 2021",BSC Member,,,,,,,,,No,,,,,,
Lakhisarai,,,,Ramgarh Chowk,Male ,Bhabaria,Murlidhar,,6202565105.0,45.0,General,Bhumihar,"Murli Dhar | 45 | Bhumihar
-his father ex Sarpanch 2011&2016
-Mukhiya Contestant",BSC Member,,,,,,,,,No,,,,,,
Lakhisarai,,,,Ramgarh Chowk,Male ,Bhabaria,Pankaj Singh,,8709767586.0,46.0,General,Bhumihar,"Pankaj Singh | 45 | Bhumihar
-His father Ex Mukhiya 2006, 2011
his mother Ex Pacs adhyakch 2009
-Mukhiya Runner up 2021",BSC Member,,,,,,,,,No,,,,,,
Lakhisarai,,,,Ramgarh Chowk,Male ,Billo,Rohit kumar,,7488723469.0,26.0,EBC,Teli,"Rohit Kumar | 26 | Teli
-Mukhiya Contestant 2011, 2016, 2021",BSC Member,,,,,,,,,No,,,,,,
Lakhisarai,,,,Ramgarh Chowk,Male ,Aure,Mahendar Singh ,,9801450454.0,52.0,General,Bhumihar,"Mahendar Singh | 52 | Bhumihar
-his wife former Mahila kosth Zila Adhyakch 2005 to 2017
-his wife Mukhiya contestant 2021",BSC Member,,,,,,,,,No,,,,,,
Lakhisarai,,,,Ramgarh Chowk,Male ,Sharma,Kumar Shanu,,9354831324.0,33.0,General,Bhumihar,"Kumar Sanu | 33 | Bhumihar
-De facto Incumbent Sarpanch
-Ex De facto Sarpanch his father 2011, 2016",BSC Member,,,,,,,,,No,,,,,,
Lakhisarai,,,,Ramgarh Chowk,Male ,Tetarhat,Manoj Kumar,,9852034957.0,47.0,EBC,Teli,"Manoj Kumar | 47 | Teli
-Sarpanch Contestant 2021
-Ex Ward Member 2001, 2006",BSC Member,,,,,,,,,No,,,,,,
Lakhisarai,,,,Ramgarh Chowk,Male ,Nongarh,Ravinder Kumar ,,6201855026.0,35.0,EBC,Chandravanshi,"Ravinder Kumar | 35 | Chandravanshi 
- Defacto Incumbent BDC (mother Rukmani Devi)  (2021-Present ) from Nongarh 
- De-facto BDC Runner up (mother Rukmani Devi) (2016) 
- JDU (2019-Present)",BSC Member,,,,,,,,,No,,,,,,
Lakhisarai,,,,Ramgarh Chowk,Male ,Billo,Jitender Mandal,,8789279464.0,36.0,EBC,Dhanuk,"Jitender Mandal | 36 | Dhanuk
-Ex Sarpanch 2011
-Mukhiya Contestant 2021",BSC Member,,,,,,,,,No,,,,,,
Lakhisarai,,,,Ramgarh Chowk,Male ,Billo,Dashrath Pandit,,6200517739.0,38.0,EBC,Kumhar,"Dashrath pandit | 38 | Kumhar
-Mukhiya Contestant 2021, 2016",BSC Member,,,,,,,,,No,,,,,,
Lakhisarai,,,,Ramgarh Chowk,Male ,Nongarh,Rajesh Kumar Singh,,9136577374.0,35.0,General,Rajput,"Rajesh Kumar Singh | 35 | Rajput
- Good hold on Youth
- Actively participate in politics",BSC Member,,,,,,,,,No,,,,,,
Lakhisarai,,,,Ramgarh Chowk,Male ,Nongarh,Raj Kumar Singh,Late . Parilal singh,8540060451.0,52.0,General,Rajput,"Rajkumar Singh | 52 | Rajput
-Incumbent Pacs Adhyaksh
-Pacs Adhyaksh 2009 to Present",BSC Member,,,,,,,,,No,,,,,,
Lakhisarai,,,,Ramgarh Chowk,Male ,Nongarh,Mohammad Kousar,,7761984773.0,56.0,Minority,Muslim,"Mohammad Kousar | 54 | Muslim
-hold on Minority
-Actively Participate in politics
-Social Worker",BSC Member,,,,,,,,,No,,,,,,
Lakhisarai,,,,Ramgarh Chowk,Male ,Nand Nama,Abhay Shankar Singh,,7761984773.0,52.0,General,Bhumihar,"Abhay Shankar Singh | 52 | Bhumihar 
- Defacto Ex- Mukhiya (Wife Vibha Devi) (2016-2021)
-Mukhiya 2nd Runner Up 2021",BSC Member,,,,,,,,,No,,,,,,
Lakhisarai,,,,Ramgarh Chowk,Male ,Nand Nama,Mahaveer Manjhi,,7970511465.0,50.0,SC,Musahar,"Mahaveer  Manjhi | 50 | Musahar
-De facto ZP Candidate 2021 ( Vote 4040 )
-Good hold in his Community",BSC Member,,,,,,,,,No,,,,,,
Lakhisarai,,,,Ramgarh Chowk,Male ,Bhabaria,Murlidhar,,6202565105.0,45.0,General,Bhumihar,"Murli Dhar | 45 | Bhumihar
-His father was Ex Sarpanch 2011&2016
-Mukhiya Contestant",BSC Member,,,,,,,,,No,,,,,,
Lakhisarai,,,,Ramgarh Chowk,Male ,Surari Imam Nagar,Virender Paswan ,,9934766604.0,43.0,SC,Dusadh,"Virender Paswan | 43 | Dusadh
- Ex-BDC (2011-2016) from Surari Imam nagar 
- De-facto BDC Runner up (wife Kumari Gauri) from Imam Nagar 
- Mukhiya contestant in 2016
Gramin Chikitshak 
Associated with BJP (2005-Present)",BSC Member,,,,,,,,,No,,,,,,
Lakhisarai,,,,Ramgarh Chowk,Male ,Surari Imam Nagar,Rajwallabh Yadav,,9661805521.0,45.0,OBC,Yadav,"Raajwallabh yadav | 45 | Yadav
- 2 term Incumbent Sarpanch
-Pacs Adhyakch 2014
-Sarpanch Runner up 2006, 2011
-Associated with BJP",BSC Member,,,,,,,,,No,,,,,,
Lakhisarai,,,,Ramgarh Chowk,Male ,Billo,Nawal Thakur,,7255989933.0,50.0,SC,Thakur,"Nawal Thakur | 50 | Nai
-Incumbent Mukhiya",BSC Member,,,,,,,,,No,,,,,,
Lakhisarai,,,,Ramgarh Chowk,Male ,Bhabaria,Raushan Kumar,,9771702719.0,37.0,General,Bhumihar,"Raushan kumar | 37 | Bhumihar
- Incumbent BDC",BSC Member,,,,,,,,,No,,,,,,
Lakhisarai,,,,Ramgarh Chowk,Male ,Nand Nama,Abhay Kumar,,9934289961.0,51.0,General,Bhumihar,"Abhay Kumar | 51 | Bhumihar 
-His Uncle Pandit Karyanand was a freedom fighter and MLA from Surajgarha
 -Actively Campaigned for Krishna Sahi  ,She was Ex-Minister of State of GOI and Ex-MP from Begusarai ",BSC Member,,,,,,,,,No,,,,,,
Lakhisarai,,,,Ramgarh Chowk,Male ,Aure,Rajiv Kumar,,6299765878.0,50.0,General,Bhumihar,"Rajiv Kumar|50| Bhumihar-GEN
 - Incument Mukhiya from Aure (2016-Present)
 -Mukhiya Runner up in 2001
 -His wife was in Samiti/Uppramukh in 2011 Due to researvation
 -Associated with JDU as Zilla Upadhakhya 
 Lallan Singh Supporter",BSC Member,,,,,,,,,No,,,,,,
Lakhisarai,,,,Ramgarh Chowk,Male ,Nand Nama,Ramakant Singh,,6203097186.0,55.0,General,Bhumihar,"Ramakant Singh | 55 | Bhumihar
-Mukhiya Runner up 2001
-Associated with RJD",BSC Member,,,,,,,,,No,,,,,,
Lakhisarai,,,,Ramgarh Chowk,Female ,Nongarh,Khushbu Kumari,,9835786753.0,28.0,SC,Dhobi,"Khusboo Kumari | 28 | Rajak
 - Zila Parshad from Ramgarh Chowk(2021-present)
 - Ex-Up-adhyksh of Zila Parishad",BSC Member,,,,,,,,,No,,,,,,
Lakhisarai,,,,Ramgarh Chowk,Male ,Bhabaria,Ramanuj Singh,,6207128503.0,64.0,General,Bhumihar,"Ramanuj singh | 64 |Gen | Bhumihar

- Retired School Headmaster (2020)
- EX joint Secretary at Madhayamik Shiksha Sangh",BSC Member,,,,,,,,,No,,,,,,
Lakhisarai,,,,Ramgarh Chowk,Male ,Bhabaria,Amod Kumar,,6206864066.0,42.0,General,Bhumihar,"Amod Kumar | 42 | Bhumihar
-Associated with BJP",BSC Member,,,,,,,,,No,,,,,,
Lakhisarai,,,,Ramgarh Chowk,Male ,Aure,Arvind Kumar ,,9572568468.0,39.0,OBC,Yadav,"Arvind Kumar | 39 | Yadav 
-2 time Incumbent BDC from Aure (2016-Present)
-2011 BDC Runner up
-Gramin Chikitsak ",BSC Member,,,,,,,,,No,,,,,,
Lakhisarai,,,,Ramgarh Chowk,Male ,Nongarh,Ramdev sahoo,,8292064769.0,60.0,EBC,Teli,"Ramdev Sahoo | 60 | Teli 

-2 term Incumbent Sarpanch (2016-Present)
-2011 Sarpanch Runner Up ",BSC Member,,,,,,,,,No,,,,,,
Lakhisarai,,,,Ramgarh Chowk,Female ,Nongarh,Nilu Devi,Tatan Kumar,7033971674.0,45.0,General,Rajput,"Nilu Devi | 45 | Rajput

- Ex BDC 2016
- Ex Sarpanch 2006, 2011
- BJP Mahila Morcha Panchayat Adhyaksh (2011-2014)",BSC Member,,,,,,,,,No,,,,,,
Lakhisarai,,,,Ramgarh Chowk,Male ,Nand Nama,Ganesh Rajjak,,8825234738.0,55.0,SC,Dhobi,"Gaanesh Rajak |55 | Dhobi

-Ex Mukhiya 2011
-Mukhiya contenstant 2016 And 2021",BSC Member,,,,,,,,,No,,,,,,
Lakhisarai,,,,Ramgarh Chowk,Male ,Aure,Sandeep Kumar,,8434572897.0,44.0,General,Bhumihar,"Sandeep Kumar | 44 | Bhumiyar

-2 Term Incumbent BDC",BSC Member,,,,,,,,,No,,,,,,
Lakhisarai,,,,Ramgarh Chowk,Female ,Aure,Vidhya Devi,,8392041844.0,46.0,OBC,Kurmi,"Vidhya Devi |46 | Kurmi  

-Ex Mukhiya 2006
-Mukhiya Contestant 2011",BSC Member,,,,,,,,,No,,,,,,
Lakhisarai,,,,Ramgarh Chowk,Male ,Aure,parmanand Singh,,9661693718.0,60.0,General,Bhumihar,"Parmanand Singh | 60 | Bhumiyar

-Ex Mukhiya 2001 
- Mukhiya Runner Up 2006
-Mukhiya Runner Up 2011",BSC Member,,,,,,,,,No,,,,,,
Lakhisarai,,,,Ramgarh Chowk,Female ,Aure,Pushpa Devi,,9801450454.0,50.0,General,Bhumihar,"Pushpa Devi | 50 | Gen | Bhumihar

 -Ex Zila Mahila Adhyaksh JDU 2003-2017 
- Former BDC 2006
 -Mukhiya Runner-up 2011",BSC Member,,,,,,,,,No,,,,,,
Lakhisarai,,,,Ramgarh Chowk,Male ,Bhabaria,Mahesh Kumar,,6201132835.0,52.0,General,Bhumihar,"Mahesh Kumar | 52 | Bhumihar

- Ward Sadsya 2001           
- Sarpanch Contestant 2006",BSC Member,,,,,,,,,No,,,,,,
Lakhisarai,,,,Ramgarh Chowk,Male ,Bhabaria,Pankaj Singh,,8709767586.0,46.0,General,Bhumihar,"Pankaj Singh | 45 | Bhumihar

-His father Ex Mukhiya 2006, 2011
his mother Ex Pacs adhyakch 2009
-Mukhiya Runner up 2021",BSC Member,,,,,,,,,No,,,,,,
Lakhisarai,,,,Ramgarh Chowk,Male ,Nand Nama,Shubham Singh,,8227069252.0,31.0,General,Bhumihar,"Shubham Singh | 31 | Bhumihar
-PHD Completed From DU
-Active in Panchayat politics",BSC Member,,,,,,,,,No,,,,,,
Lakhisarai,,,,Ramgarh Chowk,Male ,Bhabaria,Ranjan Kumar Mohan,,9504576521.0,55.0,General,Bhumihar,"Ranjan Kumar Mohan | 55 | Bhumihar
-De Facto Incumbent Mukhiya, Ex Mukhiya (2016)
-Incumbent Pacs Adhyakch
-Mukhiya Runner Up (2006), (2011)",BSC Member,,,,,,,,,No,,,,,,
Lakhisarai,,,,Ramgarh Chowk,Male ,Tetarhat,Sudhir Yadav,,7488692352.0,48.0,OBC,Yadav,"Sudhir Yadav | 48 | Yadav
-Z P Runner Up 2001
-Sarpanch Runner Up 2021",BSC Member,,,,,,,,,No,,,,,,
Lakhisarai,,,,Ramgarh Chowk,Male ,Tetarhat,Kedarnath Pandit,,9661941177.0,50.0,,Kumhar,"Kedarnath Pandit | 50 | Kumhar
-Mukhiya Contestant 2016
-Sarpanch Contestant 2021
-Ward Sadsya 2001",BSC Member,,,,,,,,,No,,,,,,
Lakhisarai,,,,Ramgarh Chowk,Male ,Nongarh,Chandan Kumar ,,9199615026.0,30.0,EBC,Teli,"Chandan Kumar | 31 | Teli

-Sarpanch Runner up 2016, 2021",BSC Member,,,,,,,,,No,,,,,,
Lakhisarai,,,,Ramgarh Chowk,Male ,Nongarh,Dharmedar Singh,,7808264335.0,49.0,General,Rajput,"Dharmendar Singh | 49 | Rajput

-Doctor Practice From !990",BSC Member,,,,,,,,,No,,,,,,
Lakhisarai,,,,Ramgarh Chowk,Male ,Surari Imam Nagar,Randhir Kumar,,8757109172.0,36.0,OBC,Kurmi,"Randhir Kumar | 36 | Kurmi

-One time Both Adhyakch
-Played a big role in winning the Pacs Adhyakch",BSC Member,,,,,,,,,No,,,,,,
Lakhisarai,,,,Ramgarh Chowk,Male ,Surari Imam Nagar,Kundan Kumar Singh,,6202094808.0,56.0,General,Bhumihar,"Kundan Kumar Singh | 56 | Bhumihar
-Mukhiya Runner up 2001, 2006, 2011
-Sarpanch Contestant 2021",BSC Member,,,,,,,,,No,,,,,,
Lakhisarai,,,,Ramgarh Chowk,Male ,Billo,Manoj Paswan,,6203008168.0,38.0,SC,Dusadh,"Manoj Paswan | 38 | Dusadh
-Sarpanch Runner up 2021
-Owner of Furniture Shop",BSC Member,,,,,,,,,No,,,,,,
Lakhisarai,,,,Ramgarh Chowk,Male ,Surari Imam Nagar,Janardan Rajak,,7250675503.0,50.0,SC,Dhobi,"Janardan Rajak | 50 | Dhobi
-Mukhiya Cantestant 2021",BSC Member,,,,,,,,,No,,,,,,
Lakhisarai,,,,Ramgarh Chowk,Male ,Surari Imam Nagar,Uday Kumar,,8294558696.0,30.0,OBC,Kushwaha,"Uday Kumar | 30 | Kushwaha

-Sarpanch Runner up 2021
- Flour Meel Owner",BSC Member,,,,,,,,,No,,,,,,
Lakhisarai,,,,Ramgarh Chowk,Male ,Surari Imam Nagar,Shashi Bhushan Kumar,,9771799438.0,40.0,OBC,Kurmi,"Shashi Bhushan Kumar | 40 | Kurmi
-His Father ex Sarpanch 2011
- Sarpanch Runner up 2016
-Sarpanch Runner 2021",BSC Member,,,,,,,,,No,,,,,,
Lakhisarai,,,,Ramgarh Chowk,Male ,Tetarhat,Shakil Nurani,,6207574438.0,28.0,Minority,Muslim,"Shakil Nurani | 28 | Muslim
-His Father Mukhiya Runner up 2001
-His uncle Sarpanch runner up 2011
-His Uncle Advocate Civil Coart
-Associated with RJD",BSC Member,,,,,,,,,No,,,,,,
Lakhisarai,,,,Ramgarh Chowk,Male ,Tetarhat,Anil Sao,,7277648667.0,26.0,EBC,Teli,"Anil Sao | 26 | Teli
- Panchayat Samiti runner Up 2021
-Chudha Meel & Atta Chakki Owner",BSC Member,,,,,,,,,No,,,,,,
Lakhisarai,,,,Ramgarh Chowk,Male ,Sharma,Dilip Kumar ,,9801844116.0,50.0,General,Bhumihar,"Dilip Kumar | 50 | Bhumihar
-RJD Sakrye Sadasye
-Big Farmer (70 Bigha)
-His Wife Government Teacher",BSC Member,,,,,,,,,No,,,,,,
Lakhisarai,,,,Ramgarh Chowk,Male ,Sharma,Arun Thakur ,,7781876269.0,40.0,SC,Thakur,"Arun Thakur | 40 | Thakur
-His Wife Ex BDC 2011
-Good hold in his Community",BSC Member,,,,,,,,,No,,,,,,
Lakhisarai,,,,Ramgarh Chowk,Male ,Nongarh,Sunil Raam,,7781876269.0,45.0,EBC,Chandravanshi,"Sunil Raam | 45 | Chandravashi
-Sarpanch Contestant 2021
-Good hold in his Panchayat & very active in Panchayat level Politics",BSC Member,,,,,,,,,No,,,,,,
Lakhisarai,,,,Ramgarh Chowk,Male ,Nongarh,Amarjit Raam,,8804815233.0,32.0,EBC,Chandravanshi,"Amarjit Raam | 32 | Chandravanshi
-De Facto Sarpanch Contestant 2021
-Ward Runner Up (08) 2021",BSC Member,,,,,,,,,No,,,,,,
Lakhisarai,,,,Ramgarh Chowk,Male ,Sharma,Umesh Raam,,9006610959.0,65.0,EBC,Chandravanshi,"Umesh Raam | 65 | Chandravanshi

-Ex BDC 2006
-BDC Runner Up 2011
-Incumbent Punch 2 term
-Alopathic Practitioner from 1985
-Good hold in Ramgarh Chowk ",BSC Member,,,,,,,,,No,,,,,,
Lakhisarai,,,,Ramgarh Chowk,Male ,Bhabaria,Sujit Kumar,,7488466788.0,28.0,OBC,Yadav,"Sujit Kumar | 28 | Yadav
-Incumbent Ward Parshad
-Yout Leader",BSC Member,,,,,,,,,No,,,,,,
Lakhisarai,,,,Ramgarh Chowk,Male ,Bhabaria,Subodh Yadav,,6200801067.0,38.0,OBC,Yadav,"Subodh Yadav | 38 | Yadav
- Incumbent 2 term Ward Parshad
Associated with RJD",BSC Member,,,,,,,,,No,,,,,,
Lakhisarai,,,,Ramgarh Chowk,Male ,Bhabaria,Kailash Yadav,,7783017075.0,60.0,OBC,Yadav,"Kailash Yadav | 60 | Yadav
-Incumbent Ward Parshad 4 term
-Good hold in his Community
Associated with RJD",BSC Member,,,,,,,,,No,,,,,,
Lakhisarai,,,,Ramgarh Chowk,Male ,Bhabaria,Arun Kumar,,9006871514.0,56.0,OBC,Yadav,"Arun Kumar | 56 | Yadav
-BDC Contestant 2021
-5 term Incumbent Ward Parshad
-RJD Prakhand Vice President",BSC Member,,,,,,,,,No,,,,,,
Lakhisarai,,,,Ramgarh Chowk,Male ,Aure,Ramchandra Chaohan,,8292368363.0,76.0,EBC,Nonia,"Ramchandra Chohan | 76 | Nonia
-Mukhiya Runner Up 2001, 2006
-Associated with CPI",BSC Member,,,,,,,,,No,,,,,,
Lakhisarai,,,,Ramgarh Chowk,Male ,Aure,Lallan Mehto,,8709407694.0,55.0,OBC,Kurmi,"Lallan Mehto | 55 | Kurmi
-Owner of Tailor Shop
-Associated with JDU",BSC Member,,,,,,,,,No,,,,,,
Lakhisarai,,,,Ramgarh Chowk,Male ,Sharma,Bipin Kumar,,7903507753.0,27.0,SC,Dusadh,"Bipin Kumar | 27 | Dusadh
-Incumbent Ward Sadasya
-His Mother mukhiya Runner up 2011",BSC Member,,,,,,,,,No,,,,,,
Lakhisarai,,,,Ramgarh Chowk,Male ,Sharma,Chandan Kumar ,,7903113412.0,28.0,OBC,Yadav,"Chandan Kumar | 28 | Yadav
-His Father Ex Sarpanch 2006
-Ex BDC from  Billo 2011
-His Mother Mukhiya Contestant 2021 (Billo)",BSC Member,,,,,,,,,No,,,,,,
Lakhisarai,,,,Ramgarh Chowk,Male ,Billo,Niranjan Kumar,,9939343858.0,50.0,General,Bhumihar,"- Niranjan Kumar | 50 | Bhumihar- 
-Incumbent Pacs Adhyakch 
- He has a good hold in their Society ",BSC Member,,,,,,,,,No,,,,,,
Lakhisarai,,,,Ramgarh Chowk,Male ,Billo,Deepak Kumar,,6299961510.0,28.0,SC,Dusadh,"Deepak Kumar | 28 | Dusadh
-His Father Ex Mukhiya 2006
-Mukhiya Runner Up 2011",BSC Member,,,,,,,,,No,,,,,,
Lakhisarai,,,,Ramgarh Chowk,Male ,Billo,Puneet Kumar,,6238046090.0,30.0,SC,Badhai,"Puneet Kumar | 30 | Badhai
-very Active in Panchayat politics
-Youth Leader",BSC Member,,,,,,,,,No,,,,,,
Lakhisarai,,,,Ramgarh Chowk,Male ,Billo,Ram Parvesh Kumar,,87096 47426,39.0,General,Bhumihar,"Ram Pravesh Kumar | 39 | Bhumihar 
- 2 time De-facto BDC Runner up 
- Associated with JDU ",BSC Member,,,,,,,,,No,,,,,,
Lakhisarai,,,,Ramgarh Chowk,Male ,Billo,Kamo Manjhi,,,52.0,SC,Musahar,"Kamo Manjhi | 52 | Musahar
-Mukhiya Contestant 2006, 2011
-Associated with RJD",BSC Member,,,,,,,,,No,,,,,,
Lakhisarai,,,,Ramgarh Chowk,Male ,Aure,Jay Prakash Kumar Chohan,,8409676768.0,38.0,OBC,Nonia,"Jay Prakash Kumar Chohan | 38 | Nonia
-BDC Runner up 2011
-His father Mukhiya Runner up 2006, 2011
-Congress Prakhand Adhyaksha",BSC Member,,,,,,,,,No,,,,,,
Lakhisarai,,,,Ramgarh Chowk,Male ,Nand Nama,Upendra Kumar Singh,,9973595732.0,60.0,General,Bhumihar,"Upendra Kumar Singh | 60 | Bhumihar
-Mukhiya Contestant 2016, 2021
-His father Ex Mukhiya 1970 to 1997",BSC Member,,,,,,,,,No,,,,,,
Lakhisarai,,,,Ramgarh Chowk,Male ,Nand Nama,Shubham Kumar,,8227069252.0,31.0,General,Bhumihar,"Shubham Singh | 31 | Bhumihar
-PHD Completed From DU
-Active in Panchayat politics
- Prepration for Mukhiya Election",BSC Member,,,,,,,,,No,,,,,,
Lakhisarai,,,,Ramgarh Chowk,Male ,Aure,Rambali Paswan,,6299656147.0,45.0,SC,Dusadh,"Rambali Paswan | 45 | Dusadh
-Associated with LJP
-Good hold in his Community",BSC Member,,,,,,,,,No,,,,,,
Lakhisarai,,,,Ramgarh Chowk,Male ,Billo,Kedarnath Yadav,,8083324293.0,65.0,OBC,Yadav,"Kedarnath Yadav | 65 | Yadav
- Mukhiya Runner up 2021
-10 Year Civil Court Practitioner 1990 to 2000",BSC Member,,,,,,,,,No,,,,,,
Lakhisarai,,,,Ramgarh Chowk,Male ,Sharma,Lakchaman Manjhi,,,50.0,SC,Musahar,"Lakchaman Manjhi | 50 | Musahar
-2 term Incumbent Sarpanch 2016 to Present",BSC Member,,,,,,,,,No,,,,,,
Lakhisarai,,,,Ramgarh Chowk,Male ,Tetarhat,Shakil Nurani,,6207574438.0,28.0,Minority,Muslim,"Shakil Nurani | 28 | Muslim
-His Father Mukhiya Runner up 2001
-His uncle Sarpanch runner up 2011
-His Uncle Advocate Civil Coart
-Associated with RJD",BSC Member,,,,,,,,,No,,,,,,
Lakhisarai,,,,Ramgarh Chowk,Male ,Tetarhat,Wasit Ali,,8789033054.0,30.0,Minority,Muslim,"Wasit Ali | 30 | Muslim
-His Father Ex Pacs Adhyaksha
- PDS Dealer
-Associated with JDU",BSC Member,,,,,,,,,No,,,,,,
Lakhisarai,,,,Ramgarh Chowk,Male ,Aure,Jitendra Chohan ,,7856953840.0,40.0,EBC,Nonia,"Jitendra Chohan | 40 | Nonia
-Mukhiya Contestant 2011
-Prakhand Sachiv (VIP)",BSC Member,,,,,,,,,No,,,,,,
Lakhisarai,,,,Ramgarh Chowk,Male ,Aure,Rajendra Chohan,,8409676768.0,65.0,EBC,Nonia,"Rajendra Chohan | 65 | Nonia
-Mukhiya Runner up 2001, 2006
-Mukhiya Contestant 2011
-BDC Runner up 2016, 2021
Associated with Congress",BSC Member,,,,,,,,,No,,,,,,
Lakhisarai,,,,Ramgarh Chowk,Male ,Aure,Janardan Sharma,,8789963201.0,62.0,General,Bhumihar,"Janardan Sharma | 62 | Bhumihar
-Ex BDC 2006
-BDC Runner up 2011
Associated with BJP",BSC Member,,,,,,,,,No,,,,,,
Lakhisarai,,,,Ramgarh Chowk,Male ,Aure,Vikas Kumar,,7004364912.0,32.0,EBC,Kurmi,"Vikas Kumar | 32 | kurmi
-Ex BDC 2011
-BDC Runner up 2016
Rice Meel Owner",BSC Member,,,,,,,,,No,,,,,,
Lakhisarai,,,,Ramgarh Chowk,Male ,Billo,Murari Kumar,,7488951170.0,40.0,EBC,Kurmi,"Murari Kumar | 40 | Kurmi 
-Pacs Runner up 2024
-3 term Incumbent Ward Sadasya
Associated with JDU",BSC Member,,,,,,,,,No,,,,,,
Lakhisarai,,,,Ramgarh Chowk,Male ,Aure,Amit Bharti,,6207491295.0,28.0,General,Bhumihar,"Amit Bharti | 28 | Bhumihar
-Owner of Cyber Cafe",BSC Member,,,,,,,,,No,,,,,,
Lakhisarai,,,,Ramgarh Chowk,Male ,Aure,Gulshan Kumar,,6299359635.0,25.0,General,Bhumihar,"Gulshan Kumar | 25 | Bhumihar
- Big Farmer (50 Bigha)",BSC Member,,,,,,,,,No,,,,,,
Lakhisarai,,,,Ramgarh Chowk,Male ,Aure,Kanhayya Kumar,,8210607856.0,29.0,General,Bhumihar,"Kanhayya Kumar | 29 | Bhumihar
-BLDA Training
-Practitiner
Youth Leader",BSC Member,,,,,,,,,No,,,,,,
Lakhisarai,,,,Ramgarh Chowk,Male ,Nand Nama,Lallan Singh,,9472000437.0,57.0,General,Rajput,"Lallan Singh | 57 | Rajput
-BDC Runner Up 2006
-Mukhiya Runner Up 2011
-",BSC Member,,,,,,,,,No,,,,,,
Lakhisarai,,,,Ramgarh Chowk,Male ,Nand Nama,Ashok Kumar,,8292072835.0,31.0,EBC,Chandravanshi,"Ashok Kumar | 31 | Chandravanshi
- Ward Sadasya",BSC Member,,,,,,,,,No,,,,,,
Lakhisarai,,,,Ramgarh Chowk,Male ,Billo,Rohit kumar,,6204934040.0,29.0,SC,Musahar,"Rohit Kumar | 29 | Musahar 
-Defacto Ward Sadasya",BSC Member,,,,,,,,,No,,,,,,
Lakhisarai,,,,Ramgarh Chowk,Male ,Nand Nama,Kanhayya Kumar,,6206343533.0,26.0,SC,Musahar,"Kanhayya Kumar | 26 | Musahar
-Incumbent Ward Sadasya",BSC Member,,,,,,,,,No,,,,,,
Lakhisarai,,,,Ramgarh Chowk,Male ,Nand Nama,Mahesh Kumar,,9229654790.0,33.0,EBC,Chandravanshi,"Mahesh Kumar | 33 | Chandravanshi
- Youth Leader",BSC Member,,,,,,,,,No,,,,,,
Lakhisarai,,,,Ramgarh Chowk,Male ,Nand Nama,Vikas Kumar,,9153983438.0,31.0,SC,Musahar,"Vikas Kumar | 31 | Musahar
-Ward Sadasya",BSC Member,,,,,,,,,No,,,,,,
Lakhisarai,,,,Ramgarh Chowk,Male ,Nand Nama,Ramakant Singh,,6203097186.0,55.0,General,Bhumihar,"Ramakant Singh | 55 | Bhumihar
-Mukhiya Runner up 2001
- JDU Prakhand Adhyksh 2005-2010)",BSC Member,,,,,,,,,No,,,,,,
Lakhisarai,,,,Lakhisarai,Male ,,Shambhu Sharan Singh,,9430438418.0,64.0,General,Bhumihar,"- Bar Council President, Lakhisarai Civil Court
- Practice from 1984
",BSC Member,,,,,,,,,No,,,,,,
Lakhisarai,,,,Lakhisarai,Male ,Damodarpur,Rajeev Kumar,,9955789403.0,49.0,SC,Paswan,"- Lawyer at Lakhisarai Civil Court
- Practicing Sine 2004",BSC Member,,,,,,,,,No,,,,,,
Lakhisarai,,,,Lakhisarai,Male ,,Dharmendra Kumar,,9204517211.0,53.0,OBC,Bania,"- District President at Private School and Student Welfare Association
- Former District President of SFI (1992-1997)",BSC Member,,,,,,,,,No,,,,,,
Lakhisarai,,,,Lakhisarai,Male ,,Suresh Prasad ,,9835899906.0,54.0,OBC,Bania,"- District President of the National Chamber of Commerce
- Own Poonam Gas agency since 1986
- LLB from Patna University",BSC Member,,,,,,,,,No,,,,,,
Lakhisarai,,,,Lakhisarai,Male ,,Ram Kumar Paswan,,6203281834.0,48.0,SC,Paswan,-Incumbent Two times Defacto Nagar Ward Parshad (2017-2022),BSC Member,,,,,,,,,No,,,,,,
Lakhisarai,,,,Lakhisarai,Male ,,Prakash Mahto,,7004356367.0,55.0,OBC,Kushwaha,"
Former 2 Times Ward parshad of Lakhisarai nagar Parishad (2012-2022) 
Owner of the Kushwaha market ( Big market of Lakhisarai)",BSC Member,,,,,,,,,No,,,,,,
Lakhisarai,,,,Lakhisarai,Male ,,Kaushal Kishore,,8709134049.0,37.0,General,Bhumihar,"Incumbent Nagar Ward Parshad (2022-present) 
Nagar ward parshad Runner up by 22 votes (2017)",BSC Member,,,,,,,,,No,,,,,,
Lakhisarai,,,,Lakhisarai,Male ,,Madan Kumar,,6203488490.0,36.0,General,Bhumihar,"Madan Kumar | 36 | Gen | Bhumihar

Incumbent Defacto two times ward Parshad of Lakhisarai Nagar Parishad (2017-Present)",BSC Member,,,,,,,,,No,,,,,,
Lakhisarai,,,,Lakhisarai,Male ,Mahisauna,Rashtrapati Pandey,,"9431276951, 6200405539",67.0,General,Brahmin,"- State Secretary of LJP (R) (2020-Present)
- J.P. Senani (Bhagalpur Jail)
- Former Chairman of Lakhisarai Nagar Parishad (2012-2016)
- Former Zila Adhyaksh of JDU ( 2004-2014)
- Former Zila Adhyaksh and Founding Member of Samta Party(1998-2004)",BSC Member,,,,,,,,,No,,,,,,
Lakhisarai,,,,Lakhisarai,Male ,Sabik Pur,Ram Parvesh Kumar,,7352560576.0,27.0,SC,Dusadh,"-  Ram Pravesh Kumar | Age- 27 | SC- Dusadh | 
- 2 time Sarpanch (2016-2021)
- Qualification- BA Drop out ",BSC Member,Not received,,,,,,,,No,,,,,,
Lakhisarai,,,,Lakhisarai,Male ,Balgudar,Vijay Kumar Singh,,8002074457.0,60.0,General,Bhumihar,"Vijay Kumar Singh | Age-60 | GEN-Bhumihar | 
- 3 time Defacto Sarpanch ( 2011-2016-2021) ( Sister in law Nilam Devi)",BSC Member,,,,,,,,,No,,,,,,
Lakhisarai,,,,Lakhisarai,Male ,Kachhiana,Kalinder Mahto,,9113395854.0,50.0,EBC,Dhanuk,"- Kalinder Mahto | Age-50 | EBC-Dhanuk|
- 2 time BDC winner (2016 & 2021)
- Ex- Mukhiya Runner Up (2006)
- Qualification- Inter ",BSC Member,,,,,,,,,No,,,,,,
Lakhisarai,,,,Suryagarha,Male ,Garhi Bisun Pur,Ganesh Saw,,9939265437.0,56.0,EBC,Teli,"- Ganesh Saw | 56 | Teli |
- 2 time Mukhiya Runner up (2016 and 2021)
- Business- Furnitures 
- He was associated with BJP But not in any position",BSC Member,,,,,,,,,No,,,,,,
Lakhisarai,,,,Lakhisarai,Female ,Garhi Bisun Pur,Ranju Devi,,8002265892.0,45.0,EBC,Dhanuk," - Incumbent Sarpanch (2016-till)
- Good hold on Dhanuk and Mahila votes.
 - Not associated with any political party",BSC Member,,,,,,,,,No,,,,,,
Lakhisarai,,,,Lakhisarai,Male ,,Bablu Sharma,,9431292716.0,47.0,OBC,Badhai,"Bablu Sharma | 47 | EBC |Badhai 
-Director, Sky vision school
-Prominent Businessman
-Transport Business",BSC Member,,,,,,,,,No,,,,,,
Lakhisarai,,,,Lakhisarai,Male ,Mahisauna,Shankar Rajak,Baleshwar Rajak,9110138757.0,40.0,SC,Dhobi,"Shankar Rajak|40|SC|Rajak
-Former Mukhiya (2011)
- JDU Yuva prakhand Adhyaksh (2012)
- Involve in Poultry farm and Fish farming businesses at big level.
- Good hold on Rajak voters.",BSC Member,,SC/St President,,SC /ST,,,,,No,,,,,,
Lakhisarai,,,,Lakhisarai,Male ,Bilauri,Vyas Yadav,Not using,,68.0,OBC,Yadav,"Vyas Yadav|68|OBC|Yadav
-Former Mukhiya (2001)
-Bhajan Gayak
-Caretaker Thakurbari",BSC Member,,,,,,,,,No,,,,,,
Lakhisarai,,,,Lakhisarai,Male ,Bilauri,Vinay Kumar,,9304778293.0,41.0,OBC,Yadav,"Vinay Kumar|41|OBC|Yadav
-Ex Indian Army
-Deafcto Incumbent Mukhiya (2021-till)
-Brother is in Airforce",BSC Member,,,,,,,,,No,,,,,,
Lakhisarai,,,,Lakhisarai,Male ,Mahisauna,Agam Kumar,,7004212161.0,54.0,General,Bhumihar,"Agam Kumar|54|General|Bhumihar
- Former District Secretary  of JDU (2020-2023)
- Mukhiya Runnerup in 2011 by 58 votes
- Prominent businessman of Lakhisarai",BSC Member,,,,,,,,,No,,,,,,
Lakhisarai,,,,Lakhisarai,Male ,Sabik Pur,Ram Parvesh Kumar,,7352560576.0,29.0,EBC,Tatwa," Ram Pravesh Kumar | Age- 27 | SC| Tatwa
- 2 time Sarpanch (2016- till)
-Popular face in youth",BSC Member,,,,,,,,,No,,,,,,
Lakhisarai,,,,Lakhisarai,Male ,Balgudar,Dharmendra Singh,,6204535729.0,50.0,General,Bhumihar,"Dharmendra Singh|50|Bhumihar
-4 times Mukhiya (2001-2021)
-Good hold on bhumihar voters",BSC Member,,,,,,,,,No,,,,,,
Lakhisarai,,,,Lakhisarai,Male ,Balgudar,Vijay Singh,,9801822151.0,55.0,General,Bhumihar,"Vijay Kumar Singh | Age-60 | GEN-Bhumihar | 
- 2 time Defacto Sarpanch ( 2016-till ) 
-Sarpanch Runnerup (2011)",BSC Member,,,,,,,,,No,,,,,,
Lakhisarai,,,,Lakhisarai,Male ,Amhara,Rishi Singh,,6200649867.0,45.0,General,Bhumihar,"Rishi Singh|45|Bhumihar
-3 times PACS Adhyaksh (2014,2019 and 2024)
-Vyapar Mandal Adhyaksh Runnerup
-Sarpanch Runnerup (2011)
",BSC Member,,,,,,,,,No,,,,,,
Lakhisarai,,,,Lakhisarai,Male ,Sabik Pur,Randheer Paswan,,7808238141.0,47.0,SC,Dusadh,"Randheer Paswan|47|SC|Dusadh
-Mukhiya Runnerup (2016)
-Mukhiya Contestant (2021) got 1400+ votes
-Unopposed Panchayat Samiti (2011)
-Ward Sadasya (2006)",BSC Member,,,,,,,,,No,,,,,,
Lakhisarai,,,,Lakhisarai,Male ,Amhara,Shatrughan Paswan,,7808285056.0,65.0,SC,Dusadh,"Shatrughan Paswan|65|SC|Dusadh
-Former Mukhiya (2006)
-Mukhiya Runnerup (2011) lost by 7 votes.
-Mukhiya Contestant (2016) 2nd runnerup.
- Mukhiya Contestant (2024) got 800+ votes",BSC Member,not take responsbility,,,,,,,,No,,,,,,
Lakhisarai,,,,Lakhisarai,Male ,Morma,Dr Dhirendra Singh,,9204521927.0,69.0,General,Bhumihar,"Dr Dhirendra Singh | 69 | Gen | Bhumihar
-  MBBS MS (ENT)
- Former Medical officer
- Son of a Former MLA Yaduvansh Singh
- Influential Farmer
- Active in Politics",BSC Member,,,,,,,,,No,,,,,,
Lakhisarai,,,,Lakhisarai,Male ,Nagar,Bablu Sharma,,9431292716.0,47.0,EBC,Badhai,"Bablu Sharma | 47 | EBC |Badhai 
-Director, Sky vision school
-Prominent Businessman
-Transport Business",BSC Member,,,,,,,,,No,,,,,,
Lakhisarai,,,,Lakhisarai,Male ,,Vinayak Kumar,,7461890007.0,52.0,General,Bhumihar,"Vinayak Kumar|52|Gen|Bhumihar
-Businessman
-Petrol Pump Owner",BSC Member,,,,,,,,,No,,,,,,
Lakhisarai,,,,Lakhisarai,Male ,Sabik Pur,Pappu Singh Yogi,,7004979723.0,40.0,General,Bhumihar,"Pappu Singh|40|Gen|Bhumihar
- ZP Contestant (5300 votes)
- Contested 2020 assembly election",BSC Member,,,,,,,,,No,,,,,,
Lakhisarai,,,,Lakhisarai,Male ,,Anil Singh,,9304147214.0,70.0,General,Bhumihar,"Anil Singh|70|Gen|Bhumihar

- Operate one of the biggest Medical Businesses of Lakhisarai
- Have Strong hold on Political Personality of the district
",BSC Member,,,,,,,,,No,,,,,,
Lakhisarai,,,,Lakhisarai,Male ,,Rajendra Kumar Singh,,9234777110.0,42.0,General,Bhumihar,"- Lawyer at Lakhisarai Civil Court
- Practicing Since 12 years",BSC Member,,,,,,,,,No,,,,,,
Lakhisarai,,,,Lakhisarai,Male ,Kachhiana,Lalji Singh,,9199483011.0,61.0,General,Bhumihar,"- Lawyer at Lakhisarai Civil Court
- Practicing Sine 1999",BSC Member,,,,,,,,,No,,,,,,
Lakhisarai,,,,Lakhisarai,Male ,,Pawan Kumar Singh,,9135044383.0,42.0,General,Bhumihar,"- Lawyer at Lakhisarai Civil Court
- Practicing Sine 2004",BSC Member,,,,,,,,,No,,,,,,
Lakhisarai,,,,Lakhisarai,Male ,,Ramesh Kumar Tripathi,,9470491119.0,46.0,General,Brahmin,"- Lawyer at Lakhisarai Civil Court
- Practicing Sine 1994",BSC Member,,,,,,,,,No,,,,,,
Lakhisarai,,,,Lakhisarai,Male ,,Santosh Kumar Gupta,,8210581031.0,42.0,OBC,Bania,"- Zila Mahamantri of Indian Journalist Association (2021-Present)
- Reporter at Asia News",BSC Member,,,,,,,,,No,,,,,,
Lakhisarai,,,,Lakhisarai,Male ,Mahisauna,Lavanand Kumar,,9234423222.0,49.0,General,Bhumihar,"- Former District Convener of AAP (2014-2015)
- Former NSUI District President (1992-1997)
- Owner of Medical Super 30 ( Ranchi, Jharkhand)",BSC Member,,,,,,,,,No,,,,,,
Lakhisarai,,,,Lakhisarai,Male ,Mahisauna,Vinay Kumar,,8168531813.0,45.0,General,Bhumihar,"- Retired Subedar of the Indian Army 
- Prominent business man of Lakhisarai",BSC Member,,,,,,,,,No,,,,,,
Lakhisarai,,,,Lakhisarai,Male ,Mahisauna,Agam Kumar,,7004212161.0,54.0,General,Bhumihar,"- Former District Secretary  of JDU (2020-2023)
- Mukhiya Runnerup in 2011 by 58 votes
- Prominent businessman of Lakhisarai",BSC Member,,,,,,,,,No,,,,,,
Lakhisarai,,,,Lakhisarai,Male ,Mahisauna,Mantun Kumar Singh,,9431463030.0,49.0,General,Bhumihar,"- Development officer (CLIA) of LIC 
- Worked with Fulena singh ( RJD EX-MLA)",BSC Member,,,,,,,,,No,,,,,,
Lakhisarai,,,,Lakhisarai,Male ,Garhi Bisun Pur,Kumar Deepu,,7001386379.0,27.0,OBC,Yadav,- owner of multiple Resutrant and cafe in Lakhisarai,BSC Member,,,,,,,,,No,,,,,,
Lakhisarai,,,,Lakhisarai,Male ,Mahisauna,Manoj Kumar,,9955607072.0,49.0,OBC,Bania,"
- Development officer (CLIA) of LIC Branch",BSC Member,,,,,,,,,No,,,,,,
Lakhisarai,,,,Lakhisarai,Male ,Sabik Pur,Monu Kumar Singh,,9386851926.0,30.0,General,Bhumihar,"- Own Sanskar Public School (BSEB affiliated) 
- Member at Independent Children welfare Association. 
- Former Technician at NIT Delhi",BSC Member,,,,,,,,,No,,,,,,
Lakhisarai,,,,Lakhisarai,Male ,Mahisauna,Ranjeet Kumar,,7541809090.0,48.0,General,Bhumihar,"- Owner of New Radiant International School 
- State Secretary of Independent Children welfare Association.",BSC Member,,,,,,,,,No,,,,,,
Lakhisarai,,,,Lakhisarai,Male ,Garhi Bisun Pur,Premsagar Yadav,,7979995378.0,38.0,OBC,Yadav,"- RJD's District Vice-President from 2024
- Owner of Buddha Hotel 
- Running an NGO 'Bravo' since 2006
- One of the Probable ACC of RJD ",BSC Member,,,,,,,,,No,,,,,,
Lakhisarai,,,,Lakhisarai,Male ,Sabik Pur,Tuntun Prasad Singh,,9279389647.0,55.0,General,Bhumihar,"- Investigative Freelance Journalist at Dhanbad from 2003-2005
- Working as RTI activist from 2005-Present 
- also associated with IPF from 1993-1996",BSC Member,,,,,,,,,No,,,,,,
Lakhisarai,,,,Lakhisarai,Male ,Mahisauna,Mohan Prasad Singh 'Shradalu',,9708435895.0,61.0,General,Bhumihar,"- BJP Ex-District Treasurer from 1997-2002
- His nephew (Ajay Kumar Singh) is a MLC 
- Hotel and Jewellery Business in Lakhisarai ",BSC Member,,,,,,,,,No,,,,,,
Lakhisarai,,,,Lakhisarai,Male ,,Yashwardhan,,,31.0,General,Bhumihar,"- Yashwardhan | Age-31 | General - Bhumihar |
- By Profession teacher at DAV Baurani 
- B tech. at Birla Institute of Technology, Patna and Bed 2020 from Secunderabad 
- Guest Faculty at Govt. Politecnics
- 2 time Nagar Ward Parshad Mother Lalita Devi (ward no- 8) 
- Father Contestant MLA in 1983 
Father- was in Danapur Railway Commitee Mandal Division
- He has Rice mil ",BSC Member,,,,,,,,,No,,,,,,
Lakhisarai,,,,Lakhisarai,Male ,Damodarpur,Nitish Kumar,,9631529749.0,32.0,OBC,Yadav,"Nitish Kumar | 32 | OBC-Yadav| 
- 3 time Mukhiya ( 2011 Mother , 2016, 2021)
- 2006  mother Ex mukhiya Runner Up 
- 4 time PACS Chairman ( 2009. 2014. 2019 at Present Father) 
- Father BJP Zila Treasurer
- BJP  Yuva Morcha Zila Upadhykash 2 years ago
- Joined JDU December, 2023 and closely associated with Lalan Singh
- Business- Sanitary Plumbing and has a rice mil
- Qualification- Intermediate ",BSC Member,,,,,,,,,No,,,,,,
Lakhisarai,,,,Barahiya,Male ,Laxmipur,Dr. Ramanuj Prasad Singh Urf Anuj ,,,60.0,General,Bhumihar,"Dr. Ramanuj Prasad Singh Urf Anuj | 60 | General- Bhumihar | 
-  Founding president of Red Cross sociaety in Lakhisarai 
- Indian medical association president at present 
- Founder of Secreatatiate Child Club India (2005)
- Member of  Communist Party of India 
- Charter President Routry Club (2009)
- He was part of Ganga Bachao Movement with Shiv Ram Sharma 
MMC 38 years of experiences",BSC Member,,,,,,,,,No,,,,,,
Lakhisarai,,,,Lakhisarai,Male ,Bilauri,Jitender Raj,,8083470860.0,30.0,OBC,Yadav,"Jitender Raj | Age-30 | OBC- Dhanuk 
- Teaching Since Decemeber 2023 in Brighton Education Academy, Mananpur
- Business- Fish Farming Since 2022
- Qualification- Graduated in Geography Hounors ",BSC Member,,,,,,,,,No,,,,,,
Lakhisarai,,,,Lakhisarai,Male ,Sabik Pur,Jagdish Mandal,,9650215055.0,70.0,EBC,Dhanuk,"- Jagdish Mandal | Age- 70 | EBC- Dhanuk | 
- 2 time Up Sarpanch (2006 and 2021) ",BSC Member,,,,,,,,,No,,,,,,
Lakhisarai,,,,Lakhisarai,Male ,Sabik Pur,Nanda Kishore Mandal,,9572921865.0,54.0,EBC,Dhanuk,"Nanda Kishor Mandal | Age- 46 | EBC-Dhanuk|
- two time Defacto BDC (2016-2021) Wife Nilam Devi
- JDU Prakhand Sachiv Since 2021
- Business : Runs a Hardware Shop in Vidyapith
- In centre Support BJB and in State JDU",BSC Member,,,,,,,,,No,,,,,,
Lakhisarai,,,,Lakhisarai,Male ,Amhara,Rajesh Kumar Paswan ,,6202180367.0,38.0,SC,Dusadh,"Rajesh Kumar Paswan |  Age-38 | SC- Paswan | 
-  2 time BDC Winner (2016 & 2021) Now wife Asrati Devi 
- Associated with JDU",BSC Member,belong to other party,,,,,,,,No,,,,,,
Lakhisarai,,,,Lakhisarai,Male ,Damodarpur,Yogender Tati ,,7631461650.0,32.0,SC,Tatwa,"Yogender Tati | 32 | SC- Tatwa |
- Incumbent Defacto Prakandh Pramukch (Wife) 2023 won
- Mother was 2021 BDC. 
- BDC Runner up (2016) 
- Associted with JDU Since 2021 
",BSC Member,,,,,,,,,No,,,,,,
Lakhisarai,,,,Lakhisarai,Male ,Mahisauna,Rakesh Kumar Guddu ,,9771055775.0,43.0,SC,Chammar,"Rakesh Kumar Guddu | 43 | SC- Dash 
- Incumbent BDC and Pramukch 2021-2023 lost In trust votes
- Ex- Pramukh 2016-2021 
- Ex. PACS Contestant 
- Qualification- Dual MA in Political Scince and Public Administration ",BSC Member,,,,,,,,,No,,,,,,
Lakhisarai,,,,Lakhisarai,Male ,Balgudar,Anil Singh urf Makkru Singh ,,8114589097.0,50.0,General,Bhumihar,"- Anil Singh - 50 | General- Bhumihar 
- Incumbent District Mukhiya Sangh Adhyakhs 2021- Present 
- Associated with Lallan SIngh",BSC Member,,,,,,,,,No,,,,,,
Lakhisarai,,,,Lakhisarai,Male ,Balgudar,Gautam Kumar,,6204078568.0,34.0,General,Bhumihar,"Gautam Kumar | Age-34 | General- Bhumihar 
- Incument Ward Member 
- Ex Ward member father 2006
Qualification- ITI Electrical in 2012
- Business- Small tender
Member of BJP But not in any position",BSC Member,,,,,,,,,No,,,,,,
Lakhisarai,,,,Lakhisarai,Male ,Khagor,Md. Irfan Miya,,6201392859.0,48.0,Minority,Muslim,"Md. Irfan Miya | 48 | Minority- Muslim 
- 4 time  Consecutive Mukhiya (2006-Present)
- 2 time Ex RJD Prakhand Adhyaksh 
- Ex- RJD Zila Adhyaksh Minority Prakosth associated since 1992
 6 months ago left RJD 
- Business- Handlooms ",BSC Member,,,,,,,,,No,,,,,,
Lakhisarai,,,,Lakhisarai,Male ,,Gautam Paswan,,7091180500.0,37.0,SC,Dusadh,"- Gautam Paswan | 37 | Dusadh| 
- Ex Nagar Ward Parshad winner (2012)
- 2 time Nagar Ward Parshad Runner up (2017 and 2022)
- Ex Zila Nagar Adhyaksh ( LJP Ramvilash) 
- Qualification- Inter
Profession- Property Dealer  ",BSC Member,not incoming call,,,,,,,,No,,,,,,
Lakhisarai,,,,Suryagarha,Male ,Garhi Bisun Pur,Tun Tun Singh,,8002458390.0,50.0,General,Bhumihar,"- Tun Tun Singh | 50 | Bhumihar |
- Ex- BDC 2001 
- BDC runner up 2006
- Business- Contracter and Property Dealer 
- Qualification- Bsc",BSC Member,,,,,,,,,No,,,,,,
Lakhisarai,,,,Suryagarha,Male ,Garhi Bisun Pur,Dharmendra Singh,,6204554091.0,30.0,General,Bhumihar,"- Dharmendra Singh | 30 | Bhumihar | 
-  BDC Runner up (2021)",BSC Member,,,,,,,,,No,,,,,,
Lakhisarai,,,,Lakhisarai,Male ,Kachhiana,Anil Tanti ,,9830190532.0,50.0,SC,Tatwa,"- Anil Tanti | 50 | Tatwa | 
- Incumbent Defacto Mukhiya {Wife Arti Devi} 2021-Present
- Business- Builder and Textiles and Marvels",BSC Member,,,,,,,,,No,,,,,,
Lakhisarai,,,,Lakhisarai,Male ,Kachhiana,Sarovar Tanti ,,8877389321.0,70.0,SC,Tatwa,"- Sarovar Tanti | 70 | Tatwa | 
- 2 times Mukhiya Runner Up {2016 & 2021 Wife Paano Devi}
",BSC Member,,,,,,,,,No,,,,,,
Lakhisarai,,,,Lakhisarai,Male ,Damodarpur,Rajiv Yadav,,8757515759.0,44.0,OBC,Yadav,"- Rajiv Yadav | 44 | Yadav |
- Mukhiya Runner up (2021)
- PACS Contestant (2019)
",BSC Member,,,,,,,,,No,,,,,,
Lakhisarai,,,,Lakhisarai,Male ,Damodarpur,Raj Vallam Yadav ,,9472995834.0,48.0,OBC,Yadav,"- Raj Vallam Yadav | 48 | Yadav|
- Mukhiya Runner Up {2021}
- Ex- Mukhiya 2016
- Ex- Mukhiya 2001 (His elder brother) 
- Ex- Mukhiya 2006 his sister in law 
- Ex- Zila Parishad and Vice Chairman his elder brother  
- Business- Tractor trading
- Qualification- BSC and MGMCA 
- Ex- Presess reporter at Press-7 Pravat Khabar 
- Runs Garuda Public School  6 months ago",BSC Member,,,,,,,,,No,,,,,,
Lakhisarai,,,,Lakhisarai,Male ,lakheesarai nagar,Neeraj Kumar,,9304753194.0,26.0,SC,Dusadh,"Neeraj Kumar [26 ]Dusadh 
 Defacto Ward Parshad 1st time
Ex Parshad (His Brother)
Qualification-BA
",BSC Member,,,,,,,,,No,,,,,,
Lakhisarai,,,,Lakhisarai,Male ,,Dr Parmanand Verma,,9973999485.0,45.0,OBC,Sonar,"Parmanand Verma|45|OBC|Sonar
Defacto Ward Parshad
Guest Faculty in Patna University
Active member of RSS.",BSC Member,,,,,,,,,No,,,,,,
Lakhisarai,,,,Lakhisarai,Male ,,Surendra Mandal,,9955714886.0,49.0,EBC,Dhanuk,"Surendra Mandall49|EBC|Dhanuk

- Two term Ward Parshad (2017- Till)
- Defecto Mukhiya 2012
",BSC Member,,,,,,,,,No,,,,,,
Lakhisarai,,,,Lakhisarai,Male ,,Shailendra Kumar Manoj,,7903041542.0,41.0,EBC,Teli,"Shailendra Kumar Manoj|41|EBC|Teli

- Defacto Ward Parshad 22-Till
- Defacto Ward Parshad Runner-up 2017
- Former member of Bajrang Dal
-Very Active in Local politics of Lakhisarai",BSC Member,,,,,,,,,No,,,,,,
Lakhisarai,,,,Lakhisarai,Male ,Amhara,Vinay Kumar Singh(Ajay),,6201163910.0,40.0,General,Bhumihar,"Vinay kumar Ajay|40|General|Bhumihar

- Two term Defacto sarpanch 2016- till
- Sarpanch sangh Prakhand Sachiv
- District presidents of BJP (panchayati Raj Prakoshth)
- Sachiv of Sudha dairy Babhangama
",BSC Member,,,,,,,,,No,,,,,,
Lakhisarai,,,,Lakhisarai,Male ,Amhara,Parichit Singh,,7632830943.0,69.0,General,Bhumihar,"Parichit Singh|Gen|Bhumihar

  Influential Farmer
- Stronghold on Bhumihar voters 
- Not associated with any political party",BSC Member,,,,,,,,,No,,,,,,
Lakhisarai,,,,Lakhisarai,Male ,Amhara,Mrityunjay Singh,Late. Janardan Prasad Singh,9934349305.0,70.0,General,Bhumihar,"""Mrityunjay Singh|Gen|Bhumihar - Kisan Salahkar, Krishi Vibhag (2010-19) - Vyapar Mandal Adyaksh, Lakhisarai (1985-87) - Worked with George Fernandes in Janta dal day's. - Influential Farmer "" with ",BSC Member,,,,,,,,,No,,,,,,
Lakhisarai,,,,Lakhisarai,Male ,Kachhiana,Shankar Kumar,,9534448781.0,30.0,SC,Dhobi,"Shankar Kumar|30|SC|Dhobi
 - Defacto sarpanch 2021- till
- Sarpanch Runner-up 2016 
- RLSP Prakhand Adyaksh (2017-18)
- Father was a ward member (2006)
- Member Shanti Samiti
-Prakhand Adhyaksh Dhobi Mahasabha",BSC Member,,,,,,,,,No,,,,,,
Lakhisarai,,,,Lakhisarai,Male ,Damodarpur,Raj Ballabh Yadav ,,9472995834.0,48.0,OBC,Yadav,"-Ex Mukiya (2016)
-Mukhiya Runner up (2021)
-Ex Mukhiya 2001(His Brother)
- Ex- Mukhiya 2006 his sister in law 
- Ex- Zila Parishad and Vice Chairman his elder brother 
-Director Garuda Public School",BSC Member,,,,,,,,,No,,,,,,
Lakhisarai,,,,Lakhisarai,Male ,Bilauri,Sanjay Kumar,,7549556208.0,37.0,OBC,Yadav,"-Ex Sarpanch (2006-11)
De Facto Sarpanch (2016-till)
Influential Farmer",BSC Member,,,,,,,,,No,,,,,,
Lakhisarai,,,,Lakhisarai,Male ,Damodarpur,Ajay Yadav,,8292429140.0,36.0,OBC,Yadav,"Incumbent Sarpanch (2021-till)
Sarpanch Runner Up ( 2016)
Wife Pakhand Adyaksh RJD ( Mahila Prakoshth)",BSC Member,,,,,,,,,No,,,,,,
Lakhisarai,,,,Lakhisarai,Male ,Damodarpur,Vijay Yadav,Baljbhari Yadav,9153828183.0,46.0,OBC,Yadav,"Vijay Yadav|OBC|Yadav

-  De facto Panchayat samiti (2021-till)
- Influential Farmer
- Transport Business",BSC Member,Ready for OBC BP,Obc President,District PH,OBC,,,,,No,,,,,,
Lakhisarai,,,,Lakhisarai,Male ,Kachhiana,Anil Tanti ,,9830190532.0,48.0,EBC,Tatwa,"Anil Tanti|48|EBC|Tatwa
- De facto Mukhiya (2021-till)
- Influential businessman
- Marble business, builder, promoter and developer.",BSC Member,,,,,,,,,No,,,,,,
Lakhisarai,,,,Lakhisarai,Male ,Damodarpur,Nitish Kumar,,9631529749.0,32.0,OBC,Yadav,"
- 3 time Mukhiya ( 2011 Mother , 2016, 2021)
- 2006  mother Ex mukhiya Runner Up 
- 4 time PACS Chairman ( 2009. 2014. 2019 at Present Father) 
- Father BJP Zila Treasurer
- BJP  Yuva Morcha Zila Upadhykash 2 years ago
- Joined JDU December, 2023 and closely associated with Lalan Singh
- Business- Sanitary Plumbing and has a rice mil
- Qualification- Intermediate",BSC Member,,,,,,,,,No,,,,,,
Lakhisarai,,,,Lakhisarai,Male ,Sabik Pur,Naresh Kumar,,9931797761.0,38.0,SC,,"-DeFacto Mukhiya (2016-till)
-DeFacto BDC (2011)",BSC Member,,,,,,,,,No,,,,,,
Lakhisarai,,,,Lakhisarai,Male ,Damodarpur,Anil Kumar,,9955000484.0,45.0,EBC,,"Anil Kumar|
-Ex Pramukh(2005)
-DeFacto Mukhiya Runner Up ( 2016, 2021)
Staunch supporter of Nitish Kumar",BSC Member,,,,,,,,,No,,,,,,
Lakhisarai,,,,Lakhisarai,Male ,Garhi Bisun Pur,Bambam Kumar,,7352707198.0,26.0,EBC,Teli,"Bambam Kumar|26|EBC|Teli
- 2 times Sarpanch Runner Up ( Defacto)
-Got 1000+ votes in both elections.
- Youth face in his Panchayat",BSC Member,,,,,,,,,No,,,,,,
Lakhisarai,,,,Lakhisarai,Male ,Garhi Bisun Pur,Manikant Singh,,9097414143.0,36.0,General,Bhumihar,"
Manikant Singh|36|General|Bhumihar
-Incumbent BDC
- Incumbent Up Pramukh
- Mother was a Mukhiya (2001-2010)
-PhD holder in Mass Communication
-Father contested an assembly election independently (2010)
-Director Vivekanand School",BSC Member,,,,,,,,,No,,,,,,
Lakhisarai,,,,Lakhisarai,Male ,Khagor,Rashid Imam,,8294031206.0,35.0,Minority,Muslim,"Rashid Imam|35|Muslim
-DeFacto Panchayat Samiti(2016-21)
-DeFacto Mukhiya Runner Up (2021)",BSC Member,,,,,,,,,No,,,,,,
Lakhisarai,,,,Lakhisarai,Male ,Garhi Bisun Pur,Ganesh Saw,,9939265437.0,56.0,EBC,Teli,"Ganesh saw|56|EBC|Teli
- 2 time Mukhiya Runner up (2016 and 2021)
- Business- Furnitures 
- He was associated with BJP But not in any position",BSC Member,,,,,,,,,No,,,,,,
Lakhisarai,,,,Lakhisarai,Male ,Garhi Bisun Pur,Neeraj Kumar,,8709176844.0,28.0,OBC,Thakur,"Neeraj Kumar|28|0BC|Thakur
- 2 times Sarpanch Runner Up ( Defacto)
- Lost with a margin of 70 votes in 2016
-Popular face among Thakur samaj and Youths.",BSC Member,,,,,,,,,No,,,,,,
Lakhisarai,,,,Lakhisarai,Male ,Garhi Bisun Pur,Manoj Kumar,,7004209647.0,50.0,EBC,Teli,"Manoj Kumar |50| EBC| Teli
-Defacto Mukhiya (2021-till)
-Mukhiya Runner up (2016)",BSC Member,,,,,,,,,No,,,,,,
Lakhisarai,,,,Lakhisarai,Male ,Garhi Bisun Pur,Vinod Saw,,9801296417.0,53.0,EBC,Teli,"Vinod Saw|53|EBC| Teli
2 times BDC (2016-24)
Ward Member (2001-16)
RJD member",BSC Member,,,,,,,,,No,,,,,,
Lakhisarai,,,,Lakhisarai,Female ,Khagor,Divya Devi,,9204390302.0,30.0,SC,Dusadh,"Divya Devi|30|SC|Dusadh
-Mukhiya Contestant(2021)
-Her husband was a ward parshad (15) Lakhisarai NP (2015-17)
-Husband was a District President LJP(R) (1997-2021)
- Husband is a LJP Pradesh Mahasachiv and Prabhari Nalanda Zila.
-Her Husband brother Arvind Paswan is 3rd time chairman of Lakhisarai NP on a General Seat.
",BSC Member,,,,,,,,,No,,,,,,
Lakhisarai,,,,Lakhisarai,Male ,Garhi Bisun Pur,Dharmendra Kumar Shambhu,,7903564376.0,45.0,General,Bhumihar,"Dharmendra Kumar|45|General|Bhumihar
 Former PACS Adyaksh (2009-2024)
Zila Parishad Contestant 3rd Position (2021)
RSS member",BSC Member,,,,,,,,,No,,,,,,
Lakhisarai,,,,Lakhisarai,Male ,Garhi Bisun Pur,Dinesh Yadav,,9334558416.0,60.0,EBC,Yadav,"Dinesh Yadav|60|OBC|Yadav
Former Sarpanch (2011-16)
Mukhiya Runner up (2001 and 2006)
Prakhand Upadhyaksh RJD (2008)
Sarpanch sangh Pradesh Upadhyaksh (2011)
",BSC Member,,,,,,,,,No,,,,,,
Lakhisarai,,,,Lakhisarai,Male ,Khagor,Avinash Kumar,,9334542594.0,30.0,OBC,Yadav,"Avinash Kumar|30|OBC|Yadav
Defacto Mukhiya Contestant (2021)
Pradesh Mahasachiv HAM (2014-16)
Runs a S.Kumari Gyansthali Nishulk Shiksha kendra
Runs a NGO, S.Kumari Jan lok kalyan seva kendra (Registered)",BSC Member,,,,,,,,,No,,,,,,
Lakhisarai,,,,Lakhisarai,Male ,Khagor,Bhajan Lal Gupta,,7277212446.0,51.0,EBC,Haluwai,"Bhajan Lal Gupta|50|EBC|Halwai
District Vice President Vyavasayik Prakoshth JDU
Runs a Maa Ambey Restaurant near Kiul Railway station",BSC Member,,,,,,,,,No,,,,,,
Lakhisarai,,,,Lakhisarai,Male ,Garhi Bisun Pur,Ramdev Yadav,,9631405703.0,50.0,OBC,Yadav,"Ramdev Yadav|50|OBC|Yadav
Former Block Pramukh (2006-2016)
Zila Parishad contestant 2021 (got 3000+ votes)
Mukhiya Runnerup 2016 ( lost by 8 votes) ",BSC Member,,,,,,,,,No,,,,,,
Lakhisarai,,,,Lakhisarai,Male ,Morma,Manish Ranjan,,7909056065.0,30.0,General,Bhumihar,"Manish Ranjan|30|General|Bhumihar
-Incumbent Panchayat samiti
-Local Medical Practioner
-Popular face among youths.",BSC Member,,,,,,,,,No,,,,,,
Lakhisarai,,,,Lakhisarai,Male ,Morma,Anurag Singh Golu,,7061613477.0,28.0,General,Bhumihar,"Anurag Singh|28|General|Bhumihar
-Contractor and Builder 
-Good hold on Bhumihar Voters 
-Youth face",BSC Member,,,,,,,,,No,,,,,,
Lakhisarai,,,,Lakhisarai,Male ,Morma,Mangni Singh,,9430982608.0,80.0,General,Bhumihar,"Mangni Singh|80|General|Bhumihar
-Incumbent Sarpanch (2001-till) 5 term
-Good hold on Bhumihar Voters",BSC Member,,,,,,,,,No,,,,,,
Lakhisarai,,,,Lakhisarai,Male ,Morma,Mahboob Alam,,9430238539.0,35.0,Minority,Muslim,"Mahboob Alam|35|Muslim
-Mukhiya Runnerup (2021)
-Mukhiya Runnerup (2016) lost by 19 votes
-Zila Adyaksh RJD Minority cell",BSC Member,,,,,,,,,No,,,,,,
Lakhisarai,,,,Lakhisarai,Male ,Morma,Nilesh Singh,,8521135103.0,40.0,General,Bhumihar,"Nilesh Singh|40|General|Bhumihar
Former PACS Adyaksh ( 2014-24) two terms
-Mukhiya Runner up (2021)
-His brother was a Mukhiya from (2001-2011)",BSC Member,,,,,,,,,No,,,,,,
Lakhisarai,,,,Lakhisarai,Male ,Morma,Indrdev Yadav,,8051878729.0,58.0,OBC,Yadav,"Indrdev Yadav|58|OBC|Yadav
-Sarpanch Runner up (2021)
-Mukhiya Contestant
-RJD zila Sachiv (current)
-RJD Zila working committee member (2002)
-Runs a Hotel Radhe Krishna
-Runs a Yadav Transport",BSC Member,,,,,,,,,No,,,,,,
Lakhisarai,,,,Lakhisarai,Male ,Morma,Kamal Kishor Singh,,8764239023.0,64.0,General,Bhumihar,"Kamal Kishor|64|General|Bhumihar
-Retired teacher KSS college Lakhisarai
-43 Years of service
-Father was a Mukhiya (1978-95)
-Socialist ",BSC Member,,,,,,,,,No,,,,,,
Lakhisarai,,,,Lakhisarai,Male ,Mahisauna,Raju Kumar Bind,,7004663076.0,35.0,EBC,Bind,"Raju Bind|35|EBC|Bind
-2 times Mukhiya contestant (2016 &21)
- Got 800+ votes in both elections.
- Government Contractor
- Prakhand Sachiv RJD (2020-22)
- BBA,BCA from Rai University, Dehradun.",BSC Member,,,,,,,,,No,,,,,,
Lakhisarai,,,,Lakhisarai,Male ,Mahisauna,Manoj Ram,,7091763288.0,50.0,EBC,Chandravanshi,"Manoj Ram|50|EBC|Kahar
-2 times sarpanch runner up (2016 &2021)
",BSC Member,,,,,,,,,No,,,,,,
Lakhisarai,,,,Lakhisarai,Male ,Mahisauna,Mukesh Ram,,9973407643.0,42.0,EBC,Chandravanshi,"Mukesh Ram|42|EBC|Kahar
- 2 Term Incumbent Sarpanch (2016-till)
-Good hold on Kahar Voters.
-Good reputation in his panchayat.
",BSC Member,,,,,,,,,No,,,,,,
Lakhisarai,,,,Lakhisarai,Male ,Mahisauna,Digam Singh,,9973408809.0,50.0,General,Bhumihar,"Digam Singh|50|General|Bhumihar
-PACS president three times ( 2009-till)
-PACS sangh zila Adhyaksh ( current)
-Good hold on Bhumihar voters ",BSC Member,,,,,,,,,No,,,,,,
Lakhisarai,,,,Lakhisarai,Male ,Mahisauna,Praveen Bharti,,6204912320.0,40.0,EBC,Chandravanshi,"Praveen Bharti|40|EBC|Kahar
-Former Mukhiya (2016)
-Mukhiya Runnerup ( 2021)",BSC Member,,,,,,,,,No,,,,,,
Lakhisarai,,,,Lakhisarai,Male ,Mahisauna,Laxman Kumar,,8210912031.0,46.0,EBC,Dhanuk,"Laxman Kumar|46|EBC|Dhanuk
-Mukhiya Runnerup (2016 and 2021)
-Got 1200+ votes.
-Runs a transport and marble business",BSC Member,,,,,,,,,No,,,,,,
Lakhisarai,,,,Lakhisarai,Male ,Mahisauna,Bhanu Kumar,,9507748099.0,41.0,General,Bhumihar,"Bhanu Kumar|41|Gen|Bhumihar
-Incumbent zila parishad
-Got 5700+ votes 
-Runnerup in zila Parishad election 2016
 and got 3000+ votes.
-Government Contractor",BSC Member,,,,,,,,,No,,,,,,
Lakhisarai,,,,Lakhisarai,Male ,Bilauri,Saurabh Kumar,,7070165151.0,27.0,OBC,Yadav,"Saurabh Kumar|28|OBC|Yadav
-Defacto Mukhiya Runnerup (2021)
-Defacto Mukhiya(2016), his mother.
-PDS Dealer",BSC Member,,,,,,,,,No,,,,,,
Lakhisarai,,,,Lakhisarai,Male ,Bilauri,Pappu Khan,,9934749194.0,42.0,Minority,Muslim,"Pappu Khan|42|Muslim
-Sarpanch Contestant (2011)
-RJD Minority cell President Bilauri",BSC Member,,,,,,,,,No,,,,,,
Lakhisarai,,,,Lakhisarai,Male ,Bilauri,Hareram Kumar,,8083192369.0,30.0,EBC,Chandravanshi,"Hareram Kumar|30|EBC|Chanravanshi
-His brother is an incumbent BDC.
-His brother was an Up-Pramukh for 2 years (2021-23)
-His Brother is a RLSP Prakhand Adhyaksh.",BSC Member,,,,,,,,,No,,,,,,
Lakhisarai,,,,Lakhisarai,Male ,Bilauri,Anandi Yadav,,,50.0,OBC,Yadav,"Anandi Yadav|50|OBC|Yadav
- 2 times PACS Adhyaksh
-PACS Runnerup (2024)
-Runs a big Marble business of Lakhisarai",BSC Member,,,,,,,,,No,,,,,,
Lakhisarai,,,,Lakhisarai,Male ,Bilauri,Hasnain Ahtisham,,8434717242.0,40.0,Minority,Muslim,"Hasnain Ahtisham|40|Muslim
Former Mukhiya (2011-16)
Defacto Mukhiya Contestant",BSC Member,,,,,,,,,No,,,,,,
Lakhisarai,,,,Lakhisarai,Male ,Balgudar,Abbas,,9097006519.0,75.0,Minority,Muslim,"Abbas|75|Muslim
-Former Mukhiya (1970-2000)
-Former Zila Parishad sadsya(2001-2006)
-Zila Parishad contestant (2021) got 2000+votes
-Former RJD Rajya Parishad Sadsya
-Former RJD Zila working committee member
-Staunch Socialist",BSC Member,,,,,,,,,No,,,,,,
Lakhisarai,,,,Lakhisarai,Male ,Balgudar,Kumar Saurav,,8178976086.0,28.0,General,Bhumihar,"Kumar Saurav|28|Bhumihar
-Mukhiya Runnerup (2021) got 800+ votes.
-Good hold on Youths.",BSC Member,,,,,,,,,No,,,,,,
Lakhisarai,,,,Lakhisarai,Female ,Balgudar,Parvati Devi,,8507212718.0,40.0,EBC,Mallah,"Parvati Devi|40|EBC|Mallah
-Incumbent Panchayat Samiti
-Utpadan Samiti Adhyaksh Lakhisarai Prakhand",BSC Member,,,,,,,,,No,,,,,,
Lakhisarai,,,,Lakhisarai,Male ,Balgudar,Manoj Kumar Singh,,9470071902.0,41.0,General,Bhumihar,"Manoj Kumar Singh|41|Bhumihar
-PACS Adhyaksh ( 2009-14)
-PACS Runnerup (2014)
-Mukhiya Runnerup (2006)",BSC Member,,,,,,,,,No,,,,,,
Lakhisarai,,,,Lakhisarai,Male ,Balgudar,Neeraj Kumar,,9123183618.0,30.0,General,Bhumihar,"Neeraj Kumar|30|Bhumihar
- Defacto Incumbent PACS Adhyaksh
-Two times PACS Runnerup (DeFacto)",BSC Member,,,,,,,,,No,,,,,,
Lakhisarai,,,,Lakhisarai,Male ,Amhara,Rajesh Kumar Paswan ,,6202180367.0,37.0,SC,Dusadh,"Rajesh Kumar Paswan|38|SC|Dusadh
-Incumbent Panchayat Samiti (2016-till), two terms
- Associated with JDU",BSC Member,,,,,,,,,No,,,,,,
Lakhisarai,,,,Lakhisarai,Male ,Amhara,Rajendra Paswan,,7739521181.0,60.0,SC,Dusadh,"Rajendra Paswan|60|SC|Dusadh
-Former Mukhiya (2011)
-Prakhand Adhyaksh LJP(R)",BSC Member,Belong to other party,,,,,,,,No,,,,,,
Lakhisarai,,,,Lakhisarai,Male ,Amhara,Nayantara Paswan,,7463831089.0,48.0,SC,Dusadh,"Nayantara Paswan|48|SC|Dusadh
-Sarpanch Runnerup (2021)
-District Spokesperson LJP(R)
- Former District President HAM",BSC Member,,,,,,,,,No,,,,,,
Lakhisarai,,,,Lakhisarai,Male ,Amhara,Sudheer Singh,,6363764804.0,40.0,General,Bhumihar,"Sudheer Singh|40|Bhumihar
-Mukhiya Contestant (2011,2016 and 2021)
-Got 800+ votes in 2021",BSC Member,,,,,,,,,No,,,,,,
Lakhisarai,,,,Lakhisarai,Male ,Amhara,Gautam Kevat,,8240246969.0,27.0,EBC,Mallah,"Gautam Kevat|27|EBC|Mallah
-Defacto Mukhiya Contestant (2021)
-Pradesh Sachiv LJP(R)
-Former District President Labour Sangh LJP(R)",BSC Member,,,,,,,,,No,,,,,,
Lakhisarai,,,,Lakhisarai,Female ,Amhara,Rubi Devi,,7371879070.0,,General,Bhumihar,"Rubi Devi|Gen|Bhumihar
-Mahasachiv, Mahila Prakoshth JDU
-PACS Contestant (2014)
-Panchayat Samiti (2011)",BSC Member,,,,,,,,,No,,,,,,
Lakhisarai,,,,Lakhisarai,Male ,Garhi Bisun Pur,Rakesh Kumar Sonu ,,8651659983.0,40.0,General,Bhumihar,"Rakesh Kumar Sonu|40|Bhumihar
-Incumbent PACS President (2024)
-Ward Sadsya (2011)
-PACS Runnerup (2014)",BSC Member,,,,,,,,,No,,,,,,
Lakhisarai,,,,Lakhisarai,Male ,Sabik Pur,Vinod Kumar,,8076505058.0,51.0,General,Bhumihar,"Manoj Kumar|51|Bhumihar
- Chairman Munger Jamui Central cooperative Bank
-Defacto Incumbent PACS Adhyaksh 
-Very Influential in Lakhisarai District",BSC Member,,,,,,,,,No,,,,,,
Lakhisarai,,,,Lakhisarai,Female ,Amhara,Lalo Devi,,9523352634.0,55.0,SC,Dusadh,"Lalo Devi|55|SC|Dusadh
-Former Sarpanch (2011) 
",BSC Member,,,,,,,,,No,,,,,,
Lakhisarai,,,,Lakhisarai,Female ,Amhara,Usha Devi,,9123267462.0,35.0,SC,Musahar,"Usha Devi|35|SC|Musahar
- Incumbent Panchayat Samiti 
-Panchayat Samiti Runnerup (2016)",BSC Member,,,,,,,,,No,,,,,,
Lakhisarai,,,,Lakhisarai,Male ,Sabik Pur,Saurabh Kumar,,8083845981.0,33.0,General,Bhumihar,"Saurabh Kumar|33|Bhumihar
-Local Medical Practioner
-Ward Sadsya (2021)",BSC Member,,,,,,,,,No,,,,,,
Lakhisarai,,,,Lakhisarai,Female ,Amhara,Savita Devi,,9709695095.0,46.0,EBC,Teli,"Savita Devi|46|EBC|Teli
-Incumbent Mukhiya (2016-till)
-Good hold on Teli Voters",BSC Member,,,,,,,,,No,,,,,,
Lakhisarai,,,,Lakhisarai,Male ,Sabik Pur,Nanda Kishor Mandal,,9572921865.0,46.0,EBC,Dhanuk,"Nanda Kishor Mandal| 46 | EBC|Dhanuk|
- two time Defacto BDC (2016-2021) Wife Nilam Devi
- JDU Prakhand Sachiv Since 2021
- Business : Runs a Hardware Shop in Vidyapith
",BSC Member,,,,,,,,,No,,,,,,
Lakhisarai,,,,Lakhisarai,Male ,Sabik Pur,Umesh Ram,,9661623794.0,72.0,EBC,Chandravanshi,"Umesh Ram|72|EBC|Chandravanshi
-Former Mukhiya (2011)
-Zila Upadhyaksh JDU (2010-12)
-Mukhiya Runnerup (2006)",BSC Member,,,,,,,,,No,,,,,,
Lakhisarai,,,,Lakhisarai,Male ,Bilauri,Dheeraj Kumar,,"8210855536
7979068581",33.0,OBC,Yadav,"Dheeraj Kumar|33|OBC|Yadav
- Upadhyaksh Zila Congress Committee
-Zila Parishad Contestant (2021), got 2300+ votes
-MBA",BSC Member,,,,,,,,,No,,,,,,
Lakhisarai,,,,Lakhisarai,Male ,Khagor,Ravikant Yadav,,9135285823.0,29.0,OBC,Yadav,"Ravikant Yadav|29|OBC|Yadav
-4 times defacto PACS Adhyaksh (2009-till)
-Runnerup Munger Jamui central cooperative Bank (Director) lost by 6 votes
-His Father was a Director of the same bank
-Father was a Zila Mahasachiv of RJD.",BSC Member,,,,,,,,,No,,,,,,
Lakhisarai,,,,Lakhisarai,Male ,Morma,Vidyanand Prasad,Nill,,72.0,General,Bhumihar,"Vidyanand Prasad Singh|72|Gen|Bhumihar
-Close aide of Krishna Chandra Prasad Singh (Former MLA)
-Influential Former",BSC Member,,,,,,,,,No,,,,,,
Lakhisarai,,,,Lakhisarai,Male ,Sabik Pur,Pappu Mandal,,8825150346.0,40.0,EBC,Dhanuk,"Pappu Mandal|40|EBC|Dhanuk
-Zila Parishad Contestant (2021, Votes-2589) 
-Good hold on Dhanuk Votes",BSC Member,,,,,,,,,No,,,,,,
Lakhisarai,,,,Lakhisarai,Male ,Khagor,Md Irfan,,6201392859.0,48.0,Minority,Muslim,"Md. Irfan | 48 | Minority- Muslim 
- 4 time  Consecutive Mukhiya (2006-Present)
- 2 time Ex RJD Prakhand Adhyaksh 
- Ex- RJD Zila Adhyaksh Minority Prakosth associated since 1992
 6 months ago left RJD 
- Business- Handlooms ",BSC Member,,,,,,,,,No,,,,,,
Lakhisarai,,,,Lakhisarai,Female ,Khagor,Manju Devi,Sharvan Mandal,9097462529.0,55.0,EBC,Dhanuk,"Manju Devi | 58 | EBC | Dhanuk

- Mukhiya 2nd runner-up 2011, 2016 & 2021
- JDU Prakhand Mahila Sachiv (2018-2020)",BSC Member,,,,,,,,,No,,,,,,
Lakhisarai,,,,Lakhisarai,Male ,Mahisauna,Ravi Bhardwaj,,7779868511.0,35.0,General,Bhumihar,"Ravi Bhardwaj|35|Gen|Bhumihar
-Engaged in Hotel Business
-His Uncle contested from Lakhisarai
",BSC Member,,,,,,,,,No,,,,,,
Lakhisarai,,,,Lakhisarai,Male ,Mahisauna,Rajendra Kumar Singh,,9801133688.0,25.0,General,Bhumihar,"Rajendra Kumar|25|Gen|Bhumihar
B Tech
-Enagaged in many Businesses",BSC Member,,,,,,,,,No,,,,,,
Lakhisarai,,,,Lakhisarai,Male ,Amhara,Dr Nehal,,8002954350.0,64.0,Minority,Muslim,"Dr Nehal|64|Muslim
-MBBS
-Good hold on All samaj
-Local Medical Practioner",BSC Member,,,,,,,,,No,,,,,,
Lakhisarai,,,,Lakhisarai,Male ,Amhara,Misbahul Haque,,8862936877.0,29.0,Minority,Muslim,"Misbahul Haque|32|Muslim
-Social Worker
- Caretaker of Madrasa and Masjid
-Businessman
-Good hold on Muslim votes",BSC Member,,,,,,,,,No,,,,,,
Lakhisarai,,,,Lakhisarai,Male ,,Mohammad Taj,,9097130786.0,50.0,Minority,Muslim,"Mohammed Taj|50|Muslim
-BA (Pol Science) 1990
-JDU Koshadhyaksh (2000-2002)",BSC Member,,,,,,,,,No,,,,,,
Lakhisarai,,,,Lakhisarai,Male ,Amhara,Sikandar Gupta,,9801625651.0,50.0,OBC,Haluwai,"Sikandar Gupta|50|OBC|Halwai
-Zila Upadhyaksh Kisan Prakoshth JDU
-General Secratory Janta Dal (1991-94)
-PACS Runnerup (2024)
-Mukhiya Runnerup (2001)
-PDS dealer ( since 1991)",BSC Member,,,,,,,,,No,,,,,,
Lakhisarai,,,,Lakhisarai,Male ,Balgudar,Gautam Kumar,,6207825152.0,36.0,General,Bhumihar,"Gautam Kumar|36|Gen|Bhumihar
-PACS Runnerup (2021)
-Mukhiya Runnerup (2011)
-Transport and property Business
-Father is a well known congress leader",BSC Member,,,,,,,,,No,,,,,,
Lakhisarai,,,,Lakhisarai,Male ,Garhi Bisun Pur,Mahesh Saw,,9939265437.0,55.0,EBC,Teli,"Mahesh Saw|55|EBC|Teli
-Mukhiya Runnerup (2021)
- Mukhiya Contestant ( 2016)",BSC Member,,,,,,,,,No,,,,,,
Lakhisarai,,,,Lakhisarai,Male ,Sabik Pur,Kumod Kumar,,9471636634.0,48.0,General,Bhumihar,"Kumod Kumar|48|Gen|Bhumihar
-PACS Runnerup (2024)
-Mukhiya Contestant (2001)
-Prakhand Adhyaksh Yuva Prakoshth JDU (2007-2009)
-Government Contractor
",BSC Member,,,,,,,,,No,,,,,,
Lakhisarai,,,,Lakhisarai,Male ,Bilauri,Rahul kumar,,9431259040.0,36.0,OBC,Yadav,"Rahul Kumar|36|OBC|Yadav
-Former Zila Parishad (2016)
- Father was a well known Doctor
-Runs a many educational institutes",BSC Member,,,,,,,,,No,,,,,,
Lakhisarai,,,,Lakhisarai,Male ,Garhi Bisun Pur,Dinesh Modi,,8434970383.0,,OBC,,"Dinesh Modi|60|OBC
Former Mukhiya (2016)
Mukhiya Runnerup (2021)",BSC Member,,,,,,,,,No,,,,,,
Lakhisarai,,,,Lakhisarai,Male ,,Gopal Anand,,9760384827.0,30.0,General,Bhumihar,"- Gopal Anand | 30 | Bhumihar | General |
- Vice President of Shahid Bhagat Singh Sena (Youth wing) since 2016 to till date.
- Active as a Social Worker and follows the ideology of Prashant Kishore.",BSC Member,,,,,,,,,No,,,,,,
Lakhisarai,,,,Lakhisarai,Male ,,Ranjay Singh,,7061461181.0,40.0,General,Bhumihar,"Ranjay Singh|40|Gen|Bhumihar
-Zila Adhyaksh Jan Adhikar Party (2019)
-Pradesh Sachiv JAP (2020)
-Munger Zila Prabhari JAP (2021)
-Pradesh Mahasachiv (2022)
-Purnia Loksabha Prabhari (B Kothi Prakhand) JAP
-Close aide of Pappu Yadav
-Runs a Nisha Emergency Hospital Lakhisarai",BSC Member,,,,,,,,,No,,,,,,
Lakhisarai,,,,Lakhisarai,Male ,Mahisauna,Vipin Ram,,8825274638.0,41.0,EBC,Chandravanshi,"Vipin Ram|41|EBC|Chandravanshi
-Incumbent Mukhiya 
-Good hold on Chandravanshi voters",BSC Member,,,,,,,,,No,,,,,,
Lakhisarai,,,,Lakhisarai,Male ,Mahisauna,Rakesh Kumar Urf Guddu,,9771055775.0,43.0,SC,Chammar,"Rakesh Kumar Guddu | 43 | SC- Das
- Vice President JDU
-Student Union President AN College Patna (1990)
- Incumbent BDC and Pramukch 2021-2023 lost In trust votes
- Ex- Pramukh 2016-2021 
- Ex. PACS Contestant 
- Qualification- Dual MA in Political Scince and Public Administration ",BSC Member,,,,,,,,,No,,,,,,
Lakhisarai,,,,Lakhisarai,Male ,Mahisauna,Bechan Yadav,,8002956514.0,51.0,OBC,Yadav,"Bechan Yadav|51|0BC|Yadav
-Zila Parishad Contestant (2021) 1739 votes.
-PACS Contestant (2024)
-Transport Business",BSC Member,,,,,,,,,No,,,,,,
Lakhisarai,,,,Lakhisarai,Male ,,Dr Nawab,,9431258995.0,45.0,Minority,Muslim,"Dr Nawab|45|Muslim
-MBBS MD
-Medical officer at Jamui
-Owner of many Big Markets in Lakhisarai incliding Haji Market.
-Big Landlord and influential family of Lakhisarai",BSC Member,,,,,,,,,No,,,,,,
Lakhisarai,,,,Lakhisarai,Male ,,Dr Praveen Sinha,,9431235201.0,72.0,General,Bhumihar,"Dr Praveen Sinha|72||Gen|Bhumihar
-Well reputed family of Lakhisarai
-Runs a Sinha Hospital
-Son and wife is also a Doctor
-Trustee Ashokdham Mandir Trust.",BSC Member,,,,,,,,,No,,,,,,
Lakhisarai,,,,Lakhisarai,Male ,,Akbar Ali,,9507979663.0,58.0,Minority,Muslim,"Akbar Ali|58|Muslim
-General Secratary ABVP Agra University (1990)
-BJP Mandal Mahamantri (2003)
-District President Minority Cell BJP (2005)
-State VP Minority Cell BJP (2008-2015)
-Member District Working Committee BJP
-ZP Runnerup (2006 and 2011)",BSC Member,,,,,,,,,No,,,,,,
Lakhisarai,,,,Lakhisarai,Male ,Sabik Pur,Bharat Paswan,,8294206240.0,50.0,SC,Dusadh,"Bharat Paswan|50|SC|Dusadh
-Ward Sadsya (2016)
-Mukhiya Contestant (2021)
-Panchayat Adhyaksh RJD",BSC Member,,,,,,,,,No,,,,,,
Lakhisarai,,,,Lakhisarai,Male ,Sabik Pur,Makeshwar Ravidas,,9801423940.0,40.0,SC,Chammar,"Mankeshwar Ravidas|40|SC|Chamar
-Sarpanch Runnerup (2016 and 2021)
-Active Member of RJD",BSC Member,,,,,,,,,No,,,,,,
Lakhisarai,,,,Lakhisarai,Male ,Sabik Pur,Kamal Kishor Singh,,8797767871.0,57.0,General,Bhumihar,"Kamal Kishor Singh|57|Gen|Bhumihar
-Zila karyakarini Sadsya JDU
-Pradesh Upadhyaksh Sharmik Prakoshth JDU
-ZP Contestant (2021) got 2064 votes
-PACS Contestant 2009
-RTI Activist
-Whistleblower, exposed many corruption ",BSC Member,,,,,,,,,No,,,,,,
Lakhisarai,,,,Lakhisarai,Female ,Sabik Pur,Savita Kumari,,7462011176.0,38.0,SC,,"Savita Kumari|38|SC
-Mukhiya Contestant (2021) 
-Got 1088 votes",BSC Member,Switched off,,,,,,,,No,,,,,,
Lakhisarai,,,,Lakhisarai,Male ,Kachhiana,Lallan Kumar,,9113395854.0,33.0,EBC,Dhanuk,"Lallan Kumar|33|EBC|Dhanuk
- 2 times Defacto BDC (2016 and 2021)
-Good hold on Dhanuk votes",BSC Member,,,,,,,,,No,,,,,,
Lakhisarai,,,,Lakhisarai,Male ,Kachhiana,Rohit Mahto,,6354458085.0,27.0,EBC,Dhanuk,"Rohit Mahto|27|EBC|Dhanuk 
-Ward Sadsya 
-Popular among Youths",BSC Member,,,,,,,,,No,,,,,,
Lakhisarai,,,,Lakhisarai,Male ,Kachhiana,Baleshwar Paswan,,9798416513.0,65.0,SC,Dusadh,"Baleshwar Paswan|65|SC|Dusadh
-Former Sarpanch (2016)
-Mukhiya Contestant (2021)
- Spend 1 month in BhagalPur Jail in JP Movement.
- Staunch Communist",BSC Member,,,,,,,,,No,,,,,,
Lakhisarai,,,,Lakhisarai,Male ,Kachhiana,Sudheer Kumar Singh Mantu,,9931249640.0,54.0,General,Bhumihar,"Sudheer Kumar Mantu|54|Bhumihar
- Incumbent PACS Adhyaksh 
-PACS Runnerup (2019)
-BJP Supporter
",BSC Member,,,,,,,,,No,,,,,,
Lakhisarai,,,,Lakhisarai,Male ,Kachhiana,Sudheer Kumar Saurabh,,9097493812.0,42.0,OBC,Yadav,"Sudheer Kumar Saurabh|42|OBC|Yadav
-Defacto incumbent BDC 
-Ward Sadsya (2011)
-RJD Active worker",BSC Member,,,,,,,,,No,,,,,,
Lakhisarai,,,,Lakhisarai,Male ,,Faruk Alam,,9430207611.0,52.0,Minority,Muslim,"Faruk Alam|52|Muslim

-LLB
-Additional Public Prosecutor nomited by State Government
-Member RJD Legal Cell
-Practicing law since 30 years",BSC Member,,,,,,,,,No,,,,,,
Lakhisarai,,,,Lakhisarai,Male ,Kachhiana,Vijay Kumar Singh,,6299723295.0,64.0,General,Bhumihar,"Vijay Kumar Singh|64|Gen|Bhumihar

-Former Mukhiya (2001)
-Coordinator Mahakali Maksoodpur Raj Trust (Siwan,Chapra)
-Big Landlord of Lakhisarai
-Good Hold in Bhumihar Samaj",BSC Member,,,,,,,,,No,,,,,,
Lakhisarai,,,,Lakhisarai,Male ,Kachhiana,Valmiki Paswan,,9771879868.0,56.0,SC,Dusadh,"Valmiki Paswan|56|SC|Dusadh

-Ward Sadsya unopposed (2001)
-Sarpanch Contestant (2006)
-Mukhiya Contestant (2011)
-Sarpanch Runnerup ( 2021)",BSC Member,,,,,,,,,No,,,,,,
Lakhisarai,,,,Lakhisarai,Male ,Kachhiana,Lalji Singh,,9199483011.0,61.0,General,Bhumihar,"Lalji Singh|61|Bhumihar

-Former Sarpanch (2011)
- Lawyer at Lakhisarai Civil Court
- Practicing Sine 1999",BSC Member,,,,,,,,,No,,,,,,
Lakhisarai,,,,Lakhisarai,Male ,Kachhiana,Santosh Kumar ,,6202361760.0,30.0,SC,Dusadh,"Santosh Kumar|30|SC|Dusadh
-Mukhiya Contestant (2021)
-Big Farmer
-Good hold on Pasi votes.",BSC Member,,,,,,,,,No,,,,,,
Lakhisarai,,,,Lakhisarai,Male ,Kachhiana,Rajesh Pandey,,7992498988.0,45.0,General,Brahmin,"Rajesh Pandey|45|Gen|Brahmin
-2 times PACS Adhyaksh (2014-2024)
-PACS Runnerup (2024)
-Pujari",BSC Member,,,,,,,,,No,,,,,,
Lakhisarai,,,,Lakhisarai,Male ,Kachhiana,Arvind Azad,,9608878777.0,50.0,SC,Chammar,"Arvind Azad|50|SC|Chammar
-Mukhiya Contestant ( 2016 and 2021)
-Son of a Former MLA Loknath Azad, (1967-1972 from Sheikhpura on a Communist Party Ticket)
-",BSC Member,,,,,,,,,No,,,,,,
Lakhisarai,,,,Lakhisarai,Male ,Kachhiana,Ashok Ram,,9006923332.0,41.0,SC,Pasi,"Ashok Ram|41|SC|Pasi

-Mukhiya Contestant (2016)
-Sarpanch Contestant ( 2021)",BSC Member,belong to other party,,,,,,,,No,,,,,,
Lakhisarai,,,,Lakhisarai,Male ,Kachhiana,Hareram Manjhi,,808483510.0,48.0,SC,Musahar,"Hareram Manjhi|48|SC|Mushar
-Ex Mukhiya (2016)
-Mukhiya Contestant (2021)
-Zila Adhyaksh Mahadalit Prakoshth RJD (2014)",BSC Member,,,,,,,,,No,,,,,,
Lakhisarai,,,,Lakhisarai,Male ,Kachhiana,Narad Mandal,,7061047183.0,49.0,EBC,Dhanuk,"Narad Mandal|49|EBC|Dhanuk
-Two times Ward Sadsya (2016-till)
-Social Worker",BSC Member,,,,,,,,,No,,,,,,
Lakhisarai,,,,Lakhisarai,Male ,Bilauri,Ram Vilas Paswan,,7461988986.0,55.0,SC,Dusadh,"RamVilas Paswan|55|SC|Dusadh
-Former Block Pramukh Lakhisarai (2011-2016)
-Good hold on Pasi voters
",BSC Member,,,,,,,,,No,,,,,,
Lakhisarai,,,,Lakhisarai,Male ,Kachhiana,Chando Paswan,,7479445443.0,50.0,SC,Dusadh,"Chando Paswan|50|SC|Dusadh

-Sarpanch Contestant (2021)
-Got 653 votes
",BSC Member,,,,,,,,,No,,,,,,
Lakhisarai,,,,Lakhisarai,Male ,Kachhiana,Sarovar Tanti ,,8877389321.0,70.0,SC,Tatwa,"Sarovar Tanti|70|SC|Tatwa

-Mukhiya Runnerup(2021)
-Mukhiya Runnerup (2016)",BSC Member,,,,,,,,,No,,,,,,
Lakhisarai,,,,Lakhisarai,Male ,Kachhiana,Jitendra Das,,8579918634.0,57.0,SC,Chammar,"Jitendra Das|57|SC|Chammar

-Sarpanch Contestant (2021) 
-Got 615 Votes
-Good hold on Das Community",BSC Member,,,,,,,,,No,,,,,,
Lakhisarai,,,,Lakhisarai,Male ,Kachhiana,Ram Vilas Prasad Modi,,9931190250.0,55.0,EBC,Teli,"Ram Vilas Prasad Modi|55|EBC

-Former Sarpanch (2006)
-Ward Sadsya 2016
-Booth Adhyaksh BJP
-Local Medical Practioner",BSC Member,,,,,,,,,No,,,,,,
Lakhisarai,,,,Lakhisarai,Male ,Kachhiana,Kapil Dev Mahto,,9508402652.0,58.0,EBC,Dhanuk,"Kapil Dev Mahto|58|EBC|Dhanuk

-BDC Runnerup (2021)
-BJP Panchayat Karyakarini Sadsya (2020)
",BSC Member,,,,,,,,,No,,,,,,
Lakhisarai,,,,Lakhisarai,Male ,Kachhiana,Kumar Gaurav,,8210630758.0,47.0,General,Bhumihar,"Kumar Gaurav|48|Gen|Bhumihar

-PACS Runnerup (2019)
-Defacto BDC Runnerup (2011)
-Father was a Cooperative member
-Government Contractor",BSC Member,,,,,,,,,No,,,,,,
Lakhisarai,,,,Lakhisarai,Male ,Kachhiana,Ram Sao,,6206554779.0,45.0,EBC,Teli,"Ram Saw|45|EBC|Teli

-BDC Contestant (2011)
-Fish Farming business
",BSC Member,,,,,,,,,No,,,,,,
Lakhisarai,,,,Lakhisarai,Male ,Morma,Umesh Singh,,9709391999.0,70.0,General,Bhumihar,"Umesh Singh|70|Gen|Bhumihar

-Former Mukhiya (2011)
-Influential Landlord",BSC Member,,,,,,,,,No,,,,,,
Lakhisarai,,,,Lakhisarai,Male ,Morma,Chote Lal Yadav,,9939879986.0,46.0,OBC,Yadav,"Chotelal Yadav|46|OBC|Yadav
-Incumbent BDC
-Panchayat Adhyaksh RJD
-Wrestler
-Lakhisarai Kesari",BSC Member,,,,,,,,,No,,,,,,
Lakhisarai,,,,Lakhisarai,Male ,Morma,Vijay Yadav,,8969724824.0,55.0,OBC,Yadav,"Vijay Yadav|55|OBC|Yadav
-2 times incumbent Mukhiya (2016-till)
-Upadhyaksh Zila Mukhiya Sangh
-Prominent Landlord",BSC Member,,,,,,,,,No,,,,,,
Lakhisarai,,,,Lakhisarai,Male ,Morma,Diwakar Singh,,9709391999.0,40.0,General,Bhumihar,"Diwakar Singh|40|Gen|Bhumihar
-Incumbent PACS Adhyaksh
-District Level Cricket Player
-Good hold in Bhumihars",BSC Member,,,,,,,,,No,,,,,,
Lakhisarai,,,,Lakhisarai,Male ,Kachhiana,Anil  Singh,,9234833935.0,65.0,General,Bhumihar,"Anil Singh|65|Gen|Bhumihar
-Former Cooperative (PACS) Adhyaksh (1989-2009)
-Mukhiya Runnerup (2001)
-Former Nagar Mahamantri CPI (2001-2005)
",BSC Member,,,,,,,,,No,,,,,,
Lakhisarai,,,,Lakhisarai,Male ,Sabik Pur,Umesh Tanti,,7783898803.0,55.0,SC,Tatwa,"Umesh Tanti|55|SC|Tatwa

-Mukhiya Contestant (2016 and 2021)
-Panchayat Adhyakshn JDU ( 2017-23)",BSC Member,,,,,,,,,No,,,,,,
Lakhisarai,,,,Lakhisarai,Male ,Sabik Pur,Indrajeet Kumar Pan,,7488145950.0,30.0,SC,Tatwa,"Indrajeet Kumar Pan|30|SC|Tatwa

-Former Ward Sadsya (2011)
-Popular face in Youth
-Good hold in Tatwa Samaj
",BSC Member,,,,,,,,,No,,,,,,
Lakhisarai,,,,Lakhisarai,Male ,Kachhiana,Shyam sao,,6206157118.0,55.0,EBC,Teli,"Shyam Sao|55|EBC|Teli
-BDC Contestant (2021)
-Mukhiya Contestant (2016)
-Mukhiya Runnerup (2011)
-Upadhyaksh Vyawasayik Prakoshth JDU",BSC Member,,,,,,,,,No,,,,,,
Lakhisarai,,,,Lakhisarai,Male ,Sabik Pur,Nishi Kishor Singh,,9852680776.0,37.0,General,Bhumihar,"Nishi Kishor Singh|37|Gen|Bhumihar
-Defacto Up Mukhiya (2021)
-Good hold in Bhumihar samaj
-From a Politically active family",BSC Member,,,,,,,,,No,,,,,,
Lakhisarai,,,,Lakhisarai,Male ,Sabik Pur,Gore Lal Paswan,,7366070666.0,45.0,SC,Dusadh,"Gore Lal Paswan|45|SC|Dusadh
-Up Mukhiya (2011)
-Panch (2016)
-Ward Sadsya (2021)",BSC Member,,,,,,,,,No,,,,,,
Lakhisarai,,,,Lakhisarai,Male ,Damodarpur,Ajay Yadav,,8292429140.0,36.0,OBC,Yadav,"Ajay Yadav|34|OBC|Yadav
Incumbent Sarpanch (2021-till)
Sarpanch Runner Up ( 2016)
Wife Pakhand Adyaksh RJD ( Mahila Prakoshth)",BSC Member,,,,,,,,,No,,,,,,
Lakhisarai,,,,Lakhisarai,Male ,Bilauri,Mohammad Ahmad Husain,,7070493872.0,58.0,Minority,Muslim," Mohammed Ahmad Husain|58|Muslim
-Mukhiya Runnerup (2006)
-Masjid Mutawalli (caretaker)
",BSC Member,,,,,,,,,No,,,,,,
Lakhisarai,,,,Lakhisarai,Male ,Damodarpur,Rajneeti Kumar,,7005716345.0,26.0,OBC,Yadav,"Rajneeti Kumar|26|OBC|Yadav
-Owner Rice mill.
-Grandfather was a Up Mukhiya for 22 years.
-Farmer with good hold on youths.
",BSC Member,,,,,,,,,No,,,,,,
Lakhisarai,,,,Lakhisarai,Male ,Damodarpur,Manish Kumar,,9122250997.0,28.0,OBC,Yadav,"Manish Kumar|28|OBC|Yadav
-Sarpanch Runnerup (2021)
-Good hold in Yadav Samaj",BSC Member,,,,,,,,,No,,,,,,
Lakhisarai,,,,Lakhisarai,Male ,Damodarpur,Ajay Kumar,,9801658362.0,36.0,OBC,Yadav,"Ajay Kumar|36|OBC|Yadav
-Social Worker
-Farmer
-Owned a big Dairy business",BSC Member,,,,,,,,,No,,,,,,
Lakhisarai,,,,Lakhisarai,Male ,Damodarpur,Murari Kumar,Dashrath Yadav,9798265896.0,35.0,OBC,Yadav,"Murari Kumar|36|OBC|Yadav
-Former Sarpanch (2016)
-Sarpanch Runnerup 2021 with 62 Votes",BSC Member,Ready For OBC BP,Obc President,Block PH,OBC,,,,,No,,,,,,
Lakhisarai,,,,Lakhisarai,Male ,Damodarpur,Rajiv Yadav,,8757515759.0,42.0,OBC,Yadav,"Rajiv Yadav|42|OBC|Yadav
 Mukhiya Contestant (2016 and 2021)
- Mukhiya Runner-up ( 2011)
- PACS Runner-up (2024) lost by 1 vote.
- Zila Sachiv RJD (2022-24)
- Prakhand Adhyaksh RJD youth wing (2016-17)",BSC Member,,,,,,,,,No,,,,,,
Lakhisarai,,,,Lakhisarai,Male ,Damodarpur,Raj Kumar Yadav,,9798836021.0,41.0,OBC,Yadav,"Raj Kumar Yadav|41|OBC|Yadav
-Zila Parishad Contestant (2016 and 2021)
-Owner of Bricks Industry (Chimni)
-Influential Farmer",BSC Member,,,,,,,,,No,,,,,,
Lakhisarai,,,,Lakhisarai,Male ,Damodarpur,Prahalad Kumar,Shreelal prasad Yadav,8102414792.0,27.0,OBC,Yadav,"Prahalad Kumar|26|OBC|Yadav
-Work in Vision technologies and Green call technology
- Work for BJP IT Cell 2021-2022",BSC Member,Agreed,,,,,,,,No,,,,,,
Lakhisarai,,,,Lakhisarai,Male ,Balgudar,Mohammed Naimuddin,,9504670310.0,40.0,Minority,Muslim,"Mohammed Naimuddin|42|Muslim
-Mukhiya Contestant (2011,2016 and 2024)
-Local Medical Practioner (Hakeem)
-Relegious Figure",BSC Member,,,,,,,,,No,,,,,,
Lakhisarai,,,,Lakhisarai,Male ,Mahisauna,Dharamraj Bharti (Anurag Singh),,7782928581.0,25.0,General,Bhumihar,"Dharamraj Bharti|26|Gen|Bhumihar
-PACS Member (2024)
-Defacto PACS Contestant
-Transport Business
-Owned 'The Ghutto Da Hotel'
",BSC Member,,,,,,,,,No,,,,,,
Lakhisarai,,,,Lakhisarai,Male ,Mahisauna,Mujeeb Khan,Yunush Khan,"6201625752
9973866712",30.0,Minority,Muslim,"Mujeeb Khan|27|Muslim
-Mother is in a Gramin Police
-Ex Ward Sadsya (2016)
-Transport Business",BSC Member,Agreed,,,,,,,,No,,,,,,
Lakhisarai,,,,Lakhisarai,Male ,Damodarpur,Makeshwar Yadav,,7061462902.0,50.0,OBC,Yadav,"Makeshwar Yadav|50|OBC|Yadav

-Advocate at Civil Court Lakhisarai
-Ex Sarpanch (2001)
-Mukhiya Contestant (2011,2016 and 2021)",BSC Member,,,,,,,,,No,,,,,,
Lakhisarai,,,,Lakhisarai,Male ,Damodarpur,Rajkumar Yadav,,9002673666.0,55.0,OBC,Yadav,"Rajkumar Yadav|55|OBC|Yadav

-Mukhiya Contestant (2011,2016 and 2021)
-Businessman ",BSC Member,,,,,,,,,No,,,,,,
Lakhisarai,,,,Lakhisarai,Male ,Damodarpur,Parmanand Mandal,,8002956356.0,38.0,EBC,Dhanuk,"Parmanand Mandal|38|EBC|Dhanuk

-Two term Ward Sadsya (2016-till)
-Local Medical Practitioner
-Good hold on Dhanuk Votes",BSC Member,,,,,,,,,No,,,,,,
Lakhisarai,,,,Lakhisarai,Male ,Damodarpur,Ramkumar Yadav,,8178396927.0,30.0,OBC,Yadav,"Ramkumar Yadav|30|OBC|Yadav

-Sarpanch Contestant (2021)
-Owner of Rice Mill
-Transport Business",BSC Member,,,,,,,,,No,,,,,,
Lakhisarai,,,,Lakhisarai,Male ,Damodarpur,Prakash Yadav,,773920548.0,50.0,OBC,Yadav,"Prakash Yadav|50|OBC|Yadav
-Incumbent Ward Sadsya
-Panchayat Samiti Contestant (2016)
-Sarpanch Contestant (2011)",BSC Member,,,,,,,,,No,,,,,,
Lakhisarai,,,,Lakhisarai,Male ,Damodarpur,Vikas Yadav,,6203335288.0,28.0,OBC,Yadav,"Vikas Yadav|29|OBC|Yadav
-Defacto Sarpanch (2011)
-Defacto Sarpanch Contestant (2021)",BSC Member,,,,,,,,,No,,,,,,
Lakhisarai,,,,Lakhisarai,Male ,Damodarpur,Sunil Kumar,,9430447910.0,46.0,OBC,Yadav,"Sunil Kumar|49|OBC|Yadav
-Prakhand Adhyaksh RJD
-Sarpanch Contestant (2021)",BSC Member,,,,,,,,,No,,,,,,
Lakhisarai,,,,Lakhisarai,Male ,Khagor,Vivekanand,,9852577879.0,50.0,OBC,Yadav,"Vivekanand|50|OBC|Yadav
-Sarpanch Contestant (2021)
-Social worker
-Good hold in weaker section of society",BSC Member,,,,,,,,,No,,,,,,
Lakhisarai,,,,Lakhisarai,Male ,Khagor,Rajneeti Yadav,,9334536079.0,40.0,OBC,Yadav,"Rajneeti Yadav|40|OBC|Yadav
-Mukhiya Contestant (2016 and 2021)
-PACS Contestant (2024)
-Father was a Mukhiya for 27 Years before 2001.
-Panchayat Adhyaksh RJD",BSC Member,,,,,,,,,No,,,,,,
Lakhisarai,,,,Lakhisarai,Male ,Khagor,Rani Devi,,8709741209.0,45.0,EBC,Dhanuk,"Rani Devi|45|EBC|Dhanuk
-Ex Mukhiya (2006)
-Mukhiya Contestant (2011 and 2021)",BSC Member,,,,,,,,,No,,,,,,
Lakhisarai,,,,Lakhisarai,Male ,Damodarpur,Salaj Yadav,,9473236368.0,40.0,OBC,Yadav,"Salaj Yadav|40|OBC|Yadav
-Close aide of Mukhiya
-Social Worker",BSC Member,,,,,,,,,No,,,,,,
Lakhisarai,,,,Lakhisarai,Male ,Khagor,Ajay Yadav,,7903118706.0,35.0,OBC,Yadav,"Ajay Yadav|35|OBC|Yadav
-3 term Ward Sadsya (2011-till)",BSC Member,,,,,,,,,No,,,,,,
Lakhisarai,,,,Lakhisarai,Male ,Khagor,Nitish Kumar,,8709741209.0,28.0,EBC,Dhanuk,"Nitish Kumar|28|EBC|Dhanuk
-Father was a Former JDU Ziladhyaksh
-Father was Close aide of Nitish Kumar
-Father and Mother both was a Mukhiya",BSC Member,,,,,,,,,No,,,,,,
Lakhisarai,,,,Lakhisarai,Male ,Mahisauna,Kamdev Ram,,6200572957.0,49.0,EBC,Chandravanshi,"Kamdev Ram|49|EBC|Kahar
-Mukhiya Contestant (2016 and 2021)
-Panchayat Adhyaksh JDU
-Property dealer",BSC Member,,,,,,,,,No,,,,,,
Lakhisarai,,,,Lakhisarai,Male ,Damodarpur,Sunil Bind,,9523646510.0,36.0,EBC,Bind,"Sunil Bind|36|EBC|Bind
- 2 term Ward Sadsya (2006 and 2011)
-Yuva Ziladhyaksh VIP",BSC Member,,,,,,,,,No,,,,,,
Lakhisarai,,,,Channan,Male ,Bhalui,Dr. Shivdani Sharma ,,9572568549.0,50.0,EBC,Nai,"Dr. Shivdani Sharma | 50 | Doctor

- Allopathy Physician  at his own clinic (Life Line Clinic)
- Shivsena Zila Adhyaksha (2004-2009)
- Ati Pichada Prakoshth Zilla Adhyaksha BJP (2009-2019) 
- Informally working for RJD from 2019
- 3 times Mukhiya Runnerup at Bhalui Panchayat, Chanan Block, Lakhisarai (2011, 2016 and 2021)",BSC Member,,,,,,,,,No,,,,,,
Lakhisarai,,,,Channan,Male ,Kundar,Mahanand Kumar,,9534909792.0,35.0,General,Rajput,"Mahanand Singh | 35 | Incumbent BDC

- Incumbent BDC defacto (sister-in-law Nibha Kumari)
- Family members were associated with CPI (ML) Libereation",BSC Member,,,,,,,,,No,,,,,,
Lakhisarai,,,,Channan,Male ,Maheshleta,Jitendra Kumar,,9472813511.0,39.0,EBC,Chandravanshi,"Jitendra Kumar | 39 | PACS President - Block 

- PACS President - Chanan Block from (2023-Present)
- Ex-Mukhiya defacto (wife Babita Devi)  in 2016 
- two times PACS Chairman (2014 and 2019)
- Mukhiya Runnerup defacto in 2021
- Owner of Indian Gas Godown ",BSC Member,,,,,,,,,No,,,,,,
Lakhisarai,,,,Channan,Male ,Kundar,Gopal Mandal ,,9801035559.0,48.0,EBC,Dhanuk,"Gopal Mandal | 48 | Incumbent BDC

- Incumbent BDC defacto (wife Urvasi Devi)
- Ward Runnerup in 2011 
- Associated with JDU from 2010 to Present ",BSC Member,,,,,,,,,No,,,,,,
Lakhisarai,,,,Channan,Male ,Maheshleta,Raja Ram Yadav,,9934506512.0,45.0,OBC,Yadav,"Raja Ram Yadav | 45 | Incumbent BDC 

- Incumbent BDC from 2021-Present 
- BDC Runnerup in 2016 
- two times ward sadasya from 2006-2011",BSC Member,,,,,,,,,No,,,,,,
Lakhisarai,,,,Channan,Female ,Bhalui,Prabha Kumari,,8377993241.0,52.0,General,Bhumihar,"Prabha Devi | 52 | Jeevika CRN 

- Jeevika CRN of Bahlui Panchayat",BSC Member,,,,,,,,,No,,,,,,
Lakhisarai,,,,Channan,Male ,Lakho Chak,Vinod Kumar ,,9801435870.0,40.0,OBC,Yadav,"Vinod Kumar | 40 | Ward Sadasya 

- Ward Sadasya from 2011-Present 
- Brother Vishundev Yadav was Mukhiya in 2001 ",BSC Member,,,,,,,,,No,,,,,,
Lakhisarai,,,,Channan,Male ,Lakho Chak,Ajay Ram ,,9661925851.0,49.0,EBC,Chandravanshi,"Ajay Ram | 49 | Ex-Mukhiya
- Ex-Mukhiya from Lakhochak Panchayat in 2011
- Mukhiya runnerup in 2006 and lost the election by 7 votes ",BSC Member,,,,,,,,,No,,,,,,
Lakhisarai,,,,Channan,Male ,Lakho Chak,Rakesh Shukla,,7260895652.0,40.0,General,Brahmin,"Rakesh Shukla | 40 | Mukhiya Runnerup 

- Mukhiya runnerup in 2021 
- Runs an NGO Birsa Munda Gramin Kalyan Samiti which works in tribal regions of Bihar and Jharkhand 
- Also runs Arihant Kalyan Samiti which treats 10 thousand Motiyabind patients ",BSC Member,,,,,,,,,No,,,,,,
Lakhisarai,,,,Channan,Male ,Lakho Chak,Mahesh Yadav,,808496252.0,52.0,OBC,Yadav,"- Ex Pramukh (2001-2006) of Lakhisarai and Chanan
- EX Zila Adhyaksh of RJD Panchayati Raj Prakosth (2012-2017)
- Pradesh Mahasachiv of JAP (2017-2022)",BSC Member,,,,,,,,,No,,,,,,
Lakhisarai,,,,Channan,Male ,Lakho Chak,Vishundev Yadav,,8676075246.0,54.0,OBC,Yadav,"Vishundev Yadav | 54 | Ex-Mukhiya 
- Ex-Mukhiya at Lakhochak Panchayat in 2001 
- currently working as Munshi at Registry office Lakhisarai ",BSC Member,,,,,,,,,No,,,,,,
Lakhisarai,,,,Channan,Male ,Iton,Dhanraj Bhagat,,9801497313.0,65.0,EBC,Chaurasia,"Dhanraj Bhagat | 65 | Incumbent Mukhiya 
- Two times Incumbent Mukhiya Defacto of Suresh Manjhi in 2016-Present
- Himself was Mukhiya in 1980s and Mukhiya runnerup in 2001 
- INC Ex Zila Upadhyaksh in 1990s ",BSC Member,,,,,,,,,No,,,,,,
Lakhisarai,,,,Channan,Male ,Iton,Bajrangi Saw ,,8539022908.0,48.0,EBC,Teli,"Bajrangi Saw | 48 | Incumbent BDC 
-Incumbent BDC defacto (wife Baby Devi) 
-  Ex-Ward Sadasya from 2006-2011 
- Earlier associated with JDU ",BSC Member,,,,,,,,,No,,,,,,
Lakhisarai,,,,Channan,Male ,Kundar,Pramod Mandal,,7488581088.0,30.0,EBC,Dhanuk,"Pramod Mandal | 30 | Incumbent Sarpanch 
- Incumbent Sarpanch defacto (wife Puja Kumari) 
- Ward Sadasya runnerup in 2016 
- BJP's Booth Adhyaksha from 2019-Present 
",BSC Member,,,,,,,,,No,,,,,,
Lakhisarai,,,,Channan,Male ,Janki Dih,Bramdev Yadav,,9801589011.0,72.0,OBC,Yadav,"Bramdev Yadav | 72 | Incumbent Mukhiya 
- Incumbent Mukhiya 2021
- Former Mukhiya 2001,2006
- Mukhiya Runnerup in 2011 and 2016
- Strong Hold on Yadav community",BSC Member,,,,,,,,,No,,,,,,
Lakhisarai,,,,Channan,Male ,Janki Dih,Kamo Yadav,,9931285633.0,65.0,OBC,Yadav,"Kamo Yadav | 65 | RJD Prakhand Adhyaksh
- RJD Prakhand Adhyaksh from 2023-Present 
- Mukhiya contestant at Janki Dih in 2021 ",BSC Member,,,,,,,,,No,,,,,,
Lakhisarai,,,,Channan,Male ,Sangram Pur,Hareram Yadav,,9973186542.0,40.0,OBC,Yadav,"Hareram Yadav | 40 | Businessman 
- Owner of Multiple Businesses at Chanan 
- have an influence on Sangrampur Panchayat votes ",BSC Member,,,,,,,,,No,,,,,,
Lakhisarai,,,,Channan,Male ,Gohri,Kasturi Ranjan urf Dinesh Yadav,,7979751911.0,34.0,OBC,Yadav,"Kasturi Ranjan urf Dinesh Yadav | 34 | Ex-Pramukh
 
- Incumbent PACS Chairman from Gohri Panchayat 
- Ex-Pramukh and BDC from 2016-2021
- Ex-Mukhiya defacto (sister in law Priyanka Devi) from 2006-2016",BSC Member,,,,,,,,,No,,,,,,
Lakhisarai,,,,Channan,Male ,Malia,Sanjay Kumar Saw,,8292065065.0,45.0,EBC,Teli,"Sanjay Kumar Sha | 45 | Mukhiya Contestant 
- Mukhiya Contestant from Malia Panchayat in 2016
- Gramin Bank Oprator from 2015 
- Former JDU Block Secretary",BSC Member,,,,,,,,,No,,,,,,
Lakhisarai,,,,Channan,Male ,Malia,Dablu Paswan,,9661602869.0,39.0,SC,Dusadh,"Dablu Paswan | 38 | Incumbent Mukhiya 
- Two times Incumbent Mukhiya from 2016-Present 
- Ex-Mukhiya Defacto (wife Rekha Kumari) in 2006",BSC Member,belong to other party,,,,,,,,No,,,,,,
Lakhisarai,,,,Channan,Male ,Kundar,Chandan Kumar,,7783892596.0,28.0,EBC,Chandravanshi,"Chandan Kumar | 28 | PACS Chairman 
- PACS Chairman in Kundar from 2019
- Ex-Ward Member in Kundar from 2016-21
- JDU's Yuva Prkhand Adhayaksh from 2017-Present",BSC Member,,,,,,,,,No,,,,,,
Lakhisarai,,,,Channan,Male ,Maheshleta,Ravindra Kumar,,9955570553.0,45.0,EBC,Dhanuk,"Ravindra Kumar | 45 | Incumbent Sarpanch 
- Incumbent Sarpanch defacto (wife Chameli Kumari) and Up-Sarpanch 
- Mukhiya Contestant in 2016 
- BDC Runnerup in 2011 
- JDU's EBC Prakoshth Prakhand Adhyaksha from 2011-19",BSC Member,,,,,,,,,No,,,,,,
Lakhisarai,,,,Channan,Male ,Maheshleta,Visawnath Mehta ,,,62.0,EBC,Dhanuk,"Vishwanath Mehta | 62 | Ex-BDC 
- Ex-BDC from Mahesleta in 2011-16
- BDC Runnerup in 2016 
- Samta Party Prakhand Adhyakhs in 2001-2003",BSC Member,,,,,,,,,No,,,,,,
Lakhisarai,,,,Channan,Male ,Kundar,Vijay Rawat,,9801205863.0,44.0,EBC,Dhanuk,"Vijay Rawat | 44 | Panchayat Adhyaksh JDU
- JDU's Panchayat Adhyaksh at Kundar Panchayat 
- Briks Chimni Owner and Transportation Buisness",BSC Member,,,,,,,,,No,,,,,,
Lakhisarai,,,,Channan,Male ,Khutuk Par,Ramwaran Yadav ,,8953097376.0,65.0,OBC,Yadav,"Ramvaran Yadav | 65 | Incumbent Sarpanch 
- Incumbent Sarpanch of Khutukpar Panchayat in 2021
- Retired from Food Corporation in India ",BSC Member,,,,,,,,,No,,,,,,
Lakhisarai,,,,Channan,Male ,Khutuk Par,Vishawnath Mandal,,9006200541.0,63.0,EBC,Dhanuk,"Vishwanath Mandal | 40 | Rtd Railway Employee 
- Retired Cabin Man from Indian Railways",BSC Member,,,,,,,,,No,,,,,,
Lakhisarai,,,,Channan,Male ,Sangram Pur,Arun Kumar Paswan,,9931221401.0,40.0,SC,Dusadh,"Arun Kumar Paswan | 40 | MLA Contestant

- MLA Contestant from Suraygarha in 2010
- Zila Sachiv of Bihar Association of PWD Sangh, Lakhisarai",BSC Member,,,,,,,,,No,,,,,,
Lakhisarai,,,,Channan,Male ,Khutuk Par,Mohan Yadav ,,"9973012781, 7004851685",38.0,OBC,Yadav,"Mohan Yadav | 38 | Ex-Mukhiya 

- Ex-Mukhiya from 2011-2016 
- Two times Mukhiya Runnerup in 2001 and 2006 
- Two times defacto (Father) PACS Contestant in 2014 and 2019
- Two times Defacto (Father) Ward member in 2006 
- BJP's Ex-Prakhand Adhyaksh from 2006-2009 
- BJP's Zila Mhamantri in 2016 
- BJP's Zila Upadhyaksh from 2022-Present
- Zila Anusaran Samiti Sadasya ",BSC Member,,,,,,,,,No,,,,,,
Lakhisarai,,,,Channan,Male ,Sangram Pur,Rastrpati Mahto ,,8507716883.0,56.0,EBC,Dhanuk,"Rashtrapati Mahto | 56 | Ex-Block President 
- Ex-Block President of BJP from 2022-2024
- Present BJP's Prakhand Mahamantri 
- BJP's 20 Sutri Prakhand Adhayaksh in 2009",BSC Member,,,,,,,,,No,,,,,,
Lakhisarai,,,,Channan,Male ,,Sharvan Kumar ,,,61.0,EBC,Teli,"Sharvan Kumar | 61 | Mukhiya Runnerup 
- Mukhiya Runnerup in 2001 
- Owns a Pharmacy at Mananpur Bazar ",BSC Member,,,,,,,,,No,,,,,,
Lakhisarai,,,,Channan,Male ,Bhalui,Sharvan Kumar ,,7979058201.0,35.0,EBC,Teli,"Sharvan Kumar | 35 | BDC Contestant 
- Two times BDC Contestant in 2016 and 2021 
- Owns a mobile shop at Mananpur Bazar",BSC Member,,,,,,,,,No,,,,,,
Lakhisarai,,,,Channan,Male ,Sangram Pur,Naresh Pandit ,,8406954941.0,46.0,EBC,Kumhar,"Naresh Pandit | 46 | Ward Member 

- Incumbent Ward Member from 2021-Present ",BSC Member,,,,,,,,,No,,,,,,
Lakhisarai,,,,Channan,Male ,Iton,Chandan Kumar Das,,9241307403.0,28.0,SC,Ravidas,"Chandan Kumar Das | 28 | Businessman
- Owns a Small Chocolate Factory at Mananpur Bazar 
- Close to the Jamui's ZP Anil Saw",BSC Member,,,,,,,,,No,,,,,,
Lakhisarai,,,,Channan,Male ,Khutuk Par,Arun Kumar Pandit ,Sarju pandit,6203405604.0,40.0,EBC,Kumhar,"Arun Kumar Pandit | 38 | Ward Sadasya 
- Ward Sadasya from 2021-Present 
- Runs a small clinic at Mananpur Bazar ",BSC Member,Agreed,,,,,,,,No,,,,,,
Lakhisarai,,,,Channan,Female ,Khutuk Par,Bindi Kumari ,,8709190553.0,35.0,EBC,Nai,"Bindi Kumari | 35 | Incumbent BDC 
- 2 times Incumbent BDC from 2016-Present 
- Husband is a distributer of Bihar Gramin Bank ",BSC Member,,,,,,,,,No,,,,,,
Lakhisarai,,,,Channan,Male ,Gohri,Vinod Sharma ,,9334012676.0,39.0,EBC,Nai,"Vinod Sharma | 39 | Incumbent Sharpanch 
- Incumbent Sharpanch 2021- Present 
- Qualification- 12th Pass",BSC Member,,,,,,,,,No,,,,,,
Lakhisarai,,,,Channan,Male ,Gohri,Suchit Kumar,,7004874418.0,32.0,OBC,Yadav,"Suchit Kumar | 32 | OBC | Yadav 

- Branch Manager at Shree Ram Finance Lakhisarai since 2023- Present 
- Ex Mukhiya 2006 (Father)
- Qualifiation- MBA (Mirut University-2022)",BSC Member,Not received,,,,,,,,No,,,,,,
Lakhisarai,,,,Channan,Male ,Maheshleta,Avadesh Kumar,,9572465482.0,,OBC,Yadav,,BSC Member,,,,,,,,,No,,,,,,
Lakhisarai,,,,Channan,Male ,Maheshleta,Ranjit Kumar Urf Lalan ,,9631701359.0,,OBC,Yadav,,BSC Member,,,,,,,,,No,,,,,,
Lakhisarai,,,,Channan,Male ,Khutuk Par,Sanjay Kumar Sinha,Late Ashok kumar sinha,9931275952.0,51.0,General,Kayastha,"Sanjay Kumar Sinha | 51 | Kayastha | 
- Runs a lab of blood and other testing since more than 15 years 
-Qualification - Bachelor of Medical Laboratory Technology
-Ward member 2016",BSC Member,Agreed,,,,,,,,No,,,,,,
Lakhisarai,,,,Channan,Male ,Malia,Dharmendra Kumar,,7992473454.0,36.0,EBC,Bind," Dharmendra Kumar | 36 | Bind | Doctor | 
-  General Physician more than 15 years ",BSC Member,,,,,,,,,No,,,,,,
Lakhisarai,,,,Channan,Male ,Iton,Pravin Kumar,,8851902001.0,35.0,EBC,Chaurasia,"Pravin Kumar | 35 | Chaurasia | Govt. Teacher | Defacto Mukhiya |
- Incumbent 2 time mukhiya ( Jashoda Devi -2016-Present) 
- Father Mukhiya since (1980-2001)
- Father Mukhiya Contestant (2001 to 2011)
- By profession a govt teacher at Kharagpur +2 college since 2022-Present
- Qualification- MA and Phd in History Hounors from Magadh University",BSC Member,,,,,,,,,No,,,,,,
Lakhisarai,,,,Channan,Male ,Sangram Pur,Dr. Pyarelal ,,7484964332.0,39.0,EBC,Chandravanshi," Dr. Pyarelal | 39 | Chandravanshi | Doctor | 
- Runs a chinic and medical store since 2007-Present 
- A General Physician",BSC Member,,,,,,,,,No,,,,,,
Lakhisarai,,,,Channan,Male ,Sangram Pur,Hareram Yadav,,9973186542.0,38.0,OBC,Yadav,"Hareram Yadav | 38| Yadav | Businessman |
- Runs a Welding Shop and furniture ",BSC Member,,,,,,,,,No,,,,,,
Lakhisarai,,,,Channan,Male ,Lakho Chak,Pravat Ranjan Urf Ashok Kumar Yadav,,8521579075.0,25.0,OBC,Yadav,"Pravat Ranjan Urf Ashok Kumar Yadav | 25 | - Yadav |  Incumbent Sarpanch 
- Defacto Incumbent Sarpanch (Mother Urmila Devi 2021-Present)",BSC Member,,,,,,,,,No,,,,,,
Lakhisarai,,,,Channan,Male ,Iton,Akhilesh Kumar,,9801133594.0,51.0,EBC,Kumhar,"- Akhilesh Kumar | 51- Kumhar | 
- Ex- BDC 2016
- Runner up BDC ( 2021) 
- Former RJD Prakhand Adhyaksh (2017-19)
- Profession- Vatenary Doctor
- Good Orator he has strong holds in all community in his block",BSC Member,,,,,,,,,No,,,,,,
Lakhisarai,,,,Channan,Male ,Khutuk Par,Gopal Paswan,Chhatri Paswan,9771660325.0,60.0,SC,Dusadh,"- Gopal Paswan | 60 | Dusadh| 
- Ex- BDC (2001-2006)
- Dealer Since 1990- At Present 
- Former Active leader of LJP ",BSC Member,,,,SC /ST,,,,,No,,,,,,
Lakhisarai,,,,Channan,Male ,Janki Dih,Bramdev Yadav,,"9801589011
8298023095",72.0,OBC,Yadav,"Bramdev Yadav|72|OBC|Yadav

- Defecto Mukhiya since 2021
- Mukhiya from 2001-11",BSC Member,,,,,,,,,No,,,,,,
Lakhisarai,,,,Channan,Male ,Kundar,Suman Kumar,,9572076056.0,33.0,EBC,Chandravanshi,"Suman Kumar|33|EBC|Chandravanshi

- Defacto Mukhiya Contestant (Sister-in-law : Jyoti Kurmi, Votes : 1055) in 2021",BSC Member,,,,,,,,,No,,,,,,
Lakhisarai,,,,Channan,Male ,Kundar,Ranjan Kumar,,7004459485.0,32.0,EBC,Chandravanshi,"Ranjan Kumar|32|EBC|Chndravanshi

- An activist/voluteer of Jan Suraaj ",BSC Member,,,,,,,,,No,,,,,,
Lakhisarai,,,,Channan,Male ,Iton,Suresh Kumar,,9102062721.0,50.0,OBC,Yadav,"Suresh Kumar|50|OBC|Yadav

- Defacto Mukhiya 2023-Present
- Defacto Mukhiya contested in 2021 ",BSC Member,,,,,,,,,No,,,,,,
Lakhisarai,,,,Channan,Male ,Malia,Dablu Paswan,,7061345328.0,43.0,SC,Dusadh,"Dablu Paswan|43|SC|Dusadh

- Incument Mukhiya since 2016-till
- Runner up in 2011 Mukhiya election",BSC Member,,,,,,,,,No,,,,,,
Lakhisarai,,,,Channan,Male ,Iton,Sanjay Rajak,Late Suresh  Rajak,8804883222.0,45.0,SC,Dhobi,"Sanjay Rajak|45|EBC|Dhobi

- Defecto Sarpanch for 2 terms, 2016-21, 2021-Present.",BSC Member,,,,,,,,,No,,,,,,
Lakhisarai,,,,Channan,Male ,Janki Dih,Bipin Yadav ,,9973428330.0,35.0,OBC,Yadav,"Bipin Yadav|35|OBC|Yadav

- Mukhiya contestant 2016
- Defecto Mukhiya (Anjani Kumari : 1068) runner up 2021",BSC Member,,,,,,,,,No,,,,,,
Lakhisarai,,,,Channan,Male ,Malia,Sanjay Kumar Saw,,8292065065.0,46.0,EBC,Teli,"Parmeshwar Sha|46|EBC|Teli

- Mukhiya Contestant from Malia Panchayat in 2016
- Gramin Bank Oprator from 2015 ",BSC Member,,,,,,,,,No,,,,,,
Lakhisarai,,,,Channan,Male ,Lakho Chak,Pravat Ranjan Urf Ashok Kumar Yadav,,8521579075.0,25.0,OBC,Yadav,"Pravat Ranjan Urf Ashok Kumar Yadav|25|OBC|Yadav
 
- Defacto Incumbent Sarpanch (Mother Urmila Devi 2021-Present)",BSC Member,,,,,,,,,No,,,,,,
Lakhisarai,,,,Channan,Male ,Iton,Vinay Kumar Sinha,,9430202026.0,40.0,OBC,Kayastha,"Vinay Kumar Sinha|40|OBC|Kayast

- District Secretary of LJP
- Previously associated with BJP",BSC Member,,,,,,,,,No,,,,,,
Lakhisarai,,,,Channan,Male ,Janki Dih,Upendra Kumar,,9162794165.0,25.0,OBC,Nishad,"Upendra Kumar|25|OBC|Nishad

- Defecto Zila Parshad Contestant in 2021 (Lukhdi Devi) (Votes : 7,335 & Margin : 14,500)
- Panchayat Level Ex RJD Yuva President for 5 years.
- Anchoring/Event Management ",BSC Member,,,,,,,,,No,,,,,,
Lakhisarai,,,,Channan,Male ,Janki Dih,Vinay Kumar Sinha,,8340436744.0,26.0,OBC,Nishad,"Vinay Kumar|26|OBC|Nishad

- Gramin Doctor, covering 3 panchayats
- B.Sc Pass",BSC Member,,,,,,,,,No,,,,,,
Lakhisarai,,,,Channan,Male ,Khutuk Par,Rambaran Yadav,,8953097376.0,65.0,OBC,Yadav,"Rambaran Yadav|65|OBC|Yadav

- Sarpanch since 2021
- Ex central govt. employee of Food Corporation of India
- Farmer",BSC Member,,,,,,,,,No,,,,,,
Lakhisarai,,,,Channan,Male ,Bhalui,Darhrath Turi,,7295872306.0,50.0,SC,Turi,"- Dashrath Turi|50|SC|Turi

- Sarpanch since 2021
- Farmer and Satsang Singer ",BSC Member,,,,,,,,,No,,,,,,
Lakhisarai,,,,Channan,Male ,Khutuk Par,Kishori Yadav,,8292661001.0,53.0,OBC,Yadav,"Kishori Yadav|53|OBC|Yadav

- Defecto Mukhiya
- His son is PACS Adhyaksh 
- Primary school teacher ",BSC Member,,,,,,,,,No,,,,,,
Lakhisarai,,,,Channan,Male ,Malia,Arun Kumar,,"9507511839
7991100267",39.0,SC,Dusadh,"- Arun Kumar |39|SC| Dushad

- Incumbent PACS Chairman from 2014/16-Present
- Father was PACS Chaiman from 2009 to 2014/16
- Paternal aunt was Mukhiya of Maliya Panchayat from 2006-16",BSC Member,,,,,,,,,No,,,,,,
Lakhisarai,,,,Channan,Male ,Janki Dih,Mithilesh Kumar,,9661765867.0,32.0,OBC,Yadav,"Mithilesh Kumar |32| OBC| Yadav

- Incumbent PACS Chairman from 2024
- JDU Technical Wing Block Adhyakh (Chanan)
- Elder Bother (Sibling) BDC of Jankidih Panchayat & BDC Pakhand Pramukh of Chanan Block
- Construction hardware shop owner at Mananpur bazar, and owner of multiple types of vehicle owners including few commercial and construction vehicles.",BSC Member,,,,,,,,,No,,,,,,
Lakhisarai,,,,Channan,Female ,Malia,Samita Devi,,9572103445.0,40.0,SC,Dusadh,"Samita Devi |40| SC| Dushad

- Mukhiya from 2006-16
- Husband is Lawyer/Advocate
- Nephew is PACS Chairman from 2014/16-Present",BSC Member,,,,,,,,,No,,,,,,
Lakhisarai,,,,Channan,Male ,Janki Dih,Mathura Yadav,,7654191343.0,60.0,OBC,Yadav,"Mathura Yadav|60+|OBC|Yadav

- PACS Chaiman of Chanan Block 2014-24
- PACS Adhyakh 2009-24",BSC Member,,,,,,,,,No,,,,,,
Lakhisarai,,,,Channan,Male ,Janki Dih,Bramdev Yadav,,"9801589011
8298023095",72.0,OBC,Yadav,"Bramdev Yadav|72|OBC|Yadav

- Mukhiya Pati/Defecto Mukhiya since 2021
- Mukhiya from 2001-11",BSC Member,,,,,,,,,No,,,,,,
Lakhisarai,,,,Channan,Male ,Malia,Dablu Paswan,,7061345328.0,43.0,SC,Dusadh," Dablu Paswan|43|SC|Dushad

- 2 Term Incument Mukhiya since 2016-till
- Runner up in 2011 Mukhiya election",BSC Member,,,,,,,,,No,,,,,,
Lakhisarai,,,,Channan,Male ,Kundar,Pramod Kumar,,7488581088.0,37.0,EBC,Dhanuk," - Pramod Kumar|37|EBC|Yadav

- Defecto Incumbent Sarpanch since 2021
- JDU Yuva Morcha Block Adhyakh from 2005-10
- JDU Yuva Morcha District Mahasachiv from 2010-15
- BJP District Spoke Person from 2015-2020",BSC Member,,,,,,,,,No,,,,,,
Lakhisarai,,,,Channan,Male ,Kundar,Puja Kumari,,7488581088.0,26.0,EBC,Dhanuk,"
Puja Kumari|26|EBCDhanuk

- Incumbent Sarpanch since 2021",BSC Member,,,,,,,,,No,,,,,,
Lakhisarai,,,,Channan,Male ,Kundar,Mickey Kumar,,8130121907.0,27.0,EBC,Dhanuk,"Mickey Kumar|27|EBC|Dhanuk

- Functioning Mukhiya behalf of Maternal Uncle Shashibhushan Rai, Mukhiya since 2006",BSC Member,,,,,,,,,No,,,,,,
Lakhisarai,,,,Channan,Male ,Bhalui,Suresh Yadav,,9199085610.0,50.0,OBC,Yadav,"Suresh Yadav|50+|OBC|Yadav

- Defacto Incumbent Mukhiya since 2021
- Ex Mukhiya 2001-11 till that seat got researved for S.C.
- RJD Prakhand Adhakash
- Father was Mukhiya for 22 years till 2000
- Father was Z.P. from 2001-06
- Farmer, 15 Bigha Land. Govt. contractor/Thakedar ",BSC Member,,,,,,,,,No,,,,,,
Lakhisarai,,,,Channan,Male ,Janki Dih,Kapildev Yadav,,8434902349.0,58.0,OBC,Yadav,"Kapidev Yadav|58|OBC|Yadav

- Defecto incumbent sarpanch for 3 terms. 2006-11, 2011-16, 2021-Present.",BSC Member,,,,,,,,,No,,,,,,
Lakhisarai,,,,Channan,Male ,Kundar,Pankaj Kumar,,7061140502.0,47.0,EBC,Chandravanshi,"Pankaj Kumar|47|OBC|Chandravanshi

- Defecto Zila Parishad Contestant (Mother : Shaila Devi - 2nd Runner Up) in 2021, with 8,501 votes.
- Defacto Mukhiya Contested (Mother : Shaila Devi) in 2006 & 11.
- Served 26 years in CRPF.",BSC Member,,,,,,,,,No,,,,,,
Lakhisarai,,,,Channan,Male ,Malia,Kedar Prasad Yadav,,"- 9631010017
- 8804765134 (WhatsApp)",58.0,OBC,Yadav,"Kedar Prasad Yadav|58|OBC|Yadav

- Sarpanch Sangh Adhyakh, Chanan 2021-Present
- Sarpanch Maliya Panchayat 2021-Present
- Sarpanch Maliya 2006-11, then this seat got researved for S.C. for 10 years.",BSC Member,,,,,,,,,No,,,,,,
Lakhisarai,,,,Channan,Male ,Gohri,Ranjeet Yadav,,8292682701.0,40.0,OBC,Yadav,"Ranjeet Yadav|40+|OBC|Yadav

- 2 times Former Mukhiya of Gohri Panchayat 2006-16
- Former PACS Adhyaksh 20016-21",BSC Member,,,,,,,,,No,,,,,,
Lakhisarai,,,,Channan,Male ,Gohri,Ravishchandra Bhushan,,9631013156.0,50.0,OBC,Yadav,"Ravishchandra Bhushan|50+|OBC|Yadav

- Incumbent Mukhiya for Gohri Panchayat 2021-Present",BSC Member,,,,,,,,,No,,,,,,
Lakhisarai,,,,Channan,Male ,Lakho Chak,Ajay Ram ,,9661925851.0,49.0,EBC,Khatari,"- Ajay Ram|49|EBC|Kahar

- Ex-Mukhiya from Lakhochak Panchayat in 2011
- Mukhiya runnerup in 2006 and lost the election by 7 votes 
- PACS Contested in 2014",BSC Member,,,,,,,,,No,,,,,,
Lakhisarai,,,,Channan,Male ,Lakho Chak,Ravindar Kumar,,6201543661.0,35.0,EBC,Nai,"- Ravindar Kumar|35|EBC|Nai

- Former JDU EBC Cell Prakhand Adhyakh
- Former JDU EBC Cell District Adhyakh",BSC Member,,,,,,,,,No,,,,,,
Lakhisarai,,,,Channan,Male ,Kundar,Chandan Kumar,,7783892596.0,29.0,EBC,Dhanuk,"Chandan|29|EBC|Kurmi

- PACS Adhyaksh Kundar 2016-Present
- JDU Yuva Block Adhyakh ",BSC Member,,,,,,,,,No,,,,,,
Lakhisarai,,,,Channan,Male ,Iton,Dhanraj Bhagat,,9801497313.0,60.0,EBC,,"Dhanraj Bhagat|60|EBC|

- Defecto Incumbent Mukhiya 2016-Present
- Defecto Incumbent Sarpanch 2016-Present 
- Former Mukhiya (1978-2000)",BSC Member,,,,,,,,,No,,,,,,
Lakhisarai,,,,Channan,Male ,Malia,Dablu Paswan,,7061345328.0,43.0,SC,Dusadh,"Dablu Paswan|43|SC|Dusadh 

- Incument Mukhiya since 2016-till
- Runner up in 2011 Mukhiya election",BSC Member,,,,,,,,,No,,,,,,
Lakhisarai,,,,Channan,Male ,Janki Dih,Mithilesh Kumar,,9661765867.0,32.0,OBC,Yadav,"Mithilesh Kumar |32| OBC| Yadav

- Incumbent PACS Chairman from 2024
- JDU Technical Wing Block Adhyakh (Chanan)
- Elder Bother (Sibling) BDC of Jankidih Panchayat & BDC Pakhand Pramukh of Chanan Block
- Construction hardware shop owner at Mananpur bazar, and owner of multiple types of vehicle owners including few commercial and construction vehicles.",BSC Member,,,,,,,,,No,,,,,,
Lakhisarai,,,,Channan,Male ,Khutuk Par,Manish Kumar,,9438328657.0,29.0,OBC,Yadav,"Manish Kumar|29|OBC|Yadav

- Incumbent PACS Adhyaksh - Khutukpar Panchayat since November, 2024.
- Incumbent 3 times Mukhiya (Mother) - Khutukpar Panchayat, 2006-11, 2016-21, 2021-Present.
- Father is Govt. Primary School teacher/pricipal.",BSC Member,,,,,,,,,No,,,,,,
Lakhisarai,,,,Channan,Male ,Janki Dih,Kapildev Yadav,,8434902349.0,58.0,OBC,Yadav,"Kapidev Yadav|58|OBC|Yadav

- Defecto incumbent sarpanch for 3 terms. 2006-11, 2011-16, 2021-Present.",BSC Member,,,,,,,,,No,,,,,,
Lakhisarai,,,,Channan,Male ,Gohri,Ranjit Kumar (Nihori),,8292682701.0,51.0,OBC,Yadav,"Ranjit Kumar|51|OBC|Yadav

- Defacto Mukhiya since 2021 (Ravishchandra Bhushan)
- Defacto Former Mukhiya - 2006-16 (Wife - Priyanka Devi)
- Defecto PACS 2019-24, 24-Present (Kasturi Ranjan/Dinesh)
- Defecto formar BDC Prakhand Pramukh (2018-21)
- Defecto Sarpanch 2021-Present (Vinod Sharma)",BSC Member,,,,,,,,,No,,,,,,
Lakhisarai,,,,Channan,Male ,Khutuk Par,Bhushan Prasad,,9572832073.0,50.0,OBC,,"Bhushan Prasad|50|OBC

- Sarpanch 2016-21",BSC Member,,,,,,,,,No,,,,,,
Lakhisarai,,,,Channan,Male ,Janki Dih,Mathura Yadav,,7654191343.0,60.0,OBC,Yadav,"Mathura Yadav|60+|OBC|Yadav

- PACS Chaiman of Chanan Block 2 times
- PACS Adhyakh of Jankidih Panchayat 3 times.",BSC Member,,,,,,,,,No,,,,,,
Lakhisarai,,,,Channan,Male ,Sangram Pur,Niranjan Paswan,,6207261600.0,42.0,SC,Dusadh,"Niranjan Kumar|42|SC|Dusadh

-Incumbent  BDC  2021.",BSC Member,,,,,,,,,No,,,,,,
Lakhisarai,,,,Channan,Male ,Maheshleta,Ravindra Kumar,,9955570553.0,47.0,EBC,Dhanuk,"Ravindra Kumar|47|EBC|Dhanuk

- Defacto Sarpanch of Maheshleta panchayat since 2021
- Upsarpanch of Maheshleta panchayat since 2021
- 1st Runner Up in Panchayat Samiti election in 2011.
- Former JDU Block level EBC cell Adhyakh from 2015-18",BSC Member,,,,,,,,,No,,,,,,
Lakhisarai,,,,Channan,Male ,Lakho Chak,Ashok Yadav,,9771618995.0,50.0,OBC,Yadav,"Ashok Yadav|50+|OBC|Yadav

- Defacto Mukhiya since 2016
- PACS Adhyakh Since 2019",BSC Member,,,,,,,,,No,,,,,,
Lakhisarai,,,,Channan,Male ,Lakho Chak,Arvind Yadav,,8292446877.0,55.0,OBC,Yadav,"Arvind Yadav|55|OBC|Yadav

- Defacto Mukhiya since 2016
- Defacto PACS Adhyakh Since 2024
- Political Advisor",BSC Member,,,,,,,,,No,,,,,,
Lakhisarai,,,,Channan,Male ,Lakho Chak,Madan Mandal,,7739383166.0,50.0,EBC,Dhanuk,"Madan Mandal|50+|EBC|Dhanuk

- Defacto Zila Parshad since 2021
- Zila Parshad contested from Halsi Block in 2016
- Zila Parshad contested from Chanan in 2011",BSC Member,,,,,,,,,No,,,,,,
Lakhisarai,,,,Channan,Male ,Gohri,Santosh Kumar,,7004057366.0,32.0,OBC,Yadav,"Santosh Kumar|32|OBC|Yadav

- Relative of MLA Prahlad Yadav
- B.Sc Nursing
- Veterinary Doctor",BSC Member,,,,,,,,,No,,,,,,
Lakhisarai,,,,Channan,Male ,Janki Dih,Premshankar Kumar Modi,,6200164726.0,24.0,EBC,Bania,"Premshankar Kumar Modi

- Father contested Mukhiya election in 2006
- Political activist in Panchayat.
- Primary School Teacher",BSC Member,,,,,,,,,No,,,,,,
Lakhisarai,,,,Channan,Male ,Gohri,Manoj Kumar,,8002690177.0,47.0,EBC,Chandravanshi,"Manoj Kumar|47|EBC|Chandravanshi 

- Former BDC Pramukh 2011-16
- Former Mukhiya 2016-21
- RJD Yuva Adhyakh 2014-17
- RJD District Committee member ",BSC Member,,,,,,,,,No,,,,,,
Lakhisarai,,,,Channan,Male ,Sangram Pur,Deepak Singh,,8210226060.0,45.0,General,Bhumihar,"Deepak Sinngh|45|Gen|Bhumihar 

- Incumbent Mukhiya Sangh Adhyakh 
- Incumbent Mukhiya since 2021
- Mother was Mukhiya from 2006-11
- Grand Father was muhiya for 2 terms during Panchayati Raj",BSC Member,,,,,,,,,No,,,,,,
Lakhisarai,,,,Channan,Male ,Sangram Pur,Subodh Saw,,7739106863.0,47.0,EBC,Teli,"Subodh Saw|47|EBC|Teli

- PACS Adhyaksh 2009-19
- PACS Adhyaksh 2024-Present
- Swavalabi Samiti Adhyakh 2018-Present ",BSC Member,,,,,,,,,No,,,,,,
Lakhisarai,,,,Channan,Male ,Kundar,Sashibhushan Rai,,9006784950.0,58.0,EBC,Dhangar,"Shashibushan Rai|58|EBC|Kurmi/Dhanuk
 
- Defacto 3 times incummbent Mukhiya, 2006-11, 2016-21, 2021-Present
- Defacto PACS (Brother : Chandan Kumar) since 2019.
- Farmer - 30 Acres ",BSC Member,,,,,,,,,No,,,,,,
Lakhisarai,,,,Channan,Male ,Khutuk Par,Manish Kumar,,9438328657.0,29.0,OBC,Yadav,"Manish Kumar|29|OBC|Yadav

- Incumbent PACS Adhyaksh - Khutukpar Panchayat since November, 2024.
- Incumbent 3 times Mukhiya (Mother) - Khutukpar Panchayat, 2006-11, 2016-21, 2021-Present.
- Father is Govt. Primary School teacher/pricipal.",BSC Member,,,,,,,,,No,,,,,,
Lakhisarai,,,,Channan,Male ,Janki Dih,Kapildev Yadav,,8434902349.0,58.0,OBC,Yadav,"Kapidev Yadav|58|OBC|Yadav

- Defecto incumbent sarpanch for 3 terms. 2006-11, 2011-16, 2021-Present.",BSC Member,,,,,,,,,No,,,,,,
Lakhisarai,,,,Channan,Male ,Malia,Dablu Paswan,,7061345328.0,43.0,SC,Dusadh,"Dablu Paswan|43|SC|Dusadh 

- Incument Mukhiya since 2016-till
- Runner up in 2011 Mukhiya election",BSC Member,,,,,,,,,No,,,,,,
Lakhisarai,,,,Channan,Male ,Malia,Kedar Prasad Yadav,,"- 9631010017
- 8804765134 (WhatsApp)",58.0,OBC,Yadav,"- Kedar Prasad Yadav|58|OBC|Yadav

- Sarpanch Sangh Adhyakh, Chanan 2021-Present
- Sarpanch Maliya Panchayat 2021-Present
- Sarpanch Maliya 2006-11, then this seat got researved for S.C. for 10 years.
- Grocery Shop Owner at Titaychak village.
- Farmer (4 Bigha), 1 Tractor.",BSC Member,,,,,,,,,No,,,,,,
Lakhisarai,,,,Channan,Male ,Kundar,Pankaj Kumar,,7061140502.0,47.0,OBC,Chandravanshi,"Pankaj Kumar|47|OBC|Chandravanshi

- Defecto Zila Parishad Contestant (Shaila Devi-Mother-2nd Runner Up) in 2021, with 8,501 votes.
- Mother Shaila Devi also contested in Mukhiya election from Kundar panchayat in 2006 & 11.
- Served 26 years in CRPF.",BSC Member,,,,,,,,,No,,,,,,
Lakhisarai,,,,Channan,Male ,Bhalui,Suresh Yadav,,9199085610.0,50.0,OBC,Yadav,"Suresh Yadav|50+|OBC|Yadav

- Defacto Incumbent Mukhiya since 2021
- Ex Mukhiya 2001-11 till that seat got researved for S.C.
- RJD Prakhand Adhakash
- Father was Mukhiya for 22 years till 2000
- Father was Z.P. from 2001-06
- Farmer, 15 Bigha Land. Govt. contractor/Thakedar ",BSC Member,,,,,,,,,No,,,,,,
Lakhisarai,,,,Channan,Male ,Lakho Chak,Virendra Mahato,,8084769276.0,52.0,EBC,Kurmi,"Virendra Mahato|52|EBC|Kurmi

- Up Pramukh 2021-24
- Panchayat Samiti Sadasya 2021-Present
- Defacto Panchayat Samiti Sadasya 2006-11
- Ward Sadasya 2006-11
- Mukhiya Contested in 2011",BSC Member,,,,,,,,,No,,,,,,
Lakhisarai,,,,Channan,Male ,Iton,Bajrangi Saw ,,8539022908.0,48.0,EBC,Kanu,"Bajrangi Saw|48|EBC|Kanu

- Defacto Panchayat Samiti Sadasya 2021-Present
- Defacto Ward Sadasya 2006-11
- Defacto Panchayat Samiti Contestant in 2011",BSC Member,,,,,,,,,No,,,,,,
Lakhisarai,,,,Channan,Male ,Lakho Chak,Arvind Yadav,,8292446877.0,55.0,OBC,Yadav,"Arvind Yadav|55|OBC|Yadav

- Defacto Mukhiya since 2016
- Defacto PACS Adhyakh Since 2024
- Political Advisor",BSC Member,,,,,,,,,No,,,,,,
Lakhisarai,,,,Channan,Male ,Sangram Pur,Subodh Saw,,7739106863.0,47.0,EBC,Teli,"Subodh Saw|47|EBC|Teli

- PACS Adhyaksh 2009-19
- PACS Adhyaksh 2024-Present
- Swabalabi Samiti Adhyakh 2018-Present ",BSC Member,,,,,,,,,No,,,,,,
Lakhisarai,,,,Channan,Male ,Khutuk Par,Anil Saw,,9771106808.0,47.0,EBC,Teli,"Anil Saw|47|EBC|Teli

- Up-Mukhiya 2011-Present",BSC Member,,,,,,,,,No,,,,,,
Lakhisarai,,,,Channan,Male ,Khutuk Par,Gopal Paswan,,9771660325.0,60.0,SC,Pasi,"Gopal Paswan|SC|Paswan

- BDC 2001-06, 2006 onwards this seat got researved for EBC.
- Govt. Ration Dealer 1990-Present.",BSC Member,,,,,,,,,No,,,,,,
Lakhisarai,,,,Channan,Male ,Khutuk Par,Dinesh Pandit,,9199995943.0,51.0,EBC,Kumhar,"Dinesh Pandit|51|EBC|Kumhar

- Former BDC 2006-11",BSC Member,,,,,,,,,No,,,,,,
Lakhisarai,,,,Channan,Male ,Lakho Chak,Mahesh Yadav,,8084956152.0,52.0,OBC,Yadav,"Mahesh Yadav|52|OBC|Yadav

- Ex Pramukh (2001-2006) of Lakhisarai and Chanan
- EX Zila Adhyaksh of RJD Panchayati Raj Prakosth (2012-2017)
- Pradesh Mahasachiv of JAP (2017-2022)",BSC Member,,,,,,,,,No,,,,,,
Lakhisarai,,,,Channan,Male ,Lakho Chak,Ajay Ram,,8102646422.0,45.0,OBC,Kahar,"Ajay Ram|45|OBC|Kahar

- Former Mukhiya 2011-16",BSC Member,,,,,,,,,No,,,,,,
Lakhisarai,,,,Channan,Male ,Lakho Chak,Vinshnudev Yadav,Triloki Yadav,8676075246.0,57.0,OBC,Yadav,"Vishnudev Yadav|50+|OBC|Yadav

- Former Mukhiya 2001-06
- RJD Member",BSC Member,,,,,,,,,No,,,,,,
Lakhisarai,,,,Channan,Male ,Lakho Chak,Jayram Yadav,,9973408446.0,56.0,OBC,Yadav,"Jayram Yadav|56|OBC|Yadav

- Fomer Defacto BDC 2011-16",BSC Member,Don't want any post. But he is inclined with JSP,,,,,,,,No,,,,,,
Lakhisarai,,,,Channan,Male ,Lakho Chak,Dharmendra Kumar,,90060200733.0,45.0,OBC,Kahar,"Dharmendra Kumar|45|OBC|Kahar

- Incumbent BDC 2021-Present",BSC Member,,,,,,,,,No,,,,,,
Lakhisarai,,,,Channan,Male ,Lakho Chak,Gorelal Yadav,,9661449108.0,70.0,OBC,Yadav,"Gorelal Yadav|70|OBC|Yadav

- Former BDC 2001-21",BSC Member,,,,,,,,,No,,,,,,
Lakhisarai,,,,Channan,Male ,Kundar,Jitendra Kumar,,8084254095.0,30.0,EBC,Chandravanshi,"Jitendra Kumar|30|EBC|Chandra Vanshi

- Defacto Mukhiya contestant in 2021",BSC Member,,,,,,,,,No,,,,,,
Lakhisarai,,,,Channan,Male ,Kundar,Dinesh Mandal,,7050315822.0,50.0,OBC,Dhanuk,"Dinesh Mandal|50|OBC|Dhanuk

- Defacto Mukhiya contestant in 2021",BSC Member,,,,,,,,,No,,,,,,
Lakhisarai,,,,Channan,Male ,Kundar,Chandan Kumar,,7783892596.0,29.0,,,"Chandan|29|

- PACS Adhyaksh Kundar 2016-Present
- JDU Yuva Block Adhyakh ",BSC Member,,,,,,,,,No,,,,,,
Lakhisarai,,,,Channan,Male ,Kundar,Sanjit Kumar Yadav,,8409177300.0,32.0,OBC,Yadav,"Sanjit Kumar Yadav|32|OBC|Yadav

- Defacto Mukhiya contestant in 2021
- BJP OBC Morcha Prabharai in Gopalganj
- Former Prabhari for Ayushman Bharat in Lakhisarai District
- RSS Volunteer",BSC Member,,,,,,,,,No,,,,,,
Lakhisarai,,,,Channan,Male ,Kundar,Sashibhushan Rai,,9006784950.0,58.0,EBC,Dhangar,"Shashibushan Rai|58|EBC|Kurmi/Dhanuk
 
- Defacto 3 times incummbent Mukhiya, 2006-11, 2016-21, 2021-Present
- Defacto PACS (Brother : Chandan Kumar) since 2019.
- Farmer - 30 Acres ",BSC Member,,,,,,,,,No,,,,,,
Lakhisarai,,,,Channan,Male ,Bhalui,Gopal Yadav,,9631627488.0,45.0,OBC,Yadav,"Gopal Yadav|45|OBC|Yadav

 - Defacto Incumbent Mukhiya since 2021
- Defacto Ex Mukhiya 2001-11 till that seat got researved for S.C.
- Father was Mukhiya for 22 years till 2000
- Father was Z.P. from 2001-06
- Farmer, Land Lord, Govt. contractor/Thakedar ",BSC Member,,,,,,,,,No,,,,,,
Lakhisarai,,,,Channan,Male ,Iton,Dhanraj Bhagat,,9801497313.0,60.0,EBC,,"Dhanraj Bhagat|60|EBC|

- Defecto Incumbent Mukhiya 2016-Present
- Defecto Incumbent Sarpanch 2016-Present 
- Former Mukhiya (1978-2000)",BSC Member,,,,,,,,,No,,,,,,
Lakhisarai,,,,Channan,Male ,Sangram Pur,Deepak Singh,,8210226060.0,45.0,General,Bhumihar,"Deepak Sinngh|45|Gen|Bhumihar 

- Incumbent Mukhiya Sangh Adhyakh 
- Incumbent Mukhiya since 2021
- Mother was Mukhiya from 2006-11
- Grand Father was muhiya for 2 terms during Panchayati Raj",BSC Member,,,,,,,,,No,,,,,,
Lakhisarai,,,,Channan,Male ,Janki Dih,Bipin Kumar Yadav,,9973428330.0,35.0,OBC,Yadav,"Bipin Yadav|35|OBC|Yadav

- Defacto Mukhiya contestant in 2016 and 21",BSC Member,,,,,,,,,No,,,,,,
Lakhisarai,,,,Channan,Male ,Maheshleta,Mitthu Kumar Yadav,,6203058795.0,25.0,OBC,Yadav,"Mitthu Kumaar Yadav|25|OBC|Yadav

- Student activist
- Graduate",BSC Member,,,,,,,,,No,,,,,,
Lakhisarai,,,,Channan,Male ,Kundar,Mahanand Kumar,,9534909792.0,35.0,General,Rajput,"Mahanand Singh | 35 | Incumbent BDC

- Incumbent BDC defacto (sister-in-law Nibha Kumari)
- Family members were associated with CPI (ML) Libereation",BSC Member,,,,,,,,,No,,,,,,
Lakhisarai,,,,Channan,Male ,Maheshleta,Raja Ram Yadav,,9934506512.0,50.0,OBC,Yadav,"Raja Ram Yadav|50|OBC|Yadav

- BDC 2021-Present
- BDC Contested in 2016
- Ward Member 2011-16",BSC Member,,,,,,,,,No,,,,,,
Lakhisarai,,,,Channan,Male ,Sangram Pur,Makeshwar Mahato,,7461855738.0,56.0,EBC,Dhanuk,"Makeshwar Mahato|56|EBC|Dhanuk

- Sarpanch 2021-Present
- Defacto Sarpanch Contested in 2011
Sarpanch Cntested in 2016
- Practicing advocate in Lakhisarai district court.",BSC Member,,,,,,,,,No,,,,,,
Lakhisarai,,,,Channan,Male ,Khutuk Par,Ravindra Yadav,,9931371721.0,40.0,OBC,Yadav,"Ravindra Yadav|40|OBC|Yadav

- Defacto Former BDC (Father) 2001-06
- Defacto contested (Father) in 2006",BSC Member,,,,,,,,,No,,,,,,
Lakhisarai,,,,Channan,Male ,Kundar,Subodh Mandal,,8051683071.0,45.0,OBC,Kurmi,"Subodh Mandal|45|OBC|Kurmi

- Defacto former mukhiya (Wife) 2011-16
- Defacto former mukhiya (Uncle) 2001-06
- Former BDC 2001-06",BSC Member,,,,,,,,,No,,,,,,
Lakhisarai,,,,Channan,Male ,Maheshleta,Raj Kumar,,8804435792.0,27.0,OBC,Yadav,"Raj Kumar|27|OBC|Yadav

- Defacto BDC (Wife) 2021-Present",BSC Member,,,,,,,,,No,,,,,,
Lakhisarai,,,,Channan,Male ,Gohri,Jai Prakash Yadav,,7634065706.0,54.0,OBC,Yadav,"Jai Prakash Yadav|54|OBC|Yadav

- Defacto BDC 2021-Present 
- Defacto BDC contected in 2016",BSC Member,,,,,,,,,No,,,,,,
Lakhisarai,,,,Channan,Male ,Lakho Chak,Raj Kumar,,6200852957.0,37.0,EBC,Chandravanshi,"Raj Kumar|37|EBC|Chandravanshi

- Ward Sadasya since 2021
- Block Adhyaksh of JDS 2019-22",BSC Member,,,,,,,,,No,,,,,,
Lakhisarai,,,,Channan,Male ,Kundar,Sanjit Yadav,,8409177300.0,32.0,OBC,Yadav,"Sanjit Kumar|32|OBC|Yadav

- Defacto Mukhiya contested in 2021
- BJP's OBC Morcha's district incharge in Gopalganj
- RSS Volunteer ",BSC Member,,,,,,,,,No,,,,,,
Lakhisarai,,,,Channan,Male ,Maheshleta,Jitendra Kumar,,9472813511.0,39.0,EBC,Chandravanshi,"Jitendra Kumar | 39 | PACS President - Block 

- PACS President - Chanan Block from (2023-Present)
- Ex-Mukhiya defacto (wife Babita Devi)  in 2016 
- two times PACS Chairman (2014 and 2019)
- Mukhiya Runnerup defacto in 2021
- Owner of Indian Gas Godown ",BSC Member,,,,,,,,,No,,,,,,
Lakhisarai,,,,Channan,Male ,Lakho Chak,Virendra Mahato,,8084769276.0,52.0,EBC,Kurmi,"Virendra Mahato|52|EBC|Kurmi

- Up Pramukh 2021-24
- Panchayat Samiti Sadasya 2021-Present
- Defacto Panchayat Samiti Sadasya 2006-11
- Ward Sadasya 2006-11
- Mukhiya Contested in 2011",BSC Member,,,,,,,,,No,,,,,,
Lakhisarai,,,,Channan,Male ,Lakho Chak,Ranjit Mandal,,7549251875.0,42.0,OBC,Kurmi,"Ranjit Mandal|42|OBC|Kurmi

- Ward Member for 2 consicutive terms, 2016-21, 2021-Present",BSC Member,,,,,,,,,No,,,,,,
Lakhisarai,,,,Channan,Male ,Lakho Chak,Gautam Kumar,,6205225427.0,28.0,OBC,Yadav,"Gautam Kumar|28|OBC|Yadav

- Ward (8) Member since 2021",BSC Member,,,,,,,,,No,,,,,,
Lakhisarai,,,,Channan,Male ,Lakho Chak,Rishi Kumar,,9199487433.0,32.0,EBC,Nai,"Rishi Kumar|32|EBC|Nai

- Ward Member 2021-Present",BSC Member,,,,,,,,,No,,,,,,
Lakhisarai,,,,Channan,Male ,Iton,Pinki Kushwaha,,9113341266.0,45.0,EBC,Dhanuk,"Pinki Kushwaha|45|EBC|Dhanuk

- Former BDC Pramukh, 2006-08, 2009-11
- Former BDC 2006-11",BSC Member,,,,,,,,,No,,,,,,
Lakhisarai,,,,Channan,Male ,Gohri,Sunil Prasad Yadav,,7633909352.0,41.0,OBC,Yadav,"Sunil Prasad Yadav|41|OBC|Yadav

- Former Defacto Sarpanch 2011-16",BSC Member,,,,,,,,,No,,,,,,
Lakhisarai,,,,Channan,Male ,Gohri,Kampany Saw,,8521633715.0,50.0,EBC,Kanu,"Kampany Saw|50|EBC|Kanu

- Former Defacto Up Mukhiya 2006-16
- Sarpanch Contestant in 2021",BSC Member,,,,,,,,,No,,,,,,
Lakhisarai,,,,Channan,Male ,Gohri,Janardan Kumar,,8651892166.0,30.0,OBC,Yadav,"Janardan Kumar|30|OBC|Yadav

- PACS Adhyaksh 2014-19
- RJD's District Kissan Morcha Adhyakh 2024-Present",BSC Member,,,,,,,,,No,,,,,,
Lakhisarai,,,,Channan,Male ,Kundar,Gopal Mandal ,,9801035559.0,48.0,EBC,Dhanuk,"Gopal Mandal|48|EBC|Dhanuk

- Incumbent BDC defacto (wife Urvasi Devi)
- Ward Runnerup in 2011 
- Associated with JDU 2010 - Present ",BSC Member,,,,,,,,,No,,,,,,
Lakhisarai,,,,Channan,Male ,Maheshleta,Nipendra Kumar,,9608987743.0,38.0,OBC,Yadav,"Nipendra Kumar|38|OBC|Yadav

- Former Defacto Mukhiya (Father : Makeshwar Prasad Yadav) 2001-06
- Former Defacto BDC (Father : Makeshwar Prasad Yadav) 2006-11
- Former Defacto PACS (Father : Makeshwar Prasad Yadav) 2009-14
- Former Defacto BDC (Wife : Priyanka Kumari) 2016-21
- Former Defacto BDC Pramukh (Wife : Priyanka Kumari) 2016-19",BSC Member,,,,,,,,,No,,,,,,
Lakhisarai,,,,Channan,Male ,Iton,Sudhir Singh,,9304709674.0,43.0,General,Bhumihar,"Sudhir Singh|43|General|Bhumihar

- Defacto Mukhiya (Mother : Geeta Devi) 2001-06",BSC Member,,,,,,,,,No,,,,,,
Lakhisarai,,,,Channan,Male ,Gohri,Suryadev Kumar,,9470023824.0,55.0,OBC,Yadav,"Suryadev Kumar|55|OBC|Yadav

- Former BDC Pramukh 2008-09
- Former BDC Up-Pramukh 2006-08, 2009-11
- Former BDC 2006-11",BSC Member,,,,,,,,,No,,,,,,
Lakhisarai,,,,Channan,Male ,Iton,Parsguram Yadav,,9973408488.0,52.0,OBC,Yadav,"Parshuram Yadav|52|OBC|Yadav

- Former Mukhiya for 2 terms, 2006-11, 2011-16
- RJD's District General Secretary 2024-Present",BSC Member,,,,,,,,,No,,,,,,
Lakhisarai,,,,Channan,Male ,Gohri,Mukesh Kumar,,9955217638.0,39.0,OBC,Yadav,"Mukesh Kumar|39|OBC|Yadav

- Former Defacto BDC (Brother : Late. Champak Lal Yadav) 2001-06
- BDC Contestant, 2016 & 2021",BSC Member,,,,,,,,,No,,,,,,
Lakhisarai,,,,Channan,Male ,Gohri,Krishna Nandan Yadav,,9934705229.0,40.0,OBC,Yadav,"Krishna Nandan Yadav|40|OBC|Yadav

- Former BDC 2011-16",BSC Member,,,,,,,,,No,,,,,,
Lakhisarai,,,,Channan,Male ,Bhalui,Gopal Yadav,,9631627488.0,45.0,OBC,Yadav,"Gopal Yadav|45|OBC|Yadav

 - Defacto Incumbent Mukhiya since 2021
- Defacto Ex Mukhiya 2001-11 till that seat got researved for S.C.
- Father was Mukhiya for 22 years till 2000
- Father was Z.P. from 2001-06
- Farmer, Land Lord, Govt. contractor/Thakedar ",BSC Member,,,,,,,,,No,,,,,,
Lakhisarai,,,,Channan,Male ,Iton,Dhanraj Bhagat,,9801497313.0,65.0,OBC,Chaurasia,"Dhanraj Bhagat|60|EBC|

- Defecto Incumbent Mukhiya 2016-Present
- Defecto Incumbent Sarpanch 2016-Present 
- Former Mukhiya (1978-2000)",BSC Member,,,,,,,,,No,,,,,,
Lakhisarai,,,,Channan,Male ,Maheshleta,Krishnanandan Yadav,,9234255013.0,51.0,OBC,Yadav,"Krishnanandan Yadav|51|OBC|Yadav

- Former BDC 2001-06
- BDC contestant, 2006",BSC Member,,,,,,,,,No,,,,,,
Lakhisarai,,,,Channan,Male ,Malia,Suraj Paswan,,9931239613.0,38.0,SC,Dusadh,"Suraj Paswan|38|SC|Dusadh

- Former Defacto Zila Parshad 2011-16
- Zila Parshad contestant, 2016, from Suryagarha",BSC Member,,,,,,,,,No,,,,,,
Lakhisarai,,,,Channan,Female ,Iton,Renu Kumari,,9504525114.0,50.0,EBC,Koiri,"Tara Devi|50|EBC|Mahato

- Former BDC 2011-16",BSC Member,,,,,,,,,No,,,,,,
Lakhisarai,,,,Channan,Male ,Maheshleta,Sambhu Paswan,,8521764099.0,49.0,SC,Dusadh,"Sambhu Paswan|49|SC|Dusadh

- Former Mukhiya 2011-16",BSC Member,not intrested,,,,,,,,No,,,,,,
Lakhisarai,,,,Channan,Male ,Malia,Suraj Paswan,,9931239613.0,38.0,SC,Dusadh,"Suraj Paswan|38|SC|Dusadh

- Former Defacto Zila Parshad 2011-16
- Zila Parshad contestant, 2016, from Suryagarha",BSC Member,,,,,,,,,No,,,,,,
Lakhisarai,,,,Channan,Male ,Bhalui,Shivnandan Bind,,7004214372.0,45.0,EBC,Bind,"Shivnandan Bind|45|EBC|Bind

- Incumbent BDC 2021-Present
- Former Up-Mukhiya 2001-06
- RJD's District Secretary 2024-Present ",BSC Member,,,,,,,,,No,,,,,,
Lakhisarai,,,,Channan,Male ,Maheshleta,Shashank Shekhar,,7903010728.0,37.0,OBC,Yadav,"Sahshank Shekhar|37|OBC|Yadav

- Former BDC 2016-21",BSC Member,,,,,,,,,No,,,,,,
Lakhisarai,,,,Channan,Male ,Maheshleta,Paramanand Mahato,,8298562116.0,46.0,EBC,Dhanuk,"Paramanand Mahato|46|EBC|Mahato

- Former BDC 2006-11",BSC Member,,,,,,,,,No,,,,,,
Lakhisarai,,,,Channan,Male ,Maheshleta,Vishwanath Mahato,,9294996707.0,63.0,OBC,Kushwaha,"Vishwanath Mahato|63|OBC|Kushwaha

- Former BDC 2001-06",BSC Member,,,,,,,,,No,,,,,,
Lakhisarai,,,,Channan,Female ,Lakho Chak,Anju Devi,,7549364589.0,45.0,OBC,Koiri,"Anju Devi|45|OBC|Koiri

- Jeevika CM 2017-Present",BSC Member,,,,,,,,,No,,,,,,
Lakhisarai,,,,Channan,Female ,Lakho Chak,Punam Kumari,,6206290692.0,28.0,EBC,Badhai,"Punam Kumari|28|EBC|Badhai

- Jeevika CM 2016-Present",BSC Member,,,,,,,,,No,,,,,,
Lakhisarai,,,,Channan,Female ,Lakho Chak,Soni Devi,,8235316887.0,29.0,OBC,Yadav,"Soni Devi|29|OBC|Yadav

- Jeevika CM 2018-Present",BSC Member,,,,,,,,,No,,,,,,
Lakhisarai,,,,Channan,Male ,Sangram Pur,Krishna Chandra Pandit,,9229808482.0,65.0,EBC,Kumhar,"Krishna Chandra Pandit| 65| EBC| Kahar

-Former BDC 2001-06
- Father Was mukhiya for 22 Year
-BDC Runner-up 2006",BSC Member,,,,,,,,,No,,,,,,
Lakhisarai,,,,Channan,Male ,Sangram Pur,Birju Mahto,,6200814610.0,40.0,EBC,Dhanuk,"Birju Mahto| 40| EBC| Dhanuk

-Former Defacto BDC 2011-2016
- Former Up-Sarpanch
",BSC Member,,,,,,,,,No,,,,,,
Lakhisarai,,,,Channan,Male ,Lakho Chak,Vishnudev Yadav,,8676075246.0,58.0,OBC,Yadav,"Vishnudev Yadav| 58| OBC| Yadav

- Former Mukhiya 2001-2006
- 3 Term Ward Member 2011- Present
-BDC Runner-up 2006
",BSC Member,,,,,,,,,No,,,,,,
Lakhisarai,,,,Channan,Male ,Sangram Pur,Umesh Mahto,,8709495451.0,59.0,EBC,Dhanuk,"Umesh Mahto| 59| EBC| Dhanuk

-Ex Mukhiya 2016-21
- Mukhiya Runner-up (2006, 2011)
- Former RJD Block Sachiv 2010-13",BSC Member,,,,,,,,,No,,,,,,
Lakhisarai,,,,Channan,Male ,Kundar,Vishnudev Yadav,,9939427457.0,68.0,OBC,Yadav,"Vishnudev Yadav| 68| OBC| Yadav

- Former BDC 2006-2011
- Mukhiya Runner-up 2001",BSC Member,,,,,,,,,No,,,,,,
Lakhisarai,,,,Channan,Male ,Maheshleta,Shushank Shekhar,,9931222893.0,31.0,OBC,Yadav,"Shushank Shekar| 31| OBC| Yadav

- Ex BDC (2016-2021)
- Active In Student Politics Patna University
- Gov. contractor ",BSC Member,,,,,,,,,No,,,,,,
Lakhisarai,,,,Channan,Male ,Kundar,Santosh Kumar,,9570688853.0,42.0,EBC,Badhai,"Santosh Kumar|42|EBC|Badhai

- Former Defacto BDC (Wife : Priyadarshani Kumari) 2016-21
- Former Ward Member 2006-16",BSC Member,,,,,,,,,No,,,,,,
Lakhisarai,,,,Channan,Male ,Kundar,Sadanand Kumar,,8709882516.0,31.0,SC,Dusadh,"Sadanand Kumar|31|SC|Dusadh

- M. Tech. from IIT Dhanbad
- Junior Engineer at Indian Oil Corporation Limited",BSC Member,,,,,,,,,No,,,,,,
Lakhisarai,,,,Channan,Male ,Khutuk Par,Mohan Yadav ,,"9973012781, 7004851685",38.0,OBC,Yadav,"Mohan Yadav|38|OBC|Yadav

- Ex-Mukhiya from 2011-2016 
- Two times Mukhiya Runnerup in 2001 and 2006 
- Two times defacto (Father) PACS Contestant in 2014 and 2019
- Two times Defacto (Father) Ward member in 2006 
- BJP's Ex-Prakhand Adhyaksh from 2006-2009 
- BJP's Zila Mhamantri in 2016 
- BJP's Zila Upadhyaksh from 2022-Present
- Zila Anusaran Samiti Sadasya ",BSC Member,Busy call,,,,,,,,No,,,,,,
Lakhisarai,,,,Channan,Male ,Kundar,Subodh Mandal,,8051683071.0,45.0,OBC,Kurmi,"Subodh Mandal|45|OBC|Kurmi

- Defacto former mukhiya (Wife) 2011-16
- Defacto former mukhiya (Uncle) 2001-06
- Former BDC 2001-06",BSC Member,,,,,,,,,No,,,,,,
Lakhisarai,,,,Channan,Male ,Lakho Chak,Rakesh Shukla,,7260895652.0,40.0,General,Brahmin,"Rakesh Shukla | 40 | Mukhiya Runnerup 

- Mukhiya runnerup in 2021 
- Runs an NGO Birsa Munda Gramin Kalyan Samiti which works in tribal regions of Bihar and Jharkhand 
- Also runs Arihant Kalyan Samiti which treats 10 thousand Motiyabind patients ",BSC Member,,,,,,,,,No,,,,,,
Lakhisarai,,,,Channan,Male ,Gohri,Suchit Kumar,,7004874418.0,32.0,OBC,Yadav,"Suchit Kumar | 32 | OBC | Yadav 

- Branch Manager at Shree Ram Finance Lakhisarai since 2023- Present 
- Ex Mukhiya 2006 (Father)
- Qualifiation- MBA (Mirut University-2022)",BSC Member,,,,,,,,,No,,,,,,
Lakhisarai,,,,Suryagarha,Male ,NP Surajgarha,Prem Kumar Gautam (Pankaj Singh),,9934696738.0,44.0,General,Bhumihar,"Prem Kumar 'Gautam' (Pankaj Singh) | 44 | PACS President Block 

- Incumbent PACS President Surajgarha Block 
- 3 times PACS Adhayaksh (last time elected unopposed) from Gopalpur Panchayat (currently part of Surajgarha NP) 
- Owner of a Brick Chimni in Suajgarha ",BSC Member,,,,,,,,,No,,,,,,
Lakhisarai,,,,Suryagarha,Male ,Toralpur,Vijay Ram,,7634065104.0,45.0,EBC,Chandravanshi,"Vijay Ram | 45 | Incumbent BDC 

- Incumbent BDC from Toralpur Panchayat with 1684 votes 
- BDC contestant in 2016 and got only 372 votes ",BSC Member,,,,,,,,,No,,,,,,
Lakhisarai,,,,Suryagarha,Male ,Ali Nagar,Vinod Kumar ,,6200455824.0,38.0,EBC,Kumhar,"Vinod Kumar | 38 | Up Mukhiya 

- Up Mukhiya and Ward Member of Alinagar Panchayat defacto (wife Sunita Devi) 
- He has the support of 9 ward members out of 15 ward members ",BSC Member,Call Not Recived,,,,,,,,No,,,,,,
Lakhisarai,,,,Suryagarha,Male ,Mohammadpur,Shivnandan Prasad,,9546231119.0,72.0,EBC,Kanu,"Shiv Nandan Prasad | 72 | Incumbent Sarpanch 

- 4 times Sarapach from Mohhmadpur Panchayat (2006-Present) 
- Medical professional with 47 years of experience
- Elder son is Rtd. JCO from the Indian Army and Younger Son is engineer in NP Lakhisarai",BSC Member,,,,,,,,,No,,,,,,
Lakhisarai,,,,Suryagarha,Male ,Bariyarpur,Vidyanand Paswan,Late Satnarayan paswan,8294852620.0,46.0,SC,Dusadh,"Vidyanand Paswan | 46 | Incumbent BDC 

- Incumbent BDC de-facto  (wife Sulekha Devi) from Bariyarpur Panchayat
- got the highest votes (1872) than any Incumbent PRI in his Panchayat
- 3 times Mukhiya contestant from 2006, 2011 and 2016
- Ex-BJP Booth Adhyaksha from 2016 to 2023",BSC Member,,SC/St President,,SC /ST,,,,,No,,,,,,
Lakhisarai,,,,Suryagarha,Male ,Rampur,Kundan Kumar ,,9386580543.0,47.0,General,Bhumihar,"Kundan Kumar | 47 | Ex Mukhiya
- Ex Mukhiya from Rampur Panchayat(2016-2021)
- MCA Degree from PSIT-VTU and 4 years experience in IT Job in Banglore
- Owns a small garment manufacturing unit ",BSC Member,,,,,,,,,No,,,,,,
Lakhisarai,,,,Suryagarha,Male ,Chandan Pura,Deepak Singh ,,7061598857.0,45.0,General,Bhumihar,"Deepak Singh | 45 | Mukhiya Contestant

- Mukhiya Contestant and end up at 3rd position 
- Up Mukhiya and Ward Sadsya from 2016-21
- Owns a Gas agency godam in Alinagar",BSC Member,,,,,,,,,No,,,,,,
Lakhisarai,,,,Suryagarha,Male ,Rampur,Dhairyanand Sharma ,,6200584931.0,39.0,General,Bhumihar,"Dhairyanand sharma| 39 | Bhumihar

- Member of State committee BJP(2016-2018)
- Former of district general secretary BJYM(2014-2015)
- 10 years Purnakalik at ABVP (2000-2010)
- Was part of Padyatra at Betiah, Champaran, Motihari,etc",BSC Member,,,,,,,,,No,,,,,,
Lakhisarai,,,,Suryagarha,Male ,Chandan Pura,Kishori Yadav,,8210084511.0,50.0,OBC,Yadav,"Kishori Yadav | 50 | Incumbent BDC 

- Incumbent BDC from Chandanpura Panchayat 
- Mukhiya Contestant in 2016 
- Earlier associated with RJD",BSC Member,,,,,,,,,No,,,,,,
Lakhisarai,,,,Suryagarha,Female ,Chandan Pura,Anju Devi ,,8877255631.0,40.0,EBC,Badhai,"Anju Devi | 40 | Mukhiya Contestant 

- Mukhiya Contestant in 2011
- Influential female personality in her Panchayat ",BSC Member,,,,,,,,,No,,,,,,
Lakhisarai,,,,Suryagarha,Male ,Arma,Shankar Sav,,6299721126.0,62.0,EBC,Teli,"Shankar Sav | 62 | Incumbent Sarpanch 

- 4 times Sarpanch ( 1st time elected in 2006-11) 
- afterwards two times de-facto (Bhabhi Binu Devi) and Incumbent de-facto Sarpanch Daughter-in-Law Ruby Kumari 
- Ex-Ward Sadsya in 2001 ",BSC Member,,,,,,,,,No,,,,,,
Lakhisarai,,,,Suryagarha,Male ,Kiranpur,Amrendra Bhaskar urf Jahan,,9771900905.0,44.0,OBC,Kurmi,"Amrendra Kumar urf Jahan | 44 | Incumbent Sarpanch 

- Incumbent Sarpanch from Kiranpur Panchayat with 984 votes 
- 3 times Mukhiya contestant (2006, 2011 and 2016)",BSC Member,,,,,,,,,No,,,,,,
Lakhisarai,,,,Suryagarha,Male ,Shree Kishun,Ashok Paswan ,Ram sawarath paswan,9431382194.0,40.0,SC,Dusadh,"Ashok Paswan | 40 | Incumbent Mukhiya 
- Incumbent Mukhiya won 2021 election by a margin of 900 votes
- defeated JDU's SC/ST Cell President Renu Kumari ",BSC Member, NOTED HE WANT STATE COMMITTE MEMBER,,,,,,,,No,,,,,,
Lakhisarai,,,,Suryagarha,Male ,NP Surajgarha,Munna Kumar Urf Karan Bhai,,"8210330422, 9709436371",40.0,EBC,Kanu,"Munna Kumar urf Karan Bahi | 40 | Community Leader

- Vice President - Vanijya Sangh, Surajgarha 
- General Secretary of Ati Pichda-Dalit-Vaisya Mahasangh
- District Convenor of Janta Seva Samiti
- Pradesh Upadhyaksh and Munger Pramandal Adhyaksh - Kanu Vikas Sangh
- Grandfather Late Triveni Halwai was a Freedom Fighter 
- Father Sahdev Prasad Azad associated with the Social Justice Movement 
- Earlier associated with BJP for last five years
-Runner Up BDC 2006 ",BSC Member,,,,,,,,,No,,,,,,
Lakhisarai,,,,Suryagarha,Male ,Urain,Jang Bahadur Singh,,6205169409.0,49.0,OBC,Koiri,"Jang Bhadur Singh | 49 | Ex Mukhiya 
- Ex-Mukhiya in 2001-2006
- BJP Mandal Adhayksha (2005-10)
- Has shop of cement and other building workes",BSC Member,Busy,,,,,,,,No,,,,,,
Lakhisarai,,,,Suryagarha,Male ,Rampur,Rambachan Kumar ,,7280881830.0,32.0,General,Bhumihar,"Rambachan Kumar | 32 | Incumbent Sarpanch
- Incumbent Sarpanch from 2021-Present 
- Ex-BDC in 2011 from Rampur Panchayat 
- Ex Ward Member in 2006 from Rampur ",BSC Member,,,,,,,,,No,,,,,,
Lakhisarai,,,,Suryagarha,Male ,NP Surajgarha,Nitish Kumar ,,9958237108.0,34.0,SC,Dusadh,"Neetish Kumar | 34 | NP Chairman Contestant 

- NP Chairman Contestant Defacto (Mother Manju Devi) 
- Father Krishandev Paswan was 2 times mukhiya from Zakarpura panchayat 
- Graduated from BHU in B. A. Sociology",BSC Member,,,,,,,,,No,,,,,,
Lakhisarai,,,,Suryagarha,Male ,Khawa Rajpur,Sakaldev Mahto ,,9852323770.0,59.0,EBC,Bind,"Sakaldev Mahato | 59 | Incumbent Sarpanch 

- Incumbent Sarpanch Defacto (wife Savita Devi)
- Two times Sarpanch Contestant (2011 and 2006) 
- BDC contestant in 2006 and Ward Member in 2001",BSC Member,,,,,,,,,No,,,,,,
Lakhisarai,,,,Suryagarha,Male ,Madanpur,Janardan Prasad ,,8294976677.0,78.0,OBC,Bania,"Janardan Prasad | 78 | Incumbent Sarpanch

- Incumbent two times Sarpanch from 2016-Present
- He was also Sarpanch in 1974 
- Associated with Congress (1970-1990) ",BSC Member,,,,,,,,,No,,,,,,
Lakhisarai,,,,Suryagarha,Male ,Madanpur,Arvind Kumar ,,6205209629.0,50.0,EBC,Kumhar,"Arvind Kumar | 50 | BDC Runner-UP
- BDC Runner-up in 2006 
- Associated with CPI as whole whole-timer in 1990s ",BSC Member,,,,,,,,,No,,,,,,
Lakhisarai,,,,Suryagarha,Male ,Amarpur,Amit Kumar ,,9430800751.0,33.0,General,Bhumihar,"Amit Kumar | 33 | Party Member State

- Ex member of State Committee - BJYM (2014-16)
- Ex member of State Committee of sports cell - BJP (2016-18)
- PA of MP Giriraj Singh (2018-19)",BSC Member,,,,,,,,,No,,,,,,
Lakhisarai,,,,Suryagarha,Male ,Chora-Rajpur,Rajesh Kumar,,9504846325.0,38.0,General,Bhumihar,"Rajesh Kumar | 38 | Incumbent Sarpanch 
- Incumbent Sarpanch from 2021-Present
- BJP Panchayat  Adhakshya 2017-2019 
- Despite his Bhumihar identity, He is popular among ST voters
",BSC Member,,,,,,,,,No,,,,,,
Lakhisarai,,,,Suryagarha,Male ,NP Surajgarha,Santosh Kumar ,,8084437100.0,37.0,General,Bhumihar,"Santosh Kumar | 37 | Nagar Parshad 
- Ward  Parshad from Surajgarha NP (2022-Present) 
- Earlier Associated with an NGO 'Bala Ji Seva Sansthan' (2012-15)
- Ex-BJP Member from 2016-24",BSC Member,,,,,,,,,No,,,,,,
Lakhisarai,,,,Suryagarha,Male ,Rampur,Suresh Prasad Singh ,,7479887705.0,77.0,General,Bhumihar,"Suresh Prasad Singh | 77 | Retd. Govt. Employee 
- Retd. Clerk from Water Resource Department, Cheif Engineer Office, Bhagalpur
- Influential personality in Rampur Panchayat",BSC Member,,,,,,,,,No,,,,,,
Lakhisarai,,,,Suryagarha,Male ,Ali Nagar,Pawan Kumar Singh,,9798507752.0,52.0,General,Bhumihar,"Pawan Kumar Singh | 53 | Mukhiya Runner-up 
- two times Mukhiya Runner-up defacto (wife Anupam Devi) 
- Good hold on two major village of Alinagar (Alinagar and Pokharama) 
- Associated with BJP very long ",BSC Member,,,,,,,,,No,,,,,,
Lakhisarai,,,,Suryagarha,Male ,Arma,Umesh Bind ,,9576899495.0,47.0,EBC,Bind,"Umesh Bind | 47 | Incumbent BDC 
- Two times BDC from Arma Panchayat in 2011 and 2021 
- BDC contestant in 2016 and got 631 votes 
- Ex-Ward Member in 2006 ",BSC Member,,,,,,,,,No,,,,,,
Lakhisarai,,,,Suryagarha,Male ,NP Surajgarha,Dilip Kumar ,,9546678283.0,48.0,EBC,Teli,"Dilip Kumar | 48 | Nagar Ward Parshad 

- Incumbent Nagar Ward Parshad Defecto (Wife Rajani Rani) 
- Two times BDC contestant from Surajpura in 2011 and 2016
- JDU's Bunkar Prakoshth Prakhand Adhyaksha from 2019-Present 
 - Owns a PDS store in his Panchayat ",BSC Member,,Ebc President,,EBC,,,,,No,,,,,,
Lakhisarai,,,,Suryagarha,Male ,NP Surajgarha,Upendra Prasad Singh,,8789529286.0,84.0,General,Bhumihar,"Upendra Prasad Singh | 84 | Doctor 
- Retd. Doctor from Surajgarha CHC in 1999
- Runs a famous clinic in Surajgahra since 1999",BSC Member,,,,,,,,,No,,,,,,
Lakhisarai,,,,Suryagarha,Male ,NP Surajgarha,Sailendra Kumar Singh,,9431091196.0,50.0,General,Bhumihar,"Sailendra Kumar Singh | 50 | ZP Upadhyaks 
- Zila Parishad Upadhyaksh Defacto (Wife Rinku Devi) in 2011
- Ex-Mukhiya from Gopalpur Panchayat in 2006
- Nagar Parishad Chairman Contestant Defacto (Wife Rinku Devi) in 2022
- Mukhiya contestant from Gopalpur in 2016
",BSC Member,,,,,,,,,No,,,,,,
Lakhisarai,,,,Suryagarha,Male ,Avgil Rampur,Pankaj Kumar ,,7903735351.0,48.0,General,Bhumihar,"Pankaj Singh | 48 | Ex-BDC 
- Ex-BDC at Gopalpur Panchayat in 2016
- PACS Chairman contestant in 2009 
- BJP's Kishan Prakoshth Zila Adhyaksh from 2021-Present
- BJP's Mandal Upadhyaksh from 2007-2021
",BSC Member,,,,,,,,,No,,,,,,
Lakhisarai,,,,Suryagarha,Male ,Bansipur,Harikrishan Verma,,8825317397.0,35.0,EBC,Bind,"Harikrishan Verma | 35 | Ex-Sarpanch 
- Ex-Sarpanch from Banshipur Panchayat in 2011-16
- Sarpanch runnerup in 2016 
- Mukhiya Contestant in 2021 ",BSC Member,,,,,,,,,No,,,,,,
Lakhisarai,,,,Lakhisarai,Male ,Urain,Subodh Kumar,,9472051302.0,50.0,OBC,Kushwaha,"Subodh Kumar | 50 | Kushwaha | OBC
- Two times General secretary of BAR Council Lakhisarai (2021-Present) 
- Three time Cooperative bank Chairman consist of 4 district (2011-2023) 
- Three times PACS president (2009-Present) 
- Former Two times Defacto Mukhiya  (2011-2021)
- EX Youth President of Samta Party (1997-2000) 
- Ex Youth President of RJD (2000-2003) 
- Ex President of Cooperative Prakosth of BJP (2005-2008) 
- Ex state Convener of cooperative Prakosth Of BJP (2009-2010) 
- EX MLA representative of Prem ranjan Patel. 
- LLB from TNB College
- Homeopathy form Honemany Medical College",BSC Member,,,,,,,,,No,,,,,,
Lakhisarai,,,,Suryagarha,Male ,Toralpur,Sharwan Kumar Aanad,,9430088212.0,52.0,EBC,Teli,"Sharvan Aanand | 52 | MP Contestant 
- MP Contestant with 8112 votes from Munger Lok Sabha in 2014
- Two times MLA Contestant from Surajgarha Vidhan Sabha in 2015 and 2020 
- Ex-District President of Youth Congress 
- Ex-member of the District working committee of CPM",BSC Member,,,,,,,,,No,,,,,,
Lakhisarai,,,,Suryagarha,Male ,NP Surajgarha,Dr. Alok Kumar,,9472815378.0,44.0,General,Bhumihar,"Dr. Alok Kumar | 44 | Doctor
- Orthopedist at Sadar Hospital, Lakhisarai 
- District Secretary of Bihar Health Association from 2023-Present
- Ex-Medical Officer at East Central Railway 
- Ex-District Secretary of Indian Medical Association from 2018-23
",BSC Member,Out of Network,,,,,,,,No,,,,,,
Lakhisarai,,,,Suryagarha,Male ,Kawadpur,Kamleshwari Prasad Mahato,,9801563980.0,58.0,OBC,Kurmi,"Kamleswari Prasad Mahto | 58 | MLA Contestant
- Two times MLA contestant from Suryagarha in 1995 and 2015
- Ex-Mukhiya from Kawadpur Panchayat in 2001 
- ZP Contestant with 3800 votes in 2021 ",BSC Member,,,,,,,,,No,,,,,,
Lakhisarai,,,,Suryagarha,Male ,Kawadpur,Vinod Mandal,,9771683386.0,53.0,EBC,Dhanuk,"Vinod Mandal | 53 | Ex-Sarpanch 
- Two times Sarpanch from Kawadpur Panchayat in 2011 and 2016
- Two times Sarpanch runnerup in 2006 and 2021 
- Earlier associated with RJD ",BSC Member,,,,,,,,,No,,,,,,
Lakhisarai,,,,Suryagarha,Male ,Kawadpur,Ashok Thakur,,9771249348.0,61.0,EBC,Nai,"Ashok Thakur | 61 | Ex-BDC
- Ex-BDC from Kawadpur Panchayat in 2016 
- BDC runnerup in 2021 
- Ex PACS Member in 2014
- Mukhiya contestant in 2011 ",BSC Member,,,,,,,,,No,,,,,,
Lakhisarai,,,,Suryagarha,Male ,Chandan Pura,Syamkishor Singh,,8986255159.0,65.0,General,Bhumihar,"Shyam Kishor Singh | 65 | MLA Contestant
- 3 times MLA contestant from Suryagrha AC in 1995, 2010 and 2020
- JP Senani and part of the JP movement in 1970",BSC Member,,,,,,,,,No,,,,,,
Lakhisarai,,,,Suryagarha,Male ,Bansipur,Ram Prasad Saw,,9771806751.0,62.0,OBC,Teli,"- Ram Prasad Saw | 62 | Teli | 
- Incumbent Sarpanch (2021-Present)
- 2 Time EX- Mukhiya Runner Up (2011 and 2016)
- Ex- BDC runner up (2006)",BSC Member,,,,,,,,,No,,,,,,
Lakhisarai,,,,Suryagarha,Female ,Maheshpur,Sunita kumari ,,8409208284.0,32.0,EBC,Tatwa,"Sunita Kumarii | 32 | EBC | Teli

- Defacto zila Parsad 2021
- Defecto Zila parsad run-up 2016
- Her Husband and brother in-law is known goverment teacher of the area
",BSC Member,,,,,,,,,No,,,,,,
Lakhisarai,,,,Suryagarha,Male ,Chandan Pura,Parmod Pandey ,,9852115065.0,41.0,General,Brahmin," -Parmod Pandey |41 | Male| Bharhamin 
- Ex Mukhiya 2016-21
-Mukhiya 3rd runner-up 2021(vote 602) 
-Defecto Mukhiya  Contested  in 2011
-BJP panchyat Adhksya 
-BJP Booth Head  ",BSC Member,,,,,,,,,No,,,,,,
Lakhisarai,,,,Suryagarha,Female ,Madanpur,Mamta Devi ,,6200592453.0,27.0,EBC,Tatwa,"Mamta Devi  |27| Female| Tanti
-UP Mukhiya 2021 -current
-Good influence in her caste",BSC Member,,,,,,,,,No,,,,,,
Lakhisarai,,,,Suryagarha,Male ,,Rakesh Kumar Singh,,9304527235.0,40.0,General,Rajput,"-Rakesh Kumar singh  |40 | male| Rajput | 
-Contested Mukhiya 2016 (votes 456)
-Contensted UP-Chairman Suryagarha nagar parishad ( 3rd position) 
-Medical Shop in Suryagarha Bazar since 1980",BSC Member,,,,,,,,,No,,,,,,
Lakhisarai,,,,Suryagarha,Male ,Khawa Rajpur,Mayank Raj ,,9852317718.0,36.0,OBC,Kurmi,"-Mayank Raj  |36  | male| Mahto | 

- Owner Of Bodhi tree school in kiranpur. 
- Running Company :- Mayank Raj pvt.lmt.
- Contractor in irrigation Department ( jiobeg & construction of bridge) 
- Good influence in his community & area . 
",BSC Member,,,,,,,,,No,,,,,,
Lakhisarai,,,,Suryagarha,Male ,Ajni Ghat,Shankar sharma (mahraj ji ),,9835697051.0,56.0,General,Bhumihar,"Shankar Sharma | 56 | Gen. | Bhumihar 

- Vidhansabha Contested 2020  ( Votes 1849)
- Advocate in Patna High Court 12 years 
- Mandalewsar of Thakur Badi in suryagarha (52 Thakur Badi in suryagarha) 
- politically active person 
- RSS Member",BSC Member,,,,,,,,,No,,,,,,
Lakhisarai,,,,Suryagarha,Male ,Bansipur,Pratik Verma  (kunaal),,8130658242.0,30.0,EBC,Chhavi,"-Pratik Verma   |30 | male| Chain (Malah ) | 

- Defacto Ex- Mukhiya {his father Late. Vijay Verma 2001 - 2021}
- Grandfather Lt. Ramkrishna Verma was Ex - Mukhiya continued 25 years 
-Runs MLT bricks Chimanii since 2015 
-Good influence in his area & community. ",BSC Member,,,,,,,,,No,,,,,,
Lakhisarai,,,,Suryagarha,Male ,Losghani,Sonu Singh ,,8709124220.0,31.0,General,Bhumihar,"-Sonu Singh | 31 | Male | Bhumihar | 
- Working in Public Health Engineer Dept. 
- His father was Ex- Mukhiya & Ex - Pacs Adhksya 2006 & 2009",BSC Member,,,,,,,,,No,,,,,,
Lakhisarai,,,,Suryagarha,Male ,Chora-Rajpur,Santosh Koda ,,6287135395.0,36.0,ST,Kora,"-Santosh Koda |36| ST | KODA | 
-Ex- Mukhiya 2011
-Mukhiya Contested 2021 ",BSC Member,,,,,,,,,No,,,,,,
Lakhisarai,,,,Suryagarha,Male ,Urain,Anupum Kumar ,,6287713740.0,30.0,SC,Dhobi,"-Anupum Kumar | 30 |Rajak | SC | 
-ZP Contestant  2016 with (3035) 
- Defcto Ex- Mukhiya in 2011 (His mother )
-Good influence in his community & caste .",BSC Member,,,,,,,,,No,,,,,,
Lakhisarai,,,,Suryagarha,Male ,Kaswa,Amit Kumar ,,6207413352.0,26.0,SC,Dusadh,"Amit Kumar | 26 | Dusadh | Incumbent Mukhiya 
- Incumbent Mukhiya (Reserved seat)
- Qualification : Graduation History Hons.",BSC Member,not intrested,,,,,,,,No,,,,,,
Lakhisarai,,,,Suryagarha,Male ,Arma,Umesh Bind,,9576899495.0,47.0,EBC,Mallah,"-Umesh Bind | 47 | Mallah|EBC | 
-Incumbent BDC
-BDC Runner up 2011,2016",BSC Member,,,,,,,,,No,,,,,,
Lakhisarai,,,,Suryagarha,Male ,Chandan Pura,Parmod Pandey ,,9852115065.0,41.0,General,Brahmin,"
 -Parmod Pandey |41 | Male| Bharhamin 
- Ex Mukhiya 2016-21
-Mukhiya 3rd runner-up 2021(vote 602) 
-BJP panchyat Adhksya 
-BJP Booth Head  ",BSC Member,,,,,,,,,No,,,,,,
Lakhisarai,,,,Suryagarha,Male ,Shree Kishun,Ranjeet Kumar (Rana) ,,9931024739.0,36.0,EBC,Tatwa,"-Ranjeet Kumar |36| Vasya | EBC |
-Mukhiya Contestent 2021
- Mukhiya Runner-up 2016 
-BJP Block  Youth  President 2022-24 
-Good Hold In kishan ",BSC Member,,,,,,,,,No,,,,,,
Lakhisarai,,,,Suryagarha,Male ,Madanpur,Om Kumar ,,9798177141.0,28.0,EBC,Dhanuk,"-Om Kumar | 28 | EBC | Dhanuk |
- Defecto Mukhiya 2021 
-His Father is MUkhiya ",BSC Member,,,,,,,,,No,,,,,,
Lakhisarai,,,,Suryagarha,Male ,Maheshpur,Bhagawan Singh ,,9661084051.0,72.0,General,Rajput,"- Bhagwan Singh | 72| Gen.| Rajput |
- Retd. Professor 1979-1986 
-Good Influence in His Community ",BSC Member,,,,,,,,,No,,,,,,
Lakhisarai,,,,Suryagarha,Male ,NP Surajgarha,Jitendra Kumar,,9162594148.0,34.0,SC,Dusadh,"Jitendra Kumar | 34 | SC | Dusadh |
- Defecto Nagar Ward Parshad Ward No. 22 
- LJP Prakhand Sachiv",BSC Member,,,,,,,,,No,,,,,,
Lakhisarai,,,,Suryagarha,Male ,NP Surajgarha,Jeevan Kumar,,9852034850.0,32.0,EBC,Kanu,"- Jeevan Kumar | 32 | EBC | Kanu |
- Defecto Nagar Ward Parshad Ward No. 08 Suryagadha since 2022 (His wife Kajal Kumari is an Incumbent Ward Parshad).
- Ex Sarpanch from Gopalpur Panchayat since 2016 to 2021.
- Mukhiya Runnerup from Gopalpur Panchayat in 2011 PRI election.
- BJP Booth President - Gopalpur Panchayat since 2010 to 2022.",BSC Member,,,,,,,,,No,,,,,,
Lakhisarai,,,,Suryagarha,Male ,Ali Nagar,Pawan Singh Urf Bablu Singh,,9122320717.0,52.0,General,Bhumihar,"Pawan Kumar Singh | 53 | Mukhiya Runner-up 
- two times Mukhiya Runner-up defacto (wife Anupam Devi) 
- Good hold on two major village of Alinagar (Alinagar and Pokharama) 
- Associated with BJP very long ",BSC Member,,,,,,,,,No,,,,,,
Lakhisarai,,,,Suryagarha,Female ,Shree Kishun,Madhuri Devi ,,8083830628.0,52.0,OBC,Bania,"-Madhuri Devi | 52 | OBC | Bania | 
-Ward Sadsya 2011 
-ZP 03 Contested 2021 
-Runnig NGO For SC /St ",BSC Member,,,,,,,,,No,,,,,,
Lakhisarai,,,,Suryagarha,Male ,Salempur East,Rajesh Kr Ranjan ,,9934442535.0,58.0,OBC,Kurmi,"-Rajesh Kr Ranjan | 58| OBC | Kurmi | 
-Ex-Mukhiya 2001
-Four Time Mukhiya Contested Nd  Runner Up 
-Very Influential Person in his caste ",BSC Member,,,,,,,,,No,,,,,,
Lakhisarai,,,,Suryagarha,Male ,Bansipur,Amit Sagar ,,9006452900.0,41.0,EBC,Dhanuk,"-Amit Sagar | 41 | EBC | Dhanuk |
-Two Time ZP 2011 Nd 2021- till 
-BJP Jila Upadhakshy 2011-2024 
-Mukhiya Contested 2001 
-Land Lord Of Suryagarha Block ( 2000 ACers Land Aprox )",BSC Member,,,,,,,,,No,,,,,,
Lakhisarai,,,,Suryagarha,Male ,Gosaith,Pintu kumar ,,8825220838.0,46.0,General,Bhumihar,"-Pintu Kumar | 46 | Gen. | Bhumihar | 
-Ex-Mukhiya 2016 
-Mukhiya Sangh Block Adhaksya 2016-2021
-PACS Contested Loss with 5 votes ",BSC Member,,,,,,,,,No,,,,,,
Lakhisarai,,,,Suryagarha,Male ,Amarpur,Munna Kumar ,,9534504875.0,27.0,EBC,Dhanuk,"Munna Kumar| 27 | EBC | Mandal 

-Run's Coching in Suryagarha ( 130 students ) ",BSC Member,,,,,,,,,No,,,,,,
Lakhisarai,,,,Suryagarha,Male ,Budhauli Bankar,Mukesh Kumar ,,8789244277.0,52.0,General,Bhumihar,"Mukesh Kumar | 52 | Gen. | Bhumihar 

-Ex- Army Men ( EME ) 1996-2012 , Rank - Nayak 
-Poltically active In Panchayat ",BSC Member,,,,,,,,,No,,,,,,
Lakhisarai,,,,Suryagarha,Male ,Madanpur,Dilip  Chandarwansi ,,7631706119.0,39.0,EBC,,"-Dilip Chandarwanshi | 39 | OBC | Kahar | 
-Ex-Sarpanch 2016 
-Ex BDC 2011 
-Mukhiya Contested 2021 
-BJP Mandal Mahamantri 2018-2024 ",BSC Member,,,,,,,,,No,,,,,,
Lakhisarai,,,,Suryagarha,Male ,Kaswa,Sudhir Jha ,,8051688803.0,75.0,General,Brahmin,"-Sudhir Jha | 75 | Gen. | Brahmin | 
- Two Term EX- Sarpanch 2006 & 2011
-Ex- BDC 2001 
-Congress Jila Sachiv 1993-99  
-LLB ( Advocate ) ",BSC Member,,,,,,,,,No,,,,,,
Lakhisarai,,,,Suryagarha,Male ,Avgil Rampur,Manoj kumar ,,9334182949.0,54.0,OBC,Kurmi,"-Manoj Kumar | 54 | OBC | Mahto |
-Contested MLA 2010 ( BSP ) 
-Contested  ZP ( 05) 2011",BSC Member,,,,,,,,,No,,,,,,
Lakhisarai,,,,Suryagarha,Male ,Tajpur,Chinmay Ranjan,,9097706010.0,29.0,EBC,Dhanuk,"-Chinmay Ranjan | 29 | EBC | Dhanuk | 
- He is a Private Teacher, runs a coaching centre.
- Active as a social worker and provides free coaching to poor students.
- He follows the ideology of Prashant Kishore.",BSC Member,Call Not Recived,,,,,,,,No,,,,,,
Lakhisarai,,,,Suryagarha,Male ,Bansipur,Ram Prashad Saav,,9771806751.0,65.0,EBC,Kanu,"Ram Prashad Saav | 65 | EBC | Kanu
Incumbent Sarpanch (2021-till)
Mukhiya Contestent ( 2011 & 2016)
BDC Contestent  (2006)",BSC Member,,,,,,,,,No,,,,,,
Lakhisarai,,,,Suryagarha,Male ,Khawa Rajpur,Pankaj Kumar,,9538713092.0,48.0,OBC,Kurmi,"Pankaj Kumar| 48 | Male | OBC |  Kurmi
- BDC Contestant 2021
- BDC Runner up 2016
- BDC Runner up 2011
- Owner of Furniture Shop 
- Sudha Dairy Samiti Sachiv
- Zila Sachiv of Akhil Bharatiya Kurmi Chatariye Sabha sachiv
-Associated with BJP",BSC Member,,,,,,,,,No,,,,,,
Lakhisarai,,,,Suryagarha,Male ,Kiranpur,Bikram Kumar,,8804182971.0,26.0,OBC,Kurmi,"Bikram Kumar | 26 | |OBC Kurmi
-Incumbent Pacs Adhyaksha
-Owner of Khad Beej Shop
-Associated with JDU",BSC Member,,,,,,,,,No,,,,,,
Lakhisarai,,,,Suryagarha,Male ,Kiranpur,Amrendra Kumar urf Jahan,,9771900905.0,44.0,OBC,Kurmi,"Amrendra Kumar urf Jahan | 44 | OBC| Kumri
- Incumbent Sarpanch from Kiranpur Panchayat with 984 votes 
- 3 times Mukhiya contestant (2011, 2016)
-His brother Mukhiya Runner up 2021",BSC Member,,,,,,,,,No,,,,,,
Lakhisarai,,,,Suryagarha,Male ,Khawa Rajpur,Gopal Krishn Mahto,,7870921057.0,53.0,OBC,Kurmi,"Gopal Krishn Mahto | 53 | OBC|Kurmi
 -Formar 2 Term BDC 2001 To 2011
 -Mukhiya Contenstant 2011 
-Qualification - Matric 
 -Profession - Farmer ",BSC Member,,,,,,,,,No,,,,,,
Lakhisarai,,,,Suryagarha,Male ,Khawa Rajpur,Rambalak Yadav,,9304519655.0,38.0,OBC,Yadav,"Rambalak yadav | 38 | OBC| Yadhav
-Incumbent BDC 
-Defecto BDC Of Nilam Devi In 2001
-Defecto BDC Contenstant Of Nilam Devi In 2006
-RJD Panchayat Aadhykh From 2001 To 2020 
-Profession : farmer ",BSC Member,,,,,,,,,No,,,,,,
Lakhisarai,,,,Suryagarha,Male ,Toralpur,Surya Kumar Yadav ,Satyanarayan Yadav,6202993191.0,29.0,OBC,Yadav,"Surya Kumar Yadav | 29 | Male | OBC | Yadav

- BPSC Student.
- Graduation From Magadh University.
- His brother is Incumbent UP Sarpanch.
- Incumbent Ward member from 2016 to present.
- Active in youth politics.",BSC Member,Agreed,,,,,,,,No,,,,,,
Lakhisarai,,,,Suryagarha,Male ,Ali Nagar,Vipin Kumar Singh,,9955230155.0,54.0,General,Bhumihar,"Vipin Kumar Singh | 54 | Incumbent BDC 
- Incumbent BDC from Alingar Panchayat 
- BDC contestant in 2016 
- Maternal Grandson of Late Prasidhnarayan Singh (5 times ACC of BJP from Surajgarha)",BSC Member,,,,,,,,,No,,,,,,
Lakhisarai,,,,Suryagarha,Male ,Rampur,Anil Kumar Singh ,,8002674493.0,60.0,General,Bhumihar,"Anil Kumar Singh | 60 | Incumbent BDC
 
- 3 times Defecto BDC (wife Nisha Devi)  (2001-2011 and 2021-Present)
- Block Pramukh contestant in 2021 and had support of 10 BDC out of 34 
- Associated with the Samta Party from 1994-2003 and then joined JDU as a Karyakarta ",BSC Member,,,,,,,,,No,,,,,,
Lakhisarai,,,,Suryagarha,Male ,NP Surajgarha,Vipin Singh,,8292039443.0,55.0,General,Bhumihar,"Vipin Singh | 55 | Nagar Ward Parshad 

- Nagar Ward Parshad from Surajgarha Nagar Parishad in 2021 
- Ex Ward Member  of Zakarpura Panchayat in 2001 (disolve into Surajgarha Nagar Parishad)",BSC Member,,,,,,,,,No,,,,,,
Lakhisarai,,,,Suryagarha,Male ,Salempur East,Rakesh Kumar,,9097923041.0,42.0,EBC,Nai,"Rakesh Kumar | 42 | Incumbent Sarpanch 

- 3 times Incumbent Defacto (mother Urmila Devi) Sarpanch from Salempur East (2011-Present)
- Father was Mukhiya runnerup in 2006 
-  CPI Member of District council committee",BSC Member,,,,,,,,,No,,,,,,
Lakhisarai,,,,Suryagarha,Male ,Toralpur,Rakesh Kumar Ranjan allies Pappu Yadav,,9431800021.0,42.0,OBC,Yadav,"Rakesh Kumar Ranjan allies Pappu Yadav | 42 | Incumbent Mukhiya 

- 4 times Mukhiya from Toralpur Panchayat (Two times himself and two times defacto of wife Indu Rani) 2006-Present 
- Relative of Incumbent MLA Prahlad Yadav but not associated with any Party 
- Associated with ABVP in his student days ",BSC Member,,,,,,,,,No,,,,,,
Lakhisarai,,,,Suryagarha,Male ,Kawadpur,Kundan Kumar ,,7812830008.0,42.0,OBC,Kurmi,"Kundan Kumar | 42 | Ward Sadasya 
- Ward Sadsaya in Kawadpur Panchayat Ward No. 19 
- Ex JDU Karyakarta ",BSC Member,,,,,,,,,No,,,,,,
Lakhisarai,,,,Suryagarha,Male ,Kawadpur,Shailendra Kumar,,9006105634.0,50.0,OBC,Kurmi,"Shailendra Kumar | 50 | Incumbent Mukhiya 
- Incumbent Mukhiya Defacto (wife Nilam Devi) from Kawadpur Panchayat
- Mukhiya Runnerup in 2016
- Member of JDU's Parliament Vigilance Committee",BSC Member,,,,,,,,,No,,,,,,
Lakhisarai,,,,Suryagarha,Male ,Ali Nagar,Angad Singh ,,7992269441.0,60.0,General,Bhumihar,"Angad Kumar Singh | 60 | Incumbent Sarpanch

- 4 times Sarpanch (two times himself and two times defacto of wife Sushila Devi) from Alinagar Panchayat
- Ex-Sarpach Sangh Zila Adhyakhsa (2016-21) 
-  two times BJP's Kishan Morcha Zila Upadhyaksha (2005-15)
- Mother was PACS Adhyaksha in 2014 from Alinagar Panchayat",BSC Member,,,,,,,,,No,,,,,,
Lakhisarai,,,,Suryagarha,Male ,Ghosaith,Amresh Kumar,,9631293101.0,45.0,General,Bhumihar,"Amaresh Kumar | 45 | Incumbent Mukhiya 

- Incumbent Mukhiya from Gosaith Panchayat (2021-Present) 
- 3 times PACS Adhyaksha from Gosaith Panchayat 
- Director at Munger-Jamui Central Cooperative Bank from 2018-Present
- BJP's State Krida Manch State Committee member from 2004-2007
- BJP's Cooperative cell Zila Prabhari from 2018-Present  ",BSC Member,,,,,,,,,No,,,,,,
Lakhisarai,,,,Suryagarha,Male ,NP Surajgarha,Vishal Verma,,6203132575.0,39.0,OBC,Sonar,"Vishal Verma | 39 | Lawyer 
- Advocate at Civil Court, Lakhisarai Practice from 2017",BSC Member,,,,,,,,,No,,,,,,
Lakhisarai,,,,Suryagarha,Male ,Ali Nagar,Vinod Kumar ,,8292473200.0,50.0,EBC,Kanu,"Vinod Kumar | 50 | Ward Panch 
- 2 times Incumbent Ward Panch from 2016-Present 
- 2 times PACS Sadasya 
- Ex-Ward member in 2006-11",BSC Member,,,,,,,,,No,,,,,,
Lakhisarai,,,,Suryagarha,Male ,Ali Nagar,Kanahiya Kumar ,,9709298126.0,38.0,General,Bhumihar,"Kanahiya Kumar | 39 | Mukhiya Contestant 
- 2 times Mukhiya Contestant and got 1128 votes in 2021",BSC Member,,,,,,,,,No,,,,,,
Lakhisarai,,,,Suryagarha,Male ,Ali Nagar,Sailendra Kumar ,,9931815975.0,52.0,General,Bhumihar,"Sailendra Kumar | 52 | Ex BDC
- Ex-BDC from Alinagar Panchayat (2006-11) 
- Close to the Ravishankar Singh Ashok (MLA Contestant Surajgarha 2020)",BSC Member,,,,,,,,,No,,,,,,
Lakhisarai,,,,Suryagarha,Male ,NP Surajgarha,Raushan Kumar ,,7004920432.0,28.0,General,Brahmin,"Raushan Kumar | 28 | Nagar Ward Parshad 
- 1st time Nagar Ward Parshad 
- Denied the Position of Nagar Mandal Adhyakhsha from BJP 
- Involved in Property Dealer Buisness",BSC Member,,,,,,,,,No,,,,,,
Lakhisarai,,,,Suryagarha,Male ,Avgil Rampur,Md. Kalim ,,9934736176.0,37.0,Minority,Muslim,"Md. Kalim | 37 | Incumbent Mukhiya 

- 1st time Mukhiya from Avgil Rampur Panchayat
- Defeated defacto Mukhiya Manoj Mehata (Ex ZP Upadhyaksha 2016-21) 
- 2 Times Mukhiya Runnerup (2011 and 2016)",BSC Member,,,,,,,,,No,,,,,,
Lakhisarai,,,,Suryagarha,Male ,NP Surajgarha,Ravi Raj Yadav,,9852535055.0,34.0,OBC,Yadav,"Ravi Raj Yadav | 34 | Chairman Runner-Up 
- Chairman Runner-up in NP Surajgarha
- RJD Nagar Adhyadksh NP Surajgarha (2022-Present)
- Ex Zila Sachiv RJD (2015-2022)
- Nephew of Inderdev Yadav (Ex Pradesh Mahasachiv RJD)
",BSC Member,,,,,,,,,No,,,,,,
Lakhisarai,,,,Suryagarha,Male ,Avgil Rampur,Dilip Yadav,,9931973027.0,40.0,OBC,Yadav,"Dilip Yadav | 40 | Ward Sadasya 
- Ward Sadasya of Avgil Rampur Panchayat from 2011-Present
- Member of RJD form 2005",BSC Member,,,,,,,,,No,,,,,,
Lakhisarai,,,,Suryagarha,Male ,Rampur,Saurav Suman ,,9199717077.0,38.0,General,Bhumihar,"Saurav Suman | 38 | Ex-BDC 
- Ex-BDC de-facto (wife Babli Kumari) from 2016-2021 
- Election Agent of ZP Amit Kumar Urf Chiku Babu
- Closed to the Ravishankar Prasad Singh 'Ashok'",BSC Member,,,,,,,,,No,,,,,,
Lakhisarai,,,,Suryagarha,Male ,Amarpur,Sudama Paswan ,,8809248750.0,40.0,SC,Dusadh,"Sudama Paswan | 40 | Mukhiya Runner Up 
- Mukhiya Runner Up in 2021 with 1569 votes 
- Mukhiya Contestant in 2016 
- Supporter of Ravishankar Prasad Singh 'Ashok'",BSC Member,,,,,,,,,No,,,,,,
Lakhisarai,,,,Suryagarha,Male ,Chandan Pura,Anuradha Sinha ,,7858533302.0,42.0,General,Bhumihar,"Anuradha Sinha | 42 | Jeevika CM 
- Jeevika CM in Chandanpura Panchayat from 2020 
- Husband Bulbul Sinha working as Munshi in Lakhisarai Civil Court ",BSC Member,,,,,,,,,No,,,,,,
Lakhisarai,,,,Suryagarha,Male ,Chandan Pura,Pramod Pandey ,,9852115065.0,50.0,General,Brahmin,"Pramod Pandey | 50 | Ex Mukhiya 
- Ex Mukhiya from Chadanpura Panchayat 
- Mukhiya contestant in 2021 and secured 600 votes 
- Associated with BJP ",BSC Member,,,,,,,,,No,,,,,,
Lakhisarai,,,,Suryagarha,Male ,NP Surajgarha,Praveen Rathore ,,8340433084.0,58.0,General,Rajput,"Praveen Rathore | 58 | Journalist 

- Vanijya Sangh Adhyaksha, Surajgarha 
- Was a Journalist at Dainik Jagran for 16 years 
- Karyakari Adhaksha of Surajgarha unit of Munger Chamber of Commerce 
- Father was Manager of UCO Bank Surajgarha ",BSC Member,Not in JSP,,,,,,,,No,,,,,,
Lakhisarai,,,,Suryagarha,Male ,NP Surajgarha,Amlesh Kumar ,,8825167478.0,30.0,SC,Ravidas,"Amlesh Kumar | 30 | Nagar Ward Parshad 
- Nagar Ward Parshad from NP Surajgarha 
- Uncle Debanand Das was two times Sarpanch from Surajpur Panchayat (dissolved into NP Surajgarha) and Ex-Ward Member (2006-20110)",BSC Member,,,,,,,,,No,,,,,,
Lakhisarai,,,,Suryagarha,Male ,NP Surajgarha,Fasi Ahmed,,9973782071.0,52.0,Minority,Muslim,"Fasi Ahmad | 52 | Mukhiya Runner Up 
- 2 times Mukhiya Runner Up (2001 and 2006)
- Father Gulam Murtaza was Mukhiya of Salempur Panchayat around the 1990s 
- Wife Shabana Azami is Incumbent Nagar Parshad ",BSC Member,,,,,,,,,No,,,,,,
Lakhisarai,,,,Suryagarha,Male ,Kiranpur,Dr. Uday Shankar,,8757555044.0,38.0,OBC,Kurmi,"Dr. Uday Shankar | 38 | Dentist 
- Dental Practitioner at his clinic in Munger for ten years 
- State Representative of the Indian Dental Association 
- Done his BDS from HNB University, Uttarakhand ",BSC Member,,,,,,,,,No,,,,,,
Lakhisarai,,,,Suryagarha,Male ,Budhauli Bankar,Manish Kumar,,7903983370.0,30.0,EBC,Badhai,"Manish Kumar | 30 | Incumbent BDC 
- Incumbent BDC defacto (wife Manita Kumari) with 561 votes",BSC Member,,,,,,,,,No,,,,,,
Lakhisarai,,,,Suryagarha,Male ,Bansipur,Shamsher Aalam ,,8936899692.0,38.0,Minority,Muslim,"Shamsher Alam | 38 | Incumbent BDC 

- Incumbent BDC defacto (wife Reshma Khatun) 
- BDC constantant in 2016 with 700 votes 
- Worked as Bank Agent at Bihar Gramin Bank ",BSC Member,,,,,,,,,No,,,,,,
Lakhisarai,,,,Suryagarha,Female ,NP Surajgarha,Sabana Aazmi ,,9973782071.0,46.0,Minority,Muslim,"Shabana Azami | 46 | Nagar Ward Parshad 

- Nagar Ward Parshad at NP Suarjgarha 
- Ex-Jeevika CM",BSC Member,,,,,,,,,No,,,,,,
Lakhisarai,,,,Suryagarha,Male ,Kawadpur,Omprakash Mahto,,9931266274.0,70.0,OBC,Kurmi,"Omprakash Mahto | 70 | Incumbent Sarpanch 
- Incumbent Sarpanch defacto (wife Pushpa Devi) 
- Associated with JDU from 2003 ",BSC Member,,,,,,,,,No,,,,,,
Lakhisarai,,,,Suryagarha,Male ,Urain,Mukesh Kumar ,,9015552456.0,34.0,EBC,Nonia,"Mukesh Kumar | 34 | Incumbent Mukhiya 
- Incumbent Mukhiya defacto (mother Sudha Devi)
- Mukhiya contestant in 2016  ",BSC Member,,,,,,,,,No,,,,,,
Lakhisarai,,,,Suryagarha,Female ,Urain,Soni Kumari ,,7857887997.0,27.0,EBC,Teli,"Soni Kumari | 27 | EBC | Teli

- Incumbent Sarpanch at Urain Panchayat 
",BSC Member,,,,,,,,,No,,,,,,
Lakhisarai,,,,Suryagarha,Male ,Urain,Santosh Kumar ,,7857887997.0,39.0,EBC,Teli,"Santosh Kumar | 39 | Mukhiya Contestant 
- Mukhiya Contestant in 2016 
- RJD Ex Yuva Zila Mahasachiv (2013-2018)
- Associated with RJD from 20 years ",BSC Member,,,,,,,,,No,,,,,,
Lakhisarai,,,,Suryagarha,Male ,Chandan Pura,Anil Yadav,,8936065189.0,45.0,OBC,Yadav,"Anil Yadav | 45 | Incumbent Sarpanch 
- Incumbent Sarpanch Defecato (wife Sunita Devi)
- Ward Sadsya in 2011 from Chandanpura Panchayat 
- Ward Sachiv in 2016 from Chandanpura Panchayat ",BSC Member,,,,,,,,,No,,,,,,
Lakhisarai,,,,Suryagarha,Male ,Mohammadpur,Md. Altaf,,8809131789.0,53.0,Minority,Muslim,"Md. Altaf | 53 | Incumbent BDC 
- Two times BDC Defacto (wife Anwari Khatun) from 2016-Present
- two times ward sadasya from 2006-2016
- associated with RJD in a very young age ",BSC Member,,,,,,,,,No,,,,,,
Lakhisarai,,,,Suryagarha,Male ,Chandan Pura,Vijay Kumar Singh,,9955654040.0,52.0,General,Bhumihar,"Vijay Kumar Singh | 52 | Ex-Sarpanch 
- Ex-Sarpanch defacto (wife Rinku Devi) form 2016-21
- Sarpanch contestant in 2021 
- Up-sarpanch and Panch Sadasya in 2011 
- BJP's Panchayat Prabhari (2019-Present)",BSC Member,,,,,,,,,No,,,,,,
Lakhisarai,,,,Suryagarha,Male ,NP Surajgarha,Amrit Patel,,9471460663.0,40.0,EBC,Dhanuk,"Amrit Patel | 40 | Nagar Parshad 
- Incumbent Nagar Parshad from NP Surajgarha 
- JDU's Nagar Adhayaksh Surajagraha (2022-Present)
- Representative from Lakhisarai to the Bihar Biscomaun
- Returning Officer of Ramanand Mandal in the 2020 AC Election
- Mother (Meena Devi) is PACS Adhyaksh from Suryapur Panchayat 
- Father Janaradan Prasad Mehato is EBC Prkoshth Pradesh Mahasachiv JDU 
- Her Aunt Shila Devi, is 2 times Mukhiya from Suryapur Panchayat (2011-2021)",BSC Member,,,,,,,,,No,,,,,,
Lakhisarai,,,,Suryagarha,Male ,Khawa Rajpur,Sandip Kumar,,6207279377.0,38.0,OBC,Kurmi,"Sandip Kumar | 38 | Up Mukhiya 
- Up Mukhiya and Ward Member of Khawa Rajpur Panchayat 
- Have support of 10 ward member out of 15 ward member",BSC Member,,,,,,,,,No,,,,,,
Lakhisarai,,,,Suryagarha,Male ,Rampur,Pintu Kumar ,,7979057168.0,39.0,General,Bhumihar,"Pintu Kumar | 39 | Acting Mukhiya 

- Acting Mukhiya and Up Mukhiya defacto (mother Meena Devi) 
- 3 times ward Member from Rampur 
- Father Nand Kumar Singh ZP runnerup in 2006 
- PA of Monazzir Hasan in his MP Tenure ",BSC Member,,,,,,,,,No,,,,,,
Lakhisarai,,,,Suryagarha,Male ,Ali Nagar,Deelip Kumar,,9771222777.0,40.0,EBC,Dhanuk,"Dilip Kumar | 40 | Incumbent BDC 
- Incumbent BDC Defacto (wife Rina Devi)
- Mukhiya Runnerup in 2011 
- Mukhiya contestant in 2016
- JDU Kishan Prakoshth Zila Mahasachiv ",BSC Member,,,,,,,,,No,,,,,,
Lakhisarai,,,,Suryagarha,Male ,Salempur East,Dashrath Mahto,,9631225461.0,58.0,OBC,Kurmi,"Dashrath Mahto | 58 | Incumbent BDC 
- 4 times BDC defacto (wife Lalita Devi) (2001, 2006, 2011, and 2016)
- BDC runnerup in 2016
- Ex Prakhand Adhyaksh JDU (2016-2021) ",BSC Member,,,,,,,,,No,,,,,,
Lakhisarai,,,,Suryagarha,Male ,Madanpur,Umesh Prasad ,,8864029061.0,50.0,EBC,Dhanuk,"Umesh Prasad urf Pappu Mandal | 50 | Incumbent Mukhiya 
- Incumbent Mukhiya from 2021-Present 
- Mukhiya Cotestant in 2001 and BDC contestant in 2006
- Currently associated with JDU ",BSC Member,,,,,,,,,No,,,,,,
Lakhisarai,,,,Suryagarha,Male ,Losghani,Ashish Kumar Singh ,,7717704701.0,42.0,General,Bhumihar,"Ashish Kumar Singh | 42 | Incumbent Mukhiya 

- Incumbent two times Mukhiya from 2016-Present 
- His father was two times ZP runnerup from Suryagarha 
- Father was associated with RJD and was Zila Upadhayaksh",BSC Member,,,,,,,,,No,,,,,,
Lakhisarai,,,,Suryagarha,Male ,Losghani,Umakant Singh Urf Kavi Ji ,,8507221869.0,70.0,General,Bhumihar,"Umakant Singh Urf 'Kavi Ji' | 70 | JP Senani 
 - JP Senani and have Jailed in 1974 
- Associated with BJP in a very young age",BSC Member,,,,,,,,,No,,,,,,
Lakhisarai,,,,Suryagarha,Male ,Bansipur,Ashwani Kumar ,,9801041555.0,38.0,OBC,Yadav,"Ashwani Kumar | 38 | Incumbent Mukhiya 
- Incumbent Mukhiya from 2021-Present
- Associated with Incumbent MLA Prahlad Yadav 
- Ex-RJD Zila Mahasachiv and Chanan Prakhand Prabhari (2022-24)",BSC Member,,,,,,,,,No,,,,,,
Lakhisarai,,,,Suryagarha,Male ,Bansipur,Kapildev Mahto ,,7779917994.0,42.0,EBC,Bind,"Kapildev Mahto | | 42 | Community Leader 
- Influential Personality in Bind/Mallha/Chain Community 
- Closer to the former Mukhiya ",BSC Member,,,,,,,,,No,,,,,,
Lakhisarai,,,,Suryagarha,Male ,Bansipur,Pankaj Kumar ,,9199225776.0,30.0,OBC,Kurmi,"Pankaj Kumar | 30 | Up-Mukhiya 
- Up-Mukhiya and Ward Sadsya (support of 8 wards out of 11 wards)
- JDU Panchayat Adhayaksh (2022-2024)
",BSC Member,,,,,,,,,No,,,,,,
Lakhisarai,,,,Suryagarha,Female ,Bansipur,Kumkum Kumari,,9155955453.0,29.0,,,"Kumkum Kumari | 29 | Jeevika CM 

- Jeevika CM from 2016-Present ",BSC Member,,,,,,,,,No,,,,,,
Lakhisarai,,,,Suryagarha,Female ,Bansipur,Babali Kumari ,,8226819167.0,28.0,EBC,Dhanuk,"Babali Kumari | 28 | Jeevika CM 

- Jeevika CM and Money distributer of Jeevika at Bihar Gramin Bank",BSC Member,,,,,,,,,No,,,,,,
Lakhisarai,,,,Suryagarha,Female ,Bansipur,Munni Devi ,,6207249812.0,34.0,,,"Munni Devi | 34 | Jeevika CM 

- Jeevika CM from 2016-Present",BSC Member,,,,,,,,,No,,,,,,
Lakhisarai,,,,Suryagarha,Male ,Kiranpur,Girish Thakur,,8521153887.0,50.0,EBC,Nai,"Girish Thakur | 50 | Incumbent BDC
- Two times BDC Defacto (wife Puja Devi) from 2016-Present 
- Ex-Ward Member of Kiranpur Pancahayt in 2011",BSC Member,,,,,,,,,No,,,,,,
Lakhisarai,,,,Suryagarha,Male ,Arma,Pradeep Kumar,,7061528371.0,50.0,OBC,Kurmi,"Pradeep Kumar | 50 | Incumbent BDC
- Incumbent BDC from 2021-Present 
- Associated with JDU since a very young age 
- Father Kailashpati Mahato was a Mukhiya in 2001 
- Father was also a member of the Pradesh Committee JDU ",BSC Member,,,,,,,,,No,,,,,,
Lakhisarai,,,,Suryagarha,Male ,Kaswa,Ajit Kumar,,7488758826.0,36.0,General,Bhumihar,"Ajit Kumar | 36 | Incumbent BDC 
- Incumbent two times BDC from 2016-Present
- BDC contestant defacto in 2006
- Associated BJP as a party worker",BSC Member,,,,,,,,,No,,,,,,
Lakhisarai,,,,Suryagarha,Male ,Kaswa,Nilesh Kumar Mishra,,6205106361.0,43.0,General,Bhumihar,"Nilesh Kumar Mishra | 42 | Up Pramukh 
- Up Pramukh of Surayagarha Prakhand 
- Incumbent BDC from Kaswa Panchayat (2021-Present) 
Ex Up Mukhiya in 2016 
- Associated and very close to the MLA Prahalad Yadav 
- Ex Yuva Zila Mahasachiv of RJD 2021-2023
- Ex Prakhand Adhayaksh RJD from 2023-2024",BSC Member,,,,,,,,,No,,,,,,
Lakhisarai,,,,Suryagarha,Male ,Toralpur,Avinash Jyoti ,,6201919822.0,34.0,General,Bhumihar,"Avinash Jyoti | 34 | Incumbent Sarpanch 
- Incumbent Sarpanch from 2021-Present 
- Won Sarpanch Election by 1050 votes margin 
- Mukhiya contestant in 2016 ",BSC Member,,,,,,,,,No,,,,,,
Lakhisarai,,,,Suryagarha,Female ,Budhauli Bankar,Bandna Devi ,,9631160475.0,45.0,General,Bhumihar,"Bandana Devi | 45 | Ex-ZP

- Ex-ZP from Suryagarha (2016-21)
- 2 times Up Mukhiya (2006 and 2011)
- Husband Pankaj Kumar is Ex-Mukhiya (2006 and 2011)",BSC Member,,,,,,,,,No,,,,,,
Lakhisarai,,,,Suryagarha,Male ,Budhauli Bankar,Shri Pankaj Kumar ,,9631160475.0,50.0,General,Bhumihar,"Pankaj Kumar | 50 | Ex Mukhiya 
- two times Mukhiya from 2006-2016 
- Up Mukhiya and Ward Sadasya in 2001 
- His wife Bandana Devi was Ex ZP (2016-2021)",BSC Member,,,,,,,,,No,,,,,,
Lakhisarai,,,,Suryagarha,Male ,Gosaith,Dheeraj Kumar Singh ,,6200205009.0,39.0,General,Bhumihar,"Dheeraj Kumar Singh | 39 | Up-Mukhiya 
- Up Mukhiya and Ward Sadsaya (2021-Present) 
- PACS member from Goshait Panchayat (2009-2014)",BSC Member,,,,,,,,,No,,,,,,
Lakhisarai,,,,Suryagarha,Male ,Chora-Rajpur,Sunil Kumar ,,8292223889.0,36.0,EBC,Bind,"Sunil Kumar | 36 | Incumbent Mukhiya 
- Incumbent Mukhiya defecto (wife Deepa Kumari) 
- Wife Deepa Kumari is VIP's Zila Mahila Adhayaksh (2023-Present)",BSC Member,,,,,,,,,No,,,,,,
Lakhisarai,,,,Suryagarha,Male ,Salempur East,Suresh Prasad,,9234753106.0,61.0,OBC,Kurmi,"Suresh Prasad | 61 | Party Leader 
- Vidhi Prakoshth Pradesh Upadhyaksh JDU
- Senior Advocate in Patna High Court 
 4 times Mukhiya contestant from Salempur Purvi
-  Wholetimer in CPI 1984-1995 and afterwards joined the Samta Party
- Chunav Prabhari of Satish Kumar and Brahmanand Mandal in 1990s",BSC Member,,,,,,,,,No,,,,,,
Lakhisarai,,,,Suryagarha,Male ,Salimpur,Sunil Mehta,Lt Chanderchur Mehata,9798788660.0,36.0,OBC,Koiri,"Sunil Mehta | 36 | Nagar Parshad 
-Ward  Parshad from Surajgarha NP (2022-Persent)
- Graduated in Sociology from Tilka Manjhi University",BSC Member,Uninterested in PH,,,,,,,,No,,,,,,
Lakhisarai,,,,Suryagarha,Male ,NP Surajgarha,Gautam Kumar,,9097515664.0,33.0,OBC,Kurmi,"Gautam Kumar | 33 | Nagar Parshad 
- Nagar Parshad from Surajgarha NP (2022-Present) 
",BSC Member,,,,,,,,,No,,,,,,
Lakhisarai,,,,Suryagarha,Female ,Gosaith,Sadhana Devi ,,9801686266.0,55.0,General,Bhumihar,"Sadhna Devi | 55 | Ward Contestant 

- Ward member contestant in 2021 
- BJP's Mahila Panchayat Adhayaksh",BSC Member,,,,,,,,,No,,,,,,
Lakhisarai,,,,Suryagarha,Male ,Bariyarpur,Abhishek Raj ,,8210303272.0,33.0,EBC,Dhanuk,"Abhishek Raj | 33 | Incumbent Mukhiya 
- Incumbent Mukhiya from 2021-Present 
- Ex-Zila Adhyaksh JDU Panchayati Raj Prakoshth (2021-24)
- Prakhand Adhyakhsh of Akhil Bhartiya Kurmi Mahasabha 
- Owns a Multi-Specialist Hospital in Munger
- Post Graduated in English from IGNOU",BSC Member,In JD(U),,,,,,,,No,,,,,,
Lakhisarai,,,,Suryagarha,Female ,Bariyarpur,Prabha Devi ,,8210819102.0,65.0,SC,Dusadh,"Prabha Devi | 65 | Ex-Zila Parshad 

- Ex-Zila Parshad from Surajgarha (2016-21)
- ZP Contestant with 2264 votes in 2021
- Husband Hari Paswan is retired Railway Service man",BSC Member,,,,,,,,,No,,,,,,
Lakhisarai,,,,Suryagarha,Male ,Bariyarpur,Santosh Singh Urf Dhillo Singh ,,6206270066.0,48.0,General,Bhumihar,"Santosh Singh urf 'Dhillo Singh' | 48 | PACS Chairman 
- Three times PACS Chairman at Bariyarpur Panchayat 
- Close to the MLA Contestant Ashok Singh ",BSC Member,,,,,,,,,No,,,,,,
Lakhisarai,,,,Suryagarha,Male ,Chandan Pura,Sanjeev Kumar Singh,,8002252109.0,50.0,General,Bhumihar,"Sanjeev Kumar Singh | 50 | Community Leader
- Bhumihar face at Chandanpura Panchayat
- influence in 4-5 wards",BSC Member,,,,,,,,,No,,,,,,
Lakhisarai,,,,Suryagarha,Male ,Madanpur,Niwas Kumar,,6299739635.0,26.0,SC,Dusadh,"Niwas Kumar | 26 | Pramukh 
- Incumbent Pramukh defacto (wife Kushboo Kumari) from Surajgarha 
- Incumbent BDC defacto (wife Kushboo Kumari) from Madanpur Panchayat 
- Grandmother was Mukhiya from Madanpur Panchayat in 2001-2006
- Recently switched from RJD to JDU ",BSC Member,,,,,,,,,No,,,,,,
Lakhisarai,,,,Suryagarha,Male ,Mohammadpur,Nityanand Kumar,,8789032626.0,55.0,OBC,Yadav,"Nityanand Kumar | 55 | Ex-Mukhiya 
- three times Ex-Mukhiya in 2001, 2006 and 2016 (one-time defacto of wife Anita Kumari)
- MLA Contestant in 2015 from Surajgarha Vidhan Sabha and got 4200 votes
- two times Mukhiya runnerup in 2011 and 2021",BSC Member,,,,,,,,,No,,,,,,
Lakhisarai,,,,Suryagarha,Male ,Chandan Pura,Sanjay Yadav,,7209248481.0,50.0,OBC,Yadav,"Sanjay Yadav | 50 | Mukhiya Contestant 
- Mukhiya contestant in 2021
- Father was a congress member and close to the DP Yadav",BSC Member,,,,,,,,,No,,,,,,
Lakhisarai,,,,Suryagarha,Male ,Tajpur,Ajit Saw,,9852271040.0,33.0,EBC,Teli,"Ajit Saw | 33 | Incumbent Sarpanch 
- Incumbent Sarpanch from Tajpur Panchayat 
- Sarpanch contestant in 2016",BSC Member,,,,,,,,,No,,,,,,
Lakhisarai,,,,Suryagarha,Male ,Tajpur,Girish Kumar,,6207152659.0,44.0,OBC,Kurmi,"Girish Kumar | 44 | Incumbent BDC
- Incumbent BDC defacto (wife Shobha Kumari) 
- Ward Sadasya and Up-Mukhiya in 2016 
- Mother was three times Panch Sadasya from 2006-2021
- Part of JDU's district executive committiee",BSC Member,,,,,,,,,No,,,,,,
Lakhisarai,,,,Suryagarha,Male ,Tajpur,Amardeep Kumar,,9931201666.0,55.0,OBC,Kurmi,"Amardeep Kumar | 55 | Ex-Mukhiya 
- Ex-Mukhiya from Tajpur Panchayat in 2006 
- Mukhiys runnnerup in 2011 
- Earlier associated with JDU and currently close to the Ashok Singh",BSC Member,,,,,,,,,No,,,,,,
Lakhisarai,,,,Suryagarha,Male ,Tajpur,Animesh Kumar ,,6207372284.0,66.0,OBC,Kurmi,"Animesh Kumar | 66 | Rtd. Teacher 
- Secretary of Bihar Pensioner Samaj Surajgarha Unit
- Rtd. High School Teacher with service of 29 years",BSC Member,Call Not Recived,,,,,,,,No,,,,,,
Lakhisarai,,,,Suryagarha,Male ,Tajpur,Rajesh Kumar,,8409998889.0,50.0,OBC,Kurmi,"Rajesh Kumar | 50 | Ex-Sarpach
- Ex-Sarpanch defacto (mother Gomti Devi) in 2006
- Sarpanch runnerup in 2011 ",BSC Member,,,,,,,,,No,,,,,,
Lakhisarai,,,,Suryagarha,Male ,Bansipur,Amit Sagar ,,"9006452200, 9955502720",45.0,OBC,Kurmi,"Amit Sagar | 45 | Zila Parshad 

- Two times, Zila Parshad from Surajgarha (2011 and 2021)
- Two times Zila Parshad runnerup (2006 and 2016)
- Mukhiya Runnerup in 2001 
- Current BJP Zila Upadhyaksh 
",BSC Member,,,,,,,,,No,,,,,,
Lakhisarai,,,,Suryagarha,Male ,Rampur,Avinash Kumar,,8804551393.0,42.0,General,Bhumihar,"Avinash Kumar | 42 | Ex-Sarpanch 
- Ex-Sarpanch in Rampur Panchayat from 2016-2021
- Pradesh Sachiv of Sarpanch Sangh in 2016-2021
- Was very active in student politics also in his student days",BSC Member,,,,,,,,,No,,,,,,
Lakhisarai,,,,Suryagarha,Male ,Avgil Rampur,Ajay Paswan ,,7250940018.0,45.0,SC,Dusadh,"Ajay Paswan | 45 | Ex-Pramukh 
- Ex-Pramukh defacto (wife Vandana Kumari) in 2016-2021
- Two times Incumbent BDC defacto in 2016-2021
- Two times Ex-Mukhiya from 2006-2016
- Wife Vandana Kumari is JDU's Zila Mahila Adhyaksha",BSC Member,,,,,,,,,No,,,,,,
Lakhisarai,,,,Suryagarha,Male ,Arma,Amarjeet Kumar urf Kakku Bhai,Fagu Saw,6299348990.0,47.0,EBC,Teli,"Amarjeet Kumar urf Kakku Bhai | 47 | ZP Contestant 
- ZP Contestant from Suraygarha in 2021 and secured 2785 votes 
- Two times PACS Chairman from Arma Panchayat from 2009-2019
- VHP Zila Samrasta Pramukh from 2019-Present 
- BJYM Zila Mahasachiv from 2005-2007
- Also worked as reported in Dainik Jagran from 2007-2020 ",BSC Member,Agreed,,,,,,,,No,,,,,,
Lakhisarai,,,,Suryagarha,Male ,Rampur,Chandan ,,7762841587.0,37.0,General,Bhumihar,"Chandan | 37 | Toll Plaza Manger 
- Toll Plaza Manager at Sarmera Toll Plaza 
- Also managed the Balgudar Toll Plaza in Lakhisarai from 2014-2022 
- Influential profile at Rampur Panchayat ",BSC Member,,,,,,,,,No,,,,,,
Lakhisarai,,,,Suryagarha,Male ,NP Surajgarha,Md. Sahid Akhtar,,9576000081.0,40.0,Minority,Muslim,"Md. Sahid | 40 | Nagar Ward Parshad Runner-Up 
- Nagar Ward Parshad Runner-Up at Surajgarha NP in 2022 
- Zila Parishad Contestant with 3557 votes ",BSC Member,,,,,,,,,No,,,,,,
Lakhisarai,,,,Suryagarha,Male ,Maheshpur,Vinod Kumar Mehta,,9113177707.0,50.0,OBC,Kurmi,"Vinod Kumar Mehata | 50 | PACS Chairman 
- PACS Chairman at Maheshpur Panchayat from 2019 
- Mukhiya Runnerup in 2006 
- BJP Yuva Prakhand Adyakash in 2017-18",BSC Member,,,,,,,,,No,,,,,,
Lakhisarai,,,,Suryagarha,Male ,Losghani,Murari Kumar ,,7979956144.0,42.0,General,Bhumihar,"Murari Kumar | 42 | PACS Chairman 
- PACS Chairman at Loshghani Panchayat in 2019 
- BJP Yuva Morcha Prakhand Adhyaksh in 2012-2015
- BJP Mandal Adhyaksh from 2023-Present 
- Monitor of Plus Polio Abhiyan at WHO ",BSC Member,,,,,,,,,No,,,,,,
Lakhisarai,,,,Suryagarha,Male ,Losghani,Ajit Kumar,,7282809796.0,52.0,General,Bhumihar,"Ajit Kumar | 52 | Businessman 
- Prominent Cloths Businessman at Piribazar 
- Influential Personality at Losghani Panchayat ",BSC Member,,,,,,,,,No,,,,,,
Lakhisarai,,,,Suryagarha,Male ,NP Surajgarha,Mohit Kumar,,7004252995.0,34.0,General,Rajput,"Mohit Kumar | 34 | Nagar Ward Parshad 
- Incumbent Nagar Ward Parshad from NP Surajgarha 
- BJYM Prakhand Upadhayaksh in 2017 ",BSC Member,,,,,,,,,No,,,,,,
Lakhisarai,,,,Suryagarha,Male ,Kiranpur,Anant Kumar Aanand ,,8084071330.0,51.0,OBC,Kurmi,"Anant Kumar Anand | 51 | Ex - Mukhiya 
- Ex-Mukhiya from Kiranpur Panchayat in 2016
- 4 times Mukhiya Runnerup (2001, 2006, 2011 and 2021) 
- JDU's Kishan Prakoshth Prakhand Adhyaksha in 2005-2012 
- JDU's Ex-Panchayati Raj Zila Adhyaksha 
- RJD's Prakhand Adhayksha",BSC Member,,,,,,,,,No,,,,,,
Lakhisarai,,,,Suryagarha,Male ,Bansipur,Musharu Mahato ,,8340258578.0,60.0,EBC,Bind,"Musharu Mehata | 60 | PACS Chairman 
- Incumbent PACS Chairman from 2019
- two times PACS contestant in 2009 and 2014 
- Mukhiya contestant in 2011 
- Sarpanch contestant in 2016",BSC Member,,,,,,,,,No,,,,,,
Lakhisarai,,,,Suryagarha,Male ,NP Surajgarha,Sanjit Kumar Bhardwaj ,,8084178965.0,54.0,General,Bhumihar,"Sanjit Kumar Bhardwaj | 54 | Party Leader Block 
- BJP's Mandal Adhyaksha from 2017-2023
- BJP's Member of Zila Karyakarini Samiti from 2023-Present 
- BJP's Mandal Yuva Adhyaksha in 1995
",BSC Member,,,,,,,,,No,,,,,,
Lakhisarai,,,,Suryagarha,Male ,Rampur,Vishawnath Singh ,,8434272966.0,50.0,General,Bhumihar,"Vishwanath Singh | 50 | Ex-BDC 
- Ex-BDC from Rampur in 2011-16
- Associated with BJP since very long ",BSC Member,,,,,,,,,No,,,,,,
Lakhisarai,,,,Suryagarha,Male ,NP Surajgarha,Fantus Saw,,9852620825.0,60.0,EBC,Teli,"Fantus Saw | 60 | Ex-Mukhiya 
- Two times Ex-Mukhiya from Surajpur Panchayat in 2011 and 2016 
- Owns a restaurant in Surajgarha NP
- Associated with BJP as normal worker",BSC Member,,,,,,,,,No,,,,,,
Lakhisarai,,,,Suryagarha,Male ,Khawa Rajpur,Rudal Mahato,,6200071664.0,45.0,EBC,Bind,"Rudal Mahto | 45 | Incumbent Mukhiya 
- Incumbent Mukhiya defacto (wife Viniya Devi) at Khawa Rajpur from 2021-Present 
- Mukhiya RunnerUp Defacto in 2016 ",BSC Member,,,,,,,,,No,,,,,,
Lakhisarai,,,,Suryagarha,Male ,Khawa Rajpur,Jawahar Prasad Singh ,,6201168328.0,52.0,EBC,Bind,"Jawahar Prasad Singh | 52 | Ex-Pramukh 
- Ex-Pramukh and BDC from Khawa Rajpur in 2011 
- Ex-Mukhiya from Khawa Rajpur in 2016
- Ex-Sarpanch in 2001 
- Mukhiya runnerup in 2021 
- VIP's Pradesh Upadhyaksh from 2020-Present 
",BSC Member,,,,,,,,,No,,,,,,
Lakhisarai,,,,Suryagarha,Male ,Bansipur,Ramprasad Sha,,9771806751.0,65.0,EBC,Teli,"Ramprasad Sha | 65 | Incumbent Sarpanch 
- Incumbent Sarpanch from Banshipur Panchayat in 2021-Present 
- Mukhiya Runnerup from Banshipur Panchayat in 2016 
- Two times BDC Contestent in 2001 and 2011 ",BSC Member,,,,,,,,,No,,,,,,
Lakhisarai,,,,Suryagarha,Male ,Chandan Pura,Manoj Kumar Singh ,,8219482881.0,43.0,General,Bhumihar,"Manoj Kumar Singh | 43 | Sarpanch Runner-Up 
- Two times Sarpanch Runner-Up Defacto (wife Gunjan Devi) in 2016 and 2021 
- He is Panchayat Sachiv at Surajgahra 
- Grandson of Ex-MLA Kamleswari Prasad Singh",BSC Member,,,,,,,,,No,,,,,,
Lakhisarai,,,,Suryagarha,Male ,Avgil Rampur,Vipin Sharma ,,6203933123.0,50.0,General,Bhumihar,"Vipin Sharma | 50 | Ex-Mukhiya 
- Ex-Mukhiya from 2001-2006 
- ZP Contestant in 2021 and got 2904 votes 
",BSC Member,,,,,,,,,No,,,,,,
Lakhisarai,,,,Suryagarha,Male ,NP Surajgarha,Om Prakash Sha,,9507750405.0,73.0,EBC,Teli,"Om Prakash Sha | 73 | Ex-Mukhiya Sangh Zila Adhyaksha 
- Ex-Mukhiya and Mukhiya Sangh Zila Adhyaksha in 2001 
- ZP Runnerup with 7190 votes in 2016 
- Election In-charge of former MP DP Yadav in 1984
- Active in the PUSU election in his student days 
- Lifetime member of the Munger Chamber of Commerce 
",BSC Member,,,,,,,,,No,,,,,,
Lakhisarai,,,,Suryagarha,Male ,Madanpur,Vinay Kumar Singh ,,8084534773.0,55.0,General,Rajput,"Vinay Kumar Singh | 55 | PACS Chairman 
- Three Times PACS Chairman from 2009-Present 
- two times Ex-BJP Panchayat Adhyaksha 
- currently active with JDU",BSC Member,,,,,,,,,No,,,,,,
Lakhisarai,,,,Suryagarha,Male ,Madanpur,Parasnath Mandal ,,9973469569.0,62.0,EBC,Dhanuk,"Parasnath Mandal | 62 | Ex - Pramukh 
- Ex-Pramukh and BDC in 2006 
- BJP's Ex-Zila Mhamantri in 2012",BSC Member,,,,,,,,,No,,,,,,
Lakhisarai,,,,Suryagarha,Male ,NP Surajgarha,Rajendra Yadav ,,9931742121.0,64.0,OBC,Yadav,"Rajendra Yadav | 64 | NP Chairman Contestant 
- NP Chairman Contestant at NP Surajgarha in 2022
- ZP contestant from Surajgarha in 2021 
- Earlier associated with Congress ",BSC Member,,,,,,,,,No,,,,,,
Lakhisarai,,,,Suryagarha,Male ,NP Surajgarha,Krishannandan Paswan ,,6297927687.0,41.0,SC,Dusadh,"Krishannandan Paswan | 42 | HAM Nagar Adhayksha
- HAM Nagar Adhayaksha at NP Surajgarha 
- Ex-Prakhand Adhyaksha of Dalit Sena ",BSC Member,,,,,,,,,No,,,,,,
Lakhisarai,,,,Suryagarha,Male ,NP Surajgarha,Sireesh Kumar Sandilya,,9931287901.0,49.0,General,Bhumihar,"Sireesh Kumar Sandilya | 49 | Community Leader 
- Founding President of Awaz-E-Sireesh Sandilya from 2006
- National President of Bhumihar-Brahmin Mahasabha 2005 
- MLA Contestant from Surajgarha in 2010",BSC Member,,,,,,,,,No,,,,,,
Lakhisarai,,,,Suryagarha,Male ,Kawadpur,Ramjee Prasad Mehta ,,8405890289.0,82.0,OBC,Kurmi,"Ramjee Prasad Mehta | 82 | Ex-MLA
- Two times Independent MLA from Suryagarha in 1977 and 1980 
- Ex-Mukhiya from Manikpur Panchayat in 1970s
- Mukhiya Sangh Adhyaksha in 1975",BSC Member,,,,,,,,,No,,,,,,
Lakhisarai,,,,Suryagarha,Male ,Kawadpur,Jawahar Mahto,,9955104939.0,68.0,OBC,Kurmi,"Jawahar Mahto | 68 | Retired Teacher
- Retired Teacher from Middle School, Arma
- Son was Ex-BDC from Kawadpur Panchayat in 2016",BSC Member,Recived and than Disconected call,,,,,,,,No,,,,,,
Lakhisarai,,,,Suryagarha,Male ,NP Surajgarha,Baleshwar Singh ,,9771293693.0,56.0,General,Bhumihar,"Baleshwar Singh | 56 | NP Vice-Chairman
- Incumbent Vice Chairman NP Suryagarha from 2022-Present 
- Two times Ex-Mukhiya from Zakarpura Panchayat in 2001 and 2006
- Mukhiya Runnerup in 2011",BSC Member,,,,,,,,,No,,,,,,
Lakhisarai,,,,Suryagarha,Male ,Rampur,Murari Singh,,8434708552.0,53.0,General,Bhumihar,"Murari Singh | 53 | MLA Contestatnt 
- MLA Contestant in 2020 
- Close to the Jamui's Ex-MLA Abhay Singh ",BSC Member,,,,,,,,,No,,,,,,
Lakhisarai,,,,Suryagarha,Male ,NP Surajgarha,Banwari Prasad Ray,,9006590259.0,55.0,EBC,Dhanuk,"Banwari Prasad Ray | 55 | Ex-Zila Parhsad 
- Ex-Zila Parshad in 2016 
- Associated with Lalan Singh 
- Owns Multiple businesses (like Bricks chimney and showrooms) in Surajgarha ",BSC Member,,,,,,,,,No,,,,,,
Lakhisarai,,,,Suryagarha,Male ,Maheshpur,Mehta ,,9123482438.0,50.0,OBC,Kurmi,"Mehta | 50 | Ex-Ward Sadsya 
- Ex-Ward Memeber in 2001 
- Associated with JDU for Very long ",BSC Member,,,,,,,,,No,,,,,,
Lakhisarai,,,,Suryagarha,Male ,Gosaith,Sailendra Kumar Singh ,,9006105634.0,57.0,General,Bhumihar,"Sailendra Kumar Singh | 57 | Incumbent Sarpanch 
- Incument Sarpanch from Loshgani Panchayat 
- Uncle Virendra Prasad singh was Ex-BDC and Ex-Sarpanch in 2001 and 2006",BSC Member,,,,,,,,,No,,,,,,
Lakhisarai,,,,Suryagarha,Male ,Losghani,Sunil Kumar Singh ,,9572813499.0,54.0,General,Bhumihar,"Sunil Kumar Singh | 54 | Ex-Mukhiya 
- 2 times Ex-Mukhiya from 2001 to 2011 
- 3 times Mukhiya Runnerup in 2011, 2016 and 2021 
- PACS Chairman in 2014 
- JDU's Zila Upadhayaksh from 2020 to Present ",BSC Member,,,,,,,,,No,,,,,,
Lakhisarai,,,,Suryagarha,Male ,Losghani,Murari Singh ,,,48.0,General,Bhumihar,"Murari Singh | 58 | Lawyer 
- Advocate at Patna High Court from 2008 
- He is the brother of Ex-Mukhiya Sunil Singh ",BSC Member,,,,,,,,,No,,,,,,
Lakhisarai,,,,Suryagarha,Male ,Rampur,Ajay Kumar,,9097446831.0,54.0,General,Bhumihar,"Ajay Kumar Singh | 54 | BDC Runnerup 
- 3 times BDC Runnerup in 2011, 2016 and 2021 
- Influential Personality in the Govindpur Village ",BSC Member,,,,,,,,,No,,,,,,
Lakhisarai,,,,Suryagarha,Male ,Ali Nagar,Ajay Kumar Pandey ,,"8521027376, 8789020712",41.0,General,Brahmin,"Ajay Kumar Pandey | 41 | Ex-BDC
- BDC Contestant in 2021 
- Ex-BDC from 2016-2021 
- BJP's Ex-Mandal Adhyaksha in 2016",BSC Member,,,,,,,,,No,,,,,,
Lakhisarai,,,,Suryagarha,Male ,NP Surajgarha,Ajay Kumar Singh ,,9934203851.0,52.0,General,Bhumihar,"Ajay Kumar Singh | 51 | Ex-ZP 
- Ex-ZP defacto (wife) in 2006 
- three times Ex-Mukhiya from Salempur Paschim Panchayat in 2001, 2006 and 2011
- PACS Chairman in 1997 
- Mukhiya Runnerup in 2016 
- Father was Mukhiya for 30 years before 2001",BSC Member,,,,,,,,,No,,,,,,
Lakhisarai,,,,Suryagarha,Male ,Ali Nagar,Rajesh Kumar ,,8709676344.0,53.0,General,Bhumihar,"Rajesh Kumar | 53 | ZP Contestant 
- ZP Contestant from Suryagarha in 2021 
- Owns a Small Market in Ratnupur, Alinagar",BSC Member,,,,,,,,,No,,,,,,
Lakhisarai,,,,Suryagarha,Male ,Arma,Ajit Kumar Srivastava ,,8873887899.0,47.0,General,Kayastha,"Ajit Kumar Srivastava | 47 | Mukhiya Runnerup 
- Mukhiya runnerup defacto (Mother Kiran Devi) in 2016 with 700 votes 
- Mukhiya Contestant defacto (Mother Kiran Devi) in 2021 
- BJPs Mandal Mhamantri of Arma Mandal 
- BJPs Ex-Prakhand Upadhyaksh in 2016",BSC Member,,,,,,,,,No,,,,,,
Lakhisarai,,,,Suryagarha,Male ,Tajpur,Raj Kishor Kumar ,,7277488109.0,40.0,EBC,Bind,"Raj Kishor Kumar | 40 | Mukhiya Contestant 
- Two times Mukhiya contestant in 2016 and 2021 
- VIPs Prakhand Koshadhyaksh from 2023",BSC Member,,,,,,,,,No,,,,,,
Lakhisarai,,,,Suryagarha,Male ,Khawa Rajpur,Prof. Indu Bhusan ,,9934950198.0,66.0,EBC,Bind,"Prof. Indu Bhusan | 66 | Retired Professor 
- Retired Professor from Amarpur College 
- Contested MLA election from Rajmahal on the ticket of Lokdal in 1985 
- Presently supports VIP, and VIP also offered him National Vice President but he denied ",BSC Member,Uninterested,,,,,,,,No,,,,,,
Lakhisarai,,,,Suryagarha,Male ,Khawa Rajpur,Pravin Thakur Urf Munna Thakur,,7546853555.0,34.0,EBC,Thakur,"- Pravin Thakur urf Munna Thakur | 34 | Thakur | 
- Defacto PACS Chairmain contestant (Father Shankar Thakur)",BSC Member,,,,,,,,,No,,,,,,
Lakhisarai,,,,Suryagarha,Male ,Bansipur,Obhinandan Kumar,,6205708723.0,32.0,OBC,Kanu,"- Obhinandan Kumar | 32 | Kanu | 
- Defacto Ward contestent (2021 mother Revdi Devi) 
- Ex ward - 2021 
- Qualification- Graduation",BSC Member,,,,,,,,,No,,,,,,
Lakhisarai,,,,Suryagarha,Male ,Arma,Pramod Mahto,,9031115883.0,48.0,OBC,Kurmi,"- Pramod Mahto | 48 | Kurmi | 
- Community Leader ",BSC Member,,,,,,,,,No,,,,,,
Lakhisarai,,,,Suryagarha,Male ,NP Surajgarha,Abhishek Kumar ,,8757730987.0,24.0,OBC,Kalwar,"- Incumbent Nagar Ward Parshad from 2022-Present 
- associated with ex-mukhiya Rajkapuri Bhai Patel 
- Active Youth Leader in his ward ",BSC Member,,,,,,,,,No,,,,,,
Lakhisarai,,,,Suryagarha,Male ,Urain,Brahamdev Nonia,,9625366309.0,52.0,EBC,Nonia,"- Incumbent Mukhiya Defecto Wife Sudha Devi 2021 - Present
- Mukhiya Contestant Defecto Wife Sudha Devi in 2016 
- Associated with BJPs Renu Devi ",BSC Member,,,,,,,,,No,,,,,,
Lakhisarai,,,,Suryagarha,Male ,NP Surajgarha,Phool Kumar,,6204335346.0,28.0,OBC,Yadav,"- Incumbent Nagar Ward Parshad from 2022-Present
 -tent bussiness
 - Active Youth Leader in his ward
- Associate with Rjd",BSC Member,,,,,,,,,No,,,,,,
Lakhisarai,,,,Suryagarha,Male ,NP Surajgarha,Pinku Kumar,,7631821896.0,40.0,OBC,Kushwaha,"Incumbent ward parshad
Three time ward member
Currently associated with RJD
",BSC Member,,,,,,,,,No,,,,,,
Lakhisarai,,,,Suryagarha,Female ,Arma,Ruby Kumari ,,6299721126.0,27.0,EBC,Teli,"Rubi Kumari |27|EBC|Teli
-Defacto sarpanch 2021 
-Her Father In Law  Two Time Sarpanch ",BSC Member,,,,,,,,,No,,,,,,
Lakhisarai,,,,Suryagarha,Male ,Losghani,Anil kumar  ,,9097149364.0,47.0,EBC,Teli,"-Anil Kumar |43|EBC|
-Social Worker 
 -Conect with RSS
 -Good Influence in Piri Bazar ",BSC Member,,,,,,,,,No,,,,,,
Lakhisarai,,,,Suryagarha,Male ,Losghani,Suresh koda ,,6287132903.0,44.0,SC,,"-Suresh Koda |46| SC|Koda
-Contensted Mukhiya  2011 & 2016 
",BSC Member,,,,,,,,,No,,,,,,
Lakhisarai,,,,Suryagarha,Male ,Chora-Rajpur,Ramashish singh alice fuchan singh ,,8405851900.0,49.0,General,Bhumihar,"-Ramesh singh |49|Bhumihar 
-Contensted Mukhiya 3 time (runner Up)
-Active In Party Politics RJD ",BSC Member,,,,,,,,,No,,,,,,
Lakhisarai,,,,Suryagarha,Male ,Losghani,tuntun singh ,,9852747916.0,48.0,General,Bhumihar,"-Tuntun Singh | 48| Bhumihar 
-RTI Activist 
-Contensted Zila Parsad 2001 (3rd Place) ",BSC Member,,,,,,,,,No,,,,,,
Lakhisarai,,,,Suryagarha,Male ,Chandan Pura,Alok Yadav ,,6383346981.0,35.0,OBC,Yadav,"
-Alok yadav |35 | male| S/O Bhola yadav | OBC |
- Mukhiya  Contested 2016
- His father Mukhiya  contested in 2011 
- His mother  Mukhiya contested in 2021 
-Good influence in her caste 
",BSC Member,,,,,,,,,No,,,,,,
Lakhisarai,,,,Suryagarha,Male ,Rampur,Murari singh ,,8709414539.0,51.0,General,Bhumihar,"-Murari Singh |51| Male| Bhumihar |
-Contensted Suryagarha Vidhansabha ( approx 3000 votes) 
-Bhavya Trading Shop in  Kishanpur  since 2012 
-Good influence in his community & area . ",BSC Member,,,,,,,,,No,,,,,,
Lakhisarai,,,,Suryagarha,Male ,Kiranpur,"Amrendar Bhaskar 
(jahan ji )",,9771900905.0,43.0,OBC,Kurmi,"-Amrendar Bhaskar (Jahan ji )|43| male| Mahto | 

- Mukhiya Contested 2006,2011,2016 . 
- Incumbent Sarpanch 2021 
- Bussines:- Real state ( area suryagarha block & Munger) 
- politically active person 
- Ashok mahto supporter now jan suraaji .",BSC Member,,,,,,,,,No,,,,,,
Lakhisarai,,,,Suryagarha,Male ,Rampur,Dr.Shambhu Parsad ,,9931221956.0,58.0,OBC,Kurmi,"-Dr Shambhu Parsad | 58| Male|Sahu|
-Practitioner Dr. since 16 years ",BSC Member,,,,,,,,,No,,,,,,
Lakhisarai,,,,Suryagarha,Male ,Bansipur,Ashwani Kumar ,,9801041555.0,40.0,OBC,Yadav,"-Ashwani Kumar | 40| Male| Yadav |
-Incumbent Mukhiya 2021
-Ex-  Jila Mahasachiv RJD ",BSC Member,,,,,,,,,No,,,,,,
Lakhisarai,,,,Suryagarha,Male ,NP Surajgarha,MD. Rizwaan ,,,74.0,Minority,Muslim,"-Md . Rizwaan | 74| Male | Muslim 

- Jila sachiv in RJD 2022 
- Good influence in his community ",BSC Member,,,,,,,,,No,,,,,,
Lakhisarai,,,,Suryagarha,Male ,,Banwari Parsad ,,9006590259.0,48.0,EBC,Dhanuk,"-Banwari Parsad | 48 | Male | Parsad 

- Ex Zila parishad  2016 
- Not Active Now in Politics ",BSC Member,,,,,,,,,No,,,,,,
Lakhisarai,,,,Suryagarha,Male ,Rampur,Brajesh Kumar ,,9835697051.0,40.0,General,Bhumihar,"Brajesh Kumar ( Budha Singh) |43| Male| Bhumihar | 

- Mukhiya Contested 2016  
- Cooperative Dept. Panchyat president. 
- Sarpanch contested 2006
- politically active person 
- Former  BJP member",BSC Member,,,,,,,,,No,,,,,,
Lakhisarai,,,,Suryagarha,Male ,,Md.Shahid,,957600008.0,36.0,Minority,Muslim,"Md. Shahid | 36| Male | Muslim |

- Contested Zila Parishad in 2016 (Secured Votes 3557) 
- Good influence among his community,  youth & women. 
- Runs a shop in suryagarha Bazaar ",BSC Member,,,,,,,,,No,,,,,,
Lakhisarai,,,,Suryagarha,Female ,Shree Kishun,Renu Devi ,,9608341372.0,52.0,SC,Ravidas,"Renu Devi | 52 | Female | Ravidas

- Ex - Mukhiya 2016 
- Ex - Zila Parishad 2006 
- Ex- pacs Adhksya 2008-2013 
- Ex Director Central Cooperative Bank Zonal 2008-13 
- St/sc Prakosht Jila Adhyaksh in JDU 2019 - till .",BSC Member,,,,,,,,,No,,,,,,
Lakhisarai,,,,Suryagarha,Male ,Bansipur,Baleshwar Yadav ,,9122500490.0,62.0,OBC,Yadav,"-Baleshwar Yadav | 62 | Male | Yadav | 
-Mukhiya Contested 2016 
- His nephew is incumbent Mukhiya of Bansipur Panchayat 2021 .",BSC Member,,,,,,,,,No,,,,,,
Lakhisarai,,,,Suryagarha,Male ,Bansipur,Bipin Kr Singh ,,9523974949.0,58.0,General,Bhumihar,"-Bipin kr Singh | 58 | Male | Bhumihar | 
-Vidhan sabha Contested 2020 (Votes 4118 ) 
",BSC Member,,,,,,,,,No,,,,,,
Lakhisarai,,,,Suryagarha,Male ,Kiranpur,Rana Rupesh Kumar ,,7209950409.0,27.0,General,Rajput,"-Rana Rupesh Kumar |27| Male | Rajput | 

-BJP Yuva Mandal Adhkshy 2022 -Till 
-Youth Leader in his area.",BSC Member,,,,,,,,,No,,,,,,
Lakhisarai,,,,Suryagarha,Male ,,Parmod Sharma ,,9065555705.0,67.0,EBC,Badhai,"-Parmod Sharma | 67 | Male | EBC | Badhai | 

-MLA Contestant 2015 
-Associated with CPI 
-His Grandfather was freedom fighter & MLA in 1957",BSC Member,,,,,,,,,No,,,,,,
Lakhisarai,,,,Suryagarha,Male ,Urain,Birendar Kr.,,7324931401.0,39.0,EBC,Teli,"-Birander Kumar | 39 | Male | EBC | Teli  | 

-Mukhiya Contestant in 2016 & 2021 
-Good influence in his caste .",BSC Member,,,,,,,,,No,,,,,,
Lakhisarai,,,,Suryagarha,Male ,Rampur,Avinash Kumar ,,6207798721.0,40.0,General,Bhumihar,"-Abhinash Kr.| 40| Male | Gen.| Bhumihar |
-Ex-Sarpanch 2016
-Mukhiya Contested 2021
- Sayonjak Sarpanch Sangh 2016-2021",BSC Member,,,,,,,,,No,,,,,,
Lakhisarai,,,,Suryagarha,Male ,Urain,Santosh Kumar ,,7739155246.0,30.0,EBC,Teli,"-Santosh Kumar |30 | Male| EBC | Teli |
- Defecto Sarpanch 2021",BSC Member,,,,,,,,,No,,,,,,
Lakhisarai,,,,Suryagarha,Male ,Urain,Jitendar Mahto ,,9572076632.0,38.0,OBC,Kushwaha,"-Jitendar Kumar | 38 | Male | Mahto | OBC |
- incumbent BDC 2021",BSC Member,,,,,,,,,No,,,,,,
Lakhisarai,,,,Suryagarha,Male ,Mohammadpur,Nityanand Kumar ,,8789032626.0,53.0,OBC,Yadav,"-Nityanand Kumar | 53 | Male | Yadav | OBC |

- 3 times Ex-Mukhiya in 2001, 2006 and 2016 (one-time defacto of wife Anita Kumari)
- MLA Contestant in 2015 from Surajgarha Vidhan Sabha (4200 votes)
- Two times Mukhiya runner up in 2011 & 2021",BSC Member,,,,,,,,,No,,,,,,
Lakhisarai,,,,Suryagarha,Male ,Urain,Navnita Kumari ,,8603531301.0,30.0,General,Bhumihar,"-Asutosh Singh | 30 | Male | Bhumihar | General |
- Defecto incumbent BDC 2021",BSC Member,,,,,,,,,No,,,,,,
Lakhisarai,,,,Suryagarha,Male ,Rampur,Shailendar Kumar ,,8340378725.0,59.0,General,Bhumihar,"-Shailendar Kumar | 59| Male | Bhumihar | General |
-Ex- BDC 2016
-Poltical Active Person In his Panchayat .",BSC Member,,,,,,,,,No,,,,,,
Lakhisarai,,,,Suryagarha,Male ,Ali Nagar,Nepali Sahani ,,8969376609.0,67.0,EBC,Mallah,"-Nepali Sahani | 67 | Male | Mallah | EBC | 

- EX- Mukhiya 2011- 2016 
- RJD Jila Sachiv 2021-22 
- Pacs 2009 contested . 
- Good hold in his community .
- Associates with VIP ",BSC Member,,,,,,,,,No,,,,,,
Lakhisarai,,,,Suryagarha,Male ,Ali Nagar,Mukesh Yadav ,,7858804419.0,54.0,OBC,Yadav,"-Mukesh Yadav | 54 | Male | Yadav | 
- Defecto Mukhiya in 2016 
- Defecto Mukhiya in 2021-Present
- Defecto Pacs 2013 his brother Ashok Singh .",BSC Member,,,,,,,,,No,,,,,,
Lakhisarai,,,,Suryagarha,Male ,Salempur East,Dasrath Mahto ,,9631225461.0,58.0,EBC,Kurmi," -Dasrath Manjhi | 58| Male | Mahto |
-Defecto BDC 2021
-Ex-BDC in 2006 
-Ex-Sarpanch in 2011",BSC Member,,,,,,,,,No,,,,,,
Lakhisarai,,,,Suryagarha,Male ,Mohammadpur,Pankaj Yadav,,6204953521.0,40.0,OBC,Yadav,"-Pankaj Yadav | 40 | Male | Yadav | 
- Mukhiya contested 2016 
-Defecto incumbent Mukhiya 2021- Present",BSC Member,,,,,,,,,No,,,,,,
Lakhisarai,,,,Suryagarha,Male ,Kiranpur,Vijay Gopal ,,9931214770.0,56.0,EBC,Kurmi,"-Vijay gopal | 56|  Male | Mandal |
-Ex-Mukhiya in 2001
-Ex-Contested Zila Parisad {03} Runner up in 2006 ",BSC Member,,,,,,,,,No,,,,,,
Lakhisarai,,,,Suryagarha,Male ,Amarpur,Parmod Das ,,9852851841.0,54.0,SC,,"-Parmod Das | 54| Male | Das |
-two time Mukhiya Contested 2016 nd 2021 
- associate with CPI ",BSC Member,,,,,,,,,No,,,,,,
Lakhisarai,,,,Suryagarha,Male ,Amarpur,Ramdhar Singh ,,6205296109.0,75.0,General,Bhumihar,"-Ramdhar Singh | 75| Male | Bhumihar |
-Ex- Sarpanch in  2011
-Defecto Incumbent Sarpanch (Tanu Devi ) 2021 
-Associate with Ashok Singh & BJP ",BSC Member,,,,,,,,,No,,,,,,
Lakhisarai,,,,Suryagarha,Male ,Amarpur,Vijay Shankar ,,7764936592.0,63.0,General,Bhumihar,"-Vijay Shankar | 63| Male | Bhumihar | 
-Ex-Mukhiya 2006 - 2011 
- Mukhiya Contestest but loss 2011 
- Associate With JDU ",BSC Member,,,,,,,,,No,,,,,,
Lakhisarai,,,,Suryagarha,Male ,Rampur,Pintu Kumar ,,7979057168.0,40.0,General,Bhumihar,"-Pintu Kumar | 40 | Male | Bhumhari | 
-Defecto Incumbent up mukhiya 2021-Present 
-Father ZP contestant (03) ",BSC Member,,,,,,,,,No,,,,,,
Lakhisarai,,,,Suryagarha,Male ,Toralpur,Bijay Kumar ,,9097625811.0,45.0,OBC,Yadav,"-Bijay Kumar | 45| Male | Yadav |
-EX- Mukhiya in 2016 
-Ex- Sarpanch {2006 to 2016} 
-MLA Contestant in 2010 
- Jila Adykhasya Jharkhand Mukiti Morcha ",BSC Member,,,,,,,,,No,,,,,,
Lakhisarai,,,,Suryagarha,Male ,Toralpur,Avinash Jyoti ,,6201919822.0,30.0,General,Bhumihar,"-Avinash Jyoti | 30 | General | Bhumihar | 
-Incumbent Sarpanch 2021-Present",BSC Member,,,,,,,,,No,,,,,,
Lakhisarai,,,,Suryagarha,Male ,NP Surajgarha,Mohit kumar ,,7004252995.0,34.0,General,Rajput,"-Mohit Kumar |34| General  | Rajput | 
-First Time incumbent  Ward Parsad 2021",BSC Member,,,,,,,,,No,,,,,,
Lakhisarai,,,,Suryagarha,Male ,Chora-Rajpur,LalitKumar Shukla ,,6299312430.0,42.0,General,Brahmin,"-Lalit Kumar Shukla |42| General | Brahmin|
--Ex- Sarpanch 2016 
-Sarpanch Contested 2021 
-Ward Panch 2011-2016 ",BSC Member,,,,,,,,,No,,,,,,
Lakhisarai,,,,Suryagarha,Male ,Chora-Rajpur,Bharth Koda ,,8084188390.0,49.0,ST,Kora,"-Bharth Koda |49| ST| Koda |
-Ex- Sarpanch 2011 
-Mukhiya Contested 2016 
-BDC contested 2021",BSC Member,,,,,,,,,No,,,,,,
Lakhisarai,,,,Suryagarha,Male ,Arma,Shashi KUmar ( Bhusan ji ),,6206452392.0,48.0,EBC,Koiri,"-Shashi Kumar | 48 | EBC | KOIRI | 
-Mukhiya Contested 2021
- Runs a Milk Dairy Centre",BSC Member,,,,,,,,,No,,,,,,
Lakhisarai,,,,Suryagarha,Male ,Urain,Mirtunjay Singh ,,6205469345.0,51.0,General,Rajput,"-Mirtunjay Singh |51| Gen.| Rajput | 
-PACS Contested 2009 & 2014 
-BJP Mandal Adhakshy 2021 to 2023
-Kajra Mandal Adhaksya 2017- 2020",BSC Member,,,,,,,,,No,,,,,,
Lakhisarai,,,,Suryagarha,Male ,Chandan Pura,Amir Hussain ,,6299771286.0,30.0,Minority,Muslim,"-Amir Hussain | 36 | Male | Muslim|
-Ex-Mukhiya Contestant in 2006 
- Defacto EX-Mukhiya 2011 {Father}
-Good Influence in minority youths

",BSC Member,,,,,,,,,No,,,,,,
Lakhisarai,,,,Suryagarha,Male ,Chandan Pura,Shashi Bhusan ,,9430208935.0,72.0,General,Bhumihar,"-Shashi Bhusan | 72| Male | General | Bhumihar | 
-Ex- Mukhiya in 2001 
- His Father was Ex- Vidhyak in 1962 ",BSC Member,,,,,,,,,No,,,,,,
Lakhisarai,,,,Suryagarha,Male ,Chandan Pura,Sudjhir Singh ,,7488482840.0,65.0,General,Bhumihar,"-Sudhir Singh | 65| Male| Gen.| Bhumihar | 
-PACS Chairmen 2021 ",BSC Member,,,,,,,,,No,,,,,,
Lakhisarai,,,,Suryagarha,Male ,Chandan Pura,NIlesh kr. Singh ,,9304282423.0,38.0,General,Bhumihar,"-Nilesh Kr. Singh | 38 | Male | General | Bhumihar | 
-Defacto Mukhiya 2021 (His Mother ) 
-Ex - Contested Mukhiya in 2016 
- JDU Member contnuing 
",BSC Member,,,,,,,,,No,,,,,,
Lakhisarai,,,,Suryagarha,Male ,Avgil Rampur,Ajay Paswan ,,7250940018.0,46.0,SC,Dusadh,"-Ajay Paswan | 45 |  Male | SC | Paswan 
- Ex-Pramukh defacto (wife Vandana Kumari) in 2016-2021
- Two times Incumbent BDC defacto in 2016-2021
- Two times Ex-Mukhiya from 2006-2016
- Wife Vandana Kumari is JDU's Zila Mahila Adhyaksha 2021-Present",BSC Member,,,,,,,,,No,,,,,,
Lakhisarai,,,,Suryagarha,Male ,Avgil Rampur,Parvin Kr ( Pankaj ) ,,9934897559.0,58.0,EBC,Dhanuk,"-Parvin KR (Pankaj) | 58 | EBC | Dhanuk | 
- ZP Contested in 2016 
- JDU Member continuing ",BSC Member,,,,,,,,,No,,,,,,
Lakhisarai,,,,Suryagarha,Male ,Arma,Madhusudan saw ,,9973095019.0,69.0,OBC,Bania,"-Madhusudan saw | 69| Male| OBC | Baniya | 
-ZP Contested 2016 
-Good Influence In His Area ",BSC Member,,,,,,,,,No,,,,,,
Lakhisarai,,,,Suryagarha,Female ,Chandan Pura,Anju Devi ,,8877255631.0,38.0,EBC,Badhai,"-Anju Devi | 38|  Female | OBC | Badhai | 
-Ex- Mukhiya Contestant in 2011
-Good Influence in her Panchyat ",BSC Member,,,,,,,,,No,,,,,,
Lakhisarai,,,,Suryagarha,Male ,Bansipur,Sanjay Kumar Yadav ,,7301630125.0,46.0,OBC,Yadav,"-Sanjay Kumar Yadav | 46 | Male | OBC | Yadav |
-RED. Army Man
-Good Influnce in His Panchayat ",BSC Member,,,,,,,,,No,,,,,,
Lakhisarai,,,,Suryagarha,Male ,NP Surajgarha,Banwari Parsad Ray ,,9006590259.0,59.0,EBC,Koiri,"-Banwari Parsad | 59 | Male | Mandal |

- Ex Zila Parishad  in 2016 
- Not active  in Politics at present",BSC Member,,,,,,,,,No,,,,,,
Lakhisarai,,,,Suryagarha,Male ,Arma,Bikram Kumar,,9905151321.0,39.0,EBC,Kushwaha,"-  Bikram Kumar | 39 | Kushwaha|EBC|
-De Facto Incumbent Mukhiya in 2021-Present 
- Ex De Facto Mukhiya in 2016",BSC Member,,,,,,,,,No,,,,,,
Lakhisarai,,,,Suryagarha,Male ,Salempur East,Sanjay Mehto,,9934735330.0,50.0,EBC,Kurmi,"-Sanjay Mehto | 50 | Kurmi| EBC|
- Ex Pramukh 2001 to 2016
- Ex Mukhiya 2001 to 2016",BSC Member,,,,,,,,,No,,,,,,
Lakhisarai,,,,Suryagarha,Male ,Maheshpur,kr. Mandal,,9955218410.0,50.0,EBC,Dhanuk,"kumar Mandal | 50 | Dhanuk | Incumbent Mukhiya |
- Incumbent Mukhiya 2021-Present 
- Ex- Block Pramukh (2008-2011) 
- Wife Sarojni Devi 2011 Ex- Mukhiya ",BSC Member,,,,,,,,,No,,,,,,
Lakhisarai,,,,Suryagarha,Male ,Maheshpur,Manish Kumar ,,7366876580.0,35.0,EBC,Kurmi,"Manish Kumar | 35 | Kurmi |EBC| Ex- Mukhiya |
-2 times Ex- Mukhiya in (2016,2006) Defacto of BulBul devi 
- Uncle Late Ramesh Kumar was mukhiya  in 2001",BSC Member,,,,,,,,,No,,,,,,
Lakhisarai,,,,Suryagarha,Male ,Gosaith,Birender Kumar Singh,,9470752836.0,74.0,General,Bhumihar,"Birender Singh | 74 | Bhumihar | Ex- Zila Parishad 
- EX Zila Parishad (2001)
- Ex BJP Zila Upadhyaksha Lakhisarai  Since (1980-83)
- Ex -Suryagarha Prakhand Mahamantri BJP (1988-91)
- Piri Bazar first Mandal Adhyaksha BJP 
- Not Intrested in panchyat politics after 2001",BSC Member,,,,,,,,,No,,,,,,
Lakhisarai,,,,Suryagarha,Male ,Gosaith,Devender Parsad Singh ,,9771168275.0,71.0,General,Bhumihar,"Devender  Parsad Singh | 71 | Bhumihar | Ex Mukhiya 
- Two times mukhiya (2001-2010)
- Devesh medical store in Piri Bazar",BSC Member,,,,,,,,,No,,,,,,
Lakhisarai,,,,Suryagarha,Female ,Bariyarpur,Prabha Devi ,,8210819102.0,65.0,SC,Dusadh,"Prabha Devi | 65 | Dusadh | Ex Zila Parisad 
- Ex Zila Parisad (2016)
- Zila Parisha contestent got  2264 votes
- Mukhiya contestent in 2011",BSC Member,,,,,,,,,No,,,,,,
Lakhisarai,,,,Suryagarha,Male ,Bariyarpur,Vinay Kumar ,,,52.0,SC,Dusadh,"Vinay Kumar | 52 | Dusadh | Ex Mukhiya 
- Ex Mukhiya (2006-2011)
- Contestent in ZP got 4225 Votes second runner up
- Contestent Mukhiya (2011)",BSC Member,,,,,,,,,No,,,,,,
Lakhisarai,,,,Suryagarha,Male ,Gosaith,Birender Kumar Singh,,9661110858.0,61.0,General,Bhumihar,"Birender Kr. Singh | 61 | Bhumihar | Ex Zila Parishad 
- Ex Zila Parishad 2011 
- Zp contestent 2006  ",BSC Member,,,,,,,,,No,,,,,,
Lakhisarai,,,,Suryagarha,Male ,Madanpur,Umesh Prasad ,,7091322447.0,55.0,EBC,Dhanuk,"Umesh Prasad | 55 | Dhanuk | Incumbent Mukhiya 
- Incumbent Mukhiya 
- Mukhiya Contestent  2001-16",BSC Member,,,,,,,,,No,,,,,,
Lakhisarai,,,,Suryagarha,Male ,Madanpur,Nandan Kumar,,9525907677.0,48.0,EBC,Teli,"Nandan Kumar | 48 | Teli | Ex Mukhiya 
- Ex Mukhiya 2016 
- Mukhiya  Block Sangh Adhyakash 2016
- Zila Parisad contestent  2011
- Mukhiya contestent 2001, 2021",BSC Member,,,,,,,,,No,,,,,,
Lakhisarai,,,,Suryagarha,Male ,Madanpur,Gopal Paswan,,9939659851.0,56.0,SC,Dusadh,"Gopal Paswan | 56 | Dusadh | Ex Mukhiya 
- Ex Mukhiya 2011 
- Zila Parisad contestent 2021",BSC Member,,,,,,,,,No,,,,,,
Lakhisarai,,,,Suryagarha,Male ,Madanpur,Arvind kumar,,9546769699.0,48.0,SC,Dusadh,"Arvind Kumar | 48 | Dusadh | Teacher 
- High SchoolTeacher 
- Brother Of Bhojpuri singer Alok kumar",BSC Member,His brother is Associated with JSP,,,,,,,,No,,,,,,
Lakhisarai,,,,Suryagarha,Male ,Arma,Arvind Kumar,,9576225480.0,38.0,EBC,Kurmi,"-Arvind Kumar | 38 | Kushwaha | EBC | 
-Incumbent Pacs Adhyakch
-Pacs Runner up ",BSC Member,,,,,,,,,No,,,,,,
Lakhisarai,,,,Suryagarha,Male ,Salempur East,Rakesh Kumar,,9097923041.0,40.0,EBC,Thakur,"-Rakesh Kumar | 40 | Thakur| EBC | 
-De facto Incumbent Sarpanch
- Two Term  Sarpanch 2011 & 2016",BSC Member,,,,,,,,,No,,,,,,
Lakhisarai,,,,Suryagarha,Male ,Salempur East,Dashrath Mehto,,9631225461.0,58.0,EBC,Kurmi,"-Dashrath Mehto | 58 | Kurmi | EBC | 
-Incumbent BDC
-Ex BDC 2011
-BDC Runner up 2016",BSC Member,,,,,,,,,No,,,,,,
Lakhisarai,,,,Suryagarha,Male ,Arma,Pradeep Kumar,,7061528371.0,50.0,EBC,Kurmi,"-Pradeep Kumar | 50 | Incumbent BDC
- Incumbent BDC from 2021-Present 
- Associated with JDU since a very young age 
- Father Kailashpati Mahato was a Mukhiya in 2001 
- Father was also a member of the Pradesh Committee JDU ",BSC Member,,,,,,,,,No,,,,,,
Lakhisarai,,,,Suryagarha,Male ,Mohammadpur,Mohammad Altaf,,8809131789.0,53.0,Minority,Muslim,"-Mohammad Altaf | 53 | Muslim|
-Incumbent BDC
-Ex BDC 2006, 2011
-BDC Runner up 2016",BSC Member,,,,,,,,,No,,,,,,
Lakhisarai,,,,Suryagarha,Male ,Kawadpur,Arun Kumar ,,8002357773.0,51.0,EBC,Kurmi,"-Arun Kumar | 51| Male | Mahto | EBC |
-Ex- Mukhiya 2011 
- Good Hold On His Panchayat ",BSC Member,,,,,,,,,No,,,,,,
Lakhisarai,,,,Suryagarha,Male ,Khawa Rajpur,Jawhar Parsad Singh ,,6201168328.0,56.0,EBC,Kurmi,"-Jawahar Parasad Singh | 56| Male | Mahto | EBC |
-Ex-Mukhiya 2016 
-Associate with RJD ",BSC Member,,,,,,,,,No,,,,,,
Lakhisarai,,,,Suryagarha,Male ,Tajpur,Amar Dip Kumar ,,9931201666.0,55.0,EBC,Kurmi,"-Amardip Kumar| 55| Male | Mahto | EBC | 
-Ex- Mukhiya 2006 
- Defecto EX- Mukhiya 2016 ( Santosh Gupta ) ",BSC Member,,,,,,,,,No,,,,,,
Lakhisarai,,,,Suryagarha,Female ,Kawadpur,Sudha Kumari ,,9955364877.0,65.0,EBC,Kurmi,"-Sudha  Kumari | 65 | Mahto | EBC |  
-EX- Mukhiya 2016 ",BSC Member,,,,,,,,,No,,,,,,
Lakhisarai,,,,Suryagarha,Male ,Tajpur,Amarjeet Patel ,,8002124678.0,47.0,EBC,Kurmi,"-Amarjit Patel | 47 | Male | Mahto | EBC | 
-MP Contested 2019 ( Munger ) 18000 votes 
-Vidhansabha Contestaint 2020 ( Votes 990) 
- BJP Mandal Adhayaksh ",BSC Member,,,,,,,,,No,,,,,,
Lakhisarai,,,,Suryagarha,Male ,Saidpura,Shailendra Singh,,6207099417.0,59.0,General,Bhumihar,"-Shailendar Singh | 59 | Gen. | Bhumihar | 
- Ex Mukhiya from 2001 to 2021.
- Defacto Mukhiya Runner up 2021 (brother Rakesh Singh)",BSC Member,,,,,,,,,No,,,,,,
Lakhisarai,,,,Suryagarha,Male ,Rampur,Vikram Kumar,,8340614609.0,35.0,General,Bhumihar,"- Ex Mukhiya from 2001 to 2023.
- Mukhiya Runner 2016.
- her mother was Mukhiya in 2011-2016.
- govt school teacher",BSC Member,Call not Connected,,,,,,,,No,,,,,,
Lakhisarai,,,,Suryagarha,Male ,Rampur,Anil Kumar Singh ,,8002674493.0,60.0,General,Bhumihar,"Anil Kumar Singh | 60 | Incumbent BDC
 
- 3 times Defecto BDC (wife Nisha Devi)  (2001-2011 and 2021-Present)
- Block Pramukh contestant in 2021 and had support of 10 BDC out of 34 
- Associated with the Samta Party from 1994-2003 and then joined JDU as a Karyakarta ",BSC Member,,,,,,,,,No,,,,,,
Lakhisarai,,,,Suryagarha,Male ,Bansipur,Ashwani Kumar ,,9801041555.0,38.0,OBC,Yadav,"Ashwani Kumar | 38 | Incumbent Mukhiya 
- Incumbent Mukhiya from 2021-Present
- Associated with Incumbent MLA Prahlad Yadav 
- Ex-RJD Zila Mahasachiv and Chanan Prakhand Prabhari (2022-24)",BSC Member,,,,,,,,,No,,,,,,
Lakhisarai,,,,Suryagarha,Male ,Urain,devendra Saw,,7324931401.0,40.0,EBC,Teli,"- Mukhiya Runner up in 2016 & 2021, securing 1265 & 1440 votes respectively.
- Traders Business",BSC Member,,,,,,,,,No,,,,,,
Lakhisarai,,,,Suryagarha,Male ,Urain,Mukesh Kumar ,,9015552456.0,34.0,EBC,Nonia,"-Mukhesh Kumar | 39 | EBC | Noia |
- Incumbent Mukhiya defacto (mother Sudha Devi)
- Mukhiya contestant in 2016 ",BSC Member,,,,,,,,,No,,,,,,
Lakhisarai,,,,Suryagarha,Male ,Urain,Jitendar Mahto ,,9572076632.0,38.0,OBC,Kushwaha,"-Jitendar Kumar | 38 | Male | Mahto | OBC |
-incumbent BDC 2021",BSC Member,,,,,,,,,No,,,,,,
Lakhisarai,,,,Suryagarha,Male ,Tajpur,Vinod Mahto ,,6206399157.0,60.0,EBC,Kurmi,"-Vinod Mahto | 60 | Male | Mahto | EBC 
-3 time Ex- Ward sadsya 2006,2011,2016 ",BSC Member,,,,,,,,,No,,,,,,
Lakhisarai,,,,Suryagarha,Male ,Tajpur,Sunil Kumar ,,7634835888.0,55.0,EBC,Kurmi,"-Sunil Kumar | 55| Male| Mahto | EBC 
-Incumbent Ward panch   2021 ",BSC Member,,,,,,,,,No,,,,,,
Lakhisarai,,,,Suryagarha,Male ,Tajpur,Rakesh Kr. Ranjan ,,6203060429.0,48.0,EBC,Kurmi,"-Rakesh Kr Singh | 48| Male | Mahto | EBC |
-Mukhiya Contested 2006,2011 
- Contested Ward member 2021 
-RJD Panchayat adhaksya ",BSC Member,,,,,,,,,No,,,,,,
Lakhisarai,,,,Suryagarha,Male ,Tajpur,Brijnanadan Mahto ,,8234256829.0,69.0,EBC,Kurmi,"-Birijnanadan Mahto | 69 | Mahto | EBC 
-social activist 
-BJP panchayat adhakshya ",BSC Member,,,,,,,,,No,,,,,,
Lakhisarai,,,,Suryagarha,Male ,Khawa Rajpur,Kundan Kumar ,,9304818607.0,44.0,EBC,Kurmi,"-Kundan Kumar | 44| Mahto | EBC 
-Mukhiya Contested 2016 nd 2021 ",BSC Member,,,,,,,,,No,,,,,,
Lakhisarai,,,,Suryagarha,Male ,Kiranpur,Girish Thakur ,,,45.0,EBC,Nai,"-Girish Thakur | 45| Nai | EBC 
-Incumbent BDC 2016 nd 2021 ",BSC Member,,,,,,,,,No,,,,,,
Lakhisarai,,,,Suryagarha,Male ,Shree Kishun,Pintu kumar ,,9934263181.0,36.0,EBC,Tatwa,"-Pintu Kumar | 36 | Male |Tanti | EBC 
-Panchayat Samiti Contested 2021",BSC Member,,,,,,,,,No,,,,,,
Lakhisarai,,,,Suryagarha,Male ,Shree Kishun,Shyam Sundar Pandey ,,9973413326.0,58.0,General,Brahmin,"-Shyam Sundar Pandey |58| Gen. | Brahmin | 
-Ex-Mukhiya 2011
-Ex-Sarpanch 2006
-Associated with CPI Nd Now BJP ",BSC Member,,,,,,,,,No,,,,,,
Lakhisarai,,,,Suryagarha,Male ,Shree Kishun,Mukhesh Kumar Choudary ,,8969760016.0,30.0,EBC,Pasi,"-Mukhesh Kr Choudhary | 30 | Pasi | EBC 
-Contested Panchayat Samiti2021
-Group D  Railway ( other state ) ",BSC Member,,,,,,,,,No,,,,,,
Lakhisarai,,,,Suryagarha,Male ,Shree Kishun,Umesh Paswan ,,9334426541.0,52.0,SC,Dusadh,"-Umesh Paswan | 52 | Dusadh| SC
-Contested Panchayat Samiti 2021 ",BSC Member,,,,,,,,,No,,,,,,
Lakhisarai,,,,Suryagarha,Male ,Shree Kishun,Naveen Kr Das ,,7631616786.0,40.0,SC,Ravidas,"-Naveen Kr Das | 40 | Ravidas| SC
-Incumbent BDC 2021 
-Mukhiya Contested 2016 
-Ex Ward Member 2009 nd 2011 
-RJD Member ",BSC Member,,,,,,,,,No,,,,,,
Lakhisarai,,,,Suryagarha,Male ,Bariyarpur,Vikram Paswan ,,7349896776.0,46.0,SC,Dusadh,"-Vikaram Paswan | 46 | Dusadh | SC 
-Ex-Mukhiya 2011 ",BSC Member,,,,,,,,,No,,,,,,
Lakhisarai,,,,Suryagarha,Male ,Bariyarpur,Ganesh Paswan ,,7349896757.0,70.0,SC,Dusadh,"-Ganesh Paswan | 70 | Dusadh | SC 
-Former 2 term Sarpanch (2011 - 2021 )",BSC Member,,,,,,,,,No,,,,,,
Lakhisarai,,,,Suryagarha,Male ,Bariyarpur,Natwar Kumar Mandal ,,7903845612.0,37.0,EBC,Dhanuk,"-Natwar Kumar Mandal | 37 | Mandal | EBC 
-Mukhiya Contested 2021 ( 700 votes )",BSC Member,,,,,,,,,No,,,,,,
Lakhisarai,,,,Suryagarha,Male ,Bariyarpur,Santosh Kr Singh ,,6206270066.0,48.0,General,Bhumihar,"-Santosh Kr Singh | 48 | Bhumihar | Gen.| 
-PACs President (2019 -till)",BSC Member,,,,,,,,,No,,,,,,
Lakhisarai,,,,Suryagarha,Male ,NP Surajgarha,Vikash Kumar,,8804687334.0,24.0,SC,Dusadh,"Vikash Kumar | 24 | Dusadh | SC | 
- Incumbent Ward Parshad, ward no. 06 NP Suryagarha. 
- He secured almost 400 votes of total 618 votes and won by 202 votes in 2022 NP Election.
- BJP Nagar Yuva Adhyaksh since 2023 to till date. ",BSC Member,,,,,,,,,No,,,,,,
Lakhisarai,,,,Suryagarha,Male ,NP Surajgarha,Rohit Kumar,,8002692991.0,32.0,EBC,Mallah,"Rohit Kumar | 32 | Mallah | EBC | 
- Ward Parshad 2nd Runner-up
- Active as a social worker.
- He follows the ideology of Prashant Kishore.",BSC Member,,,,,,,,,No,,,,,,
Lakhisarai,,,,Suryagarha,Male ,Chandan Pura,Vijay Kr Singh ,,9955654040.0,52.0,General,Bhumihar,"-Vijay Kr Singh | 52| Gen.| Bhumihar |
-Ex - Sarpanch 2016 
-Associated With BJP ",BSC Member,,,,,,,,,No,,,,,,
Lakhisarai,,,,Suryagarha,Male ,Ali Nagar,Pintu kumar ,,8789525585.0,29.0,EBC,Teli,"-Pintu Kumar | 29| EBC | Teli | 
-Ward Sadasya 2021 ",BSC Member,,,,,,,,,No,,,,,,
Lakhisarai,,,,Suryagarha,Male ,Ali Nagar,Sonam Singh ,,9973223923.0,32.0,General,Bhumihar,"-Sonam Singh | 32 | Gen. | Bhumihar | 
-Ward Sadsaya 2021 
-JDU Panchyat Adhakhasy ",BSC Member,,,,,,,,,No,,,,,,
Lakhisarai,,,,Suryagarha,Male ,Ali Nagar,Raju Paswan ,,6200299930.0,37.0,SC,Ravidas,"-Raju Paswan | 37 | SC | Ravidas | 
-Ward Sadsaya 2021 
-JBL Club ",BSC Member,,,,,,,,,No,,,,,,
Lakhisarai,,,,Suryagarha,Male ,Madanpur,Nanadan Sahu ,,9113367578.0,45.0,EBC,Teli,"-Nandan Sahu | 45 | EBC | Teli | 
-Ex mukhiya 2016 
-2001 Mukhiya Contested ",BSC Member,,,,,,,,,No,,,,,,
Lakhisarai,,,,Suryagarha,Male ,Maheshpur,Gopal Paswan,,9939659851.0,46.0,SC,Dusadh,"-Gopal Paswan | 46| SC | Dusadh | 
-Ex-Mukhiya 2011
-ZP Contested 2021
-RJD Jila Sayonjak 2020- 2022 ",BSC Member,,,,,,,,,No,,,,,,
Lakhisarai,,,,Suryagarha,Male ,Maheshpur,Vipin Singh ,,7004534617.0,55.0,General,Rajput,"- Vipin Singh | 55| Gen. | Rajput | 
-PACs President 2009-  till ( 2025) ",BSC Member,,,,,,,,,No,,,,,,
Lakhisarai,,,,Suryagarha,Male ,Maheshpur,Abhinandan Kumar,,9934734874.0,37.0,SC,Dusadh,"-Abhinandan Kumar | 37 | SC | Dusadh | 
-DEfecto Ex-Mukhiya 2006 ( His Dadi ) 
-Block Pramukh ( His sister -in - law  khusbu kumari ) 
",BSC Member,,,,,,,,,No,,,,,,
Lakhisarai,,,,Suryagarha,Male ,Maheshpur,Balmiki Pandit ,,7519833835.0,70.0,OBC,Kumhar,"Balmiki Pandit | 70 | OBC | Kumhar 
-Incumbent Sarpanch 2021 
- Mukhiya 2nd Runner-up 2016
-Good Hold On other community ",BSC Member,,,,,,,,,No,,,,,,
Lakhisarai,,,,Suryagarha,Male ,Maheshpur,Nageshwar  Ram ,,9546097615.0,74.0,OBC,Chandravanshi,"- Nageshwar Ram | 74| OBC | Chandarvansi |
- Two Term Sarpanch 2011 nd 2016 
",BSC Member,,,,,,,,,No,,,,,,
Lakhisarai,,,,Suryagarha,Male ,Maheshpur,Ashok Yadav ,,9122958511.0,42.0,OBC,Yadav,"-Ashok Yadav | 42 | OBC | Yadav |
 - ward SAdsya  2021 ",BSC Member,,,,,,,,,No,,,,,,
Lakhisarai,,,,Suryagarha,Male ,Kawadpur,Vikaramadit Kumar ,,9934044533.0,51.0,EBC,Dhanuk,"-Vikaramadit Kumar | 51 | EBC | Mahto | 
-Contested Vidhansabha 2015 
-Good Influnce In his Community ",BSC Member,,,,,,,,,No,,,,,,
Lakhisarai,,,,Suryagarha,Male ,Avgil Rampur,Premanad Sharma ,,9162569740.0,46.0,EBC,Nai,"-Parmanad Sharma | 46 | EBC | Nai | 
--Two Term incumbent Sarpanch 2016 nd 2021 ",BSC Member,,,,,,,,,No,,,,,,
Lakhisarai,,,,Suryagarha,Male ,Avgil Rampur,Ravindar Rajak ,,,48.0,SC,Dhobi,"-Ravindar Rajak | 48 | SC | Dhobi |
-Ex - Sarpanch 2011-2016 ",BSC Member,,,,,,,,,No,,,,,,
Lakhisarai,,,,Suryagarha,Male ,Kawadpur,kamleshwar Mahto ,,9973469867.0,57.0,EBC,Dhanuk,"-Kamleshwari Mahto | 57 | EBC | Mahto |
-Contested Vidhansabha Suryagarha  2015 ",BSC Member,,,,,,,,,No,,,,,,
Lakhisarai,,,,Suryagarha,Male ,NP Surajgarha,Sitaram Ram,,8409437207.0,50.0,OBC,Chandravanshi,"- Sitaram Ram | 50 | OBC | Chandrawanshi |
- Incumbent Nagar Ward Parshad Ward No. 26 Suryagadha since 2022.",BSC Member,,,,,,,,,No,,,,,,
Lakhisarai,,,,Suryagarha,Male ,NP Surajgarha,Bipin Pandey,,8969999121.0,42.0,General,Brahmin,"- Bipin Pandey | 42 | General | Brahmin |
- Social Worker
- BJP karyakarta since 2010 to 2023.",BSC Member,,,,,,,,,No,,,,,,
Lakhisarai,,,,Suryagarha,Male ,NP Surajgarha,Ganesh Mahto,,8084762825.0,45.0,EBC,Dhanuk,"- Ganesh Mahto | 45 | EBC | Dhanuk |
- Mukhiya Contestant in 2006 PRI Election.
- Social Worker
- JDU karyakarta since 2004 to 2022.",BSC Member,,,,,,,,,No,,,,,,
Lakhisarai,,,,Suryagarha,Male ,Madanpur,Jarnandan Parsad ,,8294976677.0,74.0,SC,Ravidas,"-Janardan Parsad | 74| SC | Ravidas | 
-Two Term Sarpanch 2016 nd 2021 -till ",BSC Member,,,,,,,,,No,,,,,,
Lakhisarai,,,,Suryagarha,Male ,NP Surajgarha,Phul Kumar,,7631003647.0,28.0,EBC,Kanu,"- Phul Kumar | 28 | EBC | Kanu |
- Incumbent Nagar Ward Parshad, Ward No. 01, N P Suryagadha since 2022.
- JDU Karyakarta since 2016 to 2023.",BSC Member,,,,,,,,,No,,,,,,
Lakhisarai,,,,Suryagarha,Male ,NP Surajgarha,Sunil Kumar,,9798788660.0,35.0,EBC,Nonia,"- Sunil Kumar | 35 | EBC | Nonia |
- Incumbent Nagar Ward Parshad, Ward No. 11, N P Suryagadha since 2022.
- BJP Karyakarta since 2019 to 2023.",BSC Member,,,,,,,,,No,,,,,,
Lakhisarai,,,,Suryagarha,Male ,NP Surajgarha,Amlesh Kumar,,8825167478.0,31.0,SC,Chammar,"- Amlesh Kumar | 31 | SC | Ravidas |
- Incumbent Nagar Ward Parshad, Ward No. 17, N P Suryagadha since 2022.
- Active as a social worker.
- He follows the ideology of Prashant Kishore.",BSC Member,,,,,,,,,No,,,,,,
Lakhisarai,,,,Suryagarha,Male ,NP Surajgarha,Gautam Kumar,,9097515664.0,32.0,EBC,Dhanuk,"- Gautam Kumar| 32 | EBC | Dhanuk |
- Incumbent Nagar Ward Parshad, Ward No. 04, N P Suryagadha since 2022.
- Ex Mukhiya from Suryapura Panchayat Suryagadha since 2016 to 2021.
- He holds a great influence in his community as well as Panchayat & Ward.",BSC Member,,,,,,,,,No,,,,,,
Lakhisarai,,,,Suryagarha,Male ,NP Surajgarha,Rampravesh Kumar,,9006958577.0,24.0,EBC,Tatwa,"- Rampravesh Kumar | 24 | EBC | Tanti |
- Active as a social worker.
- He follows the ideology of Prashant Kishore.",BSC Member,,,,,,,,,No,,,,,,
Lakhisarai,,,,Suryagarha,Male ,NP Surajgarha,Sanjeev Kumar,,9122294150.0,27.0,EBC,Chandravanshi,"- Sanjeev Kumar | 27 | EBC | Kahar |
- Incumbent Ward Parshad Ward No. 25 N P Suryagadha.",BSC Member,,,,,,,,,No,,,,,,
Lakhisarai,,,,Suryagarha,Male ,NP Surajgarha,Roshan Kumar,,8709330873.0,23.0,General,Bhumihar,"- Roshan Kumar | 23 | General | Bhumihar |
- His father named Sri Baleshwar Singh is an Incumbent Vice Chairman (Up-Sabhapati) from Suryagadha Nagar Parishad.
- Active as a social worker.
- He follows the ideology of Prashant Kishore.",BSC Member,,,,,,,,,No,,,,,,
Lakhisarai,,,,Suryagarha,Male ,NP Surajgarha,Baleshwar Singh,,9771293693 / 8709330873,56.0,General,Bhumihar,"- Baleshwar Singh | 56 | General | Bhumihar |
- Incumbent Vice Chairman (Up-Sabhapati) from Suryagadha Nagar Parishad.
- Ex-Mukhiya from Jakarpura Panchayat Suryagadha since 2001 to 2011.
- Mukhiya Runnerup from Jakarpura Panchayat Suryagadha in 2011 PRI Election.
- Active BJP Karyakarta since 2000 to 2023.",BSC Member,,,,,,,,,No,,,,,,
Lakhisarai,,,,Suryagarha,Male ,NP Surajgarha,Sravan Paswan,,9931626565 / 9576332362,41.0,SC,Dusadh,"- Sravan Paswan | 41 | SC | Dusadh |
- Defecto Incumbent Ward Parshad Ward No. 25 N P Suryagadha.
- Ex-Ward Member from Salempur West Panchayat Suryagadha since 2011 to 2021.
- LJP Block President from Suryagadha Block since 2018 to 2020.
- LJP Nagar President from Suryagadha Nagar Parishad since 2022 to till date.",BSC Member,,,,,,,,,No,,,,,,
Lakhisarai,,,,Suryagarha,Male ,NP Surajgarha,Ajay Singh,,9525870410.0,42.0,EBC,Chandravanshi,"- Ajay Singh | 42 | EBC | Kahar |
- Ward Parshad Runnerup from Nagar Parishad Ward No. 26 Suryagadha.
- Defecto Ex-Ward Memeber (His wife - Smt. Shashikala Devi) from Salempur West Ward No. 07 Suryagadha since 2016 to 2021.
- Active as a social worker.
- He follows the ideology of Prashant Kishore.",BSC Member,,Ebc President,,EBC,,,,,No,,,,,,
Lakhisarai,,,,Suryagarha,Male ,Ali Nagar,Ajay Singh ,,9304598221.0,51.0,General,Bhumihar,"-Ajay Singh | 51 |Gen.| Bhumihar |
-Boarding School In pokharma 
-Bussinesmen In America Farma Comp.",BSC Member,,,,,,,,,No,,,,,,
Lakhisarai,,,,Suryagarha,Male ,Madanpur,Randheer Singh ,,7549103694.0,43.0,General,Bhumihar,"-Randheer Singh | 43 | Gen.| Bhumihar | 
-NTPC Land Andolan 
-Gone to Jail for irregularities  in the acquisition of farmers land ",BSC Member,,,,,,,,,No,,,,,,
Lakhisarai,,,,Suryagarha,Male ,Ali Nagar,Ajit  Kr Singh ,,9934757621.0,46.0,General,Rajput,"-Ajit Kr Singh | 46 | Gen. | Rajput |
-Ward Sadsya 2021 
-Ward sadsya Contested 2016 ",BSC Member,,,,,,,,,No,,,,,,
Lakhisarai,,,,Suryagarha,Male ,Shree Kishun,Vinod Kumar ,,9334980499.0,57.0,General,Bhumihar,"-Vinod Kumar | 57 | Gen.| Bhumihar | 
PACS member 2014 ",BSC Member,,,,,,,,,No,,,,,,
Lakhisarai,,,,Suryagarha,Male ,NP Surajgarha,Chandan Kumar,,8757220035.0,29.0,EBC,Kanu,"- Chandan Kumar | 29 | EBC | Kanu |
- Defecto Ward Parshad (His wife - Jyoti Kumari) N P Ward No.24  Suryagadha since 2022 to till date.
- His wife named Jyoti Kumari is an Incumbent Ward Parshad from N P ward No 24 Suryagadha since 2022 to till date.
- Active as a social worker.
- He follows the ideology of Prashant Kishore.",BSC Member,,,,,,,,,No,,,,,,
Lakhisarai,,,,Suryagarha,Male ,NP Surajgarha,Sri Ramdular Shaw,,8002186018.0,47.0,EBC,Kanu,"- Ramdular Shaw | 47 | EBC | Kanu |
- Defecto Ward Parshad N P Ward No.24  Suryagadha since 2022 to till date.
- His daughter in law named Jyoti Kumari is an Incumbent Ward Parshad from N P ward No 24 Suryagadha since 2022 to till date.
- Ex Ward Member from Jakarpura Panchayat Ward No 09 Suryagadha since 2016 to 2021.
- Active as a social worker.
- He follows the ideology of Prashant Kishore.",BSC Member,,,,,,,,,No,,,,,,
Lakhisarai,,,,Suryagarha,Male ,NP Surajgarha,Ravishankar Paswan,,9931295106.0,50.0,SC,Dusadh,"- Ravishankar Paswan | 50 | SC | Dusadh |
- Defecto Ward Parshad N P Ward No.23  Suryagadha since 2022 to till date.
- His wife named Jugali Devi is an Incumbent Ward Parshad from N P ward No 24 Suryagadha since 2022 to till date.
- Active as a social worker.
",BSC Member,,,,,,,,,No,,,,,,
Lakhisarai,,,,Suryagarha,Male ,NP Surajgarha,Amrit Bhai Patel,,94714606663.0,42.0,EBC,Dhanuk,"- Amrit Bhai Patel | 42 | EBC | Dhanuk |
- Incumbent Ward Parshad N P Ward No 02 Suryagadha since 2022 to till date.
- Incumbent Pacs President since Nov 2024 to till date.
- JDU Nagar President from Suryagadha NP since 2022 to till date.
- Bihar-Jharkhand Biscoman Pratinidhi (Elected) since Oct 2024 to Dec 2024.
- His mother named Meena Devi is an Ex Pacs President since 2006 to 2021.
",BSC Member,,,,,,,,,No,,,,,,
Lakhisarai,,,,Suryagarha,Male ,Salempur East,Sanjay Mahto ,,9431265348.0,50.0,OBC,Kurmi,"-Sanjay mahto | 50 | OBC | Kurmi | 
-Ex Mukhiya 2006 
-Two Time Defecto Mukhiya 2011 nd 2016 ",BSC Member,,,,,,,,,No,,,,,,
Lakhisarai,,,,Suryagarha,Female ,Salempur East,Priti Suman ,,9504203747.0,30.0,OBC,Kurmi,"-Priti Suman | 30 | OBC  | Kurmi | 
-Mukhiya Contested 2021 
-she is very articulate in speaking ",BSC Member,,,,,,,,,No,,,,,,
Lakhisarai,,,,Suryagarha,Male ,Salempur East,Sandip Kumar ,,8210862002.0,52.0,EBC,Dhanuk,"-Sandip Kumar | 52| Dhanuk | EBC |
-Vidhansabha Contested 2020 
-Poltical active person ",BSC Member,,,,,,,,,No,,,,,,
Lakhisarai,,,,Suryagarha,Male ,Khawa Rajpur,Parveen Kumar ,,9852318436.0,42.0,EBC,Dhanuk,"-Parveen Kumar | 42 | EBC | Dhanku | 
-Four Time BDC Continue since 2006 
-Associate with JDU Since 10 years ",BSC Member,,,,,,,,,No,,,,,,
Lakhisarai,,,,Suryagarha,Male ,Gosaith,Ravindar Singh ,,8051204785.0,68.0,General,Bhumihar,"-Ravindar Singh | 68 | Gen.| Bhumihar | 
-JP Senani 1977 ( 30 june 1975 munger jail )",BSC Member,,,,,,,,,No,,,,,,
Lakhisarai,,,,Suryagarha,Male ,Ghosaith,"Niraj Kumar 
Urf Agam Kumar ",,9065980120.0,51.0,General,Bhumihar,"-Niraj Kumar Urf Agam Kumar |51 | Gen.|Bhumihar | 
-Ex-Mukhiya 2011
-Two Time Mukhiya Runner UP 2016 nd 2021 
-BJP Member Since 10 yrs ",BSC Member,,,,,,,,,No,,,,,,
Lakhisarai,,,,Suryagarha,Male ,Ghosaith,Devendar Parsad Singh ,,8434661495.0,68.0,General,Bhumihar,"-Devendar Parsad Singh | 68 | Gen.| Bhumihar | 
-Two Time Ex Mukhiya 2011 nd 2006 
-Good Hold In His Panchyat ",BSC Member,,,,,,,,,No,,,,,,
Lakhisarai,,,,Suryagarha,Male ,Khawa Rajpur,Ashwani Jalan  ,,9931696478.0,58.0,General,,"-Ashwani Kumar Jalan | 58 | Gen. | Marawari | 
-Businessmen  Chimmini SDJ 
",BSC Member,,,,,,,,,No,,,,,,
Lakhisarai,,,,Suryagarha,Male ,Ghosaith,Amresh Kumar  Urf Alok ,,9631293101.0,48.0,General,Bhumihar,"-Amresh Kumar Urf Alok |48 | Gen.| Bhumihar |
.-Incumbent Mukhiya 2021 
-ASSOciate with Prahlad Yadav ",BSC Member,,,,,,,,,No,,,,,,
Lakhisarai,,,,Suryagarha,Male ,Ali Nagar,Rajesh Kumar ,,8709676344.0,54.0,General,Bhumihar,"Rajesh Kumar | 54 | Gen. | Bhumihar

-ZP Contested 2021 
-Associate With BJP ",BSC Member,,,,,,,,,No,,,,,,
Lakhisarai,,,,Suryagarha,Male ,Amarpur,Batohi Yadav ,,9939552013.0,36.0,OBC,Yadav,"Batohi Yadav | 36 | OBC | Yadav 

-Ex-BDC  2016 
-Associated With RJD ",BSC Member,,,,,,,,,No,,,,,,
Lakhisarai,,,,Suryagarha,Male ,Budhauli Bankar,Sanjay Yadav ,,8434661587.0,48.0,OBC,Yadav,"Sanjay Yadav | 48 | OBC | Yadav 

-Defecto Incumbent Mukhiya ( Tetri Devi ) 2021 
-Associated With RJD ",BSC Member,,,,,,,,,No,,,,,,
Lakhisarai,,,,Suryagarha,Male ,Budhauli Bankar,Ravindar Yadav ,,9661241822.0,45.0,OBC,Yadav,"Ravindar Yadav |45 | OBC | Yadav 

-Ward Memeber Of Budhauli Bankar Panchayat 2021 ",BSC Member,,,,,,,,,No,,,,,,
Lakhisarai,,,,Suryagarha,Male ,Budhauli Bankar,Ganesh Kod ,,9523295908.0,64.0,ST,,"Ganesh Kod | 64 | ST | Kod 

-Incumbent Sarpanch 2021 ( Defecto Pankaj Singh )",BSC Member,,,,,,,,,No,,,,,,
Lakhisarai,,,,Suryagarha,Male ,Budhauli Bankar,Manish Kr Sharma,,7903983370.0,32.0,EBC,Badhai,"Manish Kr Sharma | 32| EBC | Badhai 

-Incumbent BDC 2021 
-Poltically Active Person ",BSC Member,,,,,,,,,No,,,,,,
Lakhisarai,,,,Suryagarha,Female ,Budhauli Bankar,Megha Rani ,,7903392807.0,25.0,General,Bhumihar,"Megha Rani | 25 | Gen.| Bhumihar 

-Vocal & Active In Panchayat 
-Contested university library secertery independent ",BSC Member,,,,,,,,,No,,,,,,
Lakhisarai,,,,Suryagarha,Male ,Budhauli Bankar,Dharmendar Kumar ,,6201809769.0,54.0,General,Bhumihar,"Dharmendar Kr | 54 | Gen. | Bhumihar 

-  Defecto Mukhiya Contested 2021 
-GOVt. Teachers in Jhrkhand 
-poltically Active in Panchayat ",BSC Member,Switched off,,,,,,,,No,,,,,,
Lakhisarai,,,,Suryagarha,Male ,Chandan Pura,Ratneshwar Parsad Shukala ,,9771167528.0,50.0,General,Brahmin,"-Ratneshwar Parsad Shukla | 50 | Gen.| Brahmin

-Ved Ji ( Ayurved ) Practitioners 20 yrs 
-BJP Supporter ",BSC Member,,,,,,,,,No,,,,,,
Lakhisarai,,,,Suryagarha,Male ,Bansipur,Ram Parsad Sah ,,9771806751.0,65.0,OBC,Teli,"-Ram Parsad Sah | 65 | OBC | Teli |
-Incumbent Sarpanch 2021 
- Two Term Contested Mukhiya 2006 & 2011",BSC Member,,,,,,,,,No,,,,,,
Lakhisarai,,,,Suryagarha,Male ,Madanpur,Dasrath Tori ,,8877537707.0,41.0,SC,Turi,"-Dashrath Tori | 41 | SC | Tori ( Bansh Fodwa ) 
-Contested BDC 2021 
-Associate with JDU ",BSC Member,,,,,,,,,No,,,,,,
Lakhisarai,,,,Suryagarha,Male ,Kiranpur,Lalit  Ram ,,8271006628.0,56.0,EBC,Kumhar,"-Lalit Ram | 56 | EBC | Kumhar |
-Mukhiya Contested 2021 
-Kumhar Leader In his Panchayat ",BSC Member,,,,,,,,,No,,,,,,
Lakhisarai,,,,Suryagarha,Male ,Ali Nagar,Rustaum Alam ,,7870844537.0,40.0,Minority,Muslim,"-Rushtaum Alam |40 | Minority 
- Olding Mistri 
- Good Hold in his community 
Associated with RJD ",BSC Member,,,,,,,,,No,,,,,,
Lakhisarai,,,,Suryagarha,Male ,NP Surajgarha,Harikant Paswan ,,7257871116.0,50.0,SC,Dusadh,"-Harikant Paswan | 50 | SC | Paswan 
-Ex-Ward Member Jagrpura ( now in NP ) 
-Poltically Active in NP ",BSC Member,,,,,,,,,No,,,,,,
Lakhisarai,,,,Suryagarha,Male ,Maheshpur,Ajay Kumar ,,7632803895.0,58.0,EBC,Kurmi,"-Ajay Kumar | 58 | EBC | Kurmi | 
-Mukhiya Contested 2021( 3rd Runner up) 
-Hosting a Cultural Program every year",BSC Member,,,,,,,,,No,,,,,,
Lakhisarai,,,,Suryagarha,Male ,Maheshpur,Sanjit Kumar ( Boss ) ,,8521769299.0,47.0,EBC,Kurmi,"-Sanjit Kumar ( Boss ) | 47 | EBC | Mahto | 
-Pacs President 2024 
-ZP Contested 2011 ( 4th Position) 
-Mukhiya Contested 2021 
-JDU maha sachiv 2014-15 ",BSC Member,,,,,,,,,No,,,,,,
Lakhisarai,,,,Suryagarha,Male ,Maheshpur,Pawan Kr Singh ,,8825348759.0,64.0,OBC,Kurmi,"-Pawan Kr Singh | 64| OBC | Kurmi | 
-Pacs Member 2024 
-REt. Govt . Teacher 2023 
-Contested Mukhiya 2021 
-BJP Supporter ",BSC Member,Not Able to give time,,,,,,,,No,,,,,,
Lakhisarai,,,,Suryagarha,Male ,Kaswa,Sanjay Krishana ,,9973800061.0,57.0,General,Bhumihar,"-Sanjay Krishana | 57 | Gen. | Bhumihar | 
-Ex-Mukhiya 2001 
-Associate With BJP ",BSC Member,,,,,,,,,No,,,,,,
Lakhisarai,,,,Suryagarha,Male ,Kaswa,Naresh Das ,,6200805514.0,58.0,SC,Dusadh,"-Naresh Das | 58 | SC | Das | 
-Two Term Sarpanch 2016 & 2021 -Till 
-JDU Supporter ",BSC Member,,,,,,,,,No,,,,,,
Lakhisarai,,,,Suryagarha,Male ,Kaswa,Rajiv Kumar Jha ,,9534300763.0,50.0,General,Brahmin,"-Rajiv Kr Jha | 50 | GEn. | Brahmin | 
- Defecto Incumbent  Ward Member ",BSC Member,,,,,,,,,No,,,,,,
Lakhisarai,,,,Suryagarha,Male ,Chandan Pura,Manish Yadav ,,8271180791.0,34.0,OBC,Yadav,"-Manish Yadav | 34 | OBC | Yadav |
-Defecto Ex -Up Mukhiya 2011 
- two term Mukhiya Contested 2016 & 2021 
-LJP Block adhakshy 2018-2024  ",BSC Member,,,,,,,,,No,,,,,,
Lakhisarai,,,,Suryagarha,Male ,Avgil Rampur,Parmod Kumar ,,8102422805.0,50.0,EBC,Kurmi,"-Parmod Kumar | 50 | EBC | Kurmi |
-Community Leader ( Kurmi ) 
-JDU Supporter ",BSC Member,,,,,,,,,No,,,,,,
Lakhisarai,,,,Suryagarha,Male ,Kawadpur,Arjun  Mishra ,,9931250856.0,35.0,General,Brahmin,"-Arjun Mishra | 35 | GEN. | Brhamin | 
- Ex BJP  Panchayt Adhakshy 2017-22 ",BSC Member,,,,,,,,,No,,,,,,
Lakhisarai,,,,Suryagarha,Male ,Kawadpur,Kamleshwari Prasad Mahato,,9801563980.0,58.0,OBC,Kurmi,"Kamleswari Prasad Mahto | 58 | MLA Contestant
- Two times MLA contestant from Suryagarha in 1995 and 2015
- Mukhiya Runner up 2001 
- ZP Contestant with 3800 votes in 2021 ",BSC Member,,,,,,,,,No,,,,,,
Lakhisarai,,,,Suryagarha,Male ,Avgil Rampur,Ram Pukar Paswan ,,7762905686.0,46.0,SC,Dusadh,"-Ram Pukar P aswan | 46 | SC| Paswan |
-EX-Sarpanch 2006 
-Contested Sarpanch 2011",BSC Member,,,,,,,,,No,,,,,,
Lakhisarai,,,,Suryagarha,Male ,Avgil Rampur,Mohd.  Sabir ,,8434217254.0,35.0,Minority,Muslim,"-Mohd. SAbir | 35 | Minority | Muslim | 
-PDS  Dukaandaar  2012 ",BSC Member,,,,,,,,,No,,,,,,
Lakhisarai,,,,Suryagarha,Male ,Avgil Rampur,Ravindar Rajak ,,9934289770.0,58.0,SC,Dhobi,"-Ravindar Rajak | 58 | SC | Dhobi | 
-Ex- Sarpanch 2006 
-Contested PS 2011 ",BSC Member,,,,,,,,,No,,,,,,
Lakhisarai,,,,Suryagarha,Male ,Avgil Rampur,Prem Thakur ,,9162569740.0,54.0,EBC,Badhai,"-Prem Thakur |54 | EBC | Nai | 
-Incumbent Sarpanch 2021 
-Ex - Sarpanch 2016 ",BSC Member,,,,,,,,,No,,,,,,
Lakhisarai,,,,Suryagarha,Male ,Avgil Rampur,Jogindar Paswan ,,9939660089.0,60.0,SC,Dusadh,"-Jogindar Paswan | 60 | SC | Dhobi | 
-Ex- UP sarpanch 2011 
-Incumbent  UP - Sarpanch 2021 ",BSC Member,,,,,,,,,No,,,,,,
Lakhisarai,,,,Suryagarha,Male ,Tajpur,Chandan Kumar,,8789917019.0,32.0,EBC,Teli,"-Chandan Kumar | 32 | EBC | Teli | 
- Incumbent Ward from Tajpur Panchayat ward no 04 since 2021 to till date.
- His younger brother Ajit Shaw is an Incumbent Sarpanch from Tajpur Panchayat since 2021 to till date.
- Active as a social worker.
- He follows the ideology of Prashant Kishore.",BSC Member,,,,,,,,,No,,,,,,
Lakhisarai,,,,Suryagarha,Male ,Avgil Rampur,Satish Yadav,Late Anil Yadav,9931683281.0,40.0,OBC,Yadav,"- Satish Yadav | 36 | OBC | Yadav | 
- 2 Times Ward Member Contestant from Avgil Rampur in 2021 and 2016 PRI Elections.
- Mukhiya contestant from Rampur Panchayat in 2011 PRI Election.
- He follows the ideology of Prashant Kishore.",BSC Member,,Obc President,Block PH,OBC,,,,,No,,,,,,
Lakhisarai,,,,Suryagarha,Male ,Tajpur,Pankaj Kumar,,6201319538.0,34.0,EBC,Kanu,"- Pankaj Kumar | 34 | EBC | Kanu | 
- 2 Times Defecto Incumbent Ward Member from Tajpur Panchayat since 2016 to till date.
- Won the election unopposed from his Tajpur Panchayat Ward no 03 for the post of Ward member in 2016 PRI Election.
-  He holds a good influence in his Panchayat.
- He is a Private Teacher and provides free coaching to poor students.
- He follows the ideology of Prashant Kishore.",BSC Member,Not in JSP,,,,,,,,No,,,,,,
Lakhisarai,,,,Suryagarha,Male ,Salempur East,Karelal Thakur,,9546565188.0,50.0,EBC,Nai,"Karelal Thakur|50|EBC|Nai
-Sarpanch Runnerup (2006)
-Associated with communist Party
-Panchayat Adhyaksh JDU (2010)",BSC Member,,,,,,,,,No,,,,,,
Lakhisarai,,,,Suryagarha,Male ,Salempur East,Anil Das,Nill,,55.0,SC,Chammar,"Anil Das|55|SC|Chammar
-Social Worker
-Four family members is in a Govt service
-Good hold in Das community",BSC Member,,,,,,,,,No,,,,,,
Lakhisarai,,,,Suryagarha,Male ,Salempur East,Kapildev Mahto,,8084645724.0,72.0,OBC,Kurmi,"Kapildev Mahto|72|OBC|Kurmi
-Sadsya Prakhand Karyakarini RJD (2005-2020)
-Farmer Activist",BSC Member,,,,,,,,,No,,,,,,
Lakhisarai,,,,Suryagarha,Male ,Salempur East,Sanjay Mahto,,7033454709.0,54.0,OBC,Kurmi,"Sanjay Mahto|54|OBC|Kurmi
- .3 times Mukhiya (2006,2011 and 2016)
. Adhyaksh Panchayati Raj Prakoshth JDU (2012-2016)
. Prabhari Surajgarha Vidhansabha JDU ( 2021)
.Mukhiya Sangh Adhyaksh Suryagarha Prakhand (2006-2021)
",BSC Member,,,,,,,,,No,,,,,,
Lakhisarai,,,,Suryagarha,Male ,Salempur East,Rakesh Kumar,,9097923041.0,41.0,EBC,Nai,"Rakesh Kumar|41|EBC|Nai
-Defacto incumbent sarpanch (2011-till)
-Sadsya Zila karyakarini samiti CPI
-Staunch Communist",BSC Member,,,,,,,,,No,,,,,,
Lakhisarai,,,,Suryagarha,Male ,Salempur East,Rahul Kumar,,7481072078.0,28.0,OBC,Kurmi,"Rahul Kumar|28|OBC|Kurmi
-Prakhand Prabhari BJP (2022-24)
-Prakhand Adhyaksh ASA Party 
-Popular Among Youths",BSC Member,,,,,,,,,No,,,,,,
Lakhisarai,,,,Suryagarha,Male ,Salempur East,Pramod Yadav,,9631311614.0,63.0,OBC,Yadav,"Pramod Yadav|63|OBC|Yadav
-Incumbent PACS (2009-till)
-Mukhiya Contestant (2016)
-Sarpanch Runnerup (2011)
-Unopposed Ward Sadsya (2006)
-Big Landlord ",BSC Member,,,,,,,,,No,,,,,,
Lakhisarai,,,,Suryagarha,Male ,Salempur East,Rajeshwari Yadav,,9661091103.0,45.0,OBC,Yadav,"Rajeshwari Yadav|45|OBC|Yadav
-Former Ward Sadsya (2016)
-Mukhiya Contestant ( 2011)",BSC Member,,,,,,,,,No,,,,,,
Lakhisarai,,,,Suryagarha,Male ,Bansipur,Subodh Kumar,,9113440521.0,40.0,OBC,Kurmi,"Subodh Kumar | 40 | OBC  | Kurmi
- Sarpanch Contestent 2021
- Ex Sarpanch (2016-2021)",BSC Member,,,,,,,,,No,,,,,,
Lakhisarai,,,,Suryagarha,Male ,Bansipur,Niraj Kumar,,9798680463.0,19.0,EBC,Mallah,"Niraj Kumar| 19 |EBC | Mallah
Defecto Ward Sadasya 2021-till (mother - Tetri Devi)
Ward 2",BSC Member,,,,,,,,,No,,,,,,
Lakhisarai,,,,Suryagarha,Male ,Bansipur,Dablu Khan,,8936899692.0,40.0,Minority,Muslim,"Dablu Khan |40| Muslim
Defecto Incumbent BDC 2021-till (Wife- Reshma Khatoon)
BDC contestent 2016
",BSC Member,,,,,,,,,No,,,,,,
Lakhisarai,,,,Suryagarha,Male ,Bansipur,Navin Kumar,,6200223466.0,21.0,OBC,Kurmi,"Navin Kumar|21|EBC|Kurmi
BDC runner up 2021
Ex- BDC 2016",BSC Member,,,,,,,,,No,,,,,,
Lakhisarai,,,,Suryagarha,Male ,Bansipur,Dasharath Prashad Mahato,,8797323328.0,62.0,OBC,Kurmi,"Dasharath Prashad Mahato| 62 | OBC | Kurmi
Sarpanch Contestent 2021
Sarpanch Contestent 2016
",BSC Member,,,,,,,,,No,,,,,,
Lakhisarai,,,,Suryagarha,Male ,Bansipur,Pankaj Kumar,,7992422190.0,38.0,OBC,Kurmi,"Pankaj Kumar| 38| OBC| Kurmi 
Defacto Ward Sadasya 2021-till (Mother - Krishna Devi)
His father was Former PACS Adhyaksh ",BSC Member,,,,,,,,,No,,,,,,
Lakhisarai,,,,Suryagarha,Male ,Bansipur,Faruk Alam,,9431249906.0,25.0,Minority,Muslim,"Faruk Alam | 25 | Muslim
Defacto Ward Sadasya 2021-till (Brother - MD Sikendra Alam)
Medini Chawki Bajar committee Adhyaksh
",BSC Member,,,,,,,,,No,,,,,,
Lakhisarai,,,,Suryagarha,Male ,Kiranpur,Kiran Nandan Sao,,8521951130.0,39.0,EBC,Teli,"Kiran Nandan Sao | 39 | Teli
-Incumbent Ward Sadasya
-Panchayat Adhyksha JDU 2015-2020",BSC Member,,,,,,,,,No,,,,,,
Lakhisarai,,,,Suryagarha,Male ,Kiranpur,Rajendra Prasad Warma,,9801830405.0,75.0,OBC,Bania,"Rajendra Prasad Warma | 75 | Bania
-Retired Teacher 1975 to 2010
-Good hold in his Panchayat",BSC Member,,,,,,,,,No,,,,,,
Lakhisarai,,,,Suryagarha,Male ,Kiranpur,Grees Thakur,,8521153887.0,48.0,EBC,Nai,"Grees Thakur | 48 | Nai
-Incumbent BDC 2 term
-Ward Sadasya 2011",BSC Member,,,,,,,,,No,,,,,,
Lakhisarai,,,,Suryagarha,Male ,Kawadpur,Om Prakash Mahto,,9931266274.0,70.0,OBC,Kurmi,"Om Parkash Mahto | 70 | OBC | Kurmi 
- Incumbent Sarpanch 
- Community Leader ",BSC Member,,,,,,,,,No,,,,,,
Lakhisarai,,,,Suryagarha,Male ,Kawadpur,Rita Tanti ,,9934705452.0,55.0,SC,Tatwa,"Rita Tanti |55 | SC | Tanti 
- Former Mukhiya 2006 
- Mukhiya Contestent 2011,2016,2021",BSC Member,,,,,,,,,No,,,,,,
Lakhisarai,,,,Suryagarha,Male ,Kawadpur,Dablu Singh ,,8298134471.0,45.0,OBC,Kurmi,"Dablu Singh | 45 | OBC | Kurmi 
-  Former  Defacto Mukhiya of Sudha kri.  2006 
- Mukhiya Contestent 2011
- Strong hold in Konnipur",BSC Member,,,,,,,,,No,,,,,,
Lakhisarai,,,,Suryagarha,Male ,Kawadpur,Mukesh Chand Verma ,,9006507712.0,65.0,OBC,Kurmi,"Mukesh Chand Verma | 65 | OBC | Kurmi 
- Former BDC 2011 
- BDC CONTESTENT 2001,06,16,21",BSC Member,,,,,,,,,No,,,,,,
Lakhisarai,,,,Suryagarha,Male ,Kawadpur,Sandesh Patel ,,9955535556.0,48.0,OBC,Kurmi,"Sandesh Patel | 48 | OBC | Kurmi 
- Mukhiya Defacto Runner up of Priti suman 2021
- Mukhiya Runner up 2011 
- Now Goverment Teacher ",BSC Member,Uninterested in PH,,,,,,,,No,,,,,,
Lakhisarai,,,,Suryagarha,Male ,Kawadpur,Vinod Mandal ,,"9771683386
9955104939",56.0,OBC,Kurmi,"Vinod Mandal | 56| OBC | Dhanuk 
- Former Defacto Sarpanch of his Wife Mukani Devi 2011-16
- Sarpanch Contestent 16 
- Mukhiya contestent 2006",BSC Member,,,,,,,,,No,,,,,,
Lakhisarai,,,,Suryagarha,Male ,Kawadpur,Awdesh Kumar urf Dablu ,,6205005674.0,42.0,OBC,Kurmi,"Awdesh Kumar | 42| OBC | Kurmi 
- Former Sarpanch 2016 
- Sarpanch Contestent 2021 
- Farmer ",BSC Member,,,,,,,,,No,,,,,,
Lakhisarai,,,,Suryagarha,Female ,Khawa Rajpur,Savita Devi,,9852323770.0,50.0,EBC,Mallah,"Savita Devi | 50 | EBC- Mallah
Incumbent sarpanch Defecto Sakaldev Mahato
Formar ward Member 2011 And 2016  
Not Associate With any Political Party ",BSC Member,,,,,,,,,No,,,,,,
Lakhisarai,,,,Suryagarha,Male ,Khawa Rajpur,Pravin Kumar,,5852318436.0,41.0,OBC,Yadav,"Pravin Kumar | 41 | OBC-Yadhav
Incumbent BDC From 2016
Formar panch 2011 To 2016
JDU Panchayat President 2015 To 2020
JDU Prakhand Up President From 2021
Profession : Farmer And Politician",BSC Member,,,,,,,,,No,,,,,,
Lakhisarai,,,,Suryagarha,Male ,Khawa Rajpur,Mukesh Kumar,,7992272873.0,45.0,OBC,Kurmi,"Mukesh Kumar | 45 | OBC- Kurmi
-BDC Contenstant 2021
-His Brother Was 2 Term BDC 2001 To 2011
Profession : Farmer ",BSC Member,,,,,,,,,No,,,,,,
Lakhisarai,,,,Suryagarha,Male ,Toralpur,Simesh Mahto,,7862941735.0,40.0,OBC,Yadav,"Simesh Yadav | 40 | Male | OBC | Yadav

- Sarpanch Contestant in 2021.
- Associated with RJD Party.",BSC Member,,,,,,,,,No,,,,,,
Lakhisarai,,,,Suryagarha,Male ,Toralpur,Vijay Ram,,7634065104.0,45.0,EBC,Chandravanshi,"Vijay Ram | 45 | Male | EBC | Chandravanshi

- Incumbent BDC from Toralpur Panchayat with 1684 votes 
- BDC Runner-up 2016",BSC Member,,,,,,,,,No,,,,,,
Lakhisarai,,,,Suryagarha,Male ,Toralpur,Ram Padarath Sahni,,6201919822.0,34.0,General,Bhumihar,"Avinash Jyoti | 34 | Male | General | Bhumihar

- Defecto Incumbent Sarpanch from 2021-Present, securing 1050 votes (wife : Madhu Kumari)
- Defecto Mukhiya contestant in 2016 ",BSC Member,,,,,,,,,No,,,,,,
Lakhisarai,,,,Suryagarha,Male ,Toralpur,,,9199760886.0,42.0,EBC,Mallah,"Ram Padarath Sahni | 42 | Male | EBC | Mallah

- Prakhand Adhyaksh - Jan Vitaran Pranali Vikreta From 2019 to present.
- Active in Prakhand politics & Straong hold in Mallah voters.",BSC Member,,,,,,,,,No,,,,,,
Lakhisarai,,,,Suryagarha,Male ,Toralpur,Pankaj Kumar,,7050560150.0,40.0,EBC,Badhai,"Pankaj Kumar | 40 | Male | EBC | Badhai

- Ex BDC in 2021.
- BDC Contestant in 2016.
BDC Contestant in 2011.",BSC Member,,,,,,,,,No,,,,,,
Lakhisarai,,,,Suryagarha,Male ,Kawadpur,Ram Chandar Mandal ,,8969999199.0,75.0,OBC,Kurmi,"Ram Chandar Mandal | 75 | OBC | Kurmi 
- Former Pacs chairman 2019 
- Pacs Runner up 2024
- Z.p Contestent 2011",BSC Member,,,,,,,,,No,,,,,,
Lakhisarai,,,,Suryagarha,Male ,Kawadpur,Bangali Mahto ,,6287133293.0,73.0,OBC,Kurmi,"Bangali Mahto | 73 | OBC | Kurmi 
- Incumbent Pacs Chairmen 
- Gitte & Cement Business ",BSC Member,,,,,,,,,No,,,,,,
Lakhisarai,,,,Suryagarha,Male ,Salempur East,Dashrath Mahto,,6201888807.0,58.0,OBC,Kurmi,"Dashrath Mahto|58|OBC|Kurmi
-Incumbent BDC (2011,2016 and 2021)
-Good hold on kurmi samaj",BSC Member,,,,,,,,,No,,,,,,
Lakhisarai,,,,Suryagarha,Male ,Madanpur,Alok Kumar Paswan ,,9546 769699,37.0,SC,Dusadh,"Alok kumar | 37| SC| Dusadh

-Sur Sangram Session 1 winner(2009)
- Brand ambassador of election commission for Lakhisarai
- More than 1000 song album release 
- More than 300 songs in Bhojpuri movie 
-Do more the 10 movies as a hero in the bhojpuri industry 
-Recently doing a role in Ayodhya files movie with Sunny deol
- Recently Trending song Ye prayagraj hai ( 6.3 Million views)",BSC Member,,,,,,,,,No,,,,,,
Lakhisarai,,,,Suryagarha,Male ,Shree Kishun,Jawahar Yadav ,,9798072752.0,42.0,OBC,Yadav,"-Jawahar Yadav | 42 | OBC | Yadav 
-Incumbent Ward Sadsya 2021 
-Incumbent Up - Mukhiya 2021 
-Ex- Ward Sadsya 2016 
",BSC Member,,,,,,,,,No,,,,,,
Lakhisarai,,,,Suryagarha,Male ,Shree Kishun,Lalan Kumar ,,9472887246.0,27.0,EBC,Tatwa,"-Lalan Kumar | 27 | EBC | Tanti 
-Incumbent Ward Sadsya 2021 ",BSC Member,,,,,,,,,No,,,,,,
Lakhisarai,,,,Suryagarha,Male ,Shree Kishun,Naval Singh ,,6206565376.0,56.0,EBC,Dhanuk,"-Naval Singh | 56 | EBC | Dhanuk 
-Incumbent Ward sadsya 2021 
- Ex-Ward Sadsya 2016 
-Ex Up -Mukhiya 2016 ",BSC Member,,,,,,,,,No,,,,,,
Lakhisarai,,,,Suryagarha,Male ,Shree Kishun,Neelam Devi ,,8298884461.0,46.0,EBC,Dhanuk,"-Neelam Devi | 46 | EBC | Dhanuk 
-Incumbent Wars Sadsya 2021 
-Ex- Ward Sadsaya 2016 
-Panchyat Samiti Contested 2011 
-Sachiv In Govt Sachool 2017 ",BSC Member,,,,,,,,,No,,,,,,
Lakhisarai,,,,Suryagarha,Male ,Khawa Rajpur,Santosh Kumar ,,9097719872.0,30.0,OBC,Kurmi,"-Santosh kumar |30 | OBC | Kurmi 
-Youth Leader In Khawa Rajpur 
-Panchyat Samiti Contested 2021 ",BSC Member,,,,,,,,,No,,,,,,
Lakhisarai,,,,Suryagarha,Female ,Khawa Rajpur,Viva Devi ,,8789745401.0,38.0,EBC,Mali (Malakar),"-Viva Devi | 38| OBC | Mali |
-First Tiem Incumbent Ward memeber 2021 ",BSC Member,,,,,,,,,No,,,,,,
Lakhisarai,,,,Suryagarha,Male ,Tajpur,Mirtunjay Kumar ,,9508551146.0,51.0,OBC,Kurmi,"-Mirtunjay Kumar |51| OBC | Kurmi |
-Mukhiya Contested 2nd runner up  2001 ",BSC Member,His son is diaable . So he can't give time properly.,,,,,,,,No,,,,,,
Lakhisarai,,,,Suryagarha,Male ,NP Surajgarha,Krishna Kumar ,,9097939451.0,24.0,EBC,Teli,"-Krishana Kurmar | 24 | EBC | Teli | 
-Adhkash youth puja mandal NP since 3 yrs 
-Doing Job in Amazon ",BSC Member,,,,,,,,,No,,,,,,
Lakhisarai,,,,Suryagarha,Male ,Kiranpur,Chandan Kumar,,9199226612.0,31.0,OBC,Kurmi,"-Chandan Kumar  |31| OBC | Kurmi |
- Defecto Ward sadsya 2021 
-Runs CSP Bank in panchyat  ",BSC Member,,,,,,,,,No,,,,,,
Lakhisarai,,,,Lakhisarai,Male ,,Ravikar Kumar,,8507158755.0,44.0,OBC,Kushwaha,"- MLA contestant (Lok Dal), 2015
- Former Zila Adhyaksh in JAP (2017-2019)
- Owner of Neha Hospital, Lakhisarai",Zila Upadhyaksh,,,,,,,,,No,,,,,,
Lakhisarai,,,,Lakhisarai,Male ,,Dhairyanand Sharma ,,6200584931.0,40.0,GEN,Bhumihar,"- Member of State Committee BJP(2016-2018)
- Former District General Secretary BJYM(2014-2015)
- 10 years Purnakalik at ABVP (2000-2010)",Zila Upadhyaksh,,,,,,,,,No,,,,,,
Lakhisarai,,,,Lakhisarai,Male ,,Devan Yadav,,9102872847.0,60.0,OBC,Yadav,"
- Former Up Pramukh (2016-21) 
- 2 times BDC (2016-present)
",Zila Upadhyaksh,,,,,,,,,No,,,,,,
Lakhisarai,,,,Suryagarha,Male ,,Rahul Kumar,,7481072078.0,36.0,OBC,Kurmi,"- Vidhansabha Prabhari in JDU, 2020
 Zila Adhyaksh in ASA Party (Jan 2025- May 2025)
- Defacto ZP contestant, 2021
- Prakhand Adhyaksh in JDU (2020-22)",Zila Upadhyaksh,Resigned from party,,,,,,,,No,,,,,,
Lakhisarai,,,,Lakhisarai,Female ,,Madhuri Devi,,8083830628.0,50.0,EBC,Jaisawal (Baniya),"ZP contestant, 2021
Former Prakhand Adhyaksh of Mahila Morcha in BJP (2020-24)
",Zila Upadhyaksh,,,,,,,,,No,,,,,,
Lakhisarai,,,,Lakhisarai,Male ,,Munna Kumar Urf Karan Bahi ,,"8210330422
 9709436371",40.0,EBC,Kanu,"
- Vice President - Vanijya Sangh, Surajgarha 
- General Secretary of Ati Pichda-Dalit-Vaisya Mahasangh
- District Convenor of Janta Seva Samiti
- Pradesh Upadhyaksh and Munger Pramandal Adhyaksh - Kanu Vikas Sangh
- Grandfather Late Triveni Halwai- Freedom Fighter 
- Father Sahdev Prasad Azad- Social Justice Movement 
- Earlier associated with BJP for last five years",Zila Upadhyaksh,,,,,,,,,No,,,,,,
Lakhisarai,,,,Lakhisarai,Male,,Jitendra Kumar,,9472813511.0,42.0,EBC," Chandravansi

","-3 term PACS Adhyaksh (2014- Present)
- PACS President - Chanan Block from (2022-Present)
- Former De-facto Mukhiya (2016-21)
- De-facto Mukhiya Runnerup in 2021
- Owner of Indian Gas Godown ",Zila Upadhyaksh,,,,,,,,,No,,,,,,
Lakhisarai,,,,Lakhisarai,Male,,Paras Paswan,,9661716153.0,58.0, SC ," Dusadh

","- Former Mukhiya (2016-21) 
- BJP Zila Upadhyaksh- Panchayati Raj Prakosth (2022-24)
- Mukhiya runner-up (2021)
",Zila Upadhyaksh,not agree,,,,,,,,No,,,,,,
Lakhisarai,,,,Lakhisarai,Male,,Arun Kumar,,"9507511839
7991100267",39.0,SC," Dusadh

","
- Incumbent PACS Adhyaksh from (2014-Present)
- Father was PACS Adhyaksh from (2009-14)
- His Uncle was Mukhiya (2006-16)",Zila Sachiv,,,,,,,,,No,,,,,,
Lakhisarai,,,,Lakhisarai,Male,,Anant Kumar Mishra,,9097012829.0,39.0, General ,"Bhumihar

","Anant Kumar Mishra | 39  | Male | General | Bhumihar

- Prominent  Businessman. 
- Owner of two ITI colleges,  located in Lakhisarai and the other in Bihar Sharif.
",Zila Sachiv,,,,,,,,,No,,,,,,
Lakhisarai,,,,Lakhisarai,Male,,Ramanuj Singh,,6207128503.0,62.0,GEN,Bhumihar,"""- Rtd. Head Master of 10+2 Govt. School, 2020
- Joint Secretary of Madhyamik Shikshak Sangh (2010-15)""",Zila Sachiv,,,,,,,,,No,,,,,,
Lakhisarai,,,,Lakhisarai,Male,,Shiv Nandan Prasad,,9546231119.0,72.0, EBC ," Kanu
 
","Shiv Nandan Prasad | 72 | Male | EBC | Kanu
 
-Incumbent Sarpanch (2021- Present)
- 4 term Sarpanch (2006-Present) 
- Renowned RMP with 47 years of experience.
- Elder son- Rtd. JCO (Indian Army)",Zila Sanrakshak,,,,,,,,,No,,,,,,
Lakhisarai,,,,Lakhisarai,Male,,Bramdev Yadav,,"9801589011
8298023095",70.0, OBC ," Yadav

","Bramdev Yadav | 72 | Male | OBC | Yadav

- Incumbent Mukhiya 2021
- 2 term Former Mukhiya 2001,2006
- Mukhiya Runner-up in 2011 and 2016
- Strong Hold on Yadav community",Zila Sanrakshak,,,,,,,,,No,,,,,,
Lakhisarai,,,,Lakhisarai,Male,,Dr. Dhirendra Singh,,9204521927.0,70.0, General ," Bhumihar 

","Dr. Dhirendra Singh | 70 | Male | General | Bhumihar 

- Rtd. Govt. doctor (MBBS & MS)
- Runs ENT clinic in Lakhisarai since 1991
- ZP Contestant, 2006
- Father, Late Yaduvansh Singh, was MLA  from RJD(1995-2000)",Zila Sanrakshak,,,,,,,,,No,,,,,,
Lakhisarai,,,,Lakhisarai,Male,,Suresh Prasad Singh,,8210063383.0,65.0, General ," Bhumihar

","Suresh Prasad Singh | 65 | Male | General | Bhumihar

- Retired DEO- Munger (2021)
- District Program Officer- Sheikhpura (2014- 17)
- Lecturer- Govt. Inter College (1990-2013)
- +2 Math Teacher at Kendriya Vidyalaya at Katriaya Nagar, Rajasthan (1984-88).
- Writer of Guides and Books at MBD, Patna ",Zila Sanrakshak,,,,,,,,,No,,,,,,
Lakhisarai,,,,Lakhisarai,Male,,Ramdev Koda,,7050713362.0,62.0,ST, Munda,"Ramdev Koda | 60 | Male | ST| Rajput

- Rtd. DDO (Drawing & Disbursing Officer), 2024
- Rtd. Govt. Teacher
",Zila Sanrakshak,,,,,,,,,No,,,,,,
Lakhisarai,,,,Lakhisarai,Male,,Raspati Pandey,,6200405539.0,64.0,Gen,Brahmin,"Raspati Pandey| Male | 64 | General | Brahmin

- J.P. Senani (Bhagalpur Jail)
- Pradesh Sachiv in LJP-R (2020-present)
- Former chairman of Lakhisarai NP (2012-17)
- Former Zila Adhyaksh in JDU (2004-14)
- Former Zila Adhyaksh and Founding Member of Samta Party (1998-2004)
",Zila Adhyaksh,,,,,,,,,No,,,,,,
Lakhisarai,,,,Lakhisarai,Male,,Sharwan Kumar Aanad,,9430088212.0,52.0, EBC ," Teli 

","Sharvan Aanand | 52 | Male | EBC | Teli 

- Former District President of Youth Congress 
- Former Member of the District working Committee of CPM",Zila Upadhyaksh,,,,,,,,,No,,,,,,
Lakhisarai,,,,Lakhisarai,Male,,Dharmendra Kumar,,9204517211.0,53.0, OBC ,Baniya ,"Dharmendra Kumar | 53 | Male | OBC | Bania

- Zila Adhyaksh- School Association (2018- Present)
- Zila Adhyaksh- Student Welfare Association (2013- Present)
- Former District President of SFI (1992-1997)
- Director- Daffodils Public School",Zila Upadhyaksh,"He is associated with the Jan Suraaj Party, but at present, he is not willing to work in the organization by taking any position.",,,,,,,,No,,,,,,
Lakhisarai,,,,Lakhisarai,Male,,Dr. Shivdani Sharma,,9572568549.0,50.0, EBC," Nai

","Dr. Shivdani Sharma | 50 | Male | EBC | Nai

- Allopathy Physician  at his own clinic (Life Line Clinic)
- Shivsena Zila Adhyaksha (2004-2009)
- Ati Pichada Prakoshth Zilla Adhyaksha BJP (2009-2019) 
- 3 term Mukhiya Runner-up Lakhisarai (2011, 2016 and 2021)",Zila Upadhyaksh,,,,,,,,,No,,,,,,
Lakhisarai,,,,Lakhisarai,Male,,Pankaj Kumar,,7061140502.0,47.0, EBC ," Chandravansi

","Pankaj Kumar| 47| Male | EBC |Chandravanshi.

- Defacto Zila Parishad Contestant 2021(8,501 votes)
- Mother Shaila Devi Mukhiya Runnup 2011.
- Served 26 years in CRPF.
- Operating a Truck Business.",Zila Upadhyaksh,Not be able to give time,,,,,Switch Off,,,No,,,,,,
Lakhisarai,,,,Lakhisarai,Male,,Vijay Kumar Shukla ,,"7463959222
7970495349",50.0, General , Brahmin ,"Vijay Kumar Shukla | 50 | General | Brahmin | M.A. (Philosophy)

- Incumbent Sarpanch (2021-Present) from Ballopur 
- Former ABVP Nagar Adhyaksh Khuti (1990-2012)
- Former Sachiv of Banwasi Kalyan Kendra (2014-2019)",Zila Upadhyaksh,,,,,,,,,No,,,,,,
Lakhisarai,,,,Lakhisarai,Male,,Nazir Baig,,9955765702.0,58.0,Minority,"Muslim

","Nazir Baig | 58  Male | Minority | Muslim

- Pradesh Sachiv Panchayati Raj Prakoshth in RJD (2024 to present)
- Zila Adhyaksh Panchayati Raj Prakoshth in RJD (2021-24)
- De-facto Ex-Mukhiya in 2016, securing 1141 votes.
- Mukhiya Runner UP in 2001.
- Defacto Mukhiya runner up in 2021, securing 1991 votes. (wife : Nazma Begum). 
- Strong hold in SC Community. ",Zila Upadhyaksh,,,,,,Not Received ,,,No,,,,,,
Lakhisarai,,,,,,,Laal Singh,,8757459155.0,,GEN,Bhumihar," - Distt. Supplier of Mead Day Meal (2009-16)
- Got Yuva Krishi Samman by CM in 2000
-  RSS Pracharak for last 15 Years
",Zila Upadhyaksh,,,,,,,,,No,,,,,,
Lakhisarai,,,,Lakhisarai,Male,,Mahesh Yadav,,808496252.0,52.0, OBC ," Yadav

","Mahesh Yadav | 52 | Male | OBC | Yadav

- Former Pramukh (2001-2006) of Lakhisarai and Chanan
- Former Zila Adhyaksh of RJD Panchayati Raj Prakosth (2012-2017)
- Pradesh Mahasachiv of JAP (2017-2022)",Zila Mahasachiv,,,,,,,,,No,,,,,,
Lakhisarai,,,,Lakhisarai,Male,,Mithun kumar,,7717799675.0,35.0,OBC,Kurmi,"- Advocate in Distt. Court, Lakhisarai
- Prakhand Adhyaksh in JDU (2022-24)",Zila Sachiv,,,,,,,,,No,,,,,,
Lakhisarai,,,,Lakhisarai,Male,,Surendra Manjhi,,9262257836.0,39.0,SC,Musahar,"- HAM Party Parkhand Adhyaksh (2021-2025), 
- 3 time Ward Punch
- Up-Sarpanch (2010-15)
- Prakhand Committee Member in HAM for 10 Year ",Zila Sachiv,,,,,,,,,No,,,,,,
Lakhisarai,,,,Lakhisarai,Male,,Arun Kumar,,"9507511839
7991100267",,,SC,"Arun Kumar |39 | Male | SC | Dusadh

- Incumbent PACS Adhyaksh from (2014-Present)
- Father was PACS Adhyaksh from (2009-14)
- His Uncle was Mukhiya (2006-16)",Zila Sachiv,,,,,,,,,No,,,,,,
Lakhisarai,,,,Lakhisarai,Male,,Adv. Avinash Kumar,,9774103802.0,35.0,GEN,Bhumihar,"- Advocate in Distt. Court, Lakhisarai
- Distt. Gen. Secretary in Youth Congress (2010-15)
District president of Kishan Prakosth in ASA (2024-25)
",Zila Sachiv,,,,,,,,,No,,,,,,
Lakhisarai,,,,Lakhisarai,Male,,Sharan Malik,,,,, SC ,"Sharan Malik | 41 | Male | SC | Malik(Dom)

- Former Zila Adhyaksh Maha Dalit Prakosth - JDU
- Maha Dalit Vikas Manch Zila Adhyaksh (2015-24)JDU
- District Member SCDC (2005-10)
- BDC 1st runner up (2021)
 ",Zila Sachiv,,,,,,,,,No,,,,,,
Lakhisarai,,,,Lakhisarai,Male,,Sanjay Kumar,,7004982857.0,37.0,EBC,Dhanuk,"- Block Spokesperson in JDU (2021-24)
- Prakhand Yuva Adhyaksh in JDU (2017-21)",Zila Sachiv,,,,,,,,,No,,,,,,
Lakhisarai,,,,Lakhisarai,Male,,Dr. Ranjan Kumar,,6200560523.0,39.0,Gen,Bhumihar,"- Owner of Pramila Health Care Pvt. Ltd., Lakhisarai
-  B.A.M.S. Doctor",Zila Sachiv,,,,,,,,,No,,,,,,
Lakhisarai,,,,Lakhisarai,Male,,Pintu Singh,,7991185307.0,37.0,Gen,Bhumihar,"

-Social Activist
-Distt. President of NGO ""Manvadhikar Protection Organization, Delhi
-Got Bihar Ratna Award in 2022 by Helping Human and Sanskariti Foundation 
-Barahiya Nagar Parishad Chairman Contestant, 2022",Zila Sachiv,,,,,,,,,No,,,,,,
Lakhisarai,,,,Lakhisarai,Male,,Rajiv Kumar Sahu,,7678321420.0,36.0,EBC,Teli,"- Businessman
- Owner of PGL Pvt. Ltd. Company
- Manufacturer of spices",Zila Sachiv,,,,,,,,,No,,,,,,
Lakhisarai,,,,Lakhisarai,Male,,Pankaj Kumar,,9572529304.0,36.0,EBC,Nayi,"- Businessman
- Owner of Hero Motorcycle agency, Mananpur
- Social worker ",Zila Sachiv,,,,,,,,,No,,,,,,
Lakhisarai,,,,Lakhisarai,Male,,Ramraj,,9955713037.0,52.0,GEN,Bhumihar,"- Businessman
- Owner of Deoki Petrol Pump, Dariyapur
- Contractor
- bid for Govt. tender
- landlord",Zila Sachiv,,,,,,,,,No,,,,,,
Lakhisarai,,,,Lakhisarai,Male,,Santosh Sinha,,9113342804.0,50.0,GEN,Kayasth,"- Former Zila Adhyaksh of RLSP(S) [Arun Sinha]
- Nagar Ward Contestant, 2023",Zila Sachiv,,,,,,,,,No,,,,,,
Lakhisarai,,,,Lakhisarai,Female,,Pushpa Devi,,8084110368.0,50.0, General ,  Bhumihar,"Pushpa Devi | 50 | Gen | Bhumihar
Ex Zila Mahila Adhyaksh JDU 2003-2017
Former BDC 2006
Mukhiya Runner-up 2011",Zila Mahila Adhyaksh,,,,,,,,,No,,,,,,
Lakhisarai,,,,Lakhisarai,Male,,Kasturi Ranjan urf Dinesh Yadav,,7979751911.0,34.0, OBC , Yadav,"Kasturi Ranjan urf Dinesh Yadav | 34 | OBC | Yadav
 
- Incumbent PACS Chairman from Gohri Panchayat 
- Former Pramukh and BDC from 2016-2021
-His Brother was Mukhiya( 2006-2016)",Zila Yuva Adhyaksh,,,,,,,,,No,,,,,,
Lakhisarai,,,,Lakhisarai,Male,,Prem Kumar Gautam (Pankaj Singh),,9934696738.0,44.0,GEN,Bhumihar,"Prem Kumar 'Gautam' (Pankaj Singh) | Male | 44 | Gen| Bhumihar 

- Incumbent PACS President Surajgarha Block 
- 3 term PACS Adhayaksh (2014-Present) 
- Owner of a Brick Chimni in Suajgarha ",Zila Kisan Adhyaksh,,,,,,,,,No,,,,,,
Lakhisarai,,,,Lakhisarai,Male,,Amit Kumar,,7992280151.0,46.0,GEN,Bhumihar,"Amit Kumar| Male | 46 | Gen | Bhumihar

- Former Zila Adhyaksh in AAP (2018-21)
- State Secretary of NGO 'Jansankhya Samadhan Foundation' (2022-25)
- Zila Mahamantri of Dealer Sangh (2019-present)
- RCM dealer (2010-present)
- LIC Agent (2008-present) ",Zila Abhiyan Samiti Sanyojak,,,,,,,,,No,,,,,,
Lakhisarai,,,,Lakhisarai,Male,,Tuntun Parsad Singh,,9279389646.0,56.0, General , Bhumihar,"Tuntun Pd. Singh| 56 | Male | General | Bhumihar

 RTI Activist since 2006
 Reporter in Prabhat Khabar (2005-2008)
Founder of Tiny Tots Play School (Dhanbad), 2003
Active in PRI politics since 2002
 EX- CPI-ML cadre
 Ex-Member of Jharkhand Vikas Morcha (Babulal Marandi)
 Ex- Commissionerate member in Aam Admi Party (2014-2015)
Social Activist: did 4-days hunger strike against corruption in district administration in 2024",Zila Mukhya Pravakta,,,,,,,,,No,,,,,,
Lakhisarai,,,Lakhisarai,Suryagarha,,,Shiv Nandan Prasad,,9546231119.0,72.0, EBC ,Kanu,"Shiv Nandan Prasad | 72 | EBC | Kanu
 
-Incumbent Sarpanch (2021- Present)
- 4 term Sarpanch (2006-Present) 
- Renowned RMP with 47 years of experience.
- Elder son- Rtd. JCO (Indian Army)",Zila Sanrakshak,,,,,,,,,No,,,,,,
Lakhisarai,,,Lakhisarai,Channan,,,Brahmdev Yadav,,"9801589011
8298023095",70.0, OBC,Yadav,"Brahmdev Yadav|70|OBC|Yadav

- 3 term Incumbent Mukhiya, 2001-06, 2006-11 & 2021-Present
- Defacto Mukhiya Runner-up in 2011 & 2016",Zila Sanrakshak,,,,,,,,,No,,,,,,
Lakhisarai,,,Lakhisarai,Channan,,,Dr. Dhirendra Singh,,8210063383.0,70.0, General ," Bhumihar 

","Dr. Dhirendra Singh | 70 | Male | General | Bhumihar 

- Rtd. Govt. doctor (MBBS & MS)
- Runs ENT clinic in Lakhisarai since 1991
- ZP Contestant, 2006
- Father, Late Yaduvansh Singh, was MLA  from RJD(1995-2000)",Zila Sanrakshak,,,,,,,,,No,,,,,,
Lakhisarai,,,Lakhisarai,Pipariya,,,Suresh Prasad Singh,,8210063383.0,65.0,General,Bhumihar,"Suresh Prasad Singh | 65  | General | Bhumihar

- Retired DEO- Munger (2021)
- District Program Officer- Sheikhpura (2014- 17)
- Lecturer- Govt. Inter College (1990-2013)
- Writer of Guides and Books at MBD, Patna ",Zila Sanrakshak,,,,,,,,,No,,,,,,
Lakhisarai,,,Lakhisarai,Lakhisarai,,,Lakshmi Prasad Singh,,9204521927.0,70.0,  Gen ,Rajput,"Lakshmi Prasad Singh | 70  | General | Rajput

- Editor in chief in ""Lakhisarai Times"".
- Correspondant at the leading newspaper such as Times of India, Navbharat Times, Dainik Jagran, Hindustan, Aaj (1986-2005).
- Advocate in civil court, Lakhisarai (2011).
- President of Rotary Club, Jamui (2013).
- Zila Adhyaksh ""Akhil Bhartiya Angika Sahitya Kala Manch"" (2016).",Zila Sanrakshak,,,,,,,,,No,,,,,,
Lakhisarai,,,Lakhisarai,Lakhisarai,,,Ramdev Koda,,7050713362.0,,ST,Munda,"Ramdev Koda | 60 | Male | ST| Rajput

- Rtd. DDO (Drawing & Disbursing Officer), 2024
- Rtd. Govt. Teacher
",Zila Sanrakshak,,,,,,,,,No,,,,,,
Lakhisarai,,,Lakhisarai,Suryagarha,,,Amit Sagar,,9006452900.0,45.0,  OBC ,Kurmi,"Amit Sagar | 45 | OBC | Kurmi 

- Incumbent ZP 2021
- Former ZP 2011
-  BJP Zila Upadhyaksh ( 2019 - 24)
- 2 term Zila Parshad Runner-up (2006 and 2016)

",Zila Adhyaksh,,,,,,,,,No,,,,,,
Lakhisarai,,,Lakhisarai,Channan,,,Jitendra Kumar,,9472813511.0,42.0, EBC ,Chandarvanshi,"Jitendra Kumar|42|EBC|Chandravanshi

- 3 term PACS Adhyaksh (2014-Present)
- Incumbent PACS President of Chanan Block, 2022-Present
- Former Defacto Mukhiya, 2016-21
- Defacto Mukhiya Runnerup 2021", Zila Upadhyaksh,,,,,,,,,No,,,,,,
Lakhisarai,,,Lakhisarai,Pipariya,,,Rakesh Kumar,Late. Yugeswar Singh,9570500083.0,46.0,  Gen ,Bhumihar,"Rakesh Kumar | 46  | General | Bhumihar

- 3 term De-facto Mukhiya (2001-16)
- Mukhiya Runner-up 2021
- Tractor Dealership Agency.", Zila Upadhyaksh,,,,,,,,,No,,,,,,
Lakhisarai,,,Lakhisarai,Halsi,,,Paras Paswan,,096617 16153,58.0, SC,Dusadh,"Paras Paswan | 58  | SC | Dusadh

- Ex Mukhiya in 2016, securing 1268 votes.
- Mukhiya runner-up in 2021, securing 1561 votes. 
- BJP Zila Upadhyaksh- Panchayati Raj Prakosth (2022-24).", Zila Upadhyaksh,,,,,,,,,No,,,,,,
Lakhisarai,,,Lakhisarai,Suryagarha,,,Shankar Sharma (Mahraj ji ),Lt.Ramkishor Sharma ,9835697051.0,56.0,  Gen ,Bhumihar,"Shankar Sharma | 56 | EBC | Bhumihar 
- Mandalewsar of Thakur Badi in suryagarha (52 Thakur Badi in suryagarha)
- Advocate in Patna High Court 12 years  
- politically active person 
- RSS Member", Zila Upadhyaksh,,,,,,,,,No,,,,,,
Lakhisarai,,,Lakhisarai,Halsi,,,Nazir Baig,Ahmad Baig,9955765702.0,58.0, Minority,Muslim,"Nazir Baig | 58  | Minority | Muslim

- Pradesh Sachiv Panchayati Raj Prakoshth in RJD (2024 to present)
- Zila Adhyaksh Panchayati Raj Prakoshth in RJD (2021-24)
- De-facto Ex-Mukhiya in 2016, securing 1141 votes.
- Mukhiya Runner UP in 2001.
- Defacto Mukhiya runner up in 2021, securing 1991 votes. (wife : Nazma Begum). 
- Strong hold in SC Community. ", Zila Upadhyaksh,,,,,,,,,No,,,,,,
Lakhisarai,,,Lakhisarai,Suryagarha,,,Sharwan Kumar Aanad,,,52.0, EBC ,Teli,"Sharvan Aanand | 52 | EBC | Teli 
-Contested  Lok Sabha Election 2014 
- Former District President of Youth Congress 
- Former Member of the District working Committee of CPM", Zila Upadhyaksh,,,,,,,,,No,,,,,,
Lakhisarai,,,Lakhisarai,Lakhisarai,,,Dharmendra Kumar,Late Lakshmi Narayan Arya,9204517211.0,53.0, OBC ,Baniya,"Dharmendra Kumar | 53  | OBC | Bania

- Zila Adhyaksh- School Association (2018- Present)
- Zila Adhyaksh- Student Welfare Association (2013- Present)
- Former District President of SFI (1992-1997)
- Director- Daffodils Public School", Zila Upadhyaksh,,,,,,,,,No,,,,,,
Lakhisarai,,,Lakhisarai,Barahiya,,,Suman Kumar,Shree Umesh Prasad Singh,8210110943.0,52.0,  Gen ,Bhumihar,"Suman Kumar | 52 | General | Bhumihar
 
- Former PACS Adhyaksh (2009-14)
- Pradesh Sadasya Karya Karini Samiti- BJP (2016-24)
- BJP Karya Karini Yuva Morcha Samiti (Munger and Sheikhpura) (2010-15)
- BJP Yuva Zila Mahamantri (2005-2010) 
- BJP Krida Manch Zila Mahamantri (1995-2000)", Zila Upadhyaksh,,,,,,,,,No,,,,,,
Lakhisarai,,,Lakhisarai,Channan,,,Dr. Shivdani Sharma,,9572568549.0,50.0,  EBC ,Nai,"Dr. Shivdani Sharma | 50 | EBC| Nai

- Allopathy Physician at his own clinic, Life Line Clinic
- Shiv Sena's District President, 2004-09
- BJP's EBC cell's district president, 2009-19 
- 3 term Mukhiya Runner-up, 2011, 2016 & 2021", Zila Upadhyaksh,,,,,,,,,No,,,,,,
Lakhisarai,,,Lakhisarai,Channan,,,Pankaj Kumar,Ramcharitra Prasad,7061140502.0,47.0, EBC ,Chandarvanshi,"Pankaj Kumar| 47| EBC |Chandravanshi.

- Defacto Zila Parishad Contestant 2021(8,501 votes)
- Defato Mukhiya runner-up (Mother : Shaila Devi) 2011.
- Served 26 years in CRPF.", Zila Upadhyaksh,,,,,,Call Connected,Not Interested,,No,,,,,,
Lakhisarai,,,Lakhisarai,Halsi,,,Vijay Kumar Shukla,Shri. Ganesh Prasad Shukla,"7463959222
7970495349",50.0,  Gen ,Brahamin,"Vijay Kumar Shukla | 50 |Gen| Brahmin 

- Incumbent Sarpanch (2021-Present) from Ballopur 
- Former ABVP Nagar Adhyaksh Khuti (1990-2012)
- Former Sachiv of Banwasi Kalyan Kendra (2014-2019)", Zila Upadhyaksh,,,,,,,,,No,,,,,,
Lakhisarai,,,Lakhisarai,Ramgarh Chowk,,,Bhuneshwar Prasad Yadav,,,58.0, OBC,Yadav,"Bhuneshwar Prasad Yadav | 58 | OBC| Yadav 

- Incumbent BDC
-Former BDC (2006-2011)
-Former Mukhiya (2001-2006)", Zila Upadhyaksh,,,,,,,,,No,,,,,,
Lakhisarai,,,Lakhisarai,Channan,,,Virendra Mahto,Late. Ramsharan Mahato,8084769276.0,52.0,  OBC ,Kurmi,"Virendra Mahato|52|OBC|Kurmi

- Former Up Pramukh(2021-24)
- Incumbent BDC, 2021-Present
- Former defacto BDC, 2006-11
- Ward Member, 2006-11
- Mukhiya Contestant, 2011", Zila Upadhyaksh,,,,,,,,,No,,,,,,
Lakhisarai,,,Lakhisarai,Suryagarha,,,Pramod Pandey,,,43.0,  Gen ,Brahamin,"Pramod Pandey | 43 | General | Brahmin

- Former Mukhiya (2016-2021)
- Former Two term Mukhiya Runnerup in 2011 & 2021)", Zila Upadhyaksh,,,,,,,,,No,,,,,,
Lakhisarai,,,Lakhisarai,Lakhisarai,,,Rubi Devi,,7371879070.0,52.0, SC,Dusadh,"Rubi Devi | 52 | SC | Dusadh
Zila Mahila Adhayksh LJP 2003-2024
Former BDC 2001
Mukhiya Contestent 2011", Zila Upadhyaksh,,,,,,,,,No,,,,,,
Lakhisarai,,,Lakhisarai,Channan,,,Mahesh Yadav,,8084956152.0,52.0, OBC,Yadav,"Mahesh Yadav|52|OBC|Yadav

- Former Pramukh of 2 Blocks Lakhisarai and Chanan, 2001-06
- Former District President of RJD's Panchayati Raj Cell, 2012-17
- Sate General Secretary of JAP 2017-22",Zila Mahasachiv,,,,,,,,,No,,,,,,
Lakhisarai,,,Lakhisarai,Suryagarha,,,Munna Kumar Urf Karan Bhai,,"8210330422, 9709436371",40.0, EBC ,Kanu,"Munna Kumar | 40  | EBC | Kanu 

- Vice President - Vanijya Sangh, Surajgarha 
- General Secretary of Ati Pichda-Dalit-Vaisya Mahasangh
- District Convenor of Janta Seva Samiti
- Pradesh Upadhyaksh and Munger Pramandal Adhyaksh - Kanu Vikas Sangh
- Grandfather Late Triveni Halwai- Freedom Fighter 
- Father Sahdev Prasad Azad- Social Justice Movement 
- Earlier associated with BJP for last five years",Zila Sachiv,,,,,,,,,No,,,,,,
Lakhisarai,,,Lakhisarai,Suryagarha,,,Prem Kumar Gautam (Pankaj Singh),Late Ramakant Singh,9934696738.0,44.0,  Gen ,Bhumihar,"Prem Kumar Gautam (Pankaj Singh) | 44 | Gen| Bhumihar 

- Incumbent PACS President Surajgarha Block 
- 3 term PACS Adhayaksh (2014-Present) 
- Owner of a Brick Chimni in Suajgarha ",Zila Sachiv,,,,,,,,,No,,,,,,
Lakhisarai,,,Lakhisarai,Lakhisarai,,,Sanjeev Kumar Snehi,Ramanand Snehi,9934363003.0,43.0, OBC ,Baniya,"Sanjeev Kumar Snehi | 43  | OBC | Baniya

- District President of Lion's Club (2017- Present)
- Director of Mount Litera Zee School. 
- Owner of Hotel Krishna & Bazar Samiti Lakhisarai
",Zila Sachiv,,,,,,,,,No,,,,,,
Lakhisarai,,,Lakhisarai,Barahiya,,Laxmipur,Suresh Gupta,Fakan Gupta ,9934277567.0,48.0, OBC ,Baniya," Suresh Gupta | 48 | OBC | Bania 

- 2 Term Sarpanch (2016-Present)
- Former PACS Adhyaksh 2014
- BJP Mandal Adhyaksh 2012-2020.
- Owns Clothes store",Zila Sachiv,"He is ready but want some time due to busy in his own work. He is telling about a Leader whose name is Puja Devi , who worked hard for the party.",Block president,Block PH,OBC,,,,,No,,,,,,
Lakhisarai,,,Lakhisarai,Channan,,,Arun Kumar,Late. Singhrshwar Paswan,"9507511839
7991100267",39.0, SC,Dusadh,"Arun Kumar|39|SC|Dusadh

- 3 term incumbent PACS Adhyaksh from (2016-Present)
- Father was 2 term PACS Adhyaksh, 2009-14 & 2014-Present
- 2 term former Defacto Mukhiya (Aunty : Samita Devi), 2006-16",Zila Sachiv,,,,,,,,,No,,,,,,
Lakhisarai,,,Lakhisarai,Lakhisarai,,,Vinay Kumar Ajay,  Sahdev Singh,6201163910.0,40.0,  Gen ,Bhumihar,"Vinay Kumar Ajay|40|General|Bhumihar

- 2 term De-facto Sarpanch 2016- Present
- Sarpanch Sangh Prakhand Sachiv
- District Presidents of BJP 2019-22 (Panchayati Raj Prakoshth)
- Sachiv of Sudha dairy Babhangama",Zila Sachiv,,,,,,,,,No,,,,,,
Lakhisarai,,,Lakhisarai,Pipariya,,,Sharan Malik,,,41.0, SC ,Malik(Dom),"Sharan Malik | 41  | SC | Malik(Dom)

- Former Zila Adhyaksh Maha Dalit Prakosth - JDU
- Maha Dalit Vikas Manch Zila Adhyaksh (2015-24)JDU
- District Member SCDC (2005-10)
- BDC  runner up (2021)
 ",Zila Sachiv,,,,,,,,,No,,,,,,
Lakhisarai,,,Lakhisarai,Lakhisarai,,,Surendra Mandal,Ramchandra Mandal,9955714886.0,49.0, EBC,Dhanuk,"Surendra Mandal l49| EBC|Dhanuk

- 2 term Ward Parshad (2017- Present)
- Former Defecto Mukhiya 2001

",Zila Sachiv,,,,,,,,,No,,,,,,
Lakhisarai,,,Lakhisarai,Halsi,,Balopur,Anant Kumar Mishra,Late Shyamcharan Singh,9097012829.0,45.0,  Gen ,Bhumihar,"Anant Kumar Mishra | 45  | General | Bhumihar

- Prominent  Businessman. 
- Owner of two ITI colleges,  located in Lakhisarai and the other in Bihar Sharif.
- Former Zila Sachiv JSP",Zila Sachiv,Agreed,,,,,,,,No,,,,,,
Lakhisarai,,,Lakhisarai,Suryagarha,,,Dhairyanand Sharma,,6200584931.0,39.0,  Gen ,Bhumihar,"Dhairyanand Sharma| 39 | Gen| Bhumihar

- Member of State Committee BJP(2016-2018)
- Former District General Secretary BJYM(2014-2015)
- 10 years Purnakalik at ABVP (2000-2010)",Zila Sachiv,Call Not Recived,,,,,,,,No,,,,,,
Lakhisarai,,,Lakhisarai,Barahiya,,,Kailash Yadav,Late. Babulal Yadav,6206478562.0,58.0, OBC,Yadav,"Kailash Yadav | 58 | OBC | Yadav 

-2 term Incumbent BDC (2016 - Present )
- Ex JDU Prakhand Sachiv (2018 - 24)",Zila Sachiv,will not give time to the party,,,,,,,,No,,,,,,
Lakhisarai,,,Lakhisarai,Ramgarh Chowk,,,Kumar Shanu,Late Fulan Singh,9354831324.0,33.0,  Gen ,Bhumihar,"Kumar Shanu | 33 | Gen | Bhumihar

-De facto Incumbent Sarpanch(2021-Till)
-Ex De facto Sarpanch his father 2011, 2016",Zila Sachiv,,,,,,,,,No,,,,,,
Lakhisarai,,,Lakhisarai,Lakhisarai,,,Bablu Sharma,Late Arun Sharma,9431292716.0,47.0, EBC,Badhai,"Bablu Sharma | 47 | EBC |Badhai 

-Director, Sky vision school (2000 Students)
-Prominent Businessman
-Transport Business",Zila Sachiv,,,,,,,,,No,,,,,,
Lakhisarai,,,Lakhisarai,Channan,,,Dablu Paswan,Shri Bahwan Paswan,9661602869.0,43.0, SC,Dusadh,"Dablu Paswan |43 |SC |Dusadh

- 2 term Incumbent Mukhiya (2016- Present)
- Runner-up in 2011 Mukhiya election",Zila Sachiv,,,,,,,,,No,,,,,,
Lakhisarai,,,Lakhisarai,Barahiya,,,Alok Kumar,Nath Niranjan Chowdhary,9472815378.0,30.0,  Gen ,Bhumihar,"Alok Kumar | 30 | Bhumihar 
- BJYM Zila Mahamantri Lakhisarai (2020-22)
- social worker",Zila Sachiv,,,,,,,,,No,,,,,,
Lakhisarai,,,Lakhisarai,Suryagarha,,,Madhuri Devi,Vijay Kr. Chaudhary,8083830628.0,52.0, OBC ,Baniya,"-Madhuri Devi | 52 | OBC | Bania | 
-ZP 03 Contested 2021 
-Ward Member 2011-16
-Runnig NGO For SC /St ",Zila Mahila Adhyaksh,,,,,,,,,No,,,,,,
Lakhisarai,,,Lakhisarai,Channan,,,Kasturi Ranjan urf Dinesh Yadav,,7979751911.0,34.0, OBC,Yadav,"Kasturi Ranjan urf Dinesh Yadav|34|OBC|Yadav
 
- 2 term Incumbent PACS Chairman, 2019-24, 2024-Prsent 
- Former Defacto Pramukh, 2019-2021
- 2 term Former Defacto BDC, 2016-21 & 2021-Present
- 2 term Former Defacto Mukhiya, 2006-11 & 2011-16",Zila Yuva Adhyaksh,Will give best name in evening,,,,,,,,No,,,,,,
Lakhisarai,,,Lakhisarai,Ramgarh Chowk,,,Uttam Kumar Singh,Padilal Singh,8809817743.0,48.0,  Gen ,Rajput,"Uttam Kumar singh | 45 |Gen | Rajput

-4 term DeFacto Incumbent Pacs Adhyaksha
- Mukhiya Runner Up 2016, 2021
- Rice Meel Owner",Zila Kisan Adhyaksh,,,,,,,,,No,,,,,,
Lakhisarai,,,Lakhisarai,Ramgarh Chowk,,,Pintu Singh,Satish Prasad Singh,7991185307.0,52.0,  Gen ,Bhumihar,"Pintu Singh | 32 | Bhumihar | General

-Social Activist
-Distt. President of NGO ""Manvadhikar Protection Organization, Delhi
-Got Bihar Ratna Award in 2022 by Helping Human and Sanskariti Foundation 
-Barahiya Nagar Parishad Chairman Contestant, 2022",Zila Karyalay Prabhari,,,,,,,,,No,,,,,,
Lakhisarai,,,Lakhisarai,Lakhisarai,,,Tuntun Prasad Singh,Chanderdev Prasad Singh ,9279389647.0,44.0,  Gen ,Bhumihar,"Tuntun Prasad Singh| 56|Gen| Bhumihar 
RTI Activist since 2006 Reporter in Prabhat Khabar (2005-2008) Founder of Tiny Tots Play School (Dhanbad), 2003 Active in PRI politics since 2002 EX- CPI-ML cadre Ex-Member of Jharkhand Vikas Morcha (Babulal Marandi) Ex- Commissionerate member in Aam Admi Party (2014-2015) Social Activist: did 4-days hunger strike against corruption in district administration in 2024"" with ""Sunita Kumari | 52 | OBC | Kushwaha -Former 3 Times ward parshad of Lakhisarai Nagar Parishad (2007-2022",Zila Mukhya Pravakta,,,,,,,,,No,,,,,,
Lakhisarai,,,Lakhisarai,Lakhisarai,,,Lavanand Kumar,,,48.0,  Gen ,Bhumihar,"Lavanand Kumar| 48| Gen| Bhumihar

- Former District Convener of AAP (2014-2015)
- Former NSUI District President (1992-1997)
- Owner of Medical Super 30 ( Ranchi, Jharkhand)",Zila Abhiyan Samiti Sanyojak,,,,,,,,,No,,,,,,
Lakhisarai,,,,Suryagarha,,,Shankar Saw,Late Ganga Saw,6299721126.0,62.0,EBC,Teli,"Shankar Saw | 62  | EBC | Teli  

- Incumbent De-facto Sarpanch (2021-Present)
- Former 2 term De-facto Sarpanch (2011-21)
- Former Sarpanch (2006-11)
- Former Ward Member in 2001 ",DSC Member,,,,,,,,,No,,,,,,
Lakhisarai,,,,Channan,,,Kapil Dev Yadav,Late. Bisho Yadav,8434902349.0,58.0,OBC ,Yadav,"Kapil Dev Yadav|58|OBC|Yadav

- 3 term defacto Incumbent Sarpanch, 2006-11, 2011-16 & 2021-Present",DSC Member,,,,,,,,,No,,,,,,
Lakhisarai,,,,Pipariya,,,Gopal Kumar,Jay Kishor Pandit,"9905866783
6203405506
",51.0,EBC ,Kumhar,"Gopal Kumar | 51  | EBC | Kumhar

- Incumbent 2 term Sarpanch (2016-Present)
- Former Block President - BJP (2005-11)
- Renowned Homoeopathic Practitioner
",DSC Member,,,,,,,,,No,,,,,,
Lakhisarai,,,,Barahiya,,,Sanjay Singh,Late Rajeshwari Singh,9661772420.0,45.0,General,Bhumihar,"Sanjay Singh | 45 | General | Bhumihar 

-2 Term Former Mukhiya (2011,2016)
- Mukhiya 2nd  Runner-up (2021)
- Former BDC (2006)",DSC Member,,,,,,,,,No,,,,,,
Lakhisarai,,,,Ramgarh Chowk,,,Sahdev Paswan,Late Bhola Paswan,8521993528.0,54.0,SC,Dusadh,"Sahdev Paswan | 54 |SC | Dusadh

-  2 term Incumbent Sarpanch  2016-2021
- Former LJP Jila Sachiv(2005-2010)",DSC Member,,,,,,,,,No,,,,,,
Lakhisarai,,,,Barahiya,,,"Pawan Kumar Singh
",Late Ramchandra Singh,"7870014351
7004118860",44.0,General,Bhumihar,"Pawan Kumar Singh| 44 | GEN | Bhumihar 

- Defacto ZP Runner-up (8970 votes)
- Prominent Bussunissman
",DSC Member,,,,,,,,,No,,,,,,
Lakhisarai,,,,Barahiya,,,Sandip Kumar,Ramnandan Mahto,9931418763.0,34.0,OBC ,Kushwaha,"Sandip Kumar| 34 | OBC | Kushwaha 

-Incumbent Defacto Mukhiya (21-till date)
- Mukhiya runner up 2016 (Lost by 4 votes)
- Former JDU Prakhand Sachiv 2015-20",DSC Member,Not interested,,,,,,,,No,,,,,,
Lakhisarai,,,,Suryagarha,,,Subodh Kumar,Late Seeta Ram Arya,9472051302.0,50.0,OBC ,Kushwaha,"Subodh Kumar | 50 | OBC| Kushwaha |

- 2 term General secretary of BAR Council Lakhisarai (2021-Present) 
- 3 term Cooperative bank Chairman consist of 4 district (2011-2023) 
- 3 term PACS president (2009-Present) 
- Former Two term De-facto Mukhiya  (2011-2021)
- Former Youth President of Samta Party (1997-2000) 
- Former Youth President of RJD (2000-2003) 
-Former  President of Cooperative Prakosth of BJP (2005-2008) 
- Former State Convener of cooperative Prakosth Of BJP (2009-2010) 
- Former MLA Representative of Prem ranjan Patel. 
- LLB from TNB College
- Homeopathy form Honemany Medical College",DSC Member,Call Not Recived,,,,,,,,No,,,,,,
Lakhisarai,,,,Lakhisarai,,,Suresh Prasad,Late Ram Das,9835899906.0,54.0,OBC ,Bania,"Suresh Prasad | 54  | OBC | Bania

- District President of the National Chamber of Commerce
- Own Poonam Gas agency since 1986
",DSC Member,Not received,,,,,,,,No,,,,,,
Lakhisarai,,,,Pipariya,,,Bodhu Paswan,Late- Lali Paswan,9472308244.0,50.0,SC,Dusadh,"Bodhu Paswan | 50  | SC | Dusadh 

-2 term Incumbent BDC (2016- Present)
- Former BDC Runner up 2011
-  Socially Engaged And Contributing To The Welfare of his village
 ",DSC Member,not responding,,,,,,,,No,,,,,,
Lakhisarai,,,,Halsi,,,Awadh Paswan,Late Sahdev Paswan,9006587402.0,60.0,SC,Dusadh,"Awadh Paswan | 60  | SC | Dusadh

-  De-facto Zila Parishad 2nd Runner-up (2021), securing 3100 votes. 
- Zila Parishad Runner-up (2011, 2016) Securing 6700  & 5500 votes  Respectively. 
- Mandal secretary in Indian National Congress 1999.
- Active in Block politics.",DSC Member,IN BJP,,,,,Call Connected,Dicey,,No,,,,,,
Lakhisarai,,,,Lakhisarai,,,Anil Tanti,Late Kailu Tanti,9830190532.0,48.0,,,"Anil Tanti | 48  | EBC | Tanti

- Incumbent De-facto Mukhiya(2021-Till date)
- Influential businessman
- Marble business, builder, promoter and developer.",DSC Member,Not with JSP,,,,,,,,No,,,,,,
Lakhisarai,,,,Barahiya,,,Gulshan Kumar,Ashok Singh,9575268451.0,28.0,General,Bhumihar," Gulshan Kumar | 28 | General | Bhumihar

- Incumbent Mukhiya (2021-Till - Vote-3079)
- He is an Active Young Leader",DSC Member,,,,,,,,,No,,,,,,
Lakhisarai,,,,Halsi,,,Ganesh Yadav,Late Aandhi Yadav,9546335725.0,45.0,OBC ,Yadav,"Ganesh Yadav | 45  | OBC | Yadav 

- De-facto 2 term Incumbent Sarpanch 2016 & 2021, securing 1009 votes & 1619 votes (wife : Reena Devi). 
- Father Aandhi Singh Sarpanch (1973-2000).
- Stong hold in Yadav Voters in his panchayat.",DSC Member,Wrong Number,,,,,,,,No,,,,,,
Lakhisarai,,,,Barahiya,,,"Vinay Kumar Singh
Urf Pappu Nirankari",Late. Ramashish Ram,8603530280.0,52.0,General,Bhumihar,"Vinay Singh Urf Pappu Nirankari | 52 | General | Bhumihar 

-  Incumbent Sarpanch (2021-Till date)
- Sangh Prakhand Adhyaksh (2021- Present)",DSC Member,,,,,,,,,No,,,,,,
Lakhisarai,,,,Ramgarh Chowk,,,Naveen Kumar Sharma,Late Makesar Sharma,8002044044.0,58.0,General,Bhumihar,"Naveen Kumar Sharma | 58 | Gen | Bhumihar 

- 2 term incumbent Sarpanch
-Incumbent Sarpanch Sangh Adhyaksha
-Owens a Construction Shop",DSC Member,,,,,,,,,No,,,,,,
Lakhisarai,,,,Barahiya,,,Bicky Kumar,Late. Ramashish Ram,"7979701055
9122006099",30.0,SC,Dusadh,"Bicky Kumar|  30 | SC | Dusadh

- 2 Term Nagar Ward Parshad (2017 and 2022).  
-18 and 19 ward incharge 
 - Nagar President of Hindustani Awam Morcha Secular (HAMS) Since 2023-Present.
- Runs a Community Service Centre (CSC) in Barahiya.",DSC Member,,,,,,,,,No,,,,,,
Lakhisarai,,,,Suryagarha,,,Pawan Kumar Singh,Late Banke Bihari Singh,9798507752.0,52.0,General,Bhumihar,"Pawan Kumar Singh | 52  | General | Bhumihar

- 2 term De-facto Mukhiya Runner-up (2016 & 21)
- BJP Panchyat Adhyaksh (2017-19)
- Social Worker medical campaign sevral times in his panchyat",DSC Member,,,,,,,,,No,,,,,,
Lakhisarai,,,,Pipariya,,,Ajit Kumar,Jivan Yadav,"9748380012
9431251253",30.0,OBC ,Yadav," Ajit Kumar | 30  | OBC | Yadav 

- Incumbent De-facto 2 term Mukhiya (2016-Present)
- Business- Fish Farming and Petrol Pump.
- Runs school (Kidzee Play School).",DSC Member,,,,,,,,,No,,,,,,
Lakhisarai,,,,Lakhisarai,,,Ram Kumar Paswan,Late Babulal Paswan,6203281834.0,48.0,SC,Dusadh,"Ram Kumar Paswan | 48  | SC | Dusadh

-2 term Incumbent De-facto Nagar Ward Parshad (2017- Present)",DSC Member,,,,,,,,,No,,,,,,
Lakhisarai,,,,Lakhisarai,,Masauna,Vinay Kumar,Late Ramanand Prasad Singh,8168531813.0,49.0,General,Bhumihar,"Vinay Kumar | 45  | General | Bhumihar

- Retired Subedar of the Indian Army 
- Prominent business man of Lakhisarai",DSC Member,Agreed,Pravakta/social media prabhari,Block PH,Sangathan,,,,,No,,,,,,
Lakhisarai,,,,Lakhisarai,,,Agam Kumar,Mahavir Prasad singh,7004212161.0,54.0,General,Bhumihar,"Agam Kumar| 54| Gen| Bhumihar

- Former District Secretary- JDU (2020-2023)
- Mukhiya Runnerup in 2011 
- Prominent businessman of Lakhisarai",DSC Member,"He is busy right now, told to call after sometims",,,,,,,,No,,,,,,
Lakhisarai,,,,Lakhisarai,,,Prakash Mahto,Banwari Mahto,7004356367.0,55.0,OBC ,Kushwaha,"Prakash Mahto | 55  | OBC | Kushwaha

- Former 2-term Ward Parshad of Lakhisarai Nagar Parishad (2012-22) 
- Owner of the Kushwaha Market (Big market of Lakhisarai)",DSC Member,Not received,,,,,,,,No,,,,,,
Lakhisarai,,,,Lakhisarai,,,Madan Kumar,Late Arjun Prasad,6203488490.0,36.0,OBC ,Kushwaha,"Madan Kumar | 36  | OBC | Kushwaha

- Incumbent De-facto 2 term ward Parshad (2017-Present)",DSC Member,,,,,,,,,No,,,,,,
Lakhisarai,,,,Lakhisarai,,Sadikpur,Monu Kumar Singh,Nageshwar Prasad Singh,9386851926.0,31.0,General,Bhumihar,"Monu Kumar Singh | 30  | General | Bhumihar

- Own Sanskar Public School
- Member of Independent Children Welfare Association. 
- Former Technician at NIT Delhi",DSC Member,Agreed,,,,,,,,No,,,,,,
Lakhisarai,,,,Ramgarh Chowk,,,Mahaveer Manjhi,Late Ganesh Manjhi,7970511465.0,50.0,,Mushar,"Mahaveer Manjhi | 50 | SC| Musahar

- De-facto ZP 1st Runner-up Vote- 4040
-Former VIP Party Block President 2018 to 2019
-Strong hold in Labour Union",DSC Member,,,,,,,,,No,,,,,,
Lakhisarai,,,,Suryagarha,,Hawarajpur,Mayank Raj,Shivnanadan Parsad,9852317718.0,36.0,OBC ,Kushwaha,"Mayank Raj | 36  | OBC | Kushwaha 

- Owner Of Bodhi Tree School in Kiranpur (Aprox 1000 Students)
- Running Company:- Mayank Raj pvt.lmt.
- Contractor in irrigation Department ( jiobeg & construction of bridge) 
- Good influence in his community & area ",DSC Member,Agreed,,,,,,,,No,,,,,,
Lakhisarai,Munger,Lakhisarai,Lakhisarai,Lakhisarai,Male,Halsi,Praphulla Kumar,Shri Sadanand Singh,99557 66788,48.0,General,Bhumihar,"Praphulla Kumar | 46 | Bhumihar | 

-Contractor
- Bookshop in Ranchi
- Father Sadanand Singh was Mukhiya for 10 years before 2001 in Halsi
- Grandfather Ram Raksha Singh was Sarpanch in Halsi for 20 years before that
  ",DSC Member,Agreed,Block president,Block PH,Sangathan,,,,,No,,,,,,
Lakhisarai,,,,Lakhisarai,,,Dr. Nirmal Kumar Aanand,Late Aniruddh Prasad Singh,8102786917.0,47.0,,,"Dr. Nirmal Kumar Aanand | 47 | Professor 

- Assistant Professor of Political Science at KSS College, Lakhisarai
- Sub-Editor of Kewal Sach Magzine from 2006-Present 
- Published multiple articles in Indian and International Journals ",DSC Member,,,,,,,,,No,,,,,,
Lakhisarai,,,,Suryagarha,,,Vidyanand Paswan,Late Satyanarayan Paswan,8294852620.0,46.0,SC,Dusadh,"Vidyanand Paswan | 46 | SC | Dusadh 

- Incumbent BDC de-facto  (wife Sulekha Devi) from Bariyarpur Panchayat

- 3 times Mukhiya contestant from 2006, 2011 and 2016
- Ex-BJP Panchyat Adhyaksha from 2016 to 2023",DSC Member,,,,,,,,,No,,,,,,
Lakhisarai,,,,Suryagarha,,,Nitish Kumar,Late Krishandev Paswan,9958237108.0,39.0,SC,Dusadh,"NItish Kumar | 39 | | SC | Dusadh

- NP Chairman Contestant 
- Father Krishandev Paswan was 2 term Mukhiya (2001.2006) 
- Strong hold in Paswan Community & Youth",DSC Member,,,,,,,,,No,,,,,,
Lakhisarai,,,,Suryagarha,,,Vinod Mandal,Late Pago Mahto,9771683386.0,53.0,EBC ,Dhanuk ,"Vinod Mandal | 53| EBC | Dhanuk 
- Former Defacto Sarpanch of his Wife Mukani Devi 2011-16
- Sarpanch Contestent 16 
- Mukhiya contestent 2006 
",DSC Member,He is not at Home,,,,,,,,No,,,,,,
Lakhisarai,,,,Halsi,,,Naval Kishor Singh,Late Sitaram Singh,9905369282.0,63.0,General,Bhumihar,"Naval Kishor Singh | 63  | General | Bhumihar

- De-facto Zila Parishad contestant 2021,Securing 4,812 votes                                                                                                                                                                                                                                                                                                                                                                                                                                                                                                                                            - Retired DCRL (Deputy Collector land reforms) from Jharkhand cadre.",DSC Member,Call not recived,,,,,,,,No,,,,,,
Lakhisarai,,,,Halsi,,,Bhola Paswan,Late Chhotan Paswan,7480023062.0,53.0,SC,Dusadh,"Bhola Paswan | 53  | SC | Dusadh 

- 2 term Former Mukhiya  2006-2016, Securing 1345 & 1900 votes respectively.
-  BDC 2nd runner up in 2021, seruring 560 votes.
- BDC Runner up in 2016, securing 504 votes.
- Good hold in his community.",DSC Member,Agreed,,,,,,,,No,,,,,,
Lakhisarai,,,,Barahiya,,,Shashi Bhushan Singh,Late Sakaldev Singh,"8541034442
9934634442",50.0,General,Bhumihar,"Shashi Bhusan Singh | 50 | General | Bhumihar
  
        - Ex Mukhiya 2016-21
- Former Mukhiya 2011-2016
- Mukhiya Runner up (2021)
- Former BDC 2006     
 ",DSC Member,,,,,,,,,No,,,,,,
Lakhisarai,,,,Pipariya,,,Brijnandan Sharma,Harinanadan Sharma,9263471161.0,50.0,General,Bhumihar,"Brijnandan Sharma|50|Bhumihar

-Former Zila Parishad (2011-16)
-Zila Parishad Runner up (2016) got 5400+ votes.
",DSC Member,,,,,,Invalid No.,,,No,,,,,,
Lakhisarai,,,,Pipariya,,,Premlata Devi,Sajan Yadhav,9341908426.0,38.0,OBC,Yadav,"Premlata Devi | 38 | OBC |Yadav

-4 Term Ward Member From 2006 To Till Date
-Her son Actively working In ward ( Rupesh kumar)
",DSC Member,,,,,,,,,No,,,,,,
Lakhisarai,,,,Barahiya,,,Kanhaiya Kumar,Bhaso Singh,6203843971.0,40.0,General,Bhumihar,"         Kanhaiya Kumar |  40 | General | Bhumihar 

             - 2 Term pacs President  (2019,2024)
- Sachiv of sudha Diary From Jamui and Lakhisarai
",DSC Member,,,,,,,,,No,,,,,,
Lakhisarai,,,,Barahiya,,,Ram Pravesh Singh,Late Balmiki Singh,8210989553.0,34.0,General,Bhumihar,"Ram Pravesh Singh | 34 | General | Bhumihar 

- BTS Bricks Chimni Owner
- Owner of Rice Mill
- Active Social Worker 
- Big Farmer (owns of 20 Bigha)",DSC Member,,,,,,,,,No,,,,,,
Lakhisarai,,,,Barahiya,,,Dropati Devi,Arjun Sahni,91622298784.0,54.0,EBC ,Mallah,"Dropati Devi | 54 | EBC| Mallah

- 2 Terms Incumbent Sarpanch since 2016,2021 
- Business of Pisciculture ",DSC Member,,,,,,,,,No,,,,,,
Lakhisarai,,,,Barahiya,,,Ram Kumar,Late Yugal Singh,7970837282.0,46.0,General,Bhumihar,"Ram Kumar | 46 | General | Bhumihar 

- Former Defacto Mukhiya 2006-11
- Former Chemistry Teacher at Allen Institute kota 
- Teacher at PW classes kankarbagh patna ",DSC Member,,,,,,,,,No,,,,,,
Lakhisarai,,,,Halsi,,Bhanpur,Niwas Kumar Anand,Ram Vinay Singh,8340531958.0,30.0,General,Bhumihar,"  Niwas Kumar Anand | 30  | General | Bhumihar 

 - Runs “Freedom Employability academy” Foundation ( FEA) with the Capacity of 150 People.  (This foundation provides free education and computer training to people in rural areas.)
- English Teacher & Computer teacher.
- Panchayat Adhyaksh in Dainik jag-ran News Agency. ",DSC Member,Agreed,,,,,,,,No,,,,,,
Lakhisarai,,,,Halsi,,,Pramod Kumar,Yugeshwar Mahto,9608897453.0,45.0,OBC ,Kushwaha,"Pramod Kumar | 45  | OBC | Kushwaha

- De-facto ZP Contestant in 2021, securing 4589 votes. (wife : Anshu Devi)
- Strongly Active in Prakhand level politics & strong hold in Kushwaha voters.",DSC Member,Call Ended,,,,,,,,No,,,,,,
Lakhisarai,,,,Halsi,,,Gaurav Kumar,Anil Kumar,7979983438.0,35.0,General,Bhumihar,"Gaurav Kumar | 35  | General | Bhumihar | 

- Incumbent Sarpanch Sangh Adhyaksh, Lakhisarai Zila from 2021 to present. 
- Incumbent Sarpanch from 2021, Securing 1479 votes. 
- Strongly Active in youth politics & Strong hold in Youth voters.",DSC Member,,,,,,,,,No,,,,,,
Lakhisarai,,,,Halsi,,,Surendra Paswan,Late Jageshwar Paswan,8002258539.0,53.0,SC,Dusadh,"Surendra Paswan | 53  | SC | Dusadh

- 2nd Term Defacto Incumbent Sarpanch 2016 & 2021, Securing 1875 & 2424 votes respectively (Wife : Shanti Devi).
- Strong hold in Paswan Voters in Prakhand level.",DSC Member,,,,,,,,,No,,,,,,
Lakhisarai,,,,Halsi,,Srikhindhi,Awdesh Thakur,Late Sukhdev Thakur,95082 65297,45.0,EBC ,Nai ,"Awdesh Thakur | 45  | EBC | Nai 

- Incumbent BDC from 2016 to present, securing 1020 & 1249 votes respectively.
- Good hold in his community & Panchayat.
- Practitioner Doctor.",DSC Member,Agreed,,,,,,,,No,,,,,,
Lakhisarai,,,,Ramgarh Chowk,,,Raj Kumar Singh,Late Parilal Singh,8540060451.0,52.0,General,Rajput,"Rajkumar Singh | 52 | Gen | Rajput
-Incumbent Pacs Adhyaksh 2024
-Former Pacs Adhyaksh 2009 to 2024",DSC Member,,,,,,,,,No,,,,,,
Lakhisarai,,,,Ramgarh Chowk,,,Ramanuj Singh,Shree Ram Singh,6207128503.0,64.0,General,Bhumihar,"Ramanuj singh | 64 |Gen | Bhumihar

- Retired School Headmaster (2020)
- EX joint Secretary at Madhayamik Shiksha Sangh",DSC Member,,,,,,,,,No,,,,,,
Lakhisarai,,,,Ramgarh Chowk,,,Arvind Kumar,Rajendra Yadav,9572568468.0,39.0,OBC ,Yadav,"Arvind Kumar | 39 | OBC | Yadav 
-2 term Incumbent BDC from Aure (2016-Present)
-2011 BDC Runner up
-Gramin Chikitsak ",DSC Member,,,,,,,,,No,,,,,,
Lakhisarai,,,,Ramgarh Chowk,,,Ramdev Sahu,Late.Prayag Sahu,8292064769.0,60.0,EBC,Teli,"Ramdev Sahu | 60 | EBC | Teli 

-2 term Incumbent Sarpanch (2016-Present)
-2011 Sarpanch Runner Up ",DSC Member,,,,,,,,,No,,,,,,
Lakhisarai,,,,Channan,,,Nipendra Kumar,Makeshwar Yadav,9608987743.0,38.0,OBC ,Yadav,"Nipendra Kumar|38|OBC|Yadav

- Former Defacto BDC Pramukh (Wife : Priyanka Kumari), 2016-19
- Former Defacto BDC (Wife : Priyanka Kumari), 2016-21
- Former Defacto Mukhiya (Father : Makeshwar Prasad Yadav), 2001-06
- Former Defacto BDC (Father : Makeshwar Prasad Yadav), 2006-11
- Former Defacto PACS (Father : Makeshwar Prasad Yadav), 2009-14",DSC Member,,,,,,,,,No,,,,,,
Lakhisarai,,,,Channan,,,Suraj Paswan,Late. Darogi Paswan,9931239613.0,38.0,SC,Dusadh,"Suraj Paswan|38|SC|Dusadh

- Former Defacto Zila Parshad 2011-16
- Zila Parshad contestant, 2016, from Suryagarha",DSC Member,,,,,,,,,No,,,,,,
Lakhisarai,,,,Lakhisarai,,,Krishna Paswan,Narad Paswan,8084795420.0,34.0,SC,Dusadh,"Krishna Paswan | 34 | Dusadh | SC  

- Nagar Parishad Chairman Contestant in 2022
-Securing 2112 Votes 
-Former District Vice President of LJPR Youth Wing 
-Student Activist in Patna University 

",DSC Member,,,,,,,,,No,,,,,,
Lakhisarai,,,,Lakhisarai,,,Lallan Kumar,Ramji Mahto,9113395854.0,33.0,EBC ,Dhanuk ,"Lallan Kumar|33|EBC|Dhanuk

- 2 times Defacto BDC (2016 and 2021)
-Good hold on Dhanuk votes",DSC Member,,,,,,,,,No,,,,,,
Lakhisarai,,,,Lakhisarai,,Kachhiyana,Vijay Kumar Singh,Late Sadhu Saran Singh,6299723295.0,70.0,General,Bhumihar,"Vijay Kumar Singh|70|Gen|Bhumihar

-Former Mukhiya (2001)
-Coordinator Mahakali Maksoodpur Raj Trust (Siwan,Chapra)
-Big Landlord of Lakhisarai",DSC Member,Agreed,,,,,,,,No,,,,,,
Lakhisarai,,,,Lakhisarai,,,Ram Vilas Paswan,Late Parmeshwar Paswan,7461988986.0,55.0,SC,Pasi,"RamVilas Paswan|55|SC|Pasi

-Former Block Pramukh Lakhisarai (2011-2016)
-Good hold on Pasi voters
",DSC Member,,,,,,,,,No,,,,,,
Lakhisarai,,,,Suryagarha,,,Pintu kumar,Lt. Devendra Prasad Singh,8825220838.0,46.0,General,Bhumihar,"Pintu Kumar|46|Gen.| Bhumihar

-Ex-Mukhiya 2016 
-Mukhiya Sangh Prakhand Adhaksya 2016-2021
- PACS Runner up 2014",DSC Member,,,,,,,,,No,,,,,,
Lakhisarai,,,,Channan,,,Subodh Mandal,Late. Ramjeevan Rai,8051683071.0,45.0,,,"Subodh Mandal|45|OBC|Kurmi

- Defacto Former Mukhiya 2011-16
- Defacto Former Mukhiya 2001-06
- Former BDC 2001-06",DSC Member,,,,,,,,,No,,,,,,
Lakhisarai,,,,Lakhisarai,,,Shankar Kumar,Shri Birju Rajak,9534448781.0,28.0,,,"Shankar Kumar|28|SC|Dhobi

 - Incumbent Defacto sarpanch 2021- till
- Sarpanch Runner-up 2016 
- RLSP Prakhand Adyaksh (2017-18)
- His Father was ward member (2006)
- Adhayksha Shanti Samiti
",DSC Member,,,,,,,,,No,,,,,,
Lakhisarai,,,,Lakhisarai,,,Shankar Rajak,Late Baleshwar Rajak,9110138757.0,40.0,,,"Shankar Rajak|40|SC|Dhobi

-Former Mukhiya (2011)
- JDU Yuva prakhand Adhyaksh (2012)
- Involve in Poultry farm and Fish farming businesses at big level.
",DSC Member,,,,,,,,,No,,,,,,
Lakhisarai,,,,Lakhisarai,,,Hareram Manjhi,Late Sukhdev Manjhi,808483510.0,48.0,,Mushar,"Hareram Manjhi|48|SC|Musahar

-Ex Mukhiya (2016)
-Mukhiya Runnerup (2021)
-Adhyaksh Mahadalit Prakoshth RJD (2014-19)",DSC Member,,,,,,,,,No,,,,,,
Lakhisarai,,,,Lakhisarai,,,Rajiv Yadav,Ramawtar Yadav,8757515759.0,42.0,OBC ,Yadav,"Rajiv Yadav|42|OBC|Yadav

 -Mukhiya 2nd Runnerup (2016 and 2021)
- Mukhiya Runner-up ( 2011)
- PACS Runner-up (2024) lost by 1 vote.
- Zila Sachiv RJD (2022-24)
- Prakhand Adhyaksh RJD youth wing (2016-17)",DSC Member,,,,,,,,,No,,,,,,
Lakhisarai,,,,Lakhisarai,,,Ranjeet Chaudhary,Shri Ayodhya Chaudhary,9155780624.0,40.0,SC,Pasi,"Ranjeet Chaudhary |40 | Pasi | SC

- Defecto Incumbent Ward Parshad 2022- Till
 Ward no.10 , (wife : Ram Dulari Devi)",DSC Member,,,,,,,,,No,,,,,,
Lakhisarai,,,,Lakhisarai,,,Ram Kumar Paswan,Late Babulal Paswan,6203281834.0,48.0,SC,Dusadh,"Ram Kumar Paswan | 48 | Dusadh | SC

- Defecto Incumbent Ward Parshad in 2022, 
Ward No. 13 
- Property Dealer 
- Dealer of Public Distribution System in Ward .13 ",DSC Member,,,,,,,,,No,,,,,,
Lakhisarai,,,,Channan,,,Prabhat Ranjan Urf Ashok Kumar Yadav,Late. Musho Yadav,8521579075.0,27.0,OBC ,Yadav,"Prabhat Ranjan Urf Ashok Kumar Yadav|27|OBC|Yadav
 
- Defacto Incumbent Sarpanch 2021-Present 
- PACS Runner-up 2024",DSC Member,,,,,,,,,No,,,,,,
Lakhisarai,,,,Channan,,,Ravindra Kumar,Ranjee Mahto,9955570553.0,47.0,,,"Ravindra Kumar|47|EBC|Dhanuk

- Defacto Sarpanch 2021-Present
- Up Sarpanch 2021-Present
- BDC Runner-up 2011.
- Former JDU Zila EBC cell Adhyaksh from 2015-18",DSC Member,,,,,,,,,No,,,,,,
Lakhisarai,,,,Channan,,Sangrampur,Makeshwar Mahto,Late. Baijnath Mahto,7461855738.0,56.0,EBC,Dhanku,"Makeshwar Mahto|56|EBC|Dhanuk

- Incumbent Sarpanch 2021-Present
- Defacto Sarpanch Contested in 2011
Sarpanch Contested in 2016
- Practicing advocate in Lakhisarai district court.",DSC Member,Agreed,,,,,,,,No,,,,,,
Lakhisarai,,,,Channan,,,Ajay Ram,Huro Ram,9661925851.0,49.0,,,"Ajay Ram|49|EBC|Kahar

- Former Mukhiya 2011-16
- Mukhiya runnerup 2006(lost by 7 votes) 
- PACS Contested in 2014",DSC Member,,,,,,,,,No,,,,,,
Lakhisarai,,,,Channan,,,Mohan Yadav,Late Singho Yadav,"9973012781, 7004851685",42.0,OBC ,Yadav,"Mohan Yadav|42|OBC|Yadav
 
- Former Mukhiya, 2011-2016 
- Two times Mukhiya runner-up, 2001 & 2006 
- Two times defacto (Father) PACS contestant, 2014 & 2019
- Two times Defacto (Father) Ward member, 2001-06 & 2006-11 
- Former Block President of BJP, 2006-2009 
- District Mahamantri of BJP in 2016 
- District Vice President of BJP 2022-Present",DSC Member,,,,,,,,,No,,,,,,
Lakhisarai,,,,Barahiya,,,Rocky Kumar Mithlesh,Ganesh Ram,"9344805108
8434964924",28.0,SC,Dusadh,"Rocky Kumar Mithlesh| 28 | SC | Dusadh 

- Defacto Incumbent Sarpanch(2021- Till date)
- 2 term Defacto Ward Member  (2006-2016)
- Mukhiya 2nd Runner-up 2016",DSC Member,,,,,,,,,No,,,,,,
Lakhisarai,,,,Barahiya,,,Vakeel Paswan,Gaya Paswan,6200990751.0,45.0,SC,Dusadh,"Vakeel Paswan | 45 | SC | Dusadh 

- Ex BDC (2016 - 2021)
- BDC 2nd runner up 2021 
- Mukhiya Contestent in 2001, 2006, 2011",DSC Member,,,,,,,,,No,,,,,,
Lakhisarai,,,,Barahiya,,,Jay Nandan kr. singh,Late Chhotan singh,9546990115.0,41.0,General,Bhumihar,"Jay Nandan kr. Singh | 41| General| Bhumihar 

- Former Mukhiya 2001-2006
- Former Pacs Chairman 2019 
- Mukhiya Runner Up 2006 
- Pacs Runner up 2024",DSC Member,,,,,,,,,No,,,,,,
Lakhisarai,,,,Barahiya,,,Amit Akela,Ram Uchit Pahalwan,6205465997.0,30.0,EBC,Kanu ,"Amit Akela | 30 | EBC| Kanu

- Ex BDC 2016-21
- BDC Runner Up 2021  
- Youtube Singer on Wave Channel",DSC Member,,,,,,,,,No,,,,,,
Lakhisarai,,,,Barahiya,,,Ram kumar Singh,Late Balmiki Singh,8789681079.0,51.0,General,Bhumihar,"Ram Kumar Singh I 51 I General | Bhumihar

-Incumbent  Defacto Nagar Ward Parshad 2022 (Hira Devi 25  ward no)
- Ex Defacto  Nagar Ward Parshad 2017 and Chairman Contestent  in 2023 (Wife Mantun Devi)
- Ex Nagar Panchyat BJP Ward Adhyaksh (1990 to 2000)
- Contractor and Ex- Granite Businessman",DSC Member,,,,,,,,,No,,,,,,
Lakhisarai,,,,Barahiya,,,Ravi Ranjan Kumar,Baban Singh,9304284701.0,29.0,General,Bhumihar,"Ravi Ranjan Kumar| 29| General | Bhumihar  
-Incumbent Up Mukhiya
 Acting as Mukhiya after resignation of 2021 winner Mukhiya
- Good hold in youth ",DSC Member,,,,,,,,,No,,,,,,
Lakhisarai,,,,Halsi,,Srikhindhi,Abhishek Kumar Trivedi,Vijay Kumar Trivedi,7858860185/9262952672,39.0,General ,Brahmin,"Abhishek Kumar Trivedi | 39  | General | Brahmin

- Employee in Agriculture Department In Jamui. 
- Strong hold in Shirkhindi's Brahman Community.",DSC Member,Agreed,,,,,,,,No,,,,,,
Lakhisarai,,,,Halsi,,Kaindi,Bhaso Paswan,Late Churaman Paswan,9006516280.0,49.0,SC,Dusadh,"Bhaso Paswan | 49  | SC | Dusadh | 

- Ex-BDC in 2016, securing 1693 votes.
- BDC 2nd runner up in 2021, securing 504 votes.
- Ex-Ward Member (2001-2006).
- Private School Teacher (Indian Public School, Halsi).",DSC Member,Agreed,,,,,,,,No,,,,,,
Lakhisarai,,,,Halsi,,,Mohd. Akbar Shah,Late Idrees Shah,8271352127.0,60.0, Minority,Muslim,"Mohd. Akbar Shah  | 60 | Muslim

- Defacto Ex mukhiya in 2011 (Wife : Razia Khatun)
- Mukhiya 2nd runner up in 2016.
- Good hold in minority community & Active in Pachayat Politics.",DSC Member,Switched off,,,,,,,,No,,,,,,
Lakhisarai,,,,Halsi,,,Chandreshwar Ram,Late Singho Ram,76438 65914,62.0,EBC ,Chandravanshi,"Chandreshwar Ram | 62  | EBC | Chandravanshi 

- Ex-BDC from Halsi (2006-2011).
- BDC Runner-up in 2021, securing 838 votes.
- BDC runner up 2016, securing 446 votes.
- His Son & Son-in-Law are Government Teacher.",DSC Member,Switched off,,,,,,,,No,,,,,,
Lakhisarai,,,,Halsi,,Halsi,Iftikhar Alam,Mukhtar Alam,8210382057.0,36.0, Minority,Muslim,"Iftikhar Alam | 36 | Minorty | Muslim 

- BDC Runner up in 2021 securing  607 Votes.
- Defacto Ward Member in 2016 from ward 6 (Brother)
- Run a Jan Seva Kendra in Halsi.
- Active in youth politics & Strong hold in Minority voters.",DSC Member,Agreed,,,,,,,,No,,,,,,
Lakhisarai,,,,Halsi,,,Gulam Murtaza,Mushtak Shah,9905108581.0,28.0, Minority,Muslim,"Gulam Murtaza | 28  | Minority

- Mother was Ex mukhiya in 2006 (Vasima Khatun).
- Defacto BDC 2nd runnerup in 2021 securing 607 votes. (mother : Vasima Khatun).
- BDC 1st runner up in 2016 (mother : Vasima Khatun).
- Father is Govt. Teacher.",DSC Member,,,,,,,,,No,,,,,,
Lakhisarai,,,,Halsi,,,Panku Kumar,Nandey Ravidas,9973820654.0,32.0,SC,Chamar,"Panku Kumar | 32  | SC | Chamar

- Incumbent Sarpanch (2021-Present), securing 1106 votes.
- Active in youth politics & Strong hold in his community voters.",DSC Member,,,,,,,,,No,,,,,,
Lakhisarai,,,,Halsi,,,Tuntun Saw,Yatri Saw,9973407614.0,42.0,EBC,Teli,"Tuntun Saw | 42  | EBC | Teli

- Ex Mukhiya in 2016, securing 1410 votes.
- Mukhiya 2nd runner up in 2011.
- Prakhand Yuva Adhyaksh in JDU Party (2011-2014).
- Highly Active in Panchayat politics & Good hold in Teli voters.",DSC Member,Uninterested,,,,,,,,No,,,,,,
Lakhisarai,,,,Halsi,,,Ramnath Urf Pintu Kumar,Late Satyanarayan Singh,6200474810.0,28.0,General,Bhumihar,"Ramnath Urf Pintu Kumar | 28  | General | Bhumihar

- Defacto Zila Parishad contestant 2021, received 3867 votes.(Wife : Puja Kumari)                                                                                                                                 - Defacto Incumbent ward member, (contestant - his mother) 
- Active In youth Politics.",DSC Member,,,,,,,,,No,,,,,,
Lakhisarai,,,,Ramgarh Chowk,,,Umesh Ram,Late Pago Ram,9006610959.0,65.0,EBC ,Chandravanshi,"Umesh Ram | 65 | EBC | Chandravanshi

-Ex BDC 2006
-BDC Runner Up 2011
-Alopathic Practitioner from 1985",DSC Member,,,,,,,,,No,,,,,,
Lakhisarai,,,,Ramgarh Chowk,,,Nilu Devi,Tapan Kumar singh,7033971674.0,45.0,General,Rajput,"Nilu Devi | 45 | Gen | Rajput

- Ex BDC 2016
- Ex Sarpanch 2011
-BDC Runner Up 2021
-Her Husband 3 Year Yuva Morcha Zila Adhyaksha [BJP]
-3 Year Yuva Morcha Prakhand Adhyksh [BJP]",DSC Member,,,,,,,,,No,,,,,,
Lakhisarai,,,,Ramgarh Chowk,,,Chamru Manjhi,Late Dhano Manjhi,8084749376.0,45.0,SC ,Musahar,"Chamru Manjhi | 45 | SC | Musahar
-Ex Mukhiya 2016-21
-Mukhiya Runner up 2021",DSC Member,,,,,,,,,No,,,,,,
Lakhisarai,,,,Ramgarh Chowk,,,Ramlakhan Yadav,Late Mathura Yadav,9771295661.0,45.0,OBC ,Yadav,"Ramlakhan Yadav | 45 | OBC | Yadav 
- Former Mukhiya (2011-16)
- Mukhiya 2nd Runner up (2016), (2021)
-Pacs Runner up 2014",DSC Member,,,,,,,,,No,,,,,,
Lakhisarai,,,,Ramgarh Chowk,,,Satyendra Kumar,Arvind Singh,6202093528.0,37.0,General,Bhumihar,"Satyendra Kumar | 37 | Gen | Bhumihar
- Incumbent Sarpanch ( 2021-Present) 
- Big Farmer (50 Bigha)",DSC Member,,,,,,,,,No,,,,,,
Lakhisarai,,,,Pipariya,,,Girmal Yadav,Late. Rajendra Yadav,7970946041.0,55.0,OBC ,Yadav,"Girmal Yadav | 55 | OBC|Yadav
-Defacto Incumbent Mukhiya 2021 To Till Date
-Mukhiya Runner Up 2016 ",DSC Member,,,,,,,,,No,,,,,,
Lakhisarai,,,,Pipariya,,Mohanpur,Raju Yadav,Devan Yadav,8877544321.0,26.0,OBC ,Yadav,"Raju Yadav |26| OBC | Yadav
- Incumbent Defacto BDC Of  Puja Devi
- Former  RJD Youth Wing Panchayat Adhyaksh  2022 To 2024",DSC Member,Ready,Pravakta/social media prabhari,,,,,,,No,,,,,,
Lakhisarai,,,,Suryagarha,,,Munna Kumar,Rambaran Mandal,9534504875.0,27.0,EBC ,Dhanuk ,"Munna Kumar| 27 | EBC | Dhanuk

-Run's Coching in Suryagarha ( 130 students ) 
- Stong hold in Youth . Puja samiti adhyaksh since three years",DSC Member,,,,,,,,,No,,,,,,
Lakhisarai,,,,Suryagarha,,,Manish Kr Sharma,Ganesh Sharma,7903983370.0,32.0,EBC ,Badhai,"Manish Kr Sharma | 32| EBC | Badhai 

-Incumbent BDC 2021 
-Runner up in BDC 2016
- Small Contractor",DSC Member,,,,,,,,,No,,,,,,
Lakhisarai,,,,Suryagarha,,Bansipur,Ram Parsad Saw,Lt.Jago Sah,9771806751.0,65.0,EBC,Teli,"Ram Parsad Saw| 65 | EBC | Teli
-Incumbent Sarpanch 2021 
- Two Term Contested Mukhiya 2006 & 2011",DSC Member,Agreed,,,,,,,,No,,,,,,
Lakhisarai,,,,Suryagarha,,,Dilip  Chandrawansi,Shri Awdhesh Parsad,7631706119.0,39.0,EBC,Kahar,"Dilip Chandravanshi | 39 | EBC | Kahar 
-Ex-Sarpanch 2016 
-Ex BDC 2011 
-Mukhiya Contested 2021 
-BJP Mandal Mahamantri 2018-2024 ",DSC Member,,,,,,,,,No,,,,,,
Lakhisarai,,,,Suryagarha,,,Rajesh Kr Ranjan,Lt. Ramkhay Mahto,9934442535.0,58.0, OBC , Kurmi ,"Rajesh Kr Ranjan | 58| OBC | Kurmi | 
-Ex-Mukhiya 2001
-Four Time Mukhiya Contested  2006,11,16,21 
-Strong hold in his community",DSC Member,Not interested,,,,,,,,No,,,,,,
Lakhisarai,,,,Barahiya,,,Vinod Mahto,Late Ram Gulam Mahto,995511195.0,63.0,EBC ,Dhanuk ,"Vinod Mahto | 63 | EBC| Dhanuk 
-  Zila Adhyaksh Samata Party (1995-2000)
- Former Pacs Chairman 2009-14
- Pacs Runner up 2014,2019,2024 
- Vypar Samiti Karya Karni member (2015- Present )",DSC Member,,,,,,,,,No,,,,,,
Lakhisarai,,,,Lakhisarai,,,Mohammed Naimuddin,Dr Ahmad Hussain,9504670310.0,42.0,EBC ,Nai ,"Mohammed Naimuddin|42|Muslim

-Mukhiya Runnerup (2011)
-Mukhiya 2nd Runnerup (2016 and 2021)
-Local Medical Practioner (Hakeem)
-Relegious Figure",DSC Member,,,,,,,,,No,,,,,,
Lakhisarai,,,,Suryagarha,,,Sudhir Jha,Lt. Umakant Jha,8051688803.0,75.0,General ,Brahmin,"Sudhir Jha | 75 | Gen. | Brahmin 
- Two Term Sarpanch 2006 & 2011
-Ex- BDC 2001 
-Congress Jila Sachiv 1993-99  
-LLB ( Advocate ) ",DSC Member,,,,,,,,,No,,,,,,
Lakhisarai,,,,Channan,,,Mukesh Kumar,Late. Yamuna Yadav,9955217638.0,39.0,OBC ,Yadav,"Mukesh Kumar|39|OBC|Yadav

- Former Defacto BDC (Brother : Late. Champak Lal Yadav), 2001-06
- 2 times BDC Contestant, 2016 & 2021",DSC Member,,,,,,,,,No,,,,,,
Lakhisarai,,,,Channan,,,Krishna Nandan Yadav,Late. Umesh Prasad Yadav,9934705229.0,40.0,OBC ,Yadav,"Krishna Nandan Yadav|40|OBC|Yadav

- Former BDC 2011-16
- Former RDJ Block Secretary, 2008-12",DSC Member,,,,,,,,,No,,,,,,
Lakhisarai,,,,Channan,,,Jai Prakash Yadav,Late. Ghazi Yadav,7634065706.0,54.0,OBC ,Yadav,"Jai Prakash Yadav|54|OBC|Yadav

- Defacto BDC 2021-Present 
- Defacto BDC contected in 2016",DSC Member,,,,,,,,,No,,,,,,
Lakhisarai,,,,Channan,,,Suchit Kumar,Late. Chandramani Yadav,7004874418.0,32.0,OBC ,Yadav,"Suchit Kumar | 32 | OBC |Yadav 

- Former Mukhiya (Father : Chandramani Yadav), 2001-06
- Branch Manager at Shree Ram Finance Lakhisarai since 2023- Present 
- MBA from Mirut University, 2022",DSC Member,,,,,,,,,No,,,,,,
Lakhisarai,,,,Channan,,,Sunil Prasad Yadav,Darogi Prasad Yadav,7633909352.0,41.0,OBC ,Yadav,"Sunil Prasad Yadav|41|OBC|Yadav

- Former Defacto Sarpanch, 2011-16
- Sarpanch Runner-up 2016
- Close aide and advisor to incumbent Mukhiya and PACS Adhyaksh",DSC Member,,,,,,,,,No,,,,,,
Lakhisarai,,,,Channan,,,Krishna Chandra Pandit,Late Rajo Pandit,9229808482.0,65.0,EBC ,Kumhar,"Krishna Chandra Pandit| 65| EBC| Kumhar

- Former BDC 2001-06
- Father Was mukhiya for 22 Years, 1972-2000
- BDC Runner-up 2006",DSC Member,,,,,,,,,No,,,,,,
Lakhisarai,,,,Channan,,,Vishnudev Yadav,Triloki Yadav,8676075246.0,58.0,OBC ,Yadav,"Vishnudev Yadav| 58| OBC| Yadav

- Former Mukhiya, 2001-2006
- 3 Terms Ward Member, 2011- Present
-BDC Runner-up, 2006",DSC Member,,,,,,,,,No,,,,,,
Lakhisarai,,,,Channan,,,Umesh Mahto,Late Anik Mahto,8709495451.0,59.0,EBC ,Dhanuk ,"Umesh Mahto| 59| EBC| Dhanuk

- Former Mukhiya, 2016-21
- Mukhiya Runner-up, 2006 & 2011
- Former RJD Block Sachiv 2010-13",DSC Member,,,,,,,,,No,,,,,,
Lakhisarai,,,,Channan,,,Shushank Shekhar,Shankar Yadav,9931222893.0,31.0,OBC ,Yadav,"Shushank Shekhar| 31| OBC| Yadav

- Former BDC, 2016-21
- He was active in student politics in Patna University
- Govt. contractor ",DSC Member,,,,,,,,,No,,,,,,
Lakhisarai,,,,Channan,,,Santosh Kumar,Valmiki Prasad Chaurasiya,9570688853.0,42.0,,,"Santosh Kumar|42|EBC|Badhai

- Former Defacto BDC (Wife : Priyadarshani Kumari), 2016-21
- Former Ward Member, 2006-16",DSC Member,,,,,,,,,No,,,,,,
Lakhisarai,,,,Channan,,,Sadanand Kumar,Late. Rajesh Kumar Paswan,8709882516.0,32.0,,,"Sadanand Kuma r| 32 | SC | Dusadh

- M. Tech. from IIT Dhanbad
- Junior Engineer at Indian Oil Corporation Limited",DSC Member,Not interested to take responsibility,,,,,,,,No,,,,,,
Lakhisarai,,,,Suryagarha,,,Chinmay Ranjan,Kailashpati Ranjan,9097706010.0,29.0,EBC ,Dhanuk ,"Chinmay Ranjan | 29 | EBC | Dhanuk | 
- He is a Private Teacher, runs a coaching centre.
- Active as a social worker and provides free coaching to poor students.
- He follows the ideology of Prashant Kishore.",DSC Member,Not in Home,,,,,,,,No,,,,,,
Lakhisarai,,,,Suryagarha,,,Ram Prasad Saw,Late Jagosha Saw,9771806751.0,65.0,EBC,Kanu ,"Ram Prasad Saw | 65 | EBC | Kanu
Incumbent Sarpanch (2021-till)
Mukhiya Contestent ( 2011 & 2016)
BDC Contestent  (2006)",DSC Member,Call Not Answering,,,,,,,,No,,,,,,
Lakhisarai,,,,Suryagarha,,,Pankaj Kumar,Late Sudhir Mahto,9538713092.0,48.0, OBC , Kurmi ,"Pankaj Kumar| 48  | OBC |  Kurmi
- Three Times BDC Runner up (2011,16,21)
- Owner of Furniture Shop 
- Sudha Dairy Samiti Sachiv
- Zila Sachiv of Akhil Bharatiya Kurmi Kshtriya Sabha sachiv
",DSC Member,,,,,,,,,No,,,,,,
Lakhisarai,,,,Suryagarha,,,Gopal Krishna Mahto,Late. Arjun Mahto,7870921057.0,53.0,,,"Gopal Krishna Mahto | 53 | OBC|Kurmi
 -Formar 2 Term BDC 2001 To 2011
 -Mukhiya Second Runner up 2011 
",DSC Member,,,,,,,,,No,,,,,,
Lakhisarai,,,,Suryagarha,,Khaba Rajpur,Rambalak Yadav,Late. Nandi Yadav,9304519655.0,40.0,OBC ,Yadav,"Rambalak Yadav | 38 | OBC| Yadav
-Incumbent BDC 
-Defecto BDC Of Nilam Devi In 2001
-Defecto BDC Contenstant Of Nilam Devi In 2006
-RJD Panchayat Aadhykh From 2001 To 2020 ",DSC Member,Ready OBC,Block president,Block PH,OBC,,,,,No,,,,,,
Lakhisarai,,,,Halsi,,,Rajkumar Mahto,Late Bhagwan Mahto,9955627235.0,40.0,OBC ,Kushwaha,"Rajkumar Mahto | 40  | OBC | Kushwaha

- Defacto UP Block Pramukh in 2016-19 (wife : Sri Devi).
- Ex Defacto BDC in 2016-21, securing 1567 votes.
- Defacto BDC 2nd Runner Up in 2021, securing 638 votes.",DSC Member,,,,,,,,,No,,,,,,
Lakhisarai,,,,Halsi,,,Sadhu sharan Kewat,Late Nemchandra Kewat,7321028824.0,53.0,EBC ,Mallah,"Sadhu sharan Kewat | 53  | EBC | Mallah

- Defacto Ex Sarpanch in 2016, securing 1894 votes (wife : Saraswati devi).
- Defacto Sarpanch 1st runner up in 2021, securing 1408 votes.",DSC Member,Call Not Recived,,,,,,,,No,,,,,,
Lakhisarai,,,,Barahiya,,,Raghvendra Kumar,Pramod Kumar Singh,"7543960700
9142751030",36.0,General,Bhumihar,"Raghvendra Kumar | 36 | General | Bhumihar
- Incumbent Defacto Nagar Ward Parshad (Arvind Kumar)
- Nagar Ward Parshad (2014-2019)
- BJP Mandal Adhyksh (2011-2015)",DSC Member,,,,,,,,,No,,,,,,
Lakhisarai,,,,Barahiya,,,Ramvilas Mahto,Asrangi Mahto,7782972266.0,60.0,EBC ,Dhanuk ,"- Ramvilas Mahto| 60 | EBC | Dhanuk
- 3 Term PACS President (2009, 2014, 2019- Present.
- Big Farmer (Owner of 30 Bigha)
",DSC Member,,Block president,Block PH,Sangathan,,,,,No,,,,,,
Lakhisarai,,,,Barahiya,,,Bikash Kumar,Hareram Singh,8002885315.0,36.0,General,Bhumihar,"Bikash Kumar I 36 | GEN | Bhumihar
- 2 Term Sarpanch (2016-Present)
- Ex Block Vice President BJP (2012-2020)",DSC Member,,,,,,,,,No,,,,,,
Lakhisarai,,,,Barahiya,,,Rajesh Mahto,Nagina Mahto,8909093781.0,35.0,EBC ,Dhanuk ,"Rajesh Mahto | 35 | EBC | Dhanuk
- Incumbent Mukhiya (2021-till date)
- Strong hold in his community",DSC Member,,,,,,,,,No,,,,,,
Lakhisarai,,,,Barahiya,,,Meghu Kumar,Late Sidheswar Mahto,9955273811.0,41.0,EBC ,Dhanuk ,"Mehgu Kumar | 41 | EBC| Dhanuk 
- Incumbent Mukhiya (2021-till date)
- Mukhiya Sangh Prakhand  Adhayaksh 
- Former Mukhiya (2016 - 2021)
- Got 2300 votes in Mukhiya election in 2011",DSC Member,,,,,,,,,No,,,,,,
Lakhisarai,,,,Barahiya,,,Pankaj Kumar,Chitni Pandit,7870265351.0,27.0,EBC ,Kumhar,"Pankaj Kumar | 27 | EBC | Kumhar 
- Former Defacto BDC 2006 - 2011 (Chitni Pandit)
- BDC Runner-up 2011
- BDC 2nd Runer-up 2021",DSC Member,,,,,,,,,No,,,,,,
Lakhisarai,,,,Halsi,,,Vyas Rajak,Late Mohan Rajak,8294492621.0,50.0,SC ,Dhobi,"Vyas Rajak | 50  | SC | Dhobi

- ZP Runner-Up in 2001 from Halsi.
- BJP SC/ST Prakoshth Zila Adhyaksh in 2019.
- BJP SC/ST Prakoshth Prakhand Adhyaksh in 2012.
- Incumbent Ward Member from Ballopur Panchayat.
",DSC Member,Call Not Connected,,,,,,,,No,,,,,,
Lakhisarai,,,,Halsi,,,Sonu Kumar Kushwaha,Bajarangi Prasad,9155450721.0,29.0,OBC ,Kushwaha,"Sonu Kumar Kushwaha | 29  | OBC | Kushwaha 

- Sarpanch Contestant with 1054 votes in (2021) from Dhira 
- BJP's Social media Seh-Zilla Adhyksh (2020-Present)
-BJP's Booth Adhyksh (2022-Present) Booth no. 366
-Panchayati Raj Prakosth Prakand Sanyojak Halsi (2013-2020)",DSC Member,,,,,,,,,No,,,,,,
Lakhisarai,,,,Halsi,,,Saurabh Anand Rai,Suresh Kumar Verma,8210955043.0,32.0,OBC ,Kushwaha,"Saurabh Anand Rai | 32  | OBC | Kushwaha

- Defacto Ex Mukhiya in 2016, securing 1350 votes.
-  Father was Mukhiya in 2006 & 2011.
- Defacto 1st Runner up Mukhiya in 2021, securing 891 votes.",DSC Member,Uninterested,,,,,,,,No,,,,,,
Lakhisarai,,,,Halsi,,,Somrath Paswan,Late Ram Jatin Paswan,8708044859.0,42.0,SC,Dusadh,"Somrath Paswan | 42  | SC | Dusadh

- Incumbent Defacto BDC 2021, securing 2077 votes (wife : Manisha Kumari).
- Ex Defacto BDC runner up 2011.
",DSC Member,busy,,,,,,,,No,,,,,,
Lakhisarai,,,,Ramgarh Chowk,,,Nandan Yadav,Shri Shankar Yadav,6207865234.0,53.0,OBC ,Yadav,"Nandan Yadav | 53 | OBC | Yadav  

-Ex-BDC from 'Billo Panchayat' (2011-2016)
-Ex-Sarpanch from 'Sharma Panchayat' 2006 
 -De facto Mukhiya 1st Runner up 'Billo Panchayat' 2021
- District President of Krishi Atma samiti (2006-2017) 
-Yuva Sakhti Sangathan of Jan Adhikar Party ( 2000-15)
",DSC Member,,,,,,,,,No,,,,,,
Lakhisarai,,,,Ramgarh Chowk,,,Ramdev Paswan,Late Kuldeep Paswan,9973514363.0,51.0,SC,Dusadh,"Ramdev Paswan | 51 | SC | Dusadh 

- Former Defacto Mukhiya (2006-2011)
- De facto Ex- BDC 2016
-PDS Dealer",DSC Member,,,,,,,,,No,,,,,,
Lakhisarai,,,,Ramgarh Chowk,,,Ravindra Kumar,Prakash Ram,6201855026.0,29.0,EBC ,Chandravanshi,"Ravindra Kumar | 29 | EBC | Chandravanshi 

- De-facto Incumbent BDC(2021-Till date)
- De-facto BDC Runner up, 2016",DSC Member,,,,,,,,,No,,,,,,
Lakhisarai,,,,Ramgarh Chowk,,,Mohammad Akhtar Ali,Mohammad Salim Shah,91625 69747,54.0,Minority,Muslim,"Mohammad Akhtar Ali | 54 | Muslim 
- Ex-BDC, 2016
- BDC Runner up 2021, 2011, 2006
- Prakhand Adhyaksha LJP 2005 to 2010
- LJP Zila Sachiv 2010 to 2015",DSC Member,,,,,,,,,No,,,,,,
Lakhisarai,,,,Ramgarh Chowk,,,Shashi Shankar,Late Shiv Shankar,9631579769.0,57.0,General,Bhumihar,"Shashi Shankar | 57 | Gen | Bhumihar
- Cooprative Chairmen 1995-2009
-His father Ex Mukhiya (2001 to 06)
-His father Mukhiya from 1978 to 2000
-Traditional Family",DSC Member,,,,,,,,,No,,,,,,
Lakhisarai,,,,Lakhisarai,,Sabirpur,Ram Pravesh Kumar,Late Mahendra tanti,7352560576.0,30.0,EBC  ,Tatwa," Ram Pravesh Kumar | 30 | EBC| Tatwa

- 2 term Sarpanch (2016- till)
-Popular face in youth",DSC Member,Agreed,,,,,,,,No,,,,,,
Lakhisarai,,,,Lakhisarai,,,Rishi Singh,Late Shashibhushan Singh,6200649867.0,45.0,General,Bhumihar,"Rishi Singh|45|Gen| Bhumihar

-3 term PACS Adhyaksh (2014,2019 and 2024)
-Vyapar Mandal Upadhyaksh
-Sarpanch Runnerup (2011)
",DSC Member,,,,,,,,,No,,,,,,
Lakhisarai,,,,Lakhisarai,,Amhara,Shatrughan Paswan,Late Premi Paswan,7808285056.0,61.0,SC,Dusadh,"Shatrughan Paswan|65|SC|Dusadh

-Former Defacto Mukhiya (2006)
-Mukhiya Runnerup (2011) lost by 7 votes.
-Mukhiya Contestant (2016) 2nd runnerup.
- Mukhiya Contestant (2021) got 800+ votes",DSC Member,Agreed,,,,,,,,No,,,,,,
Lakhisarai,,,,Lakhisarai,,,Dr Dhirendra Singh,Yaduvansh Singh,9204521927.0,69.0,General,Bhumihar,"Dr Dhirendra Singh | 69 | Gen | Bhumihar

- Former Medical officer
- His father was Former MLA (Yaduvansh Singh) from Janta dal 1995-2000
- Influential Farmer
- Active in Politics""",DSC Member,,,,,,,,,No,,,,,,
Lakhisarai,,,,Lakhisarai,,,Dharamraj Bharti (Anurag Singh),Vijay Shankar Singh,7782928581.0,25.0,General,Bhumihar,"Dharamraj Bharti|25|Gen|Bhumihar

-Owned 'The Ghutto Da Hotel
-Transport Business
-PACS Member (2024)
-Defacto PACS Contestant

",DSC Member,,,,,,,,,No,,,,,,
Lakhisarai,,,,Lakhisarai,,,Sunil Kumar,Shri Shankar Saw,7979015175.0,52.0,EBC,Teli,"Sunil Kumar | 52  | EBC | Teli 

- NP Vice Chairman Contestant in 2022 (Votes : 4,314).
- Ex Nagar Ward Parshad in 2017.
- District President Journalist Association (Bharat 24).
- Ex Youth District President RJD(2015-2020)",DSC Member,,,,,,,,,No,,,,,,
Lakhisarai,,,,Pipariya,,,Lal Muni Kumar,Ram Karan Yadav,7979750381.0,30.0,OBC ,Yadav,"Lal Muni Singh | 30 | OBC | Yadav

-Incumbent BDC 2021
-Incumbent Up Pramukh",DSC Member,Ready,,,,,,,,No,,,,,,
Lakhisarai,,,,Channan,,,Raja Ram Yadav,Prayag Yadav,9934506512.0,45.0,OBC ,Yadav,"Raja Ram Yadav| 45|OBC|Yadav

- Incumbent BDC, 2021-Present
- BDC Contestant, 2016
- Former Ward Member, 2011-16",DSC Member,,,,,,,,,No,,,,,,
Lakhisarai,,,,Channan,,,Bajrangi Saw,Late Madan Saw,8539022908.0,48.0,,,"Bajrangi Saw|48|EBC|Teli

- Incumbent Defacto Panchayat BDC, 2021-Present
- Former Defacto Ward Sadasya, 2006-11
- Defacto Panchayat Samiti Contestant, 2011",DSC Member,,,,,,,,,No,,,,,,
Lakhisarai,,,,Channan,,,Sanjay Rajak,Prameshwar Rajak,8804883222.0,45.0,,,"Sanjay Rajak|45|SC|Dhobi

- 2 terms Incumbent Defecto Sarpanch, 2016-21, 2021-Present",DSC Member,,,,,,,,,No,,,,,,
Lakhisarai,,,,Channan,,,Subodh Saw,Late. Ramjatan Saw,7739106863.0,47.0,,,"Subodh Saw|47|EBC|Teli

- 3 terms Incumbent PACS Adhyaksh, 2009-14, 2014-19 & 2024-Present
- Swabalabi Samiti Adhyakh 2018-Present ",DSC Member,,,,,,,,,No,,,,,,
Lakhisarai,,,,Channan,,,Gopal Paswan,Late. Chhatri Paswan,9771660325.0,60.0,SC,Dusadh,"Gopal Paswan|60|SC|Dusadh

- Former BDC, 2001-06. 2006 onwards this BDC seat got researved for EBC.
- Govt. Ration Dealer 1990-Present.",DSC Member,,,,,,,,,No,,,,,,
Lakhisarai,,,,Suryagarha,,,Angad Singh,Kedar Nath Singh,7992269441.0,60.0,General,Bhumihar,"Angad Kumar Singh | 60  | General | Bhumihar 

- Incumbent 2 term Sarpanch Sangh Zila Upadhyaksha (2016- Present) 
- Incumbent 2 term Sarpanch (2016- 21)
- Former 2 term De-facto Sarpanch- (2006-16)
- Zila Upadhyaksha Kisan Morcha- BJP (2005-11)
- Former De-facto PACS Adhyaksha (2014-19)
",DSC Member,,,,,,,,,No,,,,,,
Lakhisarai,,,,Channan,,,Dashrath Turi,Kameshwar Turi,7295872306.0,50.0,,,"Dashrath Turi|50|SC|Turi

- Sarpanch since 2021
- Dalit Raight's Activist in the block",DSC Member,,,,,,,,,No,,,,,,
Lakhisarai,,,,Suryagarha,,,Madhuri Devi,Vijay Kr Choudhary,8083830628.0,52.0,OBC ,Bania,"-Madhuri Devi | 52 | OBC | Bania 
-ZP 03 Contested 2021 
-Ward Member 2011-16
-Runnig NGO For SC /St ",Zila Mahila Adhyaksh,,,,,,,,,No,,,,,,
Lakhisarai,,,,Channan,,,Krishnanandan Yadav,Late. Varanasi Yadav,9234255013.0,51.0,OBC ,Yadav,"Krishnanandan Yadav|51|OBC|Yadav

- Former BDC 2001-06
- BDC contestant, 2006",DSC Member,,,,,,,,,No,,,,,,
Lakhisarai,,,,Channan,,,Vishnudev Yadav,Late Triloki Yadav,9939427457.0,68.0,OBC ,Yadav,"Vishnudev Yadav| 68| OBC| Yadav

- Former BDC 2006-2011
- Mukhiya Runner-up 2001",DSC Member,,,,,,,,,No,,,,,,
Lakhisarai,,,,Halsi,,Dhirah,Masudan Yadav,Late Harishchandra Yadav,9801900981.0,51.0,OBC ,Yadav,"Masudan Yadav | 48 | OBC | Yadav

- De-facto Ex-BDC in 2016, securing 969 votes ( wife : Janki devi).
- De-facto BDC 1st runner up in 2021, securing 799 votes.
- BJP's Panchayat President of Dhira (2016-2023).",DSC Member,Agreed,,,,,,,,No,,,,,,
Lakhisarai,,,,Suryagarha,,Maheshpur,Balmiki Pandit,Lt. Jamun Pandit,7519833835.0,70.0,EBC ,Kumhar,"Balmiki Pandit | 70 | OBC | Kumhar 
-Incumbent Sarpanch 2021 
- Mukhiya 2nd Runner-up 2016
-Good Hold On other community ",DSC Member,Agreed,,,,,,,,No,,,,,,
Lakhisarai,,,,Channan,,,Manish Kumar,Kishori Kumar,9438328657.0,29.0,OBC,Yadav,"Manish Kumar|29|OBC|Yadav

- Incumbent PACS Adhyaksh - Khutukpar Panchayat since November, 2024.
- Incumbent 3 times Mukhiya (Mother) - Khutukpar Panchayat, 2006-11, 2016-21, 2021-Present.
- Father is Govt. Primary School teacher/pricipal.",DSC Member,,,,,,,,,No,,,,,,
Lakhisarai,,,,Suryagarha,,,Anil Yadav,Late Mangal Yadav,7209965541.0,55.0,OBC ,Yadav,"Anil Yadav | 55 | OBC | Yadav 
- Sarpanch Runnerup (Salempur East) 2021
- RJD Block President 2023-2024
- Mukhiya 2nd Runner-up 2016
- Panchayat Adhyaksh RJD 2019-2023
- Active as a social worker.",DSC Member,,,,,,,,,No,,,,,,
Lakhisarai,,,,Pipariya,,Pipariya,Bhola Yadav,Dhoso Yadav,9430577372.0,46.0,OBC ,Yadav,"Bhola Yadav | 46 | OBC | Yadav

-Zila Parishad 2nd Runner-Up Secured 2700 Votes In 2006
-Reporter At Light Bihar Express 
 ",DSC Member,,,,,,,,,No,,,,,,
Lakhisarai,,,,,Male,,Subodh Kushwaha,Late Seeta Ram Arya,9472051302.0,53.0,OBC,Kushwaha,"- District BAR Association General Secretary
- Ex Director of Cooperative Chairman
- Ex ZP
- Ex Mukhiya",State Core Committee,,,,,,,,,No,,,,,,
Lakhisarai,,,,,,,Subodh Kushwaha,Late Seeta Ram Arya,9472051302.0,,,,,State Core Committee,,,,,,,,,No,,,,,,
Lakhisarai,,167-Suryagarha,,Channan,,Lakho Chak,Rahul Kumar,Modan Shah,8459022703.0,,EBC,Kanu,- CPI District Joint Secretary 2010-2014,Vidhan Sabha Prabhari,,,,,,,,,No,,,,,,
Lakhisarai,,167-Suryagarha,,,,Mohanpur,Devan Yadav,Jagdish Yadav,9102872847.0,,OBC,Yadav,"-2 terms BDC(2016-Present)
-Up pramukh (2016-21)",Vidhan Sabha Prabhari,,,,,,,,,No,,,,,,
Lakhisarai,,168-Lakhisarai,,Halsi,,Ballopur,Vijay Shukla,Ganesh Pratap Shukla,7463959222.0,,GEN,Brahmin,"- Incumbent Sarpanch 
",Vidhan Sabha Prabhari,Busy,,,,,,,,No,,,,,,
Lakhisarai,,168-Lakhisarai,,Lakhisarai,,Lakhisarai Nagar Parishad,Ranjeet Gupta,Shri Gopal Prasad Gupta,9304257220.0,,EBC,Halwai,- Ex RLSP Pradesh Mahasachiv 2017-2025,Vidhan Sabha Prabhari,,,,,,,,,No,,,,,,
Lakhisarai,,167-Suryagarha,,,,,Shivdani Sharma,,9572568549.0,,,,"Shivdani Sharma | Male | 67 | EBC | Thakur | Panchayat Samiti Contestant

-Former Mukhiya Contestent (2006)
-Former Panchayat samiti runnerup Candidate(2021)
-Former BJP Zil Adhaksh(2010 to 2014)
-Jan Suraaj Prakhand Prabhari
-Grameen Chikitsak",State Committee,,,,,,,,,No,,,,,,
Lakhisarai,,167-Suryagarha,,,,,Munna Kumar,,8210330422.0,,,,"Munna Kumar | Male | 39 | EBC | Kanu | Panchayat Samiti Contestant

-Former Panchayat Samiti Contestant(2006), Got 418 Votes
-Jan Suraaj Zila Sachiv & State working Committee
-Computer accessories Business
-Munger Chamber Of Commerce Adhyaksh
-Pradesh Mahasachiv Kalyan Mahasangh, Bihar
-Pradesh Upadhyaksh Kanu Vikas Sangh, Bihar",State Committee,,,,,,,,,No,,,,,,
Lakhisarai,,167-Suryagarha,,,,,Mahesh Yadav,,8084956152.0,,,,"Mahesh Yadav | Male | 54 | OBC | Yadav | Former Panchayat Samiti

-Former Panchayat samiti (2001 To 2006)
-Former Block Pramukh(2001 To 2006)
-Jan Suraaj Zila Mahasachiv",State Committee,,,,,,,,,No,,,,,,
Lakhisarai,,168-Lakhisarai,,,,,Dr Dhirendra Prasad Singh,,9204521927.0,,,,"Dr Dhirendra Prasad Singh | Male | 70 | General | Rajput | Doctor

-Foremr Defacto ZP Contesatnt, 2006
-Father Late Yaduvansh Singh was MLA , RJD, 1995 To 2000
-Retired Medical Offficer, Bihar Govt.
-Runs a Private Clinic
-MBBS & MS
-Doctor",State Committee,,,,,,,,,No,,,,,,
Lakhisarai,,168-Lakhisarai,,,,,Sanjay Kumar,,7004982857.0,,,,"Sanjay Kumar | Male | 33 | EBC | Dhanuk | JDU Yuva Pravakta

-Former ASA Party EBC Cell Zila Adhyaksh, 2024 To 2025
-Former JDU Youth Spokesperson, 2015 To 2020
-Social Worker
-Digital Marketing & Motivational Speaker",State Committee,,,,,,,,,No,,,,,,
Lakhisarai,,168-Lakhisarai,,,,,Anil Kumar Satyarthi,,7903010675.0,,,,"Anil Kumar Satyarthi | Male | 44 | EBC | Teli | HAM EBC Karyakari Pradesh Adhyaksh

-Former HAM PartyKaryakari Pradesh Adhyaksh, 2023 To 2024
-Runs a Ultrasound Centre At Lakhisarai & Jamui
-Social Worker",State Committee,,,,,,,,,No,,,,,,
Lakhisarai,,168-Lakhisarai,,,,,Ram Raj,,9955713037.0,,,,"Ram Raj | Male | 55 | General | Bhumihar | Businessman

-Former JDU Member, 2010 To 2023
-Former Congress Member, 2005 To 2010
-Jan Suraaj District Secretary
-Owns a Petrol Pump ",State Committee,,,,,,,,,No,,,,,,
Lakhisarai,,,,Channan,Male,,Dr. Shivdani Sharma,,9572568549.0,50.0,EBC,Nai,"Dr. Shivdani Sharma | 50 | Doctor
 - Allopathy Physician at his own clinic (Life Line Clinic)
 - Shivsena Zila Adhyaksha (2004-2009)
 - Ati Pichada Prakoshth Zilla Adhyaksha BJP (2009-2019) - Informally working for RJD from 2019
 - 3 times Mukhiya Runnerup at Bhalui Panchayat, Chanan Block, Lakhisarai (2011, 2016 and 2021)",Block Prabhari,,,,,,,,,No,,,,,,
Lakhisarai,,,,Channan,Male,,Rakesh Shukla,,7260895652.0,40.0,General,Brahmin,Rakesh Shukla | 40 | Mukhiya Runnerup - Mukhiya runnerup in 2021 - Runs an NGO Birsa Munda Gramin Kalyan Samiti which works in tribal regions of Bihar and Jharkhand - Also runs Arihant Kalyan Samiti which treats 10 thousand Motiyabind patients,Block Prabhari,,,,,,,,,No,,,,,,
Lakhisarai,,,,Pipariya,Male,,Suresh Prasad Singh,,8210063383.0,65.0,General,Bhumihar,"Suresh Prasad Singh |65| GEN| Bhumihar
 - Retired DEO Cum writer
 - - District Program Officer Sheikhpura ( 2014-2017).
 - District Education Officer at Munger ( 2017-21).
 - All Bihar Science/Math Master trainers.
 - Worked as NCC Navy First Officer 1994-2013.
 - +2 Math teacher at Kendriya Vidyalaya at Katriaya Nagar, Rajasthan (1984-1988).
 - Writer of Guides and Books at MBD, Patna (Had published several guides)",Block Prabhari,,,BBS,,,,,,No,,,,,,
Lakhisarai,,,,Barahiya,Male,,Pawan Kumar Singh,,"7870014351
 7004118860",44.0,General,Bhumihar,"|Age-44| Category-GEN | Bhumihar
 - Defacto-Zila Parisad 1st Runner up secured 8970 votes|
 Served more than 10 years at Gujarat Cooperative Milk Marketing Federation in Gujarat, Ranchi and Bhagalpur turned into a Businessman of (Mines, irrigations and Construction).",Block Prabhari,,,,,,,,,No,,,,,,
Lakhisarai,,,,Ramgarh Chowk,Male,,Ramanuj Singh,,6207128503.0,64.0,General,Bhumihar,"- Retired School Headmaster (2020)
 - EX joint Secretary at Madhayamik Shiksha Sangh",Block Prabhari,,,,,,,,,No,,,,,,
Lakhisarai,,,,Lakhisarai,Male,,Chandrashekhar Mishra,,9234413680.0,42.0,General,Brahmin,"District President of BJYM (2017-2020)
 - Zila Prabhari of Munger District for BJYM (2020-2023)
 - Vice-president of Tilka Majhi University Student Union (2004-2005)
 - Whole timer in Seemanchal Bihar for ABVP (2006-2008)",Block Prabhari,Call not connected,,,,,,,,No,,,,,,
Lakhisarai,Munger,Lakhisarai,Lakhisarai,Lakhisarai NP,Male,Ward 25,Madan Kumar,Late Arjun Prasad,6203488490.0,42.0,EBC,Bania,"Madan Kumar | 36 | EBC| Bania
 Incumbent Defacto two times ward Parshad of Lakhisarai Nagar Parishad (2017-Present)",Block Prabhari,Agreed,,,,,,,,No,,,,,,
Lakhisarai,,,,Suryagarha,Male,,Dhairyanand Sharma,,6200584931.0,39.0,General,Bhumihar,"Dhairyanand sharma| 39 | Bhumihar
 - Member of State committee BJP(2016-2018)
 - Former of district general secretary (2014-2015)
 - 10 years Purnakalik at ABVP (2000-2010)
 - Was part of Padyatra at Betiah, Champaran, Motihari,etc",Block Prabhari,Call not connected,,,,,,,,No,,,,,,
Lakhisarai,,,,Suryagarha,Male,,"Munna Kumar ""Karan Bhai""",,"8210330422, 9709436371",40.0,EBC,Kanu,"Munna Kumar urf Karan Bahi | 40 | Community Leader
 - Vice President - Vanijya Sangh, Surajgarha - General Secretary of Ati Pichda-Dalit-Vaisya Mahasangh
 - District Convenor of Janta Seva Samiti
 - Pradesh Upadhyaksh and Munger Pramandal Adhyaksh - Kanu Vikas Sangh
 - Grandfather Late Triveni Halwai was a Freedom Fighter - Father Sahdev Prasad Azad associated with the Social Justice Movement - Earlier associated with BJP for last five years",Block Prabhari,,,,,,,,,No,,,,,,
Lakhisarai,,,,Halsi,Male,,Paras Paswan,,096617 16153,58.0,SC,Dusadh,"Paras Paswan | 58 | Dusadh
 - Ex- Mukhiya (2016-2021) from Bhanpura
 - Mukhiya runner up (2021)
 - Panchayati Raj Prakost Zilla Upadhyksh JDU (2022-2024)",Block Prabhari,,,,,,,,,No,,,,,,
,,,,,,,,,,,,,,,,,,,,,,,No,,,,,,
,,,,,,,,,,,,,,,,,,,,,,,No,,,,,,
,,,,,,,,,,,,,,,,,,,,,,,No,,,,,,
,,,,,,,,,,,,,,,,,,,,,,,No,,,,,,
,,,,,,,,,,,,,,,,,,,,,,,No,,,,,,
,,,,,,,,,,,,,,,,,,,,,,,No,,,,,,
,,,,,,,,,,,,,,,,,,,,,,,No,,,,,,
,,,,,,,,,,,,,,,,,,,,,,,No,,,,,,
,,,,,,,,,,,,,,,,,,,,,,,No,,,,,,
,,,,,,,,,,,,,,,,,,,,,,,No,,,,,,
,,,,,,,,,,,,,,,,,,,,,,,No,,,,,,
,,,,,,,,,,,,,,,,,,,,,,,No,,,,,,
,,,,,,,,,,,,,,,,,,,,,,,No,,,,,,
,,,,,,,,,,,,,,,,,,,,,,,No,,,,,,
,,,,,,,,,,,,,,,,,,,,,,,No,,,,,,
,,,,,,,,,,,,,,,,,,,,,,,No,,,,,,
,,,,,,,,,,,,,,,,,,,,,,,No,,,,,,
,,,,,,,,,,,,,,,,,,,,,,,No,,,,,,
,,,,,,,,,,,,,,,,,,,,,,,No,,,,,,
,,,,,,,,,,,,,,,,,,,,,,,No,,,,,,
,,,,,,,,,,,,,,,,,,,,,,,No,,,,,,
,,,,,,,,,,,,,,,,,,,,,,,No,,,,,,
,,,,,,,,,,,,,,,,,,,,,,,No,,,,,,
,,,,,,,,,,,,,,,,,,,,,,,No,,,,,,
,,,,,,,,,,,,,,,,,,,,,,,No,,,,,,
,,,,,,,,,,,,,,,,,,,,,,,No,,,,,,
,,,,,,,,,,,,,,,,,,,,,,,No,,,,,,
,,,,,,,,,,,,,,,,,,,,,,,No,,,,,,
,,,,,,,,,,,,,,,,,,,,,,,No,,,,,,
,,,,,,,,,,,,,,,,,,,,,,,No,,,,,,
,,,,,,,,,,,,,,,,,,,,,,,No,,,,,,
,,,,,,,,,,,,,,,,,,,,,,,No,,,,,,
,,,,,,,,,,,,,,,,,,,,,,,No,,,,,,
,,,,,,,,,,,,,,,,,,,,,,,No,,,,,,
,,,,,,,,,,,,,,,,,,,,,,,No,,,,,,
,,,,,,,,,,,,,,,,,,,,,,,No,,,,,,
,,,,,,,,,,,,,,,,,,,,,,,No,,,,,,
,,,,,,,,,,,,,,,,,,,,,,,No,,,,,,
,,,,,,,,,,,,,,,,,,,,,,,No,,,,,,
,,,,,,,,,,,,,,,,,,,,,,,No,,,,,,
,,,,,,,,,,,,,,,,,,,,,,,No,,,,,,
,,,,,,,,,,,,,,,,,,,,,,,No,,,,,,
,,,,,,,,,,,,,,,,,,,,,,,No,,,,,,
,,,,,,,,,,,,,,,,,,,,,,,No,,,,,,
,,,,,,,,,,,,,,,,,,,,,,,No,,,,,,
,,,,,,,,,,,,,,,,,,,,,,,No,,,,,,
,,,,,,,,,,,,,,,,,,,,,,,No,,,,,,
,,,,,,,,,,,,,,,,,,,,,,,No,,,,,,
,,,,,,,,,,,,,,,,,,,,,,,No,,,,,,
,,,,,,,,,,,,,,,,,,,,,,,No,,,,,,
,,,,,,,,,,,,,,,,,,,,,,,No,,,,,,
,,,,,,,,,,,,,,,,,,,,,,,No,,,,,,
,,,,,,,,,,,,,,,,,,,,,,,No,,,,,,
,,,,,,,,,,,,,,,,,,,,,,,No,,,,,,
,,,,,,,,,,,,,,,,,,,,,,,No,,,,,,
,,,,,,,,,,,,,,,,,,,,,,,No,,,,,,
,,,,,,,,,,,,,,,,,,,,,,,No,,,,,,
,,,,,,,,,,,,,,,,,,,,,,,No,,,,,,
,,,,,,,,,,,,,,,,,,,,,,,No,,,,,,
,,,,,,,,,,,,,,,,,,,,,,,No,,,,,,
,,,,,,,,,,,,,,,,,,,,,,,No,,,,,,
,,,,,,,,,,,,,,,,,,,,,,,No,,,,,,
,,,,,,,,,,,,,,,,,,,,,,,No,,,,,,
,,,,,,,,,,,,,,,,,,,,,,,No,,,,,,
,,,,,,,,,,,,,,,,,,,,,,,No,,,,,,
,,,,,,,,,,,,,,,,,,,,,,,No,,,,,,
,,,,,,,,,,,,,,,,,,,,,,,No,,,,,,
,,,,,,,,,,,,,,,,,,,,,,,No,,,,,,
,,,,,,,,,,,,,,,,,,,,,,,No,,,,,,
,,,,,,,,,,,,,,,,,,,,,,,No,,,,,,
,,,,,,,,,,,,,,,,,,,,,,,No,,,,,,
,,,,,,,,,,,,,,,,,,,,,,,No,,,,,,
,,,,,,,,,,,,,,,,,,,,,,,No,,,,,,
,,,,,,,,,,,,,,,,,,,,,,,No,,,,,,
,,,,,,,,,,,,,,,,,,,,,,,No,,,,,,
,,,,,,,,,,,,,,,,,,,,,,,No,,,,,,
,,,,,,,,,,,,,,,,,,,,,,,No,,,,,,
,,,,,,,,,,,,,,,,,,,,,,,No,,,,,,
,,,,,,,,,,,,,,,,,,,,,,,No,,,,,,
,,,,,,,,,,,,,,,,,,,,,,,No,,,,,,
,,,,,,,,,,,,,,,,,,,,,,,No,,,,,,
,,,,,,,,,,,,,,,,,,,,,,,No,,,,,,
,,,,,,,,,,,,,,,,,,,,,,,No,,,,,,
,,,,,,,,,,,,,,,,,,,,,,,No,,,,,,
,,,,,,,,,,,,,,,,,,,,,,,No,,,,,,
,,,,,,,,,,,,,,,,,,,,,,,No,,,,,,
,,,,,,,,,,,,,,,,,,,,,,,No,,,,,,
,,,,,,,,,,,,,,,,,,,,,,,No,,,,,,
,,,,,,,,,,,,,,,,,,,,,,,No,,,,,,
,,,,,,,,,,,,,,,,,,,,,,,No,,,,,,
,,,,,,,,,,,,,,,,,,,,,,,No,,,,,,
,,,,,,,,,,,,,,,,,,,,,,,No,,,,,,
,,,,,,,,,,,,,,,,,,,,,,,No,,,,,,
,,,,,,,,,,,,,,,,,,,,,,,No,,,,,,
,,,,,,,,,,,,,,,,,,,,,,,No,,,,,,
,,,,,,,,,,,,,,,,,,,,,,,No,,,,,,
,,,,,,,,,,,,,,,,,,,,,,,No,,,,,,
,,,,,,,,,,,,,,,,,,,,,,,No,,,,,,
,,,,,,,,,,,,,,,,,,,,,,,No,,,,,,
,,,,,,,,,,,,,,,,,,,,,,,No,,,,,,
,,,,,,,,,,,,,,,,,,,,,,,No,,,,,,
,,,,,,,,,,,,,,,,,,,,,,,No,,,,,,
,,,,,,,,,,,,,,,,,,,,,,,No,,,,,,
,,,,,,,,,,,,,,,,,,,,,,,No,,,,,,
,,,,,,,,,,,,,,,,,,,,,,,No,,,,,,
,,,,,,,,,,,,,,,,,,,,,,,No,,,,,,
,,,,,,,,,,,,,,,,,,,,,,,No,,,,,,
,,,,,,,,,,,,,,,,,,,,,,,No,,,,,,
,,,,,,,,,,,,,,,,,,,,,,,No,,,,,,
,,,,,,,,,,,,,,,,,,,,,,,No,,,,,,
,,,,,,,,,,,,,,,,,,,,,,,No,,,,,,
,,,,,,,,,,,,,,,,,,,,,,,No,,,,,,
,,,,,,,,,,,,,,,,,,,,,,,No,,,,,,
,,,,,,,,,,,,,,,,,,,,,,,No,,,,,,
,,,,,,,,,,,,,,,,,,,,,,,No,,,,,,
,,,,,,,,,,,,,,,,,,,,,,,No,,,,,,
,,,,,,,,,,,,,,,,,,,,,,,No,,,,,,
,,,,,,,,,,,,,,,,,,,,,,,No,,,,,,
,,,,,,,,,,,,,,,,,,,,,,,No,,,,,,
,,,,,,,,,,,,,,,,,,,,,,,No,,,,,,
,,,,,,,,,,,,,,,,,,,,,,,No,,,,,,
,,,,,,,,,,,,,,,,,,,,,,,No,,,,,,
,,,,,,,,,,,,,,,,,,,,,,,No,,,,,,
,,,,,,,,,,,,,,,,,,,,,,,No,,,,,,
,,,,,,,,,,,,,,,,,,,,,,,No,,,,,,
,,,,,,,,,,,,,,,,,,,,,,,No,,,,,,
,,,,,,,,,,,,,,,,,,,,,,,No,,,,,,
,,,,,,,,,,,,,,,,,,,,,,,No,,,,,,
,,,,,,,,,,,,,,,,,,,,,,,No,,,,,,
,,,,,,,,,,,,,,,,,,,,,,,No,,,,,,
,,,,,,,,,,,,,,,,,,,,,,,No,,,,,,
,,,,,,,,,,,,,,,,,,,,,,,No,,,,,,
,,,,,,,,,,,,,,,,,,,,,,,No,,,,,,
,,,,,,,,,,,,,,,,,,,,,,,No,,,,,,
,,,,,,,,,,,,,,,,,,,,,,,No,,,,,,
,,,,,,,,,,,,,,,,,,,,,,,No,,,,,,
,,,,,,,,,,,,,,,,,,,,,,,No,,,,,,
,,,,,,,,,,,,,,,,,,,,,,,No,,,,,,
,,,,,,,,,,,,,,,,,,,,,,,No,,,,,,
,,,,,,,,,,,,,,,,,,,,,,,No,,,,,,
,,,,,,,,,,,,,,,,,,,,,,,No,,,,,,
,,,,,,,,,,,,,,,,,,,,,,,No,,,,,,
,,,,,,,,,,,,,,,,,,,,,,,No,,,,,,
,,,,,,,,,,,,,,,,,,,,,,,No,,,,,,
,,,,,,,,,,,,,,,,,,,,,,,No,,,,,,
,,,,,,,,,,,,,,,,,,,,,,,No,,,,,,
,,,,,,,,,,,,,,,,,,,,,,,No,,,,,,
,,,,,,,,,,,,,,,,,,,,,,,No,,,,,,
,,,,,,,,,,,,,,,,,,,,,,,No,,,,,,
,,,,,,,,,,,,,,,,,,,,,,,No,,,,,,
,,,,,,,,,,,,,,,,,,,,,,,No,,,,,,
,,,,,,,,,,,,,,,,,,,,,,,No,,,,,,
,,,,,,,,,,,,,,,,,,,,,,,No,,,,,,
,,,,,,,,,,,,,,,,,,,,,,,No,,,,,,
,,,,,,,,,,,,,,,,,,,,,,,No,,,,,,
,,,,,,,,,,,,,,,,,,,,,,,No,,,,,,
,,,,,,,,,,,,,,,,,,,,,,,No,,,,,,
,,,,,,,,,,,,,,,,,,,,,,,No,,,,,,
,,,,,,,,,,,,,,,,,,,,,,,No,,,,,,
,,,,,,,,,,,,,,,,,,,,,,,No,,,,,,
,,,,,,,,,,,,,,,,,,,,,,,No,,,,,,
,,,,,,,,,,,,,,,,,,,,,,,No,,,,,,
,,,,,,,,,,,,,,,,,,,,,,,No,,,,,,
,,,,,,,,,,,,,,,,,,,,,,,No,,,,,,
,,,,,,,,,,,,,,,,,,,,,,,No,,,,,,
,,,,,,,,,,,,,,,,,,,,,,,No,,,,,,
,,,,,,,,,,,,,,,,,,,,,,,No,,,,,,
,,,,,,,,,,,,,,,,,,,,,,,No,,,,,,
,,,,,,,,,,,,,,,,,,,,,,,No,,,,,,
,,,,,,,,,,,,,,,,,,,,,,,No,,,,,,
,,,,,,,,,,,,,,,,,,,,,,,No,,,,,,
,,,,,,,,,,,,,,,,,,,,,,,No,,,,,,
,,,,,,,,,,,,,,,,,,,,,,,No,,,,,,
,,,,,,,,,,,,,,,,,,,,,,,No,,,,,,
,,,,,,,,,,,,,,,,,,,,,,,No,,,,,,
,,,,,,,,,,,,,,,,,,,,,,,No,,,,,,
,,,,,,,,,,,,,,,,,,,,,,,No,,,,,,
,,,,,,,,,,,,,,,,,,,,,,,No,,,,,,
,,,,,,,,,,,,,,,,,,,,,,,No,,,,,,
,,,,,,,,,,,,,,,,,,,,,,,No,,,,,,
,,,,,,,,,,,,,,,,,,,,,,,No,,,,,,
,,,,,,,,,,,,,,,,,,,,,,,No,,,,,,
,,,,,,,,,,,,,,,,,,,,,,,No,,,,,,
,,,,,,,,,,,,,,,,,,,,,,,No,,,,,,
,,,,,,,,,,,,,,,,,,,,,,,No,,,,,,
,,,,,,,,,,,,,,,,,,,,,,,No,,,,,,
,,,,,,,,,,,,,,,,,,,,,,,No,,,,,,
,,,,,,,,,,,,,,,,,,,,,,,No,,,,,,
,,,,,,,,,,,,,,,,,,,,,,,No,,,,,,
,,,,,,,,,,,,,,,,,,,,,,,No,,,,,,
,,,,,,,,,,,,,,,,,,,,,,,No,,,,,,
,,,,,,,,,,,,,,,,,,,,,,,No,,,,,,
,,,,,,,,,,,,,,,,,,,,,,,No,,,,,,
,,,,,,,,,,,,,,,,,,,,,,,No,,,,,,
,,,,,,,,,,,,,,,,,,,,,,,No,,,,,,
,,,,,,,,,,,,,,,,,,,,,,,No,,,,,,
,,,,,,,,,,,,,,,,,,,,,,,No,,,,,,
,,,,,,,,,,,,,,,,,,,,,,,No,,,,,,
,,,,,,,,,,,,,,,,,,,,,,,No,,,,,,
,,,,,,,,,,,,,,,,,,,,,,,No,,,,,,
,,,,,,,,,,,,,,,,,,,,,,,No,,,,,,
,,,,,,,,,,,,,,,,,,,,,,,No,,,,,,
,,,,,,,,,,,,,,,,,,,,,,,No,,,,,,
,,,,,,,,,,,,,,,,,,,,,,,No,,,,,,
,,,,,,,,,,,,,,,,,,,,,,,No,,,,,,
,,,,,,,,,,,,,,,,,,,,,,,No,,,,,,
,,,,,,,,,,,,,,,,,,,,,,,No,,,,,,
,,,,,,,,,,,,,,,,,,,,,,,No,,,,,,
,,,,,,,,,,,,,,,,,,,,,,,No,,,,,,
,,,,,,,,,,,,,,,,,,,,,,,No,,,,,,
,,,,,,,,,,,,,,,,,,,,,,,No,,,,,,
,,,,,,,,,,,,,,,,,,,,,,,No,,,,,,
,,,,,,,,,,,,,,,,,,,,,,,No,,,,,,
,,,,,,,,,,,,,,,,,,,,,,,No,,,,,,
,,,,,,,,,,,,,,,,,,,,,,,No,,,,,,
,,,,,,,,,,,,,,,,,,,,,,,No,,,,,,
,,,,,,,,,,,,,,,,,,,,,,,No,,,,,,
,,,,,,,,,,,,,,,,,,,,,,,No,,,,,,
,,,,,,,,,,,,,,,,,,,,,,,No,,,,,,
,,,,,,,,,,,,,,,,,,,,,,,No,,,,,,
,,,,,,,,,,,,,,,,,,,,,,,No,,,,,,
,,,,,,,,,,,,,,,,,,,,,,,No,,,,,,
,,,,,,,,,,,,,,,,,,,,,,,No,,,,,,
,,,,,,,,,,,,,,,,,,,,,,,No,,,,,,
,,,,,,,,,,,,,,,,,,,,,,,No,,,,,,
,,,,,,,,,,,,,,,,,,,,,,,No,,,,,,
,,,,,,,,,,,,,,,,,,,,,,,No,,,,,,
,,,,,,,,,,,,,,,,,,,,,,,No,,,,,,
,,,,,,,,,,,,,,,,,,,,,,,No,,,,,,
,,,,,,,,,,,,,,,,,,,,,,,No,,,,,,
,,,,,,,,,,,,,,,,,,,,,,,No,,,,,,
,,,,,,,,,,,,,,,,,,,,,,,No,,,,,,
,,,,,,,,,,,,,,,,,,,,,,,No,,,,,,
,,,,,,,,,,,,,,,,,,,,,,,No,,,,,,
,,,,,,,,,,,,,,,,,,,,,,,No,,,,,,
,,,,,,,,,,,,,,,,,,,,,,,No,,,,,,
,,,,,,,,,,,,,,,,,,,,,,,No,,,,,,
,,,,,,,,,,,,,,,,,,,,,,,No,,,,,,
,,,,,,,,,,,,,,,,,,,,,,,No,,,,,,
,,,,,,,,,,,,,,,,,,,,,,,No,,,,,,
,,,,,,,,,,,,,,,,,,,,,,,No,,,,,,
,,,,,,,,,,,,,,,,,,,,,,,No,,,,,,
,,,,,,,,,,,,,,,,,,,,,,,No,,,,,,
,,,,,,,,,,,,,,,,,,,,,,,No,,,,,,
,,,,,,,,,,,,,,,,,,,,,,,No,,,,,,
,,,,,,,,,,,,,,,,,,,,,,,No,,,,,,
,,,,,,,,,,,,,,,,,,,,,,,No,,,,,,
,,,,,,,,,,,,,,,,,,,,,,,No,,,,,,
,,,,,,,,,,,,,,,,,,,,,,,No,,,,,,
,,,,,,,,,,,,,,,,,,,,,,,No,,,,,,
,,,,,,,,,,,,,,,,,,,,,,,No,,,,,,
,,,,,,,,,,,,,,,,,,,,,,,No,,,,,,
,,,,,,,,,,,,,,,,,,,,,,,No,,,,,,
,,,,,,,,,,,,,,,,,,,,,,,No,,,,,,
,,,,,,,,,,,,,,,,,,,,,,,No,,,,,,
,,,,,,,,,,,,,,,,,,,,,,,No,,,,,,
,,,,,,,,,,,,,,,,,,,,,,,No,,,,,,
,,,,,,,,,,,,,,,,,,,,,,,No,,,,,,
,,,,,,,,,,,,,,,,,,,,,,,No,,,,,,
,,,,,,,,,,,,,,,,,,,,,,,No,,,,,,
,,,,,,,,,,,,,,,,,,,,,,,No,,,,,,
,,,,,,,,,,,,,,,,,,,,,,,No,,,,,,
,,,,,,,,,,,,,,,,,,,,,,,No,,,,,,
,,,,,,,,,,,,,,,,,,,,,,,No,,,,,,
,,,,,,,,,,,,,,,,,,,,,,,No,,,,,,
,,,,,,,,,,,,,,,,,,,,,,,No,,,,,,
,,,,,,,,,,,,,,,,,,,,,,,No,,,,,,
,,,,,,,,,,,,,,,,,,,,,,,No,,,,,,
,,,,,,,,,,,,,,,,,,,,,,,No,,,,,,
,,,,,,,,,,,,,,,,,,,,,,,No,,,,,,
,,,,,,,,,,,,,,,,,,,,,,,No,,,,,,
,,,,,,,,,,,,,,,,,,,,,,,No,,,,,,
,,,,,,,,,,,,,,,,,,,,,,,No,,,,,,
,,,,,,,,,,,,,,,,,,,,,,,No,,,,,,
,,,,,,,,,,,,,,,,,,,,,,,No,,,,,,
,,,,,,,,,,,,,,,,,,,,,,,No,,,,,,
,,,,,,,,,,,,,,,,,,,,,,,No,,,,,,
,,,,,,,,,,,,,,,,,,,,,,,No,,,,,,
,,,,,,,,,,,,,,,,,,,,,,,No,,,,,,
,,,,,,,,,,,,,,,,,,,,,,,No,,,,,,
,,,,,,,,,,,,,,,,,,,,,,,No,,,,,,
,,,,,,,,,,,,,,,,,,,,,,,No,,,,,,
,,,,,,,,,,,,,,,,,,,,,,,No,,,,,,
,,,,,,,,,,,,,,,,,,,,,,,No,,,,,,
,,,,,,,,,,,,,,,,,,,,,,,No,,,,,,
,,,,,,,,,,,,,,,,,,,,,,,No,,,,,,
,,,,,,,,,,,,,,,,,,,,,,,No,,,,,,
,,,,,,,,,,,,,,,,,,,,,,,No,,,,,,
,,,,,,,,,,,,,,,,,,,,,,,No,,,,,,
,,,,,,,,,,,,,,,,,,,,,,,No,,,,,,
,,,,,,,,,,,,,,,,,,,,,,,No,,,,,,
,,,,,,,,,,,,,,,,,,,,,,,No,,,,,,
,,,,,,,,,,,,,,,,,,,,,,,No,,,,,,
,,,,,,,,,,,,,,,,,,,,,,,No,,,,,,
,,,,,,,,,,,,,,,,,,,,,,,No,,,,,,
,,,,,,,,,,,,,,,,,,,,,,,No,,,,,,
,,,,,,,,,,,,,,,,,,,,,,,No,,,,,,
,,,,,,,,,,,,,,,,,,,,,,,No,,,,,,
,,,,,,,,,,,,,,,,,,,,,,,No,,,,,,
,,,,,,,,,,,,,,,,,,,,,,,No,,,,,,
,,,,,,,,,,,,,,,,,,,,,,,No,,,,,,
,,,,,,,,,,,,,,,,,,,,,,,No,,,,,,
,,,,,,,,,,,,,,,,,,,,,,,No,,,,,,
,,,,,,,,,,,,,,,,,,,,,,,No,,,,,,
,,,,,,,,,,,,,,,,,,,,,,,No,,,,,,
,,,,,,,,,,,,,,,,,,,,,,,No,,,,,,
,,,,,,,,,,,,,,,,,,,,,,,No,,,,,,
,,,,,,,,,,,,,,,,,,,,,,,No,,,,,,
,,,,,,,,,,,,,,,,,,,,,,,No,,,,,,
,,,,,,,,,,,,,,,,,,,,,,,No,,,,,,
,,,,,,,,,,,,,,,,,,,,,,,No,,,,,,
,,,,,,,,,,,,,,,,,,,,,,,No,,,,,,
,,,,,,,,,,,,,,,,,,,,,,,No,,,,,,
,,,,,,,,,,,,,,,,,,,,,,,No,,,,,,
,,,,,,,,,,,,,,,,,,,,,,,No,,,,,,
,,,,,,,,,,,,,,,,,,,,,,,No,,,,,,
,,,,,,,,,,,,,,,,,,,,,,,No,,,,,,
,,,,,,,,,,,,,,,,,,,,,,,No,,,,,,
,,,,,,,,,,,,,,,,,,,,,,,No,,,,,,
,,,,,,,,,,,,,,,,,,,,,,,No,,,,,,
,,,,,,,,,,,,,,,,,,,,,,,No,,,,,,
,,,,,,,,,,,,,,,,,,,,,,,No,,,,,,
,,,,,,,,,,,,,,,,,,,,,,,No,,,,,,
,,,,,,,,,,,,,,,,,,,,,,,No,,,,,,
,,,,,,,,,,,,,,,,,,,,,,,No,,,,,,
,,,,,,,,,,,,,,,,,,,,,,,No,,,,,,
,,,,,,,,,,,,,,,,,,,,,,,No,,,,,,
,,,,,,,,,,,,,,,,,,,,,,,No,,,,,,
,,,,,,,,,,,,,,,,,,,,,,,No,,,,,,
,,,,,,,,,,,,,,,,,,,,,,,No,,,,,,
,,,,,,,,,,,,,,,,,,,,,,,No,,,,,,
,,,,,,,,,,,,,,,,,,,,,,,No,,,,,,
,,,,,,,,,,,,,,,,,,,,,,,No,,,,,,
,,,,,,,,,,,,,,,,,,,,,,,No,,,,,,
,,,,,,,,,,,,,,,,,,,,,,,No,,,,,,
,,,,,,,,,,,,,,,,,,,,,,,No,,,,,,
,,,,,,,,,,,,,,,,,,,,,,,No,,,,,,
,,,,,,,,,,,,,,,,,,,,,,,No,,,,,,
,,,,,,,,,,,,,,,,,,,,,,,No,,,,,,
,,,,,,,,,,,,,,,,,,,,,,,No,,,,,,
,,,,,,,,,,,,,,,,,,,,,,,No,,,,,,
,,,,,,,,,,,,,,,,,,,,,,,No,,,,,,
,,,,,,,,,,,,,,,,,,,,,,,No,,,,,,
,,,,,,,,,,,,,,,,,,,,,,,No,,,,,,
,,,,,,,,,,,,,,,,,,,,,,,No,,,,,,
,,,,,,,,,,,,,,,,,,,,,,,No,,,,,,
,,,,,,,,,,,,,,,,,,,,,,,No,,,,,,
,,,,,,,,,,,,,,,,,,,,,,,No,,,,,,
,,,,,,,,,,,,,,,,,,,,,,,No,,,,,,
,,,,,,,,,,,,,,,,,,,,,,,No,,,,,,
,,,,,,,,,,,,,,,,,,,,,,,No,,,,,,
,,,,,,,,,,,,,,,,,,,,,,,No,,,,,,
,,,,,,,,,,,,,,,,,,,,,,,No,,,,,,
,,,,,,,,,,,,,,,,,,,,,,,No,,,,,,
,,,,,,,,,,,,,,,,,,,,,,,No,,,,,,
,,,,,,,,,,,,,,,,,,,,,,,No,,,,,,
,,,,,,,,,,,,,,,,,,,,,,,No,,,,,,
,,,,,,,,,,,,,,,,,,,,,,,No,,,,,,
,,,,,,,,,,,,,,,,,,,,,,,No,,,,,,
,,,,,,,,,,,,,,,,,,,,,,,No,,,,,,
,,,,,,,,,,,,,,,,,,,,,,,No,,,,,,
,,,,,,,,,,,,,,,,,,,,,,,No,,,,,,
,,,,,,,,,,,,,,,,,,,,,,,No,,,,,,
,,,,,,,,,,,,,,,,,,,,,,,No,,,,,,
,,,,,,,,,,,,,,,,,,,,,,,No,,,,,,
,,,,,,,,,,,,,,,,,,,,,,,No,,,,,,
,,,,,,,,,,,,,,,,,,,,,,,No,,,,,,
,,,,,,,,,,,,,,,,,,,,,,,No,,,,,,
,,,,,,,,,,,,,,,,,,,,,,,No,,,,,,
,,,,,,,,,,,,,,,,,,,,,,,No,,,,,,
,,,,,,,,,,,,,,,,,,,,,,,No,,,,,,
,,,,,,,,,,,,,,,,,,,,,,,No,,,,,,
,,,,,,,,,,,,,,,,,,,,,,,No,,,,,,
,,,,,,,,,,,,,,,,,,,,,,,No,,,,,,
,,,,,,,,,,,,,,,,,,,,,,,No,,,,,,
,,,,,,,,,,,,,,,,,,,,,,,No,,,,,,
,,,,,,,,,,,,,,,,,,,,,,,No,,,,,,
,,,,,,,,,,,,,,,,,,,,,,,No,,,,,,
,,,,,,,,,,,,,,,,,,,,,,,No,,,,,,
,,,,,,,,,,,,,,,,,,,,,,,No,,,,,,
,,,,,,,,,,,,,,,,,,,,,,,No,,,,,,
,,,,,,,,,,,,,,,,,,,,,,,No,,,,,,
,,,,,,,,,,,,,,,,,,,,,,,No,,,,,,
,,,,,,,,,,,,,,,,,,,,,,,No,,,,,,
,,,,,,,,,,,,,,,,,,,,,,,No,,,,,,
,,,,,,,,,,,,,,,,,,,,,,,No,,,,,,
,,,,,,,,,,,,,,,,,,,,,,,No,,,,,,
,,,,,,,,,,,,,,,,,,,,,,,No,,,,,,
,,,,,,,,,,,,,,,,,,,,,,,No,,,,,,
,,,,,,,,,,,,,,,,,,,,,,,No,,,,,,
,,,,,,,,,,,,,,,,,,,,,,,No,,,,,,
,,,,,,,,,,,,,,,,,,,,,,,No,,,,,,
,,,,,,,,,,,,,,,,,,,,,,,No,,,,,,
,,,,,,,,,,,,,,,,,,,,,,,No,,,,,,
,,,,,,,,,,,,,,,,,,,,,,,No,,,,,,
,,,,,,,,,,,,,,,,,,,,,,,No,,,,,,
,,,,,,,,,,,,,,,,,,,,,,,No,,,,,,
,,,,,,,,,,,,,,,,,,,,,,,No,,,,,,
,,,,,,,,,,,,,,,,,,,,,,,No,,,,,,
,,,,,,,,,,,,,,,,,,,,,,,No,,,,,,
,,,,,,,,,,,,,,,,,,,,,,,No,,,,,,
,,,,,,,,,,,,,,,,,,,,,,,No,,,,,,
,,,,,,,,,,,,,,,,,,,,,,,No,,,,,,
,,,,,,,,,,,,,,,,,,,,,,,No,,,,,,
,,,,,,,,,,,,,,,,,,,,,,,No,,,,,,
,,,,,,,,,,,,,,,,,,,,,,,No,,,,,,
,,,,,,,,,,,,,,,,,,,,,,,No,,,,,,
,,,,,,,,,,,,,,,,,,,,,,,No,,,,,,
,,,,,,,,,,,,,,,,,,,,,,,No,,,,,,
,,,,,,,,,,,,,,,,,,,,,,,No,,,,,,
,,,,,,,,,,,,,,,,,,,,,,,No,,,,,,
,,,,,,,,,,,,,,,,,,,,,,,No,,,,,,
,,,,,,,,,,,,,,,,,,,,,,,No,,,,,,
,,,,,,,,,,,,,,,,,,,,,,,No,,,,,,
,,,,,,,,,,,,,,,,,,,,,,,No,,,,,,
,,,,,,,,,,,,,,,,,,,,,,,No,,,,,,
,,,,,,,,,,,,,,,,,,,,,,,No,,,,,,
,,,,,,,,,,,,,,,,,,,,,,,No,,,,,,
,,,,,,,,,,,,,,,,,,,,,,,No,,,,,,
,,,,,,,,,,,,,,,,,,,,,,,No,,,,,,
,,,,,,,,,,,,,,,,,,,,,,,No,,,,,,
,,,,,,,,,,,,,,,,,,,,,,,No,,,,,,
,,,,,,,,,,,,,,,,,,,,,,,No,,,,,,
,,,,,,,,,,,,,,,,,,,,,,,No,,,,,,
,,,,,,,,,,,,,,,,,,,,,,,No,,,,,,
,,,,,,,,,,,,,,,,,,,,,,,No,,,,,,
,,,,,,,,,,,,,,,,,,,,,,,No,,,,,,
,,,,,,,,,,,,,,,,,,,,,,,No,,,,,,
,,,,,,,,,,,,,,,,,,,,,,,No,,,,,,
,,,,,,,,,,,,,,,,,,,,,,,No,,,,,,
,,,,,,,,,,,,,,,,,,,,,,,No,,,,,,
,,,,,,,,,,,,,,,,,,,,,,,No,,,,,,
,,,,,,,,,,,,,,,,,,,,,,,No,,,,,,
,,,,,,,,,,,,,,,,,,,,,,,No,,,,,,
,,,,,,,,,,,,,,,,,,,,,,,No,,,,,,
,,,,,,,,,,,,,,,,,,,,,,,No,,,,,,
,,,,,,,,,,,,,,,,,,,,,,,No,,,,,,
,,,,,,,,,,,,,,,,,,,,,,,No,,,,,,
,,,,,,,,,,,,,,,,,,,,,,,No,,,,,,
,,,,,,,,,,,,,,,,,,,,,,,No,,,,,,
,,,,,,,,,,,,,,,,,,,,,,,No,,,,,,
,,,,,,,,,,,,,,,,,,,,,,,No,,,,,,
,,,,,,,,,,,,,,,,,,,,,,,No,,,,,,
,,,,,,,,,,,,,,,,,,,,,,,No,,,,,,
,,,,,,,,,,,,,,,,,,,,,,,No,,,,,,
,,,,,,,,,,,,,,,,,,,,,,,No,,,,,,
,,,,,,,,,,,,,,,,,,,,,,,No,,,,,,
,,,,,,,,,,,,,,,,,,,,,,,No,,,,,,
,,,,,,,,,,,,,,,,,,,,,,,No,,,,,,
,,,,,,,,,,,,,,,,,,,,,,,No,,,,,,
,,,,,,,,,,,,,,,,,,,,,,,No,,,,,,
,,,,,,,,,,,,,,,,,,,,,,,No,,,,,,
,,,,,,,,,,,,,,,,,,,,,,,No,,,,,,
,,,,,,,,,,,,,,,,,,,,,,,No,,,,,,
,,,,,,,,,,,,,,,,,,,,,,,No,,,,,,
,,,,,,,,,,,,,,,,,,,,,,,No,,,,,,
,,,,,,,,,,,,,,,,,,,,,,,No,,,,,,
,,,,,,,,,,,,,,,,,,,,,,,No,,,,,,
,,,,,,,,,,,,,,,,,,,,,,,No,,,,,,
,,,,,,,,,,,,,,,,,,,,,,,No,,,,,,
,,,,,,,,,,,,,,,,,,,,,,,No,,,,,,
,,,,,,,,,,,,,,,,,,,,,,,No,,,,,,
,,,,,,,,,,,,,,,,,,,,,,,No,,,,,,
,,,,,,,,,,,,,,,,,,,,,,,No,,,,,,
,,,,,,,,,,,,,,,,,,,,,,,No,,,,,,
,,,,,,,,,,,,,,,,,,,,,,,No,,,,,,
,,,,,,,,,,,,,,,,,,,,,,,No,,,,,,
,,,,,,,,,,,,,,,,,,,,,,,No,,,,,,
,,,,,,,,,,,,,,,,,,,,,,,No,,,,,,
,,,,,,,,,,,,,,,,,,,,,,,No,,,,,,
,,,,,,,,,,,,,,,,,,,,,,,No,,,,,,
,,,,,,,,,,,,,,,,,,,,,,,No,,,,,,
,,,,,,,,,,,,,,,,,,,,,,,No,,,,,,
,,,,,,,,,,,,,,,,,,,,,,,No,,,,,,
,,,,,,,,,,,,,,,,,,,,,,,No,,,,,,
,,,,,,,,,,,,,,,,,,,,,,,No,,,,,,
,,,,,,,,,,,,,,,,,,,,,,,No,,,,,,
,,,,,,,,,,,,,,,,,,,,,,,No,,,,,,
,,,,,,,,,,,,,,,,,,,,,,,No,,,,,,
,,,,,,,,,,,,,,,,,,,,,,,No,,,,,,
,,,,,,,,,,,,,,,,,,,,,,,No,,,,,,
,,,,,,,,,,,,,,,,,,,,,,,No,,,,,,
,,,,,,,,,,,,,,,,,,,,,,,No,,,,,,
,,,,,,,,,,,,,,,,,,,,,,,No,,,,,,
,,,,,,,,,,,,,,,,,,,,,,,No,,,,,,
,,,,,,,,,,,,,,,,,,,,,,,No,,,,,,
,,,,,,,,,,,,,,,,,,,,,,,No,,,,,,
,,,,,,,,,,,,,,,,,,,,,,,No,,,,,,
,,,,,,,,,,,,,,,,,,,,,,,No,,,,,,
,,,,,,,,,,,,,,,,,,,,,,,No,,,,,,
,,,,,,,,,,,,,,,,,,,,,,,No,,,,,,
,,,,,,,,,,,,,,,,,,,,,,,No,,,,,,
,,,,,,,,,,,,,,,,,,,,,,,No,,,,,,
,,,,,,,,,,,,,,,,,,,,,,,No,,,,,,
,,,,,,,,,,,,,,,,,,,,,,,No,,,,,,
,,,,,,,,,,,,,,,,,,,,,,,No,,,,,,
,,,,,,,,,,,,,,,,,,,,,,,No,,,,,,
,,,,,,,,,,,,,,,,,,,,,,,No,,,,,,
,,,,,,,,,,,,,,,,,,,,,,,No,,,,,,
,,,,,,,,,,,,,,,,,,,,,,,No,,,,,,
,,,,,,,,,,,,,,,,,,,,,,,No,,,,,,
,,,,,,,,,,,,,,,,,,,,,,,No,,,,,,
,,,,,,,,,,,,,,,,,,,,,,,No,,,,,,
,,,,,,,,,,,,,,,,,,,,,,,No,,,,,,
,,,,,,,,,,,,,,,,,,,,,,,No,,,,,,
,,,,,,,,,,,,,,,,,,,,,,,No,,,,,,
,,,,,,,,,,,,,,,,,,,,,,,No,,,,,,
,,,,,,,,,,,,,,,,,,,,,,,No,,,,,,
,,,,,,,,,,,,,,,,,,,,,,,No,,,,,,
,,,,,,,,,,,,,,,,,,,,,,,No,,,,,,
,,,,,,,,,,,,,,,,,,,,,,,No,,,,,,
,,,,,,,,,,,,,,,,,,,,,,,No,,,,,,
,,,,,,,,,,,,,,,,,,,,,,,No,,,,,,
,,,,,,,,,,,,,,,,,,,,,,,No,,,,,,
,,,,,,,,,,,,,,,,,,,,,,,No,,,,,,
,,,,,,,,,,,,,,,,,,,,,,,No,,,,,,
,,,,,,,,,,,,,,,,,,,,,,,No,,,,,,
,,,,,,,,,,,,,,,,,,,,,,,No,,,,,,
,,,,,,,,,,,,,,,,,,,,,,,No,,,,,,
,,,,,,,,,,,,,,,,,,,,,,,No,,,,,,
,,,,,,,,,,,,,,,,,,,,,,,No,,,,,,
,,,,,,,,,,,,,,,,,,,,,,,No,,,,,,
,,,,,,,,,,,,,,,,,,,,,,,No,,,,,,
,,,,,,,,,,,,,,,,,,,,,,,No,,,,,,
,,,,,,,,,,,,,,,,,,,,,,,No,,,,,,
,,,,,,,,,,,,,,,,,,,,,,,No,,,,,,
,,,,,,,,,,,,,,,,,,,,,,,No,,,,,,
,,,,,,,,,,,,,,,,,,,,,,,No,,,,,,
,,,,,,,,,,,,,,,,,,,,,,,No,,,,,,
,,,,,,,,,,,,,,,,,,,,,,,No,,,,,,
,,,,,,,,,,,,,,,,,,,,,,,No,,,,,,
,,,,,,,,,,,,,,,,,,,,,,,No,,,,,,
,,,,,,,,,,,,,,,,,,,,,,,No,,,,,,
,,,,,,,,,,,,,,,,,,,,,,,No,,,,,,
,,,,,,,,,,,,,,,,,,,,,,,No,,,,,,
,,,,,,,,,,,,,,,,,,,,,,,No,,,,,,
,,,,,,,,,,,,,,,,,,,,,,,No,,,,,,
,,,,,,,,,,,,,,,,,,,,,,,No,,,,,,
,,,,,,,,,,,,,,,,,,,,,,,No,,,,,,
,,,,,,,,,,,,,,,,,,,,,,,No,,,,,,
,,,,,,,,,,,,,,,,,,,,,,,No,,,,,,
,,,,,,,,,,,,,,,,,,,,,,,No,,,,,,
,,,,,,,,,,,,,,,,,,,,,,,No,,,,,,
,,,,,,,,,,,,,,,,,,,,,,,No,,,,,,
,,,,,,,,,,,,,,,,,,,,,,,No,,,,,,
,,,,,,,,,,,,,,,,,,,,,,,No,,,,,,
,,,,,,,,,,,,,,,,,,,,,,,No,,,,,,
,,,,,,,,,,,,,,,,,,,,,,,No,,,,,,
,,,,,,,,,,,,,,,,,,,,,,,No,,,,,,
,,,,,,,,,,,,,,,,,,,,,,,No,,,,,,
,,,,,,,,,,,,,,,,,,,,,,,No,,,,,,
