Zone,District,Block,Panchayat,Leader Name,Fathers Name,Number,Age,Gender,"Social
 Category",Caste,Profile,Post,POC,Calling Status,ZP to Contest,Panchayat ,Ready to Contest Elections withn JSP,ZP Seat Number,Ready to make 20 Committee,Sangathan Status,ZP Status,Remarks,Date,Current ZP Name,,,,,
Mithilanchal,Darbhanga,Kusheshwar Asthan,,Surendra Mohan Yadav,,9608405422.0,65.0,,,,"- MLA candidate in 2005, Samajwadi Party
 - Retd. Professor from Ranchi University
 - Runs a School in Darbhanga",State General Secretary,Sakshi,Not Received ,,,,,,,,,2026-08-25 00:00:00,,,,,,
Mithilanchal,Darbhanga,Keotirunway,Nayagaon Paschim,Samiullah Shameem,,7324070036.0,43.0,,,,"- Former ZP member 2016-2021
 -MLA Candidate 2020 (Jan Adhikar Party)
 - Runs a Private Hospital at Darbhanga""",State General Secretary,Sakshi,Switch Off,,,,,,,,,2026-08-25 00:00:00,,,,,,
Mithilanchal,Jhanjharpur,Ghoghardiha,BASUARI,Babita Devi,Umeshankar Yadav,6203398037.0,50.0,Female,OBC,Yadav,"- Contested Block Pramukh 2 times
 - Former Mukhiya Contestant (2016), Got 1103 Votes
 - Jan Suraaj Anumnadal Adhyaksh","State Mahila
 Vice President",Sakshi,Call Connected,Yes,,Interested,43.0,Yes,Dicey,,,2026-08-25 00:00:00,,,,,,
Mithilanchal,Madhubani,Rajnagar,,Savita Chaudhary,,7366805855.0,55.0,Female,,,"- 2 times Mukhiya; 2016 & 2021
 - Former BDC , 2006
 - BDC Runner up, 2001 & 2011","State Mahila
 Vice President",Sakshi,Call Connected,No,,,,,,,She is busy with other work . She talk to me  after 2 days,2026-08-25 00:00:00,,,,,,
Mithilanchal,Jhanjharpur,Jhanjharpur,Sukhet,Raj Kumar Mahto,Ram Avtar Mahto,9534606164.0,,Male,,,"- Former State Secretary of RLM Youth
 - Renowned Businessman
 -He has done more than 46 sabha in Jhanjharpur Anumandal with 1500+ people.
 He had done funding in 40 Pandaal with the name of ""Jan Suraaj"" at the time of Durga Puja.
 Master in Political Science & Prabhakar Degree in Sangeet from Prayag Sangeet Mahavidyalay Allahabad
 - Participated in BPSC protests with 10-20 People regularly.",State Yuva Vice President,Sakshi,Call Connected,Dicey,,Dicey,50.0,,,Waiting For Roster,,2026-08-25 00:00:00,,,,,,
Mithilanchal,Darbhanga,Singhwara,,Ranjeet Sharma,,9008403618.0,,,,,"-Vishwakarma Mahasabha Zila Adhyaksh
 -Businessman, Runs his own Infrastructure Design Company
 -Grand Father Was Life time Sarpanch from Rajo",State Yuva Vice President,Sakshi,Not Received ,,,,,,,,,2026-08-25 00:00:00,,,,,,
Mithilanchal,Madhubani,Khajauli,,Jitendra Kumar Bharti,,"8969958696 , 8340611604",,Male,,,"- Two Time Incumbent ZP ( 2016-Present), 
 - JDU State General Secretary SC Cell ( 2018 -2023), 
 - Former District General Secretary of JDU(2016-18).
 - Also, active in local Harijan Sangh.",State Ambedkar Manch Vice President,Sakshi,Call Connected,Yes,,Interested,21.0,Yes,Dicey,,,2026-08-25 00:00:00,,,,,,
Mithilanchal,Darbhanga,Kusheshwar Asthan,,Rajendra Prasad Chaupal,,9934781923.0,51.0,,,,"-Jan Suraaj State Working Committee Member
 -Incumbent Zila Parishad 
 -Former Mukhiya (2006-2011)
 -Former MLA Contested in 2015 Got 5706 Votes
 Former ZP Runner Up ( 2011, Got 5500 votes)
 -Former CPI Insaf Manch Secretary ( 2014-2020)
 -Medical Practitionar",State Ambedkar Manch Vice President,Sakshi,Not Received ,,,,,,,,,2026-08-25 00:00:00,,,,,,
Mithilanchal,Madhubani,Rajnagar,Marukiya,Ram Sagar Yadav,,8406992935.0,52.0,Male,OBC,Yadav,"- RJD in state working committee member ( Panchayati Raj Cell )
 - 4 Times Mukhiya ( 2001 - 2016 )
 - RJD jila Maha Sachiv 2012 -2018",OBC Prakoshth State Vice President,Sakshi,Call Connected,No,,Not Interested,,,With Sangathan,,He wants to contest election of Mukhiya,2026-08-25 00:00:00,,,,,,
Mithilanchal,Darbhanga,Darbhanga,Sheesho Pashchimi,Shoaib Ahmad Khan,,8002970477.0,50.0,Male,Minority,Muslim,"- Constituted his party Wajab Adikar Party and contested the Samastipur constituency by election in 2018 with 30000 votes. 
 - Owns five schools in Darbhanga.
 - State Committee member of the Public School Association.",Minority Prakoshth State General Secretary,Sakshi,Call Connected,No,,,,,With Sangathan,,"He has already contested an election on MLA , so he will not contest the ZP election now.",2026-08-25 00:00:00,,,,,,
Mithilanchal,Madhubani,Pandaul,BHAGWATIPUR,Mohammad Kabiruddin,,7903260190.0,42.0,,,,"-He is Secretary of Mukhiya Sangh of the Block
 -Former District General Secretary of JD-U
 - His Father, Md Sahluddin, served as BDC from 2001 to 2006",Minority Prakoshth State Vice President,Sakshi,Not Received ,,,,,,,,,2026-08-25 00:00:00,,,,,,
Mithilanchal,Darbhanga,Manigachhi,Sonki,Kedar Shah,,9110124768.0,52.0,,,,"Former ZP (2011) , 
 District ZP Chairman runner-up (2013 ), 
 Former BJP District Committee member (2019-2021), 
 Prominent Businessman having 2 Brick Kiln","Vyavsayik Prakoshth
 State Vice President",Sakshi,Not Received ,,,,,,,,,2026-08-25 00:00:00,,,,,,
Mithilanchal,Jhanjharpur,Phulparas,,Jageshwar Mochi,,8298281456.0,65.0,Male,SC,,"- State Representatives of Bihar Pradesh Prathmik Sikshak Sangh
 - MSc Physics & Maths 
 - Higher Secondry School Principal
 - went jail in 1974 andolan 
 -Former 4term District President of Bihar Pradesh Prathmik Sikshak Sangh
 -Former District Secretary of Schedule Caste and schedule tribe Employees Union
 -Secretary of International Jan Lekhan Sangh -Ex. Chief Political Advisor of Former Cabinet Minister and Ex. MP Devendra Prasad Yadav","Vichar Manch 
 State Vice President",Sakshi,Call Connected,No,,,36.0,,With Sangathan,,He wants to contest election of MLC,2026-08-25 00:00:00,,,,,,
Mithilanchal,Jhanjharpur,Ghoghardiha,Pirogarh,Durga nand Prasad,Shri Gultan Sahu,9934885139.0,42.0,Male,EBC,Teli,"- State Committee member of Teli Kanu Sabha (2020 to till date)
 - Former District General Secretary of Teli Kanu Sabha (2014 to 2020)
 - Ex. JD-U Youth District General Secretary (2006 to 2009)
 - Ex. 3 term JD-U Youth Block President (2000-2006)
 - Former State RTI Activist at Common Human Right Initiative International (2009 to 2015)","Karpoori Manch
 State Vice President",Sakshi,Call Connected,Dicey,,Dicey,45.0,,,Waiting For Roster,,2026-08-25 00:00:00,,,,,,
Mithilanchal,Darbhanga,Darbhanga Municipal Corporation,,Prof. Bhakti Nath Jha,Late Raghav Jha,9801412418.0,74.0,Male,General,Brahmin,"-Rtd Professor Millat College Darbhanga 2018 
 -HOD Mahraja college Darbhanga 
 - Former HOD Raj Nagar College Madhubani 
 -Teacher Association president Millat College 2011 2018 
 -Father was Sangeet kaar Raj dar baar Darbhanga. 
 -Bharat Vikas Parishad president Uttar Bihar 2015 2017 
 -Viddiya Patti shakha president 
 Darbhanga 2010 2013
 -Bihar topper Sociology subject",DSS,Sakshi,Not Received ,,,,,,,,,2026-08-25 00:00:00,,,,,,
Mithilanchal,Darbhanga,Biraul,Saho,Vishwambhar Paswan,Late Lakhan Paswan,9473196116.0,68.0,Male,SC,Dusadh/Paswan,"-Defacto ZP Member (2011-16)
 - Founding member of (BJP wing) Bhartiya Mazdoor Sangh, Kahalgaon (2005-12) 
 -Former JD(U) District President (2017-19)
 -His son was also BJP SC/ST Prakoshth Adhyaksh (2011-16)",DSS,Sakshi,Call Connected,Yes,,Interested,9/2 Biraul,Yes,With ZP,,,2026-08-25 00:00:00,,,,,,
Mithilanchal,Darbhanga,Darbhanga Municipal Corporation,Ward No.20,Dr. Jagdish Kumar Gupta,Late Vidyanand Prasad Gupta,7903415284.0,65.0,Male,OBC,Vaishye,,DSS,Sakshi,Call Connected,No,,Not Interested,,,,,He wants to contest election of MLC,2026-08-25 00:00:00,,,,,,
Mithilanchal,Darbhanga,Bahadurpur,Pirri,Ram Pramod Yadav,Late Shivanandan Yadav,8825361398.0,60.0,Male,OBC,Yadav,"PACs Adhyaksh 2010-15
 BJP Panchayat Adhyaksh 1982-86
 MAALE Block Member 1986-2011
 2nd Runner-up Mukhiya 2006
 3rd Runner-up Mukhiya 2011
 
 Brother is a lawyer in Delhi High Court",DSS,Sakshi,Call Connected,No,,Not Interested,,,,,,2026-08-25 00:00:00,,,,,,
Mithilanchal,Darbhanga,Bahadurpur,,Ehsan Ahmad,Late Abdul Subhan,9304019105.0,60.0,,,,,DSS,Sakshi,Not Received ,,,,,,,,,2026-08-25 00:00:00,,,,,,
Mithilanchal,Darbhanga,Hanuman Nagar,,Nirmal Mishra,Late Ram Snehi Mishra,9031266926.0,46.0,Male,General,Bhumihar,"Nirmal Kumar | Male | 47 | General | Bhumihar | Businessman
 
 -Former Congress Member(2017 To 2020)
 -Buisnessman
 -Agriculture",अध्यक्ष,Sakshi,Call Connected,No,,Not Interested,,,,,,2026-08-25 00:00:00,,,,,,
Mithilanchal,Darbhanga,Singhwara,Tktar,Mumtaz Ansari 'Chand',Late Ashraf Ansari,9262531037.0,38.0,Male,Minority,Ansari,"""- Two times Defacto Former Mukhiya (2011-2021)
 - Former Vice President of RJD Youth (2017-2020)""",जिला महामंत्री,Sakshi,Call Connected,No,,Not Interested,,,,,He wants to contest election of Mukhiya,2026-08-25 00:00:00,,,,,,
Mithilanchal,Darbhanga,Darbhanga Municipal Corporation,,Aman Chaudhary,Late Prof. (Dr.) Ratan Kumar Chaudhary,9986530942.0,34.0,,,,,मुख्य प्रवक्ता,Sakshi,Not Received ,,,,,,,,,2026-08-25 00:00:00,,,,,,
Mithilanchal,Darbhanga,Keoti,,Neelam Paswan,Sunil Paswan,7367806817.0,38.0,Female,SC,Paswan,"Nilam Devi |38| Paswan|SC
 
 - Ex Mukhiya 2016 
 - Mukhiya Runner up ( 2016 ) Lost by 16 votes
 - Her Father in law is Rtd DSP
 - Ex Aasha Fascilator",महिला मुख्य प्रवक्ता,Sakshi,Not Received ,,,,,,,,,2026-08-25 00:00:00,,,,,,
Mithilanchal,Darbhanga,Darbhanga Municipal Corporation,ward no 10,Upendra Kumar,Shiv Shankar Thakur,,56.0,Male,EBC,Badhai,"-Zila Secretary, Badhai Samaj Sansthan 
 - Ex Ward Parshad (2017-2022)
 - Ex Nagar Nigam Standing Committee Member
 - Businessman",कोषाध्यक्ष सह कार्यालय प्रभारी,Sakshi,Call Connected,No,,,,,,,,2026-08-25 00:00:00,,,,,,
Mithilanchal,Darbhanga,Jale,Radhi Dakshini,Shivbodhan Sahu,Late Kishori Sahu,9971002749.0,44.0,Male,EBC,Teli,"Ex assistant director of akash institute of delhi.
 ZP runner up 2021
 Doing social work in Darbhamga",युवा प्रकोष्ठ अध्यक्ष,Sakshi,Not Received ,,,,,,,,,2026-08-25 00:00:00,,,,,,
Mithilanchal,Darbhanga,Benipur,,Pratibha Jha,Kundan Jha,8409455509.0,45.0,Female,General,Brahmin,"- Social Worker - Mushroom entrepreneur in Darbhanga District. -
 - Have linked to women groups across the 18 blocks.",महिला प्रकोष्ठ अध्यक्ष,Sakshi,Call Connected,Dicey,,,,,,,Yeh bol rhi h ki PK agar bolege toh ZP election laregi nahi toh MLA wala laregi,2026-08-25 00:00:00,,,,,,
Mithilanchal,Darbhanga,Jale,Kamtal Ayari NP,Ranjit Thakur,Late Ramakant Thakur,,55.0,,General,Bhumihar,,किसान प्रकोष्ठ अध्यक्ष,Sakshi,Call Connected,No,,,,,,,He wants to contest election of  Ward Councillor,2026-08-25 00:00:00,,,,,,
Mithilanchal,Darbhanga,Darbhanga Sadar,Dhoi,Gagan Yadav,Ramjatan Yadav,7370916632/ 8789216895,41.0,,,,,ओबीसी प्रकोष्ठ अध्यक्ष,Sakshi,Call Connected,No,,,,,,,He wants to contest election of Mukhiya,2026-08-25 00:00:00,Mohmmad Jala Uddin,,,,,
Mithilanchal,Darbhanga,Singhwara,Bharhulli,Ramnath Sahani,Late Amiri Sahani,,55.0,Male,EBC,Mallah,"- Two times Ex. Mukhiya ( 2006 and 2011)
 - Two times Mukhiya Runner-up (2016 and 2021)
 - He was a BJP Machua Karya Samiti Member ( 2011 to 15)",कर्पूरी मंच अध्यक्ष,Sakshi,Not Received ,,,,,,,,,2026-08-25 00:00:00,,,,,,
Mithilanchal,Darbhanga,Darbhanga Sadar,,Sanjay Chaupal,Lakshmi Chaupal,7643022932.0,41.0,Male,SC,Chaupal,- Incumbent Zp,अम्बेडकर मंच अध्यक्ष,Sakshi,Switch Off,,,,,,,,,2026-08-25 00:00:00,,,,,,
Mithilanchal,Darbhanga,Darbhanga Sadar,LOAM,Faiz Mohammad,Late Moh. Ayub,8804376786.0,42.0,Male,Minority,Sheikh,"- Incumbent Sarpanch
 - Sarpanch Sang President (2021- Present)
 - Mukhiya runner up 2011
 - Two times panch 2006-2016
 -JD (U) Member for 10 years
 - Treader Business",अल्पसंख्यक प्रकोष्ठ अध्यक्ष,Sakshi,,,,,,,,,,,,,,,,
Mithilanchal,Darbhanga,Benipur,,Kamlesh Kumar Jha,Late Radheshyam Jha,9911624829.0,47.0,,,,"Kamlesh Kumar Jha | Male | 46 | General | Brahmin | Teacher
 
 -Director Of Private School, Guru Bhayi Smart School, Benipur
 -Runs a Coaching Centre Guru Bhai Coaching Institute, Benipur
 -Trustee Of Guru Bhai Foundation
 -Social Worker",बुद्धिजीवी प्रकोष्ठ अध्यक्ष,Sakshi,,,,,,,,,,,,,,,,
Mithilanchal,Darbhanga,Darbhanga Sadar,,Shambhu Sah,Late Ram Chandra Sah,7352280565.0,37.0,,,,,व्यावसायिक प्रकोष्ठ अध्यक्ष,,,,,,,,,,,,,,,,,
Mithilanchal,Madhubani,Benipatti,Tayoth,Vashishtha Jha,Raghav Kant Jha,9199736739.0,59.0,Male,General,ब्राह्मण,- District Adhyaksh of Sarpanch Sangh. - Incumbent three times Sarpanch,DSS,Sakshi,,,,,,,,,,,,,,,,
Mithilanchal,Madhubani,Rajnagar,,Ghoran Mandal,Late Bikan Mandal,6204805622.0,60.0,,,,,DSS,Sakshi,,,,,,,,,,,,,,,,
Mithilanchal,Madhubani,Jayanagar,,Ram Narayan Pandit,Late Ramvriksh Pandit,9631285429.0,65.0,Male,EBC,Kumhar,"-Ex ZP of Ladania
 -District Vice Adhyaksh of JD-U",DSS,Sakshi,,,,,,,,,,,,,,,,
Mithilanchal,Madhubani,Rajnagar,Bhatsimar East,Raj Kumar Ram,Late Buchku Mochi,9708982223.0,54.0,Male,,Chammar,"Raj Kumar Ram | Male | 53 | Sc | Ravidas | Incumbent Mukhiya 
 
 -Incumbent Mukhiya, 2021, Got 1400 votes
 -Former Mukhiya Contestant(2016)-, Got 718 Votes
 -Former RJD Member(2001 to 2015)
 -Former Congress Member(1995 to 2000)
 -Jan Suraaj State Working Committee Member",DSS,Sakshi,,,,,,,,,,,,,,,,
Mithilanchal,Madhubani,Benipatti,Bishanpur,Zubair Ahmad,Late Mohammad Motiur Rahman,"9973438871
 8757813082",56.0,Male,Minority,Muslim,"- Defacto Zila Parishad - ZP runner up 2016 (Secured Vote 5600 )
 - ZP runner up 2011 (lost By 32 Vote)
 - ZP runner up 2006 (lost By 54 Vote)
 - ZP runner up 2001 (lost by 35 Vote)
 - Member of Zila Utpadan samiti Madhubani
 - Chairman of Kisan Salahakar Samiti बेनीपट्टी - 3 award winner - Kisan Shree, Zila Bhushan& Kisan Abhinav Prize - Awarded by Honorable CM of Bihar
 - Sewa Dal Block Preident 2010 - 2015",DSS,Sakshi,,,,,,,,,,,,,,,,
Mithilanchal,Madhubani,Rajnagar,,Anil Mishra,Rajkumar Mishra,7991178341.0,55.0,,,,,अध्यक्ष,Sakshi,,,,,,,,,,,,,,,,
Mithilanchal,Madhubani,Rahika (Madhubani),,Shamsul Haq Khan,Mahibul Hasan Khan,8292974301.0,,,,,,जिला महामंत्री,Sakshi,,,,,,,,,,,,,,,,
Mithilanchal,Madhubani,Pandaul,Salempur,Dr. Sarfaraz Alam,Shafiq Alam,9709888802.0,45.0,Male,Minority,Muslim,"- Practicing as Dentist in Madhubani for the last 14 years
 -Runs an NGO, Karz Mukt Abhyan, which is very famous in Madhubani and Darbangha
 -Donated Blood for Social Cause more than 40
 -Free medical health Camp every 14th of Month for the poors.",मुख्य प्रवक्ता,Sakshi,,,,,,,,,,,,,,,,
Mithilanchal,Madhubani,Harlakhi,,Rajni Thakur,Mithileshwar Thakur,8051663185.0,38.0,,,,,महिला मुख्य प्रवक्ता,Sakshi,,,,,,,,,,,,,,,,
Mithilanchal,Madhubani,Rahika (Madhubani),,Dharamveer Prasad Singh,Late Sudhir Prasad,9471840663.0,52.0,Male,EBC,कानु,"-4th time consecutive incumbent Ward councillor(2007-present)
 -In 2007, 2012 and 2017 won from ward no.9.
 -In 2023 won from ward No. 12.",कोषाध्यक्ष सह कार्यालय प्रभारी,Sakshi,,,,,,,,,,,,,,,,
Mithilanchal,Madhubani,Benipatti,,Deepak Bhandari,,8789440520.0,,,,,,युवा,Sakshi,,,,,,,,,,,,,,,,
Mithilanchal,Madhubani,Harlakhi,,Sarita Devi,Late Ram Sagar,88251109049.0,50.0,,,,,महिला,Sakshi,,,,,,,,,,,,,,,,
Mithilanchal,Madhubani,Rajnagar,,Ram Chandra Rai,Late Madan Rai,9709537871.0,45.0,Male,EBC,Amat,"- 3times PACS President
 - Former President of RJD EBC Cell",किसान,Sakshi,,,,,,,,,,,,,,,,
Mithilanchal,Madhubani,,,Ramanand Prasad,,8757403127.0,,,,,,ओबीसी मोर्चा,Sakshi,,,,,,,,,,,,,,,,
Mithilanchal,Madhubani,Rajnagar,,Ajit Kumar Rai,Ganga Rai,9955738398.0,45.0,Male,EBC,Amat,"-Former Mukhiya 2016
 -Former Zila Upadhyksh in JDU of EBC
 -Zila Adhyksh of Seva dal of JD(U)",कर्पूरी मंच,Sakshi,,,,,,,,,,,,,,,,
Mithilanchal,Madhubani,Harlakhi,,Paltan Ram,Late Baghar Ram,9122791505.0,65.0,Male,SC,Chamar,"Paltan Ram | 65 | SC | Chamar | Male
 -Founder of BSP in Madhubani
 - Zila Sanyojak of BSP 1995 - 2005
 -Former District President of BSP 2005 - 2015",अंबेडकर मंच,Sakshi,,,,,,,,,,,,,,,,
Mithilanchal,Madhubani,Harlakhi,,Md. Mustafa,Abdul Rauf,8974986786.0,55.0,,,,"Md Mustafa | Male | 57 | Minority | Sheikh | Businessman
 
 -Sister In Law is Mukhiya (2021)
 -Businessman(Bakery)",अल्पसंख्यक,Sakshi,,,,,,,,,,,,,,,,
Mithilanchal,Madhubani,Harlakhi,,Ishwar Chandra Jha,Late Ram Lochan Jha,9525600573.0,43.0,,,,"Ishwar Chandra Jha | Male | 48 | General | Brahmin | Congress Mahasachiv
 
 -Former Congress Mahasachiv
 -Former Yuva Congress Mahasachiv
 -Former District Youth Congress Spokesperson, 2008 To 2010
 -Former BJP Mandal Asdhyaksh, Narela , New Delhi, 1997 To 1998
 -Former Benipatti Bar Association Mahaschiv, 2021 To 2024
 -Social Worker",बुद्धिजीवी प्रकोष्ठ अध्यक्ष,Sakshi,,,,,,,,,,,,,,,,
Mithilanchal,Madhubani,Basopatti,,Brijesh Raut,Late Parmeshwar Raut,9430949708.0,58.0,,,,"Brajesh Raut | Male | 58 | OBC | Bania | MLA Contestant
 
 -Former MLA Contestant, 2010, Got 1000 votes, 2015, Got 2500 Votes & 2020, got 2500 Votes , Khajauli Constituency
 -Former ZP Member ,2011 to 2016
 -Former ZP Contestant ,2006
 -Former LJP Business Cell District President(2004 to 2009)",व्यावसायिक प्रकोष्ठ अध्यक्ष,,,,,,,,,,,,,,,,,
Mithilanchal,Jhanjharpur,Ladania,,Prof. Krishna Kumar Jha,Late Manendra Narayan Jha,8544112800.0,64.0,,,,,DSS,Sakshi,,,,,,,,,,,,,,,,
Mithilanchal,Jhanjharpur,Ladania,Phulparas Np,Suryanarayan Yadav,Late Manendra Narayan Jha,9661867776.0,62.0,Male,OBC,Yadav,"- Yuva Jila Sachiv Samajwadi Party (1992)
 - Yuva Jila Adhyaksh Samajwadi Party (1995)
 - JDU Jila Mahasachive (2004 - 2015)",DSS,Sakshi,,,,,,,,,,,,,,,,
Mithilanchal,Jhanjharpur,Lakhnaur,Tamuria,Lalan Kamat,Ram Prasad Kamat,9572909602.0,57.0,Male,EBC,Keot,"Incumbent Sarpanch 2006, 2011, 2016, 2021
 Sarpanch shangh Adhyaksha-Block",DSS,Sakshi,,,,,,,,,,,,,,,,
Mithilanchal,Jhanjharpur,Kutana,,Dr. Farooq Dilkash,Abdul Aziz,9931404944.0,60.0,Male,Minority,Muslim,"Dr. Farooq Dilqash | 50 | EBC | Raeen | Miniority
 -Ex. JDU State Gen sec (2022-2024)
 -Practising Doctor
 -Famous Shayar",DSS,Sakshi,,,,,,,,,,,,,,,,
Mithilanchal,Jhanjharpur,Babubarhi,PIRHI,Jeevat Paswan,Late Shri Ram Lakhan Paswan,9546493218.0,60.0,Male,SC,Dusadh,"-Former Mukhiya(2011-16)
 -Mukhiya contestant 2006, secured 1400 votes.
 -De-facto BDC runner-up(2016)",DSS,Sakshi,,,,,,,,,,,,,,,,
Mithilanchal,Jhanjharpur,Phulparas,,Dr. Raj Narayan Yadav,Late Jholi Yadav,8292536811.0,61.0,Male,OBC,Yadav,"-Dr Raj Narayan Yadav|61|OBC|Yadav
 -Phd in Political Scince from LNMU Darbhanga
 -Member of AISF During Student Life
 -Member of District Working Committee CPI 
 -BPSC Teacher since 1994 to 2022",अध्यक्ष,Sakshi,,,,,,,,,,,,,,,,
Mithilanchal,Jhanjharpur,Babubarhi,,Sunil Mandal,Late Dev Sundar Mandal,9110121621.0,45.0,Male,EBC,Dhanuk,,जिला महामंत्री,Sakshi,,,,,,,,,,,,,,,,
Mithilanchal,Jhanjharpur,Jhanjharpur,Jhanjharpur NP,Deepak Poddar,Indranarayan Poddar,8051416171.0,40.0,Male,EBC,बनिया,"-BJP Yuva Morcha District Adhyaksh from 2019 to Till date
 -फुलपरास Vidhan Sabha Prabhari of BJP 2020 to till date
 -BJP Yuva Morcha Block Adhyaksh 2016 to 2019
 -JD-U Town General Secretary 2011 to 2013
 -JD-U Vyavsasik Prakosth Block Adhyaksh 2013 to 2016",मुख्य प्रवक्ता,Sakshi,,,,,,,,,,,,,,,,
Mithilanchal,Jhanjharpur,Phulparas,,Kumari Darpana,Surendra Bindhwar,8709229679.0,63.0,Male,OBC,Yadav,"Kumar Darpana | 58 | Female | OBC | Yadav
 
 - Retired HM 
 - Mahila Adhyaksh Anumandal Siksha Sangh 
 - Anumandal Karyakarni Member of Siksha Sangh",मुख्य प्रवक्ता,Sakshi,,,,,,,,,,,,,,,,
Mithilanchal,Jhanjharpur,Babubarhi,,Jameel Akhtar,Moh. Madan Shah,9934720747.0,48.0,Male,Minority,Muslim,"Jamil Akhtar | 48 | Muslim (Ansari) | Male
 -Former Mukhiya 2016-21.
 -RJD District General Secretary Minority Cell (2019-2022)
 -RJD Block President Minority Cell ( 2017-2019)
 -Known for his developmental work, especially Roads, Education, and Health.
 -Awarded as the Best Mukhiya of Madhubani District(2016)",कोषाध्यक्ष सह कार्यालय प्रभारी,Sakshi,,,,,,,,,,,,,,,,
Mithilanchal,Jhanjharpur,Laukahi,Narhiya Uttar,Md. Shehnawaz,Abdul Samad,8864067050.0,37.0,Male,Minority,Muslim,"Md Sahnawaz | 37 | Male | Minority | Muslim
 - JS Social Media Prabhari at block level
 - BDC Runner up in 2021
 - Resigned from the Government Teacher.
 - Active in jan suraj last 2 years.",युवा प्रकोष्ठ अध्यक्ष,Sakshi,,,,,,,,,,,,,,,,
Mithilanchal,Jhanjharpur,Jhanjharpur,,Pinky Mishra,Bhogendra Mishra,900644426.0,52.0,,,,,महिला प्रकोष्ठ अध्यक्ष,Sakshi,,,,,,,,,,,,,,,,
Mithilanchal,Jhanjharpur,Jhanjharpur,,Ajay Kumar Mandal,Late Maneshwar Mandal,7464047358.0,45.0,Male,EBC,Dhanuk,"Ajay Kumar Mandal |45 |EBC| Dhanuk
 
 - Former BJP Kishan Mandal Adhyakash - 2011-21
 - Former 2 term Sarpanch- 2011, 2016.
 - Former Sarpanch Sangh Prakhand Adhyakash in 2011.
 - Sarpanch Runner up in 2021, lost by 30 votes.",किसान प्रकोष्ठ अध्यक्ष,Sakshi,,,,,,,,,,,,,,,,
Mithilanchal,Jhanjharpur,Lakhnaur,Deep East,Sajay Nirala,Kishun Dev Singh,6205824414.0,42.0,Male,OBC,Kushwaha,"-2nd Consicutive term Sarpanch of Deep East GP
 - Block Adhyaksh of RJD 20144 to 2023",ओबीसी प्रकोष्ठ अध्यक्ष,Sakshi,,,,,,,,,,,,,,,,
Mithilanchal,Jhanjharpur,Jhanjharpur,Lohana South,Digambar Kamat,Late Uchit Kamti,9934251858.0,61.0,Male,EBC,Kewat,"-Sarpanch sangh district Spokesperson
 -Sarpanch Sangh Secretary of झंझारपुर Block
 -Incumbent Sarpanch of Lohna South
 -Sarpanch Runner-up in 2016 & Mukhiya Contender in 2011
 -Ex BJP Mandal Mahamantri",कर्पूरी मंच अध्यक्ष,Sakshi,,,,,,,,,,,,,,,,
Mithilanchal,Jhanjharpur,Andhrathadi,Andhara Gaur,Supendra Ram,,6207714640.0,,Male,SC,Chamar,"- 2 time BDC (2016 - Present)
 - Former Block President of BJP SC Cell",अम्बेडकर मंच अध्यक्ष,Sakshi,,,,,,,,,,,,,,,,
Mithilanchal,Jhanjharpur,Babubarhi,TIRHUTA,Azim Mansuri,Abdul Majid,8210809141.0,,Male,Minority,Muslim,"-ZP contestant, 2021, secured 3000+ votes.
 -Also, runs Jan Seva Sanstha, an NGO to help the poor.
 -Pradesh Prabhari Jamiat-ul Mansoor (2016-present)",अल्पसंख्यक प्रकोष्ठ अध्यक्ष,Sakshi,,,,,,,,,,,,,,,,
Mithilanchal,Jhanjharpur,Ghoghardiha,,Manoj Mishra,Jagannath Mishra,9892600850.0,55.0,Male,General,Brahmin,"-Founder Member, Shretha Chemicals Pvt. Ltd
 -Ex. Vice Adhyaksh Sales And Marketting, Universal Medicap Ltd.(2021-2023)
 -Ex. Vice Adhyaksh Meghmani Indrustries Ltd.(2015-2020)
 -MBA, ICFAI Dehradun",बुद्धिजीवी प्रकोष्ठ अध्यक्ष,Sakshi,,,,,,,,,,,,,,,,
Mithilanchal,Jhanjharpur,Jhanjharpur,,Sujit Kumar Kejriwal (Jhamlal),Late Vinod Kejriwal,7004731882.0,50.0,Male,General,मारवाड़ी,"Sujit Kumar Kejriwal (Jhaamlal)| 50| OBC| Marwari|Vaishya
 Block: Jhanjharpur NP
 S/o: Late. Vinod Kejriwal
 -Prominent Businessman (Kapda , Tent)
 -JDU Vashya Cell Nagar Adhyaksh
 -Marwari Sangh Adhyaksh",व्यावसायिक प्रकोष्ठ अध्यक्ष,,,,,,,,,,,,,,,,,
Mithilanchal,Madhubani,Benipatti,,Umesh Mishra,स्व. सीताराम मिश्र,7903018473.0,87.0,,General,भूमिहार,"Mukhiya (2006-11)
 -He is in jdu (2006-2020)
 -Social Worker",जिला उपाध्यक्ष,,,,,,,,,,,,,,,,,
Mithilanchal,Madhubani,Pandaul,,Ajay Kumar Mishra,श्री राजकुमार मिश्र,8298531855.0,57.0,,General,ब्राह्मण,"1992-2025 BJP ( JILA KARYALAY UPADHYAKSH )
 - His wife was mukhiya (2006-2011 )
 - He is up mukhiya (2001-2017)
 -His father was mukhiya 1981-2005.",जिला उपाध्यक्ष,,,,,,,,,,,,,,,,,
Mithilanchal,Madhubani,Madhwapur,,Ganesh Sah,स्व. शिव साह,9470267528.0,49.0,,OBC,सूरी,"Contested Panchayat Elections for the post of Sarpanch in 2016 and 2021.
 -Joined Vyaparik Sangathan (Madhwapur Chamber of Commerce) and served as Mahasachiv from 2008 to 2023.
 -He is a businessman associated with Arwa Rice Mill.
 -He is also a social worker.",जिला उपाध्यक्ष,,,,,,,,,,,,,,,,,
Mithilanchal,Madhubani,Rajnagar,,Subhash Mishra,स्व. शंकर मिश्र,7903010421.0,48.0,,General,ब्राह्मण,"JDU Prakhanad adhyaksh (2014-22)
 -Join jansuraj 2022 to till now
 -Runner up of panchayat samiti 2021 he lost election ny 59 votes. 
 -He runs (FPO) FORMAL KRISHI PARDUSHAN LIMITE.",जिला उपाध्यक्ष,,,,,,,,,,,,,,,,,
Mithilanchal,Madhubani,Benipatti,,Ajit Kumar,Sri Virendra Jha,7061935443.0,44.0,,,,,जिला उपाध्यक्ष,,,,,,,,,,,,,,,,,
Mithilanchal,Madhubani,Bisfi,NAHAS RUPAULI SOUTH,Ramnaresh Yadav,श्री बाबाजी यादव,7061287686.0,35.0,,OBC,यादव,"DEfacto mukhiya (2006-2016)
 -his brother's Father in Law was MLA from Bisfi Legislative assembly ( Ramchandra Yadav ) 
 -He join jansuraj 2022 to till now",जिला उपाध्यक्ष,,,,,,,,,,,,,,,,,
Mithilanchal,Madhubani,Madhubani Nagar,,Chandan Kumar Jha,श्री राजेश कुमार झा,8292923799.0,31.0,,OBC,सूरी,"His father was the runner-up in the Mukhiya Election in 2001.
 -His father served as Panchayat Samiti Member from 2016 to 2021.
 -He is a social worker.
 -He served as Jila Adhyaksh of the Janata Dal (United) Student Union from 2020 to 2021.
 -He served as Mukhya Pravakta in Janata Dal (United) from 2021 to 2022.
 -He contested the Deputy Mayor Election in 2023 and received 50,228 votes.",जिला उपाध्यक्ष,,,,,,,,,,,,,,,,,
Mithilanchal,Madhubani,Pandaul,Laxmipur,Aditya Kumar,श्री अशोक कुमार,7073105604.0,30.0,,SC,Paswan,"Runs election campaign. 
 PKYC Block Cordinator.
 joined JS (2019)",जिला सचिव,Sakshi,,,,,,,,,,,,,,,,
Mithilanchal,Madhubani,Kaluahi,,Balbhadra Thakur,स्व. निकुंद ठाकुर,9955742174.0,59.0,,,ब्राह्मण,,जिला सचिव,Sakshi,,,,,,,,,,,,,,,,
Mithilanchal,Madhubani,Rahika,,Azimur Rahman / Sallu,श्री अताउर रहमान,9709406587.0,58.0,,,Muslim,,जिला सचिव,Sakshi,,,,,,,,,,,,,,,,
Mithilanchal,Madhubani,Rajnagar,Sugauna North,Afaq Ahmad,श्री हबीबुल्लाह अंसारी,8877160043.0,56.0,,,Muslim,,जिला सचिव,Sakshi,,,,,,,,,,,,,,,,
Mithilanchal,Madhubani,Harlakhi,,Lalan Kushwaha,श्री कैलाश प्रसाद कुशवाहा,9162118560.0,47.0,,,कुशवाहा,,जिला सचिव,Sakshi,,,,,,,,,,,,,,,,
Mithilanchal,Madhubani,Khajauli,Dorwar,Saroj Yadav,श्री गंगा यादव,9006768749.0,44.0,,,यादव,,जिला सचिव,Sakshi,,,,,,,,,,,,,,,,
Mithilanchal,Madhubani,Madhubani Nagar,,Abdul Nasir Ansari,श्री मो. वरीस अंसारी,8405925542.0,43.0,,,Muslim,,जिला सचिव,Sakshi,,,,,,,,,,,,,,,,
Mithilanchal,Madhubani,Madhwapur,,Upendra Sahu,स्व. रामनारायण साहू,8292354284.0,98.0,,,,- Social Activist / Son contested for sarpanch in 2021 but lost by 5 votes ( Expired ) / Farmer,सदस्य,,,,,,,,,,,,,,,,,
Mithilanchal,Madhubani,Pandaul,,Hemchandra Mishra,स्व. मोहन मिश्रा,9708355478.0,76.0,,,,- Incumbent Sarpanch from 2016 To Present / Joined JS during election,सदस्य,,,,,,,,,,,,,,,,,
Mithilanchal,Madhubani,Harlakhi,,Sonphi Mahto,स्व. तिलक कुशवाहा,9472817911.0,72.0,,,,"Ex member of Zila Karyakarni in Congress
 Ex Prakhand Upadhyaksh in Congress 1972-94",सदस्य,,,,,,,,,,,,,,,,,
Mithilanchal,Madhubani,Madhwapur,,Nannu Thakur,स्व. हरूनी ठाकुर,8084048041.0,72.0,,,,"Ex Panchayat Adhyaksh and 
 Prakhand Adhyaksh in BJP 1995-2024",सदस्य,,,,,,,,,,,,,,,,,
Mithilanchal,Madhubani,Rahika,,Shabbir Ahmad,श्री कबीर अहमद,9525524430.0,72.0,,,,,सदस्य,,,,,,,,,,,,,,,,,
Mithilanchal,Madhubani,Madhwapur,Balba,Bhogi Yadav,श्री चतुर यादव,8002087442.0,70.0,,Minority,Muslim,,सदस्य,,,,,,,,,,,,,,,,,
Mithilanchal,Madhubani,Harlakhi (Umgaon),,Subhash Mishra,स्व. अवधेश कुमार मिश्रा,9631022242.0,67.0,,,,"Ex Army
 Strategist of Election
 Father was Ex Mukiya",सदस्य,,,,,,,,,,,,,,,,,
Mithilanchal,Madhubani,Harlakhi,Sonai,Surendra Thakur,,9430896697.0,65.0,,,,,सदस्य,,,,,,,,,,,,,,,,,
Mithilanchal,Madhubani,Harlakhi,,Ram Lalit Mahto,स्व. श्री रामफल महतो,6206787340.0,62.0,,,,,सदस्य,,,,,,,,,,,,,,,,,
Mithilanchal,Madhubani,Rajnagar,,Prof. Ajay Kumar Jha,,9931779385.0,62.0,,,,,सदस्य,,,,,,,,,,,,,,,,,
Mithilanchal,Madhubani,Madhwapur,Sahar North,Vishambhar Jha,स्व. महाराज झा,9430857109.0,60.0,,,,- Social Activist / Secretary In JS in block level / Business - Farming,सदस्य,,,,,,,,,,,,,,,,,
Mithilanchal,Madhubani,Benipatti,,Vinay Kumar Jha,श्री Narayan JhA,8789006106.0,60.0,,,,,सदस्य,,,,,,,,,,,,,,,,,
Mithilanchal,Madhubani,Benipatti,,Sudhir Kumar Jha,Shri Bhuvneshwar Jha,62041 05537,60.0,,,,SARPANCH[2021-2026],सदस्य,,,,,,,,,,,,,,,,,
Mithilanchal,Madhubani,Khajauli,,Satish Mishra,Chandheaswar Mishra,99736 26675,60.0,,,,,सदस्य,,,,,,,,,,,,,,,,,
Mithilanchal,Madhubani,Harlakhi,,Kapil Dev Prasad Singh,स्व. हरि नंदन प्रसाद सिंह,9955505617.0,58.0,,,,"BA 
 Great Support in Voting For 15 Years in BJP",सदस्य,,,,,,,,,,,,,,,,,
Mithilanchal,Madhubani,Pandaul,,Bhagwan Singh,गंगेशवर सिंह,62096 59269,56.0,,,,,सदस्य,,,,,,,,,,,,,,,,,
Mithilanchal,Madhubani,Pandaul,,Mayanath Jha,स्व. रामजी लाल,9341590399.0,55.0,,,,,सदस्य,,,,,,,,,,,,,,,,,
Mithilanchal,Madhubani,Harlakhi,,Arun Sharma,वाशुदेव शर्मा,9523231249.0,54.0,,,,,सदस्य,,,,,,,,,,,,,,,,,
Mithilanchal,Madhubani,Pandaul,Salempur,Navnarayan Jha,श्री सुबांश झा,9801452544.0,54.0,,,,"- Ex Panch (2006 - 2011 ) , Ward Sadasya ( 2011- 2016 ), Sarpanch ( 2021 To Present ) , / Runs Medical Shop",सदस्य,,,,,,,,,,,,,,,,,
Mithilanchal,Madhubani,Pandaul,,Manohar Mandal,जगदेव मंडल,62045 15228,54.0,,,,,सदस्य,,,,,,,,,,,,,,,,,
Mithilanchal,Madhubani,Jainagar,,Saroj Devi,श्री राम एकबाल पासवान,96936 84994,50.0,,,,Incubment MUKHIYA [2016-2026],सदस्य,,,,,,,,,,,,,,,,,
Mithilanchal,Madhubani,Rahika,BASO PATTI ( EAST),Bharat Pandit,श्री झल्लू पंडित,9709726367.0,50.0,,Minority,Muslim,-Mukhiya Runner up (2016 & 2021),सदस्य,,,,,,,,,,,,,,,,,
Mithilanchal,Madhubani,Pandaul,,Akiluddin,स्व. आबिद,7858991535.0,48.0,,,,,सदस्य,,,,,,,,,,,,,,,,,
Mithilanchal,Madhubani,Madhubani NN,,Rajesh Jha alias Mohan Ji,स्व. आदित्यनाथ झा,9472815782.0,45.0,,,,,सदस्य,,,,,,,,,,,,,,,,,
Mithilanchal,Madhubani,Rahika,KAKRAUL NORTH,Mo. Sameem,स्व. मो. अब्बास,9931870018.0,45.0,,,,,सदस्य,,,,,,,,,,,,,,,,,
Mithilanchal,Madhubani,Kaluahi,,Sanjay Sharma,Shri Laxman Sharma,75492 15346,43.0,,,,,सदस्य,,,,,,,,,,,,,,,,,
Mithilanchal,Madhubani,Rahika,Satlakha,Umaira Ansari,स्व. अब्दुल शकूर अंसारी,9162572797.0,43.0,,,,,सदस्य,,,,,,,,,,,,,,,,,
Mithilanchal,Madhubani,Harlakhi,,Sangeet Kumar Bharti,अमरेन्द्र कुमार महतो,9693992997.0,42.0,,,,,सदस्य,,,,,,,,,,,,,,,,,
Mithilanchal,Madhubani,Pandaul,BHAGWATIPUR,Aklu Uddin,स्व. आबिद हुसैन,9570451182.0,42.0,,,,Jila parishad sadasya since 2016,सदस्य,,,,,,,,,,,,,,,,,
Mithilanchal,Madhubani,Jainagar,,Birendra Yadav,श्री चंदेशवर यादव,8709598547.0,42.0,,,,Contested of Vidhan sabha election(wife) 2025 from jansuraaj,सदस्य,,,,,,,,,,,,,,,,,
Mithilanchal,Madhubani,Jainagar,,Jai Kishore Das,Late Firan Das,72503 44419,42.0,,,,SARPANCH [2016-2026],सदस्य,,,,,,,,,,,,,,,,,
Mithilanchal,Madhubani,Benipatti,,Umesh Thakur,Siyala Thakur,9939038892.0,41.0,,,,,सदस्य,,,,,,,,,,,,,,,,,
Mithilanchal,Madhubani,Benipatti,,Bipin Jha,Shri Narayan JhA,99312 36702,40.0,,,,Contested for zp but unfortunately lost in 2006,सदस्य,,,,,,,,,,,,,,,,,
Mithilanchal,Madhubani,Basopatti (West),BASO PATTI (WEST),Radhe Shyam Chaudhary,श्री बिंदेश्वर यादव,6200028266.0,40.0,,,,,सदस्य,,,,,,,,,,,,,,,,,
Mithilanchal,Madhubani,Rahika,,Sunny Singh,श्री क्षितिज मोहन सिंह,8083419701.0,39.0,,,,-Current LJP Zila Pradhan Mahasachiv Parliamentary Board( 2023 - 2026),सदस्य,,,,,,,,,,,,,,,,,
Mithilanchal,Madhubani,Harlakhi,,Ramashankar Singh,स्व. रवीन्द्र सिंह,"9928307562
 7319959004",38.0,,,,"Runs Stone Railing & Door-Window Frame Store 
 Contested Mukhiya 2021
 Pacs Runner up 2025",सदस्य,,,,,,,,,,,,,,,,,
Mithilanchal,Madhubani,Benipatti,,Kiran Devi,,8406898262.0,38.0,,OBC,Yadav,,सदस्य,,,,,,,,,,,,,,,,,
Mithilanchal,Madhubani,Pandaul,,Krishnanand Mishra,स्व.कामख्यानंद मिश्रा,8298225496.0,36.0,,,,,सदस्य,,,,,,,,,,,,,,,,,
Mithilanchal,Madhubani,Harlakhi,,Krishnanandan Thakur,श्री रामसुदार ठाकुर,9382959375.0,36.0,,,,,सदस्य,,,,,,,,,,,,,,,,,
Mithilanchal,Madhubani,Madhwapur,,Pramod Kumar,श्री रामपित दास,7040651136.0,35.0,,,,"LIC Agent
 Social Worker",सदस्य,,,,,,,,,,,,,,,,,
Mithilanchal,Madhubani,Umgaon,,Suryadev Sada,चलितर सदा,8409689396.0,35.0,,,,,सदस्य,,,,,,,,,,,,,,,,,
Mithilanchal,Madhubani,Pandaul,,Umesh Thakur,स्व. राजेशवर डाकुर,"8298631757
 7654225035",34.0,,,,,सदस्य,,,,,,,,,,,,,,,,,
Mithilanchal,Madhubani,Rahika,SATLAKHA,Nayab Siddiqui,श्री मो. शाकिर,7281059935.0,32.0,,,,Former Pramukh,सदस्य,,,,,,,,,,,,,,,,,
Mithilanchal,Madhubani,Harlakhi,,Basanti Devi,श्री मुकेश राय,8521725968.0,32.0,,General,Bhumihar,"-JDU Active Member
 -Prakhand Abhiyan Samiti Member JSP",सदस्य,,,,,,,,,,,,,,,,,
Mithilanchal,Madhubani,Kaliwahi,,Bipin Prasad Yadav,श्री बिंदेश्वर यादव,9315571747.0,28.0,,OBC,Yadav,,सदस्य,,,,,,,,,,,,,,,,,
Mithilanchal,Madhubani,Madhwapur,,Shiv Kumar Sahni,श्री सुरेश साहनी,9576091973.0,27.0,,,,"BA / Ex Employee in Micro Finance
 LPR in Jan Suraaj
 Father was ward member 2016
 Pisciculture",सदस्य,,,,,,,,,,,,,,,,,
Mithilanchal,Madhubani,Benipatti,,Satish,स्व. बिंदेश्वर राय,7835955661.0,27.0,,OBC,Suri,,सदस्य,,,,,,,,,,,,,,,,,
Mithilanchal,Madhubani,Rahika,,Dinesh Paswan,Ganga Paswan,7352287412.0,26.0,,,,,सदस्य,,,,,,,,,,,,,,,,,
Mithilanchal,Madhubani,Madhwapur,,Umang Kumar Dwivedi,श्री अंचल नारायण द्विवेदी,9065162828.0,,,,,"B.Tech in CS / Ex Employee in King Fisher Airline, L & T, Reliance
 Runs Political Consultancy & Reserch 
 Do Compaign for Smriti Irani
 Do Compaign for Arvind Kejriwal
 Grand Father contested for Harlakhi Vidhan Sabha
 Grand Father was Ex Mukhiya",सदस्य,,,,,,,,,,,,,,,,,
Mithilanchal,Madhubani,Madhwapur,,Niranjan Paswan,स्व. परीक्षण पासवान,9102603936.0,,,,,"Ex Mukhiya 2011-2016
 ward member 2001-06
 Panchayat Adhyaksh in RJD",सदस्य,,,,,,,,,,,,,,,,,
Mithilanchal,Madhubani,Pandaul,,Phulkant Mishra,स्व. लुतन मिश्रा,6201950384.0,,,,,"- Ex Panchayat Adhyaksha continuously 15 years in BJP /
 Joined JS during Padyatra / Sachiv in Durga Mandir Samiti / Ex BDC ( 2016 - 2021 ) / ward sadasya ( 2011 - 2016 ) / runs kirana shop & LIC Advisor also in sahara",सदस्य,,,,,,,,,,,,,,,,,
Mithilanchal,Madhubani,Pandaul,,Ajit Mishra,,8051600253.0,,,,,,सदस्य,,,,,,,,,,,,,,,,,
Mithilanchal,Madhubani,Pandaul,Udaipur Bithuar,Maqsood Alam,,7643015516.0,#REF!,,,,,सदस्य,,,,,,,,,,,,,,,,,
Mithilanchal,Madhubani,Pandaul,,Narayan Jha,,98014 52544,,,,,,सदस्य,,,,,,,,,,,,,,,,,
Mithilanchal,Madhubani,Benipatti,,Naushad Alam,,9801960607.0,,,,,,सदस्य,,,,,,,,,,,,,,,,,
Mithilanchal,Madhubani,Jainagar,,Ram Harsh Rai,,62076 63424,,,,,,सदस्य,,,,,,,,,,,,,,,,,
Mithilanchal,Madhubani,Kaluahi,,Maheshwar Ram,,99349 33076,,,,,,सदस्य,,,,,,,,,,,,,,,,,
Mithilanchal,Madhubani,Kaluahi,,Prakash Sah,,90065 92931,,,,,,सदस्य,,,,,,,,,,,,,,,,,
Mithilanchal,Madhubani,Rahika,NN,Anuja Jha,,9931870790.0,49.0,Female,General,ब्राह्मण,"-Former ZP in 2001 - Ward Parshad two time (2007 and 2012).
 - 2018 to 2022 Director of Cooperative Bank.
 - Board Member of District Planning Committee in 2007.
 - Madhubani Nagar Nigam Mayor Contestant in 2023.",सदस्य,,,,,,,,,,,,,,,,,
Mithilanchal,Madhubani,Rahika,,Rajesh Jha,स्व. औध्या झा,9123477978.0,,,,,,सदस्य,,,,,,,,,,,,,,,,,
Mithilanchal,Madhubani,Benipatti,,Ashok Kumar Jha,,9204033817.0,,,,,-Advocate - Joined JS with 4 years,सदस्य,,,,,,,,,,,,,,,,,
Mithilanchal,Madhubani,Bisfi,SINGIA WEST,Krishnamohan Sharma,,7903838311.0,#REF!,,,,,सदस्य,,,,,,,,,,,,,,,,,
Mithilanchal,Madhubani,Rahika,MAKSUDA,Sajjad Ansari,श्री मो. मुस्तफा,7323914876.0,,,,,-Mukhiya 2021 - Present,सदस्य,,,,,,,,,,,,,,,,,
Mithilanchal,Madhubani,Rahika,Saurath,Sajjad Ansari,,9708739377.0,48.0,Male,Minority,Muslim,"-4 times Sarpanch (2006,2011,2016 &2021)",सदस्य,,,,,,,,,,,,,,,,,
Mithilanchal,Madhubani,Harlakhi,SONEI,Prem Kumar Mandal,,9162574201.0,53.0,Male,EBC,Dhanuk,"-Ex-ZP IN 2006 -Mukhiya (2021-Present)
 -Won with a margin of 1000+ votes
 -Mukhiya Sangh pravakta
 -Akhil Bhartiya Dhanuk Ekta Mahasangh Zila Adhyaksh
 -District planning committee member of Mukhiya Sangh",सदस्य,,,,,,,,,,,,,,,,,
Mithilanchal,Madhubani,Madhubani NN,,Jaki Ahmad,श्री बशीर अहमद,Not Mentioned,,,,,,सदस्य,,,,,,,,,,,,,,,,,
Mithilanchal,Madhubani,Rahika,,Shravan Yadav,श्री बैद्यनाथ यादव,8084033812.0,,,,,Lost Mukhiya election by45 votes (2021),सदस्य,,,,,,,,,,,,,,,,,
Mithilanchal,Madhubani,Rahika,,Pawan Kumar Mandal,श्री तिलई मंडल,9570453915.0,,,,,Mother is a ward member .,सदस्य,,,,,,,,,,,,,,,,,
Mithilanchal,Madhubani,Rahika,MALANGIA,Lalit Singh,स्व. बृज मोहन सिंह,8051381535.0,85.0,,,Rajput,-Sarpanch Runnerup (2016),सदस्य,,,,,,,,,,,,,,,,,
Mithilanchal,Madhubani,Rahika,IZRA,Md. Faruk,jainul haq,9507769420.0,73.0,,,Raina,- icumbent ward member,सदस्य,,,,,,,,,,,,,,,,,
Mithilanchal,Madhubani,Rajnagar,Sugauna North,Abdul Rashid,स्व. शेख सलीम,7549775966.0,73.0,,,Muslim,He is a sociopolitical individual running a pharmacy in the village. - Community medical service.,सदस्य,,,,,,,,,,,,,,,,,
Mithilanchal,Madhubani,Kaluahi,Malmal North,Ramvilas Yadav,Late Yogeshwar Yadav,6204359693.0,72.0,,,Yadav,"- Sarpanch 2021- till date
 - CPI Block Secretary 1973- 1975
 - Sarpanch Contestant in 2016",सदस्य,,,,,,,,,,,,,,,,,
Mithilanchal,Madhubani,Pandaul,Dahibat Madhopur Purvi,Ajay Kumar Yadav,Ramanand Yadav,9525600391.0,71.0,,,Yadav,- RJD BSC Member,सदस्य,,,,,,,,,,,,,,,,,
Mithilanchal,Madhubani,Bisfi,SINGASO,Shiv Chandra Yadav,स्व. रामफल यादव,7352511343.0,70.0,,,Yadav,"-Mukhiya of Singhaso Panchayat for 27 years (1978-2006)
 -Influencial figure in Yadav, Muslim and backward communities",सदस्य,,,,,,,,,,,,,,,,,
Mithilanchal,Madhubani,Rahika,IZRA,Bisho Bagat,Ram phar mahato,9798196202.0,70.0,,,Nonia,- incumbent pannch member,सदस्य,,,,,,,,,,,,,,,,,
Mithilanchal,Madhubani,Rahika,IZRA,Choti Chaudhary,Lakhan Chaudhary,8678095373.0,70.0,,,Kewat,- incumbent pannch member,सदस्य,,,,,,,,,,,,,,,,,
Mithilanchal,Madhubani,Harlakhi,Gangaur,Suraj Dev Mahato,Late Bhagwani Mahato,9431203116 & 9060206916,69.0,,,Koiri,"-PACS President in 2014 and 2019
 -CPI block executive member since 2000",सदस्य,,,,,,,,,,,,,,,,,
Mithilanchal,Madhubani,Harlakhi,Gangaur,Surdev Mahato,Late Bhagwani Mahato,9060206916.0,69.0,,,Kushwaha,"- PACS President Since 2009 
 - Big Agriculturist",सदस्य,,,,,,,,,,,,,,,,,
Mithilanchal,Madhubani,Madhwapur,Balba,Narayan Paswan,Late Badri Paswan,8969635004.0,69.0,,,Dusadh,"-Mukhiya contestant 2016 & 20121
 -BDC contestant in 2006 & 2011
 -Ex Panch 2001",सदस्य,,,,,,,,,,,,,,,,,
Mithilanchal,Madhubani,Rahika,IZRA,Mustafa,Badrul Haq,7544077679.0,69.0,,,Muslim,- incumbent pannch member,सदस्य,,,,,,,,,,,,,,,,,
Mithilanchal,Madhubani,Rahika,KAKRAUL NORTH,Kamalnath Jha,Mhesh jha,9708909134.0,69.0,,,Brahmin,- Former mukhiya,सदस्य,,,,,,,,,,,,,,,,,
Mithilanchal,Madhubani,Madhwapur,Madhwapur,Madan Prasad Sah,Late Mohan Prasad Shah,8434368080.0,68.0,,,Teli,"-President of Madhwapur and Sarghat Chamber of Commerce 
 -Social Worker",सदस्य,,,,,,,,,,,,,,,,,
Mithilanchal,Madhubani,Madhwapur,Balba,Rajaram Yadav,Bhogendra Yadav,8084500436.0,68.0,,OBC,Yadav,-UP Mukhiya from Balba Panchayat,सदस्य,,,,,,,,,,,,,,,,,
Mithilanchal,Madhubani,Pandaul,Bhagwatipur,Ganga Prasad Raut,Late Baldev Raut,7004100985.0,68.0,,,Barai,Ex Mukhiya,सदस्य,,,,,,,,,,,,,,,,,
Mithilanchal,Madhubani,Rahika,SATLAKHA,Satrughan Prasad Sharma,Bindeswar Sharma,9931588111.0,68.0,,,Brahmin,- Retired Army,सदस्य,,,,,,,,,,,,,,,,,
Mithilanchal,Madhubani,Rajnagar,SUGAUNA NORTH,Chaudhary Mandal,स्व. किशुन मंडल,7061562279.0,68.0,,,Amat,"Incumbent Up mukhiya
 5 times Ward Sadasya",सदस्य,,,,,,,,,,,,,,,,,
Mithilanchal,Madhubani,Bisfi,,Ashutosh Kumar alias Pappu,श्री हरिलाल दास,9911182542.0,30.0,,,,,जिला युवा प्रकोष्ठ महामंत्री,Sakshi,,,,,,,,,,,,,,,,
Mithilanchal,Madhubani,Jainagar,Barhi,Sujeet Singh,श्री शिवचन्द्र सिंह,8691035904.0,38.0,,,,,जिला युवा प्रकोष्ठ उपाध्यक्ष,Sakshi,,,,,,,,,,,,,,,,
Mithilanchal,Madhubani,Kaluahi,Kalikapur,Anil Kumar Paswan,स्व. सुद्दीलाल पासवान,6203032706.0,38.0,,,,,जिला युवा प्रकोष्ठ उपाध्यक्ष,Sakshi,,,,,,,,,,,,,,,,
Mithilanchal,Madhubani,Khajauli,,Ajay Sah,श्री जगरनाथ साह,8002896100.0,36.0,,,,,जिला युवा प्रकोष्ठ उपाध्यक्ष,Sakshi,,,,,,,,,,,,,,,,
Mithilanchal,Madhubani,Madhubani Nagar Nigam,,Sant Kumar Das,श्री सातो दास,9082589470.0,34.0,,,,,जिला युवा प्रकोष्ठ उपाध्यक्ष,Sakshi,,,,,,,,,,,,,,,,
Mithilanchal,Madhubani,Rajnagar,,Akshay Kumar,स्व. अजीत कृष्ण श्रीवास्तव,9341152232.0,30.0,,,,,जिला युवा प्रकोष्ठ उपाध्यक्ष,Sakshi,,,,,,,,,,,,,,,,
Mithilanchal,Madhubani,Rajnagar,,Kamre Alam,श्री मो. काशिम,7004389430.0,32.0,,,,,जिला युवा प्रकोष्ठ सचिव,,,,,,,,,,,,,,,,,
Mithilanchal,Madhubani,Madhwapur,,Dhirendra Kumar Prasad,श्री सुशील प्रसाद,7488196989.0,30.0,,,,,जिला युवा प्रकोष्ठ सचिव,,,,,,,,,,,,,,,,,
Mithilanchal,Madhubani,Rahika,,Ramjeevan Mandal,श्री लाल बच्चन मंडल,9546566652.0,30.0,,,,,जिला युवा प्रकोष्ठ सचिव,,,,,,,,,,,,,,,,,
Mithilanchal,Madhubani,Benipatti,,Monu Kumar Thakur,श्री मनोज ठाकुर,7016121656.0,29.0,,,,,जिला युवा प्रकोष्ठ सचिव,,,,,,,,,,,,,,,,,
Mithilanchal,Madhubani,Kaluahi,,Ravi Kumar Prasad,श्री उमाशंकर प्रसाद,9142053378.0,28.0,,,,,जिला युवा प्रकोष्ठ सचिव,,,,,,,,,,,,,,,,,
Mithilanchal,Madhubani,Rajnagar,,Laxmi Paswan,"Rambilas Paswan
 father
 Rahul Kumar",9060583096‬,36.0,,SC,Paswan,"- Social Worker (works to help Dalits in Getting Govt. benefits like pension Yojna and Others)
 - Works for Educating Children of Dalits and Poors)",जिला महिला प्रकोष्ठ महामंत्री,Sakshi,,,,,,,,,,,,,,,,
Mithilanchal,Madhubani,Jainagar,,Meera Devi,स्व. प्रमोद राम,8797203604.0,35.0,,SC,Ravidas,"- Incumbent Mukhiya 
 - 2016 Mukhiya (Husband)",जिला महिला प्रकोष्ठ उपाध्यक्ष,,,,,,,,,,,,,,,,,
Mithilanchal,Madhubani,Jainagar,Sarisaw Pahi Purvi,Baijayanti Devi,श्री सुभाष कुमार,9199267639.0,36.0,,General,Brahmin,"- Incumbent Sarpanch
 - BJP Mandal Mahila Adhyaksh (2016-2021)
 - Sarpanch runner-up ; Lost by 25 votes",जिला महिला प्रकोष्ठ उपाध्यक्ष,,,,,,,,,,,,,,,,,
Mithilanchal,Madhubani,Rajnagar,,Rekha Paswan,श्री पिंकू पासवान,9939044737.0,36.0,,SC,Dusadh,"- Currently working in Madhuranga Foundation since 2024
 - Former Mithila Painiting Teacher in Parinaam Foundation NGO (2019-2021)
 - Former Mithila Painiting Teacher in NABARD NGO (2021-2023)
 - Her brother in law was Former Mukhiya 2011",जिला महिला प्रकोष्ठ उपाध्यक्ष,,,,,,,,,,,,,,,,,
Mithilanchal,Madhubani,Harlakhi,,Mamta Mishra,श्री बी. के. मिश्रा,9871034299.0,57.0,,General,Brahmin,"- Crime reporter in Open Sky Magazine
 - Did Graduation from Madhepura University
 - She provided free education to 150 childrens.
 - Worked towards empowering 250 women by creating awareness and helping them become self-reliant.",जिला महिला प्रकोष्ठ उपाध्यक्ष,,,,,,,,,,,,,,,,,
Mithilanchal,Madhubani,Khajauli,,Kailasho Devi,श्री शिवम राम,7631456357.0,57.0,,SC,Ravidas,"- Aanganbadi Sahayika since 2004
 - Jeevika Kosha-adhyaksh since 2012",जिला महिला प्रकोष्ठ उपाध्यक्ष,,,,,,,,,,,,,,,,,
Mithilanchal,Madhubani,Harlakhi,Kauha Barhi,Vinita Mukhiya,श्री मुरली मुखिया,9971889403.0,38.0,,EBC,मल्लाह,"- Former Mahila Zila Up Adhyaskh, VIP 2021-2024
 -BDC Contestant 2021 and secured 700 votes
 -Active women and is ready for help for any emergency",जिला महिला प्रकोष्ठ सचिव,,,,,,,,,,,,,,,,,
Mithilanchal,Madhubani,Harlakhi,BORHAR,Shakuntala Devi,श्री रामानंद प्रसाद,9473248807.0,45.0,,OBC,Yadav,"-CPI district commitee member since 1997
 -Vocal and Active",जिला महिला प्रकोष्ठ सचिव,,,,,,,,,,,,,,,,,
Mithilanchal,Madhubani,Madhubani,Meghaul,Aastha Devi,श्री मिथलेश कुमार मंडल,9661412123.0,40.0,,EBC,Dhanuk,"- Incumbent ward member
 - Jeevika Adhyaksh since 2022",जिला महिला प्रकोष्ठ सचिव,,,,,,,,,,,,,,,,,
Mithilanchal,Madhubani,Harlakhi,,Shweta Khanna,श्री धनंजय खन्ना,6202247911.0,40.0,,General,Khatri,"- VRS from Govt Teacher (2012-2025)
 - Jeevika member since 2024",जिला महिला प्रकोष्ठ सचिव,,,,,,,,,,,,,,,,,
Mithilanchal,Madhubani,Rajnagar,Sugauna South,Vibha Kumari,श्री बिन्देश्वरी मंडल,8002363119.0,34.0,,EBC,Dhanuk,"- Ward Contestant 2016
 - Asha worker since 2021",जिला महिला प्रकोष्ठ सचिव,,,,,,,,,,,,,,,,,
Mithilanchal,Madhubani,Madhwapur,,Suresh Singh,स्व. राजेंद्र प्रसाद सिंह,7294057280.0,70.0,,General,Rajput,"- Incumbent Pacs Member From 1972
 - Ex Defacto Pacs President 
 - Ex Mukhiya Contestant 
 - Ex BDC Runner UP
 - Ex INC Prakhand Nigrani Samiti Member
 - Ex DSC Member Of JSP
 - Farmer 5 Acre Land",जिला किसान प्रकोष्ठ महामंत्री,Sakshi,,,,,,,,,,,,,,,,
Mithilanchal,Madhubani,Benipatti,,Gauri Singh,Late Laxmi Singh,9576371639.0,40.0,,General,Rajput,"- Ex Pacs Member (2021 - 2026)
 - Defacto Ward member ( 2016- Till Now)
 - President of Durga puja Samiti & Mahashivratri Puja Samiti 
 - Farmer Activist
 - Ex ward Contestant Runner Up (2011)
 - He is very Active member of jansuraaj
 - Ex INC Leader
 - Ex Defacto Mukhiya 
 - Ex INC Block President",जिला किसान प्रकोष्ठ उपाध्यक्ष,,,,,,,,,,,,,,,,,
Mithilanchal,Madhubani,Rahika,Hussin Pur,Mohammad Kaiser,अब्दुल कुद्दुस,8051671466.0,40.0,,Minority,Muslim,"- 2nd time ward member (2016- Present)
 - Ex Mukhiya Contestant (2011)
 - Ex Block President of NCP Jai- Jai Cell",जिला किसान प्रकोष्ठ उपाध्यक्ष,,,,,,,,,,,,,,,,,
Mithilanchal,Madhubani,Basopatti,Phent,Kishori Sah,Late Sharif Sah,8651342552.0,60.0,,EBC,Teli,"-Incumbent PACs Adhyaksh since 1995 to till now
 -Vyapar mandal Adhyaksh 2014-18
 -Director of Rohika Central Co-operative Bank 2018-24
 -Former RJD Block Adhyaksh2016-2021",जिला किसान प्रकोष्ठ उपाध्यक्ष,,,,,,,,,,,,,,,,,
Mithilanchal,Madhubani,Jainagar,Korahia,Pradeep Kumar Singh,Jeewach SIngh,9608610413.0,37.0,,OBC,Kushwaha,"- Incumbent BDC (2021- Present)
 - Ward Member (2011)
 - Up Mukhiya (2011-16)
 - BDC Runner Up (2016)
 - Protest for Farmers",जिला किसान प्रकोष्ठ उपाध्यक्ष,,,,,,,,,,,,,,,,,
Mithilanchal,Madhubani,Pandaul,Meghaul,Bharat Yadav,Raghuni Yadav,9801178173.0,57.0,,OBC,Yadav,"- (2001-2006) Ex Ward Member
 - 2016-2021 - Ex Defacto BDC
 - (2021) Ex Mukhiya Runner Up
 - (2022) Ex Pacs Runner Up",जिला किसान प्रकोष्ठ उपाध्यक्ष,,,,,,,,,,,,,,,,,
Mithilanchal,Madhubani,Rajnagar,,Santosh Pathak,Taranath Pathak,8521688345.0,45.0,,General,Brahman,"- Sanshapak Sadasya Of Jsp
 - Incumbetn Upmukhiya (2021- Now)
 - Ward Member ( 2021- Now)
 - Farmer ( 2 Acre Land)
 - Famer 's Leader in his block",जिला किसान प्रकोष्ठ सचिव,,,,,,,,,,,,,,,,,
Mithilanchal,Madhubani,Kaluahi,,Surya Mohan Jha,Late Gokulanand jha,9631150420.0,46.0,,General,Brahmin,"- Ex BDC (2016-21)
 - Ex BJP Block President (2010)
 - Farmer",जिला किसान प्रकोष्ठ सचिव,,,,,,,,,,,,,,,,,
Mithilanchal,Madhubani,Benipatti,,Basant Kumar Choudhary,Rambalak Chaudhary,8809634495.0,33.0,,EBC,Kewat,"- Ex Defacto Mukhiya Contestant
 - PDS Dealer
 - Ex jdu Leader",जिला किसान प्रकोष्ठ सचिव,,,,,,,,,,,,,,,,,
Mithilanchal,Madhubani,Madhwapur,UTTRA,Dinanath Jha,Late Chandrashekhar Jha,8298963454.0,45.0,,General,Brahmin,"-Incumbent PACS President (1995- Present)
 -He is one of the director of District Co-operative Bank.",जिला किसान प्रकोष्ठ सचिव,,,,,,,,,,,,,,,,,
Mithilanchal,Madhubani,NN Madhubani,,Devendra Mishra,Late Kedar Mishra,8294670759.0,51.0,,General,Brahman,"- Ex Defacto ZP 
 - Ex Pramukh 
 - INC Block President (2002-2008)
 - Ex Defacto Mukhiya 
 - Ex Defacto Pacs",जिला किसान प्रकोष्ठ सचिव,,,,,,,,,,,,,,,,,
Mithilanchal,Madhubani,Rashidpur,,Chandra Mohan Rai,श्री स्व. मोती राय,9661270696.0,50.0,,OBC,Kurmi,"-Former BDC 2006
 -Former Mukhiya 2011,2016
 2021 Runnerup Mukhiya
 -Ex JDU Zila Yuva Upadhayksh 2016-2019",जिला पिछड़ा प्रकोष्ठ महामंत्री,Sakshi,,,,,,,,,,,,,,,,
Mithilanchal,Madhubani,Pandaul,Pandaul Paschim,Jagannath Panjiyar,श्री राम जी पंजीयार,8651054394.0,52.0,,OBC,Suri,"Incumbent Sarpanch 2021 Present
 Runnerup 2016 with 45 votes
 Ex-CPI Anchal Mantri",जिला पिछड़ा प्रकोष्ठ उपाध्यक्ष,,,,,,,,,,,,,,,,,
Mithilanchal,Madhubani,Madhwapur,,Satish Kumar,श्री सुरेश प्रसाद महतो,8005762294.0,30.0,,OBC,Kushwaha,"-B.Tech Electrical Engineering
 -Active in Panchayat Politics",जिला पिछड़ा प्रकोष्ठ उपाध्यक्ष,,,,,,,,,,,,,,,,,
Mithilanchal,Madhubani,Kaluahi,,Jeetan Yadav,श्री जगदेव यादव,9128998908/7294482896,46.0,,OBC,Yadav,"- Two time BDC Member (2016 - Present)
 - EX JAP Block upadhyaksh",जिला पिछड़ा प्रकोष्ठ उपाध्यक्ष,,,,,,,,,,,,,,,,,
Mithilanchal,Madhubani,Rahika,Samaul,Lalbabu Yadav,स्व. रस बिहारी यादव,6202380602.0,45.0,,OBC,Yadav,"-Former BDC 2011-2016
 -Sarpanch Runner Up (2021) 
 -Former RJD Panchayat Adhyaksh 2000-2015
 -His Wife is present Ward member",जिला पिछड़ा प्रकोष्ठ उपाध्यक्ष,,,,,,,,,,,,,,,,,
Mithilanchal,Madhubani,Jainagar,,Pradeep Kumar Singh,स्व. जीवछ सिंह,9608910413.0,44.0,,OBC,Kushwaha,"Incumbent BDC 2021- Present 
 BDC Runner-up with 13 votes in 2016
 Former Ward Member 2011-2016
 Former Up-Mukhiya2011-2016 
 Ex- BJP Prakhand Upadhyaksh 2018
 EX- BJP Member 2014-2017",जिला पिछड़ा प्रकोष्ठ उपाध्यक्ष,,,,,,,,,,,,,,,,,
Mithilanchal,Madhubani,Kaluahi,PURSOLIA,Manoj Yadav,स्व. भोला यादव,9162934084.0,55.0,,OBC,Yadav,"- Up- Mukhiya 2021- till date
 - Ward member 2021- till date",जिला पिछड़ा प्रकोष्ठ सचिव,,,,,,,,,,,,,,,,,
Mithilanchal,Madhubani,Khajauli,Sukhi,Pramod Singh,श्री राम कृपाल सिंह,7909093557.0,51.0,,OBC,Kushwaha,"Ex Zp (2016-21)- Secured 1st position by a lead of 3400 votes margin
 ZP runnerup
 20121-Lost by 350 votes margin
 2011-Lost by 250 Votes margin
 2006-Lost by Approx 400 Votes Margin
 Big face of Kushwaha community in the block.",जिला पिछड़ा प्रकोष्ठ सचिव,,,,,,,,,,,,,,,,,
Mithilanchal,Madhubani,Basopatti,,Chandra Bhushan Prasad Yadav,श्री तृप्ति नारायण यादव,7488567411/9162953125,50.0,,OBC,Yadav,"- 2 times BDC (2016, 2021)
 - Former Student Federation of India Block Adhyaksh (2000-05)",जिला पिछड़ा प्रकोष्ठ सचिव,,,,,,,,,,,,,,,,,
Mithilanchal,Madhubani,Khajauli,Sukki,Amaresh Kumar,श्री चंद्रशेखर महतो,9155334555.0,47.0,,OBC,Kushwaha,"""-BDC 2016 and 2021
 - Block pramukh runnerup-21""",जिला पिछड़ा प्रकोष्ठ सचिव,,,,,,,,,,,,,,,,,
Mithilanchal,Madhubani,Harlakhi,,Lalan Yadav,स्व. असरफी यादव,9162036640.0,44.0,,OBC,Yadav,"EX-Mukhiya 2001
 After 2006 Seat will be Reserved",जिला पिछड़ा प्रकोष्ठ सचिव,,,,,,,,,,,,,,,,,
Mithilanchal,Madhubani,Khajauli,Chandradih,Jai Prakash Mandal,Bhim Mandal,7739406864.0,46.0,,EBC,Dhanuk,"- Prakhand Adhyaksh of Akhil bhartiye dhanuk uthaan madhubani.
 Khajauli Block Mukhiya Sangh Adhyaksh.
 Incumbent mukhiya 2021.
 Ex Mukhiya 2016",जिला कर्पूरी मंच महामंत्री,Sakshi,,,,,,,,,,,,,,,,
Mithilanchal,Madhubani,Basopatti,Basopatti West,Bharat Mandal,स्व० सुखदेव मंडल,9430834701.0,55.0,,EBC,Dhanuk,"Bharat Mandal | 55 | Dhanuk | Male
 -3rd times Mukhiya(2011,2016,2021)
 -Mukhiya Sangh Upadhyaksh 2016-21",जिला कर्पूरी मंच उपाध्यक्ष,,,,,,,,,,,,,,,,,
Mithilanchal,Madhubani,Benipatti,Dhanga,Raj Kumar Raut,स्व० राम कृष्ण राउत,9334535032.0,50.0,,EBC,आमत,"-District Zila Upadhyaksh, Amat Samaj Ekta Manch
 -Ex Defacto BDC of the Dhanga Panchayat (2001, 2006, 2016)
 -PDS dealer Popular Face in Amat (EBC) community
 -Politically Active in Benipatti Block",जिला कर्पूरी मंच उपाध्यक्ष,,,,,,,,,,,,,,,,,
Mithilanchal,Madhubani,Pandaul,,Arun Prasad,श्री सीता राम प्रसाद,9471225333.0,50.0,,EBC,Chaursiya,"-Former State Vice President of Akhil Bhartiya Chaursiya Mahasabha 
 - 2016 - 2020:BJP Dist Media Prabhari 
 - 2016: Runner up Mukhiya Lost by 8 votes,secured 1200 Votes
 - 2021: Runner Up Mukhiya Lost by 57 Votes",जिला कर्पूरी मंच उपाध्यक्ष,,,,,,,,,,,,,,,,,
Mithilanchal,Madhubani,Bisfi,Raghauli,Bechan Mandal,श्री राजदेव मंडल,9471499182.0,43.0,,EBC,Dhanuk,"2021 : Incumbent Ward Member
 2016: Sarpanch Runner-up (Lost by 123 votes)
 2011: BDC Runner-up (Lost by 76 votes)
 Sweet Shop Owner",जिला कर्पूरी मंच उपाध्यक्ष,,,,,,,,,,,,,,,,,
Mithilanchal,Madhubani,Rajnagar,,Sanjay Mandal,स्व० घूरन मंडल,7739382881.0,36.0,,EBC,Dhanuk,"Former Prakhand Adhyaksh of Dhanuk Samaz Ekta 
 2011 - 2016 : Samta Party Prakhand Adhyaksh 
 2021: Defacto Panch of ward 13
 2021: ward sachiv",जिला कर्पूरी मंच उपाध्यक्ष,,,,,,,,,,,,,,,,,
Mithilanchal,Madhubani,Jainagar,,Lal Bihari Mandal,स्व. तनुक मंडल,7319684553.0,55.0,,अति पिछड़ा वर्ग,धनुक,"- Incumbent Mukhiya
 - 2001: Former Ward Sadasya 
 - 2011 : ZP Contestant
 - 2016 Mukhiya Contstant
 - RJD Party Worker",जिला कर्पूरी मंच सचिव,,,,,,,,,,,,,,,,,
Mithilanchal,Madhubani,Kaluahi,Haripur South,Raman Kumar Chaudhary,श्री अशरफी चौधरी,9006155033.0,54.0,,अति पिछड़ा वर्ग,केवट,"-Former Block President JD(U) (2012-2022)
 -Sarpanch Runner Up 2016",जिला कर्पूरी मंच सचिव,,,,,,,,,,,,,,,,,
Mithilanchal,Madhubani,Madhwapur,MUKHIAPATTI,Shiv Kumar Sharma,स्व. रामफल शर्मा,8987208172.0,52.0,,अति पिछड़ा वर्ग,Badhai,"-Two times BDC incumbent & in 2011
 -Ex ward member in 2001",जिला कर्पूरी मंच सचिव,,,,,,,,,,,,,,,,,
Mithilanchal,Madhubani,Rajnagar,,Bhola Pandit,श्री रामलखन पंडित,8298635731.0,34.0,,अति पिछड़ा वर्ग,कुम्हार,"former Prakhand Adhyaksh of Akhil Bharitya Kumhar ( Prajapati) Sangh 
 Former BjP Mandal Adhyaksh
 2016: Ex Former Ward Member of ward 2
 2011: Former Ward Member of ward 2
 2006: Former Defacto Ward Member of ward 2",जिला कर्पूरी मंच सचिव,,,,,,,,,,,,,,,,,
Mithilanchal,Madhubani,Pandaul,,Durga Nand Chaudhary,श्री सदाकांत चौधरी,6202074702.0,30.0,,अति पिछड़ा वर्ग,केवट,"Former Prakhand Adhyaksh Of Kewat Kalyan Samiti
 Former JDU Prakhand upadhyaksh",जिला कर्पूरी मंच सचिव,,,,,,,,,,,,,,,,,
Mithilanchal,Madhubani,Madhwapur,,Radhe Paswan,श्री रामस्वरथ पासवान,9460508483.0,45.0,,SC,Paswan,"- Mukhiya Election: Runner-up, 2021 
 - Activism: Participated in Anna Andolan, 2012-2013 
 - Political Journey: 
 - Founder member, Aam Aadmi Party
 - CPI member since 2019 
 - Joined JS in 2022",जिला अंबेडकर मंच महामंत्री,Sakshi,,,,,,,,,,,,,,,,
Mithilanchal,Madhubani,Rahika,,Hira Safi,स्व. बौन साफी,9710000000.0,62.0,,SC,Dusadh,"-2 time Consective Sarpanch (2016,2021)",जिला अंबेडकर मंच उपाध्यक्ष,,,,,,,,,,,,,,,,,
Mithilanchal,Madhubani,Madhwapur,,Jagdish Paswan,स्व. परमेश्वर पासवान,9800000000.0,53.0,,SC,Pasi,,जिला अंबेडकर मंच उपाध्यक्ष,,,,,,,,,,,,,,,,,
Mithilanchal,Madhubani,Basopatti,Mahinathpur,Jibu Mandal,स्व. भाली मंडल,8430000000.0,50.0,,SC,Chaupal,,जिला अंबेडकर मंच उपाध्यक्ष,,,,,,,,,,,,,,,,,
Mithilanchal,Madhubani,Pandaul,Belahi,Ratan Paswan,स्व. कृष्ण बहादुर पासवान,8810000000.0,44.0,,SC,Chaupal,,जिला अंबेडकर मंच उपाध्यक्ष,,,,,,,,,,,,,,,,,
Mithilanchal,Madhubani,Rahika,,Santan Paswan,स्व. सीताराम पासवान,"7281962675
 8789432488",29.0,,SC,Dusadh,,जिला अंबेडकर मंच उपाध्यक्ष,,,,,,,,,,,,,,,,,
Mithilanchal,Madhubani,Basopatti,,Ganga Ram Safi,श्री राम खेलेवन साफी,8294018562.0,60.0,,SC,Rajak,"-ZP Runner UP- 3rd Position (2021) with 4183 votes
 - Former Mukhiya (2006)
 - Mukhia Runner up (2001)",जिला अंबेडकर मंच सचिव,Sakshi,,,,,,,,,,,,,,,,
Mithilanchal,Madhubani,Kaluahi,PALIMOHAN,Suman Safi,श्री स्व. लखन साफी,7070678501.0,60.0,,SC,Dhobi,"- Two time Sarpanch Palimohan Panchayat(2016 - till date)
 -Joined till Padyatra
 -Good holds in Dalit Community",जिला अंबेडकर मंच सचिव,Sakshi,,,,,,,,,,,,,,,,
Mithilanchal,Madhubani,Madhwapur,SAHAR NORTH,Om Prakash Mahto,श्री स्व. राम विलास महतो,9661750316.0,56.0,,SC,Pasi,"-Incumbent BDC
 -Ex BDC 2016-21
 -Medical Practisioner (RNP)
 -Ex ward member (2001-06, 2006-11)
 -JDU Block President (2015-17)",जिला अंबेडकर मंच सचिव,Mehdi,Call Connected,No,shahar utri,,3.0,,,,Mukhiya ka chunav ladenge,2026-08-25 00:00:00,Sanjay jha,,,,,
Mithilanchal,Madhubani,Madhwapur,BISHANPUR,Shivji Paswan,स्व. चैतु पासवान,7781870573.0,51.0,,SC,Dusadh,"-BDC runner up (2021)
 -Sarpanch runner up in 2016
 -Former LJP Panchayat Adhyaksha (2010-2020)
 -works as an Amin 
 -Completed Intermediate",जिला अंबेडकर मंच सचिव,Mehdi,Call Connected,No,Bishanpur,,4.0,,,,Mukhiya ka chunav ladenge,2026-08-25 00:00:00,Manish Jha,,,,,
Mithilanchal,Madhubani,Rahika,,Pramod Kumar Saday,Yogendra Saday,8582006067.0,32.0,,SC,Mushar,"Defacto Mukhiya Runnrup -2021
 Ex Sarpanch -2016
 Panchayat - Nazirpur 
 block - Rahika",जिला अंबेडकर मंच सचिव,Mehdi,Not Received ,,,,,,,,,2026-08-25 00:00:00,,,,,,
Mithilanchal,Madhubani,Bisfi,Parsauni South,Irshad Alam alias Pappu,अकबर अली,9576280577.0,43.0,,Minority,Muslim,"-Won 2021 BDC secured 1676 votes and won by a margin of 1096 votes
 -Block Adhyaksh, JDU (Minority wing) Since 2019
 -Block Maha Sachiv, JDU 2014-2019
 -Two consecutive terms BDC between 2016-21 & 2021-present
 -Earlier Associated with AAP",जिला अल्पसंख्यक प्रकोष्ठ महामंत्री,Mehdi,,,,,,,,,,2026-08-25 00:00:00,,,,,,
Mithilanchal,Madhubani,Madhubani NN,,Mumtaz Alam,श्री सैयद आलू अहमद,7004581947.0,55.0,,Minority,Muslim,"- 2022 Ward Parshad Runner UP Lost BY 59 Vote.
 - RJD Zila UPadhyaksh.
 - LJP Zila UPadhyaksh.",जिला अल्पसंख्यक प्रकोष्ठ सचिव,,,,,,,,,,,,,,,,,
Mithilanchal,Madhubani,Harlakhi,,Mo. Zakir,श्री मो. इशाक,9546213186.0,48.0,,Minority,Muslim,"- BDC Runnerup 2021
 - Ward Member 2016
 - Active Member INC
 - Secratary Of Madarsa Islamia Rampur",जिला अल्पसंख्यक प्रकोष्ठ सचिव,,,,,,,,,,,,,,,,,
Mithilanchal,Madhubani,Benipatti,,Mohammad Rahmatullah,श्री मो. बदरे आलम,8986327642.0,40.0,,Minority,Muslim,Director of Rehmat Public Pvt. School,जिला अल्पसंख्यक प्रकोष्ठ सचिव,,,,,,,,,,,,,,,,,
Mithilanchal,Madhubani,Madhwapur,Phulhar,Mo. Akbar,श्री अज़ीज़ उल हक़,9142943789.0,45.0,,Minority,Muslim,"-Vidhansabha Sanyojak (Minority)
 - Zp Runner Up -2021",जिला अल्पसंख्यक प्रकोष्ठ सचिव,,,,,,,,,,,,,,,,,
Mithilanchal,Madhubani,Kaluahi,,Imamuddin,श्री मो शबूब आलम,9065559869.0,32.0,,Minority,Muslim,"-Defacto Mukhiya 2011-2016
 -AAP Zila Adhyaksh 2016-2019",जिला अल्पसंख्यक प्रकोष्ठ सचिव,,,,,,,,,,,,,,,,,
Mithilanchal,Madhubani,Jainagar,Jainagar basti,Pawan Kapari,श्री हरि कापरी,9470648301.0,43.0,,,,,जिला व्यवसायी प्रकोष्ठ महामंत्री,Mehdi,,,,,,,,,,2026-08-25 00:00:00,,,,,,
Mithilanchal,Madhubani,Madhubani Nagar Nigam,,Gautam Gupta,Late Umashankar Gupta,8409605866.0,42.0,,,,,जिला व्यवसायी प्रकोष्ठ उपाध्यक्ष,Mehdi,,,,,,,,,,2026-08-25 00:00:00,,,,,,
Mithilanchal,Madhubani,Harlakhi,Hisar,Raghavendra Thakur,श्री गोपीकांत ठाकुर,9525554682.0,50.0,,,,,जिला व्यवसायी प्रकोष्ठ उपाध्यक्ष,Mehdi,,,,,,,,,,2026-08-25 00:00:00,,,,,,
Mithilanchal,Madhubani,Madhubani NN,Ward No.21,Manish Singh,स्व. अखिलेश सिंह,8757890111.0,50.0,,,,,जिला व्यवसायी प्रकोष्ठ उपाध्यक्ष,Mehdi,,,,,,,,,,2026-08-25 00:00:00,,,,,,
Mithilanchal,Madhubani,Basopatti,,Dhiraj Mahto,Late Ram Pratap Mahto,9122797518.0,37.0,,,,,जिला व्यवसायी प्रकोष्ठ उपाध्यक्ष,Mehdi,,,,,,,,,,2026-08-25 00:00:00,,,,,,
Mithilanchal,Madhubani,Khajauli,,Sunil Chaudhary,श्री सीता राम चौधरी,9570988184.0,33.0,,,,,जिला व्यवसायी प्रकोष्ठ उपाध्यक्ष,Mehdi,,,,,,,,,,2026-08-25 00:00:00,,,,,,
Mithilanchal,Madhubani,Benipatti,,Vijay Kumar Kamat,श्री चंद्रशेखर कामत,6202460481.0,46.0,,,,,जिला व्यवसायी प्रकोष्ठ सचिव,Mehdi,,,,,,,,,,2026-08-25 00:00:00,,,,,,
Mithilanchal,Madhubani,Kaluahi,MALMAL SOUTH,Naresh Thakur,Late Atmanand Thakur,9709537771.0,45.0,,,,,जिला व्यवसायी प्रकोष्ठ सचिव,Mehdi,,,,,,,,,,2026-08-25 00:00:00,,,,,,
Mithilanchal,Madhubani,Kaluahi,PURSOLIA,Vakil Shah,स्व. योगेंद्र शाह,9546474946.0,44.0,,,,,जिला व्यवसायी प्रकोष्ठ सचिव,Mehdi,,,,,,,,,,2026-08-25 00:00:00,,,,,,
Mithilanchal,Madhubani,Basopatti,,Dharmendra Rai,Chandeswar Rai,8294620146.0,40.0,,,,,जिला व्यवसायी प्रकोष्ठ सचिव,Mehdi,,,,,,,,,,2026-08-25 00:00:00,,,,,,
Mithilanchal,Madhubani,Madhwapur,,Saroj Gupta,Satnarayan Shah,9955552895.0,34.0,,,,,जिला व्यवसायी प्रकोष्ठ सचिव,Mehdi,,,,,,,,,,2026-08-25 00:00:00,,,,,,
Mithilanchal,Madhubani,Kaluahi,PALIMOHAN,Rikshav Kumar Vats,श्री राजीव कुमार झा,7254986732.0,37.0,,General,Brahmin,"Private School Association Leader & Director of a Private School
 - Former MSU Member (College time)",जिला विचार मंच महामंत्री,Mehdi,,,,,,,,,,2026-08-25 00:00:00,,,,,,
Mithilanchal,Madhubani,Basopatti,Selibeli,Vinod Narayan Jha,श्री देवेंद्र झा,9304006390.0,66.0,,General,Brahmin,"- Retired Professor
 - Former Secretary of Teacher Association R K College Madhubani (2011-2020)""",जिला विचार मंच उपाध्यक्ष,,,,,,,,,,,,,,,,,
Mithilanchal,Madhubani,Jainagar,,Narayan Yadav,श्री राजेश्वर यादव,9939041116.0,65.0,,OBC,Yadav,"- Retired Headmaster from Madhubani 
 - He is a Maithili Kavi & Have written many Maithili Poem",जिला विचार मंच उपाध्यक्ष,,,,,,,,,,,,,,,,,
Mithilanchal,Madhubani,Harlakhi,,Surendra Kumar Thakur,श्री राम ज्ञानठाकुर,9199653757.0,65.0,,General,Kayasth,"Allopathic doctor , Practicing since last 46 Years at Ramghati Chowk",जिला विचार मंच उपाध्यक्ष,,,,,,,,,,,,,,,,,
Mithilanchal,Madhubani,Kaluahi,,Dr. Sunil Kumar Suman,श्री बाउए लाल पासवान,9431694882.0,52.0,,SC,Paswan,"- Professor at RK College , Madhubani 
 - Psychology Professor 
 - Journalist Hindustan Newspaper",जिला विचार मंच उपाध्यक्ष,,,,,,,,,,,,,,,,,
Mithilanchal,Madhubani,Pandaul,,Keshav Kumar Rai,श्री विनय कुमार राय,6200166355.0,31.0,,General,Bhumihar,"Vetenary Doctor
 - Contested PACs (2024)
 lost by 19 votes",जिला विचार मंच उपाध्यक्ष,,,,,,,,,,,,,,,,,
Mithilanchal,Madhubani,Rahika,NAZIRPUR,Mo. Murtaza,श्री मो. जमीर,9473145051.0,62.0,,Minority,Muslim,"- Medical Professional (RMP)
 - Degree from Muzaffarpur 
 - 4 Term Ward Punch",जिला विचार मंच सचिव,Mehdi,,,,,,,,,,2026-08-25 00:00:00,,,,,,
Mithilanchal,Madhubani,Rajnagar,,Vibhash Chandra Mishra,श्री भोगेंद्र मिश्रा,9210011321.0,50.0,,General,Brahmin,"Runs a school (Modern Bal Vatika ) Pre school 
 He is a teacher (Gurukul institute ) (Teach :math & science)
 -Diploma in Journalism 
 -Made different political promotional Film on different parties",जिला विचार मंच सचिव,Mehdi,,,,,,,,,,2026-08-25 00:00:00,,,,,,
Mithilanchal,Madhubani,Benipatti,Nagbas,Santosh Kumar Singh,श्री देवेंद्र प्रसाद,7654475559.0,46.0,,General,Rajput,Former Railway Staff and Railway Union Leader,जिला विचार मंच सचिव,Mehdi,,,,,,,,,,2026-08-25 00:00:00,,,,,,
Mithilanchal,Madhubani,Bisfi,,Vishwanath Ram,श्री बुद्धू राम,7543009072.0,46.0,,SC,Ram,"-Incumbent ward member of ward no. 1
 -Former CPI member 1985-95
 -Prominent name among SC community",जिला विचार मंच सचिव,Mehdi,,,,,,,,,,2026-08-25 00:00:00,,,,,,
Mithilanchal,Madhubani,Khajauli,,Rajiv Ranjan,श्री वैद्यनाथ सिंह,8210413522.0,41.0,,General,Rajput,Teacher - Physical Studies,जिला विचार मंच सचिव,Mehdi,,,,,,,,,,2026-08-25 00:00:00,,,,,,
Mithilanchal,Madhubani,Benipatti,गौगली मानसीपट्टी,Mohammad Kalam,श्री मोहम्मद असीन,8585965541.0,40.0,,Minority,Muslim,"-Ward Punch 2021
 -Defacto BDC Runnerup 2021
 -Farmer Activist",किसान प्रखंड अध्यक्ष,Mehdi,,,,,,,,,,2026-08-25 00:00:00,,,,,,
Mithilanchal,Madhubani,Benipatti,धनगा,Roshan Kumar Rai,श्री लीलू राय,7020204808.0,33.0,,EBC,Amat,"Prakhand Upadhayksh of Amat Samaj Ekta manch
 2016:Ex Defacto Panchayat Samiti
 2021: Runner Panchayat samiti",कर्पूरी मंच प्रखंड अध्यक्ष,Mehdi,,,,,,,,,,2026-08-25 00:00:00,,,,,,
Mithilanchal,Madhubani,Benipatti,वार्ड 15,Ram Lakhan Ram,श्री रामरूप राम,9934932893.0,52.0,,SC,Ravidas,"-MLA Candidate {2015} from Bhartiy Janjagran Party got something 1000 votes
 -Mukhiya Runnerup 2016 Got 3rd place & 1000 Votes
 - JS Sansthapak sadasya- 2023",अंबेडकर मंच प्रखंड अध्यक्ष,Mehdi,,,,,,,,,,2026-08-25 00:00:00,,,,,,
Mithilanchal,Madhubani,Benipatti,मुरेठ,Mohammad Farooq,स्व. अब्दुल हफीज,7004334150.0,46.0,,Minority,Rayeen,"- Incumbent Mukhiya of Mureth GP.
 - Mukhiya Runner-up in 2016 PRI election.
 - Earlier associated with INC & RJD, close aide of Ex Central Minister Shakeel Ahmad.",अल्पसंख्यक प्रकोष्ठ प्रखंड अध्यक्ष,,,,,,,,,,,,,,,,,
Mithilanchal,Madhubani,Benipatti,बेनीपट्टी,Suresh Kumar,स्व. बेंगाई साह,7257915591.0,44.0,,,,,व्यवसायी प्रकोष्ठ प्रखंड अध्यक्ष,,,,,,,,,,,,,,,,,
Mithilanchal,Madhubani,Benipatti,बेनीपट्टी,Virendra Kumar Singh,श्री महेंद्र सिंह,9801712274.0,60.0,,General,Rajput,"Professor at a Training College
 - Inclined toward JS ideology 
 - Social Worker",विचार मंच प्रखंड अध्यक्ष,,,,,,,,,,,,,,,,,
Mithilanchal,Madhubani,Madhwapur,बसकईबीहरी नॉर्थ,Ghanshyam Singh,स्व. राम नारायण सिंह,7050635480.0,66.0,,General,Rajput,"- Govt. Employee Kisan Salahkar
 - Support JS During path Yatra",किसान प्रखंड अध्यक्ष,Mehdi,,,,,,,,,,2026-08-25 00:00:00,,,,,,
Mithilanchal,Madhubani,Madhwapur,मुखियापट्टी,Nagendra Sharma,श्री रामप्रकाश शर्मा,7739387536.0,40.0,,EBC,Badhai,"2013- 2017: BJP Panchayat Adhayaksh
 2017- 2025: JDU Panchayat Adhayksh
 Member of Badhai (Viskarma) Mahasabha
 2021: Defacto Up-Mukhiya 
 2016: Ward member",कर्पूरी मंच प्रखंड अध्यक्ष,Mehdi,,,,,,,,,,2026-08-25 00:00:00,,,,,,
Mithilanchal,Madhubani,Madhwapur,बिसनपुर,Sunil Paswan,श्री श्याम पासवान,8789701775.0,27.0,,SC,Dusadh,"-Ex President CM Science College Darbhanga 2015-2018
 Panchayat - Bisanpur",अंबेडकर मंच प्रखंड अध्यक्ष,Mehdi,,,,,,,,,,2026-08-25 00:00:00,,,,,,
Mithilanchal,Madhubani,Madhwapur,मधवापुर,Jameel Akhtar,श्री कमरुल हक,8252419476.0,56.0,,Minority,Sheikh,"Ex BDC - 2011- 2016
 2nd runner up Sarpanch Election - 2025
 Former JDU Prakhand Adhyaksh
 RJD Member
 Congress Member",अल्पसंख्यक प्रकोष्ठ प्रखंड अध्यक्ष,,,,,,,,,,,,,,,,,
Mithilanchal,Madhubani,Madhwapur,Pahar dakshini,Mukesh Raut,Ram Sewak Raut,6203656264.0,35.0,,EBC,Gaderi,"-Runs Plumber Business
 - Runs Tiles Business",व्यवसायी प्रकोष्ठ प्रखंड अध्यक्ष,,,,,,,,,,,,,,,,,
Mithilanchal,Madhubani,Madhwapur,मुखीयपट्टी,Dr. Grish Veglal Karn,स्व. विष्णु नारायण लाल दास,9199653757.0,63.0,,General,Brahmin,Practicing in Town,विचार मंच प्रखंड अध्यक्ष,,,,,,,,,,,,,,,,,
Mithilanchal,Madhubani,Rahika,सतलखा,Sanjeev Chaudhary,स्व. देवलाल चौधरी,7281038296.0,40.0,,EBC,Keot,- 2 Ttimes up-sarpanch,कर्पूरी मंच प्रखंड अध्यक्ष,Mehdi,,,,,,,,,,2026-08-25 00:00:00,,,,,,
Mithilanchal,Madhubani,Rahika,सनौर,Ashok Ram,स्व. बुधन राम,9473068091.0,45.0,,SC,Ravidas,"-Incumbent 2 times Mukhiya (2016&2021)
 -Politically Active for SC ST
 -RJD Voluntteer -2010 to 2014
 -BJP Supporter till 2024",अंबेडकर मंच प्रखंड अध्यक्ष,Mehdi,,,,,,,,,,2026-08-25 00:00:00,,,,,,
Mithilanchal,Madhubani,Rahika,रहिका,Piyush Aryan,श्री उमेश कुमार,8877558946.0,38.0,,,,,व्यवसायी प्रकोष्ठ प्रखंड अध्यक्ष,,,,,,,,,,,,,,,,,
Mithilanchal,Madhubani,Rahika,नजीरपुर,Shambhu Pandey,श्री रविंदर पांडेय,7254913668.0,45.0,,Gen,Bhumihar,"Music Teacher 
 Have been Music Teacher at 5 School 
 - Graduate from Prayag Sangit Samiti Allahabad 
 - Chemistry Hons ( Madhubani) 
 1993 District Topper (640 Marks) Matriculation",विचार मंच प्रखंड अध्यक्ष,,,,,,,,,,,,,,,,,
Mithilanchal,Madhubani,Bisfi,बिस्फी,Raju Thakur,श्री ब्रह्मदेव ठाकुर,6201703256.0,45.0,,EBC,Nai,"-Incumbent Sarpanch and secured 1176 votes in his favour
 -Former Sarpanch 2016
 -Former Panch member 2006 & 2016
 Prakhand Adhayksh of Rashtriya Nai Mahasangh",कर्पूरी मंच प्रखंड अध्यक्ष,Mehdi,,,,,,,,,,2026-08-25 00:00:00,,,,,,
Mithilanchal,Madhubani,Bisfi,चहुटा,Harendra Kumar,श्री महावीर दास,"8651693264
 9430502149",60.0,,SC,Chaupal,"-Sarpanch Sangh Prakhand Sachiv 2021-present
 -Block Sachiv RJD 2015-present
 - Former Panchayat Adhyaksh RJD",अंबेडकर मंच प्रखंड अध्यक्ष,Mehdi,,,,,,,,,,,,,,,,
Mithilanchal,Madhubani,Bisfi,रघेपुर,Shivji Mehta,स्व. बिंदेश्वरी मेहता,8757386972.0,60.0,,,,,व्यवसायी प्रकोष्ठ प्रखंड अध्यक्ष,,,,,,,,,,,,,,,,,
Mithilanchal,Madhubani,Bisfi,नहास रूपौली उत्तरी,Dharmanath Jha,श्री कैलाश चंद्र झा,9015558929.0,41.0,,General,Brahmin,"- Private School Teacher 
 - Runs a Mandir ( Secretary )
 - Was in AAP in Delhi 
 - Incumbent ward member / UP Mukhiya 
 -",विचार मंच प्रखंड अध्यक्ष,,,,,,,,,,,,,,,,,
Mithilanchal,Madhubani,Basopatti,डामू,Satish Kumar Thakur,श्री विजय ठाकुर,9304387188.0,31.0,,General,Bhumihar,"- Chola Mandlam Finance bank employee
 - Farmer
 - Defacto Mukhiya contestant",किसान प्रखंड अध्यक्ष,Mehdi,,,,,,,,,,,,,,,,
Mithilanchal,Madhubani,Basopatti,माधिया,Santosh Kumar Rai,श्री खुसी लाल रॉय,9771042334.0,42.0,,EBC,Amat,"Prkhand Adhyaksh of Amat Vikash Parishad 
 2021- 2024 JDU EBC Zila Sachiv 
 2021: Ward memer of ward no 6",कर्पूरी मंच प्रखंड अध्यक्ष,Mehdi,,,,,,,,,,,,,,,,
Mithilanchal,Madhubani,Basopatti,थौना,Vijay Kumar Paswan,श्री चंदेश्वर पासवान,9934283581.0,41.0,,SC,Paswan,-Former BDC (2016-21) -ZP contestant (2021) secured 2578 votes,अंबेडकर मंच प्रखंड अध्यक्ष,Mehdi,,,,,,,,,,,,,,,,
Mithilanchal,Madhubani,Basopatti,बसोपट्टी,Anzar Ahmad,श्री मो. हबीब,6203018515.0,31.0,,Minority,Rayeen,"- RJD Block President Yuva Adhyaksh 2019-22
 -Advocate Clerk Madhubani Court",अल्पसंख्यक प्रकोष्ठ प्रखंड अध्यक्ष,,,,,,,,,,,,,,,,,
Mithilanchal,Madhubani,Basopatti,सेलिबेली,Arun Kumar Singh,स्व. सूर्य नारायण सिंह,7739794819.0,55.0,,,,,व्यवसायी प्रकोष्ठ प्रखंड अध्यक्ष,,,,,,,,,,,,,,,,,
Mithilanchal,Madhubani,Basopatti,बसोपट्टी,Dr. Rampreet Paswan,स्व. परमेश्वर पासवान,8541849265.0,55.0,,SC,Dusadh,"Dr. Rampreet Paswan | 55 | Male | SC | Dusadh | 
 
 - Defacto BDC 200O-11.
 - Former State council member of CPI.
 - PDS dealer since 2004
 - Principal of Sanskrit College.
 - PHD in Sanskrit.
 - Member of District Council AISF, 1988-2000.
 - Social influencer.",विचार मंच प्रखंड अध्यक्ष,,,,,,,,,,,,,,,,,
Mithilanchal,Madhubani,Harlakhi,सिसौनी,Ramshankar Singh,स्व. रवींद्र सिंह,9928307562/ 7319959004,38.0,,General,Bhumihar,"- Ex Pacs Contestant
 - Ex Mukhiya Contestant
 - Pacs Member
 - Owner of a shop",किसान प्रखंड अध्यक्ष,Mehdi,,,,,,,,,,,,,,,,
Mithilanchal,Madhubani,Harlakhi,सोनई,Rajesh Kumar Mandal,श्री गौरीशंकर मंडल,8540973190.0,40.0,,EBC,Dhanuk,"Incumbent Sarpanch
 2016: Runnerup Sarpanch",कर्पूरी मंच प्रखंड अध्यक्ष,Mehdi,,,,,,,,,,,,,,,,
Mithilanchal,Madhubani,Harlakhi,कलना,Naresh Saday,श्री सेवक सदाय,7541969032.0,42.0,,SC,Musahar,"- Block Adhyaksh of Dr. Ambedkar Mushahar Vikas Samiti
 - BDC runner-up 2021 (secured vote 1600+ lose by 21 Vote)
 Got 2nd Place
 - BDC runner-up 2016 (600 vote)
 Former HAM Block President",अंबेडकर मंच प्रखंड अध्यक्ष,Mehdi,,,,,,,,,,,,,,,,
Mithilanchal,Madhubani,Harlakhi,सोतगांव,Mo. Atatur Rahman,श्री मो. हलीम,7070782033.0,53.0,,Minority,Sheikh,"- Contested BDC - 3rd runner up - 2021
 - Former RJD Prakhand Adhyaksh",अल्पसंख्यक प्रकोष्ठ प्रखंड अध्यक्ष,,,,,,,,,,,,,,,,,
Mithilanchal,Madhubani,Harlakhi,पिपरून,Roshan Kumar Shah alias Kari Shah,स्व. दर्शन शाह,7781999039.0,57.0,,EBC,Teli,"- Runs Hardware Business
 - Ex CPM member (1986-2024)",व्यवसायी प्रकोष्ठ प्रखंड अध्यक्ष,,,,,,,,,,,,,,,,,
Mithilanchal,Madhubani,Harlakhi,गंगौर,Dr. Dinesh Kushwaha,श्री कमाल महतो,9934202259.0,60.0,,OBC,Kushwaha,- Dentist and runs a clinic in Harlakhi,विचार मंच प्रखंड अध्यक्ष,,,,,,,,,,,,,,,,,
Mithilanchal,Madhubani,Jainagar,परवा बेलही,Nageshwar Thakur,श्री सहदेव ठाकुर,8757139419.0,55.0,,EBC,Badhai,"- Runner up in pacs president election in 2014
 - Viswakarma Sang DIstrict Member
 - Owns a coaching Center (150 Students)",किसान प्रखंड अध्यक्ष,Mehdi,,,,,,,,,,,,,,,,
Mithilanchal,Madhubani,Jainagar,परवा बेलही,Santosh Kumar Mandal,स्व. राम विलास मंडल,9801782042.0,50.0,,EBC,Dhanuk,"- Incumbent Mukhiya
 - Former two term Upmukhiya (2006-11,2011-16)
 - Runner- up Mukhiya 2016",कर्पूरी मंच प्रखंड अध्यक्ष,Mehdi,,,,,,,,,,,,,,,,
Mithilanchal,Madhubani,Jainagar,सेलारा,Laxmi Paswan,श्री राजेंद्र पासवान,9122773360.0,45.0,,SC,Dusadh,"-Incumbent BDC of Selara Panchayat(2021 till now) margin 750 votes
 -Former Ward Member
 Social Worker(Ration Card,Blocked related work)
 -Active JS Member",अंबेडकर मंच प्रखंड अध्यक्ष,Mehdi,,,,,,,,,,,,,,,,
Mithilanchal,Madhubani,Jainagar,डेवढ़ा,Mumtaz Ahmad,श्री मो. इब्राहिम,9973340533.0,32.0,,Minority,Ansari,"-Incumbent BDC
 - Sarpanch Runner up
 - Congress Panchayatadhyaksh",अल्पसंख्यक प्रकोष्ठ प्रखंड अध्यक्ष,,,,,,,,,,,,,,,,,
Mithilanchal,Madhubani,Jainagar,कोराहिया,Shambhu Yadav,श्री महेश्वर यादव,8744846006.0,40.0,,,,,व्यवसायी प्रकोष्ठ प्रखंड अध्यक्ष,,,,,,,,,,,,,,,,,
Mithilanchal,Madhubani,Jainagar,जयनगर,Arvind Yadav,श्री नारायण यादव,9771345540.0,40.0,,OBC,Yadav,"-Masters in Political Science 
 -Social Worker
 -Highly motivated with JS Ideology",विचार मंच प्रखंड अध्यक्ष,,,,,,,,,,,,,,,,,
Mithilanchal,Madhubani,Khajauli,भकुआ,Ramesh Paswan,श्री राम सेवक पासवान,8521440037.0,36.0,,SC,Dusadh,"- District coprative Bank Director(2014 - 2018)
 - Incumbent Pacs ( 2009- Present)",किसान प्रखंड अध्यक्ष,Mehdi,,,,,,,,,,,,,,,,
Mithilanchal,Madhubani,Khajauli,चनारडीह,Ajit Kumar Sahu,Raj Kumar Sahu,8210716611.0,34.0,,EBC,Teli,"2Terms ward member (2016,2021)",कर्पूरी मंच प्रखंड अध्यक्ष,Mehdi,,,,,,,,,,,,,,,,
Mithilanchal,Madhubani,Khajauli,महुआ अकदेड़ा,Rupesh Safi,श्री बलीराम साफी,7295021045.0,35.0,,SC,Dhobi,"Incumbent Dafacto BDC of Mahua ekdara(2001 till now)
 Running Library and Coaching more than 500 plus students (The Success Campus)
 - Former JDU Meember",अंबेडकर मंच प्रखंड अध्यक्ष,Mehdi,,,,,,,,,,,,,,,,
Mithilanchal,Madhubani,Khajauli,खजौली,Mo. Firoz,श्री मो. इदरीस,8709890141.0,45.0,,EBC,Rayeen,"- Incumbent Ward Member and Up Mukhiya
 - 4th TimeWard Member from 2006, 2011, 2016, 2021
 - JDU Panchayat Adhyaksh
 - Secratary of Raja Jama Masjid Dhuryahi",अल्पसंख्यक प्रकोष्ठ प्रखंड अध्यक्ष,,,,,,,,,,,,,,,,,
Mithilanchal,Madhubani,Khajauli,चतरा गौरा दक्षिण,Mahendra Mandal,स्व. रामजी मंडल,9931747811.0,66.0,,,,,व्यवसायी प्रकोष्ठ प्रखंड अध्यक्ष,,,,,,,,,,,,,,,,,
Mithilanchal,Madhubani,Khajauli,नरार पूर्वी,Bimlesh Kumar Sah,श्री राम बहादुर साह,7488316940.0,43.0,,EBC,Teli,"- Medical Department ( Ultrasound Technician )
 - Have done Diploma in Radiology 
 - Earlier MR ( Genesia Healthcare )",विचार मंच प्रखंड अध्यक्ष,,,,,,,,,,,,,,,,,
Mithilanchal,Madhubani,Kaluahi,मलमल नॉर्थ,Ranjit Thakur,स्व.उपेन्द्र ठाकुर,9122340180.0,39.0,,OBC,Sonar,"- Incumbent Ward Panch (2016 - Present
 - Youth Club Block Coordinator JSP
 - Farmer (1.5 Bigha Land)",किसान प्रखंड अध्यक्ष,Mehdi,,,,,,,,,,,,,,,,
Mithilanchal,Madhubani,Kaluahi,हरिपुर दक्षिण,Krishna Kumar Rai,श्री उदय राय,8298687669.0,33.0,,EBC,Amat,"Prakhand Adhayksh of Amat Samaz Ekta manch
 2021: Defacto Up -Sarpanch
 4terms Ward Panch of ward 8",कर्पूरी मंच प्रखंड अध्यक्ष,Mehdi,,,,,,,,,,,,,,,,
Mithilanchal,Madhubani,Kaluahi,हरिपुर पश्चिम,Abhiram Paswan,स्व. बिहारी पासवान,8407021546.0,55.0,,SC,Dusadh,"- Former BDC of Haripur west (2006- 2011)
 - Former ZP Contestant (2011, 2016)
 - Former Panchayat President Of RJD (2012-2022)",अंबेडकर मंच प्रखंड अध्यक्ष,Mehdi,,,,,,,,,,,,,,,,
Mithilanchal,Madhubani,Kaluahi,करमोली (खजौली),Mo. Irshad Mansuri,श्री मो. हारून मंसूरी,7979056632.0,37.0,,Minority,Mansoori,"- BDC Contestant in 2021 (402 Votes)
 -Journalist, and runs his own news channel named Mithila in Media",अल्पसंख्यक प्रकोष्ठ प्रखंड अध्यक्ष,,,,,,,,,,,,,,,,,
Mithilanchal,Madhubani,Kaluahi,कलुआही,Satish Kumar Jha,श्री जितेंद्र झा,9939217460.0,48.0,,General,Brahmin,,व्यवसायी प्रकोष्ठ प्रखंड अध्यक्ष,,,,,,,,,,,,,,,,,
Mithilanchal,Madhubani,Kaluahi,हरिपुर उत्तर,Amar Jha,श्री चंद्रकांत झा,8809145084.0,59.0,,General,Brahmin,"- Runs a school in block
 - Post Graduate in Literature
 - Director of Sainik Public School, Kaluahi and District Officer of Anganwadi Sevika's Association",विचार मंच प्रखंड अध्यक्ष,,,,,,,,,,,,,,,,,
Mithilanchal,Madhubani,Pandaul,बेलही,Anand Mishra,श्री कैलाश मिश्रा,9971262665.0,39.0,,Gereral,Brahman,"- Social Worker , - Mithila parsuram sena member, - Agriculture on 10 bigha of Land",किसान प्रखंड अध्यक्ष,Mehdi,,,,,,,,,,,,,,,,
Mithilanchal,Madhubani,Pandaul,बिरौल,Manohar Mandal,स्व. जगदेव मंडल,6204515228.0,54.0,,EBC,Dhanuk,"- 2 term Sarpanch 2011 & 2021-till now
 - working in Prabhat NGO as an educational coordinator & provides education to the Musahar community children.",कर्पूरी मंच प्रखंड अध्यक्ष,Mehdi,,,,,,,,,,,,,,,,
Mithilanchal,Madhubani,Pandaul,मेघौल,Manoj Anand Safi,श्री असरफी साफी,9934633070.0,42.0,,SC,Dhobi,"-Former Mukhiya 2006 &2011(Gen Seat)
 -Mukhiya Runner-up 2021
 -Member of Musahar Sangh.
 -Completed MA in Modern History",अंबेडकर मंच प्रखंड अध्यक्ष,Mehdi,,,,,,,,,,,,,,,,
Mithilanchal,Madhubani,Pandaul,सकरी,Mo. Imran,श्री आसिफ हुसैन,8700139351.0,40.0,,Minority,Sayed,"- Nagar Updhayaksh in NCP Maharashtra 2008-2012
 -Ngar Sachiv NCP Maharashtra 2012-2015
 - Social Activist.",अल्पसंख्यक प्रकोष्ठ प्रखंड अध्यक्ष,,,,,,,,,,,,,,,,,
Mithilanchal,Madhubani,Pandaul,भटनिसर,Subhash Mishra,स्व. शंकर मिश्रा,8877584813/ 7903010421,43.0,,,,,व्यवसायी प्रकोष्ठ प्रखंड अध्यक्ष,,,,,,,,,,,,,,,,,
Mithilanchal,Madhubani,Pandaul,पंडौल,Alok Ranjan alias Gulshan Tiwari,श्री सुनील कुमार तिवारी,8789411523.0,36.0,,Gen,Bhumihar,"- Former Collage of commerce president three times 2012,13 14
 - Ward Sadasey 1st time
 - Award in 2021 for best ward from Sagarpur Panchyat",विचार मंच प्रखंड अध्यक्ष,,,,,,,,,,,,,,,,,
Mithilanchal,Madhubani,Rajnagar,परिहरपुर,Robin Kumar Mahto,श्री शंभू महतो,7004452554.0,28.0,,EBC,Dhanuk,"-Former BJP Panchyat Adakshya 2022-2023
 -Owner of RK Tent House
 -His Father Contestant BDC 2011 Got Vote 502",युवा प्रखंड अध्यक्ष,,,,,,,,,,,,,,,,,
Mithilanchal,Madhubani,Rajnagar,भटसीमर,Kanti Paswan,श्री महेंद्र पासवान,6201121676.0,32.0,,SC,पासवान,"Contestant Panchayat Samiti 2021
 Sarpanch 15 years & ZP Runner-up (Own Father)",महिला प्रखंड अध्यक्ष,,,,,,,,,,,,,,,,,
Mithilanchal,Madhubani,Rajnagar,करहिया पश्चिम,Mo. Sharif,श्री मो राजाक,9508501813.0,35.0,,Minority,Muslim,"- Incumbent Pacs President (2026- Present)
 - Father was reknowned Social worker
 - Defacto Mukhiya Runeer Up
 - Interested in kisan Politics",किसान प्रखंड अध्यक्ष,Mehdi,,,,,,,,,,,,,,,,
Mithilanchal,Madhubani,Rajnagar,कोइलख,Dashrath Rai,श्री बिश्वनाथ राय,8298345181.0,39.0,,EBC,Amat,"2021: Incumbent Ward member Of ward no 6
 2016: Ex Ward Panch of ward no 6",कर्पूरी मंच प्रखंड अध्यक्ष,Mehdi,,,,,,,,,,,,,,,,
Mithilanchal,Madhubani,Rajnagar,सिबीपट्टी,Janak Paswan,स्व. चौटा पासवान,7250689893.0,51.0,,SC,Dusadh,"- Incumbent BDC 2021
 -BDC Runner 2016
 -Ward Member 2011 & 2006",अंबेडकर मंच प्रखंड अध्यक्ष,Mehdi,,,,,,,,,,,,,,,,
Mithilanchal,Madhubani,Rajnagar,करहिया पश्चिम,Mo. Shakeel,श्री मो. खलील,8051493872.0,56.0,,EBC,Jatt Muslim,"- Incumbent Up Mukhiya
 - 3rd Term Ward Member 2011, 2016, 2021
 - Superviser of NGO- Gram Vikash Parishad",अल्पसंख्यक प्रकोष्ठ प्रखंड अध्यक्ष,,,,,,,,,,,,,,,,,
Mithilanchal,Madhubani,Rajnagar,सुगना उत्तर,Intikhabur Rahman,स्व. मोहम्मद सुलेमान,8877536439.0,58.0,,,,,व्यवसायी प्रकोष्ठ प्रखंड अध्यक्ष,,,,,,,,,,,,,,,,,
Mithilanchal,Madhubani,Rajnagar,भटसिमर पूर्वी,Amaresh Kumar Pankaj,श्री महेंद्र लाल करण,9162202177.0,44.0,,Gen,Kaiyasth,"Director Sarvoday Public School, Rajnagar
 -Businessman & active social worker.",विचार मंच प्रखंड अध्यक्ष,,,,,,,,,,,,,,,,,
Mithilanchal,Darbhanga,Singhwara,,Mumtaz Ansari 'Chand,स्व. अशरफ अंसारी,9262531037.0,38.0,,अल्पसंख्यक,मुस्लिम,"- Two times Defacto Former Mukhiya (2011-2021)
 - Former RJD Youth Vice President (2017-2020)",जिला महामंत्री,Mehdi,,,,,,,,,,,,,,,,
Mithilanchal,Darbhanga,Benipur,Nawada,Ramakant Yadav,इस्कीगोपाल यादव,9260000000.0,40.0,,ओबीसी,यादव,"- Incumbent Sarpanch (2021)
 - Sarapanch Sangh Block President (2021)
 - Businessman (Owned Bus)",जिला उपाध्यक्ष,,,,,,,,,,,,,,,,,
Mithilanchal,Darbhanga,Darbhanga NN,,Sajjan Kumar,उमा शंकर प्रसाद,9910000000.0,47.0,,ओबीसी,बनिया,"-He is a CA since 2015
 Run a firm named Kumar Sajjan & Co. 
 Active member since Padyatra 
 Dedicated toward JS",जिला उपाध्यक्ष,,,,,,,,,,,,,,,,,
Mithilanchal,Darbhanga,Darbhanga Sadar,,Prashant Singh,रणधीर कुमार सिंह,8880000000.0,40.0,,सामान्य,राजपूत,"- Contested ZP two times (2016, 2021)
 - His grand father was 35 years Mukhiya.
 - He has two TVS showrooms.",जिला उपाध्यक्ष,,,,,,,,,,,,,,,,,
Mithilanchal,Darbhanga,Hayaghat,Jorja,Anil Kumar Singh,बृज किशोर सिंह,8100000000.0,57.0,,सामान्य,राजपूत,"- NSUI (1988) Patna Zila Adyaksh 
 Youth Congress Gen Sec ( Rohtas - 1991 -1994 )
 Mukhiya Contestant - 2016 ( 800 votes )
 Medical & Dairy Business 
 Father was subinspector",जिला उपाध्यक्ष,,,,,,,,,,,,,,,,,
Mithilanchal,Darbhanga,Tardih,,Amresh Kumar Rathore,रंजीत कुमार सिंह,8810000000.0,38.0,,सामान्य,राजपूत,"LJP (R) Zila Media Prabhari - 2015- 2020
 LJP (R) Alinagar Vidhansabha Chunav Prabhari - 2020
 Bloc President LJP (R) 2008 -2015 
 Ward Member Runner up",जिला उपाध्यक्ष,,,,,,,,,,,,,,,,,
Mithilanchal,Darbhanga,Bahadurpur,,Indrabhushan Jha,बृजेश कुमार झा,8760000000.0,50.0,,सामान्य,ब्राह्मण,"- Businesseman
 - Darbhanga Panchayati Raj MLC Contestent, 2015",जिला उपाध्यक्ष,,,,,,,,,,,,,,,,,
Mithilanchal,Darbhanga,Singhwara,,Md. Shamshad Nazmi,मो. हारून नज्मी,9850000000.0,49.0,,अल्पसंख्यक,मुस्लिम,"-Director ( Nazmi memorial public school)
 -Owner of Nazmi fueling station
 -Director (Tulip garden marriage hall)
 -Member of Rahbar coching centre works for poor children to give free education.",जिला उपाध्यक्ष,,,,,,,,,,,,,,,,,
Mithilanchal,Darbhanga,Baheri,Havideh South,Rajiv Kumar Singh,श्री ठाकुर प्रसाद सिंह,7870000000.0,35.0,,सामान्य,राजपूत,"Current profile- Doctor, Social Activist, Met PK several times.",जिला उपाध्यक्ष,,,,,,,,,,,,,,,,,
Mithilanchal,Darbhanga,Hanuman Nagar,Araila,Lal Babu Paswan,राम खिलावन पासवान,6200000000.0,48.0,,अनुसूचित जाति,पासवान,"Mukhiya since 2021 
 LJP (R) Block President SC Cell - 2001 - 2005
 Zila Antyoday Manch Mantri BJP 2006 - 2014",जिला उपाध्यक्ष,,,,,,,,,,,,,,,,,
Mithilanchal,Darbhanga,Tardih,,Mithilesh Kumar Singh,स्व. बिंदेश्वरी सिंह,9930000000.0,62.0,,ओबीसी,कुर्मी,"- Ex- Zila Parshad (2006)
 - Zila Parshad Runner Up in 2011, 2016 and 2021 
 - EX Block president of RJD 
 - RJD Zila Mahasachiv.",जिला उपाध्यक्ष,,,,,,,,,,,,,,,,,
Mithilanchal,Darbhanga,Jale,,Dilip Prasad,बिंदे साहू,7261066860.0,55.0,,ओबीसी,वैश्य,"- Retd. Defence Officer 
 - Purva Sainik association Darbhanga Jila Adhyaksh 
 - Senior Citizenship Sangh Prakhand Adhyaksh Biraul
 - Associated with JS for the last 3 years",जिला सचिव,Mehdi,,,,,,,,,,,,,,,,
Mithilanchal,Darbhanga,Hayaghat,SHRIRAMPUR,Pintu Lal Dev,हरेन्द्र लाल देव,6207516878.0,36.0,,अति पिछड़ा वर्ग,देवहर,"- Incumbent Defacto Ward Member
 - Helped JS in installing 200 PK Connect App
 JS Dedicated Member",जिला सचिव,Mehdi,,,,,,,,,,,,,,,,
Mithilanchal,Darbhanga,Keoti,Asraha,Virendra Paswan,गुंजन पासवान,7020000000.0,47.0,,अनुसूचित जाति,पासवान,"He is an incumbent sarpanch from Srirampur panchayat. 
 2019 -2020 JDU Prakhand EBC Yuva Adhayaksh. 
 2020 - 2022 JDU Prakhand Upadhyaksh 
 - 2016- 2018 Bjp Prakhand Mantri 
 Member of Akhil bhartiya Devabhar Mahasangh",जिला सचिव,Mehdi,,,,,,,,,,,,,,,,
Mithilanchal,Darbhanga,Ghanshyampur,Ganoun,Govind Jha,चन्द्रेश्वर झा,7080000000.0,39.0,,सामान्य,ब्राह्मण,"- Three times Panchayat Samiti member (2011, 2016, 2021)
 -Belongs to a landlord's family",जिला सचिव,Mehdi,,,,,,,,,,,,,,,,
Mithilanchal,Darbhanga,Kiratpur,Kiratpur,Ganesh Prasad Yadav,जगदीश यादव,9940000000.0,47.0,,ओबीसी,यादव,"- Prominant Businessman
 - 2021 Sarpanch Contestant",जिला सचिव,Mehdi,,,,,,,,,,,,,,,,
Mithilanchal,Darbhanga,Darbhanga NN,,Indra Kumari,काशीकांत झा,9431498549.0,55.0,,सामान्य,ब्राह्मण,"-Jansuraaj District Vice President
 -Former Block Sachiv Jan Suraaj
 -Former Independent MLA Contestant, 2020, ( 800 votes)
 -Former BJP Member
 -Farmer ( 5 Acre land)",जिला सचिव,Mehdi,,,,,,,,,,,,,,,,
Mithilanchal,Darbhanga,Hanuman Nagar,,Saket Suman,शिवशंकर चौधरी,7090000000.0,40.0,,सामान्य,ब्राह्मण,,जिला सचिव,Mehdi,,,,,,,,,,,,,,,,
Mithilanchal,Darbhanga,Biraul,,Abuzar Ansari,अब्दुल गनी,7352074200.0,43.0,,,मुस्लिम,"AAP Pasachimi Zila Delhi Genral Secretory Minority Wing
 JS Anumandal Sachiv Biraul & Benipur Vidhansabha Prabhari",जिला सचिव,Mehdi,,,,,,,,,,,,,,,,
Mithilanchal,Darbhanga,Kusheshwar Asthan,,Md. Kaleem Ansari,मो. खलील अंसारी,9870000000.0,53.0,,अल्पसंख्यक,मुस्लिम,"JDU Block President Minority Wing
 Jan Suraaj Vidhansabha Prabhari Minority",जिला सचिव,Mehdi,,,,,,,,,,,,,,,,
Mithilanchal,Darbhanga,Keoti,Nanora,Bhola Sahu,नागेश्वर साहू,8051836463.0,56.0,,अति पिछड़ा वर्ग,तेली,,जिला सचिव,Mehdi,,,,,,,,,,,,,,,,
Mithilanchal,Darbhanga,Alinagar,Sherpur Narayanpur,Nehalnath Chaudhary,राधाकांत चौधरी,8676862588.0,44.0,,,,"- He is a Novel writer 
 -He wrote 3 novel Damini, Kulwanti
 - Chartered Accountant",जिला सचिव,Mehdi,,,,,,,,,,,,,,,,
Mithilanchal,Darbhanga,Hanuman Nagar,Godhiyari,Anand Pathak,स्वर्गीय हरिशंकर पाठक,6210000000.0,40.0,,,,In 2021 samiti electon his wife moni pathak contested election and got 1048 votes and elected as a samiti of godhiyari panchyat.,सदस्य,,,,,,,,,,,,,,,,,
Mithilanchal,Darbhanga,Hanuman Nagar,Panchobh,Mukund Chaudhary,धर्मेंद्र चौधरी,7000000000.0,36.0,,,,"Ex JSP DSC Member
 ex Mukhiya Candidate",सदस्य,,,,,,,,,,,,,,,,,
Mithilanchal,Darbhanga,Jale,,Aamna Khatoon,डॉ. शाहिद ज़िया अहमद,9300000000.0,32.0,,,,"Aamna Khatoon | Female | 33 | Minority | Teacher
 
 -Teacher at a Madarsa School
 -Jan Suraaj Mahila State Working Committee Member
 -Social Worker(Organised Work Shop On women Empowerment)",सदस्य,,,,,,,,,,,,,,,,,
Mithilanchal,Darbhanga,Bahadurpur,,Bhanu Pratap Singh,श्री प्रमोद कुमार सिंह,7210000000.0,,,,,"-He is associated with jan suraaj from past 4 years .
 -He runs a Transpotation business.",सदस्य,,,,,,,,,,,,,,,,,
Mithilanchal,Darbhanga,Benipur,Pohaddi Paschimi,Farooq Azam,सेठ तजमुल हुसैन,9960000000.0,63.0,,,,"-Ex Ward Member 2016.
 -He runs a Medical shop.
 -Ex Anumandal Mahamantri in jan suraaj 2025.
 -",सदस्य,,,,,,,,,,,,,,,,,
Mithilanchal,Darbhanga,Hayaghat,MAJHAULIA,Shatrudhan Mahto,स्वर्गीय हरिहर महतो,8000000000.0,50.0,,,,"Ex Ward Member
 Ex BDC Candidate
 Ex Maukhiya Candidate
 Ex JDU Member
 Working in Anandpur College",सदस्य,,,,,,,,,,,,,,,,,
Mithilanchal,Darbhanga,Baheri,,Sanjay Kumar Rakesh,स्वर्गीय नंदी पति मंडल,8710000000.0,50.0,,,,"- Three times Sarpanch (2011,2016,2021)
 - Sarpanch Sangh Adhyaksh (2016-21)
 Ex JDU Zila Sachiv
 EX JSP Anumandal Sachiv-Darbhanga Sadar",सदस्य,,,,,,,,,,,,,,,,,
Mithilanchal,Darbhanga,Baheri,,Dilip Kumar,अर्जुन पासवान,9470000000.0,53.0,,,,"- Ex-ZP Member (2011)
 - Ex-Zila Mahasachiv LJP. (2003-2016)
 ex JSP Zila Upadhyaksh",सदस्य,,,,,,,,,,,,,,,,,
Mithilanchal,Darbhanga,Hanuman Nagar,Malhipatti North,Dinesh Bhagat,रामलखन भगत,9800000000.0,68.0,,,,"- Seven-time PACS President 
 - ZP runner-up (2001)
 - Awarded for Innovative agricultural practices by Pusa Agriculture University",सदस्य,,,,,,,,,,,,,,,,,
Mithilanchal,Darbhanga,Biraul,AKBARPUR BAINK,Manoj Kumar Jha,श्री रामचंद्र झा,9930000000.0,49.0,,,,"- Former District Media Incharge (2018-21)
 - Former District Executive Member of BJP (2021-2022)
 - President of Biraul Division of Public School Association, Biraul.",सदस्य,,,,,,,,,,,,,,,,,
Mithilanchal,Darbhanga,Darbhanga Municipal Corporation,,Nisar Ahmad,अब्दुल्लाह अंसारी,7490000000.0,45.0,,,,,सदस्य,,,,,,,,,,,,,,,,,
Mithilanchal,Darbhanga,Singhwara,,Awadhesh Sahani,लाल बहादुर साहनी,9880000000.0,38.0,,,,"Ex Army , Done Campaigning in Keoti Vidhan Sabha, Resigned From Army to join JS",सदस्य,,,,,,,,,,,,,,,,,
Mithilanchal,Darbhanga,Kusheshwar Asthan,,Purushottam Kumar,राम नारायण साहू,8710000000.0,45.0,,,,"- Former District correspondent of ABP News And Times Now.
 - District Secretary of CSC Union. 
 - Renowned Social worker of Darbhanga (Sant Kabir Sodh RVS Sansthan)
 - District Project Lead at Lohiya Swacchata Abhiyan 2010-2018
 - Pocso ACT activist and renowned lawyer of Darbhanga. 
 -Secretary Sant Kabir Ashram Gaddi Mool Rosera
 -Belongs to the Land Lord family of Kusheshwar Asthan.
 - ZP runner-up in 2016 and 2021.",सदस्य,,,,,,,,,,,,,,,,,
Mithilanchal,Darbhanga,Hayaghat,,Amarnath Jha,स्वर्गीय फेकन झा,9290000000.0,50.0,,,,"-PDS Dealer
 - 2021 Mukhiya runner up",सदस्य,,,,,,,,,,,,,,,,,
Mithilanchal,Darbhanga,Bahadurpur,Taralahi,Aamirul Haq,स्वर्गीय मोहम्मद वकील,9300000000.0,,,,,"- RLSP State Vise President
 - Bihar Jamiatur Rayeen State Working President 
 - Contested ZP In 2016 
 - 2000 Samajvadi Contested MLA",सदस्य,,,,,,,,,,,,,,,,,
Mithilanchal,Darbhanga,Ghanshyampur,Korthu Western,Anand Kishore Mishra,योगेंद्र नाथ मिश्रा,9570000000.0,42.0,,सामान्य,ब्राह्मण,"- Runs a Transportation business ( Pickup Trucks)
 - Owns a Medical Store",सदस्य,,,,,,,,,,,,,,,,,
Mithilanchal,Darbhanga,Alinagar,Hariyath,Shakeel Ahmad,मरहूम अताउर रहमान,9800000000.0,43.0,,अल्पसंख्यक,कुजरा,"- Three times Samiti (2006,2011 and 2021). 
 - Former RJD Block President (2020-2022)",सदस्य,,,,,,,,,,,,,,,,,
Mithilanchal,Darbhanga,Manigachhi,,Laxman Kumar,मोती यादव,6300000000.0,46.0,,,,"Laxman Kumar | 46| OBC | Yadav
 
 - Incumbent BDC 2021 
 - Lecturer in APJ Abdul kalaam Women Institute of Technology LNMU
 - BDC Runnerup 2016 
 -",सदस्य,,,,,,,,,,,,,,,,,
Mithilanchal,Darbhanga,Benipur,Benipur Nagar Parishad,Ramshogarth Paswan,स्वर्गीय दुखी पासवान,8680000000.0,52.0,,,,"Ramsugarat Paswan| 49 | Male | SC | Dusadh
 - Up pramukh 2006
 - Former Two Times panchayat samiti.
 - Two Times ward member .
 - Dealer from 1996
 Ex- LJP Block president ( 2005 to 2018)
 Ex LJP Nagar President.( 2018 to 2023)""",सदस्य,,,,,,,,,,,,,,,,,
Mithilanchal,Darbhanga,Hanuman Nagar,,Alok Sahani,चंदेश्वर साहनी,9120000000.0,38.0,,,,"- Ex JDU Member 
 - BDC 2016-2021",सदस्य,,,,,,,,,,,,,,,,,
Mithilanchal,Darbhanga,Jale,,Jeevachh Mahto,श्री लाल देव महतो,7550000000.0,38.0,,,,"- Panchayat Samiti member (2016)
 - JD(U) District Secretary (2020-2021)
 - Former two times PACS president",सदस्य,,,,,,,,,,,,,,,,,
Mithilanchal,Darbhanga,Jale,Muretha,Raju Mishra,रामचंद्र मिश्रा,8990000000.0,38.0,,,,"- PDS Dealer of Muretha GP. - PDS Dealer since 10 years 
 -Father was also PDS Dealer since 40 years 
 -Inclined towards BJP.",सदस्य,,,,,,,,,,,,,,,,,
Mithilanchal,Darbhanga,Tardih,Nadiami,Madhove Chaudhary,स्वर्गीय विमल नारायण चौधरी,7780000000.0,42.0,,,,"- He is a BJP Panchayat president 2014 - 2020 
 - Block VP of BJP 2020 2023 
 - PWD Contractor 
 - His Uncal Dr Nirbhav Narayan Chaudhary HOD of MLSM collge Darbhnaga",सदस्य,,,,,,,,,,,,,,,,,
Mithilanchal,Darbhanga,Biraul,Soupal,Rajaram Das,राम विलाप दास,8270000000.0,48.0,,,,"- Two Times De-facto Sarpanch (2016, 2021)
 - Active member of BJP since 2010
 - He is a prominent name in SC Community",सदस्य,,,,,,,,,,,,,,,,,
Mithilanchal,Darbhanga,Biraul,Arga Usri,Asharfi Mandal,जोगिंदर मंडल,9930000000.0,46.0,,,,"- 2 term Sarpanch (2016,2021)
 - Sarpanch Runer-up 2011
 - Well Known fermer family of the panchayat",सदस्य,,,,,,,,,,,,,,,,,
Mithilanchal,Darbhanga,Darbhanga Municipal Corporation,ward no 14,Ramashish Thakur,स्वर्गीय लक्ष्मी ठाकुर,9300000000.0,55.0,,,,"- Mahasachiv of ' Rastriya Naii Mahasabha'
 - He has association has 1400-1500 naii members in the district. 
 - Owns shop named 'Nikki Salon' near Mirzapur Chowk.",सदस्य,,,,,,,,,,,,,,,,,
Mithilanchal,Darbhanga,Darbhanga Municipal Corporation,ward no 2,Bhagwan Lal Thakur,राम बालक ठाकुर,7780000000.0,46.0,,,,- He is Defacto two times Ward councillor from ward number 2 since 2017.,सदस्य,,,,,,,,,,,,,,,,,
Mithilanchal,Darbhanga,Hayaghat,Hayaghat Nagar Panchayat,Santosh Paswan,श्री हरिश्चंद्र पासवान,7260000000.0,52.0,,,,"Current Profile - JDU Block General Secretary
 Socio-Political Profile - He was Mukhiya in 2016. He has been serving as JDU Block Gen Secretary since 2022. Before that, he was Panchayat President at JDU.
 Qualification- Matric
 Financial status- Labour
 Criminal Case - NA",सदस्य,,,,,,,,,,,,,,,,,
Mithilanchal,Darbhanga,Hayaghat,ANANDPUR SAHORA,Nityanand Jha,स्वर्गीय उपेंद्र झा,6210000000.0,40.0,,,,"-Sarpanch runner up 2021
 - Sarpanch Contestant 2016
 - Former Block President The Plurals Party 2023
 - Earlier he was in RJD & JDU
 - Wants to contest for Mukhiya in 2026
 - Qualification-Matric
 - Financial status- Tent-house business.",सदस्य,,,,,,,,,,,,,,,,,
Mithilanchal,Darbhanga,Biraul,Biraul,Ramanand Sahu,राम शंकर साहू,7640000000.0,34.0,,,,"- Two Times Sarpanch (2016, 2021)
 - He is belongs landlord family",सदस्य,,,,,,,,,,,,,,,,,
Mithilanchal,Darbhanga,Biraul,Arga Usri,Parvez Khan,नूर मोहम्मद खान,9770000000.0,34.0,,,,"- 2 Term BDC ( 2016,2021)
 - Well known Muslim Family of the Panchayat",सदस्य,,,,,,,,,,,,,,,,,
Mithilanchal,Darbhanga,Darbhanga Sadar,,Ram Sharan Yadav,बउवा जी यादव,7870000000.0,40.0,,,,"- District Dealers Sang Vice President from (2016- present) 
 - Former RJD District Youth Vice-President (2021-2023)",सदस्य,,,,,,,,,,,,,,,,,
Mithilanchal,Darbhanga,Keoti,,Umar Raza,एमडी मुर्तुजा,7670000000.0,36.0,,,,"- He is renowned Hafiz
 - Mullana at one of the big Majhid at keoti",सदस्य,,,,,,,,,,,,,,,,,
Mithilanchal,Darbhanga,Manigachhi,,Danish Ambar,एमडी आरिफ अंबर,9210000000.0,32.0,,,,"- 2011 Defacto Mukhiya 
 -2016 Mukhiya runner up 
 - He has hotel and government tender business.
 He has returned from UAE 
 (working as a civil engineer) to work for Bihar",सदस्य,,,,,,,,,,,,,,,,,
Mithilanchal,Darbhanga,Bahadurpur,Haripatti,Awadhesh Kumar Kunwar,स्वर्गीय आनंद बिहारी कुँवर,7490000000.0,54.0,,,,"He is 3 term sarpanch. In 2021 election he got 1200 votes. he is a businessman. He wa sapanch in 2006-11, lost the election in 2011-16, again won the election in 2016-21.",सदस्य,,,,,,,,,,,,,,,,,
Mithilanchal,Darbhanga,Baheri,Baligaon,Mahesh Laldev,जुगेश्वर लाल देव,8790000000.0,61.0,,,,"- Former two Term Mukhiya (2001, 2016) 
 -Mukhiya Runner up 2021
 - Ex- Samiti (2006)",सदस्य,,,,,,,,,,,,,,,,,
Mithilanchal,Darbhanga,Baheri,Baheri West,Pratyay Pratyush,प्रमोद कुमार झा 'सुमन',8210000000.0,28.0,,,,"- Big Patanjali Distributorship
 - Railway Contractor
 - Biggest Landlord in Baheri Block 
 - Father was LJP MLA Candidate in 2005, received 27000 votes",सदस्य,,,,,,,,,,,,,,,,,
Mithilanchal,Darbhanga,Darbhanga Sadar,Ranipur,Prabhakar Jha,स्वर्गीय नरेंद्र नारायण झा,9330000000.0,48.0,,,,"-Ex BJP Youth Zila mahamantri (2009-2014)
 -BJP Sahakarita Upadhyaksh(2014-2017)
 -All India Brahmin federation District President(2018 -2025)
 -Brahmin council of India( Founder)
 -Grandfather was Mukhiya
 -Grand mother was ward Member
 -Aunt was ZP
 -Phd Holder
 -Marketing Head North Bihar(Madhusudhan)",सदस्य,,,,,,,,,,,,,,,,,
Mithilanchal,Darbhanga,Kusheshwar Asthan,Beri,Murari Pathak,रामेश्वर पाठक,7540000000.0,49.0,,,,"- Ex-LJP Prakhand Upadhyaksh
 -Ex LJP Mahamantri
 -BDC Runner-Up, 2021",सदस्य,,,,,,,,,,,,,,,,,
Mithilanchal,Darbhanga,Kusheshwar Asthan,Beri,Ashish Pathak,श्री सुभाष चंद्र पाठक,9050000000.0,40.0,,,,- Former LJP Youth Zila Maha Sachiv,सदस्य,,,,,,,,,,,,,,,,,
Mithilanchal,Darbhanga,Bahadurpur,Bahadurpur Dekuli,Rajiv Mani,सुशील कुमार झा,9970000000.0,45.0,,,,"- Ward Sangh Zila Adhyaksh (2016-2021 and 2021 - till now)
 - Ward Sangh Pradesh Pradhan Maha Sachiv ( 2016-till now )
 - MLC contestant, PRI, 2022, 215 First Preference, 40 Second Preference
 - Two Times UP Mukhiya (2016-2021 and 2021- till now)",सदस्य,,,,,,,,,,,,,,,,,
Mithilanchal,Darbhanga,Keoti,LAHWAR,Tamanna Nadaf,एमडी सफीक नदाफ,7830000000.0,35.0,,,,-Incumbent Mukhiya,सदस्य,,,,,,,,,,,,,,,,,
Mithilanchal,Darbhanga,Alinagar,Hanuman Nagar,Sanjeev Lal Dev,स्वर्गीय बहादुर लाल देव,7480000000.0,44.0,,,,"-Incumbent UP Mukhiya
 -EX Ward Sadasya",सदस्य,,,,,,,,,,,,,,,,,
Mithilanchal,Darbhanga,Ghanshyampur,Brahmpura Maswasi,Prabhash Chandra Pathak,स्वर्गीय हरिवल्लभ पाठक,9930000000.0,51.0,,,,"- Private Contractor since 2001
 - Mukhiya 3rd Runner up, 2001 received 350 votes",सदस्य,,,,,,,,,,,,,,,,,
Mithilanchal,Darbhanga,Keoti,,MD Sagir Nizam,अली एहमत तदबीर,9890000000.0,50.0,,,,"- Mithila Student AISF, President
 - 2000 to 2002 Histy Deo Aos VP
 2006 - 2013 State President JDU Student 
 - Yuva Sachiv Sachiv 2013 to 2020
 -",सदस्य,,,,,,,,,,,,,,,,,
Mithilanchal,Darbhanga,Keoti,,Shweta Thakur,राजेश ठाकुर,8760000000.0,38.0,,,,"- Mukhiya Contestent; 2016 & 2021
 - Comes from a landlord family",सदस्य,,,,,,,,,,,,,,,,,
Mithilanchal,Darbhanga,Hanuman Nagar,Sinuara,Laliteshwar Prasad Singh (W. Singh),स्वर्गीय कामेश्वर प्रसाद सिंह,9840000000.0,45.0,,,,"-Ex Mukhiya (2016-21) 
 -Runner Up - 2021",सदस्य,,,,,,,,,,,,,,,,,
Mithilanchal,Darbhanga,Darbhanga Sadar,SAHBAJPUR,Dev Narayan Yadav,स्वर्गीय प्रीति यादव,9530000000.0,40.0,,,,"- Ex mukhiya 2011
 - 2 time ZP contested 2001,2006
 In 2001 election he secured 2nd position and second time he was on 3rd position.",सदस्य,,,,,,,,,,,,,,,,,
Mithilanchal,Darbhanga,Darbhanga Sadar,Dhoi,Sanjay Sharma,स्वर्गीय सूरज शर्मा,7490000000.0,40.0,,,,"-Two time Sarpanch (2016, 2021)
 - He has helped Pradeep Thakur as election pracharrak in 2020 vidhan sabha.",सदस्य,,,,,,,,,,,,,,,,,
Mithilanchal,Darbhanga,Kusheshwar Asthan West,,Shambhu Singh,कैलाश प्रसाद सिंह,8410000000.0,40.0,,,,2 times ward sangh adhyaksh,सदस्य,,,,,,,,,,,,,,,,,
Mithilanchal,Darbhanga,Kusheshwar Asthan East,,Shiv Nandan Yadav,स्वर्गीय दुखी यादव,8410000000.0,50.0,,,,"- Former LJP Prakhand Adhyksh 2016-22
 -Former UP Mukhiya 2006-2011
 -Former UP Sarpanch 2011-2016
 -Former Ward Member 2016-2021",सदस्य,,,,,,,,,,,,,,,,,
Mithilanchal,Darbhanga,Biraul,,Ramchandar Yadav,शोभित यादव,7990000000.0,43.0,,,,-Pacs President 2014 to till now,सदस्य,,,,,,,,,,,,,,,,,
Mithilanchal,Darbhanga,Biraul,Ganaura Tarwara,Sadanand Paswan,स्वर्गीय सुरेश पासवान,6200000000.0,46.0,,,,"- Tow Time Sarpanch 2016 - 2021 
 - Currently Sarpanch sangh zila Sachiv 2021 
 - Zp Contested 2001 
 - Mukhiya runnreup 2006- 2011 
 - LJP District Member",सदस्य,,,,,,,,,,,,,,,,,
Mithilanchal,Darbhanga,Biraul,,Pradeep Yadav,स्वर्गीय शरण यादव,8340000000.0,58.0,,,,"- Incumbent Mukhiya Sangh Adhyaksh 
 - Two times De-Facto Mukhiya (2016-21, 2021-till now)
 -Former De-Facto Panchayat Samiti (2006-11 & 2011-16)",सदस्य,,,,,,,,,,,,,,,,,
Mithilanchal,Darbhanga,Benipur,,MD Farooq Azam,स्वर्गीय शेख तजमुल हुसैन,6210000000.0,62.0,,,,"Faruqe Azam | 55 | Male | Minority| Muslim
 
 - Majdoor sangh President (2020 -present)
 - Benipur Majdoor Sangh Adhyaksh (2014-20)
 - Worked in wholesale medical business for 20 yrs
 - Social worker
 - Madina Masjid Sachiv pohaddi, Benipur",सदस्य,,,,,,,,,,,,,,,,,
Mithilanchal,Darbhanga,Benipur,,Ramnath Ram,स्वर्गीय भोला राम,9570000000.0,62.0,,,,"-Panchayat Samiti (2001-06)
 -Mukhiya(2011-2016)
 -Former RJD SC Prakhand Adhyaksh
 - Former BJP SCprakhand adhyaksh",सदस्य,,,,,,,,,,,,,,,,,
Mithilanchal,Darbhanga,Gaura Bauram,Nadai,Brijmohan Rai,स्वर्गीय फुसट राय,7070000000.0,63.0,,,,"Samiti Runner up 2021
 JDU Prakhand mahasachiv 2023",सदस्य,,,,,,,,,,,,,,,,,
Mithilanchal,Darbhanga,Gaura Bauram,Kanhai,Pradeep Jha,शशिनाथ झा,9930000000.0,45.0,,,,"Two Times De-Facto Mukhiya (2016-21 & 2021 to till now) 
 -Mukhiya Runner-up (2011) 
 -Yogeshwar Mandol was his dummy Mukhiya (2006-11) 
 -Balram Kunwar was his dummy Mukhiya (2001-11) 
 -His grandfather Tript Narayan Jha was Mukhiya for 22yr. 
 -His father Professor Shantinath Jha was contestd for MLA",सदस्य,,,,,,,,,,,,,,,,,
Mithilanchal,Darbhanga,Kiratpur,JAMALPUR,Akhtar Ali,अब्दुल रज्जाक,9160000000.0,51.0,,,,"- UP Pramukh
 - Incumbent BDC
 - Mukhiya Candidate 2016",सदस्य,,,,,,,,,,,,,,,,,
Mithilanchal,Darbhanga,Hanuman Nagar,Rampurdih,Subodh Kumar Mahto,मोहन महतो,6200000000.0,54.0,,अति पिछड़ा वर्ग,नोनिया,"Bihar State General Secretary, Rashtriya Jan Vikas Party
 - 2006: Former Sarpanch 
 - 2021: Sarpanch Election Runner-up, Secured 1200 Votes",सदस्य,,,,,,,,,,,,,,,,,
Mithilanchal,Darbhanga,Baheri,Shivram,Sanjay Lal Dev,श्री प्रमोद कुमार लाल,6200000000.0,44.0,,अति पिछड़ा वर्ग,देवहार,"- Former Block Pramukh, 2011",सदस्य,,,,,,,,,,,,,,,,,
Mithilanchal,Darbhanga,Baheri,Havideh North,Bipin Bhaskar,राजेंद्र यादव,8800579401.0,32.0,,ओबीसी,यादव,"- Director Of a School, Bhaskar Vidya Niketan
 - Associated with RSS as a Karyawahak , Faridabad
 - Mukhiya Contestant, 2021, Got 734 Votes, 4th Position
 - BDC Contestant, 2016, 3rd Position
 - Jan Suraaj Prakhand Yuva Adhyaksh, Baheri",जिला युवा प्रकोष्ठ महामंत्री,Mehdi,,,,,,,,,,,,,,,,
Mithilanchal,Darbhanga,Jale,Jale North,Shams Tabrez,अब्दुल कादिर,7004630797.0,40.0,,सामान्य,मुस्लिम,"-He is Ward Parshad Runnreup 2022 
 - Ex Parkhand Adhyaksh of INC 2008 -2023",जिला युवा प्रकोष्ठ उपाध्यक्ष,Mehdi,,,,,,,,,,,,,,,,
Mithilanchal,Darbhanga,Sadar,Khutwara,Mukesh Rai,सनातन राय,7720000000.0,38.0,,सामान्य,,"- Social Activist 
 - Teacher, Runs Creative Spark Coaching center
 - Very Active on social Media for JS
 - Graduate in Sangeet and Polytechnic from Auto Mobiles",जिला युवा प्रकोष्ठ उपाध्यक्ष,Mehdi,,,,,,,,,,,,,,,,
Mithilanchal,Darbhanga,Singhwara,BANAULI,Suresh Kumar Pandit,राजनंदन पंडित,9799034853.0,41.0,,अति पिछड़ा वर्ग,,"-Incumbent BDC
 -BJP Karyakarta 6+ Year",जिला युवा प्रकोष्ठ उपाध्यक्ष,Mehdi,,,,,,,,,,,,,,,,
Mithilanchal,Darbhanga,Sadar,,Rajesh Kumar Singh,स्व. ब्रह्मानंद सिंह,9070000000.0,40.0,,सामान्य,,"-Defacto ward parishad for 2 terms 2001-16-21
 -Actively associated with Jan Suraaj and Dignostic center",जिला युवा प्रकोष्ठ उपाध्यक्ष,Mehdi,,,,,,,,,,,,,,,,
Mithilanchal,Darbhanga,Hayaghat,,Minhaj Alam,राजी अहमद,9122401432.0,35.0,,अल्पसंख्य,मुस्लिम,"Contested the Panchayat Election in 2021. 
 Currently working at a CSC Centre and is an active member of Jan Suraaj. 
 Father is a retired serviceman.
 Elder brother works in a showroom, while younger brother is engaged in an electric shop business. 
 Also actively involved in social and political activities.",जिला युवा प्रकोष्ठ उपाध्यक्ष,Mehdi,,,,,,,,,,,,,,,,
Mithilanchal,Darbhanga,Ghanshyampur,,Krishna Kumar,हरेन्द्र पंडित,6210000000.0,23.0,,अति पिछड़ा वर्ग,प्रजापति,"-Former Padyatri
 -Highly Active in Jansurraj
 -Former Active Member in MSU",जिला युवा प्रकोष्ठ सचिव,,,,,,,,,,,,,,,,,
Mithilanchal,Darbhanga,Gaura Bauram,Aasee,Md. Sohel Alam,मो. गु्फरान,6200000000.0,35.0,,अल्पसंख्यक,मुस्लिम,- BDC Runner up,जिला युवा प्रकोष्ठ सचिव,,,,,,,,,,,,,,,,,
Mithilanchal,Darbhanga,Kusheshwar Asthan,,Rahul Paswan,श्री उपासु पासवान,8950000000.0,30.0,,अनुसूचित जाति,दुसाध,- BDC Runner up,जिला युवा प्रकोष्ठ सचिव,,,,,,,,,,,,,,,,,
Mithilanchal,Darbhanga,Bahadurpur,,Jitesh Kumar Lal Dev,वीरेन्द्र लाल देव,9510000000.0,29.0,,अति पिछड़ा वर्ग,देवहार,"Student and active member of jansuraaj , Father is Business man, big brother- private job out of Bihar, elder brother- private job out of Bihar",जिला युवा प्रकोष्ठ सचिव,,,,,,,,,,,,,,,,,
Mithilanchal,Darbhanga,Benipur,,Shivam Jha,कुंवर कांत झा,8100000000.0,24.0,,सामान्य,ब्राह्मण,B.Tech Student | UPSC Aspirant | Associated with Makhana Farming | Youth Club Member in Jansuraaj | Active in Vidhan Sabha Election Campaigns,जिला युवा प्रकोष्ठ सचिव,,,,,,,,,,,,,,,,,
Mithilanchal,Darbhanga,Darbhanga NN,,Rani Sahu,राजकुमार साहू,7282983748.0,35.0,,अति पिछड़ा वर्ग,साहू,"- Runs Delhi Public, which is upto Class 8th since 2013
 - Did Graduation in History",जिला महिला प्रकोष्ठ महामंत्री,Mehdi,,,,,,,,,,,,,,,,
Mithilanchal,Darbhanga,Biraul,,Baby Kumari,रमन कुमार राउत,8000000000.0,31.0,,ओबीसी,चौरसिया,"- Incumbent Panch
 - Former Ward Member 2016
 - Jivika CM since 2009
 - Runs 20 Samuh (400 Mahila)",जिला महिला प्रकोष्ठ उपाध्यक्ष,,,,,,,,,,,,,,,,,
Mithilanchal,Darbhanga,Darbhanga Municipal Corporation,,Namita Das,अजय किशोर दास,"7992394114
 9905286663",40.0,,सामान्य,कायस्थ,"- Vision Civil Service Centre Coaching
 - SND Foundation, since 2019
 - Works on education (UPSC/BPSc) , Environment, during COVID the helped a lot
 - Her Grandfathaer Shri Narayan was 3 times MP from INC from 1953, 1957 & 1962",जिला महिला प्रकोष्ठ उपाध्यक्ष,,,,,,,,,,,,,,,,,
Mithilanchal,Darbhanga,Kusheshwar Asthan,,Anita Devi,स्व. रामाकांत साह,7480000000.0,40.0,,अति पिछड़ा वर्ग,तेली,"- Former JDU Mahila Block President from 2018-23
 
 (Inko Zile me zimmedari deni chahiye)",जिला महिला प्रकोष्ठ उपाध्यक्ष,,,,,,,,,,,,,,,,,
Mithilanchal,Darbhanga,Alinagar,Pakri,Anjum Ara,मो. कमाल,7280000000.0,50.0,,अल्पसंख्यक,मुस्लिम,"- Incumbent Up-pramukh Nirvirodh (2021-Present)
 - Incumbent BDC, won by 200 votes
 - JDU Panchayat Mahila Adhyaksh (2011 - 2021)
 - Zp runner-up 2001 ; Lost by 600 votes
 - Ex BDC 2011
 - Ex ward member 2006
 - BDC runner-up 2016 ; Lost by 35 Votes",जिला महिला प्रकोष्ठ उपाध्यक्ष,,,,,,,,,,,,,,,,,
Mithilanchal,Darbhanga,Hanuman Nagar,,Anita Kumari,उदय कुमार मिश्रा,7000000000.0,53.0,,सामान्य,ब्राह्मण,"- 2 times Ward Member
 - Worked with Incumbent BJP MP (Rajya Sabha Member) Dhramshila Devi",जिला महिला प्रकोष्ठ उपाध्यक्ष,,,,,,,,,,,,,,,,,
Mithilanchal,Darbhanga,Benipur,,Chandu Jha,रंजीव कुमार झा,7490000000.0,47.0,,सामान्य,ब्राह्मण,"- Jivika BO since 2015
 - Have good hold on approx 200 Women in GP",जिला महिला प्रकोष्ठ सचिव,,,,,,,,,,,,,,,,,
Mithilanchal,Darbhanga,Kusheshwar Asthan East,Sugharaain,Amrita Devi,जीतन मुखिया,8760000000.0,29.0,,अति पिछड़ा वर्ग,मल्लाह,"- Incumbent Sarpanch
 - 3 times Sarpanch 2011, 2016 & 2021",जिला महिला प्रकोष्ठ सचिव,,,,,,,,,,,,,,,,,
Mithilanchal,Darbhanga,Keoti,,Bhawna Devi,संजय चौधरी,8810000000.0,43.0,,सामान्य,ब्राह्मण,"- Block President of Ngo Save Child, Save India scince 2011
 - Human Right member since 2005
 - 2022; DM 
 - Father in Law INC Ramvriksh Chaudhary pupri AC, 2010",जिला महिला प्रकोष्ठ सचिव,,,,,,,,,,,,,,,,,
Mithilanchal,Darbhanga,Manigachhi,,Alpana Priyadarshi,वेद प्रकाश,9470000000.0,59.0,,सामान्य,ब्राह्मण,"- Incumbent BDC 2021
 - 3 terms BDC (2006, 2016 & 2021)
 - BDC runner-up 2011
 - Her husband is Farmer advisor in Block (2008-Present)",जिला महिला प्रकोष्ठ सचिव,,,,,,,,,,,,,,,,,
Mithilanchal,Darbhanga,Hayaghat,Shrirampur,Anju Devi,जीवछ पासवान,8000000000.0,34.0,,अनुसूचित जाति,दुसाध,"- Jeevika CNRP, Panchyat Head since 2022
 - Jeevika CM from 2011 to 21",जिला महिला प्रकोष्ठ सचिव,,,,,,,,,,,,,,,,,
Mithilanchal,Darbhanga,Hanuman Nagar,Godai Patti,Abhay Kumar Chaudhary,स्व. सियाराम चौधरी,7903761009.0,50.0,,सामान्य,भूमिहार,"- Two times PACS President
 2014 to 2024
 - Kisan Union Pradesh Adhyaksh since 2019",जिला किसान प्रकोष्ठ महामंत्री,Mehdi,,,,,,,,,,,,,,,,
Mithilanchal,Darbhanga,Biraul,Kahua,Ram Pukar Sahani,स्व. राजेंद्र सहनी,8520000000.0,52.0,,अति पिछड़ा वर्ग,मल्लाह,"- 4 times Pacs (2009- Present)
 - EX RJD Worker
 - Ex Mukhiya Runner up (2016)",जिला किसान प्रकोष्ठ उपाध्यक्ष,,,,,,,,,,,,,,,,,
Mithilanchal,Darbhanga,Gaura Bauram,Mansara,Umesh Yadav,श्रीकांत यादव,7070000000.0,48.0,,ओबीसी,यादव,"-Ward member - 2001, 2006
 - Panchayat Samiti (2011 - 16)
 - Incumbent Pacs President (2016- Present)
 -Mukhiya contested 2021 (Defecto)",जिला किसान प्रकोष्ठ उपाध्यक्ष,,,,,,,,,,,,,,,,,
Mithilanchal,Darbhanga,Singhwara,BHARHULLI,Sanjay Yadav,Upinder Yadav,9550000000.0,46.0,,ओबीसी,यादव,"PACS Adhyakash from 2014-2019
 RJD Panchayat level Worker since 2005
 - Ex Block Kisan Adhyaksh of JSP",जिला किसान प्रकोष्ठ उपाध्यक्ष,,,,,,,,,,,,,,,,,
Mithilanchal,Darbhanga,Kusheshwar Asthan East,Bhindua,Ranjit Rai,स्व. जगदीश राय,9300000000.0,45.0,,ओबीसी,कुर्मी,"- 3 times incumbent PACS President ( 2014- Present)
 - EX JDU Block President ( 2013-16)
 - Ex Defacto Mukhiya Runner Up (2021)
 - EX Defacto Sarpanch Runner up (2021)",जिला किसान प्रकोष्ठ उपाध्यक्ष,,,,,,,,,,,,,,,,,
Mithilanchal,Darbhanga,Kusheshwar Asthan West,Ujuwa Simartoka,Suraj Kumar Rai,गणेश कुमार सुमन,8410000000.0,52.0,,ओबीसी,कुर्मी,"-Two terms De-facto Mukhiya (2006, 2016)
 The seat was reserved SC 2011 
 - Mukhiya Runnreup 2021 
 Ex- JDU Block Member 2017-2022
 Pacs adyakash1995-2001",जिला किसान प्रकोष्ठ उपाध्यक्ष,,,,,,,,,,,,,,,,,
Mithilanchal,Darbhanga,Benipur,,Muninder Jha,स्व. फौजदार झा,6200000000.0,53.0,,सामान्य,ब्राह्मण,"- Incumbent PACS ( 2024 - Present)
 - Two times Panchayat Samiti runner-up (2011,2016)
 - Holds biggest agricultural land in the Panchayat 
 - His father was Mukhiya for 30 years",जिला किसान प्रकोष्ठ सचिव,,,,,,,,,,,,,,,,,
Mithilanchal,Darbhanga,Hanuman Nagar,,Neeraj Mishra,मदन मोहन मिश्रा,6206564410.0,52.0,,सामान्य,ब्राह्मण,"- Ex BJP Senior Leader
 - Very Active and Capable leader of jansuraaj
 - Good Mobilization Capacity
 - Farmer and Bussinessman",जिला किसान प्रकोष्ठ सचिव,,,,,,,,,,,,,,,,,
Mithilanchal,Darbhanga,Jale,,Sanjay Thakur,श्री मनोहर ठाकुर,9580000000.0,46.0,,सामान्य,ब्राह्मण,"- Pacs Member (2024 - Present)
 - Ex Jdu Kisan Block President ( 2020-2024)",जिला किसान प्रकोष्ठ सचिव,,,,,,,,,,,,,,,,,
Mithilanchal,Darbhanga,Tardih,,Rajgir Rai,स्व. विदेश्वर राय,9930000000.0,60.0,,ओबीसी,कुर्मी,"- PACS President 1980-Present
 -Former JD(U) Prakhand Adhyaksh 2005-8
 -Farmer (15 beegha)",जिला किसान प्रकोष्ठ सचिव,,,,,,,,,,,,,,,,,
Mithilanchal,Darbhanga,Alinagar,Dhamura Dhamsain,Md. Husnain Hussain,स्व. सैयद तालिब हुसैन,9160000000.0,58.0,,अल्पसंख्यक,मुस्लिम,"- 3 Time Pacs President 2014 & 2019, (2024- Present) - Political influence in panchayat
 - Known as honest Pacs President.",जिला किसान प्रकोष्ठ सचिव,,,,,,,,,,,,,,,,,
Mithilanchal,Darbhanga,Singhwara,,Kaushal Kishore Yadav,स्वर्गीय भोला यादव,9852737721.0,37.0,,ओबीसी,यादव,"- Former Zila Mantri of VHP (2018-2021)
 - ZP Runner-up 2021(got 5k Votes)
 - Businessman",जिला पिछड़ा प्रकोष्ठ महामंत्री,Mehdi,,,,,,,,,,,,,,,,
Mithilanchal,Darbhanga,Kusheshwar Asthan,Chigri Simraha,Ashok Kumar,स्व. राम सागर यादव,9550000000.0,55.0,,ओबीसी,यादव,"Ex- Mukhiya (2016)
 Ex Congress Block Member
 His Father is Ex- Mukhiya 
 Grandfather is Also Ex- Mukhiya",जिला पिछड़ा प्रकोष्ठ उपाध्यक्ष,,,,,,,,,,,,,,,,,
Mithilanchal,Darbhanga,Hanuman Nagar,Araila,Bikaau Yadav,स्व. बवावेजी यादव,9530000000.0,55.0,,ओबीसी,यादव,"-Ex-Mukhiya, two terms from 2001-11
 -Lost 2016 election
 - Strongly alligned with Jansuraaj",जिला पिछड़ा प्रकोष्ठ उपाध्यक्ष,,,,,,,,,,,,,,,,,
Mithilanchal,Darbhanga,Gaura Bauram,Kanhai,Pradeep Yadav,लक्ष्मी नारायण यादव,9930000000.0,55.0,,ओबीसी,यादव,"-Mukhiya 2001-06
 -Incumbent Defacto BDC 2021
 - He Worked with MLA Dr. Mahaveer Singh from 2010-15",जिला पिछड़ा प्रकोष्ठ उपाध्यक्ष,,,,,,,,,,,,,,,,,
Mithilanchal,Darbhanga,Kiratpur,KUBAUL DHAGHA,Triveni Kumar Raman,स्व. बाबु साहेब यादव,8292345071.0,40.0,,ओबीसी,यादव,"- Block Mukhiya Sangh Adhyaksh since 2021
 - Incumbent Mukhiya, 2021
 - Runnerup Mukhiya Contestent, 2016",जिला पिछड़ा प्रकोष्ठ उपाध्यक्ष,,,,,,,,,,,,,,,,,
Mithilanchal,Darbhanga,Benipur,Baheri East,Shatrughna Mahto,स्व. रामसुंदर महतो,9709542163.0,48.0,,ओबीसी,कुशवाहा,"- Former Mukhiya Three Times .2006- Present
 - Renowned face amongst Kushwaha Society.
 -Ex RJD Member",जिला पिछड़ा प्रकोष्ठ उपाध्यक्ष,,,,,,,,,,,,,,,,,
Mithilanchal,Darbhanga,Bahadurpur,,Ashok Kumar Yadav,श्री नौतनी यादव,9470000000.0,46.0,,ओबीसी,यादव,"-Pacs Adhayksh 2009-2014
 -Mukhiya 2021 Runner-up with 405 Votes
 -RJD Panchayat Adakshyh
 Again, he is preparing for the PACS Adhayksh Chunav",जिला पिछड़ा प्रकोष्ठ सचिव,,,,,,,,,,,,,,,,,
Mithilanchal,Darbhanga,Keoti,Sarjapur,Laxmi Narayan Yadav,राम अवतार यादव,9660000000.0,53.0,,ओबीसी,यादव,"- Three times PACs President, 2011 to till now
 - Former Member of the BJP and Panchayat adhyaksh in BJP
 -his wife contested BDC election in 2011 and 2016",जिला पिछड़ा प्रकोष्ठ सचिव,,,,,,,,,,,,,,,,,
Mithilanchal,Darbhanga,Tardih,,Praveen Kumar Singh,सुरेश सिंह,6200000000.0,40.0,,ओबीसी,कुशवाहा,"- Ex - Mukhiya ( 2016 - 2021 )
 - Mukhiya Runner up ( 2006 )
 Ex- BJP Panchayat Adhayksh",जिला पिछड़ा प्रकोष्ठ सचिव,,,,,,,,,,,,,,,,,
Mithilanchal,Darbhanga,Alinagar,Garoul,Prem Kumar Yadav,शिव नाथ यादव,9930000000.0,50.0,,ओबीसी,यादव,"- 2 Times Samiti ( 2016, 2021)
 Ex- RJD Member",जिला पिछड़ा प्रकोष्ठ सचिव,,,,,,,,,,,,,,,,,
Mithilanchal,Darbhanga,Manigachhi,Chanaur,Virendra Yadav,स्व. सीता राम यादव,9930000000.0,48.0,,ओबीसी,यादव,"- Four times Sarpanch (2006, 2011, 2016, 2021 to till now)
 - Block General Secretary, Sarpanch Sangh 2011-2016
 Block President Sarpanch Sangh 2016-2021
 -Ex- RJD Member",जिला पिछड़ा प्रकोष्ठ सचिव,,,,,,,,,,,,,,,,,
Mithilanchal,Darbhanga,Hanuman Nagar,,Pramod Kumar Pandey alias Pappu Ji,महेंद्र पांडेय,9525848586.0,40.0,,अति पिछड़ा वर्ग,टिकुलहार,"- 2 times BDC Runner up; 2016, 2021
 - Resigned from Kotak Mahindra Bank for JS",जिला कर्पूरी मंच महामंत्री,Mehdi,,,,,,,,,,,,,,,,
Mithilanchal,Darbhanga,Keoti,,Prabhakar Kumar Sahu,दशरथ साहू,8600000000.0,34.0,,अति पिछड़ा वर्ग,तेली,"Prakhand Adhyaksh of Bihar Telik Sahu mahasabha 
 2021: Incumbet Ward Member of ward 
 2016: Ex Ward member
 2011: Former Ward member",जिला कर्पूरी मंच उपाध्यक्ष,,,,,,,,,,,,,,,,,
Mithilanchal,Darbhanga,Kiratpur,Rasiyari Pauni,Phekan Kamti,खुशी कामती,8800000000.0,49.0,,अति पिछड़ा वर्ग,कामती,"Zila Mahasachiv of Akhil Bhartiya Kewat Kalyan Samiti
 - Two times Mukhiya (2016-21, 2021-present)
 -Prominent CPI leader",जिला कर्पूरी मंच उपाध्यक्ष,,,,,,,,,,,,,,,,,
Mithilanchal,Darbhanga,Keoti,Keoti,Raja Sahani,पंचु सहनी,9960000000.0,42.0,,अति पिछड़ा वर्ग,मल्लाह,"-Mukhiya Contested in 2021
 -2016: Runner up Mukhiya Secured 400 Votes 
 -Active in Block Politics",जिला कर्पूरी मंच उपाध्यक्ष,,,,,,,,,,,,,,,,,
Mithilanchal,Darbhanga,Biraul,Biraul,Baiju Mandal,गंगा मंडल,6210000000.0,58.0,,अति पिछड़ा वर्ग,धानुक,"- Former two times Mukhiya (2006, 2011)
 - Former De-Facto Panchayat Samiti (2016)
 - Ex JDU Block Adhyaksh 2016-2018",जिला कर्पूरी मंच उपाध्यक्ष,,,,,,,,,,,,,,,,,
Mithilanchal,Darbhanga,Alinagar,Harsing Pur,Mahesh Thakur,श्री सहदेव ठाकुर,6210000000.0,43.0,,अति पिछड़ा वर्ग,नाई,"2006 : Fromer Up-Pramukh
 2001: Former ward Member
 Former JDU EBC Block President",जिला कर्पूरी मंच उपाध्यक्ष,,,,,,,,,,,,,,,,,
Mithilanchal,Darbhanga,Jale,NP,Naresh Sah,बाबू लाल साह,7630000000.0,38.0,,अति पिछड़ा वर्ग,तेली,"- 3rd position in Jale Deputy chairman
 2014: Runner up MLA Secured 4200 Votes",जिला कर्पूरी मंच सचिव,,,,,,,,,,,,,,,,,
Mithilanchal,Darbhanga,Benipur,,Baidyanath Sahani,स्व. फगुनी सहनी,7290000000.0,51.0,,अति पिछड़ा वर्ग,मल्लाह,"- 2022: Incumbent ward parshad 
 -Runner up ward parshad 2017
 -Bjp Benipur Prakahnd adhyaksh 2016-2018
 -Social worker
 -Bussiness man",जिला कर्पूरी मंच सचिव,,,,,,,,,,,,,,,,,
Mithilanchal,Darbhanga,Baheri,Atahar South,Kundan Seth Marwari,स्व. विनय कुमार मंडल,9300000000.0,30.0,,अति पिछड़ा वर्ग,धानुक,"-Defacto Incumbent Mukhiya (2021-Present)
 -His Grandfather was also served as mukhiya 22 years (1978-2000)",जिला कर्पूरी मंच सचिव,,,,,,,,,,,,,,,,,
Mithilanchal,Darbhanga,Ghanshyampur,Pohaddi,Mahanand Dev,श्री सत्यनारायण देव,9930000000.0,40.0,,अति पिछड़ा वर्ग,देवहार,"- Incumbent Sarpanch 2021
 - Sarpanch Sangh Adhyaksh
 - Zonal Secretary of Devahar Samuday vikas samiti",जिला कर्पूरी मंच सचिव,,,,,,,,,,,,,,,,,
Mithilanchal,Darbhanga,Kusheshwar Asthan,Hirni,Shravan Kamat,स्व. महतू कामत,9970000000.0,52.0,,अति पिछड़ा वर्ग,केवट,"2021:Incumbent Mukhiya
 2006: Former Zila Parishad",जिला कर्पूरी मंच सचिव,,,,,,,,,,,,,,,,,
Mithilanchal,Darbhanga,Bahadurpur,,Bhola Paswan,जुगेश्वर पासवान,9955915909.0,45.0,,अनुसूचित जाति,पासवान,"Mukhiya & ZP Runnerup -2001&2021
 Ex BDC -2014
 Ex District Mahasachiv SC Wing, 2021",जिला अंबेडकर मंच महामंत्री,Mehdi,,,,,,,,,,,,,,,,
Mithilanchal,Darbhanga,Ghanshyampur,,Phulo Safi,सिया साफी,"7739815345 
 9608718737",48.0,,अनुसूचित जाति,रजक,"-Incumbent Sarpanch of Korthu East panchayat 2021
 Good holds in his community 
 JS Active Member",जिला अंबेडकर मंच उपाध्यक्ष,,,,,,,,,,,,,,,,,
Mithilanchal,Darbhanga,Alinagar,Motipur,Rajesh Paswan,राधेश्याम पासवान,7350000000.0,48.0,,अनुसूचित जाति,पासवान,"-Incumbent Mukhiya, 
 - Former PDS Dealer(2018-2021)",जिला अंबेडकर मंच उपाध्यक्ष,,,,,,,,,,,,,,,,,
Mithilanchal,Darbhanga,Gaura Bauram,Narri,Upendra Paswan,स्वर्गीय निर्धन पासवान,7070000000.0,54.0,,अनुसूचित जाति,दुसाध,"Updenra Paswan | 54 | Male | SC | Dusadh
 -2 times Sarpanch (2016, 2021)
 - Ex LJP district vice president (2016 to 2020)
 - Ex LJP block president (2011 to 2015)
 - Mukhiya Contestant (2011)""",जिला अंबेडकर मंच उपाध्यक्ष,,,,,,,,,,,,,,,,,
Mithilanchal,Darbhanga,Singhwara,Sadhwara,Sundeshwar Ram,स्वर्गीय सुदय राम,7480000000.0,50.0,,अनुसूचित जाति,रविदास,"-Former Defecto Mukhiya(2016)
 
 - Former RJD Volunteer",जिला अंबेडकर मंच उपाध्यक्ष,,,,,,,,,,,,,,,,,
Mithilanchal,Darbhanga,Kiratpur,,Naveen Kumar Bharti,रामबहादुर राम,9210000000.0,38.0,,अनुसूचित जाति,रविदास,"- 2 times Mukhiya Runnerup 2016 & 2021
 Got 3rd Position",जिला अंबेडकर मंच उपाध्यक्ष,,,,,,,,,,,,,,,,,
Mithilanchal,Darbhanga,Gaura Bauram,KASROUR BELWARA,Deshpremi Satyanarayan Paswan,शिवशंकर पासवान,7992391693.0,40.0,,अनुसूचित जाति,पासवान,"Ex MLA Candidate Majdur Ekta Party 2015
 Ex State Spokes Person Majdur Ekta Party
 Mukhiya Runnerup 2021",जिला अंबेडकर मंच सचिव,Mehdi,,,,,,,,,,,,,,,,
Mithilanchal,Darbhanga,Hayaghat,SIDHAULI,Mahendra Ram,स्वर्गीय तिथर राम,9546628843.0,52.0,,अनुसूचित जाति,रविदास,"-Ex BDC of SIDHAULI Panchayat(2011-2016)
 -Ex Mukhiya (2016-2021)
 -Active JS Member",जिला अंबेडकर मंच सचिव,Mehdi,,,,,,,,,,,,,,,,
Mithilanchal,Darbhanga,Jale,Brahampur,Jai Manjhi,जोगेंद्र मांझी,7760000000.0,45.0,,अनुसूचित जाति,दुसाध,"- 2 times Runnerup Mukhiya 2016&2021
 - Secreatary Bhim Army SC/ST Morcha, Jale-2020-2024",जिला अंबेडकर मंच सचिव,Mehdi,,,,,,,,,,,,,,,,
Mithilanchal,Darbhanga,Manigachhi,Jatuka Paiktol,Bijli Paswan,स्वर्गीय राम चेतन पासवान,9973958790.0,59.0,,अनुसूचित जाति,पासवान,"- Two times Mukhiya of Jatuka Paiktol panchayat(2016, 2021 till now)
 - Former JDU Member (2017-2020)",जिला अंबेडकर मंच सचिव,Mehdi,,,,,,,,,,,,,,,,
Mithilanchal,Darbhanga,Darbhanga Sadar,Balha,Jeevan Paswan,स्वर्गीय प्रभु पासवान,8877037055/9708417582,35.0,,अनुसूचित जाति,दुसाध,"- Former Sarpanch 2016
 - Mukhiya Runner-up 2021 
 -Member of All India Dusad Pariwar
 -Proprietor of Mani Jeevan Construction
 -Member of RJD Distric Committee
 , - Master's degree in English",जिला अंबेडकर मंच सचिव,Mehdi,,,,,,,,,,,,,,,,
Mithilanchal,Darbhanga,Singhwara,,Shamshad Noor,मो. इसहाक़,6205186088.0,47.0,,सामान्य,शेख,"-Political Influencer
 - construction Work Contractor
 - Runs a Pramdemic institute
 -Uncle Athar Karim Minister at RJD holds the position of Khad Udyog",जिला अल्पसंख्यक प्रकोष्ठ महामंत्री,Mehdi,,,,,,,,,,,,,,,,
Mithilanchal,Darbhanga,Darbhanga Municipal Corporation,,Ali Akbar,तब्दील अहमद,8090000000.0,43.0,,सामान्य,शेख,"- Engineer in OPRMC project mujjfarpur 
 - Campaign manager of Social welfare Minister Parveen Amanullah (2010-2015)",जिला अल्पसंख्यक प्रकोष्ठ उपाध्यक्ष,Mehdi,,,,,,,,,,,,,,,,
Mithilanchal,Darbhanga,Gaura Bauram,Bauram,Md. Amanullah,मो. नईमुद्दीन,8050000000.0,44.0,,सामान्य,शेख,"-Sarpanch 2021
 -Sarpanch Runner up 2016",जिला अल्पसंख्यक प्रकोष्ठ उपाध्यक्ष,Mehdi,,,,,,,,,,,,,,,,
Mithilanchal,Darbhanga,Singhwara,Tektar,Tauqeer Ansari,स्व. मो. अख्तर हुसैन,9155562968.0,52.0,,अति पिछड़ा वर्ग,अंसारी,"- BDC Runnerup 2021
 -Motivated for Jan Suraj",जिला अल्पसंख्यक प्रकोष्ठ उपाध्यक्ष,Mehdi,,,,,,,,,,,,,,,,
Mithilanchal,Darbhanga,Hanuman Nagar,,Rizwan Ali,मो. अली मुस्तफा,9630000000.0,42.0,,सामान्य,शेख,"-RLSP Block President
 -Lawyer at Darbhanga Civil Court",जिला अल्पसंख्यक प्रकोष्ठ उपाध्यक्ष,Mehdi,,,,,,,,,,,,,,,,
Mithilanchal,Darbhanga,Darbhanga Rural,Bijuli,Wajehul Qamar,अब्दुल क़ुद्दूस,9711024721.0,40.0,,सामान्य,शेख,"- Unupposed Packs Member 2 Term.
 - Booth Adhyaksh JDU
 - Secratary of Millat-e-Islamia Committee",जिला अल्पसंख्यक प्रकोष्ठ उपाध्यक्ष,Mehdi,,,,,,,,,,,,,,,,
Mithilanchal,Darbhanga,Biraul,Dumri,Md. Shamim,स्व. ज़ियाउल हक़,9930000000.0,59.0,,सामान्य,सय्यद,"- Three times Mukhiya 2001,2011
 -Incumbent Defacto Ward Parshad .
 - Fought for MLA Indipendent and got 10000 votes (1995)",जिला अल्पसंख्यक प्रकोष्ठ सचिव,,,,,,,,,,,,,,,,,
Mithilanchal,Darbhanga,Baheri,Harhacha,Md. Munawwar Jamal,मंसूर आलम शम्स,7000000000.0,53.0,,सामान्य,शेख,"- Ex-Sarpanch. (2006) 
 - Mukhiya Runner-UP by 70 votes. (2011)
 - Mukhiya Runner-UP by 107 votes. (2016)
 - RJD Minority Block President. (2000 - 2023 )
 -LIC Agent By Profession",जिला अल्पसंख्यक प्रकोष्ठ सचिव,,,,,,,,,,,,,,,,,
Mithilanchal,Darbhanga,Manigachhi,Nehra West,Masood Alam,स्व. हाफिज मेहदी,82524 19804,43.0,,सामान्य,शेख,"-Principal at Darjeeling Public School, Darbhanga
 -2019- 20: Fought against corruption in Indra Awas Yojana at panchayat level and won. 
 -Write Articles on Politics in various newspapers such as Prabhat Khabar, Sahara and Komi Tanjeem (Urdu).",जिला अल्पसंख्यक प्रकोष्ठ सचिव,,,,,,,,,,,,,,,,,
Mithilanchal,Darbhanga,Jale,BANDHAULI,Samiullah Ashraf (Nirale),स्व. मो जुनैद,8790000000.0,39.0,,सामान्य,शेख,"Mukhiya & Mukhiya Sangh Up-Adyaksh (2021 to till now)
 Sarpanch (2011-2016) JDU Zila MahaSacheev (2015-18)
 Singhwara Prakhand Prabhari (2015-18)",जिला अल्पसंख्यक प्रकोष्ठ सचिव,,,,,,,,,,,,,,,,,
Mithilanchal,Darbhanga,Keoti,Rajora,Wasim Ahmad,नसीम अहमद,9530000000.0,40.0,,सामान्य,शेख,"- Mukhiya Runnerup 2021 
 - Prominent Businessman
 - District Distributer of Ultratech Cement & Kay2 Steel.
 - His father remains State Congress Working Committee Member.",जिला अल्पसंख्यक प्रकोष्ठ सचिव,,,,,,,,,,,,,,,,,
Mithilanchal,Darbhanga,Darbhanga NN,Ward no 42,Sushil Shah,रविंद्र प्रसाद शाह,9140000000.0,40.0,,ओबीसी,सोनार,"Owns a jewellery outlet in Bakarganj Market. 
 District V.P., Sonar Sangh Darbhanga. 
 Former Nagar Adhyaksh, JDU (2020–2023).",जिला व्यवसायी प्रकोष्ठ महामंत्री,Mehdi,,,,,,,,,,,,,,,,
Mithilanchal,Darbhanga,Darbhanga NN,ward 12,Krishna Kumar Kakkar,राम चंद्र मेहता,9123225477.0,51.0,,सामान्य,खत्री,"Runs a medical equipment distribution agency dealing in X-ray and MRI machines.
 Also operates a play school.",जिला व्यवसायी प्रकोष्ठ उपाध्यक्ष,Mehdi,,,,,,,,,,,,,,,,
Mithilanchal,Darbhanga,Kusheshwar Asthan East,Nagar Panchayat Kusheshwar Asthan East,Dilip Kumar Soni,त्रिमुलेश्वर शाह,7070397009,51.0,,ओबीसी,सोनार,One of the biggest jewellery shop owners in the area and belongs to a landlord family.,जिला व्यवसायी प्रकोष्ठ उपाध्यक्ष,Dev,Call Connected,Yes,,Interested,18/1,Yes,Both,Waiting For Roster,,2026-08-25 00:00:00,,,,,,
Mithilanchal,Darbhanga,Baheri,Susari Turki,Sanjeet Kumar Sahu,श्री रामनारायण साहू,8210144822,41.0,,अति पिछड़ा वर्ग,तेली,"Owner of construction material shop. 
 Mukhiya runner-up in 2016 and elected Mukhiya in 2021. Active in Sahu Samaj leadership.",जिला व्यवसायी प्रकोष्ठ उपाध्यक्ष,Dev,Call Connected,Yes,Susaiturki,Interested,,,Dicey,,,2026-08-25 00:00:00,,,,,,
Mithilanchal,Darbhanga,Ghanshyampur,Ghanshyampur,Brahmadev Swarnkar,शशि नाथ साह,8809239089,50.0,,ओबीसी,सोनार बनिया,"Utensils Shop in Ghanshyampur Market 
 -Owner of a Steel Furniture Store
 -Owns Jewellery Shop
 - Mukhiya Runner up in 2021- 
 - Helped Anand Kumar in Chairman election of Ghanshyampur NP",जिला व्यवसायी प्रकोष्ठ उपाध्यक्ष,Dev,Call Connected,No,"Bairpur Naraynpur/
Ghanshyampur",Not Interested,,,,,,2026-08-25 00:00:00,,,,,,
Mithilanchal,Darbhanga,Hayaghat,MAJHAULIA,Santosh Kumar Jha,स्व. राज कुमार झा,8298372852,38.0,,सामान्य,ब्राह्मण,"Runs auto spare parts business in Darbhanga and Madhubani. 
 Mukhiya runner-up with 378 votes.",जिला व्यवसायी प्रकोष्ठ उपाध्यक्ष,Dev,,,,,,,,,,2026-08-25 00:00:00,,,,,,
Mithilanchal,Darbhanga,Bahadurpur,,Awadhesh Kumar Kunwar,स्व. आनंद बिहारी कुंवर,7488441829/9304819746,54.0,,सामान्य,ब्राह्मण,"Property dealer and entrepreneur in real estate solutions and strategic investments. 
 Three-term Sarpanch with strong electoral presence.",जिला व्यवसायी प्रकोष्ठ सचिव,Dev,,,,,,,,,,2026-08-25 00:00:00,,,,,,
Mithilanchal,Darbhanga,Darbhanga Sadar,,Ajay Kumar,राम विलाश शाह,9263396393,49.0,,ईबीसी,तेली,"-Own Jewellery Shop
 -Contested Ward Election in 2021
 -Education- Intermediate",जिला व्यवसायी प्रकोष्ठ सचिव,Dev,,,,,,,,,,2026-08-25 00:00:00,,,,,,
Mithilanchal,Darbhanga,Bahadurpur,,Shubham Kumar Mishra,स्व. शुशील मिश्रा उर्फ ​​बिजली मिश्रा,7904553097,51.0,,सामान्य,ब्राह्मण,"-Real Estate Businessman
 - Ex Congress Member
 -Ex BJP Member
 -Ex JDU Member",जिला व्यवसायी प्रकोष्ठ सचिव,Dev,,,,,,,,,,2026-08-25 00:00:00,,,,,,
Mithilanchal,Darbhanga,Ghanshyampur,Ganaun,Shashidhar Jha,रामशंकर झा,9128244420,47.0,,सामान्य,ब्राह्मण,"- JCB Leasing Business/ Goods Transportation Business
 - Chimney Owner",जिला व्यवसायी प्रकोष्ठ सचिव,Dev,,,,,,,,,,2026-08-25 00:00:00,,,,,,
Mithilanchal,Darbhanga,Kiratpur,KUBAUL DHAGHA,Shyam Sundar Mistry,स्व. बिंदेश्वर मिस्त्री,7762089313,55.0,,ओबीसी,बढ़ई,"Owns furniture shop and sawmill. 
 Also engaged in agriculture on 5 bigha land.",जिला व्यवसायी प्रकोष्ठ सचिव,Dev,,,,,,,,,,2026-08-25 00:00:00,,,,,,
Mithilanchal,Darbhanga,Alinagar,Mohiudinpur Pakri,Dayaram Sahani,भुखार साहनी,8290000000.0,48.0,,ईबीसी,मल्लाह,"- EX Machhua sangh Secretary
 - Runs Fishery Business
 - PDS Dealer",व्यवसायी प्रकोष्ठ प्रखंड अध्यक्ष,,,,,,,,,,,,,,,,,
Mithilanchal,Darbhanga,Bahadurpur,Premjiwar,Arun Kumar Thakur,गुल्टेन ठाकुर,8410000000.0,46.0,,अति पिछड़ा वर्ग,बढ़ई,Owns an automobile garage and furniture manufacturing business.,व्यवसायी प्रकोष्ठ प्रखंड अध्यक्ष,,,,,,,,,,,,,,,,,
Mithilanchal,Darbhanga,Baheri,Nimaithi,Vijay Kumar Singh,स्व. धर्मी प्रसाद सिंह,7300000000.0,43.0,,सामान्य,राजपूत,"Former two-term Block Up-Pramukh. 
 Engaged in construction material business and contracting work.",व्यवसायी प्रकोष्ठ प्रखंड अध्यक्ष,,,,,,,,,,,,,,,,,
Mithilanchal,Darbhanga,Benipur,,Nitish Kumar Sahani,सुधीर सहनी,8210000000.0,38.0,,अति पिछड़ा वर्ग,मल्लाह,"Former Mukhiya (2016–2021). 
 Associated with fisheries business.",व्यवसायी प्रकोष्ठ प्रखंड अध्यक्ष,,,,,,,,,,,,,,,,,
Mithilanchal,Darbhanga,Biraul,,Pramod Prasad Sah,रामदेव साह,9960000000.0,49.0,,ओबीसी,सोनार,"Owns a jewellery shop.
 BDC contestant in 2016 and runner-up with 437 votes.",व्यवसायी प्रकोष्ठ प्रखंड अध्यक्ष,,,,,,,,,,,,,,,,,
Mithilanchal,Darbhanga,Darbhanga Sadar,,Pintu Mandal,राम स्वरूप मंडल,9710000000.0,40.0,,अति पिछड़ा वर्ग,धानुक,"Owner of transport business and grocery wholesale distribution network.
 Law graduate from PM Law College.",व्यवसायी प्रकोष्ठ प्रखंड अध्यक्ष,,,,,,,,,,,,,,,,,
Mithilanchal,Darbhanga,Ghanshyampur,,Santosh Sahu,देव नारायण शाहू,9300000000.0,38.0,,ईबीसी,तेली,"- Own Sweet Shop 
 - Associated with Jan suraaj Since Padayatra",व्यवसायी प्रकोष्ठ प्रखंड अध्यक्ष,,,,,,,,,,,,,,,,,
Mithilanchal,Darbhanga,Hanuman Nagar,,Rajesh Kumar Sahani,जीतन सहनी,8650000000.0,37.0,,अति पिछड़ा वर्ग,मल्लाह,"Runs fishery wholesale business. 
 Former JDU Prakhand Upadhyaksh (2021–2023).",व्यवसायी प्रकोष्ठ प्रखंड अध्यक्ष,,,,,,,,,,,,,,,,,
Mithilanchal,Darbhanga,Hayaghat,MIRJAPUR,Shiv Kumar Chaudhary,हरिश्चंद्र चौधरी,6210000000.0,40.0,,सामान्य,ब्राह्मण,"Property dealer and involved in poultry and goat farming business.
 Previously worked in diamond carving business in Mumbai.",व्यवसायी प्रकोष्ठ प्रखंड अध्यक्ष,,,,,,,,,,,,,,,,,
Mithilanchal,Darbhanga,Jale,Kamtaul,Kaushal Kishore,स्व. कन्हैया प्रसाद,7770000000.0,51.0,,ओबीसी,कलवार,Grocery wholesale distributor and owner of a gas agency.,व्यवसायी प्रकोष्ठ प्रखंड अध्यक्ष,,,,,,,,,,,,,,,,,
Mithilanchal,Darbhanga,Keoti,,Rahul Shah,श्री राम बहादुर शाह,8290000000.0,31.0,,ईबीसी,तेली,"-Operate Vehicle on rent
 - Owns General Store",व्यवसायी प्रकोष्ठ प्रखंड अध्यक्ष,,,,,,,,,,,,,,,,,
Mithilanchal,Darbhanga,Kiratpur,KHAISA JAMALPUR,Sushil Sahu,परमेश्वर शाह,7900000000.0,28.0,,अति पिछड़ा वर्ग,तेली,Runner-up BDC candidate and owner of a mobile shop.,व्यवसायी प्रकोष्ठ प्रखंड अध्यक्ष,,,,,,,,,,,,,,,,,
Mithilanchal,Darbhanga,Kusheshwar Asthan West,HARINAGAR,Govind Mukhiya,गुंजन मुखिया,7000000000.0,34.0,,अति पिछड़ा वर्ग,मल्लाह,"Owns multi-brand mobile outlet and distributor agency of OPPO, Tecno, and Lava mobiles.",व्यवसायी प्रकोष्ठ प्रखंड अध्यक्ष,,,,,,,,,,,,,,,,,
Mithilanchal,Darbhanga,Kusheshwar Asthan East,Beri,Raja Kumar Sahu,गणेश साहू,9930000000.0,37.0,,अति पिछड़ा वर्ग,तेली,"Owner of Campa Cola wholesale distribution agency. 
 B.Tech graduate who left job to start business.",व्यवसायी प्रकोष्ठ प्रखंड अध्यक्ष,,,,,,,,,,,,,,,,,
Mithilanchal,Darbhanga,Singhwara,,Anil Kumar Shah,विश्वनाथ शाह,9570000000.0,41.0,,ईबीसी,तेली,-Owns Cosmetic Shop,व्यवसायी प्रकोष्ठ प्रखंड अध्यक्ष,,,,,,,,,,,,,,,,,
Mithilanchal,Darbhanga,Manigachhi,,Kanhaiya Pradhan,सुशील प्रधान,8410000000.0,35.0,,ईबीसी,तेली,-Electronics & Mobile Store Owner,व्यवसायी प्रकोष्ठ प्रखंड अध्यक्ष,,,,,,,,,,,,,,,,,
Mithilanchal,Darbhanga,Tardih,Kakoda,Baidyanath Sahu,पीताम्बर साहू,9970000000.0,53.0,,अति पिछड़ा वर्ग,हलवाई,"Owns sweet shop and hardware shop. 
 Mukhiya runner-up candidate.",व्यवसायी प्रकोष्ठ प्रखंड अध्यक्ष,,,,,,,,,,,,,,,,,
Mithilanchal,Darbhanga,Gaura Bauram,KASROUR BELWARA,Mohammad Akbar,मोहम्मद नासिर,9930000000.0,34.0,,अल्पसंख्यक,शेख़,"- He is a Business Man 
 - Running a Garage shop",व्यवसायी प्रकोष्ठ प्रखंड अध्यक्ष,,,,,,,,,,,,,,,,,
Mithilanchal,Darbhanga,Municipal Corporation,,Alok Kumar,स्वर्गीय कामेश्वर प्रसाद,7050000000.0,54.0,,सामान्य,कायस्थ,"-Vashu Travels tour and travellers
 -Prominent bussinessman",व्यवसायी प्रकोष्ठ प्रखंड अध्यक्ष,,,,,,,,,,,,,,,,,
Mithilanchal,Darbhanga,Darbhanga NN,,Dr. Ram Babu Khetan,महावीर प्रसाद खेतान,7903224279,69.0,,ओबीसी,मारवाड़ी,"- Dr. RB Khetan is a distinguished medical professional with an MD and MBBS education.
 - Dr. RB Khetan is a renowned doctor actively engaged in public service. He belongs to the Marwari community.
 -Widely regarded with great esteem by the public, enjoying a remarkable reputation.",जिला विचार मंच महामंत्री,Dev,,,,,,,,,,2026-08-25 00:00:00,,,,,,
Mithilanchal,Darbhanga,Alinagar,,Shyam Kant Chaudhary,स्व. मिश्रिकांत चौधरी,9230000000.0,61.0,,सामान्य,ब्राह्मण,"Graduate from Bhagalpur University 
 - Do organic Farming in Village",जिला विचार मंच उपाध्यक्ष,,,,,,,,,,,,,,,,,
Mithilanchal,Darbhanga,Kusheshwar Asthan East,Nagar Panchayat Kusheshwar Asthan East,Dr. Manikant Mishra,स्व. देवेंगर रामकांत मिश्रा,9970000000.0,64.0,,सामान्य,भूमिहार,"Doctor ( Medicine practice ) 
 Darbhanga maharani bharitya chiktisa vigyan mohanpur sansthaan",जिला विचार मंच उपाध्यक्ष,,,,,,,,,,,,,,,,,
Mithilanchal,Darbhanga,Baheri,Atahar North,Subhash Kumar Thakur,महेंद्र ठाकुर,9470000000.0,36.0,,अति पिछड़ा वर्ग,बढ़ई,"- Sarpanch Runner-up 2021
 - Advocate , Practice at Darbhanga Court (Civil + Criminal)
 - Politically Active
 - LLB from LNMU",जिला विचार मंच उपाध्यक्ष,,,,,,,,,,,,,,,,,
Mithilanchal,Darbhanga,Bahadurpur,,Dr. Manoj Sah,जिवेश्वर प्रसाद,93000000000.0,42.0,,अति पिछड़ा वर्ग,Haluai,"Prof of Political Science in BMA College Baheri since 2019
 Sarpanch runner up 2021 lost by 178 votes 
 Two times UP Sarpanch 2011 & 2016",जिला विचार मंच उपाध्यक्ष,,,,,,,,,,,,,,,,,
Mithilanchal,Darbhanga,Municipal Town,,Prabhat Kumar,जयनंदन चौधरी,9430000000.0,41.0,,सामान्य,भूमिहार,"-He is a medical reprentative
 - he does a private job in market networking",जिला विचार मंच उपाध्यक्ष,,,,,,,,,,,,,,,,,
Mithilanchal,Darbhanga,Hayaghat,SHRIRAMPUR,Ram Sagar Thakur,राम उचित ठाकुर,9471407331,62.0,,सामान्य,भूमिहार,"Graduate from Bhagalpur University 
 - Do organic Farming in Village",जिला विचार मंच सचिव,Dev,,,,,,,,,,2026-08-25 00:00:00,,,,,,
Mithilanchal,Darbhanga,Manigachhi,Nehra West,Tariq Ahmad,सुल्तान अहमद,8809884391,55.0,,अल्पसंख्यक,शेख,"-Incumbent Sarpanch (2021) 
 -District General Secretary,RJD
 - District Vice President, Sarpanch Sangh
 - Block President, Sarpanch Sangh
 -He runs a School",जिला विचार मंच सचिव,Dev,,,,,,,,,,2026-08-25 00:00:00,,,,,,
Mithilanchal,Darbhanga,Tardih,lagma,Md. Tanveerul Hasan,मो. अजीमुल हसन,7549856996,36.0,,अल्पसंख्यक,मुस्लिम,"Professor - Dr CV Raman Univ 
 Sandeep Univ (Madhubani) Electrical Eng 
 - Currently Electricity dept Samastipur 
 - Master in Electrical Eng",जिला विचार मंच सचिव,Dev,,,,,,,,,,2026-08-25 00:00:00,,,,,,
Mithilanchal,Darbhanga,Hayaghat,PATOR,Indra Bhushan Mishra,स्वर्गीय स्व.,9472635723,60.0,,सामान्य,ब्राह्मण,- Rtd from Bank,जिला विचार मंच सचिव,Dev,,,,,,,,,,2026-08-25 00:00:00,,,,,,
Mithilanchal,Darbhanga,Jale NP,Jale,Ravi Shankar Mishra,Shyam Nandan Mishra,8539042510,42.0,,सामान्य,ब्राह्मण,"- DPS school teacher 
 - Did Masters in History",जिला विचार मंच सचिव,Dev,,,,,,,,,,2026-08-25 00:00:00,,,,,,
Mithilanchal,Darbhanga,Kusheshwar Asthan,,Prashant Kumar,स्व. राधे श्याम,9970000000.0,39.0,,अति पिछड़ा वर्ग,तेली,"He started his career and worked with Dainik Jagran from 2014 to 2021. He also worked with Zee News and Bharat 24 as district reporter. Currently, he is working with Dastak News digital channel.","विचार मंच 
 प्रखंड अध्यक्ष",,,,,,,,,,,,,,,,,
Mithilanchal,Darbhanga,Kusheshwar Asthan East,,Nitish Kumar,संजय कुमार मुखिया,7030000000.0,31.0,,अति पिछड़ा वर्ग,मल्लाह,"- Private teacher ( Coaching ) B.ED , social worker, club president
 - his Grand Father is Sarpanch 2021","विचार मंच 
 प्रखंड अध्यक्ष",,,,,,,,,,,,,,,,,
Mithilanchal,Darbhanga,Ghanshyampur,Ghanshyampur nagar panchayat,Dr. Tripurari Jha,हरिश्चंद्र झा,9930000000.0,43.0,,सामान्य,ब्राह्मण,"Qualification: Doctor RMP
 MSW (Social Work) IGNOU
 RMP Doctor
 was in BJP (Member) 
 Samiti runner up 2021","विचार मंच 
 प्रखंड अध्यक्ष",,,,,,,,,,,,,,,,,
Mithilanchal,Darbhanga,Alinagar,Harsinghpur,Ajit Kumar Sahani,अरुण सहनी,6200000000.0,30.0,,अति पिछड़ा वर्ग,मल्लाह,"Current: Saranch Runner-up
 Education: B.Ed 
 Socio-Political profile: He contested for the 1st time in 2021 for the Sarpanch post and got the second position. He runs a tuition center capacity of around 350 students. He is known as a good teacher in panchayat. He does not have any political background but is associated with VIP. He has a strong influence on the Mallah community. 
 
 Public Perception: has a respectful personal image in the panchayat.","विचार मंच 
 प्रखंड अध्यक्ष",,,,,,,,,,,,,,,,,
Mithilanchal,Darbhanga,Tardih,Sherpur Narayan pur,Muzahir Ul Islam,अब्दुल रजाक,9550000000.0,35.0,,अल्पसंख्यक,मुसलमान,"व्यवसायी (हार्डवेयर)
 - युवा कांग्रेस के सदस्य थे
 - एलएनएमयू दरभंगा से स्नातक की उपाधि प्राप्त की","विचार मंच 
 प्रखंड अध्यक्ष",,,,,,,,,,,,,,,,,
Mithilanchal,Darbhanga,Benipur,,Noor-ul-Huda,स्व. मुस्लिम पमरिया,9710000000.0,62.0,,अल्पसंख्यक,मुस्लिम,"- 36 Years of teaching experience in government school
 - Strong hold and influential peronality in the region
 - Runs educational institution","विचार मंच 
 प्रखंड अध्यक्ष",,,,,,,,,,,,,,,,,
Mithilanchal,Darbhanga,Gaura Bauram,Soupal,Md. Alamgir Ansari,स्वर्गीय सफीक अंसारी,9930000000.0,60.0,,अल्पसंख्यक,मुस्लिम,"- 3 Times Sarpanch 
 - Highly influential person in village","विचार मंच 
 प्रखंड अध्यक्ष",,,,,,,,,,,,,,,,,
Mithilanchal,Darbhanga,Biraul,BHAWANIPUR,Jai Nath Jha,स्व. ढक्कन झा,7740000000.0,43.0,,सामान्य,ब्राह्मण,"- Journalist at Dainik Jagran
 - Mass communication from Darbhanga University.
 - De-Facto Mukhiya 2016-2021(Nephew)","विचार मंच 
 प्रखंड अध्यक्ष",,,,,,,,,,,,,,,,,
Mithilanchal,Darbhanga,Kiratpur,,Sanjeet Chaupal,बदरी चौपाल,6210000000.0,39.0,,SC,Chaupal,"- Journalist at Dainik Bhaskar 
 - Qualification upto Post Graduate (MA)
 LNMU , Darbhanga","विचार मंच 
 प्रखंड अध्यक्ष",,,,,,,,,,,,,,,,,
Mithilanchal,Darbhanga,Baheri,Jorja,Taqi Ahmad,तैयब अली,9930000000.0,55.0,,अल्पसंख्यक,मुस्लिम,"RMP Doctor ( Training by a Private institute from Patna)
 Incumbent Sarpanch 
 3 Time Sarpanch","विचार मंच 
 प्रखंड अध्यक्ष",,,,,,,,,,,,,,,,,
Mithilanchal,Darbhanga,Hayaghat,SIDHAULI,Randhir Kumar,रामाशिष पासवान,8520000000.0,50.0,,अनुसूचित जाति,पासवान,"RMP Since 30 years ( Red cross training )
 BSC (Science college Darbhanga ) Sidhauli","विचार मंच 
 प्रखंड अध्यक्ष",,,,,,,,,,,,,,,,,
Mithilanchal,Darbhanga,Jale,JALE,Man Mohan Jha,भोला नाथ झा,9320000000.0,43.0,,सामान्य,ब्राह्मण,"- Advocate and Practitioner in Patna and Darbhanga 
 - Law Graduate from Bar Council Delhi
 - MSC in Electronics from AN college Patna
 - Yoga Study Masters Degree from Bihar School of Yoga Munger
 - Active participation in Social movement
 - Working for the benefit and welfare of the deprived community mainly in rural areas","विचार मंच 
 प्रखंड अध्यक्ष",,,,,,,,,,,,,,,,,
Mithilanchal,Darbhanga,Manigachhi,Raghopur East,Mukesh Ram,रामचंदर राम,8540000000.0,41.0,,अनुसूचित जाति,रविदास,"- Advocate Darbhanga Court (Criminal Case )
 - ZP runner up 5k vote 
 - Good hold among SC comunity 
 - Garam Kachari Nayay Mitra of Bajitpur.","विचार मंच 
 प्रखंड अध्यक्ष",,,,,,,,,,,,,,,,,
Mithilanchal,Darbhanga,Bahadurpur,Haripatti,Ranvijay Acharya,सुशील आचार्य,9320000000.0,40.0,,सामान्य,ब्राह्मण,"He is a teacher 
 Owner of Origin Public School 
 Runs 3 Schools","विचार मंच 
 प्रखंड अध्यक्ष",,,,,,,,,,,,,,,,,
Mithilanchal,Darbhanga,Keoti,,Amrit Kumar,लक्ष्मी लाल दास,9240000000.0,34.0,,अनुसूचित जाति,धोबी,"- He is a Teacher ( Math & Physics), runs coaching of 250 student ( Up to XIIth Class)
 - B.Tech Grdauated
 -Actively engaged in social activities. He is well well-known and identified person of youth.
 -He is the owner of the Computer Coaching Centre and Institute.","विचार मंच 
 प्रखंड अध्यक्ष",,,,,,,,,,,,,,,,,
Mithilanchal,Darbhanga,Singhwara,Harpur,Sanjiv Kumar Tiwari,कपिलदेव तिवारी,8230000000.0,54.0,,सामान्य,ब्राह्मण,- Distric Gen. secretary practitioner Doctor Association - District Spokesperson Nawarda Sangh He is Working with National Health Mission - He is RMP & Have good network of RMP/Quack doctors - Qualification till Intermediate only,"विचार मंच 
 प्रखंड अध्यक्ष",,,,,,,,,,,,,,,,,
Mithilanchal,Darbhanga,Darbhanga Sadar,,Vijay Kumar Sahani,स्व. रामप्रसाद सहनी,9580000000.0,35.0,,अति पिछड़ा वर्ग,मल्लाह,"- Law Graduate from Darbhanga Law College 
 - Practice in Civil Matters &
 - Owns a Books & Stationary Business 
 - Earlier Vidhan Sabha Prabhari in JS.","विचार मंच 
 प्रखंड अध्यक्ष",,,,,,,,,,,,,,,,,
Mithilanchal,Darbhanga,Hanuman Nagar,Neyam Chhatauna,Manoj Kumar Yadav,नवल किशोर यादव,9470000000.0,40.0,,ओबीसी,यादव,"- Director of Shishu Sant Kabir vidhyalya, Chhatauna
 - Financially Avg 
 - Good hold among Dalit & Muslims","विचार मंच 
 प्रखंड अध्यक्ष",,,,,,,,,,,,,,,,,
Mithilanchal,Darbhanga,Darbhanga NN,,Advocate Hina Parveen,मो. अली,6200000000.0,39.0,,अल्पसंख्यक,शेख,"- Advocate in Darbhnaga Civil Court 2018 
 - District President Dr. Ambetkar Rashtiya Adhiwakta Sangh since 2021
 - National Adviser Real Help Bureau Sangthan since 2020
 - Honored by DM & SP for Service to the poor During Covid 
 - His father is businessman (Supplier of optical )","विचार मंच 
 प्रखंड अध्यक्ष",,,,,,,,,,,,,,,,,
Mithilanchal,Jhanjharpur,Andhratharhi,गोर अंधरा,Satya Narayan Sharma,स्व. राजेंद्र शर्मा,6200313120.0,45.0,,General,,,जिला उपाध्यक्ष,,,,,,,,,,,,,,,,,
Mithilanchal,Jhanjharpur,Ladania,बेलाही,Pradeep Rai,श्री अजय कुमार राय,6202869926.0,45.0,,OBC,,,जिला उपाध्यक्ष,,,,,,,,,,,,,,,,,
Mithilanchal,Jhanjharpur,Jhanjharpur,बर्मा,Subhash Kamat,श्री अशोक कामत,9534525433.0,45.0,,EBC,,,जिला उपाध्यक्ष,,,,,,,,,,,,,,,,,
Mithilanchal,Jhanjharpur,Babubarhi,बाबूबरही,Jameel Akhtar,श्री मो. मदन साह,9934720747.0,40.0,,Minority,Muslim,,जिला उपाध्यक्ष,,,,,,,,,,,,,,,,,
Mithilanchal,Jhanjharpur,Madhepur,करहारा,Santosh Kumar Mishra,श्री बनु नाथ मिश्रा,8210968832.0,32.0,,General,,,जिला उपाध्यक्ष,,,,,,,,,,,,,,,,,
Mithilanchal,Jhanjharpur,Laukahi,करियौत,Brahmdev Yadav,कपिलेश्वर यादव,9060032657,48.0,,OBC,,,जिला सचिव,Dev,,,,,,,,,,2026-08-25 00:00:00,,,,,,
Mithilanchal,Jhanjharpur,Ghoghardiha,सुद्धे रतौल,Ram Naresh Thakur,लच्छे लाल ठाकुर,9931689659,40.0,,,,,जिला सचिव,Dev,,,,,,,,,,2026-08-25 00:00:00,,,,,,
Mithilanchal,Jhanjharpur,Khutauna,वीरपुर,Gurudev Singh,केवली सिंह,9801832600,39.0,,,,,जिला सचिव,Dev,,,,,,,,,,2026-08-25 00:00:00,,,,,,
Mithilanchal,Jhanjharpur,Lakhnaur,कछुए,Radha Raman Singh,रंजीत सिंह,96536281700,38.0,,,,,जिला सचिव,Dev,,,,,,,,,,2026-08-25 00:00:00,,,,,,
Mithilanchal,Jhanjharpur,Phulparas,महथौर खुर्द,Sanjeet Singh,हरेंद्र सिंह,9973750391,38.0,,,,,जिला सचिव,Dev,,,,,,,,,,2026-08-25 00:00:00,,,,,,
Mithilanchal,Jhanjharpur,Babubarhi,सतधारा,Sonu Mishra,आशुतोष कुमार मिश्रा,9869840828.0,39.0,,,,,सदस्य,,,,,,,,,,,,,,,,,
Mithilanchal,Jhanjharpur,Khutauna,झांझपट्टी आशा,Ramashish Yadav,मुश्हारू यादव,9060205742.0,50.0,,,,,सदस्य,,,,,,,,,,,,,,,,,
Mithilanchal,Jhanjharpur,Khutauna,झांझपट्टी आशा,Mrigendra Kumar,छेदी यादव,9955381049.0,35.0,,,,,सदस्य,,,,,,,,,,,,,,,,,
Mithilanchal,Jhanjharpur,Khutauna,झांझपट्टी आशा,Manish Kumar Sharma,सुखदेव ठाकुर,8084758615.0,32.0,,,,,सदस्य,,,,,,,,,,,,,,,,,
Mithilanchal,Jhanjharpur,Ghoghardiha,Sarooti,Dhananjay Singh,,9572330072.0,42.0,,,,,सदस्य,,,,,,,,,,,,,,,,,
Mithilanchal,Jhanjharpur,,,Z. Rahman,,7766905373.0,,,,,,सदस्य,,,,,,,,,,,,,,,,,
Mithilanchal,Jhanjharpur,Ghoghardiha,सरौती,Bikan Kamat,स्व. जनक कामत,8969585875.0,55.0,,,,,सदस्य,,,,,,,,,,,,,,,,,
Mithilanchal,Jhanjharpur,Ghoghardiha,चिकना,Lalan Jha,Late Ghuran Jha,9308043827.0,55.0,,,,,सदस्य,,,,,,,,,,,,,,,,,
Mithilanchal,Jhanjharpur,Ghoghardiha,सुदै रतौली,Dr. Vijay Kumar Ram,Acche lal Ram,8002048750.0,38.0,,,,,सदस्य,,,,,,,,,,,,,,,,,
Mithilanchal,Jhanjharpur,Madhepur,द्वालख,Ranu Jha,Late Durganand Jha,6200620335.0,42.0,,,,,सदस्य,,,,,,,,,,,,,,,,,
Mithilanchal,Jhanjharpur,Andharathadi,Dumara,Shivesh Mishra,,6201482072.0,51.0,Male,General,Brahmin,two terms Incumbent Sarpanch of Dumara Panchayat.,सदस्य,,,,,,,,,,,,,,,,,
Mithilanchal,Jhanjharpur,Phulparas,रामनगर,Sanjay Shafi,Ramdev Shafi,7033824155.0,45.0,,,,,सदस्य,,,,,,,,,,,,,,,,,
Mithilanchal,Jhanjharpur,Phulparas,रामनगर,Harinarayan Yadav,Suryanarayan yuadav,9334158868.0,48.0,,,,,सदस्य,,,,,,,,,,,,,,,,,
Mithilanchal,Jhanjharpur,Ghoghardiha,सुदै रतौली,Virendra Kumar Thakur,Acche Lal Thakur,8877240034.0,45.0,,,,,सदस्य,,,,,,,,,,,,,,,,,
Mithilanchal,Jhanjharpur,Babubarhi,,Rohit Thakur,Singheshwar Thakur,8428602572.0,38.0,,,,,सदस्य,,,,,,,,,,,,,,,,,
Mithilanchal,Jhanjharpur,Babubarhi,मिश्रौलिया,Md. Alauddin,Tasleem sah,9939999941.0,40.0,,,,,सदस्य,,,,,,,,,,,,,,,,,
Mithilanchal,Jhanjharpur,Babubarhi,सतघारा,Md. Qasim,Late Maneer Sah,9955034469.0,32.0,,,,,सदस्य,,,,,,,,,,,,,,,,,
Mithilanchal,Jhanjharpur,Babubarhi,सतघारा,Sanjeev Paswan,,7627064294.0,,,,,,सदस्य,,,,,,,,,,,,,,,,,
Mithilanchal,Jhanjharpur,Babubarhi,सतघारा,Md. Israel,Kamrul Sah,9123286548.0,45.0,,,,,सदस्य,,,,,,,,,,,,,,,,,
Mithilanchal,Jhanjharpur,Babubarhi,,Sanjay Chaudhary,Shyam Siddhap,8340109689.0,38.0,,,,,सदस्य,,,,,,,,,,,,,,,,,
Mithilanchal,Jhanjharpur,Babubarhi,,Vinod Chaudhary,,72619000000.0,,,,,,सदस्य,,,,,,,,,,,,,,,,,
Mithilanchal,Jhanjharpur,Babubarhi,Pirhi,Virendra Singh,,9530931833.0,,,,,,सदस्य,,,,,,,,,,,,,,,,,
Mithilanchal,Jhanjharpur,,,Jagdev Thakur,Late Ramadhin Thakur,9060790925.0,,,,,,सदस्य,,,,,,,,,,,,,,,,,
Mithilanchal,Jhanjharpur,Andharathadi,ANDHARA GAUR,Marchina Khatoon,,6202864544.0,30.0,Female,Minority,Muslim,- ZP Runner up in 2021 (5094 votes). Lost by 134 votes,सदस्य,,,,,,,,,,,,,,,,,
Mithilanchal,Jhanjharpur,Andharathadi,Andhara Gaur,Kunwar Lal Mishra,,9939043304.0,64.0,Male,General,Brahmin,"Mukhiya Winner Candidate in 2001, lost by 100 votes for ZP seat in 2006. - Mukhiya contestant 2021 got 700 votes",सदस्य,,,,,,,,,,,,,,,,,
Mithilanchal,Jhanjharpur,Madhepur,Dara,Dr. Ibrahim,Md ILiyas,8102330557.0,,,,,,सदस्य,,,,,,,,,,,,,,,,,
Mithilanchal,Jhanjharpur,Ghoghrdiha,Sanghi,Jeevendra Maharaj,Shivnandan maharaj,9973504342.0,,,,,,सदस्य,,,,,,,,,,,,,,,,,
Mithilanchal,Jhanjharpur,Ghoghrdiha,Sanghi,Vinay Kumar Jha,Late hivnandan jha,9473010121.0,,,,,,सदस्य,,,,,,,,,,,,,,,,,
Mithilanchal,Jhanjharpur,,,Singheshwar Yadav,Late Rajdhar yadav,9934365200.0,,,,,,सदस्य,,,,,,,,,,,,,,,,,
Mithilanchal,Jhanjharpur,,,Ram Dayal Thakur,Late tejnarayan thakur,8294722429.0,,,,,,सदस्य,,,,,,,,,,,,,,,,,
Mithilanchal,Jhanjharpur,,,Mustaqeem Mansoori,Safique Mansoori,9021223191.0,,,,,,सदस्य,,,,,,,,,,,,,,,,,
Mithilanchal,Jhanjharpur,Jhanjharpur,मदनपुर,Sadanand Mishra,Umakant Mishra,9007960691.0,40.0,,,,,सदस्य,,,,,,,,,,,,,,,,,
Mithilanchal,Jhanjharpur,Jhanjharpur,मदनपुर,Bhagwan Ji Jha,Satyanarayan Jha,7870840450.0,30.0,,,,,सदस्य,,,,,,,,,,,,,,,,,
Mithilanchal,Jhanjharpur,Jhanjharpur,चनौरागंज,Dilip Chaudhary,Laxman Chaudhary,8210219774.0,40.0,,,,,सदस्य,,,,,,,,,,,,,,,,,
Mithilanchal,Jhanjharpur,Ghoghardiha,अमही,Pintu Kumar,Dhruv Kumar Kamat,7091765464.0,25.0,,,,,सदस्य,,,,,,,,,,,,,,,,,
Mithilanchal,Jhanjharpur,Andhratharhi,Nanaur,Ram Narayan Jha,स्व. बालाकांत झा,8757735833.0,59.0,,General,Brahmin,Ward member,सदस्य,,,,,,,,,,,,,,,,,
Mithilanchal,Jhanjharpur,Andharathadi,Dumara,Vashu Dev Mishra,,9654434658.0,54.0,Male,General,Brahmin,Ward Member from ward 10 of Dumara Panchayat. -,सदस्य,,,,,,,,,,,,,,,,,
Mithilanchal,Jhanjharpur,Andharathadi,,Md. Shakir,Md Manjur,9801580887/9870592867,48.0,Male,Minority,Muslim,"- Two terms BDC (2001(defacto) 2011)
 -ZP contestent",सदस्य,,,,,,,,,,,,,,,,,
Mithilanchal,Jhanjharpur,Andharathadi,DUMARA,Sanjit Kamat,,7488632242.0,35.0,Male,EBC,Kamat,two terms incumbent Up Mukhiya of Dumara Panchayat. -,सदस्य,,,,,,,,,,,,,,,,,
Mithilanchal,Jhanjharpur,Andharathadi,,Rambabu Rai,,6200282647.0,34.0,Male,OBC,Kurmi,"Sarpanch Runner Up of Sugauna Dakshin Panchayat.
 - 1977-78 Mukhiya",सदस्य,,,,,,,,,,,,,,,,,
Mithilanchal,Jhanjharpur,Andharathadi,Dumara,Ajit Kumar Thakur,,9128682850.0,32.0,Male,General,Brahmin,Ward member from ward 7 Dumara. - very active in social cause.,सदस्य,,,,,,,,,,,,,,,,,
Mithilanchal,Jhanjharpur,Andharathadi,Dumara,Surendra Kumar Yadav,,9110900356.0,30.0,Male,OBC,Yadav,-Practitioner doctor. - medical shop owner.,सदस्य,,,,,,,,,,,,,,,,,
Mithilanchal,Jhanjharpur,Ghoghardiha,Ghoghardiha NP,Pramod Kumar Yadav aka Nirbhay,,"9955978991
 9631744989",53.0,Male,OBC,Yadav,"-EX-Chairman 2017-2018,
 -EX Vice -Cahirman 2007-2017 of Ghoghardiha NP",सदस्य,,,,,,,,,,,,,,,,,
Mithilanchal,Jhanjharpur,Andharathadi,Harari,Ramvilas Yadav,Nand lal yadav,8538927751.0,#REF!,,,,,सदस्य,,,,,,,,,,,,,,,,,
Mithilanchal,Jhanjharpur,Andharathadi,Rakhbari,Ashok Kumar Jha,Lala jha,7360033312.0,#REF!,,,,,सदस्य,,,,,,,,,,,,,,,,,
Mithilanchal,Jhanjharpur,Andharathadi,,Ramvinay Mukhiya,Late. Dhyani Mukhiya,8809635028.0,#REF!,,,,,सदस्य,,,,,,,,,,,,,,,,,
Mithilanchal,Jhanjharpur,Andharathadi,Nanaur,Md. Alauddin,Fakir Mohammad,9973519266.0,#REF!,,,,,सदस्य,,,,,,,,,,,,,,,,,
Mithilanchal,Jhanjharpur,Andharathadi,NANAUR,Dukhan Paswan,Late. Baldev Paswan,7764901805.0,#REF!,,,,,सदस्य,,,,,,,,,,,,,,,,,
Mithilanchal,Jhanjharpur,Andharathadi,Rakhbari,Tilkeshwar Rai,Late. Jageshwar Rai,9162328828.0,#REF!,,,,,सदस्य,,,,,,,,,,,,,,,,,
Mithilanchal,Jhanjharpur,Andharathadi,,Ganga Prasad Paswan,Late. Prabhu Paswan,9955039056.0,#REF!,,,,,सदस्य,,,,,,,,,,,,,,,,,
Mithilanchal,Jhanjharpur,Andharathadi,Rakhbari,Ramu Chaupal,Nepal Chaupal,7595985533.0,#REF!,,,,,सदस्य,,,,,,,,,,,,,,,,,
Mithilanchal,Jhanjharpur,Andharathadi,,Sanjay Jha,Badri Narayan Jha,8595608058.0,#REF!,,,,,सदस्य,,,,,,,,,,,,,,,,,
Mithilanchal,Jhanjharpur,Andharathadi,ANDHRATHARHI (S),Ram Lochan Sahu,Raghuni Sahu,9006358651.0,#REF!,,,,,सदस्य,,,,,,,,,,,,,,,,,
Mithilanchal,Jhanjharpur,Andharathadi,,Asho Kamath,Late. Makeshwar Kamath,6204159441.0,#REF!,,,,,सदस्य,,,,,,,,,,,,,,,,,
Mithilanchal,Jhanjharpur,Andharathadi,DUMARA,Bacche Lal Saday,Late Phoolchand Saday,7764838894.0,#REF!,,,,,सदस्य,,,,,,,,,,,,,,,,,
Mithilanchal,Jhanjharpur,Andharathadi,HARNA,Vipin Jha,Late Chandri Jha,7739693456.0,#REF!,,,,,सदस्य,,,,,,,,,,,,,,,,,
Mithilanchal,Jhanjharpur,Andharathadi,,Suman Kumar Jha,Late. Pitambar Jha,8051902627.0,#REF!,,,,,सदस्य,,,,,,,,,,,,,,,,,
Mithilanchal,Jhanjharpur,Andharathadi,DUMARA,Charitra Thakur,Late Safai Thakur,9939983280.0,#REF!,,,,,सदस्य,,,,,,,,,,,,,,,,,
Mithilanchal,Jhanjharpur,Andharathadi,MAHARAIL,Dheeraj Kumar Singh,Vaidnath Singh,8409340408.0,#REF!,,,,,सदस्य,,,,,,,,,,,,,,,,,
Mithilanchal,Jhanjharpur,Andharathadi,ANDHARA GAUR,Asharphi Thakur,Late. jivach thakur,8294574637.0,#REF!,,,,,सदस्य,,,,,,,,,,,,,,,,,
Mithilanchal,Jhanjharpur,Andharathadi,Dumara,Raju Yadav,Late. Sobha lal yadav,9650661220.0,#REF!,,,,,सदस्य,,,,,,,,,,,,,,,,,
Mithilanchal,Jhanjharpur,Andharathadi,,Dilip Paswan,Sukmar Paswan,9905743787.0,#REF!,,,,,सदस्य,,,,,,,,,,,,,,,,,
Mithilanchal,Jhanjharpur,Andharathadi,,Md. Shahabuddin,Late. Md Siddique,6204513542.0,#REF!,,,,,सदस्य,,,,,,,,,,,,,,,,,
Mithilanchal,Jhanjharpur,Andharathadi,Jalsain,Durganand Nand Bihari,Bebu Saday,9110183942.0,#REF!,,,,,सदस्य,,,,,,,,,,,,,,,,,
Mithilanchal,Jhanjharpur,Andharathadi,Gangdwar,Subhash Kumar Bhagat,Late. Devanand Bhagat,9955240032.0,#REF!,,,,,सदस्य,,,,,,,,,,,,,,,,,
Mithilanchal,Jhanjharpur,Andharathadi,Andhratharhi (S),Bhagirath Rai,Late Nathuni Rai,7485879142.0,#REF!,,,,,सदस्य,,,,,,,,,,,,,,,,,
Mithilanchal,Jhanjharpur,Agiaon,Jalsain,Sanjay Kumar Singh,Ram Kishun Singh,7764975848.0,,Male,,,"1. Current Profile: - 
 2. Socio-political Brief: 
 3. Educational Profile: 
 4. Financial Strength: 
 5. Crime History: None 
 6. Area/Community Influence: 
 7. Reason for Recommendation:",सदस्य,,,,,,,,,,,,,,,,,
Mithilanchal,Jhanjharpur,Andharathadi,,Lakshman Paswan,Kapleshwar Paswan,9534497279.0,#REF!,,,,,सदस्य,,,,,,,,,,,,,,,,,
Mithilanchal,Jhanjharpur,Andharathadi,Nanaur,Ashok Kumar Paswan,Late Tanuk Paswan,9572334220.0,#REF!,,,,,सदस्य,,,,,,,,,,,,,,,,,
Mithilanchal,Jhanjharpur,Andharathadi,Madana,Md. Firoz Alam,Md Mustakim,8434501144.0,#REF!,,,,,सदस्य,,,,,,,,,,,,,,,,,
Mithilanchal,Jhanjharpur,Andharathadi,Andhara Gaur,Kishore Kumar Jha,Harekant jha,8210948096.0,#REF!,,,,,सदस्य,,,,,,,,,,,,,,,,,
Mithilanchal,Jhanjharpur,Andharathadi,Nanaur,Devnandan Paswan,Late. Ram Lochan Paswan,9801119431.0,#REF!,,,,,सदस्य,,,,,,,,,,,,,,,,,
Mithilanchal,Jhanjharpur,Andharathadi,Nanaur,Ganga Thakur,Hare Krishna Thakur,7482013813.0,#REF!,,,,,सदस्य,,,,,,,,,,,,,,,,,
Mithilanchal,Jhanjharpur,Andharathadi,,Akhilesh Kumar Jha,Yogendra Jha,6205522049.0,#REF!,,,,,सदस्य,,,,,,,,,,,,,,,,,
Mithilanchal,Jhanjharpur,Andharathadi,,Hari Prasad Rai,Chulhai Rai,7321887293.0,#REF!,,,,,सदस्य,,,,,,,,,,,,,,,,,
Mithilanchal,Jhanjharpur,Andharathadi,ANDHRATHARHI (N),Izharul Haq,Abdul Jabbar,9534717545.0,#REF!,,,,,सदस्य,,,,,,,,,,,,,,,,,
Mithilanchal,Jhanjharpur,Andharathadi,,Gautam Kumar Karn,Sohan Lal Karn,9771907397.0,#REF!,,,,,सदस्य,,,,,,,,,,,,,,,,,
Mithilanchal,Jhanjharpur,Andharathadi,ANDHRATHARHI (N),Chandramohan Chaudhary,late.Rambahadur chaudhari,9631689697.0,#REF!,,,,,सदस्य,,,,,,,,,,,,,,,,,
Mithilanchal,Jhanjharpur,Andharathadi,DEOHAR,Dharmanand Thakur,Late. Ram Chandra Thakur,9113499321.0,#REF!,,,,,सदस्य,,,,,,,,,,,,,,,,,
Mithilanchal,Jhanjharpur,Andharathadi,ANDHRATHARHI (S),Vinod Kumar Rai,Sw. Kharkan Rai,7667008149.0,#REF!,,,,,सदस्य,,,,,,,,,,,,,,,,,
Mithilanchal,Jhanjharpur,Piro Np,Rakhbari,Sanjiv Kumar,Late. Digambar Prasad,9955039070.0,35.0,Male,General,Rajput,,सदस्य,,,,,,,,,,,,,,,,,
Mithilanchal,Jhanjharpur,Andharathadi,,Ghooran Paswan,Halkhori Paswan,9199696523.0,#REF!,,,,,सदस्य,,,,,,,,,,,,,,,,,
Mithilanchal,Jhanjharpur,Andharathadi,,Santosh Kumar Jha,Narayan Jha,8051965522.0,#REF!,,,,,सदस्य,,,,,,,,,,,,,,,,,
Mithilanchal,Jhanjharpur,Andharathadi,Jalsain,Ranjan Jha,late taranand Jha,6203471870.0,#REF!,,,,,सदस्य,,,,,,,,,,,,,,,,,
Mithilanchal,Jhanjharpur,Andharathadi,Rakhbari,Sanjeev Rai,Ram Chandra Rai,8877621554.0,#REF!,,,,,सदस्य,,,,,,,,,,,,,,,,,
Mithilanchal,Jhanjharpur,Andharathadi,Nanaur,Santosh Kumar Paswan,Ramphal Paswan,7631458649.0,#REF!,,,,,सदस्य,,,,,,,,,,,,,,,,,
Mithilanchal,Jhanjharpur,Andharathadi,SHIVA,Arjun Kumar Rai,Lt. Chandreshwar rai,8521997894.0,#REF!,,,,,सदस्य,,,,,,,,,,,,,,,,,
Mithilanchal,Jhanjharpur,Andharathadi,Rakhbari,Ritesh Kumar,Bhogilal chaudhary,8587087650.0,#REF!,,,,,सदस्य,,,,,,,,,,,,,,,,,
Mithilanchal,Jhanjharpur,Andharathadi,Dumara,Santosh Poddar,Dinesh Poddar,9771540627.0,#REF!,,,,,सदस्य,,,,,,,,,,,,,,,,,
Mithilanchal,Jhanjharpur,Andharathadi,,Vaidya Nath Pandit,Jitin Pandit,6200331903.0,#REF!,,,,,सदस्य,,,,,,,,,,,,,,,,,
Mithilanchal,Jhanjharpur,Andharathadi,Shiva,Ramit Kumar Ray,Sushil Ray,8757502379.0,#REF!,,,,,सदस्य,,,,,,,,,,,,,,,,,
Mithilanchal,Jhanjharpur,Phulparas,NP Phulpras,Vineet Kumar Jha,विजय कुमार झा,8698929774,33.0,,GEN,Brahmin,"-Ex BJP It Cell Delhi
 -EX Active Member of Shivsena",जिला युवा प्रकोष्ठ महामंत्री,Dev,,,,,,,,,,2026-08-25 00:00:00,,,,,,
Mithilanchal,Jhanjharpur,Andhratharhi,Andhrathadi South,Ajay Kumar,श्री महावीर महतो,9534118666,38.0,,EBC,Dhanuk,"""-BJP Active Member 
 -RMP 
 -Political Science Graduate""",जिला युवा प्रकोष्ठ उपाध्यक्ष,Dev,,,,,,,,,,2026-08-25 00:00:00,,,,,,
Mithilanchal,Jhanjharpur,Jhanjharpur,Raiyam West,Rajesh Kumar Yadav,श्री श्याम यादव,7488325529,35.0,,OBC,Yadav,"-Former JDU Prakhand Pravaktha
 -Join JS as 2023
 -Run Guru ji Coaching Centre 180 Student",जिला युवा प्रकोष्ठ उपाध्यक्ष,Dev,,,,,,,,,,2026-08-25 00:00:00,,,,,,
Mithilanchal,Jhanjharpur,Khutauna,Karmed West,Md. Parvez,श्री मो. इसराफिल,7870846134,32.0,,Minority,Muslim,"""-JDU Prakand Yuva Adakshya
 --Run Sucess Coaching Centre 150 Student
 """,जिला युवा प्रकोष्ठ उपाध्यक्ष,Dev,,,,,,,,,,2026-08-25 00:00:00,,,,,,
Mithilanchal,Jhanjharpur,Ghoghardiha,Chikna,Mukesh Kumar Yadav,श्री नागेश्वर यादव,6203729117,28.0,,OBC,Yadav,"""-RJD Panchyat Adakshya
 -CMB Collage Student Union
 -Graduate""",जिला युवा प्रकोष्ठ उपाध्यक्ष,Dev,,,,,,,,,,2026-08-25 00:00:00,,,,,,
Mithilanchal,Jhanjharpur,Babubarhi,Kulharia,Rahul Kumar Jha,श्री लालान झा,8521433301,26.0,,GEN,Brahmin,"""-Defacto BDC Runnerup
 -BDCContestant 
 -MBA """,जिला युवा प्रकोष्ठ उपाध्यक्ष,Dev,,,,,,,,,,2026-08-25 00:00:00,,,,,,
Mithilanchal,Jhanjharpur,Ladania,Mirzapur,Inder Dev Nayak,श्री उपेंद्र नायक,9939982804.0,42.0,,OBC,Suri,"-BJP Mandal Upadakshya
 -JS Prakhand Pravaktha
 -BDC Contestant 2021",जिला युवा प्रकोष्ठ सचिव,,,,,,,,,,,,,,,,,
Mithilanchal,Jhanjharpur,Laukahi,लौकाही,Md. Ahmed Hussain,श्री मो. वकील,7779875157.0,38.0,,Minority,Muslim,,जिला युवा प्रकोष्ठ सचिव,,,,,,,,,,,,,,,,,
Mithilanchal,Jhanjharpur,Madhepur,Tardiaha,Md. Rahmat,श्री मो. इब्राहिम,8969593226.0,37.0,,Minority,Muslim,"""""""-RJD Prakhand Schiv 
 -INC Youth Congress Prakand Upadakshya""""""",जिला युवा प्रकोष्ठ सचिव,,,,,,,,,,,,,,,,,
Mithilanchal,Jhanjharpur,Phulparas,रामनगर,Santosh Kumar Yadav,श्री रास बिहारी यादव,8218812484.0,36.0,,OBC,Yadav,"-His Uncle Incumbent ZP
 -ZP Runnerup 2016
 -Former Prakhand Yuva Adakshya RJD",जिला युवा प्रकोष्ठ सचिव,,,,,,,,,,,,,,,,,
Mithilanchal,Jhanjharpur,Lakhnaur,Darma,Amod Kumar Mandal,श्री लखन मंडल,9000000000.0,36.0,,Dhanuk,EBC,"-Ward Sadasya Runnerup
 -BJP IT Cell Member 
 -Jhanjharpur Rakt Sewa Samuh",जिला युवा प्रकोष्ठ सचिव,,,,,,,,,,,,,,,,,
Mithilanchal,Jhanjharpur,Laukahi,Laukihi,Anju Singh,श्री कुमाल सिंह,6207278675,30.0,,General,Rajput,"- Private Teacher in SN Public School since 2023 
 - JSP Prakhand Upadhyaksh, JSP 
 - Father-in-Law was Mukhiya 20011 & Sarpanch 1st Runner up in 2021 
 - Club Coordinaor, Women Influencer & Mobiizer 
 - General Physican from 15yrs",जिला महिला प्रकोष्ठ महामंत्री,Dev,,,,,,,,,,2026-08-25 00:00:00,,,,,,
Mithilanchal,Jhanjharpur,Ladania,Mahtta,Mira Mishra,Manoj Kumar Mishra,7485008546.0,52.0,,General,Brahmin,"- District Mahila Up-Adhyksh (JDU) from 2006 to 2011
 - ZP runner-up in 2001
 - Runs her NGO",जिला महिला प्रकोष्ठ उपाध्यक्ष,,,,,,,,,,,,,,,,,
Mithilanchal,Jhanjharpur,Andhratharhi,Andhara Gaur,Rampari Devi,श्री सिबू सदाय,8603140138.0,45.0,,SC,Mushar,"- EX BJP Women SC wing Block Adhyaksh from 2020 - 2023
 - Very influential in women of SC Community",जिला महिला प्रकोष्ठ उपाध्यक्ष,,,,,,,,,,,,,,,,,
Mithilanchal,Jhanjharpur,Phulparas,Ramnagar,Anita Devi,श्री तिलकेश्वर यादव,8340677980.0,45.0,,OBC,Yadav,- Incumbent Mukhiya,जिला महिला प्रकोष्ठ उपाध्यक्ष,,,,,,,,,,,,,,,,,
Mithilanchal,Jhanjharpur,Ghoghardiha,Basuari,Veena Kumari,श्री सुरेन्द्र कुमार यादव,7739345321.0,40.0,,OBC,Yadav,"- Former Mukhiya (2016)
 - Mukhiya Runner-Up (2021)
 - Politically Active",जिला महिला प्रकोष्ठ उपाध्यक्ष,,,,,,,,,,,,,,,,,
Mithilanchal,Jhanjharpur,Lakhnaur,Narhiya West,Mamta Devi,Dililp Kumar Mahto,8084396559.0,39.0,,OBC,Suri,"- Incumbent Sarpanch
 - 2nd Runner up Sarpanch, 2011 & 2016
 - Owns Medical Shop",जिला महिला प्रकोष्ठ उपाध्यक्ष,,,,,,,,,,,,,,,,,
Mithilanchal,Jhanjharpur,Khutauna,Nahri,Sanju Devi,Ramavatar Safi,9934800686.0,47.0,,SC,Dhobi,"- 2 term Incumbent BDC (2001,2021)
 - Mukhiya Contestant lost by 78 votes",जिला महिला प्रकोष्ठ सचिव,,,,,,,,,,,,,,,,,
Mithilanchal,Jhanjharpur,Madhepur,Matras,Indrakala Devi,श्री जितेंद्र सदय,6207393652.0,45.0,,SC,Manjhi,"- Jivika Didi, 2026",जिला महिला प्रकोष्ठ सचिव,,,,,,,,,,,,,,,,,
Mithilanchal,Jhanjharpur,Phulparas,"Mahthaur
 Khurd",Mithilesh Bharti,Baidyanath Yadav,"9661401106
 9113359655",38.0,,OBC,Yadav,"- Former RJD women's wing Block Adhyaksh
 - Former Block Pramukh 2011
 - Former 2 terms BDC (2011 & 2016)
 - 2006 -2011 ( father-in-law) BDC",जिला महिला प्रकोष्ठ सचिव,,,,,,,,,,,,,,,,,
Mithilanchal,Jhanjharpur,Lakhnaur,Khara,Riki Kumari,Pratap Kumar Jha,9534099774.0,28.0,,Genral,Brahmin,"- Teacher in Oxford Public School since 2022
 - Jivika CM, 2023
 - Father was Mukhiya in 2006",जिला महिला प्रकोष्ठ सचिव,,,,,,,,,,,,,,,,,
Mithilanchal,Jhanjharpur,Lakhnaur,Belchak,Bibha Kumari,Avinash Kumar,7644900795.0,25.0,,OBC,Kushwaha,"- Incumbent Up mukhiya
 - Jeevika Member since 2018",जिला महिला प्रकोष्ठ सचिव,,,,,,,,,,,,,,,,,
Mithilanchal,Jhanjharpur,Ghoghardiha,Sangi,Vinayak Yadav,स्व. युगल यादव,7250825718,46.0,,OBC,Yadav,"4th times Pacs President (2009 - Now)
 - BDC Contestant in 2021 and lost by 25 votes.",जिला किसान प्रकोष्ठ महामंत्री,Dev,,,,,,,,,,2026-08-25 00:00:00,,,,,,
Mithilanchal,Jhanjharpur,Laukahi,Narahiya North,Kishun Lal Mandal,स्व. जीवछ मंडल,8809675056.0,56.0,,EBC,Dhanuk,"- Ex Incumbent Ward Member ( 2004- 2009)
 - Kisaan Kalyan Uthaan Samiti Adhyaksh
 - Provides training to Farmers for Matasya Palan, Murgi Palan, Kukkut Palan 
 (Block Level Leader of Farmer and agricultural worker)",जिला किसान प्रकोष्ठ उपाध्यक्ष,,,,,,,,,,,,,,,,,
Mithilanchal,Jhanjharpur,Ghoghardiha,Barhampur North,Shiv Shankar Sah,स्व. Sukhdev Sah,8709486136.0,50.0,,EBC,Teli,"- 4 times Incumbent Pacs president ( 2009 - Present)
 - Ex Sarpanch ( 2006-11)
 - PDS Dealer",जिला किसान प्रकोष्ठ उपाध्यक्ष,,,,,,,,,,,,,,,,,
Mithilanchal,Jhanjharpur,Ladania,Pathrahi,Bindeshwar Singh,श्री दुखी महतो,9973111064.0,48.0,,OBC,Koiri,"- Incumbent PACS ( 2021 - Present)
 - JDU Twice Panchayat Adhyksh
 - Farmer and Kisan Activist",जिला किसान प्रकोष्ठ उपाध्यक्ष,,,,,,,,,,,,,,,,,
Mithilanchal,Jhanjharpur,Babubarhi,Sonmati,Ram Dayal Yadav,श्री रामदेव यादव,7992337018.0,45.0,,OBC,Yadav,"-Incumbent 3rd time PACS Chairman of Sonmati Panchayat (2014-present)
 -PACS Chairman contestant, 2009, lost by 21 votes.
 -Sarpanch runner-up 2006.
 -Former ward member 2001-06.",जिला किसान प्रकोष्ठ उपाध्यक्ष,,,,,,,,,,,,,,,,,
Mithilanchal,Jhanjharpur,Lakhnaur,Madanpur,Sikandar Yadav,स्व. रामसागर यादव,9097059117.0,44.0,,OBC,Yadav,"-Mukhiya Contestant in 2021 and lost by 117 votes 
 -Pacs Contestant in 2025 and lost by 17 votes 
 -Formal BJP YuVa Morcha Prakhand Adhyaksh (2019-2022)
 - He is Jeevika MRP and his Wife is jeevika CM.
 - He has 5 Bigha Land",जिला किसान प्रकोष्ठ उपाध्यक्ष,,,,,,,,,,,,,,,,,
Mithilanchal,Jhanjharpur,Andhratharhi,Harari,Lakhan Jha,स्व. रविनाथ झा,"9123436179
 7070965836",57.0,,General,Brahmin,"- Two term Pacs President
 - Pacs President from 2004 to 2009 and 2019 till now
 - BDC runner up 2011 by 80 votes",जिला किसान प्रकोष्ठ सचिव,,,,,,,,,,,,,,,,,
Mithilanchal,Jhanjharpur,Khutauna,Lalmaniya,Yogendra Prasad Sah,रामाधीर साह,8084536842.0,48.0,,EBC,Halwai,"- Farmer and Bussinessman
 - Farmer Activist and very Active for jansuraaj in election
 - Own Shop
 - Social Worker",जिला किसान प्रकोष्ठ सचिव,,,,,,,,,,,,,,,,,
Mithilanchal,Jhanjharpur,Jhanjharpur,Kako,Sanjay Yadav,देव नारायण यादव,9955168317.0,47.0,,OBC,Yadav,"-Pacs Adhyaksh 2026- Now
 - Pacs Contestant 2021
 -CPI Leader For 10 Years
 -Licence Contractor 
 - 5 Bigha Land",जिला किसान प्रकोष्ठ सचिव,,,,,,,,,,,,,,,,,
Mithilanchal,Jhanjharpur,Madhepur,Matras,Shailendra Yadav,राम शरण यादव,9973169384.0,43.0,,OBC,Yadav,"- 4 term Incumbent Pacs Adhyaksh (2009,2024)
 - Ex Up Mukhiya (2006)
 - Ex Ward member 2001",जिला किसान प्रकोष्ठ सचिव,,,,,,,,,,,,,,,,,
Mithilanchal,Jhanjharpur,Phulparas,Mahathur,Manoj Mandal,कपिलेश्वर मंडल,9934175099.0,42.0,,EBC,Dhanuk,"-EX Block President of Kishan sanghtan of JDU
 - Runner-up of Mukhiya election",जिला किसान प्रकोष्ठ सचिव,,,,,,,,,,,,,,,,,
Mithilanchal,Jhanjharpur,Madhepur,Matras,Raj Kumar Yadav,late Sobha lal Yadav,9123276680,55.0,,,,,जिला पिछड़ा प्रकोष्ठ महामंत्री,Dev,,,,,,,,,,2026-08-25 00:00:00,,,,,,
Mithilanchal,Jhanjharpur,Laukahi,Aatri,Lakshman Yadav,श्री मुक्ति यादव,9162074686.0,55.0,,OBC,Yadav,"-Incumbent BDC
 -Former BDC (2006,2011)
 -BDC runner up (2016)",जिला पिछड़ा प्रकोष्ठ उपाध्यक्ष,,,,,,,,,,,,,,,,,
Mithilanchal,Jhanjharpur,Jhanjharpur,Kako,Jagat Prakash Yadav,श्री सूर्य नारायण यादव,8051964566.0,46.0,,OBC,Yadav,"-Incumbent BDC 2021
 -Runnerup BDC 2016
 -Runnerup Pacs Adhyaksh
 -Ex RJD Member",जिला पिछड़ा प्रकोष्ठ उपाध्यक्ष,,,,,,,,,,,,,,,,,
Mithilanchal,Jhanjharpur,Khutauna,Majhaura,Tej Narayan Yadav,श्री बौनी यादव,7481802933.0,40.0,,OBC,Yadav,"-Incumbent Up-Mukhiya
 -Two term Ward member from ward-13 (2016 2021)
 -Two term Ward Panch ( 2006 & 2011)",जिला पिछड़ा प्रकोष्ठ उपाध्यक्ष,,,,,,,,,,,,,,,,,
Mithilanchal,Jhanjharpur,Babubarhi,Bhatsaura,Shiv Kumar Singh,श्री अधिकारी सिंह,9939965582.0,40.0,,OBC,Yadav,"-2nd Time BDC in 2016,2021.
 -EX- RJD Block Level Member",जिला पिछड़ा प्रकोष्ठ उपाध्यक्ष,,,,,,,,,,,,,,,,,
Mithilanchal,Jhanjharpur,Laukahi,Ladaniya,Uday Kumar Rai,श्री लाल कुमार राय,9931715670.0,40.0,,OBC,Yadav,"-Ex Sarpanch 2016-2021
 -Sarpanch Runnerup in 2021",जिला पिछड़ा प्रकोष्ठ उपाध्यक्ष,,,,,,,,,,,,,,,,,
Mithilanchal,Jhanjharpur,Phulparas,Gehu Bariya,Arun Kumar Yadav,स्व. अशर्फी यादव,7763867765.0,51.0,,OBC,Yadav,"- Ex Sarpanch (2016)
 - Sarpunch Runner-Up 2021
 EX- RJD Prakhand Member 2015-2020",जिला पिछड़ा प्रकोष्ठ सचिव,,,,,,,,,,,,,,,,,
Mithilanchal,Jhanjharpur,Ladania,Dalokhar,Dhruv Narayan Mahto,स्व. सत्यनारायण महतो,9430949496.0,50.0,,OBC,Kushwaha,"- Incumbent Up Pramukh
 -5th Term BDC from Dalokhar GP
 - Former JDU Prakhand Adhyaksh",जिला पिछड़ा प्रकोष्ठ सचिव,,,,,,,,,,,,,,,,,
Mithilanchal,Jhanjharpur,Lakhnaur,Lakhnaur East,Chandrashekhar Gop,स्व. फतेश्वर गोप,6207691092.0,40.0,,OBC,Yadav,"a) Current Profile - Incumbent Block Vice President Sarpanch Sangh
 b) Highest Educational Qualifications - Graduate.
 c) Socio-Political and Professional achievements - He is very active in Block Politics and Vice President of Block Sarpanch Sangh. In 2016, He was elected for the 1st time as Sarpanch with 1270 votes. In 2021, He was succesful to retain his post by 600 votes, and recieved 1330 votes.
 Ex RJD Upadhayksh",जिला पिछड़ा प्रकोष्ठ सचिव,,,,,,,,,,,,,,,,,
Mithilanchal,Jhanjharpur,Phulparas,Godhiyari,Devendra Yadav,श्री भगवत यादव,9990811261.0,40.0,,OBC,Yadav,"- Defacto Sarpanch 2021
 EX- JDU Member
 EX- RJD Member",जिला पिछड़ा प्रकोष्ठ सचिव,,,,,,,,,,,,,,,,,
Mithilanchal,Jhanjharpur,Madhepur,Karhara,Ashok Yadav,श्री लक्ष्मी यादव,7217758896.0,35.0,,OBC,Yadav,"-Ward Runnerup 2016
 -EX RJD Member",जिला पिछड़ा प्रकोष्ठ सचिव,,,,,,,,,,,,,,,,,
Mithilanchal,Jhanjharpur,Ghoghardiha,Bishanpur,Sitaram Mandal,स्व. मोद नारायण मंडल,7004124293,56.0,,EBC,Dhanuk,- Prof. in N.K.P. College Khopa ( Since 1991),जिला कर्पूरी मंच महामंत्री,Dev,,,,,,,,,,2026-08-25 00:00:00,,,,,,
Mithilanchal,Jhanjharpur,Laukaha (Khutauna),Khatauna,Ram Sevak Sah,स्व. सुखदेव साह,8409559772.0,51.0,,EBC,Halwai,"- He was Mukhiya Sangh Adhayakash in 2001.
 -He accompined his brother Ram Swaroop Shah in MLA Election.
 - His wife Manju Devi was elected as Block Parmukh in 2006 and worked as Defacto Block Pramukh",जिला कर्पूरी मंच उपाध्यक्ष,,,,,,,,,,,,,,,,,
Mithilanchal,Jhanjharpur,Madhepur,Matras,Sunil Kumar Raut,श्री राम कुमार राउत,9801359744.0,51.0,,EBC,Chaurasia,"2021: Mukhiya Runner-up (710 votes)
 2016: Mukhiya Runner-up (600 votes)
 2011: De-facto Mukhiya
 : Former Panch (2006)",जिला कर्पूरी मंच उपाध्यक्ष,,,,,,,,,,,,,,,,,
Mithilanchal,Jhanjharpur,Lakhnaur,Belaucha,Santosh Thakur,स्व. महावीर ठाकुर,7808335999.0,48.0,,EBC,Nai,"Ward Sangh District Secretary
 2021: Incumbent Ward Member
 2016: Ex Ward Member (Ward 12)
 2011: Former PACs Member",जिला कर्पूरी मंच उपाध्यक्ष,,,,,,,,,,,,,,,,,
Mithilanchal,Jhanjharpur,Andhratharhi,Andharathadi South,Raj Narayan Rai,स्व. चेतरू राय,8292606517.0,46.0,,EBC,Amat,"- Mukhiya Block Sangh Adhyaksh
 - Incumbent Mukhiya
 - Mukhiya Runner up in 2016 Secured 1272 Votes",जिला कर्पूरी मंच उपाध्यक्ष,,,,,,,,,,,,,,,,,
Mithilanchal,Jhanjharpur,Andhratharhi,Harari,Devendra Kumar Mandal,श्री पूरन मंडल,7004423961.0,37.0,,EBC,Dhanuk,"- Incumbent Sarpanch 
 - won by 847 votes",जिला कर्पूरी मंच उपाध्यक्ष,,,,,,,,,,,,,,,,,
Mithilanchal,Jhanjharpur,Laukahi,Baruaar,Devendra Mandal,स्व. रामशरण मंडल,7481956866.0,45.0,,EBC,Dhanuk,"-Incumbent ward member
 -4Terms Ward member since (2001,2006,2011,2016)
 -Social Worker",जिला कर्पूरी मंच सचिव,,,,,,,,,,,,,,,,,
Mithilanchal,Jhanjharpur,Phulparas,Bathnaha,Manoj Kumar Mandal,महेंद्र मंडल,7779895443.0,41.0,,EBC,Dhanuk,"- 2016 BDC Contestant secured 656 vote at 3rd position
 - 2021 BDC contestnat secured 489 vote at 4th position",जिला कर्पूरी मंच सचिव,,,,,,,,,,,,,,,,,
Mithilanchal,Jhanjharpur,Ghoghardiha,Amahi,Shambhu Kumar Singh,स्व. रामचंद्र सिंह,9911390643.0,40.0,,EBC,Noniya,"Member of Alkil bhartiya Noniya Mahasangh
 2010- 2024 BJP Block Media Codinater",जिला कर्पूरी मंच सचिव,,,,,,,,,,,,,,,,,
Mithilanchal,Jhanjharpur,Jhanjharpur,Sukhet,Santosh Rai,कारी राय,9958589139.0,39.0,,EBC,Amat,"2016: Bjp Shakti kendra pramukh
 2021: runner up Ward member of ward 6",जिला कर्पूरी मंच सचिव,,,,,,,,,,,,,,,,,
Mithilanchal,Jhanjharpur,Babubarhi,Bhupatti,Manish Kumar Das,सत्य नारायण दास,7549561260.0,32.0,,EBC,Tatma,"- 2 time Consecutive BDC.
 - Block Pramukh Runnerup ( lost by 2 votes).",जिला कर्पूरी मंच सचिव,,,,,,,,,,,,,,,,,
Mithilanchal,Jhanjharpur,Ghoghardiha,Basuaari,Ram Prasad Chaupal,श्री चंदेश्वर चौपाल,8789824808,43.0,,SC,Chaupal,"-Ex Mukhiya Candidate 2011
 -Ex Vidhayak Candidate J&K Panthors Party 2015
 -Ex RJD Senior Leader
 -Ex JDU Vice President SC/ST Morcha Ghoghardiha",जिला अंबेडकर मंच महामंत्री,Dev,,,,,,,,,,,,,,,,
Mithilanchal,Jhanjharpur,Lakhnaur,Ballia,Yogendra Paswan,स्वर्गीय कैलू पासवान,8294122013.0,60.0,,SC,Dusadh,"Mukhiya Rurnner-up 2001 Got 2700Votes 
 - Lost Election by 63 Votes Only
 -Former BJP Party Block President .
 -RSS Volunteer since -1981",जिला अंबेडकर मंच उपाध्यक्ष,,,,,,,,,,,,,,,,,
Mithilanchal,Jhanjharpur,Babubarhi,Maheshwada,Amarendra Ram,स्वर्गीय अशरफ़ी राम,9523745187.0,51.0,,SC,Ravidas,"Runner up BDC 2021
 Runner Up Mukhiya 2016",जिला अंबेडकर मंच उपाध्यक्ष,,,,,,,,,,,,,,,,,
Mithilanchal,Jhanjharpur,Madhepur,Tardiha,Mohan Saday,स्वर्गीय रामखेली सदाय,7461937409.0,45.0,,SC,Mushar,"-Incumbent Ward member -11
 -JDU Volunteer",जिला अंबेडकर मंच उपाध्यक्ष,,,,,,,,,,,,,,,,,
Mithilanchal,Jhanjharpur,Ladania,Kumarkhat East,Rahul Kumar Mandal,रामजुलुम मंडल,9304176697.0,44.0,,SC,Chaupal,"- Former Mukhiya, 2016
 - Mukhiya Runner Up, 2021 (645 votes)",जिला अंबेडकर मंच उपाध्यक्ष,,,,,,,,,,,,,,,,,
Mithilanchal,Jhanjharpur,Laukahi,Baruwar,Subhash Paswan,स्वर्गीय विशेश्वर पासवान,9534621380.0,42.0,,SC,Paswan,"- Two consecutive term defacto Sarpanch of Baruwar Panchayat(2016 till now)
 -Joined JS During Padyatra Starting",जिला अंबेडकर मंच उपाध्यक्ष,,,,,,,,,,,,,,,,,
Mithilanchal,Jhanjharpur,Jhanjharpur,Kako,Siyalal Ram,स्वर्गीय प्रयाग राम,9871487935,55.0,,SC,Ravidas,"- Mukhiya Contestant of Kako Panchayat (2021,2016)
 -Social Worker (Health Camp)
 -Joined JS During Padyatra 2022",जिला अंबेडकर मंच सचिव,Dev,,,,,,,,,,,,,,,,
Mithilanchal,Jhanjharpur,Lakhnaur,Kachwi,Thakkan Paswan,श्री सुखदेव पासवान,8252358226,45.0,,SC,Dusadh,"- Former Mukhiya (Dafacto)of Kachwi Panchayat(2006-2011)
 - Incumbent Distt. co-operative Board Director(2022-2028)
 PACS President(2009 till now)",जिला अंबेडकर मंच सचिव,Dev,,,,,,,,,,,,,,,,
Mithilanchal,Jhanjharpur,Ladania,Piprahi,Jai Narayan Ram,श्री श्याम सुंदर पासवान,7739545425,42.0,,SC,Chamar,"-Ex Zila Mahasachiv of JDU (SC Prakosth)
 - ZP Contestant 2016 (recieved 7,400 votes)
 - ZP Second runner up 2021(recieved 5755 votes)",जिला अंबेडकर मंच सचिव,Dev,,,,,,,,,,,,,,,,
Mithilanchal,Jhanjharpur,Babubarhi,Bela Daura,Kishleshwar Paswan,श्री रस लाल पासवान,8521642625,40.0,,SC,Paswan,"-2 Times mukhiya Runner-up 2016 & 2021
 Got 2nd & 3rd Place
 -Ex LJP Volunteer 2012-2018
 -Ex JDU Panchayat President 2020-2023",जिला अंबेडकर मंच सचिव,Dev,,,,,,,,,,,,,,,,
Mithilanchal,Jhanjharpur,Andhratharhi,Andhrathadi South,Chalitra Ram,स्वर्गीय छोटे राम,9137214685,40.0,,SC,Ravidas,"-BDC Runnerup-2016
 -Ex Vidhansabha Adhyaksh ,Rajnagar, Youth Congress-2011-2014
 -LJP Leader 2005-2011
 -Education-BCom.",जिला अंबेडकर मंच सचिव,Dev,,,,,,,,,,,,,,,,
Mithilanchal,Jhanjharpur,Khutauna,Parsayi Paschimi,Md. Firoz Alam,श्री मो रियासत,9572950829,41.0,,MInority,Rayeen,"- Former Defacto ZP 2016 
 - Mother Was ZP 2006",जिला अल्पसंख्यक प्रकोष्ठ महामंत्री,Dev,,,,,,,,,,,,,,,,
Mithilanchal,Jhanjharpur,Lakhnaur,Deep Paschimi,Mahfooz Alam,मरहूम मो. सुलेमान,9570982369,55.0,,Minority,Ansari,"-4 Term Incumbent sarpanch
 - Former RJD Zila Mahasachiv",जिला अल्पसंख्यक प्रकोष्ठ उपाध्यक्ष,Dev,,,,,,,,,,,,,,,,
Mithilanchal,Jhanjharpur,Madhepur,Darah,Md. Hafiz Ur Rahman,श्री मो. मुजीबुर रहमान,9572212786,45.0,,Minority,Sheikh,"-Incumbent Mukhiya -Ex BDC (2006-11)
 -Block Adhyaksh of BJP Minority cell (2016-21)",जिला अल्पसंख्यक प्रकोष्ठ उपाध्यक्ष,Dev,,,,,,,,,,,,,,,,
Mithilanchal,Jhanjharpur,Ghoghardiha,Parsa South,Md. Sabir,श्री मो. माहीउद्दीन मंसूरी,8210690773,42.0,,Minority,Mansoori,"-2011 Sarpanch Runner-up
 -2016 Mukhiya Contestant
 -Ward member",जिला अल्पसंख्यक प्रकोष्ठ उपाध्यक्ष,Dev,,,,,,,,,,,,,,,,
Mithilanchal,Jhanjharpur,Khutauna,Ekattha,Hafiz Kalimullah,श्री गफूर मंसूरी,"8877797406
 9801030603",41.0,,Minority,Mansoori,"-RJD Panchayat Adhyaksh Since 2018
 -INC Panchayat Adhyaksh 2010-2015
 -BDC runner-up candidate (927 Votes)
 -Owns a School at Ekhattha Panchayat",जिला अल्पसंख्यक प्रकोष्ठ उपाध्यक्ष,Dev,,,,,,,,,,,,,,,,
Mithilanchal,Jhanjharpur,Babubarhi,Chhaurahi,Kamre Alam,श्री मो. यह्या,9910484851,37.0,,Minority,Mansoori,"-Incumbent Defacto BDC
 - Former RJD panchayat Adhyaksh",जिला अल्पसंख्यक प्रकोष्ठ उपाध्यक्ष,Dev,,,,,,,,,,,,,,,,
Mithilanchal,Jhanjharpur,Jhanjharpur,Sangram,Md. Athaer,मरहूम मो. हारून,8051280680.0,37.0,,Minority,Sheikh,"- RJD District Working Committee Member 2022 to Till Date
 -RJD Block General Secretary 2021 to 2022
 -RJD Youth Block Adhyaksh 2018 to 2021
 -Genaral Secretary of Madarsa Fatma Lil-Banat",जिला अल्पसंख्यक प्रकोष्ठ सचिव,,,,,,,,,,,,,,,,,
Mithilanchal,Jhanjharpur,Madhepur,Bhargama,Mukhtar Nadaf,मो. नाजिम नादाफ,8780741770.0,45.0,,Minority,Nadaf,"-Contested ZP election, got 5800 Votes",जिला अल्पसंख्यक प्रकोष्ठ सचिव,,,,,,,,,,,,,,,,,
Mithilanchal,Jhanjharpur,Andhratharhi,Chhiwa,Md. Shakir,स्व. मो. मंजूर,9801580887.0,55.0,,Minority,Rayeen,"- Two terms BDC (2001(defacto) 2011)
 -ZP contestent",जिला अल्पसंख्यक प्रकोष्ठ सचिव,,,,,,,,,,,,,,,,,
Mithilanchal,Jhanjharpur,Laukahi,Darhara,Md. Yunus,मोहम्मद अनीस,8102932054.0,45.0,,Minority,Ansari,"- Incumbent Mukhiya.
 - Own Parking Business In Delhi.
 - RJD Active Member.",जिला अल्पसंख्यक प्रकोष्ठ सचिव,,,,,,,,,,,,,,,,,
Mithilanchal,Jhanjharpur,Ladania,Dalokhar,Tauqeer Alam,मो. मुस्तफा,8579063767.0,46.0,,Minority,Sheikh,"- 3 consicutive term Ward Member. 
 - 2011-16, 2016-21, 2021- 2016.
 - RJD Prakhand Commitee member Minority cell.
 - Social worker & influencer.
 - Very passionate to work for Jan Suraj.",जिला अल्पसंख्यक प्रकोष्ठ सचिव,,,,,,,,,,,,,,,,,
Mithilanchal,Jhanjharpur,Lakhnaur,Kacchua,Ram Kripal Chaurasia,स्व. शिव नारायण चौरसिया,7549777566,44.0,,EBC,Chaurasia,"-Owns a decoration business for marriage and event functions, dealing in pandal setup, flowers, garlands, and all related materials; employs around 15 workers.
 -Running multiple businesses including a kirana (grocery) store, with over 15 years of experience.
 -Owns around 11 bigha of land and 5 tractors, 
 -Currently serving as a Ward Member.
 -Elected for the first time in recent PRI elections, securing 289 votes.(2021)",जिला व्यवसायी प्रकोष्ठ महामंत्री,Dev,,,,,,,,,,,,,,,,
Mithilanchal,Jhanjharpur,Ghoghardiha,Basuwari,Naman Prasad Shah,स्व. राम अवतार शाह,9835010271,60.0,,EBC,Teli,"- Medical Shop Owner
 - Member of Chemist & Druggist Association, Madhubani
 - Farming in 12 Bigha land.",जिला व्यवसायी प्रकोष्ठ उपाध्यक्ष,Dev,,,,,,,,,,,,,,,,
Mithilanchal,Jhanjharpur,Khutauna,Durgipatti,Dinanand Mandal,स्व. सीताराम मंडल,7562811821,55.0,,EBC,Dhanuk,"-Contractor engaged in house construction across the entire block, with strong recognition and good connections among local traders.
 -Owns around 5 bigha of land",जिला व्यवसायी प्रकोष्ठ उपाध्यक्ष,Dev,,,,,,,,,,,,,,,,
Mithilanchal,Jhanjharpur,Jhanjharpur,Nawani,Vinod Kamat,श्री बैद्यनाथ कामत,8578891991,45.0,,EBC,Amat,"-Actively engaged in the business of selling vegetables and grains.
 -Has a strong local network, with several labourers associated with him
 -Served as PACS Adhyaksh since 2009.
 -Owns approximately 25 bigha of agricultural land.
 .",जिला व्यवसायी प्रकोष्ठ उपाध्यक्ष,Dev,,,,,,,,,,,,,,,,
Mithilanchal,Jhanjharpur,Jhanjharpur,Lohana South,Ramkripal Yadav,श्री श्रीदेव यादव,9113152140,43.0,,OBC,Yadav,"-Owns a brick kiln and is a prominent local businessman.
 -Owns around 30 bigha of land.
 -Former Zila Parishad member (2006–2011).
 -Runner-up in Mukhiya election (2011).
 -His wife is the incumbent Pramukh.
 -She has also served two terms as a BDC member.",जिला व्यवसायी प्रकोष्ठ उपाध्यक्ष,Dev,,,,,,,,,,,,,,,,
Mithilanchal,Jhanjharpur,Laukahi,Belhi Bhawanipur,Surendra Kumar Sah,रामचंद्र साह,9631895938,43.0,,EBC,Teli,"Owns a hardware shop.
 Owns a fertilizer shop.
 Owns around 10 bigha of land, engaged in agriculture.
 Mukhiya Runner-up, with notable local influence.",जिला व्यवसायी प्रकोष्ठ उपाध्यक्ष,Dev,,,,,,,,,,,,,,,,
Mithilanchal,Jhanjharpur,Andhratharhi,Marukiya,Purnanand Mishra,Late Dayanath Mishra,9810049446,66.0,,General,Brahmin,,जिला व्यवसायी प्रकोष्ठ सचिव,Dev,,,,,,,,,,,,,,,,
Mithilanchal,Jhanjharpur,Madhepur,Banki,Krishna Kumar Chaudhary,स्व. बाबूलाल चौधरी,9576260010,58.0,,EBC,Suri,"-Pacs Chairman
 -Owner of Hardware Shop",जिला व्यवसायी प्रकोष्ठ सचिव,Dev,,,,,,,,,,,,,,,,
Mithilanchal,Jhanjharpur,Babubarhi,Sonmati,Joginder Prasad Yadav,स्व. जीवच्छ यादव,9973047517,51.0,,OBC,Yadav,"- Agro Products Business in District
 - Ex RJD Block President
 - ZP contestant(2021), secured (2000+) voted and ended up at 5th position.
 - Mukhiya contestants for the 1st time in (2001) and loss the election by 300+ votes. again in 2006,2011, he contested as Mukhiya election . In 2016 and 2021 he was contested as zp again he lost the election for some votes and got 4nd and position same position. In 2004 he contested for the MLA election he secured 2700+ votes independently.",जिला व्यवसायी प्रकोष्ठ सचिव,Dev,,,,,,,,,,,,,,,,
Mithilanchal,Jhanjharpur,Khutauna,Khutauna,Anil Kumar Gupta,श्री देवकृष्ण गुप्ता,6206642878,33.0,,OBC,हलुवाई,owner of Electronic shop,जिला व्यवसायी प्रकोष्ठ सचिव,Dev,,,,,,,,,,,,,,,,
Mithilanchal,Jhanjharpur,Jhanjharpur,Chanauraganj,Naresh Kumar Chaudhary,श्री रामचंद्र चौधरी,6203556099,31.0,,OBC,Bania,"-Owns a furniture shop
 -Engaged in farming activities; owns around 5 bigha of land.
 -Works as a Jeevika Book Keeper.
 -Socially active youth with involvement in local activities.",जिला व्यवसायी प्रकोष्ठ सचिव,Dev,,,,,,,,,,,,,,,,
Mithilanchal,Jhanjharpur,Lakhnaur,Behat,Arun Kumar Jha,श्री चक्रधर झा,7091526932,67.0,,General,Brahmin,"Current Profile-He is a senior advocate and former Bar Council Secretary of Jhanjharpur Court.
 Socio-political brief-He done his M.A LLB. He is practicing law for the last 35 years. He is a vice-president of Bar Sangh.",जिला विचार मंच महामंत्री,Dev,,,,,,,,,,,,,,,,
Mithilanchal,Jhanjharpur,Ghoghardiha,Brahmpur (S),Dr. Hare Ram Mandal,स्व. परमेश्वर मंडल,9771574554.0,60.0,,EBC,Dhanuk,"- Veterinry Doctor
 - Qualification from Haryana",जिला विचार मंच उपाध्यक्ष,,,,,,,,,,,,,,,,,
Mithilanchal,Jhanjharpur,Babubarhi,Sathgara,Saroj Mishra,श्री नारायण मिश्रा,7827384826.0,49.0,,General,Bhumihar,"""Current Profile: He is a social worker also activelly participated in the Panchayat Politics. He is a runnerup Mukhiya. Fatherr was Mukhiya since last 50 Years , Owns a college , High School & Sanskrit School. 
 Socio-Political Brief: He completed his education in MBA in 2002 from Patna University and LLB in 2005 from Mujaffarpur university. After that he started his family occupation as farming Along with this he started his job in a private company and working till present. In 2021 he intrested in the politics and debute election he contested as Mukhiya election of Satghara Panchayat. He lost this election and got second position. He genrated 1130 votes. 
 Financial Activities: He has a good financial background.
 Area/Community Influence: He enjoys a good reputation at the Panchayat level. most of people like him due to his good behaviour and good work for the panchayat.",जिला विचार मंच उपाध्यक्ष,,,,,,,,,,,,,,,,,
Mithilanchal,Jhanjharpur,Khutauna,Khutauna,Rakesh Prabhakar,श्री प्रभुनाथ प्रभाकर,9546300581.0,43.0,,EBC,Kalwar,"He is an Engineer & a Teacher 
 - Social Worker",जिला विचार मंच उपाध्यक्ष,,,,,,,,,,,,,,,,,
Mithilanchal,Jhanjharpur,Jhanjharpur,,Shambhu Yadav,श्री प्रयाग लाल यादव,9546516896.0,42.0,,OBC,Yadav,"Shambhu Yadav | 42 | Male | OBC | Yadav
 
 -Jalsen | Andharthadhi
 -De facto Ex. Mukhiya(2001-2006, 2011-2016)
 -Advocate
 -Younger Brother is DSS District Adhyaksh, Advocate
 -Prayaglal Yadav, Senior Advocate, Bar Council election Adhyaksh, PP, Bihar Govt.",जिला विचार मंच उपाध्यक्ष,,,,,,,,,,,,,,,,,
Mithilanchal,Jhanjharpur,Andhratharhi,Kumarkhat West,Santosh Chaudhary,श्री राजलाल कामत,6203419359.0,35.0,,EBC,Kevart,"- Sarpanch Runner Up, 2021 (933 votes)
 - Advocate in Madhubani Civil Court",जिला विचार मंच उपाध्यक्ष,,,,,,,,,,,,,,,,,
Mithilanchal,Jhanjharpur,Phulparas,Ramnagar,Surendra Kumar Yadav,स्व. डॉ. अनिरुद्ध यादव,9431654358,61.0,,OBC,Yadav,"- Retired Middle School Headmaster
 - Wife is a Teacher 
 - Brother is professor 
 - Siksha Sangh Karyakri Adyaksh",जिला विचार मंच सचिव,Dev,,,,,,,,,,,,,,,,
Mithilanchal,Jhanjharpur,Lakhnaur,,Amaresh Kumar Saday,श्री रामेश्वर सादी,9304875456,58.0,,SC,Musahar,"Government Teacher
 De Facto Sarpanch",जिला विचार मंच सचिव,Dev,,,,,,,,,,,,,,,,
Mithilanchal,Jhanjharpur,Ladania,Khoja,Shobhakant Rai,स्व. राम रतन राय,9546754337,55.0,,EBC,Amat,"- Sanskrit Professor, DNB College, Madhubani",जिला विचार मंच सचिव,Dev,,,,,,,,,,,,,,,,
Mithilanchal,Jhanjharpur,Laukahi,,Santosh Kumar Jha,स्व. जीवच्छ झा,9910991114,47.0,,General,Brahmin,"- Runs a IT Company in New Delhi 
 - Social worker / Runs an NGO",जिला विचार मंच सचिव,Dev,,,,,,,,,,,,,,,,
Mithilanchal,Jhanjharpur,Madhepur,Dwalak,Manish Mohan Jha,श्री रमेश चंद्र झा,7541823080,43.0,,General,Brahmin,"Contested BDC | Farmer | Ex Vidhan Sabha Prabhari JS 
 Qualification upto Graduation",जिला विचार मंच सचिव,Dev,,,,,,,,,,,,,,,,
Mithilanchal,Jhanjharpur,Babubarhi,Tirhutta,Chandradev Thakur,Late Bauye Lal Thakur,9771680745,55.0,,EBC,Nai,"- Former PACS President 2002 to 2006.
 - Former PACS President (2006-2012)
 - Gramin Doctor and Medical Shop Owner",किसान प्रखंड अध्यक्ष,Dev,,,,,,,,,,,,,,,,
Mithilanchal,Jhanjharpur,Babubarhi,भूपट्टी,Ashok Chaudhary,बच्चा लाल चौधरी,9546903595,42.0,,EBC,Kewat,"- Former Samajwadi party Prakhand adhyaksh 2020 -2022.
 Runnerup Mukhiya Contestant in 2021, 2016.
 - Known Face of EBC Leader in his Block.
 - Father Was PACS President in 2020.",कर्पूरी मंच प्रखंड अध्यक्ष,Dev,,,,,,,,,,,,,,,,
Mithilanchal,Jhanjharpur,Babubarhi,सोनमाटी,Vijay Paswan,राम गुलाम पासवान,8521855612,40.0,,SC,Paswan,"-Ex Vidhansabha Prabhari -34 Babubarahi JSP
 -Mukhiya Runnerup Sonmaati Panchayat 2011",अंबेडकर मंच प्रखंड अध्यक्ष,Dev,,,,,,,,,,,,,,,,
Mithilanchal,Jhanjharpur,Babubarhi,छौराही,Md. Naushad Alam,मो. हबीब,9572988335.0,46.0,,Minority,Ansari,- Runnerup Mukhiya in 2021 secured 1219 Votes.,अल्पसंख्यक प्रकोष्ठ प्रखंड अध्यक्ष,,,,,,,,,,,,,,,,,
Mithilanchal,Jhanjharpur,Babubarhi,Babubarahi,Nishant Kumar,Harinandan Goswami,6201120728.0,35.0,,EBC,Aghori,"- Owns a Tax Consultancy and Property Business
 - CHESHTA Farm Pvt. Ltd, deals in Agriculture products and Allied.",व्यवसायी प्रकोष्ठ प्रखंड अध्यक्ष,,,,,,,,,,,,,,,,,
Mithilanchal,Jhanjharpur,Babubarhi,धमौरह,Kapil Kumar Rai,स्व. भोला राय,9341778208.0,59.0,,EBC,Amaat,"""Current Profile: Former BDC(2006)and BDC contestant(2011). 
 Socio-Political Brief: He has contested his first in 2006, when he contested BDC selection and won the same after securing 1500 votes. Afterwards, he contested for the same post on 2011 but lost the election after securing 750 votes. 
 Financial Activities: He is is a RMP doctor and also do some farming.
 Area/Community Influence: He is well known face of his panchayat and holds a good reputation with the people of his panchayat.
 Criminal Case: N/A 
 Public Perception: Clear and Good Image
 Remarks: He would help in mobilisation and meet with PK during padyatra.""",विचार मंच प्रखंड अध्यक्ष,,,,,,,,,,,,,,,,,
Mithilanchal,Jhanjharpur,Jhanjharpur,Raiyaam,Arun Kumar Prashad,Jagdish Raut,8789222389,36.0,,EBC,Barai,"- ward Panch (2011-16)
 - Ex Mukhiya Runner up (2016)
 - Defacto Mukhiya (2021- TIll now)
 - Farmer 25 (Acre Land )
 - Primary Active Member of Jansuraaj",किसान प्रखंड अध्यक्ष,Dev,,,,,,,,,,,,,,,,
Mithilanchal,Jhanjharpur,Jhanjharpur,कोठिया,Shivji Mukhiya,जगेश्वर मुखिया,9326600510,38.0,,EBC,Mallah,"-VIP Panchayat Adhyaksh
 - Incumbent UPMukhiya 2021.
 - Former Ward Sadsaya 2016.",कर्पूरी मंच प्रखंड अध्यक्ष,Dev,,,,,,,,,,,,,,,,
Mithilanchal,Jhanjharpur,Jhanjharpur,सैंठनगर,Narayan Mandal,स्व. भोला मंडल,7544987482,50.0,,SC,Khatwe,"-Incumbent Up Mukhiya of Sainthnagar
 -RJD Panchayat President
 -Active JS Member",अंबेडकर मंच प्रखंड अध्यक्ष,Dev,,,,,,,,,,,,,,,,
Mithilanchal,Jhanjharpur,Jhanjharpur,काको,Md. Zahid,मो. कासिम,8877994110.0,38.0,,Minority,Mansoori,"-Incumbent Ward member
 -JS Active member",अल्पसंख्यक प्रकोष्ठ प्रखंड अध्यक्ष,,,,,,,,,,,,,,,,,
Mithilanchal,Jhanjharpur,Jhanjharpur,Naurar,Amit Mandal alias Jogi Mandal,Chandrashekhar Mandal,9661174630.0,50.0,,EBC,Dhanuk,"-Owns General Store
 - Defacto Sarpanch
 - RJD Panchayat Adhyaksh",व्यवसायी प्रकोष्ठ प्रखंड अध्यक्ष,,,,,,,,,,,,,,,,,
Mithilanchal,Jhanjharpur,Jhanjharpur,Santnagar,Sunil Kumar Jha,Amarnath Jha,8051020398.0,41.0,,General,Brahmin,"Coching Teacher & Social worker in Jhanjharpur 
 Qualification upto Graduation",विचार मंच प्रखंड अध्यक्ष,,,,,,,,,,,,,,,,,
Mithilanchal,Jhanjharpur,Ladania,एकहरी,Dilip Kumar Pandit,शत्रुघ्न पंडित,9546297814,45.0,,EBC,Kumhar,"Bihar Kumhar Prajapati Samanvaya Samiti Zila Upadhyaksh.
 - Ex- Mukhiya in (2016-21).
 - Mukhiya runnerup in (2021) with 1500 votes.",कर्पूरी मंच प्रखंड अध्यक्ष,Dev,,,,,,,,,,,,,,,,
Mithilanchal,Jhanjharpur,Ladania,Belahi,Virendra Kumar Paswan,Ramsevak Paswan,9955198955,40.0,,SC,Dusadh,"- Ex-Mukhiya from Belahi (2016-21)
 - Father was BDC runner-up (2001)
 -Mukhiya Runner up of Belahi(1138)
 -Former JDU Meber",अंबेडकर मंच प्रखंड अध्यक्ष,Dev,,,,,,,,,,,,,,,,
Mithilanchal,Jhanjharpur,Ladania,Kumarkhat East,Ram Briksh Sah,Late Bhanu Sah,9199785726.0,47.0,,EBC,Teli,"-Runs a kirana (grocery) shop for the past 15 years.
 -Engaged in farming; owns around 6 bigha of land.
 -Served as a two-term De-facto Ward Member (Ward No. 15).
 -Also served as De-facto Up-Mukhiya.
 -Served as a one-term De-facto Panch.",व्यवसायी प्रकोष्ठ प्रखंड अध्यक्ष,,,,,,,,,,,,,,,,,
Mithilanchal,Jhanjharpur,Ladania,Kumarkhat West,Kaushal Kishore,Chandraveer Kamat,9801423238.0,47.0,,EBC,Kewat,Teacher & Panchayat Samiti Sadasya,विचार मंच प्रखंड अध्यक्ष,,,,,,,,,,,,,,,,,
Mithilanchal,Jhanjharpur,Andhratharhi,हरारी,Kumar Kamal Nath Chaurasia,श्याम सुंदर राउत,8298242810,46.0,,EBC,Chaurasiya,"-Akhil bhartiya chaursiya samiti Zila Upadhyaksh
 2001: Mukhia 
 2006,- 2011 Father served as Mukhiya.
 2011-2016 - Former Mukhiya
 2016: Ex pnchayat Samiti 
 Pramukh Runner up lost by 2 Votes
 Brick chimney Owner",कर्पूरी मंच प्रखंड अध्यक्ष,Dev,,,,,,,,,,,,,,,,
Mithilanchal,Jhanjharpur,Andhratharhi,रखवार,Harikishore Paswan,स्व. मौजेलाल पासवान,7050213470,50.0,,SC,Paswan,"-Incumbent Sarpanch - 2021
 Got 1600 Votes
 -Mukhiya Runner-up 2016
 Got 2nd position & 657 Votes 
 -Ex Panchayat President LJP 2015-2020",अंबेडकर मंच प्रखंड अध्यक्ष,Dev,,,,,,,,,,,,,,,,
Mithilanchal,Jhanjharpur,Andhratharhi,Gaur Andhara,Bhola Jha,Late. kapileshwar jha,9006250635.0,44.0,,General,Brahmin,"- 3 times Mukhiya Contestant ( 2011,2016,2021)
 - Owns a Bricks Chimney",व्यवसायी प्रकोष्ठ प्रखंड अध्यक्ष,,,,,,,,,,,,,,,,,
Mithilanchal,Jhanjharpur,Andhratharhi,गोर अंधरा,Jai Nath Thakur,स्व. माधव ठाकुर,9931909497.0,68.0,,General,Brahmin,Retired principal from +2 higher secondary school. - Served as Bihar Madhyamik sikshak sangh sanyukt sachiv.,विचार मंच प्रखंड अध्यक्ष,,,,,,,,,,,,,,,,,
Mithilanchal,Jhanjharpur,Lakhnour,Madanpur,Saroj Jha,Mayanand Jha,9631111788,44.0,,General,Brahmin,"- Incumbent Pacs President ( 2019- Present)
 - Ex Block President of AAP
 - Bricks Klin",किसान प्रखंड अध्यक्ष,Dev,,,,,,,,,,,,,,,,
Mithilanchal,Jhanjharpur,Lakhnaur,तमूरिया,Manish Kumar,स्व. बैजनाथ राउत,"9334856602
 8676021365",57.0,,EBC,Barai,"- Akhil Bhartiye Barai Samaj Prakhand Mahasachiv.
 - Incumbent BDC in 2021 with 1055 Votes.
 - He contested BDC election in 2001 and 2016 and lost by 6 and 35 votes respectively. In 2021,.",कर्पूरी मंच प्रखंड अध्यक्ष,Dev,,,,,,,,,,,,,,,,
Mithilanchal,Jhanjharpur,Lakhnaur,Gangapur,Jageshwar Chaupal,शंकर चौपाल,9939737451,40.0,,SC,Khatwe,"-Former Mukhiya of Gangapur Panchayat(2006-2011)
 Sarpanch runner-up(2021)
 Got 3870 Votes and deafted by only 7 Votes.",अंबेडकर मंच प्रखंड अध्यक्ष,Dev,,,,,,,,,,,,,,,,
Mithilanchal,Jhanjharpur,Lakhnaur,लौफा,Md. Parvez Alam,हामिद अंसारी,7654692399.0,40.0,,EBC,Ansari,"- Former RJD Block Kosadhyaksh
 -Former RJD Panchayat Adyaksh
 - Member of Madinatul Uloom Umri Madarsha.",अल्पसंख्यक प्रकोष्ठ प्रखंड अध्यक्ष,,,,,,,,,,,,,,,,,
Mithilanchal,Jhanjharpur,Lakhnaur,Lakhnaur West,Rajendra Yadav,Late Bhul Yadav,9939547446.0,59.0,,OBC,Yadav,"-Owns “Radha Swami Petrol Pump” at Laxmi Chowk, Khojra (Madhepur), 
 -His wife, Bucchi Devi, contested as Mukhiya candidate in 2006 (secured 375 votes) and as BDC candidate in 2021.",व्यवसायी प्रकोष्ठ प्रखंड अध्यक्ष,,,,,,,,,,,,,,,,,
Mithilanchal,Jhanjharpur,Lakhnaur,बर्मा,Mohan Thakur,स्व. गिलखेश्वर ठाकुर,9572494466.0,67.0,,General,Brahmin,"Current Profile- He is an incumbent Sarpanch.
 Socio-political brief- He is intermediate and professionally he is a homeopathic doctor. He contested Mukhiya election in 2000 (4th position), Sarpanch in 2011 with 662 votes (3rd position), again Sarpanch in 2016 with 700 votes (3rd position) and in 2021 he elected as a Sarpanch with 907 votes.",विचार मंच प्रखंड अध्यक्ष,,,,,,,,,,,,,,,,,
Mithilanchal,Jhanjharpur,Phulpras,"Mahthaur 
 Khurd",Vijay Kumar,गणेश प्रसाद यादव,7065475095,33.0,,OBC,Yadav,"- Ex Pacs Adhyaksh (2014)
 - Pacs Runner up 2024",किसान प्रखंड अध्यक्ष,Dev,,,,,,,,,,,,,,,,
Mithilanchal,Jhanjharpur,Phulparas,फुलपरास,Dinesh Sah,श्री जगदेव साहू,8840176154,30.0,,EBC,Teli,"Prakhand Adhyaksh of Akhil bhartiya Telik ( Sahu) Mahasabha 
 2022: Runner up Mukhy Parsad Secured 1267 Votes",कर्पूरी मंच प्रखंड अध्यक्ष,Dev,,,,,,,,,,,,,,,,
Mithilanchal,Jhanjharpur,Phulparas,"Mahthaur 
 Khurd",Manoj Kumar Ram,मिश्रीलाल राम,7549508588,40.0,,SC,Ravidas,"-Incumbent Mukhiya - 2021
 -Mukhiya Runnerup-2016",अंबेडकर मंच प्रखंड अध्यक्ष,Dev,,,,,,,,,,,,,,,,
Mithilanchal,Jhanjharpur,Phulparas,सिसवार,Bashir Miyan,झिंगुर मियां,9801030780.0,55.0,,Minority,Ansari,"-Ex BDC (2006)
 -BDC Contestant (2021)
 - former RJD Member
 - former JDU Member",अल्पसंख्यक प्रकोष्ठ प्रखंड अध्यक्ष,,,,,,,,,,,,,,,,,
Mithilanchal,Jhanjharpur,Phulparas,"Mahthaur 
 Khurd",Vinod Kumar Mandal,Late Saryug Mandal,7903533694.0,42.0,,EBC,Dhanuk,"Businessman : Owners of Food grains Shop
 - Politically Active
 - President of Durga Pooja mela",व्यवसायी प्रकोष्ठ प्रखंड अध्यक्ष,,,,,,,,,,,,,,,,,
Mithilanchal,Jhanjharpur,Phulparas,कलापट्टी,Vijay Kumar Mandal,राम प्रसाद मंडल,8002043469.0,48.0,,EBC,Dhanuk,- Govt. Primary School Teacher (1 to 5th ),विचार मंच प्रखंड अध्यक्ष,,,,,,,,,,,,,,,,,
Mithilanchal,Jhanjharpur,Ghoghardiha,Chikna,Ashok Kumar,Late Mukti Yadav,9572806382,41.0,,OBC,Yadav,"-3 term ward member in 2001, 2011 and 2021
 - Runner-up for PACS president 2019
 - Contested for ward member in 2006 and 2016
 - Farmer",किसान प्रखंड अध्यक्ष,Dev,,,,,,,,,,,,,,,,
Mithilanchal,Jhanjharpur,Ghoghardiha,संगी,Bisindev Thakur,घुरन ठाकुर,7070848726,38.0,,EBC,Nai,- Incumbent ward member,कर्पूरी मंच प्रखंड अध्यक्ष,Dev,,,,,,,,,,,,,,,,
Mithilanchal,Jhanjharpur,Ghoghardiha,सुदय रतौली,Ram Jaipal Paswan,रामनाथ पासवान,7250388577,45.0,,SC,Paswan,"-2nd Term Incumbent Mukhiya - 2016 & 2021
 -Mukhiya Runner-up 2011",अंबेडकर मंच प्रखंड अध्यक्ष,Dev,,,,,,,,,,,,,,,,
Mithilanchal,Jhanjharpur,Ghoghardiha,चिकना,Md. Anwar Hussain,,8084915050.0,42.0,,Minority,Ansari,"- Incumbent De facto BDC 
 - former JDU Prakhand Adhyaksh - 2018",अल्पसंख्यक प्रकोष्ठ प्रखंड अध्यक्ष,,,,,,,,,,,,,,,,,
Mithilanchal,Jhanjharpur,Ghoghardiha,Sarauti,Bablu Thakur,Late Baldev Thakur,9199412055.0,42.0,,EBC,Badhai,"- Businessman (Timber), Owner of Arra mill.
 - Mukhiya Contestant 2016",व्यवसायी प्रकोष्ठ प्रखंड अध्यक्ष,,,,,,,,,,,,,,,,,
Mithilanchal,Jhanjharpur,Ghoghardiha,Parsa Uttari,Sambhu Nath Jha,Kamal Kant Jha,8809215659.0,56.0,,General,Brahmin,- Private Teacher & a social worker,विचार मंच प्रखंड अध्यक्ष,,,,,,,,,,,,,,,,,
Mithilanchal,Jhanjharpur,Khutauna,Karmeg Madhya,Amarjit Yadav,Vaidyanath Yadav,9599046244,38.0,,OBC,Yadav,"-Since 2021 he is active in Poilitics.
 -Transport Business (Delhi to Bihar)
 -During Election time he is dedicately did campaign for JSP
 - Interested in Farmer Politics",किसान प्रखंड अध्यक्ष,Dev,,,,,,,,,,,,,,,,
Mithilanchal,Jhanjharpur,Laukaha (Khutauna),खुटौना,Dharmveer Kamat,स्व. कामेश्वर प्रसाद,6202397529,46.0,,EBC,Kevat,"Former Mukhiya from 2016 to 2021
 two term Mukhiya Ruuner Up- in (by election in 2010 and 2011)
 His father Late Kameshwar Prasad was Mukhiya in the panchayat from 1977 to 1999",कर्पूरी मंच प्रखंड अध्यक्ष,Dev,,,,,,,,,,,,,,,,
Mithilanchal,Jhanjharpur,Khutauna,जोगीपट्टी,Visheshwar Ram,खुशीलाल राम,9801841507,45.0,,SC,Ravidas,"-Former Mukhiya of Jogipatti(2001-2006)
 -Mukhiya Runner Up of Jogipatti panchayat 2016
 -Former JDU Volanteer",अंबेडकर मंच प्रखंड अध्यक्ष,Dev,,,,,,,,,,,,,,,,
Mithilanchal,Jhanjharpur,Khutauna,परसाही पूर्वी,Mohammad Shakir,स्व. मोहम्मद हनीफ,9155532847.0,41.0,,Minority,Rayeen,"-Two term Incumbent BDC - 2016 - 2026
 - Former RJD Yuva Cell Prakhand Upadhyaksh
 2 ward member -2006 - 2016",अल्पसंख्यक प्रकोष्ठ प्रखंड अध्यक्ष,,,,,,,,,,,,,,,,,
Mithilanchal,Jhanjharpur,Khutauna,Khutauna,Pankaj Kumar Sah,Dukhi Sah,8539057598.0,30.0,,EBC,Halwai,"-Owns a medical shop.
 -Engaged in farming activities.
 -Owns around 5 bigha of land.",व्यवसायी प्रकोष्ठ प्रखंड अध्यक्ष,,,,,,,,,,,,,,,,,
Mithilanchal,Jhanjharpur,Khutauna,दुर्गीपट्टी,Rupesh Kumar Mandal,स्व. हीरालाल मंडल,9771001344.0,40.0,,EBC,Dhanuk,"He is a Defacto PACs President (3 Term) and Goverment Teacher
 From 2020 he is Defacto PACs president as his mother was elected",विचार मंच प्रखंड अध्यक्ष,,,,,,,,,,,,,,,,,
Mithilanchal,Jhanjharpur,Laukahi,"Narahaian 
 North",Ganga Prasad Safi,स्व. खट्टर साफी,7781883741,56.0,,SC,Dhobi,"- Incumbent Sarpanch (2021- Present)
 - Ward member in 2016
 - PACS president in (2011-16)
 - Ex Pacs Member (2006-11)",किसान प्रखंड अध्यक्ष,Dev,,,,,,,,,,,,,,,,
Mithilanchal,Jhanjharpur,Laukahi,नरहिया उत्तर,Ravinder Kumar,शिवनंदन मंडल,9199246194,37.0,,EBC,Dhanuk,"Attached with Kisan Union in Laukahi
 - Ex Ward member 2016",कर्पूरी मंच प्रखंड अध्यक्ष,Dev,,,,,,,,,,,,,,,,
Mithilanchal,Jhanjharpur,Laukahi,जिरोगा,Kari Sadai,मिश्रीलाल सदाय,7050840746,48.0,,SC,Mushar,"-Incumbent BDC of Jiroga Panchayat
 -Ward member (2011-16)
 -BDC runner up (2016)
 JDU Panchayat President -2010",अंबेडकर मंच प्रखंड अध्यक्ष,Dev,,,,,,,,,,,,,,,,
Mithilanchal,Jhanjharpur,Laukahi,लौकही धानचिया,Abid Hussain,अब्दुल लतीफ शाह,7559281641.0,47.0,,EBC,Shah,"-Former Congress Block President.
 - Jama Masjid Incumbent Secretory.",अल्पसंख्यक प्रकोष्ठ प्रखंड अध्यक्ष,,,,,,,,,,,,,,,,,
Mithilanchal,Jhanjharpur,Laukahi,Ladaniya,Dilip Sharma,Jagdish Sharma,9931744730.0,42.0,,EBC,Lohar,"-Prominent businessman of building materials.
 -Owns a fertilizer shop.
 -Owns around 10 bigha of land, engaged in agriculture.
 -Contested Mukhiya election, secured 332 votes among 13 candidates.",व्यवसायी प्रकोष्ठ प्रखंड अध्यक्ष,,,,,,,,,,,,,,,,,
Mithilanchal,Jhanjharpur,Laukahi,नरहिया,Syed Nazim Ahmad,सैयद मोहम्मद सैयद,9939037868.0,65.0,,Minority,Muslim,"Director Rose Public School , Narhiya",विचार मंच प्रखंड अध्यक्ष,,,,,,,,,,,,,,,,,
Mithilanchal,Jhanjharpur,Madhepur,Bhakharain,Trilochan Jha,Sanjay Jha,8877072206,31.0,,General,Brahmin,"Incumbent Ward Member (2021)
 -Yuva Morcha Prakhand Adhyaksh (2021-22)
 - Padyatri
 -Wahini
 -Wahini Pramukh
 - Block Coordinator
 - Runs General Store",किसान प्रखंड अध्यक्ष,Dev,,,,,,,,,,,,,,,,
Mithilanchal,Jhanjharpur,Madhepur,भरगामा,Saroj Kumar,राज कुमार मंडल,"7250757070
 9661056025",35.0,,EBC,Dhanuk,"2021: Defecto BDC
 2011 : Former Sarpanch
 2006 : Former Sarpanch
 Father: Former Mukhiya & Former Sarpanch
 2001 -Mukhiya Runner Up Lost 13Votes",कर्पूरी मंच प्रखंड अध्यक्ष,Dev,,,,,,,,,,,,,,,,
Mithilanchal,Jhanjharpur,Madhepur,ग्वालाख,Ramswaroop Saday,सरयू सदाय,9939685198,55.0,,SC,Musahar,"Mukhya Contestant (2006)
 
 Member lok Shakti sangthan
 Member Samajik Chetna kendra",अंबेडकर मंच प्रखंड अध्यक्ष,Dev,,,,,,,,,,,,,,,,
Mithilanchal,Jhanjharpur,Madhepur,मतरास,Md. Ashiq,मो. इसराफिल,9199654927.0,37.0,,General,Sheikh,"- 2021 Mukhiya Runner up.
 - His Father 10 Year Panchayat Adhyaksh.
 - Contrector.",अल्पसंख्यक प्रकोष्ठ प्रखंड अध्यक्ष,,,,,,,,,,,,,,,,,
Mithilanchal,Jhanjharpur,Madhepur,मतरास,Naveen Kumar,Late Chalitar Sah,9523269767.0,42.0,,EBC,Teli,"-Runner Of Sarpanch
 -Owner of Furniture Shop",व्यवसायी प्रकोष्ठ प्रखंड अध्यक्ष,,,,,,,,,,,,,,,,,
Mithilanchal,Jhanjharpur,Madhepur,भित भगवानपुर,Vijay Kumar Singh,महेश सिंह,8340611515.0,42.0,,OBC,Kushwaha,"Director , Buddhi Vikash Vidhyapith , Patki",विचार मंच प्रखंड अध्यक्ष,,,,,,,,,,,,,,,,,
,,,,,,,,,,,,,,,,,,,,,,,,,,,,,
,,,,,,,,,,,,,,,,,,,,,,,,,,,,,
,,,,,,,,,,,,,,,,,,,,,,,,,,,,,
,,,,,,,,,,,,,,,,,,,,,,,,,,,,,
,,,,,,,,,,,,,,,,,,,,,,,,,,,,,
,,,,,,,,,,,,,,,,,,,,,,,,,,,,,
,,,,,,,,,,,,,,,,,,,,,,,,,,,,,
,,,,,,,,,,,,,,,,,,,,,,,,,,,,,
,,,,,,,,,,,,,,,,,,,,,,,,,,,,,
,,,,,,,,,,,,,,,,,,,,,,,,,,,,,
,,,,,,,,,,,,,,,,,,,,,,,,,,,,,
,,,,,,,,,,,,,,,,,,,,,,,,,,,,,
,,,,,,,,,,,,,,,,,,,,,,,,,,,,,
,,,,,,,,,,,,,,,,,,,,,,,,,,,,,
,,,,,,,,,,,,,,,,,,,,,,,,,,,,,
,,,,,,,,,,,,,,,,,,,,,,,,,,,,,
,,,,,,,,,,,,,,,,,,,,,,,,,,,,,
,,,,,,,,,,,,,,,,,,,,,,,,,,,,,
,,,,,,,,,,,,,,,,,,,,,,,,,,,,,
,,,,,,,,,,,,,,,,,,,,,,,,,,,,,
,,,,,,,,,,,,,,,,,,,,,,,,,,,,,
,,,,,,,,,,,,,,,,,,,,,,,,,,,,,
,,,,,,,,,,,,,,,,,,,,,,,,,,,,,
,,,,,,,,,,,,,,,,,,,,,,,,,,,,,
,,,,,,,,,,,,,,,,,,,,,,,,,,,,,
,,,,,,,,,,,,,,,,,,,,,,,,,,,,,
,,,,,,,,,,,,,,,,,,,,,,,,,,,,,
,,,,,,,,,,,,,,,,,,,,,,,,,,,,,
,,,,,,,,,,,,,,,,,,,,,,,,,,,,,
,,,,,,,,,,,,,,,,,,,,,,,,,,,,,
,,,,,,,,,,,,,,,,,,,,,,,,,,,,,
,,,,,,,,,,,,,,,,,,,,,,,,,,,,,
,,,,,,,,,,,,,,,,,,,,,,,,,,,,,
,,,,,,,,,,,,,,,,,,,,,,,,,,,,,
,,,,,,,,,,,,,,,,,,,,,,,,,,,,,
,,,,,,,,,,,,,,,,,,,,,,,,,,,,,
,,,,,,,,,,,,,,,,,,,,,,,,,,,,,
,,,,,,,,,,,,,,,,,,,,,,,,,,,,,
,,,,,,,,,,,,,,,,,,,,,,,,,,,,,
,,,,,,,,,,,,,,,,,,,,,,,,,,,,,
,,,,,,,,,,,,,,,,,,,,,,,,,,,,,
,,,,,,,,,,,,,,,,,,,,,,,,,,,,,
,,,,,,,,,,,,,,,,,,,,,,,,,,,,,
,,,,,,,,,,,,,,,,,,,,,,,,,,,,,
,,,,,,,,,,,,,,,,,,,,,,,,,,,,,
,,,,,,,,,,,,,,,,,,,,,,,,,,,,,
,,,,,,,,,,,,,,,,,,,,,,,,,,,,,
,,,,,,,,,,,,,,,,,,,,,,,,,,,,,
,,,,,,,,,,,,,,,,,,,,,,,,,,,,,
,,,,,,,,,,,,,,,,,,,,,,,,,,,,,
,,,,,,,,,,,,,,,,,,,,,,,,,,,,,
,,,,,,,,,,,,,,,,,,,,,,,,,,,,,
,,,,,,,,,,,,,,,,,,,,,,,,,,,,,
,,,,,,,,,,,,,,,,,,,,,,,,,,,,,
,,,,,,,,,,,,,,,,,,,,,,,,,,,,,
,,,,,,,,,,,,,,,,,,,,,,,,,,,,,
,,,,,,,,,,,,,,,,,,,,,,,,,,,,,
,,,,,,,,,,,,,,,,,,,,,,,,,,,,,
,,,,,,,,,,,,,,,,,,,,,,,,,,,,,
,,,,,,,,,,,,,,,,,,,,,,,,,,,,,
,,,,,,,,,,,,,,,,,,,,,,,,,,,,,
,,,,,,,,,,,,,,,,,,,,,,,,,,,,,
,,,,,,,,,,,,,,,,,,,,,,,,,,,,,
,,,,,,,,,,,,,,,,,,,,,,,,,,,,,
,,,,,,,,,,,,,,,,,,,,,,,,,,,,,
,,,,,,,,,,,,,,,,,,,,,,,,,,,,,
,,,,,,,,,,,,,,,,,,,,,,,,,,,,,
,,,,,,,,,,,,,,,,,,,,,,,,,,,,,
,,,,,,,,,,,,,,,,,,,,,,,,,,,,,
,,,,,,,,,,,,,,,,,,,,,,,,,,,,,
,,,,,,,,,,,,,,,,,,,,,,,,,,,,,
,,,,,,,,,,,,,,,,,,,,,,,,,,,,,
,,,,,,,,,,,,,,,,,,,,,,,,,,,,,
,,,,,,,,,,,,,,,,,,,,,,,,,,,,,
,,,,,,,,,,,,,,,,,,,,,,,,,,,,,
,,,,,,,,,,,,,,,,,,,,,,,,,,,,,
,,,,,,,,,,,,,,,,,,,,,,,,,,,,,
,,,,,,,,,,,,,,,,,,,,,,,,,,,,,
,,,,,,,,,,,,,,,,,,,,,,,,,,,,,
,,,,,,,,,,,,,,,,,,,,,,,,,,,,,
,,,,,,,,,,,,,,,,,,,,,,,,,,,,,
,,,,,,,,,,,,,,,,,,,,,,,,,,,,,
,,,,,,,,,,,,,,,,,,,,,,,,,,,,,
,,,,,,,,,,,,,,,,,,,,,,,,,,,,,
,,,,,,,,,,,,,,,,,,,,,,,,,,,,,
,,,,,,,,,,,,,,,,,,,,,,,,,,,,,
,,,,,,,,,,,,,,,,,,,,,,,,,,,,,
,,,,,,,,,,,,,,,,,,,,,,,,,,,,,
,,,,,,,,,,,,,,,,,,,,,,,,,,,,,
,,,,,,,,,,,,,,,,,,,,,,,,,,,,,
,,,,,,,,,,,,,,,,,,,,,,,,,,,,,
,,,,,,,,,,,,,,,,,,,,,,,,,,,,,
,,,,,,,,,,,,,,,,,,,,,,,,,,,,,
,,,,,,,,,,,,,,,,,,,,,,,,,,,,,
,,,,,,,,,,,,,,,,,,,,,,,,,,,,,
,,,,,,,,,,,,,,,,,,,,,,,,,,,,,
,,,,,,,,,,,,,,,,,,,,,,,,,,,,,
,,,,,,,,,,,,,,,,,,,,,,,,,,,,,
,,,,,,,,,,,,,,,,,,,,,,,,,,,,,
,,,,,,,,,,,,,,,,,,,,,,,,,,,,,
,,,,,,,,,,,,,,,,,,,,,,,,,,,,,
,,,,,,,,,,,,,,,,,,,,,,,,,,,,,
,,,,,,,,,,,,,,,,,,,,,,,,,,,,,
,,,,,,,,,,,,,,,,,,,,,,,,,,,,,
,,,,,,,,,,,,,,,,,,,,,,,,,,,,,
,,,,,,,,,,,,,,,,,,,,,,,,,,,,,
,,,,,,,,,,,,,,,,,,,,,,,,,,,,,
,,,,,,,,,,,,,,,,,,,,,,,,,,,,,
,,,,,,,,,,,,,,,,,,,,,,,,,,,,,
,,,,,,,,,,,,,,,,,,,,,,,,,,,,,
,,,,,,,,,,,,,,,,,,,,,,,,,,,,,
,,,,,,,,,,,,,,,,,,,,,,,,,,,,,
,,,,,,,,,,,,,,,,,,,,,,,,,,,,,
,,,,,,,,,,,,,,,,,,,,,,,,,,,,,
,,,,,,,,,,,,,,,,,,,,,,,,,,,,,
,,,,,,,,,,,,,,,,,,,,,,,,,,,,,
,,,,,,,,,,,,,,,,,,,,,,,,,,,,,
,,,,,,,,,,,,,,,,,,,,,,,,,,,,,
,,,,,,,,,,,,,,,,,,,,,,,,,,,,,
,,,,,,,,,,,,,,,,,,,,,,,,,,,,,
,,,,,,,,,,,,,,,,,,,,,,,,,,,,,
,,,,,,,,,,,,,,,,,,,,,,,,,,,,,
,,,,,,,,,,,,,,,,,,,,,,,,,,,,,
,,,,,,,,,,,,,,,,,,,,,,,,,,,,,
,,,,,,,,,,,,,,,,,,,,,,,,,,,,,
,,,,,,,,,,,,,,,,,,,,,,,,,,,,,
,,,,,,,,,,,,,,,,,,,,,,,,,,,,,
,,,,,,,,,,,,,,,,,,,,,,,,,,,,,
,,,,,,,,,,,,,,,,,,,,,,,,,,,,,
,,,,,,,,,,,,,,,,,,,,,,,,,,,,,
,,,,,,,,,,,,,,,,,,,,,,,,,,,,,
,,,,,,,,,,,,,,,,,,,,,,,,,,,,,
,,,,,,,,,,,,,,,,,,,,,,,,,,,,,
,,,,,,,,,,,,,,,,,,,,,,,,,,,,,
,,,,,,,,,,,,,,,,,,,,,,,,,,,,,
,,,,,,,,,,,,,,,,,,,,,,,,,,,,,
,,,,,,,,,,,,,,,,,,,,,,,,,,,,,
,,,,,,,,,,,,,,,,,,,,,,,,,,,,,
,,,,,,,,,,,,,,,,,,,,,,,,,,,,,
,,,,,,,,,,,,,,,,,,,,,,,,,,,,,
,,,,,,,,,,,,,,,,,,,,,,,,,,,,,
,,,,,,,,,,,,,,,,,,,,,,,,,,,,,
,,,,,,,,,,,,,,,,,,,,,,,,,,,,,
,,,,,,,,,,,,,,,,,,,,,,,,,,,,,
,,,,,,,,,,,,,,,,,,,,,,,,,,,,,
,,,,,,,,,,,,,,,,,,,,,,,,,,,,,
,,,,,,,,,,,,,,,,,,,,,,,,,,,,,
,,,,,,,,,,,,,,,,,,,,,,,,,,,,,
,,,,,,,,,,,,,,,,,,,,,,,,,,,,,
,,,,,,,,,,,,,,,,,,,,,,,,,,,,,
,,,,,,,,,,,,,,,,,,,,,,,,,,,,,
,,,,,,,,,,,,,,,,,,,,,,,,,,,,,
,,,,,,,,,,,,,,,,,,,,,,,,,,,,,
,,,,,,,,,,,,,,,,,,,,,,,,,,,,,
,,,,,,,,,,,,,,,,,,,,,,,,,,,,,
,,,,,,,,,,,,,,,,,,,,,,,,,,,,,
,,,,,,,,,,,,,,,,,,,,,,,,,,,,,
,,,,,,,,,,,,,,,,,,,,,,,,,,,,,
,,,,,,,,,,,,,,,,,,,,,,,,,,,,,
,,,,,,,,,,,,,,,,,,,,,,,,,,,,,
,,,,,,,,,,,,,,,,,,,,,,,,,,,,,
,,,,,,,,,,,,,,,,,,,,,,,,,,,,,
,,,,,,,,,,,,,,,,,,,,,,,,,,,,,
,,,,,,,,,,,,,,,,,,,,,,,,,,,,,
,,,,,,,,,,,,,,,,,,,,,,,,,,,,,
,,,,,,,,,,,,,,,,,,,,,,,,,,,,,
,,,,,,,,,,,,,,,,,,,,,,,,,,,,,
,,,,,,,,,,,,,,,,,,,,,,,,,,,,,
,,,,,,,,,,,,,,,,,,,,,,,,,,,,,
,,,,,,,,,,,,,,,,,,,,,,,,,,,,,
,,,,,,,,,,,,,,,,,,,,,,,,,,,,,
,,,,,,,,,,,,,,,,,,,,,,,,,,,,,
,,,,,,,,,,,,,,,,,,,,,,,,,,,,,
,,,,,,,,,,,,,,,,,,,,,,,,,,,,,
,,,,,,,,,,,,,,,,,,,,,,,,,,,,,
,,,,,,,,,,,,,,,,,,,,,,,,,,,,,
,,,,,,,,,,,,,,,,,,,,,,,,,,,,,
,,,,,,,,,,,,,,,,,,,,,,,,,,,,,
,,,,,,,,,,,,,,,,,,,,,,,,,,,,,
,,,,,,,,,,,,,,,,,,,,,,,,,,,,,
,,,,,,,,,,,,,,,,,,,,,,,,,,,,,
,,,,,,,,,,,,,,,,,,,,,,,,,,,,,
,,,,,,,,,,,,,,,,,,,,,,,,,,,,,
,,,,,,,,,,,,,,,,,,,,,,,,,,,,,
,,,,,,,,,,,,,,,,,,,,,,,,,,,,,
,,,,,,,,,,,,,,,,,,,,,,,,,,,,,
,,,,,,,,,,,,,,,,,,,,,,,,,,,,,
,,,,,,,,,,,,,,,,,,,,,,,,,,,,,
,,,,,,,,,,,,,,,,,,,,,,,,,,,,,
,,,,,,,,,,,,,,,,,,,,,,,,,,,,,
,,,,,,,,,,,,,,,,,,,,,,,,,,,,,
,,,,,,,,,,,,,,,,,,,,,,,,,,,,,
,,,,,,,,,,,,,,,,,,,,,,,,,,,,,
