Si_no,Lead Source,Regional Name,Region,District Name,PC NO,PC Name,AC NO,AC Name,Block,ZP Area No,Total Voters,Total No of Panchayat,Top 5 Caste & Population,Probable ZP Candidate Name,Contact No,In Final Candidates List,Category,Caste,Age,Brief Profile,Unique Key,Call Status,Activation Status,Ready to Make 20 Members Committee,Calling Status 2,ZP_Seat_Status,Remarks,Probable Date,Remarks,POC,Calling Status 2,,,,,,,,,,,,,,,,,,,
1.0,,Anmol,Nalanda,Nalanda,29.0,Nalanda,171.0,Asthawan,Bind,24.0,,7.0,"Kurmi
Paswan
Dhanuk
Yadav
Beldar ",Chandrachur Diwakar,8863891566.0,No,OBC,Kurmi,42.0,"-ZP Runner Up 2021 and 2016
Received 2900 Votes in 2016 and 6700 votes in 2021
-Ex-JDU  JIla Mahasachiv, Nalanda
Kishan Pradesh Sachiv JDU (Kishan Prakoshth)
Helped Lata Singh, Jansuraj Candidate in AE",Bind_24,Call Connected,Active,Yes,Call Connected,Onboarded,He will contend anyhow but asked for Monetary Help.,30/08/2026,He is going out of town for 8 days,,,,,,,,,,,,,,,,,,,,,
2.0,,Anmol,Nalanda,Nalanda,29.0,Nalanda,171.0,Asthawan,Bind,24.0,,7.0,"Kurmi
Yadav
Beldar
Mallah",Arvind Yadav,7217683310.0,Bind_24,OBC,Yadav,46.0,"-ZP Runner Up 2021 Received vote 4950 (3rd place)
-Brother of former Mukhiya Champion Yadav
Have Godam near Palam Airport, New Delhi",Bind_24,Call Connected,Dicey,,Call Connected,Onboarded,He is willing to contest the election but he is not sure about the nature of the seat.,2026-08-09 00:00:00,He will come to Nalanda in the first week of September and will then form a committee of 20 members. He wants to become active in the election after the delimitation process.,,,,,,,,,,,,,,,,,,,,,
4.0,,Anmol,Nalanda,Nalanda,29.0,Nalanda,171.0,Asthawan,Sarmera,26.0,,5.0,"Bhumihar-4000
Kurmi-3500
Dhanuk-3000
Yadav-2500
Chauhan/Mallah-2000",Ashok Kumar Singh,9386020877.0,Sarmera_26,Gen,Bhumihar,62.0,"-Incumbent zp 2021-till date, Runner up ZP 2016 by 50 votes
-Incumbent PACs President 2014-till date
-Former Mukhiya 2011-21
-Mukhiya Runner-up in 2021 lost by a few votes
He is member of Jansuraj Pradesh Committee",Sarmera_26,Call Connected,Dicey,No,Call Connected,Onboarded,"Want Financial Support from JSP, Ready to organise 'Sabha'",,Will decide and let us know later.,,,,,,,,,,,,,,,,,,,,,
9.0,,Anmol,Nalanda,Nalanda,29.0,Nalanda,171.0,Asthawan,Katarisarai,34.0,,5.0,"Kurmi-2800, Bhumihar-2800, Mushar-4500, Dhanuk-1500, Tatwa-800",Bharatbhushan Prasad,8235816516.0,Katrisarai_34,OBC,Kurmi,42.0,"  -ZP runner-up 2021,2016. 
-JSP Block President
1155 votes in 2016 
1300 votes in 2021
Runs School Dress Shop",Katarisarai_34,Call Connected,Highly Active,Yes,Call Connected,Onboarded,A Pure Jansurai Personality,27/08/2026,,,,,,,,,,,,,,,,,,,,,,
10.0,,Anmol,Nalanda,Nalanda,29.0,Nalanda,172.0,Biharsharif,Rahui,22.0,,8.0,"Kurmi
Paswan
Yadav
Ravidas
Kahar",Vineeta Devi/Manoj Kumar,8210983134.0,Rahui_22,SC,Paswan,49.0,"-First ZP Runner-up in 2021 Secured 4682 votes
-Former BDC in 2001
-Highly active for jansuraj
-Good Influence in SC Community in Rahui Block 
-Businessman Property Dealer",Rahui_22,Call Connected,Active,Yes,Call Connected,Onboarded,"He believes in fighting the election in a well-organised manner. From putting resources on the ground to utilising women, he believes in a full-fledged election campaign.",26/08/02026,"If the reservation is removed from the ZP seat after delimitation, he will contest the Mukhiya election.",,,,,,,,,,,,,,,,,,,,,
15.0,,Anmol,Nalanda,Nalanda,29.0,Nalanda,172.0,Biharsharif,Biharsharif,31.0,,6.0,"Kushwaha-10000, Yadav-9000, Pasi-7500, Nai-2000, Badhai-2000",Lalan Raaj,7461966854.0,Biharsharif_31,SC,Pasi,46.0,"-ZP Runnerup 2021- 3800 votes, , 
His mother is Ward Member of Ward 12
Runs shop of Construction material",Biharsharif_31,Call Connected,Active,,Call Connected,Onboarded,,24/08/2026,"Eastern and Western regions ,he is preparing from both sides and will contest the election from whichever seat is reserved for the appropriate category.",,,,,,,,,,,,,,,,,,,,,
16.0,,Anmol,Nalanda,Nalanda,29.0,Nalanda,172.0,Biharsharif,Biharsharif,31.0,,5.0,"Kushwaha-15000, Paswan-6000, Ravidash-4000, Yadav-3000 Kumhar-1500",Sonu Kumar,9523849346.0,Biharsharif_31,SC,Ravidash,33.0,"ZP Runneriup 3400, 
JDU SC Prakosth Nagar Adhyaksh
Land Broker",Biharsharif_31,,,,Call Connected,Onboarded,He will not fight if seat becomes EBC,,,,,,,,,,,,,,,,,,,,,,,
23.0,,Anmol,Nalanda,Nalanda,29.0,Nalanda,174.0,Islampur,Ekangarsarai,5.0,,7.0,"Mahto-12000
Yadav-9000
Bhumihar-4000
Paswan-3000",Anand Raj,9430923617.0,Ekangarsarai_5,OBC,Yadav,34.0,"
-Zila Parishad Runner-up and got 7423 votes in ZP election 2021
-His father Baiju Prasad Yadav was a Former MLA of Hilsa Constituency in 1995 from Samta Party
-He runs his own School from class 1 to 8 affiliated from bihar board
",Ekangarsarai_5,,,,Call Connected,Onboarded,Educated (B. Tech) and have a good ability to deliver speeches. Ready to meet and organise Sabha.,,,,,,,,,,,,,,,,,,,,,,,
25.0,,Anmol,Nalanda,Nalanda,29.0,Nalanda,174.0,Islampur,Islampur,7.0,,,"Yadav 
Kurmi ",Sourbh Kumar Mani,7544084375.0,Islampur_7,OBC,Yadav,30.0,"-Former Defacto ZP Contestant, 2021 , Runner Up
-Former Defacto BDC Contestant, 2016, Runner Up
-Former Defacto Mukhiya Contestant, 2011, Runner Up
-Former RJD Yuva Zila Upadhyaksh, 2015 To 2025
-Businessman(Bike Showroom, Real Estate )
Regional Prabhari Jansuraj Nalanda",Islampur_7,,,,Call Connected,Onboarded,"He was about to get MLA ticket during the 2021 election from Jansuraj, but did not receive. Meeting + Sabha. He was with Prashant during the election. Prashant knows him personally. ",,,,,,,,,,,,,,,,,,,,,,,
28.0,,Anmol,Nalanda,Nalanda,29.0,Nalanda,174.0,Islampur,Islampur,9.0,,6.0,,Royeen Khatun/Mohammad Sameer,7790870786.0,Islampur_9,Minority,Muslim,35.0,"ZP Runner Up 2021, Received 2927 votes (2nd Position)
Do Bangle's Business ",Islampur_9,,,,Call Connected,Onboarded,"He will fight, but can be searched for a better option on this seat.",,,,,,,,,,,,,,,,,,,,,,,
36.0,,Anmol,Nalanda,Nalanda,29.0,Nalanda,176.0,Nalanda,Noorsarai,14.0,,8.0,"Yadav: 15000
Kurmi: 12000
Zaldar: 5000
Chandravansi: 5000
Muslim :3000",Meera Kumari/Sunil Kumar,9835323435.0,Noorsarai_14,EBC,Chandravansi,43.0,"ZP Runnerup in 2021,Lost by 2400 Votes, Received 11000 votes
Incumbent ZP in 2016
Works in LIC
Runs cloth shop
Land broker",Noorsarai_14,,,,Call Connected,Onboarded,He is ready to fight ZP election with support of Jansuraj. He is not associated with any political party yet.,,,,,,,,,,,,,,,,,,,,,,,
37.0,,Anmol,Nalanda,Nalanda,29.0,Nalanda,176.0,Nalanda,Noorsarai,15.0,,9.0,"Kurmi
Paswan
Yadav
Ravidas
Beldar",Beauty Kumari/Sonu Kumar,8252226463.0,Noorsarai_15,SC,Paswan,35.0,"Zp Runner in 2021, Received 2249 Votes
He is a farmer 
",Noorsarai_15,,,,Call Connected,Onboarded,"He is not an Ideal Candidate, but if we fail to find a better candidate, we can go with him. ",,,,,,,,,,,,,,,,,,,,,,,
39.0,,Anmol,Nalanda,Nalanda,29.0,Nalanda,177.0,Harnaut,Nagarnausa,2.0,,9.0,"Mahto 
Paswan
Yadav",Ramesh Paswan/Indu Devi,9798812213.0,Nagar Nausa_2,SC,Dusadh,54.0,"Former JDU  Zila Adhyaksh SC/ST Prakoshth (2014-2022)
- Former JDU Zila Upadhyaksh (2012-2014)
- Former JDU Prakhand Adhyaksh (2005-2008)
- ZP runner-up 2021 (5807 votes), Lost by 1200 votes
- Former Mukhiya runner-up 2006
- Former BDC 2001 """,Nagarnausa_2,,,,Call Connected,Onboarded,Age is a big issue,,,,,,,,,,,,,,,,,,,,,,,
43.0,,Anmol,Nalanda,Nalanda,29.0,Nalanda,177.0,Harnaut,Harnaut,20.0,,8.0,"Bind: 20000
Paswan: 17000
Mahto: 11000
Ramani:",Kamlesh Paswan,9931910262.0,Harnaut_20,SC,Paswan,59.0,"
-Incumbent 3 Consecutive Terms Zila Parishad(2011 to Till Date)
-Former Panchayat Samiti Sadasya(2001 to 2006)
-Jan Suraaj State Core Committee Member",Harnaut_20,,,,Call Connected,Onboarded,He is a bit older.,,,,,,,,,,,,,,,,,,,,,,,
44.0,,Anmol,Nalanda,Nalanda,29.0,Nalanda,177.0,Harnaut,Harnaut,21.0,,8.0,"""Yadav: 9000
Dhanuk: 8000""",Mintu Devi/ Dhananjay Prashad,9625007083.0,No,EBC,Dhanuk,35.0,"-ZP Runnerup 2021, Received-5400 votes, lost by 1200, 2nd position,
His Uncle Shaailendra kumar is incumbent Mukhiya
Have Printing Press Business",Harnaut_21,,,,Call Connected,Onboarded,He will meet and ready to have sabha,,,,,,,,,,,,,,,,,,,,,,,
45.0,,Anmol,Nalanda,Nalanda,29.0,Nalanda,177.0,Harnaut,Harnaut,21.0,,8.0,"Kurmi
Yadav
Beldar
",Babita Devi/Jitendra  Kumar alias Laddu Kr,6207571171.0,Harnaut_21,EBC,Dhanuk,42.0,"ZP Runner Up, Recieved 4400 votes, lost by 2200 (3rd Position, )
Occupation: Thekedari",Harnaut_21,,,,Call Connected,Onboarded,,,,,,,,,,,,,,,,,,,,,,,,
46.0,,Anmol,Nalanda,Nawada,39.0,Nawada,235.0,Rajauli (SC),Mescour,6.0,,10.0,"Yadav: 22000
Pasi: 16000
Rajbhar: 13000
Muslim: 10000
Kushwaha: 10000
Paswan: 10000",Uday Chaudhari alias Guddu Chaudhari,6201290425.0,No,SC,Pasi,38.0,"- 2021 ZP Contestant
- 2016 BDC Contestant
- 2011 BDC Contestant
- 2016 to 2024 Pasi Samaj Sachiv ( Akhil Bhartiya Pasi Samaj)
- 2015 to 2019 RJD Yuva President Zila.",Mescour_6,Call Connected,,,Call Connected,Onboarded,"He is young and belongs to SC community. At the same time, his caste is 2nd largest population in the ZP area.",,His wife recieve a call. ,,,,,,,,,,,,,,,,,,,,,
48.0,,Anmol,Nalanda,Nawada,39.0,Nawada,235.0,Rajauli (SC),Mescour,6.0,,10.0,"Yadav: 22000
Pasi: 16000
Rajbhar: 13000
Muslim: 10000
Kushwaha: 10000
Paswan: 10000",Dinesh Kumar,8757868670.0,No,SC,Paswan,35.0,"3rd place in 2015 Assembly Election, Received 10000 votes| 
ZP runner up in 2021 , Received 5400 votes
Nagar nigam chairman 2022 runner up",Mescour_6,Not Received ,,,Call Connected,Onboarded,"If seat gets reserved, He will fight if not he will put his friend Arvind Yadav to fight.
Meeting fix",,,,,,,,,,,,,,,,,,,,,,,
49.0,,Anmol,Nalanda,Nawada,39.0,Nawada,235.0,Rajauli (SC),Sirdala,7.0,,8.0,"Yadav 
Ravidas
Chaudhari (Pasi)
Rajwanshi (Rajbhar)",Bablu Chaudhary,8271460088.0,Sirdala_8,SC,Pasi,35.0,"
- Defacto BDC runner up in 2016 received 456 votes.
- ZP runner up in 2021 received  5773 votes.
- BSP Zila Prabhari, 2021-2024.
- BSP Rajouli Vidhansabha Prabhari from 2016 to 2020.""",Sirdala_7,Call Connected,Active,,Call Connected,Onboarded,,,,,,,,,,,,,,,,,,,,,,,,
52.0,,Anmol,Nalanda,Nawada,39.0,Nawada,235.0,Rajauli (SC),Sirdala,8.0,,7.0,"Yadav: 18000
Ravidas: 14000
Rajbhar: 10000
Pasi: 5000",Sumitra Devi\Misri ravidas,9955733078.0,Sirdala_8,SC,Chamar,47.0,"- Defacto ZP runner up received 5141 votes in 2021.
- Defecto Mukhiya runner-up, received 357 votes in 2016.
- Former Block Pramukh (2003-2006) 
- Former BDC (2001)
Jansuraj Jila Sachiv Navada Dist",Sirdala_8,Call Connected,Active,,Call Connected,Onboarded,Meeting+Sabha,,,,,,,,,,,,,,,,,,,,,,,
53.0,,Anmol,Nalanda,Nawada,39.0,Nawada,235.0,Rajauli (SC),Rajauli,9.0,,7.0,"Yadav: 18000
Kushwaha: 10000
Rajbhar: 10000
Pasi: 8000
Ravidas: 2000",Naresh Chaudhary,"9661191816
7856020856",Rajauli_9,SC,Pasi,57.0,"Jan Suraaj Anumandal Adhyaksh/ Vidhansabha Candidate

-Former ZP Member(2016 to 2021), 9800 Votes, lost by 3000
-Former ZP Contestant(2001), got 5000 votes
-Former RJD Zila Adhyaksh(2020 to 2023)
-Former RJD Panchayti Raj Prakhand Adhyaksh(2016 to 2020)
-Former RJD Member(1998 to 2023)
",Rajauli_9,Call Connected,Active,,Call Connected,Onboarded,Meeting + Sabha,,,,,,,,,,,,,,,,,,,,,,,
54.0,,Anmol,Nalanda,Nawada,39.0,Nawada,235.0,Rajauli (SC),Rajauli,9.0,,7.0,"Yadav: 18000
Kushwaha: 10000
Rajbhar: 10000
Pasi: 8000
Ravidas: 2000",Rajendra Chaudhari,9162708963.0,Rajauli_9,SC,Pasi,53.0,"2021- ZP contestant, Received 6200 votes, lost by 7000 votes
- RMP",Rajauli_9,Call Connected,Dicey,,Call Connected,Onboarded,He is brother in law of Naresh Chaudhari,,Waiting for roaster ,,,,,,,,,,,,,,,,,,,,,
66.0,,Anmol,Nalanda,Nawada,39.0,Nawada,236.0,Hisua,Akbarpur,12.0,,6.0,,Suryadev Prasad,8540094699.0,Akbarpur_12,EBC,Dangi,68.0,"-Incumbent ZP (2021 To Till Date), Received-11000 votes
-Former RJD Pradesh Sachiv(2022 To 2024)
-Jan Suraaj Zila Abhiyaan Samiti Sanyojak",Akbarpur_12,Not Received ,,,Call Connected,Onboarded,"He is old, but his son can be a good candidate.",,,,,,,,,,,,,,,,,,,,,,,
69.0,,Anmol,Nalanda,Nawada,39.0,Nawada,237.0,Nawada,Nardiganj,1.0,,5.0,"Yadav 
Manjhi
Rajwansji
Koiri",Md. Rakib Khan,9801436145.0,No,Minority,Muslim,45.0,"- LJP(R) Ex-Youth Adhyaksh in 2005-2006
- 2 Term ZP Contestant in 2006 & 2011.
- RMP Practitioner from 25 years and runs a Clinic.
- Father was BAMS Doctor. ",Nardiganj_1,Not Received ,,,Call Connected,Onboarded,Meeting + Sabha,,,,,,,,,,,,,,,,,,,,,,,
74.0,,Anmol,Nalanda,Nawada,39.0,Nawada,237.0,Nawada,Nawada,15.0,,7.0,,Prabha Kumari/Arvind Prashad,9801963888.0,Nawada_15,EBC,Adrakhi,56.0,"Ex-Zila Mahasachiv Jansuraj
His Daughter in law is Pramukh
- Former ZP (2006)
- ZP Runner up in 2021 loss by 1267 Votes.
- ZP Runner Up in 2016 (2nd Position).
- Former JDU Zila Upadhyaksh (2017-2020)",Nawada_15,Call Connected,,,Call Connected,Onboarded,Meeting + Sabha,,,,,,,,,,,,,,,,,,,,,,,
81.0,,Anmol,Nalanda,Nawada,39.0,Nawada,238.0,Gobindpur,Kauwakol,24.0,,8.0,"Yadav: 13000
Bhumihar: 11000
Rajput: 10000
Koiri- 9000
Muslim: 7000",Satyendra Kumar,8709304010.0,No,Gen,Bhumihar,57.0,"-ZP Runnerup 2021- 5700 votes, 3rd,2011-2016 MUKHIYA Nabadih Panchyat",Kauwakol_24,Not Received ,,,Call Connected,Onboarded,Meeting,,,,,,,,,,,,,,,,,,,,,,,
92.0,,Anmol,Nalanda,Lakhisarai,,,,,Surajgarha,4.0,,4.0,"Yadav: 8000
Dhanuk: 3000
Kurmi: 5000
Muslim: 1500",Shravan Kumar,7903100131.0,No,EBC,Dhanuk,50.0,"ZP Runner Up in 2021, Received 4251 votes (2nd Position)
ZP Runner Up in 2006, Received 2500 votes
Does Truck business ",Surajgarha_4,Not Received ,,,Call Connected,Onboarded,,,,,,,,,,,,,,,,,,,,,,,,
100.0,,Anmol,Nalanda,Lakhisarai,28.0,Munger,167.0,Suryagarha,Surajgarha,3.0,,7.0,"Yadav: 12000
Bhumihar: 10000
Mahto: 3500
Bind: 2000
Koda-1700",Vindu Devi/ Subhash Chandra Yadav,9102042557.0,Surajgarha_3,OBC,Yadav,37.0,"Zp Runner Up, Received 9000 votes (2nd)
Won Pacs Election in 2009
his Uncle is Mukhiya 
He is a Railway Employee ",Surajgarha_3,Call Connected,Active,Yes,Call Connected,Onboarded,,,,,,,,,,,,,,,,,,,,,,,,
101.0,,Anmol,Nalanda,Lakhisarai,28.0,Munger,167.0,Suryagarha,Surajgarha,3.0,,7.0,"Yadav: 12000
Bhumihar: 10000
Mahto: 3500
Bind: 2000
Koda-1700",Vidya Devi/Ambika Sharan Yadav,9973472024.0,Surajgarha_3,OBC,Yadav,39.0,"Zp Runner Up
He is very close to Mahesh Yadav (Zila Adhyaksh Lakhisarai)",Surajgarha_3,Call Connected,Active,,Call Connected,Onboarded,,,,,,,,,,,,,,,,,,,,,,,,
110.0,,Anmol,Nalanda,Lakhisarai,28.0,Munger,168.0,Lakhisarai,Halsi,11.0,,10.0,"
Mahto
Bhumihar
Yadav
Dhanuk",Geetaa Devi/Bhushan Prashad Yadav,9525226311.0,No,OBC,Yadav,55.0,"ZP runner up 2021, Received 9721 votes (2nd Position)
Mukhiya 2001
BDC 2006 and 2011, Won Vice-Pramukh in 2006 and 2011
Mukhiya 2016 (Pawan Ram, his own candidate)

",Halsi_11,Busy,,,Call Connected,Onboarded,,,,,,,,,,,,,,,,,,,,,,,,
115.0,,Anmol,Nalanda,Lakhisarai,28.0,Munger,168.0,Lakhisarai,Halsi,11.0,,10.0,"
Mahto
Bhumihar
Yadav
Dhanuk",Chandrakala Devi/Awadh Paswan,9006587402.0,No,SC,Paswan,52.0,"ZP Runner Up 2021, Received 4800 votes 
ZP Runner Up 2016, Received 6000 votes 
ZP Runner Up 2011, Received 7900 Votes
Currently in BJP but he was also in Congress 
Occupation- Farmer ",Halsi_11,,,,Call Connected,Onboarded,Not a idea candidate but I have kept him as a option.,,,,,,,,,,,,,,,,,,,,,,,
141.0,,Anmol,Nalanda,Nalanda,29.0,Nalanda,171.0,Asthawan,Katarisarai,34.0,,5.0,"Kurmi-2800, Bhumihar-2800, Mushar-4500, Dhanuk-1500, Tatwa-800",Kaushelendra Prasaad,7091540391.0,No,OBC,Kurmi,56.0,"Incumbent ZP 2021, Received 3900, Won by 339 votes
ZP Runner Up 2016, lost by 700 votes
ZP Runner Up 2011, lost by 71 votes
ZP Runner Up 2005, lost by 700 votes",Katarisarai_34,,,,Call Connected,Onboarded,,,,,,,,,,,,,,,,,,,,,,,,
144.0,,Anmol,Nalanda,Nalanda,29.0,Nalanda,171.0,Asthawan,Sarmera,25.0,,5.0,,Ashish Ranjan,9608063098.0,No,OBC,Kurmi,25.0,"ZP Runner Up 2021, Received 3741 votes, lost by 4000
DId MA in History ",Sarmera_25,,,,Call Connected,Onboarded,He can be a new face,,,,,,,,,,,,,,,,,,,,,,,
151.0,,Anmol,Nalanda,Nalanda,29.0,Nalanda,172.0,Biharsharif,Biharsharif,30.0,,7.0,"Kurmi-20000
Yadav- 18000
Paswan-16000
ST-14000",Kumari Meera Sinha/Brajesh Kr Sinha,9155444455.0,No,OBC,Kurmi,56.0,"ZP Runner Up 2021, Received 5900
Mukhiya from 2001 to 2016
ZP in 2016 to 2021",Biharsharif_30,,,,Call Connected,Onboarded,,,,,,,,,,,,,,,,,,,,,,,,
157.0,,Anmol,Nalanda,Nalanda,29.0,Nalanda,172.0,Biharsharif,Biharsharif,32.0,,,"Kushwaha: 17000
Bhumihar
Paswan
Rajput
Beldar (Chauhan)",Ritesh Kumar,7050521561.0,No,OBC,Kushwaha,32.0,"ZP Runner Up 2021, Vote Received 4100, Lost by 600 votes",Biharsharif_32,,,,Call Connected,Onboarded,,,,,,,,,,,,,,,,,,,,,,,,
159.0,,Anmol,Nalanda,Nalanda,29.0,Nalanda,172.0,Biharsharif,Biharsharif,32.0,,,,Bipul Kumar,7480090883.0,No,General,,35.0,,Biharsharif_32,,,,Call Connected,Onboarded,,,,,,,,,,,,,,,,,,,,,,,,
168.0,,Anmol,Nalanda,Nalanda,29.0,Nalanda,172.0,Biharsharif,Rahui,23.0,,8.0,"Kurmi
Paswan
Yadav
Bind
Ramani (Kahar)",Prabha Devi/Shashikant Kumar,8210091671.0,Rahui_23,OBC,Kurmi,33.0,"Defacto ZP Runner Up 2021, Received 5100 votes, lost by 1900
",Rahui_23,,,,Call Connected,Onboarded,,,,,,,,,,,,,,,,,,,,,,,,
170.0,,Anmol,Nalanda,Nalanda,29.0,Nalanda,173.0,Rajgir (SC),Ekangarsarai,33.0,,7.0,"Bumihar: 9000
Koiri: 6000
Yadav: 4000
Muslim: 3000",Mano Devi/Durga Prashad,8340440921.0,Giriak_33,EBC,Dhanuk,45.0,"

- Defacto ZP (2021)
- Former JDU District President in EBC wing(2018-2023)
- Former Pramukh (2011)
- Former Up pramukh (2016)
- His wife is incumbent ward Parshad 
- Own Many businesses ( bricks chimney) 
""",Ekangarsarai_33,,,,Call Connected,Onboarded,,,,,,,,,,,,,,,,,,,,,,,,
178.0,,Anmol,Nalanda,Nalanda,29.0,Nalanda,173.0,Rajgir (SC),Rajgir,10.0,,,,Sundari Devi,9572158678.0,No,SC,Paswan,56.0,"ZP Runner 2021, Received-5000 (5th Rank)
ZP Runner Up 2016, Received- 3900
Mukhiya Runner Up 2026",Rajgir_10,,,,Call Connected,Onboarded,"He is not an ideal candidate, but can be considered if no other option comes.",,,,,,,,,,,,,,,,,,,,,,,
184.0,,Anmol,Nalanda,Nalanda,29.0,Nalanda,173.0,Rajgir (SC),Silaav,12.0,,5.0,"Bhumihar
Yadav
Kushwaha
Kurmi",Arvind Kumar Verma,8540936382.0,No,OBC,,47.0,"ZP Runner Up 2021, Received 3200 Votes, Lost by 150 votes
ZP Runner up 2016, 3rd position
ZP Runner Up 2011, Received 2200 votes ",Silaav_12,,,,Call Connected,Onboarded,,,,,,,,,,,,,,,,,,,,,,,,
192.0,,Anmol,Nalanda,Nalanda,29.0,Nalanda,174.0,Islampur,Ekangarsarai,6.0,,9.0,,Reena Ranjan/Rajeev Kumar,8789385185.0,No,OBC,Mahto (Ghamaila),36.0,"Defacto ZP Runner Up 2021, Received 6500 votes, lost by 2200 votes
PACS Runner Up in 2018
Completed all Nal-Jal Yojna work as a thekedar in Nalanda District",Ekangarsarai_6,,,,Call Connected,Onboarded,,,,,,,,,,,,,,,,,,,,,,,,
222.0,,Anmol,Nalanda,Nalanda,29.0,Nalanda,175.0,Hilsa,Parbalpur,16.0,,5.0,Kurmi,Ranjeet Prasaad,9631333313.0,Parbalpur_16,OBC,Yadav,43.0,"ZP Runner Up 2021, Received 5500 votes 
ZP Runner Up 2016, Received 3000 Votes
Construction Business 
B.Tech. and LLB",Parbalpur_16,,,,Call Connected,Onboarded,,,,,,,,,,,,,,,,,,,,,,,,
244.0,,Anmol,Nalanda,Nalanda,29.0,Nalanda,177.0,Harnaut,Chandi,18.0,,6.0,,Rubi Devi/ Vikash Kr Chandravansi,9939655390.0,Chandi_18,SC,Kahar,38.0,"ZP Runner Up 2021, Received 3700 votes 
Chandravansi Samaj Prakhand Adhyaksh 
Construction Businss and Shop ",Chandi_18,,,,Call Connected,Onboarded,,,,,,,,,,,,,,,,,,,,,,,,
248.0,,Anmol,Nalanda,Nalanda,29.0,Nalanda,177.0,Harnaut,Chandi,19.0,,7.0,"Yadav
Chauhan
Kahar
Kurmi
Paswan",Rajesh Kumar,9798199319.0,Chandi_19,OBC,Beldar,34.0,"ZP Runner Up 2021, Vote Received 2865
Govt Teacher",Chandi_19,,,,Call Connected,Onboarded,"He will put his brother to fight the election, as he has become a government employee now.",,,,,,,,,,,,,,,,,,,,,,,
275.0,,Anmol,Nalanda,Nawada,39.0,Nawada,235.0,Rajauli (SC),Rajauli,10.0,,8.0,"Yadav 
Rajwanshi
Teli
Mushar",Geetaa Devi/ Bholeshankar Rajwanshi,9162993264.0,No,SC,Rajbhar,37.0,"ZP Runner Up 2021, Received 2565 votes, lost by 2300 votes
ZP Runner Up 2016, Received 1500 votes, lost by 1500 votes
Mukhiya 2016, won by 60 votes
Mukhiya Runner up 2006, lost by 60 votes",Rajauli_10,Not Received ,,,Call Connected,Onboarded,,,,,,,,,,,,,,,,,,,,,,,,
286.0,,Anmol,Nalanda,Nawada,39.0,Nawada,236.0,Hisua,Akbarpur,11.0,,6.0,"Yadav: 20000
Rajvanshi: 10000
Bhumihar: 6000
Muslim: 6000",Rekha Devi/Dayanand Yadav,9341240511.0,Akbarpur_11,OBC,Yadav,43.0,"Zp Runner Up 2021, Received 4700 votes 
ZP Runner Up 2016, Received 2200 Votes 
Lives in Banglore",Akbarpur_11,Call Connected,,,Call Connected,Onboarded,Not an Ideal candidate but as a option if we do not find a candidate,,,,,,,,,,,,,,,,,,,,,,,
302.0,,Anmol,Nalanda,Nawada,39.0,Nawada,236.0,Hisua,Narhat,5.0,,10.0,"Kurmi 
Bhumihar 
Yadav
Teli",Seema Devi/Virendra Chauhan,8789214076.0,No,EBC,Noonia,31.0,"ZP Runner Up 2021, Received 10382, Lost by 900 votes 
Runs Bricks Kiln (Chimney)",Narhat_5,No Incoming ,,,Call Connected,Onboarded,,,,,,,,,,,,,,,,,,,,,,,,
321.0,,Anmol,Nalanda,Nawada,39.0,Nawada,238.0,Gobindpur,Govindpur,21.0,,,,Menka Devi/Azad,8521135617.0,No,,,34.0,,Govindpur_21,,,,Call Connected,Onboarded,,,,,,,,,,,,,,,,,,,,,,,,
322.0,,Anmol,Nalanda,Nawada,39.0,Nawada,238.0,Gobindpur,Kauwakol,24.0,,8.0,"Yadav 
Bhumihar
Kushwaha 
Chandravanshi (Kahar)
Muslim",Nitish Kumar,7979045869.0,No,OBC,Yadav,31.0,"Incumbent ZP, received 6900 votes
During corona he started teaching students and helping people with food and basic necessities, and won the election. ",Kauwakol_24,Not Reachable,,,Call Connected,Onboarded,He is young and aspirational guy,,,,,,,,,,,,,,,,,,,,,,,
327.0,,Anmol,Nalanda,Nawada,39.0,Nawada,238.0,Gobindpur,Kauwakol,25.0,,,,Bhola Naath Saav/Santosh Kr Gupta,7482889887.0,Kawakole_25,EBC,Teli,33.0,"Defacto ZP Runner Up 2021, Received 4000 votes
ZP Runner Up 2016
His father was one time Mukhiya (2001)
Two times BDC (2006 and 2011), Up-Pramukh in 2011
UPSC Aspirants, B-Tech",Kauwakol_25,Call Connected,,,Call Connected,Onboarded,He wants to continue on his fathers political legeacy.,,,,,,,,,,,,,,,,,,,,,,,
331.0,,Anmol,Nalanda,Nawada,39.0,Nawada,238.0,Gobindpur,Roh,19.0,,,,Ranjeet Kumar,9931910520.0,No,EBC,Kanu/Halwai,64.0,"ZP Runner Up, Received 2500 Votes 
ZP Runner Up 2016",Roh_19,Switch Off,,,Call Connected,Onboarded,"Not a ideal Candidate, He is too old",,,,,,,,,,,,,,,,,,,,,,,
337.0,,Anmol,Nalanda,Nawada,39.0,Nawada,239.0,Warsaliganj,Kashichak,18.0,,,,Ranju Kumari/ Rajeev Kumar,9939489547.0,Kashichak_18,General,Bhumihar,41.0,"ZP Runner Up 2021, Received 4800 votes, Secured 3rd position",Kashichak_18,Call Connected,,,Call Connected,Onboarded,,,,,,,,,,,,,,,,,,,,,,,,
358.0,,Anmol,Nalanda,Sheikhpura,39.0,Nawada,170.0,Barbigha,Barbigha,1.0,,,,Geetaa Devi,8540098711.0,No,SC,Dhobi,48.0,"Incumbent ZP 2021, Received 9800 Votes
2 times ZP (2016 to 2021 )
2 times Pramukh (2006 to 2011)
Runs the transport business and the mill",Barbigha_1,,,,Call Connected,Onboarded,,,,,Call Connected,He will think about that,,,,,,,,,,,,,,,,,,
364.0,,Anmol,Nalanda,Sheikhpura,39.0,Nawada,170.0,Barbigha,Sheikhopur Sarai,2.0,,5.0,"Kurmi 
Bhumihar
Paswan
Yadav
Dhanuk",Nirmala Singh/Sanjeev Kumar,9334464452.0,No,General,Bhumihar,42.0,"Defacto ZP 2021, Received 4700 votes, ZP Chairman, Sheikhpura
2 times Mukhiya (2011 and 2016), Himself 
2 times ZP (2016 and 2021) His Wife ",Sheikhopur Sarai_2,,,,Call Connected,Onboarded,,,,,Not received,,,,,,,,,,,,,,,,,,,
375.0,,Anmol,Nalanda,Sheikhpura,40.0,Jamui (SC),169.0,Sheikhpura,Ariary,6.0,,10.0,"Yadav 
Muslim",Raani Devi/Chandan Kumar,9304297225.0,Ariari_6,SC,Ghari,33.0," Incumbent ZP Runner Up 2021, Received 3000 votes, lost by 7000
He is a Farmer",Ariary_6,,,,Call Connected,Onboarded,Not a ideal candidate untill we find a new good one.,,,,Call Connected,Yes,,,,,,,,,,,,,,,,,,
377.0,,Anmol,Nalanda,Sheikhpura,40.0,Jamui (SC),169.0,Sheikhpura,Chewada,7.0,,6.0,,Pankaj Kumar,9771357766.0,No,EBC,Beldar,29.0,"Incumbent ZP, since 2021, received 14000 votes, won by 7000 votes 
Runs a Chemistry Coaching named Saparx Coaching Classes for 11th and 12th students",Chewada_7,,,,Call Connected,Onboarded,He is ready to meet Prashant,,,,,,,,,,,,,,,,,,,,,,,
408.0,2016.0,Anmol,Nalanda,Sheikhpura,,,,,Sheikhpura,5.0,,6.0,,Raghunandana Kumar,9955563167.0,No,General,Bhumihar,42.0,"Incumbent ZP 2021, Received 3000 votes, Won by 26 votes 
Runner up PACS in 2010",Sheikhpura_5,,,,Call Connected,Onboarded,He will contact after Parisiman,,,,,,,,,,,,,,,,,,,,,,,
561.0,2016.0,Anmol,Nalanda,Nalanda,,,,,,29.0,2599.0,5.0,"Muslim
Paswan
Kurmi
Bhumihar",RAJU RANJAN,9304010238.0,No,अन्य,,48.0,"ZP Runner Up 2016, Received 2600 votes
Contested Assembly Election 2020, Received 5000 votes (Bhartiye Sablog Party)
His father was retired DSP, and a BJP Leader
Runs Security Agency named 'Bihar Intelligence Security Service'",,,,,Call Connected,Onboarded,,,,,,,,,,,,,,,,,,,,,,,,
2.0,,Ayush,Munger,Bhagalpur,26.0,Bhagalpur,152.0,Bihpur,Bihpur,2.0,42000.0,6.0,Bhumihar | Muslim | Yadav  | Krumi,Moine Rine,9955203101.0,No,Minority,Muslim,61.0,"-Former Mukhiya (2006–2021).
-Former RJD Prakhand President, Bihpur.
-JS Member EBC Prakoshth Leader.
 -Incumbent ZP, secured 6,500 votes.",Bihpur_2,Not Received,,,Call Connected,Onboarded,,,,,,,,,,,,,,,,,,,,,,,,
5.0,,Ayush,Munger,Bhagalpur,26.0,Bhagalpur,152.0,Bihpur,Kharik,4.0,51000.0,7.0,Yadav | Muslim | Bhumihar | Rajput | godhi,Chandan Kumar,9304453804.0,Kharik_4,OBC,Yadav,34.0,"Current Up-Mukhiya,
ZP Runner Up 2021 : Secured 2nd Position With 7500 Votes
 Former Engineer at Reliance Industries 
Contractor by profession ",Kharik_4,Not Received,,,Call Connected,Onboarded,"Call him back later, he was in a hurry",,,,,,,,,,,,,,,,,,,,,,,
6.0,,Ayush,Munger,Bhagalpur,26.0,Bhagalpur,152.0,Bihpur,#N/A,5.0,62000.0,7.0,Mandal | Muslim | Bhumihar | Yadav | SC,Bibi Chandani Begum/MD. Farukh,,No,EBC,Muslim,32.0,"2016 & 2021 ZP Election Contestant
Medical Shop Owner and Medical Practitioner,
Secured 5,100+ votes and finished in 3rd position in the 2021 ZP election.",#N/A,Number Missing,,,Call Connected,Onboarded,malda Me Hain Aake Bta sakte  Hain Sabha Ke Liye,,,,,,,,,,,,,,,,,,,,,,,
11.0,,Ayush,Munger,Bhagalpur,26.0,Bhagalpur,153.0,Gopalpur,Rangra Chowk,9.0,62000.0,10.0,Vasya | Nisad | Muslim | Ravidas,Manju Devi/Subodh Sah,7282999656.0,Rangrachowk_9,OBC,Bania,45.0,"Former JDU Zila President
Two-Time Panchayat Samiti Member (2011, 2016)
Husband was Mukhiya (2006-2011)
Brother-in-law served as PACS President (2011- present)
Daughter-in-law is the current JDU Mahila Zila President. 
-2004 by Election indipendent Ac Candidate Gopalpur",Rangra Chowk_9,Call Connected,Active,Yes,Call Connected,Onboarded,pahlad kumar Bilkul Sabha Krayeng,24th August,No problem,,,,,,,,,,,,,,,,,,,,,
15.0,,Ayush,Munger,Bhagalpur,26.0,Bhagalpur,154.0,Pirpainti (SC),Pirpainti,28.0,65000.0,8.0,Muslim | Yadav  | EBC | Rajput |Bhumihar,Md. Parwez Alam,9931197311.0,Pirpainti_28,Minority,Muslim,42.0,"Two-term Mukhiya (2006 & 2016)
Two-term ZP Member (2016–Present)
Medium-scale farmer owning 10 bighas of mango orchard.",Pirpainti_28,Busy,,,Call Connected,Onboarded,JS Dist. President Ji Is His Friend,,,,,,,,,,,,,,,,,,,,,,,
19.0,,Ayush,Munger,Bhagalpur,26.0,Bhagalpur,155.0,Kahalgaon,Goradih,20.0,65000.0,7.0,Yadav | Muslim | EBC |,MD. Guam Shubhani Aka Md. Moon,8084605267.0,Goradih_20,Minority,Muslim,33.0,"Kahalgaon Vidhan Sabha Candidate (2015)
Secured around 16,000 votes
His mother-in-law is a two-time ZP Member.",Goradih_20,Call Connected,Active,Yes,Call Connected,Onboarded,According To Time I'll Do Some For sabha,Team already formed,,,,,,,,,,,,,,,,,,,,,,
20.0,,Ayush,Munger,Bhagalpur,26.0,Bhagalpur,155.0,Kahalgaon,#N/A,20.0,65000.0,7.0,Muslim | Yadav | Dhanuk | Kurmi,Sangeeta Devi/Dr Bhawesh Kushwaha,,No,OBC,Kushwaha,35.0,"District Vice President of JDU
RLM Pradesh Mahasachiv
Contested the 2021 ZP election, secured 4,423 votes and finished in 3rd position
2025 BSP Assembly Constituency Candidate (ACC).",#N/A,Number Missing,,,Call Connected,Onboarded,,,,,,,,,,,,,,,,,,,,,,,,
21.0,,Ayush,Munger,Bhagalpur,26.0,Bhagalpur,155.0,Kahalgaon,Goradih,21.0,,8.0,Kushwaha| Yadav | tati | paswan | Ravidas,Uma Shankar Rajak,9931039487.0,Chandan_21,SC,Dhobi,48.0,"Two-time former ZP Member (2006–2016)
Two-term incumbent Mukhiya (2016–Present)
Mukhiya Sangh President (2021–Present)
District President of Rajak Mahasangh, Bhagalpur
Strong hold among the SC community.",Goradih_21,Call Connected,Highly Active,,Call Connected,Onboarded,Sanvidhan Samiti Sadasya,,,,,,,,,,,,,,,,,,,,,,,
24.0,,Ayush,Munger,Bhagalpur,26.0,Bhagalpur,155.0,Kahalgaon,Kahalgaon,23.0,68000.0,7.0,Yadav | kurmi | Mandal |muslim | Paswan,Sheikh Abdullah,8757103737.0,Kahalgaon_23,Minority,Muslim,57.0,"Two-time ZP election contestant
Secured 4,200 votes in the last ZP election while competing against 22 candidates
Contractor By profession.",Kahalgaon_23,Call Connected,Active,,Call Connected,Onboarded,,,"will talk later, is busy now",,,,,,,,,,,,,,,,,,,,,
26.0,,Ayush,Munger,Bhagalpur,26.0,Bhagalpur,155.0,Kahalgaon,Kahalgaon,25.0,62000.0,7.0,Yadav | Muslim | koiri | Kurmi | Mandal,Anjani Devi,9931446480.0,No,SC,Rajak,55.0,"Former Ward Member (2001–2006)
Former Mukhiya (2006–2011)
BSP Vidhan Sabha Candidate (2010)
Former BDC Member (2011–2016)
Contested the 2021 ZP election, secured 3,200 votes and finished in 4th position.",Kahalgaon_25,Call Connected,Dicey,,Call Connected,Onboarded,75 % SC Highly Political  Active Woman,,will work after delimitation,,,,,,,,,,,,,,,,,,,,,
28.0,,Ayush,Munger,Bhagalpur,26.0,Bhagalpur,156.0,Bhagalpur,#N/A,16.0,54000.0,7.0,Muslim | Yadav | Mandal | Rajput | Bhumihar,Md. Sarbar,,No,Minority,Muslim,48.0,"A respected religious Maulana
Two-time ZP election contestant
Secured around 5,000 votes in the 2021 ZP election.",#N/A,Number Missing,,,Call Connected,Onboarded,,,,,,,,,,,,,,,,,,,,,,,,
30.0,,Ayush,Munger,Bhagalpur,26.0,Bhagalpur,158.0,Nathnagar,Nathnagar,14.0,50000.0,8.0,mandal | Yadav | brahman | Bhumihar | harijan,Anand Lataa Kumari,9934920050.0,Nathnagar_14,OBC,Yadav,60.0,"4-Time ZP Contestant and Former ZP member (2006 winner), securing around 4,000 votes in the last ZP election 2021.",Nathnagar_14,Call Connected,Dicey,Yes,Call Connected,Onboarded,,will tell later,"I don't think she is very active, her husband number will work for us.",,,,,,,,,,,,,,,,,,,,,
31.0,,Ayush,Munger,Bhagalpur,26.0,Bhagalpur,158.0,Nathnagar,#N/A,15.0,65000.0,6.0,Yadav | muslim | Kushwaha | bania | Dalit,Ashok Kumar AKA Aalok Yadav Satish Chandra Yadav,,No,OBC,Yadav,46.0,"Guest Professor at Tilka Manjhi Bhagalpur University
ACC Candidate from Nathnagar in the 2019 By-Election and 2020 Assembly Election
ZP Member (2016–2021)
District President of Jan Adhikar Party.",#N/A,Number Missing,,,Call Connected,Onboarded,,,,,,,,,,,,,,,,,,,,,,,,
32.0,,Ayush,Munger,Bhagalpur,26.0,Bhagalpur,158.0,Nathnagar,Sabour,18.0,52000.0,7.0,Mandal Yadav | muslim | kurmi |paswan,Jaya Prakaash Mandal,9431875772.0,Sabour_18,EBC,Dhanuk,59.0,- First time ZP Contasted Got 6000 Votes(2021),Sabour_18,Call Connected,Active,Yes,Call Connected,Onboarded,js Member 2 year,already formed,incumbent ZP,,,,,,,,,,,,,,,,,,,,,
34.0,,Ayush,Munger,Bhagalpur,27.0,Banka,157.0,Sultanganj,Sultanganj,10.0,82000.0,9.0,Muslim | Yadav  | mandal | Kushwaha | Bhumihar/Brahmin,Aasama Khatun/Zafar Alam,9905030027.0,No,Minority,Muslim,51.0,"Former RJD Block President
Contested the 2001 ZP election and secured around 2,000 votes
Runner-up in the 2010 Mukhiya election
Runner-up in the 2021 ZP election, secured 3,500 votes
Contractor and Farmer.",Sultanganj_10,Not Received,,,Call Connected,Onboarded,Exited candidate,,"No response, neither it was ringing. just blank and then call cutted",,,,,,,,,,,,,,,,,,,,,
39.0,,Ayush,Munger,Banka,27.0,Banka,159.0,Amarpur,Shambhuganj,1.0,85000.0,9.0,Kushwaha | Yadav  | Rajput | Vasya | manjhi,Prateem Kumar Saah,8757534702.0,No,OBC,Bania,30.0,"2010 ABVP College President
BJP Mandal Mahamantri (2016)
Banka Lok Sabha Prabhari (2018)
Sah Prabhari, Amarpur Vidhan Sabha (2019)
Zila Parishad Sadasya (2021–Present).",Shambhuganj_1,Call Connected,Active,Yes,Call Connected,Onboarded,js Member 3 year,by 22nd of August,"after bankipur election, response was very good",,,,,,,,,,,,,,,,,,,,,
40.0,,Ayush,Munger,Banka,27.0,Banka,159.0,Amarpur,Shambhuganj,1.0,56000.0,9.0,koiri | Kurmi |,Diwakar Singh,9955218850.0,No,EBC,Dangi,62.0,"Runs multiple businesses as a brick kiln owner, agro businessman, and contractor.
Farmer with 13 bighas of agricultural land
Runner-up in the 2001 Mukhiya election.",Shambhuganj_1,Call Connected,Not Active,No,Call Connected,Onboarded,,,Prakhand Adhyaksh of RLSP,,,,,,,,,,,,,,,,,,,,,
42.0,,Ayush,Munger,Banka,27.0,Banka,159.0,Amarpur,Shambhuganj,2.0,85000.0,10.0,kurmi | Yadav  | Maslim | Dalit,Rukmini Devi/Asha Kumari/Rupesh Paswan,9534782387.0,Shambhuganj_2,SC,Dusadh,38.0,"His father was an independent ACC Candidate in 2010.
Contested the 2016 ZP election
Contested the 2021 ZP election and secured around 6,000 votes
Agriculture Clerk in Block Office",Shambhuganj_2,Call Connected,Active,Yes,Call Connected,Onboarded,,after sawan,"He is in Mela duty which will get over after savaan, so he can form the committee after savaan",,,,,,,,,,,,,,,,,,,,,
49.0,,Ayush,Munger,Banka,27.0,Banka,159.0,Amarpur,Amarpur,5.0,42000.0,6.0,Kushwaha | Rajput | Yadav | Ravidas,Sujata Vaidya,9934227760.0,Amarpur_5,OBC,Kushwaha,54.0,"Incumbent ZP Member
-Incumbent ZP Member(2021 to Till Date)
-Former Up Pramukh(2016 to 2021)
-Former Panchayat Samiti (2016 to 2021)
-Former Mukhiya(2006 to 2021)
-Former JDU Pradesh Mahil Mahasachiv(2022 to 2023)
-Former JDU District Female President(2019 to 2022)
-Former JDU Member(2008 to 2023)
-Jan Suraaj Karaywahan samiti Zila Adhyaksh""",Amarpur_5,Call Connected,Active,Yes,Call Connected,Onboarded,JS Member 2 year,,,,,,,,,,,,,,,,,,,,,,,
50.0,,Ayush,Munger,Banka,27.0,Banka,160.0,Dhoraiya (SC),Rajaun,6.0,43000.0,6.0,Kushwaha | Yadav  | mushlim,Ramdulari Devi/Kali Chanran Yadav,9973367500.0,Rajaun_6,OBC,Yadav,48.0,"Two-Time Former ZP Member (2006 & 2016)
Secured 5,663 votes in the 2021 ZP election.",Rajaun_6,Call Connected,Active,,Call Connected,Onboarded,His Brother Take Care ZP Election.  ZP Reservation Roster,,,,,,,,,,,,,,,,,,,,,,,
51.0,,Ayush,Munger,Banka,27.0,Banka,160.0,Dhoraiya (SC),Rajaun,6.0,52000.0,6.0,koiri | kurmi | Yadav  | muslim | Harijan,Sindula Devi,6299215068.0,No,OBC,Yadav,48.0,3 time Contested in Zp Election Finish Last Election With 4th Rank  Secured 3640 Votes.,Rajaun_6,Call Connected,Active,Yes,Call Connected,Onboarded,takl to her Son Rahul kr Yadav,by 25th August,He works for jharkhand police so he needs time to build team,,,,,,,,,,,,,,,,,,,,,
52.0,,Ayush,Munger,Banka,27.0,Banka,160.0,Dhoraiya (SC),Rajaun,7.0,42000.0,6.0,Kurmi | Yadav  | Harijan,Suman Paswan,9931263739.0,Rajaun_7,SC,Dusadh,41.0,"Incumbent ZP Member
-Incumbent 2 Consecutive Terms Zila Parishad(2016 to Till Date)
-Former 2 term Block Pramukh (2006-2016)
-Former RJD SC/ST Cell District President(2020 to 2024)
-Former  RJD Member(2005 to 2024)""",Rajaun_7,Call Connected,Active,,Call Connected,Onboarded,JS Candidate Dhoraiya Acc,,,,,,,,,,,,,,,,,,,,,,,
55.0,,Ayush,Munger,Banka,27.0,Banka,160.0,Dhoraiya (SC),Dhoraiya,10.0,72000.0,6.0,EBC | Rajput | Muslim | yadav,Baljeet Singh,9431876010.0,Dhuraiya_10,General,Rajput,38.0,"-Incumbent ZP(2021-Present)
-Ex- Up-Pramukh (2016-21), Ex-Ward(2011-16)
-Ex-Youth Block President of JDU
-Contractor by profession",Dhoraiya_10,Call Connected,Highly Active,Yes,Call Connected,Onboarded,"Jan Suraaj Padyatri 
Lok Sabha Chunav Prabhari ",,,,,,,,,,,,,,,,,,,,,,,
58.0,,Ayush,Munger,Banka,27.0,Banka,161.0,Banka,Barahat,12.0,49000.0,8.0,Muslim | Yadav |,Mohammad Haseem,8084263324.0,Barahat_12,Minority,Muslim,58.0,JS Member,Barahat_12,Call Connected,Active,Yes,Call Connected,Onboarded,His Son is Banker,,,,,,,,,,,,,,,,,,,,,,,
67.0,,Ayush,Munger,Banka,27.0,Banka,162.0,Katoria (ST),Katoria,22.0,56000.0,7.0,yadav | kashwaha | Muslim | badhai | Chamar,Shabnam Khatun/Gulam Sarwar,9162311674.0,Katoria_22,Minority,Muslim,39.0,"Contested the first ZP election in 2021 and secured 4,100 votes
Family business includes construction contracting and agriculture.",Katoria_22,Call Connected,Active,Yes,Call Connected,Onboarded,,,,,,,,,,,,,,,,,,,,,,,,
68.0,,Ayush,Munger,Banka,27.0,Banka,162.0,Katoria (ST),Katoria,23.0,95000.0,8.0,"Yadav | Santhal | bania | kumhar | Kahar
",Gayatri Devi,9430113109.0,Katoria_23,EBC,Kahar,48.0,"Defacto Zila Parishad Member in 2021, 
Daughter-in-law elected as BDC in 2021
Defacto BDC (2006–2011)
Family owns 2 JCBs, 2 tractors, 40 bighas of agricultural land, and shops in Deoghar.",Katoria_23,Call Connected,Active,,Call Connected,Onboarded,js Member 2 year,,,,,,,,,,,,,,,,,,,,,,,
77.0,,Ayush,Munger,Banka,27.0,Banka,163.0,Belhar,Fullidumar,17.0,40000.0,5.0,Yadav | Mandal | Kuswaha | Santhal | Ghatwar,Vikram Bihari,9931440164.0,Fullidumar_17,OBC,Yadav,53.0,"Up-Mukhiya (2001)
General Secretary of HMAI, Bhagalpur Pramandal
LMHI Lifetime Member
Contested the Zila Parishad elections in 2011 and 2021
Secured 2,276 votes in the 2021 ZP election and finished in 4th position.",Fullidumar_17,Call Connected,Active,Yes,Call Connected,Onboarded,Samaj Ke Liye Bahut Kiye Hain,,Meeting with Pk,,,,,,,,,,,,,,,,,,,,,
78.0,,Ayush,Munger,Banka,27.0,Banka,163.0,Belhar,Belhar,18.0,68000.0,9.0,Yadav | Kumhar | Harijan | Rajput | Kahar,Surendra Pandit,9955930093.0,Belhar_18,EBC,Kumhar,68.0,"First-time ZP election contestant in 2021
Secured 7,600 votes and finished in 2nd position.
Retired Government High School Teacher.",Belhar_18,Call Connected,Active,,Call Connected,Onboarded,He is not our first-priority candidate. He Is Medically Not Fit,,,,,,,,,,,,,,,,,,,,,,,
79.0,,Ayush,Munger,Banka,27.0,Banka,163.0,Belhar,Belhar,18.0,65000.0,9.0,Yadav | koiri | kurmi | Rajupt | paswan,Aarti Kumari,6206587108.0,No,OBC,Yadav,31.0,"Two-time ZP election contestant
Sister-in-law served as incumbent ZP Member in 2011
Brother-in-law incumbent Up-Mukhiya 2021.",Belhar_18,Call Connected,Dicey,,Call Connected,Onboarded,Renu Devi Sister-in-law,,,,,,,,,,,,,,,,,,,,,,,
85.0,,Ayush,Munger,Banka,27.0,Banka,163.0,Belhar,Chandan,21.0,64000.0,9.0,Yadav | Santhal | Chamar | tanti | Mandal,Sarita Kumari/Govinda Das,9905660531.0,Chandan_21,SC,Dusadh,28.0,"Daughter-in-law contested the 2021 ZP election, secured 6,893 votes and finished in 2nd position
Contested the Mukhiya election in 2011
Wife contested the ZP election in 2016
Owner of an oil mill.",Chandan_21,Call Connected,Active,Yes,Call Connected,Onboarded,Bahu nhi toh Khud Ladenge,,,,,,,,,,,,,,,,,,,,,,,
86.0,,Ayush,Munger,Banka,27.0,Banka,163.0,Belhar,Chandan,21.0,68000.0,9.0,Yadav | Santhal | Chamar | Bhumihar | Brahman,Ajhola Devi/Anand Shankar,6201812101.0,Chandan_21,SC,Chamar,30.0,1st Time Contested In ZP Election 2021 Secured 3500 Votes.,Chandan_21,Call Connected,Active,Yes,Call Connected,Onboarded,,,,,,,,,,,,,,,,,,,,,,,,
92.0,,Ayush,Munger,Munger,28.0,Munger,165.0,Munger,Bariarpur,6.0,42000.0,6.0,Nisad | gangota | Yadav | Bhumihar | paswan,Indira Devi,9430813245.0,No,EBC,Gangota,58.0,"Two-time Mukhiya election contestant
Incumbent Mukhiya in 2006
Contested the ZP election twice and secured 4,282 votes in 2021 Zp Election 
Public Distribution System (PDS) Dealer.",Bariarpur_6,Switch Off,,,Call Connected,Onboarded,,,,,,,,,,,,,,,,,,,,,,,,
93.0,,Ayush,Munger,Munger,28.0,Munger,165.0,Munger,Bariarpur,6.0,45000.0,6.0,Nisad | gangota | Kurmi | yadav,Dolly Kumari,8051434094.0,Bariyarpur_6,EBC,Gangota,26.0,"First-time ZP election contestant
Secured 2,496 votes
Family business is related to the agro sector.",Bariarpur_6,Call Connected,Highly Active,Yes,Call Connected,Onboarded,,,,,,,,,,,,,,,,,,,,,,,,
95.0,,Ayush,Munger,Munger,28.0,Munger,165.0,Munger,Bariarpur,6.0,,5.0,Nisad | gangota | Kurmi | yadav,Chitra Devi/Dharmendra kumar,7549392305.0,Bariyarpur_6,OBC,Kurmi,36.0,"Incumbent  BDC 2016, 
1st Time Contested in ZP Election Got 1851 Votes.",Bariarpur_6,Call Connected,Highly Active,Yes,Call Connected,Onboarded,requesting Candidate,,,,,,,,,,,,,,,,,,,,,,,
97.0,,Ayush,Munger,Munger,28.0,Munger,165.0,Munger,Tetia Bamber,13.0,,7.0,yadav | koiri | Musahar | Chamar | mandal,Sachita Manjhi,9631138380.0,Tetiabambar_13,SC,Mushar,72.0,"BDC Runner-up in 2011, 
ZP Runner-up in 2021 ",Tetia Bamber_13,Call Connected,Active,Yes,Call Connected,Onboarded,Find Another Option,,,,,,,,,,,,,,,,,,,,,,,
99.0,,Ayush,Munger,Munger,28.0,Munger,166.0,Jamalpur,Jamalpur,3.0,,10.0,Yadav | Mandal | Rajput/Bhumihar | Paswan | Muslim,Priyanka Devi/lakhan kumar,8102358202.0,Jamalpur_3,OBC,Yadav,35.0,"1st Time Contested In ZP Election Secured 5902 votes.
Paint Shop Owner ",Jamalpur_3,Call Connected,Active,Yes,Call Connected,Onboarded,,,,,,,,,,,,,,,,,,,,,,,,
100.0,,Ayush,Munger,Munger,28.0,Munger,166.0,Jamalpur,Dharhara,4.0,70000.0,7.0,kurmi | Yadav | Nishad | Rajput | Kumhar,Neetu Kumari/Himanshu Kr Nirala,6201237895.0,Dharhara_4,OBC,Yadav,33.0,"Incumbent Zila Parishad Member, Former 2016 Zila Parishad Contestant, RJD Prakhand Pradhan Mahasachiv, and Farmer by Profession",Dharhara_4,Call Connected,Highly Active,Yes,Call Connected,Onboarded,,,,,,,,,,,,,,,,,,,,,,,,
105.0,,Ayush,Munger,Munger,40.0,Jamui (SC),164.0,Tarapur,Haveli Kharagpur,9.0,105000.0,10.0,Yadav | Rajput | Bhumihar |,Rina Devi,8084398181.0,Kharagpur_9,EBC,Dhanuk,54.0,"First-time Zila Parishad Candidate secured Runner-up position with 7,187 votes, 
Mukhiya Election Contestant (2006 & 2011), 
Husband retired (extended service) from Police Bhawan Nirman Vibhag.",Haveli Kharagpur_9,Call Connected,Highly Active,Yes,Call Connected,Onboarded,Educated Woman/ interested,,,,,,,,,,,,,,,,,,,,,,,
120.0,,Ayush,Munger,Jamui,40.0,Jamui (SC),241.0,Jamui,Jamui,4.0,65000.0,5.0,"Yadav-13000
Bhumihar- 10000
kurmi,koiri-10000
manjhi- 10000",Anil Prasad Sah,9234317804.0,Jamui_4,EBC,Teli,50.0,"Jan Suraaj Party Candidate from Jamui Assembly Constituency
- Incumbent Zila Parishad 2021
-Former 2 Consecutive Terms Ward Councilor(2007 to 2017)
-Former 2 Consecutive Terms Up Mukhya Parishad (2007 to 2017)
-Pradesh Karyakarini Sadasya, Jansuraj, 
-President of Jal Vayu Samarth Pramandal Committee, Jamui, 
-Owner of an authorized Bajaj Bike Dealership""",Jamui_4,Call Connected,Active,Yes,Call Connected,Onboarded,,,,,,,,,,,,,,,,,,,,,,,,
123.0,,Ayush,Munger,Jamui,40.0,Jamui (SC),242.0,Jhajha,Laxmipur,2.0,110500.0,13.0,"Yadav |
",Anandi Yadav,7033200921.0,Laxmipur_2,OBC,Yadav,50.0,"ZP Runner Up (2016)
- Communist Party SUCI (1990 - 2000)
- Janadhikar Party (2001 - 2006 
A Respected farmer",Laxmipur_2,Call Connected,Active,Yes,Call Connected,Onboarded,,,,,,,,,,,,,,,,,,,,,,,,
132.0,,Sardar,Munger,Jamui,40.0,Jamui (SC),243.0,Chakai,Chakai,18.0,,,,Salomi Murmu,8292483819.0,Chakai_18,ST,Santhal,41.0,"​• Incumbent ZP 2021.
•​ Conducts Manthan Yatra and Mahila Janata Darbar.
•​ Socail Workers in Education, Agriculture, Climate, Water Management and Health Sector
•​ Husband Anil Kumar Gautam, is a Former Agricultural Scientist and Politician.""",Chakai_18,Call Connected,Active,Yes,Call Connected,Onboarded,,,,,,,,,,,,,,,,,,,,,,,,
133.0,,Sardar,Munger,Jamui,40.0,Jamui (SC),243.0,Chakai,Chakai,19.0,65000.0,8.0,"Yadav
Muslim
Santhal
Paswan
",Rakesh Kumar,7992345894.0,Chakai_19,SC,Dusad,32.0,"
- Incumbent ZP(2021)
- Former ZP(2016)",Chakai_19,Call Connected,Active,Yes,Call Connected,Onboarded,Roster same rahe ga To Party se ladega,,,,,,,,,,,,,,,,,,,,,,,
134.0,,Sardar,Munger,Jamui,40.0,Jamui (SC),243.0,Chakai,Chakai,20.0,85000.0,9.0,"Santhal
Mushar
Yadav
Muslim
Kurmi",Saloni Murmu/Anil Gautam,8252539850.0,Chakai_20,ST,Santhal,41.0,"​• Incumbent Defacto ZP 2021.
•​ Conducts Manthan Yatra and Mahila Janata Darbar.
•​ Socail Workers in Education, Agriculture, Climate, Water Management and Health Sector
•​ Husband Anil Kumar Gautam, is a Former Agricultural Scientist and Politician.",Chakai_20,Call Connected,Active,Yes,Call Connected,Onboarded,JS Me hi hai,,,,,,,,,,,,,,,,,,,,,,,
,,Sardar,Munger,Banka,27.0,Banka,159.0,Amarpur,Amarpur,3.0,65000.0,7.0,"Kuswaha
Mushar
Muslim
Dhanuk
Bhumihaar",Ushaa Devi/Chandan Kumar Singh,7070222359.0,Amarpur_3,OBC,Kurmi,49.0,"- Former ZP(2016)
- ZP Runner Up Got 4700 Votes(2021)
- Former Two Time Mukhiya Runner Up(2006,2011)
",Amarpur_3,Call Connected,Active,,Call Connected,Onboarded,Lade ga Roster Chang nhi hua to,,,,,,,,,,,,,,,,,,,,,,,
,,Sardar,Munger,Banka,27.0,Banka,160.0,Dhoraiya (SC),Dhoraiya,11.0,65000.0,8.0,"Muslim
Yadav
Mushar",Dukhani Khatun/Tabrez Ansari,7989286159.0,Dhuraiya_11,Minority,Muslim,53.0,"- ZP Runner Up Got 8235 Votes(2021)
- Former ZP Contasted Got 4900 Votes(2016)",Dhoraiya_11,Call Connected,Active,Yes,Call Connected,Onboarded,,,,,,,,,,,,,,,,,,,,,,,,
,,Sardar,Munger,Banka,27.0,Banka,160.0,Dhoraiya (SC),Dhoraiya,11.0,72000.0,8.0,"Dhanuk
Rajput
Muslim
Teli","Niharika Devi
/ Vishwanath Sah",7646023892.0,Dhuraiya_11,EBC,Teli,37.0,"- JS DSC Members(2020 to 2024)
- ZP Contasted  Got 4500 Votes(2021)
- Former Sarpanch(2006 to 2011)
- Former Ward Sadas(2006 to 2011)
",Dhoraiya_11,Call Connected,Active,Yes,Call Connected,Onboarded,,,,,,,,,,,,,,,,,,,,,,,,
,,Sardar,Munger,Banka,27.0,Banka,160.0,Dhoraiya (SC),Rajaun,8.0,45000.0,6.0,"Dhanuk 
Mushar 
Yadav
Kuswaha",Kantalal Chaudhari,9939777017.0,Rajaun_8,EBC,Teli,68.0,- ZP Contasted Got 3256 Votes(2021),Rajaun_8,Call Connected,Active,,Call Connected,Onboarded,,,,,,,,,,,,,,,,,,,,,,,,
,,Sardar,Munger,Banka,27.0,Banka,161.0,Banka,Banka,15.0,80000.0,8.0,"Yadav
Mushar
Muslim
Rajput
",Mokim Ansari,9631331497.0,No,Minority,Muslim,43.0,"- ZP Ist Runner Up Got 8500 Votes(2021)
- ZP 2nd Runner Up Got 8200(2016)",Banka_15,,,,Call Connected,Onboarded,I June ko aye ga Milne Patna,,,,,,,,,,,,,,,,,,,,,,,
,,Sardar,Munger,Banka,27.0,Banka,161.0,Banka,Banka,15.0,6000.0,8.0,"Yadav
Muhar
Dusad
Chamar 
Muslim
",Pawan Laiya,9546978242.0,Banka_15,SC,Laiya,37.0,- ZP Contasted Got 3800 Votes(2021),Banka_15,Call Connected,Active,Yes,Call Connected,Onboarded,27 Ko Asakta hai Milne,,,,,,,,,,,,,,,,,,,,,,,
,,Sardar,Munger,Banka,27.0,Banka,161.0,Banka,Banka,15.0,6000.0,8.0,"Yadav
Muhar
Dusad
Chamar 
Muslim
",Nageshwar Thakur,6206096484.0,Banka_15,EBC,Nai,43.0,- ZP Contasted Got 3000 Votes(2021),Banka_15,Call Connected,Active,Yes,Call Connected,Onboarded,28 ko Mil lega,,,,,,,,,,,,,,,,,,,,,,,
,,Sardar,Munger,Bhagalpur,26.0,Bhagalpur,152.0,Bihpur,Narayanpur,3.0,95000.0,11.0,"Dahnuk 
Yadav
Muslim
Mushar
Badhi",Nirmala Devi,9576399824.0,No,EBC,Halwaui,55.0,"- ZP Contastant(2021)
- Former Mukhiya Runner Up(2016)
",Narayanpur_3,Call Connected,Dicey,,Call Connected,Onboarded,,,,,,,,,,,,,,,,,,,,,,,,
,,Sardar,Munger,Bhagalpur,26.0,Bhagalpur,153.0,Gopalpur,Gopalpur,8.0,75000.0,9.0,"Yadav
Muslim 
Dhanuk
Mallah",Kajal Kumari/Kumar Adit,9534671381.0,Gopalpur_8,EBC,Mallah,30.0,"- ZP Contastant Got 4532 Votes(2021)
- Former 3 Time Defacto ZP(2001,2006,2011)
",Gopalpur_8,Call Connected,,,Call Connected,Onboarded,,,,,,,,,,,,,,,,,,,,,,,,
,,,Munger,Bhagalpur,26.0,Bhagalpur,153.0,Gopalpur,Rangra Chowk,9.0,85000.0,10.0,"Gangota
Yadav
Muslim
Mushar
",Sindho Kumari/Kanhaiya Kumar  Mandal,7979926699.0,Rangrachowk_9,EBC,Gangota,26.0,"- ZP Runner Up Got 4732 Votes(2021)
- JSP Block Abhiyan Sameti Sanyojak(2022 to 2024)",Rangra Chowk_9,Call Connected,,,Call Connected,Onboarded,Apne Zila me PK se Milenge,,,,,,,,,,,,,,,,,,,,,,,
,,Sardar,Munger,Bhagalpur,26.0,Bhagalpur,154.0,Pirpainti (SC),Pirpainti,26.0,5400.0,7.0,"Santhal
Dhanuk
Muslim
Yadav",Vikki Raani,6200398082.0,Pirpainti_26,ST,Santhal,34.0,"- Incumbent ZP(2021)
- ZP Ist Runner Got 5542 votes(2016)
- Former Mukhiya(2021)",Pirpainti_26,Call Connected,,,Call Connected,Onboarded,Apne Zila me PK se Milenge,,,,,,,,,,,,,,,,,,,,,,,
,,Sardar,Munger,Bhagalpur,26.0,Bhagalpur,154.0,Pirpainti (SC),Pirpainti,28.0,75000.0,8.0,"Yadav
Kevrat
Muslim
Dusad 
Mushar
",Kamlesh Kumar Yadav,9631084468.0,Pirpainti_28,OBC,Yadav,39.0,ZP Ruuner Got 3800+ Votes in 2021 ZP Election Retired Army Officer,Pirpainti_28,Call Connected,,,Call Connected,Onboarded,,,,,,,,,,,,,,,,,,,,,,,,
,,Sardar,Munger,Bhagalpur,26.0,Bhagalpur,154.0,Pirpainti (SC),Pirpainti,29.0,6400.0,8.0,"Santhal
Yadav
Dhanuk
Mushar",Prins Kumar,9973314002.0,Pirpainti_29,ST,Santhal,31.0,- Fisrt Time ZP Contastant Got 3000 Votes(2021),Pirpainti_29,Call Connected,Active,,Call Connected,Onboarded,,,,,,,,,,,,,,,,,,,,,,,,
,,Sardar,Munger,Bhagalpur,26.0,Bhagalpur,155.0,Kahalgaon,Kahalgaon,22.0,5500.0,7.0,"Yadav
Kevrat
Dhanuk
Muslim
",Kanchan Devi/Shivam Kumar,7677799483.0,No,OBC,Kushwaha,52.0,- First Time ZP Contastant Got 6523 Votes(2021),Kahalgaon_22,,,,Call Connected,Onboarded,,,,,,,,,,,,,,,,,,,,,,,,
,,Sardar,Munger,Bhagalpur,26.0,Bhagalpur,156.0,Bhagalpur,Goradih,21.0,62000.0,8.0,"Yadav
Kuswaha
Tanti
Mushar
Dhanuk",Bhawani Devi,8292829496.0,Goradih_21,EBC,Tanti,31.0,"- ZP Runner Up Got 7000 Votes(2021)
- Fathar Was Two Time Mukhiya Runner Up(2011,2016)",Goradih_21,Call Connected,Active,,Call Connected,Onboarded,,,,,,,,,,,,,,,,,,,,,,,,
,,Sardar,Munger,Bhagalpur,26.0,Bhagalpur,158.0,Nathnagar,Nathnagar,14.0,56000.0,8.0,"Gangota
Yadav
Mushar
Bhumiyar
Muslim",Sanjeev Kumar Chaudhari,9934016711.0,Nathnagar_14,General,Bhumiyar,44.0,"- ZP Ist Runner Up Got 6700 Votes(2021)
- ZP 4th Runeer Up Got 4200 Votes(2016)
- JSP Sansthapak Sadas(2022)
",Nathnagar_14,Call Connected,Active,,Call Connected,Onboarded,28-5- 26 ko milega Patna me,,,,,,,,,,,,,,,,,,,,,,,
,,Sardar,Munger,Bhagalpur,26.0,Bhagalpur,158.0,Nathnagar,Nathnagar,15.0,64000.0,8.0,"Yadav
Muslim
Kushwaha
Mushar
",Rinku Raaj/Chandarshekhar Prasad,8051905901.0,Nathnagar_15,OBC,Yadav,36.0,"- Former Two Time ZP(2006,2016)
- ZP Runner  Up Got 6800 Vote(2021)",Nathnagar_15,Call Connected,,,Call Connected,Onboarded,28-5-26 ko Mil Sakti hai,,,,,,,,,,,,,,,,,,,,,,,
,,Sardar,Munger,Bhagalpur,26.0,Bhagalpur,158.0,Nathnagar,Sabour,19.0,50000.0,6.0,"Kushwaha
Gangota
Yadav
Muslim
Mushar
",Manish Kumar,9122441479.0,No,OBC,Kushwaha,35.0,"- Former Sarpanch (2016)
- ZP Runner Up Got 6000 Votes(2021)
",Sabour_19,Call Connected,,,Call Connected,Onboarded,,,,,,,,,,,,,,,,,,,,,,,,
,,Sardar,Munger,Bhagalpur,27.0,Banka,157.0,Sultanganj,Shahkund,12.0,100000.0,10.0,"Dhanuk 
Muslim
Yadav
Kushwaha
Ravidas",Manju Devi/Sadanand,9572204346.0,Shahkund_12,EBC,Dhanuk,65.0,"- ZP Runner Up Got 10400 Votes(2021)
- JSP Perkhand Mahila Adhiyaks(2022 to Till date)
- Former Mukhiya Runner Up Got 850 Votes(2016)
",Shahkund_12,Call Connected,Active,,Call Connected,Onboarded,28-5-26 ayegi Patna,,,,,,,,,,,,,,,,,,,,,,,
,,Sardar,Munger,Bhagalpur,27.0,Banka,157.0,Sultanganj,Sultanganj,10.0,70000.0,9.0,"Yadav
Gangota
Muslim
Dhanuk
KUshwaha
",Suneeta Devi,7091394111.0,Shahkund_13,EBC,Gangota,45.0,"- ZP Runeer Up Got 2800 Votes(2021)
- Former Mukhiya(2016)
- Former Ist Mukhiya Runner Up Got 2200 Votes(2016)",Sultanganj_10,Call Connected,Active,,Call Connected,Onboarded,Zila me Mile ga,,,,,,,,,,,,,,,,,,,,,,,
,,Sardar,Munger,Bhagalpur,27.0,Banka,157.0,Sultanganj,Sultanganj,11.0,65000.0,9.0,"Kurmi
Yadav
Muslim
Dusadh
Rajput",Upendra Paswan,8294129622.0,Sultanganj_11,SC,Dusadh,49.0,"- ZP Runner Up Got 5174 Votes(2021)
- ZP Runne Up Got 4900 Votes(2016)
- JSP Zila Kosha Adhiyaks(2023 to Till Date)",Sultanganj_11,Call Connected,Active,,Call Connected,Onboarded,,,,,,,,,,,,,,,,,,,,,,,,
,2016.0,Sardar,Munger,Jamui,40.0,Jamui (SC),240.0,Sikandra (SC),Islamnagar Aliganj,8.0,55000.0,8.0,"Yadav
Kushwaha
Gangota 
Dusad
Mushar
Muslim",Devi Rinku,9939363630.0,Islamnagar Aliganj_8,OBC,Kushwaha,36.0,"- ZP Runner Up Got 5323 votes(2021)
-  Incumbent JSP Chatriya Perbhari
- Former JSP Zila Mahamantari(2022 to 2025)",Islamnagar Aliganj_8,Call Connected,Active,Yes,Call Connected,Onboarded,,,,,,,,,,,,,,,,,,,,,,,,
,2016.0,Sardar,Munger,Jamui,40.0,Jamui (SC),240.0,Sikandra (SC),Islamnagar Aliganj,9.0,50000.0,6.0,"Yadav
Muslim
Mushar
Dusad
Kushwaha",Shameem Uddin Khan,9931971425.0,Islamnagar Aliganj_9,Minority,Muslim,47.0,"- ZP Runner Up Got 2865 Votes(2021)
- Fathar Was Former Mukhiya(1978 to 2001)
- He is a landlord and owns around 60 bighas of agricultural land.
",Islamnagar Aliganj_9,Call Connected,Dicey,No,Call Connected,Onboarded,,,,,,,,,,,,,,,,,,,,,,,,
,2016.0,Sardar,Munger,Jamui,40.0,Jamui (SC),241.0,Jamui,Barahat,1.0,69000.0,9.0,"Yadav
Mushar
Dusad
Rajput 
Kurmi
Muslim",Kumari Guinya,8340445018.0,Barhat_1,SC,Dusad,34.0,"- Incumbent ZP(2021)
- JSP Sansthapak sadas
- Former LJPR Block ZIla Sachiv",Barahat_1,Not Received ,,,Call Connected,Onboarded,PK Se mile ga zila me,,,,,,,,,,,,,,,,,,,,,,,
,2016.0,Sardar,Munger,Jamui,40.0,Jamui (SC),241.0,Jamui,Jamui,5.0,56000.0,7.0,"Gangota
Yadav
Muslim
Mushar
Paswan",Suraj Kumar,6202441295.0,No,EBC,Teli,30.0,- ZP 3rd Runner Up Got 5600 Votes(2021),Jamui_5,Call Connected,Not Active,No,Call Connected,Onboarded,Ye Paise se Thoda Kmzor Per jansuraj ke sath mil ke laqdne keliye Teyar hai,,,,,,,,,,,,,,,,,,,,,,,
,2016.0,Sardar,Munger,Jamui,40.0,Jamui (SC),241.0,Jamui,Khaira,12.0,65000.0,8.0,"Yadav
Muslim
Manjhi
Santhal
Paswan",Najma Khatoon/Samir Uddin,7004865140.0,No,Minority,Muslim,39.0,"- ZP 3rd Runner Up Got 4300 Votes(2021)
- Former BDC(2006)",Khaira_12,Not Received ,,,Call Connected,Onboarded,,,,,,,,,,,,,,,,,,,,,,,,
,2016.0,Sardar,Munger,Jamui,40.0,Jamui (SC),242.0,Jhajha,Gidhaur,3.0,85000.0,8.0,"Yadav
Gangota
Rajput
Brahman
Muslim",Anita Devi/Lalan Singh,9798607507.0,Gidhor_3,EBC,Kahar,42.0,"- Incumbent ZP(2021)
- Former BDC(2006)
- Former Mukhiya(2011)",Gidhaur_3,Call Connected,Active,Yes,Call Connected,Onboarded,kl Batye meeting Time ka,,,,,,,,,,,,,,,,,,,,,,,
,2016.0,Sardar,Munger,Jamui,40.0,Jamui (SC),242.0,Jhajha,Jhajha,13.0,56000.0,7.0,"Yadav
Muslim
Rishidev
Teli
Gangota",Jaanaki Devi/Shirikant Yadav,9631583791.0,Jhajha_13,OBC,Yadav,48.0,"- Former Two Time ZP(2001,2016)
- ZP 2nd Runner Up Got6225 Votes(2021)",Jhajha_13,Call Connected,Active,Yes,Call Connected,Onboarded,,,,,,,,,,,,,,,,,,,,,,,,
,2016.0,Sardar,Munger,Jamui,40.0,Jamui (SC),242.0,Jhajha,Jhajha,14.0,50000.0,6.0,"Yadav
Muslim
Ravidas
Gangota
Teli",Mohammad Kashim,8809247995.0,Jhajha_14,Minority,Muslim,39.0,"- ZP 2nd Runner Up Got 4924)
- JSP Zila Adhiyaks Minority
- Former JSP Core Commitee Members
- Former Two Time Sarpanch(2006,2011)
",Jhajha_14,Not Received ,,,Call Connected,Onboarded,,,,,,,,,,,,,,,,,,,,,,,,
,2016.0,Sardar,Munger,Jamui,40.0,Jamui (SC),242.0,Jhajha,Jhajha,15.0,48000.0,6.0,"Yadav
Muslim
Genral
Ravidas
Santhal",Mohammad Sajjad Ansari,9934904074.0,Jhajha_15,Minority,Muslim,46.0,"- ZP 1st Runner Up Got 6600 Votes(2021)
- Former Ward Parshad Jhajha(2012 to 2017)
",Jhajha_15,Call Connected,Active,,Call Connected,Onboarded,,,,,,,,,,,,,,,,,,,,,,,,
,2016.0,Sardar,Munger,Jamui,40.0,Jamui (SC),243.0,Chakai,Chakai,20.0,48000.0,6.0,"Yadav
Santhal 
Mushar
Muslim
",Rameshwar Yadav,9973657173.0,Chakai_20,OBC,Yadav,63.0,"
- ZP Ist Runner Up Got 8200 Votes(2021)
- ZP Ist Runner Up Got 6700 Votes(2016)
- ZP Ist Runner Up Got 6100 Votes(2011)
- ZP Ist Runner Up Got 5600 Votes(2006)
",Chakai_20,Call Connected,Active,,Call Connected,Onboarded,,,,,,,,,,,,,,,,,,,,,,,,
,2016.0,Sardar,Munger,Jamui,40.0,Jamui (SC),243.0,Chakai,Sono,17.0,100000.0,10.0,"Kurmi
Yadav
Bania
Ravidas
Muslim 
Rajput",Ratan Priya Singh,9931672247.0,Sono_17,General,Rajput,27.0,"- ZP Runner Up Got 6500 Votes(2016)
- ZP Runner Up Got 6000 Votes(2021)",Sono_17,Call Connected,Active,,Call Connected,Onboarded,,,,,,,,,,,,,,,,,,,,,,,,
,2016.0,Sardar,Munger,Munger,28.0,Munger,165.0,Munger,Bariarpur,6.0,45000.0,6.0,"Gangota 
Yadav
Bind 
Muslim
Ravidas",Sarita Kumari,9525425925.0,Bariyarpur_6,EBC,Gangota,48.0,"- ZP Runner Up Got Votes 2001(2021)
- Two Time Mukhiya Runner(2016,2011,)
- Former BDC(2006)",Bariarpur_6,Call Connected,Active,Yes,Call Connected,Onboarded,,,,,,,,,,,,,,,,,,,,,,,,
,2016.0,Sardar,Munger,Munger,28.0,Munger,165.0,Munger,Bariarpur,7.0,52000.0,6.0,"Dhanuk
Mallah 
Bania
Yadav",Niranjan Chaudhari,7634980204.0,Bariyarpur_7,OBC,Bania,61.0,- ZP Ist Runner Up Got 6200 Votes(2021),Bariarpur_7,Call Connected,Highly Active,Yes,Call Connected,Onboarded,Zila me mile ga,,,,,,,,,,,,,,,,,,,,,,,
,2016.0,Sardar,Munger,Munger,28.0,Munger,165.0,Munger,Munger Sadar,2.0,64000.0,8.0,"Yadav
Muslim
Dhanuk

",Najma Khatun,6203427413.0,Munger Sadar_2,Minority,Muslim,43.0,"- ZP 3rd Runner Up Got 5800 Votes(2021)
- ZP Runner Up Got 4500(2011)",Munger Sadar_2,Call Connected,Dicey,No,Call Connected,Onboarded,,,mother Ladti haain Chunab Unse Puchh kr baatayenge,,,,,,,,,,,,,,,,,,,,,
,2016.0,Sardar,Munger,Munger,28.0,Munger,166.0,Jamalpur,Dharhara,4.0,48000.0,7.0,"Kurmi
Yadav
Ravidas
Muslim",Kumari Jyoti Sinha/V.K. Mahta,9560967479.0,Dharhara_4,OBC,Kurmi,34.0,"- Former ZP Runner Up Got 3600 Votes(2021)
-  His construction business in Gurgaon.",Dharhara_4,Call Connected,Active,Yes,Call Connected,Onboarded,,,Agr Gen Seat hua toh Chunab Ldenge,,,,,,,,,,,,,,,,,,,,,
,2016.0,Sardar,Munger,Munger,28.0,Munger,166.0,Jamalpur,Dharhara,5.0,42000.0,6.0,"Yadav
Ravidas
Santhal
Muslim",Aashaa Raay,8292716159.0,Dharhara_5,OBC,Yadav,64.0,"- ZP Ist Runner Up Got 6600 Votes(2021)
- Former Two Time Mukhiya(2006,2011)
",Dharhara_5,Call Connected,Active,Yes,Call Connected,Onboarded,,,Agr Gen Seat hua toh Chunab Ldenge,,,,,,,,,,,,,,,,,,,,,
,2016.0,Sardar,Munger,Munger,28.0,Munger,166.0,Jamalpur,Jamalpur,3.0,100000.0,10.0,"Dhanuk
Yadav
Muslim
Bhumiyar
Mushar",Sapana Kumari,8825253343.0,Jamalpur_3,General,Bhumiyar,38.0,"- ZP Runner Up Got 6700 Votes(2021)
- Former JSP Sanghathan Zila Adhiyaks(2020 to 2025)",Jamalpur_3,Not Reachable,,,Call Connected,Onboarded,,,,,,,,,,,,,,,,,,,,,,,,
,2016.0,Sardar,Munger,Munger,3.0,Purvi Champaran,15.0,Kesaria,Sangrampur,14.0,70000.0,8.0,"Yadav
Mushar
Kurmi
Dhanuk
Muslim",Poonam Bhaarati,7482993828.0,No,SC,Chamar,32.0,"- ZP Ist Runner Up Got 10000 Votes(2021)
- His Brother Was Two Time Sarpanch(2011,2016)",Sangrampur_14,Not Received ,,,Call Connected,Onboarded,,,,,,,,,,,,,,,,,,,,,,,,
,2016.0,Sardar,Munger,Munger,40.0,Jamui (SC),164.0,Tarapur,Haveli Kharagpur,9.0,80000.0,10.0,"Yadav
Bind
Kushwaha
Rajput
Santhal",Kanakalata Devi,9602293089.0,Kharagpur_9,EBC,Bind,53.0,"- ZP Runner Up Got 4000 Votes(2021)
- He is Retired From Indian Army.",Haveli Kharagpur_9,Call Connected,Active,Yes,Call Connected,Onboarded,,,Seat Reserve Rha toh Ldenge ,,,,,,,,,,,,,,,,,,,,,
1.0,,Karan,Magadh,Arwal,,Jehanabad,214.0,Arwal,Arwal,1.0,21906.0,6.0,"Yadav 
 Kuswaha
 Muslim
 Rajput
Manjhi",Ranjay Kumar,9631259587.0,Arwal_1,OBC,Yadav,39.0," -ZP Contestent in 2021 - (1683 Votes, 4th Rank)
-Former ZP Member:2016-21
-Former ZP Chairman:2016 -18
-Former BSP Pradesh Mahasachiv:2017-23
-Former BSP Zila Adhyaksh: 2015 - 17
-Former LJP Student Cell Zila Adhyaksh:2006 -13
-Advocate at Session Court
-Jan Suraaj State Core Cimmittee Member and & 7 Sadasya Yuva Samvaad samiti",Arwal_1,Call Connected,Active,Yes,Call Connected,Onboarded,,,,,,,,,,,,,,,,,,,,,,,,
5.0,,Karan,Magadh,Arwal,,Jehanabad,214.0,Arwal,#N/A,3.0,34550.0,7.0,"Bhumihar 
Yadav
Kuswaha
 Kurmi 
 SC",Chandra Prabha Devi/ Ram Narayan Ram,8228918863/8789547678,No,SC,Chamar,60.0,"-ZP Contestent in 2021 (4478 Votes, 3rd Rank) 
-Former ZP 2001 -2006  
- Well Renowed Family in the locality 
- Family was involved with left , currently symphythiser of JAN SURAAJ",#N/A,Call Connected,Active,,Call Connected,Onboarded,,,,,,,,,,,,,,,,,,,,,,,,
12.0,,Karan,Magadh,Arwal,,Jehanabad,214.0,Arwal,Karpi,6.0,48993.0,13.0,"Yadav 
 Kuswaha
 EBC
 muslim",Sangeeta Yadav,8581993544.0,Karpi_6,OBC,Yadav,30.0," - ZP Contestent in 2021 (2146 votes, 6th Rank) 
- Advocate Ranjay Yadav's wife (ACC)",Karpi_6,Call Connected,Active,,Call Connected,Onboarded,,,first she decide and confirm tommorow,,,,,,,,,,,,,,,,,,,,,
,,Karan,Magadh,Arwal,,Jehanabad,215.0,Kurtha,Sonbhadra Banshi Suryapur,7.0,37229.0,8.0,"SC
 Yadav
Rajput
Manjhi
Kuswaha",Aneeta Kumari/ Surjeet Saxena,9525334078.0,Sonbhadra-Bansi-Surajpur_7,SC,Chamar,32.0,"-ZP Contestent in 2021 (3023 votes, 4th Rank )
-Occupation farming and grocery shop.",Sonbhadra Banshi Suryapur_7,Call Connected,Active,,Call Connected,Onboarded,,,,,,,,,,,,,,,,,,,,,,,,
17.0,,Karan,Magadh,Arwal,,Jehanabad,215.0,Kurtha,Sonbhadra Banshi Suryapur,7.0,37229.0,13.0,"Yadav
Muslim 
SC
Kuswaha
Manjhi",Khushbu Kumari/Lavkush Yadav,9199001999.0,Sonbhadra-Bansi-Surajpur_7,OBC,Yadav,30.0,"- ZP Contestent 2021 (1454 votes, 6th Rank)
- Husband works in real estate.",Sonbhadra Banshi Suryapur_7,Call Connected,Highly Active,Yes,Call Connected,Onboarded,,,,,,,,,,,,,,,,,,,,,,,,
,,Karan,Magadh,Arwal,,Jehanabad,215.0,Kurtha,Kurtha,9.0,26333.0,5.0," Yadav 
Kuswaha
Bhumihar
SC
Rajput",Amarkant Robinsonum,8507244503.0,Kurtha_9,OBC,Kuswaha,37.0,"-ZP contestant in 2021 (4852 votes, 3rd Rank)
-He own Computer instiute, and His father is a Homeopathic Doctor
-He joined the Jan Suraj Party in 2025",Kurtha_9,Call Connected,Active,Yes,Call Connected,Onboarded,,,,,,,,,,,,,,,,,,,,,,,,
21.0,,Karan,Magadh,Jehanabad,,Jehanabad,216.0,Jehanabad,Ratni Faridpur,1.0,35096.0,7.0," Yadav 
Bhumihar
Paswan
Ravidas
manjhi",Sumia Devi/ Vindeswar Singh,7320965206.0,Ratni Faridpur_1,OBC,Yadav,42.0,"-ZP contestant in 2021 (3435 votes)
-Former ZP 2011 - 2016 
-Occupation farming and grocery shop",Ratni Faridpur_1,Call Connected,,,Call Connected,Onboarded,,,,,,,,,,,,,,,,,,,,,,,,
27.0,,Karan,Magadh,Jehanabad,,Jehanabad,217.0,Ghosi,Kako,5.0,29875.0,8.0,"Yadav 
Kuswaha
Bhumihar
Manjhi
Muslim",Jitesh Kumar,8294436461.0,Kako_5,EBC,Kahar,45.0,"-ZP Contestent  2021 (2955 votes, 3rd Rank)
-Block Pramukh 2016-18
-Panchayat Samiti 2016- 21
-Joined Jan Suraaj Party in 2025.
-District Vice President of Janta Dal (United) 2021
",Kako_5,Call Connected,Highly Active,Yes,Call Connected,Onboarded,,,,,,,,,,,,,,,,,,,,,,,,
31.0,,Karan,Magadh,Jehanabad,,Jehanabad,217.0,Ghosi,Modanganj,10.0,41409.0,8.0,"Bhumihar
Chandravansi
Yadav
Manjhi
Rajput",Pratima Devi/Savindra Prasad Chandravnsi,9973938707.0,No,EBC,Kahar,46.0,"- ZP contestant in 2021 (4921 votes,)
- 3 Cosicutive term Panchayt Samiti :2006-21
- Farmer by Profession 
-Good hold in society at the ground level.",Modanganj_10,Call Connected,Active,Yes,Call Connected,Onboarded,,,,,,,,,,,,,,,,,,,,,,,,
36.0,,Karan,Magadh,Jehanabad,,Jehanabad,218.0,Makhdumpur (SC),Makhdumpur,7.0,37272.0,7.0,"Yadav
Bhumihar
Paswan
Manjhi
Muslim",Rakesh Kumar,9771879204.0,Makhdumpur_7,General,Bhumihar,42.0,"-ZP contestant in 2021 (3907 votes, 4th Rank)
-Block Pramukh 2016-21

-Brother Dhananjay Kumar Incumbent PACS President 2024
- Father Ex- Sarpanch",Makhdumpur_7,Call Connected,Active,Yes,Call Connected,Onboarded,,,,,,,,,,,,,,,,,,,,,,,,
39.0,,Karan,Magadh,Gaya,,Jehanabad,233.0,Atri,Khizarsarai,9.0,41161.0,8.0,"SC
Yadav
Rajput
Manjhi
Muslim",Srikant Kumar,9771674070.0,Khizarsarai_9,EBC,Kahar,48.0,"
- ZP Contestent  2021 (2129 votes, 8th Rank)
- He Joined Jan Suraaj Party in 2025",Khizarsarai_9,Call Connected,Active,Yes,Call Connected,Onboarded,,,,,,,,,,,,,,,,,,,,,,,,
44.0,,Karan,Magadh,Gaya,,Jehanabad,233.0,Atri,Neemchak Bathani,11.0,,8.0,"SC
Yadav
Kuswaha
Muslim
Rajput",Shanti Devi/Ajeet Kumar Das,7061903180.0,Neemchak Bathani_11,SC,Chamar,50.0,"-ZP Contestent 2021 (1400 votes)
- Husband Police Sub-Inspector in Bihar Government.",Neemchak Bathani_11,Call Connected,Active,Yes,Call Connected,Onboarded,,,,,,,,,,,,,,,,,,,,,,,,
46.0,,Karan,Magadh,Gaya,,Jehanabad,233.0,Atri,Atri,12.0,40389.0,8.0,"Yadav
Manjhi
Rajput
Muslim",Priyanka Kumari/Saroj Kumar Singh,7091944052.0,Atri_12,General,Rajput,42.0,"-ZP Contestent 2021 (2750 votes)
-ZP Contestent 2016 (1500 votes)
-Occupation farming and grocery shop.",Atri_12,Call Connected,Active,Yes,Call Connected,Onboarded,,,,,,,,,,,,,,,,,,,,,,,,
58.0,,Karan,Magadh,Aurangabad,,Aurangabad,223.0,Aurangabad,Madanpur,10.0,49757.0,5.0,"Yadav
Rajput
 Dhobi
Pasi
Manjhi",Abhay Kr. Sikari,8294873941.0,Madanpur_10,SC,Pasi,29.0,"- ZP Runner Up 2021 (6034 votes)
-Joined Jan Suraaj Party in 2025
-Block President of Janta Dal (United) in 2023
",Madanpur_10,Call Connected,Active,Yes,Call Connected,Onboarded,,,,,,,,,,,,,,,,,,,,,,,,
59.0,,Karan,Magadh,Aurangabad,,Aurangabad,223.0,Aurangabad,Nabinagar,22.0,39690.0,8.0," Kuswaha
 Rajput
Ravidas
Rajvansi",Ajay Rajvanshi,9631975117.0,Nabinagar_22,SC,Rajwar,40.0,"- ZP Contestent  2021 (4322 votes, 3rd Rank)
- ZP contested, 2016 (2345 votes)
- Furniture Shop & transportation business ",Nabinagar_22,Call Connected,Active,Yes,Call Connected,Onboarded,,,,,,,,,,,,,,,,,,,,,,,,
68.0,,Karan,Magadh,Gaya,,Aurangabad,225.0,Gurua,Gurua,22.0,45496.0,6.0,"Rajput
Kuswaha
Dangi
Muslim
Bhumihar",Shambhu Kumar Singh,9955280595.0,Guraru_22,General,Rajput,46.0,"-ZP contestent 2021 (2600 votes)
-Former ZP 2006 to 2011

- He Joined Jan Suraaj Party in 2024
-He works as contractor in the construction sector.",Gurua_22,Not Received,,,Call Connected,Onboarded,,,,,,,,,,,,,,,,,,,,,,,,
77.0,,Karan,Magadh,Gaya,,Aurangabad,227.0,Imamganj (SC),Imamganj,30.0,42929.0,8.0,"Muslim
Manjhi
Yadav
Paswan
Chamar",Anju Kumari/Dr. Santosh Kumar Das,8809669840.0,Imamganj_30,SC,Chamar,28.0,"- De facto Incumbent ZP -2021
- Jan Suraaj Zila Upadhyaksh
-Her brother-in-law runs his own Nursing Home.
",Imamganj_30,Call Connected,Active,Yes,Call Connected,Onboarded,,,,,,,,,,,,,,,,,,,,,,,,
79.0,,Karan,Magadh,Gaya,,Aurangabad,227.0,Imamganj (SC),Dumaria,31.0,29770.0,5.0,"Dangi
Manjhi
Yadav
Muslim",Jitendra Prasad,9718501800.0,Dumaria_31,EBC,Dangi,52.0,"-ZP Contestent in 2021 (2500 votes)
-He Joined Jan Suraaj Party in 2023
- BJP  Prakhand Yuva Morcha Adhyaksh-2021
-Businessman (brick kiln)",Dumaria_31,Call Connected,Active,,Call Connected,Onboarded,,,,,,,,,,,,,,,,,,,,,,,,
80.0,,Karan,Magadh,Gaya,,Aurangabad,227.0,Imamganj (SC),Dumaria,31.0,29770.0,5.0,"Manjhi
Paswan
Ravidas
Muslim
Yadav",Jaidi Alam Khan,9427449744.0,Dumaria_31,General,Muslim,54.0,"-ZP contestent in 2021 (2400 votes, 4th Rank)
-Businessman (Owner of JCB Machines)",Dumaria_31,Call Connected,Active,Yes,Call Connected,Onboarded,,,,,,,,,,,,,,,,,,,,,,,,
87.0,,Karan,Magadh,Gaya,,Aurangabad,231.0,Tikari,Tikari,3.0,36290.0,9.0,"Bhumihar
Yadav
Manjhi
Dangi",Lalita Devi/Gaurav Yadav,6200105756.0,Tekari_3,OBC,Yadav,35.0,"-ZP contestent 2021 (4500 votes)
-Former ZP 2016- 21
- He Joined Jan Suraaj Party in 2024",Tikari_3,Call Connected,Active,Yes,Call Connected,Onboarded,,,,,,,,,,,,,,,,,,,,,,,,
91.0,,Karan,Magadh,Gaya,,Aurangabad,231.0,Tikari,Tikari,5.0,37670.0,8.0,"Yadav
Kuswaha
Pandit
Rajput
Muslim",Tunni Kumari/Naveen Kumar Pandey,9771302231.0,Tekari_5,General,Brahmin,35.0,"-ZP Contestent in 2021 (1002 votes)
- Former Ward member 2016-21

-Joined Jan Suraaj Party Since 2023
- BJP Prakhand Mahila Prakoshth Adhyaksh 2020-22
-Husband- BJP Prakhand Mahamantri 2020-22 
",Tikari_5,Call Connected,Active,Yes,Call Connected,Onboarded,,,,,,,,,,,,,,,,,,,,,,,,
114.0,,Karan,Magadh,Gaya,,Gaya (SC),229.0,Bodh Gaya (SC),Fatehpur,42.0,30569.0,7.0,"Yadav
Manjhi
Kuswaha
Muslim
",Satyendra Kumar Yadav,9939019453.0,Fatehpur_42,OBC,Yadav,45.0,"-ZP Contestent in 2021 (3200 votes)
-He works as contractor in the construction sector.",Fatehpur_42,Call Connected,Active,Yes,Call Connected,Onboarded,,,,,,,,,,,,,,,,,,,,,,,,
124.0,,Karan,Magadh,Gaya,,Gaya (SC),232.0,Belaganj,Belaganj,8.0,29883.0,6.0,"Yadav
Manjhi
koyari
Rajput
Bhumihar",Baijanti Kumari/Shubodh Kumar Yadav,9304093725.0,Belaganj_8,OBC,Yadav,36.0,"-ZP contestent 2021 (2022 votes) 
-He served as Block Pramukh from 2016 -21
- Businessman(brick kiln)",Belaganj_8,Call Connected,Active,Yes,Call Connected,Onboarded,Switch Off,,,,,,,,,,,,,,,,,,,,,,,
126.0,,Karan,Magadh,Gaya,,Gaya (SC),234.0,Wazirganj,Wazirganj,14.0,34509.0,6.0,"Manjhi
Yadav
Paswan
Rajput
Muslim",Ajeet Kumar,7739056070.0,Wazirganj_14,SC,Musahar,37.0,"-ZP contestent 2021 (4800 vote, 3rd Rank)
-ZP Runner up 2016 (5100 votes)
-Joined Jan Suraaj Party in 2025.",Wazirganj_14,Not Received,,,Call Connected,Onboarded,,,,,,,,,,,,,,,,,,,,,,,,
132.0,,Karan,Magadh,Gaya,,Gaya (SC),234.0,Wazirganj,Manpur,18.0,39034.0,6.0,"Muslim 
Yadav
Rajput 
Kanu
Manjhi",Kriti Kumari/Paras Nath,9608484879.0,Manpur_18,EBC,Kanu,36.0,"-ZP contestent 2021 (2072 votes, 5th Rank)
-ZP Contest 2016 (lost by 700 votes)
-Advocate at the District Court.
-  Businessman (disposable products manufacturing)",Manpur_18,Call Connected,Active,Yes,Call Connected,Onboarded,,,,,,,,,,,,,,,,,,,,,,,,
,,Karan,Magadh,Arwal,,Jehanabad,214.0,Arwal,Karpi,5.0,47247.0,8.0,"Yadav
Bhumihar
Kuswaha
kumhar
Muslim",Shatrudhan Pandit,8210724547.0,Karpi_5,EBC,Kumhar,40.0,"-ZP Runner up 2021 (7289 votes)
-State General Secretary in JDU 2018-22
-He is a doctor and runs a hospital.",Karpi_5,Call Connected,Dicey,,Call Connected,Onboarded,,,NOT READY NOW BUT PLANNING,,,,,,,,,,,,,,,,,,,,,
,,Karan,Magadh,Arwal,,Jehanabad,215.0,Kurtha,Sonbhadra Banshi Suryapur,7.0,37229.0,8.0,"Yadav
Bhumihar
Muslim
Paswan
Chamar",Yadav Kusum Ganesh,9931944494.0,Sonbhadra-Bansi-Surajpur_7,OBC,Yadav,35.0,"-Incumbent ZP -2021
-Incumbent ZP Vice Chairperson 2021
-ZP contestent 2016 (3800 votes, 3rd Rank)",Sonbhadra Banshi Suryapur_7,Call Connected,Dicey,No,Call Connected,Onboarded,,,he want to contest as independent without any party support,,,,,,,,,,,,,,,,,,,,,
,,Karan,Magadh,Aurangabad,,Karakat,219.0,Goh,Goh,5.0,37408.0,7.0,"Yadav
Paswan
Kuswaha
Bhumihar
Muslim",Indu Devi/Mantosh Raj,9934917964.0,Goh_5,SC,Dusadh,36.0,"-ZP contestent 2021 (3360 votes, 4th Rank)
-ZP contestent 2016 (2800 votes)
-Homeopathic doctor and runs a hospital.",Goh_5,Call Connected,Active,Yes,Call Connected,Onboarded,,,,,,,,,,,,,,,,,,,,,,,,
,,Karan,Magadh,Aurangabad,,Karakat,219.0,Goh,Goh,6.0,34794.0,7.0,"Rajput
Yadav
Pandit
Bhumihar
Paswan",Anuradha Devi/Om Prakash Singh,9955423382.0,Goh_6,General,Rajput,40.0,"-ZP contestent 2021 (3509 votes, 5th Rank)
-ZP election 2016 lost by 450 votes
-Former ZP 2011- 2016
-Businessman (Transportation)",Goh_6,Call Connected,Active,Yes,Call Connected,Onboarded,,,,,,,,,,,,,,,,,,,,,,,,
,,Karan,Magadh,Aurangabad,,Karakat,219.0,Goh,Goh,7.0,40406.0,7.0,"Yadav
Bhumihar
Paswan
Muslim
Rajput",Jayanti Devi/Arvind Sharma,6200817687.0,Goh_7,General,Bhumihar,55.0,"-ZP contestent 2021(6798 votes, 3rd Rank)
-Former ZP 2016- 2021
-ZP contestent 2001 -2006
-Former Women’s Vice President of JDU 2023",Goh_7,Call Connected,Active,Yes,Call Connected,Onboarded,,,,,,,,,,,,,,,,,,,,,,,,
,,Karan,Magadh,Aurangabad,,Karakat,219.0,Goh,Goh,7.0,40406.0,7.0,"Yadav
Bhumihar
Paswan
Muslim
Rajput",Anita Devi/Pawan Kumar,8521251116.0,No,OBC,Yadav,40.0,"-ZP contestent 2021(4465 votes, 4th Rank)
-Practitioner (Runs a clinic)",Goh_7,Not Received ,,,Call Connected,Onboarded,,,,,,,,,,,,,,,,,,,,,,,,
,,Karan,Magadh,Aurangabad,,Karakat,219.0,Goh,Haspura,4.0,38889.0,7.0,"Yadav
Paswan
Rajwar
Bhumihar
Muslim",Reetu Kumari/Sachin Kumar,9931852504.0,Haspura_4,OBC,Yadav,45.0,"-ZP contestent 2021(2963 votes, 5th Rank)
-Incumbent PACS President 2009- Onwards",Haspura_4,Call Connected,Active,Yes,Call Connected,Onboarded,,,,,,,,,,,,,,,,,,,,,,,,
,,Karan,Magadh,Aurangabad,,Karakat,220.0,Obra,Obra,14.0,40265.0,7.0,"Yadav
Kurmi
Paswan
Bhumihar
Rajput",Aasha Devi/Jitendra Kumar Yadav,9199608357.0,Obra_14,OBC,Yadav,33.0,"-ZP contestent 2021(9126 votes, 3rd Rank)
-Incumbent PACS President 
-Businessman (Cement Shop)",Obra_14,Call Connected,Active,Yes,Call Connected,Onboarded,,,,,,,,,,,,,,,,,,,,,,,,
,,Karan,Magadh,Aurangabad,,Karakat,220.0,Obra,Obra,14.0,,7.0,"Yadav
Paswan
Kurmi
Rajput
Bhumihar",Swaati Kumari/ Ranjan Kumar,7903189409.0,Obra_14,OBC,Kurmi,38.0,"-ZP contestent 2021(3467 votes, 3rd Rank)
-District President of JDU 2024
-Father-in-law -Incumbent PACS President
",Obra_14,Call Connected,Highly Active,,Call Connected,Onboarded,,,,,,,,,,,,,,,,,,,,,,,,
,,Karan,Magadh,Aurangabad,,Karakat,220.0,Obra,Obra,15.0,38265.0,6.0,"Yadav
Paswan
Mushar
Muslim
Bhumihar",Rupanjali Kumari/ Shiv Prakash Kumar,9471464147.0,No,OBC,Yadav,31.0,"-Incumbent ZP -2021
-Businessman (Cement Shop and Tractor Showroom)",Obra_15,Busy,,,Call Connected,Onboarded,,,,,,,,,,,,,,,,,,,,,,,,
,,Karan,Magadh,Aurangabad,,Karakat,221.0,Nabinagar,Barun,17.0,46653.0,8.0,"Yadav
Chamar
Teli
Muslim
Paswan",Priyanka Anand/ Ravi Ranjan Kumar,7479828095.0,Barun_17,SC,Dusadh,31.0,"-ZP Runner up 2021 (8888 votes)
-BDC  Runner up 2016 
-Mukhiya Runner up 2011
-Father-in-law Railway Employee (Junior Engineer

-District Vice President of RJD 2021
-He joined JSP in 2024",Barun_17,Call Connected,Dicey,,Call Connected,Onboarded,,,,,,,,,,,,,,,,,,,,,,,,
,,Karan,Magadh,Aurangabad,,Karakat,221.0,Nabinagar,Barun,17.0,46653.0,8.0,"Yadav
Paswan
Ravidas
Muslim
Rajput",Devanti Devi/Mahendra Ram,9006794391.0,No,SC,Dusadh,50.0,"-ZP contestent 2021(4577 votes, 5th Rank)
-Former Sarpanch 2011-16

-He joined JSP in 2025",Barun_17,No Incoming ,,,Call Connected,Onboarded,,,,,,,,,,,,,,,,,,,,,,,,
,,Karan,Magadh,Aurangabad,,Karakat,221.0,Nabinagar,Nabinagar,20.0,47161.0,9.0,"Yadav
Paswan
Muslim
Rajput
SC",Khushbu Kumari Singh/ Vijendra Singh,7003548125.0,No,EBC,Kumhar,30.0,"-ZP contestent 2021(6556 votes, 4th Rank)
-Businessman (Stationery & Book Store)",Nabinagar_20,Call Connected,Not Active,No,Call Connected,Onboarded,ye bjp ka zila adhyaksh h,,,,,,,,,,,,,,,,,,,,,,,
,,Karan,Magadh,Aurangabad,,Karakat,221.0,Nabinagar,Nabinagar,21.0,40882.0,8.0,"Rajput
Paswan
Chamar
Teli
Malah",Dudheshwar Paswan,7763014835.0,Nabinagar_21,SC,Dusadh,46.0,"-Incumbent ZP -2021
-ZP election 2016 lost by 288 votes
-Bhabhi  - Former Sarpanch 2006- 2011
-Associated with JSP in 2024",Nabinagar_21,Call Connected,Active,Yes,Call Connected,Onboarded,,,,,,,,,,,,,,,,,,,,,,,,
,,Karan,Magadh,Aurangabad,,Karakat,221.0,Nabinagar,Nabinagar,21.0,40882.0,8.0,"Rajput
Yadav
Nonia
Paswan
Chamar",Baijnath Paswan,6201961747.0,Nabinagar_21,SC,Dusadh,56.0,"-ZP contestent 2021(4858 votes, 4th Rank)
 -Former ZP 2016- 2021
-ZP election 2001 lost by 8 votes
-Occupation Road & Bridge Contractor
",Nabinagar_21,Call Connected,Active,Yes,Call Connected,Onboarded,,,,,,,,,,,,,,,,,,,,,,,,
,,Karan,Magadh,Aurangabad,,Karakat,221.0,Nabinagar,Nabinagar,21.0,40832.0,8.0,"Rajput
Yadav
Chamar
Paswan
Muslim",Bablu Kumar Ravi,9693951525.0,Nabinagar_21,SC,Chamar,46.0,"-ZP contestent 2021 (4032 votes, 5th Rank
-ZP election 2016 lost by 60 votes
-Businessman (Owner of 3 Buses)",Nabinagar_21,Call Connected,Active,Yes,Call Connected,Onboarded,,,,,,,,,,,,,,,,,,,,,,,,
,,Karan,Magadh,Aurangabad,,Karakat,221.0,Nabinagar,Nabinagar,22.0,41528.0,8.0,"Paswan
chamar
Yadav
Rajut
Bhumihar",Kiran Devi/ Nawal Kisor Paswan,9748331133.0,No,SC,Dusadh,48.0,"-ZP contestent 2021(3077 votes, 5th Rank)
-Runner up Mukhiya 2016 
-Businessman (Restaurant)",Nabinagar_22,No Incoming ,,,Call Connected,Onboarded,,,,,,,,,,,,,,,,,,,,,,,,
,,Karan,Magadh,Aurangabad,,Aurangabad,224.0,Rafiganj,Madanpur,10.0,33735.0,7.0,"Yadav
Kuswaha
Paswan
Rajput
Bhumihar",Vikas Kumar,6205994191.0,No,OBC,Yadav,28.0,"-Incumbent ZP -2021
-He joined Jan Suraaj Party in 2025",Madanpur_10,Not Received ,,,Call Connected,Onboarded,,,,,,,,,,,,,,,,,,,,,,,,
,,Karan,Magadh,Aurangabad,,Aurangabad,224.0,Rafiganj,Madanpur,27.0,32499.0,6.0,"Paswan
Kuswaha 
Yadav
Rajput
Teli",Kanchan Devi/ Bablu Paswan,6204837232.0,Madanpur_27,SC,Dusadh,36.0,"-Incumbent ZP -2021
-Husband -Former Mukhiya 2006- 2011
-Businessman (Poultry Farm Owner)",Madanpur_27,Call Connected,Active,Yes,Call Connected,Onboarded,,,,,,,,,,,,,,,,,,,,,,,,
561.0,2016.0,Anmol,Nalanda,Nalanda,,,,,,29.0,2599.0,5.0,"Muslim
Paswan
Kurmi
Bhumihar",RAJU RANJAN,9304010238.0,No,अन्य,,48.0,"ZP Runner Up 2016, Received 2600 votes
Contested Assembly Election 2020, Received 5000 votes (Bhartiye Sablog Party)
His father was retired DSP, and a BJP Leader
Runs Security Agency named 'Bihar Intelligence Security Service'",,,,,Call Connected,Onboarded,,,,,,,,,,,,,,,,,,,,,,,,
,,Anmol,Nalanda,Nalanda,29.0,Nalanda,174.0,Islampur,Islampur,8.0,,,"Kurmi 
Yadav
Paswan
Ravidash
Bhumihar",Tanuja Kumari,,No,OBC,Kurmi,35.0,"Incumbent ZP 2021, Received 8400 votes
Jansuraj Assembly Election candidate in 2025",Islampur_8,,,,Call Connected,Onboarded,,,,,,,,,,,,,,,,,,,,,,,,
,,Anmol,Nalanda,Nawada,39.0,Nawada,239.0,Warsaliganj,Warsaliganj,17.0,,8.0,"Bhumihar
Koiri 
Kurmi
Yadav
Paswan",Kanchan Kumari/Shankar Kumar,8210512181.0,Warisaliganj_17,General,Bhumihar,38.0,"Defacto ZP Runner Up Runner Up 2021, Received 4800 votes 
ZP Runner Up 2016, Received 4000 Votes 
He is a advocate in Nawada Dist Court",Warsaliganj_17,Call Connected,Dicey,,Call Connected,Onboarded,,,,,,,,,,,,,,,,,,,,,,,,
,,Ayush,Munger,Bhagalpur,26.0,Bhagalpur,152.0,Bihpur,Kharik,5.0,62000.0,7.0,Mandal | Muslim | Bhumihar | Yadav | SC,Bibi Chandani Begum/MD. Farukh,,No,EBC,Muslim,32.0,"2016 & 2021 ZP Election Contestant
Medical Shop Owner and Medical Practitioner,
Secured 5,100+ votes and finished in 3rd position in the 2021 ZP election.",Kharik_5,,,,Call Connected,Onboarded,malda Me Hain Aake Bta sakte  Hain Sabha Ke Liye,,,,,,,,,,,,,,,,,,,,,,,
,,Ayush,Munger,Bhagalpur,26.0,Bhagalpur,155.0,Kahalgaon,Goradih,20.0,65000.0,7.0,Muslim | Yadav | Dhanuk | Kurmi,Sangeeta Devi/Dr Bhawesh Kushwaha,,No,OBC,Kushwaha,35.0,"District Vice President of JDU
RLM Pradesh Mahasachiv
Contested the 2021 ZP election, secured 4,423 votes and finished in 3rd position
2025 BSP Assembly Constituency Candidate (ACC).",Goradih_20,,,,Call Connected,Onboarded,,,,,,,,,,,,,,,,,,,,,,,,
,,Ayush,Munger,Bhagalpur,26.0,Bhagalpur,156.0,Bhagalpur,Jagdishpur,16.0,54000.0,7.0,Muslim | Yadav | Mandal | Rajput | Bhumihar,Md. Sarbar,,No,Minority,Muslim,48.0,"A respected religious Maulana
Two-time ZP election contestant
Secured around 5,000 votes in the 2021 ZP election.",Jagdishpur_16,,,,Call Connected,Onboarded,,,,,,,,,,,,,,,,,,,,,,,,
,,Ayush,Munger,Bhagalpur,26.0,Bhagalpur,158.0,Nathnagar,Nathnagar,15.0,65000.0,6.0,Yadav | muslim | Kushwaha | bania | Dalit,Ashok Kumar AKA Aalok Yadav Satish Chandra Yadav,,No,OBC,Yadav,46.0,"Guest Professor at Tilka Manjhi Bhagalpur University
ACC Candidate from Nathnagar in the 2019 By-Election and 2020 Assembly Election
ZP Member (2016–2021)
District President of Jan Adhikar Party.",Nathnagar_15,,,,Call Connected,Onboarded,,,,,,,,,,,,,,,,,,,,,,,,
,,Ayush,Munger,Bhagalpur,27.0,Banka,157.0,Sultanganj,Shahkund,12.0,74000.0,10.0,Kushwaha | Yadav  | muslim | bania | harijan,Manju Devi/Manoj Saw,,No,EBC,Teli,40.0,"Zila Parishad Member (2016–2021)
Secured 10,400 votes in the 2021 ZP election and finished in 3rd position
Construction Material Supplier.",Shahkund_12,,,,Call Connected,Onboarded,3rd Rank,,,,,,,,,,,,,,,,,,,,,,,
,,Ayush,Munger,Bhagalpur,27.0,Banka,157.0,Sultanganj,Shahkund,13.0,70000.0,9.0,"Muslim | Yadav | koiri ,Kurmi, Dhanu | Bhumihar",Anant Kumar,,No,EBC,Halwai,48.0,"Ward Member (2001–2006)
PACS President (2009–2014)
Vyapar Mandal President (2012–2015)
ZP Member (2016–2021), won by a margin of 20,000 votes
ZP Chairman (2016, 2021–2024)
Manages multiple businesses,
 including transport, petrol pump,
 and automobile showroom operations.
Yuwak Sangh President (1999–Present).",Shahkund_13,,,,Call Connected,Onboarded,Strong Candidate,,,,,,,,,,,,,,,,,,,,,,,
,,Ayush,Munger,Bhagalpur,27.0,Banka,157.0,Sultanganj,Shahkund,13.0,65000.0,9.0,Yadav  | muslim | Rajput | Bind | Chandravansi,Vinay Singh,,No,EBC,Nisad,72.0,"His son served as Mukhiya for four consecutive terms (2006–2021)
Daughter-in-law is Incumbent Pramukh
Owner of two rice mills
His son contested the 2011 MLC election
Retired Government Teacher.",Shahkund_13,,,,Call Connected,Onboarded,,,,,,,,,,,,,,,,,,,,,,,,
,,Ayush,Munger,Banka,27.0,Banka,161.0,Banka,Banka,15.0,55000.0,8.0,Yadaav | Harijan | EBC | Rajput | Kushwaha,Gopal Sharma,,No,EBC,Badhai,57.0,"Contested the 2001 Mukhiya election
Defacto BDC (2006–2011)
Runner-up in the 2011–2016 BDC election
Runner-up in the 2016–2021 ZP election
Contested the 2021–2026 ZP election, secured 3,534 votes and finished in 5th position ",Banka_15,,,,Call Connected,Onboarded,,,Number Missing,,,,,,,,,,,,,,,,,,,,,
,,Ayush,Munger,Banka,27.0,Banka,163.0,Belhar,Belhar,19.0,56000.0,8.0,kahar| Yadav | Rajput | Chamar | koiri,Laleeta Devi/Mrityunjay Prajapati,,No,EBC,kahar,41.0," Mukhiya contestant in 2006
BSP Vidhan Sabha Candidate in 2010
Sub-Inspector in Jamui Police.",Belhar_19,,,,Call Connected,Onboarded,,,Number Missing,,,,,,,,,,,,,,,,,,,,,
,,Sardar,Munger,Banka,27.0,Banka,159.0,Amarpur,Amarpur,5.0,45000.0,6.0,"Kuswaha
Yadav
Muslim
Kurmi",Sujaata Vaidya,,No,General,,54.0,"- Incumbent ZP(2021)
- JSP  Vidhansabha Pratyashi.
",Amarpur_5,Call Connected,Active,Yes,Call Connected,Onboarded,,,Number Missing,,,,,,,,,,,,,,,,,,,,,
,,Sardar,Munger,Bhagalpur,26.0,Bhagalpur,155.0,Kahalgaon,Sanhaula,31.0,90000.0,9.0,"Paswan
Kurmi
Muslim
Yadav
Mushar",Gaurav Paswan,,No,SC,Dusadh,32.0,"- ZP Runner Up Got 3500 Votes(2021)
- Former LJP Perkhand Youva Adhiyaks(2020 to 2022)
- Fathar Was 4 Time Ward Sadas(2001,2006,2011,2016)",Sanhaula_31,,,,Call Connected,Onboarded,,,,,,,,,,,,,,,,,,,,,,,,
,,Sardar,Munger,Bhagalpur,26.0,Bhagalpur,156.0,Bhagalpur,Jagdishpur,17.0,85000.0,9.0,"Muslim
Yadav
Bhumiyar
Kuswaha
kumhar",Nand Kishore Pandit,,No,EBC,Kumhar,61.0,"- Contested MLA Samta Party and secured around 9,000 votes.(1995)
- Former JDU Zila Adiyaks(2010 to 2015)
- Kar Sena Rastiye Adhiyaks(2014 to Till Time )
",Jagdishpur_17,,,,Call Connected,Onboarded,22 June Ko ayega patna,,,,,,,,,,,,,,,,,,,,,,,
,,Sardar,Munger,Jamui,40.0,Jamui (SC),243.0,Chakai,Chakai,19.0,56000.0,8.0,"Yadav
Ravidas/Paswan
Santhal
Tanti
Muslim",Naresh Taanti,,No,EBC,Tanti,49.0,"- ZP Runner Up Got 5100 Votes(2021)
- ZP Ist Runner Up Got 6900 Votes(2016)
- Indian Manav Adhikar Association Parkhand Adhiyaks & Perdesh Pervakta.(2022 to Till Date)",Chakai_19,Not Received ,,,Call Connected,Onboarded,Zila me milega,,,,,,,,,,,,,,,,,,,,,,,
,,Karan,Magadh,Arwal,,Jehanabad,214.0,Arwal,Kaler,3.0,34550.0,7.0,"Bhumihar 
Yadav
Kuswaha
 Kurmi 
 SC",Chandra Prabha Devi/ Ram Narayan Ram,,No,SC,Chamar,60.0,"-ZP Contestent in 2021 (4478 Votes, 3rd Rank) 
-Former ZP 2001 -2006  
- Well Renowed Family in the locality 
- Family was involved with left , currently symphythiser of JAN SURAAJ",Kaler_3,,,,Call Connected,Onboarded,,,,,,,,,,,,,,,,,,,,,,,,
,,Karan,Magadh,Gaya,,Jehanabad,233.0,Atri,Khizarsarai,10.0,31637.0,6.0,"Kuswaha
Dangi
Muslim
Sc
Manjhi",Akhilesh Kumar,7903140407.0,Khizarsarai_10,EBC,Dangi,46.0,"
-ZP Runner up 2021 (5358 votes)
-Businessman (brick kiln) and LIC Agent
",Khizarsarai_10,,,,Call Connected,Onboarded,,,,,,,,,,,,,,,,,,,,,,,,
,,Karan,Magadh,Gaya,,Jehanabad,233.0,Atri,Neemchak Bathani,11.0,41817.0,8.0,"SC
Yadav
Muslim
Kuswaha
Rajput",Rekha Kumari/Ramakant Yadav,7250634955.0,Neemchak Bathani_11,OBC,Yadav,39.0,"- ZP Contestent 2021 (5651 votes)
 -Husband- Senior Section Engineer in the Railway, and
- He is involved in railway contracting work
",Neemchak Bathani_11,,,,Call Connected,Onboarded,,,,,,,,,,,,,,,,,,,,,,,,
,,Karan,Magadh,Gaya,,Jehanabad,233.0,Atri,Mohra,13.0,44694.0,9.0,"Yadav
SC
Rajput
Muslim
Dangi",Manju Kumari/Ambuj Kr. Singh,8651764222.0,Mohra_13,EBC,Dangi,35.0,"
-ZP Contestent 2021 (4316 votes, 5th Rank)
- Father -in-law  Jan Suraaj Prakhand Adhyaksh
- Mother -in-law PACS President",Mohra_13,,,,Call Connected,Onboarded,,,,,,,,,,,,,,,,,,,,,,,,
,,Karan,Magadh,Gaya,,Gaya (SC),229.0,Bodh Gaya (SC),Fatehpur,41.0,32875.0,6.0,"Yadav
Manjhi
Muslim
Kuswaha",Rinku Kumari/Guddu Kumar Yadav,9771717827.0,No,OBC,Yadav,27.0,"-ZP Contestent in 2021 (2600 votes)
-Businessmen (2 General Store )",Fatehpur_41,,,,Call Connected,Onboarded,Dicey,,,,,,,,,,,,,,,,,,,,,,,
,,Karan,Magadh,Gaya,,Gaya (SC),229.0,Bodh Gaya (SC),Fatehpur,42.0,30569.0,7.0,"Yadav
Manjhi
Paswan
Bhumihar
Muslim",Anamika Singh/Baijnath Prasad,7061121380.0,Fatehpur_42,OBC,Yadav,46.0,"- ZP Contestent in 2021 (2185 votes)
- Former ZP 2006-11 
- Businessmen (Cement shop)
",Fatehpur_42,,,,Call Connected,Onboarded,,,,,,,,,,,,,,,,,,,,,,,,
,,Karan,Magadh,Gaya,,Gaya (SC),230.0,Gaya Town,Gaya Town,20.0,39378.0,8.0,"Yadav 
SC
Manjhi
Kuswaha
Rajput",Chandra Bhushan Kumar,9852172560.0,Gaya Town_20,SC,Chamar,40.0,"-ZP Runner up 2021 (5152 votes)
-Former ZP 2006- 2011
-His wife Incumbent Block Pramukh 2021
-He has a real estate business.",Gaya Town_20,,,,Call Connected,Onboarded,,,,,,,,,,,,,,,,,,,,,,,,
,,Karan,Magadh,Arwal,,Jehanabad,214.0,Arwal,Karpi,6.0,48993.0,10.0,"Yadav
Kuswaha
Bhumihar
Chamar
Muslim",Smita Kumari/Ajeet Kumar,8421850366/9860783463,Karpi_6,OBC,Kushwaha,29.0,"-ZP contestent 2021 (5713 votes, 3rd Rank)
-He works as a building and electrical contractor
-He joined Jan Suraaj Party in 2023",Karpi_6,,,,Call Connected,Onboarded,,,,,,,,,,,,,,,,,,,,,,,,
,,Karan,Magadh,Aurangabad,,Karakat,221.0,Nabinagar,Barun,17.0,46653.0,8.0,"Yadav
Paswan
Ravidas
Muslim
Rajput",Nirmala Kumari,9973105159/8789463545,Barun_17,SC,Dusadh,37.0,"-ZP contestent 2021(4775 votes, 4th Rank)
-Husband  Government Teacher",Barun_17,Call Connected,Active,Yes,Call Connected,Onboarded,,,,,,,,,,,,,,,,,,,,,,,,
,,Karan,Magadh,Aurangabad,,Aurangabad,222.0,Kutumba (SC),Kutumba,23.0,37499.0,7.0,"Chamar
Rajput
Mahto
Paswan
Bhumihar",Soni Lal Raman,9955838919/8210645721,Kutumba_23,SC,Chamar,44.0,"-Runner up ZP 2021 (4672 votes)
-Former ZP 2016- 2021
-BSP candidate in 2025 Assembly election; secured 7,300 votes.
-District General Secretary of BJP 2016–2021",Kutumba_23,Call Connected,Active,Yes,Call Connected,Onboarded,,,,,,,,,,,,,,,,,,,,,,,,
,,,,,,,,,,,,,,,,No,,,,,,,,,,,,,,,,,,,,,,,,,,,,,,,,,,
,,,,,,,,,,,,,,,,No,,,,,,,,,,,,,,,,,,,,,,,,,,,,,,,,,,
,,,,,,,,,,,,,,,,No,,,,,,,,,,,,,,,,,,,,,,,,,,,,,,,,,,
,,,,,,,,,,,,,,,,No,,,,,,,,,,,,,,,,,,,,,,,,,,,,,,,,,,
,,,,,,,,,,,,,,,,No,,,,,,,,,,,,,,,,,,,,,,,,,,,,,,,,,,
,,,,,,,,,,,,,,,,No,,,,,,,,,,,,,,,,,,,,,,,,,,,,,,,,,,
,,,,,,,,,,,,,,,,No,,,,,,,,,,,,,,,,,,,,,,,,,,,,,,,,,,
,,,,,,,,,,,,,,,,No,,,,,,,,,,,,,,,,,,,,,,,,,,,,,,,,,,
,,,,,,,,,,,,,,,,No,,,,,,,,,,,,,,,,,,,,,,,,,,,,,,,,,,
,,,,,,,,,,,,,,,,No,,,,,,,,,,,,,,,,,,,,,,,,,,,,,,,,,,
,,,,,,,,,,,,,,,,No,,,,,,,,,,,,,,,,,,,,,,,,,,,,,,,,,,
,,,,,,,,,,,,,,,,No,,,,,,,,,,,,,,,,,,,,,,,,,,,,,,,,,,
,,,,,,,,,,,,,,,,No,,,,,,,,,,,,,,,,,,,,,,,,,,,,,,,,,,
,,,,,,,,,,,,,,,,No,,,,,,,,,,,,,,,,,,,,,,,,,,,,,,,,,,
,,,,,,,,,,,,,,,,No,,,,,,,,,,,,,,,,,,,,,,,,,,,,,,,,,,
,,,,,,,,,,,,,,,,No,,,,,,,,,,,,,,,,,,,,,,,,,,,,,,,,,,
,,,,,,,,,,,,,,,,No,,,,,,,,,,,,,,,,,,,,,,,,,,,,,,,,,,
,,,,,,,,,,,,,,,,No,,,,,,,,,,,,,,,,,,,,,,,,,,,,,,,,,,
,,,,,,,,,,,,,,,,No,,,,,,,,,,,,,,,,,,,,,,,,,,,,,,,,,,
,,,,,,,,,,,,,,,,No,,,,,,,,,,,,,,,,,,,,,,,,,,,,,,,,,,
,,,,,,,,,,,,,,,,No,,,,,,,,,,,,,,,,,,,,,,,,,,,,,,,,,,
,,,,,,,,,,,,,,,,No,,,,,,,,,,,,,,,,,,,,,,,,,,,,,,,,,,
,,,,,,,,,,,,,,,,No,,,,,,,,,,,,,,,,,,,,,,,,,,,,,,,,,,
,,,,,,,,,,,,,,,,No,,,,,,,,,,,,,,,,,,,,,,,,,,,,,,,,,,
,,,,,,,,,,,,,,,,No,,,,,,,,,,,,,,,,,,,,,,,,,,,,,,,,,,
,,,,,,,,,,,,,,,,No,,,,,,,,,,,,,,,,,,,,,,,,,,,,,,,,,,
,,,,,,,,,,,,,,,,No,,,,,,,,,,,,,,,,,,,,,,,,,,,,,,,,,,
,,,,,,,,,,,,,,,,No,,,,,,,,,,,,,,,,,,,,,,,,,,,,,,,,,,
,,,,,,,,,,,,,,,,No,,,,,,,,,,,,,,,,,,,,,,,,,,,,,,,,,,
,,,,,,,,,,,,,,,,No,,,,,,,,,,,,,,,,,,,,,,,,,,,,,,,,,,
,,,,,,,,,,,,,,,,No,,,,,,,,,,,,,,,,,,,,,,,,,,,,,,,,,,
,,,,,,,,,,,,,,,,No,,,,,,,,,,,,,,,,,,,,,,,,,,,,,,,,,,
,,,,,,,,,,,,,,,,No,,,,,,,,,,,,,,,,,,,,,,,,,,,,,,,,,,
,,,,,,,,,,,,,,,,No,,,,,,,,,,,,,,,,,,,,,,,,,,,,,,,,,,
,,,,,,,,,,,,,,,,No,,,,,,,,,,,,,,,,,,,,,,,,,,,,,,,,,,
,,,,,,,,,,,,,,,,No,,,,,,,,,,,,,,,,,,,,,,,,,,,,,,,,,,
,,,,,,,,,,,,,,,,No,,,,,,,,,,,,,,,,,,,,,,,,,,,,,,,,,,
,,,,,,,,,,,,,,,,No,,,,,,,,,,,,,,,,,,,,,,,,,,,,,,,,,,
,,,,,,,,,,,,,,,,No,,,,,,,,,,,,,,,,,,,,,,,,,,,,,,,,,,
,,,,,,,,,,,,,,,,No,,,,,,,,,,,,,,,,,,,,,,,,,,,,,,,,,,
,,,,,,,,,,,,,,,,No,,,,,,,,,,,,,,,,,,,,,,,,,,,,,,,,,,
,,,,,,,,,,,,,,,,No,,,,,,,,,,,,,,,,,,,,,,,,,,,,,,,,,,
,,,,,,,,,,,,,,,,No,,,,,,,,,,,,,,,,,,,,,,,,,,,,,,,,,,
,,,,,,,,,,,,,,,,No,,,,,,,,,,,,,,,,,,,,,,,,,,,,,,,,,,
,,,,,,,,,,,,,,,,No,,,,,,,,,,,,,,,,,,,,,,,,,,,,,,,,,,
,,,,,,,,,,,,,,,,No,,,,,,,,,,,,,,,,,,,,,,,,,,,,,,,,,,
,,,,,,,,,,,,,,,,No,,,,,,,,,,,,,,,,,,,,,,,,,,,,,,,,,,
,,,,,,,,,,,,,,,,No,,,,,,,,,,,,,,,,,,,,,,,,,,,,,,,,,,
,,,,,,,,,,,,,,,,No,,,,,,,,,,,,,,,,,,,,,,,,,,,,,,,,,,
,,,,,,,,,,,,,,,,No,,,,,,,,,,,,,,,,,,,,,,,,,,,,,,,,,,
,,,,,,,,,,,,,,,,No,,,,,,,,,,,,,,,,,,,,,,,,,,,,,,,,,,
,,,,,,,,,,,,,,,,No,,,,,,,,,,,,,,,,,,,,,,,,,,,,,,,,,,
,,,,,,,,,,,,,,,,No,,,,,,,,,,,,,,,,,,,,,,,,,,,,,,,,,,
,,,,,,,,,,,,,,,,No,,,,,,,,,,,,,,,,,,,,,,,,,,,,,,,,,,
,,,,,,,,,,,,,,,,No,,,,,,,,,,,,,,,,,,,,,,,,,,,,,,,,,,
,,,,,,,,,,,,,,,,No,,,,,,,,,,,,,,,,,,,,,,,,,,,,,,,,,,
,,,,,,,,,,,,,,,,No,,,,,,,,,,,,,,,,,,,,,,,,,,,,,,,,,,
,,,,,,,,,,,,,,,,No,,,,,,,,,,,,,,,,,,,,,,,,,,,,,,,,,,
,,,,,,,,,,,,,,,,No,,,,,,,,,,,,,,,,,,,,,,,,,,,,,,,,,,
,,,,,,,,,,,,,,,,No,,,,,,,,,,,,,,,,,,,,,,,,,,,,,,,,,,
,,,,,,,,,,,,,,,,No,,,,,,,,,,,,,,,,,,,,,,,,,,,,,,,,,,
,,,,,,,,,,,,,,,,No,,,,,,,,,,,,,,,,,,,,,,,,,,,,,,,,,,
,,,,,,,,,,,,,,,,No,,,,,,,,,,,,,,,,,,,,,,,,,,,,,,,,,,
,,,,,,,,,,,,,,,,No,,,,,,,,,,,,,,,,,,,,,,,,,,,,,,,,,,
,,,,,,,,,,,,,,,,No,,,,,,,,,,,,,,,,,,,,,,,,,,,,,,,,,,
,,,,,,,,,,,,,,,,No,,,,,,,,,,,,,,,,,,,,,,,,,,,,,,,,,,
,,,,,,,,,,,,,,,,No,,,,,,,,,,,,,,,,,,,,,,,,,,,,,,,,,,
,,,,,,,,,,,,,,,,No,,,,,,,,,,,,,,,,,,,,,,,,,,,,,,,,,,
,,,,,,,,,,,,,,,,No,,,,,,,,,,,,,,,,,,,,,,,,,,,,,,,,,,
,,,,,,,,,,,,,,,,No,,,,,,,,,,,,,,,,,,,,,,,,,,,,,,,,,,
,,,,,,,,,,,,,,,,No,,,,,,,,,,,,,,,,,,,,,,,,,,,,,,,,,,
,,,,,,,,,,,,,,,,No,,,,,,,,,,,,,,,,,,,,,,,,,,,,,,,,,,
,,,,,,,,,,,,,,,,No,,,,,,,,,,,,,,,,,,,,,,,,,,,,,,,,,,
,,,,,,,,,,,,,,,,No,,,,,,,,,,,,,,,,,,,,,,,,,,,,,,,,,,
,,,,,,,,,,,,,,,,No,,,,,,,,,,,,,,,,,,,,,,,,,,,,,,,,,,
,,,,,,,,,,,,,,,,No,,,,,,,,,,,,,,,,,,,,,,,,,,,,,,,,,,
,,,,,,,,,,,,,,,,No,,,,,,,,,,,,,,,,,,,,,,,,,,,,,,,,,,
,,,,,,,,,,,,,,,,No,,,,,,,,,,,,,,,,,,,,,,,,,,,,,,,,,,
,,,,,,,,,,,,,,,,No,,,,,,,,,,,,,,,,,,,,,,,,,,,,,,,,,,
,,,,,,,,,,,,,,,,No,,,,,,,,,,,,,,,,,,,,,,,,,,,,,,,,,,
,,,,,,,,,,,,,,,,No,,,,,,,,,,,,,,,,,,,,,,,,,,,,,,,,,,
,,,,,,,,,,,,,,,,No,,,,,,,,,,,,,,,,,,,,,,,,,,,,,,,,,,
,,,,,,,,,,,,,,,,No,,,,,,,,,,,,,,,,,,,,,,,,,,,,,,,,,,
,,,,,,,,,,,,,,,,No,,,,,,,,,,,,,,,,,,,,,,,,,,,,,,,,,,
,,,,,,,,,,,,,,,,No,,,,,,,,,,,,,,,,,,,,,,,,,,,,,,,,,,
,,,,,,,,,,,,,,,,No,,,,,,,,,,,,,,,,,,,,,,,,,,,,,,,,,,
,,,,,,,,,,,,,,,,No,,,,,,,,,,,,,,,,,,,,,,,,,,,,,,,,,,
,,,,,,,,,,,,,,,,No,,,,,,,,,,,,,,,,,,,,,,,,,,,,,,,,,,
,,,,,,,,,,,,,,,,No,,,,,,,,,,,,,,,,,,,,,,,,,,,,,,,,,,
,,,,,,,,,,,,,,,,No,,,,,,,,,,,,,,,,,,,,,,,,,,,,,,,,,,
,,,,,,,,,,,,,,,,No,,,,,,,,,,,,,,,,,,,,,,,,,,,,,,,,,,
,,,,,,,,,,,,,,,,No,,,,,,,,,,,,,,,,,,,,,,,,,,,,,,,,,,
,,,,,,,,,,,,,,,,No,,,,,,,,,,,,,,,,,,,,,,,,,,,,,,,,,,
,,,,,,,,,,,,,,,,No,,,,,,,,,,,,,,,,,,,,,,,,,,,,,,,,,,
,,,,,,,,,,,,,,,,No,,,,,,,,,,,,,,,,,,,,,,,,,,,,,,,,,,
,,,,,,,,,,,,,,,,No,,,,,,,,,,,,,,,,,,,,,,,,,,,,,,,,,,
,,,,,,,,,,,,,,,,No,,,,,,,,,,,,,,,,,,,,,,,,,,,,,,,,,,
,,,,,,,,,,,,,,,,No,,,,,,,,,,,,,,,,,,,,,,,,,,,,,,,,,,
,,,,,,,,,,,,,,,,No,,,,,,,,,,,,,,,,,,,,,,,,,,,,,,,,,,
,,,,,,,,,,,,,,,,No,,,,,,,,,,,,,,,,,,,,,,,,,,,,,,,,,,
,,,,,,,,,,,,,,,,No,,,,,,,,,,,,,,,,,,,,,,,,,,,,,,,,,,
,,,,,,,,,,,,,,,,No,,,,,,,,,,,,,,,,,,,,,,,,,,,,,,,,,,
,,,,,,,,,,,,,,,,No,,,,,,,,,,,,,,,,,,,,,,,,,,,,,,,,,,
,,,,,,,,,,,,,,,,No,,,,,,,,,,,,,,,,,,,,,,,,,,,,,,,,,,
,,,,,,,,,,,,,,,,No,,,,,,,,,,,,,,,,,,,,,,,,,,,,,,,,,,
,,,,,,,,,,,,,,,,No,,,,,,,,,,,,,,,,,,,,,,,,,,,,,,,,,,
,,,,,,,,,,,,,,,,No,,,,,,,,,,,,,,,,,,,,,,,,,,,,,,,,,,
,,,,,,,,,,,,,,,,No,,,,,,,,,,,,,,,,,,,,,,,,,,,,,,,,,,
,,,,,,,,,,,,,,,,No,,,,,,,,,,,,,,,,,,,,,,,,,,,,,,,,,,
,,,,,,,,,,,,,,,,No,,,,,,,,,,,,,,,,,,,,,,,,,,,,,,,,,,
,,,,,,,,,,,,,,,,No,,,,,,,,,,,,,,,,,,,,,,,,,,,,,,,,,,
,,,,,,,,,,,,,,,,No,,,,,,,,,,,,,,,,,,,,,,,,,,,,,,,,,,
,,,,,,,,,,,,,,,,No,,,,,,,,,,,,,,,,,,,,,,,,,,,,,,,,,,
,,,,,,,,,,,,,,,,No,,,,,,,,,,,,,,,,,,,,,,,,,,,,,,,,,,
,,,,,,,,,,,,,,,,No,,,,,,,,,,,,,,,,,,,,,,,,,,,,,,,,,,
,,,,,,,,,,,,,,,,No,,,,,,,,,,,,,,,,,,,,,,,,,,,,,,,,,,
,,,,,,,,,,,,,,,,No,,,,,,,,,,,,,,,,,,,,,,,,,,,,,,,,,,
,,,,,,,,,,,,,,,,No,,,,,,,,,,,,,,,,,,,,,,,,,,,,,,,,,,
,,,,,,,,,,,,,,,,No,,,,,,,,,,,,,,,,,,,,,,,,,,,,,,,,,,
,,,,,,,,,,,,,,,,No,,,,,,,,,,,,,,,,,,,,,,,,,,,,,,,,,,
,,,,,,,,,,,,,,,,No,,,,,,,,,,,,,,,,,,,,,,,,,,,,,,,,,,
,,,,,,,,,,,,,,,,No,,,,,,,,,,,,,,,,,,,,,,,,,,,,,,,,,,
,,,,,,,,,,,,,,,,No,,,,,,,,,,,,,,,,,,,,,,,,,,,,,,,,,,
,,,,,,,,,,,,,,,,No,,,,,,,,,,,,,,,,,,,,,,,,,,,,,,,,,,
,,,,,,,,,,,,,,,,No,,,,,,,,,,,,,,,,,,,,,,,,,,,,,,,,,,
,,,,,,,,,,,,,,,,No,,,,,,,,,,,,,,,,,,,,,,,,,,,,,,,,,,
,,,,,,,,,,,,,,,,No,,,,,,,,,,,,,,,,,,,,,,,,,,,,,,,,,,
,,,,,,,,,,,,,,,,No,,,,,,,,,,,,,,,,,,,,,,,,,,,,,,,,,,
,,,,,,,,,,,,,,,,No,,,,,,,,,,,,,,,,,,,,,,,,,,,,,,,,,,
,,,,,,,,,,,,,,,,No,,,,,,,,,,,,,,,,,,,,,,,,,,,,,,,,,,
,,,,,,,,,,,,,,,,No,,,,,,,,,,,,,,,,,,,,,,,,,,,,,,,,,,
,,,,,,,,,,,,,,,,No,,,,,,,,,,,,,,,,,,,,,,,,,,,,,,,,,,
,,,,,,,,,,,,,,,,No,,,,,,,,,,,,,,,,,,,,,,,,,,,,,,,,,,
,,,,,,,,,,,,,,,,No,,,,,,,,,,,,,,,,,,,,,,,,,,,,,,,,,,
,,,,,,,,,,,,,,,,No,,,,,,,,,,,,,,,,,,,,,,,,,,,,,,,,,,
,,,,,,,,,,,,,,,,No,,,,,,,,,,,,,,,,,,,,,,,,,,,,,,,,,,
,,,,,,,,,,,,,,,,No,,,,,,,,,,,,,,,,,,,,,,,,,,,,,,,,,,
,,,,,,,,,,,,,,,,No,,,,,,,,,,,,,,,,,,,,,,,,,,,,,,,,,,
,,,,,,,,,,,,,,,,No,,,,,,,,,,,,,,,,,,,,,,,,,,,,,,,,,,
,,,,,,,,,,,,,,,,No,,,,,,,,,,,,,,,,,,,,,,,,,,,,,,,,,,
,,,,,,,,,,,,,,,,No,,,,,,,,,,,,,,,,,,,,,,,,,,,,,,,,,,
,,,,,,,,,,,,,,,,No,,,,,,,,,,,,,,,,,,,,,,,,,,,,,,,,,,
,,,,,,,,,,,,,,,,No,,,,,,,,,,,,,,,,,,,,,,,,,,,,,,,,,,
,,,,,,,,,,,,,,,,No,,,,,,,,,,,,,,,,,,,,,,,,,,,,,,,,,,
,,,,,,,,,,,,,,,,No,,,,,,,,,,,,,,,,,,,,,,,,,,,,,,,,,,
,,,,,,,,,,,,,,,,No,,,,,,,,,,,,,,,,,,,,,,,,,,,,,,,,,,
,,,,,,,,,,,,,,,,No,,,,,,,,,,,,,,,,,,,,,,,,,,,,,,,,,,
,,,,,,,,,,,,,,,,No,,,,,,,,,,,,,,,,,,,,,,,,,,,,,,,,,,
,,,,,,,,,,,,,,,,No,,,,,,,,,,,,,,,,,,,,,,,,,,,,,,,,,,
,,,,,,,,,,,,,,,,No,,,,,,,,,,,,,,,,,,,,,,,,,,,,,,,,,,
,,,,,,,,,,,,,,,,No,,,,,,,,,,,,,,,,,,,,,,,,,,,,,,,,,,
,,,,,,,,,,,,,,,,No,,,,,,,,,,,,,,,,,,,,,,,,,,,,,,,,,,
,,,,,,,,,,,,,,,,No,,,,,,,,,,,,,,,,,,,,,,,,,,,,,,,,,,
,,,,,,,,,,,,,,,,No,,,,,,,,,,,,,,,,,,,,,,,,,,,,,,,,,,
,,,,,,,,,,,,,,,,No,,,,,,,,,,,,,,,,,,,,,,,,,,,,,,,,,,
,,,,,,,,,,,,,,,,No,,,,,,,,,,,,,,,,,,,,,,,,,,,,,,,,,,
,,,,,,,,,,,,,,,,No,,,,,,,,,,,,,,,,,,,,,,,,,,,,,,,,,,
,,,,,,,,,,,,,,,,No,,,,,,,,,,,,,,,,,,,,,,,,,,,,,,,,,,
,,,,,,,,,,,,,,,,No,,,,,,,,,,,,,,,,,,,,,,,,,,,,,,,,,,
,,,,,,,,,,,,,,,,No,,,,,,,,,,,,,,,,,,,,,,,,,,,,,,,,,,
,,,,,,,,,,,,,,,,No,,,,,,,,,,,,,,,,,,,,,,,,,,,,,,,,,,
,,,,,,,,,,,,,,,,No,,,,,,,,,,,,,,,,,,,,,,,,,,,,,,,,,,
,,,,,,,,,,,,,,,,No,,,,,,,,,,,,,,,,,,,,,,,,,,,,,,,,,,
,,,,,,,,,,,,,,,,No,,,,,,,,,,,,,,,,,,,,,,,,,,,,,,,,,,
,,,,,,,,,,,,,,,,No,,,,,,,,,,,,,,,,,,,,,,,,,,,,,,,,,,
,,,,,,,,,,,,,,,,No,,,,,,,,,,,,,,,,,,,,,,,,,,,,,,,,,,
,,,,,,,,,,,,,,,,No,,,,,,,,,,,,,,,,,,,,,,,,,,,,,,,,,,
,,,,,,,,,,,,,,,,No,,,,,,,,,,,,,,,,,,,,,,,,,,,,,,,,,,
,,,,,,,,,,,,,,,,No,,,,,,,,,,,,,,,,,,,,,,,,,,,,,,,,,,
,,,,,,,,,,,,,,,,No,,,,,,,,,,,,,,,,,,,,,,,,,,,,,,,,,,
,,,,,,,,,,,,,,,,No,,,,,,,,,,,,,,,,,,,,,,,,,,,,,,,,,,
,,,,,,,,,,,,,,,,No,,,,,,,,,,,,,,,,,,,,,,,,,,,,,,,,,,
,,,,,,,,,,,,,,,,No,,,,,,,,,,,,,,,,,,,,,,,,,,,,,,,,,,
,,,,,,,,,,,,,,,,No,,,,,,,,,,,,,,,,,,,,,,,,,,,,,,,,,,
,,,,,,,,,,,,,,,,No,,,,,,,,,,,,,,,,,,,,,,,,,,,,,,,,,,
,,,,,,,,,,,,,,,,No,,,,,,,,,,,,,,,,,,,,,,,,,,,,,,,,,,
,,,,,,,,,,,,,,,,No,,,,,,,,,,,,,,,,,,,,,,,,,,,,,,,,,,
,,,,,,,,,,,,,,,,No,,,,,,,,,,,,,,,,,,,,,,,,,,,,,,,,,,
,,,,,,,,,,,,,,,,No,,,,,,,,,,,,,,,,,,,,,,,,,,,,,,,,,,
,,,,,,,,,,,,,,,,No,,,,,,,,,,,,,,,,,,,,,,,,,,,,,,,,,,
,,,,,,,,,,,,,,,,No,,,,,,,,,,,,,,,,,,,,,,,,,,,,,,,,,,
,,,,,,,,,,,,,,,,No,,,,,,,,,,,,,,,,,,,,,,,,,,,,,,,,,,
,,,,,,,,,,,,,,,,No,,,,,,,,,,,,,,,,,,,,,,,,,,,,,,,,,,
,,,,,,,,,,,,,,,,No,,,,,,,,,,,,,,,,,,,,,,,,,,,,,,,,,,
,,,,,,,,,,,,,,,,No,,,,,,,,,,,,,,,,,,,,,,,,,,,,,,,,,,
,,,,,,,,,,,,,,,,No,,,,,,,,,,,,,,,,,,,,,,,,,,,,,,,,,,
,,,,,,,,,,,,,,,,No,,,,,,,,,,,,,,,,,,,,,,,,,,,,,,,,,,
,,,,,,,,,,,,,,,,No,,,,,,,,,,,,,,,,,,,,,,,,,,,,,,,,,,
,,,,,,,,,,,,,,,,No,,,,,,,,,,,,,,,,,,,,,,,,,,,,,,,,,,
,,,,,,,,,,,,,,,,No,,,,,,,,,,,,,,,,,,,,,,,,,,,,,,,,,,
,,,,,,,,,,,,,,,,No,,,,,,,,,,,,,,,,,,,,,,,,,,,,,,,,,,
,,,,,,,,,,,,,,,,No,,,,,,,,,,,,,,,,,,,,,,,,,,,,,,,,,,
,,,,,,,,,,,,,,,,No,,,,,,,,,,,,,,,,,,,,,,,,,,,,,,,,,,
,,,,,,,,,,,,,,,,No,,,,,,,,,,,,,,,,,,,,,,,,,,,,,,,,,,
,,,,,,,,,,,,,,,,No,,,,,,,,,,,,,,,,,,,,,,,,,,,,,,,,,,
,,,,,,,,,,,,,,,,No,,,,,,,,,,,,,,,,,,,,,,,,,,,,,,,,,,
,,,,,,,,,,,,,,,,No,,,,,,,,,,,,,,,,,,,,,,,,,,,,,,,,,,
,,,,,,,,,,,,,,,,No,,,,,,,,,,,,,,,,,,,,,,,,,,,,,,,,,,
,,,,,,,,,,,,,,,,No,,,,,,,,,,,,,,,,,,,,,,,,,,,,,,,,,,
,,,,,,,,,,,,,,,,No,,,,,,,,,,,,,,,,,,,,,,,,,,,,,,,,,,
,,,,,,,,,,,,,,,,No,,,,,,,,,,,,,,,,,,,,,,,,,,,,,,,,,,
,,,,,,,,,,,,,,,,No,,,,,,,,,,,,,,,,,,,,,,,,,,,,,,,,,,
,,,,,,,,,,,,,,,,No,,,,,,,,,,,,,,,,,,,,,,,,,,,,,,,,,,
,,,,,,,,,,,,,,,,No,,,,,,,,,,,,,,,,,,,,,,,,,,,,,,,,,,
,,,,,,,,,,,,,,,,No,,,,,,,,,,,,,,,,,,,,,,,,,,,,,,,,,,
,,,,,,,,,,,,,,,,No,,,,,,,,,,,,,,,,,,,,,,,,,,,,,,,,,,
,,,,,,,,,,,,,,,,No,,,,,,,,,,,,,,,,,,,,,,,,,,,,,,,,,,
,,,,,,,,,,,,,,,,No,,,,,,,,,,,,,,,,,,,,,,,,,,,,,,,,,,
,,,,,,,,,,,,,,,,No,,,,,,,,,,,,,,,,,,,,,,,,,,,,,,,,,,
,,,,,,,,,,,,,,,,No,,,,,,,,,,,,,,,,,,,,,,,,,,,,,,,,,,
,,,,,,,,,,,,,,,,No,,,,,,,,,,,,,,,,,,,,,,,,,,,,,,,,,,
,,,,,,,,,,,,,,,,No,,,,,,,,,,,,,,,,,,,,,,,,,,,,,,,,,,
,,,,,,,,,,,,,,,,No,,,,,,,,,,,,,,,,,,,,,,,,,,,,,,,,,,
,,,,,,,,,,,,,,,,No,,,,,,,,,,,,,,,,,,,,,,,,,,,,,,,,,,
,,,,,,,,,,,,,,,,No,,,,,,,,,,,,,,,,,,,,,,,,,,,,,,,,,,
,,,,,,,,,,,,,,,,No,,,,,,,,,,,,,,,,,,,,,,,,,,,,,,,,,,
,,,,,,,,,,,,,,,,No,,,,,,,,,,,,,,,,,,,,,,,,,,,,,,,,,,
,,,,,,,,,,,,,,,,No,,,,,,,,,,,,,,,,,,,,,,,,,,,,,,,,,,
,,,,,,,,,,,,,,,,No,,,,,,,,,,,,,,,,,,,,,,,,,,,,,,,,,,
,,,,,,,,,,,,,,,,No,,,,,,,,,,,,,,,,,,,,,,,,,,,,,,,,,,
,,,,,,,,,,,,,,,,No,,,,,,,,,,,,,,,,,,,,,,,,,,,,,,,,,,
,,,,,,,,,,,,,,,,No,,,,,,,,,,,,,,,,,,,,,,,,,,,,,,,,,,
,,,,,,,,,,,,,,,,No,,,,,,,,,,,,,,,,,,,,,,,,,,,,,,,,,,
,,,,,,,,,,,,,,,,No,,,,,,,,,,,,,,,,,,,,,,,,,,,,,,,,,,
,,,,,,,,,,,,,,,,No,,,,,,,,,,,,,,,,,,,,,,,,,,,,,,,,,,
,,,,,,,,,,,,,,,,No,,,,,,,,,,,,,,,,,,,,,,,,,,,,,,,,,,
,,,,,,,,,,,,,,,,No,,,,,,,,,,,,,,,,,,,,,,,,,,,,,,,,,,
,,,,,,,,,,,,,,,,No,,,,,,,,,,,,,,,,,,,,,,,,,,,,,,,,,,
,,,,,,,,,,,,,,,,No,,,,,,,,,,,,,,,,,,,,,,,,,,,,,,,,,,
,,,,,,,,,,,,,,,,No,,,,,,,,,,,,,,,,,,,,,,,,,,,,,,,,,,
,,,,,,,,,,,,,,,,No,,,,,,,,,,,,,,,,,,,,,,,,,,,,,,,,,,
,,,,,,,,,,,,,,,,No,,,,,,,,,,,,,,,,,,,,,,,,,,,,,,,,,,
,,,,,,,,,,,,,,,,No,,,,,,,,,,,,,,,,,,,,,,,,,,,,,,,,,,
,,,,,,,,,,,,,,,,No,,,,,,,,,,,,,,,,,,,,,,,,,,,,,,,,,,
,,,,,,,,,,,,,,,,No,,,,,,,,,,,,,,,,,,,,,,,,,,,,,,,,,,
,,,,,,,,,,,,,,,,No,,,,,,,,,,,,,,,,,,,,,,,,,,,,,,,,,,
,,,,,,,,,,,,,,,,No,,,,,,,,,,,,,,,,,,,,,,,,,,,,,,,,,,
,,,,,,,,,,,,,,,,No,,,,,,,,,,,,,,,,,,,,,,,,,,,,,,,,,,
,,,,,,,,,,,,,,,,No,,,,,,,,,,,,,,,,,,,,,,,,,,,,,,,,,,
,,,,,,,,,,,,,,,,No,,,,,,,,,,,,,,,,,,,,,,,,,,,,,,,,,,
,,,,,,,,,,,,,,,,No,,,,,,,,,,,,,,,,,,,,,,,,,,,,,,,,,,
,,,,,,,,,,,,,,,,No,,,,,,,,,,,,,,,,,,,,,,,,,,,,,,,,,,
,,,,,,,,,,,,,,,,No,,,,,,,,,,,,,,,,,,,,,,,,,,,,,,,,,,
,,,,,,,,,,,,,,,,No,,,,,,,,,,,,,,,,,,,,,,,,,,,,,,,,,,
,,,,,,,,,,,,,,,,No,,,,,,,,,,,,,,,,,,,,,,,,,,,,,,,,,,
,,,,,,,,,,,,,,,,No,,,,,,,,,,,,,,,,,,,,,,,,,,,,,,,,,,
,,,,,,,,,,,,,,,,No,,,,,,,,,,,,,,,,,,,,,,,,,,,,,,,,,,
,,,,,,,,,,,,,,,,No,,,,,,,,,,,,,,,,,,,,,,,,,,,,,,,,,,
,,,,,,,,,,,,,,,,No,,,,,,,,,,,,,,,,,,,,,,,,,,,,,,,,,,
,,,,,,,,,,,,,,,,No,,,,,,,,,,,,,,,,,,,,,,,,,,,,,,,,,,
,,,,,,,,,,,,,,,,No,,,,,,,,,,,,,,,,,,,,,,,,,,,,,,,,,,
,,,,,,,,,,,,,,,,No,,,,,,,,,,,,,,,,,,,,,,,,,,,,,,,,,,
,,,,,,,,,,,,,,,,No,,,,,,,,,,,,,,,,,,,,,,,,,,,,,,,,,,
,,,,,,,,,,,,,,,,No,,,,,,,,,,,,,,,,,,,,,,,,,,,,,,,,,,
,,,,,,,,,,,,,,,,No,,,,,,,,,,,,,,,,,,,,,,,,,,,,,,,,,,
,,,,,,,,,,,,,,,,No,,,,,,,,,,,,,,,,,,,,,,,,,,,,,,,,,,
,,,,,,,,,,,,,,,,No,,,,,,,,,,,,,,,,,,,,,,,,,,,,,,,,,,
,,,,,,,,,,,,,,,,No,,,,,,,,,,,,,,,,,,,,,,,,,,,,,,,,,,
,,,,,,,,,,,,,,,,No,,,,,,,,,,,,,,,,,,,,,,,,,,,,,,,,,,
,,,,,,,,,,,,,,,,No,,,,,,,,,,,,,,,,,,,,,,,,,,,,,,,,,,
,,,,,,,,,,,,,,,,No,,,,,,,,,,,,,,,,,,,,,,,,,,,,,,,,,,
,,,,,,,,,,,,,,,,No,,,,,,,,,,,,,,,,,,,,,,,,,,,,,,,,,,
,,,,,,,,,,,,,,,,No,,,,,,,,,,,,,,,,,,,,,,,,,,,,,,,,,,
,,,,,,,,,,,,,,,,No,,,,,,,,,,,,,,,,,,,,,,,,,,,,,,,,,,
,,,,,,,,,,,,,,,,No,,,,,,,,,,,,,,,,,,,,,,,,,,,,,,,,,,
,,,,,,,,,,,,,,,,No,,,,,,,,,,,,,,,,,,,,,,,,,,,,,,,,,,
,,,,,,,,,,,,,,,,No,,,,,,,,,,,,,,,,,,,,,,,,,,,,,,,,,,
,,,,,,,,,,,,,,,,No,,,,,,,,,,,,,,,,,,,,,,,,,,,,,,,,,,
,,,,,,,,,,,,,,,,No,,,,,,,,,,,,,,,,,,,,,,,,,,,,,,,,,,
,,,,,,,,,,,,,,,,No,,,,,,,,,,,,,,,,,,,,,,,,,,,,,,,,,,
,,,,,,,,,,,,,,,,No,,,,,,,,,,,,,,,,,,,,,,,,,,,,,,,,,,
,,,,,,,,,,,,,,,,No,,,,,,,,,,,,,,,,,,,,,,,,,,,,,,,,,,
,,,,,,,,,,,,,,,,No,,,,,,,,,,,,,,,,,,,,,,,,,,,,,,,,,,
,,,,,,,,,,,,,,,,No,,,,,,,,,,,,,,,,,,,,,,,,,,,,,,,,,,
,,,,,,,,,,,,,,,,No,,,,,,,,,,,,,,,,,,,,,,,,,,,,,,,,,,
,,,,,,,,,,,,,,,,No,,,,,,,,,,,,,,,,,,,,,,,,,,,,,,,,,,
,,,,,,,,,,,,,,,,No,,,,,,,,,,,,,,,,,,,,,,,,,,,,,,,,,,
,,,,,,,,,,,,,,,,No,,,,,,,,,,,,,,,,,,,,,,,,,,,,,,,,,,
,,,,,,,,,,,,,,,,No,,,,,,,,,,,,,,,,,,,,,,,,,,,,,,,,,,
,,,,,,,,,,,,,,,,No,,,,,,,,,,,,,,,,,,,,,,,,,,,,,,,,,,
,,,,,,,,,,,,,,,,No,,,,,,,,,,,,,,,,,,,,,,,,,,,,,,,,,,
,,,,,,,,,,,,,,,,No,,,,,,,,,,,,,,,,,,,,,,,,,,,,,,,,,,
,,,,,,,,,,,,,,,,No,,,,,,,,,,,,,,,,,,,,,,,,,,,,,,,,,,
,,,,,,,,,,,,,,,,No,,,,,,,,,,,,,,,,,,,,,,,,,,,,,,,,,,
,,,,,,,,,,,,,,,,No,,,,,,,,,,,,,,,,,,,,,,,,,,,,,,,,,,
,,,,,,,,,,,,,,,,No,,,,,,,,,,,,,,,,,,,,,,,,,,,,,,,,,,
,,,,,,,,,,,,,,,,No,,,,,,,,,,,,,,,,,,,,,,,,,,,,,,,,,,
,,,,,,,,,,,,,,,,No,,,,,,,,,,,,,,,,,,,,,,,,,,,,,,,,,,
,,,,,,,,,,,,,,,,No,,,,,,,,,,,,,,,,,,,,,,,,,,,,,,,,,,
,,,,,,,,,,,,,,,,No,,,,,,,,,,,,,,,,,,,,,,,,,,,,,,,,,,
,,,,,,,,,,,,,,,,No,,,,,,,,,,,,,,,,,,,,,,,,,,,,,,,,,,
,,,,,,,,,,,,,,,,No,,,,,,,,,,,,,,,,,,,,,,,,,,,,,,,,,,
,,,,,,,,,,,,,,,,No,,,,,,,,,,,,,,,,,,,,,,,,,,,,,,,,,,
,,,,,,,,,,,,,,,,No,,,,,,,,,,,,,,,,,,,,,,,,,,,,,,,,,,
,,,,,,,,,,,,,,,,No,,,,,,,,,,,,,,,,,,,,,,,,,,,,,,,,,,
,,,,,,,,,,,,,,,,No,,,,,,,,,,,,,,,,,,,,,,,,,,,,,,,,,,
,,,,,,,,,,,,,,,,No,,,,,,,,,,,,,,,,,,,,,,,,,,,,,,,,,,
,,,,,,,,,,,,,,,,No,,,,,,,,,,,,,,,,,,,,,,,,,,,,,,,,,,
,,,,,,,,,,,,,,,,No,,,,,,,,,,,,,,,,,,,,,,,,,,,,,,,,,,
,,,,,,,,,,,,,,,,No,,,,,,,,,,,,,,,,,,,,,,,,,,,,,,,,,,
,,,,,,,,,,,,,,,,No,,,,,,,,,,,,,,,,,,,,,,,,,,,,,,,,,,
,,,,,,,,,,,,,,,,No,,,,,,,,,,,,,,,,,,,,,,,,,,,,,,,,,,
,,,,,,,,,,,,,,,,No,,,,,,,,,,,,,,,,,,,,,,,,,,,,,,,,,,
,,,,,,,,,,,,,,,,No,,,,,,,,,,,,,,,,,,,,,,,,,,,,,,,,,,
,,,,,,,,,,,,,,,,No,,,,,,,,,,,,,,,,,,,,,,,,,,,,,,,,,,
,,,,,,,,,,,,,,,,No,,,,,,,,,,,,,,,,,,,,,,,,,,,,,,,,,,
,,,,,,,,,,,,,,,,No,,,,,,,,,,,,,,,,,,,,,,,,,,,,,,,,,,
,,,,,,,,,,,,,,,,No,,,,,,,,,,,,,,,,,,,,,,,,,,,,,,,,,,
,,,,,,,,,,,,,,,,No,,,,,,,,,,,,,,,,,,,,,,,,,,,,,,,,,,
,,,,,,,,,,,,,,,,No,,,,,,,,,,,,,,,,,,,,,,,,,,,,,,,,,,
,,,,,,,,,,,,,,,,No,,,,,,,,,,,,,,,,,,,,,,,,,,,,,,,,,,
,,,,,,,,,,,,,,,,No,,,,,,,,,,,,,,,,,,,,,,,,,,,,,,,,,,
,,,,,,,,,,,,,,,,No,,,,,,,,,,,,,,,,,,,,,,,,,,,,,,,,,,
,,,,,,,,,,,,,,,,No,,,,,,,,,,,,,,,,,,,,,,,,,,,,,,,,,,
,,,,,,,,,,,,,,,,No,,,,,,,,,,,,,,,,,,,,,,,,,,,,,,,,,,
,,,,,,,,,,,,,,,,No,,,,,,,,,,,,,,,,,,,,,,,,,,,,,,,,,,
,,,,,,,,,,,,,,,,No,,,,,,,,,,,,,,,,,,,,,,,,,,,,,,,,,,
,,,,,,,,,,,,,,,,No,,,,,,,,,,,,,,,,,,,,,,,,,,,,,,,,,,
,,,,,,,,,,,,,,,,No,,,,,,,,,,,,,,,,,,,,,,,,,,,,,,,,,,
,,,,,,,,,,,,,,,,No,,,,,,,,,,,,,,,,,,,,,,,,,,,,,,,,,,
,,,,,,,,,,,,,,,,No,,,,,,,,,,,,,,,,,,,,,,,,,,,,,,,,,,
,,,,,,,,,,,,,,,,No,,,,,,,,,,,,,,,,,,,,,,,,,,,,,,,,,,
,,,,,,,,,,,,,,,,No,,,,,,,,,,,,,,,,,,,,,,,,,,,,,,,,,,
,,,,,,,,,,,,,,,,No,,,,,,,,,,,,,,,,,,,,,,,,,,,,,,,,,,
,,,,,,,,,,,,,,,,No,,,,,,,,,,,,,,,,,,,,,,,,,,,,,,,,,,
,,,,,,,,,,,,,,,,No,,,,,,,,,,,,,,,,,,,,,,,,,,,,,,,,,,
,,,,,,,,,,,,,,,,No,,,,,,,,,,,,,,,,,,,,,,,,,,,,,,,,,,
,,,,,,,,,,,,,,,,No,,,,,,,,,,,,,,,,,,,,,,,,,,,,,,,,,,
,,,,,,,,,,,,,,,,No,,,,,,,,,,,,,,,,,,,,,,,,,,,,,,,,,,
,,,,,,,,,,,,,,,,No,,,,,,,,,,,,,,,,,,,,,,,,,,,,,,,,,,
,,,,,,,,,,,,,,,,No,,,,,,,,,,,,,,,,,,,,,,,,,,,,,,,,,,
,,,,,,,,,,,,,,,,No,,,,,,,,,,,,,,,,,,,,,,,,,,,,,,,,,,
,,,,,,,,,,,,,,,,No,,,,,,,,,,,,,,,,,,,,,,,,,,,,,,,,,,
,,,,,,,,,,,,,,,,No,,,,,,,,,,,,,,,,,,,,,,,,,,,,,,,,,,
,,,,,,,,,,,,,,,,No,,,,,,,,,,,,,,,,,,,,,,,,,,,,,,,,,,
,,,,,,,,,,,,,,,,No,,,,,,,,,,,,,,,,,,,,,,,,,,,,,,,,,,
,,,,,,,,,,,,,,,,No,,,,,,,,,,,,,,,,,,,,,,,,,,,,,,,,,,
,,,,,,,,,,,,,,,,No,,,,,,,,,,,,,,,,,,,,,,,,,,,,,,,,,,
,,,,,,,,,,,,,,,,No,,,,,,,,,,,,,,,,,,,,,,,,,,,,,,,,,,
,,,,,,,,,,,,,,,,No,,,,,,,,,,,,,,,,,,,,,,,,,,,,,,,,,,
,,,,,,,,,,,,,,,,No,,,,,,,,,,,,,,,,,,,,,,,,,,,,,,,,,,
,,,,,,,,,,,,,,,,No,,,,,,,,,,,,,,,,,,,,,,,,,,,,,,,,,,
,,,,,,,,,,,,,,,,No,,,,,,,,,,,,,,,,,,,,,,,,,,,,,,,,,,
,,,,,,,,,,,,,,,,No,,,,,,,,,,,,,,,,,,,,,,,,,,,,,,,,,,
,,,,,,,,,,,,,,,,No,,,,,,,,,,,,,,,,,,,,,,,,,,,,,,,,,,
,,,,,,,,,,,,,,,,No,,,,,,,,,,,,,,,,,,,,,,,,,,,,,,,,,,
,,,,,,,,,,,,,,,,No,,,,,,,,,,,,,,,,,,,,,,,,,,,,,,,,,,
,,,,,,,,,,,,,,,,No,,,,,,,,,,,,,,,,,,,,,,,,,,,,,,,,,,
,,,,,,,,,,,,,,,,No,,,,,,,,,,,,,,,,,,,,,,,,,,,,,,,,,,
,,,,,,,,,,,,,,,,No,,,,,,,,,,,,,,,,,,,,,,,,,,,,,,,,,,
,,,,,,,,,,,,,,,,No,,,,,,,,,,,,,,,,,,,,,,,,,,,,,,,,,,
,,,,,,,,,,,,,,,,No,,,,,,,,,,,,,,,,,,,,,,,,,,,,,,,,,,
,,,,,,,,,,,,,,,,No,,,,,,,,,,,,,,,,,,,,,,,,,,,,,,,,,,
,,,,,,,,,,,,,,,,No,,,,,,,,,,,,,,,,,,,,,,,,,,,,,,,,,,
,,,,,,,,,,,,,,,,No,,,,,,,,,,,,,,,,,,,,,,,,,,,,,,,,,,
,,,,,,,,,,,,,,,,No,,,,,,,,,,,,,,,,,,,,,,,,,,,,,,,,,,
,,,,,,,,,,,,,,,,No,,,,,,,,,,,,,,,,,,,,,,,,,,,,,,,,,,
,,,,,,,,,,,,,,,,No,,,,,,,,,,,,,,,,,,,,,,,,,,,,,,,,,,
,,,,,,,,,,,,,,,,No,,,,,,,,,,,,,,,,,,,,,,,,,,,,,,,,,,
,,,,,,,,,,,,,,,,No,,,,,,,,,,,,,,,,,,,,,,,,,,,,,,,,,,
,,,,,,,,,,,,,,,,No,,,,,,,,,,,,,,,,,,,,,,,,,,,,,,,,,,
,,,,,,,,,,,,,,,,No,,,,,,,,,,,,,,,,,,,,,,,,,,,,,,,,,,
,,,,,,,,,,,,,,,,No,,,,,,,,,,,,,,,,,,,,,,,,,,,,,,,,,,
,,,,,,,,,,,,,,,,No,,,,,,,,,,,,,,,,,,,,,,,,,,,,,,,,,,
,,,,,,,,,,,,,,,,No,,,,,,,,,,,,,,,,,,,,,,,,,,,,,,,,,,
,,,,,,,,,,,,,,,,No,,,,,,,,,,,,,,,,,,,,,,,,,,,,,,,,,,
,,,,,,,,,,,,,,,,No,,,,,,,,,,,,,,,,,,,,,,,,,,,,,,,,,,
,,,,,,,,,,,,,,,,No,,,,,,,,,,,,,,,,,,,,,,,,,,,,,,,,,,
,,,,,,,,,,,,,,,,No,,,,,,,,,,,,,,,,,,,,,,,,,,,,,,,,,,
,,,,,,,,,,,,,,,,No,,,,,,,,,,,,,,,,,,,,,,,,,,,,,,,,,,
,,,,,,,,,,,,,,,,No,,,,,,,,,,,,,,,,,,,,,,,,,,,,,,,,,,
,,,,,,,,,,,,,,,,No,,,,,,,,,,,,,,,,,,,,,,,,,,,,,,,,,,
,,,,,,,,,,,,,,,,No,,,,,,,,,,,,,,,,,,,,,,,,,,,,,,,,,,
,,,,,,,,,,,,,,,,No,,,,,,,,,,,,,,,,,,,,,,,,,,,,,,,,,,
,,,,,,,,,,,,,,,,No,,,,,,,,,,,,,,,,,,,,,,,,,,,,,,,,,,
,,,,,,,,,,,,,,,,No,,,,,,,,,,,,,,,,,,,,,,,,,,,,,,,,,,
,,,,,,,,,,,,,,,,No,,,,,,,,,,,,,,,,,,,,,,,,,,,,,,,,,,
,,,,,,,,,,,,,,,,No,,,,,,,,,,,,,,,,,,,,,,,,,,,,,,,,,,
,,,,,,,,,,,,,,,,No,,,,,,,,,,,,,,,,,,,,,,,,,,,,,,,,,,
,,,,,,,,,,,,,,,,No,,,,,,,,,,,,,,,,,,,,,,,,,,,,,,,,,,
,,,,,,,,,,,,,,,,No,,,,,,,,,,,,,,,,,,,,,,,,,,,,,,,,,,
,,,,,,,,,,,,,,,,No,,,,,,,,,,,,,,,,,,,,,,,,,,,,,,,,,,
,,,,,,,,,,,,,,,,No,,,,,,,,,,,,,,,,,,,,,,,,,,,,,,,,,,
,,,,,,,,,,,,,,,,No,,,,,,,,,,,,,,,,,,,,,,,,,,,,,,,,,,
,,,,,,,,,,,,,,,,No,,,,,,,,,,,,,,,,,,,,,,,,,,,,,,,,,,
,,,,,,,,,,,,,,,,No,,,,,,,,,,,,,,,,,,,,,,,,,,,,,,,,,,
,,,,,,,,,,,,,,,,No,,,,,,,,,,,,,,,,,,,,,,,,,,,,,,,,,,
,,,,,,,,,,,,,,,,No,,,,,,,,,,,,,,,,,,,,,,,,,,,,,,,,,,
,,,,,,,,,,,,,,,,No,,,,,,,,,,,,,,,,,,,,,,,,,,,,,,,,,,
,,,,,,,,,,,,,,,,No,,,,,,,,,,,,,,,,,,,,,,,,,,,,,,,,,,
,,,,,,,,,,,,,,,,No,,,,,,,,,,,,,,,,,,,,,,,,,,,,,,,,,,
,,,,,,,,,,,,,,,,No,,,,,,,,,,,,,,,,,,,,,,,,,,,,,,,,,,
,,,,,,,,,,,,,,,,No,,,,,,,,,,,,,,,,,,,,,,,,,,,,,,,,,,
,,,,,,,,,,,,,,,,No,,,,,,,,,,,,,,,,,,,,,,,,,,,,,,,,,,
,,,,,,,,,,,,,,,,No,,,,,,,,,,,,,,,,,,,,,,,,,,,,,,,,,,
,,,,,,,,,,,,,,,,No,,,,,,,,,,,,,,,,,,,,,,,,,,,,,,,,,,
,,,,,,,,,,,,,,,,No,,,,,,,,,,,,,,,,,,,,,,,,,,,,,,,,,,
,,,,,,,,,,,,,,,,No,,,,,,,,,,,,,,,,,,,,,,,,,,,,,,,,,,
,,,,,,,,,,,,,,,,No,,,,,,,,,,,,,,,,,,,,,,,,,,,,,,,,,,
,,,,,,,,,,,,,,,,No,,,,,,,,,,,,,,,,,,,,,,,,,,,,,,,,,,
,,,,,,,,,,,,,,,,No,,,,,,,,,,,,,,,,,,,,,,,,,,,,,,,,,,
,,,,,,,,,,,,,,,,No,,,,,,,,,,,,,,,,,,,,,,,,,,,,,,,,,,
,,,,,,,,,,,,,,,,No,,,,,,,,,,,,,,,,,,,,,,,,,,,,,,,,,,
,,,,,,,,,,,,,,,,No,,,,,,,,,,,,,,,,,,,,,,,,,,,,,,,,,,
,,,,,,,,,,,,,,,,No,,,,,,,,,,,,,,,,,,,,,,,,,,,,,,,,,,
,,,,,,,,,,,,,,,,No,,,,,,,,,,,,,,,,,,,,,,,,,,,,,,,,,,
,,,,,,,,,,,,,,,,No,,,,,,,,,,,,,,,,,,,,,,,,,,,,,,,,,,
,,,,,,,,,,,,,,,,No,,,,,,,,,,,,,,,,,,,,,,,,,,,,,,,,,,
,,,,,,,,,,,,,,,,No,,,,,,,,,,,,,,,,,,,,,,,,,,,,,,,,,,
,,,,,,,,,,,,,,,,No,,,,,,,,,,,,,,,,,,,,,,,,,,,,,,,,,,
,,,,,,,,,,,,,,,,No,,,,,,,,,,,,,,,,,,,,,,,,,,,,,,,,,,
,,,,,,,,,,,,,,,,No,,,,,,,,,,,,,,,,,,,,,,,,,,,,,,,,,,
,,,,,,,,,,,,,,,,No,,,,,,,,,,,,,,,,,,,,,,,,,,,,,,,,,,
,,,,,,,,,,,,,,,,No,,,,,,,,,,,,,,,,,,,,,,,,,,,,,,,,,,
,,,,,,,,,,,,,,,,No,,,,,,,,,,,,,,,,,,,,,,,,,,,,,,,,,,
,,,,,,,,,,,,,,,,No,,,,,,,,,,,,,,,,,,,,,,,,,,,,,,,,,,
,,,,,,,,,,,,,,,,No,,,,,,,,,,,,,,,,,,,,,,,,,,,,,,,,,,
,,,,,,,,,,,,,,,,No,,,,,,,,,,,,,,,,,,,,,,,,,,,,,,,,,,
,,,,,,,,,,,,,,,,No,,,,,,,,,,,,,,,,,,,,,,,,,,,,,,,,,,
,,,,,,,,,,,,,,,,No,,,,,,,,,,,,,,,,,,,,,,,,,,,,,,,,,,
,,,,,,,,,,,,,,,,No,,,,,,,,,,,,,,,,,,,,,,,,,,,,,,,,,,
,,,,,,,,,,,,,,,,No,,,,,,,,,,,,,,,,,,,,,,,,,,,,,,,,,,
,,,,,,,,,,,,,,,,No,,,,,,,,,,,,,,,,,,,,,,,,,,,,,,,,,,
,,,,,,,,,,,,,,,,No,,,,,,,,,,,,,,,,,,,,,,,,,,,,,,,,,,
,,,,,,,,,,,,,,,,No,,,,,,,,,,,,,,,,,,,,,,,,,,,,,,,,,,
,,,,,,,,,,,,,,,,No,,,,,,,,,,,,,,,,,,,,,,,,,,,,,,,,,,
,,,,,,,,,,,,,,,,No,,,,,,,,,,,,,,,,,,,,,,,,,,,,,,,,,,
,,,,,,,,,,,,,,,,No,,,,,,,,,,,,,,,,,,,,,,,,,,,,,,,,,,
,,,,,,,,,,,,,,,,No,,,,,,,,,,,,,,,,,,,,,,,,,,,,,,,,,,
,,,,,,,,,,,,,,,,No,,,,,,,,,,,,,,,,,,,,,,,,,,,,,,,,,,
,,,,,,,,,,,,,,,,No,,,,,,,,,,,,,,,,,,,,,,,,,,,,,,,,,,
,,,,,,,,,,,,,,,,No,,,,,,,,,,,,,,,,,,,,,,,,,,,,,,,,,,
,,,,,,,,,,,,,,,,No,,,,,,,,,,,,,,,,,,,,,,,,,,,,,,,,,,
,,,,,,,,,,,,,,,,No,,,,,,,,,,,,,,,,,,,,,,,,,,,,,,,,,,
,,,,,,,,,,,,,,,,No,,,,,,,,,,,,,,,,,,,,,,,,,,,,,,,,,,
,,,,,,,,,,,,,,,,No,,,,,,,,,,,,,,,,,,,,,,,,,,,,,,,,,,
,,,,,,,,,,,,,,,,No,,,,,,,,,,,,,,,,,,,,,,,,,,,,,,,,,,
,,,,,,,,,,,,,,,,No,,,,,,,,,,,,,,,,,,,,,,,,,,,,,,,,,,
,,,,,,,,,,,,,,,,No,,,,,,,,,,,,,,,,,,,,,,,,,,,,,,,,,,
,,,,,,,,,,,,,,,,No,,,,,,,,,,,,,,,,,,,,,,,,,,,,,,,,,,
,,,,,,,,,,,,,,,,No,,,,,,,,,,,,,,,,,,,,,,,,,,,,,,,,,,
,,,,,,,,,,,,,,,,No,,,,,,,,,,,,,,,,,,,,,,,,,,,,,,,,,,
,,,,,,,,,,,,,,,,No,,,,,,,,,,,,,,,,,,,,,,,,,,,,,,,,,,
,,,,,,,,,,,,,,,,No,,,,,,,,,,,,,,,,,,,,,,,,,,,,,,,,,,
,,,,,,,,,,,,,,,,No,,,,,,,,,,,,,,,,,,,,,,,,,,,,,,,,,,
,,,,,,,,,,,,,,,,No,,,,,,,,,,,,,,,,,,,,,,,,,,,,,,,,,,
,,,,,,,,,,,,,,,,No,,,,,,,,,,,,,,,,,,,,,,,,,,,,,,,,,,
,,,,,,,,,,,,,,,,No,,,,,,,,,,,,,,,,,,,,,,,,,,,,,,,,,,
,,,,,,,,,,,,,,,,No,,,,,,,,,,,,,,,,,,,,,,,,,,,,,,,,,,
,,,,,,,,,,,,,,,,No,,,,,,,,,,,,,,,,,,,,,,,,,,,,,,,,,,
,,,,,,,,,,,,,,,,No,,,,,,,,,,,,,,,,,,,,,,,,,,,,,,,,,,
,,,,,,,,,,,,,,,,No,,,,,,,,,,,,,,,,,,,,,,,,,,,,,,,,,,
,,,,,,,,,,,,,,,,No,,,,,,,,,,,,,,,,,,,,,,,,,,,,,,,,,,
,,,,,,,,,,,,,,,,No,,,,,,,,,,,,,,,,,,,,,,,,,,,,,,,,,,
,,,,,,,,,,,,,,,,No,,,,,,,,,,,,,,,,,,,,,,,,,,,,,,,,,,
,,,,,,,,,,,,,,,,No,,,,,,,,,,,,,,,,,,,,,,,,,,,,,,,,,,
,,,,,,,,,,,,,,,,No,,,,,,,,,,,,,,,,,,,,,,,,,,,,,,,,,,
,,,,,,,,,,,,,,,,No,,,,,,,,,,,,,,,,,,,,,,,,,,,,,,,,,,
,,,,,,,,,,,,,,,,No,,,,,,,,,,,,,,,,,,,,,,,,,,,,,,,,,,
,,,,,,,,,,,,,,,,No,,,,,,,,,,,,,,,,,,,,,,,,,,,,,,,,,,
,,,,,,,,,,,,,,,,No,,,,,,,,,,,,,,,,,,,,,,,,,,,,,,,,,,
,,,,,,,,,,,,,,,,No,,,,,,,,,,,,,,,,,,,,,,,,,,,,,,,,,,
,,,,,,,,,,,,,,,,No,,,,,,,,,,,,,,,,,,,,,,,,,,,,,,,,,,
,,,,,,,,,,,,,,,,No,,,,,,,,,,,,,,,,,,,,,,,,,,,,,,,,,,
,,,,,,,,,,,,,,,,No,,,,,,,,,,,,,,,,,,,,,,,,,,,,,,,,,,
,,,,,,,,,,,,,,,,No,,,,,,,,,,,,,,,,,,,,,,,,,,,,,,,,,,
,,,,,,,,,,,,,,,,No,,,,,,,,,,,,,,,,,,,,,,,,,,,,,,,,,,
,,,,,,,,,,,,,,,,No,,,,,,,,,,,,,,,,,,,,,,,,,,,,,,,,,,
,,,,,,,,,,,,,,,,No,,,,,,,,,,,,,,,,,,,,,,,,,,,,,,,,,,
,,,,,,,,,,,,,,,,No,,,,,,,,,,,,,,,,,,,,,,,,,,,,,,,,,,
,,,,,,,,,,,,,,,,No,,,,,,,,,,,,,,,,,,,,,,,,,,,,,,,,,,
,,,,,,,,,,,,,,,,No,,,,,,,,,,,,,,,,,,,,,,,,,,,,,,,,,,
,,,,,,,,,,,,,,,,No,,,,,,,,,,,,,,,,,,,,,,,,,,,,,,,,,,
,,,,,,,,,,,,,,,,No,,,,,,,,,,,,,,,,,,,,,,,,,,,,,,,,,,
,,,,,,,,,,,,,,,,No,,,,,,,,,,,,,,,,,,,,,,,,,,,,,,,,,,
,,,,,,,,,,,,,,,,No,,,,,,,,,,,,,,,,,,,,,,,,,,,,,,,,,,
,,,,,,,,,,,,,,,,No,,,,,,,,,,,,,,,,,,,,,,,,,,,,,,,,,,
,,,,,,,,,,,,,,,,No,,,,,,,,,,,,,,,,,,,,,,,,,,,,,,,,,,
,,,,,,,,,,,,,,,,No,,,,,,,,,,,,,,,,,,,,,,,,,,,,,,,,,,
,,,,,,,,,,,,,,,,No,,,,,,,,,,,,,,,,,,,,,,,,,,,,,,,,,,
,,,,,,,,,,,,,,,,No,,,,,,,,,,,,,,,,,,,,,,,,,,,,,,,,,,
,,,,,,,,,,,,,,,,No,,,,,,,,,,,,,,,,,,,,,,,,,,,,,,,,,,
,,,,,,,,,,,,,,,,No,,,,,,,,,,,,,,,,,,,,,,,,,,,,,,,,,,
,,,,,,,,,,,,,,,,No,,,,,,,,,,,,,,,,,,,,,,,,,,,,,,,,,,
,,,,,,,,,,,,,,,,No,,,,,,,,,,,,,,,,,,,,,,,,,,,,,,,,,,
,,,,,,,,,,,,,,,,No,,,,,,,,,,,,,,,,,,,,,,,,,,,,,,,,,,
,,,,,,,,,,,,,,,,No,,,,,,,,,,,,,,,,,,,,,,,,,,,,,,,,,,
,,,,,,,,,,,,,,,,No,,,,,,,,,,,,,,,,,,,,,,,,,,,,,,,,,,
,,,,,,,,,,,,,,,,No,,,,,,,,,,,,,,,,,,,,,,,,,,,,,,,,,,
,,,,,,,,,,,,,,,,No,,,,,,,,,,,,,,,,,,,,,,,,,,,,,,,,,,
,,,,,,,,,,,,,,,,No,,,,,,,,,,,,,,,,,,,,,,,,,,,,,,,,,,
,,,,,,,,,,,,,,,,No,,,,,,,,,,,,,,,,,,,,,,,,,,,,,,,,,,
,,,,,,,,,,,,,,,,No,,,,,,,,,,,,,,,,,,,,,,,,,,,,,,,,,,
,,,,,,,,,,,,,,,,No,,,,,,,,,,,,,,,,,,,,,,,,,,,,,,,,,,
,,,,,,,,,,,,,,,,No,,,,,,,,,,,,,,,,,,,,,,,,,,,,,,,,,,
,,,,,,,,,,,,,,,,No,,,,,,,,,,,,,,,,,,,,,,,,,,,,,,,,,,
,,,,,,,,,,,,,,,,No,,,,,,,,,,,,,,,,,,,,,,,,,,,,,,,,,,
,,,,,,,,,,,,,,,,No,,,,,,,,,,,,,,,,,,,,,,,,,,,,,,,,,,
,,,,,,,,,,,,,,,,No,,,,,,,,,,,,,,,,,,,,,,,,,,,,,,,,,,
,,,,,,,,,,,,,,,,No,,,,,,,,,,,,,,,,,,,,,,,,,,,,,,,,,,
,,,,,,,,,,,,,,,,No,,,,,,,,,,,,,,,,,,,,,,,,,,,,,,,,,,
,,,,,,,,,,,,,,,,No,,,,,,,,,,,,,,,,,,,,,,,,,,,,,,,,,,
,,,,,,,,,,,,,,,,No,,,,,,,,,,,,,,,,,,,,,,,,,,,,,,,,,,
,,,,,,,,,,,,,,,,No,,,,,,,,,,,,,,,,,,,,,,,,,,,,,,,,,,
,,,,,,,,,,,,,,,,No,,,,,,,,,,,,,,,,,,,,,,,,,,,,,,,,,,
,,,,,,,,,,,,,,,,No,,,,,,,,,,,,,,,,,,,,,,,,,,,,,,,,,,
,,,,,,,,,,,,,,,,No,,,,,,,,,,,,,,,,,,,,,,,,,,,,,,,,,,
,,,,,,,,,,,,,,,,No,,,,,,,,,,,,,,,,,,,,,,,,,,,,,,,,,,
,,,,,,,,,,,,,,,,No,,,,,,,,,,,,,,,,,,,,,,,,,,,,,,,,,,
,,,,,,,,,,,,,,,,No,,,,,,,,,,,,,,,,,,,,,,,,,,,,,,,,,,
,,,,,,,,,,,,,,,,No,,,,,,,,,,,,,,,,,,,,,,,,,,,,,,,,,,
,,,,,,,,,,,,,,,,No,,,,,,,,,,,,,,,,,,,,,,,,,,,,,,,,,,
,,,,,,,,,,,,,,,,No,,,,,,,,,,,,,,,,,,,,,,,,,,,,,,,,,,
,,,,,,,,,,,,,,,,No,,,,,,,,,,,,,,,,,,,,,,,,,,,,,,,,,,
,,,,,,,,,,,,,,,,No,,,,,,,,,,,,,,,,,,,,,,,,,,,,,,,,,,
,,,,,,,,,,,,,,,,No,,,,,,,,,,,,,,,,,,,,,,,,,,,,,,,,,,
,,,,,,,,,,,,,,,,No,,,,,,,,,,,,,,,,,,,,,,,,,,,,,,,,,,
,,,,,,,,,,,,,,,,No,,,,,,,,,,,,,,,,,,,,,,,,,,,,,,,,,,
,,,,,,,,,,,,,,,,No,,,,,,,,,,,,,,,,,,,,,,,,,,,,,,,,,,
,,,,,,,,,,,,,,,,No,,,,,,,,,,,,,,,,,,,,,,,,,,,,,,,,,,
,,,,,,,,,,,,,,,,No,,,,,,,,,,,,,,,,,,,,,,,,,,,,,,,,,,
,,,,,,,,,,,,,,,,No,,,,,,,,,,,,,,,,,,,,,,,,,,,,,,,,,,
,,,,,,,,,,,,,,,,No,,,,,,,,,,,,,,,,,,,,,,,,,,,,,,,,,,
,,,,,,,,,,,,,,,,No,,,,,,,,,,,,,,,,,,,,,,,,,,,,,,,,,,
,,,,,,,,,,,,,,,,No,,,,,,,,,,,,,,,,,,,,,,,,,,,,,,,,,,
,,,,,,,,,,,,,,,,No,,,,,,,,,,,,,,,,,,,,,,,,,,,,,,,,,,
,,,,,,,,,,,,,,,,No,,,,,,,,,,,,,,,,,,,,,,,,,,,,,,,,,,
,,,,,,,,,,,,,,,,No,,,,,,,,,,,,,,,,,,,,,,,,,,,,,,,,,,
,,,,,,,,,,,,,,,,No,,,,,,,,,,,,,,,,,,,,,,,,,,,,,,,,,,
,,,,,,,,,,,,,,,,No,,,,,,,,,,,,,,,,,,,,,,,,,,,,,,,,,,
,,,,,,,,,,,,,,,,No,,,,,,,,,,,,,,,,,,,,,,,,,,,,,,,,,,
,,,,,,,,,,,,,,,,No,,,,,,,,,,,,,,,,,,,,,,,,,,,,,,,,,,
,,,,,,,,,,,,,,,,No,,,,,,,,,,,,,,,,,,,,,,,,,,,,,,,,,,
,,,,,,,,,,,,,,,,No,,,,,,,,,,,,,,,,,,,,,,,,,,,,,,,,,,
,,,,,,,,,,,,,,,,No,,,,,,,,,,,,,,,,,,,,,,,,,,,,,,,,,,
,,,,,,,,,,,,,,,,No,,,,,,,,,,,,,,,,,,,,,,,,,,,,,,,,,,
,,,,,,,,,,,,,,,,No,,,,,,,,,,,,,,,,,,,,,,,,,,,,,,,,,,
,,,,,,,,,,,,,,,,No,,,,,,,,,,,,,,,,,,,,,,,,,,,,,,,,,,
,,,,,,,,,,,,,,,,No,,,,,,,,,,,,,,,,,,,,,,,,,,,,,,,,,,
,,,,,,,,,,,,,,,,No,,,,,,,,,,,,,,,,,,,,,,,,,,,,,,,,,,
,,,,,,,,,,,,,,,,No,,,,,,,,,,,,,,,,,,,,,,,,,,,,,,,,,,
,,,,,,,,,,,,,,,,No,,,,,,,,,,,,,,,,,,,,,,,,,,,,,,,,,,
,,,,,,,,,,,,,,,,No,,,,,,,,,,,,,,,,,,,,,,,,,,,,,,,,,,
,,,,,,,,,,,,,,,,No,,,,,,,,,,,,,,,,,,,,,,,,,,,,,,,,,,
,,,,,,,,,,,,,,,,No,,,,,,,,,,,,,,,,,,,,,,,,,,,,,,,,,,
,,,,,,,,,,,,,,,,No,,,,,,,,,,,,,,,,,,,,,,,,,,,,,,,,,,
,,,,,,,,,,,,,,,,No,,,,,,,,,,,,,,,,,,,,,,,,,,,,,,,,,,
,,,,,,,,,,,,,,,,No,,,,,,,,,,,,,,,,,,,,,,,,,,,,,,,,,,
,,,,,,,,,,,,,,,,No,,,,,,,,,,,,,,,,,,,,,,,,,,,,,,,,,,
,,,,,,,,,,,,,,,,No,,,,,,,,,,,,,,,,,,,,,,,,,,,,,,,,,,
,,,,,,,,,,,,,,,,No,,,,,,,,,,,,,,,,,,,,,,,,,,,,,,,,,,
,,,,,,,,,,,,,,,,No,,,,,,,,,,,,,,,,,,,,,,,,,,,,,,,,,,
,,,,,,,,,,,,,,,,No,,,,,,,,,,,,,,,,,,,,,,,,,,,,,,,,,,
,,,,,,,,,,,,,,,,No,,,,,,,,,,,,,,,,,,,,,,,,,,,,,,,,,,
,,,,,,,,,,,,,,,,No,,,,,,,,,,,,,,,,,,,,,,,,,,,,,,,,,,
,,,,,,,,,,,,,,,,No,,,,,,,,,,,,,,,,,,,,,,,,,,,,,,,,,,
,,,,,,,,,,,,,,,,No,,,,,,,,,,,,,,,,,,,,,,,,,,,,,,,,,,
,,,,,,,,,,,,,,,,No,,,,,,,,,,,,,,,,,,,,,,,,,,,,,,,,,,
,,,,,,,,,,,,,,,,No,,,,,,,,,,,,,,,,,,,,,,,,,,,,,,,,,,
,,,,,,,,,,,,,,,,No,,,,,,,,,,,,,,,,,,,,,,,,,,,,,,,,,,
,,,,,,,,,,,,,,,,No,,,,,,,,,,,,,,,,,,,,,,,,,,,,,,,,,,
,,,,,,,,,,,,,,,,No,,,,,,,,,,,,,,,,,,,,,,,,,,,,,,,,,,
,,,,,,,,,,,,,,,,No,,,,,,,,,,,,,,,,,,,,,,,,,,,,,,,,,,
,,,,,,,,,,,,,,,,No,,,,,,,,,,,,,,,,,,,,,,,,,,,,,,,,,,
,,,,,,,,,,,,,,,,No,,,,,,,,,,,,,,,,,,,,,,,,,,,,,,,,,,
,,,,,,,,,,,,,,,,No,,,,,,,,,,,,,,,,,,,,,,,,,,,,,,,,,,
,,,,,,,,,,,,,,,,No,,,,,,,,,,,,,,,,,,,,,,,,,,,,,,,,,,
,,,,,,,,,,,,,,,,No,,,,,,,,,,,,,,,,,,,,,,,,,,,,,,,,,,
,,,,,,,,,,,,,,,,No,,,,,,,,,,,,,,,,,,,,,,,,,,,,,,,,,,
,,,,,,,,,,,,,,,,No,,,,,,,,,,,,,,,,,,,,,,,,,,,,,,,,,,
,,,,,,,,,,,,,,,,No,,,,,,,,,,,,,,,,,,,,,,,,,,,,,,,,,,
,,,,,,,,,,,,,,,,No,,,,,,,,,,,,,,,,,,,,,,,,,,,,,,,,,,
,,,,,,,,,,,,,,,,No,,,,,,,,,,,,,,,,,,,,,,,,,,,,,,,,,,
,,,,,,,,,,,,,,,,No,,,,,,,,,,,,,,,,,,,,,,,,,,,,,,,,,,
,,,,,,,,,,,,,,,,No,,,,,,,,,,,,,,,,,,,,,,,,,,,,,,,,,,
,,,,,,,,,,,,,,,,No,,,,,,,,,,,,,,,,,,,,,,,,,,,,,,,,,,
,,,,,,,,,,,,,,,,No,,,,,,,,,,,,,,,,,,,,,,,,,,,,,,,,,,
,,,,,,,,,,,,,,,,No,,,,,,,,,,,,,,,,,,,,,,,,,,,,,,,,,,
,,,,,,,,,,,,,,,,No,,,,,,,,,,,,,,,,,,,,,,,,,,,,,,,,,,
,,,,,,,,,,,,,,,,No,,,,,,,,,,,,,,,,,,,,,,,,,,,,,,,,,,
,,,,,,,,,,,,,,,,No,,,,,,,,,,,,,,,,,,,,,,,,,,,,,,,,,,
,,,,,,,,,,,,,,,,No,,,,,,,,,,,,,,,,,,,,,,,,,,,,,,,,,,
,,,,,,,,,,,,,,,,No,,,,,,,,,,,,,,,,,,,,,,,,,,,,,,,,,,
,,,,,,,,,,,,,,,,No,,,,,,,,,,,,,,,,,,,,,,,,,,,,,,,,,,
,,,,,,,,,,,,,,,,No,,,,,,,,,,,,,,,,,,,,,,,,,,,,,,,,,,
,,,,,,,,,,,,,,,,No,,,,,,,,,,,,,,,,,,,,,,,,,,,,,,,,,,
,,,,,,,,,,,,,,,,No,,,,,,,,,,,,,,,,,,,,,,,,,,,,,,,,,,
,,,,,,,,,,,,,,,,No,,,,,,,,,,,,,,,,,,,,,,,,,,,,,,,,,,
,,,,,,,,,,,,,,,,No,,,,,,,,,,,,,,,,,,,,,,,,,,,,,,,,,,
,,,,,,,,,,,,,,,,No,,,,,,,,,,,,,,,,,,,,,,,,,,,,,,,,,,
,,,,,,,,,,,,,,,,No,,,,,,,,,,,,,,,,,,,,,,,,,,,,,,,,,,
,,,,,,,,,,,,,,,,No,,,,,,,,,,,,,,,,,,,,,,,,,,,,,,,,,,
,,,,,,,,,,,,,,,,No,,,,,,,,,,,,,,,,,,,,,,,,,,,,,,,,,,
,,,,,,,,,,,,,,,,No,,,,,,,,,,,,,,,,,,,,,,,,,,,,,,,,,,
,,,,,,,,,,,,,,,,No,,,,,,,,,,,,,,,,,,,,,,,,,,,,,,,,,,
,,,,,,,,,,,,,,,,No,,,,,,,,,,,,,,,,,,,,,,,,,,,,,,,,,,
,,,,,,,,,,,,,,,,No,,,,,,,,,,,,,,,,,,,,,,,,,,,,,,,,,,
,,,,,,,,,,,,,,,,No,,,,,,,,,,,,,,,,,,,,,,,,,,,,,,,,,,
,,,,,,,,,,,,,,,,No,,,,,,,,,,,,,,,,,,,,,,,,,,,,,,,,,,
,,,,,,,,,,,,,,,,No,,,,,,,,,,,,,,,,,,,,,,,,,,,,,,,,,,
,,,,,,,,,,,,,,,,No,,,,,,,,,,,,,,,,,,,,,,,,,,,,,,,,,,
,,,,,,,,,,,,,,,,No,,,,,,,,,,,,,,,,,,,,,,,,,,,,,,,,,,
,,,,,,,,,,,,,,,,No,,,,,,,,,,,,,,,,,,,,,,,,,,,,,,,,,,
,,,,,,,,,,,,,,,,No,,,,,,,,,,,,,,,,,,,,,,,,,,,,,,,,,,
,,,,,,,,,,,,,,,,No,,,,,,,,,,,,,,,,,,,,,,,,,,,,,,,,,,
,,,,,,,,,,,,,,,,No,,,,,,,,,,,,,,,,,,,,,,,,,,,,,,,,,,
,,,,,,,,,,,,,,,,No,,,,,,,,,,,,,,,,,,,,,,,,,,,,,,,,,,
,,,,,,,,,,,,,,,,No,,,,,,,,,,,,,,,,,,,,,,,,,,,,,,,,,,
,,,,,,,,,,,,,,,,No,,,,,,,,,,,,,,,,,,,,,,,,,,,,,,,,,,
,,,,,,,,,,,,,,,,No,,,,,,,,,,,,,,,,,,,,,,,,,,,,,,,,,,
,,,,,,,,,,,,,,,,No,,,,,,,,,,,,,,,,,,,,,,,,,,,,,,,,,,
,,,,,,,,,,,,,,,,No,,,,,,,,,,,,,,,,,,,,,,,,,,,,,,,,,,
,,,,,,,,,,,,,,,,No,,,,,,,,,,,,,,,,,,,,,,,,,,,,,,,,,,
,,,,,,,,,,,,,,,,No,,,,,,,,,,,,,,,,,,,,,,,,,,,,,,,,,,
,,,,,,,,,,,,,,,,No,,,,,,,,,,,,,,,,,,,,,,,,,,,,,,,,,,
,,,,,,,,,,,,,,,,No,,,,,,,,,,,,,,,,,,,,,,,,,,,,,,,,,,
,,,,,,,,,,,,,,,,No,,,,,,,,,,,,,,,,,,,,,,,,,,,,,,,,,,
,,,,,,,,,,,,,,,,No,,,,,,,,,,,,,,,,,,,,,,,,,,,,,,,,,,
,,,,,,,,,,,,,,,,No,,,,,,,,,,,,,,,,,,,,,,,,,,,,,,,,,,
,,,,,,,,,,,,,,,,No,,,,,,,,,,,,,,,,,,,,,,,,,,,,,,,,,,
,,,,,,,,,,,,,,,,No,,,,,,,,,,,,,,,,,,,,,,,,,,,,,,,,,,
,,,,,,,,,,,,,,,,No,,,,,,,,,,,,,,,,,,,,,,,,,,,,,,,,,,
,,,,,,,,,,,,,,,,No,,,,,,,,,,,,,,,,,,,,,,,,,,,,,,,,,,
,,,,,,,,,,,,,,,,No,,,,,,,,,,,,,,,,,,,,,,,,,,,,,,,,,,
,,,,,,,,,,,,,,,,No,,,,,,,,,,,,,,,,,,,,,,,,,,,,,,,,,,
,,,,,,,,,,,,,,,,No,,,,,,,,,,,,,,,,,,,,,,,,,,,,,,,,,,
,,,,,,,,,,,,,,,,No,,,,,,,,,,,,,,,,,,,,,,,,,,,,,,,,,,
,,,,,,,,,,,,,,,,No,,,,,,,,,,,,,,,,,,,,,,,,,,,,,,,,,,
,,,,,,,,,,,,,,,,No,,,,,,,,,,,,,,,,,,,,,,,,,,,,,,,,,,
,,,,,,,,,,,,,,,,No,,,,,,,,,,,,,,,,,,,,,,,,,,,,,,,,,,
,,,,,,,,,,,,,,,,No,,,,,,,,,,,,,,,,,,,,,,,,,,,,,,,,,,
,,,,,,,,,,,,,,,,No,,,,,,,,,,,,,,,,,,,,,,,,,,,,,,,,,,
,,,,,,,,,,,,,,,,No,,,,,,,,,,,,,,,,,,,,,,,,,,,,,,,,,,
,,,,,,,,,,,,,,,,No,,,,,,,,,,,,,,,,,,,,,,,,,,,,,,,,,,
,,,,,,,,,,,,,,,,No,,,,,,,,,,,,,,,,,,,,,,,,,,,,,,,,,,
,,,,,,,,,,,,,,,,No,,,,,,,,,,,,,,,,,,,,,,,,,,,,,,,,,,
,,,,,,,,,,,,,,,,No,,,,,,,,,,,,,,,,,,,,,,,,,,,,,,,,,,
,,,,,,,,,,,,,,,,No,,,,,,,,,,,,,,,,,,,,,,,,,,,,,,,,,,
,,,,,,,,,,,,,,,,No,,,,,,,,,,,,,,,,,,,,,,,,,,,,,,,,,,
,,,,,,,,,,,,,,,,No,,,,,,,,,,,,,,,,,,,,,,,,,,,,,,,,,,
,,,,,,,,,,,,,,,,No,,,,,,,,,,,,,,,,,,,,,,,,,,,,,,,,,,
,,,,,,,,,,,,,,,,No,,,,,,,,,,,,,,,,,,,,,,,,,,,,,,,,,,
,,,,,,,,,,,,,,,,No,,,,,,,,,,,,,,,,,,,,,,,,,,,,,,,,,,
,,,,,,,,,,,,,,,,No,,,,,,,,,,,,,,,,,,,,,,,,,,,,,,,,,,
,,,,,,,,,,,,,,,,No,,,,,,,,,,,,,,,,,,,,,,,,,,,,,,,,,,
,,,,,,,,,,,,,,,,No,,,,,,,,,,,,,,,,,,,,,,,,,,,,,,,,,,
,,,,,,,,,,,,,,,,No,,,,,,,,,,,,,,,,,,,,,,,,,,,,,,,,,,
,,,,,,,,,,,,,,,,No,,,,,,,,,,,,,,,,,,,,,,,,,,,,,,,,,,
,,,,,,,,,,,,,,,,No,,,,,,,,,,,,,,,,,,,,,,,,,,,,,,,,,,
,,,,,,,,,,,,,,,,No,,,,,,,,,,,,,,,,,,,,,,,,,,,,,,,,,,
,,,,,,,,,,,,,,,,No,,,,,,,,,,,,,,,,,,,,,,,,,,,,,,,,,,
,,,,,,,,,,,,,,,,No,,,,,,,,,,,,,,,,,,,,,,,,,,,,,,,,,,
,,,,,,,,,,,,,,,,No,,,,,,,,,,,,,,,,,,,,,,,,,,,,,,,,,,
,,,,,,,,,,,,,,,,No,,,,,,,,,,,,,,,,,,,,,,,,,,,,,,,,,,
,,,,,,,,,,,,,,,,No,,,,,,,,,,,,,,,,,,,,,,,,,,,,,,,,,,
,,,,,,,,,,,,,,,,No,,,,,,,,,,,,,,,,,,,,,,,,,,,,,,,,,,
,,,,,,,,,,,,,,,,No,,,,,,,,,,,,,,,,,,,,,,,,,,,,,,,,,,
,,,,,,,,,,,,,,,,No,,,,,,,,,,,,,,,,,,,,,,,,,,,,,,,,,,
,,,,,,,,,,,,,,,,No,,,,,,,,,,,,,,,,,,,,,,,,,,,,,,,,,,
,,,,,,,,,,,,,,,,No,,,,,,,,,,,,,,,,,,,,,,,,,,,,,,,,,,
,,,,,,,,,,,,,,,,No,,,,,,,,,,,,,,,,,,,,,,,,,,,,,,,,,,
,,,,,,,,,,,,,,,,No,,,,,,,,,,,,,,,,,,,,,,,,,,,,,,,,,,
,,,,,,,,,,,,,,,,No,,,,,,,,,,,,,,,,,,,,,,,,,,,,,,,,,,
,,,,,,,,,,,,,,,,No,,,,,,,,,,,,,,,,,,,,,,,,,,,,,,,,,,
,,,,,,,,,,,,,,,,No,,,,,,,,,,,,,,,,,,,,,,,,,,,,,,,,,,
,,,,,,,,,,,,,,,,No,,,,,,,,,,,,,,,,,,,,,,,,,,,,,,,,,,
,,,,,,,,,,,,,,,,No,,,,,,,,,,,,,,,,,,,,,,,,,,,,,,,,,,
,,,,,,,,,,,,,,,,No,,,,,,,,,,,,,,,,,,,,,,,,,,,,,,,,,,
,,,,,,,,,,,,,,,,No,,,,,,,,,,,,,,,,,,,,,,,,,,,,,,,,,,
,,,,,,,,,,,,,,,,No,,,,,,,,,,,,,,,,,,,,,,,,,,,,,,,,,,
,,,,,,,,,,,,,,,,No,,,,,,,,,,,,,,,,,,,,,,,,,,,,,,,,,,
,,,,,,,,,,,,,,,,No,,,,,,,,,,,,,,,,,,,,,,,,,,,,,,,,,,
,,,,,,,,,,,,,,,,No,,,,,,,,,,,,,,,,,,,,,,,,,,,,,,,,,,
,,,,,,,,,,,,,,,,No,,,,,,,,,,,,,,,,,,,,,,,,,,,,,,,,,,
,,,,,,,,,,,,,,,,No,,,,,,,,,,,,,,,,,,,,,,,,,,,,,,,,,,
,,,,,,,,,,,,,,,,No,,,,,,,,,,,,,,,,,,,,,,,,,,,,,,,,,,
,,,,,,,,,,,,,,,,No,,,,,,,,,,,,,,,,,,,,,,,,,,,,,,,,,,
,,,,,,,,,,,,,,,,No,,,,,,,,,,,,,,,,,,,,,,,,,,,,,,,,,,
,,,,,,,,,,,,,,,,No,,,,,,,,,,,,,,,,,,,,,,,,,,,,,,,,,,
,,,,,,,,,,,,,,,,No,,,,,,,,,,,,,,,,,,,,,,,,,,,,,,,,,,
,,,,,,,,,,,,,,,,No,,,,,,,,,,,,,,,,,,,,,,,,,,,,,,,,,,
,,,,,,,,,,,,,,,,No,,,,,,,,,,,,,,,,,,,,,,,,,,,,,,,,,,
,,,,,,,,,,,,,,,,No,,,,,,,,,,,,,,,,,,,,,,,,,,,,,,,,,,
,,,,,,,,,,,,,,,,No,,,,,,,,,,,,,,,,,,,,,,,,,,,,,,,,,,
,,,,,,,,,,,,,,,,No,,,,,,,,,,,,,,,,,,,,,,,,,,,,,,,,,,
,,,,,,,,,,,,,,,,No,,,,,,,,,,,,,,,,,,,,,,,,,,,,,,,,,,
,,,,,,,,,,,,,,,,No,,,,,,,,,,,,,,,,,,,,,,,,,,,,,,,,,,
,,,,,,,,,,,,,,,,No,,,,,,,,,,,,,,,,,,,,,,,,,,,,,,,,,,
,,,,,,,,,,,,,,,,No,,,,,,,,,,,,,,,,,,,,,,,,,,,,,,,,,,
,,,,,,,,,,,,,,,,No,,,,,,,,,,,,,,,,,,,,,,,,,,,,,,,,,,
,,,,,,,,,,,,,,,,No,,,,,,,,,,,,,,,,,,,,,,,,,,,,,,,,,,
,,,,,,,,,,,,,,,,No,,,,,,,,,,,,,,,,,,,,,,,,,,,,,,,,,,
,,,,,,,,,,,,,,,,No,,,,,,,,,,,,,,,,,,,,,,,,,,,,,,,,,,
,,,,,,,,,,,,,,,,No,,,,,,,,,,,,,,,,,,,,,,,,,,,,,,,,,,
,,,,,,,,,,,,,,,,No,,,,,,,,,,,,,,,,,,,,,,,,,,,,,,,,,,
,,,,,,,,,,,,,,,,No,,,,,,,,,,,,,,,,,,,,,,,,,,,,,,,,,,
,,,,,,,,,,,,,,,,No,,,,,,,,,,,,,,,,,,,,,,,,,,,,,,,,,,
,,,,,,,,,,,,,,,,No,,,,,,,,,,,,,,,,,,,,,,,,,,,,,,,,,,
,,,,,,,,,,,,,,,,No,,,,,,,,,,,,,,,,,,,,,,,,,,,,,,,,,,
,,,,,,,,,,,,,,,,No,,,,,,,,,,,,,,,,,,,,,,,,,,,,,,,,,,
,,,,,,,,,,,,,,,,No,,,,,,,,,,,,,,,,,,,,,,,,,,,,,,,,,,
,,,,,,,,,,,,,,,,No,,,,,,,,,,,,,,,,,,,,,,,,,,,,,,,,,,
,,,,,,,,,,,,,,,,No,,,,,,,,,,,,,,,,,,,,,,,,,,,,,,,,,,
,,,,,,,,,,,,,,,,No,,,,,,,,,,,,,,,,,,,,,,,,,,,,,,,,,,
,,,,,,,,,,,,,,,,No,,,,,,,,,,,,,,,,,,,,,,,,,,,,,,,,,,
,,,,,,,,,,,,,,,,No,,,,,,,,,,,,,,,,,,,,,,,,,,,,,,,,,,
,,,,,,,,,,,,,,,,No,,,,,,,,,,,,,,,,,,,,,,,,,,,,,,,,,,
,,,,,,,,,,,,,,,,No,,,,,,,,,,,,,,,,,,,,,,,,,,,,,,,,,,
,,,,,,,,,,,,,,,,No,,,,,,,,,,,,,,,,,,,,,,,,,,,,,,,,,,
,,,,,,,,,,,,,,,,No,,,,,,,,,,,,,,,,,,,,,,,,,,,,,,,,,,
,,,,,,,,,,,,,,,,No,,,,,,,,,,,,,,,,,,,,,,,,,,,,,,,,,,
,,,,,,,,,,,,,,,,No,,,,,,,,,,,,,,,,,,,,,,,,,,,,,,,,,,
,,,,,,,,,,,,,,,,No,,,,,,,,,,,,,,,,,,,,,,,,,,,,,,,,,,
,,,,,,,,,,,,,,,,No,,,,,,,,,,,,,,,,,,,,,,,,,,,,,,,,,,
,,,,,,,,,,,,,,,,No,,,,,,,,,,,,,,,,,,,,,,,,,,,,,,,,,,
,,,,,,,,,,,,,,,,No,,,,,,,,,,,,,,,,,,,,,,,,,,,,,,,,,,
,,,,,,,,,,,,,,,,No,,,,,,,,,,,,,,,,,,,,,,,,,,,,,,,,,,
,,,,,,,,,,,,,,,,No,,,,,,,,,,,,,,,,,,,,,,,,,,,,,,,,,,
,,,,,,,,,,,,,,,,No,,,,,,,,,,,,,,,,,,,,,,,,,,,,,,,,,,
,,,,,,,,,,,,,,,,No,,,,,,,,,,,,,,,,,,,,,,,,,,,,,,,,,,
,,,,,,,,,,,,,,,,No,,,,,,,,,,,,,,,,,,,,,,,,,,,,,,,,,,
,,,,,,,,,,,,,,,,No,,,,,,,,,,,,,,,,,,,,,,,,,,,,,,,,,,
,,,,,,,,,,,,,,,,No,,,,,,,,,,,,,,,,,,,,,,,,,,,,,,,,,,
,,,,,,,,,,,,,,,,No,,,,,,,,,,,,,,,,,,,,,,,,,,,,,,,,,,
,,,,,,,,,,,,,,,,No,,,,,,,,,,,,,,,,,,,,,,,,,,,,,,,,,,
,,,,,,,,,,,,,,,,No,,,,,,,,,,,,,,,,,,,,,,,,,,,,,,,,,,
,,,,,,,,,,,,,,,,No,,,,,,,,,,,,,,,,,,,,,,,,,,,,,,,,,,
,,,,,,,,,,,,,,,,No,,,,,,,,,,,,,,,,,,,,,,,,,,,,,,,,,,
,,,,,,,,,,,,,,,,No,,,,,,,,,,,,,,,,,,,,,,,,,,,,,,,,,,
,,,,,,,,,,,,,,,,No,,,,,,,,,,,,,,,,,,,,,,,,,,,,,,,,,,
,,,,,,,,,,,,,,,,No,,,,,,,,,,,,,,,,,,,,,,,,,,,,,,,,,,
,,,,,,,,,,,,,,,,No,,,,,,,,,,,,,,,,,,,,,,,,,,,,,,,,,,
,,,,,,,,,,,,,,,,No,,,,,,,,,,,,,,,,,,,,,,,,,,,,,,,,,,
,,,,,,,,,,,,,,,,No,,,,,,,,,,,,,,,,,,,,,,,,,,,,,,,,,,
,,,,,,,,,,,,,,,,No,,,,,,,,,,,,,,,,,,,,,,,,,,,,,,,,,,
,,,,,,,,,,,,,,,,No,,,,,,,,,,,,,,,,,,,,,,,,,,,,,,,,,,
,,,,,,,,,,,,,,,,No,,,,,,,,,,,,,,,,,,,,,,,,,,,,,,,,,,
,,,,,,,,,,,,,,,,No,,,,,,,,,,,,,,,,,,,,,,,,,,,,,,,,,,
,,,,,,,,,,,,,,,,No,,,,,,,,,,,,,,,,,,,,,,,,,,,,,,,,,,
,,,,,,,,,,,,,,,,No,,,,,,,,,,,,,,,,,,,,,,,,,,,,,,,,,,
,,,,,,,,,,,,,,,,No,,,,,,,,,,,,,,,,,,,,,,,,,,,,,,,,,,
,,,,,,,,,,,,,,,,No,,,,,,,,,,,,,,,,,,,,,,,,,,,,,,,,,,
,,,,,,,,,,,,,,,,No,,,,,,,,,,,,,,,,,,,,,,,,,,,,,,,,,,
,,,,,,,,,,,,,,,,No,,,,,,,,,,,,,,,,,,,,,,,,,,,,,,,,,,
,,,,,,,,,,,,,,,,No,,,,,,,,,,,,,,,,,,,,,,,,,,,,,,,,,,
,,,,,,,,,,,,,,,,No,,,,,,,,,,,,,,,,,,,,,,,,,,,,,,,,,,
,,,,,,,,,,,,,,,,No,,,,,,,,,,,,,,,,,,,,,,,,,,,,,,,,,,
,,,,,,,,,,,,,,,,No,,,,,,,,,,,,,,,,,,,,,,,,,,,,,,,,,,
,,,,,,,,,,,,,,,,No,,,,,,,,,,,,,,,,,,,,,,,,,,,,,,,,,,
,,,,,,,,,,,,,,,,No,,,,,,,,,,,,,,,,,,,,,,,,,,,,,,,,,,
,,,,,,,,,,,,,,,,No,,,,,,,,,,,,,,,,,,,,,,,,,,,,,,,,,,
,,,,,,,,,,,,,,,,No,,,,,,,,,,,,,,,,,,,,,,,,,,,,,,,,,,
,,,,,,,,,,,,,,,,No,,,,,,,,,,,,,,,,,,,,,,,,,,,,,,,,,,
,,,,,,,,,,,,,,,,No,,,,,,,,,,,,,,,,,,,,,,,,,,,,,,,,,,
,,,,,,,,,,,,,,,,No,,,,,,,,,,,,,,,,,,,,,,,,,,,,,,,,,,
,,,,,,,,,,,,,,,,No,,,,,,,,,,,,,,,,,,,,,,,,,,,,,,,,,,
,,,,,,,,,,,,,,,,No,,,,,,,,,,,,,,,,,,,,,,,,,,,,,,,,,,
,,,,,,,,,,,,,,,,No,,,,,,,,,,,,,,,,,,,,,,,,,,,,,,,,,,
,,,,,,,,,,,,,,,,No,,,,,,,,,,,,,,,,,,,,,,,,,,,,,,,,,,
,,,,,,,,,,,,,,,,No,,,,,,,,,,,,,,,,,,,,,,,,,,,,,,,,,,
,,,,,,,,,,,,,,,,No,,,,,,,,,,,,,,,,,,,,,,,,,,,,,,,,,,
,,,,,,,,,,,,,,,,No,,,,,,,,,,,,,,,,,,,,,,,,,,,,,,,,,,
,,,,,,,,,,,,,,,,No,,,,,,,,,,,,,,,,,,,,,,,,,,,,,,,,,,
,,,,,,,,,,,,,,,,No,,,,,,,,,,,,,,,,,,,,,,,,,,,,,,,,,,
,,,,,,,,,,,,,,,,No,,,,,,,,,,,,,,,,,,,,,,,,,,,,,,,,,,
,,,,,,,,,,,,,,,,No,,,,,,,,,,,,,,,,,,,,,,,,,,,,,,,,,,
,,,,,,,,,,,,,,,,No,,,,,,,,,,,,,,,,,,,,,,,,,,,,,,,,,,
,,,,,,,,,,,,,,,,No,,,,,,,,,,,,,,,,,,,,,,,,,,,,,,,,,,
,,,,,,,,,,,,,,,,No,,,,,,,,,,,,,,,,,,,,,,,,,,,,,,,,,,
,,,,,,,,,,,,,,,,No,,,,,,,,,,,,,,,,,,,,,,,,,,,,,,,,,,
,,,,,,,,,,,,,,,,No,,,,,,,,,,,,,,,,,,,,,,,,,,,,,,,,,,
,,,,,,,,,,,,,,,,No,,,,,,,,,,,,,,,,,,,,,,,,,,,,,,,,,,
,,,,,,,,,,,,,,,,No,,,,,,,,,,,,,,,,,,,,,,,,,,,,,,,,,,
,,,,,,,,,,,,,,,,No,,,,,,,,,,,,,,,,,,,,,,,,,,,,,,,,,,
,,,,,,,,,,,,,,,,No,,,,,,,,,,,,,,,,,,,,,,,,,,,,,,,,,,
,,,,,,,,,,,,,,,,No,,,,,,,,,,,,,,,,,,,,,,,,,,,,,,,,,,
,,,,,,,,,,,,,,,,No,,,,,,,,,,,,,,,,,,,,,,,,,,,,,,,,,,
,,,,,,,,,,,,,,,,No,,,,,,,,,,,,,,,,,,,,,,,,,,,,,,,,,,
,,,,,,,,,,,,,,,,No,,,,,,,,,,,,,,,,,,,,,,,,,,,,,,,,,,
,,,,,,,,,,,,,,,,No,,,,,,,,,,,,,,,,,,,,,,,,,,,,,,,,,,
,,,,,,,,,,,,,,,,No,,,,,,,,,,,,,,,,,,,,,,,,,,,,,,,,,,
,,,,,,,,,,,,,,,,No,,,,,,,,,,,,,,,,,,,,,,,,,,,,,,,,,,
,,,,,,,,,,,,,,,,No,,,,,,,,,,,,,,,,,,,,,,,,,,,,,,,,,,
,,,,,,,,,,,,,,,,No,,,,,,,,,,,,,,,,,,,,,,,,,,,,,,,,,,
,,,,,,,,,,,,,,,,No,,,,,,,,,,,,,,,,,,,,,,,,,,,,,,,,,,
,,,,,,,,,,,,,,,,No,,,,,,,,,,,,,,,,,,,,,,,,,,,,,,,,,,
,,,,,,,,,,,,,,,,No,,,,,,,,,,,,,,,,,,,,,,,,,,,,,,,,,,
,,,,,,,,,,,,,,,,No,,,,,,,,,,,,,,,,,,,,,,,,,,,,,,,,,,
