Zone,District,PC,AC,Block,Panchayat,ZP Seat Number,Seat Reservation Status,ZP Chairman,ZP Vice Chairman,Probable ZP Candidate Name,Contact No,Category,Caste,Age,Brief Profile,JS Designation,Recommendation Source Categories,Remarks,PK Feedback,,,,,,,
Munger,Banka,27. Banka,159. Amarpur,Shambhuganj,,Shambhuganj_1,Backward Class (Others),Rajendra Yadav,Neelam Devi,Rinkesh Kumar,7543992102.0,OBC,Kurmi,45.0,"- 2nd Runner-up in ZP election 2021
- Prakhand President PDS Dealer Sangh
- Working as Professional Social Worker in Different organisation from last 10 years",Vidhan Sabha Chunav Prabandhan Samiti,Chunav Prabandhan Samiti,,,,,,,,,
Munger,Banka,27. Banka,159. Amarpur,Shambhuganj,,Shambhuganj_1,Backward Class (Others),Rajendra Yadav,Neelam Devi,Sarita Devi/ Pankaj Yadav,7870914653.0,OBC,Yadav,50.0,"- 20121 ZP Contestant Secured 5119 Votes. 
- 2016 ZP Runner Up
- 2011 ZP Winner 
- 2006 Sarpanch Winner",,Runnerup ZP,,,,,,,,,
Munger,Banka,27. Banka,159. Amarpur,Shambhuganj,,Shambhuganj_1,Backward Class (Others),Rajendra Yadav,Neelam Devi," Pradip Singh 
",7367008871.0,General,Rajput,54.0,"- Mukhiya from Kurma Panchayat (2021-present)
- 2011 ZP Runner Up",BSC Member,"""Sangathan, Sangathan Dump""",,,,,,,,,
Munger,Banka,27. Banka,159. Amarpur,Shambhuganj,,Shambhuganj_1,Backward Class (Others),Rajendra Yadav,Neelam Devi,,,,,,,,,,,,,,,,,
Munger,Banka,27. Banka,159. Amarpur,Shambhuganj,,Shambhuganj_1,Backward Class (Others),Rajendra Yadav,Neelam Devi,,,,,,,,,,,,,,,,,
Munger,Banka,27. Banka,159. Amarpur,Shambhuganj,,Shambhuganj_2,SC (Other),Rajendra Yadav,Neelam Devi,Dr. Manoj Kumar Singh,8051709692.0,OBC,Kurmi,58.0,- 3 terms Sarpanch of the Parariya Panchayat (2021-Present)(2006 -2011) & (2011 -2016),DSS,Sangathan,,,,,,,,,
Munger,Banka,27. Banka,159. Amarpur,Shambhuganj,,Shambhuganj_2,SC (Other),Rajendra Yadav,Neelam Devi,Rukmini Devi/Asha Kumari/Rupesh Paswan,9534782387.0,SC,Dusadh,38.0,"His father was an independent ACC Candidate in 2010.
Contested the 2016 ZP election
Contested the 2021 ZP election and secured around 6,000 votes
Agriculture Clerk in Block Office",,Onboarded,,,,,,,,,
Munger,Banka,27. Banka,159. Amarpur,Shambhuganj,,Shambhuganj_2,SC (Other),Rajendra Yadav,Neelam Devi,,,,,,,,,,,,,,,,,
Munger,Banka,27. Banka,159. Amarpur,Shambhuganj,,Shambhuganj_2,SC (Other),Rajendra Yadav,Neelam Devi,,,,,,,,,,,,,,,,,
Munger,Banka,27. Banka,159. Amarpur,Shambhuganj,,Shambhuganj_2,SC (Other),Rajendra Yadav,Neelam Devi,,,,,,,,,,,,,,,,,
Munger,Banka,27. Banka,159. Amarpur,Amarpur,,Amarpur_3,Unreserved (Mahila),Rajendra Yadav,Neelam Devi,Ushaa Devi/Chandan Kumar Singh,7070222359.0,OBC,Kurmi,49.0,"- Former ZP(2016)
- ZP Runner Up Got 4700 Votes(2021)
- Former Two Time Mukhiya Runner Up(2006,2011)
",,Onboarded,,,,,,,,,
Munger,Banka,27. Banka,159. Amarpur,Amarpur,,Amarpur_3,Unreserved (Mahila),Rajendra Yadav,Neelam Devi,Mohammad Anwarul Haque,8677903990.0,Minority,Muslim,60.0,ZP Runner up from Amarpur Got 6500 Votes,,Sangathan Dump,,,,,,,,,
Munger,Banka,27. Banka,159. Amarpur,Amarpur,,Amarpur_3,Unreserved (Mahila),Rajendra Yadav,Neelam Devi,Sangeeta Devi/ Chandramani Kumar Ray,9308484108.0,General ,Bhumihar,32.0,- 2021 Zp Contestant Got 4600 Votes.,,Runnerup ZP,,,,,,,,,
Munger,Banka,27. Banka,159. Amarpur,Amarpur,,Amarpur_3,Unreserved (Mahila),Rajendra Yadav,Neelam Devi,Anuj Mishra,6200648335.0,General ,Brahmin,42.0,"Incumbent- BDC 2021
Defacto of Alka Mishra",BSC Member,Sangathan Dump,,,,,,,,,
Munger,Banka,27. Banka,159. Amarpur,Amarpur,,Amarpur_3,Unreserved (Mahila),Rajendra Yadav,Neelam Devi,,,,,,,,,,,,,,,,,
Munger,Banka,27. Banka,159. Amarpur,Amarpur,,Amarpur_4,Unreserved (Mahila),Rajendra Yadav,Neelam Devi,"Kanchan Dubey/ 
Kailash Dubey",7992279993.0,SC,Chamar,41.0,"- 2021 ZP Contestant Secured 5424 Votes.
- 2016 ZP Winner 
- 2011 Mukhiya Winner",,Runnerup ZP,,,,,,,,,
Munger,Banka,27. Banka,159. Amarpur,Amarpur,,Amarpur_4,Unreserved (Mahila),Rajendra Yadav,Neelam Devi,Ushaa Devi/ Amit Anand ,"9934530101/
 7461967504",General ,Brahmin,40.0,"- 2021 ZP Contestant Secured 3782 Votes.
- 2016 Zp Contestant Got 5000 Votes.",,Runnerup ZP,,,,,,,,,
Munger,Banka,27. Banka,159. Amarpur,Amarpur,,Amarpur_4,Unreserved (Mahila),Rajendra Yadav,Neelam Devi,,,,,,,,,,,,,,,,,
Munger,Banka,27. Banka,159. Amarpur,Amarpur,,Amarpur_4,Unreserved (Mahila),Rajendra Yadav,Neelam Devi,,,,,,,,,,,,,,,,,
Munger,Banka,27. Banka,159. Amarpur,Amarpur,,Amarpur_4,Unreserved (Mahila),Rajendra Yadav,Neelam Devi,,,,,,,,,,,,,,,,,
Munger,Banka,27. Banka,159. Amarpur,Amarpur,,Amarpur_5,Unreserved (Mahila),Rajendra Yadav,Neelam Devi,Sujata Vaidya,9934227760.0,OBC,Kushwaha,54.0,"-Incumbent ZP (2021-), secured 9763 & won by 3972 votes
- Ex-Mukhiya(2001-11), Ex- Up Pramukh (2016-21)
- Ex-District Adhyaksh & Ex-State general secretary of women's wing of JDU -She was a lecturer of commerce at Loknath Mahavidyalaya - Her father-in-law, Late. Narayan Vaidhya was a prominent leader of CPI",महिला प्रकोष्ठ प्रभारी,Frontals,,,,,,,,,
Munger,Banka,27. Banka,159. Amarpur,Amarpur,,Amarpur_5,Unreserved (Mahila),Rajendra Yadav,Neelam Devi,Archana Kumari/ Ashish Chaudhry,8986431916/9162438901,OBC,Yadav,45.0,"- 2021 ZP Contestant Secured 5791 Votes.
- 2011 ZP Winner
- 2006 ZP Winner
",,Runnerup ZP,,,,,,,,,
Munger,Banka,27. Banka,159. Amarpur,Amarpur,,Amarpur_5,Unreserved (Mahila),Rajendra Yadav,Neelam Devi,Krishna Mohan Thakur,9955619304.0,EBC,Nai,55.0,"- contested MLA election in 2021 , Got 2000+ votes
- runner -up in BDC election 2016
- MRP at District level in Jeevika
- Organised several Protest at District level",EMC,,,,,,,,,,
Munger,Banka,27. Banka,159. Amarpur,Amarpur,,Amarpur_5,Unreserved (Mahila),Rajendra Yadav,Neelam Devi,Rakesh Kumar Rajak,8051752005/ 9060617515,SC,Dhobi,35.0,"- 2016 BDC  Winner
-  Very Active Member in JSP",Vidhan Sabha Chunav Prabandhan Samiti,"""Sangathan, Sangathan Dump""",,,,,,,,,
Munger,Banka,27. Banka,159. Amarpur,Amarpur,,Amarpur_5,Unreserved (Mahila),Rajendra Yadav,Neelam Devi,,,,,,,,,,,,,,,,,
Munger,Banka,27. Banka,160. Dhoraiya,Rajaun,,Rajaun_6,Unreserved (Mahila),Rajendra Yadav,Neelam Devi,Ramdulari Devi/Kali Chanran Yadav,9973367500.0,OBC,Yadav,48.0,"Two-Time Former ZP Member (2006 & 2016)
Secured 5,663 votes in the 2021 ZP election.",,Onboarded,,,,,,,,,
Munger,Banka,27. Banka,160. Dhoraiya,Rajaun,,Rajaun_6,Unreserved (Mahila),Rajendra Yadav,Neelam Devi,Gudiya Devi/ Vinod Singh,9934827792.0,General ,Rajput,39.0,"- 2021 ZP Runner Up Got 7301 Votes.
- 2016 ZP Runner Up",,Runnerup ZP,,,,,,,,,
Munger,Banka,27. Banka,160. Dhoraiya,Rajaun,,Rajaun_6,Unreserved (Mahila),Rajendra Yadav,Neelam Devi,,,,,,,,,,,,,,,,,
Munger,Banka,27. Banka,160. Dhoraiya,Rajaun,,Rajaun_6,Unreserved (Mahila),Rajendra Yadav,Neelam Devi,,,,,,,,,,,,,,,,,
Munger,Banka,27. Banka,160. Dhoraiya,Rajaun,,Rajaun_6,Unreserved (Mahila),Rajendra Yadav,Neelam Devi,,,,,,,,,,,,,,,,,
Munger,Banka,27. Banka,160. Dhoraiya,Rajaun,,Rajaun_7,SC (Other),Rajendra Yadav,Neelam Devi,,,,,,,,,,,,,,,,,
Munger,Banka,27. Banka,160. Dhoraiya,Rajaun,,Rajaun_7,SC (Other),Rajendra Yadav,Neelam Devi,Suman Paswan,9931263739.0,SC,Paswan,36.0,"-Incumbent ZP(2016 -present) -Block Pramukh (2006-2016)
-District Adhyaksh Of Sc Cell RJD (2021-Present)
-Farmer By profession",अम्बेडकर मंच अध्यक्ष,Frontals,,,,,,,,,
Munger,Banka,27. Banka,160. Dhoraiya,Rajaun,,Rajaun_7,SC (Other),Rajendra Yadav,Neelam Devi,Priya Ranjan Kumar,8298005771.0,SC,Chamar,27.0,"- 2021 ZP Contestant Secured 4065 Votes.
- Active in Politics.",,Runnerup ZP,,,,,,,,,
Munger,Banka,27. Banka,160. Dhoraiya,Rajaun,,Rajaun_7,SC (Other),Rajendra Yadav,Neelam Devi,Purushottam Kumar,7992217365.0,SC,Paswan,37.0,"-Incumbent sarpanch .
-  2021 ZP Contastant ",Prakhand Mahamantri,"""Sangathan, Sangathan Dump""",,,,,,,,,
Munger,Banka,27. Banka,160. Dhoraiya,Rajaun,,Rajaun_7,SC (Other),Rajendra Yadav,Neelam Devi,Bindasari Singh,6203028958.0,EBC,Dhanuk,72.0,"- Rtd. SI
- Former Adhyaksh Kisan Prakosth JDU",Vidhan Sabha Chunav Prabandhan Samiti,Chunav Prabandhan Samiti,,,,,,,,,
Munger,Banka,27. Banka,160. Dhoraiya,Rajaun,,Rajaun_8,Unreserved (Other),Rajendra Yadav,Neelam Devi,Kantalal Chaudhari,9939777017.0,EBC,Teli,68.0,- ZP Contasted Got 3256 Votes(2021),,Onboarded,,,,,,,,,
Munger,Banka,27. Banka,160. Dhoraiya,Rajaun,,Rajaun_8,Unreserved (Other),Rajendra Yadav,Neelam Devi,Ranavir Yadav,9939294582.0,OBC,Yadav,,"""Ranavir Yadav | Male | 57 | OBC | Yadav | Former Loksabha Contestant

-Former 2 Terms ZP Member(2006 to 2011 & 2016 to 2021)
-Former Loksabha Contesatnt Banka 2004, Samajwadi Party, Gor 26000 Votes
-Former Assembly Election Contestant, Banka Samajwadi Party , 2004 got 15500 Votes
-Former Vidhan Parishad Contestant, 2003 , Banka, Independent, got 500 votes
-Former PACS President,(2001 to 2006)
-Former BJP Panchayti Raj Zila Adhyaksh( 2013 to 2024)
-Former Samajwadi Party Zila Adhyaksh(2003 t0 2013)
-Jan Suraaj Zila Upadhyaksh""",,ACC,,,,,,,,,
Munger,Banka,27. Banka,160. Dhoraiya,Rajaun,,Rajaun_8,Unreserved (Other),Rajendra Yadav,Neelam Devi,Bablu Kumar Rao,7783808146.0,EBC,Teli,51.0,- Incumbent Sarpanch 4 Times.,Vidhan Sabha Chunav Prabandhan Samiti,"""Sangathan, Sangathan Dump""",,,,,,,,,
Munger,Banka,27. Banka,160. Dhoraiya,Rajaun,,Rajaun_8,Unreserved (Other),Rajendra Yadav,Neelam Devi,,,,,,,,,,,,,,,,,
Munger,Banka,27. Banka,160. Dhoraiya,Rajaun,,Rajaun_8,Unreserved (Other),Rajendra Yadav,Neelam Devi,,,,,,,,,,,,,,,,,
Munger,Banka,27. Banka,160. Dhoraiya,Dhuraiya,,Dhuraiya_9,Unreserved (Other),Rajendra Yadav,Neelam Devi,Bajid Khan,8210585609.0,Minority,Muslim,43.0,,,,,,,,,,,,
Munger,Banka,27. Banka,160. Dhoraiya,Dhuraiya,,Dhuraiya_9,Unreserved (Other),Rajendra Yadav,Neelam Devi,Vikramaditya,7061683247.0,OBC,Yadav,30.0,"- 2021 ZP Runner Up Got 5728 Votes.
- Active in Politics.",,Runnerup ZP,,,,,,,,,
Munger,Banka,27. Banka,160. Dhoraiya,Dhuraiya,,Dhuraiya_9,Unreserved (Other),Rajendra Yadav,Neelam Devi,Mithlesh Paswan/Santoshi Devi,7461852617.0,SC,Paswan,35.0,"2 times Mukhiya since 2016
Her Husband Mithlesh Paswan is in Govt Job on the post of Chaukidar",,Sangathan,,,,,,,,,
Munger,Banka,27. Banka,160. Dhoraiya,Dhuraiya,,Dhuraiya_9,Unreserved (Other),Rajendra Yadav,Neelam Devi,,,,,,,,,,,,,,,,,
Munger,Banka,27. Banka,160. Dhoraiya,Dhuraiya,,Dhuraiya_9,Unreserved (Other),Rajendra Yadav,Neelam Devi,,,,,,,,,,,,,,,,,
Munger,Banka,27. Banka,160. Dhoraiya,Dhuraiya,,Dhuraiya_10,Unreserved (Other),Rajendra Yadav,Neelam Devi,Baljeet Bittu,9431876010.0,General ,Rajput,38.0,"-Incumbent ZP(2021-Present)
-Ex- Up-Pramukh (2016-21), Ex-Ward(2011-16)
-Ex-Youth Block Adhyaksh of JDU
-Contractor by profession",संसदीय क्षेत्र चुनाव प्रभारी,Sangathan,,,,,,,,,
Munger,Banka,27. Banka,160. Dhoraiya,Dhuraiya,,Dhuraiya_10,Unreserved (Other),Rajendra Yadav,Neelam Devi,Kaushal Kumar,,EBC,Kahar,30.0,,,Recommendation Source Categories,,,,,,,,,
Munger,Banka,27. Banka,160. Dhoraiya,Dhuraiya,,Dhuraiya_10,Unreserved (Other),Rajendra Yadav,Neelam Devi,Gaurav Kumar,8360365719.0,OBC,Kurmi,33.0,"- Defacto incumbent Panchayat Samiti
His father was BDC till 2016",EMC,EMC,,,,,,,,,
Munger,Banka,27. Banka,160. Dhoraiya,Dhuraiya,,Dhuraiya_10,Unreserved (Other),Rajendra Yadav,Neelam Devi,Md Iqbal Hussain,6205425251.0,Minority,Muslim,52.0,"-3 times incumbent PACS (2009-present)
-2 times former BDC (2001-11)
-He is a farmer",DSC Member,"""Sangathan, Sangathan Dump""",,,,,,,,,
Munger,Banka,27. Banka,160. Dhoraiya,Dhuraiya,,Dhuraiya_10,Unreserved (Other),Rajendra Yadav,Neelam Devi,Mantu Paswan,7294874860.0,SC,Dusadh,48.0,"Incumbent Mukhiya ( 2021- present) 
- Prominent SC name in the Block",Vidhan Sabha Chunav Prabandhan Samiti,Chunav Prabandhan Samiti,,,,,,,,,
Munger,Banka,27. Banka,160. Dhoraiya,Dhuraiya,,Dhuraiya_11,Unreserved (Mahila),Rajendra Yadav,Neelam Devi,"Niharika Devi
/ Vishwanath Sah",7646023892.0,EBC,Teli,37.0,"- JS DSC Members(2020 to 2024)
- ZP Contasted  Got 4500 Votes(2021)
- Former Sarpanch(2006 to 2011)
- Former Ward Sadas(2006 to 2011)
",,Onboarded,,,,,,,,,
Munger,Banka,27. Banka,160. Dhoraiya,Dhuraiya,,Dhuraiya_11,Unreserved (Mahila),Rajendra Yadav,Neelam Devi,Dukhani Khatun/Tabrez Ansari,7989286159.0,Minority,Muslim,53.0,"- ZP Runner Up Got 8235 Votes(2021)
- Former ZP Contestant Got 4900 Votes(2016)",,Onboarded,,,,,,,,,
Munger,Banka,27. Banka,160. Dhoraiya,Dhuraiya,,Dhuraiya_11,Unreserved (Mahila),Rajendra Yadav,Neelam Devi,,,,,,,,,,,,,,,,,
Munger,Banka,27. Banka,160. Dhoraiya,Dhuraiya,,Dhuraiya_11,Unreserved (Mahila),Rajendra Yadav,Neelam Devi,,,,,,,,,,,,,,,,,
Munger,Banka,27. Banka,160. Dhoraiya,Dhuraiya,,Dhuraiya_11,Unreserved (Mahila),Rajendra Yadav,Neelam Devi,,,,,,,,,,,,,,,,,
Munger,Banka,27. Banka,161. Banka,Barahat,,Barahat_12,Unreserved (Other),Rajendra Yadav,Neelam Devi,,,,,,,,,,,,,,,,,
Munger,Banka,27. Banka,161. Banka,Barahat,,Barahat_12,Unreserved (Other),Rajendra Yadav,Neelam Devi,Avinash Yadav,9431839668.0,OBC,Yadav,55.0,"""- Ex-ZP of Barahat (2001)
-ZP Contestent (2006) got 6552 vote
-MLA Contestent (2005) got 5812 vote by LJP Party""",ओबीसी प्रकोष्ठ अध्यक्ष,Frontals,,,,,,,,,
Munger,Banka,27. Banka,161. Banka,Barahat,,Barahat_12,Unreserved (Other),Rajendra Yadav,Neelam Devi,Mohammad Haseem,8084263324.0,Minority,Muslim,58.0,"- 2021 ZP Contestant Got 4500 Votes.
",,Onboarded,,,,,,,,,
Munger,Banka,27. Banka,161. Banka,Barahat,,Barahat_12,Unreserved (Other),Rajendra Yadav,Neelam Devi,Mithlesh Choudhary,8002846621.0,OBC,Kalwar,48.0,"Ex Sarpanch of sandiya North 2006-2011
Mukhiya runner-up-2011
Mukhiya Runner-up2016",Vidhan Sabha Chunav Prabandhan Samiti,Sangathan Dump,,,,,,,,,
Munger,Banka,27. Banka,161. Banka,Barahat,,Barahat_12,Unreserved (Other),Rajendra Yadav,Neelam Devi,Md Mukhtra Ansari,7352878352.0,Minority,Muslim,42.0,"3 time Incubent Ward Memder 2011-Present
Ward sangh Adhyaksh 2016-Present",BSC Member,"""Sangathan, Sangathan Dump""","Barahat Block me JSP Ke liye Starting se 
Active hokar kam kiya hai",,,,,,,,
Munger,Banka,27. Banka,161. Banka,Barahat,,Barahat_13,Unreserved (Other),Rajendra Yadav,Neelam Devi,Vijay Kishore Singh,6202606363.0,General ,Rajput,52.0,"-Former ZP (2016-21)
-2 times Former Mukhiya(2006-16)
-ZP runner-up 2021, Mukhiya runner-up 2001
-Former District Vice-Adhyaksh, BJP (2006-16)
-He is a real estate businessmen",DSS,Sangathan,,,,,,,,,
Munger,Banka,27. Banka,161. Banka,Barahat,,Barahat_13,Unreserved (Other),Rajendra Yadav,Neelam Devi,Pravan kumar jha,9142398328.0,General ,Brahmin,56.0,"He is Runner Up ZP in 2016
Also Contested Mukhiya Election in 2021",BSC,Sangathan Dump,,,,,,,,,
Munger,Banka,27. Banka,161. Banka,Barahat,,Barahat_13,Unreserved (Other),Rajendra Yadav,Neelam Devi,,,,,,,,,,,,,,,,,
Munger,Banka,27. Banka,161. Banka,Barahat,,Barahat_13,Unreserved (Other),Rajendra Yadav,Neelam Devi,,,,,,,,,,,,,,,,,
Munger,Banka,27. Banka,161. Banka,Barahat,,Barahat_13,Unreserved (Other),Rajendra Yadav,Neelam Devi,,,,,,,,,,,,,,,,,
Munger,Banka,27. Banka,161. Banka,Banka,,Banka_14,Unreserved (Mahila),Rajendra Yadav,Neelam Devi,Jitendra Shah,9570789711.0,EBC,Kanu,46.0,- BDC Runner-up of Teliya Panchayat (2021) got 1045 votes,राज्य सलाहकार,Sangathan,,,,,,,,,
Munger,Banka,27. Banka,161. Banka,Banka,,Banka_14,Unreserved (Mahila),Rajendra Yadav,Neelam Devi,Deep Narayan Manad,8092057552.0,OBC ,Kushwaha,60.0,"Ex BDC Of Samukhiya Panchayat
ZP Runner-up",,Sangathan Dump,,,,,,,,,
Munger,Banka,27. Banka,161. Banka,Banka,,Banka_14,Unreserved (Mahila),Rajendra Yadav,Neelam Devi,Dilip Sah,8292404024.0,EBC,Kanu,46.0,"-2 times incumbent BDC (2016-present)
-He is a busnessmen",Vidhan Sabha Chunav Prabandhan Samiti,Sangathan Dump,,,,,,,,,
Munger,Banka,27. Banka,161. Banka,Banka,,Banka_14,Unreserved (Mahila),Rajendra Yadav,Neelam Devi,,,,,,,,,,,,,,,,,
Munger,Banka,27. Banka,161. Banka,Banka,,Banka_14,Unreserved (Mahila),Rajendra Yadav,Neelam Devi,,,,,,,,,,,,,,,,,
Munger,Banka,27. Banka,161. Banka,Banka,,Banka_15,Backward Class (Others),Rajendra Yadav,Neelam Devi,Pawan Laiya,9546978242.0,SC,Laiya,37.0,- ZP Contestant Got 3800 Votes(2021),,Onboarded,,,,,,,,,
Munger,Banka,27. Banka,161. Banka,Banka,,Banka_15,Backward Class (Others),Rajendra Yadav,Neelam Devi,Nageshwar Thakur,6206096484.0,EBC,Nai,43.0,- ZP Contestant Got 3000 Votes(2021),,Onboarded,,,,,,,,,
Munger,Banka,27. Banka,161. Banka,Banka,,Banka_15,Backward Class (Others),Rajendra Yadav,Neelam Devi,Janardan Das,7091081984.0,SC,Chamar,48.0,"- Incumbent BDC of Kakwada Panchayat (2021)
- Ex. Mukhiya Defacto of Parvati Devi (2006-2011)",Prakhand Upadyaksh,Sangathan Dump,,,,,,,,,
Munger,Banka,27. Banka,161. Banka,Banka,,Banka_15,Backward Class (Others),Rajendra Yadav,Neelam Devi,,,,,,,,,,,,,,,,,
Munger,Banka,27. Banka,161. Banka,Banka,,Banka_15,Backward Class (Others),Rajendra Yadav,Neelam Devi,,,,,,,,,,,,,,,,,
Munger,Banka,27. Banka,163. Belhar,Fullidumar,,Fullidumar_16,Unreserved (Other),Rajendra Yadav,Neelam Devi,Sanjay Mandal,8809531050.0,,,,"- 2021 ZP Contestant Secured 3240 Votes.
- 2016 ZP Contestant Got 4000 Votes.",,Runnerup ZP,,,,,,,,,
Munger,Banka,27. Banka,163. Belhar,Fullidumar,,Fullidumar_16,Unreserved (Other),Rajendra Yadav,Neelam Devi,Vinod Yadav,9304965377.0,OBC,Yadav,40.0,"Vinod yadav | 40 | Male | OBC |Yadav  

- Incumbent sarpanch sangh President Phullidumar (2021-Present)
- Incumbent sarpanch (2016- Present)
- Farmer By Profession",Ex. Zila Kisan Adhyaksh,Sangathan Dump,,,,,,,,,
Munger,Banka,27. Banka,163. Belhar,Fullidumar,,Fullidumar_16,Unreserved (Other),Rajendra Yadav,Neelam Devi,,,,,,,,,,,,,,,,,
Munger,Banka,27. Banka,163. Belhar,Fullidumar,,Fullidumar_16,Unreserved (Other),Rajendra Yadav,Neelam Devi,,,,,,,,,,,,,,,,,
Munger,Banka,27. Banka,163. Belhar,Fullidumar,,Fullidumar_16,Unreserved (Other),Rajendra Yadav,Neelam Devi,,,,,,,,,,,,,,,,,
Munger,Banka,27. Banka,163. Belhar,Fullidumar,,Fullidumar_17,Unreserved (Other),Rajendra Yadav,Neelam Devi,Vikram Bihari,9931440164.0,OBC,Yadav,53.0,"Up-Mukhiya (2001)
General Secretary of HMAI, Bhagalpur Pramandal
LMHI Lifetime Member
Contested the Zila Parishad elections in 2011 and 2021
Secured 2,276 votes in the 2021 ZP election and finished in 4th position.",,Onboarded,,,,,,,,,
Munger,Banka,27. Banka,163. Belhar,Fullidumar,,Fullidumar_17,Unreserved (Other),Rajendra Yadav,Neelam Devi,Subodh Pandey,6203578861.0,General ,Brahmin,48.0,"- 2021 ZP Contestant Secured 1225 Votes. 
- Active in Politics. 
- Social Worker",,Runnerup ZP,,,,,,,,,
Munger,Banka,27. Banka,163. Belhar,Fullidumar,,Fullidumar_17,Unreserved (Other),Rajendra Yadav,Neelam Devi,Abhinav Yadav,8002022173.0,OBC,Yadav,40.0,"Incumbent Sarpanch 
Defecto BDC (2016-2021)
Jila Sachiv INC Party - (2018-2022)",Vidhan Sabha Chunav Prabandhan Samiti,Sangathan Dump,,,,,,,,,
Munger,Banka,27. Banka,163. Belhar,Fullidumar,,Fullidumar_17,Unreserved (Other),Rajendra Yadav,Neelam Devi,,,,,,,,,,,,,,,,,
Munger,Banka,27. Banka,163. Belhar,Fullidumar,,Fullidumar_17,Unreserved (Other),Rajendra Yadav,Neelam Devi,,,,,,,,,,,,,,,,,
Munger,Banka,27. Banka,163. Belhar,Belhar,,Belhar_18,Backward Class (Others),Rajendra Yadav,Neelam Devi,Dashrath Thakur,9102363321.0,EBC,Nai,66.0,"Dashrath Thakur | Male | 66 | EBC | Nai

- Retired Govt. Teacher
- Agriculturalist
- Social Worker
- Long term associate with left politics and intellectual",जिला महामंत्री,Sangathan,,,,,,,,,
Munger,Banka,27. Banka,163. Belhar,Belhar,,Belhar_18,Backward Class (Others),Rajendra Yadav,Neelam Devi,Kumar Abhinay Singh,9431316094.0,General ,Rajput,37.0,"Kumar Abhinay Singh | Male | 37 | General | Rajput | PACS Contestant

-Former PACS Contestant, 2024, Runner Up, 2024
-Former Student Union  President , BPUT, Odisha, 2008 To 2009
-Managing Director of DAN Group",ACC,Sangathan,,,,,,,,,
Munger,Banka,27. Banka,163. Belhar,Belhar,,Belhar_18,Backward Class (Others),Rajendra Yadav,Neelam Devi,Surendra Pandit,9955930093.0,EBC,Kumhar,68.0,"First-time ZP election contestant in 2021
Secured 7,600 votes and finished in 2nd position.
Retired Government High School Teacher.",,Onboarded,,,,,,,,,
Munger,Banka,27. Banka,163. Belhar,Belhar,,Belhar_18,Backward Class (Others),Rajendra Yadav,Neelam Devi,Manoj Singh,9801857676.0,General ,Rajput,55.0,"Manoj Singh | 55 | Male | General | Rajput

-Block President Belhar Jan Suraaj Party.        
- Incumbent PACS President of Raghunathpur Panchayat 2014,2019,2024.
- 2 times Ex-BDC 2006,2011.
- Founder of  M Point Education Mission Banka.
- Prominent Farmer ",Sangathan Zila Kisan Adhyaksh,Sangathan Dump,,,,,,,,,
Munger,Banka,27. Banka,163. Belhar,Belhar,,Belhar_18,Backward Class (Others),Rajendra Yadav,Neelam Devi,,,,,,,,,,,,,,,,,
Munger,Banka,27. Banka,163. Belhar,Belhar,,Belhar_19,Unreserved (Other),Rajendra Yadav,Neelam Devi,Dinbandhu Singh,9430011398.0,General ,Rajput,45.0,"Deenbandhu Singh|45|Male|General|Rajput

- Fomer BJP Mahanatri Banka
- Former BJP Zila Yuva Morcha Adhyaksh
- Former Zila Chunav Prabhri JSP
- Financially strong",अध्यक्ष,Sangathan,,,,,,,,,
Munger,Banka,27. Banka,163. Belhar,Belhar,,Belhar_19,Unreserved (Other),Rajendra Yadav,Neelam Devi,Indradev Yadav,9199484447.0,OBC,Yadav,63.0,"-Zp Contestant (5968 votes)
-Ex Teacher Adivasi High School Gora",DSC Member,Sangathan,,,,,,,,,
Munger,Banka,27. Banka,163. Belhar,Belhar,,Belhar_19,Unreserved (Other),Rajendra Yadav,Neelam Devi,Gauri Shankar Yadav,7260823008.0,OBC,Yadav,40.0,"-Zp Contestant(2016)
-He has farming for living.",BSC Member,"""Onboarded, Sangathan Dump""",,,,,,,,,
Munger,Banka,27. Banka,163. Belhar,Belhar,,Belhar_19,Unreserved (Other),Rajendra Yadav,Neelam Devi,,,,,,,,,,,,,,,,,
Munger,Banka,27. Banka,163. Belhar,Belhar,,Belhar_19,Unreserved (Other),Rajendra Yadav,Neelam Devi,,,,,,,,,,,,,,,,,
Munger,Banka,27. Banka,163. Belhar,Chandan,,Chandan_20,Unreserved (Mahila),Rajendra Yadav,Neelam Devi,Jarina Khatun/ Kamruddin,7542811772.0,Minority,Muslim,52.0,- ZP 2021 Contested Secured 6893 Votes Got 3rd Rank,,Runnerup ZP,,,,,,,,,
Munger,Banka,27. Banka,163. Belhar,Chandan,,Chandan_20,Unreserved (Mahila),Rajendra Yadav,Neelam Devi,Shaanti Devi/ Bechu Yadav,9801647386.0,OBC,Yadav,50.0,"- ZP 2021 Contested Secured 6384 Votes Got 3rd Rank
- 2016 ZP Runner Up",,Runnerup ZP,,,,,,,,,
Munger,Banka,27. Banka,163. Belhar,Chandan,,Chandan_20,Unreserved (Mahila),Rajendra Yadav,Neelam Devi,,,,,,,,,,,,,,,,,
Munger,Banka,27. Banka,163. Belhar,Chandan,,Chandan_20,Unreserved (Mahila),Rajendra Yadav,Neelam Devi,,,,,,,,,,,,,,,,,
Munger,Banka,27. Banka,163. Belhar,Chandan,,Chandan_20,Unreserved (Mahila),Rajendra Yadav,Neelam Devi,,,,,,,,,,,,,,,,,
Munger,Banka,27. Banka,163. Belhar,Chandan,,Chandan_21,SC (Mahila),Rajendra Yadav,Neelam Devi,Uma Shankar Rajak,9931039487.0,EBC,Dhobi,48.0,"""""""Uma Shankar Rajak | 48 | Dhobi 

- 2 times former  ZP (2006-16) & -2nd time incumbent Mukhiya (2016-Present)
-Incumbent Mukhiya Sangh Adhyaksh(2021-Present)
-District President Of Rajak Mahasangh, Bhagalpur.
-2 times ZP in 2006 & 2011
- Stronghold among SC community.""""        9931039487""",EMC,EMC,,,,,,,,,
Munger,Banka,27. Banka,163. Belhar,Chandan,,Chandan_21,SC (Mahila),Rajendra Yadav,Neelam Devi,Urmila Devi/Manohar Das,9955869031.0,SC,Chamar,35.0,"-Runner up ZP in 2021got total Votes 5196
-Also Mukhiya Contested in 2016
-Prakhand Adhyaksh Jeevika CM ",Prakhand Mahila Adyaksh,Sangathan,,,,,,,,,
Munger,Banka,27. Banka,163. Belhar,Chandan,,Chandan_21,SC (Mahila),Rajendra Yadav,Neelam Devi,Sarita Kumari/Govinda Das,9905660531.0,SC,Dusadh,28.0,"Daughter-in-law contested the 2021 ZP election, secured 6,893 votes and finished in 2nd position
Contested the Mukhiya election in 2011
Wife contested the ZP election in 2016
Owner of an oil mill.",,Onboarded,,,,,,,,,
Munger,Banka,27. Banka,163. Belhar,Chandan,,Chandan_21,SC (Mahila),Rajendra Yadav,Neelam Devi,Ajhola Devi/Anand Shankar,6201812101.0,SC,Chamar,30.0,1st Time Contested In ZP Election 2021 Secured 3500 Votes.,,Onboarded,,,,,,,,,
Munger,Banka,27. Banka,163. Belhar,Chandan,,Chandan_21,SC (Mahila),Rajendra Yadav,Neelam Devi,"Jhaamaavati Devi/
Bhola Turi",6207218331.0,SC,Chamar,49.0,"He is ZP Contested in (2021 and 2016)
Aslo Served as BDC in 2011",,"""Sangathan, Sangathan Dump""",,,,,,,,,
Munger,Banka,27. Banka,162. Katoria,Katoria,,Katoria_22,Backward Class (Mahila),Rajendra Yadav,Neelam Devi,Shabnam Khatun/Gulam Sarwar,9162311674.0,Minority,Muslim,39.0,"Contested the first ZP election in 2021 and secured 4,100 votes
Family business includes construction contracting and agriculture.",,Onboarded,,,,,,,,,
Munger,Banka,27. Banka,162. Katoria,Katoria,,Katoria_22,Backward Class (Mahila),Rajendra Yadav,Neelam Devi,Uchit  Yadav,9566788901.0,OBC ,Yadav,42.0,"- Former BJP Distric Exective Committee Member
- Former Prakhand Leader RJD
- Businessman By Profession",,EMC,,,,,,,,,
Munger,Banka,27. Banka,162. Katoria,Katoria,,Katoria_22,Backward Class (Mahila),Rajendra Yadav,Neelam Devi,Vasudev Pandit,8051960065.0,EBC,Kumhar,56.0,"2022- present: Ward Parshad
 2016-2021: Defacto Mukhiya from erstwhile Kathaun GP
 2011-2016 Pramukh (both de facto, and then incumbent)
 2011-2016: BDC from erstwhile Kathaun GP
 2006-2011 BDC from Kathaun GP",राज्य सलाहकार,Sangathan,,,,,,,,,
Munger,Banka,27. Banka,162. Katoria,Katoria,,Katoria_22,Backward Class (Mahila),Rajendra Yadav,Neelam Devi,Naresh Das,7250699662.0,SC,Chamar,60.0,"""-ZP contestantin 2006 from Katoria (got 9000 votes).
-MLA contestant from katoria in 2000 (got 16,000 votes).
-One of the prominent SC name from the block.""",Zila Sachiv,"""Sangathan, Sangathan Dump""",,,,,,,,,
Munger,Banka,27. Banka,162. Katoria,Katoria,,Katoria_22,Backward Class (Mahila),Rajendra Yadav,Neelam Devi,Suchit Kr Yadav,7258802226.0,OBC ,Yadav,42.0,"2021- present: BDC defacto
2016-2021: BDC Contestant (got 1092 votes)
2011-2016: BDC Contestant (got 750 votes)
2006-2011: BDC Contestant ( got 895 votes)",BSC Member,"""Sangathan, Sangathan Dump""",,,,,,,,,
Munger,Banka,27. Banka,162. Katoria,Katoria,,Katoria_23,Backward Class (Mahila),Rajendra Yadav,Neelam Devi,Pramod Kumar Tanti,8210396512.0,EBC,Tanti,39.0,"2021- present: Sarpanch
2016-2021: Sarpanch
2011-2016: Ward Member
2006-2011: Ward Member
2001-2006: Ward Member",BSC Member,"""Sangathan, Sangathan Dump""",,,,,,,,,
Munger,Banka,27. Banka,162. Katoria,Katoria,,Katoria_23,Backward Class (Mahila),Rajendra Yadav,Neelam Devi,Gayatri Devi/Surender Ram,9430113109.0,EBC,39.0,48.0,"Defacto Zila Parishad Member in 2021, 
Daughter-in-law elected as BDC in 2021
Defacto BDC (2006–2011)
Family owns 2 JCBs, 2 tractors, 40 bighas of agricultural land, and shops in Deoghar.",,Onboarded,,,,,,,,,
Munger,Banka,27. Banka,162. Katoria,Katoria,,Katoria_23,Backward Class (Mahila),Rajendra Yadav,Neelam Devi,Kiran Devi/ Chandan Kumar,9973076976.0,EBC,Teli,35.0,- 2021 ZP Contestant Secured 8651 Votes. Got 3rd Position,,Runnerup ZP,,,,,,,,,
Munger,Banka,27. Banka,162. Katoria,Katoria,,Katoria_23,Backward Class (Mahila),Rajendra Yadav,Neelam Devi,Sarita Devi/ Binod Sharma ,9204001813.0,EBC,Badai,60.0,- 2021 ZP Contestant Secured 5172 Votes. Got 5th  Position,,Runnerup ZP,,,,,,,,,
Munger,Banka,27. Banka,162. Katoria,Katoria,,Katoria_23,Backward Class (Mahila),Rajendra Yadav,Neelam Devi,Manoranjan Yadav,6207064620.0,OBC,Yadav,29.0,"Businessman(Dealer)
Contestant of Panchayat Election (Mukhiya) on 2021
(2nd Runner-up)
He was a Yuva Prakhand Adhyaksha in RJD (2015-2020)",,EMC,,,,,,,,,
Munger,Banka,27. Banka,162. Katoria,Bausi,,Bausi_24,Unreserved (Mahila),Rajendra Yadav,Neelam Devi,Manisha Kumari/ Ranjan Yadav,8825316359.0,OBC,Yadav,39.0,"- ZP 2021 Contestant Secured 5655 Votes.
- ZP 2016 Election Got 5700 Votes.",,ZP Contestant,,,,,,,,,
Munger,Banka,27. Banka,162. Katoria,Bausi,,Bausi_24,Unreserved (Mahila),Rajendra Yadav,Neelam Devi,Najrana Praveen,7485071987/7903471791,Minority,Muslim,38.0,"-Former ZP(2006-11)
-ZP runner-up 2011, 2016 & in 2021 secured 8117 votes
-One of the most prominent females in the Banka district
-She is farmer by profession",DSC Member,"""Sangathan, Sangathan Dump""",Ladne ke liye ready hai.,,,,,,,,
Munger,Banka,27. Banka,162. Katoria,Bausi,,Bausi_24,Unreserved (Mahila),Rajendra Yadav,Neelam Devi,Md Farukhuddin,8294027755.0,Minority,Muslim,37.0,Incumbent BDC from Kairi Panchayat,BSC Member,"""Sangathan, Sangathan Dump""",,,,,,,,,
Munger,Banka,27. Banka,162. Katoria,Bausi,,Bausi_24,Unreserved (Mahila),Rajendra Yadav,Neelam Devi,,,,,,,,,,,,,,,,,
Munger,Banka,27. Banka,162. Katoria,Bausi,,Bausi_24,Unreserved (Mahila),Rajendra Yadav,Neelam Devi,,,,,,,,,,,,,,,,,
Munger,Banka,27. Banka,162. Katoria,Bausi,,Bausi_25,ST (Other),Rajendra Yadav,Neelam Devi,Prem Shankar Sharma,8210836636.0,EBC,Badai,48.0,"- 2021 ZP Contestant Secured 4616 Votes.
- 2016 Mukhiya Runner Up",,Runnerup ZP,,,,,,,,,
Munger,Banka,27. Banka,162. Katoria,Bausi,,Bausi_25,ST (Other),Rajendra Yadav,Neelam Devi,Ganesh Murmu,9771874748.0,ST,Kharwar,48.0,"- 2021 ZP Runner Up Got 6585 Votes.
- 2016 ZP Winner ",,Runnerup ZP,,,,,,,,,
Munger,Banka,27. Banka,162. Katoria,Bausi,,Bausi_25,ST (Other),Rajendra Yadav,Neelam Devi,,,,,,,,,,,,,,,,,
Munger,Banka,27. Banka,162. Katoria,Bausi,,Bausi_25,ST (Other),Rajendra Yadav,Neelam Devi,,,,,,,,,,,,,,,,,
Munger,Banka,27. Banka,162. Katoria,Bausi,,Bausi_25,ST (Other),Rajendra Yadav,Neelam Devi,,,,,,,,,,,,,,,,,
Munger,Jamui,40. Jamui (SC),241. Jamui,Barhat,,Barhat_1,SC (Mahila),Dulari Devi,,Kumari Guinya,8340445018.0,SC,Dusad,34.0,"- Incumbent ZP(2021)
- JSP Sansthapak sadas
- Former LJPR Block ZIla Sachiv",Member,Onboarded,,,,,,,,,
Munger,Jamui,40. Jamui (SC),241. Jamui,Barhat,,Barhat_1,SC (Mahila),Dulari Devi,,Tinku Kumar Paswan,8809614638.0,Sc,Dusad,40.0,"""Tinku Kumar Paswan | Male | 40 | SC |Paswan | Mukhiya 

-Incumbent Mukhiya(2021 To Till Date)
-Incumbnet Mukhiya Sangh Adhyaksh(2021 To Till Date)
-Former LJP Prakhand Adhyaksh(2014 2019)
-Jan Suraaj Yuva Zila Adhyaksh""",Acc,ACC,,,,,,,,,
Munger,Jamui,40. Jamui (SC),241. Jamui,Barhat,,Barhat_1,SC (Mahila),Dulari Devi,,Jai Sekhar Manjhi,6299085523.0,Sc,Manjhi,65.0,"Jai Sekhar Manjhi | 65 | SC | Manjhi

- ZP Runner-up (2021)
- ZP Runner-up (2016) – secured 8,398 votes
- President, Musahar Seva Sangh (2014–Present)
- Works for the Musahar community, particularly in education
- Organises medical camps for the community
- Well-known and respected within the Musahar community",Zila Sachiv,Sangathan,,,,,,,,,
Munger,Jamui,40. Jamui (SC),241. Jamui,Barhat,,Barhat_1,SC (Mahila),Dulari Devi,,,,,,,,,,,,,,,,,,
Munger,Jamui,40. Jamui (SC),241. Jamui,Barhat,,Barhat_1,SC (Mahila),Dulari Devi,,,,,,,,,,,,,,,,,,
Munger,Jamui,40. Jamui (SC),242. Jhajha,Laxmipur,,Laxmipur_2,SC (Mahila),Dulari Devi,,Anandi Yadav,7033200921.0,OBC,Yadav,60.0,"ZP Runner Up (2016)
incumnbent Jila Adhyakash Obc Prakosth Jan suraj
Associated with jan suraj since 2022
- Communist Party SUCI (1990 - 2000)
- Janadhikar Party (2001 - 2006 
A Respected farmer", Jila Adhyakash Obc Prakosth Jan suraj,Onboarded,,,,,,,,,
Munger,Jamui,40. Jamui (SC),242. Jhajha,Laxmipur,,Laxmipur_2,SC (Mahila),Dulari Devi,,Parmeshwar Sah,9661417009.0,Ebc,Teli,52.0,"Parmeshwar Sah | 52 | EBC | Teli
Mukhiya Runner-up (2016, 2021)
Panchayat Samiti Runner-up (2005)
Associated with Jan Suraj
Currently Jila Adhyaksh, Karpoori Manch, Jan Suraj
Former BJP Jila Upadhyaksh",कर्पूरी मंच अध्यक्ष,Sangathan,,,,,,,,,
Munger,Jamui,40. Jamui (SC),242. Jhajha,Laxmipur,,Laxmipur_2,SC (Mahila),Dulari Devi,,Bhudev Rajak,9162748170.0,Sc,Rajak,60.0,"Bhudev Rajak | 60 | SC | Rajak
ZP Runner-up (2021) – Secured 7,256 votes
Sarpanch Runner-up (2011)
Former CPI Mandal Adhyaksh (2015–2018)
Former CPI Member (2005–2015)
Currently associated with Jan Suraj",Member,ACC,,,,,,,,,
Munger,Jamui,40. Jamui (SC),242. Jhajha,Laxmipur,,Laxmipur_2,SC (Mahila),Dulari Devi,,,,,,,,,,,,,,,,,,
Munger,Jamui,40. Jamui (SC),242. Jhajha,Laxmipur,,Laxmipur_2,SC (Mahila),Dulari Devi,,,,,,,,,,,,,,,,,,
Munger,Jamui,40. Jamui (SC),242. Jhajha,Gidhor,,Gidhor_3,Unreserved (Mahila),Dulari Devi,,,,,,,,,,,,,,,,,,
Munger,Jamui,40. Jamui (SC),242. Jhajha,Gidhor,,Gidhor_3,Unreserved (Mahila),Dulari Devi,,Yogendra paswan,8340654084.0,Sc,Doosad,55.0,"Yogendra Paswan | 55 | SC | Doosad

- Former ZP Chairman (2006–2011)
- ZP Runner-up (2011)
- Defacto ZP Runner-up (2016)
- Contested Lok Sabha Election (2015)
- Contested Jhajha Assembly Election (2020)
- Associated with Jan Suraj since 2024
- Former LJP District Vice President (2020–2024)
- Former JDU District SC Wing Vice President (2014–2018)",Vidhan Sabha Chunav Prabandhan Samiti,Sangathan,,,,,,,,,
Munger,Jamui,40. Jamui (SC),242. Jhajha,Gidhor,,Gidhor_3,Unreserved (Mahila),Dulari Devi,,Anita Devi/Lalan Singh,9798607507.0,EBC,Kahar,42.0,"Lalan Singh / Anita Devi | 49 | EBC | Chandravanshi
Incumbent Zila Parishad Member (2021–Present)
Former Mukhiya (2011–2016)
Former Ward Member (2006)
Former Zila Adhyaksh, Ati Pichhra Cell (LJP)
Currently associated with LJP",,Onboarded,Want to meet pk,,,,,,,,
Munger,Jamui,40. Jamui (SC),242. Jhajha,Gidhor,,Gidhor_3,Unreserved (Mahila),Dulari Devi,,Neelam Mehta,7870809404.0,Ebc,Kurmi,58.0,"""Neelam Mehta | 58 | Female | EBC | Kurmi

- BJP Zila Upadhyaksh Women cell (2016-2022)
- JD(U) Block Vice President (2013 - 2015) 
- Mukhiya Runner Up 2021 (1013 Votes)
- Former Sarpanch (2016-2021)""",महिला अध्यक्ष,Sangathan,,,,,,,,,
Munger,Jamui,40. Jamui (SC),242. Jhajha,Gidhor,,Gidhor_3,Unreserved (Mahila),Dulari Devi,,,,,,,,,,,,,,,,,,
Munger,Jamui,40. Jamui (SC),241. Jamui,Jamui,,Jamui_4,Unreserved (Other),Dulari Devi,,Anil Prasad Sah,9234317804.0,EBC,Teli,50.0,"""Jan Suraaj Party Candidate from Jamui Assembly Constituency
- Incumbent Zila Parishad 2021
-Former 2 Consecutive Terms Ward Councilor(2007 to 2017)
-Former 2 Consecutive Terms Up Mukhya Parishad (2007 to 2017)
-Pradesh Karyakarini Sadasya, Jansuraj, 
-President of Jal Vayu Samarth Pramandal Committee, Jamui, 
-Owner of an authorized Bajaj Bike Dealership""""""","Pradesh Karyakarini Sadasya, Jansuraj",Onboarded,,,,,,,,,
Munger,Jamui,40. Jamui (SC),241. Jamui,Jamui,,Jamui_4,Unreserved (Other),Dulari Devi,,,,,,,,,,,,,,,,,,
Munger,Jamui,40. Jamui (SC),241. Jamui,Jamui,,Jamui_4,Unreserved (Other),Dulari Devi,,,,,,,,,,,,,,,,,,
Munger,Jamui,40. Jamui (SC),241. Jamui,Jamui,,Jamui_4,Unreserved (Other),Dulari Devi,,,,,,,,,,,,,,,,,,
Munger,Jamui,40. Jamui (SC),241. Jamui,Jamui,,Jamui_4,Unreserved (Other),Dulari Devi,,,,,,,,,,,,,,,,,,
Munger,Jamui,40. Jamui (SC),241. Jamui,Jamui,,Jamui_5,Backward Class (Others),Dulari Devi,,Pradeep Kumar Niranjan,7992454978.0,Ebc,Chandravanshi,32.0,"Pradeep Kumar Niranjan | Male | 32 | EBC | Chandravanshi

- Contested 2021 ZP Election; secured 3,200 votes
- Runs a coaching centre with approximately 800 students
- Associated with Jan Suraj since 2020",Vidhan Sabha Chunav Prabandhan Samiti,Chunav Prabandhan Samiti,,,,,,,,,
Munger,Jamui,40. Jamui (SC),241. Jamui,Jamui,,Jamui_5,Backward Class (Others),Dulari Devi,,Devi Rita,7739645310.0,Ebc,Koiri,45.0,"Devi Anita | 45 | EBC | Koiri

- Incumbent Zila Parishad member, elected in 2021
- Former Mukhiya, served for 10 years (2011–2021)
- Current Jila Upadhyaksh, JD(U)
- Jila Sah-Samiti Jila Adhyaksh, JD(U)
- Profession: Hardware wholesale business",,Incumbent ZP,He willl left jdu if he contest ,,,,,,,,
Munger,Jamui,40. Jamui (SC),241. Jamui,Jamui,,Jamui_5,Backward Class (Others),Dulari Devi,,,,,,,,,,,,,,,,,,
Munger,Jamui,40. Jamui (SC),241. Jamui,Jamui,,Jamui_5,Backward Class (Others),Dulari Devi,,,,,,,,,,,,,,,,,,
Munger,Jamui,40. Jamui (SC),241. Jamui,Jamui,,Jamui_5,Backward Class (Others),Dulari Devi,,,,,,,,,,,,,,,,,,
Munger,Jamui,40. Jamui (SC),240. Sikandra,Sikandra,,Sikandra_6,Unreserved (Other),Dulari Devi,,Pradeep Kumar Choudhary,9199998911.0,Sc,Pasi,59.0,"""Pradeep Kumar Choudhary | Male | 59 | SC | Pasi | Former Ward Parishad

-Former Ward Member(2001 to 2006)
Former ZP Contestant(2016)
-Incumbent Defacto(wife) Ward Councilor(2022 Till Date)
-Incumbent Defacto Panchayat Samiti(2011 to 2016)
-Incumbent Defacto Block Pramukh(2011 to 2016)
-Former CPI Member(2022 to 2026)
-Incumbent Vice President of Pasi Samaj Jamui(2022 to Till Date)""",Js Member,ACC,,,,,,,,,
Munger,Jamui,40. Jamui (SC),240. Sikandra,Sikandra,,Sikandra_6,Unreserved (Other),Dulari Devi,,Sinh Ranjan Kumar,9709549532.0,General ,Rajput,40.0,"Ranjan Kumar Singh | 40 | Gen | Rajput

- Zila Parishad (ZP) Runner-up, 2021
- Member, Chamber of Commerce
- Member, Civil Court
- Advocate, specializing in criminal cases
- Former LJP District President",Js Member,1st Runnerup,,,,,,,,,
Munger,Jamui,40. Jamui (SC),240. Sikandra,Sikandra,,Sikandra_6,Unreserved (Other),Dulari Devi,,saurav singh,7023361351.0,,,,,,,,,,,,,,,
Munger,Jamui,40. Jamui (SC),240. Sikandra,Sikandra,,Sikandra_6,Unreserved (Other),Dulari Devi,,,,,,,,,,,,,,,,,,
Munger,Jamui,40. Jamui (SC),240. Sikandra,Sikandra,,Sikandra_6,Unreserved (Other),Dulari Devi,,,,,,,,,,,,,,,,,,
Munger,Jamui,40. Jamui (SC),240. Sikandra,Sikandra,,Sikandra_7,SC (Other),Dulari Devi,,Paswan Suneel,8825254031.0,sc,Doosad,40.0,"Sunil Paswan | 40 | SC | Doosad

- Incumbent Zila Parishad (2021)
- Former Zila Parishad (2016)
- Strong hold in the area
- Former Member, LJP",,Incumbent ZP,,,,,,,,,
Munger,Jamui,40. Jamui (SC),240. Sikandra,Sikandra,,Sikandra_7,SC (Other),Dulari Devi,,Chandrasekhar Ajad,8051227477.0,Sc,Doosad,41.0,"Chandrashekhar Azad | 41 | SC | Doosad

- Former Mukhiya – 2 times (2011, 2016)
- Brother – Subhash Paswan
- Subhash Paswan contested Assembly Election in 2020 and secured 18,500 votes
- Contested Assembly Election in 2015 on LJP ticket and secured 48,000 votes",Js member,New Name (Recommendation),Brother of Subash Paswan (Acc) - 8340445787,,,,,,,,
Munger,Jamui,40. Jamui (SC),240. Sikandra,Sikandra,,Sikandra_7,SC (Other),Dulari Devi,,,,,,,,,,,,,,,,,,
Munger,Jamui,40. Jamui (SC),240. Sikandra,Sikandra,,Sikandra_7,SC (Other),Dulari Devi,,,,,,,,,,,,,,,,,,
Munger,Jamui,40. Jamui (SC),240. Sikandra,Sikandra,,Sikandra_7,SC (Other),Dulari Devi,,,,,,,,,,,,,,,,,,
Munger,Jamui,40. Jamui (SC),240. Sikandra,Islamnagar Aliganj,,Islamnagar Aliganj_8,Unreserved (Mahila),Dulari Devi,,Satyendra Kushwaha,9973946411.0,Ebc,Koiri,40.0,"Satyendra Kushwaha | 40 | EBC | Koiri
Defacto ZP Runner-up (2021) – Secured 5,320 votes
Businessman – Owns a timber mill, construction material shop and tour & travel business
Associated with Jan Suraj since 2022
Currently OBC Prakoshth Prabhari, Jan Suraj
Social worker – Provides regular scholarships to needy students",ओबीसी प्रकोष्ठ प्रभारी,Sangathan,,,,,,,,,
Munger,Jamui,40. Jamui (SC),240. Sikandra,Islamnagar Aliganj,,Islamnagar Aliganj_8,Unreserved (Mahila),Dulari Devi,,Devi Rinku,9939363630.0,OBC,Kushwaha,36.0,"- ZP Runner Up Got 5323 votes(2021)
-  Incumbent JSP Chatriya Perbhari
- Former JSP Zila Mahamantari(2022 to 2025)",,Onboarded,,,,,,,,,
Munger,Jamui,40. Jamui (SC),240. Sikandra,Islamnagar Aliganj,,Islamnagar Aliganj_8,Unreserved (Mahila),Dulari Devi,,Jyotish Kumar,8804318446.0,OBC,Kushwaha,31.0,"Jyotish Kumar | 31 | OBC | Koir(i)

- Jan Suraj Sangathan District Spokesperson
- Associated with Jan Suraj for the last 3 years
- Father – Former District President, Kushwaha Kalyan Samiti
- Runs a hotel and restaurant",Js Member,ACC,,,,,,,,,
Munger,Jamui,40. Jamui (SC),240. Sikandra,Islamnagar Aliganj,,Islamnagar Aliganj_8,Unreserved (Mahila),Dulari Devi,,,,,,,,,,,,,,,,,,
Munger,Jamui,40. Jamui (SC),240. Sikandra,Islamnagar Aliganj,,Islamnagar Aliganj_8,Unreserved (Mahila),Dulari Devi,,,,,,,,,,,,,,,,,,
Munger,Jamui,40. Jamui (SC),240. Sikandra,Islamnagar Aliganj,,Islamnagar Aliganj_9,Unreserved (Other),Dulari Devi,,Shameem Uddin Khan,9931971425.0,General ,Muslim,47.0,"- ZP Runner Up Got 2865 Votes(2021)
- Fathar Was Former Mukhiya(1978 to 2001)
- He is a landlord and owns around 60 bighas of agricultural land.
",,Onboarded,,,,,,,,,
Munger,Jamui,40. Jamui (SC),240. Sikandra,Islamnagar Aliganj,,Islamnagar Aliganj_9,Unreserved (Other),Dulari Devi,,Aalam Mohammad Shahanwaz,7485056020.0,Obc,Muslim,46.0,"Md. Shahnawaz | 46 | OBC | Muslim

- Zila Parishad Runner-up (2021), lost by 10 votes
- Zila Parishad Runner-up (2016)
- Former Minority Zila Adhyaksh, JDU",,Incumbent ZP,Want to meet pk,,,,,,,,
Munger,Jamui,40. Jamui (SC),240. Sikandra,Islamnagar Aliganj,,Islamnagar Aliganj_9,Unreserved (Other),Dulari Devi,,Sunil Kumar Yadav,6200048705.0,obc,Yadav,45.0,"""- Defacto Zila Parshad (2021)
 Zila Parshad runnerup 2016
- Govt High School Teacher and Education Activist
- Owns Buildiing Construction Shop""",Dsc member,Sangathan,,,,,,,,,
Munger,Jamui,40. Jamui (SC),240. Sikandra,Islamnagar Aliganj,,Islamnagar Aliganj_9,Unreserved (Other),Dulari Devi,,,,,,,,,,,,,,,,,,
Munger,Jamui,40. Jamui (SC),240. Sikandra,Islamnagar Aliganj,,Islamnagar Aliganj_9,Unreserved (Other),Dulari Devi,,,,,,,,,,,,,,,,,,
Munger,Jamui,40. Jamui (SC),240. Sikandra,Khaira,,Khaira_10,Unreserved (Mahila),Dulari Devi,,Manoj Yadav,6204346600.0,Obc,Yadav,39.0,"Manoj Yadav | 39 | OBC | Yadav
Former Sarpanch (2011, 2016)
ZP Runner-up (2021)
Associated with Jan Suraj since the Padyatra
Currently Jila Mahamantri, Jamui – Jan Suraj
Former CPI Prakhand Sangathan Mahamantri (2013–2016)
Former CPI Prakhand Koshadhyaksh (2016–2019)",जिला महामंत्री,Sangathan,seat 10/3,,,,,,,,
Munger,Jamui,40. Jamui (SC),240. Sikandra,Khaira,,Khaira_10,Unreserved (Mahila),Dulari Devi,,Murari Singh,6201383390.0,General ,Bhumihar,52.0,"Murari Singh | 52 | General | Bhumihar

- Former Mukhiya — 3 consecutive terms (2006, 2011, 2016)
- Strong hold and influence in the area
- Full-time politics and social work
Political inclination - Neutral",,New Name (Recommendation),"Ref by - Gazi khan        9955783099
Vidhan Sabha Chunav Prabandhan Samiti",,,,,,,,
Munger,Jamui,40. Jamui (SC),240. Sikandra,Khaira,,Khaira_10,Unreserved (Mahila),Dulari Devi,,Manohar Gupta,9430041802.0,Obc,Baniya,55.0,"
 - Incumbent Defacto ZP (2021)
Runnerup  ZP 2016 lost by 90 votes
Runnerup Sarpanch 2011 
Contest Assembly Election 2006
 Ex RJD Zila Upadhyaksh Atipichda Prakoshth (2016-2019)
Currently Associated with jan suraj
 ",JS MEMBER,Sangathan,Ref by-  Subash Paswan (Acc) - 8340445787,,,,,,,,
Munger,Jamui,40. Jamui (SC),240. Sikandra,Khaira,,Khaira_10,Unreserved (Mahila),Dulari Devi,,Rahul Kumar Chandravanshi,7484963751.0,Ebc,Kahar,29.0,"Rahul Kumar Chandravanshi | 29 | EBC | Kahar

- Grandfather was former Mukhiya and served for 10 years
- Uncle was former Mukhiya and served for 10 years
- Comes from a politically strong family
- Prakhand Upadhyaksh, Jan Suraj
- Former JD(U) member
- Owner of a medical laboratory
- Involved in transportation business",Sangathan Zila Sachiv,Sangathan,,,,,,,,,
Munger,Jamui,40. Jamui (SC),240. Sikandra,Khaira,,Khaira_10,Unreserved (Mahila),Dulari Devi,,,,,,,,,,,,,,,,,,
Munger,Jamui,40. Jamui (SC),240. Sikandra,Khaira,,Khaira_11,Unreserved (Mahila),Dulari Devi,,Ramesh Paswan,6200183950.0,sc,doosad,36.0,"- Mukhiya Sangh Prakhand Adhyaksh (2021-Present)
- Incumbent Mukhiya (2021)
- Former PDS Dealer (2013-2021)",Dsc member,Sangathan,,,,,,,,,
Munger,Jamui,40. Jamui (SC),240. Sikandra,Khaira,,Khaira_11,Unreserved (Mahila),Dulari Devi,,Manju Kumari,8271969518.0,EBC,koiri,57.0,"Manju Devi | 57 | EBC

- 2021 Zila Parishad Runner-up – secured 5,128 votes; lost by 500 votes
- Former Mukhiya – 2016
- Mukhiya Runner-up – 2011
- Panchayat Samiti Runner-up – 2006
- Husband is a Government Teacher",,1st Runnerup,,,,,,,,,
Munger,Jamui,40. Jamui (SC),240. Sikandra,Khaira,,Khaira_11,Unreserved (Mahila),Dulari Devi,,,,,,,,,,,,,,,,,,
Munger,Jamui,40. Jamui (SC),240. Sikandra,Khaira,,Khaira_11,Unreserved (Mahila),Dulari Devi,,,,,,,,,,,,,,,,,,
Munger,Jamui,40. Jamui (SC),240. Sikandra,Khaira,,Khaira_11,Unreserved (Mahila),Dulari Devi,,,,,,,,,,,,,,,,,,
Munger,Jamui,40. Jamui (SC),240. Sikandra,Khaira,,Khaira_12,Backward Class (Mahila),Dulari Devi,,Naushad Alam,9199481211.0,Ebc,Muslim,39.0,"""- Defacto ZP Runner-Up (2021, 7900 votes).
- Defacto ZP Runnerup (2016, 4600 votes).
- Strong influence beyond Muslims, with connections in every block , naming more than 10 supporters each.
- PDS Dealer Sangh Block President (2020-Present).
- PDS Dealer (2018- Present).
- Owns a medical store homeopathic.",युवा अध्यक्ष,Sangathan,,,,,,,,,
Munger,Jamui,40. Jamui (SC),240. Sikandra,Khaira,,Khaira_12,Backward Class (Mahila),Dulari Devi,,Masood Akhtar,9852550800.0,,,,,,,,,,,,,,,
Munger,Jamui,40. Jamui (SC),240. Sikandra,Khaira,,Khaira_12,Backward Class (Mahila),Dulari Devi,,Ramanand Yadav / Pushpa Devi ,9955505531.0,Obc,Yadav,35.0,"Ramanand Yadav / Pushpa Devi | 35 | OBC | Yadav

- Incumbent Zila Parishad member, elected in 2021
- Former Zila Parishad member, 2016
- Former Prakhand Adhyaksh, RJD
- Currently associated with RJD
- Full-time social worker and involved in politics",,Incumbent ZP,He will disscuss with their family to join jsp,,,,,,,,
Munger,Jamui,40. Jamui (SC),240. Sikandra,Khaira,,Khaira_12,Backward Class (Mahila),Dulari Devi,,Viresh Ram,9934154719.0,Ebc,Chandravanshi,55.0,"Viresh Chandravanshi | 55 | EBC | Chandravanshi

- Incumbent Sarpanch, serving for 10 years
- Daughter-in-law is an incumbent Mukhiya, serving for 10 years
- Zila Sarpanch Sangh – Zila Sachiv",Js member,Sangathan Dump,,,,,,,,,
Munger,Jamui,40. Jamui (SC),240. Sikandra,Khaira,,Khaira_12,Backward Class (Mahila),Dulari Devi,,,,,,,,,,,,,,,,,,
Munger,Jamui,40. Jamui (SC),242. Jhajha,Jhajha,,Jhajha_13,Unreserved (Other),Dulari Devi,,Jaanaki Devi/Shirikant Yadav,9631583791.0,OBC,Yadav,48.0,"Shrikant Yadav / Jaanki Devi | 58 | OBC | Yadav
Former Zila Parishad Member (2001, 2011)
ZP Runner-up (2021) – Secured 6,225 votes
Former PACS Adhyaksh – 4 times
Current Cooperative Vice Chairman
Former RJD Member
Currently inclined towards Jan Suraj Party",,Onboarded,Inclination towards jan suraj want to meet pk,,,,,,,,
Munger,Jamui,40. Jamui (SC),242. Jhajha,Jhajha,,Jhajha_13,Unreserved (Other),Dulari Devi,,Alok singh,9113461747.0,General ,Rajput,32.0,"""Alok Raj | 34 | General | Rajput

- Defacto Zila Parishad(2021,Votes-9189)
 - Zila Parishad Contestant(2016,Votes-4208)
- Zila Parishad Contestant(2011,Votes-5300 lost by Margin309)
- Owner of NGO named Bharat Manav Sewa Sansthan.
-Retired Civil Engineer""",Vidhan Sabha Chunav Prabandhan Samiti,Sangathan,,,,,,,,,
Munger,Jamui,40. Jamui (SC),242. Jhajha,Jhajha,,Jhajha_13,Unreserved (Other),Dulari Devi,,,,,,,,,,,,,,,,,,
Munger,Jamui,40. Jamui (SC),242. Jhajha,Jhajha,,Jhajha_13,Unreserved (Other),Dulari Devi,,,,,,,,,,,,,,,,,,
Munger,Jamui,40. Jamui (SC),242. Jhajha,Jhajha,,Jhajha_13,Unreserved (Other),Dulari Devi,,,,,,,,,,,,,,,,,,
Munger,Jamui,40. Jamui (SC),242. Jhajha,Jhajha,,Jhajha_14,Unreserved (Other),Dulari Devi,,Mohammad Kashim,8809247995.0,Minority,Muslim,39.0,"- ZP 2nd Runner Up Got 4924)
- JSP Zila Adhiyaks Minority
- Former JSP Core Commitee Members
- Former Two Time Sarpanch(2006,2011)
",,Sangathan,,,,,,,,,
Munger,Jamui,40. Jamui (SC),242. Jhajha,Jhajha,,Jhajha_14,Unreserved (Other),Dulari Devi,,Dharmendra yadav,9955041799 / 7903792736,Obc,Yadav,55.0,"""Dharmdeo Yadav | Male | 55 | OBC | Yadav | Incumbent ZP

-Incumbent 3 Terms ZP(2021 to Till Date , 2001 To 2006 & 2011 To 2016)
-Former MLA Contestant, 2005, Independent, Jhajha Constituency got 6000 Votes 
-Former MLA Contestant, 2000, BSP, Jhajha Constituency, Got 4000 Votes
-Former Comgress Zila Adhyaksh(2013 To 2014)
-Former Congress OBC Pardesh Adyakash (2014- 2015
-Former Congress Member(2015 To 2024)
-Jan Suraaj Zila Adhyaksh""",,"Incumbent ZP, New Name (Recommendation)","Ref by - Gopal Pandit        9934838404
कोषाध्यक्ष सह कार्यालय प्रभारी",,,,,,,,
Munger,Jamui,40. Jamui (SC),242. Jhajha,Jhajha,,Jhajha_14,Unreserved (Other),Dulari Devi,,,,,,,,,,,,,,,,,,
Munger,Jamui,40. Jamui (SC),242. Jhajha,Jhajha,,Jhajha_14,Unreserved (Other),Dulari Devi,,,,,,,,,,,,,,,,,,
Munger,Jamui,40. Jamui (SC),242. Jhajha,Jhajha,,Jhajha_14,Unreserved (Other),Dulari Devi,,,,,,,,,,,,,,,,,,
Munger,Jamui,40. Jamui (SC),243. Chakai,Sono,,Sono_16,Backward Class (Mahila),Dulari Devi,,Robin Singh,9635071456.0,General ,Rajput,45.0,"""-Pradesh Secretary of JDU Education Cell (2018 - 2019)
-Pradesh General Secretary of JDU Education Cell (2019 -2022)
-Banka Loksabha Prabhari of JDU (2019)
-Lakhisarai Vidhansabha Prabhari of JDU (2020)
- Zila Incharge of Nawada, Jamui, Shekhpura in Jan Suraaj (Ad Hoc) - (2023 to Present)
-Very Good Hold in Young Politicians""",जिला अध्यक्ष,Sangathan,,,,,,,,,
Munger,Jamui,40. Jamui (SC),243. Chakai,Sono,,Sono_16,Backward Class (Mahila),Dulari Devi,,Ramakant Paswan,6202689346.0,Sc,Doosad,50.0,"""-LJP's Jamui Zila Youth Committee Vice-Adhyaksh(2023 - Present).
-Jamui Zila Adhyaksh of Janta Dal Secular - Youth (2020- 21).
-Incumbent Sarpanch(2021-26).
-District Civil Court Law Practitioner. """,अम्बेडकर मंच अध्यक्ष,Frontals,,,,,,,,,
Munger,Jamui,40. Jamui (SC),243. Chakai,Sono,,Sono_16,Backward Class (Mahila),Dulari Devi,,,,,,,,,,,,,,,,,,
Munger,Jamui,40. Jamui (SC),243. Chakai,Sono,,Sono_16,Backward Class (Mahila),Dulari Devi,,,,,,,,,,,,,,,,,,
Munger,Jamui,40. Jamui (SC),243. Chakai,Sono,,Sono_16,Backward Class (Mahila),Dulari Devi,,,,,,,,,,,,,,,,,,
Munger,Jamui,40. Jamui (SC),243. Chakai,Sono,,Sono_17,Unreserved (Mahila),Dulari Devi,,Ratan Priya Singh,9931672247.0,General ,Rajput,27.0,"Ratan Priya Singh | 27 | General | Rajput
ZP Runner-up (2021) – Secured 6,000 votes
ZP Runner-up (2016) – Secured 6,500 votes
Education – B.A. (Political Science), Library Science",,Onboarded,,,,,,,,,
Munger,Jamui,40. Jamui (SC),243. Chakai,Sono,,Sono_17,Unreserved (Mahila),Dulari Devi,,Ranjit Vishwakarma,9934479641.0,Ebc,Lohar,48.0,"Ranjit Vishwakarma | 48 | EBC | Lohar
Former ZP Member (2011)
ZP Runner-up (2016, 2021)
Currently associated with JD(U)
May join another party if he contests the ZP election
Businessman by profession",,,,,,,,,,,
Munger,Jamui,40. Jamui (SC),243. Chakai,Sono,,Sono_17,Unreserved (Mahila),Dulari Devi,,Amit Kumar Gupta,9631961970.0,Obc,Halwai,39.0,"""- Defacto-BDC Runner-up(2021)
- Zila Parshad Contestant (2011: 4879 votes)""",Prakhand Adhyakash,Sangathan,,,,,,,,,
Munger,Jamui,40. Jamui (SC),243. Chakai,Sono,,Sono_17,Unreserved (Mahila),Dulari Devi,,,,,,,,,,,,,,,,,,
Munger,Jamui,40. Jamui (SC),243. Chakai,Sono,,Sono_17,Unreserved (Mahila),Dulari Devi,,,,,,,,,,,,,,,,,,
Munger,Jamui,40. Jamui (SC),243. Chakai,Chakai,,Chakai_18,ST (Other),Dulari Devi,,Salomi Murmu,8292483819.0,ST,Santhal,41.0,"​• Incumbent ZP 2021.
•​ Conducts Manthan Yatra and Mahila Janata Darbar.
•​ Socail Workers in Education, Agriculture, Climate, Water Management and Health Sector
•​ Husband Anil Kumar Gautam, is a Former Agricultural Scientist and Politician.""",,Onboarded,,,,,,,,,
Munger,Jamui,40. Jamui (SC),243. Chakai,Chakai,,Chakai_18,ST (Other),Dulari Devi,,Ranjit Kumar Verma,8051724441.0,Obc,Koiri,38.0,"Ranjit Kumar Verma | Male | 37 | OBC | Kushwaha

- Incumbent Ward Sachiv (2018–Present)
- Contested 2025 MLA Election as an Independent Candidate
- Associated with Jan Suraj since the Pad Yatra
- Businessman by profession",Js Member,ACC,,,,,,,,,
Munger,Jamui,40. Jamui (SC),243. Chakai,Chakai,,Chakai_18,ST (Other),Dulari Devi,,Ram Lakhan Murmu,7700858217.0,st,Santhal,30.0,"Former ZP (2016-2021)
-ZP Runner (2021)
- Strong hold on Santhal Cummunity.
-Wife is Predient of Jeevan Marshal Mahila Sangh (CLF) 2018-Present)""",Dsc Member,Sangathan,,,,,,,,,
Munger,Jamui,40. Jamui (SC),243. Chakai,Chakai,,Chakai_18,ST (Other),Dulari Devi,,,,,,,,,,,,,,,,,,
Munger,Jamui,40. Jamui (SC),243. Chakai,Chakai,,Chakai_18,ST (Other),Dulari Devi,,,,,,,,,,,,,,,,,,
Munger,Jamui,40. Jamui (SC),243. Chakai,Chakai,,Chakai_19,SC (Other),Dulari Devi,,Rakesh Kumar,7992345894.0,SC,Dusad,32.0,"Rakesh Kumar | 32 | SC | Doosad

- Incumbent Zila Parishad (ZP) – 2021
- Former Zila Parishad (ZP) – 2016
- Former LJP (R) member
- Currently politically neutral
- Full-time politics and social work",,Onboarded,Want to meet pk,,,,,,,,
Munger,Jamui,40. Jamui (SC),243. Chakai,Chakai,,Chakai_19,SC (Other),Dulari Devi,,Naresh Taanti,"9162968586/
 6202311969",Obc,Taanti,45.0,"Naresh Taanti | 45 | OBC | Taanti

- Zila Parishad (ZP) Runner-up, 2021 – secured 3,500 votes
- Zila Parishad (ZP) Contestant, 2016 – secured 3rd position
- Panchayat Samiti Runner-up, 2011 – lost by 150 votes
- Contested Ward Election, 2006
- Social worker; worked on human rights issues",,Runnerup ZP,,,,,,,,,
Munger,Jamui,40. Jamui (SC),243. Chakai,Chakai,,Chakai_19,SC (Other),Dulari Devi,,,,,,,,,,,,,,,,,,
Munger,Jamui,40. Jamui (SC),243. Chakai,Chakai,,Chakai_19,SC (Other),Dulari Devi,,,,,,,,,,,,,,,,,,
Munger,Jamui,40. Jamui (SC),243. Chakai,Chakai,,Chakai_19,SC (Other),Dulari Devi,,,,,,,,,,,,,,,,,,
Munger,Jamui,40. Jamui (SC),243. Chakai,Chakai,,Chakai_20,Unreserved (Other),Dulari Devi,,Anil Gautam /Saloni Murmu,8252539850.0,ST,Santhal,45.0,"​• Incumbent Defacto ZP 2021.
•​ Conducts Manthan Yatra and Mahila Janata Darbar.
•​ Socail Workers in Education, Agriculture, Climate, Water Management and Health Sector
•​ Husband Anil Kumar Gautam, is a Former Agricultural Scientist and Politician.",,Onboarded,,,,,,,,,
Munger,Jamui,40. Jamui (SC),243. Chakai,Chakai,,Chakai_20,Unreserved (Other),Dulari Devi,,Rameshwar Yadav,9973657173.0,OBC,Yadav,63.0,"Rameshwar Yadav | 70 | OBC | Yadav

- Contested MLA election as an Independent in 2000
- Contested MLA election on Samajwadi Party ticket in 2005
- ZP Runner-up in 2006, lost by 20 votes
- ZP Runner-up in 2011, secured 6,700 votes
- ZP Runner-up in 2016, secured 6,100 votes
- ZP Runner-up in 2021, secured 5,600 votes
- Current Congress District Vice President
- Former RJD Kisan Cell District Vice President",,Onboarded,Inclination towards jan surajwant to meet pk,,,,,,,,
Munger,Jamui,40. Jamui (SC),243. Chakai,Chakai,,Chakai_20,Unreserved (Other),Dulari Devi,,,,,,,,,,,,,,,,,,
Munger,Jamui,40. Jamui (SC),243. Chakai,Chakai,,Chakai_20,Unreserved (Other),Dulari Devi,,,,,,,,,,,,,,,,,,
Munger,Jamui,40. Jamui (SC),243. Chakai,Chakai,,Chakai_20,Unreserved (Other),Dulari Devi,,,,,,,,,,,,,,,,,,
Munger,Bhagalpur,26. Bhagalpur,156. Bhagalpur,Jagdishpur,,Jagdishpur_16,Backward Class (Others),Vipin Kumar Mandal,"Pranav Kumar urf Pappu Babu
9931744107",Md. Sabir/ Shayina Praveen,7903248678.0,General ,Muslim,38.0,"-RJD Zila Sachiv(2021-Present)
-Former District President of Idrisiya Darzi Federation (IDF) (2015-2020) 
-RJD Youth Secretary (2008-2014)
-RJD Youth General Secretary (2014-2016)",जिला महामंत्री,Sangathan,his wife will contest ,,,,,,,,
Munger,Bhagalpur,26. Bhagalpur,156. Bhagalpur,Jagdishpur,,Jagdishpur_16,Backward Class (Others),Vipin Kumar Mandal,Pranav Kumar urf Pappu Babu,Nazar Nawaz,9801279432.0,General ,Muslim,29.0,"-Ex-RJDMinority Cell District President (2020-20220
-His Grand Father was Mukhiya (1984-20010
-Biggest Property Dealer in Bhagalpur
Zila Sachiv of JSP
Chunav Prabhari of JSP
Alpsankhyak Vidhansabha Sanyojak of JSP",Zila Sachiv,Sangathan,"his name has been forwarded for the post of Jan Suraj Vahini Sena Parimandal Adhyaksh. will fight the election, he is very active.",,,,,,,,
Munger,Bhagalpur,26. Bhagalpur,156. Bhagalpur,Jagdishpur,,Jagdishpur_16,Backward Class (Others),Vipin Kumar Mandal,Pranav Kumar urf Pappu Babu,Suraj tanti,7543966868.0,EBC,Tanti,44.0,"Lost Panchayat Smiti by 20 votes in 2016
lost Panchayat Smiti by 3 votes in 2021",PRI Applicant,Sangathan Dump,he is thinking of contesting. he is in party from the very beginning,,,,,,,,
Munger,Bhagalpur,26. Bhagalpur,156. Bhagalpur,Jagdishpur,,Jagdishpur_16,Backward Class (Others),Vipin Kumar Mandal,Pranav Kumar urf Pappu Babu,,,,,,,,,,,,,,,,,
Munger,Bhagalpur,26. Bhagalpur,156. Bhagalpur,Jagdishpur,,Jagdishpur_16,Backward Class (Others),Vipin Kumar Mandal,Pranav Kumar urf Pappu Babu,,,,,,,,,,,,,,,,,
Munger,Bhagalpur,26. Bhagalpur,156. Bhagalpur,Jagdishpur,,Jagdishpur_17,Backward Class (Others),Vipin Kumar Mandal,Pranav Kumar urf Pappu Babu,Nisat Bano,9534434596.0,General ,Muslim,44.0,"- Contestant Zila Prishad 2016
-RJD Prakhand Mahila Adhyaksh 2015-2024
runner up ZP 2011",,Sangathan Dump,she will fight if the seat is unreserved.,,,,,,,,
Munger,Bhagalpur,26. Bhagalpur,156. Bhagalpur,Jagdishpur,,Jagdishpur_17,Backward Class (Others),Vipin Kumar Mandal,Pranav Kumar urf Pappu Babu,Alok Kumar Singh,7633975440.0,General ,Rajput,36.0,"-Defecto Up Mukhiya (2016-Present)
-B. Tech Mechanical (Karnataka) (2012)
-Aunty (Sumita Devi) ZP Runner up (2011-2016)",,Sangathan Dump,he is waiting for roaster but ready to form the committee.,,,,,,,,
Munger,Bhagalpur,26. Bhagalpur,156. Bhagalpur,Jagdishpur,,Jagdishpur_17,Backward Class (Others),Vipin Kumar Mandal,Pranav Kumar urf Pappu Babu,Pankaj Kumar,7033564627.0,EBC,Tanti,27.0,"Runs Cyber Cafe
Bade papa was mukhiya",PRI Applicant,Sangathan Dump,,,,,,,,,
Munger,Bhagalpur,26. Bhagalpur,156. Bhagalpur,Jagdishpur,,Jagdishpur_17,Backward Class (Others),Vipin Kumar Mandal,Pranav Kumar urf Pappu Babu,,,,,,,,,,,,,,,,,
Munger,Bhagalpur,26. Bhagalpur,156. Bhagalpur,Jagdishpur,,Jagdishpur_17,Backward Class (Others),Vipin Kumar Mandal,Pranav Kumar urf Pappu Babu,,,,,,,,,,,,,,,,,
Munger,Naugachhiya,26. Bhagalpur,152. Bihpur,Bihpur,,Bihpur_2,Unreserved (Other),,,Rajeev Shanghai,9304108782.0,General ,Bhumihar,48.0,-Ex Mukhiya (2016-21) from Lattipur North panchayat -ZP 1st Runner up secured 4500 votes -BJP Kisaan cell District Vice-Adhyaksh,संसदीय क्षेत्र चुनाव प्रभारी,Sangathan,he will fight the election.,,,,,,,,
Munger,Naugachhiya,26. Bhagalpur,152. Bihpur,Bihpur,,Bihpur_2,Unreserved (Other),,,Vibhor Singh,7390099636.0,General ,Bhumihar,24.0,"-Run  Solar Business 
-Very Active to Contest and Work for Jan Surraj",,,,,,,,,,,
Munger,Naugachhiya,26. Bhagalpur,152. Bihpur,Bihpur,,Bihpur_2,Unreserved (Other),,,Pankaj Kumar Jha,7004670672.0,General ,Pandit,48.0,"""Pankaj Kumar Jha | Male | 48 | General | Brahmin | MLA Contestant

-Former MLA Contestant, 2015, Katihar Sadar, Independent, Got 1000 Votes
-Incumbent Akhil  Bhartiya Kisan Morcha Adhyaksh, 2016 To Till Date
-Former SUCI Seemanchal Prabhari , 2007 To 2015
-Former AIDSO Zila Adhyaksh, 2000 To 2007""",,,,,,,,,,,
Munger,Naugachhiya,26. Bhagalpur,152. Bihpur,Bihpur,,Bihpur_2,Unreserved (Other),,,Rajeev Choudhary,9931052751.0,General ,Bhumihar,60.0,3 Term Incumbent Sarpanch,,,,,,,,,,,
Munger,Naugachhiya,26. Bhagalpur,152. Bihpur,Bihpur,,Bihpur_2,Unreserved (Other),,,,,,,,,,,,,,,,,,,
Munger,Bhagalpur,26. Bhagalpur,152. Bihpur,Bihpur,,Bihpur_1,Unreserved (Mahila),Vipin Kumar Mandal,Pranav Kumar urf Pappu Babu,Raju Sharma,8825261134.0,EBC,Badhai,35.0,"- Incumbent Defacto Sarpanch
- BDC runner up (2016)
- RJD Prakhand Adhyaksh (2016)",Yuva Zila Upadhyaksh,Sangathan,,,,,,,,,
Munger,Bhagalpur,26. Bhagalpur,152. Bihpur,Bihpur,,Bihpur_1,Unreserved (Mahila),Vipin Kumar Mandal,Pranav Kumar urf Pappu Babu,Haidar Ali,9931714582.0,General ,Muslim,48.0,"-2 times vidhan sabha Contestant (2015 IND secured 3000 votes and in 2020 with BSP secured 3500 votes.)
- Poultry farm and Chicken shop owner
2005 Mukhiya Runnerup(his wife)",EMC,Sangathan Dump,he has secured 3rd position in both assembly election he fought. will decide on which seat to fight after delimitation and will follow party decision.,,,,,,,,
Munger,Bhagalpur,26. Bhagalpur,152. Bihpur,Bihpur,,Bihpur_1,Unreserved (Mahila),Vipin Kumar Mandal,Pranav Kumar urf Pappu Babu,,,,,,,,,,,,,,,,,
Munger,Bhagalpur,26. Bhagalpur,152. Bihpur,Bihpur,,Bihpur_1,Unreserved (Mahila),Vipin Kumar Mandal,Pranav Kumar urf Pappu Babu,,,,,,,,,,,,,,,,,
Munger,Bhagalpur,26. Bhagalpur,152. Bihpur,Bihpur,,Bihpur_1,Unreserved (Mahila),Vipin Kumar Mandal,Pranav Kumar urf Pappu Babu,,,,,,,,,,,,,,,,,
Munger,Bhagalpur,26. Bhagalpur,152. Bihpur,Kahalgaon,,Kahalgaon_22,Unreserved (Mahila),Vipin Kumar Mandal,Pranav Kumar urf Pappu Babu,Rohit Kumar,6204260282.0,SC,Chamar,29.0,"-Fought 2021 Mukhiya election(Runner up, got 2100 votes in 5400)
-RJD Up Zila Sanyojak(2021-22)
Bhim Army Up Zila Adhyaksh(2022-24)
Jan Suraj Member 2024-till now",Vidhan Sabha Chunav Prabandhan Samiti,Sangathan Dump,"he met Prashant in his first ever visit to Bhagalpur's SM College. from there on, he is working as Party workers. ",,,,,,,,
Munger,Bhagalpur,26. Bhagalpur,152. Bihpur,Kahalgaon,,Kahalgaon_22,Unreserved (Mahila),Vipin Kumar Mandal,Pranav Kumar urf Pappu Babu,Nutesh Kumar,9810787276.0,OBC,Kushwaha,40.0,"Nutesh Kumar| Male | 37| OBC | Kushwaha | Private Job

-LLB From CLC ( DU)
-Founder of Avyam Technology 
-Globel IT head in BENEIVA ( Related to America IT Company)
-Volunteer in Happy Earth ( During Covid)
-Prominent Farmer ( 80 Acre of farming land)",ACC,Sangathan Dump,his financial condition isnot well.,,,,,,,,
Munger,Bhagalpur,26. Bhagalpur,152. Bihpur,Kahalgaon,,Kahalgaon_22,Unreserved (Mahila),Vipin Kumar Mandal,Pranav Kumar urf Pappu Babu,,,,,,,,,,,,,,,,,
Munger,Bhagalpur,26. Bhagalpur,152. Bihpur,Kahalgaon,,Kahalgaon_22,Unreserved (Mahila),Vipin Kumar Mandal,Pranav Kumar urf Pappu Babu,,,,,,,,,,,,,,,,,
Munger,Bhagalpur,26. Bhagalpur,152. Bihpur,Kahalgaon,,Kahalgaon_22,Unreserved (Mahila),Vipin Kumar Mandal,Pranav Kumar urf Pappu Babu,,,,,,,,,,,,,,,,,
Munger,Bhagalpur,26. Bhagalpur,152. Bihpur,Kahalgaon,,Kahalgaon_23,Unreserved (Other),Vipin Kumar Mandal,Pranav Kumar urf Pappu Babu,Ratikant Kumar,9572394563.0,EBC,Nai,58.0,"Ratikant Kumar | 62 | Male | OBC | Kurmi

- Former PACS President  (2009-2019).
- Two Times Mukhiya (2006-2016).
-  Zp 2nd Runner Up 2016(4000 Votes).
- Big landlord and brick klin investor.",DSS,Sangathan,hw will fight the election,,,,,,,,
Munger,Bhagalpur,26. Bhagalpur,152. Bihpur,Kahalgaon,,Kahalgaon_23,Unreserved (Other),Vipin Kumar Mandal,Pranav Kumar urf Pappu Babu,Sheikh Abdullah,8757103737.0,General ,Muslim,57.0,"Two-time ZP election contestant
Secured 4,200 votes in the last ZP election while competing against 22 candidates
Contractor By profession.",,Onboarded,,,,,,,,,
Munger,Bhagalpur,26. Bhagalpur,152. Bihpur,Kahalgaon,,Kahalgaon_23,Unreserved (Other),Vipin Kumar Mandal,Pranav Kumar urf Pappu Babu,,,,,,,,,,,,,,,,,
Munger,Bhagalpur,26. Bhagalpur,152. Bihpur,Kahalgaon,,Kahalgaon_23,Unreserved (Other),Vipin Kumar Mandal,Pranav Kumar urf Pappu Babu,,,,,,,,,,,,,,,,,
Munger,Bhagalpur,26. Bhagalpur,152. Bihpur,Kahalgaon,,Kahalgaon_23,Unreserved (Other),Vipin Kumar Mandal,Pranav Kumar urf Pappu Babu,,,,,,,,,,,,,,,,,
Munger,Bhagalpur,26. Bhagalpur,152. Bihpur,Kahalgaon,,Kahalgaon_24,Backward Class (Mahila),Vipin Kumar Mandal,Pranav Kumar urf Pappu Babu,Dharmesh Kumar,6207124770.0,EBC,Gangota,42.0,"-Defecto Ex-mukhiya(2011-2021) & ZP runner-up. -His Father was Ex-Zp in 2001, Fought for the MLC post, and 2-term Runner-Up. -Owner of 1 Bricks Kilns ( Home Etta Bhatta )
-Family was active in the party Sangathan & had a good hold on Kahalgaon.",कर्पूरी मंच प्रभारी,Sangathan,he will fight the election,,,,,,,,
Munger,Bhagalpur,26. Bhagalpur,152. Bihpur,Kahalgaon,,Kahalgaon_24,Backward Class (Mahila),Vipin Kumar Mandal,Pranav Kumar urf Pappu Babu,Manohar Kumar Mandal,7488155878.0,EBC,Dhanuk,45.0,Incumbent Zila Parishad from 2016,Vidhan sabha sanyojak,Sangathan,he will fight the election if the party supports him. he was unhappy due to 2025 Assembly election,,,,,,,,
Munger,Bhagalpur,26. Bhagalpur,152. Bihpur,Kahalgaon,,Kahalgaon_24,Backward Class (Mahila),Vipin Kumar Mandal,Pranav Kumar urf Pappu Babu,Rajesh Dubey,8271053517.0,General ,Brahmin,45.0,"- 2020 - 2021 Zila Kisan Mahamantri BJP
- Anumanul Upadhyaksh JSP
- Kahalgaon Vidhansabha Prabhari JSP",Vidhan Sabha Chunav Prabandhan Samiti,Sangathan,he will fight if Prashant advice him to do. he was bit unhappy due to Dharmesh Kumar being made Lok Sabha Prabhari. he wanted to become.,,,,,,,,
Munger,Bhagalpur,26. Bhagalpur,152. Bihpur,Kahalgaon,,Kahalgaon_24,Backward Class (Mahila),Vipin Kumar Mandal,Pranav Kumar urf Pappu Babu,,,,,,,,,,,,,,,,,
Munger,Bhagalpur,26. Bhagalpur,152. Bihpur,Kahalgaon,,Kahalgaon_24,Backward Class (Mahila),Vipin Kumar Mandal,Pranav Kumar urf Pappu Babu,,,,,,,,,,,,,,,,,
Munger,Bhagalpur,26. Bhagalpur,152. Bihpur,Kahalgaon,,Kahalgaon_25,SC (Mahila),Vipin Kumar Mandal,Pranav Kumar urf Pappu Babu,Vibhu Dubey,7909056398.0,General ,Brahmin,41.0,"
-Director of FPO, 1700 Member
-Owner of S.N. Memorial School, Agri & Fish Farming in 22 Acers, 
-Agro Tourism Park in 4 Acers, P.hD Thesis Submitted in Hindi literature.
-Runs Kariya Waterpark and Fish Tunnel, turnout of 1000 people everyday
-Runs Fish Food production factory
-Mangolitika Farmers Producers Company(Zardalu Mango Export)",State Kisan Vice President,Sangathan,he will fight if the seat is unreserved.,,,,,,,,
Munger,Bhagalpur,26. Bhagalpur,152. Bihpur,Kahalgaon,,Kahalgaon_25,SC (Mahila),Vipin Kumar Mandal,Pranav Kumar urf Pappu Babu,Md Razi ali,9661032272.0,General ,Muslim,34.0,"He is in party from 2023
Prakhand Yuva Adhyaksh, Bhagalpur(2023-25)
Prakhand Mahamatri, Kahalgaon.(2025- Present)",Prakhand Mahamantri,"Sangathan, Recommendation Source Categories","he is a dedicated party workers, he wants to fight but only if party decides, he will support any candidate which party thinks should contest.",,,,,,,,
Munger,Bhagalpur,26. Bhagalpur,152. Bihpur,Kahalgaon,,Kahalgaon_25,SC (Mahila),Vipin Kumar Mandal,Pranav Kumar urf Pappu Babu,,,,,,,,,,,,,,,,,
Munger,Bhagalpur,26. Bhagalpur,152. Bihpur,Kahalgaon,,Kahalgaon_25,SC (Mahila),Vipin Kumar Mandal,Pranav Kumar urf Pappu Babu,,,,,,,,,,,,,,,,,
Munger,Bhagalpur,26. Bhagalpur,152. Bihpur,Kahalgaon,,Kahalgaon_25,SC (Mahila),Vipin Kumar Mandal,Pranav Kumar urf Pappu Babu,,,,,,,,,,,,,,,,,
Munger,Naugachhiya,26. Bhagalpur,152. Bihpur,Kharik,,Kharik_5,Unreserved (Mahila),,,,,,,,,,,,,,,,,,,
Munger,Naugachhiya,26. Bhagalpur,152. Bihpur,Kharik,,Kharik_5,Unreserved (Mahila),,,Subash Prasad Shah,9546077046.0,EBC,Teli,62.0,"-Brother wife 2 Terms ZP
-Retired Government Teacher
-Belong Fro Influential Family",,,,,,,,,,,
Munger,Naugachhiya,26. Bhagalpur,152. Bihpur,Kharik,,Kharik_5,Unreserved (Mahila),,,Chandan Kumar,9973952526.0,OBC,Mandal,33.0,"-Incumbent UP - Mukhiya
-Landlord",,,,,,,,,,,
Munger,Naugachhiya,26. Bhagalpur,152. Bihpur,Kharik,,Kharik_5,Unreserved (Mahila),,,Satnarayan,918877211531.0,EBC,Vishwakarma,30.0,"-Journalist 
-RunYoutube Channel ",,,,,,,,,,,
Munger,Naugachhiya,26. Bhagalpur,152. Bihpur,Kharik,,Kharik_5,Unreserved (Mahila),,,Janis Baitha,8298255575.0,SC,Dhobi,40.0,"- Mukhiya Runner up 2021
-Very Active for Jan Surraj",,,,,,,,,,,
Munger,Bhagalpur,26. Bhagalpur,152. Bihpur,Kharik,,Kharik_4,Unreserved (Other),Vipin Kumar Mandal,Pranav Kumar urf Pappu Babu,Chandan Kumar,9304453804.0,OBC,Yadav,34.0,"Current Up-Mukhiya,
ZP Runner Up 2021 : Secured 2nd Position With 7500 Votes
 Former Engineer at Reliance Industries 
Contractor by profession ",,Onboarded,"he was with party but communication stops, ready to work again with party.",,,,,,,,
Munger,Bhagalpur,26. Bhagalpur,152. Bihpur,Kharik,,Kharik_4,Unreserved (Other),Vipin Kumar Mandal,Pranav Kumar urf Pappu Babu,Chandan Kumar,9973952526.0,EBC,Dhanuk,33.0,"""- Incumbent Mukhiya (2021-Present)
- Running Own Medical Shop """,,Sangathan,,,,,,,,,
Munger,Bhagalpur,26. Bhagalpur,152. Bihpur,Kharik,,Kharik_4,Unreserved (Other),Vipin Kumar Mandal,Pranav Kumar urf Pappu Babu,,,,,,,,,,,,,,,,,
Munger,Bhagalpur,26. Bhagalpur,152. Bihpur,Kharik,,Kharik_4,Unreserved (Other),Vipin Kumar Mandal,Pranav Kumar urf Pappu Babu,,,,,,,,,,,,,,,,,
Munger,Bhagalpur,26. Bhagalpur,152. Bihpur,Kharik,,Kharik_4,Unreserved (Other),Vipin Kumar Mandal,Pranav Kumar urf Pappu Babu,,,,,,,,,,,,,,,,,
Munger,Naugachhiya,26. Bhagalpur,152. Bihpur,Narayanpur,,Narayanpur_3,Unreserved (Mahila),,,Haider Ali,9931714582.0,Minority,,52.0,,,,,,,,,,,,
Munger,Naugachhiya,26. Bhagalpur,152. Bihpur,Narayanpur,,Narayanpur_3,Unreserved (Mahila),,,Prashant Kumar,8051847080.0,EBC,Badahii,37.0,"-Ex ZP Contestant secure 4000 votes
-Run a hotel and Fruit  Business
-Ex SWG JSP",,,,,,,,,,,
Munger,Naugachhiya,26. Bhagalpur,152. Bihpur,Narayanpur,,Narayanpur_3,Unreserved (Mahila),,,Gautam Kumar,918298208353.0,EBC,Mandal,25.0,-Run a Coaching Institute worth of 300 Students,,,,,,,,,,,
Munger,Naugachhiya,26. Bhagalpur,152. Bihpur,Narayanpur,,Narayanpur_3,Unreserved (Mahila),,,Rajan Kumar Mishra,917050146767.0,General ,Pandit,34.0,"- Doing PHD in Accounts
-Grand Father 3 Times Unopposed PACS ",,,,,,,,,,,
Munger,Naugachhiya,26. Bhagalpur,152. Bihpur,Narayanpur,,Narayanpur_3,Unreserved (Mahila),,,Ajit Kumar,8678004288.0,OBC,Nagad,26.0,"-Defacto 2time ward(2016-till now)
-Sarpanch Runner up (2021)",,,,,,,,,,,
Munger,Naugachhiya,26. Bhagalpur,153. Gopalpur,Gopalpur,,Gopalpur_8,Unreserved (Mahila),,,Ghanshyam Paswan ,7654348068.0,SC,Paswan,50.0,,,,,,,,,,,,
Munger,Naugachhiya,26. Bhagalpur,153. Gopalpur,Gopalpur,,Gopalpur_8,Unreserved (Mahila),,,Gopal Singh,9304235750.0,General ,Bhumihar,62.0,"-Ex Mukhiya ,when seat was General (2001 to 2006)
-My Profession he  is a advocate
-Businessman
",,,,,,,,,,,
Munger,Naugachhiya,26. Bhagalpur,153. Gopalpur,Gopalpur,,Gopalpur_8,Unreserved (Mahila),,,Mankeshwar Singh,6202376668.0,OBC,Kushwaha,50.0,"- first time mukhiya in 2004
-In 2005 Become PACS Adshyakh
-2006 Pramukh
-2006 Wife Mukhiya
-2011 Pramukh
-2011 Wife Mukhiya
-2016 Panchayat Samiti
-2016 Wife Mukhiya
-2021 Mukhiya
-2021 Mother Pramukh
-Till 2009  to Today Brother is PACS Adshyakh
-2025 JSP Gopalpur Vidan Sabha Contestant",,,,,,,,,,,
Munger,Naugachhiya,26. Bhagalpur,153. Gopalpur,Gopalpur,,Gopalpur_8,Unreserved (Mahila),,,Ashok Kumar Singh,9212189378.0,OBC,Kushwaha,70.0,"- Mehanical Engineer
-Owner of Water Treatment Plant 
-SHREE JAL water bottle owner",,,,,,,,,,,
Munger,Naugachhiya,26. Bhagalpur,153. Gopalpur,Gopalpur,,Gopalpur_8,Unreserved (Mahila),,,Kajal Kumari,9534671381.0,EBC,Nishad,33.0,-EX ZP Contestant,,,,,,,,,,,
Munger,Naugachhiya,26. Bhagalpur,153. Gopalpur,Ismailpur,,Ismailpur_7,Unreserved (Other),,,Divakar Bhushan,7292850218.0,OBC,Sonar,28.0,- Took Retirement From Airf orce,,,,,,,,,,,
Munger,Naugachhiya,26. Bhagalpur,153. Gopalpur,Ismailpur,,Ismailpur_7,Unreserved (Other),,,Aditya raj,7488733017.0,OBC,Sonar,35.0,"-Business-Electronic Scotty
-Reliance and Haldiram Agency",,,,,,,,,,,
Munger,Naugachhiya,26. Bhagalpur,153. Gopalpur,Ismailpur,,Ismailpur_7,Unreserved (Other),,,,,,,,,,,,,,,,,,,
Munger,Naugachhiya,26. Bhagalpur,153. Gopalpur,Ismailpur,,Ismailpur_7,Unreserved (Other),,,,,,,,,,,,,,,,,,,
Munger,Naugachhiya,26. Bhagalpur,153. Gopalpur,Ismailpur,,Ismailpur_7,Unreserved (Other),,,,,,,,,,,,,,,,,,,
Munger,Naugachhiya,26. Bhagalpur,153. Gopalpur,Naugachhia,,Naugachhia_6,Unreserved (Mahila),     ,,Divakar Bhushan,7292850218.0,EBC,Kanu,46.0,,,,,,,,,,,,
Munger,Naugachhiya,26. Bhagalpur,153. Gopalpur,Naugachhia,,Naugachhia_6,Unreserved (Mahila),,,Vibhash Thakur,8102213125.0,General ,Pandit,30.0,"-Ex BJP Prakhand Member 
-Mukhiya Runner up 2021
-JSP Yuva Prakhand Adshyakh",,,,,,,,,,,
Munger,Naugachhiya,26. Bhagalpur,153. Gopalpur,Naugachhia,,Naugachhia_6,Unreserved (Mahila),,,,,,,,,,,,,,,,,,,
Munger,Naugachhiya,26. Bhagalpur,153. Gopalpur,Naugachhia,,Naugachhia_6,Unreserved (Mahila),,,,,,,,,,,,,,,,,,,
Munger,Naugachhiya,26. Bhagalpur,153. Gopalpur,Naugachhia,,Naugachhia_6,Unreserved (Mahila),,,,,,,,,,,,,,,,,,,
Munger,Naugachhiya,26. Bhagalpur,153. Gopalpur,Rangrachowk,,Rangrachowk_9,Backward Class (Mahila),,,,,,,,,,,,,,,,,,,
Munger,Naugachhiya,26. Bhagalpur,153. Gopalpur,Rangrachowk,,Rangrachowk_9,Backward Class (Mahila),,,Manju Devi,7282999656.0,EBC,Teli,30.0,"-Husband Ex Mukhiya
-Ex Panchayat Samiti
-Contested ZP Election and got 6973 Votes",,,,,,,,,,,
Munger,Naugachhiya,26. Bhagalpur,153. Gopalpur,Rangrachowk,,Rangrachowk_9,Backward Class (Mahila),,,Rajeev Kumar,918051138870.0,EBC,Nishad,28.0,"-Contractor
-Foughtthe election of Matsya Jivi",,,,,,,,,,,
Munger,Naugachhiya,26. Bhagalpur,153. Gopalpur,Rangrachowk,,Rangrachowk_9,Backward Class (Mahila),,,Sindo Kumari,7979926699.0,OBC,Mandal,30.0,"-Ex BJP Prakhand Upadshyakh
-ZP Contestant  secure approx. 5000 votes
-Active for Jan Surraj ",,,,,,,,,,,
Munger,Naugachhiya,26. Bhagalpur,153. Gopalpur,Rangrachowk,,Rangrachowk_9,Backward Class (Mahila),,,Prashant Kumar Aman,9155228475.0,EBC,Pal,28.0,"-Teacher in Private School
-Very active for Jan urraj
-Chunav Prabhandan Samiti",,,,,,,,,,,
Munger,Bhagalpur,26. Bhagalpur,155. Kahalgaon,Goradih,,Goradih_20,Unreserved (Mahila),Vipin Kumar Mandal,Pranav Kumar urf Pappu Babu,MD. Gulam Shubhani Aka Md. Moon,8084605267.0,General ,Muslim,33.0,"Kahalgaon Vidhan Sabha Candidate (2015)
Secured around 16,000 votes
His mother-in-law is a two-time ZP Member..(Nagani Naz)
His mother is also Incumbent Zila Parishad(Kaka Shah)",,Sangathan,he has already formed the team.,,,,,,,,
Munger,Bhagalpur,26. Bhagalpur,155. Kahalgaon,Goradih,,Goradih_20,Unreserved (Mahila),Vipin Kumar Mandal,Pranav Kumar urf Pappu Babu,Nilu Kumari,7461075018.0,EBC,Kanu,35/45,"- Incumbent Sarpanch
- Continuos 2 times Sarpanch 2016, 2021",,Sangathan,he will fight if the seat get reserved for EBC,,,,,,,,
Munger,Bhagalpur,26. Bhagalpur,155. Kahalgaon,Goradih,,Goradih_20,Unreserved (Mahila),Vipin Kumar Mandal,Pranav Kumar urf Pappu Babu,,,,,,,,,,,,,,,,,
Munger,Bhagalpur,26. Bhagalpur,155. Kahalgaon,Goradih,,Goradih_20,Unreserved (Mahila),Vipin Kumar Mandal,Pranav Kumar urf Pappu Babu,,,,,,,,,,,,,,,,,
Munger,Bhagalpur,26. Bhagalpur,155. Kahalgaon,Goradih,,Goradih_20,Unreserved (Mahila),Vipin Kumar Mandal,Pranav Kumar urf Pappu Babu,,,,,,,,,,,,,,,,,
Munger,Bhagalpur,26. Bhagalpur,155. Kahalgaon,Goradih,,Goradih_21,Unreserved (Mahila),Vipin Kumar Mandal,Pranav Kumar urf Pappu Babu,Uma Shankar Rajak,9931039487.0,SC,Dhobi,48.0,"Two-time former ZP Member (2006–2016)
Two-term incumbent Mukhiya (2016–Present)
Mukhiya Sangh President (2021–Present)
District President of Rajak Mahasangh, Bhagalpur
Strong hold among the SC community.",Sanvidhan Samiti Sadasya,Onboarded,,,,,,,,,
Munger,Bhagalpur,26. Bhagalpur,155. Kahalgaon,Goradih,,Goradih_21,Unreserved (Mahila),Vipin Kumar Mandal,Pranav Kumar urf Pappu Babu,Bhawani Devi/ Santosh Kumar,8292829496.0,EBC,Tanti,31.0,"- ZP Runner Up Got 7000 Votes(2021)
- Fathar Was Two Time Mukhiya Runner Up(2011,2016)",Karyakarta of party,Onboarded,,,,,,,,,
Munger,Bhagalpur,26. Bhagalpur,155. Kahalgaon,Goradih,,Goradih_21,Unreserved (Mahila),Vipin Kumar Mandal,Pranav Kumar urf Pappu Babu,,,,,,,,,,,,,,,,,
Munger,Bhagalpur,26. Bhagalpur,155. Kahalgaon,Goradih,,Goradih_21,Unreserved (Mahila),Vipin Kumar Mandal,Pranav Kumar urf Pappu Babu,,,,,,,,,,,,,,,,,
Munger,Bhagalpur,26. Bhagalpur,155. Kahalgaon,Goradih,,Goradih_21,Unreserved (Mahila),Vipin Kumar Mandal,Pranav Kumar urf Pappu Babu,,,,,,,,,,,,,,,,,
Munger,Bhagalpur,26. Bhagalpur,155. Kahalgaon,Sonhaula,,Sonhaula_31,SC (Other),Vipin Kumar Mandal,Pranav Kumar urf Pappu Babu,Subhash Chandra Bhagat,8340695893.0,OBC,Kalwar,61.0,"2 terms Mukiya
PACs Adhyaksh
Mukhiya Sangh Adhyaksh",,Onboarded,"he will fight the election, Nigam Bhagat has suggested his name.",,,,,,,,
Munger,Bhagalpur,26. Bhagalpur,155. Kahalgaon,Sonhaula,,Sonhaula_31,SC (Other),Vipin Kumar Mandal,Pranav Kumar urf Pappu Babu,Md Ayub Ali,9801648263.0,General ,Muslim,58.0,"Sarpanch 2 terms (2006-16)
Runner up at Panchayat Smiti in 2016
Mukhiya Runner up in 2021",Karbhak Prakhand Adhyaksh,Sangathan,,,,,,,,,
Munger,Bhagalpur,26. Bhagalpur,155. Kahalgaon,Sonhaula,,Sonhaula_31,SC (Other),Vipin Kumar Mandal,Pranav Kumar urf Pappu Babu,,,,,,,,,,,,,,,,,
Munger,Bhagalpur,26. Bhagalpur,155. Kahalgaon,Sonhaula,,Sonhaula_31,SC (Other),Vipin Kumar Mandal,Pranav Kumar urf Pappu Babu,,,,,,,,,,,,,,,,,
Munger,Bhagalpur,26. Bhagalpur,155. Kahalgaon,Sonhaula,,Sonhaula_31,SC (Other),Vipin Kumar Mandal,Pranav Kumar urf Pappu Babu,,,,,,,,,,,,,,,,,
Munger,Bhagalpur,26. Bhagalpur,155. Kahalgaon,Sonhaula,,Sonhaula_30,Unreserved (Mahila),Vipin Kumar Mandal,Pranav Kumar urf Pappu Babu,Manjar Alam,9934773232.0,OBC,Muslim,37.0,"Manjar Alam | Male | 37 | Minority | Maradiya | Incumbent Mukhiya

-Incumbent 2 terms Mukhiya, 2016 To Till Date
-Incumbent Mukhiya Sangh Adhyaksh, 2021 To Till Date 
-Incumbent Maradia Muslim Adhyaksh, 2017 To Till Date
-Former JDU Minority Cell Zila Mahaschiv, 2015 To 2023
-Former NSUI Mahasachiv, 2006 To 20014
-Former Jan Suraaj Yuva Zila Adhyaksh",Former Jan Suraaj Yuva Zila Adhyaksh,Sangathan,he will fight the election.,,,,,,,,
Munger,Bhagalpur,26. Bhagalpur,155. Kahalgaon,Sonhaula,,Sonhaula_30,Unreserved (Mahila),Vipin Kumar Mandal,Pranav Kumar urf Pappu Babu,Rahul Kumar (Kulkarni),7250693538.0,EBC,Dhanuk,30.0,Incumbent Panchayat Smiti,"Prakhand Sanyojak
PRI Applicant",Sangathan Dump,"he will fight the election, he has been working for last 3 years to contest this ZP election. Party members has stopped calling you, he is an active politician.",,,,,,,,
Munger,Bhagalpur,26. Bhagalpur,155. Kahalgaon,Sonhaula,,Sonhaula_30,Unreserved (Mahila),Vipin Kumar Mandal,Pranav Kumar urf Pappu Babu,,,,,,,,,,,,,,,,,
Munger,Bhagalpur,26. Bhagalpur,155. Kahalgaon,Sonhaula,,Sonhaula_30,Unreserved (Mahila),Vipin Kumar Mandal,Pranav Kumar urf Pappu Babu,,,,,,,,,,,,,,,,,
Munger,Bhagalpur,26. Bhagalpur,155. Kahalgaon,Sonhaula,,Sonhaula_30,Unreserved (Mahila),Vipin Kumar Mandal,Pranav Kumar urf Pappu Babu,,,,,,,,,,,,,,,,,
Munger,Bhagalpur,26. Bhagalpur,158. Nathnagar,Nathnagar,,Nathnagar_15,Unreserved (Other),Vipin Kumar Mandal,Pranav Kumar urf Pappu Babu,Rinku Raaj/Chandarshekhar Prasad,8051905901.0,OBC,Yadav,36.0,"- Former Two Time ZP(2006,2016)
- ZP Runner  Up Got 6800 Vote(2021)",,Onboarded,,,,,,,,,
Munger,Bhagalpur,26. Bhagalpur,158. Nathnagar,Nathnagar,,Nathnagar_15,Unreserved (Other),Vipin Kumar Mandal,Pranav Kumar urf Pappu Babu,Vineet Chaudhary,8002380883.0,General ,Bhumihar,38.0,"- De facto Sarpanch runner up
- BDC runner up 
- He good hold in youth of 2 panchayat nemed rannuchak & raghopur",Zila Sachiv,Sangathan Dump,,,,,,,,,
Munger,Bhagalpur,26. Bhagalpur,158. Nathnagar,Nathnagar,,Nathnagar_15,Unreserved (Other),Vipin Kumar Mandal,Pranav Kumar urf Pappu Babu,,,,,,,,,,,,,,,,,
Munger,Bhagalpur,26. Bhagalpur,158. Nathnagar,Nathnagar,,Nathnagar_15,Unreserved (Other),Vipin Kumar Mandal,Pranav Kumar urf Pappu Babu,,,,,,,,,,,,,,,,,
Munger,Bhagalpur,26. Bhagalpur,158. Nathnagar,Nathnagar,,Nathnagar_15,Unreserved (Other),Vipin Kumar Mandal,Pranav Kumar urf Pappu Babu,,,,,,,,,,,,,,,,,
Munger,Bhagalpur,26. Bhagalpur,158. Nathnagar,Nathnagar,,Nathnagar_14,Unreserved (Other),Vipin Kumar Mandal,Pranav Kumar urf Pappu Babu,Anand Lataa Kumari,9934920050.0,OBC,Yadav,60.0,"4-Time ZP Contestant and Former ZP member (2006 winner), securing around 4,000 votes in the last ZP election 2021.",,Onboarded,she wants to join our party and fight the election this time.,,,,,,,,
Munger,Bhagalpur,26. Bhagalpur,158. Nathnagar,Nathnagar,,Nathnagar_14,Unreserved (Other),Vipin Kumar Mandal,Pranav Kumar urf Pappu Babu,Sanjeev Kumar Chaudhari,9934016711.0,General ,Bhumihar,44.0,"- ZP Ist Runner Up Got 6700 Votes(2021)
- ZP 4th Runeer Up Got 4200 Votes(2016)
- JSP Sansthapak Sadas(2022)
",,Onboarded,,,,,,,,,
Munger,Bhagalpur,26. Bhagalpur,158. Nathnagar,Nathnagar,,Nathnagar_14,Unreserved (Other),Vipin Kumar Mandal,Pranav Kumar urf Pappu Babu,,,,,,,,,,,,,,,,,
Munger,Bhagalpur,26. Bhagalpur,158. Nathnagar,Nathnagar,,Nathnagar_14,Unreserved (Other),Vipin Kumar Mandal,Pranav Kumar urf Pappu Babu,,,,,,,,,,,,,,,,,
Munger,Bhagalpur,26. Bhagalpur,158. Nathnagar,Nathnagar,,Nathnagar_14,Unreserved (Other),Vipin Kumar Mandal,Pranav Kumar urf Pappu Babu,,,,,,,,,,,,,,,,,
Munger,Bhagalpur,26. Bhagalpur,158. Nathnagar,Sabour,,Sabour_19,Unreserved (Other),Vipin Kumar Mandal,Pranav Kumar urf Pappu Babu,Sikandar Paswan,8340433360.0,SC,Paswan,62.0,"Sikander Paswan | Male | 62 | SC | Paswan | Retired Govt Employee

-Lawyer at Session Court
-Retired Govt Employee
-Jan Suraaj Prakhand Prabhari & State Working Committee Member
Runner up at Panchayat Smiti in 2016(wife)
ACC in 2025",अम्बेडकर मंच प्रभारी,Sangathan,he will fight if the seat get reserved.,,,,,,,,
Munger,Bhagalpur,26. Bhagalpur,158. Nathnagar,Sabour,,Sabour_19,Unreserved (Other),Vipin Kumar Mandal,Pranav Kumar urf Pappu Babu,Nisha Gupta,9304039252.0,EBC,Kanu,45.0,"Runs a private school
Education: CS",Vidhan Sabha Chunav Prabandhan Samiti,Sangathan Dump,,,,,,,,,
Munger,Bhagalpur,26. Bhagalpur,158. Nathnagar,Sabour,,Sabour_19,Unreserved (Other),Vipin Kumar Mandal,Pranav Kumar urf Pappu Babu,Mirtunjay Mandal,6201910589.0,EBC,Gangota,50.0,"- Former Mukhiya (2011-2016) 
- Sarpanch Runner-up (2021) 
- Social activities specially flood issue",,Sangathan,,,,,,,,,
Munger,Bhagalpur,26. Bhagalpur,158. Nathnagar,Sabour,,Sabour_19,Unreserved (Other),Vipin Kumar Mandal,Pranav Kumar urf Pappu Babu,,,,,,,,,,,,,,,,,
Munger,Bhagalpur,26. Bhagalpur,158. Nathnagar,Sabour,,Sabour_19,Unreserved (Other),Vipin Kumar Mandal,Pranav Kumar urf Pappu Babu,,,,,,,,,,,,,,,,,
Munger,Bhagalpur,26. Bhagalpur,158. Nathnagar,Sabour,,Sabour_18,Unreserved (Other),Vipin Kumar Mandal,Pranav Kumar urf Pappu Babu,Jaya Prakaash Mandal,9431875772.0,EBC,Dhanuk,59.0,"Incumbent ZP
- First time ZP Contasted Got 6000 Votes(2021)
Runner up in 2016 Zila Parishad.",,Onboarded,"he has joined the party 2 years before, is ready to form the committee.",,,,,,,,
Munger,Bhagalpur,26. Bhagalpur,158. Nathnagar,Sabour,,Sabour_18,Unreserved (Other),Vipin Kumar Mandal,Pranav Kumar urf Pappu Babu,Ashish Mani,7979784705.0,General ,Brahmin,39.0,"- BDC 2016-2021
- Runner Up In Nagar Panchayat Adhyaksh Election 2021 
- Organize blood donation camps weekly Basis 
- Owner of a coaching centre ( Ashish Coaching ) ",Vidhan Sabha Chunav Prabandhan Samiti,Sangathan Dump,he will fight if prashant ji give his permission.,,,,,,,,
Munger,Bhagalpur,26. Bhagalpur,158. Nathnagar,Sabour,,Sabour_18,Unreserved (Other),Vipin Kumar Mandal,Pranav Kumar urf Pappu Babu,Anupam Kumar,7667527821.0,EBC,Gangota,28.0,"Runner up at ZP 2021. 
got 2024 votes
Education: Graduation",PRI Applicant,Sangathan Dump,,,,,,,,,
Munger,Bhagalpur,26. Bhagalpur,158. Nathnagar,Sabour,,Sabour_18,Unreserved (Other),Vipin Kumar Mandal,Pranav Kumar urf Pappu Babu,,,,,,,,,,,,,,,,,
Munger,Bhagalpur,26. Bhagalpur,158. Nathnagar,Sabour,,Sabour_18,Unreserved (Other),Vipin Kumar Mandal,Pranav Kumar urf Pappu Babu,,,,,,,,,,,,,,,,,
Munger,Bhagalpur,26. Bhagalpur,154. Pirpainti,Pirpainti,,Pirpainti_29,Unreserved (Other),Vipin Kumar Mandal,Pranav Kumar urf Pappu Babu,Prins Kumar,9973314002.0,ST,Santhal,31.0,"- Fisrt Time ZP Contastant Got 3000 Votes(2021)
B.Tech. from Amity University Patna",,Onboarded,,,,,,,,,
Munger,Bhagalpur,26. Bhagalpur,154. Pirpainti,Pirpainti,,Pirpainti_29,Unreserved (Other),Vipin Kumar Mandal,Pranav Kumar urf Pappu Babu,Hareram Yadav,7033872580.0,OBC,Yadav,52.0,"-Hareram Yadav | Male | 52 | OBC | Yadav | Loksabha Contestant

-Former Loksabha Contestant(2024), Bhagalpur, Got 12258 Votes
-Former ZP Contestant(2016), Got 1100 Votes
-Farming
-Jan Suraaj State Committee Member",Jan Suraaj State Committee Member,Sangathan,"he will give his candidate, he said to write down his name and number, anyone from his family will contest.",,,,,,,,
Munger,Bhagalpur,26. Bhagalpur,154. Pirpainti,Pirpainti,,Pirpainti_29,Unreserved (Other),Vipin Kumar Mandal,Pranav Kumar urf Pappu Babu,Md. Sonu,7759900236.0,General ,Muslim,28.0,"-Incumbent Panchayat Smiti Prathinidhi(2021-Present)
-Work as a Journalist 2014(Prabhat khabar)
- RJD Prakhand VP(2016-2019)",JSV,Sangathan,he will fight if party supports him.,,,,,,,,
Munger,Bhagalpur,26. Bhagalpur,154. Pirpainti,Pirpainti,,Pirpainti_29,Unreserved (Other),Vipin Kumar Mandal,Pranav Kumar urf Pappu Babu,,,,,,,,,,,,,,,,,
Munger,Bhagalpur,26. Bhagalpur,154. Pirpainti,Pirpainti,,Pirpainti_29,Unreserved (Other),Vipin Kumar Mandal,Pranav Kumar urf Pappu Babu,,,,,,,,,,,,,,,,,
Munger,Bhagalpur,26. Bhagalpur,154. Pirpainti,Pirpainti,,Pirpainti_26,ST (Other),Vipin Kumar Mandal,Pranav Kumar urf Pappu Babu,Vikki Raani,6200398082.0,ST,Santhal,34.0,"- Incumbent ZP(2021)
- ZP Ist Runner Got 5542 votes(2016)
- Former Mukhiya(2021)",,Onboarded,she is an incumbent ZP.,,,,,,,,
Munger,Bhagalpur,26. Bhagalpur,154. Pirpainti,Pirpainti,,Pirpainti_26,ST (Other),Vipin Kumar Mandal,Pranav Kumar urf Pappu Babu,Sushil Thakur,8210142811.0,General ,Bhumihar,41.0,"- Ex-Bjp Yuva Morcha Block Mahamantri 
- Ex Mukhiya Runner up in 2021
- A Transport Businessperson 
- Own 10 Truck 
- Big Landlord ",,Sangathan,"her family fought the election for the first time in 2021. seems cool and educated person, can move forward with him.",,,,,,,,
Munger,Bhagalpur,26. Bhagalpur,154. Pirpainti,Pirpainti,,Pirpainti_26,ST (Other),Vipin Kumar Mandal,Pranav Kumar urf Pappu Babu,Shailesh Kumar Das,7033534952.0,SC,Chamar,44.0,"- 2Term Ward Sadasya
- His brother Rajeev das was Sarpanch Sangh Prakhand Adhyaksh (2011-16)
-Founder and head of Nari Gram Shakti, An NGO with over 2000+ active members.","Vidhan Sabha Chunav Prabandhan Samiti
",Sangathan Dump,he will fight if the seat get reserved.,,,,,,,,
Munger,Bhagalpur,26. Bhagalpur,154. Pirpainti,Pirpainti,,Pirpainti_26,ST (Other),Vipin Kumar Mandal,Pranav Kumar urf Pappu Babu,,,,,,,,,,,,,,,,,
Munger,Bhagalpur,26. Bhagalpur,154. Pirpainti,Pirpainti,,Pirpainti_26,ST (Other),Vipin Kumar Mandal,Pranav Kumar urf Pappu Babu,,,,,,,,,,,,,,,,,
Munger,Bhagalpur,26. Bhagalpur,154. Pirpainti,Pirpainti,,Pirpainti_28,Unreserved (Other),Vipin Kumar Mandal,Pranav Kumar urf Pappu Babu,Md. Parwez Alam,9931197311.0,EBC,Muslim,42.0,"Incumbent ZP
Two-term Mukhiya (2006 & 2016)
Two-term ZP Member (2016–Present)
Medium-scale farmer owning 10 bighas of mango orchard.",,Onboarded,"he is a fan of Prashant, wanted to join the party.",,,,,,,,
Munger,Bhagalpur,26. Bhagalpur,154. Pirpainti,Pirpainti,,Pirpainti_28,Unreserved (Other),Vipin Kumar Mandal,Pranav Kumar urf Pappu Babu,Kamlesh Kumar Yadav,9631084468.0,OBC,Yadav,39.0,"ZP Ruuner Got 3800+ Votes in 2021 ZP Election.
 Retired Army Officer",,Onboarded,,,,,,,,,
Munger,Bhagalpur,26. Bhagalpur,154. Pirpainti,Pirpainti,,Pirpainti_28,Unreserved (Other),Vipin Kumar Mandal,Pranav Kumar urf Pappu Babu,,,,,,,,,,,,,,,,,
Munger,Bhagalpur,26. Bhagalpur,154. Pirpainti,Pirpainti,,Pirpainti_28,Unreserved (Other),Vipin Kumar Mandal,Pranav Kumar urf Pappu Babu,,,,,,,,,,,,,,,,,
Munger,Bhagalpur,26. Bhagalpur,154. Pirpainti,Pirpainti,,Pirpainti_28,Unreserved (Other),Vipin Kumar Mandal,Pranav Kumar urf Pappu Babu,,,,,,,,,,,,,,,,,
Munger,Bhagalpur,26. Bhagalpur,154. Pirpainti,Pirpainti,,Pirpainti_27,Unreserved (Other),Vipin Kumar Mandal,Pranav Kumar urf Pappu Babu,Kishore Chaudhary,9546573021.0,SC,Pasi,53.0,"-Former ZP Contestant(2016), Got 1100 Votes
-Former Loksabha Contestant(2024), Bhagalpur, Got 12258 Votes
-Farming
-Jan Suraaj State Committee Member",अम्बेडकर मंच अध्यक्ष,Sangathan,he will fight the election if seat is reserved for SC,,,,,,,,
Munger,Bhagalpur,26. Bhagalpur,154. Pirpainti,Pirpainti,,Pirpainti_27,Unreserved (Other),Vipin Kumar Mandal,Pranav Kumar urf Pappu Babu,Bhupendra Mandal,9801738481.0,SC,Nat,46.0,"- 2term ZP Contestant
-Worked as an RJD party member
for 5 years.
-Contested MLA Independent in
2010 (3,000+ vote)",,Sangathan Dump,,,,,,,,,
Munger,Bhagalpur,26. Bhagalpur,154. Pirpainti,Pirpainti,,Pirpainti_27,Unreserved (Other),Vipin Kumar Mandal,Pranav Kumar urf Pappu Babu,Umesh Kumar Singh,7070269671.0,Gen,Rajput,54.0,"- Sarpanch Sangh Vice President of Pirpanti block
-1st  term incumbent Sarpanch
- Big Farmer owns 200 Bighas of land","Anumandal Upadhyaksh
Vidhan Sabha Chunav Prabandhan Samiti",Sangathan Dump,"if party supports him, then he will fight",,,,,,,,
Munger,Bhagalpur,26. Bhagalpur,154. Pirpainti,Pirpainti,,Pirpainti_27,Unreserved (Other),Vipin Kumar Mandal,Pranav Kumar urf Pappu Babu,,,,,,,,,,,,,,,,,
Munger,Bhagalpur,26. Bhagalpur,154. Pirpainti,Pirpainti,,Pirpainti_27,Unreserved (Other),Vipin Kumar Mandal,Pranav Kumar urf Pappu Babu,,,,,,,,,,,,,,,,,
Munger,Jamui,40. Jamui (SC),242. Jhajha,Jhajha,,Jhajha_15,Backward Class (Others),Dulari Devi,,Mohammad Sajjad Ansari,9934904074.0,Minority,Muslim,51.0,"Mohamad Sajjad Ansari | 51 | EBC | Muslim
Former Ward Parshad (2012–2017)
ZP Runner-up (2021) – Secured 6,600 votes
Political inclination – Neutral",,Onboarded,Seat no 15/3,,,,,,,,
Munger,Jamui,40. Jamui (SC),242. Jhajha,Jhajha,,Jhajha_15,Backward Class (Others),Dulari Devi,,Rakesh Kumar Verma,7004535442.0,Ebc,Chandrawanshi,45.0,"Rakesh Kumar Verma | 50 | EBC | Chandravanshi

- Contestant, Zila Parishad Election 2021 – Runner-up
- Profession: Property Dealer",,ZP Contestant,,,,,,,,,
Munger,Jamui,40. Jamui (SC),242. Jhajha,Jhajha,,Jhajha_15,Backward Class (Others),Dulari Devi,,,,,,,,,,,,,,,,,,
Munger,Jamui,40. Jamui (SC),242. Jhajha,Jhajha,,Jhajha_15,Backward Class (Others),Dulari Devi,,,,,,,,,,,,,,,,,,
Munger,Jamui,40. Jamui (SC),242. Jhajha,Jhajha,,Jhajha_15,Backward Class (Others),Dulari Devi,,,,,,,,,,,,,,,,,,
Munger,Bhagalpur,27. Banka,157. Sultanganj,Shahkund,,Shahkund_12,Backward Class (Mahila),Vipin Kumar Mandal,Pranav Kumar urf Pappu Babu,Rakesh Kumar Yadav,"9973755479
9162449777",OBC,Yadav,50.0,"MLA contestant from JSP in 2025
Father was Mukhiya
Father was Zila Parishad (2001-06)
Bhabhi is incumbent Mukhiya",प्रभारी,Sangathan,"he will give his candidate, either contest himself or make his brother contest the election. if party finds someone more qualified, he will support that candidate.",,,,,,,,
Munger,Bhagalpur,27. Banka,157. Sultanganj,Shahkund,,Shahkund_12,Backward Class (Mahila),Vipin Kumar Mandal,Pranav Kumar urf Pappu Babu,Manju Devi/Sadanand,9572204346.0,EBC,Dhanuk,65.0,"- ZP Runner Up Got 10400 Votes(2021)
- JSP Perkhand Mahila Adhiyaks(2022 to Till date)
- Former Mukhiya Runner Up Got 850 Votes(2016)
",JSP Karyakarta,Onboarded,will fight with party.,,,,,,,,
Munger,Bhagalpur,27. Banka,157. Sultanganj,Shahkund,,Shahkund_12,Backward Class (Mahila),Vipin Kumar Mandal,Pranav Kumar urf Pappu Babu,Pankaj Kumar,9570339039.0,OBC,Yadav,53.0,"-De-facto Mukhiya (2021-Present)
- Ex Mukhiya (2001 to 2006)
-Ex-Army Man from 1988 to 1993
-VS contestant 2020, secured 1000 votes",ACC,Sangathan,will fight both ZP and MLA election.,,,,,,,,
Munger,Bhagalpur,27. Banka,157. Sultanganj,Shahkund,,Shahkund_12,Backward Class (Mahila),Vipin Kumar Mandal,Pranav Kumar urf Pappu Babu,Sanjay Das,7004834992.0,SC,Ravidas,50.0,"Runner up Panchayat Samiti (100-150 votes)
Stronghold on SC community 
Brother was runner up in Sarpanch election (2021)",Vidhan Sabha Chunav Prabandhan Samiti,Sangathan,he will fight if the seat is rserved.,,,,,,,,
Munger,Bhagalpur,27. Banka,157. Sultanganj,Shahkund,,Shahkund_12,Backward Class (Mahila),Vipin Kumar Mandal,Pranav Kumar urf Pappu Babu,,,,,,,,,,,,,,,,,
Munger,Bhagalpur,27. Banka,157. Sultanganj,Shahkund,,Shahkund_13,Backward Class (Others),Vipin Kumar Mandal,Pranav Kumar urf Pappu Babu,Mamta Sharma,7667698983.0,General ,Bhumihar,50.0,"Mamta Sharma | 50 | Female | General | Bhumihar

- Incumbent BDC (2021-Present).
- Ex INC District  Vice President Women Cell.
- Her Grandfather was MLA In 1965.
- Her Elder Brother was Mukhiya from 2011 to 2021.
- Her Grandfather  is Founder of Banarasi.
-  Sharma College in Shahkund.",,Sangathan,,,,,,,,,
Munger,Bhagalpur,27. Banka,157. Sultanganj,Shahkund,,Shahkund_13,Backward Class (Others),Vipin Kumar Mandal,Pranav Kumar urf Pappu Babu,Ritu Raj Singh,8210676896.0,General ,Rajput,29.0,"1st time going to fight
Runs Construction material shop
contractor
in party from the very beginning",,Sangathan,"Manish kr, a member of our party advocated his name, he may be young but looks confident and looks like he has economical backing.",,,,,,,,
Munger,Bhagalpur,27. Banka,157. Sultanganj,Shahkund,,Shahkund_13,Backward Class (Others),Vipin Kumar Mandal,Pranav Kumar urf Pappu Babu,Prince Kumar Mishra,9801199816.0,General ,Brahmin,49.0,"""Prince Kumar Mishra | Male | 49 | General | Brahmin | PACS Contestant

-Former PACS Contestant(2024), Got 173 Votes
-Former BJP Youth Wing (2007 To 2010)
-Former BJP Zila Karyasamiti Sadasya(2010 To 2014)
-Former BJP Prakhand Mahamantri(2014 To 2017)
-LIC Agent""
-",,Sangathan Dump,he will support the party's candidate. if party decided his name then only he will fight.,,,,,,,,
Munger,Bhagalpur,27. Banka,157. Sultanganj,Shahkund,,Shahkund_13,Backward Class (Others),Vipin Kumar Mandal,Pranav Kumar urf Pappu Babu,Chandrahas Mandal,7091394111.0,EBC,Gangota,42.0,"-ZP 2nd Runner-Up secured 3700 votes in 2016
-ZP 3rd Runnerup secured 3300 Votes in 2021
-JDU Youth Wing District Secretary (2016-2021)
-Secretary of Bhagalpur Brick Kiln association
-Owns 2 Brick Kiln
-Owner of Construction Material Shop",Vidhan Sabha Chunav Prabandhan Samiti,Sangathan Dump,"if the seat no 12/13, whichever seat isnot reserved for women, he will fight from there.",,,,,,,,
Munger,Bhagalpur,27. Banka,157. Sultanganj,Shahkund,,Shahkund_13,Backward Class (Others),Vipin Kumar Mandal,Pranav Kumar urf Pappu Babu,,,,,,,,,,,,,,,,,
Munger,Bhagalpur,27. Banka,157. Sultanganj,Sultanganj,,Sultanganj_10,Unreserved (Mahila),Vipin Kumar Mandal,Pranav Kumar urf Pappu Babu,Anil Mandal,9939263428.0,EBC,Dhanuk,55.0,"
- 3 Time Mukhiya (2016-Present).
- Winning on a Forward-Backward Tussel.
- ZP Contestant secured 2000 Votes in 2006.
- RJD Youth Wing Block General Secretary (2007-2009).
- RJD Youth District General Secretary (2009-2012).","Karpoori Manch
 State Vice President",Sangathan,he will fight this time if the seat get reservec. ,,,,,,,,
Munger,Bhagalpur,27. Banka,157. Sultanganj,Sultanganj,,Sultanganj_10,Unreserved (Mahila),Vipin Kumar Mandal,Pranav Kumar urf Pappu Babu,Suneeta Devi/ Chandrahas Kumar,7091394111.0,EBC,Gangota,42.0,"- ZP Runeer Up Got 2800 Votes(2021)
- Former Mukhiya(2016)
- Former Ist Mukhiya Runner Up Got 2200 Votes(2016)",,Onboarded,"earlier his bhabhi sunita devi was contesting due to seat being reserved.if seat is not reserved for women, he wil contest.",,,,,,,,
Munger,Bhagalpur,27. Banka,157. Sultanganj,Sultanganj,,Sultanganj_10,Unreserved (Mahila),Vipin Kumar Mandal,Pranav Kumar urf Pappu Babu,Anil Kumar Mandal,9431872971.0,EBC,Dhanuk,55.0,"-Incumbent Mukhiya (2021- Present)
-De-facto BDC (2016-21)
-2 times De-facto Mukhiya (2006-2016)
-District General Secretary, JDU(2015-18)
-JDU Block Adhyaksh(2013-14)",,Sangathan,,,,,,,,,
Munger,Bhagalpur,27. Banka,157. Sultanganj,Sultanganj,,Sultanganj_10,Unreserved (Mahila),Vipin Kumar Mandal,Pranav Kumar urf Pappu Babu,Meena Devi,6201137873.0,EBC,tati,50.0,"- Incumbent BDC,Tanti",,Sangathan Dump,,,,,,,,,
Munger,Bhagalpur,27. Banka,157. Sultanganj,Sultanganj,,Sultanganj_10,Unreserved (Mahila),Vipin Kumar Mandal,Pranav Kumar urf Pappu Babu,,,,,,,,,,,,,,,,,
Munger,Bhagalpur,27. Banka,157. Sultanganj,Sultanganj,,Sultanganj_11,SC (Other),Vipin Kumar Mandal,Pranav Kumar urf Pappu Babu,Upendra Paswan,8294129622.0,SC,Dusadh,49.0,"- ZP Runner Up Got 5174 Votes(2021)
- ZP Runne Up Got 4900 Votes(2016)
- JSP Zila Kosha Adhiyaks(2023 to Till Date)",,Onboarded,"if the seat get reserved, he will fight the election.",,,,,,,,
Munger,Bhagalpur,27. Banka,157. Sultanganj,Sultanganj,,Sultanganj_11,SC (Other),Vipin Kumar Mandal,Pranav Kumar urf Pappu Babu,Rahul Yadav,9708778481.0,OBC,Yadav,45.0,"- Former two times Ward Parshad(2011-21)
- Contested AC election (Sultanganj AC) got 4600 votes.",,Sangathan Dump,,,,,,,,,
Munger,Bhagalpur,27. Banka,157. Sultanganj,Sultanganj,,Sultanganj_11,SC (Other),Vipin Kumar Mandal,Pranav Kumar urf Pappu Babu,Arun Das,9709697239.0,SC,Chamar,42.0,"Arun Das | 40 | Chamar

- Incumbent ZP from seat No.11 from Sultanganj (2021-Present).    
 -Founder and Head of SC ST Sangh Bhagalpur 
-Incumbent PACS President  (2009-2019)",Core committee member,Sangathan,he will fight for sure.,,,,,,,,
Munger,Bhagalpur,27. Banka,157. Sultanganj,Sultanganj,,Sultanganj_11,SC (Other),Vipin Kumar Mandal,Pranav Kumar urf Pappu Babu,Pardeep Kumar,7004795443.0,EBC,Teli,30.0,"Persuing MSc from Bhagalpur University
Sansthapak Sadasya Jan Suraj
Digital Maha Yodha",PRI Applicant,Sangathan Dump,"he is economically not sounded, will move forward if party supports him financially.",,,,,,,,
Munger,Bhagalpur,27. Banka,157. Sultanganj,Sultanganj,,Sultanganj_11,SC (Other),Vipin Kumar Mandal,Pranav Kumar urf Pappu Babu,,,,,,,,,,,,,,,,,
Munger,Munger,28. Munger,165. Munger,Munger Sadar,,Munger Sadar_1,Unreserved (Other),,,Sanjay Yadav,7903988653.0,OBC,Yadav,54.0,- ZP 3rd Runner Up Got 2200 Votes(2021,,,,,,,,,,,
Munger,Munger,28. Munger,165. Munger,Munger Sadar,,Munger Sadar_1,Unreserved (Other),,,Vinay Kumar Singh,9608538079.0,EBC,Dhanuk,55.0,-Incumbent Sarpanch,,,,,,,,,,,
Munger,Munger,28. Munger,165. Munger,Munger Sadar,,Munger Sadar_1,Unreserved (Other),,,,,,,,,,,,,,,,,,,
Munger,Munger,28. Munger,165. Munger,Munger Sadar,,Munger Sadar_1,Unreserved (Other),,,,,,,,,,,,,,,,,,,
Munger,Munger,28. Munger,165. Munger,Munger Sadar,,Munger Sadar_1,Unreserved (Other),,,,,,,,,,,,,,,,,,,
Munger,Munger,28. Munger,165. Munger,Munger Sadar,,Munger Sadar_2,Backward Class (Others),,,Najma Khatun,6203427413.0,Minority,Muslim,43.0,"- ZP 3rd Runner Up Got 5800 Votes(2021)
- ZP Runner Up Got 4500(2011)",,,,,,,,,,,
Munger,Munger,28. Munger,165. Munger,Munger Sadar,,Munger Sadar_2,Backward Class (Others),,,Saheb Malik,9709965906.0,Minority,Muslim,57.0,"Md Shahab Malik | Male | 57| Minority 

-Former RJD Zila Adhyaksh , Minority Cell (2017-2020)
 -Incumbent ITC,Munger Workers Union Mahamantri
 - ZP Runnerup in 2021, secured 7500 Votes
 -Former RJD Member(1997 to 2020)
 -Former Congress Block President(1996 to 2000)
 -Jan Suraaj State Core Committee Member",,,,,,,,,,,
Munger,Munger,28. Munger,165. Munger,Munger Sadar,,Munger Sadar_2,Backward Class (Others),,,Bhibhanshu Nirala,8210011484.0,OBC,Yadav,49.0,- EX Pramukh ,,,,,,,,,,,
Munger,Munger,28. Munger,165. Munger,Munger Sadar,,Munger Sadar_2,Backward Class (Others),,,,,,,,,,,,,,,,,,,
Munger,Munger,28. Munger,165. Munger,Munger Sadar,,Munger Sadar_2,Backward Class (Others),,,,,,,,,,,,,,,,,,,
Munger,Munger,28. Munger,166. Jamalpur,Jamalpur,,Jamalpur_3,Unreserved (Mahila),,,Priyanka Devi/lakhan kumar,8102358202.0,OBC,Yadav,35.0,"1st Time Contested In ZP Election Secured 5902 votes.
Paint Shop Owner ",,1st Runnerup,,,,,,,,,
Munger,Munger,28. Munger,166. Jamalpur,Jamalpur,,Jamalpur_3,Unreserved (Mahila),,,Anitesh Singh,8825253343.0,General ,Bhumihar,47.0,"Anitesh Kumar| 47|Male| General| Bhumihar
- Zila Adhyaksha of JDU Zila Shiksha Parkosth (2021- Present)
- Pradesh Sachiv of Main Wing JD(U) (2018-19)
-  JDU Yuva Pradesh Mahasaachiv (2014-18)
- Member of Media Cell JD(U) (2019-21)
- His wife contested in ZP election in 2021 from Jamalpur and got 7000 votes ",,Sangathan,,,,,,,,,
Munger,Munger,28. Munger,166. Jamalpur,Jamalpur,,Jamalpur_3,Unreserved (Mahila),,,,,,,,,,Runnerup ZP,,,,,,,,,
Munger,Munger,28. Munger,166. Jamalpur,Jamalpur,,Jamalpur_3,Unreserved (Mahila),,,,,,,,,,,,,,,,,,,
Munger,Munger,28. Munger,166. Jamalpur,Jamalpur,,Jamalpur_3,Unreserved (Mahila),,,,,,,,,,,,,,,,,,,
Munger,Munger,28. Munger,166. Jamalpur,Dharhara,,Dharhara_4,Unreserved (Mahila),,,Neetu Kumari/Himanshu Kr Nirala,6201237895.0,OBC,Yadav,33.0,"Incumbent Zila Parishad Member, Former 2016 Zila Parishad Contestant, RJD Prakhand Pradhan Mahasachiv, and Farmer by Profession",,,,,,,,,,,
Munger,Munger,28. Munger,166. Jamalpur,Dharhara,,Dharhara_4,Unreserved (Mahila),,,Kumari Jyoti Sinha/V.K. Mahta,9560967479.0,OBC,Kurmi,34.0,"- Former ZP Runner Up Got 3600 Votes(2021)
-  His construction business in Gurgaon.",,,,,,,,,,,
Munger,Munger,28. Munger,166. Jamalpur,Dharhara,,Dharhara_4,Unreserved (Mahila),,,Rakesh Gop,6207557911.0,OBC,Yadav,39.0,"""Rakesh Kumar Gop| 39| Male| OBC| Yadav

 Defacto Mukhiya 2016-2021
- ⁠ ZP 1st Runner up  5000 Votes (2021)
-Father Is One Time Mukhiya (2001-2006)
- Rjd District Yuva VP (2018-20)""",,,,,,,,,,,
Munger,Munger,28. Munger,166. Jamalpur,Dharhara,,Dharhara_4,Unreserved (Mahila),,,,,,,,,,,,,,,,,,,
Munger,Munger,28. Munger,166. Jamalpur,Dharhara,,Dharhara_4,Unreserved (Mahila),,,,,,,,,,,,,,,,,,,
Munger,Munger,28. Munger,166. Jamalpur,Dharhara,,Dharhara_5,Unreserved (Mahila),,,Aashaa Raay,8292716159.0,OBC,Yadav,64.0,"- ZP Ist Runner Up Got 6600 Votes(2021)
- Former Two Time Mukhiya(2006,2011)
",,,,,,,,,,,
Munger,Munger,28. Munger,166. Jamalpur,Dharhara,,Dharhara_5,Unreserved (Mahila),,,Aruna Raay ,8002766241.0,OBC,Yadav,55.0,,,Runnerup ZP,,,,,,,,,
Munger,Munger,28. Munger,166. Jamalpur,Dharhara,,Dharhara_5,Unreserved (Mahila),,,,,,,,,,,,,,,,,,,
Munger,Munger,28. Munger,166. Jamalpur,Dharhara,,Dharhara_5,Unreserved (Mahila),,,,,,,,,,,,,,,,,,,
Munger,Munger,28. Munger,166. Jamalpur,Dharhara,,Dharhara_5,Unreserved (Mahila),,,,,,,,,,,,,,,,,,,
Munger,Munger,28. Munger,165. Munger,Bariyarpur,,Bariyarpur_6,Unreserved (Mahila),,,Dolly Kumari,8051434094.0,EBC,Gangota,26.0,"First-time ZP election contestant
Secured 2,496 votes
Family business is related to the agro sector.",,Onboarded,,,,,,,,,
Munger,Munger,28. Munger,165. Munger,Bariyarpur,,Bariyarpur_6,Unreserved (Mahila),,,Chitra Devi/Dharmendra kumar,7549392305.0,OBC,Kurmi,36.0,"Incumbent  BDC 2016, 
1st Time Contested in ZP Election Got 1851 Votes.",,Onboarded,,,,,,,,,
Munger,Munger,28. Munger,165. Munger,Bariyarpur,,Bariyarpur_6,Unreserved (Mahila),,,Sarita Kumari,9525425925.0,EBC,Gangota,48.0,"- ZP Runner Up Got Votes 2001(2021)
- Two Time Mukhiya Runner(2016,2011,)
- Former BDC(2006)",,,,,,,,,,,
Munger,Munger,28. Munger,165. Munger,Bariyarpur,,Bariyarpur_6,Unreserved (Mahila),,,,,,,,,,,,,,,,,,,
Munger,Munger,28. Munger,165. Munger,Bariyarpur,,Bariyarpur_6,Unreserved (Mahila),,,,,,,,,,,,,,,,,,,
Munger,Munger,40. Jamui (SC),164. Tarapur,Kharagpur,,Kharagpur_8,SC (Other),,,Sakaldev Paswan,"6206304300
9570740288",SC,Paswan,57.0,"- ZP Contestant (4500)
- ZP Contested Runner-up (2016)
- Mukhiya Contested (2001) 
- Mahadalit Prakoshth Zila Adhyaksh (Rashtriya Lok Morcha)",,,,,,,,,,,
Munger,Munger,40. Jamui (SC),164. Tarapur,Kharagpur,,Kharagpur_8,SC (Other),,,Puja Kumari,7903092639.0,OBC,Mandal,29.0,,,,,,,,,,,,
Munger,Munger,40. Jamui (SC),164. Tarapur,Kharagpur,,Kharagpur_8,SC (Other),,,,,,,,,,,,,,,,,,,
Munger,Munger,40. Jamui (SC),164. Tarapur,Kharagpur,,Kharagpur_8,SC (Other),,,,,,,,,,,,,,,,,,,
Munger,Munger,40. Jamui (SC),164. Tarapur,Kharagpur,,Kharagpur_8,SC (Other),,,,,,,,,,,,,,,,,,,
Munger,Munger,40. Jamui (SC),164. Tarapur,Kharagpur,,Kharagpur_9,Backward Class (Mahila),,,Rina Devi,8084398181.0,EBC,Dhanuk,54.0,"First-time Zila Parishad Candidate secured Runner-up position with 7,187 votes, 
Mukhiya Election Contestant (2006 & 2011), 
Husband retired (extended service) from Police Bhawan Nirman Vibhag.",,,,,,,,,,,
Munger,Munger,40. Jamui (SC),164. Tarapur,Kharagpur,,Kharagpur_9,Backward Class (Mahila),,,Kanakalata Devi,9602293089.0,EBC,Bind,53.0,"- ZP Runner Up Got 4000 Votes(2021)
- He is Retired From Indian Army.",,,,,,,,,,,
Munger,Munger,40. Jamui (SC),164. Tarapur,Kharagpur,,Kharagpur_9,Backward Class (Mahila),,,Moin ul Haque,9801090403.0,Minority,Muslim,51.0,"- Ex ZP (2016-21)
- Good Hold Over Muslim
- Owns a bidi business",,,,,,,,,,,
Munger,Munger,40. Jamui (SC),164. Tarapur,Kharagpur,,Kharagpur_9,Backward Class (Mahila),,,,,,,,,,,,,,,,,,,
Munger,Munger,40. Jamui (SC),164. Tarapur,Kharagpur,,Kharagpur_9,Backward Class (Mahila),,,,,,,,,,,,,,,,,,,
Munger,Munger,40. Jamui (SC),164. Tarapur,Asarganj,,Asarganj_10,Unreserved (Other),,,Dharmendra Manjhi,9798211618.0,SC,Manjhi,58.0,ZP Runnerup,,,,,,,,,,,
Munger,Munger,40. Jamui (SC),164. Tarapur,Asarganj,,Asarganj_10,Unreserved (Other),,,Anil Singh,8969889092.0,Gen,Rajput,60.0,-Incumbent ZP,Chairman ke liye consider kr skte hain,,Reccomanded by Leader,,,,,,,,
Munger,Munger,40. Jamui (SC),164. Tarapur,Asarganj,,Asarganj_10,Unreserved (Other),,,,,,,,,,,,,,,,,,,
Munger,Munger,40. Jamui (SC),164. Tarapur,Asarganj,,Asarganj_10,Unreserved (Other),,,,,,,,,,,,,,,,,,,
Munger,Munger,40. Jamui (SC),164. Tarapur,Asarganj,,Asarganj_10,Unreserved (Other),,,,,,,,,,,,,,,,,,,
Munger,Munger,40. Jamui (SC),164. Tarapur,Tarapur,,Tarapur_11,Unreserved (Mahila),,,Chandan Jha,9771627970.0,General ,Brahmin,38.0,"""Chandan Jha|Male|38|Gen|Brahmin

- BJP block adhyaksha 2020-23 
- 3rd runner up in ZP election got almost 1200 vote 
- was member of district committee of bajarang dal & socially active""",,,,,,,,,,,
Munger,Munger,40. Jamui (SC),164. Tarapur,Tarapur,,Tarapur_11,Unreserved (Mahila),,,Rajkumar Yadav,9934914620.0,OBC,Yadav,60.0,"-""1st Time Contested In Mukiya Election Secured 375 votes.
",,,,,,,,,,,
Munger,Munger,40. Jamui (SC),164. Tarapur,Tarapur,,Tarapur_11,Unreserved (Mahila),,,Rinku Paswan,9771164541.0,SC,Paswan,,- Incumbent BDC ,,,Prasiman ke bad hm bataiyenge,,,,,,,,
Munger,Munger,40. Jamui (SC),164. Tarapur,Tarapur,,Tarapur_11,Unreserved (Mahila),,,,,,,,,,,,,,,,,,,
Munger,Munger,40. Jamui (SC),164. Tarapur,Tarapur,,Tarapur_11,Unreserved (Mahila),,,,,,,,,,,,,,,,,,,
Munger,Munger,40. Jamui (SC),164. Tarapur,Tarapur,,Tarapur_12,Unreserved (Other),,,Ranveer Saxena,7979945131.0,SC,Paswan,38.0,"Ranveer Saxena | 38 | SC| Paswan |  Contestant ZP Election 2021  Journalist, Youtube Channel- Bihar Crime news",,,,,,,,,,,
Munger,Munger,40. Jamui (SC),164. Tarapur,Tarapur,,Tarapur_12,Unreserved (Other),,,Sita Ram Singh,9973512463.0,OBC,Kushwaha,47.0,"Kavita Devi| 47| Female| OBC| Kushwaha
-3rd times Sarpanch (2006,2011 and 2021)
- 1 times Block Sarpanch Sangh Adhyaksha (2021- Present)
- Main Sources of Income is Farming.
- Prominent Name in the Block.",,,,,,,,,,,
Munger,Munger,40. Jamui (SC),164. Tarapur,Tarapur,,Tarapur_12,Unreserved (Other),,,,,,,,,,,,,,,,,,,
Munger,Munger,40. Jamui (SC),164. Tarapur,Tarapur,,Tarapur_12,Unreserved (Other),,,,,,,,,,,,,,,,,,,
Munger,Munger,40. Jamui (SC),164. Tarapur,Tarapur,,Tarapur_12,Unreserved (Other),,,,,,,,,,,,,,,,,,,
Munger,Munger,40. Jamui (SC),164. Tarapur,Tetiabambar,,Tetiabambar_13,Unreserved (Other),,,Sachita Manjhi,9631138380.0,SC,Mushar,72.0,"BDC Runner-up in 2011, 
ZP Runner-up in 2021 ",,,,,,,,,,,
Munger,Munger,40. Jamui (SC),164. Tarapur,Tetiabambar,,Tetiabambar_13,Unreserved (Other),,,Avinash Kumar ( Chhotu Mandal),9934699720.0,EBC,Dhanuk,49.0,"-Incumbent BDC
Former Block Pramukh",,,,,,,,,,,
Munger,Munger,40. Jamui (SC),164. Tarapur,Tetiabambar,,Tetiabambar_13,Unreserved (Other),,,,,,,,,,,,,,,,,,,
Munger,Munger,40. Jamui (SC),164. Tarapur,Tetiabambar,,Tetiabambar_13,Unreserved (Other),,,,,,,,,,,,,,,,,,,
Munger,Munger,40. Jamui (SC),164. Tarapur,Tetiabambar,,Tetiabambar_13,Unreserved (Other),,,,,,,,,,,,,,,,,,,
Munger,Munger,40. Jamui (SC),164. Tarapur,Sangrampur,,Sangrampur_14,SC (Mahila),,,Liladhar Ram,8877182698.0,SC,Chamar,,"Incumbent BDC &  ZP  Runner-Up
 - BDC Election Won (his daughter) -2021
- Runner-up ZP  (His son Dharmendra Kumar) -2011
Secure 5000 votes.
- He is a Farmer & contractor.",,,,,,,,,,,
Munger,Munger,40. Jamui (SC),164. Tarapur,Sangrampur,,Sangrampur_14,SC (Mahila),,,Veer Kumbar,,,,,,,,,,,,,,,,
Munger,Munger,40. Jamui (SC),164. Tarapur,Sangrampur,,Sangrampur_14,SC (Mahila),,,,,,,,,,,,,,,,,,,
Munger,Munger,40. Jamui (SC),164. Tarapur,Sangrampur,,Sangrampur_14,SC (Mahila),,,,,,,,,,,,,,,,,,,
Munger,Munger,40. Jamui (SC),164. Tarapur,Sangrampur,,Sangrampur_14,SC (Mahila),,,,,,,,,,,,,,,,,,,
Munger,Munger,28. Munger,165. Munger,Bariyarpur,,Bariyarpur_7,Unreserved (Other),,,Niranjan Chaudhari,7634980204.0,OBC,Bania,61.0,- ZP Ist Runner Up Got 6200 Votes(2021),,,,,,,,,,,
Munger,Munger,28. Munger,165. Munger,Bariyarpur,,Bariyarpur_7,Unreserved (Other),,,AMARENDRA KUMAR,918789600984.0,EBC,Teli,34.0,- Private Job ,,,,,,,,,,,
Munger,Munger,28. Munger,165. Munger,Bariyarpur,,Bariyarpur_7,Unreserved (Other),,,,,,,,,,,,,,,,,,,
Munger,Munger,28. Munger,165. Munger,Bariyarpur,,Bariyarpur_7,Unreserved (Other),,,,,,,,,,,,,,,,,,,
Munger,Munger,28. Munger,165. Munger,Bariyarpur,,Bariyarpur_7,Unreserved (Other),,,,,,,,,,,,,,,,,,,
Magadh,Arwal,36. Jehanabad,214. Arwal,Arwal,,Arwal_2,Unreserved (Mahila),,,Saraswati Devi Urf Rishikala Gupta,9631650808.0,EBC,Sah,45.0,-Incumbent ZP 2021-Present,,Runnerup ZP,Pk with meeting    (1),,,,,,,,
Magadh,Arwal,36. Jehanabad,214. Arwal,Arwal,,Arwal_2,Unreserved (Mahila),,,Mithlesh kuswaha/Dharamsheela Devi,8083517604.0,EBC,Kuswaha,36.0,"-ZP Contested 2021 Secured 2949 6th Rank
-Former JD(U) District Vice President (2022–2025)
",,Runnerup ZP,Pk with meeting  3,,,,,,,,
Magadh,Arwal,36. Jehanabad,214. Arwal,Arwal,,Arwal_2,Unreserved (Mahila),,,Kunti Devi,8809489727.0,OBC,Yadav,49.0,"Kunti Devi | 49 | Female | OBC | Yadav
 -Incumbent Pramukh of Arwal Block , 3 term (2011- 2024)
 -Incumbent Pramukh District Pramukh Sangh Adhyaksh
 -Highly active and Influential Woman Leader",ACC,ACC,2.0,,,,,,,,
Magadh,Arwal,36. Jehanabad,214. Arwal,Arwal,,Arwal_2,Unreserved (Mahila),,,,,,,,,,,,,,,,,,,
Magadh,Arwal,36. Jehanabad,214. Arwal,Arwal,,Arwal_2,Unreserved (Mahila),,,,,,,,,,,,,,,,,,,
Magadh,Arwal,36. Jehanabad,214. Arwal,Arwal,,Arwal_1,Unreserved (Other),,,Ranjay Kumar,9631259587.0,OBC,Yadav,39.0," -ZP Contestent in 2021 - (1683 Votes, 4th Rank)
-Former ZP Member:2016-21
-Former ZP Chairman:2016 -18
-Former BSP Pradesh Mahasachiv:2017-23
-Former BSP Zila Adhyaksh: 2015 - 17
-Former LJP Student Cell Zila Adhyaksh:2006 -13
-Advocate at Session Court
-Jan Suraaj State Core Cimmittee Member and & 7 Sadasya Yuva Samvaad samiti",,Onboarded,,,,,,,,,
Magadh,Arwal,36. Jehanabad,214. Arwal,Arwal,,Arwal_1,Unreserved (Other),,,Sheikh Parvez,9955250720.0,Minority ,Muslim,47.0,"Sheikh Parvez  | Male | 47 | Minority | Sheikh | Incumbent Mukhiya

-Incumbent Mukhiya, 2021 To Till Date
-Former 2 Terms Mukhiya Contestant, 2011 & 2016
-Former JDU Minority Cell District, 2023 To 2025
-Former JDU Youth Wing Block President, 2020 To 2023
-Former JDU Town President, 2016 to 2020
-Former TMC Chhatra Parishad, District Secretary, West Bengal, 1998 To 2005
-Jan Suraaj Yuva District President
-Runs a Dental Clinic
-BDS",ACC,ACC,Pk with meeting,,,,,,,,
Magadh,Arwal,36. Jehanabad,214. Arwal,Arwal,,Arwal_1,Unreserved (Other),,,Siya Ram Singh,9334432512.0,OBC,Yadav,62.0,"Siya Ram Singh | Male | 62 | OBC | Yadav | Retired Army Nayab Subedaar | 9334432512

-Retired Army Nayab Subedaar, 2008
-Social Worker       ",Founder Member,Sangathan,,,,,,,,,
Magadh,Arwal,36. Jehanabad,214. Arwal,Arwal,,Arwal_1,Unreserved (Other),,,,,,,,,,,,,,,,,,,
Magadh,Arwal,36. Jehanabad,214. Arwal,Arwal,,Arwal_1,Unreserved (Other),,,,,,,,,,,,,,,,,,,
Magadh,Arwal,36. Jehanabad,214. Arwal,Kaler,,Kaler_3,SC (Mahila),,,Chandra Prabha Devi/ Ram Narayan Ram,8228918863/ 8789547678,SC,Chamar,60.0,"-ZP Contestent in 2021 (4478 Votes, 3rd Rank) 
-Former ZP 2001 -2006  
- Well Renowed Family in the locality 
- Family was involved with left , currently symphythiser of JAN SURAAJ",,Onboarded,,,,,,,,,
Magadh,Arwal,36. Jehanabad,214. Arwal,Kaler,,Kaler_3,SC (Mahila),,,Manoj Vats,9955213154.0,General ,Bhumihar,49.0,"Manoj Vats | 49 | General | Bhumihar | Male

Teacher trainer and Evaluator 
State Treasure of Science for Society and state resource person 
Bihar State resource person as a hydroponics and vermi compost 
2004-2024 District coordinator for National Children Science Congress",राज्य सलाहकार,Sangathan,,,,,,,,,
Magadh,Arwal,36. Jehanabad,214. Arwal,Kaler,,Kaler_3,SC (Mahila),,,Panila Devi/ Raushan Yadav,9113445704.0,OBC,Yadav,25.0,-ZP Runner-up 2021 Secured 5174 votes,,Runnerup ZP,Pk with meeting,,,,,,,,
Magadh,Arwal,36. Jehanabad,214. Arwal,Kaler,,Kaler_3,SC (Mahila),,,,,,,,,,,,,,,,,,,
Magadh,Arwal,36. Jehanabad,214. Arwal,Kaler,,Kaler_3,SC (Mahila),,,,,,,,,,,,,,,,,,,
Magadh,Arwal,36. Jehanabad,214. Arwal,Kaler,,Kaler_4,SC (Other),,,Anand Sinha,9279156054.0,General ,Kayastha ,54.0,"Anand Sinha | Male | 54 | General | Kayastha | Mukhiya

- 3 Consecutive term Incumbent Mukhiya 2011 to till date
-Incumbent State  Mukhiya Sangh Vice President
-Former Mukhiya Sangh District Presdient 
-Former RJD Zila Mahasachiv(2013 to 2024)
- Former Congress Zila Mahasachiv(2009 to 2013)
-Incumbent Jan SuraaJ State Core Committee Member
   9279156054",EMC,EMC,,,,,,,,,
Magadh,Arwal,36. Jehanabad,214. Arwal,Kaler,,Kaler_4,SC (Other),,,Md. Shaukat Ali,9162052786.0,EBC,Muslim,58.0,"-Former Up-Pramukh of Kaler Block 2006-11
 -Former BDC 2006-11 -Renowed and Big Businessman of the Magadh area
 -Owns a tire manufacture factory",Block Prabhari,Sangathan,,,,,,,,,
Magadh,Arwal,36. Jehanabad,214. Arwal,Kaler,,Kaler_4,SC (Other),,,Md. Jasir Khan,9934518505.0,General ,Muslim,40.0,"-Mukhiya Contested 2006 Lost by 19 votes
-Occupation: Medical Practitioner",Prakhand Abhiyan samiti  Sanyojak,Sangathan,,,,,,,,,
Magadh,Arwal,36. Jehanabad,214. Arwal,Kaler,,Kaler_4,SC (Other),,,,,,,,,,,,,,,,,,,
Magadh,Arwal,36. Jehanabad,214. Arwal,Kaler,,Kaler_4,SC (Other),,,,,,,,,,,,,,,,,,,
Magadh,Arwal,36. Jehanabad,214. Arwal,Karpi,,Karpi_5,Backward Class (Others),,,Shatrudhan Pandit,8210724547.0,EBC,Kumhar,40.0,"-ZP Runner up 2021 (7289 votes)
-State General Secretary in JDU 2018-22
-He is a doctor and runs a hospital.",JS Member,Onboarded,,,,,,,,,
Magadh,Arwal,36. Jehanabad,214. Arwal,Karpi,,Karpi_5,Backward Class (Others),,,Krishna Ram Chandravanshiv,7739707190.0,EBC,Chandravanshi ,60.0,"Krishna Ram Chandravanshi | 60| Male |EBC | Chandravanshi 
- ZP Runner up (2016) margin - 4 vote
- Ex Mukhiya (2006-11)
- Mukhiya Runner up (2011) margin - 11 votes
- Defacto Sarpanch Runner up (2021) ",EMC,EMC,,,,,,,,,
Magadh,Arwal,36. Jehanabad,214. Arwal,Karpi,,Karpi_5,Backward Class (Others),,,Jai Prakash alias Pappu,9304238565.0,General ,Bhumihar,48.0,"Jai Prakash | 48 | Male | Gen | Bhumihar

- He was Pluralist party State General secretary during 2019-21
- His Father Ram Kirpal Sharma Owns Balaji Sewa Sadan Hospital in Pali Ganj.
- He owns a medicine business as well as real estate business",किसान प्रकोष्ठ अध्यक्ष,Frontals,,,,,,,,,
Magadh,Arwal,36. Jehanabad,214. Arwal,Karpi,,Karpi_5,Backward Class (Others),,,Naresh Sharma,7389503842.0,EBC,Badhai,48.0,"Naresh Sharma | Male | 47 | EBC | Badhai | Incumbent ZP

-Incumbent ZP Member(2021 To Till Date)
-Former ZP Contestant(2016)
-Former Mukhiya Contestant(2011)
-Former Panchayat Samiti Member(2006 to 2011)
-Jan Suraaj Zila Mahasachiv",ACC,ACC,,,,,,,,,
Magadh,Arwal,36. Jehanabad,214. Arwal,Karpi,,Karpi_5,Backward Class (Others),,,,,,,,,,,,,,,,,,,
Magadh,Arwal,36. Jehanabad,214. Arwal,Karpi,,Karpi_6,Unreserved (Mahila),,,Sangeeta Yadav,8581993544.0,OBC,Yadav,30.0," - ZP Contestent in 2021 (2146 votes, 6th Rank) 
- Advocate Ranjay Yadav's wife (ACC)",Nagar Mahila Adhyaksh,Onboarded,,,,,,,,,
Magadh,Arwal,36. Jehanabad,214. Arwal,Karpi,,Karpi_6,Unreserved (Mahila),,,Smita Kumari/Ajeet Kumar,8421850366/9860783463,OBC,Kushwaha,29.0,"-ZP contestent 2021 (5713 votes, 3rd Rank)
-He works as a building and electrical contractor
-He joined Jan Suraaj Party in 2023",,Onboarded,,,,,,,,,
Magadh,Arwal,36. Jehanabad,214. Arwal,Karpi,,Karpi_6,Unreserved (Mahila),,,Raj Kumari /Jhunas Devi,7061665539.0,SC,Dusadh,42.0,"Raj Kumari /Jhunas Devi| 42 | Dusadh | Former Mukhiya

- Former Mukhiya (2006-2011)
- Mukhiya Runner-up 2006
- Arwal Zilla LJP Mahila Upadhykakhs (2001-2018)
- Asha Worker (2007-Present)""",,Sangathan,,,,,,,,,
Magadh,Arwal,36. Jehanabad,214. Arwal,Karpi,,Karpi_6,Unreserved (Mahila),,,Gajendra Singh,9934423441.0,General ,Bhumihar,60.0,"Gajendra Kumar | 60 | Male| General | Bhumihar
- Former Chairman PACS Association. 
- PACS President (2009-2024).
- Patna University Sangathan Prabhari (ABVP) 1981 - 87.
- RSS member till 2018.
- Progressive Horticulturist,  (Got Award of 1 Lakh by CM),  and Pisciculturist.
- Participated actively in Kalyan Singh's Janadesh Yatra.",किसान प्रकोष्ठ प्रभारी,Frontals,,,,,,,,,
Magadh,Arwal,36. Jehanabad,214. Arwal,Karpi,,Karpi_6,Unreserved (Mahila),,,,,,,,,,,,,,,,,,,
Magadh,Arwal,36. Jehanabad,215. Kurtha,Kurtha,,Kurtha_9,Unreserved (Other),,,Amarkant Robinsonum,8507244503.0,OBC,Kushwaha,37.0,"-ZP contestant in 2021 (4852 votes, 3rd Rank)
-He own Computer instiute, and His father is a Homeopathic Doctor
-He joined the Jan Suraj Party in 2025",,Onboarded,,,,,,,,,
Magadh,Arwal,36. Jehanabad,215. Kurtha,Kurtha,,Kurtha_9,Unreserved (Other),,,Luvkush Paswan,9263306984.0,SC,Dusadh,28.0,"Luvkush Paswan I 28 I Male I SC 
- Ex ASA Party Member",EMC,EMC,,,,,,,,,
Magadh,Arwal,36. Jehanabad,215. Kurtha,Kurtha,,Kurtha_9,Unreserved (Other),,,Virendra Chandravanshi,9934433895.0,EBC,Kahar,49.0,"Birender Chandravanshi | Male |49| Chandravanshi | RJD Pradesh Mahasachiv EBC Prakosth
RJD Pradesh Mahasachiv EBC Prakosth (2020-Present)
Zila Sanyojak (Ati Pichdra Arakshan Bachao Sangharsh Morcha 2023-Present)
RJD Zila Adhyaksh EBC Prakosth (2014-2020)
RJD Kisan Cell Pradesh Sachiv (2011-2014)
RJD District Working Committee (2006-2009)
RJD Prakhand Sachiv (2001-2005)
Zila Adhyaksh Chandravanshi Chetna Manch",कर्पूरी मंच प्रभारी,Sangathan,,,,,,,,,
Magadh,Arwal,36. Jehanabad,215. Kurtha,Kurtha,,Kurtha_9,Unreserved (Other),,,,,,,,,,,,,,,,,,,
Magadh,Arwal,36. Jehanabad,215. Kurtha,Kurtha,,Kurtha_9,Unreserved (Other),,,,,,,,,,,,,,,,,,,
Magadh,Arwal,36. Jehanabad,215. Kurtha,Kurtha,,Kurtha_8,Unreserved (Other),,,Awnish Kumar,9430241774.0,General ,Bhumihar,33.0,"""Awnish Kumar | Male | 33 | General | Brahmin | Former Panchayat Samiti | 9430241774

-Former Panchayat Samiti(2016 To 2021)
-Former Mukhiya Contestant, 2011
-Former PACS Contestant, 2019
-Former RJD Member(2020 To 2022)
-Jan Suraaj Zila Upadhyaksh""	",EMC,EMC,,,,,,,,,
Magadh,Arwal,36. Jehanabad,215. Kurtha,Kurtha,,Kurtha_8,Unreserved (Other),,,Moe0 Faiyaz Ahmed,8292160257.0,General ,Muslim,47.0,"-ZP Runner-up 2021 Secured 4603 votes 
-ZP Runner-up 2016 lost by 43 votes ",,Runnerup ZP,Pk with Meeting,,,,,,,,
Magadh,Arwal,36. Jehanabad,215. Kurtha,Kurtha,,Kurtha_8,Unreserved (Other),,,Narendra Kumar,9931015837.0,OBC,Kuswaha,64.0,"- ZP Runner up (3 term) 2006/2011/2016.
- Defacto Ex Block Bish Sutriya Adhyaksh (JDU).
- Defacto District Bees Sutree Sadasya (JDU).
- Ex District President of JDU Kisaan Prakoshth.
- Ex Secratery of JDU Kisaan Prakoshth.
- Defacto Ex JDU Block President.
- Ex District representative of Agriculture Minister, Naagmani. 
- Have worked in 4-5 state for Kushwaha samaj Sangathan.
- Father (Late Shyamacharan Singh) was Freedom Fighter and was a close friend of Babu Jagjeevan Ram.
- Have closely worked for prominent leaders of Kurtha like Babu Jagdev, Jagadish Sharma, Chandrashekhar Chandrawanshi etc.
- Very active in local politics.",ACC,ACC,Inke ghar ke koi Member chunav Ladenge,,,,,,,,
Magadh,Arwal,36. Jehanabad,215. Kurtha,Kurtha,,Kurtha_8,Unreserved (Other),,,,,,,,,,,,,,,,,,,
Magadh,Arwal,36. Jehanabad,215. Kurtha,Kurtha,,Kurtha_8,Unreserved (Other),,,,,,,,,,,,,,,,,,,
Magadh,Arwal,36. Jehanabad,215. Kurtha,Sonbhadra-Bansi-Surajpur,,Sonbhadra-Bansi-Surajpur_7,Unreserved (Mahila),,,Khushbu Kumari/Lavkush Yadav,9199001999.0,OBC,Yadav,30.0,"- ZP Contestent 2021 (1454 votes, 6th Rank)
- Husband works in real estate.",,Onboarded,,,,,,,,,
Magadh,Arwal,36. Jehanabad,215. Kurtha,Sonbhadra-Bansi-Surajpur,,Sonbhadra-Bansi-Surajpur_7,Unreserved (Mahila),,,Aneeta Kumari/ Surjeet Saxena,9525334078.0,SC,Chamar,32.0,"-ZP Contestent in 2021 (3023 votes, 4th Rank )
-Occupation farming and grocery shop.",,Onboarded,Pk with meeting (3),,,,,,,,
Magadh,Arwal,36. Jehanabad,215. Kurtha,Sonbhadra-Bansi-Surajpur,,Sonbhadra-Bansi-Surajpur_7,Unreserved (Mahila),,,Yadav Kusum Ganesh,9931944494.0,OBC,Yadav,35.0,"-Incumbent ZP -2021-Present
-Incumbent ZP Vice Chairperson 2021
-ZP contestent 2016 (3800 votes, 3rd Rank)",,Onboarded,Pk with meeting (1),,,,,,,,
Magadh,Arwal,36. Jehanabad,215. Kurtha,Sonbhadra-Bansi-Surajpur,,Sonbhadra-Bansi-Surajpur_7,Unreserved (Mahila),,,Manoj Kumar,7250287181.0,OBC,Yadav,52.0,"-Incumbent Mukhiya (Anua Panchyat)
",ACC,ACC,2.0,,,,,,,,
Magadh,Arwal,36. Jehanabad,215. Kurtha,Sonbhadra-Bansi-Surajpur,,Sonbhadra-Bansi-Surajpur_7,Unreserved (Mahila),,,,,,,,,,,,,,,,,,,
Magadh,Aurangabad,37. Aurangabad,223. Aurangabad,Aurangabad,,Aurangabad_12,Backward Class (Mahila),,,Soonam Sisodiya,6200907905.0,General,RAJPUT,36.0,"SONAM SISODIYA | FEMALE | 36 | GENERAL | RAJPUT
2 TIMES PACS ADHYAKSH 
ZP CONTESTENT 
HUSBAND IS DEALER OF GRAINS",EMC,EMC,,,,,,,,,
Magadh,Aurangabad,37. Aurangabad,223. Aurangabad,Aurangabad,,Aurangabad_12,Backward Class (Mahila),,,Savita Devi,8249720227.0,OBC,BADHAI,45.0,"Savita Devi | FEMALE | OBC | BADHAI | 45
 
ZP RUNNER UP 
FURNITURE SHOWROOM AND WOOD MILL",,Runnerup ZP,,,,,,,,,
Magadh,Aurangabad,37. Aurangabad,223. Aurangabad,Aurangabad,,Aurangabad_12,Backward Class (Mahila),,,Nasreen Nisha,9801271469.0,OBC,ANSARI,35.0,"NASREEN NISHA | OBC | ANSARI | 35
 
INCUMBENT ZP 2 TIMES 2016 TO TILL DATE 
MOTHER IN LAW INCUMBENT MUKHIYA
FATHER IN LAW(MD HUSSAIN ANSARI) WAS MLA IN 1977 FROM JANTA PARTY 
HUSBAND IS A GOVT DOCTOR 
 
MAIN POC IS HER BROTHER IN LAW 9308841334
 ",,Incumbent ZP,,,,,,,,,
Magadh,Aurangabad,37. Aurangabad,223. Aurangabad,Aurangabad,,Aurangabad_12,Backward Class (Mahila),,,Baljeet Singh,6200356599.0,OBC,KURMI,46.0,"""Baljeet singh  | 46 | Male |OBC | Kurmi 

-Incumbent 2 Term BDC (2016-Present). 
- Volunteerly Retd. from Data Operator From IB.
- District Vice President of Kurmi Jati Sangathan.
- Free Career Counselling for higher education.""",,Sangathan,YE THORA NARAZ H PARTY SE BUT MAAN JAYEGA ,,,,,,,,
Magadh,Aurangabad,37. Aurangabad,223. Aurangabad,Aurangabad,,Aurangabad_12,Backward Class (Mahila),,,,,,,,,,,,,,,,,,,
Magadh,Aurangabad,37. Aurangabad,223. Aurangabad,Aurangabad,,Aurangabad_18,Unreserved (Other),,,Ramesh singh,9835293207.0,GEN,RAJPUT,61.0,"Ramesh singh|61|Male | General|Rajput| Former Youth INC Mahamantri

Graduate in Law
-Agricultural based business of Makhana & Mushroom
-Father was former runner up MLA from Rafiganj constituency in 2005 on JDU ticket got 15782 votes
-Father was former 4 times MLA from Aurangabad on INC ticket (1962-1967,1972-1977,1985-1990,1990-1995)
-Former Youth Congress Zila Upadhyaksh(1985 to 1990)
-Former Youth Congress Mahamantri(1990 to 1995) ",ACC,ACC,,,,,,,,,
Magadh,Aurangabad,37. Aurangabad,223. Aurangabad,Aurangabad,,Aurangabad_18,Unreserved (Other),,,Anil Yadav	,9430202697.0,OBC ,YADAV,45.0,"Anil yadav-aurangabad
45| Male | yadav | zila parishad |ex mla contestant FROM BSP

a) Current Profile:  Incumbent zila parishad 
b) Socio-political Brief:  He contested his first election of mukhiya 2006 for the post of mukhiya  and continued to win till 2016. In 2016 he contested for zila parishad and won from 2016 he is incumbent zila parishad. He also contested mla election on bsp symbol where he got 18884 votes.He is also building a nursing college in Aurangabad with association with dev hospital Aurangabad.
c) Educational Background: Graduation 
d) Financial Activities: contractor
e) Area|Community Influence: district level
f) Public Perception: He has good reputation in his panchayat and district as well he has strong base among Dalits as well.
g) Recent Activities: He is zila parishad and active in field.",BSC Member,"Sangathan, Incumbent ZP",,,,,,,,,
Magadh,Aurangabad,37. Aurangabad,223. Aurangabad,Aurangabad,,Aurangabad_18,Unreserved (Other),,,Basant Kumar Sinh,9199354906.0,GENERAL,RAJPUT,36.0,"BASANT KUMAR SINGH | MALE | GEN | RAJPUT | 36 

ZP RUNNER UP 2021
CONTRACTOR",,Runnerup ZP,,,,,,,,,
Magadh,Aurangabad,37. Aurangabad,223. Aurangabad,Aurangabad,,Aurangabad_18,Unreserved (Other),,,Babalu Kumar,6207387062.0,OBC,YADAV,32.0,"BABLU KUMAR | MALE | GEN | RAJPUT | 32 
INCUMBENT WARD SACHIV 
 ZP RUNNER UP 2021",,Runnerup ZP,,,,,,,,,
Magadh,Aurangabad,37. Aurangabad,223. Aurangabad,Aurangabad,,Aurangabad_18,Unreserved (Other),,,Parmeshwar Gop,9934903417.0,OBC,YADAV,74.0,"Parmeshwar Gop | 74 | Male | Yadav | Incumbent BDC | 9934903417

a) Current Profile:  Incumbent BDC
b) Socio-political Brief:  He contested Zila Prishad election three times and lost all elections and mukhiya 1 term and BDC 2 terms.
3 Terms  Zila Prishad Runner up
2010 contested Mukhiya election 
 2016 -  contested BDC election 
2021 - Contested BDC election and won
1985 - 1997 RJD prakhand adhiyaksh 
2010 - 14 Former RJD Pradesh Maha Sachiv
He is assosiated with RJDS since 1985  and  he is very active in politically and socially in her block and possitive emage among the peolpe.
c) Educational Background: Matric passed 
d) Financial Activities: Farmer 
e) Area|Community Influence: District Level
f) Public Perception: Positive
g) Recent Activities: Contructed Roads and Public Toilets",BSC Member,Sangathan,KISI FAMILY MEMBER KO LADAYEGA ,,,,,,,,
Magadh,Aurangabad,35. Karakat,219. Goh,Goh,,Goh_6,Unreserved (Mahila),,,Anuradha Devi/Om Prakash Singh,9955423382.0,General ,Rajput,40.0,"-ZP contestent 2021 (3509 votes, 5th Rank)
-ZP election 2016 lost by 450 votes
-Former ZP 2011- 2016
-Businessman (Transportation)",,Onboarded,,,,,,,,,
Magadh,Aurangabad,35. Karakat,219. Goh,Goh,,Goh_6,Unreserved (Mahila),,,Chandra Mani Devi,"9199554960
7643867486",SC,RAVIDAS,50.0,"CHANDRA MANI DEVI | SC | RAVIDAS |50
ZP CONTESTENT",Vidhan Sabha Sanyojak,Sangathan,,,,,,,,,
Magadh,Aurangabad,35. Karakat,219. Goh,Goh,,Goh_6,Unreserved (Mahila),,,Dharmraj kumar urf Saheb dayal,7903568694.0,OBC,YADAV,50.0,"Dharmraj kumar urf Saheb dayal | OBC |YADAV |50
""- Ex BDC in 2016. 
- Zila Parishad contestant in 2011. 
- Mukhiya Runner up in 2024.
- District Secretary in RJD party from 2020 to 2023. 
- Prakhand Upadhyaksh in RJD.""",Vidhan Sabha Chunav Prabandhan Samiti,Chunav Prabandhan Samiti,,,,,,,,,
Magadh,Aurangabad,35. Karakat,219. Goh,Goh,,Goh_6,Unreserved (Mahila),,,,,,,,,,,,,,,,,,,
Magadh,Aurangabad,35. Karakat,219. Goh,Goh,,Goh_6,Unreserved (Mahila),,,,,,,,,,,,,,,,,,,
Magadh,Aurangabad,35. Karakat,219. Goh,Goh,,Goh_7,Unreserved (Mahila),,,Jayanti Devi/Arvind Sharma,6200817687.0,General ,Bhumihar,55.0,"-ZP contestent 2021(6798 votes, 3rd Rank)
-Former ZP 2016- 2021
-ZP contestent 2001 -2006
-Former Women’s Vice President of JDU 2023",,"Onboarded, Sangathan",,,,,,,,,
Magadh,Aurangabad,35. Karakat,219. Goh,Goh,,Goh_7,Unreserved (Mahila),,,Suresh Prasad Yadav,6200875711.0,OBC,YADAV,53.0,"53 | Male | Yadav | Vyapar Mandal Adhyaksh

a) Current Profile:
b) Socio-political Brief: He contested the Mukhiya election for the first time in 2001 and lost, got 900 votes. Contested the ZP election in 2006 and won, got 7000 votes. Contested the Assembly election in 2010 and lost to CPI party, got 6000 votes. Contested the Assembly election in 2015 and lost to CPI party, got 20000 votes. He is the President of the Vyapar Mandal since 2011, is the Block Zone Minister of the CPI party, was a district executive member, was a member of the Bihar State Council of the CPI party for 7 years.
c) Educational Background: BA
d) Financial Activities: Farmer
e) Area|Community Influence: There is an active leader in the CPI party in the district and block
f) Public Perception:
g) Recent Activities: Political leader",BSC Member,Sangathan,,,,,,,,,
Magadh,Aurangabad,35. Karakat,219. Goh,Goh,,Goh_7,Unreserved (Mahila),,,Ashok Prasad,9006143425.0,EBC,BIND,49.0,"Ashok Prasad | 49 | Male | EBC | Bind | Goh | 9006143425 | Incumbent Mukhiya
 -2 Term Incumbent Mukhiya ( 2016 - Present )
 -2 Term Former BDC ( 2006 - 2016)
 -One of the Prominent Bind name",EMC,EMC,,,,,,,,,
Magadh,Aurangabad,35. Karakat,219. Goh,Goh,,Goh_7,Unreserved (Mahila),,,Bankatesh Sharma,9472931692.0,General ,Bhumihar,42.0,"Bankatesh Sharma | 42 | Male | General | Bhumihar

- Working for the upliftment of education and health
- Actively works for Cancer Patient and other health issues.
- ZP Runner-up (2021) Secured vote 10000",Sangathan Zila Abhiyan Samiti Sanyojak,Sangathan,,,,,,,,,
Magadh,Aurangabad,35. Karakat,219. Goh,Goh,,Goh_7,Unreserved (Mahila),,,,,,,,,,,,,,,,,,,
Magadh,Aurangabad,35. Karakat,219. Goh,Goh,,Goh_5,Unreserved (Mahila),,,Indu Devi/Mantosh Raj,9934917964.0,SC,Dusadh,36.0,"-ZP contestent 2021 (3360 votes, 4th Rank)
-ZP contestent 2016 (2800 votes)
-Homeopathic doctor and runs a hospital.",,Onboarded,,,,,,,,,
Magadh,Aurangabad,35. Karakat,219. Goh,Goh,,Goh_5,Unreserved (Mahila),,,Satyendra Yadav,8448138798.0,OBC,YADAV,41.0,"SATYENDRA YADAV | OBC |YADAV |41 
FORMER CHHATRA JANTA DAL ADHYAKSH
ANUMANDAL MAHAMANTRI 
ZP CONTESTENT ",ओबीसी प्रकोष्ठ अध्यक्ष,Sangathan,,,,,,,,,
Magadh,Aurangabad,35. Karakat,219. Goh,Goh,,Goh_5,Unreserved (Mahila),,,Anupam Sinha,88640 60545,OBC,YADAV,45.0,"Anupam Sinha |45 | Female |Yadav | ZP-Runner-up

a) Current Profile: ZP-Runner-up
b) Socio-political Brief: She contested her first election as an independent MLA in 2010 and lost, getting 600 votes. She contested the Zilla Parishad election in 2011 and got 1500 votes and lost. She contested the Zilla Parishad election again in 2021 and got 3191 votes and lost. She is a member of the RLMM party.
c) Educational Background: Msc
d) Financial Activities: Husband is a professor
e) Area|Community Influence: 
f) Public Perception: Postive
g) Recent Activities: Political Leader",BSC Member,Sangathan,,,,,,,,,
Magadh,Aurangabad,35. Karakat,219. Goh,Goh,,Goh_5,Unreserved (Mahila),,,Shrikant Paswan,9973919189.0,SC ,DUSADH,54.0,"Sreekant Kumar|54 | Male | | Socail Worker

a) Current Profile: Shreekant kumar is a well-established farmer and social worker
b) Socio-political Brief: Shreekant kumar comes from a farmer family and active in the local politics since 2000 and remains actives as of now. He started his political journey in 2006 and contested Zila Parishad election. He Got 2790 and lost the election by 281 votes. He is not associated with any political party and did not contested election after 2006 but takes part actively in every election.
c) Educational Background:B.A
d) Financial Activities: His main source of incomes in farming only. He has a good financial cadre.
e) Area|Community Influence:  He belongs to SC community and has a good hold over his community as well and has a god identity in the entire Goh Block as well. 
f) Public Perception: He engaged in the public welfare works hence people admires him a lot. He always ready for the help of every poor people. Due to this behavior he has good recognition in the area. 
g) Recent Activities:He usually involves in the farming and social work only. ",BSC Member,Sangathan,READY TO MEET,,,,,,,,
Magadh,Aurangabad,35. Karakat,219. Goh,Goh,,Goh_5,Unreserved (Mahila),,,,,,,,,,,,,,,,,,,
Magadh,Aurangabad,35. Karakat,219. Goh,Haspura,,Haspura_4,Unreserved (Mahila),,,Reetu Kumari/Sachin Kumar,9931852504.0,OBC,Yadav,45.0,"-ZP contestent 2021(2963 votes, 5th Rank)
-Incumbent PACS President 2009- Onwards",,Onboarded,,,,,,,,,
Magadh,Aurangabad,35. Karakat,219. Goh,Haspura,,Haspura_4,Unreserved (Mahila),,,Krisna Kumar Singh,9241157617.0,General ,RAJPUT,38.0,"Krishna Kumar Singh | Male | 38 | General | Rajput | Defacto ZP

- Incumbent Defacto(Mother) ZP Member(2021)
-Father 2 Terms Mukhiya(2001 to 2011)
-Jan Suraaj Yuva Pradesh Mahasachiv
",ACC,"ACC, Incumbent ZP",,,,,,,,,
Magadh,Aurangabad,35. Karakat,219. Goh,Haspura,,Haspura_4,Unreserved (Mahila),,,Munil Kumar,9546345932.0,SC ,DUSADH,40.0,"MUNIL KUMAR  | SC | DUSADH | 40
2016-2021 SARPUNCH 
2021 MUKHIYA CONTESTENT
ZP TO CONTEST ",EMC,EMC,,,,,,,,,
Magadh,Aurangabad,35. Karakat,219. Goh,Haspura,,Haspura_4,Unreserved (Mahila),,,,,,,,,,,,,,,,,,,
Magadh,Aurangabad,35. Karakat,219. Goh,Haspura,,Haspura_4,Unreserved (Mahila),,,,,,,,,,,,,,,,,,,
Magadh,Aurangabad,35. Karakat,219. Goh,Haspura,,Haspura_3,Unreserved (Mahila),,,PRITI SINGH ,9102064006.0,General ,RAJPUT,35.0,"PRITI SINGH W/O Krishna Kumar Singh | Male | 38 | General | Rajput | Defacto ZP

- Incumbent Defacto(Mother) ZP Member(2021)
-Father 2 Terms Mukhiya(2001 to 2011)
-Jan Suraaj Yuva Pradesh Mahasachiv
",,New Name (Recommendation),BY ACC KRISHNA KR SINGH 9241157617,,,,,,,,
Magadh,Aurangabad,35. Karakat,219. Goh,Haspura,,Haspura_3,Unreserved (Mahila),,,Soney Devi,9934630529.0,OBC,KUSHWAHA,38.0,"SONI DEVI | FEMALE | 38 | OBC | KUSHWAHA 

ZP RUNNER UP 
MEDICAL AGENCY , X-RAY SHOP ",,Runnerup ZP,,,,,,,,,
Magadh,Aurangabad,35. Karakat,219. Goh,Haspura,,Haspura_3,Unreserved (Mahila),,,Vijay kumar akela,9934883711.0,OBC,SURI,62.0,"VIJAY KUMAR AKELA | OBC | SURI | 62

2001 INCUMBENT MUKHIYA 
2006 AND 2011 CONTESTED BDC LOST BY 19&23 VOTES 
2016 ZP CONTESTED
OWN A BOOK STORE AND A PVT SCHOOL ",BSC Member,Sangathan,call later for details,,,,,,,,
Magadh,Aurangabad,35. Karakat,219. Goh,Haspura,,Haspura_3,Unreserved (Mahila),,,Brahm Dev Prasad,7070383752.0,OBC,SAO,60.0,"Brahm Dev Prasad | 60 | OBC | Sao


- Member of Panchayat Samiti (Present)
- Runner up in Zila Parishad election.
- Runner up in Mukhiya election.
- Homeopathic doctor by profession.",DSC Member,,,,,,,,,,
Magadh,Aurangabad,35. Karakat,219. Goh,Haspura,,Haspura_3,Unreserved (Mahila),,,,,,,,,,,,,,,,,,,
Magadh,Aurangabad,35. Karakat,219. Goh,Rafiganj,,Rafiganj_9,Backward Class (Others),,,Arif Raza,9934910224.0,EBC ,ANSARI,48.0,"Arif Raja | 48 | EBC  | Ansari |  Male 

- Former State Gen Sec of JD(U) minority cell from 2020-22.
- Former district president of JD(U) Minority cell in 2010-13 
- State convenor and National spokesperson of All India Pasmanda Samaj from 2006-present.
-Contested Assembly election in 2020 secured around 5226 votes
-Currently, he is running two schools in the name of Hevens Blossoms School and Wise Kids School at Rafiganj since 2003. 
-Leader of Islash Mashra Committee in Rafiganj having 125 members and a core committee of 30-35.",अल्पसंख्यक प्रकोष्ठ प्रभारी,Sangathan,,,,,,,,,
Magadh,Aurangabad,35. Karakat,219. Goh,Rafiganj,,Rafiganj_9,Backward Class (Others),,,Bhola sharma,8809364430.0,EBC ,NAI,46.0,"""Bhola Sharma | 46 | Male |EBC| Nai 

- ZP Runner-up 2021 secured 5500 votes
-Former mukhiya (2011-2016)
- Land lord """,EMC,EMC,,,,,,,,,
Magadh,Aurangabad,35. Karakat,219. Goh,Rafiganj,,Rafiganj_9,Backward Class (Others),,,Md. Amanullah Ansari,8340446296.0,EBC ,ANSARI,49.0,"Md. Amanullah Ansari | 49 | Male | Muslim | Lohra Panchayat

a) Current Profile: He is 2021 ZP contestant in Rafiganj.
b) Socio-political Brief: He ran for BDC in 2001, 2006. His wife ran for BDC in 2011. He is also mukhiya contestant of 2016. he is having no assosiation with any party at present. his wife is also working as a government school teacher.
c) Educational Background: Intermediate.
d) Financial Activities: Agriculture
e) Area|Community Influence: He is having good community influence.
f) Public Pereption: He has good public perception.
g) Recent Activities: N/A ",BSC Member,Sangathan,,,,,,,,,
Magadh,Aurangabad,35. Karakat,219. Goh,Rafiganj,,Rafiganj_9,Backward Class (Others),,,Kaushal Chandravansi,9060147837.0,EBC ,KAHAR,35.0,"Kaushal Chandravansi | 35 | Male | Kahar | Bhadwa Panchayat

a) Current Profile: He was ZP 2nd runner up of 2021 from Rafiganj Securing 5500 votes. JDU pradesh Mahasachiv EBC Cell. He is alsoChandravansi samaj jila president of aurangabad.
b) Socio-political Brief: ZP 2nd runner up of 2021 from Rafiganj. JDU pradesh Mahasachiv EBC Cell. He is alsoChandravansi samaj jila president of aurangabad. He also runs a school named Success mission public school at bhadwa as director.
c) Educational Background: MCA
d) Financial Activities: Teacher and director
e) Area|Community Influence: He is having good community influence.
f) Public Pereption: He has good public perception.
g) Recent Activities: N/A ",BSC Member,Sangathan,,,,,,,,,
Magadh,Aurangabad,35. Karakat,219. Goh,Rafiganj,,Rafiganj_9,Backward Class (Others),,,Jitendra Kumar,8809384047.0,SC,DUSADH,36.0,"Jitendra Kumar | 36 | Male | Paswan | Lohra Panchayat

a) Current Profile: 2011 ZP from Rafiganj and 2016 ZP runner up with around 4000 votes.
b) Socio-political Brief: 2011 ZP from Rafiganj and 2016 ZP runner up with around 4000 votes.
c) Educational Background: Intermediate.
d) Financial Activities: Agriculture.
e) Area|Community Influence: He is having good community influence.
f) Public Pereption: He has good public perception.
g) Recent Activities: N/A ",BSC Member,Sangathan,,,,,,,,,
Magadh,Aurangabad,35. Karakat,219. Goh,Rafiganj,,Rafiganj_9,Backward Class (Others),,,Mustak Rai,9006069633.0,SC,DUGUL,65.0,"Mustak Rai | 65 | Male | Muslim | Dugul Panchayat

a) Current Profile: He is 2021 ZP contestant in Rafiganj.
b) Socio-political Brief: He contested PACS election in 2014, contested ZP election in 2016 and 2021. He is assosiated with CPI since 1980, currently ZP member in CPI
c) Educational Background: Metric.
d) Financial Activities: Agriculture, Business
e) Area|Community Influence: He is having good community influence.
f) Public Pereption: He has good public perception.
g) Recent Activities: N/A ",BSC Member,Sangathan,,,,,,,,,
Magadh,Aurangabad,35. Karakat,219. Goh,Rafiganj,,Rafiganj_8,Unreserved (Mahila),,,Arvind Kumar,7004294439.0,OBC,YADAV,46.0,"Arvind Kaumar | 46 | Male | Yadav | Charkawan Panchayat

a) Current Profile: He is currently ZP runner up from Rafiganj area no. 13 and RJD Zila Mahasachiv from 2022 to present.
b) Socio-political Brief: In 2001, 2006 he is ZP and defacto ZP from rafiganj. He was defacto ZP from runner up in 2011 and 2021.  
c) Educational Background: Intermediate
d) Financial Activities: Agriculture and Contractor
e) Area|Community Influence: He is having good community influence.
f) Public Pereption: He has good public perception.
g) Recent Activities: N/A ",BSC Member,Sangathan,HE CAN CONTEST FROM 8/9/13,,,,,,,,
Magadh,Aurangabad,35. Karakat,219. Goh,Rafiganj,,Rafiganj_8,Unreserved (Mahila),,,Rajesh Kumar Razak,9097633718.0,SC,DHOBI,45.0,"Rajesh Kr. Razak | 45 | Male | Dhobi | Nagar Panchayat

a) Current Profile: ZP runner up with 4800 votes in 2011
b) Socio-political Brief: ZP runner up with 4800 votes in 2011. He is having no assosiation with any party at present.
c) Educational Background: Intermediate
d) Financial Activities: Dhobi
e) Area|Community Influence: He is having good community influence.
f) Public Pereption: He has good public perception.
g) Recent Activities: N/A ",BSC Member,Sangathan,,,,,,,,,
Magadh,Aurangabad,35. Karakat,219. Goh,Rafiganj,,Rafiganj_8,Unreserved (Mahila),,,Dr. Sanjay Yadav	,8969275284.0,OBC,YADAV,50.0,"Dr. Sanjay Yadav | 50 | Male | Yadav | Kerap Panchayat

a) Current Profile: Inumbent defacto ZP from area 8 of Rafiganj.
b) Socio-political Brief: He was ex defacto ZP chairman of Zila Parishad Aurangabad (2016-2021). In 2021 he won ZP by a margin of 5000 votes and in 2016 he won ZP by a margin of 3500 votes. He is currently working as assistant Prof. at SP Jain college Sasaram. In 2003 he also ran for MLC election.
c) Educational Background: Phd
d) Financial Activities: Assistant Prof. , Agriculture
e) Area|Community Influence: He is having good community influence.
f) Public Pereption: He has good public perception.
g) Recent Activities: N/A ",BSC Member,"Sangathan, Incumbent ZP","CHAIRMAN CANDIDATE 

HE HAD CONTESTED CHAIRMAN ELECTION AND LOST BY 2 VOTES . 
ALSO HE WANT TO CONTEST MLC FROM MAGADH AS HE IS A PROFESSOR.

",,,,,,,,
Magadh,Aurangabad,35. Karakat,219. Goh,Rafiganj,,Rafiganj_8,Unreserved (Mahila),,,Atik Ahamd,9693769927.0,EBC,ANSARI,50.0,"ATIK AHAMAD | EBC | ANSARI | 50
BDC CONTESTED 
WANT TO CONTEST ZP IF PARTY WILL ASK HIM TO CONTEST ",EMC,EMC,,,,,,,,,
Magadh,Aurangabad,35. Karakat,219. Goh,Rafiganj,,Rafiganj_8,Unreserved (Mahila),,,Yudhisthir Nonia,9708304010.0,EBC,NONIA,48.0,"Yudhisthir Nonia| Male | 48 | EBC | Nonia| MLA Contestant

-Independent MLA Contested from of assembly ( 2020) Got 1644 Votes
-Jansuraaj Founding Member ( 2022)
-Businessman ( Om Ganpati Enterprise Fabric Manufacturing Unit)
-Farmer ( 5 Acre land)",ACC,ACC,,,,,,,,,
Magadh,Aurangabad,35. Karakat,219. Goh,Rafiganj,,Rafiganj_13,Backward Class (Others),,,Sanjay Singh Yadav,9931503499.0,OBC,YADAV,55.0,"Sanjay Singh Yadav |55| Male | Yadav| Latta Panchayat

a) Current Profile: He is the Mukhiya Runner up & Pradesh Mahasachiv of RJD.
b) Socio-political Brief: He is active in politics since 2002 and contested for ZP election and lost by 55 Votes. He was Chatra Sang Adyksihia from Sinha College, Aurangabad. He was also the prakhand and zila Adykisha of RJD. Since 2015 he is the pradesh mahasachiv of RJD and has a good relation with Lalu Prashad Yadav. He runs Sanjay Singh Yadav college in Rafiganj , Nabinagar and Obra. He is also the chaiman of Association of Affiliated colleges , Magadh University.   
c) Educational Background: M.A
d) Financial Activities: Building Materials 
e) Area|Community Influence:  He has good influence in district and among yadav community.
f) Public Pereption: He has good public perception 
g) Recent Activities: He supported MGB in recent election.",BSC Member,Sangathan,,,,,,,,,
Magadh,Aurangabad,35. Karakat,219. Goh,Rafiganj,,Rafiganj_13,Backward Class (Others),,,Asif Shah,9507417240.0,EBC,MUSLIM,43.0,"Asif Shah | 43 | Male | Muslim | Kajpa Panchayat

a) Current Profile: Incumbent ZP of Rafiganj
b) Socio-political Brief: 2 term ZP from rafiganj 2016, 2021. He is having no assosiation with any party at present. He defeated gaya prajapati in 2016.
c) Educational Background: Graduate
d) Financial Activities: Agriculture, Business
e) Area|Community Influence: He is having good community influence.
f) Public Pereption: He has good public perception.
g) Recent Activities: N/A ",BSC Member,"Sangathan, Incumbent ZP",,,,,,,,,
Magadh,Aurangabad,35. Karakat,219. Goh,Rafiganj,,Rafiganj_13,Backward Class (Others),,,Vishwanath Chauhan,7369049914.0,EBC,NONIA,50.0,"Vishwanath Chauhan | 50 | Male |EBC | Nonia 

-2021 ZP contestant in Rafiganj (4400 Votes).
-Defacto sarpanch in 2016 and secured around 1100 votes
-Mukhiya 2nd Runner up in 2001 and secured 600+ votes. 
-Owns a medical shop at Pouthu Bazaar",Sangathan Zila Upadhyaksh,Sangathan,,,,,,,,,
Magadh,Aurangabad,35. Karakat,219. Goh,Rafiganj,,Rafiganj_13,Backward Class (Others),,,,,,,,,,,,,,,,,,,
Magadh,Aurangabad,35. Karakat,219. Goh,Rafiganj,,Rafiganj_13,Backward Class (Others),,,,,,,,,,,,,,,,,,,
Magadh,Aurangabad,37. Aurangabad,222. Kutumba,Deo,,Deo_28,SC (Mahila),,,Upendra Kumar Singh,9631773752.0,General ,RAJPUT,40.0,"Upendra Kumar Singh | 40 | Rajput | Zp Runner-up | 9631773752

a) Current Profile: He is a former Block Vice President of JDU(2020-2023).
b) Socio-political Brief : In 2011 he contested in ZP election from Area no.28 and got 2nd position and lost by 1800 votes. He was a very active member of JDU and he served as a Block VP during (2020- 2023).
c) Educational Background: Graduation
d) Financial Activities: Contractor
e) Area|Community Influence: Block
f) Public Perception: possitive",BSC Member,Sangathan,,,,,,,,,
Magadh,Aurangabad,37. Aurangabad,222. Kutumba,Deo,,Deo_28,SC (Mahila),,,Suman Raaj,6202982452.0,SC,RAVIDAS,46.0,"SUMAN RAJ | SC | RAVIDAS | 46 
MUKHIYA CONTESTENT 2006,2011 AND 2021
SINCE 2016 ZP CONTESTED",,Runnerup ZP,,,,,,,,,
Magadh,Aurangabad,37. Aurangabad,222. Kutumba,Deo,,Deo_28,SC (Mahila),,,Arvind Gupta,7654099610.0,EBC,TELI,34.0,"Arvind Gupta | 34 | Male | EBC | Teli 

-In 2021 contested ZP  and got 3500 votes(3rd Position).
-Former District Youth Vice President of RJD (2018-2021).
-Running a Business of travel agency.",DSC Member,Sangathan,,,,,,,,,
Magadh,Aurangabad,37. Aurangabad,222. Kutumba,Deo,,Deo_28,SC (Mahila),,,,,,,,,,,,,,,,,,,
Magadh,Aurangabad,37. Aurangabad,222. Kutumba,Deo,,Deo_28,SC (Mahila),,,,,,,,,,,,,,,,,,,
Magadh,Aurangabad,37. Aurangabad,222. Kutumba,Deo,,Deo_26,Backward Class (Others),,,Ram Ji Chauhan,9973016432.0,EBC,NONIA,60.0,"Ramjee Chauhan | 60 | EBC | Nonia | Male 

- 2 term mukhiya (2016 and 2021-present).
- Defacto PAC's President 2024.",राज्य सलाहकार,Sangathan,,,,,,,,,
Magadh,Aurangabad,37. Aurangabad,222. Kutumba,Deo,,Deo_26,Backward Class (Others),,,Iqbal Ahmad Khan,9525410663.0,MINORITY,MUSLIM,55.0,"55 | Male | Muslim | Iqbal Ahmed | 9525410663 | ZP Runner up

a) Current Profile:  He is currently ZP Runner up
b) Socio-political Brief: 1980-2000 Up Mukhiya From Bhawanipur Panchayat
1999- PACS Runner up
 2001- Mukhiya Runner up
2016- Mukhiya Runner up
2021- ZP 2nd Runner up 7000 votes
Rashtriya Kisan Majdoor Vikaas Manch Pradesh Mahamantri 2020-present
c) Educational Background: Graduate in History
d) Financial Activities: Owns 2 shoes shop in Deo Market
e) Area|Community Influence: Block level
f) Public Perception: Positive""",BSC Member,Sangathan,,,,,,,,,
Magadh,Aurangabad,37. Aurangabad,222. Kutumba,Deo,,Deo_26,Backward Class (Others),,,Baidhnath Bhagat        ,8809140605.0,EBC,PAL,50.0,"Baidhnath Bhagat | 50 | Pal|  ZP contested

 a) Current Profile: He is a President of Savitri Bai Kalyan.
b) Socio-political Brief:  In 2021  and 2016 his wife (Jyoti Mala) contested for ZP election but both times he lost by few votes and he is a State Secretary of EBC in RJD
c) Educational Background: MA
d) Financial Activitie: Teacher
e) Area|Community Influence: Assembly.
f) Public Perception: Possitive
 ",BSC Member,Sangathan,,,,,,,,,
Magadh,Aurangabad,37. Aurangabad,222. Kutumba,Deo,,Deo_26,Backward Class (Others),,,Uma Devi,9931412162.0,EBC,KAHAR,56.0,"     ""Uma Devi | Female | 56 | EBC | Kahar | Former Mukhiya

-Former 2 Terms Mukhiya(2011 to 2021)
-Former Mukhiya Contestant(2006)
-Former PACS Contestant(2024), Got 431 Votes
-Former MLC Contestant, Congress 2010
-Former Congress Zila Mahila Adhyaksh(2009 to 2024)
-Former JDU Zila Mahila Adyaksh(2005 to 2009)
-Jan Suraaj Mahila Zila Adhyaksh""        9931412162",,Sangathan,,,,,,,,,
Magadh,Aurangabad,37. Aurangabad,222. Kutumba,Deo,,Deo_26,Backward Class (Others),,,Yogendra Kumar chaudhary,6200475511.0,General,BHUMIHAR,38.0," 38| Male | Bhumihar | Runner up Mukhiya

a) Current Profile: He is runner up mukhiya
b) Socio-political Brief: He  contested first time in 2021 for post of  Mukhiya  and lost by 884 votes ;He supported  and won by 200 votes
c) Educational Background:BA 
d) Financial Activities: Farmer and owns large area of lands
e) Area|Community Influence:Whole panchyat
f) Public Perception: Big family legacy jameendars types .
g) Recent Activities:N/A",BSC Member,Sangathan,HE WILL JOIN PARTY ,,,,,,,,
Magadh,Aurangabad,37. Aurangabad,222. Kutumba,Kutumba,,Kutumba_25,Unreserved (Other),,,Sonelal Raman,8210645721.0,SC,RAVIDAS,43.0,"Sonelal Raman | 43 | Male | ravidas | Former ZP & MLA Contestant (BSP) 
a) Current Profile: He is Former ZP of Kutumba Block.
b) Socio-political Brief: He is contestant first time ZP election From KUtumba Block in 2011 and won the election. In 2016 ZP seat was reserved for EBC, so he contestant for ZP election from Nabinagar in 2016 but he lost and secured 2nd position. Again in 2021 he contestant for same post fron Kutumba and secured 2nd position by getting 4672 votes. In 2015 he contestant for MLA (BSP) from Kutumba Vidhan Sabha where he got 9000 votes and secured 3rd position.
c) Educational Background: M.A B.ed.
d) Financial Activities: Businessman ( Dev Motors Company & Dev Marks (R.O Plant)
e) Area Community Influence: All communities.
f) Public Perception: People found him hardworking and honest
",BSC Member,Sangathan,,,,,,,,,
Magadh,Aurangabad,37. Aurangabad,222. Kutumba,Kutumba,,Kutumba_25,Unreserved (Other),,,Amrendra Kumar Singh,9955342239.0,General,Rajput,50.0,"""Amrendra Kumar Singh |  49 |  Male |General | Rajput 

 Grandfather was the first Sarpanch
 Father served as Mukhiya from 2001-2006
 Panchayat Simiti (2011)
 ZP Runner-up 2016
 Human Rights Council Member (2006-2011)
 LJP District Chief General Secretary (2016-2021)
Renowned Contractor.""",BSC Member,Sangathan,,,,,,,,,
Magadh,Aurangabad,37. Aurangabad,222. Kutumba,Kutumba,,Kutumba_25,Unreserved (Other),,,Rima kumari,7543086278.0,SC ,RAVIDAS,29.0,"RIMA KUMARI | FEMALE | SC | RAVIDAS | 29
MLA CONTESTED FROM RJLP
WANT TO CONTEST ZP ELECTION",EMC,EMC,,,,,,,,,
Magadh,Aurangabad,37. Aurangabad,222. Kutumba,Kutumba,,Kutumba_25,Unreserved (Other),,,Harendra Kumar Singh,9939848961.0,General,Rajput,42.0,"Harendra Kumar Singh |42| Male | General| Rajput 

- Incumbent PACS President 2024 (4th time).
- Contested Defacto Zila Parishad in 2001  with 5600 votes (lost 37 votes).
- Contested Zila Parishad in 2021. (Lost 1200 votes).",DSC Member,Sangathan,,,,,,,,,
Magadh,Aurangabad,37. Aurangabad,222. Kutumba,Kutumba,,Kutumba_25,Unreserved (Other),,,Ramakant Pandey,7250190984.0,GEN,BRAHAMIN,47.0,"Ramakant Pandey | 47 | Male | Pandey | ZP Runner-up
a) Current Profile: He is ZP  contestant of Kutumba block.
b) Socio-political Brief: He is contestant first ZP election in 2021, where he got 1435 votes but lost by 19897 votes. 
c) Educational Background: Graduation (Economics)
d) Financial Activities: Owns medical shop.
e) Area Community Influence: All communities.
f) Public Perception: People found him hardworking and honest
",BSC Member,Sangathan,,,,,,,,,
Magadh,Aurangabad,37. Aurangabad,222. Kutumba,Kutumba,,Kutumba_23,SC (Other),,,Soni Lal Raman,9955838919/8210645721,SC,Chamar,44.0,"-Runner up ZP 2021 (4672 votes)
-Former ZP 2016- 2021
-BSP candidate in 2025 Assembly election; secured 7,300 votes.
-District General Secretary of BJP 2016–2021",,Onboarded,,,,,,,,,
Magadh,Aurangabad,37. Aurangabad,222. Kutumba,Kutumba,,Kutumba_23,SC (Other),,,Lal Mohan Yadav,7061675056.0,OBC,YADAV,52.0,"LAL MOHAN YADAV | OBC | YADAV | 52 
 ZP CONTESTED 2006
ADVOCATE ",मुख्य प्रवक्ता,Sangathan,,,,,,,,,
Magadh,Aurangabad,37. Aurangabad,222. Kutumba,Kutumba,,Kutumba_23,SC (Other),,,Rameshwar Baitha,9973346612.0,SC,DHOBI,37.0,"Rameshwar Baitha | 37 | Male | Dhobi | Zila Parishad Deputy Chairman

a) Current Profile: He is Deputy Chairman of Zila Parishad and Zila Parishad sadasya from Sanda of Kutumba. 
b) Socio-political Brief: He was born in 1984, his father was a washerman and due to low income he and his brother was not able to study, therefore he is a non metric. At a very early age he started earning for his family by driving auto from Sanda to Aurangabad. He was very helpful so with the help of society he contested Panchayat elections for the first time from the lowest level and secured the seat of ward member by the margin of 3 votes (2001-06). In the next term he contested for Mukhiya (2006-11) but lost by the margin of 260 votes (SC seat).  In the next term he came back with full preparations and contested for Mukhiya again (2011-16) and finally won by the margin of 300 votes by defeating the brother of Lallan Bhuiya (Ex-MLA). Then back in 2016 he contested for ZP Member elections from Sanda seat but lost here by the gap of 142 votes (2016-21). He was getting prepared for the next term and came back, fought and created the gap of 2025 votes in between him and second position (2021-26). Soonafter, one month he was elected from within the members as the Zila parishad upadhyaksh aheading by 6 votes (2021-26). Also, he is associated with BJP from last 8 years and he holds the position of ""Zila SC Morcha Adhyaksh"" (2021-24), prior which he has also been ""Mandal Koshadhyaksha"" (2018-21).
c) Educational Background: He is a non metric.
d) Financial Activities: He is running a Tent house from 1999 named as, 'Sonu Tent House'. Also, he owns a ice factory.
e) Area|Community Influence: He has good influence oer the community as he provides free of cost Tent service to those who are needy. Being available to the people throughout the time created a good perception of him in the area.
f) Public Perception: Positive
g) Recent Activities: He supported BJP candidate in the recent Lok Sabha elections (2024).",BSC Member,"Sangathan, Incumbent ZP",,,,,,,,,
Magadh,Aurangabad,37. Aurangabad,222. Kutumba,Kutumba,,Kutumba_23,SC (Other),,,Ajay Bhuiya,9973819595.0,SC,MANJHI,50.0,"Ajay Bhuiya | 50 | Male | Manjhi | Former ZP 
a) Current Profile: He is runner-up of Zila Parishad of Kutumba block.
b) Socio-political Brief: He is retired of Indian Army in (1998-2015). He contestant first election for ZP (SC seat) in 2016 where he got 6821 and won election by the big margin 3197 votes. He is active member of HAM party (2016-2020).
c) Educational Background: 10th.
d) Financial Activities: He is a farmer.
e) Area Community Influence: All communities.
f) Public Perception: People found him hardworking and honest
",BSC Member,Sangathan,,,,,,,,,
Magadh,Aurangabad,37. Aurangabad,222. Kutumba,Kutumba,,Kutumba_23,SC (Other),,,Lalan Prasad Rajak,9934798187.0,SC,DHOBI,60.0,"Lalan Prasad | 60 | Male | Dhovi | Ex- Mukhiya & ZP Contestant 
a) Current Profile: He is Former Mukhiya (Sanda) & ZP of Kutumba.
b) Socio-political Brief: He is contestant first time Mukhiya election in 2006 and won the election. He contestant for ZP election in 2011,2016 & 2021 but he lost all the election.  He is block president of SC/ST community JDU. 
c) Educational Background: 12th.
d) Financial Activities: Former.
e) Area Community Influence: All communities.
f) Public Perception: People found him hardworking and honest
",BSC Member,Sangathan,,,,,,,,,
Magadh,Aurangabad,37. Aurangabad,222. Kutumba,Kutumba,,Kutumba_23,SC (Other),,,Shyam Bihari Ray,7079834560.0,SC,DUSADH,65.0,"Shyam Bihari Rai | 65 | Male | Paswan(SC) |Incumbent Mukhiya

a) Current Profile: He is Incumbent Mukhiya of Parta Panchayat.
b) Socio-political Brief: He is active in Bihar politics since college days by marking his presence in JP Movement. He then contested ZP elections in (2001-06)  and lost by the margin of 1000 votes. Meanwhile he was engaged in farming and agricultural activities, but soon after in (2021-26) he contested elections of Mukhiya and won by the margin of 300 votes.
c) Educational Background: He is a graduate in commerce from Ranchi University.
d) Financial Activities: He is a marginal farmer and have some cattles to rear.
e) Area|Community Influence: He has not influence over the people of the Panchayat and nearby as most of them say that he has not perfor,ed his duties with dedication as some of the roads were in bad condition having potholes and drainage system was not in work properly.
f) Public Perception: Negative
g) Recent Activity: He actively supported 'INDIA' alliance in the recent Lok Sabha elections.",BSC Member,Sangathan,SUBJECT TO PARISHIMAN,,,,,,,,
Magadh,Aurangabad,37. Aurangabad,222. Kutumba,Kutumba,,Kutumba_24,Unreserved (Other),,,Randhir Kumar Singh,9939202668.0,General ,RAJPUT,47.0,"RANDHIR KR SINGH | GENERAL | RAJPUT |47
PACS ADHYAKSH 2021 
CONTRACTOR , FARMING 
ZP CONTESTENT ",Vidhan Sabha Sanyojak,Sangathan,,,,,,,,,
Magadh,Aurangabad,37. Aurangabad,222. Kutumba,Kutumba,,Kutumba_24,Unreserved (Other),,,Sanjay Paswan,9931258750.0,SC,PASWAN,41.0,"Sanjay Paswan | 41 | Male | Paswan |Incumbent 3 Terms BDC
a) Current Profile: He is de-facto (Nilam Devi) Incumbent BDC of Kutumba Panchayat.
b) Socio-political Brief: He contestant first time Mukhiya election in 2001 where he got 2nd Position. In 2006 he contestant for ZP election where he got 2nd position. Consecutive 3 Terms BDC  from 2011-2021. He is Zila Upadhyaksh (LJP) from 2021-2023, Now he is Pradesh Mahasachiv (SC/CT wings) 2023- Present. 
c) Educational Background: 12th.
d) Financial Activities: He is a Dealer. 
e) Area Community Influence: All communities.
f) Public Perception: People found him hardworking and honest.
",BSC Member,Sangathan,HE IS VERY ACTIVE / HE IS ALSO PREPARING FOR VIDHAN SHABHA ,,,,,,,,
Magadh,Aurangabad,37. Aurangabad,222. Kutumba,Kutumba,,Kutumba_24,Unreserved (Other),,,Manoj Yadav,9572929900.0,OBC ,YADAV,46.0,"Manoj Yadav | 46 | Male | Yadav | Former Pramukh (2001)
a) Current Profile: He is former Pramukh from Kutumba block.
b) Socio-political Brief: He contestant first time BDC election in 2001 and won the election.  He elected as Up Pramukh. In 2006 he contestant for Mukhiya election and lost the election. Again in 2011 he contestant for Mukhiya election and won the election. In 2016 he contestant for ZP election where he lost the election, secured 1375 votes. he is block president for 2012- 2024. Now he is Zila Sachiv of RJD from 2024- Present.
c) Educational Background: Graduation (History)
d) Financial Activities: He is a farmer. 
e) Area Community Influence: All communities.
f) Public Perception: People found him hardworking and honest
",BSC Member,Sangathan,,,,,,,,,
Magadh,Aurangabad,37. Aurangabad,222. Kutumba,Kutumba,,Kutumba_24,Unreserved (Other),,,Sonu Kumar Singh,7903557148.0,General ,RAJPUT,32.0,"Sonu Kumar Singh | 32 | Male | Rajput | ZP Contestant 
a) Current Profile: He is ZP contestant of Kutumba.
b) Socio-political Brief: He is contestant first time ZP election in 2021, where he got 827 votes but lost by 20495 votes. 
c) Educational Background: B.A.
d) Financial Activities: Businessman.
e) Area Community Influence: All communities.
f) Public Perception: People found him hardworking and honest
",BSC Member,Sangathan,,,,,,,,,
Magadh,Aurangabad,37. Aurangabad,222. Kutumba,Kutumba,,Kutumba_24,Unreserved (Other),,,Deepak Kumar Verma,8002259102.0,OBC,KUSHWAHA,32.0,"Deepak Kumar Verma | 32 | Male | OBC | Kushwaha

- ZP Runner-up (2021), Secured 2nd position by 5163 votes
- Former Sarpanch (2011)
- Contractor ",BSC Member,Sangathan,,,,,,,,,
Magadh,Aurangabad,35. Karakat,221. Nabinagar,Barun,,Barun_19,Unreserved (Mahila),,,Dhananjay Singh,9771781061.0,General ,RAJPUT,50.0,"Dhananjay Singh |50 | Male | General | Rajput
 - Consecutive 2 term De-facto ZP (2016- Present)
 - BJP Pradesh Committee Member (2015 -2020)
 - BJP Nabinagar Vidhan Sabha Sanyojak (2022 -present)
 - Owner of 10 brick kilns ,Contractor and Real state.",SCC-Member,Sangathan,,,,,,,,,
Magadh,Aurangabad,35. Karakat,221. Nabinagar,Barun,,Barun_19,Unreserved (Mahila),,,Anil kr. yadav,9955040900.0,OBC,YADAV,52.0,"52| Male | Yadav | ZP Contestant
a) Current profile:- He( pratima dedvi) is Zila Parishad Contestant from Constituency no. 19.
b) Socio Political: He contested in year 2021 for the ZP against sunita devi got 4995 votes and lost the election by a margin of 9987 votes. 
c) Educational Background:- He graduated . 
d) Financial activity: His livelihood is run by the contractor .and have cement shop .

e) Area / community impact: He has a very good impact on the whole community of his constituency which constitutes 8 panchayats. He has a good hold over yadav caste because he is not aligned with RJD.

f) Public perception: He bears a very good and clear image in the area. The people in the area were very well connected to him and he helped them in many forms. 

g) Criminal case: No",BSC Member,Sangathan,,,,,,,,,
Magadh,Aurangabad,35. Karakat,221. Nabinagar,Barun,,Barun_19,Unreserved (Mahila),,,Deepak yadav,6200197511.0,OBC,YADAV,28.0,"28 | Male | Yadav | ZP Runnerup
a) Current profile:- He(Rekha kumari) is Zila Parishad runner-up from Constituency no. 19.
b) Socio Political: He contested in year 2021 for the ZP against sunita devi, got 8153 votes and lost the election by a margin of 6829  votes.  
c) Educational Background:- BA 
d) Financial activity: His livelihood is run by the contractor who also runs a crushing business in Bihar jharkhand. 

e) Area / community impact: He has a very good impact on the whole community of his constituency which constitutes 8 panchayats. He has a good hold over yadav caste 
Public perception: He bears a very good and clear image in the area. The people in the area were very well connected to him and he helped them in many forms. 

g) Criminal case: No",BSC Member,Sangathan,,,,,,,,,
Magadh,Aurangabad,35. Karakat,221. Nabinagar,Barun,,Barun_19,Unreserved (Mahila),,,,,,,,,,,,,,,,,,,
Magadh,Aurangabad,35. Karakat,221. Nabinagar,Barun,,Barun_19,Unreserved (Mahila),,,,,,,,,,,,,,,,,,,
Magadh,Aurangabad,35. Karakat,221. Nabinagar,Barun,,Barun_17,SC (Mahila),,,Priyanka Anand/ Ravi Ranjan Kumar,7479828095.0,SC,Dusadh,31.0,"-ZP Runner up 2021 (8888 votes)
-BDC  Runner up 2016 
-Mukhiya Runner up 2011
-Father-in-law Railway Employee (Junior Engineer

-District Vice President of RJD 2021
-He joined JSP in 2024",,Onboarded,thora confuse h wapis ek baar baat krna h,,,,,,,,
Magadh,Aurangabad,35. Karakat,221. Nabinagar,Barun,,Barun_17,SC (Mahila),,,Nirmala Kumari,9973105159/8789463545,SC,Dusadh,37.0,"-ZP contestent 2021(4775 votes, 4th Rank)
-Husband  Government Teacher",,Onboarded,,,,,,,,,
Magadh,Aurangabad,35. Karakat,221. Nabinagar,Barun,,Barun_17,SC (Mahila),,,Nawal Paswan,9334346397.0,SC,DUSADH,45.0,"- Former NCP Prakhand Adhyaksh 
-Former LJP Prakhand Adhyaksh 
MUKHIYA CONTESTED 2006
-  ZP Contestant (2011,2016,2021)",Vidhan Sabha Prabhari,Vidhan Sabha prabhari,,,,,,,,,
Magadh,Aurangabad,35. Karakat,221. Nabinagar,Barun,,Barun_17,SC (Mahila),,,Lal Mohan Chaudhary,7260966850.0,SC,PASI,43.0,"Lal Mohan Chaudhary | 43 | Male | SC | Pasi 

2011-2021: Mukhiya, Kochad (Barun)
2021: Brother was Defacto Mukhiya, Gathauli (Barun)
2010: BJP Vidhan Sabha Prabhari, Obra
2015: Contested MLA election in Nabinagar as an Independent candidate with 8,000 votes
RSS Dharam Jagaran Samanway Zila Parmukh, Pasi Pariyojna
Wife contested Zila Parishad in Barun Uttari in 2021.
Business : Cement Materials, Renowned Contractor, Animal Husbandry.",DSC Member,Sangathan,,,,,,,,,
Magadh,Aurangabad,35. Karakat,221. Nabinagar,Barun,,Barun_17,SC (Mahila),,,,,,,,,,,,,,,,,,,
Magadh,Aurangabad,35. Karakat,221. Nabinagar,Nabinagar,,Nabinagar_20,Backward Class (Mahila),,,Indu devi,9572620151.0,General ,RAJPUT,55.0,"Indu Devi| 55 | Female | Rajput | 2 Terms ZP (2006 & 2011)
a) Current Profile: She is Former ZP of Kutumba.
b) Socio-political Brief: She is contestant first time BDC election in 2001 from Nabinagar block and won the election.  She elected as Pramukh of Nabinagar. In 2006 & 2011 she contestant for ZP election from Kutumba block where she won the election. 2 terms Consecutive ZP from Kutumba. Again in 2016 she contestant for same post where she got 4260 and lost the election by 1258 votes. In 2021 she is not contestant some health issue. 
c) Educational Background: B.A. 
d) Financial Activities: Former.
e) Area Community Influence: All communities.
f) Public Perception: People found him hardworking and honest
",BSC Member,Sangathan,,,,,,,,,
Magadh,Aurangabad,35. Karakat,221. Nabinagar,Nabinagar,,Nabinagar_20,Backward Class (Mahila),,,Lov Kumar Singh,9123490138.0,General ,RAJPUT,38.0,"LOV KUMAR SINGH | MALE | 38 | GEN | RAJPUT 
2 TIMES WARD SADASYA 
2 TIME UPMUKHIYA 
ZP CONTESTENT ",EMC,EMC,,,,,,,,,
Magadh,Aurangabad,35. Karakat,221. Nabinagar,Nabinagar,,Nabinagar_20,Backward Class (Mahila),,,,,,,,,,,,,,,,,,,
Magadh,Aurangabad,35. Karakat,221. Nabinagar,Nabinagar,,Nabinagar_20,Backward Class (Mahila),,,,,,,,,,,,,,,,,,,
Magadh,Aurangabad,35. Karakat,221. Nabinagar,Nabinagar,,Nabinagar_20,Backward Class (Mahila),,,,,,,,,,,,,,,,,,,
Magadh,Aurangabad,35. Karakat,221. Nabinagar,Nabinagar,,Nabinagar_22,SC (Other),,,Ajay Rajvanshi,9631975117.0,SC,Rajwar,40.0,"- ZP Contestent  2021 (4322 votes, 3rd Rank)
- ZP contested, 2016 (2345 votes)
- Furniture Shop & transportation business ",,Onboarded,,,,,,,,,
Magadh,Aurangabad,35. Karakat,221. Nabinagar,Nabinagar,,Nabinagar_22,SC (Other),,,Hari Ram,9934955042.0,Sc,Chamar,55.0,"Hari Ram | 55 | SC | Chamar

- Incumbent Zila Parishad member, elected in 2021
- Zila Parishad member in 2001, won by 3,600 votes and secured around 8,000 votes
- Zila Parishad Runner-up in 2016, lost by 500 votes
- Contested Vidhan Sabha election in 2005",Acc,"""ACC, Incumbent ZP""",,,,,,,,,
Magadh,Aurangabad,35. Karakat,221. Nabinagar,Nabinagar,,Nabinagar_22,SC (Other),,,,,,,,,,,,,,,,,,,
Magadh,Aurangabad,35. Karakat,221. Nabinagar,Nabinagar,,Nabinagar_22,SC (Other),,,,,,,,,,,,,,,,,,,
Magadh,Aurangabad,35. Karakat,221. Nabinagar,Nabinagar,,Nabinagar_22,SC (Other),,,,,,,,,,,,,,,,,,,
Magadh,Aurangabad,35. Karakat,221. Nabinagar,Nabinagar,,Nabinagar_21,SC (Other),,,Dudheshwar Paswan,7763014835.0,SC,Dusadh,46.0,"-Incumbent ZP -2021
-ZP election 2016 lost by 288 votes
-Bhabhi  - Former Sarpanch 2006- 2011
-Associated with JSP in 2024",,"Onboarded , Incumbent ZP",,,,,,,,,
Magadh,Aurangabad,35. Karakat,221. Nabinagar,Nabinagar,,Nabinagar_21,SC (Other),,,Baijnath Paswan,6201961747.0,SC,Dusadh,56.0,"-ZP contestent 2021(4858 votes, 4th Rank)
 -Former ZP 2016- 2021
-ZP election 2001 lost by 8 votes
-Occupation Road & Bridge Contractor
",,Onboarded,,,,,,,,,
Magadh,Aurangabad,35. Karakat,221. Nabinagar,Nabinagar,,Nabinagar_21,SC (Other),,,Bablu Kumar Ravi,9693951525.0,SC,Chamar,46.0,"-ZP contestent 2021 (4032 votes, 5th Rank
-ZP election 2016 lost by 60 votes
-Businessman (Owner of 3 Buses)",,Onboarded,,,,,,,,,
Magadh,Aurangabad,35. Karakat,221. Nabinagar,Nabinagar,,Nabinagar_21,SC (Other),,,Rakesh Singh,9934219568.0,General ,RAJPUT,45.0,"Rakesh Singh 45 | Male | Sarpanch,PACS Runner Up
a) Current Profile: He is currently Sarpanch winning by 350 votes. 
b) Socio-political Brief: He started contesting from 2006,lost the Sarpanch election by 165,to Dhanmati Devi. He got around 700 votes then.He then won Sarpanch Election by 200 votes,and got 1100 votes at that time. He defeated Dhanmati Singh,then Incumbent Sarpanch. He again won in 2016 by 300 votes,securing 1400 votes. That time he defeated Rajesh Kumar Singh. In 2021,he got around 1900 votes and won by around 350-400 votes. He defeated Satendra Singh, husband of Dhammati Devi. In 2019,he lost the PACS Adhyaksh Election by 58 votes,he lost to Anil Singh,the incumbent PACS Adhyaksh getting 642 votes.He is Prakhand Adhyaksh of JDU Kisan Sangh. He is also Zila Adhyaksh of Hindu Sanatan Manch
c) Educational Background: Intermediate 
d) Financial Activities: He has transportation and agriculture. He has around 7 acres of land.He also has a General Store. He has a JCB and Tractor. He is financially well off.
e) Area|Community Influence: He is influential in this Panchayat.
f) Public Perception: Clean and Politically Active.
g) Recent Activities: He financially helps poor people of his Panchayat and has donated for road construction in his and his neighbouring villages.",BSC Member,Sangathan,,,,,,,,,
Magadh,Aurangabad,35. Karakat,221. Nabinagar,Nabinagar,,Nabinagar_21,SC (Other),,,Ajay Kumar Sinha,6205275635.0,General ,KYASTYA,52.0,"AJAY KUMAR SINHA | MALE | GEN | KUASHTYA | 52 
MUKHIYA 2001
2021 MUKHIYA CONTESTED 
ZP CONTESTENT ",Prakhand Mahasachiv,Sangathan,,,,,,,,,
Magadh,Aurangabad,35. Karakat,220. Obra,Daudnagar,,Daudnagar_2,Unreserved (Mahila),,,Baby Tripathi,7004793716.0,General ,Brahmin,35.0,"Baby Tripathi | Female | 35 | General | Brahmin | Former ZP Contestant

-Former ZP Contestant, 2021, 8800
-Social Worker",ACC,ACC,,,,,,,,,
Magadh,Aurangabad,35. Karakat,220. Obra,Daudnagar,,Daudnagar_2,Unreserved (Mahila),,,Krishna Singh Kushwaha,8002434379.0,OBC,KUSHWAHA,68.0,"Krishna Singh Kushwaha | 68 | Male | OBC| Kushwaha 

- Former Mukhiya (2006)
- 2 Term ZP runner up, Secured 4000 and 6535 Votes (2016, 2021)
- 2 Term Mukhiya runner up (2001, 2011)
-Former 2 term PACS (2012-2022)
- Built stage for Vivekanand Mission SChool, Manar",EMC,EMC,,,,,,,,,
Magadh,Aurangabad,35. Karakat,220. Obra,Daudnagar,,Daudnagar_2,Unreserved (Mahila),,,Uday Paswan,8538936640.0,SC,PASWAN,34.0,"Uday Paswan | 34 | Male | Paswan |  8538936640

- ZP Runner-up (2011) 
- Defacto Mukhiya Runner-up (2016) 
- BDC Runner-up ( 2016 )
- Incumbent BDC (2021) 
- District President of Paswan Community (2010- Present)",BSC Member,Sangathan,,,,,,,,,
Magadh,Aurangabad,35. Karakat,220. Obra,Daudnagar,,Daudnagar_2,Unreserved (Mahila),,,Umesh Yadav,9631012310.0,OBC,YADAV,60.0,"Umesh Yadav
60 | Male | Yadav | ZP Runner Up & Two Times President of Bar Council Daudnagar 

a) Current Profile : ZP Runner Up & Two Times President of Bar Council Daudnagar 

b) Socio-political : He started his practice at Daudnagara Court from 1995 in Criminal cases. He contested for the Bar Council President Position in 2019 and won it. After completing his tenure his daughter (Abhilasha Raj) contested for ZP election in 2021 and lost the election by the margin of 1147 votes after getting 7049 votes. Again in 2021 he contested for the President position of Daudnagar Bar Council and won it. He is currently working as a senior advocate.

c) Educational Background : He is MA with LLB from Magadh University.

d) Financial Activities : He owns a big kothi & 2 cars.

e) Area Community Influence : Assembly level.

f) Public Perception : He is very famous among people of Obra Vidhansabha and other blocks. He is known for his social services at any time in day and night. He is also known as the right hand of Virender Singh former MLA of Obra.

g) Recent Activities : He is mainly involved in his court work as well as helping poor people.",BSC Member,Sangathan,,,,,,,,,
Magadh,Aurangabad,35. Karakat,220. Obra,Daudnagar,,Daudnagar_2,Unreserved (Mahila),,,Manish Kumar Yadav,9934873188.0,OBC,YADAV,40.0,"Manish Kumar Yadav | 40 | Male | OBC | Yadav |

- Former Zila Parishad Runner Up, 2016.
- Former Zila Adhyash of Aapda Prakost in RJD.
- Former JDU Distric VP (2014-2018)
- Former District Spokeperson of Samajwadi party, 2019.
- Politically Active & well known Face in District level",Zila Yuva Adhyaksh,Sangathan,,,,,,,,,
Magadh,Aurangabad,35. Karakat,220. Obra,Daudnagar,,Daudnagar_1,Unreserved (Other),,,Bhagwan Singh,7677119237.0,OBC,KURMI,62.0,"BHAGWAN SINGH | OBC | KURMI | 62 
10 YEAR MUKHIYA 2006-2016
 INCUMBENT PACS 2004 
DONE B-TECH(JOB IN PVT. COMPANY) 
PREVIOUSLY CONTRACTOR
VYPAR MANDAL ADHYAKSH
ZP CONTESTENT   ",जिला महामंत्री,Sangathan,,,,,,,,,
Magadh,Aurangabad,35. Karakat,220. Obra,Daudnagar,,Daudnagar_1,Unreserved (Other),,,Savita Kumari,9693685573.0,OBC,KURMI,60.0,"SAVITA KUMARI | OBC | KURMI | 60 
VYPAR MANDAL DIRECTOR 
MUKHIYA CONTESTENT 
PACS ADHYAKSH 
PROFESSOR AT ANUDAN COLLEGE 
DONE M.PHIL 
ZP CONTESTENT ",DSS,Sangathan,,,,,,,,,
Magadh,Aurangabad,35. Karakat,220. Obra,Daudnagar,,Daudnagar_1,Unreserved (Other),,,Shailesh Kumar Urf Santosh urf Raja,7320000576.0,General ,RAJPUT,40.0,"40 | Male | Rajput | JDU Member

a) Current Profile: Defacto ZP Adhyaksha
b) Socio-political Brief: He started his political career in 2004 by Winning as a Mukhiya from Kanchan Panchayat Obra. He also won as Mukhiya in 2011 and his wife elected as a Zilla Parshad in 2016. He also won as PACS President in 2019. Lastly his wife was elected as ZP Adhyaksha in 2021 by 1600votes.
c) Educational Background: M.A. History
d) Financial Activities: He Runs a Construction Materiel bussiness and owns various Hotels and Commercial Complex.
e) Area|Community Influence: He has been a political leader since 2004 and wellknown at the district level leaders.
f) Public Perception: Positive. However some of the minority leaders are unsure about his intent.
g) Recent Activities: His wife is the ZP Adhyaksha elected in 2021 and actively working within the district.",BSC Member,Sangathan,,,,,,,,,
Magadh,Aurangabad,35. Karakat,220. Obra,Daudnagar,,Daudnagar_1,Unreserved (Other),,,Amrendra Kumar alias Arvind Yadav,6200541567.0,OBC,YADAV,50.0,"Amrendra Kumar alias Arvind Yadav
50 | Male | Yadav | Zila Parishad Sangh Pradesh UpAdhyaksh

a) Current Profile: He is the incumbent Zila Parshad Sangh Pradesh Vice President and ZP from Obra.

b) Socio-political: He won his first ZP election in 2021 by 1595 votes, securing 12056 votes, defeating 2-term former ZP Ram Krishna Kumar alias Nanku Pandey. His father, Late Ram Vilas Singh, was a JP Senani. He has been actively involved in politics since 1990, joining Janta Dal and later holding various positions in RJD, including RJD Prakhand Adhyaksh of Youth wing in 1997, RJD Zila Sachiv of Youth wing in 1999, RJD Pradesh Sachiv of the main wing from 2012 to 2019, and currently serving as RJD Pradesh Mahasachiv since 2020.

c) Educational Background: He is a Graduate in Political Science.

d) Financial Activities: He is a large-scale farmer and involved in agricultural business.

e) Area Community Influence: He has zonal-level influence.

f) Public Perception: He has a positive perception and is recently active on the field.

g) Recent Activities: He is a contestant for the 2025 assembly elections on an RJD ticket.",BSC Member,Sangathan,,,,,,,,,
Magadh,Aurangabad,35. Karakat,220. Obra,Daudnagar,,Daudnagar_1,Unreserved (Other),,,Krishna Prasad,7492098950.0,SC,DUSADH,60.0,"Krishna Prasad | 60 | Male | SC | Dusadh
-ZP Runner Up (2005) Secured 4000+ Votes.
-Retd. Headmaster from Indira Gandhi College, Daudnagar (1994 - 2019). - Raised voice against District Magistrate when teachers were forced to donate Rice from Mid Day Meal scheme.",Sangathan Zila Upadhyaksh,Sangathan,,,,,,,,,
Magadh,Aurangabad,35. Karakat,220. Obra,Daudnagar,,Daudnagar_1,Unreserved (Other),,,Rajesh Ranjan alias Bade Sharma,9534384052.0,General ,BHUMIHAR,41.0,"Rajesh Ranjan alias Bade Sharma
41 | Male | Bhumihar | Social worker

a) Socio-political: He belongs to a political family. His father was a farmer. He was associated with JDU earlier as Block Vice President but he has resigned now. Then he joined the BJP as well and get the post of BJP Mandal Media In charge but had resigned from BJP as well. His sister in law was contested ZP election but could not win. She is associated Congress as of now and held the position of State Vice President of Mahila Wing. Currently she is a principal of Mahila College at Gopalganj district. He is very politically active person although he is not associated with any party as of now. 
c) Financial Activities- Farming is the only source of his income. 
d) Area| Community Influence – He is well recognized person in his Panchayat. 
e) Public Perception- He has a good public perception as he spent most of his time among people and well connected with them as well. 
f) Recent Activities- Currently he usually engaged in his agriculture activities. ",BSC Member,Sangathan,,,,,,,,,
Magadh,Aurangabad,35. Karakat,220. Obra,Obra,,Obra_16,Unreserved (Other),,,Shailesh Kumar,9931412057/7320000576,OBC,YADAV,40.0,"Shailesh Kumar | OBC | YADAV | 40 
ZP RUNNER UP SECURED 4935 VOTES ",,Runnerup,,,,,,,,,
Magadh,Aurangabad,35. Karakat,220. Obra,Obra,,Obra_16,Unreserved (Other),,,Rekha Kumari W/O BINDESHWER RAM,6207054107.0,SC,RAVIDAS,34.0,"BINDESHWER RAM | SC | RAVIDAS | 34 
 ZP RUNNER UP 2021 
HIS WIFE IS HIGH SCHOOL TEACHER",,Runnerup ZP,,,,,,,,,
Magadh,Aurangabad,35. Karakat,220. Obra,Obra,,Obra_16,Unreserved (Other),,,Arun Paswan,7061286952.0,SC,DUSADH,55.0,"Arun Paswan | 55 | Male | SC | Paswan | Obra | 7061286952 | 2 Term Incumbent Pramukh
 - Incumbent De-facto Block Pramukh (2018-2021,2023-Present)
 - Proposed Vote of No Confidence against Anuj Ram in 2018 & 2023 and won with 24/28 BDC Votes
 - 5 Term BDC (2001-Present)
 - Won BDC from Gen. Seat (2001,2006 & 2011)
 - His wife Shakuntala Devi won BDC from Woman reserved SC seat (2016 & 2021)
 - Block Pramukh is SC reserved seat (2016, 2021).",EMC,EMC,"HE IS VERY ACTIVE AND TOLD ME THAT HE WILL BRING PEOPLE FOR MEETING.

HIS BROTHER WANTS TO CONTEST MUKHIYA ELECTION.",,,,,,,,
Magadh,Aurangabad,35. Karakat,220. Obra,Obra,,Obra_16,Unreserved (Other),,,,,,,,,,,,,,,,,,,
Magadh,Aurangabad,35. Karakat,220. Obra,Obra,,Obra_16,Unreserved (Other),,,,,,,,,,,,,,,,,,,
Magadh,Aurangabad,35. Karakat,220. Obra,Obra,,Obra_15,Unreserved (Other),,,Harendra Yadav,6201062569.0,Obc,Yadav,45.0,"""Harendra Kumar | 44 | Male | OBC | Yadav 

- 2 Term Former Defacto Zila Parshad (2011-16, 2016-21).
- Former Prakhand Pramukh, ओबरा (2006-11).
- Zila Parishad Chairman Runner up (2016), 13/28 votes.""",Zila Yuva Adhyaksh,Frontals,,,,,,,,,
Magadh,Aurangabad,35. Karakat,220. Obra,Obra,,Obra_15,Unreserved (Other),,,Rajesh Kumar,7903420894.0,OBC,SURI,47.0,"Kumar Rajesh | Male | 47 | OBC | Suri
 
- ⁠Founding member of Swaraj Party (Loktantrik), 2010
- ⁠General Secretary of SP(L), 2011 - 15
- ⁠Former MLA 220 - Obra Somprakash Yadav (IND, 2010); (SP(L), 2010 - 15)
- ⁠Founding member of NGO Bihar Rajya Nirmal Sangathan with more than 12,000 members.
- ⁠Businessman, Distributor of large scale Textile and Stationery. ",EMC,EMC,,,,,,,,,
Magadh,Aurangabad,35. Karakat,220. Obra,Obra,,Obra_15,Unreserved (Other),,,,,,,,,,,,,,,,,,,
Magadh,Aurangabad,35. Karakat,220. Obra,Obra,,Obra_15,Unreserved (Other),,,,,,,,,,,,,,,,,,,
Magadh,Aurangabad,35. Karakat,220. Obra,Obra,,Obra_15,Unreserved (Other),,,,,,,,,,,,,,,,,,,
Magadh,Aurangabad,35. Karakat,220. Obra,Obra,,Obra_14,Unreserved (Other),,,Swaati Kumari/ Ranjan Kumar,7903189409.0,OBC,Kurmi,38.0,"-ZP contestent 2021(3467 votes, 3rd Rank)
-District President of JDU 2024
-Father-in-law -Incumbent PACS President
",,Onboarded,,,,,,,,,
Magadh,Aurangabad,35. Karakat,220. Obra,Obra,,Obra_14,Unreserved (Other),,,Aasha Devi/Jitendra Kumar Yadav,9199608357.0,OBC,Yadav,33.0,"-ZP contestent 2021(9126 votes, 3rd Rank)
-Incumbent PACS President 
-Businessman (Cement Shop)",,Onboarded,,,,,,,,,
Magadh,Aurangabad,35. Karakat,220. Obra,Obra,,Obra_14,Unreserved (Other),,,Sheela Devi,6205047851.0,General ,rajput,53.0,"Sheela Devi
53 | Female | Rajput | ZP RunnerUp

a) Current Profile: She is a former ZP Vice Chairman and ZP RunnerUp.

b) Socio-political: She contested her first ZP election in 2006 on a female reserve seat, winning by 2500 votes with 9200 votes. She became Zila Parishad Vice Chairman unopposed during the same tenure. In 2011, she lost the ZP election by 350 votes, securing 8600 votes. In 2016, she won the ZP election on a general seat by 1500 votes, securing 9000 votes, but lost the ZP Chairman election by 3 votes, getting 12/28 votes. In 2021, she was the ZP RunnerUp with 597 votes, securing 9202 votes.

c) Educational Background: She has passed Matriculation.

d) Financial Activities: Her husband is a large-scale contractor.

e) Area Community Influence: She has a positive public perception and is active on the field.

f) Public Perception: She is known for helping people financially where she can.

g) Recent Activities: She remains active in public life, contributing to the community through her experience and resources.",BSC Member,Sangathan,,,,,,,,,
Magadh,Aurangabad,35. Karakat,220. Obra,Obra,,Obra_14,Unreserved (Other),,,,,,,,,,,,,,,,,,,
Magadh,Aurangabad,35. Karakat,220. Obra,Obra,,Obra_14,Unreserved (Other),,,,,,,,,,,,,,,,,,,
Magadh,Aurangabad,37. Aurangabad,224. Rafiganj,Madanpur,,Madanpur_10,SC (Other),,,Abhay Kr. Sikari,8294873941.0,SC,Pasi,29.0,"- ZP Runner Up 2021 (6034 votes)
-Joined Jan Suraaj Party in 2025
-Block President of Janta Dal (United) in 2023
",,Onboarded,,,,,,,,,
Magadh,Aurangabad,37. Aurangabad,224. Rafiganj,Madanpur,,Madanpur_10,SC (Other),,,Prafful Singh,9934971186.0,General ,RAJPUT,58.0,"""Prafull Singh | 58 | Male | General| Rajput 

-2 term ZP from Madanpur (2006-2016).
-Defacto Mukhiya of Beri Panchayat (2021-present)
-ZP runner up in 2016, lost by only 26 votes.
 -Former incumbent Mukhiya (2001-06)
-BJP member and Lok sabha sah sayaonjak of Aurangabad.
-Former BJP Buddhijeevi Prakosth President Aurangabad.""",Vidhan Sabha Chunav Prabandhan Samiti,Chunav Prabandhan Samiti,,,,,,,,,
Magadh,Aurangabad,37. Aurangabad,224. Rafiganj,Madanpur,,Madanpur_10,SC (Other),,,Kedar Shah,6202525849.0,OBC,BANIYA,46.0,"Kedar Shah | 46 | Male | Baniya | Khiriyawan Panchayat

a) Current Profile: He is the BJP EBC prakosth Zila VP (2023-present)
b) Socio-political Brief: He was the defacto former mukhiya in 2001 for the first time from khiriyawan panchayat. His brother again contested for ZP in 2011 and got around 3000 votes. In 2021 he again contested for mukhiya in 2021 and got around 1900 votes and finished as runner up. He was panchayat president in 2001 then goes to block and Zila in 2023
c) Educational Background: Metric
d) Financial Activities: Agriculture
e) Area|Community Influence: N/A
f) Public Pereption: He has good public perception.",BSC Member,Sangathan,,,,,,,,,
Magadh,Aurangabad,37. Aurangabad,224. Rafiganj,Madanpur,,Madanpur_10,SC (Other),,,Dharmendra Kumar,9934095348.0,OBC,KUSHWAHA,38.0,"Dharmendra Kumar | 38 | Male | OBC| Kushwaha 

-2 term Incumbent sarpanch (2016-present)
-2 term Up-sarpanch from 2006-16.
-Former RLSP Zila VP Aurangabad
-Cement store and agri business in beri GP",BSC Member,Sangathan,,,,,,,,,
Magadh,Aurangabad,37. Aurangabad,224. Rafiganj,Madanpur,,Madanpur_10,SC (Other),,,,,,,,,,,,,,,,,,,
Magadh,Aurangabad,37. Aurangabad,224. Rafiganj,Madanpur,,Madanpur_11,Unreserved (Other),,,Vikash Kumar Singh alias Bablu Singh,7979088318.0,General ,RAJPUT ,46.0,"Vikash Kumar | Male | 46 | General | Rajput | Incumbent Mukhiya

-Incumbent Mukhiya(2021 To Till Date)
-Former Mukhiya(2011 To 2016)
-Former BJP Zila Upadhyaksh(2013 To 2020)
-Former BJP Member(2008 To 2020)
-Jan Suraaj State WORKING Committee Member",संसदीय क्षेत्र चुनाव प्रभारी,Sangathan,,,,,,,,,
Magadh,Aurangabad,37. Aurangabad,224. Rafiganj,Madanpur,,Madanpur_11,Unreserved (Other),,,Dadan Singh,8347983463.0,General ,RAJPUT ,55.0,"Dadan Singh | 55 | Male | Rajput | Chei Nawada Panchayat

a) Current Profile: He is the incumbent Fauji sangh zila adhyaksh of Aurangabad.
b) Socio-political Brief: He is Fauji sangh zila adhyaksh of Aurangabad since 2019. He took VRS from army in 2021.
c) Educational Background: Graduate
d) Financial Activities: Agriculture
e) Area|Community Influence: N/A.
f) Public Pereption: He has good public perception.",BSC Member,Sangathan,,,,,,,,,
Magadh,Aurangabad,37. Aurangabad,224. Rafiganj,Madanpur,,Madanpur_11,Unreserved (Other),,,Shankar Kumar Yadav,9931883866.0,OBC,YADAV,47.0,"47| Male | Yadav  | War Panchayat

a) Current Profile: He is the incumbent Zila Parishad of Madanpur block Area no 8 and RJD Pradhan Magasachiv of Aurangabad.(2014-21).
b) Socio-political Brief: He started his political career in 1994 and became the student union president in 1995 then in 1999 he became the student union general secreatry then he contested Mukhiya election 2001 but lost by 88 votes. In 2011 he contested zila parishad election from madanpur and got 8400 votes but lost by 64 votes , He won the 2016 & 2021 Zila parishad elections from Madanpur. He was also Railways Users Costing Committee member appointed by Shri Lalu Prashad yadav in (2007-09), also he was Rastriya Ambedkar Sena Zila Adyskhiya From (2003-06). During tenure of Lalu as a Railway Minister he started railway reservation counter, retiering room in Rafiganj station. He promoted Deo Surya Mandir Logo in all the stations of Aurangabad district.  
c) Educational Background: BA
d) Financial Activities:  Contactor , Agriculture 
e) Area|Community Influence: He has a good community influence among Yadav population of Rafiganj AC .
f) Public Perception: He has good public perception.
g) Recent Activities: He supported MGB in 2024 general elections .",BSC Member,Sangathan,,,,,,,,,
Magadh,Aurangabad,37. Aurangabad,224. Rafiganj,Madanpur,,Madanpur_11,Unreserved (Other),,,Pankaj Kumar,6200061373.0,EBC,KAHAR,37.0,"Pankaj Kumar |37| Male | Kahar | Chei nawada Panchayat

a) Current Profile: Incumbent Defacto Pramukh of Madanpur, unopposed with support of 20 BDC.
b) Socio-political Brief: Ran for BDC in 2021 (Won) and in 2016 but lost and became the runner up. He is currently Pramukh of Madanpur block (Unreserved) even belonging to Kahar community.
c) Educational Background:  Graduation
d) Financial Activities: Agriculture
e) Area|Community Influence: He has lot of influence among all communities.
f) Public Perception:  He has a positive public perception.
g) Recent Activities: N/A",BSC Member,Sangathan,,,,,,,,,
Magadh,Aurangabad,37. Aurangabad,224. Rafiganj,Madanpur,,Madanpur_11,Unreserved (Other),,,,,,,,,,,,,,,,,,,
Magadh,Aurangabad,37. Aurangabad,224. Rafiganj,Madanpur,,Madanpur_27,SC (Mahila),,,Kanchan Devi/ Bablu Paswan,6204837232.0,SC,Dusadh,36.0,"-Incumbent ZP -2021
-Husband -Former Mukhiya 2006- 2011
-Businessman (Poultry Farm Owner)",,"Onboarded , Incumbent ZP",,,,,,,,,
Magadh,Aurangabad,37. Aurangabad,224. Rafiganj,Madanpur,,Madanpur_27,SC (Mahila),,,Shiv Kumari Devi,9162884644.0,SC,RAVIDAS,45.0,"Shiv Kumari Devi | SC | RAVIDAS | 45 
ZP RUNNER UP SECURED 4911 VOTES 
HUSBAND IS A CONTRACTOR ",,Runnerup ZP,,,,,,,,,
Magadh,Aurangabad,37. Aurangabad,224. Rafiganj,Madanpur,,Madanpur_27,SC (Mahila),,,,,,,,,,,,,,,,,,,
Magadh,Aurangabad,37. Aurangabad,224. Rafiganj,Madanpur,,Madanpur_27,SC (Mahila),,,,,,,,,,,,,,,,,,,
Magadh,Aurangabad,37. Aurangabad,224. Rafiganj,Madanpur,,Madanpur_27,SC (Mahila),,,,,,,,,,,,,,,,,,,
Magadh,Gaya,36. Jehanabad,233. Atri,Atri,,Atri_12,Unreserved (Mahila),Naina Kumari,Sheetal Prasad yadav,Priyanka Kumari/Saroj Kumar Singh,7091944052.0,General ,Rajput,42.0,"-ZP Contestent 2021 (2750 votes)
-ZP Contestent 2016 (1500 votes)
-Occupation farming and grocery shop.",,Onboarded,,,,,,,,,
Magadh,Gaya,36. Jehanabad,233. Atri,Atri,,Atri_12,Unreserved (Mahila),Naina Kumari,Sheetal Prasad yadav,Dinesh Yadav/Geeta Devi,8210919465.0,OBC,Yadav,47.0,"Incumbent Defacto ZP 
Contested BDC Election in 2001
Business- Transport",,Incumbent ZP,,,,,,,,,
Magadh,Gaya,36. Jehanabad,233. Atri,Atri,,Atri_12,Unreserved (Mahila),Naina Kumari,Sheetal Prasad yadav,Pralhad Kumar Pandit,8294331691.0,EBC,Prajapati,46.0,"In 2006, Contested Sarpanch election, losy by 13 votes
In 2011, Contested sarpanch election, lost by 32 vote  
In 2016, Contested BDC, Received 950 votes, won by 350 votes
In 2021, Contested BDC receieved 1200 votes, lost by 100 vote",,Sangathan Dump,,,,,,,,,
Magadh,Gaya,36. Jehanabad,233. Atri,Atri,,Atri_12,Unreserved (Mahila),Naina Kumari,Sheetal Prasad yadav,,,,,,,,,,,,,,,,,
Magadh,Gaya,36. Jehanabad,233. Atri,Atri,,Atri_12,Unreserved (Mahila),Naina Kumari,Sheetal Prasad yadav,,,,,,,,,,,,,,,,,
Magadh,Gaya,36. Jehanabad,233. Atri,Khizarsarai,,Khizarsarai_10,Backward Class (Others),Naina Kumari,Sheetal Prasad yadav,Akhilesh Kumar,7903140407.0,EBC,Dangi,46.0,"
-ZP Runner up 2021 (5358 votes)
-Businessman (brick kiln) and LIC Agent
",,,,,,,,,,,
Magadh,Gaya,36. Jehanabad,233. Atri,Khizarsarai,,Khizarsarai_10,Backward Class (Others),Naina Kumari,Sheetal Prasad yadav,Rajanandan Kumar,8088014647.0,EBC,Teli,49.0,"ACC from Atari
1997 to 2020, He served in Air Force as  Flight engineer. ",राज्य सलाहकार,Sangathan,,,,,,,,,
Magadh,Gaya,36. Jehanabad,233. Atri,Khizarsarai,,Khizarsarai_10,Backward Class (Others),Naina Kumari,Sheetal Prasad yadav,Kaushal Kumar Yadav,9711381974.0,OBC,Yadav,31.0,"
- (2021-Present) Incumbent Mukhiya of Siswar Panchayat.
- (2014-2020) Worked as a Chinese Language Translator with Oppo Mobile in Delhi.
- Influential personality in his panchayat.
- Formed a group of social workers during the COVID-19 distribution of medicines, and essential supplies to those in need.",,EMC,,,,,,,,,
Magadh,Gaya,36. Jehanabad,233. Atri,Khizarsarai,,Khizarsarai_10,Backward Class (Others),Naina Kumari,Sheetal Prasad yadav,Kapildev Yadav,9939020204.0,OBC,Yadav,,"- Two times Incumbent sarpanch of Chiralli Panchayat. (2016-21 & 2021-Onwards)
 - Block President of Sarpanch Sangh Khizarsarai Block. (2021-Onwards)
 - He is a Lawyer by Profession.",,EMC,,,,,,,,,
Magadh,Gaya,36. Jehanabad,233. Atri,Khizarsarai,,Khizarsarai_10,Backward Class (Others),Naina Kumari,Sheetal Prasad yadav,,,,,,,,,,,,,,,,,
Magadh,Gaya,36. Jehanabad,233. Atri,Khizarsarai,,Khizarsarai_9,Backward Class (Others),Naina Kumari,Sheetal Prasad yadav,Srikant Kumar,9771674070.0,EBC,Kahar,48.0,"
- ZP Contestent  2021 (2129 votes, 8th Rank)
- He Joined Jan Suraaj Party in 2025",,Onboarded,,,,,,,,,
Magadh,Gaya,36. Jehanabad,233. Atri,Khizarsarai,,Khizarsarai_9,Backward Class (Others),Naina Kumari,Sheetal Prasad yadav,Girja Chaudhary,9546773533.0,SC,Pasi,55.0,"-2 Time's Former Pacs Adhyaksh of Kurva Panchayat -2009-2019
-Runner up Pacs Adhyaksh 2024 (Lost by 34 Votes)
-Runner Pacs Adhyaksh -2019 (lost by 15 Votes)
-Director of Aadarsh Kirtan Mandali Kurva since 1978
-Former Vyapar Mandal Executive Member, Neemchak Bathani Anumandal-2009-19
-Owner of Rahul Vastralay Shop at Kurva Market","Old Sangathan 
Sangathan Zila Kisan Adhyaksh",Sangathan,,,,,,,,,
Magadh,Gaya,36. Jehanabad,233. Atri,Khizarsarai,,Khizarsarai_9,Backward Class (Others),Naina Kumari,Sheetal Prasad yadav,Mithlesh Paswan/ Savitri Devi,7461852617.0,SC,Paswan ,35.0,"2 times Mukhiya since 2016
Her Husband is in Govt Job ",,"""Onboarded, Sangathan Dump""",,,,,,,,,
Magadh,Gaya,36. Jehanabad,233. Atri,Khizarsarai,,Khizarsarai_9,Backward Class (Others),Naina Kumari,Sheetal Prasad yadav,,,,,,,,,,,,,,,,,
Magadh,Gaya,36. Jehanabad,233. Atri,Khizarsarai,,Khizarsarai_9,Backward Class (Others),Naina Kumari,Sheetal Prasad yadav,,,,,,,,,,,,,,,,,
Magadh,Gaya,36. Jehanabad,233. Atri,Mohra,,Mohra_13,Backward Class (Mahila),Naina Kumari,Sheetal Prasad yadav,Manju Kumari/Ambuj Kr. Singh,8651764222.0,EBC,Dangi,35.0,"
-ZP Contestent 2021 (4316 votes, 5th Rank)
- Father -in-law  Jan Suraaj Prakhand Adhyaksh
- Mother -in-law PACS President",,ZP Contestant,,,,,,,,,
Magadh,Gaya,36. Jehanabad,233. Atri,Mohra,,Mohra_13,Backward Class (Mahila),Naina Kumari,Sheetal Prasad yadav,Umesh Manjhi,9431227279.0,SC,Manjhi,45.0,"In 2016 contested Mukhiya, lost by 2 votes, Received 1100 votes
In 2021, contested Sarpanch Election, Received 675 votes, secured 3rd Position",,EMC,,,,,,,,,
Magadh,Gaya,36. Jehanabad,233. Atri,Mohra,,Mohra_13,Backward Class (Mahila),Naina Kumari,Sheetal Prasad yadav,Neepu Kumar Singh,7004288280.0,General ,Bhumihar,45.0,Contested PACS Election two times and lost by 3 votes and 14 votes ,,EMC,,,,,,,,,
Magadh,Gaya,36. Jehanabad,233. Atri,Mohra,,Mohra_13,Backward Class (Mahila),Naina Kumari,Sheetal Prasad yadav,,,,,,,,,,,,,,,,,
Magadh,Gaya,36. Jehanabad,233. Atri,Mohra,,Mohra_13,Backward Class (Mahila),Naina Kumari,Sheetal Prasad yadav,,,,,,,,,,,,,,,,,
Magadh,Gaya,36. Jehanabad,233. Atri,Neemchak Bathani,,Neemchak Bathani_11,Unreserved (Mahila),Naina Kumari,Sheetal Prasad yadav,Shanti Devi/Ajeet Kumar Das,7061903180.0,SC,Chamar,50.0,"-ZP Contestent 2021 (1400 votes)
- Husband Police Sub-Inspector in Bihar Government.",,Onboarded,,,,,,,,,
Magadh,Gaya,36. Jehanabad,233. Atri,Neemchak Bathani,,Neemchak Bathani_11,Unreserved (Mahila),Naina Kumari,Sheetal Prasad yadav,Rekha Kumari/Ramakant Yadav,7250634955.0,OBC,Yadav,39.0,"- ZP Contestent 2021 (5651 votes)
 -Husband- Senior Section Engineer in the Railway, and
- He is involved in railway contracting work
",,,,,,,,,,,
Magadh,Gaya,36. Jehanabad,233. Atri,Neemchak Bathani,,Neemchak Bathani_11,Unreserved (Mahila),Naina Kumari,Sheetal Prasad yadav,Subhash Chandra Bose,7488090309.0,OBC,Yadav,47.0,"ZP Runner Up, Receieved 9000 votes, lost by 197 votes
In 2006 ZP Runner UP, lost by 200 votes
Won ZP Election in 2001 ",ओबीसी प्रकोष्ठ प्रभारी,Sangathan,,,,,,,,,
Magadh,Gaya,36. Jehanabad,233. Atri,Neemchak Bathani,,Neemchak Bathani_11,Unreserved (Mahila),Naina Kumari,Sheetal Prasad yadav,,,,,,,,,,,,,,,,,
Magadh,Gaya,36. Jehanabad,233. Atri,Neemchak Bathani,,Neemchak Bathani_11,Unreserved (Mahila),Naina Kumari,Sheetal Prasad yadav,,,,,,,,,,,,,,,,,
Magadh,Gaya,38. Gaya (SC),228. Barachatti,Barachatti,,Barachatti_45,Unreserved (Other),Naina Kumari,Sheetal Prasad yadav,Shambhu Prasad Yadav,9955075989.0,OBC,Yadav,47.0,"-Former De facto Prakhand Pramukh ( 2009-2016)
-BDC from Bajarakar GP (2006-2016)
-2nd Runner up ZP - Barachatti (SC) (45)- ( 2016-2021)
-3rd Runner up ZP - Barachatti (SC) (2021-)
-Prakhand Vice Adhyaksh - RJD - (2017-2021)
-Zila Adhyaksh - RJD - Panchayati Raj Prakoshth - (2015-2016)
Worked with RJD and NCP.",,EMC,,,,,,,,,
Magadh,Gaya,38. Gaya (SC),228. Barachatti,Barachatti,,Barachatti_45,Unreserved (Other),Naina Kumari,Sheetal Prasad yadav,Kasif Khan,,,,,,,,,,,,,,,,
Magadh,Gaya,38. Gaya (SC),228. Barachatti,Barachatti,,Barachatti_45,Unreserved (Other),Naina Kumari,Sheetal Prasad yadav,Vipin Kumar,6200696113.0,OBC,Yadav,33.0,"Incumbent BDC, won for the first time",,Sangathan Dump,,,,,,,,,
Magadh,Gaya,38. Gaya (SC),228. Barachatti,Barachatti,,Barachatti_45,Unreserved (Other),Naina Kumari,Sheetal Prasad yadav,,,,,,,,,,,,,,,,,
Magadh,Gaya,38. Gaya (SC),228. Barachatti,Barachatti,,Barachatti_45,Unreserved (Other),Naina Kumari,Sheetal Prasad yadav,,,,,,,,,,,,,,,,,
Magadh,Gaya,38. Gaya (SC),228. Barachatti,Barachatti,,Barachatti_46,Unreserved (Other),Naina Kumari,Sheetal Prasad yadav,Jugnu Sultan,9955615338.0,General ,Muslim,34.0,"        - Supervisor in United Nations International Children’s Emergency Fund, Community Level (2007-2009)
- She was Barachatti Assembly coordinator in MSME 
- Jeevika Member since 2018",,EMC,,,,,,,,,
Magadh,Gaya,38. Gaya (SC),228. Barachatti,Barachatti,,Barachatti_46,Unreserved (Other),Naina Kumari,Sheetal Prasad yadav,Kamlesh Kumar,8507036562.0,EBC,Badhai,32.0,"Kamlesh Kumar | 32 | Male |EBC| Badhai
Incumbent Mukhiya (2021 - till now)
Social Worker",,,,,,,,,,,
Magadh,Gaya,38. Gaya (SC),228. Barachatti,Barachatti,,Barachatti_46,Unreserved (Other),Naina Kumari,Sheetal Prasad yadav,Laxman Choudhary,9771732287.0,sc,pasi,56.0,"-Defacto Sarpanch (2021)
-Former two times Sarpanch (2001-06)(2011-16)
-Mukhiya runner Up 2016
",,,,,,,,,,,
Magadh,Gaya,38. Gaya (SC),228. Barachatti,Barachatti,,Barachatti_46,Unreserved (Other),Naina Kumari,Sheetal Prasad yadav,Karan Kumar,9955235133.0,EBC,Badhai,35.0,"-Ex BJP Kisan Morcha Prakhand President - Barachatti (SC) -(2021-2023.
- ZP Runner up - Barachatti (SC) (2021).
- ZP Runner up - Barachatti (SC) (2016).
Former Media Prabhari - LJP -Prakhand Level (2018-2021)
",,"""Onboarded , Sangathan Dump""",,,,,,,,,
Magadh,Gaya,38. Gaya (SC),228. Barachatti,Barachatti,,Barachatti_46,Unreserved (Other),Naina Kumari,Sheetal Prasad yadav,Rahul Rahi,8298938042.0,,,,,,,,,,,,,,,
Magadh,Gaya,38. Gaya (SC),228. Barachatti,Bodhgaya,,Bodhgaya_37,SC (Mahila),Naina Kumari,Sheetal Prasad yadav,Ajay Singh,9934280944.0,EBC,Chandravanshi,55.0,"Former ZP (2011)
Former Mukhiya (2001)
He was not fighting election because seat got reserved. 
He is Pradesh Sangathan Sachiv of Hindustani Awam Morcha ",He wants to meet Prashant and join JSP,New Name (Recommendation),,,,,,,,,
Magadh,Gaya,38. Gaya (SC),228. Barachatti,Bodhgaya,,Bodhgaya_37,SC (Mahila),Naina Kumari,Sheetal Prasad yadav,Manoj Kumar Mehta,9110047525.0,Obc,Koiri,48.0,"- Former De- facto Block Pramukh (2021- 24)
 - Two term Incumbent defacto BDC (2001 & 2021)
 - Two term Former BDC (2006 & 2011)
 - Ex- Block President BJP (Farmer Cell) (2001-06)
 - Ex- District Secretary Bhartiya Janta Yuva Morcha (2006-08)
 - Ex- District Vice President Bhartiya Janta Yuva Morcha. (2008-11)
 - Ex- District General Secretary JDU (2013-16)
 - Ex- District Vice President JDU ( 2016-19)
 - Ex-District President (Farmer Cell)JDU, Gaya (2019-23)
 - District Coordinator BJP (Panchayati Raj Prakoshth) (2023-24)
 - Gaya Lok Sabha Coordinator (2024)",,,,,,,,,,,
Magadh,Gaya,38. Gaya (SC),228. Barachatti,Bodhgaya,,Bodhgaya_37,SC (Mahila),Naina Kumari,Sheetal Prasad yadav,Lakshman Manjhi,9852146218.0,SC,Manjhi,,"Lakshman Manjhi
- Former Pradesh Mahasachiv (HUM) 2022 - 2025
- Former Zila Pradhan Mahasachiv ( HUM )
- Social Activist 9852146218",,EMC,,,,,,,,,
Magadh,Gaya,38. Gaya (SC),228. Barachatti,Bodhgaya,,Bodhgaya_37,SC (Mahila),Naina Kumari,Sheetal Prasad yadav,,,,,,,,,,,,,,,,,
Magadh,Gaya,38. Gaya (SC),228. Barachatti,Bodhgaya,,Bodhgaya_37,SC (Mahila),Naina Kumari,Sheetal Prasad yadav,,,,,,,,,,,,,,,,,
Magadh,Gaya,38. Gaya (SC),228. Barachatti,Bodhgaya,,Bodhgaya_36,SC (Other),Naina Kumari,Sheetal Prasad yadav,Vinay  Paswan,9939008553.0,SC,Paswan,45.0,"ZP Runner up in 2021, Received 4200 votes, lost by 2100 votes
Contested Mukhiya election in 2011, Receieved 350 votes 
His Brother was Defacto BDC 
Contested Vidhan Sabha Election independently in 2025, received 1300 votes",,ACC,,,,,,,,,
Magadh,Gaya,38. Gaya (SC),228. Barachatti,Bodhgaya,,Bodhgaya_36,SC (Other),Naina Kumari,Sheetal Prasad yadav,Rajesh Kumar,8292910888.0,SC,Paswan,45.0,"ZP runner up, 2nd postion, receieved 8000 votes, 2021
Former Mukhiya, won by 63 votes, Receieved 532 votes, 2006
Mukhiya Contestent, Received 900 votes, lost by 32 votes, 2011
Former  ZP, Received 12000, won by 185 votes, 2016
 ",,1st Runnerup,,,,,,,,,
Magadh,Gaya,38. Gaya (SC),228. Barachatti,Bodhgaya,,Bodhgaya_36,SC (Other),Naina Kumari,Sheetal Prasad yadav,,,,,,,,,,,,,,,,,
Magadh,Gaya,38. Gaya (SC),228. Barachatti,Bodhgaya,,Bodhgaya_36,SC (Other),Naina Kumari,Sheetal Prasad yadav,,,,,,,,,,,,,,,,,
Magadh,Gaya,38. Gaya (SC),228. Barachatti,Bodhgaya,,Bodhgaya_36,SC (Other),Naina Kumari,Sheetal Prasad yadav,,,,,,,,,,,,,,,,,
Magadh,Gaya,38. Gaya (SC),228. Barachatti,Mohanpur,,Mohanpur_44,SC (Mahila),Naina Kumari,Sheetal Prasad yadav,Ajmat Ali,9572146996.0,,Mulsim,53.0,"-Rashtriya Majdoor Ekta Party, Bihar Pradesh Adhyaksh ,Anti corruption cell
--2021 Incumbent Defecto Mukhiya 3300 votes
-2006 ZP Runner up, 7800 Votes
-2011 ZP Runner up, 9000 Votes
-2016 Mukhiya 2400 Votes, runner up
",,EMC,,,,,,,,,
Magadh,Gaya,38. Gaya (SC),228. Barachatti,Mohanpur,,Mohanpur_44,SC (Mahila),Naina Kumari,Sheetal Prasad yadav,Pankaj Kr Singh,9955175728.0,General,Rajput,42.0,"Pankaj Kr Singh | 42 | Male | Gen | Rajput

Incumbent BDC, 2021-Present
BJP Block Mantri,2022-23
His Father Former Mukhiya 2001-06",,,,,,,,,,,
Magadh,Gaya,38. Gaya (SC),228. Barachatti,Mohanpur,,Mohanpur_44,SC (Mahila),Naina Kumari,Sheetal Prasad yadav,,,,,,,,,,,,,,,,,
Magadh,Gaya,38. Gaya (SC),228. Barachatti,Mohanpur,,Mohanpur_44,SC (Mahila),Naina Kumari,Sheetal Prasad yadav,,,,,,,,,,,,,,,,,
Magadh,Gaya,38. Gaya (SC),228. Barachatti,Mohanpur,,Mohanpur_44,SC (Mahila),Naina Kumari,Sheetal Prasad yadav,,,,,,,,,,,,,,,,,
Magadh,Gaya,38. Gaya (SC),228. Barachatti,Mohanpur,,Mohanpur_43,SC (Mahila),Naina Kumari,Sheetal Prasad yadav,Dev Kumar Paswan,9955073233.0,Sc,Dusadh,54.0,"Dev Kumar Paswan | 54 | Male | SC| Dusadh
-Runner up Zila Parishad in 2016 got 8000 votes 
-Runner up sarpanch in 2021
",,,,,,,,,,,
Magadh,Gaya,38. Gaya (SC),228. Barachatti,Mohanpur,,Mohanpur_43,SC (Mahila),Naina Kumari,Sheetal Prasad yadav,Santosh yadav,9279583062.0,OBC,YADAV,54.0,"- AAP Zila Sachiv of Gaya district - 2011 - Present
- Former Contested Mukhiya from Mahuet Panchayat and he was 2nd Runrup
- Former Ward Counsilor Contested from ward 41 in 2012, Vote Secured 345
- Owned 2 ITI (Punam ITI &Supriya ITI",,,,,,,,,,,
Magadh,Gaya,38. Gaya (SC),228. Barachatti,Mohanpur,,Mohanpur_43,SC (Mahila),Naina Kumari,Sheetal Prasad yadav,Sangeeta Devi/Rudra Kumar Das,9955659568.0,SC,Ravidas,45.0,"Former ZP, 2016
ZP Runner Up, receieved 10000 votes, 2021",,ZP Contestant,,,,,,,,,
Magadh,Gaya,38. Gaya (SC),228. Barachatti,Mohanpur,,Mohanpur_43,SC (Mahila),Naina Kumari,Sheetal Prasad yadav,,,,,,,,,,,,,,,,,
Magadh,Gaya,38. Gaya (SC),228. Barachatti,Mohanpur,,Mohanpur_43,SC (Mahila),Naina Kumari,Sheetal Prasad yadav,,,,,,,,,,,,,,,,,
Magadh,Gaya,38. Gaya (SC),232. Belaganj,Belaganj,,Belaganj_8,Unreserved (Mahila),Naina Kumari,Sheetal Prasad yadav,Chhotu Singh/ Karishma Devi,8294444511.0,General ,Rajpoot,32.0,"Incumbent Defacto ZP, Received 5800 votes, won by 3000 votes
Father was Mukhiya Since 2001 to 2011
Sister in Law fought ZP election in 2016, lost by 600 votes",,Incumbent ZP,,,,,,,,,
Magadh,Gaya,38. Gaya (SC),232. Belaganj,Belaganj,,Belaganj_8,Unreserved (Mahila),Naina Kumari,Sheetal Prasad yadav,Meena Devi/ Nitish Kumar Chandan,9470085718.0,EBC,Dangi,30.0,"ZP Runner UP, Received 5200, lost by 252, 2016
ZP Runner UP, Received 5300, lost by 1500 votes. 2021",,Runnerup ZP,,,,,,,,,
Magadh,Gaya,38. Gaya (SC),232. Belaganj,Belaganj,,Belaganj_8,Unreserved (Mahila),Naina Kumari,Sheetal Prasad yadav,Subodh Kumar,9304093725.0,OBC,Yadav,36.0,"ZP Runner up, 2021
Mukhiya Runner up, lost by 48 votes, 2011",,Runnerup ZP,,,,,,,,,
Magadh,Gaya,38. Gaya (SC),232. Belaganj,Belaganj,,Belaganj_8,Unreserved (Mahila),Naina Kumari,Sheetal Prasad yadav,,,,,,,,,,,,,,,,,
Magadh,Gaya,38. Gaya (SC),232. Belaganj,Belaganj,,Belaganj_8,Unreserved (Mahila),Naina Kumari,Sheetal Prasad yadav,,,,,,,,,,,,,,,,,
Magadh,Gaya,38. Gaya (SC),232. Belaganj,Belaganj,,Belaganj_6,Unreserved (Mahila),Naina Kumari,Sheetal Prasad yadav,,,,,,,,,,,,,,,,,
Magadh,Gaya,38. Gaya (SC),232. Belaganj,Belaganj,,Belaganj_6,Unreserved (Mahila),Naina Kumari,Sheetal Prasad yadav,Chandrabhanu Kumar/Archana Kumari,7909092392.0,General ,Bhumihar,41.0,"ZP Runner Up 2021, secured 2nd position
ZP from 2016 to 2021
BDC from 2011 to 2016, Pramukh from 2013 to 2016",,Runnerup ZP,,,,,,,,,
Magadh,Gaya,38. Gaya (SC),232. Belaganj,Belaganj,,Belaganj_6,Unreserved (Mahila),Naina Kumari,Sheetal Prasad yadav,Rajendra Ram,,SC,Das ,,,,,Chandrabhanu Ji will give his phone number,,,,,,,,
Magadh,Gaya,38. Gaya (SC),232. Belaganj,Belaganj,,Belaganj_6,Unreserved (Mahila),Naina Kumari,Sheetal Prasad yadav,Mahtab Khan,9431030644.0,,Mulsim,,"-Incumbent Mukhiya Sangh Adhyaksh (2021-Onwards)
-Incumbent Mukhiya from Sanda Panchayat (2021-Onwards and 2016-2021)
-Former Prakhand President of Yuva JDU (2020-2023)
-Prakhand Genreal Secretary of Yuva JDU (2017-2020)",,EMC,,,,,,,,,
Magadh,Gaya,38. Gaya (SC),232. Belaganj,Belaganj,,Belaganj_6,Unreserved (Mahila),Naina Kumari,Sheetal Prasad yadav,,,,,,,,,,,,,,,,,
Magadh,Gaya,38. Gaya (SC),232. Belaganj,Belaganj,,Belaganj_7,Unreserved (Mahila),Naina Kumari,Sheetal Prasad yadav,Ravi Ranjan Nirala,9931794071.0,EBC,Dangi,53.0,"Ravi Ranjan Nirala | Male | 52 | EBC | Dangi | Incumbent Mukhiya

-Incumbent 2 Consecutive Terms Mukhiya, 2016 To Till Date
-Former Mukhiya Contestant, 2011, Got 345 Votes
-Former JDU District Vice President, 2016 To 2021
-Director Of Niarala Construction",,,,,,,,,,,
Magadh,Gaya,38. Gaya (SC),232. Belaganj,Belaganj,,Belaganj_7,Unreserved (Mahila),Naina Kumari,Sheetal Prasad yadav,Uttam Kumar,9351496977.0,General ,Bhumihar,32.0,"- Puja Kumari is at 2nd position in zila parishad.
- BSC in Math, Bachelor of library SCience, Master of library SCience, B.Ed, MEPF Manager
- Hero showroom in Belaganj market, Gaya cotton mill
- Father fought Mukhia election in 2000 lost by 1500 votes.
-Supervisor of PMC project of 300 crore at gaya station.",,,,,,,,,,,
Magadh,Gaya,38. Gaya (SC),232. Belaganj,Belaganj,,Belaganj_7,Unreserved (Mahila),Naina Kumari,Sheetal Prasad yadav,,,,,,,,,,,,,,,,,
Magadh,Gaya,38. Gaya (SC),232. Belaganj,Belaganj,,Belaganj_7,Unreserved (Mahila),Naina Kumari,Sheetal Prasad yadav,,,,,,,,,,,,,,,,,
Magadh,Gaya,38. Gaya (SC),232. Belaganj,Belaganj,,Belaganj_7,Unreserved (Mahila),Naina Kumari,Sheetal Prasad yadav,,,,,,,,,,,,,,,,,
Magadh,Gaya,38. Gaya (SC),229. Bodh Gaya,Fatehpur,,Fatehpur_40,Backward Class (Others),Naina Kumari,Sheetal Prasad yadav,मोहम्मद ईलियास अंसारी,9934604124.0,EBC,Muslim,59.0,"ZP Runner up in 2016 and 2021, Received 6300 votes
Sarpanch Sangh Adhyaksh (Prakhand, Zila)
Mukhiya Runner up ",,Runnerup ZP,,,,,,,,,
Magadh,Gaya,38. Gaya (SC),229. Bodh Gaya,Fatehpur,,Fatehpur_40,Backward Class (Others),Naina Kumari,Sheetal Prasad yadav,"Upendra Kumar ""O. P. Sharma""",8294615095.0,General,Bhumihar,46.0,"-Former Three terms Mukhiya from MatesoPanchayat (2001-06)(2006-11)(2011-16)
 -His dummy candidate has been winning for last two terms (2016-21)(2021-Onwards)
 - Former Block President of All India Kisan Sabha, Peasent Wing of Communist Party of India (Marxist) (2008-2011)",,,,,,,,,,,
Magadh,Gaya,38. Gaya (SC),229. Bodh Gaya,Fatehpur,,Fatehpur_40,Backward Class (Others),Naina Kumari,Sheetal Prasad yadav,,,,,,,,,,,,,,,,,
Magadh,Gaya,38. Gaya (SC),229. Bodh Gaya,Fatehpur,,Fatehpur_40,Backward Class (Others),Naina Kumari,Sheetal Prasad yadav,,,,,,,,,,,,,,,,,
Magadh,Gaya,38. Gaya (SC),229. Bodh Gaya,Fatehpur,,Fatehpur_40,Backward Class (Others),Naina Kumari,Sheetal Prasad yadav,,,,,,,,,,,,,,,,,
Magadh,Gaya,38. Gaya (SC),229. Bodh Gaya,Fatehpur,,Fatehpur_41,Unreserved (Mahila),Naina Kumari,Sheetal Prasad yadav,Sunil Bharti,6207248577.0,SC,Paswan,28.0,"a) Current Profile: He is defecto sarpanch of Mataso Panchayat.
b) Socio-political Brief: His Father Ajay Paswan contested BDC election in 2006 in which he was not elected.
- In 2011 contested ZP(Area No.41 ) in which he got 3rd position.
-In 2016 his mother contested Mukhiya election in which she lost.
-In 2021 his mother contested sarpanch election in which she was elected.
-Ajay Paswan was cogress Block President (2014-2017)
-LJP Zila Sachiv (2017-2023)
c) Educational Backgroun: Graduate.
d) Financial Activities: He is R$P Doctor.
e) Area|Community Influence : Panchayat.
f) Public Perception: He is widely regarded positively by the public.
g) Criminal Record: He has No  criminal Record.",,,,,,,,,,,
Magadh,Gaya,38. Gaya (SC),229. Bodh Gaya,Fatehpur,,Fatehpur_41,Unreserved (Mahila),Naina Kumari,Sheetal Prasad yadav,Vijay Kumar Chaudhary,9430980286.0,SC,Pasi,57.0,"-Former Loksabha Contestant(2019), Janta Dal Rashtravadi, got 23462 Votes
-Former Assembly Contestant, 2005, Jai Jawan Jai KIsan Party, 32 00 Votes
-Former Janta Dal Rashtravadi Pradesh Mahasachiv(2019 To 2023)
-Former Congress Zila Sachiv(2006 To 2018)
-Former Jai Jawan Jai kisan Party Member 
-Jan Suraaj Prakhand Prabhari
-Jan Suraaj State Working Committee Member",,Sangathan Dump,,,,,,,,,
Magadh,Gaya,38. Gaya (SC),229. Bodh Gaya,Fatehpur,,Fatehpur_41,Unreserved (Mahila),Naina Kumari,Sheetal Prasad yadav,,,,,,,,,,,,,,,,,
Magadh,Gaya,38. Gaya (SC),229. Bodh Gaya,Fatehpur,,Fatehpur_41,Unreserved (Mahila),Naina Kumari,Sheetal Prasad yadav,,,,,,,,,,,,,,,,,
Magadh,Gaya,38. Gaya (SC),229. Bodh Gaya,Fatehpur,,Fatehpur_41,Unreserved (Mahila),Naina Kumari,Sheetal Prasad yadav,,,,,,,,,,,,,,,,,
Magadh,Gaya,38. Gaya (SC),229. Bodh Gaya,Fatehpur,,Fatehpur_42,Unreserved (Other),Naina Kumari,Sheetal Prasad yadav,Satyendra Kumar Yadav,9939019453.0,OBC,Yadav,45.0,"-ZP Contestent in 2021 (3200 votes)
-He works as contractor in the construction sector.",,,,,,,,,,,
Magadh,Gaya,38. Gaya (SC),229. Bodh Gaya,Fatehpur,,Fatehpur_42,Unreserved (Other),Naina Kumari,Sheetal Prasad yadav,Anamika Singh/Baijnath Prasad,7061121380.0,OBC,Yadav,46.0,"- ZP Contestent in 2021 (2185 votes)
- Former ZP 2006-11 
- Businessmen (Cement shop)
",,,,,,,,,,,
Magadh,Gaya,38. Gaya (SC),229. Bodh Gaya,Fatehpur,,Fatehpur_42,Unreserved (Other),Naina Kumari,Sheetal Prasad yadav,,,,,,,,,,,,,,,,,
Magadh,Gaya,38. Gaya (SC),229. Bodh Gaya,Fatehpur,,Fatehpur_42,Unreserved (Other),Naina Kumari,Sheetal Prasad yadav,,,,,,,,,,,,,,,,,
Magadh,Gaya,38. Gaya (SC),229. Bodh Gaya,Fatehpur,,Fatehpur_42,Unreserved (Other),Naina Kumari,Sheetal Prasad yadav,,,,,,,,,,,,,,,,,
Magadh,Gaya,38. Gaya (SC),229. Bodh Gaya,Tankuppa,,Tankuppa_39,Unreserved (Other),Naina Kumari,Sheetal Prasad yadav,Babu Chand Chaudhari,8579019290.0,SC,Pasi,55.0,"-Prakhand Pramukh (2004-2005)
-Sarpanch (2011-16)
-Mukhiya Runner up 2016
""",,,,,,,,,,,
Magadh,Gaya,38. Gaya (SC),229. Bodh Gaya,Tankuppa,,Tankuppa_39,Unreserved (Other),Naina Kumari,Sheetal Prasad yadav,Pradeep Kumar,9973104799.0,OBC,Yadav,44.0,"-ZP Contestant 2021
-Work in Block
""",,,,,,,,,,,
Magadh,Gaya,38. Gaya (SC),229. Bodh Gaya,Tankuppa,,Tankuppa_39,Unreserved (Other),Naina Kumari,Sheetal Prasad yadav,Anil Kumar Bharti,9661546299.0,sc,Mushar,37.0,"Anil Bharti | 37 | Male | SC| Mushar
- Currently he is Pravakta of Jansuraaj party - Jan 2025 - Present
- Prakhand Mahamantri of BJP -  2015- 24
- Panchayat Adhyakassh of BJP  2010 - 15",,Sangathan,,,,,,,,,
Magadh,Gaya,38. Gaya (SC),229. Bodh Gaya,Tankuppa,,Tankuppa_39,Unreserved (Other),Naina Kumari,Sheetal Prasad yadav,,,,,,,,,,,,,,,,,
Magadh,Gaya,38. Gaya (SC),229. Bodh Gaya,Tankuppa,,Tankuppa_39,Unreserved (Other),Naina Kumari,Sheetal Prasad yadav,,,,,,,,,,,,,,,,,
Magadh,Gaya,38. Gaya (SC),229. Bodh Gaya,Tankuppa,,Tankuppa_38,SC (Other),Naina Kumari,Sheetal Prasad yadav,,,,,,,,,,,,,,,,,
Magadh,Gaya,38. Gaya (SC),229. Bodh Gaya,Tankuppa,,Tankuppa_38,SC (Other),Naina Kumari,Sheetal Prasad yadav,Gudu Kumar,6204265014.0,SC,Dusadh,36.0,Incumbent ZP,,Incumbent ZP,,,,,,,,,
Magadh,Gaya,38. Gaya (SC),229. Bodh Gaya,Tankuppa,,Tankuppa_38,SC (Other),Naina Kumari,Sheetal Prasad yadav,Bacchan Yadav,9162539963.0,OBC,Yadav,54.0,"2 times Mukhiya Runner up
2 times BDC runner up
Prakhand Mahasachiv JSP",,Vidhan Sabha prabhari,,,,,,,,,
Magadh,Gaya,38. Gaya (SC),229. Bodh Gaya,Tankuppa,,Tankuppa_38,SC (Other),Naina Kumari,Sheetal Prasad yadav,Suman Kumar Saurabh,7992482783.0,SC,Majhi,31.0,"Suman Kumar Saurabh | Male | 28 | SC | Bhuinyan | Social Worker

-Jansuraaj Founder Member
-Active Social worker ( Working on  Education)
ACC",,EMC,,,,,,,,,
Magadh,Gaya,38. Gaya (SC),229. Bodh Gaya,Tankuppa,,Tankuppa_38,SC (Other),Naina Kumari,Sheetal Prasad yadav,,,,,,,,,,,,,,,,,
Magadh,Gaya,38. Gaya (SC),230. Gaya Town,Gaya Town,,Gaya Town_20,SC (Other),Naina Kumari,Sheetal Prasad yadav,Nandlal Chaudhari,9470646539.0,SC,Pasi,45.0,Incumbent ZP,,Incumbent ZP,,,,,,,,,
Magadh,Gaya,38. Gaya (SC),230. Gaya Town,Gaya Town,,Gaya Town_20,SC (Other),Naina Kumari,Sheetal Prasad yadav,Chandra Bhushan Kumar,9852172560.0,,,,,,,,,,,,,,,
Magadh,Gaya,38. Gaya (SC),230. Gaya Town,Gaya Town,,Gaya Town_20,SC (Other),Naina Kumari,Sheetal Prasad yadav,Laxman Choudhary,9771732287.0,SC,Pasi,60.0,"-Defacto Sarpanch (2021)
-Former two times Sarpanch (2001-06)(2011-16)
-Mukhiya runner Up 2016
",,EMC,,,,,,,,,
Magadh,Gaya,38. Gaya (SC),230. Gaya Town,Gaya Town,,Gaya Town_20,SC (Other),Naina Kumari,Sheetal Prasad yadav,,,,,,,,,,,,,,,,,
Magadh,Gaya,38. Gaya (SC),230. Gaya Town,Gaya Town,,Gaya Town_20,SC (Other),Naina Kumari,Sheetal Prasad yadav,,,,,,,,,,,,,,,,,
Magadh,Gaya,38. Gaya (SC),230. Gaya Town,Gaya Town,,Gaya Town_19,Backward Class (Mahila),Naina Kumari,Sheetal Prasad yadav,Sacchidanand Yadav,7004205828.0,OBC,Yadav,40.0,"Zila Upadhyaksh JSP
Ex-RJD Zila Adhyaksh
Sangharsh Vahini Head JSP
Contested Ward Election in 2016, won ",,Sangathan,,,,,,,,,
Magadh,Gaya,38. Gaya (SC),230. Gaya Town,Gaya Town,,Gaya Town_19,Backward Class (Mahila),Naina Kumari,Sheetal Prasad yadav,Maaya Devi,9934810026.0,OBC,Kushwaha,42.0,"-ZP contestant 2021
-Hardware shop
-Business
-",,,,,,,,,,,
Magadh,Gaya,38. Gaya (SC),230. Gaya Town,Gaya Town,,Gaya Town_19,Backward Class (Mahila),Naina Kumari,Sheetal Prasad yadav,Dheeraj Kumar,7903606819.0,SC,Paswan,33.0,"His mother was fighting election
MLA election Rashtriye Lok Dal, 2005
2 times ZP election contestent, lost by 84 votes",,New Name (Recommendation),,,,,,,,,
Magadh,Gaya,38. Gaya (SC),230. Gaya Town,Gaya Town,,Gaya Town_19,Backward Class (Mahila),Naina Kumari,Sheetal Prasad yadav,,,,,,,,,,,,,,,,,
Magadh,Gaya,38. Gaya (SC),230. Gaya Town,Gaya Town,,Gaya Town_19,Backward Class (Mahila),Naina Kumari,Sheetal Prasad yadav,,,,,,,,,,,,,,,,,
Magadh,Gaya,37. Aurangabad,225. Gurua,Guraru,,Guraru_21,Unreserved (Other),Naina Kumari,Sheetal Prasad yadav,Madheswar Chandranvansi,9431295940.0,EBC,Chandravansi,43.0,"Contested BDC election in 2006
Ex-JDU Upadhyaksh District
Ex-JSP Vidhansabha Prabhari",,EMC,,,,,,,,,
Magadh,Gaya,37. Aurangabad,225. Gurua,Guraru,,Guraru_21,Unreserved (Other),Naina Kumari,Sheetal Prasad yadav,बालेश्वर प्रसाद,9199653499.0,OBC,Yadav,,Incumbent ZP,,Incumbent ZP,,,,,,,,,
Magadh,Gaya,37. Aurangabad,225. Gurua,Guraru,,Guraru_21,Unreserved (Other),Naina Kumari,Sheetal Prasad yadav,,,,,,,,,,,,,,,,,
Magadh,Gaya,37. Aurangabad,225. Gurua,Guraru,,Guraru_21,Unreserved (Other),Naina Kumari,Sheetal Prasad yadav,,,,,,,,,,,,,,,,,
Magadh,Gaya,37. Aurangabad,225. Gurua,Guraru,,Guraru_21,Unreserved (Other),Naina Kumari,Sheetal Prasad yadav,,,,,,,,,,,,,,,,,
Magadh,Gaya,37. Aurangabad,225. Gurua,Guraru,,Guraru_22,Unreserved (Other),Naina Kumari,Sheetal Prasad yadav,Shambhu Kumar Singh,9955280595.0,General ,Rajput,46.0,"-ZP contestent 2021 (2600 votes)
-Former ZP 2006 to 2011

- He Joined Jan Suraaj Party in 2024
-He works as contractor in the construction sector.",,Onboarded,,,,,,,,,
Magadh,Gaya,37. Aurangabad,225. Gurua,Guraru,,Guraru_22,Unreserved (Other),Naina Kumari,Sheetal Prasad yadav,Rajesh Kuamr,7488864932.0,SC,Dusadh,53.0,"Rajesh Kumar | Male | 53 | SC| Dusadh
-Incumbent Dist. Secretary of Sarpanch Sangh ( 2021 ) 
-Three terms Former Sarpanch Sangh Adhyaksh ( 2006 , 2011 , 2016 )
- Mukhiya Runner Up ( Total Votes - 987 , Lost by 150 votes )",,,,,,,,,,,
Magadh,Gaya,37. Aurangabad,225. Gurua,Guraru,,Guraru_22,Unreserved (Other),Naina Kumari,Sheetal Prasad yadav,,,,,,,,,,,,,,,,,
Magadh,Gaya,37. Aurangabad,225. Gurua,Guraru,,Guraru_22,Unreserved (Other),Naina Kumari,Sheetal Prasad yadav,,,,,,,,,,,,,,,,,
Magadh,Gaya,37. Aurangabad,225. Gurua,Guraru,,Guraru_22,Unreserved (Other),Naina Kumari,Sheetal Prasad yadav,,,,,,,,,,,,,,,,,
Magadh,Gaya,37. Aurangabad,225. Gurua,Gurua,,Gurua_24,SC (Other),Naina Kumari,Sheetal Prasad yadav,Sunil Kumar Das,9939257529.0,SC,Ravidas,40.0,"ZP Runner Up, Received 5562 votes, lost by 3300 votes
Won ZP election in 2016
Won BDC election in 2011 and became Pramukh",,,,,,,,,,,
Magadh,Gaya,37. Aurangabad,225. Gurua,Gurua,,Gurua_24,SC (Other),Naina Kumari,Sheetal Prasad yadav,Ranjit Singh Kushwaha,8249138615.0,OBC,Kushwaha,61.0,"Ex-Distict President JSP
OBC Rajya Samiti Sadasya JSP
BDC Runner up 2021, Received 525 votes",,Chunav Prabandhan Samiti,,,,,,,,,
Magadh,Gaya,37. Aurangabad,225. Gurua,Gurua,,Gurua_24,SC (Other),Naina Kumari,Sheetal Prasad yadav,,,,,,,,,,,,,,,,,
Magadh,Gaya,37. Aurangabad,225. Gurua,Gurua,,Gurua_24,SC (Other),Naina Kumari,Sheetal Prasad yadav,,,,,,,,,,,,,,,,,
Magadh,Gaya,37. Aurangabad,225. Gurua,Gurua,,Gurua_24,SC (Other),Naina Kumari,Sheetal Prasad yadav,,,,,,,,,,,,,,,,,
Magadh,Gaya,37. Aurangabad,225. Gurua,Gurua,,Gurua_25,Backward Class (Others),Naina Kumari,Sheetal Prasad yadav,Sikander Parvez,7484092196.0,,Muslim,36.0,"Sikander Parvez | 36 | Male | Minority
Incumbent Sarpanch 
- RJD Sherghati Prakhand Secretary 2021 - 2022
- RJD Gurua Prakhand President 2022 -23",,Chunav Prabandhan Samiti,,,,,,,,,
Magadh,Gaya,37. Aurangabad,225. Gurua,Gurua,,Gurua_25,Backward Class (Others),Naina Kumari,Sheetal Prasad yadav,,,,,,,,,,,,,,,,,
Magadh,Gaya,37. Aurangabad,225. Gurua,Gurua,,Gurua_25,Backward Class (Others),Naina Kumari,Sheetal Prasad yadav,,,,,,,,,,,,,,,,,
Magadh,Gaya,37. Aurangabad,225. Gurua,Gurua,,Gurua_25,Backward Class (Others),Naina Kumari,Sheetal Prasad yadav,,,,,,,,,,,,,,,,,
Magadh,Gaya,37. Aurangabad,225. Gurua,Gurua,,Gurua_25,Backward Class (Others),Naina Kumari,Sheetal Prasad yadav,,,,,,,,,,,,,,,,,
Magadh,Gaya,37. Aurangabad,225. Gurua,Paraiya,,Paraiya_23,Backward Class (Mahila),Naina Kumari,Sheetal Prasad yadav,Kundan Kumar,9608203793.0,EBC,Mali,30.0,"He was ACC.
He is young and social worker.
He has completed BA Hons and appeared for BPSC.",,ACC,,,,,,,,,
Magadh,Gaya,37. Aurangabad,225. Gurua,Paraiya,,Paraiya_23,Backward Class (Mahila),Naina Kumari,Sheetal Prasad yadav,Bipin Kumar,8294492136.0,SC,Dusadh ,32.0,"Social Worker 
Ex-Vidhansabha Prabhari JSP",,New Name (Recommendation),,,,,,,,,
Magadh,Gaya,37. Aurangabad,225. Gurua,Paraiya,,Paraiya_23,Backward Class (Mahila),Naina Kumari,Sheetal Prasad yadav,Sunil Kumar Sharma,9508254428.0,GENERAL,Bhumihar,52.0,"Sunil Kumar Sharma| 52 | Male | Bhumihar |Gen| Incumbent Mukhiya
- Incumbent Mukhiya of Ajmat Ganj panchayat  (2021- Present)
- Two times former BDC from Ajmat Ganj panchayat (2006-11 &2016 -21)
- Education: Graduated, SN Sinha College
- Financial :  Farmer",,,,,,,,,,,
Magadh,Gaya,37. Aurangabad,225. Gurua,Paraiya,,Paraiya_23,Backward Class (Mahila),Naina Kumari,Sheetal Prasad yadav,,,,,,,,,,,,,,,,,
Magadh,Gaya,37. Aurangabad,225. Gurua,Paraiya,,Paraiya_23,Backward Class (Mahila),Naina Kumari,Sheetal Prasad yadav,,,,,,,,,,,,,,,,,
Magadh,Gaya,37. Aurangabad,227. Imamganj,Bankey Bazar,,Bankey Bazar_28,Unreserved (Other),Naina Kumari,Sheetal Prasad yadav,Jitendra Paswan,9693848253.0,SC,Paswan,48.0,"Incumbent Mukhiya 
In 2011, He won BDC election
In 2016 Contested Mukhiya Election and won
He is a Doctor",,ACC,,,,,,,,,
Magadh,Gaya,37. Aurangabad,227. Imamganj,Bankey Bazar,,Bankey Bazar_28,Unreserved (Other),Naina Kumari,Sheetal Prasad yadav,Vikash Kumar Paathak,9304423356.0,General,Brahmin,37.0,"ZP Runner up in 2021, Received 1200 votes
JSP member since 2024",,1st Runnerup,,,,,,,,,
Magadh,Gaya,37. Aurangabad,227. Imamganj,Bankey Bazar,,Bankey Bazar_28,Unreserved (Other),Naina Kumari,Sheetal Prasad yadav,Sanaullah Khan alias Sanu Khan,6200550722.0,General,Muslim,,"Ward Sangh Adhyaksh since 2021
Ward Sadasya Since 2016 (Up Mukhiya)
Sarpanch in 2006
Contested Mukhiya election in 2006",,,,,,,,,,,
Magadh,Gaya,37. Aurangabad,227. Imamganj,Bankey Bazar,,Bankey Bazar_28,Unreserved (Other),Naina Kumari,Sheetal Prasad yadav,,,,,,,,,,,,,,,,,
Magadh,Gaya,37. Aurangabad,227. Imamganj,Bankey Bazar,,Bankey Bazar_28,Unreserved (Other),Naina Kumari,Sheetal Prasad yadav,,,,,,,,,,,,,,,,,
Magadh,Gaya,37. Aurangabad,227. Imamganj,Bankey Bazar,,Bankey Bazar_27,Unreserved (Other),Naina Kumari,Sheetal Prasad yadav,SUKHENDER KUMAR BHUIYAN,916202332548.0,SC,Manjhi,33.0,"BDC Runner Up 2016, secured 3rd position",ACC Online ,ACC,,,,,,,,,
Magadh,Gaya,37. Aurangabad,227. Imamganj,Bankey Bazar,,Bankey Bazar_27,Unreserved (Other),Naina Kumari,Sheetal Prasad yadav,Suman Kumar Singh,9771156486.0,EBC,Dangi,50.0,"2001 Mukhiya, 30 votes lost 
2006 Mukhiya win, 2200, 600 votes 
2011 Mukhiya, 1850 votes, 200 votes lost
2016 BDC, Pramukh 
2021 Zp election, 2800 votes ",,1st Runnerup,,,,,,,,,
Magadh,Gaya,37. Aurangabad,227. Imamganj,Bankey Bazar,,Bankey Bazar_27,Unreserved (Other),Naina Kumari,Sheetal Prasad yadav,,,,,,,,,,,,,,,,,
Magadh,Gaya,37. Aurangabad,227. Imamganj,Bankey Bazar,,Bankey Bazar_27,Unreserved (Other),Naina Kumari,Sheetal Prasad yadav,,,,,,,,,,,,,,,,,
Magadh,Gaya,37. Aurangabad,227. Imamganj,Bankey Bazar,,Bankey Bazar_27,Unreserved (Other),Naina Kumari,Sheetal Prasad yadav,,,,,,,,,,,,,,,,,
Magadh,Gaya,37. Aurangabad,227. Imamganj,Dumaria,,Dumaria_31,Unreserved (Other),Naina Kumari,Sheetal Prasad yadav,Jitendra Prasad,9718501800.0,EBC,Dangi,52.0,"-ZP Contestent in 2021 (2500 votes)
-He Joined Jan Suraaj Party in 2023
- BJP  Prakhand Yuva Morcha Adhyaksh-2021
-Businessman (brick kiln)",,,,,,,,,,,
Magadh,Gaya,37. Aurangabad,227. Imamganj,Dumaria,,Dumaria_31,Unreserved (Other),Naina Kumari,Sheetal Prasad yadav,Jaidi Alam Khan,9427449744.0,General ,Muslim,54.0,"-ZP contestent in 2021 (2400 votes, 4th Rank)
-Businessman (Owner of JCB Machines)",,,,,,,,,,,
Magadh,Gaya,37. Aurangabad,227. Imamganj,Dumaria,,Dumaria_31,Unreserved (Other),Naina Kumari,Sheetal Prasad yadav,Upendra Prasad,7783073036.0,EBC,Dangi,52.0,"-Incumbent BDC
-TRANSPORT BUSINESS
-Run a village market",,,,,,,,,,,
Magadh,Gaya,37. Aurangabad,227. Imamganj,Dumaria,,Dumaria_31,Unreserved (Other),Naina Kumari,Sheetal Prasad yadav,Rizwan Khan,7367097979.0,General ,Muslim,50.0,"Former ZP in 2016 to 2021, Received 3500, won by 43 votes
His Brother Contested Mukhiya election and won ",,ACC,,,,,,,,,
Magadh,Gaya,37. Aurangabad,227. Imamganj,Dumaria,,Dumaria_31,Unreserved (Other),Naina Kumari,Sheetal Prasad yadav,,,,,,,,,,,,,,,,,
Magadh,Gaya,37. Aurangabad,227. Imamganj,Dumaria,,Dumaria_32,SC (Other),Naina Kumari,Sheetal Prasad yadav,Rambali Paswan,7564920263.0,sc,DUSADH,54.0,-Incumbent Sarpanch,,,,,,,,,,,
Magadh,Gaya,37. Aurangabad,227. Imamganj,Dumaria,,Dumaria_32,SC (Other),Naina Kumari,Sheetal Prasad yadav,Ram Jeevan Ram,9507443235.0,SC,,,,,,,,,,,,,,
Magadh,Gaya,37. Aurangabad,227. Imamganj,Dumaria,,Dumaria_32,SC (Other),Naina Kumari,Sheetal Prasad yadav,,,,,,,,,,,,,,,,,
Magadh,Gaya,37. Aurangabad,227. Imamganj,Dumaria,,Dumaria_32,SC (Other),Naina Kumari,Sheetal Prasad yadav,,,,,,,,,,,,,,,,,
Magadh,Gaya,37. Aurangabad,227. Imamganj,Dumaria,,Dumaria_32,SC (Other),Naina Kumari,Sheetal Prasad yadav,,,,,,,,,,,,,,,,,
Magadh,Gaya,37. Aurangabad,227. Imamganj,Imamganj,,Imamganj_30,SC (Mahila),Naina Kumari,Sheetal Prasad yadav,Anju Kumari/Dr. Santosh Kumar Das,8809669840.0,SC,Chamar,28.0,"- De facto Incumbent ZP -2021
- Jan Suraaj Zila Upadhyaksh
-Her brother-in-law runs his own Nursing Home.
",,,,,,,,,,,
Magadh,Gaya,37. Aurangabad,227. Imamganj,Imamganj,,Imamganj_30,SC (Mahila),Naina Kumari,Sheetal Prasad yadav,NAGENDRA PATHAK,8292152151.0,General ,Brahmin,45.0,"NAGENDRA Pathak|Age- 45|GEN|Caste- Brahmin|Mob- 8292152151
Incumbent Defacto BDC - 2021 - Present
- Social Worker
- Active Member of JS
-He is a Businessman and owns 10 shops in the local market",,,,,,,,,,,
Magadh,Gaya,37. Aurangabad,227. Imamganj,Imamganj,,Imamganj_30,SC (Mahila),Naina Kumari,Sheetal Prasad yadav,Kamal Khan,6207275188.0,General ,Muslim,40.0,"Kamal Khan| Male|35|OBC|Muslim 

-Gaya District President Human right (HRC)
-Sarpanch Runner-up  2016 
-Former De-facto Mukhiya - 2016.",,,,,,,,,,,
Magadh,Gaya,37. Aurangabad,227. Imamganj,Imamganj,,Imamganj_30,SC (Mahila),Naina Kumari,Sheetal Prasad yadav,ANURADHA DAS,9931601605.0,SC,Chamar,37.0,"Dr. ANURADHA DAS|Age- 37|SC|Caste- Chamar|Mob- 9931601605 Contested mukhiya from bikopur panchayat - 2021
Former Prakhand Adhyaksh of the BJP women's empowerment
- She is a Dr. of Physiotherapy
- Education M.A. in Physiotherapy",,,,,,,,,,,
Magadh,Gaya,37. Aurangabad,227. Imamganj,Imamganj,,Imamganj_30,SC (Mahila),Naina Kumari,Sheetal Prasad yadav,,,,,,,,,,,,,,,,,
Magadh,Gaya,37. Aurangabad,227. Imamganj,Imamganj,,Imamganj_29,SC (Mahila),Naina Kumari,Sheetal Prasad yadav,Anuradha Kumari,9931601605.0,SC,Ravidas,35.0,"Contested Mukhiya Election in 2021, lost by 50 votes
Contested Mukhiya election in 2016, Secured 3rd position ",महिला मुख्य प्रवक्ता,Sangathan,,,,,,,,,
Magadh,Gaya,37. Aurangabad,227. Imamganj,Imamganj,,Imamganj_29,SC (Mahila),Naina Kumari,Sheetal Prasad yadav,Daulati Devi/Indal Paswan,9973592737.0,SC,Paswan,50.0,"2016 ZP Contestent, Won ",,1st Runnerup,,,,,,,,,
Magadh,Gaya,37. Aurangabad,227. Imamganj,Imamganj,,Imamganj_29,SC (Mahila),Naina Kumari,Sheetal Prasad yadav,,,,,,,,,,,,,,,,,
Magadh,Gaya,37. Aurangabad,227. Imamganj,Imamganj,,Imamganj_29,SC (Mahila),Naina Kumari,Sheetal Prasad yadav,,,,,,,,,,,,,,,,,
Magadh,Gaya,37. Aurangabad,227. Imamganj,Imamganj,,Imamganj_29,SC (Mahila),Naina Kumari,Sheetal Prasad yadav,,,,,,,,,,,,,,,,,
Magadh,Gaya,38. Gaya (SC),226. Sherghati,Amas,,Amas_26,SC (Mahila),Naina Kumari,Sheetal Prasad yadav,Santosh Yadav,9279583062.0,OBC,Yadav,52.0,"Contested Mukhiya election in 2001, lost by huge margin
Contested Ward Concillor Election, Received 335 votes and lost by 30 votes
",ओबीसी प्रकोष्ठ अध्यक्ष,Sangathan,,,,,,,,,
Magadh,Gaya,38. Gaya (SC),226. Sherghati,Amas,,Amas_26,SC (Mahila),Naina Kumari,Sheetal Prasad yadav,Babar Khan,7870811931.0,General ,Muslim,41.0,"Babar Khan | 41 | Minority | Muslim
-Incumbent BDC
-Four wheeler part Business",,,,,,,,,,,
Magadh,Gaya,38. Gaya (SC),226. Sherghati,Amas,,Amas_26,SC (Mahila),Naina Kumari,Sheetal Prasad yadav,Vaidehi Prasad,8271961446.0,EBC,Kumhar,55.0,"Vaidehi Prasad | 55 | Male |EBC| Kumhar
- Former Mukhiya 2006-2011
- Former Mukhiya 2011-2016
 - Bihar Prajapati Prakhand Adhyaksh 
- Former SChool teacher 
- Educated person B.SC.""
",,,,,,,,,,,
Magadh,Gaya,38. Gaya (SC),226. Sherghati,Amas,,Amas_26,SC (Mahila),Naina Kumari,Sheetal Prasad yadav,,,,,,,,,,,,,,,,,
Magadh,Gaya,38. Gaya (SC),226. Sherghati,Amas,,Amas_26,SC (Mahila),Naina Kumari,Sheetal Prasad yadav,,,,,,,,,,,,,,,,,
Magadh,Gaya,38. Gaya (SC),226. Sherghati,Dobhi,,Dobhi_34,SC (Other),Naina Kumari,Sheetal Prasad yadav,Devendra Kumar Singh,9977766882.0,General ,Rajput,55.0,"Devendra Kumar Singh | 55 | Male | Gen | Rajput 

- Former two terms Mukhiya 2011
- Runner -Up Mukhiya (2021)
- Vidhan sabha Chunav Prabhari 
- Former RJD block ADhyaksh 2012-2015",,,,,,,,,,,
Magadh,Gaya,38. Gaya (SC),226. Sherghati,Dobhi,,Dobhi_34,SC (Other),Naina Kumari,Sheetal Prasad yadav,Devendra Singh,9755606484.0,General ,Rajput,48.0,"Devendra Kumar Singh| 48|Male|General|Rajput
Runner up Mukhiya in 2021 & 2001
 Did amaran ansan at Gaya Collectorate
 Strong political background 
",,,,,,,,,,,
Magadh,Gaya,38. Gaya (SC),226. Sherghati,Dobhi,,Dobhi_34,SC (Other),Naina Kumari,Sheetal Prasad yadav,Rajeev Kumar Ranjan,8969435029.0,SC,Chamar,,"-Former Mukhiya of Karmawa GP (2016-21)
 -Former Block Pramukh of Dobhi Block (2011-16)
 -Former ZP from Area no 34 of Dobhi Block. (2006-11)
 -Prominent leader of SC Community",,EMC,,,,,,,,,
Magadh,Gaya,38. Gaya (SC),226. Sherghati,Dobhi,,Dobhi_34,SC (Other),Naina Kumari,Sheetal Prasad yadav,,,,,,,,,,,,,,,,,
Magadh,Gaya,38. Gaya (SC),226. Sherghati,Dobhi,,Dobhi_34,SC (Other),Naina Kumari,Sheetal Prasad yadav,,,,,,,,,,,,,,,,,
Magadh,Gaya,38. Gaya (SC),226. Sherghati,Dobhi,,Dobhi_35,Unreserved (Other),Naina Kumari,Sheetal Prasad yadav,Vijay Kumar,9955939542.0,SC,Paswan,51.0,"Former 2 Terms MLA Contestant(2003-By Election Barachatti, Got 9644 Votes & 2005, Barachatti Got 24253 Votes)
-Former Mukhiya(2001 to 2006)
-Former JDU Yuva Mahasachiv(2008 To 2010)
-Former JDU Zila Mahasachiv(2014 to 2018)
-Former Congress Zila Adhyaksh(2001 to 2003)""        9955939542",,EMC,,,,,,,,,
Magadh,Gaya,38. Gaya (SC),226. Sherghati,Dobhi,,Dobhi_35,Unreserved (Other),Naina Kumari,Sheetal Prasad yadav,Raviranjan Kumar,8809574181.0,OBC,Yadav,27.0,"ZP runner up in 2021, Received 5500, lost by 700 votes
CRJD Zila Adhyaksh, Prakhan Adhyaksh",,Runnerup ZP,,,,,,,,,
Magadh,Gaya,38. Gaya (SC),226. Sherghati,Dobhi,,Dobhi_35,Unreserved (Other),Naina Kumari,Sheetal Prasad yadav,Brajesh Kumar,9631500752.0,EBC,Dangi,52.0,"Brajesh Kumar | 52 | Male | EBC | Dangi
- Mukhiya runner Up in 2005
-ZP runner-up in 2015 with 3600 votes
-ZP runner up in 2021 with 5800 votes 
-Manrega Plant supplier and owns 2 nurseries in Dobhi and Imamganj ",,,,,,,,,,,
Magadh,Gaya,38. Gaya (SC),226. Sherghati,Dobhi,,Dobhi_35,Unreserved (Other),Naina Kumari,Sheetal Prasad yadav,,,,,,,,,,,,,,,,,
Magadh,Gaya,38. Gaya (SC),226. Sherghati,Dobhi,,Dobhi_35,Unreserved (Other),Naina Kumari,Sheetal Prasad yadav,,,,,,,,,,,,,,,,,
Magadh,Gaya,38. Gaya (SC),226. Sherghati,Sherghatty,,Sherghatty_33,SC (Mahila),Naina Kumari,Sheetal Prasad yadav,Naresh Kumar,7250280567.0,SC,Majhi,52.0,"Incumbent Pramukh 
In 2016, Contested Mukhiya election, lost by 150 
In 2011, Contested Mukhiya, Lost by 130 Vote 
In 2001 and 2006, Contested Mukhiya election and lost ",,ACC,,,,,,,,,
Magadh,Gaya,38. Gaya (SC),226. Sherghati,Sherghatty,,Sherghatty_33,SC (Mahila),Naina Kumari,Sheetal Prasad yadav,Gagan Kumar,,,,,,,,,,,,,,,,
Magadh,Gaya,38. Gaya (SC),226. Sherghati,Sherghatty,,Sherghatty_33,SC (Mahila),Naina Kumari,Sheetal Prasad yadav,Virendra Chaudhari,9973984603.0,sc,pasi,55.0,"- Virendra Choudhary|Male|SC|Pasi|55|
- JDU - Prakhand Adhyaksh {2010-2015
- RMP 40 years of experience
- Defacto ex - Mukhiya runner up {Rajesh Yadav} 2001-2005
- 2001- Ward Sadasya 
- JS District Upadhyaksh - present 
- He has worked with EX- CM Jiten Ram Manjhi",,,,,,,,,,,
Magadh,Gaya,38. Gaya (SC),226. Sherghati,Sherghatty,,Sherghatty_33,SC (Mahila),Naina Kumari,Sheetal Prasad yadav,,,,,,,,,,,,,,,,,
Magadh,Gaya,38. Gaya (SC),226. Sherghati,Sherghatty,,Sherghatty_33,SC (Mahila),Naina Kumari,Sheetal Prasad yadav,,,,,,,,,,,,,,,,,
Magadh,Gaya,37. Aurangabad,231. Tikari,Konch,,Konch_2,Backward Class (Mahila),Naina Kumari,Sheetal Prasad yadav,Dwarika Prashad/ Samudri Devi,9661030434.0,,,,"ZP Runner Up in 2021, Received 9556 votes, lost by 1500 votes",,,,,,,,,,,
Magadh,Gaya,37. Aurangabad,231. Tikari,Konch,,Konch_2,Backward Class (Mahila),Naina Kumari,Sheetal Prasad yadav,Raj kumar Verma,9955933462.0,OBC,Kushwaha,52.0,"Raj kumar verma | Male | 52 | OBC| Kushwaha

- Former RJD  Prakhand Upadhyaksh 
- BDC Runner- Up 2016 , mukhiya Runner up ",,,,,,,,,,,
Magadh,Gaya,37. Aurangabad,231. Tikari,Konch,,Konch_2,Backward Class (Mahila),Naina Kumari,Sheetal Prasad yadav,Akash Singh,7979825739.0,General ,Bhumihar,34.0,"Akash Singh|34|Gen|Bhumihar|

-Big contractor of Magadh hospital handling 800+ ward boy + security boy etc. 
- Former student union leader from his College
- Defacto Two  terms defacto Panchaya Samitit  of utrain panchayat 2006 - 16
- Father was pacs from utrain panchayat - 2011 - 16",,Chunav Prabandhan Samiti,,,,,,,,,
Magadh,Gaya,37. Aurangabad,231. Tikari,Konch,,Konch_2,Backward Class (Mahila),Naina Kumari,Sheetal Prasad yadav,,,,,,,,,,,,,,,,,
Magadh,Gaya,37. Aurangabad,231. Tikari,Konch,,Konch_2,Backward Class (Mahila),Naina Kumari,Sheetal Prasad yadav,,,,,,,,,,,,,,,,,
Magadh,Gaya,37. Aurangabad,231. Tikari,Konch,,Konch_1,Unreserved (Mahila),Naina Kumari,Sheetal Prasad yadav,शरिफा कुमारी/Rajesh Kumar,6299757533/9955830099,OBC,Kurmi,42.0,Incumbent ZP,,,,,,,,,,,
Magadh,Gaya,37. Aurangabad,231. Tikari,Konch,,Konch_1,Unreserved (Mahila),Naina Kumari,Sheetal Prasad yadav,Ushaa Devi/Sunil Kumar Singh,9973441775.0,General ,Rajpoot,47.0,"In 2021, ZP Runner UP, secured 3rd position, Receieved 3800 votes
Contested PACS Election for 2 times, lost by 70 and 60 votes respectevely",,1st Runnerup,,,,,,,,,
Magadh,Gaya,37. Aurangabad,231. Tikari,Konch,,Konch_1,Unreserved (Mahila),Naina Kumari,Sheetal Prasad yadav,,,,,,,,,,,,,,,,,
Magadh,Gaya,37. Aurangabad,231. Tikari,Konch,,Konch_1,Unreserved (Mahila),Naina Kumari,Sheetal Prasad yadav,,,,,,,,,,,,,,,,,
Magadh,Gaya,37. Aurangabad,231. Tikari,Konch,,Konch_1,Unreserved (Mahila),Naina Kumari,Sheetal Prasad yadav,,,,,,,,,,,,,,,,,
Magadh,Gaya,37. Aurangabad,231. Tikari,Tekari,,Tekari_4,Unreserved (Other),Naina Kumari,Sheetal Prasad yadav,Suresh Prasad Yadav,9934972075.0,OBC,Yadav,,"Suresh Prasad Yadav| Male | OBC | Yadav| Incumbent Zila Parshad
- Incumbent Zila Parshad (2021 - Onwards)
- FormerDistrict V.P of RJD (2015- Owards)
- Former Prakhand V.P of RJD (2010-15)
- District Secretary of RJD (2002-10)
- Youth District President of RJD (1995-2000)
- Active Member of RJD ( 1990 to present)
- Educational Background - PHD in Economics (Magadh University)
- Financial Activities - Restaurant, Landlord, Shops",,Incumbent ZP,,,,,,,,,
Magadh,Gaya,37. Aurangabad,231. Tikari,Tekari,,Tekari_4,Unreserved (Other),Naina Kumari,Sheetal Prasad yadav,Narendra Kumar alias Guddu Ji,8252768887/9065295933,General ,Bhumihar,53.0,"ZP Runner UP 2021, Receieved 4251 Votes, lost by 1200 votes
He was BDC in 2006 and 2011
His father was ZP in 2006",,1st Runnerup,,,,,,,,,
Magadh,Gaya,37. Aurangabad,231. Tikari,Tekari,,Tekari_4,Unreserved (Other),Naina Kumari,Sheetal Prasad yadav,Neetu Kumari,"9801714475
9471876162",General ,Bhumihar,41.0,"Neetu Kumari|  Female|  41|  General|Bhumihar

Panchayat Samiti Sadasya 2011 -2016  
Pacs President 2024- Onward",,,,,,,,,,,
Magadh,Gaya,37. Aurangabad,231. Tikari,Tekari,,Tekari_4,Unreserved (Other),Naina Kumari,Sheetal Prasad yadav,,,,,,,,,,,,,,,,,
Magadh,Gaya,37. Aurangabad,231. Tikari,Tekari,,Tekari_4,Unreserved (Other),Naina Kumari,Sheetal Prasad yadav,,,,,,,,,,,,,,,,,
Magadh,Gaya,37. Aurangabad,231. Tikari,Tekari,,Tekari_3,Unreserved (Mahila),Naina Kumari,Sheetal Prasad yadav,Lalita Devi/ Sunil Yadav alias Gaurav Yadav,6200105756.0,OBC,Yadav,35.0,"-ZP contestent 2021 (4500 votes)
-Former ZP 2016- 21
- He Joined Jan Suraaj Party in 2024",,Onboarded,,,,,,,,,
Magadh,Gaya,37. Aurangabad,231. Tikari,Tekari,,Tekari_3,Unreserved (Mahila),Naina Kumari,Sheetal Prasad yadav,Shakuntala Kumari/Kundan Verma,9939286280.0,OBC,Kushwaha,55.0,"2021 ZP Runner Up, lost by 150 votes, received 4800 votes 
2016 ZP Runner Up, Lost by 19 votes, Received 5000",,1st Runnerup,,,,,,,,,
Magadh,Gaya,37. Aurangabad,231. Tikari,Tekari,,Tekari_3,Unreserved (Mahila),Naina Kumari,Sheetal Prasad yadav,Ramji Sharma,6203933565.0,GEN,Bhumihar,45.0,"Ramji Sharma | 45 | Gen | Bhumihar | Incumbent Mukhiya 

a) Current Profile - He is Incumbent Mukhiya of Sanda Panchayat 
b) Socio Political Brief - He is active in politics  since 2011 election where he contested Mukhiya his wife Reena Devi , came runner up , got 527 votes, margin 17 votes. In 2016 election he self contested for Mukhiya , 1st runner up, got 823 votes, margin  406 votes. In 2021 He again participated for Mukhiya , winner this time , got 1662 votes, margin 187 votes. 
He is President of Block Mukhiya Sangh. He was JDU Block Gen Sec from 2017-20, then JDU Youth Block President (2020-2023, 2023 to Present) 
c) Educational Background - 10+2 , B.A. Part 1 from A.N. College Gaya 
d) Financial Activities - Land Owner, Contractor
e) Area/Community Influence - All community Influence ",,,,,,,,,,,
Magadh,Gaya,37. Aurangabad,231. Tikari,Tekari,,Tekari_3,Unreserved (Mahila),Naina Kumari,Sheetal Prasad yadav,सुहानी,9934813231.0,OBC,Yadav,28.0,"-ZP contestent 2021 (6600 votes)
-Business
",,,,,,,,,,,
Magadh,Gaya,37. Aurangabad,231. Tikari,Tekari,,Tekari_3,Unreserved (Mahila),Naina Kumari,Sheetal Prasad yadav,,,,,,,,,,,,,,,,,
Magadh,Gaya,37. Aurangabad,231. Tikari,Tekari,,Tekari_5,Unreserved (Mahila),Naina Kumari,Sheetal Prasad yadav,Tunni Kumari/Naveen Kumar Pandey,9771302231.0,General ,Brahmin,35.0,"-ZP Contestent in 2021 (1002 votes)
- Former Ward member 2016-21

-Joined Jan Suraaj Party Since 2023
- BJP Prakhand Mahila Prakoshth Adhyaksh 2020-22
-Husband- BJP Prakhand Mahamantri 2020-22 
",,Onboarded,,,,,,,,,
Magadh,Gaya,37. Aurangabad,231. Tikari,Tekari,,Tekari_5,Unreserved (Mahila),Naina Kumari,Sheetal Prasad yadav,Rajesh Kumar,9955830099.0,OBC,Kurmi,42.0,,,,,,,,,,,,
Magadh,Gaya,37. Aurangabad,231. Tikari,Tekari,,Tekari_5,Unreserved (Mahila),Naina Kumari,Sheetal Prasad yadav,Sunil Kumar Sharma,6201206866.0,General ,Bhumihar,54.0,"Sunil Sharma |54 | Male  | Bhumihar  | Gen. | Block Sarpanch Sangh Adhyaksh 

a) Current Profile: Block Sarpanch sangh adhyaksh 
b) Socio-political Brief: He contested for Sarpanch in 2021 for first time and won getting 761 votes in total with a winning margin of 157 votes. He started his political journey with his father when his father was in coal India in Ranchi Hazaribagh. his father was Bhartiya Majdoor sangh welfare chairman of  Hazaribagh, Ranchi, Ramgarh division. He was close to MLA Anil Kumar and helped the MLA in 2005 as assembly prabhari for Anil Kumar. He is Bhartiya Kisan Sangh Sadasya from 2014. He is very active in block within the sarpanches of block and administration, becouse of his activeness he become Sarpanch Sangh Adhykahs in first term.  
c) Educational Background: Intermediate education,
d) Financial Activities: Agriculture, with working on food processing unit.   
e) Area|Community Influence: He has vast reach in block within sarpanch and administration and very active in block.
f) Public Perception: He has very good image in panchayat. 
g) Recent Activities: He demanded and fought a administrative battle for Sarpanch's pwer to make a Vanshaval of panchayat which they got in JDU-RJD colation government in 2024.",,,,,,,,,,,
Magadh,Gaya,37. Aurangabad,231. Tikari,Tekari,,Tekari_5,Unreserved (Mahila),Naina Kumari,Sheetal Prasad yadav,Manoj Sharma,8709361814.0,General ,Bhumihar,,"- 2 Times Mukhiya (2016 - Present) -District Vice President Mukhiya Sangh Gaya (2021 - Onwards)
 - District Congress Youth President (2021- 2024)
 - Rtd. Army Personal (1993- 2013)
 - Education: Matric
 - Strong Hold on Bhumihar community",,,,,,,,,,,
Magadh,Gaya,37. Aurangabad,231. Tikari,Tekari,,Tekari_5,Unreserved (Mahila),Naina Kumari,Sheetal Prasad yadav,Murari Kumar,9934410373.0,SC,Paswan,35.0,"Incumbent Ward Sadasya
Father is Former 2 Times Mukhiya Contestant(2016 & 2021)
-Social Worker
",,EMC,,,,,,,,,
Magadh,Gaya,38. Gaya (SC),234. Wazirganj,Manpur,,Manpur_18,Unreserved (Mahila),Naina Kumari,Sheetal Prasad yadav,Kriti Kumari/Paras Nath,9608484879.0,EBC,Kanu,36.0,"-ZP contestent 2021 (2072 votes, 5th Rank)
-ZP Contest 2016 (lost by 700 votes)
-Advocate at the District Court.
-  Businessman (disposable products manufacturing)",,,,,,,,,,,
Magadh,Gaya,38. Gaya (SC),234. Wazirganj,Manpur,,Manpur_18,Unreserved (Mahila),Naina Kumari,Sheetal Prasad yadav,Arvind Mishra,8294130282.0,General ,Brahmin,55.0,"Arvind Mishra | 55 | Male | General| Brahmin
-Former two-term BDC (2011-16, 2001-06)
- Two terms Independent MLA Candidate from Balaganj AC (1995, 2005) 
-Former JDU Prakhand President (2007-11)
-Active Social Worker
-Good understanding of local politics.",,,,,,,,,,,
Magadh,Gaya,38. Gaya (SC),234. Wazirganj,Manpur,,Manpur_18,Unreserved (Mahila),Naina Kumari,Sheetal Prasad yadav,,,,,,,,,,,,,,,,,
Magadh,Gaya,38. Gaya (SC),234. Wazirganj,Manpur,,Manpur_18,Unreserved (Mahila),Naina Kumari,Sheetal Prasad yadav,,,,,,,,,,,,,,,,,
Magadh,Gaya,38. Gaya (SC),234. Wazirganj,Manpur,,Manpur_18,Unreserved (Mahila),Naina Kumari,Sheetal Prasad yadav,,,,,,,,,,,,,,,,,
Magadh,Gaya,38. Gaya (SC),234. Wazirganj,Manpur,,Manpur_17,SC (Other),Naina Kumari,Sheetal Prasad yadav,Sikandar Kumar,9931157199.0,SC,Pasi,37.0,"ZP Runner Up 2021, Received 4600 votes, lost by 6000 votes
Won ZP Election in 2016, received 4500 votes 
Contested MLC Election, received 28 votes",,Runnerup ZP,,,,,,,,,
Magadh,Gaya,38. Gaya (SC),234. Wazirganj,Manpur,,Manpur_17,SC (Other),Naina Kumari,Sheetal Prasad yadav,Ranjeet Kumar Verma,9852246922.0,obc,kushwaha,,"Ranjeet Kumar Verma  | 44 | Male | OBC| Kushwaha

Samta Party Panchayat Adhayaksha (2005-07)
JDU Panchayat Adhayaksha (2008-10)
JDU Prakhand Upadhayaksha (2010-15)
JDU Prakhand Yuva Adhayaksha (2015-2019)
ASA (RCP)  Prakhand Adhayaksha 
Runner up in Panchayat Samiti Election (2021)",,,,,,,,,,,
Magadh,Gaya,38. Gaya (SC),234. Wazirganj,Manpur,,Manpur_17,SC (Other),Naina Kumari,Sheetal Prasad yadav,Amod Chaudhari,9939953881.0,SC,Pasi,35.0,"--ZP Contenstant in 2021 got 4000 votes
-ZP Contenstant in 2016
-Propert Dealer",,,,,,,,,,,
Magadh,Gaya,38. Gaya (SC),234. Wazirganj,Manpur,,Manpur_17,SC (Other),Naina Kumari,Sheetal Prasad yadav,,,,,,,,,,,,,,,,,
Magadh,Gaya,38. Gaya (SC),234. Wazirganj,Manpur,,Manpur_17,SC (Other),Naina Kumari,Sheetal Prasad yadav,,,,,,,,,,,,,,,,,
Magadh,Gaya,38. Gaya (SC),234. Wazirganj,Wazirganj,,Wazirganj_15,Unreserved (Other),Naina Kumari,Sheetal Prasad yadav,Nand Kishor Prashad,6299461585.0,OBC,Yadav,60.0,"ZP Runner Up 2021, lost by 1000 votes
ZP in 2016, won by 143 votes
ZP runner up in 2011, lost by 26 votes ",,Runnerup ZP,,,,,,,,,
Magadh,Gaya,38. Gaya (SC),234. Wazirganj,Wazirganj,,Wazirganj_15,Unreserved (Other),Naina Kumari,Sheetal Prasad yadav,Anuj Kumar Vidyarthi,9199627921.0,OBC,Yadav,50.0,"ZP runner Up in 2021, received 2200 votes
In 2016, Contested ZP Election, Secured 3rd postion
In 2011, Contested Mukhiya election, lost by 70 votes 
In 2006, Contested Mukhiya election, lost 
In 2001, Contested ZP election, lost by 150 votes 
",,Runnerup ZP,,,,,,,,,
Magadh,Gaya,38. Gaya (SC),234. Wazirganj,Wazirganj,,Wazirganj_15,Unreserved (Other),Naina Kumari,Sheetal Prasad yadav,,,,,,,,,,,,,,,,,
Magadh,Gaya,38. Gaya (SC),234. Wazirganj,Wazirganj,,Wazirganj_15,Unreserved (Other),Naina Kumari,Sheetal Prasad yadav,,,,,,,,,,,,,,,,,
Magadh,Gaya,38. Gaya (SC),234. Wazirganj,Wazirganj,,Wazirganj_15,Unreserved (Other),Naina Kumari,Sheetal Prasad yadav,,,,,,,,,,,,,,,,,
Magadh,Gaya,38. Gaya (SC),234. Wazirganj,Wazirganj,,Wazirganj_14,SC (Other),Naina Kumari,Sheetal Prasad yadav,Ajeet Kumar,7739056070.0,SC,Musahar,37.0,"-ZP contestent 2021 (4800 vote, 3rd Rank)
-ZP Runner up 2016 (5100 votes)
-Joined Jan Suraaj Party in 2025.",,Onboarded,,,,,,,,,
Magadh,Gaya,38. Gaya (SC),234. Wazirganj,Wazirganj,,Wazirganj_14,SC (Other),Naina Kumari,Sheetal Prasad yadav,Chotu Singh Parmar,7762936314.0,General ,Rajpoot,30.0,"-(2023-2024) Prakhand Upadhyaya JDU
-(2021-2023) Panchayat Adhyaksh JDU 
-2018 SSCG.D. qualified 
-2020- Present Running a own Academy ( Prabhar Carrier Academy) where around 400- 500 students are enrolled. ",,Chunav Prabandhan Samiti,,,,,,,,,
Magadh,Gaya,38. Gaya (SC),234. Wazirganj,Wazirganj,,Wazirganj_14,SC (Other),Naina Kumari,Sheetal Prasad yadav,,,,,,,,,,,,,,,,,
Magadh,Gaya,38. Gaya (SC),234. Wazirganj,Wazirganj,,Wazirganj_14,SC (Other),Naina Kumari,Sheetal Prasad yadav,,,,,,,,,,,,,,,,,
Magadh,Gaya,38. Gaya (SC),234. Wazirganj,Wazirganj,,Wazirganj_14,SC (Other),Naina Kumari,Sheetal Prasad yadav,,,,,,,,,,,,,,,,,
Magadh,Gaya,38. Gaya (SC),234. Wazirganj,Wazirganj,,Wazirganj_16,Unreserved (Mahila),Naina Kumari,Sheetal Prasad yadav,Uttam Rajwansi,6202227236.0,SC,Rajwar,55.0,"In 2011, Contested ZP election, Received 3600 votes, lost by 140 
In 2016, Contested Mukhiya election, Won by 70 votes, Received 900
In 2021 Contested Mukhiya election, lost by 350 votes, Received 950 votes ",,,,,,,,,,,
Magadh,Gaya,38. Gaya (SC),234. Wazirganj,Wazirganj,,Wazirganj_16,Unreserved (Mahila),Naina Kumari,Sheetal Prasad yadav,Sanjay Kumar Choudhary,9631398336.0,sc,pasi,41.0,"Sanjay Kumar Choudhary | Male | 41 | SC | Pasi | MLA Contestant

-Former Assembly Contestant from Bodh Gaya , 2020, Bahujan Lok Dal , got 4860
-Former Bahujan Lok Dal SC Cell District President(2016 to 2022)
-Former BJP SC Cell Block Secretary(2008 to 2016)
-Chemist",,,,,,,,,,,
Magadh,Gaya,38. Gaya (SC),234. Wazirganj,Wazirganj,,Wazirganj_16,Unreserved (Mahila),Naina Kumari,Sheetal Prasad yadav,Sangeeta Devi,6201955704.0,General,Brahaman,47.0,"-ZP Contenstant in 2021 got 1400 votes
-Transport business",,,,,,,,,,,
Magadh,Gaya,38. Gaya (SC),234. Wazirganj,Wazirganj,,Wazirganj_16,Unreserved (Mahila),Naina Kumari,Sheetal Prasad yadav,,,,,,,,,,,,,,,,,
Magadh,Gaya,38. Gaya (SC),234. Wazirganj,Wazirganj,,Wazirganj_16,Unreserved (Mahila),Naina Kumari,Sheetal Prasad yadav,,,,,,,,,,,,,,,,,
Magadh,Jehanabad,36. Jehanabad,217. Ghosi,Ghoshi,,Ghoshi_11,Unreserved (Other),,,Virendra Chaudhary,6202445192.0,SC,Pasi,43.0,"- BJP Ghosi Prakhand Adhyaksh (SC/ST) - (2021-Present)
- Ex Army Man (2004-2019)
- Pradesh Upadakshya Pasi Samaj - (2021-Present)",EMC,EMC,,,,,,,,,
Magadh,Jehanabad,36. Jehanabad,217. Ghosi,Ghoshi,,Ghoshi_11,Unreserved (Other),,,Abhishek Kumar,9431226663.0,General ,Bhumihar,40.0,-ZP Contested 2021 Secured 732 votes 8th Rank,,Runnerup ZP,"Abhiram sharma ke madhyam se number mila hai 
Yaha 1600 vote par hi jit ho jata hai",,,,,,,,
Magadh,Jehanabad,36. Jehanabad,217. Ghosi,Ghoshi,,Ghoshi_11,Unreserved (Other),,,Shyam Narayan Yadav,9631168591.0,OBC,Yadav,58.0,"Shyam Naryan Yadav|58|OBC |Yadav 

- Former Two terms Sarpanch -2001-06, 2006-11",DSC Member,Sangathan,Ye apne ghar se kisi ko chunav ladana chahte hai ,,,,,,,,
Magadh,Jehanabad,36. Jehanabad,217. Ghosi,Ghoshi,,Ghoshi_11,Unreserved (Other),,,Dr. Sunil Kumar,6204007469.0,SC,Dusadh,48.0,"Vetenary Doctor
Strong Hold in Panchayat Politics",Vidhan Sabha Chunav Prabandhan Samiti,Sangathan,Inke Ladki Chunav Ladegi (Vaisnavi Kumari age 22),,,,,,,,
Magadh,Jehanabad,36. Jehanabad,217. Ghosi,Ghoshi,,Ghoshi_11,Unreserved (Other),,,,,,,,,,,,,,,,,,,
Magadh,Jehanabad,36. Jehanabad,217. Ghosi,Ghoshi,,Ghoshi_12,Unreserved (Other),,,Mukesh Kumar,7070031222.0,General ,Bhumihar,50.0,"-ZP Contested 2021 Secured 2510 votes 3rd Rank
-Retired from the Indian Air Force","अध्यक्ष 
",Sangathan,,,,,,,,,
Magadh,Jehanabad,36. Jehanabad,217. Ghosi,Ghoshi,,Ghoshi_12,Unreserved (Other),,,Rajeev Nayan,9661122102.0,General ,Bhumihar,58.0,"-ZP Runner-up 2021 Secured 5972 votes 
-ZP Runner-up 2016 lost by 8 votes
-Former ZP (2003-2006) Re-election",,Runnerup ZP,Pk with Meeting,,,,,,,,
Magadh,Jehanabad,36. Jehanabad,217. Ghosi,Ghoshi,,Ghoshi_12,Unreserved (Other),,,,,,,,,,,,,,,,,,,
Magadh,Jehanabad,36. Jehanabad,217. Ghosi,Ghoshi,,Ghoshi_12,Unreserved (Other),,,,,,,,,,,,,,,,,,,
Magadh,Jehanabad,36. Jehanabad,217. Ghosi,Ghoshi,,Ghoshi_12,Unreserved (Other),,,,,,,,,,,,,,,,,,,
Magadh,Jehanabad,36. Jehanabad,217. Ghosi,Hulasganj,,Hulasganj_13,Unreserved (Mahila),,,Ambriash Kumar,6202622708.0,General ,Bhumihar,40.0,"Ambriash Kumar | Male | 39 | General | Bhumihar |

-Former BJP Member(2019 To 2024)
-Jan Suraaj Prakhand Sanghtan Mahasachiv
-Social Worker",EMC,EMC,,,,,,,,,
Magadh,Jehanabad,36. Jehanabad,217. Ghosi,Hulasganj,,Hulasganj_13,Unreserved (Mahila),,,Ankit Raj,7050959766.0,General ,Bhumihar,35.0,,PRI,Sangathan,,,,,,,,,
Magadh,Jehanabad,36. Jehanabad,217. Ghosi,Hulasganj,,Hulasganj_13,Unreserved (Mahila),,,Ramesh Paswan,9939092595.0,SC,Dusadh,40.0,"Ramesh Paswan | 40 | 9939092595 | SC-Paswan
 - 4 Times Sarpanch ( 2006,2011,2016,2021)
 -Edu -B.A. LLB.
 -Petty Contractor",Block Prabhari,Sangathan,,,,,,,,,
Magadh,Jehanabad,36. Jehanabad,217. Ghosi,Hulasganj,,Hulasganj_13,Unreserved (Mahila),,,Kedar Singh Chandarvanshi,7544085983.0,EBC,Chandravansi,45.0,"Kedar  |45|EBC|Chandrwansi

-  Ward Sadsya - 2016, 2021
- JDU Panchyat Adhyaksh 
- Magadh University",Vidhan Sabha Chunav Prabandhan Samiti,Sangathan,,,,,,,,,
Magadh,Jehanabad,36. Jehanabad,217. Ghosi,Hulasganj,,Hulasganj_13,Unreserved (Mahila),,,,,,,,,,,,,,,,,,,
Magadh,Jehanabad,36. Jehanabad,217. Ghosi,Kako,,Kako_6,SC (Other),,,Deepak Kumar,7739475181.0,General ,Bhumihar,38.0,"- Incumbent three terms Mukhiya of Badhauna Panchayat - 2011-16, 2016-21, 2021-Present
 - Currently the seat is reserved - His servant is the mukhiya
",EMC,EMC,,,,,,,,,
Magadh,Jehanabad,36. Jehanabad,217. Ghosi,Kako,,Kako_6,SC (Other),,,Rambabu Paswan,7367001011.0,SC,Dusadh,53.0,"Rambabu Paswan | Male | 53 | SC | Paswan | Former ZP 

-Former ZP Member(2016 To 2021)
-Former ZP Contestant(2021), Got 8878 Votes
-Former Panchayat samiti Contestant(2011), Got 350 Votes
-Former Panchayat Samiti Sadasya(2006 To 2011)
-Former RJD Zila Adhyaksh(2018 To 2024)
-Former RJD Member (1998 To 2024)
-Jan Suraaj State Core Committee Member",ACC,ACC,,,,,,,,,
Magadh,Jehanabad,36. Jehanabad,217. Ghosi,Kako,,Kako_6,SC (Other),,,Sudhir Chowdhary,8809256972.0,SC,Pasi,47.0,"Sudhir Chowdhary | 47 | SC | Pasi

- Incumbent Zila Parishad from Kako Block - (2021-Present)
- ZP Runner-up - 2016

",BSC Member,Sangathan,,,,,,,,,
Magadh,Jehanabad,36. Jehanabad,217. Ghosi,Kako,,Kako_6,SC (Other),,,Jaddu Paswan,7643847140.0,SC,Dusadh,54.0,"-ZP Runner-up 2006 lost by 95 votes
-ZP Runner-up 2001 Lost by 73 votes
-Profile ke liye professional wording:
-Family Background: Daughter is a Bihar Police Sub-Inspector
 Wife is an Anganwadi Sevika",Prakhand Abhiyan samiti Sanyojak,Sangathan,,,,,,,,,
Magadh,Jehanabad,36. Jehanabad,217. Ghosi,Kako,,Kako_6,SC (Other),,,,,,,,,,,,,,,,,,,
Magadh,Jehanabad,36. Jehanabad,217. Ghosi,Kako,,Kako_5,Backward Class (Others),,,Jitesh Kumar,8294436461.0,EBC,Kahar,45.0,"-ZP Contestent  2021 (2955 votes, 3rd Rank)
-Block Pramukh 2016-18
-Panchayat Samiti 2016- 21
-Joined Jan Suraaj Party in 2025.
-District Vice President of Janta Dal (United) 2021
",,Onboarded,,,,,,,,,
Magadh,Jehanabad,36. Jehanabad,217. Ghosi,Kako,,Kako_5,Backward Class (Others),,,Javed Aalam,8294682963.0,General ,Muslim,52.0,"-ZP Runner-up 2021 Secured 6693 votes
-ZP Contested 2016 Secured 2900 votes 3rd Rank",,Runnerup ZP,,,,,,,,,
Magadh,Jehanabad,36. Jehanabad,217. Ghosi,Kako,,Kako_5,Backward Class (Others),,,Dharmveer Panday,7781981588.0,General ,Brahmin,45.0,"-Incumbent Sarpanch
-Former Sarpanch 2016-21",Zila Kisan Adhyaksh,Frontals,,,,,,,,,
Magadh,Jehanabad,36. Jehanabad,217. Ghosi,Kako,,Kako_5,Backward Class (Others),,,Umesh Kumar,8340566563.0,EBC,Dhanuk,48.0,"-Runner-up Panchayat Samiti 2021
-Former Block Parmukh 2016-21
-Runner-up Sarpanch 2011",Vidhan Sabha Chunav Prabandhan Samiti,Sangathan,,,,,,,,,
Magadh,Jehanabad,36. Jehanabad,217. Ghosi,Kako,,Kako_5,Backward Class (Others),,,,,,,,,,,,,,,,,,,
Magadh,Jehanabad,36. Jehanabad,217. Ghosi,Modanganj,,Modanganj_10,Backward Class (Mahila),,,Pratima Devi/Savindra Prasad Chandravnsi,6201771224 / 9973938707,EBC,Kahar,46.0,"- ZP contestant in 2021 (4921 votes,)
- 3 Cosicutive term Panchayt Samiti :2006-21
- Farmer by Profession 
-Good hold in society at the ground level","Karpoori Manch
 State Vice President",Sangathan,,,,,,,,,
Magadh,Jehanabad,36. Jehanabad,217. Ghosi,Modanganj,,Modanganj_10,Backward Class (Mahila),,,Rumanti Devi /Kauslendra Prasad Bind,9955537154.0,EBC,Bind,25.0,"-ZP Runner-up 2021 Secured 5002 votes 
-ZP Runner-up 2016 Secured 5400 votes
-BDC Runner-up 2011 lost by 82 votes
-20-Shutri Programme Chairman, JD(U) (2005–2016)
-Block President, JD(U) (2005–2016)
-District Secretary, JD(U) (2016–2022)",JS Member,Runnerup ZP,Pk with Meeting,,,,,,,,
Magadh,Jehanabad,36. Jehanabad,217. Ghosi,Modanganj,,Modanganj_10,Backward Class (Mahila),,,Shivrat Paswan,9934690074.0,SC,Paswan,50.0,"
-Incumbent Up-Parmukh 2021-Present
-Former BDC 2006-16",Block Prabhari,Sangathan,,,,,,,,,
Magadh,Jehanabad,36. Jehanabad,217. Ghosi,Modanganj,,Modanganj_10,Backward Class (Mahila),,,Anil Kumar,9304154370.0,Gen,Brahmin,59.0,"Anil Kumar | 59 | Gen | Bhumihar

- Two terms mukhiya - 2011-16, 2016-21,
- Ex BDC from Modanganj panchayat - 2006-11 
- Businessman, Landlord, Farmer
",DSS,Sangathan,,,,,,,,,
Magadh,Jehanabad,36. Jehanabad,217. Ghosi,Modanganj,,Modanganj_10,Backward Class (Mahila),,,,,,,,,,,,,,,,,,,
Magadh,Jehanabad,36. Jehanabad,216. Jehanabad,Jehanabad,,Jehanabad_4,Unreserved (Mahila),,,Rubi Kumari,9546800869.0,OBC,Yadav,31.0,-ZP Contested 2021 Secured 2392 votes 5th Rank,,Runnerup ZP,,,,,,,,,
Magadh,Jehanabad,36. Jehanabad,216. Jehanabad,Jehanabad,,Jehanabad_4,Unreserved (Mahila),,,Bebi Devi,9771548903.0,OBC,Yadav,38.0,"-ZP Contested 2021 Secured 2355 votes 6th Rank
-Former BDC (2016-2021)
-Former Ward Member (2011-2016)
-Former Ward Member (2006-2011)",,Runnerup ZP,,,,,,,,,
Magadh,Jehanabad,36. Jehanabad,216. Jehanabad,Jehanabad,,Jehanabad_4,Unreserved (Mahila),,,,,,,,,,,,,,,,,,,
Magadh,Jehanabad,36. Jehanabad,216. Jehanabad,Jehanabad,,Jehanabad_4,Unreserved (Mahila),,,,,,,,,,,,,,,,,,,
Magadh,Jehanabad,36. Jehanabad,216. Jehanabad,Jehanabad,,Jehanabad_4,Unreserved (Mahila),,,,,,,,,,,,,,,,,,,
Magadh,Jehanabad,36. Jehanabad,216. Jehanabad,Jehanabad,,Jehanabad_3,Unreserved (Other),,,Rekha Devi,9060135006.0,SC,Dusadh,52.0,"-Runner-up ZP 2006 lost by 23 votes
-Former Block Pramukh 2001-06",महिला प्रकोष्ठ अध्यक्ष,Sangathan,,,,,,,,,
Magadh,Jehanabad,36. Jehanabad,216. Jehanabad,Jehanabad,,Jehanabad_3,Unreserved (Other),,,Satendar Kumar,7970865044.0,SC,Dusadh,30.0,"Satendar Kumar|28|SC|Dusadh

- Ward Sachiv in Surangapur Panchayat - (2016&2021)",DSC Member,Sangathan,,,,,,,,,
Magadh,Jehanabad,36. Jehanabad,216. Jehanabad,Jehanabad,,Jehanabad_3,Unreserved (Other),,,Prakash Chandra Yadav,8521861765.0,OBC,Yadav,50.0,"Prakash Chandra Yadav | 52 | Male | OBC | Yadav

- Former 2 term Mukhyia (2001-2011)
- Former De Facto PACS President (2009-2014)
- ZP Runner Up (2016 & 2021)
- Owns Brick Factory
- Land Lord.",Vidhan Sabha Chunav Prabandhan Samiti,Sangathan,,,,,,,,,
Magadh,Jehanabad,36. Jehanabad,216. Jehanabad,Jehanabad,,Jehanabad_3,Unreserved (Other),,,Rahul Kumar,7779928404.0,SC,Ravidas,32.0,"Rahul Kumar | 32 | Male | SC | Chamar

-BDC Contestant
- Active Member in Block Politics
-Strong Hold amongst SC Community",Vidhan Sabha Chunav Prabandhan Samiti,Sangathan,,,,,,,,,
Magadh,Jehanabad,36. Jehanabad,216. Jehanabad,Jehanabad,,Jehanabad_3,Unreserved (Other),,,,,,,,,,,,,,,,,,,
Magadh,Jehanabad,36. Jehanabad,216. Jehanabad,Ratni Faridpur,,Ratni Faridpur_1,Unreserved (Mahila),,,Sumia Devi/ Upadhya Yadav,7320965206.0,OBC,Yadav,42.0,"-ZP contestant in 2021 (3435 votes)
-Former ZP 2011 - 2016 
-Occupation farming and grocery shop",JS Member,Onboarded,,,,,,,,,
Magadh,Jehanabad,36. Jehanabad,216. Jehanabad,Ratni Faridpur,,Ratni Faridpur_1,Unreserved (Mahila),,,Shailendra Kumar,8207491640.0,OBC,Yadav,44.0,"-Runner-up Mukhiya 2021 Lost by 8 votes
-Runner-up Mukhiya 2016-21
-ZP Runner-up 2006-11",BSC Member,Sangathan,,,,,,,,,
Magadh,Jehanabad,36. Jehanabad,216. Jehanabad,Ratni Faridpur,,Ratni Faridpur_1,Unreserved (Mahila),,,,,,,,,,,,,,,,,,,
Magadh,Jehanabad,36. Jehanabad,216. Jehanabad,Ratni Faridpur,,Ratni Faridpur_1,Unreserved (Mahila),,,,,,,,,,,,,,,,,,,
Magadh,Jehanabad,36. Jehanabad,216. Jehanabad,Ratni Faridpur,,Ratni Faridpur_1,Unreserved (Mahila),,,,,,,,,,,,,,,,,,,
Magadh,Jehanabad,36. Jehanabad,216. Jehanabad,Ratni Faridpur,,Ratni Faridpur_2,Unreserved (Mahila),,,Panchdev Kumar Prabhakar,9570968043.0,EBC,Bind,38.0,"Panchdev Kumar Prabhakar | 38 |EBC| Bind
- Incumbent Mukhiya - 2021-Present
- Ex Sarpanch - 2016-21
- Former BDC - 2011-16
- Former Ward member - 2006-11           ",EMC,EMC,,,,,,,,,
Magadh,Jehanabad,36. Jehanabad,216. Jehanabad,Ratni Faridpur,,Ratni Faridpur_2,Unreserved (Mahila),,,Kanhai kumar,9155077730.0,General ,Brahmin,28.0,-  An Adocate in Jehanabad civil court,PRI,Sangathan,,,,,,,,,
Magadh,Jehanabad,36. Jehanabad,216. Jehanabad,Ratni Faridpur,,Ratni Faridpur_2,Unreserved (Mahila),,,Bablu kumar,7492857876.0,,,,"- Ward Member Contest in 2021
- Property dealer ",PRI,Sangathan,,,,,,,,,
Magadh,Jehanabad,36. Jehanabad,216. Jehanabad,Ratni Faridpur,,Ratni Faridpur_2,Unreserved (Mahila),,,Uttam Kumar,7779893189.0,SC,Dusadh,35.0,"Uttam Kumar | 35 | SC | Dhusadh .
-Runnerup Sarpanch 
-EX- Sarpanch of Pandaul Panchayat .
-HIghly Active for Jan Suraj.",DSC Member,Sangathan,,,,,,,,,
Magadh,Jehanabad,36. Jehanabad,216. Jehanabad,Ratni Faridpur,,Ratni Faridpur_2,Unreserved (Mahila),,,Naveen Kumar,9934261469.0,,,,"2006 2011 BDC 
2016 Mukhiya Runner Up 
2021 Mukhiya 2021 ( 1304 votes )  
JDU Zila Mahasachiv 2012-13",BSC Member,Sangathan,,,,,,,,,
Magadh,Jehanabad,36. Jehanabad,216. Jehanabad,Ratni Faridpur,,Ratni Faridpur_2,Unreserved (Mahila),,,Ajay Kumar,9431274820.0,,,,"2011 BDC ( ~650 Votes ) 
2016 Mukhiya ( ~800 votes ) 
2021 Runner Up Mukhiya ( ~2087 votes ) 
RJD inclination 
Ex Yuva Shakti Zila Adhyaksha ",BSC Member,Sangathan,,,,,,,,,
Magadh,Jehanabad,36. Jehanabad,216. Jehanabad,Ratni Faridpur,,Ratni Faridpur_2,Unreserved (Mahila),,,Pri Ranjan Sharma,8578049185.0,General ,Brahmin,29.0,"Pri Ranjan Sharma | 29 | Bhumihar | GEN
- Sarpanch 2021-Present
- Sarpanch Sangh Prakanad Adyaksh
- PACS Runner Up",Vidhan Sabha Chunav Prabandhan Samiti,Sangathan,,,,,,,,,
Magadh,Jehanabad,36. Jehanabad,218. Makhdumpur,Makhdumpur,,Makhdumpur_7,SC (Other),,,Rakesh Kumar,9771879204.0,General ,Bhumihar,42.0,"-ZP contestant in 2021 (3907 votes, 4th Rank)
-Block Pramukh 2016-21

-Brother Dhananjay Kumar Incumbent PACS President 2024
- Father Ex- Sarpanch",,Onboarded,,,,,,,,,
Magadh,Jehanabad,36. Jehanabad,218. Makhdumpur,Makhdumpur,,Makhdumpur_7,SC (Other),,,Nazni Praveen,7493862100.0,General ,Muslim,38.0,"-Incumbent Ward Member 2021-Present
-Ward Sang Adhyaksh 20021-Present",महिला मुख्य प्रवक्ता,Sangathan,,,,,,,,,
Magadh,Jehanabad,36. Jehanabad,218. Makhdumpur,Makhdumpur,,Makhdumpur_7,SC (Other),,,Sarshavti devi/Abhiram Paswan,9142724780.0,SC,Dusadh,48.0,"Abhiram Paswan | Male | 50 | SC | Paswan | MLA Contestant

-Former MLA Contestant, 2003, By Election, NCP , Barachatti Constituency, Got 22000 Votes
-Former RJD Pardesh Mahasachiv, 2000 To 2023
-Runner-up ZP 2006.
-Social Worker",ACC,ACC,,,,,,,,,
Magadh,Jehanabad,36. Jehanabad,218. Makhdumpur,Makhdumpur,,Makhdumpur_7,SC (Other),,,Samar Kant Sharma,7050242474.0,General ,Bhumihar,47.0,,Vidhan Sabha Chunav Prabandhan Samiti,Sangathan,,,,,,,,,
Magadh,Jehanabad,36. Jehanabad,218. Makhdumpur,Makhdumpur,,Makhdumpur_7,SC (Other),,,,,,,,,,,,,,,,,,,
Magadh,Jehanabad,36. Jehanabad,218. Makhdumpur,Makhdumpur,,Makhdumpur_9,SC (Mahila),,,Nawlesh Paswan/Gaayatri Devi,9931625515.0,SC,Dusadh,46.0,"-ZP Contested 2021 Secured 4041 votes 5th Rank
-Runner-up ZP (2011-2016)
-Former ZP (2004-2006) Re-elected ZP Member",,Runnerup ZP,,,,,,,,,
Magadh,Jehanabad,36. Jehanabad,218. Makhdumpur,Makhdumpur,,Makhdumpur_9,SC (Mahila),,,Geetaa Kumari/Ajay kr das,9525829236.0,SC,Ravidas,43.0,"-ZP Contested 2021 Secured 2360 votes 7th Rank
-Runner-up ZP (2016-2021)
-CPI(ML) Panchayat Land Reform Committee President (2020–2025)",,Runnerup ZP,Pk with meeting,,,,,,,,
Magadh,Jehanabad,36. Jehanabad,218. Makhdumpur,Makhdumpur,,Makhdumpur_9,SC (Mahila),,,,,,,,,,,,,,,,,,,
Magadh,Jehanabad,36. Jehanabad,218. Makhdumpur,Makhdumpur,,Makhdumpur_9,SC (Mahila),,,,,,,,,,,,,,,,,,,
Magadh,Jehanabad,36. Jehanabad,218. Makhdumpur,Makhdumpur,,Makhdumpur_9,SC (Mahila),,,,,,,,,,,,,,,,,,,
Magadh,Jehanabad,36. Jehanabad,218. Makhdumpur,Makhdumpur,,Makhdumpur_8,Unreserved (Other),,,Chandan Paswan,6200470933.0,SC,Dusadh,40.0,"- Incumbent two terms sarpanch of Kalanor panchayat - 2016-21, 2021-Present
- Former ward member from Kalanor panchayat - 2011-16",EMC,EMC,,,,,,,,,
Magadh,Jehanabad,36. Jehanabad,218. Makhdumpur,Makhdumpur,,Makhdumpur_8,Unreserved (Other),,,Prem Kishor Paswan,7488539914.0,SC,Dusadh,29.0,"Prem Kishor Paswan | Male | 28 | SC | Paswan | Assistant Professor

-Working as a Assistant Professor At LPV College, Gaya
Runs a Restaurant, Jehanabad
-Runs A Water a Treatment Plant
-Social Worker",ACC,ACC,,,,,,,,,
Magadh,Jehanabad,36. Jehanabad,218. Makhdumpur,Makhdumpur,,Makhdumpur_8,Unreserved (Other),,,Raj Kumar Singh,6205248935.0,EBC,Dandi,58.0,"-Runner-up BDC 2011-16
-Runner-up BDC 2006-11
-Former BDC Up-Pramukh 2001-06",Sangathan Zila Adhyaksh,Sangathan,,,,,,,,,
Magadh,Jehanabad,36. Jehanabad,218. Makhdumpur,Makhdumpur,,Makhdumpur_8,Unreserved (Other),,,Jai Prakash Paswan,7739412344.0,SC,Dusadh,45.0,"-Two times mukhiya contested 
-Incumbent upmukhiya",DSC Member,Sangathan,,,,,,,,,
Magadh,Jehanabad,36. Jehanabad,218. Makhdumpur,Makhdumpur,,Makhdumpur_8,Unreserved (Other),,,Sanjeev Kumar,7004877239.0,General ,Bhumihar,40.0,"Sanjeev Kumar | 40 | GEN.- Bhoomihar | 7004877239 |
Current Profile:- He is incubment BDC, 2 time mukhiya contestant giram panchayat 
sulehnda.
He is socially and political active since 2006.
Education Qualification:- B A 
Financial Activites:- He is owner choching center.
",BSC Member,Sangathan,,,,,,,,,
Magadh,Jehanabad,36. Jehanabad,218. Makhdumpur,Makhdumpur,,Makhdumpur_8,Unreserved (Other),,,Shailendra Sharma,9304504062.0,General ,Bhumihar,46.0,"Shailendra Kumar|46|Male|Gen|Bhumihar

-Defacto incumbent Sarpanch of Bela Birra (2021- Present)
-He contested the 2016 Panchayat election for Mukhiya (3rd runner-up)
- Agricultural Land (5-6 acres)
",BSC Member,Sangathan,,,,,,,,,
Magadh,Jehanabad,36. Jehanabad,218. Makhdumpur,Makhdumpur,,Makhdumpur_8,Unreserved (Other),,,Shailendra Das,8809727030.0,SC,Ravidas,57.0,"Shailendra Kumar Das | 57 | SC | Chamar

- Former two terms sarpanch of Sugaon panchayat - 2006-11, 2011-16
- Former member of JDU
- Has a good hold over SC community 
",DSS,,,,,,,,,,
Nalanda,Lakhisarai,28. Munger,168. Lakhisarai,Barahiya,,Barahiya_1,Unreserved (Mahila),,,मिक्की देवी,"7870014351
7004118860",General ,Bhumihar,,First Runnerup ZP ( 8970 Votes ),,ZP Contestant,Pawan Kumar Singh,,,,,,,,
Nalanda,Lakhisarai,28. Munger,168. Lakhisarai,Barahiya,,Barahiya_1,Unreserved (Mahila),,,Vakeel Paswan,6200990751.0,SC,Paswan,,"Vakeel Paswan | 45 | SC | Dusadh 

- Ex BDC (2016 - 2021)
- BDC 2nd runner up 2021 
- Mukhiya Contestent in 2001, 2006, 2011",,Sangathan Dump,,,,,,,,,
Nalanda,Lakhisarai,28. Munger,168. Lakhisarai,Barahiya,,Barahiya_1,Unreserved (Mahila),,,"Vinay Kumar Singh
Urf Pappu Nirankari",8603530280.0,General ,Bhumihar,,"Vinay Singh Urf Pappu Nirankari | 52 | General | Bhumihar 

-  Incumbent Sarpanch (2021-Till date)
- Sangh Prakhand Adhyaksh (2021- Present)",,Sangathan Dump,,,,,,,,,
Nalanda,Lakhisarai,28. Munger,168. Lakhisarai,Barahiya,,Barahiya_1,Unreserved (Mahila),,,,,,,,,,,,,,,,,,,
Nalanda,Lakhisarai,28. Munger,168. Lakhisarai,Barahiya,,Barahiya_1,Unreserved (Mahila),,,,,,,,,,,,,,,,,,,
Nalanda,Nalanda,29. Nalanda,175. Hilsa,Karai Parsurai,,Karai Parsurai_1,Backward Class (Others),Tanuja Kumari,Narotam Kumar,Faiyaz Alam,9903256344.0,Minority,Muslim,49.0,"Faiyaz  Alam |49|Muslim| Male

-2 Times Up Mukhiya, Since 2016  to 2021 & 2021 
 -Leader of Muslim  Community ( OBC Kuraisi, Ansari ) in Mohini Village.",,EMC,Chunav ladne ke liye ready hai.,,,,,,,,
Nalanda,Nalanda,29. Nalanda,175. Hilsa,Karai Parsurai,,Karai Parsurai_1,Backward Class (Others),Tanuja Kumari,Narotam Kumar,अजय कुमार,8809666180.0,EBC,Kanu,52.0,"- Incumbent ZP ,2021
- ZP runner up , 2016
- Kanu Vikash Sangh ke Purv Pradesh Adhyaksh
-He is associated with the JDU",,Incumbent ZP,Jsp me join krne ke liye ready hain,,,,,,,,
Nalanda,Nalanda,29. Nalanda,175. Hilsa,Karai Parsurai,,Karai Parsurai_1,Backward Class (Others),Tanuja Kumari,Narotam Kumar,Akhilesh Paswan,8797618937.0,SC,Dushadh,55.0,"""Akhilesh paswan | Male | 55 

-CPI(ML) Member 
-BSP Zila Adhyaksh 
-Zila Parishad - Karay parsuray 2006 ""        8797618937",,EMC,Seat surakshit rhega to ldenge.,,,,,,,,
Nalanda,Nalanda,29. Nalanda,175. Hilsa,Karai Parsurai,,Karai Parsurai_1,Backward Class (Others),Tanuja Kumari,Narotam Kumar,,,,,,,,,,,,,,,,,
Nalanda,Nalanda,29. Nalanda,175. Hilsa,Karai Parsurai,,Karai Parsurai_1,Backward Class (Others),Tanuja Kumari,Narotam Kumar,,,,,,,,,,,,,,,,,
Nalanda,Sheikhpura,39. Nawada,170. Barbigha,Barbigha,,Barbigha_1,SC (Mahila),,,Dharm Uday Kumar,8210850012.0,,,,,,ACC,He will fight if seat got general,,,,,,,,
Nalanda,Sheikhpura,39. Nawada,170. Barbigha,Barbigha,,Barbigha_1,SC (Mahila),,,Vikash Kumar,7372820073.0,,,,,,Sangathan,,,,,,,,,
Nalanda,Sheikhpura,39. Nawada,170. Barbigha,Barbigha,,Barbigha_1,SC (Mahila),,,KAHANIYA CHANDRAVANSHI,9149602483.0,,,,,,EMC,"He want to contest Chairman 
Preparing for MP ( 2029 )",,,,,,,,
Nalanda,Sheikhpura,39. Nawada,170. Barbigha,Barbigha,,Barbigha_1,SC (Mahila),,,Laxmi Devi,9031716200.0,,,,,,"Sangathan, ZP Contestant",,,,,,,,,
Nalanda,Sheikhpura,39. Nawada,170. Barbigha,Barbigha,,Barbigha_1,SC (Mahila),,,,,,,,,,,,,,,,,,,
Nalanda,Lakhisarai,28. Munger,167. Suryagarha,Pipariya,,Pipariya_2,Unreserved (Other),,,Bhola Yadav,9430577372.0,OBC,Yadav,46.0,"Bhola Yadav | 46 | OBC | Yadav

-Zila Parishad 2nd Runner-Up Secured 2700 Votes In 2006
-Reporter At Light Bihar Express ",,Sangathan Dump,,,,,,,,,
Nalanda,Lakhisarai,28. Munger,167. Suryagarha,Pipariya,,Pipariya_2,Unreserved (Other),,,,,,,,,,,,,,,,,,,
Nalanda,Lakhisarai,28. Munger,167. Suryagarha,Pipariya,,Pipariya_2,Unreserved (Other),,,,,,,,,,,,,,,,,,,
Nalanda,Lakhisarai,28. Munger,167. Suryagarha,Pipariya,,Pipariya_2,Unreserved (Other),,,,,,,,,,,,,,,,,,,
Nalanda,Lakhisarai,28. Munger,167. Suryagarha,Pipariya,,Pipariya_2,Unreserved (Other),,,,,,,,,,,,,,,,,,,
Nalanda,Nalanda,29. Nalanda,177. Harnaut,Nagar Nausa,,Nagar Nausa_2,SC (Mahila),Tanuja Kumari,Narotam Kumar,Ramesh Paswan/Indu Devi,9798812213.0,SC,Dusadh,54.0,"Former JDU  Zila Adhyaksh SC/ST Prakoshth (2014-2022)
- Former JDU Zila Upadhyaksh (2012-2014)
- Former JDU Prakhand Adhyaksh (2005-2008)
- ZP runner-up 2021 (5807 votes), Lost by 1200 votes
- Former Mukhiya runner-up 2006
- Former BDC 2001 """,,"""Sangathan Dump, Runnerup ZP""",Chunav ladne ke kiye ready hai.,,,,,,,,
Nalanda,Nalanda,29. Nalanda,177. Harnaut,Nagar Nausa,,Nagar Nausa_2,SC (Mahila),Tanuja Kumari,Narotam Kumar,Shailendra Sharma,7543979254.0,General ,Bhumihar,62.0,"""""""Shailendra Sharma  | Male | 58 | General | Bhumihar 
  -EX Mukhiya 2011-2016
-JDU Previous Zila Sachiv
- Played an important role in last two assembly elections
 - Social Influencer 
   - Good hold over his Community """"""",,EMC,Active hai chunav ladne ke liye.,,,,,,,,
Nalanda,Nalanda,29. Nalanda,177. Harnaut,Nagar Nausa,,Nagar Nausa_2,SC (Mahila),Tanuja Kumari,Narotam Kumar,Hari Nanadan Paswan,8002070522.0,SC,Dusadh,59.0,"Harinandan Paswan | 59 | Male | SC | Paawan 

- Zila Parishad 2016 - 2021 
- Zila Parishad runner-up ( lost because JDU supported his rival in the Party) 
- 2 times Mukhiya runner up 
- Retired from the Electricity department 
- Influential in his community",,"""Onboarded, Sangathan Dump""",SC seat rhega to majbooti ke sath ldenge.,,,,,,,,
Nalanda,Nalanda,29. Nalanda,177. Harnaut,Nagar Nausa,,Nagar Nausa_2,SC (Mahila),Tanuja Kumari,Narotam Kumar,Pinky Kumari,9835795277.0,OBC,Kurmi,,"Pinki Kumari | Female | 43 | OBC | Kurmi | Social Worker

-Defacto Mukhiya 2021
2 times Mukhiya runner up , 2011 & 2016
- JSP Prakhand Adhyaksh
-Social Worker",ACC,ACC,,,,,,,,,
Nalanda,Nalanda,29. Nalanda,177. Harnaut,Nagar Nausa,,Nagar Nausa_2,SC (Mahila),Tanuja Kumari,Narotam Kumar,Surendra Prasad,7367894418.0,OBC,Yadav,55.0,"Surendra Prasad | Male | 55 | OBC | Yadav 

  - Five time Mukhiya Runner Up 
- ZP runner up 2011
- RJD Prakhand Mahasachiv",Prakhand Adhyaksh,Sangathan Dump,,,,,,,,,
Nalanda,Nawada,39. Nawada,237. Nawada,Nardiganj,,Nardiganj_1,,,,Satish Kumar,9162416114.0,EBC,Nishad,56.0,"- Former Rashtriya Upadhyaksh in VIP (2019-2022)
- Former Pradesh Prabhari of Nishad Vikas Sangh (2016-2019)
- 2 times Defacto Mukhiya (2016-21; 2021-present)
- Businessman (owns 3 Eit Bhatta, Petrol Pump, Trnasports)",,,,,,,,,,,
Nalanda,Nawada,39. Nawada,237. Nawada,Nardiganj,,Nardiganj_1,,,,Vibhakar Prasad,9199647385.0,General ,Kayastha ,57.0,"- Incument Sarpanch (2021)
- Ex-Sarpanch (2016-2021)
- Ex-Block Sarpanch Sangh Adhyakash (2016-2021)
- BJP Block Mahasachiv (2016-2023)
- Block Prabhari (2023-present)",,,,,,,,,,,
Nalanda,Nawada,39. Nawada,237. Nawada,Nardiganj,,Nardiganj_1,,,,Shambhu Yadav,6203494316.0,OBC,Yadav,,"- De Facto Mukhiya (2021)
- Closely associated with Chunnu Babu",,,,,,,,,,,
Nalanda,Nawada,39. Nawada,237. Nawada,Nardiganj,,Nardiganj_1,,,,,,,,,,,,,,,,,,,,
Nalanda,Nawada,39. Nawada,237. Nawada,Nardiganj,,Nardiganj_1,,,,,,,,,,Zila Mahasachiv,Sangathan,"""He is disastisfied with Sangathan work wants to work in JSP State Committee as he was Zila Mahasachiv of JSP
But he is with JSP""",,,,,,,,
Nalanda,Nawada,39. Nawada,237. Nawada,Nardiganj,,Nardiganj_2,SC (Other),,,Sushant Singh,9931608116.0,General ,Bhumihar,65.0,"5. Sushant Singh S/O Siyaram Singh l 60 l Gen l Bhumihar l 9931608116 l Panchayat-Hadia 

 2001 Incumbent Mukhiya
 2006 Zila Parsad
 2011, 2016, 2021 ZP contestent ",BSC Member,Sangathan Dump,His son will do nomination in election but poltical work done by him  ,,,,,,,,
Nalanda,Nawada,39. Nawada,237. Nawada,Nardiganj,,Nardiganj_2,SC (Other),,,Umesh Singh Chandravanshi,9771671194.0,EBC,Kahar ,58.0,"- JDU District President EBC Cell (2014-2017)
- JDU Zila Sadasya 20 Sutri, Nardiganj Prakhand Adhyaksh (2010-2014)
- JDU Ex-Block President (2005-2010)
- Associated with Samta Party(1995-2000)""",,,,,,,,,,,
Nalanda,Nawada,39. Nawada,237. Nawada,Nardiganj,,Nardiganj_2,SC (Other),,,J.P Chaudhary,9973652298.0,SC,Pasi,56.0,"-Contested 2016 ZP Election and Secure approx.2600
-Contested 2021 ZP election and Secure 3200 Votes
-EX BJP and RJD Member",,,,,,,,,,,
Nalanda,Nawada,39. Nawada,237. Nawada,Nardiganj,,Nardiganj_2,SC (Other),,,,,,,,,,,,,,,,,,,
Nalanda,Nawada,39. Nawada,237. Nawada,Nardiganj,,Nardiganj_2,SC (Other),,,,,,,,,,,,,,,,,,,
Nalanda,Sheikhpura,39. Nawada,170. Barbigha,Shekhopur Sarai,,Shekhopur Sarai_2,Unreserved (Mahila),,,Chandan Kumar,8651647541.0,EBC,Dhanuk,35.0,,,New Name (Recommendation),Sangathan,,,,,,,,
Nalanda,Sheikhpura,39. Nawada,170. Barbigha,Shekhopur Sarai,,Shekhopur Sarai_2,Unreserved (Mahila),,,Satyendra Narayan Singh,9801435204.0,General,Bhumihar,55.0,,,New Name (Recommendation),Sangathan,,,,,,,,
Nalanda,Sheikhpura,39. Nawada,170. Barbigha,Shekhopur Sarai,,Shekhopur Sarai_2,Unreserved (Mahila),,,Krishna Yadav,9570582600.0,OBC,Yadav,35.0,,,New Name (Recommendation),Sangathan,,,,,,,,
Nalanda,Sheikhpura,39. Nawada,170. Barbigha,Shekhopur Sarai,,Shekhopur Sarai_2,Unreserved (Mahila),,,,,,,,,,,,,,,,,,,
Nalanda,Sheikhpura,39. Nawada,170. Barbigha,Shekhopur Sarai,,Shekhopur Sarai_2,Unreserved (Mahila),,,,,,,,,,,,,,,,,,,
Nalanda,Lakhisarai,28. Munger,167. Suryagarha,Surajgarha,,Surajgarha_3,Unreserved (Mahila),,,Vidya Devi/Ambika Sharan Yadav,9973472024.0,OBC,Yadav,39.0,"Zp Runner Up
He is very close to Mahesh Yadav (Zila Adhyaksh Lakhisarai)",,Onboarded,,,,,,,,,
Nalanda,Lakhisarai,28. Munger,167. Suryagarha,Surajgarha,,Surajgarha_3,Unreserved (Mahila),,,Kumari Madhuri,8083830628.0,EBC,Baniya,50.0,"Madhuri Devi | 8083830628 | 50 | EBC | Jaisawal (Baniya)
- ZP Runner up, 2021
- Former Mandal Mahila Adhyaksh in BJP from 2020 to 2024",,Sangathan,,,,,,,,,
Nalanda,Lakhisarai,28. Munger,167. Suryagarha,Surajgarha,,Surajgarha_3,Unreserved (Mahila),,,Vindu Devi/ Subhash Chandra Yadav,9102042557.0,OBC,Yadav,37.0,"Zp Runner Up, Received 9000 votes (2nd)
Won Pacs Election in 2009
his Uncle is Mukhiya 
He is a Railway Employee ",,Onboarded,,,,,,,,,
Nalanda,Lakhisarai,28. Munger,167. Suryagarha,Surajgarha,,Surajgarha_3,Unreserved (Mahila),,,,,,,,,,,,,,,,,,,
Nalanda,Lakhisarai,28. Munger,167. Suryagarha,Surajgarha,,Surajgarha_3,Unreserved (Mahila),,,,,,,,,,,,,,,,,,,
Nalanda,Nalanda,29. Nalanda,175. Hilsa,Hilsa,,Hilsa_3,Backward Class (Others),Tanuja Kumari,Narotam Kumar,Ramji Chaudhary,7672999513.0,SC,Passi,56.0,"Ramji Chaudhary | Male | 56| SC| Pasi -Incumbent Two-term Sarpanch of Mirjapur Panchayat (2016 to Present)-Won by a decisive margin of 2,600 votes in the most recent elections.",,Chunav Prabandhan Samiti,Party ke taraf se ladne ke liye tayar hai.,,,,,,,,
Nalanda,Nalanda,29. Nalanda,175. Hilsa,Hilsa,,Hilsa_3,Backward Class (Others),Tanuja Kumari,Narotam Kumar,Rajeev Ranjan Sinha,8789959400.0,General,Bhumihar,55.0,"Rajeev Ranjan Sinha | 55 | Male | General | Bhumihar 

- Former  Mukhiya (2011)
-  Mukhiya Runner-Up (2001,2006,2016, and 2021 elections)
 - Famous Lawyer 
- RTI activists 
  - His Father was ex mukhiya (1978-1995)",Zila Maha Sachiv,Sangathan,Agar general seat hota hai to ldenge.,,,,,,,,
Nalanda,Nalanda,29. Nalanda,175. Hilsa,Hilsa,,Hilsa_3,Backward Class (Others),Tanuja Kumari,Narotam Kumar,,,,,,,,,,,,,,,,,
Nalanda,Nalanda,29. Nalanda,175. Hilsa,Hilsa,,Hilsa_3,Backward Class (Others),Tanuja Kumari,Narotam Kumar,,,,,,,,,,,,,,,,,
Nalanda,Nalanda,29. Nalanda,175. Hilsa,Hilsa,,Hilsa_3,Backward Class (Others),Tanuja Kumari,Narotam Kumar,,,,,,,,,,,,,,,,,
Nalanda,Nawada,39. Nawada,236. Hisua,Hisua,,Hisua_3,Unreserved (Other),,,Raushan Singh Chandravansi,9123230257.0,EBC ,Chandravansi ,48.0,"- Jan suraaj Prakhand Adhyaksh 
- Former RJD Member 
- Former Hisua Ward Counslor Runner Up 2019 
",Prakhand Adhyaksh,Sangathan,,,,,,,,,
Nalanda,Nawada,39. Nawada,236. Hisua,Hisua,,Hisua_3,Unreserved (Other),,,Ranjeet Kumar,9939817002.0,General,Bhumihar,50.0,"_Incumbent 3 Terms ZP Member, 2011 To Till Date
-Former JDU Panchayti Cell Zila Adhyaksh, 2016 To 2021
-Former JDU Zila Mahasachiv, 2021 To 2024
-Jan Suraaj Zila Adhyaksh
",,,,,,,,,,,
Nalanda,Nawada,39. Nawada,236. Hisua,Hisua,,Hisua_3,Unreserved (Other),,,,,,,,,,,,,,,,,,,
Nalanda,Nawada,39. Nawada,236. Hisua,Hisua,,Hisua_3,Unreserved (Other),,,,,,,,,,,,,,,,,,,
Nalanda,Nawada,39. Nawada,236. Hisua,Hisua,,Hisua_3,Unreserved (Other),,,,,,,,,,,,,,,,,,,
Nalanda,Sheikhpura,40. Jamui (SC),169. Sheikhpura,Ghatkusumbha,,Ghatkusumbha_3,Unreserved (Other),,,Sanjeev Kumar,9934659605.0,,,,,,Sangathan,District Spokesperson,,,,,,,,
Nalanda,Sheikhpura,40. Jamui (SC),169. Sheikhpura,Ghatkusumbha,,Ghatkusumbha_3,Unreserved (Other),,,Kaisar Khan,7982098474.0,,,,,,New Name (Recommendation),Recommended by Kaim ( ACC ),,,,,,,,
Nalanda,Sheikhpura,40. Jamui (SC),169. Sheikhpura,Ghatkusumbha,,Ghatkusumbha_3,Unreserved (Other),,,,,,,,,,,,,,,,,,,
Nalanda,Sheikhpura,40. Jamui (SC),169. Sheikhpura,Ghatkusumbha,,Ghatkusumbha_3,Unreserved (Other),,,,,,,,,,,,,,,,,,,
Nalanda,Sheikhpura,40. Jamui (SC),169. Sheikhpura,Ghatkusumbha,,Ghatkusumbha_3,Unreserved (Other),,,,,,,,,,,,,,,,,,,
Nalanda,Lakhisarai,28. Munger,167. Suryagarha,Surajgarha,,Surajgarha_4,Backward Class (Others),,,Rahul Kumar,7481072078.0,,,,"- Vidhansabha Prabhari in JDU, 2020
 Zila Adhyaksh in ASA Party (Jan 2025- May 2025)
- Defacto ZP contestant, 2021
- Prakhand Adhyaksh in JDU (2020-22)",,Sangathan Dump,,,,,,,,,
Nalanda,Lakhisarai,28. Munger,167. Suryagarha,Surajgarha,,Surajgarha_4,Backward Class (Others),,,,,,,,,,,,,,,,,,,
Nalanda,Lakhisarai,28. Munger,167. Suryagarha,Surajgarha,,Surajgarha_4,Backward Class (Others),,,,,,,,,,,,,,,,,,,
Nalanda,Lakhisarai,28. Munger,167. Suryagarha,Surajgarha,,Surajgarha_4,Backward Class (Others),,,,,,,,,,,,,,,,,,,
Nalanda,Lakhisarai,28. Munger,167. Suryagarha,Surajgarha,,Surajgarha_4,Backward Class (Others),,,,,,,,,,,,,,,,,,,
Nalanda,Nalanda,29. Nalanda,175. Hilsa,Hilsa,,Hilsa_4,Unreserved (Mahila),Tanuja Kumari,Narotam Kumar,Rambilaf Paswan,8271597599.0,SC,Paswan,65.0,"Ramvilaf Paswan | 65 | SC | Paswan

- Contested independent MP Election in 2019 from Nalanda Lok sabha and got 21276 votes.
- Contested MLA Election from BSP in 2020 and got 6000 votes.",अम्बेडकर मंच अध्यक्ष,Sangathan,,,,,,,,,
Nalanda,Nalanda,29. Nalanda,175. Hilsa,Hilsa,,Hilsa_4,Unreserved (Mahila),Tanuja Kumari,Narotam Kumar,Tara Devi,8969516247.0,General ,Brahmin,42.0,"""Tara Devi | Female | 42 | GEN | Brahmin | Incumbent 3 term Sarpanch
-Incumbent 4 term Sarpanch(2006- Till date)
-Anumandal Mahila Adhyaksh JSP
-Prominent Social worker in Hilsa Vs

",,EMC,Ladne ke liye ready hai .,,,,,,,,
Nalanda,Nalanda,29. Nalanda,175. Hilsa,Hilsa,,Hilsa_4,Unreserved (Mahila),Tanuja Kumari,Narotam Kumar,Ashok Yadav,8051807372.0,OBC,Yadav,50.0,"Ashok Yadav | 50  | Male | OBC | Yadav 

- Three- term Incumbent Sarpanch 2011,2016,2021
- Former Block  Sarpanch Sangh Adhyaksh (2016-2021)
- Landlord - Farmer based in Barhauna.",,Sangathan Dump,Party help kregi to ldenge.,,,,,,,,
Nalanda,Nalanda,29. Nalanda,175. Hilsa,Hilsa,,Hilsa_4,Unreserved (Mahila),Tanuja Kumari,Narotam Kumar,,,,,,,,,,,,,,,,,
Nalanda,Nalanda,29. Nalanda,175. Hilsa,Hilsa,,Hilsa_4,Unreserved (Mahila),Tanuja Kumari,Narotam Kumar,,,,,,,,,,,,,,,,,
Nalanda,Nawada,39. Nawada,236. Hisua,Hisua,,Hisua_4,Unreserved (Other),,,Ranjeet Kumar (Chunnu),"9939817002
 9931007575",General ,Bhumihar,50.0,"Ranjeet Kumar (Chunnu) | 50 | Male | General | Bhumihar 

- Three-term incumbent Zila Parishad member (2011–2016, 2016–2021, 2021–present).
- Former Zila Adhyaksh Panchayati Raj Prakoshth in JDU (2016-2021).
- Businessman (owns Hotel, Petrol Pump, and Brick Kiln).",BSC Member,"Sangathan, Incumbent ZP",,,,,,,,,
Nalanda,Nawada,39. Nawada,236. Hisua,Hisua,,Hisua_4,Unreserved (Other),,,Sanga Sanjeet,7904318558.0,General ,Bhumihar,47.0,"-Former Mukhiya(2011 To 2016)
-Former LJP Zila Adhyaksh(2002 To 2016)
-Nayayik Sangharsh Morcha State President(2016 To Till Date)
-Jan Suraaj Yuva Karyakarini Sadasya",,,,,,,,,,,
Nalanda,Nawada,39. Nawada,236. Hisua,Hisua,,Hisua_4,Unreserved (Other),,,,,,,,,,,,,,,,,,,
Nalanda,Nawada,39. Nawada,236. Hisua,Hisua,,Hisua_4,Unreserved (Other),,,,,,,,,,,,,,,,,,,
Nalanda,Nawada,39. Nawada,236. Hisua,Hisua,,Hisua_4,Unreserved (Other),,,,,,,,,,,,,,,,,,,
Nalanda,Sheikhpura,40. Jamui (SC),169. Sheikhpura,Sheikhpura,,Sheikhpura_4,SC (Other),,,KANCHAN SINGH,8235273052.0,,,,,,EMC,,,,,,,,,
Nalanda,Sheikhpura,40. Jamui (SC),169. Sheikhpura,Sheikhpura,,Sheikhpura_4,SC (Other),,,Sangeeta Paswan,7250662162.0,,,,,,Sangathan,Mahila Adhyaksh,,,,,,,,
Nalanda,Sheikhpura,40. Jamui (SC),169. Sheikhpura,Sheikhpura,,Sheikhpura_4,SC (Other),,,Ajay Singh,9304450986.0,,,,,,Sangathan,Kishan Adhyaksh,,,,,,,,
Nalanda,Sheikhpura,40. Jamui (SC),169. Sheikhpura,Sheikhpura,,Sheikhpura_4,SC (Other),,,,,,,,,,,,,,,,,,,
Nalanda,Sheikhpura,40. Jamui (SC),169. Sheikhpura,Sheikhpura,,Sheikhpura_4,SC (Other),,,,,,,,,,,,,,,,,,,
Nalanda,Lakhisarai,28. Munger,167. Suryagarha,Surajgarha,,Surajgarha_5,Unreserved (Other),,,Amit Sagar,9006452900.0,OBC,Kurmi,50.0,"Amit Sagar | Male | 50 | OBC | Kurmi | Incumbent ZP

-Incumbent ZP, 2021 To Till date and 2011 To 2016
-Former ZP Contestant(2016)
-Former BJP Zila Upadhyaksh(2013 To 2022)
-Jan Suraaj Zila Adhyaksh
-Owns a Petrol Pump
-Fish Farming",,Sangathan,,,,,,,,,
Nalanda,Lakhisarai,28. Munger,167. Suryagarha,Surajgarha,,Surajgarha_5,Unreserved (Other),,,Parvin Kr ( Pankaj ) ,9934897559.0,EBC,Dhanuk,58.0,"-Parvin KR (Pankaj) | 58 | EBC | Dhanuk | 
- ZP Contested in 2016 
- JDU Member continuing ",,Sangathan Dump,,,,,,,,,
Nalanda,Lakhisarai,28. Munger,167. Suryagarha,Surajgarha,,Surajgarha_5,Unreserved (Other),,,,,,,,,,,,,,,,,,,
Nalanda,Lakhisarai,28. Munger,167. Suryagarha,Surajgarha,,Surajgarha_5,Unreserved (Other),,,,,,,,,,,,,,,,,,,
Nalanda,Lakhisarai,28. Munger,167. Suryagarha,Surajgarha,,Surajgarha_5,Unreserved (Other),,,,,,,,,,,,,,,,,,,
Nalanda,Lakhisarai,28. Munger,167. Suryagarha,Surajgarha,,Surajgarha_6,SC (Other),,,Sanjit Kumar ( Boss ) ,8521769299.0,,,,"-Sanjit Kumar ( Boss ) | 47 | EBC | Mahto | 
-Pacs President 2024 
-ZP Contested 2011 ( 4th Position) 
-Mukhiya Contested 2021 
-JDU maha sachiv 2014-15 ",,Sangathan Dump ,,,,,,,,,
Nalanda,Lakhisarai,28. Munger,167. Suryagarha,Surajgarha,,Surajgarha_6,SC (Other),,,,,,,,,,,,,,,,,,,
Nalanda,Lakhisarai,28. Munger,167. Suryagarha,Surajgarha,,Surajgarha_6,SC (Other),,,,,,,,,,,,,,,,,,,
Nalanda,Lakhisarai,28. Munger,167. Suryagarha,Surajgarha,,Surajgarha_6,SC (Other),,,,,,,,,,,,,,,,,,,
Nalanda,Lakhisarai,28. Munger,167. Suryagarha,Surajgarha,,Surajgarha_6,SC (Other),,,,,,,,,,,,,,,,,,,
Nalanda,Nalanda,29. Nalanda,174. Islampur,Ekangarsarai,,Ekangarsarai_5,Unreserved (Mahila),Tanuja Kumari,Narotam Kumar,Anand Raj,9430923617.0,OBC,Yadav,34.0,"
-Zila Parishad Runner-up and got 7423 votes in ZP election 2021
-His father Baiju Prasad Yadav was a Former MLA of Hilsa Constituency in 1995 from Samta Party
-He runs his own School from class 1 to 8 affiliated from bihar board
",,Onboarded,Ladenge majbooti ke sath.,,,,,,,,
Nalanda,Nalanda,29. Nalanda,174. Islampur,Ekangarsarai,,Ekangarsarai_5,Unreserved (Mahila),Tanuja Kumari,Narotam Kumar,Santosh Yadav,6201987705.0,OBC,Yadav,47.0,"Santosh Yadav | Male | 47 | OBC | Yadav | Incumbent Zila Parishad

-Incumbent 2 Terms Zila Parishad  (2016- till date)
-Former RJD Prakhand Karyakarini Sadasya(1997 to 2024)
-Former Jan Suraaj Anumandal Adhyaksh
-Farmer
",Vidhan Sabha Sanyojak,"Sangathan, Incumbent ZP",,,,,,,,,
Nalanda,Nalanda,29. Nalanda,174. Islampur,Ekangarsarai,,Ekangarsarai_5,Unreserved (Mahila),Tanuja Kumari,Narotam Kumar,Aman Kumar,9546901280.0,OBC,Sonar,27.0,"Aman Kumar | Male | 27 | OBC | Sunar

- Memeber BJP Bihar State OBC Working Committee 
- BJP Islampur Vidhansabha Prabhari
- 2018-2020 BJP Prakhand Media Prabhari
- 2021-2024 Block Coordinator for Youth and Sports Affair Ministry
- Mother Three Term Panchayat Samiti From 2006-2021",,ACC,,,,,,,,,
Nalanda,Nalanda,29. Nalanda,174. Islampur,Ekangarsarai,,Ekangarsarai_5,Unreserved (Mahila),Tanuja Kumari,Narotam Kumar,Shree Devi,7631621747.0,EBC,Teli,52.0,"Shree Devi | Female | 52 | EBC | Teli

- Incumbent 4 terms BDC, 2001 , 2006 , 2016 & 2021
- Contested 2003 - Vidhan Parishad 
- 2011  Mukhiya from another Panchayat Keshopur, won by 1300 votes.
- RJD Prakhand Mahila Adhyaksh",Zila Upadhyaksh,Sangathan,Name given by Zila Mahila Adhyaksh,,,,,,,,
Nalanda,Nalanda,29. Nalanda,174. Islampur,Ekangarsarai,,Ekangarsarai_5,Unreserved (Mahila),Tanuja Kumari,Narotam Kumar,,,,,,,,,,,,,,,,,
Nalanda,Nawada,39. Nawada,236. Hisua,Narhat,,Narhat_5,Backward Class (Mahila),,,Pratyush Yadav,7765921575.0,OBC,Yadav,40.0,"
-Vidhan Saabha Prabhari Hisua
-Prakhand Adhyaksh Hisua JSP
",,EMC,,,,,,,,,
Nalanda,Nawada,39. Nawada,236. Hisua,Narhat,,Narhat_5,Backward Class (Mahila),,,Birendra Chauhan,99557 21356,EBC,Chauhan ,40.0,"Birebndra Chauhan | 40 | EBC | Chauhan
- ZP 1st Runner Up got 10,830 votes in 2021
-Mukhiya runner up in 2001.
- owns 3 Bricks Chimney and 8 Co-Owns Chimney.",,Sangathan Dump,,,,,,,,,
Nalanda,Nawada,39. Nawada,236. Hisua,Narhat,,Narhat_5,Backward Class (Mahila),,,,,,,,,,,,,,,,,,,
Nalanda,Nawada,39. Nawada,236. Hisua,Narhat,,Narhat_5,Backward Class (Mahila),,,,,,,,,,,,,,,,,,,
Nalanda,Nawada,39. Nawada,236. Hisua,Narhat,,Narhat_5,Backward Class (Mahila),,,,,,,,,,,,,,,,,,,
Nalanda,Sheikhpura,40. Jamui (SC),169. Sheikhpura,Sheikhpura,,Sheikhpura_5,Unreserved (Other),,,Kundan Yadav,9122397135.0,,,,,,Sangathan,Kosaadhyaksh ,,,,,,,,
Nalanda,Sheikhpura,40. Jamui (SC),169. Sheikhpura,Sheikhpura,,Sheikhpura_5,Unreserved (Other),,,,,,,,,,,,,,,,,,,
Nalanda,Sheikhpura,40. Jamui (SC),169. Sheikhpura,Sheikhpura,,Sheikhpura_5,Unreserved (Other),,,,,,,,,,,,,,,,,,,
Nalanda,Sheikhpura,40. Jamui (SC),169. Sheikhpura,Sheikhpura,,Sheikhpura_5,Unreserved (Other),,,,,,,,,,,,,,,,,,,
Nalanda,Sheikhpura,40. Jamui (SC),169. Sheikhpura,Sheikhpura,,Sheikhpura_5,Unreserved (Other),,,,,,,,,,,,,,,,,,,
Nalanda,Nalanda,29. Nalanda,174. Islampur,Ekangarsarai,,Ekangarsarai_6,Unreserved (Mahila),Tanuja Kumari,Narotam Kumar,Saroj Kumar,8877737857.0,Obc,Yadav,68.0,"""Saroj  Kumar | 68 | OBC  | Yadav

2001-2021 Incumbent Sarpanch 4 Time)
Two term Defato and Two Term Self""",,Survey,Jan suraaj join karna chahte hai uske baad majbooti ke sath ldenge.,,,,,,,,
Nalanda,Nalanda,29. Nalanda,174. Islampur,Ekangarsarai,,Ekangarsarai_6,Unreserved (Mahila),Tanuja Kumari,Narotam Kumar,Satrudhan Malakar Prasad,9155587140.0,EBC,Malakar,51.0,"Satrudhan Malakar Prasad | 51 | EBC | Malkar

- Independent MLA Contestant first time in 2020 (4500 votes) 
- Former Defecto Mukhiya (2011-2016)
-Businessman- Decorative flowers and other wedding material.",ZIla upaadhayaksh,Sangathan,Ready hai chunav ladne ke liye.,,,,,,,,
Nalanda,Nalanda,29. Nalanda,174. Islampur,Ekangarsarai,,Ekangarsarai_6,Unreserved (Mahila),Tanuja Kumari,Narotam Kumar,,,,,,,,,,,,,,,,,
Nalanda,Nalanda,29. Nalanda,174. Islampur,Ekangarsarai,,Ekangarsarai_6,Unreserved (Mahila),Tanuja Kumari,Narotam Kumar,,,,,,,,,,,,,,,,,
Nalanda,Nalanda,29. Nalanda,174. Islampur,Ekangarsarai,,Ekangarsarai_6,Unreserved (Mahila),Tanuja Kumari,Narotam Kumar,,,,,,,,,,,,,,,,,
Nalanda,Nawada,39. Nawada,235. Rajauli,Mescaur,,Mescaur_6,SC (Other),,,Gore Lal Chaudhary,6202782717.0,SC,Pasi ,50.0,"- Incumbent BDC & Up Pramukh :2021-Onwards
- PACS Runner up 2019
- 2006 Mukhiya Runner Up",,Chunav Prabandhan Samiti,,,,,,,,,
Nalanda,Nawada,39. Nawada,235. Rajauli,Mescaur,,Mescaur_6,SC (Other),,,Sanga Sanjeet Urf Kanhaiya Kumar Badal,7903418558.0,General ,Bhumihar,47.0,"
-Former Mukhiya:2011 To 2016
-Former LJP Zila Adhyaksh:2002 To 2016
-Nayayik Sangharsh Morcha State President:2016 To Till Date
- Jan Suraaj Yuva Karyakarini Sadasya""",,ACC,,,,,,,,,
Nalanda,Nawada,39. Nawada,235. Rajauli,Mescaur,,Mescaur_6,SC (Other),,,Pintu Kumar,9065357738.0,SC,Pasi ,33.0,"Pintu Kumar | 33 | SC | Pasi
- Defecto ZP runner, received 7851 votes.
-Professional Background: Data Operator at Sirdala Block
-Family Background and Involvement: His Aunti was EX-Mukhiya in 2006.
- He was actively involved in her aunti campaign, handling various necessary tasks and responsibilities",,,,,,,,,,,
Nalanda,Nawada,39. Nawada,235. Rajauli,Mescaur,,Mescaur_6,SC (Other),,,,,,,,,,,,,,,,,,,
Nalanda,Nawada,39. Nawada,235. Rajauli,Mescaur,,Mescaur_6,SC (Other),,,,,,,,,,,,,,,,,,,
Nalanda,Sheikhpura,40. Jamui (SC),169. Sheikhpura,Ariari,,Ariari_6,Unreserved (Mahila),,,Raani Devi/Chandan Kumar,9304297225.0,SC,Ghari,33.0," Incumbent ZP Runner Up 2021, Received 3000 votes, lost by 7000
He is a Farmer",,Onboarded,,,,,,,,,
Nalanda,Sheikhpura,40. Jamui (SC),169. Sheikhpura,Ariari,,Ariari_6,Unreserved (Mahila),,,,,,,,,,,,,,,,,,,
Nalanda,Sheikhpura,40. Jamui (SC),169. Sheikhpura,Ariari,,Ariari_6,Unreserved (Mahila),,,,,,,,,,,,,,,,,,,
Nalanda,Sheikhpura,40. Jamui (SC),169. Sheikhpura,Ariari,,Ariari_6,Unreserved (Mahila),,,,,,,,,,,,,,,,,,,
Nalanda,Sheikhpura,40. Jamui (SC),169. Sheikhpura,Ariari,,Ariari_6,Unreserved (Mahila),,,,,,,,,,,,,,,,,,,
Nalanda,Lakhisarai,28. Munger,167. Suryagarha,Lakhisarai,,Lakhisarai_7,Unreserved (Other),,,Naveen Kumar,6203657810.0,,,,"Nabin Kumar | 58 | GEN | Bhumihar

~Served as District Vice President of the RJD Intellectual Cell from 2010 to 2020.
~An organic farming practitioner and certified master trainer.
~Cultivates millets and also provides training in millet farming.",,Sangathan,,,,,,,,,
Nalanda,Lakhisarai,28. Munger,167. Suryagarha,Lakhisarai,,Lakhisarai_7,Unreserved (Other),,,,,,,,,,,,,,,,,,,
Nalanda,Lakhisarai,28. Munger,167. Suryagarha,Lakhisarai,,Lakhisarai_7,Unreserved (Other),,,,,,,,,,,,,,,,,,,
Nalanda,Lakhisarai,28. Munger,167. Suryagarha,Lakhisarai,,Lakhisarai_7,Unreserved (Other),,,,,,,,,,,,,,,,,,,
Nalanda,Lakhisarai,28. Munger,167. Suryagarha,Lakhisarai,,Lakhisarai_7,Unreserved (Other),,,,,,,,,,,,,,,,,,,
Nalanda,Nalanda,29. Nalanda,174. Islampur,Islampur,,Islampur_7,Unreserved (Mahila),Tanuja Kumari,Narotam Kumar,Saurabh Kumar Mani,7544084375.0,OBC,Yadav,30.0,"Sourbh Kumar Mani | Male | 30 | OBC | Yadav | Defacto ZP Contestant

-Former Defacto ZP Contestant, 2021 , Runner Up
-Former Defacto BDC Contestant, 2016, runner Up
-Former Defacto Mukhiya Contestant, 2011, runner Up
-Former RJD Yuva Zila Upadhyaksh, 2015 To 2025
-Businessman(Bike Showroom, Real Estate ",युवा प्रकोष्ठ प्रभारी,Sangathan,,,,,,,,,
Nalanda,Nalanda,29. Nalanda,174. Islampur,Islampur,,Islampur_7,Unreserved (Mahila),Tanuja Kumari,Narotam Kumar,मनीष कुमार,916206054935.0,General,Bhumihar,38.0,"Manish Kumar | 38 | Male | General | Bhumihar
Current SBSP District President
20+ Years of Political Experience
Strong Organizational & Grassroots Political Connect
Business — Dairy",,"""Onboarded, ACC""",Jan suraj me koi bada pad zila me milta hai to SBSP party chodh denge ZP ka chunav jansurraj ke banner tale ldenge.,,,,,,,,
Nalanda,Nalanda,29. Nalanda,174. Islampur,Islampur,,Islampur_7,Unreserved (Mahila),Tanuja Kumari,Narotam Kumar,,,,,,,,,,,,,,,,,
Nalanda,Nalanda,29. Nalanda,174. Islampur,Islampur,,Islampur_7,Unreserved (Mahila),Tanuja Kumari,Narotam Kumar,,,,,,,,,,,,,,,,,
Nalanda,Nalanda,29. Nalanda,174. Islampur,Islampur,,Islampur_7,Unreserved (Mahila),Tanuja Kumari,Narotam Kumar,,,,,,,,,,,,,,,,,
Nalanda,Nawada,39. Nawada,235. Rajauli,Sirdala,,Sirdala_7,SC (Mahila),,,Ramvriksh Manjhi,7463801960.0,SC ,Manjhi,48.0,"- Defacto ZP contestant, 2021 (5200 plus votes)
- Former BDC (2006-11)",,Vidhan Sabha prabhari,,,,,,,,,
Nalanda,Nawada,39. Nawada,235. Rajauli,Sirdala,,Sirdala_7,SC (Mahila),,,Damodar Das,9973113114.0,SC ,Ravidas,55.0,,,,,,,,,,,,
Nalanda,Nawada,39. Nawada,235. Rajauli,Sirdala,,Sirdala_7,SC (Mahila),,,Naresh Rajavanshi,7542079273.0,SC,Rajwar ,56.0,"-Defecto ZP, leads by 2073 votes and the total votes received is 9924.
- ZP runner-up in 2016.
- ZP runner-up in 2006.
- Mukhiya runner-up in 2001
-Political Affiliation: Janata Dal (United) [JDU]
-Current Political Position: Mahadalit Prakost Adhyaksh, Jila Development Committee (JDC)",BSC Member ,Sangathan Dump,,,,,,,,,
Nalanda,Nawada,39. Nawada,235. Rajauli,Sirdala,,Sirdala_7,SC (Mahila),,,,,,,,,,,,,,,,,,,
Nalanda,Nawada,39. Nawada,235. Rajauli,Sirdala,,Sirdala_7,SC (Mahila),,,,,,,,,,,,,,,,,,,
Nalanda,Sheikhpura,40. Jamui (SC),169. Sheikhpura,Chewara,,Chewara_7,Backward Class (Others),,,Kumar Kanhaiya ,9471486459.0,,,,"Kumar Kanhaiya | 32 | Male | General| Bhumihar
- Incumbent De-facto Prakhand Pramukh (2021–Present)
- Former De-facto Up Prakhand Pramukh (2016–21)
- Resigned from Grade B Officer- Patna Secretariat (2023) ",,Sangathan,,,,,,,,,
Nalanda,Sheikhpura,40. Jamui (SC),169. Sheikhpura,Chewara,,Chewara_7,Backward Class (Others),,,अलख निरंजन,7766957204.0,EBC ,Beldar,49.0,ZP Contestant ( 3580 Votes ),,ZP Contestant,,,,,,,,,
Nalanda,Sheikhpura,40. Jamui (SC),169. Sheikhpura,Chewara,,Chewara_7,Backward Class (Others),,,कार्यानन्द कुमार,9572979320.0,OBC,Teli,,ZP Contestant ( 4425 Votes ),,ZP Contestant,,,,,,,,,
Nalanda,Sheikhpura,40. Jamui (SC),169. Sheikhpura,Chewara,,Chewara_7,Backward Class (Others),,,,,,,,,,,,,,,,,,,
Nalanda,Sheikhpura,40. Jamui (SC),169. Sheikhpura,Chewara,,Chewara_7,Backward Class (Others),,,,,,,,,,,,,,,,,,,
Nalanda,Lakhisarai,28. Munger,167. Suryagarha,Lakhisarai,,Lakhisarai_8,Unreserved (Other),,,धीरज कुमार,"8210855536
7979068581",,,,Former ZP Contestant ( 2002 Votes ),,Runnerup ZP,,,,,,,,,
Nalanda,Lakhisarai,28. Munger,167. Suryagarha,Lakhisarai,,Lakhisarai_8,Unreserved (Other),,,रामदेव यादव,"9572812918
9631405703",,,,Former ZP Contestant ( 3008 Votes ),,Runnerup ZP,,,,,,,,,
Nalanda,Lakhisarai,28. Munger,167. Suryagarha,Lakhisarai,,Lakhisarai_8,Unreserved (Other),,,,,,,,,,,,,,,,,,,
Nalanda,Lakhisarai,28. Munger,167. Suryagarha,Lakhisarai,,Lakhisarai_8,Unreserved (Other),,,,,,,,,,,,,,,,,,,
Nalanda,Lakhisarai,28. Munger,167. Suryagarha,Lakhisarai,,Lakhisarai_8,Unreserved (Other),,,,,,,,,,,,,,,,,,,
Nalanda,Nalanda,29. Nalanda,174. Islampur,Islampur,,Islampur_8,Unreserved (Mahila),Tanuja Kumari,Narotam Kumar,Tanuja Kumari,9431048940.0,OBC,Kurmi,46.0,"Tanuja Kumari | Female | 46 | OBC | Kurmi | Incumbent ZP Member

-Incumbent 4 Terms ZP Member, 2016 To 2018 , 2020 To 2021 ,   2021 To 2021, 2024 To Till Date
-Former ZP President, Nalanda, 2016 To 2018
-Former JDU Panchayti Raj Cell , State General Secretary, 2016 To 2018
-Former JDU Women Cell , Patel Seva Sangh Coordinator, 2016 To 2019
-Received Deendayal Upadhyay Awards By PM Narendra Modi For her Work, 2021",राज्य सलाहकार समिति,Sangathan,,,,,,,,,
Nalanda,Nalanda,29. Nalanda,174. Islampur,Islampur,,Islampur_8,Unreserved (Mahila),Tanuja Kumari,Narotam Kumar,Rajesh Kumar,6202905372.0,EBC,Chandravanshi,32.0,"Rajesh Kumar|32|EBC,Chandravansi|
-Zila Midia Prabhari JSP
he is engage with Jan suraaj from last 18 months|he handle social media promotion of jansuraj in his Nalanda|he add more than 2000+ members of jansuraaj by filling the booklets|he works as a youth mobilizer.",,EMC,Party help karegi to ladenge.,,,,,,,,
Nalanda,Nalanda,29. Nalanda,174. Islampur,Islampur,,Islampur_8,Unreserved (Mahila),Tanuja Kumari,Narotam Kumar,Swaraj Singh,6206013990.0,General ,Bhumihar,55.0,"""Swaraj Singh-Male-58-GEN-Bhumihar
- Former JDU Zila karyakarini member(2016-2019)
- Former JDU Prakhand Adyaksh (2007-2009)
- CPIML Sanghathan Mantri Islampur
- Mukhiya Runner up 2006""",,EMC,Party ke koi bade leader ke kahne par ldenge.,,,,,,,,
Nalanda,Nalanda,29. Nalanda,174. Islampur,Islampur,,Islampur_8,Unreserved (Mahila),Tanuja Kumari,Narotam Kumar,Sachin Singh,916200317182,General ,Rajput,38.0,"Sachin Singh | 38 | Male | General | Rajput
Former BJP Leader — Block to District Level
Strong Organizational & Grassroots Political Experience
Primary Occupation — Agriculture
Established Local Political Connect",,ACC,Chunav ladne ke liye ready hai,,,,,,,,
Nalanda,Nalanda,29. Nalanda,174. Islampur,Islampur,,Islampur_8,Unreserved (Mahila),Tanuja Kumari,Narotam Kumar,,,,,,,,,,,,,,,,,
Nalanda,Nawada,39. Nawada,235. Rajauli,Sirdala,,Sirdala_8,SC (Mahila),,,Mishri Das,9955733078.0,SC,Ravidas,,"""- Defacto ZP runner up received 5141 votes in 2021.
- Defecto Mukhiya runner-up, received 357 votes in 2016.
- Former Prakhand Pramukh (2003-2006) 
- Former BDC (2001)""",,Sangathan,,,,,,,,,
Nalanda,Nawada,39. Nawada,235. Rajauli,Sirdala,,Sirdala_8,SC (Mahila),,,Bablu Chaudhary,8271460088.0,SC,Pasi,35.0,"
- Defacto BDC runner up in 2016 received 456 votes.
- ZP runner up in 2021 received  5773 votes.
- BSP Zila Prabhari, 2021-2024.
- BSP Rajouli Vidhansabha Prabhari from 2016 to 2020.""",,,,,,,,,,,
Nalanda,Nawada,39. Nawada,235. Rajauli,Sirdala,,Sirdala_8,SC (Mahila),,,,,,,,,,,,,,,,,,,
Nalanda,Nawada,39. Nawada,235. Rajauli,Sirdala,,Sirdala_8,SC (Mahila),,,,,,,,,,,,,,,,,,,
Nalanda,Nawada,39. Nawada,235. Rajauli,Sirdala,,Sirdala_8,SC (Mahila),,,,,,,,,,,,,,,,,,,
Nalanda,Lakhisarai,28. Munger,167. Suryagarha,Channan,,Channan_9,Backward Class (Mahila),,,Mahesh Yadav,8084956152.0,OBC,Yadav,55.0,"Mahesh Yadav | 53 | Male | OBC | Yadav
- Former Pramukh (2001-2006) of Lakhisarai and Chanan
- Former Zila Adhyaksh of RJD Panchayati Raj Prakosth (2012-2017)
- Pradesh Mahasachiv of JAP (2017-2022)",,Sangathan,,,,,,,,,
Nalanda,Lakhisarai,28. Munger,167. Suryagarha,Channan,,Channan_9,Backward Class (Mahila),,,Ramdev Koda,7050713362.0,,,,"Ramdev Koda | 60 | Male | ST | koda 

- Rtd. DDO (Drawing & Disbursing Officer), 2024
- Rtd. Govt. Teacher
",,Sangathan,,,,,,,,,
Nalanda,Lakhisarai,28. Munger,167. Suryagarha,Channan,,Channan_9,Backward Class (Mahila),,,,,,,,,,,,,,,,,,,
Nalanda,Lakhisarai,28. Munger,167. Suryagarha,Channan,,Channan_9,Backward Class (Mahila),,,,,,,,,,,,,,,,,,,
Nalanda,Lakhisarai,28. Munger,167. Suryagarha,Channan,,Channan_9,Backward Class (Mahila),,,,,,,,,,,,,,,,,,,
Nalanda,Nalanda,29. Nalanda,174. Islampur,Islampur,,Islampur_9,Unreserved (Mahila),Tanuja Kumari,Narotam Kumar,Royeen Khatun/Mohammad Sameer,7790870786.0,Minority,Muslim,35.0,"ZP Runner Up 2021, Received 2927 votes (2nd Position)
Do Bangle's Business ",,"""Sangathan, Onboarded""",Chunav ladne ke liye ready hai.,,,,,,,,
Nalanda,Nalanda,29. Nalanda,174. Islampur,Islampur,,Islampur_9,Unreserved (Mahila),Tanuja Kumari,Narotam Kumar,अनुराधा देवी,6289425998.0,OBC,Yadav,35.0,"- Incumbent ZP , 2021
- ZP runner up ,2016
- His husband contested Mukhiya elecion in 2001
- Completed B. Tech from Haldia in 2014.
- RJD Supporter",,Incumbent ZP,"PK se milne ke baad confirm krengi ki jsp me join krengi ya nhi.
",,,,,,,,
Nalanda,Nalanda,29. Nalanda,174. Islampur,Islampur,,Islampur_9,Unreserved (Mahila),Tanuja Kumari,Narotam Kumar,,,,,,,,,,,,,,,,,
Nalanda,Nalanda,29. Nalanda,174. Islampur,Islampur,,Islampur_9,Unreserved (Mahila),Tanuja Kumari,Narotam Kumar,,,,,,,,,,,,,,,,,
Nalanda,Nalanda,29. Nalanda,174. Islampur,Islampur,,Islampur_9,Unreserved (Mahila),Tanuja Kumari,Narotam Kumar,,,,,,,,,,,,,,,,,
Nalanda,Nawada,39. Nawada,235. Rajauli,Rajauli,,Rajauli_9,SC (Other),,,Naresh Chaudhary,"9661191816
7856020856",SC,Pasi,57.0,"Jan Suraaj Anumandal Adhyaksh/ Vidhansabha Candidate

-Former ZP Member(2016 to 2021), 9800 Votes, lost by 3000
-Former ZP Contestant(2001), got 5000 votes
-Former RJD Zila Adhyaksh(2020 to 2023)
-Former RJD Panchayti Raj Prakhand Adhyaksh(2016 to 2020)
-Former RJD Member(1998 to 2023)
",,"ACC, Sangathan, Onboarded",,,,,,,,,
Nalanda,Nawada,39. Nawada,235. Rajauli,Rajauli,,Rajauli_9,SC (Other),,,Rajendra Chaudhari,9162708963.0,SC,Pasi,53.0,"2021- ZP contestant, Received 6200 votes, lost by 7000 votes
- RMP",,Onboarded,,,,,,,,,
Nalanda,Nawada,39. Nawada,235. Rajauli,Rajauli,,Rajauli_9,SC (Other),,,,,,,,,,,,,,,,,,,
Nalanda,Nawada,39. Nawada,235. Rajauli,Rajauli,,Rajauli_9,SC (Other),,,,,,,,,,,,,,,,,,,
Nalanda,Nawada,39. Nawada,235. Rajauli,Rajauli,,Rajauli_9,SC (Other),,,,,,,,,,,,,,,,,,,
Nalanda,Lakhisarai,28. Munger,168. Lakhisarai,Ramgarh Chowk,,Ramgarh Chowk_10,SC (Mahila),,,,,,,,,,,,,,,,,,,
Nalanda,Lakhisarai,28. Munger,168. Lakhisarai,Ramgarh Chowk,,Ramgarh Chowk_10,SC (Mahila),,,,,,,,,,,,,,,,,,,
Nalanda,Lakhisarai,28. Munger,168. Lakhisarai,Ramgarh Chowk,,Ramgarh Chowk_10,SC (Mahila),,,,,,,,,,,,,,,,,,,
Nalanda,Lakhisarai,28. Munger,168. Lakhisarai,Ramgarh Chowk,,Ramgarh Chowk_10,SC (Mahila),,,,,,,,,,,,,,,,,,,
Nalanda,Lakhisarai,28. Munger,168. Lakhisarai,Ramgarh Chowk,,Ramgarh Chowk_10,SC (Mahila),,,,,,,,,,,,,,,,,,,
Nalanda,Nalanda,29. Nalanda,173. Rajgir,Rajgir,,Rajgir_10,SC (Mahila),Tanuja Kumari,Narotam Kumar,Sunil Kumar/Sarmila devi,9470412794.0,OBC,Yadav,51.0,"Sunil Kumar | Male l 51l OBC l  Yadav
 -BJP Zila Sayanjok from 2019-2023)
-Former Defacto Mukhiya 3 term (2006, 2011 and 2016)
-Runner Up Mukhiya (2021) 
 
 ",,Sangathan Dump,Chunav Ladne ka tayari kar rhe hai.,,,,,,,,
Nalanda,Nalanda,29. Nalanda,173. Rajgir,Rajgir,,Rajgir_10,SC (Mahila),Tanuja Kumari,Narotam Kumar,Santu Kumar,9608264415.0,OBC,Yadav,32.0,"Santu Kumar| Male | 32 | OBC | Yadav | Teacher

-Running Anukool Gyan Coaching centre ( 250+ students enrolled)
-Social worker ( Associated with Kankar Foundation As a Block Coordinator)
",,ACC,Chunav ladne ke liye ready hai par financialy majbut nhi hai or na hi political admi hai,,,,,,,,
Nalanda,Nalanda,29. Nalanda,173. Rajgir,Rajgir,,Rajgir_10,SC (Mahila),Tanuja Kumari,Narotam Kumar,,,,,,,,,,,,,,,,,
Nalanda,Nalanda,29. Nalanda,173. Rajgir,Rajgir,,Rajgir_10,SC (Mahila),Tanuja Kumari,Narotam Kumar,,,,,,,,,,,,,,,,,
Nalanda,Nalanda,29. Nalanda,173. Rajgir,Rajgir,,Rajgir_10,SC (Mahila),Tanuja Kumari,Narotam Kumar,,,,,,,,,,,,,,,,,
Nalanda,Nawada,39. Nawada,235. Rajauli,Rajauli,,Rajauli_10,SC (Other),,,Kamal Kishore Bindu,6203914930.0,EBC,Dangi ,54.0,"- Former Defacto BDC 2016
-Zila Adhyaksh Akhil Bhartiya Dangi Sangh (2019- 2022, 2022--present)
-JDU Prakhand Adhyaksh (2015-2017)
          ",,Sangathan Dump,,,,,,,,,
Nalanda,Nawada,39. Nawada,235. Rajauli,Rajauli,,Rajauli_10,SC (Other),,,Manish Kumar Ranjan,6200602022.0,General,Bhumihar,40.0,"-Incumbent Sarpanch 
-Sarpanch Sangha Adhyaksh
-Incumbent Nawada Jila Sarpanch Sangha Saha Sanyojak 
-Mukhiya Contestant (2006)
-Mukhiya Contestant (2011)
-Sarpanch (2016)
-Bapu Sahakar Leader
-MLC Election Contestant  (2024)",,,,,,,,,,,
Nalanda,Nawada,39. Nawada,235. Rajauli,Rajauli,,Rajauli_10,SC (Other),,,,,,,,,,,,,,,,,,,
Nalanda,Nawada,39. Nawada,235. Rajauli,Rajauli,,Rajauli_10,SC (Other),,,,,,,,,,,,,,,,,,,
Nalanda,Nawada,39. Nawada,235. Rajauli,Rajauli,,Rajauli_10,SC (Other),,,,,,,,,,,,,,,,,,,
Nalanda,Lakhisarai,28. Munger,168. Lakhisarai,Halsi,,Halsi_11,Unreserved (Mahila),,,Maqsood Khan,7004723828.0,,,,"""- Zila Adhyaksh in JDU (2010-2020)
- Zila Adhyaksh of MinorityCell in INC (2003-2009)
-  Defacto ZP (2011-16)
- 2 times Mukhiya (2001-11)
- Landlord""",,EMC,,,,,,,,,
Nalanda,Lakhisarai,28. Munger,168. Lakhisarai,Halsi,,Halsi_11,Unreserved (Mahila),,,Naval Kishore Singh,9905369282.0,General ,Bhumihar,,"Naval Kishor Singh | 63  | General | Bhumihar

- De-facto Zila Parishad contestant 2021,Securing 4,812 votes                                                                                                                                                                                                                                                                                                                                                                                                                                                                                                                                            - Retired DCRL (Deputy Collector land reforms) from Jharkhand cadre.",,Sangathan,,,,,,,,,
Nalanda,Lakhisarai,28. Munger,168. Lakhisarai,Halsi,,Halsi_11,Unreserved (Mahila),,,Paras Paswan,9661716153.0,,,,"Paras Paswan | 60 | Male |  SC | Dushad

- Former Mukhiya (2016-21) 
- BJP Zila Upadhyaksh- Panchayati Raj Prakosth (2022-24)
- Mukhiya runner-up (2021)
",,Sangathan,,,,,,,,,
Nalanda,Lakhisarai,28. Munger,168. Lakhisarai,Halsi,,Halsi_11,Unreserved (Mahila),,,Shrawan Kumar,8147516300.0,,,,"Shrawan Kumar | 34 | Male | OBC | Yadav | Journalist


-Journalist at Antarkatha  News Channel
-Farmer",,Sangathan,,,,,,,,,
Nalanda,Lakhisarai,28. Munger,168. Lakhisarai,Halsi,,Halsi_11,Unreserved (Mahila),,,,,,,,,,,,,,,,,,,
Nalanda,Nalanda,29. Nalanda,173. Rajgir,Silao,,Silao_11,SC (Other),Tanuja Kumari,Narotam Kumar,बेवी देवी,9934182821.0,SC,Rajak,40.0,"- Incumbent ZP , 2021
ZP runner up , 2016
- Former 2 terms Mukhiya , 2006 & 2011
- Her husband is govt. primary school teacher
- JDU Supporter",,Incumbent ZP,,,,,,,,,
Nalanda,Nalanda,29. Nalanda,173. Rajgir,Silao,,Silao_11,SC (Other),Tanuja Kumari,Narotam Kumar,Sanjeev Kumar,9939646672.0,General ,Bhumihar,44.0,"Sanjeev Kumar | Male | 44 | GEN | Bhumihar

-Former 2 term  PACS Adhyaksh (2014-2024)
-Former Pradhan in Uttam nagar Delhi (2010 -2014)
-Former AAP VP in Uttam Nagar Kshetra (2013-2015)  .
-Runner Up mukhiya in 2021.
-Former Delhi University ABVP  general Secretery in 1996.
-Former Delhi Ward president.
-Participated in Anna Hazare Andolan Delhi.
-Got 2 Master degree from JNU in 2006.",,Sangathan Dump,Jan suraaj ke taraf se chunav ladne ke liye ready hai kafi jyada active hai.,,,,,,,,
Nalanda,Nalanda,29. Nalanda,173. Rajgir,Silao,,Silao_11,SC (Other),Tanuja Kumari,Narotam Kumar,Aman Raj Gunjan,9386561179.0,General ,Bhumihar,33.0,"Gunjan Singh | 33 | Male | GEN | Bhumihar

JS Post Holder - Spokesperson (District) 2025
Swarn Ekta Manch spokesperson , 2019-2024
Education Background - Graduate
Good hold youth group community.
Neutral | Influencer | Landlord",,EMC,,,,,,,,,
Nalanda,Nalanda,29. Nalanda,173. Rajgir,Silao,,Silao_11,SC (Other),Tanuja Kumari,Narotam Kumar,,,,,,,,,,,,,,,,,
Nalanda,Nalanda,29. Nalanda,173. Rajgir,Silao,,Silao_11,SC (Other),Tanuja Kumari,Narotam Kumar,,,,,,,,,,,,,,,,,
Nalanda,Nawada,39. Nawada,235. Rajauli,Akbarpur,,Akbarpur_11,Unreserved (Mahila),,,Anil Tiwari,8603066300.0,General ,Brahmin,52.0,"- Secretary of Manav Kalyan Punarvas Parishad
- Analyst in Human Rights Commission
- ZP Contestant in 2011 (4000+ votes) 
- Runs a NGO named jan jeevan mission",Sangathan Zila Upadhyaksh,Sangathan,,,,,,,,,
Nalanda,Nawada,39. Nawada,235. Rajauli,Akbarpur,,Akbarpur_11,Unreserved (Mahila),,,Rekha Devi/Dayanand Yadav,9341240511.0,OBC,Yadav,43.0,"Zp Runner Up 2021, Received 4700 votes 
ZP Runner Up 2016, Received 2200 Votes 
Lives in Banglore",Akbarpur_11,Onboarded,,,,,,,,,
Nalanda,Nawada,39. Nawada,235. Rajauli,Akbarpur,,Akbarpur_11,Unreserved (Mahila),,,Pyarelal Chaudhary,7764819572.0,SC,Pasi,45.0,"Pyarelal Chaudhary | 45 | Male | SC | Pasi

- Incumbent BDC (2021-present)
- Former Mukhiya Runner Up (2016)
- Sarpanch Contestant (2011)",DSC Member,Sangathan Dump,,,,,,,,,
Nalanda,Nawada,39. Nawada,235. Rajauli,Akbarpur,,Akbarpur_11,Unreserved (Mahila),,,,,,,,,,,,,,,,,,,
Nalanda,Nawada,39. Nawada,235. Rajauli,Akbarpur,,Akbarpur_11,Unreserved (Mahila),,,Kisore Kunal,9631841626.0,,,,,,,,,,,,,,,
Nalanda,Nalanda,29. Nalanda,173. Rajgir,Silao,,Silao_12,Unreserved (Other),Tanuja Kumari,Narotam Kumar,Iftekhar Ahmad Khansuri (Nannhu Khan),7033141595.0,General ,Muslim,53.0,"Iftekhar Ahmad Khansuri | 53 | Male | GEN | Muslim

Former - Up-mukhiya 2011.
Political Background - JDU (Minority Communities Panchayat Memeber since 2015.) 
Panchayat level influence and community voters.
Education Background - Intermediate 1995.
Neutral | Farming | Landlord | Influencer ",,Sangathan,Ya to khud ldenge nhi to kisi ko ladwakar party ke hi logo ka help krenge.,,,,,,,,
Nalanda,Nalanda,29. Nalanda,173. Rajgir,Silao,,Silao_12,Unreserved (Other),Tanuja Kumari,Narotam Kumar,Nawal Kishor Singh,8340667618.0,General ,Rajput,57.0,"Nawal Kishore Singh | 57 | Male | GEN | Rajput
Incumbent - Pacs President 2 times since 2019.
Education Background - Intermediate.
Good hold youth group and minority community.
Strong hold Ward area community voters.
Neutral | Influencer | Landlord",,Survey,Jansuraaj party me nhi hai lakin join krenge samarthan pura karte hai.,,,,,,,,
Nalanda,Nalanda,29. Nalanda,173. Rajgir,Silao,,Silao_12,Unreserved (Other),Tanuja Kumari,Narotam Kumar,,,,,,,,,,,,,,,,,
Nalanda,Nalanda,29. Nalanda,173. Rajgir,Silao,,Silao_12,Unreserved (Other),Tanuja Kumari,Narotam Kumar,,,,,,,,,,,,,,,,,
Nalanda,Nalanda,29. Nalanda,173. Rajgir,Silao,,Silao_12,Unreserved (Other),Tanuja Kumari,Narotam Kumar,,,,,,,,,,,,,,,,,
Nalanda,Nawada,39. Nawada,235. Rajauli,Akbarpur,,Akbarpur_12,Backward Class (Others),,,Suryadev Prasad,8540094699.0,,,,"- Incumbent Zila Parishad Hisua (2021- Present )
- Retired High School English Teacher
- Ex-RJD Member
-  Formed Nawada Zila Vikash Morcha
- Uncle of Rajkishore Pd Singh Incumbent Zila Parishad Akbarpur #3",,,,,,,,,,,
Nalanda,Nawada,39. Nawada,235. Rajauli,Akbarpur,,Akbarpur_12,Backward Class (Others),,,Ram Balak Sharma,6201166087.0,EBC,Badahi,58.0,"- Ex-Sarpanch (2016)
- Pappu Clininc (Near HDFC Bank, Nawada)
- 30+ year medical practice 
- Ayurved Doctor (BAMS)
-Contested 2025 Vidan Sabha with Jagruk Janta Party",,,,,,,,,,,
Nalanda,Nawada,39. Nawada,235. Rajauli,Akbarpur,,Akbarpur_12,Backward Class (Others),,,Uday Kumar Paswan,9341713051.0,SC,Paswan,50.0,"Uday Kumar Paswan | 48 | Male | SC | Paswan | Ex-Mukhiya 
- Ex Mukhiya 2016
- Mukhiya Contestant 2021
- LJP Vice President Kala and Sanskriti Prakosth
- Singer at Akaswani
-BDC Contestat 2001
- Sarpanch 2006
- ZP Contestant 2011",,,,,,,,,,,
Nalanda,Nawada,39. Nawada,235. Rajauli,Akbarpur,,Akbarpur_12,Backward Class (Others),,,,,,,,,,,,,,,,,,,
Nalanda,Nawada,39. Nawada,235. Rajauli,Akbarpur,,Akbarpur_12,Backward Class (Others),,,,,,,,,,,,,,,,,,,
Nalanda,Nalanda,29. Nalanda,176. Nalanda,Ben,,Ben_13,Unreserved (Mahila),Tanuja Kumari,Narotam Kumar,Anil Kumar,7261898056.0,OBC,Kurmi,54.0,"""Anil Kumar | Male | 54 | OBC | Kurmi 

-Former ZP (2016)
-Former RJD District Yuva Adhyaksh(2005-2011) 
-Former Janta Dal Prakhand Yuva Adhyaksh (1996-2005)
""",Vidhan Sabha Sanyojak,Sangathan,,,,,,,,,
Nalanda,Nalanda,29. Nalanda,176. Nalanda,Ben,,Ben_13,Unreserved (Mahila),Tanuja Kumari,Narotam Kumar,Kamini Kumari,7261839142.0,OBC,Kurmi,50.0,"- Former Panch, 2006
-  2 terms PACs runner up ,2009 & 2014
- Jivika member
- Her husband works in the Health Departmen
- Her son serves as the JSP Block Youth Presiden",,New Name (Recommendation),Name given by Rajesh Ranjan (OBC ZILA ADHYAKSH),,,,,,,,
Nalanda,Nalanda,29. Nalanda,176. Nalanda,Ben,,Ben_13,Unreserved (Mahila),Tanuja Kumari,Narotam Kumar,Kumar Rajiv Ranjan (Mantu Singh),6201816567.0,General ,Rajput,48.0,"Kumar Rajiv Ranjan | 48 | Rajput| Block Up Pramukh | Incumbent BDC| votes: 896/1914  won by 263  in 2016,  993/2550  won by 456 votes in 2021 |  Education B.A Pass | Large Scale Farmer |",BSC Member,Sangathan,Chunav ladne ke liye ready hai.,,,,,,,,
Nalanda,Nalanda,29. Nalanda,176. Nalanda,Ben,,Ben_13,Unreserved (Mahila),Tanuja Kumari,Narotam Kumar,,,,,,,,,,,,,,,,,
Nalanda,Nalanda,29. Nalanda,176. Nalanda,Ben,,Ben_13,Unreserved (Mahila),Tanuja Kumari,Narotam Kumar,,,,,,,,,,,,,,,,,
Nalanda,Nawada,39. Nawada,235. Rajauli,Akbarpur,,Akbarpur_13,Backward Class (Others),,,Ramswaroop Yadav,8521239193.0,OBC ,Yadav ,55.0,"
-Former MLA Contestant, Hisua, Independent, 2015, 4000 Votes
-Former ZP Contestant, 2001
-Incumbent Mukhiya, 2016 To Till Date
-Incumbent PACS President For 35 Years
-Former BJP Member, 1990 to 2000",राज्य सलाहकार,ACC,,,,,,,,,
Nalanda,Nawada,39. Nawada,235. Rajauli,Akbarpur,,Akbarpur_13,Backward Class (Others),,,Ram Balak Sharma,6201166087.0,EBC,Badhai ,58.0,"Ram Balak Sharma | 58 | EBC | Badhai

- Ex-Sarpanch (2016)
- Pappu Clininc (Near HDFC Bank, Nawada)
- 30+ year medical practice 
- Ayurved Doctor (BAMS)",DSC Member ,Sangathan Dump,,,,,,,,,
Nalanda,Nawada,39. Nawada,235. Rajauli,Akbarpur,,Akbarpur_13,Backward Class (Others),,,Dilip Kumar,9123166865.0,SC,Rajbhar ,34.0,"Dilip Kumar I 34 I SC I  Rajbhar
-Won panchayat samiti sadsya with 3vote 
- Have hold on Choudhary of kadrigang
--Works for a doctor as assistence
-First time in  politics",DSC Member ,Sangathan Dump,,,,,,,,,
Nalanda,Nawada,39. Nawada,235. Rajauli,Akbarpur,,Akbarpur_13,Backward Class (Others),,,,,,,,,,,,,,,,,,,
Nalanda,Nawada,39. Nawada,235. Rajauli,Akbarpur,,Akbarpur_13,Backward Class (Others),,,,,,,,,,,,,,,,,,,
Nalanda,Nalanda,29. Nalanda,176. Nalanda,Noorsarai,,Noorsarai_14,Backward Class (Mahila),Tanuja Kumari,Narotam Kumar,Chinku Kumar,9117805016.0,General ,Bhumihar,34.0,"Chinku Kumar-Male-34-Gen-Bhumihar
 - Defacto BDC (2021)
  - Pramukh Contestant (2016) lost by one vote
-Prakhand Yuva Adhyaksh JSP 2024-2025",,EMC,Seat coniferm hone par ladenge.,,,,,,,,
Nalanda,Nalanda,29. Nalanda,176. Nalanda,Noorsarai,,Noorsarai_14,Backward Class (Mahila),Tanuja Kumari,Narotam Kumar,Krishan Murari Yadav,6204070480.0,OBC,Yadav,33.0,"- Associated with Jan suraaj since 2022, serving as block president, Padyatri Vahini.
- Education - Postgraduate ( M.A.)
",,New Name (Recommendation),"Name given by Zila Adhyaksh, Dinesh ji",,,,,,,,
Nalanda,Nalanda,29. Nalanda,176. Nalanda,Noorsarai,,Noorsarai_14,Backward Class (Mahila),Tanuja Kumari,Narotam Kumar,Meera Kumari/Sunil Kumar,9835323435.0,EBC,Chandravansi,43.0,"ZP Runnerup in 2021,Lost by 2400 Votes, Received 11000 votes
Incumbent ZP in 2016
Works in LIC
Runs cloth shop
Land broker",,Onboarded,Ready hai jansuraaj ke taraf se ladne ke liye.,,,,,,,,
Nalanda,Nalanda,29. Nalanda,176. Nalanda,Noorsarai,,Noorsarai_14,Backward Class (Mahila),Tanuja Kumari,Narotam Kumar,,,,,,,,,,,,,,,,,
Nalanda,Nalanda,29. Nalanda,176. Nalanda,Noorsarai,,Noorsarai_14,Backward Class (Mahila),Tanuja Kumari,Narotam Kumar,,,,,,,,,,,,,,,,,
Nalanda,Nawada,39. Nawada,237. Nawada,Nawada,,Nawada_14,Unreserved (Mahila),,,Sweety Sinha,9798144253.0,General ,Bhumihar,35.0,"Kumari Sweety Sinha | 35 | Female | General | Bhumihar

-Former BJP District Vice President (2024).
-JDU District Spokesperson (2023).
-Worked at Nehru Yuva Kendra (NYK) for 5 years.
-Worked at Kishore-Kishori Centre.
-Worked at Swasthya Kendra for 3 years.
-Served as a TB Patient Counselor
-Former state-level athlete in running and kabaddi.",Zila Mahila Adhyaksh ,,"
- Nawada Anumandal Mahila Adhyaksh 

She works well in as JSP Mahila Adhyaksh ",,,,,,,,
Nalanda,Nawada,39. Nawada,237. Nawada,Nawada,,Nawada_14,Unreserved (Mahila),,,Ritu Raj,7033209995.0,General ,Bhumihar,31.0,"- BJP Zila Up Adhyaksh (2021-2024)
- Father- 2 times PACS(2014,2009)
- Father- Nawada Zila Adhyaksh BJP(2008-2009)
- Supported  making government High School and College in Purnadih 
- Private school in Pawapuri and Property Dealer ",,,,,,,,,,,
Nalanda,Nawada,39. Nawada,237. Nawada,Nawada,,Nawada_14,Unreserved (Mahila),,,Ravishankar Prasad,9407464294.0,OBC,Yadav,60.0,-Ex ZP Constestant 2021,,,,,,,,,,,
Nalanda,Nawada,39. Nawada,237. Nawada,Nawada,,Nawada_14,Unreserved (Mahila),,,,,,,,,,,,,,,,,,,
Nalanda,Nawada,39. Nawada,237. Nawada,Nawada,,Nawada_14,Unreserved (Mahila),,,,,,,,,,,,,,,,,,,
Nalanda,Nalanda,29. Nalanda,176. Nalanda,Noorsarai,,Noorsarai_15,SC (Mahila),Tanuja Kumari,Narotam Kumar,संगीता देवी,7319865272.0,SC,Pasi,36.0,"- ZP runner up , 2021
- Former BDC, 2016
- JDU Pacnchayat Adhyaksh
- Businessman",,1st Runnerup,,,,,,,,,
Nalanda,Nalanda,29. Nalanda,176. Nalanda,Noorsarai,,Noorsarai_15,SC (Mahila),Tanuja Kumari,Narotam Kumar,Beauty Kumari/Sonu Kumar,8252226463.0,SC,Paswan,35.0,"Zp Runner in 2021, Received 2249 Votes
He is a farmer 
",,Onboarded,Aarthik roop se bahut majboot nhi hai partry help krega to ldenge samaj me pakad acha hai.,,,,,,,,
Nalanda,Nalanda,29. Nalanda,176. Nalanda,Noorsarai,,Noorsarai_15,SC (Mahila),Tanuja Kumari,Narotam Kumar,,,,,,,,,,,,,,,,,
Nalanda,Nalanda,29. Nalanda,176. Nalanda,Noorsarai,,Noorsarai_15,SC (Mahila),Tanuja Kumari,Narotam Kumar,,,,,,,,,,,,,,,,,
Nalanda,Nalanda,29. Nalanda,176. Nalanda,Noorsarai,,Noorsarai_15,SC (Mahila),Tanuja Kumari,Narotam Kumar,,,,,,,,,,,,,,,,,
Nalanda,Nawada,39. Nawada,237. Nawada,Nawada,जमुआवॉ पटवासराय	,Nawada_15,Backward Class (Mahila),,,Devraj Paswan,9199918595.0,SC,Dushad,53.0,"- Incumbent Sarpanch( 2021)
- Sarpanch Sangh Up Adhyaksh cum Kosha Adhyaksh (2021)
- Wife contested Sarpanch (2016)
- BDC contestant (2006)
- Mukhiya contestant (2001,2011)
- Former accountant clerk in Sakshar Bharat Mission
- One brother Director in GM, Jharkhand",,Sangathan,,,,,,,,,
Nalanda,Nawada,39. Nawada,237. Nawada,Nawada,,Nawada_15,Backward Class (Mahila),,,Prabha Kumari/Arvind Prashad,9801963888.0,EBC,Adrakhi,56.0,"Ex-Zila Mahasachiv Jansuraj
His Daughter in law is Pramukh
- Former ZP (2006)
- ZP Runner up in 2021 loss by 1267 Votes.
- ZP Runner Up in 2016 (2nd Position).
- Former JDU Zila Upadhyaksh (2017-2020)",,Sangathan Dump,,,,,,,,,
Nalanda,Nawada,39. Nawada,237. Nawada,Nawada,,Nawada_15,Backward Class (Mahila),,,Santosh Kumar Sah,7004383729.0,EBC,Teli,46.0,"Santosh Kumar Sah | 46 | EBC | Teli

-Owns shopping complex in Nawada 
- Wholesale Santosh Hardware Shop in Kadirganj
-Influence over local market voters",DSC Member,Sangathan,,,,,,,,,
Nalanda,Nawada,39. Nawada,237. Nawada,Nawada,,Nawada_15,Backward Class (Mahila),,,,,,,,,,,,,,,,,,,
Nalanda,Nawada,39. Nawada,237. Nawada,Nawada,,Nawada_15,Backward Class (Mahila),,,,,,,,,,,,,,,,,,,
Nalanda,Nalanda,29. Nalanda,175. Hilsa,Parbalpur,,Parbalpur_16,Unreserved (Other),Tanuja Kumari,Narotam Kumar,,,,,,,,,,,,,,,,,
Nalanda,Nalanda,29. Nalanda,175. Hilsa,Parbalpur,,Parbalpur_16,Unreserved (Other),Tanuja Kumari,Narotam Kumar,,,,,,,,,,,,,,,,,
Nalanda,Nalanda,29. Nalanda,175. Hilsa,Parbalpur,,Parbalpur_16,Unreserved (Other),Tanuja Kumari,Narotam Kumar,Khusdil Kumar,9931351464.0,General ,Bhumihar,38.0,"-He has been running a coaching institute for the past 20 years, with approximately 1,000 students enrolled from Classes 7th to 12th.",,Onboarded,"Name given by Rajeev Ranjan sharma (Kisan prakosth Adhyaksh , Nalanda)",,,,,,,,
Nalanda,Nalanda,29. Nalanda,175. Hilsa,Parbalpur,,Parbalpur_16,Unreserved (Other),Tanuja Kumari,Narotam Kumar,Ranjeet Prasaad,9631333313.0,OBC,Yadav,43.0,"ZP Runner Up 2021, Received 5500 votes 
ZP Runner Up 2016, Received 3000 Votes
Construction Business 
B.Tech. and LLB",,"""Sangathan Dump, Runnerup ZP""",Active hai Jansuraaj ke banner tale ldenge bhi.,,,,,,,,
Nalanda,Nalanda,29. Nalanda,175. Hilsa,Parbalpur,,Parbalpur_16,Unreserved (Other),Tanuja Kumari,Narotam Kumar,,,,,,,,,,,,,,,,,
Nalanda,Nawada,39. Nawada,239. Warsaliganj,Warisaliganj,,Warisaliganj_16,Unreserved (Other),,,Sujeet Kumar,7004926134.0,General ,Bhumihar,51.0,"- Senior Journalist for Dainik Bhaskar in Warsaliganj
- Political family, his father and grandfather were Mukhiya 
- Wife ZP contestant (2011) 5200 votes 
-His father Ratnakar ji is a renowned writer of hindi magahi literature who contested ( 2001) ZP election and got 8500 votes.
-Famous for his media activism on local issues among other blocks of district.",,Sangathan Dump,,,,,,,,,
Nalanda,Nawada,39. Nawada,239. Warsaliganj,Warisaliganj,,Warisaliganj_16,Unreserved (Other),,,Aman Anand,8539022790/9771532908,,,,"
-Kumar Anand was a ZP Contestant in 2016, 2011, and 2006.
- Kumar Anand is Kisaan Prokost incharge of LJPR (2021-2023)",,,,,,,,,,,
Nalanda,Nawada,39. Nawada,239. Warsaliganj,Warisaliganj,,Warisaliganj_16,Unreserved (Other),,,,,,,,,,,,,,,,,,,
Nalanda,Nawada,39. Nawada,239. Warsaliganj,Warisaliganj,,Warisaliganj_16,Unreserved (Other),,,,,,,,,,,,,,,,,,,
Nalanda,Nawada,39. Nawada,239. Warsaliganj,Warisaliganj,,Warisaliganj_16,Unreserved (Other),,,,,,,,,,,,,,,,,,,
Nalanda,Nalanda,29. Nalanda,175. Hilsa,Tharthari,,Tharthari_17,Unreserved (Other),Tanuja Kumari,Narotam Kumar,Arun Singh,7319628742.0,General,Rajput,63.0,"BDC runner up, 2021
Former Bank Manager at Central Bank of India,2012-2023",,New Name (Recommendation),Name given by Sanjiv singh (Mahamantri),,,,,,,,
Nalanda,Nalanda,29. Nalanda,175. Hilsa,Tharthari,,Tharthari_17,Unreserved (Other),Tanuja Kumari,Narotam Kumar,Krishandev Yadav,8409883274.0,OBC,Yadav,37.0,"- Former Sarpanch, 2016
- Former defacto Mukhiya, 2011
- ZP defacto runner up,2006
- His father contested Mukhiya election in 2000
- Sarpanch runner up, 2021
- His father retired as a Subedar Major from the Indian Army in 1988. His wife is an Inspector in the Bihar Police and has been posted in Muzaffarpur since joining the service in 2020.
 He is engaged in the real estate business as a property dealer and has previously served as a member of Lok Janshakti Party (LJP).",,New Name (Recommendation),Name given by Sanjiv singh (Mahamantri),,,,,,,,
Nalanda,Nalanda,29. Nalanda,175. Hilsa,Tharthari,,Tharthari_17,Unreserved (Other),Tanuja Kumari,Narotam Kumar,Chandra Bhushan Paswan,6205504583.0,SC,Dushad,58.0,"- ZP Contested, 2021 and got 2200 votes
- LOJPA SC Prakosth Prakhand Adhyaksh
- Engaged in multiple entrepreneurial ventures, including fisheries, garment retail, and agriculture. Actively involved in business and farming activities.",,,,,,,,,,,
Nalanda,Nalanda,29. Nalanda,175. Hilsa,Tharthari,,Tharthari_17,Unreserved (Other),Tanuja Kumari,Narotam Kumar,,,,,,,,,,,,,,,,,
Nalanda,Nalanda,29. Nalanda,175. Hilsa,Tharthari,,Tharthari_17,Unreserved (Other),Tanuja Kumari,Narotam Kumar,,,,,,,,,,,,,,,,,
Nalanda,Nawada,39. Nawada,239. Warsaliganj,Warisaliganj,,Warisaliganj_17,Unreserved (Other),,,Subodh Singh,9162905867.0,General ,Bhumihar,40.0,"- Sarpanch  Sangh Adhysksha Prakhand (2021)
- Incumbent Sarpanch-(2021) 
-Farmer and Social worker",,Chunav Prabandhan Samiti,,,,,,,,,
Nalanda,Nawada,39. Nawada,239. Warsaliganj,Warisaliganj,,Warisaliganj_17,Unreserved (Other),,,Kanchan Kumari/Shankar Kumar,8210512181.0,General ,Bhumihar,38.0,"Defacto ZP Runner Up Runner Up 2021, Received 4800 votes 
ZP Runner Up 2016, Received 4000 Votes 
He is a advocate in Nawada Dist Court",,Onboarded,He is advocate in Nawada Civil Court So he is not active on ground and waiting for roster ,,,,,,,,
Nalanda,Nawada,39. Nawada,239. Warsaliganj,Warisaliganj,,Warisaliganj_17,Unreserved (Other),,,,,,,,,,,,,,,,,,,
Nalanda,Nawada,39. Nawada,239. Warsaliganj,Warisaliganj,,Warisaliganj_17,Unreserved (Other),,,,,,,,,,,,,,,,,,,
Nalanda,Nawada,39. Nawada,239. Warsaliganj,Warisaliganj,,Warisaliganj_17,Unreserved (Other),,,,,,,,,,,,,,,,,,,
Nalanda,Nalanda,29. Nalanda,177. Harnaut,Chandi,,Chandi_18,Unreserved (Mahila),Tanuja Kumari,Narotam Kumar,Vishuddha Nand Pandey,8581993239.0,General ,Brahmin,69.0,"Vishuddha Nand Pandey | Male | 69| Gen | Brahmin
- Incumbent Sarpanch 2021
- Former Sarpanch 2016 
- Former INC Prakhand Adhyaksh 2000-2024
- Professor 
- Principal of Tara College (2010-2017)
",,"""Onboarded, Sangathan Dump""",Seat coniferm hogi party adesh dega to ldenge inka kahna hai.,,,,,,,,
Nalanda,Nalanda,29. Nalanda,177. Harnaut,Chandi,,Chandi_18,Unreserved (Mahila),Tanuja Kumari,Narotam Kumar,Rubi Devi/ Vikash Kr Chandravansi,9939655390.0,SC,Kahar,38.0,"ZP Runner Up 2021, Received 3700 votes 
Chandravansi Samaj Prakhand Adhyaksh 
Construction Businss and Shop ",,Onboarded,Majbooti ke sath ladne ke liye ready hai.,,,,,,,,
Nalanda,Nalanda,29. Nalanda,177. Harnaut,Chandi,,Chandi_18,Unreserved (Mahila),Tanuja Kumari,Narotam Kumar,,,,,,,,,,,,,,,,,
Nalanda,Nalanda,29. Nalanda,177. Harnaut,Chandi,,Chandi_18,Unreserved (Mahila),Tanuja Kumari,Narotam Kumar,,,,,,,,,,,,,,,,,
Nalanda,Nalanda,29. Nalanda,177. Harnaut,Chandi,,Chandi_18,Unreserved (Mahila),Tanuja Kumari,Narotam Kumar,,,,,,,,,,,,,,,,,
Nalanda,Nawada,39. Nawada,239. Warsaliganj,Kashichak,,Kashichak_18,Unreserved (Mahila),,,Ranju Kumari/ Rajeev Kumar,9939489547.0,General ,Bhumihar,41.0,"ZP Runner Up 2021, Received 4800 votes, Secured 3rd position",,Onboarded,,,,,,,,,
Nalanda,Nawada,39. Nawada,239. Warsaliganj,Kashichak,,Kashichak_18,Unreserved (Mahila),,,Pankaj Singh,6200109811.0,,,,"- District President of Pramukh Sangh 2021-present.
- 2 times Pramukh in 2016-2021 & 2021- present.
- 3 times BDC in 2011, 2016 & 2021.",,Vidhan Sabha prabhari,,,,,,,,,
Nalanda,Nawada,39. Nawada,239. Warsaliganj,Kashichak,,Kashichak_18,Unreserved (Mahila),,,Mukesh Kumar Bablu,9801400225.0,,,,"- District-in-charge in Bharat Swabhiman NGO (runs by Patanjali)
- Participated in ANNA Andolan & Ramdev Andolan 
- Defacto 3 times PACS Chairman (2014-present)
- Mukhiya Contestant in 2021",किसान प्रकोष्ठ अध्यक्ष,Sangathan,,,,,,,,,
Nalanda,Nawada,39. Nawada,239. Warsaliganj,Kashichak,,Kashichak_18,Unreserved (Mahila),,,Santosh Kumar,9973103929.0,EBC ,Chandravansi ,,"- Former Zila Adhyaksh in HAM (2016-2019)
 -Co-founder of Ati Pichhda Buddhijivi Manch
 - 3 times ZP contestant (Continuously fighting against Satish Singh (INC Distt. President)
 - Advocate in Distt. Court Nawada.
- Runs a Hamara Parivar Jan Kalyan Sanstha ",Block Prabhari,Sangathan,"Hmara Parivar jan kalyan Sanstha 
( education , judisiory , 15 memberr of Lawyer committe ( 1000 got benifit )  ",,,,,,,,
Nalanda,Nawada,39. Nawada,239. Warsaliganj,Kashichak,,Kashichak_18,Unreserved (Mahila),,,,,,,,,,,,,,,,,,,
Nalanda,Nalanda,29. Nalanda,177. Harnaut,Chandi,,Chandi_19,Backward Class (Others),Tanuja Kumari,Narotam Kumar,Naresh Paswan,9576905317.0,SC,Dushad,45.0," -Incumbent De-facto Block Pramukh ,2021
- Incumbent De facto BDC , 2021
- PDS Dealer since 2011
- Former PACs Adhyaksh, 2009
- Former De facto Mukhiya , 2006
- Bhim Army pradesh Mahasachiv 2017-2023
- RJD SC prakosth Zila Adhyaksh , 2023-2024
- JSP SC Prakosth zila Adhyaksh , 2024- 2025",Vidhan Sabha Sanyojak,Sangathan,,,,,,,,,
Nalanda,Nalanda,29. Nalanda,177. Harnaut,Chandi,,Chandi_19,Backward Class (Others),Tanuja Kumari,Narotam Kumar,Rajesh Kumar,9798199319.0,OBC,Beldar,34.0,"ZP Runner Up 2021, Vote Received 2865
Govt Teacher",,"""Onboarded , Sangathan Dump""",Jansuraaj ke party se ladne ke liye ready hai.,,,,,,,,
Nalanda,Nalanda,29. Nalanda,177. Harnaut,Chandi,,Chandi_19,Backward Class (Others),Tanuja Kumari,Narotam Kumar,निरंजन कुमार,8210482168.0,EBC,Malakar,47.0,"- Former 2 terms ZP ,2016- Presen
- RJD OBC Prakosh zila Adhyaksh , 2023-2024",,Incumbent ZP,,,,,,,,,
Nalanda,Nalanda,29. Nalanda,177. Harnaut,Chandi,,Chandi_19,Backward Class (Others),Tanuja Kumari,Narotam Kumar,,,,,,,,,,,,,,,,,
Nalanda,Nalanda,29. Nalanda,177. Harnaut,Chandi,,Chandi_19,Backward Class (Others),Tanuja Kumari,Narotam Kumar,,,,,,,,,,,,,,,,,
Nalanda,Nawada,39. Nawada,238. Gobindpur,Roh,,Roh_19,Backward Class (Others),,,Dr. Ravindra Prasad Singh,9821941748.0,,,,"""- Aisf student wing 1990
- Father was former BDC from Gobindpur and Father in law was prominent CPI leader in area.
- IDBI band retired as DGM retired in 2021
- Book writer of Anmarkant or unki kahaniyan
- Hindi literature 
- Did M.Phil PHd from JNU""",बुद्धिजीवी प्रकोष्ठ अध्यक्ष,Sangathan,,,,,,,,,
Nalanda,Nawada,39. Nawada,238. Gobindpur,Roh,,Roh_19,Backward Class (Others),,,Rajesh Kumar,6201956611.0,OBC,Yadav,32.0,"
2021- Incumbent Mukhiya Defecto won by 208 Vote.",,,,,,,,,,,
Nalanda,Nawada,39. Nawada,238. Gobindpur,Roh,,Roh_19,Backward Class (Others),,,,,,,,,,,,,,,,,,,
Nalanda,Nawada,39. Nawada,238. Gobindpur,Roh,,Roh_19,Backward Class (Others),,,,,,,,,,,,,,,,,,,
Nalanda,Nawada,39. Nawada,238. Gobindpur,Roh,,Roh_19,Backward Class (Others),,,,,,,,,,,,,,,,,,,
Nalanda,Nalanda,29. Nalanda,177. Harnaut,Harnaut,,Harnaut_20,SC (Other),Tanuja Kumari,Narotam Kumar,Kamlesh Paswan,9931910262.0,SC,Paswan,59.0,"
-Incumbent 3 Consecutive Terms Zila Parishad(2011 to Till Date)
-Former Panchayat Samiti Sadasya(2001 to 2006)
-Jan Suraaj State Core Committee Member",नालंदा लोकसभा प्रभारी,Sangathan,,,,,,,,,
Nalanda,Nalanda,29. Nalanda,177. Harnaut,Harnaut,,Harnaut_20,SC (Other),Tanuja Kumari,Narotam Kumar,Narendra Singh,8405013221.0,General ,Rajput,55.0," Narendra Singh | Male | 55| Gen | Rajput

- RJD Pradhan Zila Mahasachiv 2005-2022
- ZP runner-up 2011 ( vote 6500)
- Former RJD blok Adhyaksh 200-2005",,Sangathan,Agar general seat hota hai to ldenge majbooti ke sath.,,,,,,,,
Nalanda,Nalanda,29. Nalanda,177. Harnaut,Harnaut,,Harnaut_20,SC (Other),Tanuja Kumari,Narotam Kumar,Kamlesh Yadav (Pintu),6204746687.0,OBC,Yadav,42.0,"- Incumbent Mukhiya, 2021
- Mukhiya runner up, 2016
- Engaged in an agriculture related business",,New Name (Recommendation),Name given by Er. Ashok Singh Harnaut,,,,,,,,
Nalanda,Nalanda,29. Nalanda,177. Harnaut,Harnaut,,Harnaut_20,SC (Other),Tanuja Kumari,Narotam Kumar,,,,,,,,,,,,,,,,,
Nalanda,Nalanda,29. Nalanda,177. Harnaut,Harnaut,,Harnaut_20,SC (Other),Tanuja Kumari,Narotam Kumar,,,,,,,,,,,,,,,,,
Nalanda,Nawada,39. Nawada,238. Gobindpur,Roh,,Roh_20,Unreserved (Mahila),,,Satyendra Paswan,9931485216.0,SC ,Dushad ,42.0,"Defacto BDC (2016, 2021), Roh Police station - Executive Assistant
",Sangathan Zila Sachiv,Sangathan,,,,,,,,,
Nalanda,Nawada,39. Nawada,238. Gobindpur,Roh,,Roh_20,Unreserved (Mahila),,,Rahul Kumar,6206864511.0,General,Bhumihar,26.0,"PACS Contested Runner Up (2024) , His father was three term consecutive PACS chairman (2009, 2014, 2019)",,,,,,,,,,,
Nalanda,Nawada,39. Nawada,238. Gobindpur,Roh,,Roh_20,Unreserved (Mahila),,,Suman Kumar,9955116688.0,General ,Bhumihar,32.0,"
-Former Defacto(Mother) ZP Member , Contestant , Roh East, 2021, Got 3400 Votes
-Associated With RSS as a Prachar Parmukh
-Working As a Area Manager at Galaxo Smith, Nawada
-Social Worker 
",,,,,,,,,,,
Nalanda,Nawada,39. Nawada,238. Gobindpur,Roh,,Roh_20,Unreserved (Mahila),,,,,,,,,,,,,,,,,,,
Nalanda,Nawada,39. Nawada,238. Gobindpur,Roh,,Roh_20,Unreserved (Mahila),,,,,,,,,ACC,ACC,,,,,,,,,
Nalanda,Nalanda,29. Nalanda,177. Harnaut,Harnaut,,Harnaut_21,Backward Class (Mahila),Tanuja Kumari,Narotam Kumar,Babita Devi/Jitendra  Kumar alias Laddu Kr,6207571171.0,EBC,Dhanuk,42.0,"ZP Runner Up, Recieved 4400 votes, lost by 2200 (3rd Position, )
Occupation: Thekedari",,Onboarded,Party se kisi bade leader se baat hogi to party ke taraf se ldenge.,,,,,,,,
Nalanda,Nalanda,29. Nalanda,177. Harnaut,Harnaut,,Harnaut_21,Backward Class (Mahila),Tanuja Kumari,Narotam Kumar,चन्द्र उदय कुमार,916205018485.0,OBC,Kurmi,58.0,"Chandra Uday Kumar | 58 | Male | OBC | Kurmi
Independent MLA Candidate — Contested Continuously (2010-20)
10 Years of Electoral Experience
Strong Independent Political Identity
Profession — Journalism & Agriculture
Established Kurmi Community Connect ",,"""Sangathan, ACC""",Party se bola jayega to ldenge.,,,,,,,,
Nalanda,Nalanda,29. Nalanda,177. Harnaut,Harnaut,,Harnaut_21,Backward Class (Mahila),Tanuja Kumari,Narotam Kumar,,,,,,,,,,,,,,,,,
Nalanda,Nalanda,29. Nalanda,177. Harnaut,Harnaut,,Harnaut_21,Backward Class (Mahila),Tanuja Kumari,Narotam Kumar,,,,,,,,,,,,,,,,,
Nalanda,Nalanda,29. Nalanda,177. Harnaut,Harnaut,,Harnaut_21,Backward Class (Mahila),Tanuja Kumari,Narotam Kumar,,,,,,,,,,,,,,,,,
Nalanda,Nawada,39. Nawada,238. Gobindpur,Gobindpur,,Gobindpur_21,SC (Mahila),,,Triveni Singh,7324877467.0,General ,Bhumihar,56.0,"- Incumbent Sarpanch (2021)
- 4 Times Sarpanch (2006, 2011, 2016, 2021)
- Sarpanch Zila Adhakshay (2021)
- Land Lord ( 200 Bigha )",Zila Adhyaksh ,Sangathan,,,,,,,,,
Nalanda,Nawada,39. Nawada,238. Gobindpur,Gobindpur,,Gobindpur_21,SC (Mahila),,,Rahul Kumar,8340456427.0,EBC,Dhanuk ,32.0,"Rahul Kumar | Male | 32 | EBC | Dhanuk | Teacher

-Former Student Council Member  of IIPS College Mumbai 2022 To 2023
-Contested the Patna University Councellor Election, 2012 and secured 2nd Position
-Former Research Assocaite TISS Mumbai
-Presented Various Research Papers on Population Health and Development
-Conduct Various Workshop related to research and Provide Online Teaching to UPSC Aspirants
-P.Hd -Population Studies",ACC,ACC,,,,,,,,,
Nalanda,Nawada,39. Nawada,238. Gobindpur,Gobindpur,,Gobindpur_21,SC (Mahila),,,"Anandi yadav 
",9934802411.0,OBC ,Yadav ,50.0,"-Two times Mukhiya Runner Up
- Jan suraaj Member ",,Sangathan,,,,,,,,,
Nalanda,Nawada,39. Nawada,238. Gobindpur,Gobindpur,,Gobindpur_21,SC (Mahila),,,,,,,,,,,,,,,,,,,
Nalanda,Nawada,39. Nawada,238. Gobindpur,Gobindpur,,Gobindpur_21,SC (Mahila),,,,,,,,,,,,,,,,,,,
Nalanda,Nalanda,29. Nalanda,172. Biharsharif,Rahui,,Rahui_22,SC (Mahila),Tanuja Kumari,Narotam Kumar,Priyanka Kumari/Ajay kumar,8969012923.0,SC,Dusadh,35.0,"""Priyanka kumari| 35 | SC- Dusadh|| incumbent mukhiya from Barandi Panchayat   
2016- contested and received 1532and  lost by 272 votes 
2021-  she got 2766 votes and won by a margin of  1280 votes .""",BSC Member,Sangathan,Chunav ladne ke liye active hai.,,,,,,,,
Nalanda,Nalanda,29. Nalanda,172. Biharsharif,Rahui,,Rahui_22,SC (Mahila),Tanuja Kumari,Narotam Kumar,Ashok Paswan,7250979546.0,SC,Dusadh,55.0,"""Ashok Paswan -55 incumbent mukhiya from Sonsa panchayat.


Two time ward sadsya from ward number 4 (2006 and 2011)

2016- contested mukhiya and lost by 154 votes (received 511)

2021 - contested again and won by 148 votes , received a total of  1195 votes.""",BSC Member,Sangathan Dump,Party help karegi to ldenge.,,,,,,,,
Nalanda,Nalanda,29. Nalanda,172. Biharsharif,Rahui,,Rahui_22,SC (Mahila),Tanuja Kumari,Narotam Kumar,Vineeta Devi/Manoj Kumar,8210983134.0,SC,Dusadh,45.0,"-First ZP Runner-up in 2021 Secured 4682 votes
-Former BDC in 2001
-Highly active for jansuraj
-Good Influence in SC Community in Rahui Block 
-Businessman Property Dealer",,Onboarded,Active hai fir chunav ka tayari kar rhi hai.,,,,,,,,
Nalanda,Nalanda,29. Nalanda,172. Biharsharif,Rahui,,Rahui_22,SC (Mahila),Tanuja Kumari,Narotam Kumar,,,,,,,,,,,,,,,,,
Nalanda,Nalanda,29. Nalanda,172. Biharsharif,Rahui,,Rahui_22,SC (Mahila),Tanuja Kumari,Narotam Kumar,,,,,,,,,,,,,,,,,
Nalanda,Nawada,39. Nawada,239. Warsaliganj,Pakri Barawan,,Pakri Barawan_22,Unreserved (Mahila),,,Damodar Paswan,7070299652.0,SC,Dushad ,57.0,"Damodar Paswan | 57 | Male | SC | Dusadh

- Incumbent Sarpanch 2016,2021
- Prakhand Sarpanch Sangh President (2021-present)
- Former CPIML Worker",Sangathan Zila Upadhyaksh,Sangathan,,,,,,,,,
Nalanda,Nawada,39. Nawada,239. Warsaliganj,Pakri Barawan,,Pakri Barawan_22,Unreserved (Mahila),,,Razi Ahmad Khan,9204873259.0,Minority ,Muslim,52.0,"Razi Ahmad Khan | 52 | Male | Minority | Muslim

- JDU Yuva Zila Upadhyaksh 2020-2021.
- 20 Sutri District Member 2017-2021.
- JDU Minority Block President 2014-2021.
- State Football Played.
- District Football Champion 1984.
- Director & Coach - Munna Reliance Football Club.
-Organising Secretary of Football Club.",Zila Upadhyaksh,Sangathan,,,,,,,,,
Nalanda,Nawada,39. Nawada,239. Warsaliganj,Pakri Barawan,,Pakri Barawan_22,Unreserved (Mahila),,,,,,,,,,,,,,,,,,,
Nalanda,Nawada,39. Nawada,239. Warsaliganj,Pakri Barawan,,Pakri Barawan_22,Unreserved (Mahila),,,,,,,,,,,,,,,,,,,
Nalanda,Nawada,39. Nawada,239. Warsaliganj,Pakri Barawan,,Pakri Barawan_22,Unreserved (Mahila),,,,,,,,,,,,,,,,,,,
Nalanda,Nalanda,29. Nalanda,172. Biharsharif,Rahui,,Rahui_23,Unreserved (Mahila),Tanuja Kumari,Narotam Kumar,Prabha Devi/Shashikant Kumar,8210091671.0,OBC,Kurmi,33.0,"Defacto ZP Runner Up 2021, Received 5100 votes, lost by 1900
",,"""Onboarded , Sangathan Dump""",Majbooti ke sath ldenge.,,,,,,,,
Nalanda,Nalanda,29. Nalanda,172. Biharsharif,Rahui,,Rahui_23,Unreserved (Mahila),Tanuja Kumari,Narotam Kumar,कृति देवी,7903228254.0,OBC,Kurmi,60.0,"Vinod Kumar | 60 | Male | OBC | Kurmi

- Incumbent De facto ZP 2021 till date
- ⁠Defacto Mukhiya 2021 - till Date
- ⁠JDU General Secretary District 2015-22
- ⁠JDU Block President 2010-15
- ⁠Former Mukhiya in 2006
- Mukhiya Runner-up in 2016, lost by 80 votes
- Zp runner-up in 2016.",,"Incumbent ZP, ACC",,,,,,,,,
Nalanda,Nalanda,29. Nalanda,172. Biharsharif,Rahui,,Rahui_23,Unreserved (Mahila),Tanuja Kumari,Narotam Kumar,Mohan Pandey,7481930919.0,General,Brahmin,64.0,"Mohan Pandey | 64 | Gen. | Brahmin

""-Retd. Acting Head clerk 
-BA LLB from Magadh University
-36 year experience in various roles in the police administration department.""",कोषाध्यक्ष सह कार्यालय प्रभारी,Sangathan,,,,,,,,,
Nalanda,Nalanda,29. Nalanda,172. Biharsharif,Rahui,,Rahui_23,Unreserved (Mahila),Tanuja Kumari,Narotam Kumar,,,,,,,,,,,,,,,,,
Nalanda,Nalanda,29. Nalanda,172. Biharsharif,Rahui,,Rahui_23,Unreserved (Mahila),Tanuja Kumari,Narotam Kumar,,,,,,,,,,,,,,,,,
Nalanda,Nawada,39. Nawada,239. Warsaliganj,Pakri Barawan,,Pakri Barawan_23,Unreserved (Mahila),,,Neeraj Kumar,9717525491.0,,,,,युवा प्रकोष्ठ अध्यक्ष,Sangathan,,,,,,,,,
Nalanda,Nawada,39. Nawada,239. Warsaliganj,Pakri Barawan,,Pakri Barawan_23,Unreserved (Mahila),,,Anil kumar,9931839816.0,OBC,Yadav,50.0,"Poonam Sinha | Male | 47 l OBC l Kurmi
-Incumbent ZP (2021)
- Former Mukhiya (2016)
Former JDU District Updhayaksh(2018-2021)
- Businessman - Graduate and Active in Politics",,,,,,,,,,,
Nalanda,Nawada,39. Nawada,239. Warsaliganj,Pakri Barawan,,Pakri Barawan_23,Unreserved (Mahila),,,,,,,,,,,,,,,,,,,
Nalanda,Nawada,39. Nawada,239. Warsaliganj,Pakri Barawan,,Pakri Barawan_23,Unreserved (Mahila),,,,,,,,,,,,,,,,,,,
Nalanda,Nawada,39. Nawada,239. Warsaliganj,Pakri Barawan,,Pakri Barawan_23,Unreserved (Mahila),,,,,,,,,,,,,,,,,,,
Nalanda,Nalanda,29. Nalanda,171. Asthawan,Bind,,Bind_24,Unreserved (Other),Tanuja Kumari,Narotam Kumar,Chandrachur Diwakar,"8863891566
9525681178",OBC,Kurmi,42.0,"-ZP Runner Up 2021 and 2016
Received 2900 Votes in 2016 and 6700 votes in 2021
-Ex-JDU  JIla Mahasachiv, Nalanda
Kishan Pradesh Sachiv JDU (Kishan Prakoshth)
Helped Lata Singh, Jansuraj Candidate in AE",DSC member,"""Onboarded, Sangathan""",Chunav ka puri tayari kar rhe hai majbooti se.,,,,,,,,
Nalanda,Nalanda,29. Nalanda,171. Asthawan,Bind,,Bind_24,Unreserved (Other),Tanuja Kumari,Narotam Kumar,Arvind Yadav,7217683310.0,OBC,Yadav,46.0,"-ZP Runner Up 2021 Received vote 4950 (3rd place)
-Brother of former Mukhiya Champion Yadav
Have Godam near Palam Airport, New Delhi",,Sangathan Dump,Abhi delhi me hai lakin seat coniferm hone par ldenge.,,,,,,,,
Nalanda,Nalanda,29. Nalanda,171. Asthawan,Bind,,Bind_24,Unreserved (Other),Tanuja Kumari,Narotam Kumar,Adv. Prashant Kumar Singh,7903301019.0,OBC,Kushwaha,46.0,"""Adv. Prashant Kumar Singh | Male | 46 | OBC | Kushwaha 

 Former 2 terms Incumbent Sarpanch (20011, 2016).
Former 2 term Defacto Sarpanch (2001, 2006)
-PhD in History from Magadh University.
-Runs Shravan Kumar Memorial Shishu Hospital in Bihar Sharif
-Comes from a wealthy landowning family, suggesting social influence and a strong regional presence.""",DSC Member,Sangathan Dump,Ladne ke liye ready hai.,,,,,,,,
Nalanda,Nalanda,29. Nalanda,171. Asthawan,Bind,,Bind_24,Unreserved (Other),Tanuja Kumari,Narotam Kumar,,,,,,,,,,,,,,,,,
Nalanda,Nalanda,29. Nalanda,171. Asthawan,Bind,,Bind_24,Unreserved (Other),Tanuja Kumari,Narotam Kumar,,,,,,,,,,,,,,,,,
Nalanda,Nalanda,29. Nalanda,171. Asthawan,Sarmera,,Sarmera_25,Unreserved (Other),Tanuja Kumari,Narotam Kumar,Satish Prasad,8271268199.0,OBC,Yadav,55.0,"Satish Prasad | 55 | OBC| Yadav 

- Father former Mukhiya 
- Yadav Caste leader in block 
- Social worker 
- Medicince Business ",BSC Member,Sangathan Dump,Seat coniferm hone par sochenge.,,,,,,,,
Nalanda,Nalanda,29. Nalanda,171. Asthawan,Sarmera,,Sarmera_25,Unreserved (Other),Tanuja Kumari,Narotam Kumar,Pankaj kumar singh,9065600818.0,General ,Bhumihar,47.0,"- Contested 2 terms ZP election, 2016 & 2021
- Businessman",,ZP Contestant,,,,,,,,,
Nalanda,Nalanda,29. Nalanda,171. Asthawan,Sarmera,,Sarmera_25,Unreserved (Other),Tanuja Kumari,Narotam Kumar,"Sangeeta Devi
Bahadur Singh",7070983633.0,OBC,Kurmi,55.0,"- Former ZP, 2006
- Former ZP Chairman, 2006
- Her husband (Indrajit Prasad Urf Bahadur Singh) was former ZP, 2000
- ZP runner up, 2011",,New Name (Recommendation),Name given by Shashi kant sinha,,,,,,,,
Nalanda,Nalanda,29. Nalanda,171. Asthawan,Sarmera,,Sarmera_25,Unreserved (Other),Tanuja Kumari,Narotam Kumar,,,,,,,,,,,,,,,,,
Nalanda,Nalanda,29. Nalanda,171. Asthawan,Sarmera,,Sarmera_25,Unreserved (Other),Tanuja Kumari,Narotam Kumar,,,,,,,,,,,,,,,,,
Nalanda,Nalanda,29. Nalanda,171. Asthawan,Sarmera,,Sarmera_26,Unreserved (Other),Tanuja Kumari,Narotam Kumar,अशोक कुमार सिंह,9386020877.0,General ,Bhumihar,63.0,"- Incumbent ZP , 2021
- Incumbent PACs Adhyaksh from 2009 - till date
Former 2 terms Mukhiya, 2011 & 2016
- 2 terms Mukhiya runner up, 2000 & 2006",,Incumbent ZP,,,,,,,,,
Nalanda,Nalanda,29. Nalanda,171. Asthawan,Sarmera,,Sarmera_26,Unreserved (Other),Tanuja Kumari,Narotam Kumar,Sudhanshu Ranjan ,9304613166.0,EBC,Dhanuk,34.0,"- Contested ZP election, 2021 and got 2567 votes
- He is actively engaged in the contracting and infrastructure sector in Gorkhpur.",,Runnerup ZP,,,,,,,,,
Nalanda,Nalanda,29. Nalanda,171. Asthawan,Sarmera,,Sarmera_26,Unreserved (Other),Tanuja Kumari,Narotam Kumar,,,,,,,,,,,,,,,,,
Nalanda,Nalanda,29. Nalanda,171. Asthawan,Sarmera,,Sarmera_26,Unreserved (Other),Tanuja Kumari,Narotam Kumar,,,,,,,,,,,,,,,,,
Nalanda,Nalanda,29. Nalanda,171. Asthawan,Sarmera,,Sarmera_26,Unreserved (Other),Tanuja Kumari,Narotam Kumar,,,,,,,,,,,,,,,,,
Nalanda,Nalanda,29. Nalanda,171. Asthawan,Asthawan,,Asthawan_27,Unreserved (Other),Tanuja Kumari,Narotam Kumar,Anirudh Kumar,9113392070.0,OBC,Kurmi,50.0,"- Former 2 terms ZP , 2006 & 2016
- Former De facto Zila parisad member in 2000
- 2 terms ZP runner up, 2021 & 2011",,Runnerup ZP,Name given by shashi kant,,,,,,,,
Nalanda,Nalanda,29. Nalanda,171. Asthawan,Asthawan,,Asthawan_27,Unreserved (Other),Tanuja Kumari,Narotam Kumar,Bhola kumar Yadav,7061342847.0,OBC,Yadav,48.0,"Bhola Kumar Yadav | 48 | Male | OBC | Yadav
Active Jan Suraaj Leader
20+ Years of PACS Leadership Experience
Former RJD Leader — Block to District Level
Strong Political Legacy — Father Was Mukhiya (2001-06)
Family Political Legacy — Elder Brother Was Mukhiya (2011-16)
Deep-Rooted Panchayat & PACS Network
Strong Grassroots Political Influence",,Chunav Prabandhan Samiti,Active hai zp ladne ke liye ready hai.,,,,,,,,
Nalanda,Nalanda,29. Nalanda,171. Asthawan,Asthawan,,Asthawan_27,Unreserved (Other),Tanuja Kumari,Narotam Kumar,,,,,,,,,,,,,,,,,
Nalanda,Nalanda,29. Nalanda,171. Asthawan,Asthawan,,Asthawan_27,Unreserved (Other),Tanuja Kumari,Narotam Kumar,,,,,,,,,,,,,,,,,
Nalanda,Nalanda,29. Nalanda,171. Asthawan,Asthawan,,Asthawan_27,Unreserved (Other),Tanuja Kumari,Narotam Kumar,,,,,,,,,,,,,,,,,
Nalanda,Nalanda,29. Nalanda,171. Asthawan,Asthawan,,Asthawan_28,SC (Other),Tanuja Kumari,Narotam Kumar,Sudhir kumar Pandey,7903315471.0,General ,Brahmin,48.0,"""Sudhir Kumar Pandey | 48 | Gen. | Brahmin | Male

-Former 2 term mukhiya 2006-11 & 2011-21
-Runner-up in 2021
-NCP Pardesh Mahasachiv 2002-4
INC zila sanyojak 2008-24
-Ex MLA Contest """,,Sangathan,Agar general seat hoga to ldenge.,,,,,,,,
Nalanda,Nalanda,29. Nalanda,171. Asthawan,Asthawan,,Asthawan_28,SC (Other),Tanuja Kumari,Narotam Kumar,Ajay Kumar,8709728527.0,OBC,Kurmi,52.0,"Ajay Kumar|52|OBC|Kurmi| Male|

-Incumbent sarpanch 2016-till date
-Sarpanch runner-up in 2011
-JDU Block Vice President 2015-18
-Businessman",,Sangathan Dump,Party help karegi to ldenge.,,,,,,,,
Nalanda,Nalanda,29. Nalanda,171. Asthawan,Asthawan,,Asthawan_28,SC (Other),Tanuja Kumari,Narotam Kumar,Surendra Prasad,9431687442.0,OBC,Yadav,48.0,"Surendra Prasad | 48 | Yadav | Incumbent Mukhiya (Two Times Mukhiya in 2011 and 2021)  | in 2021-2022  Mukhiya Sangh Prakhand Adhyaksh |

Surendra Prasad is the current Mukhiya of Onda Panchayat. He belongs to the Yadav community and has been actively serving in local governance for a long time. From 2001 to 2021, he contested the Mukhiya elections, winning his first term in 2011 and then securing another victory in 2021. From 2021 to 2022, Surendra Prasad also served as the Block President of the Mukhiya Association. His dedication and commitment to his community have made him a respected and popular leader in his region.",Zila Upadhyaksh,Sangathan,,,,,,,,,
Nalanda,Nalanda,29. Nalanda,171. Asthawan,Asthawan,,Asthawan_28,SC (Other),Tanuja Kumari,Narotam Kumar,,,,,,,,,,,,,,,,,
Nalanda,Nalanda,29. Nalanda,171. Asthawan,Asthawan,,Asthawan_28,SC (Other),Tanuja Kumari,Narotam Kumar,,,,,,,,,,,,,,,,,
Nalanda,Nalanda,29. Nalanda,171. Asthawan,Asthawan,,Asthawan_29,Unreserved (Other),Tanuja Kumari,Narotam Kumar,,,,,,,,,,,,,,,,,
Nalanda,Nalanda,29. Nalanda,171. Asthawan,Asthawan,,Asthawan_29,Unreserved (Other),Tanuja Kumari,Narotam Kumar,Punam kumari,8252968502.0,SC,PASWAN,44.0,"""Poonam Kumari | 44 | Paswan | SC| Female

-Zila Parishad Candidate (2011, 2021),
--Mukhiya Candidate (2006),
- Gram Adhyaksh of the Jeevika Program
Socio-Political Involvement: 
-Poonam remains a respected figure in her community and serves as the Gram adhyaksh of the Jeevika Program.
-Poonam Kumari, an experienced leader from the Paswan community, has been actively engaged in politics.""",Ex. Prakhand Mahila Adhyaksh,"EMC, Sangathan",Name given by  zila Mahila Adhyaksh,,,,,,,,
Nalanda,Nalanda,29. Nalanda,171. Asthawan,Asthawan,,Asthawan_29,Unreserved (Other),Tanuja Kumari,Narotam Kumar,Mahesh Chaudhary,8677827658.0,SC,PASWAN,60.0,"""Mahesh Chaudhary|61|SC|Pasi
-Incumbent sarpanch 2016 till now
-Active in the SC community 
-Businessman person""",,Sangathan,Party help karegi to ldenge.,,,,,,,,
Nalanda,Nalanda,29. Nalanda,171. Asthawan,Asthawan,,Asthawan_29,Unreserved (Other),Tanuja Kumari,Narotam Kumar,,,,,,,,,,,,,,,,,
Nalanda,Nalanda,29. Nalanda,171. Asthawan,Asthawan,,Asthawan_29,Unreserved (Other),Tanuja Kumari,Narotam Kumar,,,,,,,,,,,,,,,,,
Nalanda,Nalanda,29. Nalanda,172. Biharsharif,Biharsharif,,Biharsharif_30,Unreserved (Mahila),Tanuja Kumari,Narotam Kumar,मंजू कुमारी / Sumant kumar Sinha,9470764805.0,OBC,Kurmi,48.0,"-ZP runner up 2021 (votes 6212)
- Former Defcto Mukhiya, 2016
- He is a businessman engaged in the brick kiln business and owns a harvester machine .
- BJP block president of Panchayati Raj cell.",,1st Runnerup,,,,,,,,,
Nalanda,Nalanda,29. Nalanda,172. Biharsharif,Biharsharif,,Biharsharif_30,Unreserved (Mahila),Tanuja Kumari,Narotam Kumar,Subod prasad,919310650061.0,OBC,Kurmi,48.0,"""Subod Prasad | 48 | Male | OBC | Kurmi
Strong Political Legacy — Father Was JDU District President
Family Political Network — Elder Brother Served 3 Times as Ward Member & Sarpanch
Active in Social & Community Activities
Strong Kurmi Community Connect
Established Grassroots & Family-Based Political Network""",,"""Sangathan, ACC""",Party help kregi to ldenge.,,,,,,,,
Nalanda,Nalanda,29. Nalanda,172. Biharsharif,Biharsharif,,Biharsharif_30,Unreserved (Mahila),Tanuja Kumari,Narotam Kumar,,,,,,,,,,,,,,,,,
Nalanda,Nalanda,29. Nalanda,172. Biharsharif,Biharsharif,,Biharsharif_30,Unreserved (Mahila),Tanuja Kumari,Narotam Kumar,,,,,,,,,,,,,,,,,
Nalanda,Nalanda,29. Nalanda,172. Biharsharif,Biharsharif,,Biharsharif_30,Unreserved (Mahila),Tanuja Kumari,Narotam Kumar,,,,,,,,,,,,,,,,,
Nalanda,Nalanda,29. Nalanda,172. Biharsharif,Biharsharif,,Biharsharif_31,SC (Other),Tanuja Kumari,Narotam Kumar,Sonu Kumar,9523849346.0,SC,Ravidash,33.0,"ZP Runneriup 3400, 
JDU SC Prakosth Nagar Adhyaksh
Land Broker",,Onboarded,Prashant ji se milna chahte hai .,,,,,,,,
Nalanda,Nalanda,29. Nalanda,172. Biharsharif,Biharsharif,,Biharsharif_31,SC (Other),Tanuja Kumari,Narotam Kumar,Lalan Raaj,7461966854.0,SC,Pasi,46.0,"-ZP Runnerup 2021- 3800 votes, , 
His mother is Ward Member of Ward 12
Runs shop of Construction material",,"""ZP Contestant, Runnerup ZP""",Chunav ki tayari kar rhe hai.,,,,,,,,
Nalanda,Nalanda,29. Nalanda,172. Biharsharif,Biharsharif,,Biharsharif_31,SC (Other),Tanuja Kumari,Narotam Kumar,,,,,,,,,,,,,,,,,
Nalanda,Nalanda,29. Nalanda,172. Biharsharif,Biharsharif,,Biharsharif_31,SC (Other),Tanuja Kumari,Narotam Kumar,,,,,,,,,,,,,,,,,
Nalanda,Nalanda,29. Nalanda,172. Biharsharif,Biharsharif,,Biharsharif_31,SC (Other),Tanuja Kumari,Narotam Kumar,,,,,,,,,,,,,,,,,
Nalanda,Nalanda,29. Nalanda,172. Biharsharif,Biharsharif,,Biharsharif_32,Unreserved (Other),Tanuja Kumari,Narotam Kumar,,,,,,,,,,,,,,,,,
Nalanda,Nalanda,29. Nalanda,172. Biharsharif,Biharsharif,,Biharsharif_32,Unreserved (Other),Tanuja Kumari,Narotam Kumar,Shiv Kumar Das,9430631856.0,SC,Ravidas,65.0,"Shiv Kumar Das | Male | 65 | SC | Ravidas | Mukhiya Contestant

-Former Mukhiya Contestant, 1996
-Former BJP member, 1984 To 2024
-Former BJP SC Cell Zila Upadhyaksh, 1995 To 2000
-Former BJP SC Cell Adhyaksh, 2000 To 2012
-Former BJP SC Cell Pradesh Karyakarini Sadasya, 2012 To 2024
",,ACC,"election ladne ke liye taiyar hain, sangathan ke sath mil kr party ka kam kr rhe hain",,,,,,,,
Nalanda,Nalanda,29. Nalanda,172. Biharsharif,Biharsharif,,Biharsharif_32,Unreserved (Other),Tanuja Kumari,Narotam Kumar,"अनीता देवी
Satnarayan Singh",8521825718.0,OBC,Yadav,54.0,"- Incumbent ZP,2021
- ZP runner up, 2016 , lost by 56 votes
- Former Mukhiya, 2011
- He is engaged in fish farming and also operates a labour supply business.",,Incumbent ZP,"He stated that if Jan Suraaj nominates him as its candidate, he will contest the election with the party’s support. However, even if the party does not nominate him, he intends to contest the election independently.",,,,,,,,
Nalanda,Nalanda,29. Nalanda,172. Biharsharif,Biharsharif,,Biharsharif_32,Unreserved (Other),Tanuja Kumari,Narotam Kumar,Shiv Shankar Singh,6202494510.0,General,Rajput,52.0,"His father served as a Mukhiya for approximately 40 years.
 Former Mukhiya in 2000 
Contested the Mukhiya election again in 2006, but lost.

BJP Block President in 2000
BJP District Yuva President in 2008.
 In 2012, he served as the BJP State Organisation Secretary for four districts—Gaya, Aurangabad, Jehanabad, and Nalanda.

He currently serves as the State President of Rastiya Awaaz Manch.
 He joined Jan Suraaj in 2022.",Vidhan Sabha Chunav Prabandhan Samiti,Sangathan,,,,,,,,,
Nalanda,Nalanda,29. Nalanda,172. Biharsharif,Biharsharif,,Biharsharif_32,Unreserved (Other),Tanuja Kumari,Narotam Kumar,,,,,,,,,,,,,,,,,
Nalanda,Nalanda,29. Nalanda,173. Rajgir,Giriak,,Giriak_33,Backward Class (Mahila),Tanuja Kumari,Narotam Kumar,Mano Devi/Durga Prashad,8340440921.0,EBC,Dhanuk,52.0,"Durga Prasad | Male | 52 | EBC | Dhanuk

- Defacto ZP (2021)
- Former JDU District President in EBC wing(2018-2023)
- Former Pramukh (2011)
- Former Up pramukh (2016)
- His wife is incumbent ward Parshad 
- Own Many businesses ( bricks chimney) 
""",,"""Onboarded , Sangathan Dump""",Chunav ladne ka tayari kar rhe hai abhi se hi.,,,,,,,,
Nalanda,Nalanda,29. Nalanda,173. Rajgir,Giriak,,Giriak_33,Backward Class (Mahila),Tanuja Kumari,Narotam Kumar,Sanjiv Kumar Singh,7488581265.0,General ,Bhumihar,52.0,"Sanjeev Kumar | 52 | Male | General | Bhumihar

-BJP district VP (2017-2020)
-BJP Prakhand Adhyaksh (2015-2015)
-Rajgir Vidhayak pratinidhi from 2015 to 2025
-Former Defacto Mukhiya(2011)""",महामंत्री,Sangathan,,,,,,,,,
Nalanda,Nalanda,29. Nalanda,173. Rajgir,Giriak,,Giriak_33,Backward Class (Mahila),Tanuja Kumari,Narotam Kumar,Santosh Kumar,7004583165.0,OBC,Kurmi,51.0,"- Former defacto Block Pramukh,2021
- Former PACs Adhyaksh, 2009-2021
-Mukhiya runner up ,2016
- His father was Mukhiya from 1978-2011",Block Prabhari,Sangathan,,,,,,,,,
Nalanda,Nalanda,29. Nalanda,173. Rajgir,Giriak,,Giriak_33,Backward Class (Mahila),Tanuja Kumari,Narotam Kumar,Banwari Yadav,7295839898.0,OBC,Yadav,65.0,"""- Three Terms Sarpanch (2011 - Present)
 - Sarpanch Sangh Prakhand Adyakash (2011)
 - Unopposed won (2016)""",Block Prabhari,Sangathan,,,,,,,,,
Nalanda,Nalanda,29. Nalanda,173. Rajgir,Giriak,,Giriak_33,Backward Class (Mahila),Tanuja Kumari,Narotam Kumar,,,,,,,,,,,,,,,,,
Nalanda,Nalanda,29. Nalanda,171. Asthawan,Katrisarai,,Katrisarai_34,Unreserved (Other),Tanuja Kumari,Narotam Kumar,Bharatbhushan Prasad Alias Bihari singh ji,8235816516.0,OBC,Kurmi,42.0,"  -ZP runner-up 2021,2016. 
-JSP Block President
1155 votes in 2016 
1300 votes in 2021
Runs School Dress Shop",,"""Onboarded , Incumbent ZP""",Bahut active hai majbooti ke sath ldenge.,,,,,,,,
Nalanda,Nalanda,29. Nalanda,171. Asthawan,Katrisarai,,Katrisarai_34,Unreserved (Other),Tanuja Kumari,Narotam Kumar,Pooja kumari,6203866618.0,General ,Bhumihar,28.0,"- Contested ZP election in 2021 
- He holds a degree in Law (LL.B)
- Politically very aware, social worker.",BSC Member,Sangathan,Name given by Mahila zila adhyaksh ,,,,,,,,
Nalanda,Nalanda,29. Nalanda,171. Asthawan,Katrisarai,,Katrisarai_34,Unreserved (Other),Tanuja Kumari,Narotam Kumar,Ajay Kumar Singh,9546036490.0,General ,Rajput,50.0,"- Contested ZP election in 2021and got 1600 votes.
- Senior correspondent at Prabhat Khabar, with 12 years of experience in journalism and news reporting.
- Owns a self developed commercial market and earns income from the leased shops.",,New Name (Recommendation),Name given by Sanjiv singh (Mahamantri),,,,,,,,
Nalanda,Nalanda,29. Nalanda,171. Asthawan,Katrisarai,,Katrisarai_34,Unreserved (Other),Tanuja Kumari,Narotam Kumar,,,,,,,,,,,,,,,,,
Nalanda,Nalanda,29. Nalanda,171. Asthawan,Katrisarai,,Katrisarai_34,Unreserved (Other),Tanuja Kumari,Narotam Kumar,,,,,,,,,,,,,,,,,
Nalanda,Nawada,39. Nawada,238. Gobindpur,Kawakole,,Kawakole_24,Unreserved (Other),,,Makdoom Islam,6202314023.0,Minority,OBC,50.0,"MD Makhdumul Islam| 50 | Minority (Muslim)| - JDU State General Secretary 2022- Present)
 -Zila Adhyaksh of Minority (2012-2022) - ZP contestant (2021)
 - Block President of Minority
 - Sutri Adyaksh ( 7 years)
 - He did Diploma in Computer Science.",,,,,,,,,,,
Nalanda,Nawada,39. Nawada,238. Gobindpur,Kawakole,,Kawakole_24,Unreserved (Other),,,Pramod Kumar Choudhary,9534875389.0,SC,Pasi,35.0,"
- Incumbent Mukhiya (2016,2021-Present) -
 Runner-up BDC (2016}",,,,,,,,,,,
Nalanda,Nawada,39. Nawada,238. Gobindpur,Kawakole,,Kawakole_24,Unreserved (Other),,,Dr.Rahul kumar,8340456427.0,EBC,Dhanuk,32.0,"Demographer at IIPS, Mumbai 
- Actively working on ground as social worker
- His Uncle was Prominent Samajwadi Party leader in district
- Mother is Block Jeevika CM
-Pradesh Sachiv of Dhanuk Samaj Morcha
-Secregtory of Viksit Bharat Manch
-Demographer and Population Scientist
-Did PHD in Population Science
-Did Work in Niti Aayog
-Currently Working in WHO Project as Consultant",,,,,,,,,,,
Nalanda,Nawada,39. Nawada,238. Gobindpur,Kawakole,,Kawakole_24,Unreserved (Other),,,,,,,,,,,,,,,,,,,
Nalanda,Nawada,39. Nawada,238. Gobindpur,Kawakole,,Kawakole_24,Unreserved (Other),,,,,,,,,,,,,,,,,,,
Nalanda,Nawada,39. Nawada,238. Gobindpur,Kawakole,,Kawakole_25,Unreserved (Other),,,Md. Makhdoomul Islam,6202314023.0,Minority,Muslim,50.0," - JDU State General Secretary 2022
 -Zila Adhyaksh of Minority: 2012-2022 
- ZP contestant: 2021
 - Block President of Minority
 - Sutri Adyaksh ( 7 years)
 - He did Diploma in Computer Science.",,Block Prabhari,,,,,,,,,
Nalanda,Nawada,39. Nawada,238. Gobindpur,Kawakole,,Kawakole_25,Unreserved (Other),,,Bhola Naath Saav/Santosh Kr Gupta,7482889887.0,EBC ,Teli,33.0,"Defacto ZP Runner Up 2021, Received 4000 votes
ZP Runner Up 2016
His father was one time Mukhiya (2001)
Two times BDC (2006 and 2011), Up-Pramukh in 2011
UPSC Aspirants, B-Tech",,Runnerup ZP,,,,,,,,,
Nalanda,Nawada,39. Nawada,238. Gobindpur,Kawakole,,Kawakole_25,Unreserved (Other),,,Surendra Yadav,8002653900.0,OBC,Yadav,59.0,"-Contested 2021 ZP Election
- Former ZP (2016).
- Former Mukhiya (2011).",,,,,,,,,,,
Nalanda,Nawada,39. Nawada,238. Gobindpur,Kawakole,,Kawakole_25,Unreserved (Other),,,,,,,,,,,,,,,,,,,
Nalanda,Nawada,39. Nawada,238. Gobindpur,Kawakole,,Kawakole_25,Unreserved (Other),,,,,,,,,,,,,,,,,,,
