District ,Assembly,Name,Age,Gender,WhatsAPP Number,Mobile Number,Brief Profile,Status Pre Election,"Status During Election
(If Not Candidate)",Current Status as Per AI / DI  / SIG,Calling Status,Current Status as Per ACC,ACC Intrest,PK Meeting,Remarks,Remarks 2,Calling Status,Ready to Contest Elections withn JSP,In Final Candidates List,ZP Seat Number,PRI TO CONTEST,Ready to make 20 Committee,ZP Status,Remarks,Date,,,,,,,,,,,,,,,,,,,,,,
West Champaran,01-Valmiki Nagar,Sunil Kumar Gupta,,,9648573040.0,9125741275.0,"Sunil Kumar Gupta | Male | 45 | OBC | Bania | Govt Teacher

-Govt. School Teacher
-Director Of Jawahar Public School & Green World School
-Former Defacto Ward Member, 2001 To 2006
-Social Worker",Active till ticket distribution,Active for JS,With JS,Call Connected,With JS,None of the Above ,wants to meet PK,"He is a government school teacher and is associated with Jan Suraaj, but he sees his role only in Assembly elections.if he gets a ticket, he will resign from his job and contest the election.",,Not Received ,,,"Sunil Kumar Gupta | Male | 45 | OBC | Bania | Govt Teacher

-Govt. School Teacher
-Director Of Jawahar Public School & Green World School
-Former Defacto Ward Member, 2001 To 2006
-Social Worker",,,,,,,,No,,,,,,,,,,,,,,,,,,,
West Champaran,01-Valmiki Nagar,Arvind Uranv,,,9934213873.0,9934213873.0,"Arvind Uranv | Male | 51 | ST | Oraon | Former Mukhiya

-Former Mukhiya, 2001 To 2006, Got 1266 Votes
-Former JDU SC/ST Cell Member
- President of West Champaran Adivasi Oraon Mahasabha 
-Social Worker",Active till ticket distribution,Active for JS,With JS,Call Connected,With JS,Willing to Contest PRI election and also ready to work in sangathan,wants to meet PK,"He felt aggrieved over not getting a ticket, yet he remain open to taking any responsibility under Jan Suraaj and will contest Panchayat elections in the future.",,Call Connected,,Not Interested,"Arvind Uranv | Male | 51 | ST | Oraon | Former Mukhiya

-Former Mukhiya, 2001 To 2006, Got 1266 Votes
-Former JDU SC/ST Cell Member
- President of West Champaran Adivasi Oraon Mahasabha 
-Social Worker",,,,,,,,No,,,,,,,,,,,,,,,,,,,
West Champaran,01-Valmiki Nagar,Drig Narain Prasad,,,9934492261.0,9934492261.0,"Drig Narain Prasad | Male | 59 | ST | Tharu | Defacto Mukhiya
-Former 2 Term De-Facto Mukhiya ( Gyanu Devi his Wife) - 2011-21
-Jansuraaj Constitution Member
-District Primary Teacher Sangh Secratory (2005- present)
-Govt Retired Teacher ( BRS) 1994-2024

 ",Active till ticket distribution,Active for JS,With JS,Call Connected,With JS,Willing to Contest PRI election and also ready to work in sangathan,,"Willing to work in the organization at the state level.

Will decide about the Panchayat election after meeting with PK.

He is open to taking on whatever responsibility is given to him.",,Call Connected,,Not Interested,"Drig Narain Prasad | Male | 59 | ST | Tharu | Defacto Mukhiya
-Former 2 Term De-Facto Mukhiya ( Gyanu Devi his Wife) - 2011-21
-Jansuraaj Constitution Member
-District Primary Teacher Sangh Secratory (2005- present)
-Govt Retired Teacher ( BRS) 1994-2024",,,,,,,,No,,,,,,,,,,,,,,,,,,,
West Champaran,09-Sikta,Abhinandan Kumar,,,9631021095.0,7209566166.0,"Abhinandan Kumar|Male|27 |EBC|Teli | Panchayat Samiti Contestant

-Former Panchayat Samiti Contestant(2023), Got 850 Votes
-Runs a Education Consultancy(No 1 Career Book)
-Social Worker(Helps in Making more than 7200 Ayushman Cards of Underprivilidged People)",Active till ticket distribution,Helped Other Party,With JS,Call Connected,With JS,None of the Above ,,Interested to contest PRI election but he will decide after Roaster and he will work as a member in party.,,No Incoming ,,,"Abhinandan Kumar|Male|27 |EBC|Teli | Panchayat Samiti Contestant

-Former Panchayat Samiti Contestant(2023), Got 850 Votes
-Runs a Education Consultancy(No 1 Career Book)
-Social Worker(Helps in Making more than 7200 Ayushman Cards of Underprivilidged People)",,,,,,,,No,,,,,,,,,,,,,,,,,,,
West Champaran,09-Sikta,Naveen Prasad,,,9110074143.0,7739033551.0,"Naveen Prasad | Male | 52 | OBC | Kalwar | Incumbent Mukhiya

-Incumbent 2 Terms Mukhiya, 2016 To Till Date
-Businessman(Rice Seller)
-Farming",Not Active,,,Call Connected,Not with JS,,,,,Call Connected,,,,Mukhiya ,,,,,,,,,,,,,,,,,,,,,,,,,,
West Champaran,09-Sikta,Utkarsh Shrivastava,36.0,Male,9430075551.0,9430075551.0,"Utkarsh Shrivastava | Male | 36 | Male | General | Kayastha | Incumbent Pramukh

-Incumbent Pramukh(Panchayat Samiti)-2021 To Till Date
-Incumbent Panchayat Samiti(2016 to 2021)
-Former BJP Zila Upadhyaksh(2019 to 2021)
-Former BJP Yuva Morcha Zila Mahamantri(2014 to 2019)
-Jan Suraaj Zila Sachiv

-",Candidate,,,,,,,,,Call Connected,,,,Pramukh ,,,,,,,,,,,,,,,,,,,,,,,,,,
West Champaran,09-Sikta,Akhileshwar Prasad,,,7488679469.0,7488679469.0,"Akhileshwar Prasad | 50 | EBC | Samri Vaishya | Incumbent Defacto ZP

-Former MLA Contestant, Sikta , Indepenndent, 2020, Got 3500 Votes
-Incumbent Defacto ZP, 2021 To Till Date
-Former ZP , 2016 To 2021
-Jan Suraaj Zila Sanghatan Adhyaksh ",Active till ticket distribution,Neutral Stance,With JS,Call Connected,With JS,Willing to Work in Sangathan at Assembly Level,,"There was resentment over not getting a ticket, but he will take up and fulfill any responsibility given by Jan Suraaj at assembly level. In the coming time, they will also contest the Panchayat elections.

",,Call Connected,,Interested,"Akhileshwar Prasad | 50 | EBC | Samri Vaishya | Incumbent Defacto ZP

-Former MLA Contestant, Sikta , Indepenndent, 2020, Got 3500 Votes
-Incumbent Defacto ZP, 2021 To Till Date
-Former ZP , 2016 To 2021
-Jan Suraaj Zila Sanghatan Adhyaksh ",,,,,,,,Mainatand_26,,,,,,,,,,,,,,,,,,,
West Champaran,09-Sikta,Qumarul Hoda,,,9798216107.0,9798216107.0,"Qumarul Hoda | Male | 39 | Minority | Sai | Incumbent Defacto ZP 

-Incumbent Defacto ZP Member, 2021 To Till Date
-Former Defacto ZP Contestant, Got 4500 Votes
-Former Mukhiya Contestant, 2011, Got 500 Votes
-Former Congress Block Youth President, 2020 To 2021
-Jan Suraaj Zila Mahasachiv",Active till ticket distribution,Active for JS,With JS,Call Connected,With JS,Willing to Contest PRI election and also ready to work in sangathan,,"He associate with Jan Suraaj and work actively for the organization efforts with commitment and responsibility.

",,Call Connected,,Interested,"Qumarul Hoda | Male | 39 | Minority | Sai | Incumbent Defacto ZP 

-Incumbent Defacto ZP Member, 2021 To Till Date
-Former Defacto ZP Contestant, Got 4500 Votes
-Former Mukhiya Contestant, 2011, Got 500 Votes
-Former Congress Block Youth President, 2020 To 2021
-Jan Suraaj Zila Mahasachiv",,,,,,,,Sikta_29,,,,,,,,,,,,,,,,,,,
East Champaran,10-Raxaul,Pradeep Kumar,,,9955499731.0,9955499731.0,"Pradeep Kumar| Male | 38 | General | Bhumihar | Businessman

-Jansuraaj Block President of Adapur Block
-Completed 2K Jansuraaj members 
-Grand Father Late Bhagat Singh was JP senani & Contested MLA on CPI Ticket in 2000
-Business ( Tool Parts Distributers)",Active till ticket distribution,Active for JS,With JS,Call Connected,With JS,Willing to Contest PRI election and also ready to work in sangathan,,"He will contest the Zila Parishad election if the seat is not reserved, and if he gets responsibility from the party, he will serve in a district-level post in the future.",,Call Connected,,Interested,,,,,,,,,Adapur_12,12.0,Yes,ready if party will tell him to contest,,,,,,,,,,,,,,,,
East Champaran,10-Raxaul,Shashank Shekhar,,,8102177577.0,8102177577.0,"Shashank Shekhar | Male | 36 | EBC | Lohar | RJD Youth Zila Pravakta

-Former RJD Youth Wing District Spokesperson
-Founder of NGO Road Victims Foundation
-Enterpreneur(Khao Piyi QSR) 
-Runs a Wellness Centre also",Active till ticket distribution,Neutral Stance,With JS,Call Connected,With JS,Willing to Work in Sangathan at Dist/State Level,,"-Not Interested to contest PRI Election
-Interested to work in the District Committee as a Youth President ",,Call Connected,,Not Interested,"Shashank Shekhar | Male | 36 | EBC | Lohar | RJD Youth Zila Pravakta

-Former RJD Youth Wing District Spokesperson
-Founder of NGO Road Victims Foundation
-Enterpreneur(Khao Piyi QSR) 
-Runs a Wellness Centre also",,,,,,,,No,,,,,,,,,,,,,,,,,,,
East Champaran,10-Raxaul,Nayab Alam,,,9661590516.0,9661590516.0,"Nayab Alam | Male | 39 | Minority | Thakurai | Defacto Mukhiya

-Former 2 Consecutive Terms BDC(2006 To 2016)
-Former Block Pramukh(2001 To 2016)
-Incumbent Defacto 2 Consecutive Terms Mukhiya (2016 To Till Date)
",Not Active,,,Call Connected,Not with JS,,,"They had joined Jan Suraaj in the hope of getting a ticket, but when they did not receive it, they left the party and joined the BJP.

",,,,,,,,,,,,,,,,,,,,,,,,,,,,,,,,
East Champaran,10-Raxaul,Purnima Bharti,,,8084312478.0,8084312478.0,"Purnima Bharti | Female | 52 | General | Brahmin | Nagar Parishad Chairman Contestant

-Former Nagar Parishad Chairman Contestant(2022)
-Former Mukhiya Contestant(2021), 1433
-Former JDU Pradesh Mahasachiv, Mahila Cell (2023 To 2024)
-Former BJP Mahila Cell Zila Adhyaksh(2017 To 2020)
-Jan Suraaj Sanghatan Zila Mahila Adhyaksh",Active till ticket distribution,Neutral Stance,With JS,Call Connected,With JS,Willing to Contest PRI election and also ready to work in sangathan,,"-Interested to contest Mukhiya Election
-She wants to work in the District committiee as a Mahila adhyakash",,Call Connected,,Not Interested,"Purnima Bharti | 50 | Female | OBC | Giri

-JDU Pradesh sachiv mahila prakoshth -2023-2024.
- Former Pradesh Upadhyaksh of Hindu Jagran Manch.
- Former Pradesh Adhyaksh of Hindu Yuva Vahini.
- Former Raxaul Zila Adhyaksh Mahila Prakosht of the BJP (2017-19).
- Former Member of Ganga Samagra.
- Former Zila Adhyaksh of Durga Vahini.
- Former Zila Sanyojakof Vishwa Hindu Parishad Matri Shakti - 2019 to 2021.
- Former Zila Sanyojakof Beti Bachao, Beti Padhao - 2018 to 2019.
- Roti bank nirdeshika Raxaul nagar -2021 2024.
- Chairman Candidate in Nagar Parishad 2022 Elections - finished 11th.
- Mukhiya Runner Up -2021.",,,,,,,,No,,,,,,,,,,,,,,,,,,,
East Champaran,10-Raxaul,Ram Vinay Singh,,,8235720890.0,8235720890.0,"Ram Vinay Singh | Male | 56 | General | Rajput | Incumbent Defacto Sarpanch

-Incumbent Defacto Sarpanch(2021 To Till Date)
-Former Defacto sarpanch Contestant(2016), Got 900 Votes
-Retired Indian Army Para Commando",Not Active,Helped Other Party,Not with JS,Call Connected,Not with JS,,,,,,,,,,,,,,,,,,,,,,,,,,,,,,,,,,,
East Champaran,10-Raxaul,Sujeet Kumar,,,8892985159.0,8892985159.0,"Sujeet Kumar | Male | 35 | EBC | Kanu | Businessman

-Businessman(Dairy Products Manufacturer, Nepal)
-Jan Suraaj Anumandal Media Prabhari
-Social Worker",Active till ticket distribution,Active for JS,With JS,Call Connected,With JS,Willing to Work in Sangathan at Dist/State Level,,"-Not Interested to contest PRI Election
-Interested to work in the Anumandal Committee ",,Call Connected,,Yes,"Sujeet Kumar | Male | 35 | EBC | Kanu | Businessman

-Businessman(Dairy Products Manufacturer, Nepal)
-Jan Suraaj Anumandal Media Prabhari
-Social Worker",,,,,,,,Adapur_12,,,,,,,,,,,,,,,,,,,
Gopalganj,100-Barauli,Faiz Ahmad,36.0,Male,9939454973.0,9113717009.0,"Faiz Ahmad | Male | 36 | Minority | Sheikh | Incumbent Defacto ZP

-Infacto Defacto ZP(2021 to till Date)
-Former JDU Rajya Parishad Sadasya(2018 to 2021)
-Foremr JDU District Spokesperson(2015 to 2018)
-JDU Youth District Convenor(2013 to 2015)
-Director of BBC Mission Public School
-Chairman of Falak womens Cricket Academy
-Secretary of District Womens Football and Tennis Ball Assocaition",Candidate,,,,,,,,,,,,,,,,,,,,,,,,,,,,,,,,,,,,,,,
Gopalganj,100-Barauli,Rajendar Kumar Singh,,,9969020000.0,9969020000.0,"Rajendar Kumar Singh | Male | 68 | General | Rajput | Retired Govt Employee

-Retired Govt. Employee
-Former BJP Member(2019 To 2020)
-Received Bihar Krishi Samman by Bihar Agriculture Minister in 2022
-Jan Suraaj Rajya Karyakarini Sadasya",Active till ticket distribution,Neutral Stance,With JS,Call Connected,With JS,Willing to Contest PRI election and also ready to work in sangathan,,"-Interested to Contest ZP Election
-Interested to remain on Kishan adhyaksh Post in the District Committee",,Call Connected,,Interested,"Rajendra Singh | 55 | Male | General | Rajput

-Retired Senior Officer, MTNL Mumbai
-Director, Gopalganj Kishan Foundation Championing rural development, sustainable agriculture, and farmer empowerment.  
-Honored by the Cabinet Minister– Recognized for pioneering efforts in Rural Haat Development for grassroots economic upliftment.  
-Corona Apda Nayak Award Awarded by the State Government for exceptional leadership and public service during the COVID-19 crisis.  
-Awarded by Bihar Kisan Samman (2021) Felicitated by Hon’ble CM Nitish Kumar and Agriculture Minister for outstanding contribution to farmers’ welfare in Bihar.  """,,,,,,,,Gopalganj_20,25.0,Yes,,,,,,,,,,,,,,,,,
Gopalganj,100-Barauli,Neyaz Ahmad,,,9431400888.0,9431400888.0,"Neyaz Ahmad | Male | 60 | Minority | Sheikh | Defacto Mukhiya

-Defacto 2 Terms Mukhiya(2016 To Till Date)
-Defacto PACS President(2024 To Till Date)
-Former RJD Pradesh Upadhyaksh(2023 To 2024)
-Former JAP Pradesh Mahasachiv & Zila Prabhari(2016 to 2022)
-Former Congress Pradesh Upadhyaksh 2010 to 2016)
-Former RJD Zila Adhyaksh(2000 to 2010)
-Former RJD Nagar Adhyaksh(1997 To 2000)
-Former Janta Dal Nagar Adhyaksh(1995 to 1997)
-Jan Suraaj Zila Adhyaksh",Active till ticket distribution,Neutral Stance,With JS,Call Connected,Not with JS,Willing to Contest PRI election and also ready to work in sangathan,wants to meet PK ,"They have resigned from the party, but they are still emotionally connected to Jan Suraaj. Their complaint is that they always worked honestly and with integrity for the party, yet they were removed from the post of District President without any prior information.",,,,,"Neyaz Ahmad | Male | 60 | Minority | Sheikh | Defacto Mukhiya

-Defacto 2 Terms Mukhiya(2016 To Till Date)
-Defacto PACS President(2024 To Till Date)
-Former RJD Pradesh Upadhyaksh(2023 To 2024)
-Former JAP Pradesh Mahasachiv & Zila Prabhari(2016 to 2022)
-Former Congress Pradesh Upadhyaksh 2010 to 2016)
-Former RJD Zila Adhyaksh(2000 to 2010)
-Former RJD Nagar Adhyaksh(1997 To 2000)
-Former Janta Dal Nagar Adhyaksh(1995 to 1997)
-Jan Suraaj Zila Adhyaksh",,,,,,,,No,,,,,,,,,,,,,,,,,,,
Gopalganj,100-Barauli,Vikas Singh,,,9771637167.0,9771637167.0,"Vikas Singh | Male | 42 | General | Rajput | Incumbent Defacto ZP

-Incumbent Defacto ZP member, 2021 To Till Date
-Jan Suraaj Core Commiitte Member
-Jan Suraaj Zila Prabhari",Not Active,,,Call Connected,Not with JS,,,,,,,,,,,,,,,,,,,,,,,,,,,,,,,,,,,
Gopalganj,100-Barauli,Dharmendra Kumar Pandit,,,8084192441.0,9693726609.0,"Dharmendra Kumar Pandit | Male | 40 | EBC | Kumhar | Incumbent ZP

-Incumbent ZP , 2021 To Till Date , Got 8825 Votes
-Former ZP Contestant, 2016 , Got 3100 Votes
-Former Panchayat Samiti, 2011 To 2016
-Former BDC, 2011 o 2016
-Former Jan Suraaj Block Incharge and Anumandal Adhyaksh
-Businessman(Aanchal Furniture, Aanchal Sweets & Prince Mineral Water)",Active till ticket distribution,Active for JS,With JS,Call Connected,With JS,Willing to Contest PRI election and also ready to work in sangathan,,"The Assembly candidate from their constituency had backed out and did not contest the election with full commitment, due to which the number of votes was very low. After getting the ticket, the candidate did not stay in touch with anyone. Going forward, he will continue to work while remaining associated with Jan Suraaj, and he will also contest the upcoming Zila Parishad election.

",,,,,"Dharmendra Kumar Pandit | Male | 40 | EBC | Kumhar | Incumbent ZP

-Incumbent ZP , 2021 To Till Date , Got 8825 Votes
-Former ZP Contestant, 2016 , Got 3100 Votes
-Former Panchayat Samiti, 2011 To 2016
-Former BDC, 2011 o 2016
-Former Jan Suraaj Block Incharge and Anumandal Adhyaksh
-Businessman(Aanchal Furniture, Aanchal Sweets & Prince Mineral Water)",,,,,,,,No,,,,,,,,,,,,,,,,,,,
Gopalganj,101-Gopalganj,Dr Moinul Haque,,,9431283814.0,9431283814.0,"Dr Moinul Haque | Male | 55 | Minority | Panwaria | Dental Surgeon

-Dental Surgeon
-Runs a Private Dental Hospital",Active till ticket distribution,Neutral Stance,With JS,Call Connected,With JS,,,"He was unhappy about not getting a ticket; however, He will carry out any responsibility entrusted to them by Jan Suraaj after meeting with PK.

",,Busy,,,"- Famous Dentist in Gopalganj
- Good Hold in Minority",,,,,,,,No,,,,,,,,,,,,,,,,,,,
Gopalganj,101-Gopalganj,Jyoti Jyanti,,,7909018957.0,7909018957.0,"Jyoti Jyanti| Female | 45 | EBC | Teli | Post Graduate

-Jansuraaj District Mahila President
-Runner Up vice Chairman of Nagar Parishad Gopalganj ( got 3800 votes, 2022)
-Founder of sai International School
-Active Social worker (working on girls child education)",Active till ticket distribution,Helped Other Party,Not with JS,Call Connected,Not with JS,,wants to meet PK ,"He stepped away from the party, but they remain emotionally attached to Jan Suraaj. he grievance is that they consistently served the party with honesty and integrity.

",,,,,,,,,,,,,,,,,,,,,,,,,,,,,,,,
Gopalganj,101-Gopalganj,Pradeep Tripathi,,,9795119911.0,9795119911.0,"Pradeep Tripathi | Male | 51 | General | Brahmin | School Director

-Director Of Private School
-Social Worker(Provide Free Education To Slum Students)
",Active till ticket distribution,Neutral Stance,With JS,Call Connected,With JS,Willing to Work in Sangathan at Dist/State Level,wants to Pk ,"Although there was resentment due to the denial of a ticket and behavior of JSPT, they remain committed to accepting any role given by Jan Suraaj",,,,,"Pradeep Tripathi | Male | 51 | General | Brahmin | School Director

-Director Of Private School
-Social Worker(Provide Free Education To Slum Students)
",,,,,,,,No,,,,,,,,,,,,,,,,,,,
Gopalganj,101-Gopalganj,Dr. Rehmat Ali,,,9871474845.0,9871474845.0,"Dr. Rehmat Ali | Male | 44 | Minority | Sheikh | Doctor

-MBBS 
-Runs a Private Clinic",Active till ticket distribution,Neutral Stance,With JS,Call Connected,With JS,None of the Above ,,associate with jan suraaj party but not much interested to work in sanghtan ,,,,,"Dr. Rehmat Ali | Male | 44 | Minority | Sheikh | Doctor

-MBBS 
-Runs a Private Clinic",,,,,,,,No,,,,,,,,,,,,,,,,,,,
Gopalganj,101-Gopalganj,Dr. Mankeshwar Singh,,,6200506486.0,6200506486.0,"Dr. Mankeshwar Singh | Male | 45 | General | Rajput | Doctor

-Runs a Private Hospital
- Paediatric Doctor
-MBBS
-Jan Suraaj State Standing Committee Member",Active till ticket distribution,Neutral Stance,With JS,Call Connected,Not with JS,,,"The district president was appointed incorrectly, because of which the entire district got ruined. The district president did not coordinate with anyone. Prashant ji does not listen to anyone, and on top of that, tickets were distributed arbitrarily. Because of all this, trust in this party has been lost. If the party had continued to function with the same purity and sincerity with which it was started during the padyatra ,our condition would not be what it is today.

",,,,,"Dr. Mankeshwar Singh | Male | 45 | General | Rajput | Doctor

-Runs a Private Hospital
- Paediatric Doctor
-MBBS
-Jan Suraaj State Standing Committee Member",,,,,,,,No,,,,,,,,,,,,,,,,,,,
Gopalganj,101-Gopalganj,Subhash Singh ,,,9431252259.0,9431252259.0,"Subhash Singh | Male | 60 | OBC | Kushwaha | Former Mukhiya 

-Former 3 Terms Mukhiya (2011 to 2021 & 2001 to 2006)
-Former Congress OBC Cell District President (2009 to 2022)
-Jansuraaj Zila Mahasachiv & State Core Committee Member",Active till ticket distribution,Neutral Stance,With JS,Call Connected,With JS,Willing To Contest Panchayati Raaj ,,"He was unhappy about not getting a ticket; however, they will carry out any responsibility entrusted to them by Jan Suraaj.

",,Call Connected,,Not Interested,"-INC district President OBC Cell
-Mukhiya 2001- 2011
-Vidhan Sabha Contestant in 2005 from BSP
-Has formed INC committee in 37 Panchayats of Gopalganj AC and has directly appointed it's post holders ",,,,,,,,No,,,He will  contest the Mukhiya  election,,,,,,,,,,,,,,,,
Gopalganj,102-Kuchaikote,Rena Sharma,,,8210170166.0,8210170166.0,"Rena Sharma | Female | 53 | General | Rajput |  MLA Contestant

-Incumbent Sarpanch from Khajuri Panchayat
-Former CPI(ML) District Secretary Mahila Cell  (2002-2022)
-2 Term MLA Contested on CPIML Ticket Got 3000 Votes in 2005 & 3500 Votes in 2005 November
-Social worker ( Working on Female littrecay and Health)",Active till ticket distribution,Active for JS,With JS,Call Connected,With JS,Willing To Contest Panchayati Raaj ,,associate with jan suraaj party but not much interested to work in sanghtan ,,Call Connected,,Not Interested,"Rena Sharma | Female | 53 | EBC | Badhai |  MLA Contestant

-Incumbent Sarpanch from Khajuri Panchayat
-Former CPI(ML) District Secretary Mahila Cell  (2002-2022)
-2 Term MLA Contested on CPIML Ticket Got 3000 Votes in 2005 & 3500 Votes in 2005 November
-Social worker ( Working on Female littrecay and Health)",,,,,,,,No,,,,,,,,,,,,,,,,,,,
Gopalganj,102-Kuchaikote,Vijay Kumar Choubey,67.0,,9911344271.0,9911344271.0,"Vijay Kumar Choubey | Male | 67 | General | Brahmin | Retired IAS

-Former RJD Member(2019-2020)
-Retired IAS
-Incumbent JAN Suraaj State Core Commitee Member and Member of Social Influencer Outreach
-Awarded the National Order of Merit(Gold) by King of Bhutan on 17th December 2012.",Candidate,,,Call Connected,,,,,,,,,,,,,,,,,,,,,,,,,,,,,,,,,,,,
Gopalganj,102-Kuchaikote,Baliram Singh,,,9771040105.0,9771040105.0,"Baliram Singh | Male | 70 | General | Rajput | Retired Govt Employee

-Retired Government Employee
-Former District President of Janvadi Navjawan Sangh(CPI Student wing)-1975 to 1978
-Former General Secretary of Bihar State Workers Association(1995 to 2015)
-Social Worker(Planted More than 8000 trees, Encourage more than 3000 individuals to quit Alcohal)
-Jan Suraaj State Working Commitee Member",Active till ticket distribution, Contested as an Candidate from other Party,Not with JS,Call Connected,Not with JS,,,"Prashant ji promised to give a ticket but failed to do so and did not contact them even once, which caused deep disappointment and loss of trust. that's why I contested from BSP party ",,,,,,,,,,,,,,,,,,,,,,,,,,,,,,,,
Gopalganj,102-Kuchaikote,Mukesh Kumar Choubey,,,8851413917.0,8851413917.0,"Mukesh Kumar Choubey | Male | 30 | General | Brahmin | BJP Yuva Zila Adhyaksh

-Former BJP Yuva Morcha Zila Adhyaksh, 2020 To 2023
-Director Of Divyasahakti Sewa Sansthan & Sugandhim Astro Pvt. Ltd
-Jan Suraaj Rajya Karyakarini Sadasya
-Jan Suraaj Yuva Zila Adhyaksh",Active till ticket distribution,Neutral Stance,With JS,Call Connected,With JS,Willing To Contest Panchayati Raaj ,,"-Interested to Contested PRI Election- Block Pramukh/Mukhiya
-He will work as a member in a Party",,Call Connected,,Interested,"Mukesh Choubey | 36 | Male | General | Brahmin

- Former District Vice President BJP (2021-2023)
-Prabhari Rastriya Mahasachiv Rastriya Narayanwadi Vikash Party
-Strong Hold at Youth Community
-Prominent Businessman",,,,,,,,Kuchaikote_11,11.0,Yes,,,,,,,,,,,,,,,,,
Gopalganj,103-Bhore (SC),Dr. Manju Kumari,,,7250935711.0,7250935711.0,"Manju Kumari | Female | 46 | SC | Ravidas | Doctor

-Doctor (Gynaecologist)
-Runs a Private Clinic
-MBBS and MS",Not Active,,,Call Connected,Not with JS,,,Directly denied to Continue with Jan suraaj party ,,,,,,,,,,,,,,,,,,,,,,,,,,,,,,,,
Gopalganj,103-Bhore (SC),Sanjay Kumar Suman,46.0,,8969733398.0,7903957242.0,"Sanjay Kumar Suman | Male | 46 | SC | Paswan | Professor

-Former BAMSEF Bihar Zone Prabhari
-Former DDU , Gorakhpur Univeristy, Ambedkarwadi Yuva Chatra Parishad Spokesperson, 2002 To 2003
-SC/ST Worekrs Union Zila Sachiv, 2022 To 2023
-Jan Suraaj Samividhaan Sabha Sadasya
-Jan Suraaj Core Committee Member
-Assisatant Professor at Gopeshwar Mahavidyalay",Candidate,,,Call Connected,,,,,,,,,,,,,,,,,,,,,,,,,,,,,,,,,,,,
Gopalganj,103-Bhore (SC),Vijay Kumar Ram Aman,,,9546991237.0,9546991237.0,"Vijay Kumar Ram Aman | Male | 57 | SC | Ravidas | MLA Contestant

-Former MLA Contestant, Bhorey, Independent, Got 13663 Votes
-Former Congress Prakhand Adhyaksh, 1987 To 1994 
-Former RJD Parkhand Adhyaksh, 2000 To 2018
-Jan Suraaj Pradesh Karyasamiti Member",Not Active,,,Call Connected,Not with JS,,,Joined only for Ticket ,,,,,,,,,,,,,,,,,,,,,,,,,,,,,,,,
Gopalganj,103-Bhore (SC),Manoj Kumar Baitha,,,9881194712.0,9881194712.0,"Manoj Kumar Baitha | Male | 48 | SC | Dhobi | MLA Contestant

-Former MLA Contestant, 2020 JAP, got 4321 Votes
-Former JAP Secretary(2020 to 2022)
- Software Engineer(works in England, Sweden, Finland and Many Other foreign Countries)",Active till ticket distribution,Active for JS,With JS,Not Received ,,,,Called Multiple times but not received,,,,,"Manoj Kumar Baitha | Male | 48 | SC | Dhobi | MLA Contestant

-Former MLA Contestant, 2020 JAP, got 4321 Votes
-Former JAP Secretary(2020 to 2022)
- Software Engineer(works in England, Sweden, Finland and Many Other foreign Countries)",,,,,,,,Kataiya_1,,,,,,,,,,,,,,,,,,,
Gopalganj,103-Bhore (SC),Priti Kinar,41.0,,8292034645.0,8292034645.0,"Priti Kinar | Kinner | 41 | SC | Paswan | LJP Kinnar Cell President

-Former LJP Kinner Cell President(2023 To 2024)
-Akhil Bhartiya Mangalmukhi Kinner Samaj Sangh
-Social Worker",Candidate,,,Call Connected,,,,,,,,,,,,,,,,,,,,,,,,,,,,,,,,,,,,
Gopalganj,104-Hathua,Dr Shashi Bhushan Rai,,,9151786894.0,8210065373.0,"Dr Shashi Bhushan Rai | Male |41| General | Bhumihar| MLA Contestant

-Jansuraaj Core Commitee Member
-2 Times Independent MLA Contested From Hathua Assembly 2015 Got 4333 Votes  & 2020 Got 1803 Votes 
-Running Indra Health Clinic
-Social Worker (Through Health Camp)
-Done 5K Membership Drive
-Former BJP Member (2011-2021)
-MBBS & MD",Active till ticket distribution,Neutral Stance,With JS,Call Connected,With JS,Willing to Work in Sangathan at Dist/State Level,,"While the lack of a ticket caused resentment, they continue to stand with Jan Suraaj, will take up any assigned responsibility.",,Call Connected,,Not Interested,"Dr Shashi Bhushan Rai | Male |41| General | Bhumihar| MLA Contestant

-Jansuraaj Core Commitee Member
-2 Times Independent MLA Contested From Hathua Assembly 2015 Got 4333 Votes  & 2020 Got 1803 Votes 
-Running Indra Health Clinic
-Social Worker (Through Health Camp)
-Done 5K Membership Drive
-Former BJP Member (2011-2021)
-MBBS & MD",,,,,,,,No,,,"He will not contest the ZP election , he intends to contest the MLA election",,,,,,,,,,,,,,,,
Gopalganj,104-Hathua,Shreeram Bhagat,,,8130827460.0,8130827460.0,"Shreeram Bhagat | Male | 55 | OBC | Kushwaha | MLA Contestant

_former MLA Contestant, Independent, 2020, got 4000 Votes
-Former AAP Member(2012 To 2022)
-RTI Activist
-Jan Suraaj Prakhand Prabhari
-Hr Manager",Active till ticket distribution,Neutral Stance,With JS,Call Connected,With JS,Willing to Work in Sangathan at Dist/State Level,,"They felt aggrieved over not getting a ticket, yet they remain open to taking any responsibility under Jan Suraaj,also saying that Pk never interested to take right feedback to their workers ",,,,,"Shreeram Bhagat | Male | 55 | OBC | Kushwaha | MLA Contestant

_former MLA Contestant, Independent, 2020, got 4000 Votes
-Former AAP Member(2012 To 2022)
-RTI Activist
-Jan Suraaj Prakhand Prabhari
-Hr Manager",,,,,,,,Phulwariya_9,,,,,,,,,,,,,,,,,,,
Gopalganj,104-Hathua,Surendra Gupta,,,8809514733.0,8809514733.0,"Surendra Gupta | Male | 45 | EBC | Kanu | Former MLA Candidate

-Former MLA Candidate, Hathua Constituency, 2020, Independent, Got 2393 Votes
-Former ASA Party Pradesh Upadhyaksh, 2024 To 2025
-Former BJP, Yuva Mandal Adhyaksh, 2023 To 2024
-Former BJP, Business Cell Hathua Vidhansabha Adhyaksh, 2019 To 2023",Active till ticket distribution,Neutral Stance,With JS,Call Connected,With JS,Willing To Contest Panchayati Raaj ,,"He contested the election as an independent when he did not receive a ticket, but he continues to remain committed and associated with Jan Suraaj.

",,,,,"Surendra Gupta | Male | 45 | EBC | Kanu | Former MLA Candidate

-Former MLA Candidate, Hathua Constituency, 2020, Independent, Got 2393 Votes
-Former ASA Party Pradesh Upadhyaksh, 2024 To 2025
-Former BJP, Yuva Mandal Adhyaksh, 2023 To 2024
-Former BJP, Business Cell Hathua Vidhansabha Adhyaksh, 2019 To 2023",,,,,,,,No,,,,,,,,,,,,,,,,,,,
Gopalganj,104-Hathua,Chandra Mohan Rai,,,9973957609.0,9973957609.0,"Chandra Mohan Rai | Male | 62 | General | Bhumihar | MLA Candidate

-Former Assembly Election Contestant, 2010, Independent, Hathua Constituency, Got 3609 Votes
-Former ZP Member, 2006 To 2011
-Former BJP Pradesh Karyasamiti Sadasya, 2010 To 2024
-Former BJP Zila Upadhyaksh, 2000 To 2010
-Former BJP Yuva Morcha Zila Upadhyaksh, 1994 To 2000
-Former BJP Zila Karya Samiti Sadasya, 1992 To 1994
-Father was Mukhiya from 1952 To 1978
-Younger Brother is an Incumbent Mukhiya, 2021 To Till Date
-Jan Suraaj State Core Committee Member",Active till ticket distribution,Helped Other Party,Not with JS,Call Connected,Not with JS,,,Joined BJP,,,,,,,,,,,,,,,,,,,,,,,,,,,,,,,,
Siwan,105-Siwan,Rajan Kumar,,,8809166899.0,8809166899.0,"Rajan Kumar | Male | 57 | OBC | Bania | MLA Contestant

-Former MLA Contestant, 2020, Siwan, independent, Got 2346 Votes
-Former JDU Upadhyaksh Business Cell(2016 to 2020)
-Former AAP Mahasachiv(2014 To 2016)
-Former BSP Nagar Adhyaksh(2008 To 2014)
-Jan Suraaj Nagar Upadhyaksh",Active till ticket distribution,Neutral Stance,With JS,Call Connected,With JS,Willing to Work in Sangathan at Dist/State Level,,"He associate with Jan Suraaj and work actively for the organization efforts with commitment and responsibility.
Not interested to contest the Panchayat election
",,No Incoming ,,,"Rajan Kumar|Male|52|EBC|Baniya

- Contested AE 2020 as an independent candidate and was in fourth position but got only 2346 votes.
-  Earlier he was associated with Aam Aadmi Party 
- Runs a chain of sweet shops in Siwan named Sri Ganga Sweets.",,,,,,,,No,,,,,,,,,,,,,,,,,,,
Siwan,105-Siwan,Abhinav Kumar,,,9852738500.0,9852738500.0,"Abhinav Shrivastava | 40 | Male | General | Kayastha | Ward Councilor

-Incumbent De facto Ward Councilor,(2022 to Till Date)
-Former Ward Councilor(2007 to 2017)
 -Contested MLC Election ,2017, Saran Graduate constituency, got 1800 votes
-Education - PG 
-Profession - Contractor",Active till ticket distribution,Neutral Stance,Not with JS,Call Connected,Not with JS,,,Joined another party' ,,,,,,,,,,,,,,,,,,,,,,,,,,,,,,,,
Siwan,105-Siwan,Rupesh Kumar,,,9771779999.0,9771779999.0,"Rupesh Kumar | Male | 49 | OBC | Sonar | Businessman

-Hotel, Cinema Hall , Jewellary Shop
-Jan Suraaj Pradesh Karyasamiti Sadasya
-Social Worker",Not Active,,,Call Connected,Not with JS,,,,,,,,,,,,,,,,,,,,,,,,,,,,,,,,,,,
Siwan,105-Siwan,Azam Ali,,,8877810711.0,9006702786.0,"Azam Ali | Male | 34 | Minority | Sai | Incumbent Ward Councilor

-Incumbent Ward Councilor, 2022 To Till Date
-Former RJD Zila Upadhyaksh, 2021 To 2025
-President Of Helius Welfare Trust
-Businessman(Poultry and Hardware)",Active till ticket distribution,Active for JS,With JS,Call Connected,With JS,Willing to Contest PRI election and also ready to work in sangathan,,"They were unhappy about not getting a ticket; however, they will carry out any responsibility entrusted to them by Jan Suraaj.

He will contest the Ward councillor election in Panchayat election",,Not Received ,,,"Azam Ali | Male | 34 | Minority | Sai | Incumbent Ward Councilor

-Incumbent Ward Councilor, 2022 To Till Date
-Former RJD Zila Upadhyaksh, 2021 To 2025
-President Of Helius Welfare Trust
-Businessman(Poultry and Hardware)",,,,,,,,No,,,,,,,,,,,,,,,,,,,
Siwan,105-Siwan,Arun Kumar Gupta ,,,9006680450.0,9006680450.0,"Arun Kumar Gupta | Male | 54 | EBC | Teli | CPIML Block Sachiv

-Former CPIML Block Sachiv(1995 to 2005)
-Businessman(Building Materials)
-Social Worker",Not Active, Contested as an Candidate from other Party,,Call Connected,Not with JS,,,,,,,,,,,,,,,,,,,,,,,,,,,,,,,,,,,
Siwan,106-Ziradei,Dinesh Kumar Yadav,,,7004656426.0,7004656426.0,"Dinesh Kumar Yadav | Male | 58 | OBC | Yadav | Teacher

-Principal MS College, Mairwa
-Provide Free Education To Poors Students",Active till ticket distribution,Neutral Stance,,Call Connected,With JS,Willing to Work in Sangathan at Dist/State Level,,"- Not Interested to contest PRI Election
-Interested to take a post in District committe",,,,,,,,,,,,,,,,,,,,,,,,,,,,,,,,
Siwan,106-Ziradei,Krishna Kumar Singh,,,9931637295.0,9931637295.0,"Krishna Kumar Singh | Male | 54 | General | Rajput | RJD Spokesperson

Former RJD Spokesperson 2000 to 2005
-Former Yuva Congress Member 1990 To 1995
-President of Aaradhya Peoples Foundation
-Writer
-Social Worker",Active till ticket distribution,Active for JS,With JS,Call Connected,With JS,Willing to Work in Sangathan at Dist/State Level,,"He will continue working within the organization, has no interest in seeking a ticket in the future, but will keep working with Jan Suraaj with complete honesty and dedication.

",,Call Connected,,Not Interested,"Krishna Kumar Singh | 50 | Male | General | Rajput

- Head Master, Author, and Social Activist. - Former District Spokeperson of RJD - Journalist",,,,,,,,No,,,,,,,,,,,,,,,,,,,
Siwan,106-Ziradei,Yasmin Nejam,,,9661959728.0,9661959728.0,"Yasmin Nejam | Female | 55 | Minority | Pathan | ASA Rashtriya Mahasachiv

-ASA Party Rashtriya Mahasachiv, 2024 To 2025
-Former JDU Member(2003 To 2024)
-Husband was Siwan Nagar Adhyaksh , JDU
-Husband Contested the Mukhiya Election, 2001 
-",Active till ticket distribution,Neutral Stance,With JS,Call Connected,With JS,Willing to Work in Sangathan at Assembly Level,,associate with jan suraaj party but not much interested to work in sanghtan .will interested to work in assembly only.,,,,,"Yasmin Nejam | Female | 55 | Minority | Pathan | ASA Rashtriya Mahasachiv

-ASA Party Rashtriya Mahasachiv, 2024 To 2025
-Former JDU Member(2003 To 2024)
-Husband was Siwan Nagar Adhyaksh , JDU
-Husband Contested the Mukhiya Election, 2001 
-",,,,,,,,No,,,,,,,,,,,,,,,,,,,
Siwan,106-Ziradei,Deepak Kumar Singh,,,8051520911.0,8051520911.0,"Deepak Kumar Singh | 43 | Male | General | Rajput | Social Worker

-Businessman(School Books and Dresses)
-Director Of Sankalp Foundation
-Lions Club Siwan, Member
-Social Worker",Active till ticket distribution,Active for JS,With JS,Call Connected,With JS,None of the Above ,,"He is extremely disappointed about not getting a ticket. They have spent 50 lakh rupees on Jan Suraaj. They are still in the party, but he is  work only if Prashant calls them; he will not come to meet otherwise.

",,,,,"Deepak Kumar Singh | 43 | Male | General | Rajput | Social Worker

-Businessman(School Books and Dresses)
-Director Of Sankalp Foundation
-Lions Club Siwan, Member
-Social Worker",,,,,,,,No,,,,,,,,,,,,,,,,,,,
Siwan,106-Ziradei,Ishtadeo Tiwari,,,9431218323.0,8709553562.0,"Ishtadeo Tiwari | Male | 68|  General | Brahmin | RJD Legal Advisor

-Jan Suraaj State Core committee Member
-Jan Suraaj Constitution Member
-State Executive Member
-Former RJd Election Campaign In-charge (2013-15)
-Former Legal Advisor of Siwan MP Md Shahabuddin
-Criminal lawyer In District Court",Active till ticket distribution,Active for JS,With JS,Call Connected,With JS,Willing to Work in Sangathan at Dist/State Level,,"-He will field his own candidates in the PRI election, but he did not contest the PRI election himself.
-He will work in the organization and take on whatever responsibility is assigned to him by the party.",,,,,"Ishtadeo Tiwari | Male | 68|  General | Brahmin | RJD Legal Advisor

-Jan Suraaj State Core committee Member
-Jan Suraaj Constitution Member
-State Executive Member
-Former RJd Election Campaign In-charge (2013-15)
-Former Legal Advisor of Siwan MP Md Shahabuddin
-Criminal lawyer In District Court",,,,,,,,No,,,,,,,,,,,,,,,,,,,
Siwan,106-Ziradei,Dr Ravindra Nath Shukla,,,9801380270.0,9801380270.0,"Dr Ravindra Nath Shukla | Male | 69 | General | Brahmin | Loksabha Contestant

-Former Loksabha Contestant (2024), Siwan, Independent, Got 8693 Votes
-Former PMCH Doctor 
-Runs a Private Clinic
-Jan Suraaj Zila Sanrakshak",Not Active,,,Call Connected,Not with JS,,,"Contested Loksabha as an independent , Post Election not Active in Jan Suraaj ",,,,,,,,,,,,,,,,,,,,,,,,,,,,,,,,
Siwan,106-Ziradei,Neha Kumari,,,9818259941.0,9818259941.0,"Neha Kumari | Female | 28 | General | Rajput | Businesswoman

-Businesswoman(CEO and Founder of Vastu Krtya)
-Social Worker",Not Active,,,Call Connected,Not with JS,,,,,,,,,,,,,,,,,,,,,,,,,,,,,,,,,,,
Siwan,106-Ziradei,Munna Pandey,56.0,,9471009369.0,9471009369.0,"Munna Pandey | Male | 56 | General | Brahmin | Businessman

-Jan Suraaj Pradesh Karyasmiti Member
-Agriculture  Parts
-Former Congress Vidhan Sabha Prabhari (1995)",Candidate,,,Call Connected,With JS,,,,,,,,,,,,,,,,,,,,,,,,,,,,,,,,,,,
Siwan,106-Ziradei,Satish Kumar Ram,,,9709834344.0,9709834344.0,"Satish Kumar Ram | Male | 31 | SC | Chamar | Mukhiya Contestant

-Former Mukhiya Contestant(2016), got 3245 votes
-Former BSP Prakhand Adhyaksh(2016 to 2022)
-Jan Suraaj State Youth working Committee
-Member of Buddha Foundation Trust ",Not Active,,,Call Connected,Not with JS,,,,,,,,,,,,,,,,,,,,,,,,,,,,,,,,,,,
Siwan,106-Ziradei,Rameshwar Singh,,,7250912187.0,7250912187.0,"Rameshwar Singh | Male | 65 | General | Rajput | PACS President
-Rajendra Prasad Complex Sanrakshak
-Former PACS President, 2004 To 2014
-Former BJP Member, 2006 To 2022
-Jan Suraaj Zila Committee Sanrakshak
-Buisnessman(Construction Material)",Active till ticket distribution,Active for JS,With JS,Call Connected,With JS,Willing to Work in Sangathan at Dist/State Level,,"He  was resentment due to the denial of a ticket, he remain committed to accepting any role given by Jan Suraaj and not any plan to contest Panchayat elections in the future.

",,Call Connected,,Not Interested,"Rameshwar Singh | Male | 65 | General | Rajput | PACS President

-Former PACS President, 2004 To 2014
-Former PACS Contesatant, 2014
-Former BJP Member, 2006 To 2022
-Jan Suraaj Zila Committee Sanrakshak
-Buisnessman(Construction Material)",,,,,,,,No,,,,,,,,,,,,,,,,,,,
Siwan,106-Ziradei,Vinod Kumar Singh ,Mad,,8292482316.0,8292482316.0,"Vinod Kumar Singh | Male | 53 | General | Rajput | ZP Contestant

-Former ZP Contestant, 2011, Runner Up
-Former Mukhiya Contestant, 2006, Runner Up
-Former ASA Party Pradesh Parvakta and Pradesh Upadhyaksh
-Advocate at Civil Court , Siwan",Active till ticket distribution,Neutral Stance,With JS,Call Connected,With JS,None of the Above ,,Resigned from jan suraaj party but emotionally he is associated with jan suraaj party.Very Upset due to ticket distribution and activities of JSPT team.he will decide his role in party after meeting with pk,,Call Connected,,Interested,"Vinod Kumar Singh | Male | 53 | General | Rajput | ZP Contestant

-Former ZP Contestant, 2011, Runner Up
-Former Mukhiya Contestant, 2006, Runner Up
-Former ASA Party Pradesh Parvakta and Pradesh Upadhyaksh
-Advocate at Civil Court , Siwan",,,,,,,,Ziradei_3,4.0,,,,,,,,,,,,,,,,,,
Siwan,107-Darauli (SC),"
Chandrama Prasad",,,9973972857.0,9973972857.0,"Chandrama Prasad |Male | 48 | SC | Dusadh | MLA Contesatnt

-Jansuraaj State Executive Member
-Independent MLA Contested (Got 9000 Votes) in 2020
-Former LJP MLA Contested in 2005 ( got 5000 Votes)
-Former RJD District President  Sc st Cell ( 2020-2022)
-Former LJP State general sec. ( 2005-2010)

",Not Active,,,Call Connected,Not with JS,,,,,,,,,,,,,,,,,,,,,,,,,,,,,,,,,,,
Siwan,107-Darauli (SC),Nandji Ram,,,9006685365.0,9006685365.0,"Nandji Ram | Male | 61 | SC | Ravidas | Loksabha Contestant

-Former Loksabha Contested on CPIML ticket , Bagaha (2004, Got 73000 Votes, 1999, got 77000 votes,  1998, Bagha , got 69000 Votes, 1996 , got 67000 votes 
-Former MLA Contestant Darauli, Independent 2010, Got 7500 votes, and 1990 IPF , Mairwa (4900) Votes
-Former CPIML Zila Committee Sadasya (1978 to 2023)
-Jan Suraaj State Executive Commitee Member",Active till ticket distribution, Contested as an Candidate from other Party,With JS,Not Received ,,,,Called Multiple times but not received,,,,,"Nandji Ram | Male | 61 | SC | Ravidas | Loksabha Contestant

-Former Loksabha Contested on CPIML ticket , Bagaha (2004, Got 73000 Votes, 1999, got 77000 votes,  1998, Bagha , got 69000 Votes, 1996 , got 67000 votes 
-Former MLA Contestant Darauli, Independent 2010, Got 7500 votes, and 1990 IPF , Mairwa (4900) Votes
-Former CPIML Zila Committee Sadasya (1978 to 2023)
-Jan Suraaj State Executive Commitee Member",,,,,,,,No,,,,,,,,,,,,,,,,,,,
Siwan,107-Darauli (SC),"
Ganesh Ram",53.0,,8825208475.0,8825208475.0,"
Ganesh Ram | Male | 53 | SC | Chammar| Loksabha Contestant

-Jan Suraaj State Executive Committee member
-Former BSP State general Secretary (2000-2016)
-MLA Contested in 2000 got 3700 votes on BSP ticket
-MLA contested in 2015 got 3800 votes on BSP ticket
-Forner MP Candidate in 2014 got 22000 votes on BSP ticket
-Advocate at Session Court
",Candidate,,,Call Connected,With JS,,,,,,,,,,,,,,,,,,,,,,,,,,,,,,,,,,,
Siwan,108-Raghunathpur,Anita Kumari alias Anita Singh,,,9631608028.0,9354443125.0,"Anita Singh | Female | 47 | General | Rajput | ASA Rahstriya Mahasachiv

-Former ASA Rashtraiya Mahasachiv, 2024 To 2025
-Former JDU Member, 2019 To 2023
-Buisnesswoman
-Social Worker(Works For Women Empowerment in Rural Areas)",Active till ticket distribution, Contested as an Candidate from other Party,Not with JS,Call Connected,With JS,Willing to Work in Sangathan at Dist/State Level,,"she did not get a ticket, he contested the election independently, but he is still associated with the party and will continue to work responsibly within the organization.Not interested to contest the PRi election

",,,,,,,,,,,,,,,,,,,,,,,,,,,,,,,,
Siwan,108-Raghunathpur,Brajkishor Prasad Yadav,,,9661641181.0,9661641181.0,"Brajkishor Prasad Yadav | Male | 60 | OBC | Yadav | ZP Member

-Former ZP Member(2006 To 2011)
-Former Panchayat Samiti (2001 To 2006)
-Former RJD Pradesh Sachiv(2022 To 2024)
-Foremr RJD Pradhan Sachiv(2019 to 2022)
-Former CPIML State Committe Member(1990 To 2014)",Active till ticket distribution,Neutral Stance,Not with JS,Call Connected,With JS,Willing to Contest PRI election and also ready to work in sangathan,wants to meet PK ,"he was unhappy about not getting a ticket; however, they will carry out any responsibility entrusted to them by Jan Suraaj after meeting with pk and he will contest the Zp election in PRI Election.

",,,,,,,,,,,,,,,,,,,,,,,,,,,,,,,,
Siwan,108-Raghunathpur,Pashupati Nath Chaturvedi	,,,9123175169.0,9162444796.0,"Pashupati Nath Chaturvedi  | Male | 71 |Brahmin | General | Advocate

- Advocate 
-Retired Govt Employee
-Social Worker",Not Active,Neutral Stance,Not with JS,Call Connected,With JS,,want's to meet PK ,"He was associated with Jan Suraaj only for a ticket. When he did not get the ticket, he was disappointed but did not leave the party,will work as a party member in future",,,,,,,,,,,,,,,,,,,,,,,,,,,,,,,,
Siwan,108-Raghunathpur,Anita Devi,,,7277802661.0,9934992652.0,"Anita Devi | Female | OBC | Khushwaha | Incumbent Zila Parishad

-Incumbent ZP Member(2021 To Till Date)
-Runnerup Zila Parishad Candidate 2016- 2021
-Former Mukhiya winner candidate 2006-2011",Not Active,,,Call Connected,Not with JS,,,,,,,,,,,,,,,,,,,,,,,,,,,,,,,,,,,
Siwan,108-Raghunathpur,Rakesh Kumar,,,9708555444.0,9708555444.0,"Rakesh Kumar | Male |55 |General| Rajput | Businessman

-Prominent Businessman (Petrol Pump, Real State)
-RSS District Adhyatmik Treasurer ( 2021-Till Date)



",Not Active,,,Call Connected,Not with JS,,,,,,,,,,,,,,,,,,,,,,,,,,,,,,,,,,,
Siwan,108-Raghunathpur,Ajit Singh,,,7091536708.0,7091536708.0,"Ajit Singh | Male | 60 | General | Rajput | Former Mukhiya

-Former 2 Terms Mukhiya (2001 to 2006) & (2016 to 2021)
-Former Mukhiya(2015 to 2016) By Election
-Former Mukhiya Sangh Adhyaksh(2016 to 2021)
-Former JDU Block  Prabhari(2010 to 2021)",Active till ticket distribution,Active for JS,With JS,Not Received ,,,,Call Multiple times but did not received,,Call Connected,,,"-3 times Mukhiya (2001-2006, 2011-2016,2016-2021)
- Mukhiya Sangh Adhyaksh (2016-2021)
-JDU District comittee secretary
-Lost 2021 Mukhiya elections by mere 43 votes.",,,,,,,,No,,,Dicey,,,,,,,,,,,,,,,,
Siwan,108-Raghunathpur,Ravi Prakash Tiwari,,,9939061015.0,9939061015.0,"Ravi Prakash Tiwari | Male | 52 | General | Brahmin | Former Mukhiya

-Former 2 Terms Mukhiya , 2006 To 2016
-Former Defacto(Bhabhi) Mukhiya , 2021 To Till Date
-Uncle was Mukhiya 1968 To 2001
-Grandfather Was Also Mukhiya
-Former Congress Member, 1990 To 2025
-Runs a Coaching Centre",Not Active,Neutral Stance,Not with JS,Call Connected,With JS,Willing to Contest PRI election and also ready to work in sangathan,want's to meet PK ,"He is very upset with JSPT. He says that people from JSPT always used to dominate, which made him unhappy, but he is still associated with the party.",,,,,,,,,,,,,,,,,,,,,,,,,,,,,,,,
Siwan,109-Daraundha,Dinesh Kumar Singh,,,8757960293.0,8757960293.0,"Dinesh Kumar Singh | Male | 55 | General | Rajput | MLA Contestant

-Former MLA Contestant, 2010, NCP, Ziradei, got 1708 Votes
-Former MLC Contestant, 2003 , Siwan, Got 85 Votes
-Former NCP Member, 2005 To 2005
-Former BJP Member 2013 To 2024
",Active till ticket distribution,Active for JS,With JS,Call Connected,With JS,Willing to Work in Sangathan at Dist/State Level,wants to meet PK ,"He is associated with Jan Suraaj with great honesty and will always remain associated. He left the JDU party only to join Prashant Ji’s mission to change Bihar, and he is determined to see this mission through,Not interested to contest the PRI election.",,,,,"Dinesh Kumar Singh | Male | 55 | General | Rajput | MLA Contestant

-Former MLA Contestant, 2010, NCP, Ziradei, got 1708 Votes
-Former MLC Contestant, 2003 , Siwan, Got 85 Votes
-Former NCP Member, 2005 To 2005
-Former BJP Member 2013 To 2024
",,,,,,,,No,,,,,,,,,,,,,,,,,,,
Siwan,109-Daraundha,Kushlendra Singh,,,8866553333.0,8866553333.0,"Kushlendra Singh | Male | 45 | General | Rajput | MLA Contestant

-Former MLA Contestant(2020), Daraundha, got 4ooo Votes
-Contractor
",Active till ticket distribution,Neutral Stance,Not with JS,Call Connected,Not with JS,,,,,,,,,,,,,,,,,,,,,,,,,,,,,,,,,,,
Siwan,109-Daraundha,Vinay Kumar Singh,,,9955110052.0,9955110052.0,"Vinay Kumar Singh | Male |  57 | General | Rajput | Incumbent Panchayat Samiti

-Incumbent 3 Terms Panchayat Samiti,  2006-2016 & 2021 To Till Date
-Former Panchayat Samiti Contestant
-Former JDU Zila Upadhyaksh(2003 To 2024)
-Former Samta Party Member(1995 To 2001)
-Jan Suraaj Pradesh Karyasamiti Sadasya",Not Active,,,Call Connected,With JS,Willing to Contest PRI election and also ready to work in sangathan,,"They were unhappy about not getting a ticket; however, they will carry out any responsibility entrusted to them by Jan Suraaj.

",,,,,,,,,,,,,,,,,,,,,,,,,,,,,,,,
Siwan,109-Daraundha,Dr Manjeet Ranjan,,,6205669730.0,9386277386.0,"DR Manjeet Ranjan | Male | 46 | General | Rajput | Doctor

-Director Of Mount Litera School, Patna
-Runs a Private Clinic in Siwan
-Elder Brother BK Singh Contested Assembly Election in 2010, Daraunda , got 31000 votes
-Paediatric Doctor
",Not Active,,,Call Connected,Not with JS,,,,,,,,,,,,,,,,,,,,,,,,,,,,,,,,,,,
Siwan,109-Daraundha,Yogendra Singh,,,9006906290.0,9006906290.0,"Yogendra Singh | Male | 68 | General | Rajput | MLA Contestant

-Former MLA Contesatnt, BJP, 1990 , got 16680 votes
-Former BJP Zila Prabhari
-Former BJP Zila Upadhyaksh
-Former BJP Kisan Morcha Upadhayaksh
-Brick Klin Business
-Agriculture",Active till ticket distribution,Helped Other Party,Not with JS,Call Connected,Not with JS,,,Joined another Party,,,,,,,,,,,,,,,,,,,,,,,,,,,,,,,,
Siwan,109-Daraundha,Anand Kumar Singh,,,7481990767.0,7481990767.0,"Anand Kumar Singh | Male | 35 | General | Rajput | MLA Contestant

-Former MLA Contestant, 2020, Daraunda Constituency, Independent, got 2500 Votes
-Former Defacto BDC Contestant, 2021, Got 600 Votes
-Former BJP Zila Upadhyaksh(2017 To 2019)
-Former BJP Zila Mahamantri(2019 to 2020)
-Jan Suraaj Zila Upadhyaksh",Active till ticket distribution,Neutral Stance,With JS,Call Connected,With JS,Willing to Contest PRI election and also ready to work in sangathan,,"He associate with Jan Suraaj and work actively for the organization efforts with commitment and responsibility.his wife will contest the zila parishad election 

",,Call Connected,,Interested,"-Assembly Contested in 2020 got 3200 votes.
-His Mother was BDC Runner up in 2021.
-Zila Upadhyaksh of Yuva Morcha BJP in 2017-19
-Occupation: Ayurved Medicines Distributer
-Education: Intermediate",,,,,,,,Mashrakh_28,28.0,Yes,,,,,,,,,,,,,,,,,
Siwan,109-Daraundha,Satyendra Kumar Yadav,52.0,,7479496607.0,9007098587.0,"Satyendra Kumar Yadav | Male | 52 | OBC | Yadav
-Jansuraaj Block Vice President
-Prominent Businessman ( SKYRL Pvt Limited, Tranposrt & Building Material)
-Prominent farmer ( 30 Acre Land)
-Member of Vihangam Yog Sandesh
-Social Worker ( Helping Poor Girls for their marriages & Education)
",Candidate,,,,,,,,,,,,,,,,,,,,,,,,,,,,,,,,,,,,,,,
East Champaran,11-Sugauli ,Shiv Kumar Jha,,,9955001656.0,9955001656.0,"Shiv Kumar Jha| 60 | Male |General | Brahmin | Retired Govt Officer

-Retd from forest department as forest ranger in 2024
-Graduate in Forestry
",Not Active,,,Call Connected,With JS,Willing to Work in Sangathan at Dist/State Level,,associate with jan suraaj party but not much interested to work ,,,,,,,,,,,,,,,,,,,,,,,,,,,,,,,,
East Champaran,11-Sugauli ,Sanjeev Kumar,,,7903993811.0,7903993811.0,"Sanjeev Kumar | Male | 37 |General | Rajput | Businessman

- Businessman(Whole Seller-Kirana and electronic Shop)
-Post Graduate
",Active till ticket distribution,Neutral Stance,Not with JS,Call Connected,With JS,Willing to Work in Sangathan at Dist/State Level,,"Tickets were given in the wrong way to the wrong people. The organization must be strengthened, and Prashant Ji must win the trust and support of the people.",,,,,,,,,,,,,,,,,,,,,,,,,,,,,,,,
East Champaran,11-Sugauli ,Ajay Kumar Jha,53.0,,8586853737.0,8586853737.0,"Ajay Kumar Jha | Male | 53 | Brahmin| Mukhiya 

-Incumbent Mukhiya of Jaitapur Panchayat(2021 to Till Date)
-Ajay Kumar Associate PVT Accounts Consultancy
-Social Worker ( working on Health and Education)
-Director Assentic Educare Foundation
-Jan Suraaj District Executive Member  
-Former BJP Member ( 2019-22)
-Chartered Accountant",Candidate,,,Call Connected,With JS,,,,,,,,,,,,,,,,,,,,,,,,,,,,,,,,,,,
East Champaran,11-Sugauli ,Ranjit Kumar,,,8789352996.0,8789352996.0,"Ranjit Kumar | Male | 44 | EBC | Kalwar | Incumbent PACS Adhyaksh

-Incumbent 3 Consecutive Terms PACS Adhyaksh, 2014 To Till Date
-Former BJP Zila Sahkarita Prakosht, Adhyaksh, 2014 To 2024
-Cloth Merchant",Active till ticket distribution,Active for JS,With JS,Call Connected,With JS,Willing To Contest Panchayati Raaj ,,"They were unhappy about not getting a ticket; however, they will carry out any responsibility entrusted to them by Jan Suraaj.
",,Call Connected,,Not Interested,"Ranjit Kumar | Male | 44 | EBC | Kalwar | Incumbent PACS Adhyaksh

-Incumbent 3 Consecutive Terms PACS Adhyaksh, 2014 To Till Date
-Former BJP Zila Sahkarita Prakosht, Adhyaksh, 2014 To 2024
-Cloth Merchant",,,,,,,,Ramgarhwa_3,,,,,,,,,,,,,,,,,,,
East Champaran,11-Sugauli ,Sinki Devi,,,9631160773.0,8797408536.0,"Sinki Devi | Female | 28 | EBC | Mallah | Incumbent Panchayat Samiti 

-Incumbent Panchayat Samiti (2021 To Till Date)
-Brick Klin Business
-Works for Women Empowerment",Not Active,,,Call Connected,Not with JS,,,,,,,,,,,,,,,,,,,,,,,,,,,,,,,,,,,
East Champaran,11-Sugauli ,Lalbabu Singh,,,8521041511.0,9905042837.0,"Lalbabu Singh | Male | 56 | General | Rajput | Assembly Election Contestant

-Former Assembly Election Contestant, Adapur, 1995, Bihar Peoples Party , Got 1185 Votes
-Son was Sarpanch, 2001 To 2011
-Former ASA Party , Pradesh Upadhyaksh, 2024 To 2025
-Former JDU Pradesh Upadhyaksh, 2005 To 2020
-Former Samta Party, Pradesh Delegate, 1995 To 2003
-Former Congress Zila Mahamantri, 1985 To 1990",Active till ticket distribution,Helped Other Party,,Not Received ,,,,Call Multiple times but did not received,,,,,,,,,,,,,,,,,,,,,,,,,,,,,,,,
East Champaran,11-Sugauli ,Vijay Kumar Sahani,,,9507624625.0,9142901177.0,"Vijay Kumar Sahani | Male | 37 | EBC | Mallah | Former Defacto ZP Contestant

-Former Defacto(Wife)ZP Contestant, 2021, Got 4500 Votes
-Runs a Aryan Emergency Hospital, Sugauli
-Film Producer & Actor
-Social Worker(Provide Health Benefits to Needy at Very Low Cost)",Active till ticket distribution,Neutral Stance,,Call Connected,With JS,Willing To Contest Panchayati Raaj ,,,,,,,,,,,,,,,,,,,,,,,,,,,,,,,,,,
Siwan,110-Barharia,Ashok Kumar Kuhswaha,,,9716168696.0,7766003591.0,"Ashok Kumar Kuhswaha | Male | 36 | OBC | Kushwaha | MLA Contestant

-Former MLA Contestant, 2020, Barharia Constituency, Independent, got 1300 Votes
-Former ZP Contestant(2021), Got 1200 Votes
-Former CPI ML Vidhan Sabha Prabhari(2020 To 2023)
-Former RLSP National Youth Secretary(2018 To 2020)
-Former AAP Ward Coordinator(2014)
-Advocate",Not Active,,,Call Connected,Not with JS,,,"He joined the party solely for the tickets; however, after he did not receive them, he left and joined another party.",,,,,,,,,,,,,,,,,,,,,,,,,,,,,,,,
Siwan,110-Barharia,Narsingh Chauhan,,,9973418800.0,9973418800.0,"Narsingh Chauhan | Male | 54 | EBC | Nonia | MLA Contestant

-Former MLA Contestant, 2010, Barharia, Independent, Got 3000 Votes
-Former MLA Contestant, Siwan, Gondwana Gadar Party, Got , 2000 Votes
-Former LJP, EBC Cell Zila Adhayksh, 2010 To 2015
-Sister In Law is Pancahyat Samiti 2 Terms
-Jan Suraaj Anumandal Sanghatan Mahasachiv",Active till ticket distribution,Active for JS,With JS,Call Connected,With JS,Willing to Contest PRI election and also ready to work in sangathan,,"He is with Jan Suraaj and will carry out his organizational responsibilities with complete honesty. He will field his wife in the Panchayat elections. He himself wants to contest the Vidhan Sabha elections, but he will follow whatever decision the party makes.

",,Call Connected,,Interested,"Narsingh Chauhan | 48 Male | EBC | Nonia

-De facto BDC since the last two terms, lost Pramukh elections by 2 votes in 2021
-Was Associated with LJP as EBC Prakoshth Zila Adhyaksh
-Prominent Noniya name.",,,,,,,,Pachrukhi_21,21.0,Yes,,,,,,,,,,,,,,,,,
Siwan,110-Barharia,Anita Acharya,,,8797211197.0,8797211197.0,"Anita Acharya | Female | 57 | General | Bhumihar | Ward Councilor Contetant

-Former Ward Councilor Contestant, Got 500 Votes
-Former BJP Mahila Nagar Adhyaksh, 1997 To 2002 
Former BJP Mahila Cell Block President, 2002 To 2007
-Former BJP Teacher Cell  Spokesperson, 2020 To 2023
-Jan Suraaj Distrcit Spokesperson",Not Active,,,Not Received ,,,,Called Multiple times but did not received,,,,,,,,,,,,,,,,,,,,,,,,,,,,,,,,
Siwan,110-Barharia,Govinda Kumar Soni,,,8789270069.0,8789270069.0,"Govinda Kumar Soni | Male | 28 | OBC | Sonar | Businessman

-Jewellary Shop
-Former BJP Parkhand Upadhyaksh, 2018 To 2021
-Jan Suraaj Zila Sachiv",Active till ticket distribution,Neutral Stance,With JS,Call Connected,With JS,Willing to Work in Sangathan at Dist/State Level,,"He felt aggrieved over not getting a ticket, yet he remain open to taking  responsibility under Jan Suraaj saghthan and will not contest  Panchayat elections in the PRI election. ",,,,,"Govinda Kumar Soni | Male | 28 | OBC | Sonar | Businessman

-Jewellary Shop
-Former BJP Parkhand Upadhyaksh, 2018 To 2021
-Jan Suraaj Zila Sachiv",,,,,,,,Barharia_17,,,,,,,,,,,,,,,,,,,
Siwan,110-Barharia,Ram Das Tiwari,,,6200921625.0,6200921625.0,"Ram Das Tiwari | Male | 52 | General | Brahmin | Businessman

-Former BJP Member(1990 To 2022)
-Jan Suraaj Prakhand Upadhyaksh
-Property Dealer
-Electricals Shop",Active till ticket distribution,Neutral Stance,,Call Connected,Not with JS,,,Joined BJP,,,,,,,,,,,,,,,,,,,,,,,,,,,,,,,,
Siwan,110-Barharia,Shamim Ahmad Khan,,,9931754812.0,9931754812.0,"Shamim Ahmad Khan | Male | 62 | Minority | Pathan | Congress State Delegate

-Former Congress State Delegate(2014 To 2024)
-Former Congress Zila Adhyaksh(2010 To 2014)
-Former Congress Block President(2008 To 2010)
-Jan Suraaaj State Core Committee Member",Not Active,,,Call Connected,Not with JS,,,,,,,,,,,,,,,,,,,,,,,,,,,,,,,,,,,
Siwan,110-Barharia,Dr. Shabeena Jawed,,,7250636630.0,7250636630.0,"Dr. Shabeena Jawed | Female | 40 | Minority | BUMS Doctor

-BUMS Doctor
-Jan Suraaj State Women Cell State Secretary
-Jan Suraaj Core Committee Member
-Social Worker",Active till ticket distribution,Neutral Stance,With JS,Call Connected,With JS,,,She wants to meet PK After then she will decide her responsability,,,,,"Dr. Shabeena Jawed | Female | 40 | Minority | BUMS Doctor

-BUMS Doctor
-Jan Suraaj State Women Cell State Secretary
-Jan Suraaj Core Committee Member
-Social Worker",,,,,,,,No,,,,,,,,,,,,,,,,,,,
Siwan,111-Goriakothi,Dr Shahnawaz Alam,43.0,,8678045830.0,8678045830.0,"Dr Shahnawaz Alam | Male | 43 | Minority | Sheikh | Doctor

-Doctor 
-Runs a Private Hospital
-Runs a Private School
-Jan Suraaj State Core Committe Member",Candidate,,,,,,,,,,,,,,,,,,,,,,,,,,,,,,,,,,,,,,,
Siwan,111-Goriakothi,"
Monu Kumar Singh",,,,7979985162.0,"Monu Kumar Singh| Male | 30|  General | Rajput | Masters

-Jansuraaj ECC Member
-Former Gan Suraksha party State Vice President(2019 to2024)
-Director of Sonu & Monu Engineer Pvt Ltd
-Director of Abhimanyu Social welfare foundation
-MP Contestant but reject the Nomination
",Active till ticket distribution,Neutral Stance,With JS,Call Connected,With JS,Willing to Contest PRI election and also ready to work in sangathan,,"-Interested to Contest Zila Parishad election
-He wants to work in state commiitee of JSP",,,,,"Monu Kumar Singh| Male | 30|  General | Rajput | Masters

-Jansuraaj ECC Member
-Former Gan Suraksha party State Vice President(2019 to2024)
-Director of Sonu & Monu Engineer Pvt Ltd
-Director of Abhimanyu Social welfare foundation
-MP Contestant but reject the Nomination
",,,,,,,,Lakri Nabiganj_36,,,,,,,,,,,,,,,,,,,
Siwan,111-Goriakothi,Urmila Kumari,,,9430673394.0,9430673394.0,"Urmila Kumari | Female | 62 | General | Rajput | Retired Principal

-Retired Govt School Principal
-Jan Suraaj Zila Prabhari
-Jan Suraaj Core Committee Member",Active till ticket distribution,Neutral Stance,With JS,Call Connected,With JS,,,Interested to continue in JSP as a party worker,,,,,"Urmila Kumari | Female | 62 | General | Rajput | Retired Principal

-Retired Govt School Principal
-Jan Suraaj Zila Prabhari
-Jan Suraaj Core Committee Member",,,,,,,,No,,,,,,,,,,,,,,,,,,,
Siwan,111-Goriakothi,Ramdular Verma,,,7903164910.0,7903164910.0,"Ramdular Verma | Male | 49 | OBC | Kushwaha | Incumbentt ZP

-Incumbent Zila Parishad
-Former ZP Runner UP ( 10000 Votes in 2016)
-Former JDU District President ( Kisan cell 2020-2022)
-Former RLSP  District President (2018-2020)
-Former RLSP State Secratory (2014-2016)
-Jansuraaj Abhiyan Samiti District Coordinator
",Not Active,,,Call Connected,Not with JS,,,,,,,,,,,,,,,,,,,,,,,,,,,,,,,,,,,
Siwan,111-Goriakothi,Shail Singh ,,,7379793323.0,7379793323.0,"Shail Singh | Female | 43 | OBC |Kushwaha | JDU Zila Adhyaksh

-Former JDU Zila Adhyaksh(Mahila Cell)-2020 to 2023
-Former RLSP Mahila Cell Prdaesh Sachiv(2016 to 2020)
-Former RLSP Zila Adhyaksh Mahila Cell(2014 to 2018)
-Jan Suraaj Mahila Zila Upadhyaksh
-",Active till ticket distribution,Neutral Stance,With JS,Call Connected,With JS,Willing to Work in Sangathan at Dist/State Level,,"-Not Interested to Contest PRI Election
-She wants to take a Post in Anumandal committie",,,,,"Shail Singh | Female | 43 | OBC |Kushwaha | JDU Zila Adhyaksh

-Former JDU Zila Adhyaksh(Mahila Cell)-2020 to 2023
-Former RLSP Mahila Cell Prdaesh Sachiv(2016 to 2020)
-Former RLSP Zila Adhyaksh Mahila Cell(2014 to 2018)
-Jan Suraaj Mahila Zila Upadhyaksh
-",,,,,,,,No,,,,,,,,,,,,,,,,,,,
Siwan,111-Goriakothi,Ashok Kumar Singh,,,9939431311.0,9939431311.0,"Ashok Kumar Singh | Male | 56 | General | Bhumihar | MLA Contestant

-Former MLA Contestant, Independent, Goriakothi, 11000 Votes
-Former Mukhiya (2001 to 2006)
-Former Defacto Mukhiya(2006 to 2016)
-Former Defacto Block Pramukh(2016 to 2021)
-Incumbent Defacto Panchayat Samiti(2016 to Til Date)
-Former BJP Mandal Adhyaksh(2010 to 2015)
-Former Congress Block Presdient(1986 to 1995)
-Former BJP Member(1996 to 2015)
-Jan Suraaj State Core Committee Member",Not Active,,,Call Connected,Not with JS,,,joined another party ,,,,,,,,,,,,,,,,,,,,,,,,,,,,,,,,
Siwan,111-Goriakothi,Ravi Bhushan  Gupta ,,,9934837138.0,9934837138.0,"Ravi Kumar Gupta | Male |  EBC | Kanu | Incumbent Sarpanch

-Incumbent 2 Terms Sarpanch(2016 To Till Date)
-Former RJD member 2021- 22
Former Bjp Member EBC Cell Mandal Adhyaksh(2016 To 2021)
-Jan Suraaj Zila Sanghatan Sanyojak",Active till ticket distribution, Contested as an Candidate from other Party,,Call Connected,Not with JS,,,,,,,,,,,,,,,,,,,,,,,,,,,,,,,,,,,
Siwan,111-Goriakothi,Zulfequar Ali,,,8825364029.0,8825364029.0,"Er. Zulfequar Ali | Male | 46 | Minority | Sheikh | Mukhiya Contestant

-Former Mukhiya Contestant, 2021 & 2016, Runner Upo Both Times
-Businessman(Poultry Farm)
-B.tech(Mechanical) & M.tech(IT)

",Active till ticket distribution,Neutral Stance,,Call Connected,With JS,Willing to Contest PRI election and also ready to work in sangathan,,"- Interested to contestZila Parishad Election
-He wants to  work in District committie",,,,,,,,,,,,,,,,,,,,,,,,,,,,,,,,
Siwan,111-Goriakothi,Maulana Nooruddin Ansari,,,9430671273.0,9430671273.0,"Maulana Nooruddin Ansari | Male | 64 | Minority | Ansari | MLA Contestant

-Former MLA Contestant, Basantpur LJP 14,300 votes
-Former LJP Pradesh Upadhyaksh(Momin Conference)-2002 to 2005
-Former Janta Dal (1999 to 2000), Minority Cell Pradesh Upadhyaksh
-Former Congress (1987  to 1999), Zila Congress Committee Mmeber
-",Active till ticket distribution,Neutral Stance,,Call Connected,With JS,Willing to Work in Sangathan at Dist/State Level,,"He is upset about not getting a ticket, but  he  still with the party and want to meet Prashant.Not interested to contest the PRI election

",,,,,,,,,,,,,,,,,,,,,,,,,,,,,,,,
Siwan,111-Goriakothi,Ramesh Kumar Singh,,,8002547042.0,8002547042.0,"Ramesh Kumar Singh | Male | 41 | General | Rajput | Incumbent ZP

-Incumbent ZP  Member, 2021 To Till Date , Got 10200 Votes
-Former ZP Contestant, 2016 Got 4100 Votes
-Former BJP Yuva Morcha Zila Committe Member, 2016 To 2019
-Former BJP Yuva Kamal Club Zila Adhyaksh, 2019 To 2025
-",Active till ticket distribution,Helped Other Party,Not with JS,Call Connected,Not with JS,,,,,,,,,,,,,,,,,,,,,,,,,,,,,,,,,,,
Siwan,112-Maharajganj,"
Abhishek Kumar",,,8409877929.0,8409877929.0,"Abhishek Kumar |47 | Male | Bhumihar | General | MLA Candidate

-Jansuraaj State Executive Member
-Former MLA Candidate on NJJP ticket got 2730 Votes
-Former LJP District President (2007)
-Former National Jan Jan Party State Maha Sachiv( 2020-2022)
-District Ayukt Bharat Scout Guide ( 2015 till date)",Active till ticket distribution,Neutral Stance,With JS,Call Connected,With JS,Willing to Work in Sangathan at Dist/State Level,,,,,,,"Abhishek Kumar |47 | Male | Bhumihar | General | MLA Candidate

-Jansuraaj State Executive Member
-Former MLA Candidate on NJJP ticket got 2730 Votes
-Former LJP District President (2007)
-Former National Jan Jan Party State Maha Sachiv( 2020-2022)
-District Ayukt Bharat Scout Guide ( 2015 till date)",,,,,,,,No,,,,,,,,,,,,,,,,,,,
Siwan,112-Maharajganj,Madan Yadav,,,9508517670.0,9973149648.0,"Madan Yadav | Male | 50 | OBC | Yadav | MLA Contesatnt

-Former MLA Contestant, NCP in 2000 , got 13000 Votes
-Former BJP Karyakarini Prabhari Saran, 2014 to 2023
-Former Congress District Mahsachivi  , 2010 to 2015
-Former Congress  Mahamantri, 2005 to 2010
-Social Work(Helps in marraige of Poor girls)
-Jan Suraaj State working Committee Member",Not Active,,,Call Connected,Not with JS,,,,,,,,,,,,,,,,,,,,,,,,,,,,,,,,,,,
Siwan,112-Maharajganj,Om Parakash Prasad,,,8002557092.0,8002557092.0,"Om Parakash Prasad | Male | 59 | EBC | Dhanuk | Former Mukhiya

-Former Mukhiya(2006 to 2011)
-Former Mukhiya Contestant(2011)
-Former JDU Member(2006 2022)
-Former RJD Member(1997 to 2005)
Jan Suraaj State Working Committee Member
-Jan Suraaj Anumandal Upadhyaksh",Active till ticket distribution,Neutral Stance,,Call Connected,Not with JS,,,Joined another party JDU,,,,,,,,,,,,,,,,,,,,,,,,,,,,,,,,
Siwan,112-Maharajganj,Ajeet Kumar Singh,,,9431458642.0,9431458642.0,"Ajeet Kumar Singh | Male | 49 | General | Rajput | BJP Member

-He is Personal Assistant of Satyadev Prasad Singh ( His Uncle)
-Former BJP worker from 1995-2010
- His Uncle Satyadev Prasad singh was Former BJP MLA from Basantpur Assembly in 2000.
- Also MLA FROM Goryakothi Assembly seat IN 2015 ON RJD.
- Buisness in Transporting",Active till ticket distribution,Neutral Stance,,Call Connected,With JS,Willing to Contest PRI election and also ready to work in sangathan,,"-Interested to contest Mukhiya Election
-Wants to work in District committiee",,,,,,,,,,,,,,,,,,,,,,,,,,,,,,,,
Siwan,112-Maharajganj,Dr. Shree Bhagwan Singh,,,9771148975.0,9771148975.0,"Dr. Shree Bhagwan Sing | Male | 73 | General | Bhumihar | Loksabha Contestant

-Former Loksabha Independent Candidate , 2019, Got 40,000 Votes
-Former 2 Terms Assembly Independent Candidate(2020, got 25000 votes & 2014 By Election, got 16000 Votes
-Former JDU Member(2014 to 2024)
-Runs a Private Clinic
-MBBS(PMCH)
-Social Work (Promote Blood donation and eye donation camps)",Not Active,,,Call Connected,Not with JS,,,,,,,,,,,,,,,,,,,,,,,,,,,,,,,,,,,
Siwan,112-Maharajganj,Ex Major Mohan Kumar Pandey,,,8283015261.0,8283015261.0,"Major Mohan Kumar Pandey | Male | 47 | General | Brahmin | Retired Army Officer

-Retired Army Officer
-Younger Brother Pramod Kumar, is incumbent BDC
-Social Worker(helps Peoples in securing Job) ",Active till ticket distribution,Neutral Stance,With JS,Call Connected,With JS,Willing to Contest PRI election and also ready to work in sangathan,,He will contest PRI Election if party wants but he wants to take position in district committie,,,,,"Major Mohan Kumar Pandey | Male | 47 | General | Brahmin | Retired Army Officer

-Retired Army Officer
-Younger Brother Pramod Kumar, is incumbent BDC
-Social Worker(helps Peoples in securing Job) ",,,,,,,,No,,,,,,,,,,,,,,,,,,,
Siwan,112-Maharajganj,Upendra Singh,,,9801042225.0,9801042225.0,"Upendra Singh | Male | 54 | General | Bhumihar | Former ZP Member

-Former ZP Member, 2016 To 2021
-Former ZP Contestant, 2021 , 2011 &2006, runner Up
-Former Up Pramukh, 2001 To 2006
-Former Panchayat Samiti, 2001 To 2006
-Director Of Acgarya Drone Gyan Niketan, and Teachers Training College, Degree College",Active till ticket distribution,Neutral Stance,With JS,Call Connected,With JS,Willing to Contest PRI election and also ready to work in sangathan,,"He will contest the Zila Parishad election in the future, and will take up responsibilities in the organization if assigned.

",,Call Connected,,Interested,"Upendra singh | 52 | Male | General | Bhumihar

-Former Zp(2016- 2021 ) 
-Runnerup ZP(2021)
-Former Block Pramukh (2001-2006)- 
-Director of RK B.ed College",,,,,,,,Bhagwanpur Hat_41,41.0,Yes,,Mehdi,,,,,,,,,,,,,,,
Siwan,112-Maharajganj,Yogendra Rai,,,6266954471.0,6266954471.0,"Jogindra Rai|52|Male| General | Bhumihar|UP Pramukh
6266954471
-Incumbent Up Pramukh(2024 To Till Date)
-Incumbent BDC Member 2021 to Till Date)",Active till ticket distribution,Neutral Stance,With JS,Call Connected,With JS,Willing to Contest PRI election and also ready to work in sangathan,,"He will contest the BDC election and wants to become Pramukh  and will take up responsibilities in the organization if assigned, at the state level.

",,,,,"Jogindra Rai|52|Male| General | Bhumihar|UP Pramukh
6266954471
-Incumbent Up Pramukh(2024 To Till Date)
-Incumbent BDC Member 2021 to Till Date)",,,,,,,,Maharajganj_32,,,,,,,,,,,,,,,,,,,
Siwan,112-Maharajganj,Anand Kumar,,,8969854230.0,8969854230.0,"Anand Kumar | Male | 33 | EBC | Teli | Professor

-Assistant Professor at ANS College, Aurangabad
-Pursuing P.Hd
-Net & JRF Qualified",Not Active,,,Call Connected,With JS,None of the Above ,,"He is a professor in Aurangabad district, so he will not remain active in the field and wants to contest only the Vidhan Sabha election.

",,,,,,,,,,,,,,,,,,,,,,,,,,,,,,,,
Siwan,112-Maharajganj,Raj Kumar Bharti,,,9934116720.0,9934116720.0,"Raj Kumar Bharti | Male | 51 | OBC | Goswami | Former Block Pramukh

-Former Block Pramukh(2011 To 2016)
-Former BDC(2011 To 2016)
-Former Defacto Block Pramukh(2016 To 2021)
-Jan Suraaj Zila Sanghtan Mahasachiv
-Buisnessman(Runs a RO Plant)",Active till ticket distribution,Neutral Stance,With JS,Call Connected,With JS,Willing To Contest Panchayati Raaj ,,"He is somewhat demotivated due to not getting the ticket, but he is still with the party and will contest the Panchayat election.

",,,,,"Raj Kumar Bharti | Male | 51 | OBC | Goswami | Former Block Pramukh

-Former Block Pramukh(2011 To 2016)
-Former BDC(2011 To 2016)
-Former Defacto Block Pramukh(2016 To 2021)
-Jan Suraaj Zila Sanghtan Mahasachiv
-Buisnessman(Runs a RO Plant)",,,,,,,,No,,,,,,,,,,,,,,,,,,,
Siwan,112-Maharajganj,Baban Tiwari,,,9931790179.0,9931790179.0,"Baban Tiwari | Male | 75 | General | Bhumihar | Incumbent PACS President

-Incumbent PACS President(1994 To Till Date)
-Incumbent Vyapar Mandal President(2022 to Till date)
-Jan Suraaj Zila Kisan Adhyaksh",Active till ticket distribution,Active for JS,With JS,Call Connected,With JS,Willing to Work in Sangathan at Dist/State Level,,"He wants to work in the organization with great honesty and will field his own people in the Panchayat elections.

",,Call Connected,,Interested,"Babban Tiwari | 68 | Male | General | Bhumihar

-PACS Chairman(1992-Current)
-Vyapar Mandal Adhyaksh(2019-Current)
-Prominent Bhumihar face in Maharajganj Assembly.",,,,,,,,Bhagwanpur Hat_40,40.0,Yes,,Mehdi,,,,,,,,,,,,,,,
Siwan,112-Maharajganj,Shekhar Kumar Singh,,,9264173317.0,9264173317.0,"Shekhar Kumar Singh | Male | 32 | General | Rajput | Panchayat Samiti Contestant

-Former Panchayat Samiti Contestant, 2021, Got 612 Votes
-Jan Suraaj Yuva Prakhand Adhyaksh
-Social Worker",Active till ticket distribution,Active for JS,With JS,Call Connected,With JS,Willing to Contest PRI election and also ready to work in sangathan,,"-Interested to Contested Mukhiya Election
-He wants to  work in the District level Post",,Call Connected,,Interested,,,,,,,,,Bhagwanpur Hat_40,40.0,Yes,,,,,,,,,,,,,,,,,
Siwan,112-Maharajganj,Dilip Kumar Bharti,,,8800785132.0,8800785132.0,"Dilip Kumar Bharti | Male | 55 | OBC | Goswami | MLA Contestant

-Former MLA Contestant, 2015, Independent, Maharajganj, Got 2500 Votes
-Retired BSF Captain, 2008
-Working as an Administrator, Vidyamandir School, Fardidabad
- Bhartiya Pravasi Parishad, Rashtriya Mahaschiv
-Social Worker",Active till ticket distribution,Neutral Stance,With JS,Switch Off,,,,,,,,,"Dilip Kumar Bharti | Male | 55 | OBC | Goswami | MLA Contestant

-Former MLA Contestant, 2015, Independent, Maharajganj, Got 2500 Votes
-Retired BSF Captain, 2008
-Working as an Administrator, Vidyamandir School, Fardidabad
- Bhartiya Pravasi Parishad, Rashtriya Mahaschiv
-Social Worker",,,,,,,,No,,,,,,,,,,,,,,,,,,,
Siwan,112-Maharajganj,Priyanka Singh,,,9001204199.0,9001204199.0,"Priyanka Singh | Female | 36 | General | Rajput | Actress

-Jansuraaj State working committee Member
-Secretary of Air Force Wife welfare association.
-Jumba trainer in Indian Air Force 
-Bhojpuri Movie Actress
-Husband Kumar Sanu was Rtrd From IAF as Snr. Non Commisond Investigation  officer
",Active till ticket distribution,Neutral Stance,With JS,Call Connected,With JS,Willing to Contest PRI election and also ready to work in sangathan,,"She is quite unhappy due to not getting the ticket, but she is still associated with the party, and if given responsibilities in the organization in the future, she will take them on, and she will contest the Zila Parishad election in the Panchayat elections.

",,Call Connected,,Not Interested,"Priyanka Singh | Female | 36 | General | Rajput | Actress

-Jansuraaj State working committee Member
-Secretary of Air Force Wife welfare association.
-Jumba trainer in Indian Air Force 
-Bhojpuri Movie Actress
-Husband Kumar Sanu was Rtrd From IAF as Snr. Non Commisond Investigation  officer
",,,,,,,,No,,,,,,,,,,,,,,,,,,,
Siwan,112-Maharajganj,Ramkrishna Tarun,,,9199539189.0,9199539189.0,"Ramkrishna Tarun | Male | 63 | General | Bhumihar | Congress Member

-Former Congress Member, 1988 To 2022
-Father was Freedom Fighter
-Director Of 3 Colleges
-Owner Of Petrol Pump
-Social Worker",Not Active,,,Call Connected,Not with JS,,,,,,,,,,,,,,,,,,,,,,,,,,,,,,,,,,,
Siwan,112-Maharajganj,Sunil Ray,55.0,,9199160591.0,9199160591.0,"Sunil Ray | Male | 55 | General |  Bhumihar | MLA Contestant

-Former MLA Contestant, BSP, Maharajganj Constituency, 2010, Got 9012 Votes
-Incumbent 5 Consecutive Terms Mukhiya , 2001 To Till Date 
-Former BSP Member, 2010 To 2024
-Social Worker
-Owns a Gas Agency",Candidate,,,,,,,,,,,,,,,,,,,,,,,,,,,,,,,,,,,,,,,
Saran,113-Ekma,Jamadar Ray,,,9998492671.0,8511362216.0,"Jamadar Ray| Male | 39 | OBC | Yadav | ZP Contestant

-ZP Runner UP Area No 1 (Got 4505 Votes, 2021)
-Jansuraaj Founding Member (2022)
-Prominent Businessman (Hotel Industry in Gujarat)
-Chairmain of Shree Ridhi Sidhi Vikas Mandal Trust
-Bihar State Yadav Maha Sabha Youth President ( 2019-Till date)
-Farmer ( 5 Acre land)",Not Active,,,Call Connected,Not with JS,,,,,,,,,,,,,,,,,,,,,,,,,,,,,,,,,,,
Saran,113-Ekma,Ramesh Giri,,,8935823649.0,9631435276.0,"Ramesh Giri| Male | 47 | OBC | Goswami | Congress Block Secretary

-Jansuraaj District Coordinator
-4th Term BDC Runner Up (in 2006 Got  506 Votes, 2011 Votes Count 600, 2016 Votes Count 705, & 2021 Votes 900)
-Former State President of Shaktiman Samaj Party (2021-2022)
-Former Congress Block Secratory ( 2010-2015)",Active till ticket distribution,Active for JS,With JS,Call Connected,With JS,Willing to Contest PRI election and also ready to work in sangathan,,"He is fully commited worker with Jan Suraaj, will  contest the BDC election in  Panchayat elections, and are seeking responsibilities in the organization.",,Call Connected,,Not Interested,"*Ramesh Giri l 47 l OBC l Giri* 

- Currently, he is the General Secretary and Chief Spokesperson of Goswami Mahasabha of Bihar.
- He was a vice president of the Goswami Reservation Samiti who fought and took the reservation for the Goswami cast in Bihar.
- Runner up BDC in 2006, 2011, 2016 & 2021.
- He is the only candidate who fights with Block Pramukh.
- A Congress leader served different posts in blocks and Districts.
- Despite of slightly handicapped by leg he is very active in entire block politics and even in District.""",,,,,,,,No,,,He will contest Mukhiya election,2.0,,,,,,,,,,,,,,,
Saran,113-Ekma,"
Laliteshwar Nath AKA Lalit Tiwari",,,8539958841.0,8539958841.0,"Laliteshwar Nath AKA Lalit Tiwari | Male | 66|  General | Brahmin | ZP Contestant

-Jan Suraaj State working Commitee member
-Former RJD District President Executive Committee
-Owner of Jai Shanar Cinema & Mall
-Former ZP Runner Up (2001)
-Former BJP Member",Active till ticket distribution,Active for JS,With JS,Call Connected,With JS,Willing to Work in Sangathan at Dist/State Level,,"He is upset due to not receiving a ticket, but they remain associated with the party and will continue working in the organization.Not Contested Panchayat election",,Call Connected,,Not Interested,"-Ex-RJD District Working President, Ex ZP candidate from Baniyapur.
 - Brahman Sangh Member
 - Owner Of Cinema Hall in Ekma",,,,,,,,No,,,,,,,,,,,,,,,,,,,
Saran,113-Ekma,Santosh Kumar Singh,,,7781020277.0,7781020277.0,"Santosh Kumar Singh | Male | 42 | General | Rajput | Buisnessman

-Former Rashtriya Hindu Yuva Vahini Pradesh Sachiv, 2017 To 2022
-Jan Suraaj Padyatri, 2 Years
-Jan Suraaj sanghatan Samiti Upadhyaksh
-Buisnessman(Travel Agency, Property Dealer)
-Social Worker",Active till ticket distribution,Active for JS,With JS,Call Connected,With JS,Willing to Contest PRI election and also ready to work in sangathan,,"He is associated with the party and will contest the Zila Parishad election in the future, and will take up responsibilities in the organization if assigned.

",,,,,"Santosh Kumar Singh | Male | 42 | General | Rajput | Buisnessman

-Former Rashtriya Hindu Yuva Vahini Pradesh Sachiv, 2017 To 2022
-Jan Suraaj Padyatri, 2 Years
-Jan Suraaj sanghatan Samiti Upadhyaksh
-Buisnessman(Travel Agency, Property Dealer)
-Social Worker",,,,,,,,No,,,,,,,,,,,,,,,,,,,
Saran,113-Ekma,Rakesh Kumar Singh,,,9234304655.0,9234304655.0,"Rakesh Kumar Singh | Male | 47 | General | Rajput | LJP Pardesh Upadhyaksh

-Former LJP Pradesh Upadhyaksh, 2010 To 2015
-Former ZP Contestant, 2021, Runner Up 
-Former Mukhiya Contestant, 2016, 3rd Position
-Director Of MSVN Kids Play School",Active till ticket distribution, Contested as an Candidate from other Party,,Call Connected,With JS,Willing to Work in Sangathan at Dist/State Level,,"He had contested the election as an independent earlier, but are currently with Jan Suraaj and wish to remain in the organization in the future as well. However, they will contest the Lok Sabha election, and if they do not get a ticket, they will contest as an independent.

",,,,,,,,,,,,,,,,,,,,,,,,,,,,,,,,
Saran,113-Ekma,Vikash Kumar Singh,46.0,,9430299061.0,9753356166.0,"Vikash Kumar Singh | Male | 46 | General | Rajput | Businessman

-Proprietor at MS Divya Construction
-Director of Apex Divya Infra
",Candidate,,,,,,,,,,,,,,,,,,,,,,,,,,,,,,,,,,,,,,,
Saran,114-Manjhi,Abhishek Kumar Tiwari,,,9015113024.0,9015113024.0,"Abhishek Kumar Tiwari | Male | 32 | General | Mukhiya Contestant

-Former Mukhiya Contestant(2016 & 2021)
-Property Dealer
-Runs a Private School Jagat lal Town School and BPSC Coaching Centre
-Secretary of Asha a Ray of Hope, NGO
-Provide Free coaching to poor student",Active till ticket distribution,Active for JS,With JS,Call Connected,With JS,Willing to Contest PRI election and also ready to work in sangathan,,"He worked for YV Giri during the election and In the upcoming Panchayat elections, they will contest the Zila Parishad election.

",,Call Connected,,Interested,"Abhishek Kumar Tiwari | Male | 32 | General | Mukhiya Contestant

-Former Mukhiya Contestant(2016 & 2021)
-Property Dealer
-Runs a Private School Jagat lal Town School and BPSC Coaching Centre
-Secretary of Asha a Ray of Hope, NGO
-Provide Free coaching to poor student",,,,,,,,Manjhi_9,,,,,,,,,,,,,,,,,,,
Saran,114-Manjhi,Bachcha Prasad Ray,,,7061694794.0,7061694794.0,"Bachcha Yadav | Male | 53 | OBC | Yadav 

-Former Mukhiya Contestant(2001)-832 Votes
-Decato Panchayat Samiti-2011 to 2016
-Defacto Kopa Nagar Parishad Chairman Contestant-2022, 1065 votes
-Former AIKS(Kisan Sanghatan) Distrcit President 2009 to 2018
-Former AIKS(Kisan Sanghatan) Rajya Karyakarini Sadasya(2018 to 2022)
-Former CPM Rajya Karyakarini Sadasya(2020 to 2022)
-Former CPM Zila Karyakarini Sadasya(2009 to 2018)
-Former DYFI Student Union( 1998 to 1999)
",Active till ticket distribution,Active for JS,With JS,Call Connected,With JS,Willing to Work in Sangathan at Dist/State Level,,"He associated with Jan Suraaj and work actively for the organization efforts with commitment and responsibility and will not contest the PRI election due to his panchayat comes under Nagar Panchahyat

",,,,,"Bachcha Yadav | Male | 53 | OBC | Yadav 

-Former Mukhiya Contestant(2001)-832 Votes
-Decato Panchayat Samiti-2011 to 2016
-Defacto Kopa Nagar Parishad Chairman Contestant-2022, 1065 votes
-Former AIKS(Kisan Sanghatan) Distrcit President 2009 to 2018
-Former AIKS(Kisan Sanghatan) Rajya Karyakarini Sadasya(2018 to 2022)
-Former CPM Rajya Karyakarini Sadasya(2020 to 2022)
-Former CPM Zila Karyakarini Sadasya(2009 to 2018)
-Former DYFI Student Union( 1998 to 1999)
",,,,,,,,No,,,,,,,,,,,,,,,,,,,
Saran,114-Manjhi,Brajendra Kumar Singh,,,9934290905.0,9934290905.0,"Brajendra Kumar Singh | Male | General | Rajput | Former JDU Pradesh Mahasachiv

-Former JDU Pradesh Mahasachiv(2011 to 2022)
-Former RJD Zila Upadhyaksh(2005 to 2010)
-Former 2 Terms ZP Contestant(2006-8862 votes & 2011-9181 Votes)",Active till ticket distribution,Neutral Stance,With JS,Not Received ,,,,,,Call Connected,,Not Interested,"Brajendra Kumar Singh | Male | General | Rajput | Former JDU Pradesh Mahasachiv

-Former JDU Pradesh Mahasachiv(2011 to 2022)
-Former RJD Zila Upadhyaksh(2005 to 2010)
-Former 2 Terms ZP Contestant(2006-8862 votes & 2011-9181 Votes)",,,,,,,,No,,,,,,,,,,,,,,,,,,,
Saran,114-Manjhi,Uday Shankar Singh,,,8825207711.0,8825207711.0,"Uday Shankar Singh | Male | 60 | General | Rajput | Incumbent Mukhiya

-Incumbent 2 Terms Mukhiya(2016 To Till Date)
-Former Mukhiya Contestant(2001)
-Former Samajwadi Janta Party (1990 to 2005) Member
-Jan Suraaj Rajya Parisahd Sadasya",Active till ticket distribution,Active for JS,With JS,Call Connected,With JS,Willing to Contest PRI election and also ready to work in sangathan,,He is  active with Jan Suraaj and will work in the organization with full honesty. he will also contest the Mukhiya election,,,,,"Uday Shankar Singh | Male | 60 | General | Rajput | Incumbent Mukhiya

-Incumbent 2 Terms Mukhiya(2016 To Till Date)
-Former Mukhiya Contestant(2001)
-Former Samajwadi Janta Party (1990 to 2005) Member
-Jan Suraaj Rajya Parisahd Sadasya",,,,,,,,No,,,,,,,,,,,,,,,,,,,
Saran,114-Manjhi,Yadu Vansh Giri,76.0,,8789066963.0,8789066963.0,"Yadu Vansh Giri | Male | 76 | OBC | Goswami | Advocate

- Prominent and Senior Lawyer of Patna High Court
- Former legal advisor to various Governors of Bihar
- Former Additional Advocate General of Bihar
- Former Additional Solicitor General of India for Central Government cases in Patna High Court
- National Cheif Spokesperson of Jan Suraaj Party",Candidate,,,,,,,,,,,,,,,,,,,,,,,,,,,,,,,,,,,,,,,
Saran,115-Baniapur,Suresh Sah,,,9199162090.0,9199162090.0,"Suresh Sah | 43| EBC | Kanu | Ex Mukhiya

Jansuraaj state working Committee Member
-Former 2 term Mukhiya ( 2011-2021)
-Mukhiya Runner Up in 2021 got 1960 votes 
-Businessman ( Farmer, Rice Mill,& Flor Mill)",Active till ticket distribution,Active for JS,With JS,Call Connected,With JS,Willing to Contest PRI election and also ready to work in sangathan,,"He was frustruated about not getting a ticket; however, they will carry out any responsibility entrusted to them by Jan Suraaj and he will contested mukhiya election in PRI election

",,Call Connected,,Interested,"Suresh Sah | 43| EBC | Kanu | Ex Mukhiya

Jansuraaj state working Committee Member
-Former 2 term Mukhiya ( 2011-2021)
-Mukhiya Runner Up in 2021 got 1960 votes 
-Businessman ( Farmer, Rice Mill,& Flor Mill)",,,,,,,,Maharajganj_31,31.0,Yes,,,,,,,,,,,,,,,,,
Saran,115-Baniapur,Shyam Kumar Singh,,,8709708205.0,9504040751.0,"Shyam Kumar Singh | Male | 41 | General | Rajput | Merchant Navy Officer

-Merchant Navy officer
-Runs a Shipping Company
-Jan Suraaj Zila Upadhyaksh
-Social Worker(Helps more Than 20,000 people to get a job)
",Active till ticket distribution, Contested as an Candidate from other Party,,Call Connected,Not with JS,,,Not interested to talk ,,,,,,,,,,,,,,,,,,,,,,,,,,,,,,,,
Saran,115-Baniapur,Shrawan Kumar Mahto,56.0,,9199113117.0,9199113117.0,"Shrawan Kumar Mahto | Male | 56 | EBC | Nonia | Former Mukhiya

-Former Mukhiya(2011 to 2021)
-Former VIP Pardesh Sachiv(2018 to 2020)
-Former CPIML Block Secretary(1990 To 1995)
-Jan Suraaj Zila Sanghatan Mahaschiv",Candidate,,,,,,,,,,,,,,,,,,,,,,,,,,,,,,,,,,,,,,,
Saran,115-Baniapur,Pushpa Kumari,,,9162026444.0,8210905307.0,"Pushpa Singh | Female | General | Rajput | ZP Member

-Former ZP Member, 2016 To 2021
-Former MLA Contestant, Baniapur Constituency, Independent, 2020, Got 5000 Votes
-Former LJP Zila Adhyaksh, Mahila Cell, 2018 To 2020
-Jan Suraaj Anumandal Adhyaksh",Active till ticket distribution, Contested as an Candidate from other Party,,Call Connected,Not with JS,,,Joined another Party ,,,,,,,,,,,,,,,,,,,,,,,,,,,,,,,,
Saran,116-Taraiya,Dr Prateek Kumar,,,9162624094.0,9162624094.0,"Dr Prateek Kumar | Male | 44 | General | Rajput | Doctor

-BDS Doctor
-Former Defacto ZP Member(2011 To 2016)
-Businessman(retail Outlet & Petrol Pump)
-Jan Suraaj Anumandal Upadhyaksh
-Runs a Dental Clinic",Active till ticket distribution,Neutral Stance,With JS,Not Received ,,,,,,,,,"Dr Prateek Kumar | Male | 44 | General | Rajput | Doctor

-BDS Doctor
-Former Defacto ZP Member(2011 To 2016)
-Businessman(retail Outlet & Petrol Pump)
-Jan Suraaj Anumandal Upadhyaksh
-Runs a Dental Clinic",,,,,,,,No,,,,,,,,,,,,,,,,,,,
Saran,116-Taraiya,Kumar Shivam,,,9693849417.0,9693849417.0,"Kumar Shivam | Male | 30 | General | Kayastha | BJP Vidhansabha Prabhari

-Former BJP Vidhansabha Prabhari from Saran Assembly (2020 to 2022)
-Incumbnt Defacto Pacs President (2019)
-Civil Engineer ",Active till ticket distribution,Active for JS,With JS,Call Connected,With JS,Willing to Work in Sangathan at Dist/State Level,,"He will not contest the Panchayat elections but will work in the organization at  District or State level

",,,,,"Kumar Shivam | Male | 30 | General | Kayastha | BJP Vidhansabha Prabhari

-Former BJP Vidhansabha Prabhari from Saran Assembly (2020 to 2022)
-Incumbnt Defacto Pacs President (2019)
-Civil Engineer ",,,,,,,,No,,,,,,,,,,,,,,,,,,,
Saran,116-Taraiya,Ravi Prabhat Pankaj AKA Guddu Singh,,,7488257464.0,9931249891.0,"Ravi Prabhat Pankaj AKA Guddu Singh | Male | 43 | General | Rajput | Former ZP

-Jansuraaj DSC Member
-Former Zila Parishad ( 2016-2021)
-Former Runner up Zila Parishad President In 2018 lost by 8 Votes
-Former RLSP State Secratory ( 2018-2019)",Not Active,,,Switch Off,,,,,,,,,,,,,,,,,,,,,,,,,,,,,,,,,,,,
Saran,116-Taraiya,Satyendra Kumar Sahni,54.0,,7352043944.0,7352043944.0,"Satyendra Kumar Sahni | Male | 54 | EBC | Mallah | Loksabha Contestant

-Former Loksabha Contestant, 2009, Maharajganj, CPIML, got 4420 Votes
-Former 3 Times Assembly Contestant(2005, Taraiya, got 1794 Votes 2005, Taraiya, got 1640 votes & 2010, Taraiya , 2010 , got 1580 Votes
-Former JDU Zila Prabhari- 2019 to 2021
-Former JDU Jal Shramik Cell Pradesh Adhyaksh(2016 to 2019)
-Former CPIML Sachiv(1990 to 20130
-Jan Suraaj Taraiya Prakhand Prabhari",Candidate,,,,,,,,,,,,,,,,,,,,,,,,,,,,,,,,,,,,,,,
Saran,116-Taraiya,Uday Pratap Singh,,,9304156321.0,9304156321.0,"Uday Pratap Singh | Male | 52 | General | Rajput | Former Panchayat Samiti

-Former Mukhiya Contestant, 2006, 
-Former Panchayat Samiti(2011 To 2016)
-Jan Suraaj Abhiyaan Samiti Sadasya
-Jan Suraaj Prakahnd Sah Sanyojak
",Active till ticket distribution,Active for JS,With JS,Call Connected,With JS,Willing to Contest PRI election and also ready to work in sangathan,,"He is associated with the party and will contest the Zila Parishad election in the future, and will take up responsibilities in the organization if assigned.

",,,,,"Uday Pratap Singh | Male | 52 | General | Rajput | Former Panchayat Samiti

-Former Mukhiya Contestant, 2006, 
-Former Panchayat Samiti(2011 To 2016)
-Jan Suraaj Abhiyaan Samiti Sadasya
-Jan Suraaj Prakahnd Sah Sanyojak
",,,,,,,,Taraiya_23,,,,,,,,,,,,,,,,,,,
Saran,116-Taraiya,Seema Prasad,,,9431313162.0,9431313162.0,"Seema Prasad | Female | 51 |  EBC | Nonia | LIC Agent

-LIC Agent
-Worked For Booth level Committee Of BJP
-Social Worker(Worked For Women Empowerment, Helps Poor Student Financially)",Active till ticket distribution,Active for JS,With JS,Call Connected,Not with JS,,,Not interested to talk and cut the call multiple times ,,,,,"Seema Prasad | Female | 51 |  EBC | Nonia | LIC Agent

-LIC Agent
-Worked For Booth level Committee Of BJP
-Social Worker(Worked For Women Empowerment, Helps Poor Student Financially)",,,,,,,,No,,,,,,,,,,,,,,,,,,,
Saran,117-Marhaura,Parbhat Kumar,,,9911771277.0,9911571863.0,"Parbhat Kumar| Male | 57 | OBC | Goswami| Hotel Management

-Jansuraaj DSC Member
-Independent MLA Contested ( 1731 votes)
-Independent MP Contested in 2019 & 2024 from 20-Saran ( 2306 Votes)
-Active Social Worker ( Founder of SS Foundation, Working on Education & health)
-former Air India Chef
-Hotel Management & Tourism Aonje University Of France ",Active till ticket distribution,Active for JS,With JS,Call Connected,With JS,Willing to Work in Sangathan at Dist/State Level,,"He will not contest the Panchayat election, but will take up organizational responsibilities in the party if given.",,Call Connected,,Interested,"- MP contestant from Saran PC ( 2019 & 2024 )
- MLA Contestant from Marhaura AC",,,,,,,,Nagra_19,19.0,Yes,Thori der me ZP seat no. bta rhe h,Dev,,,,,,,,,,,,,,,
Saran,117-Marhaura,Abhishek Kumar Rai,,,6200640913.0,6200640913.0,"Abhishek Kumar Rai | Male | 45 | OBC | Yadav | MLA Contestant

-Former MLA Contestant, 2010, Independent, Marhaura, Got 1174 Votes
-Incumbent PACS President(2014 To Till Date)
-Former Defacto Panchayat Samiti(2006 To 2016)
-Former Defacto Mukhiya (2016 To 2021)
-Jan Suraaj State Working Committee Member",Active till ticket distribution,Helped Other Party,,Not Received ,,,,,,,,,,,,,,,,,,,,,,,,,,,,,,,,,,,,
Saran,117-Marhaura,Rajnandan Prasad,,,9334764590.0,9334764590.0,"Rajnandan Prasad | Male | 63 | OBC | Yadav | Businessman

-Real Estate(Land Selling and Purchasing
-Salon Owner
-Jan Suraaj DSC Member",Active till ticket distribution,Helped Other Party,With JS,Call Connected,With JS,None of the Above ,, Interested to work only as a Party member in JSP,,Call Connected,,Interested,"- Ex-Defacto three terms Mukhiya of Kuriyan GP (2001-16)
- Jitendra Kumar Rai Slo Yaduvanshi Rai , MLA Leader (6 times) is very close to him.",,,,,,,,Nagra_19,19.0,Yes,"Delimitation ke baad batayenge, 
not found so serious about zp as inko naam bhi nhi pta hai",,,,,,,,,,,,,,,,
Saran,117-Marhaura,Naveen Kumar Singh,54.0,,9473267021.0,9570756851.0,"Naveen Kumar Singh | Male | 54 | General | Bhumihar | Defacto Incumbent ZP 

-Incumbent Defacto ZP Member(2021 to Till Date)
-Former Defacto ZP Member(2006 to 2016)
-Former JDU District President (2007 to 2010)
-Former Membr of Syndicate at JP University(2007 to 2010)
",Candidate,,,,,,,,,,,,,,,,,,,,,,,,,,,,,,,,,,,,,,,
Saran,117-Marhaura,Sampa Singh,,,9122110330.0,9122110330.0,"Sampa Singh | Female | 61 | General | Rajput | Ward Councilor

-Incumbent Ward Councillor from ward 8
-Active Member of Jansuraaj
-Donated land for School & College by her family.",Active till ticket distribution,Helped Other Party,Not with JS,Call Connected,With JS,Willing to Work in Sangathan at Dist/State Level,,"She was upset about not getting the ticket, but she is still with the party. If she is given responsibilities in the organization in the future, she will take them. She will contest the Ward Councillor election 

",,,,,,,,,,,,,,,,,,,,,,,,,,,,,,,,
Saran,117-Marhaura,Shakil Ahmad Ata,,,9199886438.0,9199886438.0,"Shakil Ahmad Ata | Male | Minority | Sheikh | Professor

-Head Of Department at JP University, Political Science
-Contested Senate Election at JP University.
-Journalist at Dainik Hindustan
-Former Captain at NCC(2000 to 2020)
-Jan Suraaj State Core Committee Member
-Ph.D in Political Science",Active till ticket distribution,Neutral Stance,With JS,Call Connected,With JS,Willing to Work in Sangathan at Dist/State Level,,"He is upset about not getting a ticket, but He still with the party and want to meet Prashant and take any responbility in the sanghthan .

",,Busy,,,"Shakil Ahmad Ata | Male | Minority | Sheikh | Professor

-Head Of Department at JP University, Political Science
-Contested Senate Election at JP University.
-Journalist at Dainik Hindustan
-Former Captain at NCC(2000 to 2020)
-Jan Suraaj State Core Committee Member
-Ph.D in Political Science",,,,,,,,No,,,,2.0,,,,,,,,,,,,,,,
Saran,117-Marhaura,Md Iliyas Ansari,,,8002545657.0,6209545657.0,"Md Iliyas Ansari | Male | 39 | Minority | Ansari | Incumbent ZP Member

-Incumbent ZP Member, 2021 To Till Date
-Jan Suraaj Prakahnd Prabhari
-Farmer",Active till ticket distribution,Neutral Stance,With JS,Call Connected,With JS,Willing to Contest PRI election and also ready to work in sangathan,,"He is associated with the party and will contest the Zila Parishad election in the Panchayat chunav, and will take up responsibilities in the organization if assigned.

",,,,,"Md Iliyas Ansari | Male | 39 | Minority | Ansari | Incumbent ZP Member

-Incumbent ZP Member, 2021 To Till Date
-Jan Suraaj Prakahnd Prabhari
-Farmer",,,,,,,,No,,,,,,,,,,,,,,,,,,,
Saran,117-Marhaura,Dr Nutan Kumari,,,9771755213.0,9771755213.0,,Active till ticket distribution,Helped Other Party,Not with JS,Call Connected,With JS,None of the Above ,,She is very upset about not getting the ticket and will decide whether to stay with the party or not after meeting Prashant. She will not contest the panchayat elections.,,,,,,,,,,,,,,,,,,,,,,,,,,,,,,,,
Saran,117-Marhaura,Rajiv Kumar Choudhary,,,7667623168.0,7667623168.0,"Rajiv Kumar Choudhary | Male |  41 | General | Bhumihar | HAM Spokesperson

-Former HAM Spokesperson(2016 To 2024)
-Former LJP Member(2009 To 2014)
-Former RJD Zila Yuva Mahasachiv(2002 To 2009)
-Former Defacto Mukhiya Contestant, 2021, 1274 Votes
-Jan Suraaj District Office Prabhari",Active till ticket distribution,Helped Other Party,Not with JS,Not Received ,,,,,,,,,,,,,,,,,,,,,,,,,,,,,,,,,,,,
Saran,118-Chapra,Raghwendra Pratap Singh,,,9504204645.0,9504204645.0,"Raghwendra Pratap Singh | Male | 29 |General | Rajput | Loksabha Contestant

-Prominent Businessman (Neutran Infrastructure Ltd)
-Jan Suraaj State Executive Member
-Independent MP election Contested in 2024 ( Got 5167 Votes)
-Former AAP Member ( 2016-2019)",Active till ticket distribution,Neutral Stance,With JS,Switch Off,,,,,,,,,"Raghwendra Pratap Singh | Male | 29 |General | Rajput | Loksabha Contestant

-Prominent Businessman (Neutran Infrastructure Ltd)
-Jan Suraaj State Executive Member
-Independent MP election Contested in 2024 ( Got 5167 Votes)
-Former AAP Member ( 2016-2019)",,,,,,,,No,,,,,,,,,,,,,,,,,,,
Saran,118-Chapra,Suresh Kumar Singh,,,9905280114.0,9905280114.0,"Suresh Kumar Singh | Male | 61 | General | Rajput | PACS President

-Incumbent 4 Consecutive Terms PACS President(2008 to Till Date)
-Former Mukhiya Contestant(2001), Got 950 Votes
-Former Bazar Samiti Sadasya(1999 to 2006)
-Former JDU Zila Upadhyaksh (2004 to 2023)
-Former Samta Party Karyalay Sachiv(1994 to 2003)",Active till ticket distribution,Neutral Stance,With JS,Call Connected,With JS,Willing to Work in Sangathan at Dist/State Level,,"Was upset about not getting a ticket, but is still with the party and wants to take responsibility within the organization.he wants to contest the zila parishad election in PRI election.",,,,,"Suresh Kumar Singh | Male | 61 | General | Rajput | PACS President

-Incumbent 4 Consecutive Terms PACS President(2008 to Till Date)
-Former Mukhiya Contestant(2001), Got 950 Votes
-Former Bazar Samiti Sadasya(1999 to 2006)
-Former JDU Zila Upadhyaksh (2004 to 2023)
-Former Samta Party Karyalay Sachiv(1994 to 2003)",,,,,,,,No,,,,,,,,,,,,,,,,,,,
Saran,118-Chapra,Kanhaiya Singh,,,9431216139.0,9934729523.0,"Kanhaiya Singh | Male | 62 | General | Rajput | MLA Contestant

-Former MLA By Election Contestant, Chhapra, 2014, 30000 Votes, BJP
-Former MLA Contestant, 2015, Independent, 11000
-Former ZP (2001 To 2006)
-Former BJP Yuva Morcha Zila Adhyaksh(1992 To 1996)
-Former BJP  Zila Upadhyaksh (1996 to 2001)
-Former BJP Mahasachiv(2001 To 2005)
",Active till ticket distribution,Helped Other Party,With JS,Call Connected,With JS,Willing to Work in Sangathan at Dist/State Level,,"He is  quite upset because they did not get a ticket. he  said that Prashant gave tickets to people who joined the party recently. Because of this, there is a lot of anger among the party workers. In the panchayat elections he will field their own candidates, but not in alignment with the party.",,,,,"Kanhaiya Singh | Male | 62 | General | Rajput | MLA Contestant

-Former MLA By Election Contestant, Chhapra, 2014, 30000 Votes, BJP
-Former MLA Contestant, 2015, Independent, 11000
-Former ZP (2001 To 2006)
-Former BJP Yuva Morcha Zila Adhyaksh(1992 To 1996)
-Former BJP  Zila Upadhyaksh (1996 to 2001)
-Former BJP Mahasachiv(2001 To 2005)
",,,,,,,,No,,,,,,,,,,,,,,,,,,,
Saran,118-Chapra,Ajeet Kumar Singh,,,7004796525.0,7004796525.0,"Ajeet Kumar Singh | Male | 35 | General | Rajput | Businessman

-Real Estate, Super Market
-Jan Suraaj Rajya Samiti sadasya
-Social Worker",Active till ticket distribution,Neutral Stance,With JS,Not Received ,,,,,,Call Connected,,Not Interested,"Ajeet Kumar Singh | Male | 35 | General | Rajput | Businessman

-Real Estate, Super Market
-Jan Suraaj Rajya Samiti sadasya
-Social Worker",,,,,,,,No,,,,,,,,,,,,,,,,,,,
Saran,118-Chapra,Jai Prakash Singh,58.0,,9582501000.0,9582501000.0,"Jai Prakash Singh | Male | 58 | General | Rajput | Retired IPS 

-Retired IPS , ADG, Shimla
-Worked at Indian Army Also 
-Social Worker",Candidate,,,,,,,,,,,,,,,,,,,,,,,,,,,,,,,,,,,,,,,
Saran,119-Garkha (SC),Sampat Ram Rahi,,,7782978181.0,7782978181.0,"Sampat Ram Rahi | Male | 53 | SC | Ravidas | Incumbent Mukhiya
-Jansuraaj State Executive Member
-Incumbent Mukhiya of Wajidpur Panchayat(2021 To Till Date)
-Former 3 Times MLA Contestant(2015, 2010 & 2005)
-Former ZP Member(2001 to 2006), Got 18256 Votes
",Active till ticket distribution,Neutral Stance,With JS,Call Connected,With JS,Willing to Contest PRI election and also ready to work in sangathan,,He will contest for the post of Mukhiya in the panchayat elections and will prepare for the next Legislative Assembly election.,,,,,"Sampat Ram Rahi | Male | 53 | SC | Ravidas | Incumbent Mukhiya
-Jansuraaj State Executive Member
-Incumbent Mukhiya of Wajidpur Panchayat(2021 To Till Date)
-Former 3 Times MLA Contestant(2015, 2010 & 2005)
-Former ZP Member(2001 to 2006), Got 18256 Votes
",,,,,,,,No,,,,,,,,,,,,,,,,,,,
Saran,119-Garkha (SC),Manohar Kumar Ram,34.0,Male,9931341636.0,9931341636.0,"Manohar Kumar Ram | Male | 34 | SC | Chammar | ZP Contestant

-Jansuraaj District Youth President 
-Defacto (Kiran Kumari) Zila Parishad Runner Up _in 2021 ( Got 8227 Votes )
-Former BJP Block President SC Cell
-Former RJD Block President SC Cell
",Candidate,,,,,,,,,,,,,,,,,,,,,,,,,,,,,,,,,,,,,,,
Saran,119-Garkha (SC),Aditya Narayan Ram,,,7295861008.0,7295861008.0,"Aditya Narayan Ram | Male | 57 | SC | Chamar | MLA Contesatnt

-Former MLA Contestant, 1995, Garkha, Independent, got 1200 Votes
-Govt. Teacher at Delhi Nagar Nigam
-Social Worker",Active till ticket distribution,Active for JS,With JS,Switch Off,,,,,,,,,"Aditya Narayan Ram | Male | 57 | SC | Chamar | MLA Contesatnt

-Former MLA Contestant, 1995, Garkha, Independent, got 1200 Votes
-Govt. Teacher at Delhi Nagar Nigam
-Social Worker",,,,,,,,No,,,,,,,,,,,,,,,,,,,
Saran,119-Garkha (SC),Lal Babu Khalifa,,,9934837826.0,7903537393.0,"Lal Babu Khalifa | Male | 58 | SC | Nat | Incumbent Ward Councilor

-Incumbent Ward Councilor, 2023 To till Date
-Former 2 Consecutive  terms Mukhiya (2001 To 2011)
-Former Mukhiya Sangh Adhyaksh(2001 To 2011)
-Former Defacto Mukhiya(2006 To 2011)
-Former LJP Pradesh Mahasachiv(2004 To 2007)
-Former RJD Block President
-Jan Suraaj State Working Committee Member
",Active till ticket distribution,Neutral Stance,With JS,Call Connected,With JS,Willing to Work in Sangathan at Assembly Level,,He will contest the ward councillor election but do not want any organizational responsibility within the party. They will contest the next Assembly elections.,,,,,"Lal Babu Khalifa | Male | 58 | SC | Nat | Incumbent Ward Councilor

-Incumbent Ward Councilor, 2023 To till Date
-Former 2 Consecutive  terms Mukhiya (2001 To 2011)
-Former Mukhiya Sangh Adhyaksh(2001 To 2011)
-Former Defacto Mukhiya(2006 To 2011)
-Former LJP Pradesh Mahasachiv(2004 To 2007)
-Former RJD Block President
-Jan Suraaj State Working Committee Member
",,,,,,,,No,,,,,,,,,,,,,,,,,,,
Saran,119-Garkha (SC),Satyendra Prasad,,,7903924374.0,7903924374.0,"Satyendra Prasad | Male | 54 | SC | Paswan | Former Mukhiya

-Former Mukhiya(2016 To 2021)
-Former Mukhiya Contestant(2021), Got 1189 Votes
-Former LJP SC Cell Pradesh Upadhyaksh(2007 To 2015)
-Jan Suraaj State Core Committee Member",Active till ticket distribution,Active for JS,With JS,Call Connected,With JS,Willing to Contest PRI election and also ready to work in sangathan,,He will contest the Zila Parishad election in the panchayat elections and will continue to work within the party organization going forward.,,Call Connected,,Interested,"-LJP Bihar Pradesh Vice-president 2007-2009.
 -Former LJP Dalit Sena State Vice President. -Former Mukhya of Haraji panchayat 2016-2021.
 -Former LJP Prabhari of Gopalganj, Siwan, Saran""
 - Strong hold among Paswan caste of Saran district",,,,,,,,Dighwara_44,44.0,Yes,,,,,,,,,,,,,,,,,
East Champaran,12-Narkatia,Zafir Azad ,,,9708045226.0,9708045226.0,"Zafir Azad | Male | 52 | Minority | Sheikh |  Block Pramukh

-Incumbent 2 Term Block Pramukh 
-Incumbent 3rd Term BDC (2016-Till Date)
-Prominent Businessman ( Real State, Construction and Brics Factory)
-His sister in law Tanya Praveen Incumbent Mukhiya and awardee by President Of India in 2023.
-Father late Izhar Hussain was Former Mukhiya (1977-2000)
-His cousin brother Faisal Rehman was Ex MLA from Dhaka assembly
-Former RJD Member ( 2000-2014)
-Former BJP Member (2014-2021)
",Active till ticket distribution,Active for JS,With JS,Call Connected,With JS,Willing to Contest PRI election and also ready to work in sangathan,,"He will contest the Pramukh election in the panchayat polls, their brother will contest for Mukhiya, they are with the party, and will work at the Legislative Assembly level going forward",,Call Connected,,Interested,"Zafir Azad | Male | 52 | Minority | Sheikh |  Block Pramukh

-Incumbent 2 Term Block Pramukh 
-Incumbent 3rd Term BDC (2016-Till Date)
-Prominent Businessman ( Real State, Construction and Brics Factory)
-His sister in law Tanya Praveen Incumbent Mukhiya and awardee by President Of India in 2023.
-Father late Izhar Hussain was Former Mukhiya (1977-2000)
-His cousin brother Faisal Rehman was Ex MLA from Dhaka assembly
-Former RJD Member ( 2000-2014)
-Former BJP Member (2014-2021)
",,,,,,,,Banjariya_23,,,,,,,,,,,,,,,,,,,
East Champaran,12-Narkatia,Dr Manzar Nasim Siddiqui,,,7765984811.0,9431811733.0,"Dr Manzar Nasim Siddiqui | Male | 54 | Minority | Sheikh | Doctor

-M.D of Manzar Medical Services 
-Proprietor of Manzar Hospital
-Former CPM Member(2012 to 2022)
-Jan Suraaj District Observor
-Chairman of Manzar Naseem Foundation
-Agriculture",Active till ticket distribution,Neutral Stance,With JS,Call Connected,Not with JS,,,Joined another party ,,Call Connected,,,"Dr Manzar Nasim Siddiqui | Male | 54 | Minority | Sheikh | Doctor

-M.D of Manzar Medical Services 
-Proprietor of Manzar Hospital
-Former CPM Member(2012 to 2022)
-Jan Suraaj District Observor
-Chairman of Manzar Naseem Foundation
-Agriculture",,,,,,,No,No,,,,,,,,,,,,,,,,,,,
East Champaran,12-Narkatia,Khush Deepak Kumar,,,6202286541.0,6202286541.0,"Khush Deepak Kumar | Male | 48 | OBC | Yadav | Private Job

-Senior Manager at Wall Mart, USA
-Social Worker",Not Active,,,Call Connected,Not with JS,,,Not interested to continue with Jan suraaj party ,,,,,,,,,,,,,,,,,,,,,,,,,,,,,,,,
East Champaran,12-Narkatia,Rajeev Kumar,37.0,Male,9470641441.0,9470641441.0,"Rajeev Kumar | Male | 37 | EBC | Teli | Former Mukhiya Contestant

-Former Mukhiya Contestant, 2016 , Got 1200 Votes
-Former ASA Yuva Morcha Zila Adhyaksh, 2024 To 2025
-Former BJP Zila Mahamantri, 
-Former JDU Zila Yuva Adhyaksh
-Owns a Marriage Hall & Hotels
-Food Grain and Animal Feed Agency",Candidate,,,,,,,,,,,,,,,,,,,,,,,,,,,,,,,,,,,,,,,
East Champaran,12-Narkatia,Md Tauseefur Rahman,,,7688861296.0,7688861296.0,"Md Tauseefur Rahman | Male | 28 | Minority | Sheikh | Incumbent ZP Member

-Incumbent ZP Member, 2021 To Till Date, Got 5080 Votes
-Grand Father was 2 Terms Mukhiya 
-Former AAP Block Coordinator, 2014 To 2016
-Jan Suraaj Youth District President
-Director Of a Private School, Rahman International School
-Vice President Of HAVO Organisation",Active till ticket distribution,Active for JS,With JS,Call Connected,With JS,Willing to Contest PRI election and also ready to work in sangathan,,He is currently a Zila Parishad member and will contest again in the next election. They want an organizational responsibility within the party and will continue preparing for the Legislative Assembly elections.,,Call Connected,,Interested,"Md Tauseefur Rahman | Male | 28 | Minority | Sheikh | Incumbent ZP Member

-Incumbent ZP Member, 2021 To Till Date, Got 5080 Votes
-Grand Father was 2 Terms Mukhiya 
-Former AAP Block Coordinator, 2014 To 2016
-Jan Suraaj Youth District President
-Director Of a Private School, Rahman International School
-Vice President Of HAVO Organisation",,,,,,,,Banjariya_22,,,,,,,,,,,,,,,,,,,
Saran,120-Amnour,Rampukar Mehta,,,6299231250.0,6299231250.0,"Ram Pukar Mehta | Male | 60 | EBC | Nonia | Assembly Candidate

- Former 2 Times Mukhiya since 2011 to 2021
- Former 2 Terms Assembly Contestant (2015- 10200 Votes & 2020-7200 Votes)
-Former RJD EBC Cell Pradesh Mahasachiv(2016 to 2020)
-Former CPI Member(1973 to 2016)
",Active till ticket distribution,Active for JS,With JS,Call Connected,With JS,Willing to Contest PRI election and also ready to work in sangathan,,"He will continue working within the organization, has no interest in seeking a ticket in the future, but will keep working with Jan Suraaj with complete honesty and dedication.Interested to contest the Mukhiya election in panchayat election. 

",,Call Connected,,Interested,"-2 term Mukhiya from 2011-2021.
-Contested MLA election 2015(6600 votes), 2020(1500 votes).
-ZP contestant from Dariyapur seat no. 42 and got 3200 votes. 
-Former RJD EBC cell district president.",,,,,,,,Maker_34,34.0,Yes,"Beta ko Ladwana hai, he will call after some time through his son",,,,,,,,,,,,,,,,
Saran,120-Amnour,Usha Devi,,,9955585928.0,9955585928.0,"Usha Devi | Female | 45 | EBC | Teli | BJP Block Adhyaksh

-Former BJP Block Adhyaksh(2019 to 2021)
-Former BJP Zila Uapdhyaksh(2021 to 2023)
-Jan Suraaj Zila Upadhyaksh
-Social Worker
-Director Of Private School
-",Active till ticket distribution,Helped Other Party,Not with JS,Call Connected,Not with JS,,,Joined another party ,,,,,,,,,,,,,,,,,,,,,,,,,,,,,,,,
Saran,120-Amnour,Amit Kumar Singh,,,6204021045.0,6204021045/9955993400,"Amit Kumar Singh | Male | 47 | General | Rajput | Incumbent Defacto ZP 

-Incumbent Defacto 2 Terms ZP, 2016 To Till Date
-Businessman(Contractor, Petrol Pump, Brick Klin)
-Social Worker",Active till ticket distribution,Neutral Stance,With JS,Not Received ,,,,,,,,,"Amit Kumar Singh | Male | 47 | General | Rajput | Incumbent Defacto ZP 

-Incumbent Defacto 2 Terms ZP, 2016 To Till Date
-Businessman(Contractor, Petrol Pump, Brick Klin)
-Social Worker",,,,,,,,No,,,,,,,,,,,,,,,,,,,
Saran,120-Amnour,Rahul Kumar Singh,40.0,Male,9973614063.0,9973614063.0,"Rahul Kumar Singh | Male | 40 | General | Bhumihar | MLA Contestant

-Former MLA Contestant, 2010, Amnour Constituency, BSP, Got 4306 Votes
-Incumbent Mukhiya , 2021 To Till Date
-Former Defacto Mukhiya, 2011 To 2021
-Jan Suraaj Pradesh Sanyojak
-Jan Suraaj Pradesh Mahasachiv
-Businessman",Candidate,,,,,,,,,,,,,,,,,,,,,,,,,,,,,,,,,,,,,,,
Saran,120-Amnour,Shatrudhan Tiwari Urf Choker Baba,,,919431424220,9546719985.0,"Shatrudhan Tiwari Urf Choker Baba | Male | 65 | General | Bhumihar | Former MLA

-Former LOksabha Contestant, 2024, Saran, Independent, Got 7700 Votes
-Former MLA , Amnour, 2015 To 2020, BJP
-Former MLA Contestant, 2010 & 2020, Amnour , Independent, Got 16000 & 8500 Votes
-Former PACS President, 1990 To 1995
-Former BJP Member, 2015 To 2020",Active till ticket distribution,Neutral Stance,With JS,Not Received ,,,,,,,,,"Shatrudhan Tiwari Urf Choker Baba | Male | 65 | General | Bhumihar | Former MLA

-Former LOksabha Contestant, 2024, Saran, Independent, Got 7700 Votes
-Former MLA , Amnour, 2015 To 2020, BJP
-Former MLA Contestant, 2010 & 2020, Amnour , Independent, Got 16000 & 8500 Votes
-Former PACS President, 1990 To 1995
-Former BJP Member, 2015 To 2020",,,,,,,,No,,,,,,,,,,,,,,,,,,,
Saran,120-Amnour,Ujjawal Kumar  Alias Chhotu,,,8847876489.0,8847876489.0,"Ujjawal Kumar | Male | 30 | General | Rajput | Businessman

- Former Student Union President of Muzaffarpur University(2012-2013)
-Father was Mukhiya(2000 to 2010)
-Director of National Aqua Health Care & Jion Life Sciences Pvt. Ltd",Active till ticket distribution, Contested as an Candidate from other Party,,Call Connected,Not with JS,,,Not interested to continue with Jan suraaj party ,,,,,,,,,,,,,,,,,,,,,,,,,,,,,,,,
Saran,120-Amnour,Dr Kamini Singh,,,8800332718.0,8800332718.0,"Dr Kamini Singh | Female | 43 | General | Rajput | Doctor

-Working as a Senior Medical Officer in  Bihar Govt
-MBBS & DNB(Gynaecologist)
-Receievd National Award for Good work (Medical Filed)
-Runs a Nursing Institute
-Father Sita Ram Singh was Ex MP of Sheohar and ex Minister of Bihar for 25 Years
-Brother Rana Randhir Singh is MLA(Champaran)
-",Not Active,,,Call Connected,Not with JS,,,Not interested in Politics ,,,,,,,,,,,,,,,,,,,,,,,,,,,,,,,,
Saran,121-Parsa,Golok Bihari Sharan Singh,,,9162623670.0,6204252798.0,"Golok Bihari Sharan Singh| Male | 54 | General | Rajput
-Incumbent Zila Parishad A.N 43
-Jansuraaj Block President from Dariyapur
-3 term Pacs Runner Up ( 2009,2014 & 2019)
-Founder of S.R Central School 
-Farmer ( 10 Acre land)
",Active till ticket distribution,Active for JS,With JS,Call Connected,With JS,Willing to Contest PRI election and also ready to work in sangathan,,"He is currently a Zila Parishad member and will also contest the Zila Parishad election in the panchayat polls. They are with the party, but will take on organizational responsibilities only after the panchayat elections.",,,,,"Golok Bihari Sharan Singh| Male | 54 | General | Rajput
-Incumbent Zila Parishad A.N 43
-Jansuraaj Block President from Dariyapur
-3 term Pacs Runner Up ( 2009,2014 & 2019)
-Founder of S.R Central School 
-Farmer ( 10 Acre land)
",,,,,,,,No,,,,,,,,,,,,,,,,,,,
Saran,121-Parsa,"
Mahesh Rai",,,7979990458.0,7979990458.0,"Mahesh Rai | Male | 53 | OBC | Yadav  | MLA Contestant

-Former Block President of Mukhiya sangh (2016-2021)
-Independent  MLA Contested From parsa Assembly got 4th Position with secured 6052 Votes
-Prominent Businessman ( Transportation, Hospital Owner, Pestiside business, flor Mill, Dairy Business)
 -Former JDU Nagar President ( 2017-2020)
-Jansuraaj founding member ( 2022)
-Former RJD Member ( 2020-2021)",Not Active,,,Call Connected,With JS,Willing to Contest PRI election and also ready to work in sangathan,,"He is associated with the party and will contest the Mukhiya election in the future, and will take up responsibilities in the organization if assigned.

",,,,,,,,,,,,,,,,,,,,,,,,,,,,,,,,
Saran,121-Parsa,Musaheb Mahato,53.0,,8651349141.0,8651349141.0,"Musaheb Mahto | Male | 53 | EBC | Nonia | Mukhiya 

- Incumbent Mukhiya(2021 to Till Date) & 2001 to 2006)
-Former Defacto(Wife) 3 Consecutive Terms Mukhiya( 2006 to 2021)
-Former Matasya Sahyog Samiti Mantri (2006 to 2022)",Candidate,,,,,,,,,,,,,,,,,,,,,,,,,,,,,,,,,,,,,,,
Saran,121-Parsa,Dr. Ajit Kumar,,,9771095776.0,9771095776.0,"Dr. Ajit Kumar | Male | 44 | OBC | Yadav | BJP Pradesh Karyalay Sadasya

-Former BJP Medical Cell Pardesh Karyalay Sadasya(2019 to 2024)
-Former BJP Zila Upadhyaksh(2016 to 2019)
- Former BJP BLO (2013 to 2020)
-Former BJP medical Cell Mahamantri(2010 to 2013)",Not Active,,,Call Connected,Not with JS,,,Joined another party ,,,,,,,,,,,,,,,,,,,,,,,,,,,,,,,,
Saran,121-Parsa,Manager Singh,,,6200828478.0,6200828478.0,"Manager Singh | Male | 64 | OBC | Kurmi | MLA Contestant

-Former MLA Contestant(2020), Independent, got 4558 Votes, Parsa Constituency
-Former Defacto Parmukh(2016 to 2020)
-Former Defacto BDC(2016 to 2021)
-Former JDU Zila Mahasachiv(2019 to 2020)
-Former JDU Block Presdient(2016 to 2019)
-Former JDU Zila Sachiv(2012 To 2015)
-Former JDU Member(2008 to 2020)
-Jan Suraaj State Working Committee Member",Active till ticket distribution,Active for JS,With JS,Call Connected,With JS,,,"He is frustrated because he did not get the ticket. After meeting with Prashant, he will decide whether to continue within the organisation in the party or not.",,Call Connected,Not Interested,,"Manager Singh | Male | 64 | OBC | Kurmi | MLA Contestant

-Former MLA Contestant(2020), Independent, got 4558 Votes, Parsa Constituency
-Former Defacto Parmukh(2016 to 2020)
-Former Defacto BDC(2016 to 2021)
-Former JDU Zila Mahasachiv(2019 to 2020)
-Former JDU Block Presdient(2016 to 2019)
-Former JDU Zila Sachiv(2012 To 2015)
-Former JDU Member(2008 to 2020)
-Jan Suraaj State Working Committee Member",,,,,,,,No,2.0,,,"9955030702 - manoj ji, he gave the name of Manoj ji",,,,,,,,,,,,,,,
Saran,122-Sonepur,Manoj Kumar Singh,,,8240746894.0,8240746894.0,"Manoj Kumar Singh | Male | 54 | General | Rajput | Mukhiya

-Incumbent Mukhiya, 2021 To Till Date
-Incumbent  Defacto Panchayat Samiti(2021 To Till Date)
-Brick Klin and Runs a Plastic Factory",Active till ticket distribution,Helped Other Party,,Call Connected,With JS,Willing To Contest Panchayati Raaj ,,"He will contest the Mukhiya election in the panchayat, remain focused on his panchayat, and after the panchayat elections, he will take up responsibilities in the organization.

",,,,,,,,,,,,,,,,,,,,,,,,,,,,,,,,
Saran,122-Sonepur,Ashok Singh,,,9473213712.0,9473213712.0,"Ashok Singh | Male | 69 | General | Rajput | MLA Contestant

-Former MLA Contestant(2015, got 6000 Votes , Independent & 2000 , BSP, got 7063 Votes, Sonepur Assembly
-Former RJD Pradesh Mahasachiv(2013 To 2015)
-Former BJP Pradesh karyakarini sadasya(1995 to 2000)
-Former Jan Dal Pradesh Pradesh mahasachiv(1990 To 1992)
-Jan Suraaj State Working Committee Member",Active till ticket distribution,Neutral Stance,With JS,Call Connected,Not with JS,,,,,Call Connected,,Not Interested,"Ashok Singh | Male | 69 | General | Rajput | MLA Contestant

-Former MLA Contestant(2015, got 6000 Votes , Independent & 2000 , BSP, got 7063 Votes, Sonepur Assembly
-Former RJD Pradesh Mahasachiv(2013 To 2015)
-Former BJP Pradesh karyakarini sadasya(1995 to 2000)
-Former Jan Dal Pradesh Pradesh mahasachiv(1990 To 1992)
-Jan Suraaj State Working Committee Member",,,,,,,,No,,,,,,,,,,,,,,,,,,,
Saran,122-Sonepur,Tanuj Kumar Saurabh,,,9204048481.0,9204048481.0,"Tanuj Kumar Saurabh | Male | 37 | General | Rajput | Professor

-Professot at Viyoglal Chaudhary Degree College
-Former BJP State Working Committee Member
-Jan Suraaj Zila Sanyojak",Active till ticket distribution,Helped Other Party,Not with JS,Call Connected,With JS,Willing to Work in Sangathan at Dist/State Level,,"Because their house is located in a Nagar Panchayat area, they will not contest the PRI elections, but they are seeking responsibilities within the organization.

",,,,,,,,,,,,,,,,,,,,,,,,,,,,,,,,
Saran,122-Sonepur,Manulal Bhagat,,,6206180818.0,9934017018.0,"Manulal Bhagat | Male | 51 | EBC | Barai | Former Mukhiya

-Jansuraaj Block President of Sonepur Block
-Former 2 Term Mukhiya ( 2011-2021)
-ZP Runner Up By Election ( 2018) got 4953 votes
Mukhiya Runner up - ( 2021 got 1591 Votes)
-Former BJP Block Maha Mantri ( 2006-2009)
-BJP Kaushal Vikas Mantri Core Commitee Member ( 2014-2016)",Active till ticket distribution,Helped Other Party,Not with JS,Call Connected,Not with JS,,,,,,,,,,,,,,,,,,,,,,,,,,,,,,,,,,,
Saran,122-Sonepur,Rajnish Kumar,,,6206471580.0,6206471580.0,"Rajnish Kumar | Male | 35 | OBC | Yadav | Teacher

-Runs a Free Coaching For Poors
-Jan Suraaj Sanghatan Zila Yuva Adhyaksh
-Social Worker(Helps in making Ration Card, Aadhar Card, Old Age Pension)
-",Active till ticket distribution,Active for JS,With JS,Call Connected,With JS,Willing to Work in Sangathan at Dist/State Level,,He will not contest the PRI election but will continue with the Sanghtan responsibility in the party ,,,,,"Rajnish Kumar | Male | 35 | OBC | Yadav | Teacher

-Runs a Free Coaching For Poors
-Jan Suraaj Sanghatan Zila Yuva Adhyaksh
-Social Worker(Helps in making Ration Card, Aadhar Card, Old Age Pension)
-",,,,,,,,No,,,,,,,,,,,,,,,,,,,
Saran,122-Sonepur,Ritesh Singh,,,9431473953.0,7004228116.0,"Ritesh Singh | Male | 48 | General | Rajput | Incumbent PACS

-Incumbent PACS President, 2014 To Till Date
-Former Block Pramukh, 2011 To 2016
-Former Panchayat Samiti Sadasya, 2011 To 2016
-Jan Suraaj State Core Committee Member
-Owner Of A Petrol Pump, & Brick Klin",Active till ticket distribution,Neutral Stance,With JS,Call Connected,With JS,Willing to Contest PRI election and also ready to work in sangathan,,He will contest the Block Pramukh election in PRI Election and also wants to remain in Sanghthan ,,,,,"Ritesh Singh | Male | 48 | General | Rajput | Incumbent PACS

-Incumbent PACS President, 2014 To Till Date
-Former Block Pramukh, 2011 To 2016
-Former Panchayat Samiti Sadasya, 2011 To 2016
-Jan Suraaj State Core Committee Member
-Owner Of A Petrol Pump, & Brick Klin",,,,,,,,No,,,,,,,,,,,,,,,,,,,
Saran,122-Sonepur,Shyam Babu,,,9771114556.0,9771114556.0,"Shyam Babu | Male | 40 | OBC | Yadav | Incumbent Panchayat Samiti

-Incumbent 3 Consecutive Terms Panchayat Samiti
-Former Block Pramukh, 2016 To 2021
-Former Loktantrik Janta Dal Party Zila Adhyaksh, 2023 To 2023
-Jan Suraaj State Working Committee Member",Active till ticket distribution,Neutral Stance,,Call Connected,Not with JS,,,,,,,,,,,,,,,,,,,,,,,,,,,,,,,,,,,
Saran,122-Sonepur,Saroj Gupta,,,7667507771.0,7667507771.0,"Saroj Gupta | Male | 58 | OBC | Sonar | Ward Member

-Former Ward Member 2001 To 2006
-Former UP Mukhiya, 2001 To 2006
-Former Sarpanch Contestant, Secured 3rd Position, Got 600 Votes
-Former BJP Zila Sanghatan Mantri, 2006 To 2011
-Former LJP Pradesh Mahasachiv, 2016 To 2021
-Former LJP rashtriya Mahasachiv, 2021 To 2023
-Jan Suraaj Zila Sachiv
",Active till ticket distribution,Neutral Stance,With JS,Call Connected,With JS,Willing to Contest PRI election and also ready to work in sangathan,,his wife will contest mukhiya election and he will remain in Sanghthan ,,Call Connected,,Interested,"Saroj Gupta l 57 l OBC l Sonar

- Rashtiya mahasachiv LJP (P) (2017-2024)
- LJP Pradesh Sachiv (2012-17)
- Zila Adhyaksh Ati Pichhda Prakoshth LJP (2007-12)
- BJP Sanghatan Mantri - 1996- 2001
- Mukhiya contestant 2006",,,,,,,,Sonepur_45,45.0,Yes,,,,,,,,,,,,,,,,,
Vaishali ,123-Hajipur,Krishna Bhagwan,,,9934442007.0,9934442007.0,"Krishna Bhagwan | Male | 44 | OBC | MLA Contestant

-Former Assembly Election Contestant Independent 2020- 1536 Votes
- NGO(Amodh foundation) secretary 
-Jan Suraaj District Vice President, Vaishali.
-Bihar Vaishaya Samaj Upadhyak(2022 to Till Now)
-Akhil Bhartiya Sonkar Sangh National Secretary
",Active till ticket distribution,Helped Other Party,Not with JS,Call Connected,Not with JS,,,"-Very angry and abusive 
-Joined RJD 
-No more confidence in JS 
-Never want to be part of JS",,,,,,,,,,,,,,,,,,,,,,,,,,,,,,,,
Vaishali ,123-Hajipur,Rakesh Ranjan,,,9431055071.0,9431055071.0,"Rakesh Ranjan | Male | 63 | General | Kayastha | LIC Officer

-Retired From LIC as Senior Business Associate
-Works as an Agent at LIC
-Managing Commite Member oF Bihar Red Cross
-Bihar State Releif and Disaster Convenor of Red Cross
-Jan Suraaj Hajipur Chunav Prabhari",Active till ticket distribution,Neutral Stance,With JS,Call Connected,With JS,Willing to Work in Sangathan at Dist/State Level,,"-Fully Devoted towards JS, and He Will never left JS life time.
-Not interested in contesting the PRI election.",,,,,,,,,,,,,,,,,,,,,,,,,,,,,,,,
Vaishali ,123-Hajipur,Vishwajeet Kumar Urf Neta Ray,,,8986958707.0,8986958707.0,"Neta Ray | Male | 40 | OBC | Yadav | ASA Party Mahasachiv

-Former ASA  Party Rashtriya Mahasachiv, 2024 To 2025
-Former BJP Member, 2023 To 2024
-Former JDU Pradesh Mahasachiv, 2003 To 2022
-Former Samta Party College President, 2002 To 2003
-Businessman(Fruits, Real Estate, Govt. Contractor)
-Incumbent Rashtriya Sanrakshak, Sri Krishna Sena, India",Not Active,Helped Other Party,Not with JS,Call Connected,Not with JS,,,"-Left JS due to Wrong ticket slection.
-Will decide in future what to do.",,,,,,,,,,,,,,,,,,,,,,,,,,,,,,,,
Vaishali ,123-Hajipur,Nishant Gandhi,,,9835618686.0,9835618686.0,"Nishant Gandhi | Male | 49 | EBC | Kanu | MLA Contestant

-Former MLA Contestant, 2020, Independent, Hajipur, got 1200 Votes
-Former AISF President, 1990 to 1991
-Director Of Pragya Netralaya Eye Hospital",Active till ticket distribution, Contested as an Candidate from other Party,With JS,Call Connected,With JS,Willing to Work in Sangathan at Dist/State Level,,"-No communication after/before ticket distribution
-Contested election independtly
-Will decide in future what to do.
-Want to meet PK then he will decide.
-If party come with worker indipendance then i will think about to join or not.",,,,,,,,,,,,,,,,,,,,,,,,,,,,,,,,
Vaishali ,123-Hajipur,Manoranjan Kumar Paswan,,,9031572621.0,9031572621.0,"Manoranjan Kumar Paswan | Male | 34 | SC | Paswan | Defacto Vice Chairman

-Defacto(Wife) Vice Chairman of Hajipur Nagar Parishad(2022 to Till date)
-Defacto(Mother) Ward Councilor (2017 to Till date)
-Businessman(Building Materials)
",Not Active,,Not with JS,Call Connected,Not with JS,,,He was never in Jan Suraaj ,,,,,,,,,,,,,,,,,,,,,,,,,,,,,,,,
Vaishali ,123-Hajipur,Rajesh Thakur,,,9939080486.0,9939080486.0,"Rajesh Thakur | Male | 52 | General | Bhumihar | MLA Contestant

-Former MLA Contestant  2005, BSP, Hajipur Constituency, Got 13000 Votes
-Former Mukhiya, 2001 To 2006
-Former Defacto Mukhiya Contestant, 2006
-Father Was PACS President, 2009 To 2014
-Younger Son is Panchayat Samiti, 2021 To Till Date
-Brother Akhilesh  was PACS Presdient, 2019 To 2024
-Brother Mukesh Is incumbent PACS Presdient, 2024 To Till Date
-Jan Suraaj Pardesh Karyakarini Sadasya",Active till ticket distribution,Helped Other Party,With JS,Call Connected,With JS,Willing to Contest PRI election and also ready to work in sangathan,,"-Almost 20+lakhs spent but last minute he told me you are from criminal background.
-After ticket announcement i was silent.
-I wanted to be in the party, but I want to make sure these things don’t repeat",,,,,,,,,,,,,,,,,,,,,,,,,,,,,,,,
Vaishali ,123-Hajipur,Upendra Kumar Sharma,,,9525492892.0,9525492892.0,"Upendra Kumar Sharma | Male | 46 | General | Bhumihar | MLA Contestant

-Former MLA Contestant, 2020, Warisnagar, Independent, Got 8540 Votes
-Buisnessman(Tobacco)
-Social Worker

",Active till ticket distribution,Neutral Stance,With JS,Call Connected,With JS,Willing to Work in Sangathan at Dist/State Level,,"-Fully devoted towards JS.
-Will not want to contest PRI election.
-Need to build loyal and active sangathan.",,,,,,,,,,,,,,,,,,,,,,,,,,,,,,,,
Vaishali ,124-Lalganj,Sudhir Kumar Singh,,,9955407751.0,9955407751.0,"Sudhir Singh | Male | 57 | General | Rajput | Mukhiya Contestant

-Former Mukhiya Contestant(2021), got 800 Votes
-Former Defacto ZP Member(2011 To 2016)
-Former ZP Contestant(2006)
-Former BJP Zila Upadhyaksh(2000 To 2020)
-Jan Suraaj Block Coordinator",Not Active,,,Call Connected,With JS,,,"-He will call after some time.
-He was never active.",,,,,,,,,,,,,,,,,,,,,,,,,,,,,,,,
Vaishali ,124-Lalganj,Dhirendra Kumar Mahto,,,8084126379.0,8210890035.0,"Dhirendra Kumar | Male | 38 | EBC | Nonia | Retired Indian Army

-Proprietor Of New Life Hospital
-Retired Indian Army Naik
-Social Worker(Free OPD & Free Defence Physical Academy Training)",Not Active, Contested as an Candidate from other Party,,Call Connected,With JS,Willing to Work in Sangathan at Dist/State Level,,"-He contested election independently.
-Willing to Work in Sangathan at State Level.
-He help others to contest PRI election.
-Want to meet PK.",,,,,,,,,,,,,,,,,,,,,,,,,,,,,,,,
Vaishali ,124-Lalganj,Ashutosh Kumar,,,9466946637.0,8757863211.0,"Ashutosh Kumar | Male | 46 | EBC | Kanu | Incumbent ZP Chairman

-Incumbent ZP Chairman(2021 To Till Date)
-Former ZP Contesatnt, 2016, 9000 Votes
-Former LJP Pardesh Mahaschiv(2020 To 2022)
-Former LJP Member(2009 to 2022)
",Active till ticket distribution, Contested as an Candidate from other Party,Not with JS,Call Connected,With JS,Willing To Contest Panchayati Raaj ,,"-Wrong candidate selection.
-Upset after candidate selection.
-Willing To Contest Panchayati Raaj.Therefore, he will stay with JS but does not want to take any position.",,,,,,,,,,,,,,,,,,,,,,,,,,,,,,,,
Vaishali ,124-Lalganj,Alka Devi,,,9525002044.0,9525003435.0,"Alka Devi | Female | 36 | General | Bhumihar | Incumbent Mukhiya

-Incumbent Mukhiya(2021 To Till Date)
-Former Panchayat Samiti(2016 To 2021)
-Jan Suraaj Zila Mahila Adhyaksh",Active till ticket distribution,Helped Other Party,With JS,Call Connected,With JS,Willing To Contest Panchayati Raaj ,,"-If seat remain UR then she will contest mukhiya election.
-She don't want any position in the party although she remain with JS as member.",,,,,,,,,,,,,,,,,,,,,,,,,,,,,,,,
Vaishali ,124-Lalganj,Raj Kumar Sahani,,,9576730044.0,9576730044.0,"Raj Kumar Sahani | Male | EBC | Mallah | VIP Party Member

-Former VIP Party Member, 2018 to 2020
-Jan Suraaj State Youth Vice President
-Runs a Hotel
-Owns a Market Complex
-Brick Klin , Fisheries",Active till ticket distribution,Neutral Stance,With JS,Call Connected,With JS,Willing to Contest PRI election and also ready to work in sangathan,,"-Fully devoted towards JS and PK.
-Will contest PRI election.
-Want key position in JS sangathan.",,,,,,,,,,,,,,,,,,,,,,,,,,,,,,,,
Vaishali ,125-Vaishali,Santosh Kumar Sah,,,9007871372.0,9007871372.0,"Santosh Kumar Sah| Male | 40 | EBC | Kanu |Graduate

-Jan Suraaj Block Coordinator (PKYC)
-Director of NEAT-X Industries ( Chemical )
-Former TMC Block Vice President Youth(2017 to 2019)
-Foremr CPIM Student Leader(2005 to 2007)

",Active till ticket distribution,Active for JS,With JS,Call Connected,With JS,Willing to Contest PRI election and also ready to work in sangathan,,"-No coordination with sangathan and ACC.
-Full support to js candidate during election.
-Will contest ZP election.
-Wanted a key position at district level sangathan.
-Need to build loyal sangathan.",,,,,,,,,,,,,,,,,,,,,,,,,,,,,,,,
Vaishali ,125-Vaishali,Pratibha Sinha,55.0,,9711401792.0,9711401792.0,"Pratibha Sinha | Female | 55 | General | Bhumihar | Lawyer

-Jan Suraaj Mahila Pradesh Upadhyaksh
-Advocate Supreme Court Of India & Delhi High Court
-Conducted Pro-bono Cases for deprived classes for justice in Courts
-Uncle Nagendra Prasad Singh Former (MLA) from Vaishali (1977)",Candidate,,,Call Connected,With JS,,,,,,,,,,,,,,,,,,,,,,,,,,,,,,,,,,,
Vaishali ,125-Vaishali,Digvijay Narayan Singh,,,9431430861.0,7763911844.0,"Digvijay Narayan Singh | Male | 48 | OBC | Kushwaha | Defacto ZP

-Incumbent Defacto 2 Consecutive Terms ZP(2016 to Till Date)
-Former ZP Member(2001 to 2006)
Former BJP Mahamantri(2016 to 2021)
-Former RJD District Secretary(2000 to 2005)
-Manager at Jeevan Rekha Hospital
",Not Active,Helped Other Party,Not with JS,Call Connected,With JS,Willing To Contest Panchayati Raaj ,,"-Need communication with all ACC before ticket announcement.
-Wrong candidate selection process.
-No system in JS.
-Willing To Contest Panchayati Raaj.Therefore, he will stay with JS but does not want to take any position.",,,,,,,,,,,,,,,,,,,,,,,,,,,,,,,,
Vaishali ,125-Vaishali,Tarun Singh,,,9931286913.0,9931286913.0,"Tarun Singh | Male | 48 | EBC | Nonia | MLA Contestant

-Former MLA Contestant, 2020, Vaishali, JanVadi Party Socialist, got 4090 Votes.
-Former ZP Member(2011 to 2016)
-Former Janvadi Party Socialist Zila Adhyaksh(2016 to 2023)
-Former BJP Zila Adhyaksh(2008 to 2016)
-Jan Suraaj State Working Committee Member
-Farming(Fish,Poultry and Mushroom Farming)",Not Active,Helped Other Party,Not with JS,Call Connected,Not with JS,,,"He had Joined Congress months ago Election.
-Currently he don't want change party ",,,,,,,,,,,,,,,,,,,,,,,,,,,,,,,,
Vaishali ,125-Vaishali,Rakesh Kumar,,,9934209644.0,8789466925.0,"Rakesh Kumar | Male | 64 | OBC | Kurmi | Former BJP Sanghatan Prabhari

-Former BJP Sanghatan Prabhari(1998 to 2023)
-Former BJP Vidhan Sabha Prabhari(1995 to 1998)
-Former ZP Contestant(2001), runner Up
-Jan Suraaj Raj Samiti Sadasya
",Active till ticket distribution,Active for JS,With JS,Call Connected,With JS,Willing to Work in Sangathan at Dist/State Level,,"-Fully devoted towards JS.
-Wanted to be a key position at state level.",,,,,,,,,,,,,,,,,,,,,,,,,,,,,,,,
Vaishali ,125-Vaishali,Sarwesh Kumar,,,9931582401.0,7667497372.0,"Sarwesh Kumar| Male | 47 | OBC | Kurmi | MLA Contestant

-Jansuraaj District General Secratory 
-Independent MLA Contested in 2015 Got 2000 Votes
-Prominent Buisnessman ( Brics factory, Construction Contractor & Building Material)
",Active till ticket distribution,Neutral Stance,With JS,Call Connected,With JS,Willing to Contest PRI election and also ready to work in sangathan,,"-Sad due to candidate selection.
-Fully devoted towards JS.
-Wanted to be a key position at state level.
-Want to contest ZP election.",,,,,,,,,,,,,,,,,,,,,,,,,,,,,,,,
Vaishali ,125-Vaishali,Dr. Sunil Kumar,67.0,,9955771372.0,9955771372.0,"Dr. Sunil Kumar | Male | 67 | General | Bhumihar | Loksabha Contestant

-Former Loksabha Contestant, 2014, AAP, Begusarai, Got 9000 Votes
-Former AAP Member, 2014 To 2016
-Former Congress State Delegate, 2016 To 2024
-MBBS & MS Orthopaedic Doctor
-Director Of Indra Memorial Hospital 
-Former Treasurer Bihar Orthopaedic Association
",Candidate,,,Call Connected,With JS,,,,,,,,,,,,,,,,,,,,,,,,,,,,,,,,,,,
Vaishali ,126-Mahua,Md. Abdullah,,,7870383936.0,7870383936.0,"Md. Abdullah | Male | 61 | Minority | Sheikh | Retired DIG

-Retired DIG Vigilance, Bihar Police
-Jan Suraaj State Core Committee Member
-Social Worker",Active till ticket distribution,Neutral Stance,With JS,Call Connected,Not with JS,,,"-PK cheated me.
-Very angry and abusive.
-PK expoiled my career and reputation.
-No future of JS,Farzi strategist.",,,,,,,,,,,,,,,,,,,,,,,,,,,,,,,,
Vaishali ,126-Mahua,Indrajeet Pradhan,60.0,,9801610249.0,9801610249.0,"Indrajeet Pradhan| Male | 60| OBC | Baniya | Incumbent Panchayat Samiti

-Incumbent 4 Terms Panchayat Samiti(2011 to Till Date & 2001 To 2006)
-Former Prakhand Up Pramukh (2016 To 2021)
-Former Prakhand Pramukh(2004 To 2006)
-Former JDU Zila Upadhyaksh(2011 To 2014)
-Former JDU Member(2005 To 2022)",Candidate,,,Call Connected,With JS,,,,,,,,,,,,,,,,,,,,,,,,,,,,,,,,,,,
Vaishali ,126-Mahua,Pinki Kumari,,,9931792736.0,9931792736.0,"Pinki Kumari | Female | 38 | OBC | Yadav | CPI Member

-Former CPI Member(2006 To 2023)
-Former AISF Rashtriya Parishad Sadasya
-Jan Suraaj Mahila Parkhand Adhyaksh
-Social Worker",Active till ticket distribution,Active for JS,With JS,Call Connected,With JS,Willing to Contest PRI election and also ready to work in sangathan,,"-Fully devoted towards JS.
-She may contest ZP election.
-Also wanted key position at District level.",,,,,,,,,,,,,,,,,,,,,,,,,,,,,,,,
Vaishali ,126-Mahua,Pradip Kumar Urf Pramod Jha,,,9128040602.0,9128040602.0,"Pradip Kumar | Male | 45 | General |  Brahmin | Incumbent Defacto ZP

-Incumbent 2 Terms Defacto ZP(2016 To Till Date)
-Former ZP Contestant(2011), Got 2200 Votes
-Jan Suraaj Zila Upadhyaksh",Not Active,,,Call Connected,With JS,Willing To Contest Panchayati Raaj ,,"-Due to Panchayat election he will not take any post.
-Prepairing for ZP election.",,,,,,,,,,,,,,,,,,,,,,,,,,,,,,,,
Vaishali ,126-Mahua,Manoj Kumar Yadav,,,9472000700.0,9472000700.0,"Manoj Kumar Yadav | Male | 55 | OBC | Yadav | ZP Upadhyaksh

-Incumbent ZP Upadhyaksh(2023 To Till Date)
-Incument ZP (2021 To Till date)
-Former Mukhiya (2001 to 2006)
-Former LJP Karyasamiti Member(2007 to 2008)
-Former RJD Zila Mahasachiv(1999 to 2003)
-Former Janta Dal Prakhand Upadhyaksh(1996 to 1999) ",Active till ticket distribution,Neutral Stance,With JS,Call Connected,With JS,Willing To Contest Panchayati Raaj ,,"-Weak candidate selection but he is with JS.
-Due to Panchayat election he will not take any post.
-Prepairing for ZP election.",,,,,,,,,,,,,,,,,,,,,,,,,,,,,,,,
Vaishali ,126-Mahua,Dr. Suman Sinha,,,9199324630.0,9199324630.0,"Dr. Suman Sinha | Male | 65 | General| Kayastha | MBBS (Sonologist)
-Owner of Chanchal Hospital 
-3rd Term Independent MLA contested in 2010,2015 &2020 ( Got Votes 1600, 1200 & 2068)
",Active till ticket distribution,Helped Other Party,Not with JS,Call Connected,With JS,None of the Above ,,"-He has gone with Ashma Parveen Independent Candidate .
-He will contest AE only.
-He want to meet pk then he will decide.",,,,,,,,,,,,,,,,,,,,,,,,,,,,,,,,
Vaishali ,126-Mahua,Kalyan Kumar Singh,,,9576169221.0,9576169221.0,"Kalyan Kumar Singh | Male | 35 | General | Rajput | ZP Contestant

-Former ZP Contestant, 2021 , Got 1521 Votes
-Farmer
-Social Worker",Active till ticket distribution,Helped Other Party,With JS,Call Connected,With JS,Willing to Contest PRI election and also ready to work in sangathan,,"-Fully devoted towards JS.
-He may contest ZP election.
-Also wanted key position at District level.",,,,,,,,,,,,,,,,,,,,,,,,,,,,,,,,
Vaishali ,126-Mahua,Sanju Devi,,,9199772135,9199772135,"Sanju Devi | Female | 47 | EBC | Nai | Former Mukhiya

-Former 2 Consecutive Terms Mukhiya , 2006 to 2016
-Former Defacto Mukhiya, 2001 To 2006
-Former Deacto ZP Member, 2006 To 2011
-Former Govt. School Principal(VRS Reitired)
-Jan Suraaj Mahila State Working Committee
-Jan Suraaj Vidhansabha Coordinator
- Former Jan Suraaj Block President
-Husband is Jan Suraaj Core Commitee Member
-Owns a Petrol Pump",Active till ticket distribution,Neutral Stance,With JS,Call Connected,With JS,Willing To Contest Panchayati Raaj ,,"-Fully devoted towards JS and PK.
-Will contest PRI election.
-Due to PRI election she will not take any position in JS but she will remain with JS.",,,,,,,,,,,,,,,,,,,,,,,,,,,,,,,,
Vaishali ,127-Raja Pakar (SC),Anil Kumar Arya,,,8210349827.0,8210349827.0,"Anil Kumar Arya | Male |  61 | SC | Chamar | Retired Govt. Officer

-Retired Additional Secretary, Bihar Govt.
-Jan Suraaj State Core Committee Member
-Jan Suraaj Convenor Ambedkar Samvaad
-Member Of Guru Ravidas Jagriti Mission",Not Active,,,Call Connected,With JS,Willing to Work in Sangathan at Dist/State Level,,"-He sounds very dicey by his words.
-He said if PK ask for meeting/JS work he may think.",,,,,,,,,,,,,,,,,,,,,,,,,,,,,,,,
Vaishali ,127-Raja Pakar (SC),Dr Vinay Paswan,,,9430288077.0,9507832340.0,"Dr Vinay Paswan| Male | 44 | SC | Dusadh | MLA Contestant

-Professor at Samastpur Degree College Muzaffarpur
-Jansuraaj State working commitee member
-Former Jansuraaj District Chief spokeperson & Constitution Member
-Inedependent MLA contested in 2015 ( Got 3rd Position with 7975 votes)
-JAP MLA contested in 2020 got 896 votes.
-Former JAP State Sachiv (2020)",Active till ticket distribution,Neutral Stance,With JS,Call Connected,With JS,None of the Above ,,"-Sad due to ticket distribution.
-Don't want be part of sangathan only member.
-Will not contest PRI election.",,,,,,,,,,,,,,,,,,,,,,,,,,,,,,,,
Vaishali ,127-Raja Pakar (SC),Mukesh Kumar,43.0,,9430431917.0,9798627352.0,"Mukesh Kumar | Male | 43 | SC | Ravidas | Former Mukhiya

-Former 3 Consecutive Terms Mukhiya(2006 to 2022)
-Former JDU Mahadalit Cell State Secretary(2017 to 2018)
-Former JDU District Secretary(2015 to 2016)
-Former JDU Active Member(2005 to 2024)
-",Candidate,,,Call Connected,With JS,,,,,,,,,,,,,,,,,,,,,,,,,,,,,,,,,,,
Vaishali ,127-Raja Pakar (SC),Manoj Kumar Bhushan,,,8709270277.0,8709270277.0,"Manoj Kumar Bhushan | Male | 37 | SC | Dusadh | Private Job

-Jansuraaj Founding Member
-ECC Member Completed 5K Member
-Private Job in Electricity Office Muzaffarpur
-Active Social Worker ( Working On Education)
",Active till ticket distribution,Active for JS,With JS,Not Received ,,,,,,,,,,,,,,,,,,,,,,,,,,,,,,,,,,,,
Vaishali ,127-Raja Pakar (SC),Jai Prakash Chaudhary,,,6200352201.0,7633853809.0,"Jai Prakash Chaudhary | Male | 40 | SC | Pasi | Former Nagar Parishad Adhyaksh

-Former Nagar Parishad Adhyaksh, 2007 To 2011
-Former Defacto ZP Member, 2006 To 2011
-Former ZP Member, 2011 To 2016
-Former BJP Yuva Morcha Zila Upadhyaksh, 2016 to 2018 & 2019 To 2020
-Former JDU Yuva Morcha Zila Adhyaksh, 2011 To 2014
-Jan Suraaj District President, 
-Jan Suraaj State Core Committee Member",Active till ticket distribution,Helped Other Party,Not with JS,Call Connected,Not with JS,,,He had planned a Conspiracy to attack on SIG & DI in the District Meeting . Then He resigned from JSP. He started Gathering the Leaders-ACC against JSP and had planned to establish a new Party agaisnt Jan Suraaj Party. ,,,,,,,,,,,,,,,,,,,,,,,,,,,,,,,,
Vaishali ,127-Raja Pakar (SC),Mahant Akhileshwar Paswan,,,8578948039.0,8578948039.0,"Mahant Akhileshwar Paswan | Male | 50 | SC | Dusadh | Mukhiya Contesatnt

-Former Mukhiya Contestant, 2016 , Got 812 Votes
-Former Panchayat Samiti Contestant, 2011, Got 756 Votes
-Former LJP, Block President, 2007 To 2022
-Former LJP Dalit Sena , Zila Adhyaksh, 2014 To 2015
-Akhil Bhartiya Kabir Vichar Manch Pardesh Adhyaksh
-Jan Suraaj State Working Committee Member",Active till ticket distribution,Helped Other Party,With JS,Call Connected,With JS,Willing to Work in Sangathan at Dist/State Level,,"-Wrong candidate selection.
-Fully devoted towards JS and PK
-Want to work in orgnisation.
-He will not contest PRI election.",,,,,,,,,,,,,,,,,,,,,,,,,,,,,,,,
Vaishali ,128-Raghopur,Vikas Dubey,,,9878642721.0,9878642721.0,"Vikas Dubey | Male | 42 | General | Brahmin | Private Job

-Sales Manager at Automobile Industry
-Social Worker.",Not Active,,,Call Connected,With JS,Willing to Contest PRI election and also ready to work in sangathan,,"-He is from Gopalganj district.
-If seats remain UR he will contest ZP election.",,,,,,,,,,,,,,,,,,,,,,,,,,,,,,,,
Vaishali ,128-Raghopur,Chanchal Kumar,40.0,Male,8809087215.0,8809087215.0,"Chanchal Kumar | Male | 40 | General | Rajput | Former JDU Mahasachiv

-Former JDU Pradesh Mahasachiv, Business Cell, 2010 To 2022
-Sanghatan Mnatri International Rajput Mahasammelan
-Pradhan Mahasachiv Akhil Bhartiya Rajput Mahasangh
-Jan Suraaj Rajya Samiti Sadasya",Candidate,,,Call Connected,With JS,,,,,,,,,,,,,,,,,,,,,,,,,,,,,,,,,,,
Vaishali ,128-Raghopur,Nagendra Kumar Chaudhari,,,6206687804.0,6206687804.0,"Nagendra Kumar Chaudhari | Male | 49 | OBC | Yadav | ZP Member

-Incumbent ZP Member(2021 To Till Date)
-Former BJP district Upadhyaksh (2010 to 2015)
-Former BJP District Presdient(2000 to 2010)
-Former JP Yuva Morcha Adhyaksh(1995 to 2000)",Active till ticket distribution,Helped Other Party,Not with JS,Call Connected,Not with JS,,,"-Very angry due to ticket distribution.
-Don't want to be part of JS ever.",,,,,,,,,,,,,,,,,,,,,,,,,,,,,,,,
Vaishali ,128-Raghopur,Dharmendra Kumar Singh,,,9910043875.0,9910043875.0,"Dharmendra Kumar Singh | Male | 56 | General | Rajput | Businessman

-M.D of KQC Global Pvt. Ltd
-Founder and Director of NGO, Sweet Home
-Prominent Social Workers, Supporting more than 100 Residents, including, , Orphans, Single Mother
-Provide Free Education in Rural areas.
-Former Urban Development Executive Engineer, Govt Of India
-B.Tech(BIT Mesra)
-Father Vishwanath Singh Contested MLA Election, 1980 ,Janta Party, Runner Up
-Father Was ZP Member from 2001 To 2006
-Father Contested MLC Election From Vaishali, 2006, ",Active till ticket distribution,Neutral Stance,With JS,Call Connected,Not with JS,,Need to retouch.,"-I spent almost 2 Cr.
-Very angry and offensive but speaking truth.
-No communication even not a single word before ticket distribution.
-I have no more confidance in PK.
-PK is corporate frowd.
-From now on, I will rely only on myself for whatever I do.",,,,,,,,,,,,,,,,,,,,,,,,,,,,,,,,
Vaishali ,128-Raghopur,Umeshwar Prasad Choudhary,,,7004644406.0,7004644406.0,"Umeshwar Prasad | Male | 74 | OBC | Yadav | Former Mukhiya

-Former Mukhiya , 1978 To 1991
-Father Was Mukhiya, 1961 To 1965
-Former BJP Member, 2015 To 2024
-Retired Grameen Bank Officer
-Particpate In JP Aandolan and went To Jail also
-Former Bank Union President, 1991 To 2001
-Former Bank Union General Secretary, 2001 To 2011
-Ram Janki Math , President, Paharpur
-Social Worker",Not Active,,,Call Connected,With JS,Willing to Work in Sangathan at Dist/State Level,,"-Will Paricipate in sangathan related works only.
-He may consider as Mentor in District.",,,,,,,,,,,,,,,,,,,,,,,,,,,,,,,,
Vaishali ,129-Mahnar,Harsha Mehta,,,8920533679.0,8920533679.0,"Harsha Mehta | Female | 30 | OBC | Kushwaha | Private Job

-Jansuraaj Founding Member 
-Currently working at The Better India Org. as a Manager  
-Former Scholar of Erasmus Exchange Programme at Italy (2016)
-Belongs too very Prestigiuos family 
-Her Grand father Late Tulsidas Mehta was Former 5th Term MLA from Mehnar Assembly ( 1962 - 1995)
-Her Uncle Alok Kumar Mehta  was Former MP from Samastipur and Incumbent RJD MLA from Ujiarpur
",Not Active,Neutral Stance,With JS,Call Connected,,,She cut the call after listening JS,She belongs to a big Political Legecy Family and want a Designation in Jan Suraaj . But She does Job in Delhi. ,,,,,,,,,,,,,,,,,,,,,,,,,,,,,,,,
Vaishali ,129-Mahnar,Thakur Indu Bhushan Singh,,,9431441573.0,9431441573.0,"Thakur Indu Bhushan Singh | Male | 65 | General | Rajput | LJP Parliamentary Board Member
-Jan Suraaj District President
-LJP Sansdiye Board Member(2016 to 2020)
-Former LJP District President(2013 to 2016)
-Businessman( Owner of Ganga Scaffolding Centre)",Active till ticket distribution,Neutral Stance,With JS,Call Connected,Not with JS,,,"-He is very upset after ticket distribution.
-Don't want to be part of JS in near future.
",,,,,,,,,,,,,,,,,,,,,,,,,,,,,,,,
Vaishali ,129-Mahnar,"
Praveen Kumar Singh",,,6205867434.0,8235755634.0,"Praveen Kumar Singh |57 | Male | Rajput | General | Ajay Bharat Party National Spokesperson

-Jansuraaj Mehnar Sangathan Zila Adyakash
-Former Ajay Bharat Party state Maha Mantri & National Spokeperson ( 2000-2003)
-Farmer ( 7 Acre land)",Active till ticket distribution,Active for JS,With JS,Call Connected,With JS,Willing to Work in Sangathan at Dist/State Level,,"Although raises a lot of Question but he is dedicated JSP Leader. His ambition is to become the Ziladhyaksh of JSP, Vaishali . ",,,,,,,,,,,,,,,,,,,,,,,,,,,,,,,,
Vaishali ,129-Mahnar,Vijay Kumar Singh,,,8789563778.0,8789563778.0,"Vijay Kumar Singh | Male | 50 | OBC | Kushwaha | MLA Contestant

-Former MLA Contestant, 2010, BSP, Mahnar, got 2800 Votes
-Former BJP Pradesh Karyakarini Sadasya(2019 to 2022)
-Former JDU Pradesh Mahasachiv(2005 To 2010)
-Former BSP Member(2010 To 2010)
-Former Samta Party Pradesh Sachiv Student Wing, 1994 to 1998",Not Active, Contested as an Candidate from other Party,Not with JS,Call Connected,Not with JS,,,"He abUsed Prashant in Sheikhpura and tried to create a Chaotic Envirnment .
- He is the most of one who are Problem creaters. 
- He is a mentally psycho disturbed person. 
- Use to write abuses in the DSC Only and do work nothing for JSP . 

- He is an Anti-Party Element . ",,,,,,,,,,,,,,,,,,,,,,,,,,,,,,,,
Vaishali ,129-Mahnar,Karuna Verma Kushwaha,,,9931230240.0,9142932806.0,"Karuna Verma Kushwaha | Female | 39 | OBC | Kushwaha | MLA Contestant

-Former MLA Contestant, 2020, Mahnar Assembly, Independent, Got 3000 Votes
-Former ZP Contestant, 3200 Votes
-Former ASA Party, Rashtriya Mahasachiv, 2024 To 2025
-Former LJP Mahila Cell , Pradesh Upadhyaksh, 2021 To 2024
-Former Sarvajan Navyug Vikas Party, National President, 2020 To 2021
-Former BSP Pradesh Sachiv, 2010 To 2020
-Incumbent Vaishali Kushwaha Sangh Zila Sachiv, 2016 To Till Date
-Her Father In Law &  Grand Father In Law Was Mukhiya , 1976 To 2001
-Jan Suraaj Mahila Prakhand Adhyaksh",Active till ticket distribution,Helped Other Party,With JS,Call Connected,With JS,Willing to Work in Sangathan at Dist/State Level,,"-Fully devoted towards JS.
-Want to meet PK.
-Willing to Work in Sangathan at Dist/State Level.
-She is planning to help others in PRI elction.
-She don't want contest PRI election but will contest in next MP/MLA election.",,,,,,,,,,,,,,,,,,,,,,,,,,,,,,,,
Vaishali ,129-Mahnar,Dr Rajesh Kumar,51.0,,9973533294.0,9973533294.0,"Dr Rajesh Kumar | Male | 51 | EBC | Chaurasia | Doctor

-Runs a Hospital named, Aryan Hospital, 
-Paediatrics Doctor
-IMA District Treasurer
-Joint Secretary of Indian Academy Of Paediatrics
-Jan Suraaj Aarogya Convenor",Candidate,,,Call Connected,With JS,,,,,,,,,,,,,,,,,,,,,,,,,,,,,,,,,,,
Vaishali ,129-Mahnar,Arvind Kumar Yadav,,,9931238574.0,9931238574.0,"Arvind Kumar Yadav | Male | 52 | OBC | Yadav | MLA Contestant

-Former MLA Contestant, 1995, Jandaha Constituency , Independent, Got 1300 Votes
-Former MLA Contestant, Mahnar, 2015 , Independent, Got 1500 Votes
-Former Mukhiya, 2011 To 2016
-Former Defacto Mukhiya, 2016 To 2021
-Former ASA Party District President, 2024 To 2025
-Former JDU Member, 2020 To 2024
-Former RJD District Vice President, 2015 To 2020
-Jan Suraaj Zila Mahasachiv
-Brick Klin Business",Active till ticket distribution,Helped Other Party,Not with JS,Call Connected,With JS,Willing to Work in Sangathan at Dist/State Level,,"-His wife will contest PRI election.
-Willing to Work in Sangathan at Dist/State Level.",,,,,,,,,,,,,,,,,,,,,,,,,,,,,,,,
Vaishali ,129-Mahnar,Om Prabha Kumari,,,8521864868.0,8521864868.0,"Om Prabha Kumari | Female | 45 | OBC | Kushwaha | ZP Contestant

-Former ZP Contestant, 2006 Got 1379 Votes
-Former RLSP , Mahila Cell Zila Sachiv, 2013 To 2018
-Former BJP State Working Committee Member, 2018 To 2022
-Member Of All India Kushwaha Mahasabha 2010 To Till Date
-Director Of Saryug Devi Cancer Hospital
-Director Of Om Chanakya Ashoka Foundation
",Active till ticket distribution, Contested as an Candidate from other Party,Not with JS,Call Connected,Not with JS,,,"-Very Angry and upset due to wrong selection of candidate.
- Wife of Problem Creator Vijay Kumar Singh . ",,,,,,,,,,,,,,,,,,,,,,,,,,,,,,,,
Vaishali ,129-Mahnar,Shital Gupta,,,9973315777.0,9973315777.0,"Shital Gupta | Female | 45 | EBC | Teli | N.P Chairman Contestant

-Former Nagar Parishad Chairman Contestant, 2022, Got 2786 Votes
-Former ASA Party Member, 2024 To 2025
-Incumbent Pradesh Mahamantri, Teli Sahu Samaj, Bihar
-Runs a Girls Hostel at Boring Road, Patna
-Social Worker",Active till ticket distribution,Helped Other Party,Not with JS,Call Connected,Not with JS,,,"- She Joined JDU
-She will decide later wheather to join JS or Not. ",,,,,,,,,,,,,,,,,,,,,,,,,,,,,,,,
East Champaran,13-Harsidhi (SC),Kusum Devi,,,9771090011.0,9771090011.0,"Kusum Devi | Female | 44 | SC | Paswan | Former MLA Candidate

-Former Independent MLA Candidate (2010) Harshiddhi,  vote  3324
-Former Mukhiya  contestent (2016- 2021)
-Block Pramukh from( 2006-2011)
-Former JDU SC Cell Pradesh Mahasachic(2007 to 2010)
-Former RJD Member(2017 to 2024)
",Active till ticket distribution,Active for JS,With JS,Call Connected,With JS,Willing to Contest PRI election and also ready to work in sangathan,Yes ,- She will continue the Party and strengthen the . As well as she is also interested in PRI Election for Block Pramukh ,,Call Connected,,Not Interested,"-Former Block Pramukh 
-Former RJD Mahila District President.
- Formerly served as the Block Pramukh of the Turkauliya block (2006-2011).
- Served as Mukhiya of Jaisighpur panchayat in 2016-21.
- Ex JDU Pradesh Mahasachiv from (2007-10)
- Member of District Committee on development of SC/ST.""",,,,,,,,No,20.0,,,,,,,,,,,,,,,,,,
East Champaran,13-Harsidhi (SC),Sheela Kumari,,,8969680570.0,8969680570.0,"Sheela Kumari | Male | 44 | SC | Ravidas | Former Mukhiya

-Former Mukhiya, 2016 to 2021
-Former Defacto Panchayat Samiti(2011 To 2016)
-Former Defacto Block Pramukh(2011 to 2016)
-Former BJP Mahila Morcha Zila Mahamantri(2017 To 2021)
",Active till ticket distribution,Active for JS,With JS,Call Connected,With JS,Willing to Contest PRI election and also ready to work in sangathan,Yes,- She will Contest PRI and continue Party Actively. According to her need to focus on women especially in sangathan. Low Literacy rate in bihar also affected  the Election. ,,Call Connected,,Not Interested,"Sheela Kumari | 44 | Female| SC | Chamar 

- Ex Mukhiya of Chargahan Panchayat (2016-2021)
- ⁠Contested Mukhiya in 2021 but lost
- ⁠BJP Mahila Zila Mahamantri ( 2018-2020)
- ⁠Worked in Cipla (Pune) 
- ⁠Teacher in DAV Jharkhand (2011-2013)",,,,,,,,No,,,,,,,,,,,,,,,,,,,
East Champaran,13-Harsidhi (SC),Jagan Hajara,,,6200494783.0,7352385066.0,"Jagan Hajara | Male | 56 | SC | Dusadh | Advocate

-Advocate at Session Court
-Former RJD Block President(2001 to 2010)",Not Active,,,Call Connected,Not with JS,None of the Above ,No,"- He does not want to be in committe. 
- Not interested in PRI ",,,,,,,,,,,,,,,,,,,,,,,,,,,,,,,,
East Champaran,13-Harsidhi (SC),Manoj Ram,,,9801446500.0,9801446500.0,"Manoj Ram | Male | 39 | SC | Ravidas | Incumbent Block Pramukh

-Incumbent Block Pramukh (2021 To Till Date)
-Incumbent Panchayat Samiti(2021 To Till Date)
-Former Mukhiya (2011 To 2016)
-Former Mukhiya Contestant(2006), Got 1600 Votes
-Former RJD Media Prabhari(2012 To 2023)
-Jan Suraaj State Core Commitee Member
-Working as a Press Reporter(2010 To Till Date)
-Chemist",Not Active,,,Call Connected,With JS,Willing to Contest PRI election and also ready to work in sangathan,Yes ,"- Preparing for ZP Election as well ZP Chairman 
- Will Continue party 
- He is fan of Prashant and Party 
- Party whenever Considefr him as a Candidate, he will Contest with Strong Effort  ",,,,,,,,,,,,,,,,,,,,,,,,,,,,,,,,
East Champaran,13-Harsidhi (SC),Awadhesh Kumar,43.0,,9199836855.0,8210265655.0,"Awadhesh Kumar | 43 | SC | Ravidas | Former Panchayat Samiti Member

-Former Panchayat Samiti Member(2011 To 2016)
-Former Block Parmukh(2011 To 2016)
-Former Defacto Mukhiya(2016 To 2021)
-",Candidate,,,,,,,,,,,,,,,,,,,,,,,,,,,,,,,,,,,,,,,
Vaishali ,130-Patepur (SC),Awadhesh paswan,,,9973017277.0,9973017277.0,"Awadhesh Paswan | Male | 53 | SC | Paswan | Former Mukiya

-Former Mukhiya (2006 to 2011)
-Former Zila Parishad Contestant(2011) , Got 8329 Votes
Former LJP SC cell Pradesh Sachiv 2005 to 2005
-Former FCI Workers Union , Kosha adhyaksh, 1982 To 2005
-Jan Suraaj District Office Incharge
-Jan Suraaj Abhiyan Samiti Sadasya
-Businessman(Jeans Factory)",Active till ticket distribution,Neutral Stance,With JS,Switch Off,,,,"His son died of Cancer 
- He wanted to PK's Visit at his home. 
- A strong Leader ",,,,,,,,,,,,,,,,,,,,,,,,,,,,,,,,
Vaishali ,130-Patepur (SC),Ashok Kumar Rajak,,,9815351309.0,9815351309.0,"Ashok Kumar Rajak | Male | 52 | SC | Dhobi | HAM Rashtriya Adhyaksh Kala Sanskriti Cell

-Former HAM Rashtriya Adhyaksh Kala Sanskriti Cell(2022 to 2023)
-Businessman(Garments Factory and Film Production)
-Jan Suraaj State Working Committee Member",Not Active,Helped Other Party,Not with JS,Call Connected,Not with JS,,,"-He has joined RJD before ticket distribution.
 ",,,,,,,,,,,,,,,,,,,,,,,,,,,,,,,,
Vaishali ,130-Patepur (SC),Sundeswar Paswan,,,7633975012.0,7633975012.0,"Sundeswar Paswan| Male | 52 | SC | Dusadh | Incumbent Mukhiya

-Incumbent 2nd Term Mukhiya ( 2016-Till Date)
-Former 2 term Mukhiya Runner Up ( 2001 7 2006)
-Former JDU Block MahaScahiv ( 2016-2022)",Not Active,Helped Other Party,Not with JS,Call Connected,Not with JS,Willing To Contest Panchayati Raaj ,,"- He was not with JS . 
- He is only interested to Contest PRI Election 
- He had filled Candidature Form by mistake on someone's Suggestion. 
- He was never intended to Contest the Election ",,,,,,,,,,,,,,,,,,,,,,,,,,,,,,,,
Vaishali ,130-Patepur (SC),Binod Prakash,,,6200665656.0,6200665656.0,"Binod Prakash | Male | 47 | SC | Paswan | Advocate

-Advocate At Patna High Court
-Father Was MLA, Patepur, Congress, 1985 To 1990
-Social Worker",Active till ticket distribution,Neutral Stance,With JS,Call Connected,Not with JS,None of the Above ,,"- He was active only During Election Time. 
- But when he did not get ticket became Silent. ",,,,,,,,,,,,,,,,,,,,,,,,,,,,,,,,
Vaishali ,130-Patepur (SC),Birendra Kumar,,,7564952444.0,7564952444.0,"Birendra Kumar | Male | 56 | SC | Chamar | SBI Manager

-Working as a Manager at State Bank Of India , Ranchi
-Social Worker",Not Active,Neutral Stance,With JS,Call Connected,With JS,None of the Above ,,He is a Govt. Teacher ,,,,,,,,,,,,,,,,,,,,,,,,,,,,,,,,
Vaishali ,130-Patepur (SC),Rina Kumari,,,9934440012.0,9934440012.0,"Reena Chaudhary | Female | 36 | SC | Paswan | Incumbent ZP

Former MLA Contestant, 2010, Patepur Constituency, SP, Secured 6th Position
-Former MLA Contestant, 2015, JAP(Loktantrik), Secured 5th Position
-Incumbent ZP Member, 2021 To Till Date
-Former ZP Contestant, 2016 , Got 8000 Votes
-Former JDU Mahila Cell, Zila Mahaschiv, 2009 To 2011
-Former Congress Mahila Morcha District Committee Member, 2005 To 2009
-Jan Suraaj State Working Committee Member
-Jan Suraaj Mahila Anumandal Adhyaksh
",Active till ticket distribution, Contested as an Candidate from other Party,Not with JS,Call Connected,Not with JS,,,"- She has Joined the Tej Pratap Yadav's Party and Contested from Patepur
- She is a famous Blackmailer 
- She abuses Prashant ",,,,,,,,,,,,,,,,,,,,,,,,,,,,,,,,
Vaishali ,130-Patepur (SC),Uday Kumar,,,9934974370.0,9934974370.0,"Uday Kumar | Male | 55 | SC | Ravidas | BJP Zila Adhyaksh

-Former BJP SC Cell District President, 2022 To 2025
-Former BSP District President, 2015 To 2022
-Former CPI(ML) Mahamantri, 1995 To 2008
-",Active till ticket distribution,Neutral Stance,With JS,Call Connected,With JS,Willing to Work in Sangathan at Dist/State Level,,He was neutral during Election time but was intended to Work for JSP but no one touched him. ,,,,,,,,,,,,,,,,,,,,,,,,,,,,,,,,
Samastipur,131-Kalyanpur (SC),Sanjay Kumar Singh,,,9430646148.0,9430646148.0,"Sanjay Kumar Sing | Male | 53 | General | Rajput | Former Panchayat Samiti

-Former Panchayat Samiti, 2006 to 2011
-Former Panchayat Samiti Contestant, 2011
-Former BJP Upadhyaksh
-Businessman",Active till ticket distribution,Active for JS,With JS,Call Connected,With JS,Willing to Contest PRI election and also ready to work in sangathan,,"-Fully devoted towards JS.
-Willing to Contest PRI election if seat remain UR and also ready to work in sangathan",,,,,,,,,,,,,,,,,,,,,,,,,,,,,,,,
Samastipur,131-Kalyanpur (SC),Sunil Paswan,,,9572068453.0,9572068453.0,"Sunil Paswan | Male | 43 | SC | Dusadh | ZP Contestant

-Jansuraaj State working Commitee Member
-Jansuraaj District General secratory
-ZP Runner Up - (4778 votes)
-Former Congress State Secratory SC Cell ( 2015-2020)
-Former Congress State Coordinator ( 2022-2023)
",Active till ticket distribution,Active for JS,With JS,Call Connected,With JS,Willing to Contest PRI election and also ready to work in sangathan,,"Looking for role in the party.
Currently District General Secratory JS.",,,,,,,,,,,,,,,,,,,,,,,,,,,,,,,,
Samastipur,131-Kalyanpur (SC),Rajeev Kumar,,,8084214474.0,8084214474.0,"Rajeev Kumar | Male | 40 | SC | Paswan | Social Worker

-Farmer 
-Jan Suraaj Yuva Prakhand Adhyaksh
-Social Worker(Inspired Youth for Education)

-",Active till ticket distribution, Contested as an Candidate from other Party,With JS,Call Connected,With JS,Willing to Work in Sangathan at Dist/State Level,,"Looking for role in the party.
Want to be in party.",,,,,,,,,,,,,,,,,,,,,,,,,,,,,,,,
Samastipur,131-Kalyanpur (SC),Ram Balak Paswan,61.0,,9934263549.0,9934263549.0,"Ram Balak Paswan | Male | 61 | SC | Paswan | Incumbent Deputy Mayor

-Incumbent Deputy Mayor (2023 To Till Date)
-Mahamantri Rameshwar Jute Mill Staff and workers Sangh 
-Jan Suraaj State Core Committee Member
-Former BJP SC Cell Pradesh Upadhyaksh(2018 To 2021)
-Former JDU SC Cell Pradesh Adhyaksh(2010 to 2013)
-Former Janta Dal Zila Mahasachiv(1984 To 1989)
-Former ZP Contestant(2016), Got 7342 Votes
-Former MLA Contestant(2015), Independent, Kalyanpur, Got 5600 Votes
",Candidate,,,Call Connected,With JS,,,,,,,,,,,,,,,,,,,,,,,,,,,,,,,,,,,
Samastipur,131-Kalyanpur (SC),A Mona Parshad Urf Sundeshwar Ram,,,9686397198.0,9686397198.0,"Amona Parshad | Male | 56 | SC | Chamar | MLA Contestant

-Former MLA Contestant, LJP, 2020, Kalyanpur Constituency, Got 26000 Votes
-Former LJP Member, 2020 To 2020
-Former BJP District Mahamantri, 2020 To 2022
-Former BJP SC Cell District President, 2017 To 2020
-Jan Suraaj State Core Committe Member",Active till ticket distribution,Neutral Stance,With JS,Call Connected,With JS,Willing to Contest PRI election and also ready to work in sangathan,Yes,"-Fully Devoted towards JS.
-There is a huge difference between saying and doing.
-If the system is fine then it will work.
-He need respect in the orgnisation and want to work for JS.",,,,,,,,,,,,,,,,,,,,,,,,,,,,,,,,
Samastipur,131-Kalyanpur (SC),Indra Prasad Ram,,,9931402992.0,9931402992.0,"Indra Prasad Ram | Male | 61 | SC | Chamar | ASP Zila Adhyaksh

-Former Azad Samaj Party Zila Adhyaksh
-Retired Govt. Head Master
-Social Worker",Active till ticket distribution,Active for JS,With JS,Call Connected,With JS,Willing to Work in Sangathan at Dist/State Level,Yes,"Top Performer.
Active from Very Beigning.
He was ignored during election by candidate.",,,,,,,,,,,,,,,,,,,,,,,,,,,,,,,,
Samastipur,131-Kalyanpur (SC),Dr Shivnath Sharan,,,7250550828.0,6205742315.0,"Dr Shivnath Sharan | Male | 73 | SC | Dhobhi | Doctor

-Former MLA Contestant, 2020, Kalyanpur Constituency, Independent, Got 3700 Votes
-Retired Additional Chief Medical Officer
-MBBS 
-Social Worker",Active till ticket distribution,Neutral Stance,With JS,Call Connected,With JS,None of the Above ,Yes,"Desipointed due to candidate selection. will decide further step.
Want to meet PK.",,,,,,,,,,,,,,,,,,,,,,,,,,,,,,,,
Samastipur,132-Warisnagar,Mahesh Kumar,,,9570600616.0,9570600616.0,"Mahesh Kumar|Male|41|OBC| Yadav|Businessman

-Prominent Businessman
-Director at NGO(carrier education & Development
-AGRO based Industry (PGRL Industries LTD.)
-Director at Carrier Public school
-Director at Carrier  Computer Center
-PK Youth Club Coordinator",Active till ticket distribution,Active for JS,With JS,Call Connected,With JS,Willing to Contest PRI election and also ready to work in sangathan,,"-Fully Devoted towards JS.
-There is a huge difference between saying and doing.
-Not a single thing in the Youth Club guidelines was followed.
-If the system is fine then it will work.",,,,,,,,,,,,,,,,,,,,,,,,,,,,,,,,
Samastipur,132-Warisnagar,Dr Govind Kumar,,,9939249835.0,9939249835.0,"Dr Govind Kumar | Male | 44 | OBC | Kurmi | Incumbent Block Pramukh

-Incumbent Block Pramukh(2021 to Till Date)
-Incumbent Panchayat Samiti(2021 To Till Date)
-Former 2 Terms Mukhiya Contestant(2016 &2005)
-Former JDU Grameen Vikas Vibhaag Sadasya(2020 to 2023",Active till ticket distribution, Contested as an Candidate from other Party,Not with JS,Call Connected,Not with JS,,,-Very Angry and offensive due to not getting ticket.,,,,,,,,,,,,,,,,,,,,,,,,,,,,,,,,
Samastipur,132-Warisnagar,Md Wasim Raza,,,8226926786.0,8226926786.0,"Md Wasim Raza | Male | 56 | Minority | Sheikh | Incumbent Mukhiya

-Incumbent 3rd term Mukhiya (2011-Till Date)
-Former ZP (2006)
-MLC Contested in 2007 Got 800 Votes ( PRI)
- Member of District Planning Commitee ( 2006-10)
-Independent MLA Contested in 2010 Got 11000 Votes 
-",Active till ticket distribution,Neutral Stance,With JS,Call Connected,With JS,Willing To Contest Panchayati Raaj ,Yes,"Desipointed due to candidate selection. will decide further step.
Want to meet PK.",,,,,,,,,,,,,,,,,,,,,,,,,,,,,,,,
Samastipur,132-Warisnagar,Priyanka Kumari,33.0,Female,9661113367.0,9661113367.0,"Priyanka Kumari | Female | 33 | EBC | Mallah | Incumbent ZP

-Incumbent 2 Consecutive Terms ZP , 2016 To Till date
-Former VIP Zila Upadhyaksh, 2018 To 2021
-Former JDU Zila Mahasachiv, 2022 To 2023
-Jan Suraaj Anumandal Mahila Adhyaksh",Candidate,,,Call Connected,With JS,,,Candidate Pradeep SahnI's Wife,,,,,,,,,,,,,,,,,,,,,,,,,,,,,,,,
Samastipur,133-Samastipur,Tarkeshwar Nath Gupta,,,9006015455.0,9113383326.0,"Tarkeshwar Nath Gupta | Male | 55 | OBC | Bania | Chairman Nagar Nigam

-Former Chairman Samastipur Nagar Nigam, 2017 To 2022
-Former Ward Councilor, 2017 to 2022
-Former  Defacto Ward Councilor, 2012 To 2017
-Former RJD Zila Upadhyaksh(2018 To 2022)
-Former RJD Member(1997 To 2022)
-Jan Suraaj Pradesh Karyasamiti Sadasya",Active till ticket distribution,Active for JS,With JS,Call Connected,With JS,None of the Above ,"Yes, He will decide after meeting.","Desipointed due to candidate selection.
Candidate Not cooprative in booth agents selection.Last minute backout in BLA.
Bahut Kharcha hua hai,samarthak sab mana kar raha hai.",,,,,,,,,,,,,,,,,,,,,,,,,,,,,,,,
Samastipur,133-Samastipur,Akib Javed,,,7482956240.0,7482956240.0,"Akib Javed | Male | 26 |  Minority | Ansari | Panchayat Samiti Contestant

-Former Panchayat Samiti Contestant, 2021, got 377
-Former BJP Panchayat Spokesperson, 2022 to 2024
-Father Contested PACS Election in 2009
-Social Worker",Not Active,,,Call Connected,With JS,Willing To Contest Panchayati Raaj ,,"-Very cold response during conversation.
-He is with JS but as a Member only due to the upcoming panchayat election.
-If Mukhiya Seat is available for EBC he will contest for that.",,,,,,,,,,,,,,,,,,,,,,,,,,,,,,,,
Samastipur,133-Samastipur,Rahul Kumar,,,6203264405.0,6203264405.0,"Rahul Kumar | Male | 27 | OBC | Kushwaha | JDU Yuva Student Leader

-JDU Yuva Student Leader(2016 To 2018)
-Teacher
-Jan Suraaj Yuva Karyakari Samiti",Active till ticket distribution,Active for JS,With JS,Call Connected,With JS,Willing to Work in Sangathan at Dist/State Level,Yes,"Very dedicated and want to PK, and decide the future prospectus.",,,,,,,,,,,,,,,,,,,,,,,,,,,,,,,,
Samastipur,133-Samastipur,Chetna Jhamb,,,6202260214.0,6202260214.0,"Chetna Jhamb | Female | 38 | OBC | Bania | Businesswoman 

-Director Of Skanda Group Of Industries
 -Director Of Skamkhya Entertainment 
-Director Of Skaiba Pvt. Ltd -
Actress(Acted In South Indian Cinema)
-Social Worker
         
",Active till ticket distribution, Contested as an Candidate from other Party,Not with JS,Not Received ,,,,,,,,,,,,,,,,,,,,,,,,,,,,,,,,,,,,
Samastipur,133-Samastipur,Dr Manoj Singh,44.0,,7004673500.0,7004673500.0,"Dr Manoj Singh | Male | 44 | OBC | Kushwaha | Doctor

-Director Of Sri Ram Chandra Hopsital, Samastipur
-Director Of Dharm Super Speciality Hopsital
-Social Worker
-MBBS & MD",Candidate,,,Call Connected,With JS,,,,,,,,,,,,,,,,,,,,,,,,,,,,,,,,,,,
Samastipur,134-Ujiarpur,Durga Prasad Singh,,,9431295984,9431295984,Ex MLA,Candidate,  ,,Call Connected,With JS,,,,,,,,,,,,,,,,,,,,,,,,,,,,,,,,,,,
Samastipur,134-Ujiarpur,Pappu Kumar,,,7903088213.0,7903088213.0,"Pappu Kumar| Male | 46 | EBC | Kanu| Former Defacto Block Pramukh

-Jansuraaj Anumandal (Dalsingh Sarai) President 
-Former De-facto ( Mother Kiran Devi) Block Pramukh ( 2011-2016)
-Chairman of Nidaan Health Care 
-Ex Chairman of Ayushman Hospital
-Social worker ( through Health Camp)",Active till ticket distribution,Active for JS,With JS,Call Connected,With JS,Willing to Contest PRI election and also ready to work in sangathan,,"Fully Devoted towards JS.
-Willing to Contest PRI election and also ready to work in sangathan",,,,,,,,,,,,,,,,,,,,,,,,,,,,,,,,
Samastipur,134-Ujiarpur,Sunita Kumari,,,6205862460.0,6205862460.0,"Sunita Kumari | Female | 34 | EBC | Badhai | Incumbent Zila Parishad

- Incumbent ZP Member(2021 To Till Date)
-Former ZP Contestant, 2016 got 5300 Votes
-Former RLSP Pradesh Upadhyaksh, Mahila Cell, 2019
-Former RLSP Zila Adhyaksh Mahila Cell(2017 To 2019)",Active till ticket distribution, Contested as an Candidate from other Party,Not with JS,Call Connected,Not with JS,,,"-She left JS after the ticket distribution.
-She feel cheated by JSP.
-She doesn't want any association with JS in the near future.
-",,,,,,,,,,,,,,,,,,,,,,,,,,,,,,,,
Samastipur,134-Ujiarpur,Maha Shanker Choudhary,,,7004037677.0,7004037677.0,"Maha Shanker Choudhary | Male | 61 | General | Brahmin | Retired Bihar Police

-Retired Bihar Police Officer
-Bihar Police Officers Association President, 2012 To 2024
-Social Worker",Active till ticket distribution, Contested as an Candidate from other Party,Not with JS,Call Connected,With JS,None of the Above ,,"-He contested 2025 AE independently.
-He did not resign from JSP Yet.
-Self-respect is not taken care of here, hence I will leave the party in the near future but I am still in the party. ",,,,,,,,,,,,,,,,,,,,,,,,,,,,,,,,
Samastipur,134-Ujiarpur,Prem Nath Mahto,,,9431492208.0,9431492208.0,"Prem Nath Mahto| Male |45 | EBC | Noniya | Mukhiya

-Education - Matric
- Incumbent Mukhiya (2021 to Till Date)
-Former Pradesh Upadhyaksh EBC prakoshth of BJP (1998 to 2021)
-Former District Committee member of BJP (1998 to 2021)
- Former RJD Pradesh Ati pichhada prakoshth karysamiti Member
- Former Vidhan Sabha Prabhari Ujiyarpur ",Active till ticket distribution,Active for JS,With JS,Call Connected,With JS,Willing to Contest PRI election and also ready to work in sangathan,,"Fully Devoted towards JS.
-Willing to the Contest PRI election and also ready to work in sangathan
-Wanted State level position as promised by PK during the election period.",,,,,,,,,,,,,,,,,,,,,,,,,,,,,,,,
Samastipur,134-Ujiarpur,Ajay Kumar,,,9771296690.0,9771296690.0,"Ajay Kumar | Male | 39 | OBC | Kushwaha | Incumbent Mukhiya

-Incumbent 2 consecutive Terms Mukhiya(2016 to Till Date)
-Incumbent Mukhiya Sangh Adhyaksh(2021 to Till Date))
-Former BJP Sah Sanyojak Panchayti Raj Cell(2020 to 2023)
-Former BJP Member(2018 to 2023)
-Prominent Businessman(Brick Klin, Fertilizer Shop, Contractor & Farming)
-P.h.D in Political Science
-Jan Suraaj State Core Committee Member",Active till ticket distribution,Neutral Stance,With JS,Call Connected,With JS,Willing To Contest Panchayati Raaj ,Not Now,"Angry with candidate selection.
Dicey and not much confidance in JS.
Kathni aur Karni me bahut fark.",,,,,,,,,,,,,,,,,,,,,,,,,,,,,,,,
Samastipur,134-Ujiarpur,Rajeev Kumar Pandey,,,8084073339.0,8084073339.0,"Rajeev Kumar Pandey | Male | 56 | General | Bhumihar | BJP Prakhand Sanyojak

-Former BJP Prakhand Sanyojak(1994 to 2022)
-Former ABVP Sanghatan Prabhari(1988 to 1993)
-Former 2 Terms Mukhiya Contestant(2001 , got 785 Votes & 2006 , Got 898 Votes
-Former TD Inetr College Prabhari (1990 to 1991)
-Prominnet Social Worker(Plays an Inportant role in  Building govt School )
-Jan Suraaj Sanghatan Mahasachiv",Active till ticket distribution,Active for JS,With JS,Call Connected,With JS,Willing to Work in Sangathan at Dist/State Level,,"""Fully Devoted towards JS.
-Not Willing to the Contest PRI election But  ready to work in sangathan.",,,,,,,,,,,,,,,,,,,,,,,,,,,,,,,,
Samastipur,134-Ujiarpur,Sudhir Kumar,,,9835839999.0,9835839999.0,"Sudhir Kumar | Male | 40 | OBC | Kushwaha | Former Mukhiya Contestant

-Former Mukhiya Contestant, 2016
-Former BJP Member(2018 to 2023)
-Former NCP District Core Committee Member(2008 To 2009)
-Jan Suraaj District Spokesperson
-Businessman(Computer and IT Product Sales and Service)
",Active till ticket distribution,Helped Other Party,With JS,Call Connected,Not with JS,,,"Wrong candidate selection.
Wrong narrative in public in candidate selection.
1 JS se lad rha tha baki probable harane me lage the.
Only nominal JS Membership",,,,,,,,,,,,,,,,,,,,,,,,,,,,,,,,
Samastipur,134-Ujiarpur,Rinki Paswan,,,9507448946.0,9507448946.0,"Rinki Paswan | Female | 38 | SC | Paswan | Incumbent Panchayat Samiti

-Incumbent 2 Consecutive Terms Panchayat Samiti(2016 to Till Date)
-Former Block Pramukh(2016 To 2021)
-Former RLSP Pradesh Schiv Mahila Cell(2016 To 2019)
-Jan Suraaj Zila Mahila Adhyaksh",Active till ticket distribution,Active for JS,With JS,Call Connected,With JS,Willing to Contest PRI election and also ready to work in sangathan,,Need responsiblity on State level because she is shifting to patna.,,,,,,,,,,,,,,,,,,,,,,,,,,,,,,,,
Samastipur,134-Ujiarpur,Dr Lal Babu Sah,,,9570596760.0,9570596760.0,"Dr Lal Babu Sah | Male | 41 | EBC | Teli | Doctor

-Runs Eye Hospital in 6 district Of Bihar
-Received Awards for Best Eye Hospital by Health Minister Mangal Pandey
-Received 2 Times Awards for his Social Work By DM Samastipur , 2021 & 2025
-Recieved Awards For Best Eye Hopsital by Civil Surgeon , Samastipur
-Provide Scholarship To Meritorious Students
-MBBS & MS Optahlmology",Active till ticket distribution,Neutral Stance,With JS,Call Connected,With JS,Willing to Contest PRI election and also ready to work in sangathan,,"""Fully Devoted towards JS.
-Willing to the Contest ZP election if JS required and also ready to work in sangathan at State level.",,,,,,,,,,,,,,,,,,,,,,,,,,,,,,,,
Samastipur,134-Ujiarpur,Raju Sahani,,,9864011472.0,9864011472.0,"Raju Sahani | Male | 42 | EBC | Mallah | Social Worker

-Manufacturing Plant , Assam
-Contractor, Civil , Assam
-Social Worker",Active till ticket distribution,Neutral Stance,Not with JS,Call Connected,Not with JS,,,"Not Intrested.
Very angry.",,,,,,,,,,,,,,,,,,,,,,,,,,,,,,,,
Samastipur,135-Morwa,Jai Krishna Rai,,,9693815552.0,9693815552.0,"Jai Krishna Rai | Male | 58  | OBC | Kurmi | MLA Contesatnt

-Jansuraaj State working Coomittee Member
-Independent MLA Contested in 2020 Got 12598 Votes
-Former JDU Block President ( 2003-2019)
-Former Samta Party Block President (1994-2003)
-Farmer (5 Acre Land)
-His Doughter In Law Kavita Kumari is Incumbent BDC From 2016-Till date",Active till ticket distribution,Active for JS,With JS,Call Connected,With JS,Willing to Work in Sangathan at Dist/State Level,Yes,"Fully Devoted.
Want to meet PK,",,,,,,,,,,,,,,,,,,,,,,,,,,,,,,,,
Samastipur,135-Morwa,Dhiraj Kumar,,,9113742984.0,9113742984.0,"Dhiraj Kumar | Male | 48 | EBC | Kanu | Chartered Accountant

-Social Worker(Construct 3 Mandir in Kothiya and Helps Poors in Education)
-Chartered Accountant
-Trustee Of BGGCT Trust",Active till ticket distribution,Active for JS,With JS,Call Connected,With JS,Willing to Work in Sangathan at Dist/State Level,,"-fully Devoted towards JS and Pk
-Don't want any position as of now.",,,,,,,,,,,,,,,,,,,,,,,,,,,,,,,,
Samastipur,135-Morwa,Jagriti Thakur,34.0,Female,8434713307.0,8434713307.0,"Jagriti Thakur | Female | 34 | EBC | Nai | Social Worker

-Grand Father , Karpuri Thakur was CM Of Bihar 
-Uncle Ram Nath Thakur is Incumbent Rajya Sabha MP, JDU and Central  Minister
-Husband Is IFS, Himachal Pradesh
-Social Worker",Candidate,,,Call Connected,With JS,,,,,,,,,,,,,,,,,,,,,,,,,,,,,,,,,,,
Samastipur,135-Morwa,Pankaj Kumar,,,6287874760.0,6287874760.0,"Pankaj kuma | Male | 30 | OBC | Yadav | Incumbent Defacto Panchayat Samiti

-Incumbent Defacto(Mother) Panchayat Samiti , 2021 To Till Date , Got 2730 Votes
-Incumbent Block Pramukh, 2021 To Till Date
-Father Is 5 Consecutive Terms  PACS President, 2002 To Till Date
-Father Is Vyapar Mandal Adhyaksh , Patepur
-Former RJD , Student Wing State Vice President, 2018 To 2023
-Durga Puja Samiti Adhyaksh, Patepur
-Director Of Inter College, Ganesh Rai Inter College
-Construction Material Business",Active till ticket distribution,Helped Other Party,Not with JS,Call Connected,With JS,Willing to Contest PRI election and also ready to work in sangathan,,"-Fully Devoted towards JS.
-Willing to the Contest PRI election and also ready to work in sangathan.",,,,,,,,,,,,,,,,,,,,,,,,,,,,,,,,
Samastipur,135-Morwa,Dharam Nath Sah,,,9871140181.0,9871140181.0,"Dharam Nath Sah | Male | 40 | EBC | Kanu | Defacto Mukhiya Contestant 

-Former Defacto(Wife) Mukhiya Contestant (2016-375 Votes & 2021-1560)
-Member of All India SC/ST Railway Employee Association(2006 to Till Date)
-JS PK Youth Club President
",Active till ticket distribution,Active for JS,With JS,Call Connected,With JS,Willing to Contest PRI election and also ready to work in sangathan,,Fully Dedicated.Can be adjusted in sangathan.Prepairing for for PRI Election,,,,,,,,,,,,,,,,,,,,,,,,,,,,,,,,
Samastipur,135-Morwa,Sanju Ray,,,7545070081.0,7545070081.0,"Sanju Ray | Female | 47 | OBC | Yadav | Ward Councilor

-Incumbent Ward Councilor, Ward-4, (2023)-326 Votes
-Jan Suraaj Abhiyaan Samiti Member of Samastipur

",Active till ticket distribution,Active for JS,With JS,Call Connected,With JS,Willing to Contest PRI election and also ready to work in sangathan,,Fully Dedicated.Can be adjusted in sangathan.Prepairing for for PRI Election,,,,,,,,,,,,,,,,,,,,,,,,,,,,,,,,
Samastipur,135-Morwa,Vaijnath Ray,,,9971976466.0,9971976466.0,"Vaijnath Ray | Male | 48 | OBC | Yadav | Businessman

-Managing Director of Salasar Packaging
-Social Worker",Active till ticket distribution,Helped Other Party,With JS,Call Connected,Not with JS,,,"Not Intrested.
Very angry.",,,,,,,,,,,,,,,,,,,,,,,,,,,,,,,,
Samastipur,135-Morwa,Dr Bhupendra Prasad,,,9006834026.0,9006834026.0,"Dr Bhupender Parsad | Male | 67 | OBC | Yadav | MLA Contestant

-Former MLA Contestant, 2010, Independent, Morwa, Got 7500 Votes
-Former JDU Pradesh Mahasachiv(2003 To 2009)
-Former Lok Dal Zila Upadhyaksh(1985 To 2002)
-Former Lok Dal Prakhand Adhyaksh(1979 To 1985)
-Former Janta Dal Prakhand Adhyaksh(1977 To 1979)
-Former President Vyapar Mandal, Patori
-Former Nideshak Bhumi Vikas Bank
-Former President Prakhand Nigrani Samiti, Patori
-Jan Suraaj State Core Committee Member
-Jan Suraaj Election Samiti Member",Active till ticket distribution,Active for JS,With JS,Call Connected,With JS,Willing to Contest PRI election and also ready to work in sangathan,,"-Fully Devoted towards JS and PK.
-Daughter in law is Mayor in NP Morwa she will contest in the next election too.
-He can be considered on District mentor/State level Post ",,,,,,,,,,,,,,,,,,,,,,,,,,,,,,,,
Samastipur,135-Morwa,Abhimanyu Kumar ,,,6207883700.0,6207883700.0,"Abhimanyu Kumar  | Male | 50 | General | Bhumihar | Former Ward Member

-Former Ward Member, 2001 To 2006
-Former Defacto Nagar Parishad, Patori Contestant, 2022
Former BJP Vidhansabha Parbhari, Drabhanga, 2014 To 2015
-Former BJP Vidhansabha Prabhari, Phulpras, 2013 To 2014
-Former BJP Prakhand Upadhyaksh, 2007 To 2012
-Former BJP Zila Mantri, 2009 To 2012
-Former BJP Mandal Adhyaksh, 2006 To 2009
Jan Suraaj Nagar Adhyaksh ",Active till ticket distribution,Active for JS,With JS,Call Connected,With JS,Willing to Contest PRI election and also ready to work in sangathan,,"Wrong Candidate selection.
Fully Dedicated towards JS. Looking forward for oppurtunity.",,,,,,,,,,,,,,,,,,,,,,,,,,,,,,,,
Samastipur,136-Sarairanjan,Ramchandra Singh Nishad,,,9304554501.0,7091194096.0,"Ramchandra Singh Nishad | Male | EBC | Mallah | Former MLA

-Former MLA, RJD, 2005-2010, Sarairanjan
-Former RJD Member
-Retired From Indian Army
-Jan Suraaj State Working Committee Member
",Not Active,Neutral Stance,With JS,Call Connected,With JS,,,"-Currently He is not associated with JSP.
-He is suffering from a health issue.
-He will decide in future whether he has to Join or not JSP. ",,,,,,,,,,,,,,,,,,,,,,,,,,,,,,,,
Samastipur,136-Sarairanjan,Navin Kumar,,,9570389409.0,9570389409.0,"Navin Kumar | Male | 37 | OBC | Kushwaha | MLA Contestant

-Former MLA Contestant, 2020, Sarairanjan, Plurals Party , Got 672 Votes
-Former Plurals Party Member(2019 To 2023)
-Former JDU Member(2016 To 2019)
-Jan Suraaj Prakhand Adhyaksh
",Active till ticket distribution,Active for JS,With JS,Call Connected,With JS,Willing To Contest Panchayati Raaj ,Yes,"Not much enthusiasam.
Prepairing Mukhiya Election.",,,,,,,,,,,,,,,,,,,,,,,,,,,,,,,,
Samastipur,136-Sarairanjan,Vijay Kumar,,,9431062738.0,7004279272.0,"Vijay Kumar | Male | 47 | General | Brahmin | BJP Zila Mantri

-Former BJP Zila Mantri, 2013 To 2021
-Former BJP Vidhan Sabha Prabhari, 2023 To 2025
-Former RJD Prakhand Upadhyaksh, 2003 To 2010
-Jan Suraaj Prakhand Adhyaksh",Active till ticket distribution,Active for JS,With JS,Call Connected,With JS,Willing to Work in Sangathan at Dist/State Level,Yes,"Fully dedicated to PK
No Polling agent.
No Office during election.
No vehicle constant support.",,,,,,,,,,,,,,,,,,,,,,,,,,,,,,,,
Samastipur,136-Sarairanjan,Rakesh Kumar Sah,,,8340742276.0,8340742276.0,"Rakesh Kumar Sah | Male | 28 | EBC | Kanu | JAP District Youth Member

-Jansuraaj Block Coordinator
-Former AAP District Youth member (2018-20)
--Former JAP District Youth member (2020-23)
-Director of AR Diagnostic",Not Active,,,Call Connected,With JS,Willing to Contest PRI election and also ready to work in sangathan,,"-Fully Devoted towards JS.
-He is associated with the PK youth club.
-In JS 2.0 Need to focus on youth Centric campaigns.
-He will contest the ZP election.",,,,,,,,,,,,,,,,,,,,,,,,,,,,,,,,
Samastipur,136-Sarairanjan,Gulshan Kumar,,,9264424401.0,9264424401.0,"Gulshan Kumar | Male | 26 | SC | Paswan | Post Master

-Post Master 
-Film and AD Assistant Director 
-Net Qualified",Not Active,,,Call Connected,With JS,Willing to Work in Sangathan at Dist/State Level,,"-He has not much enthusiasm for election.
-In 2030 he will contest MLA.
-He may consider at block level sangathan. ",,,,,,,,,,,,,,,,,,,,,,,,,,,,,,,,
Samastipur,136-Sarairanjan,Sajan Kumar Mishra,64.0,,9955238981.0,9955238981.0,"Sajan Kumar Mishra | Male | 64 | General | Brahmin | MLA Contestant

-Former MLA Contestant, 2005, Sarairanjan Constituency , LJP , 2005, Got 29000 Votes
-Former 2 Terms PACS President, 2007 To2014
-Former Mukhiya, 2001 To 2006
-Former Defacto Mukhiya, 2008 To 2016
-Former JDU Farmer Cell Pradesh Mahasachiv, 2007
-Former RJD State Spokesperson, 2020 To 2024
-Father was 4 Terms MLA, 1967, 1969 , 1972, 1980
-Father was Bhavan Nirman and Awas Mantri from 1990 To 1995",Candidate,,,Call Connected,With JS,,,,,,,,,,,,,,,,,,,,,,,,,,,,,,,,,,,
Samastipur,137-Mohiuddinnagar,Chandraket Kumar Singh,,,9534478902.0,6203626874.0,"Chandraket Singh | Male | 54| General | Rajput | Incumbent Defacto Mukhiya

-Incumbent Defacto Mukhiya(2021 To Till Date)
-Former 2 Terms Mukhiya Contestant(2011 & 2016)
Former BJP Zila Mantri ( 2010-2015)
-Former Samajwadi Janta Party Zila Upadhyaksh(2000 To 2005)
-Jan Suraaj State Working Committee Member",Active till ticket distribution,Active for JS,With JS,Call Connected,With JS,Willing to Contest PRI election and also ready to work in sangathan,,"Fully Dedicated
Willing to Contest PRI election and also ready to work in sangathan",,,,,,,,,,,,,,,,,,,,,,,,,,,,,,,,
Samastipur,137-Mohiuddinnagar,Rahul Kumar Singh,,,9708758177.0,9708758177.0,"Rahul Kumar Singh | Male | 37 | General | Rajput | Businessman

-Businessman(Rice Mill Machine-Gravity India)
-Jan Suraaj Yuva State",Active till ticket distribution,Neutral Stance,With JS,Call Connected,With JS,None of the Above ,,Sad due to coordination and communication with PK.,,,,,,,,,,,,,,,,,,,,,,,,,,,,,,,,
Samastipur,137-Mohiuddinnagar,Raj Kapoor Singh,45.0,,9801845917.0,9801845917.0,"Raj Kapoor Singh| Male | 45 | General | Rajput | BJP District Vice President

-Jansuraaj District President
-Former BJP District Vice President ( 2012-15)
-BJP State Woring commitee member ( 2015-19)
-BJP Dostrict Amantrit Member  (2020-2024)
-Jansuraaj State workng Commitee member
",Candidate,,,Call Connected,With JS,,,,,,,,,,,,,,,,,,,,,,,,,,,,,,,,,,,
Samastipur,137-Mohiuddinnagar,Anil Kumar Singh,,,7070709699.0,7091448818.0,"Anil Kumar Singh | Male | 39 | General | Rajput | Former ZP Member

-Former 2 Consecutive Terms ZP Member, 2011 To 2021
-Former ZP Upadhyaksh, 2016 To 2021
-Former ZP Contestant, 2021 , Got 2900 Votes
-Former BJP Panchayti Raj Cell, Pradesh Prabhari, 2011 To 2023
-Jan Suraaj Prakhand Parbhari
-Jan Suraaj State Working Committee Member
-Contractor",Active till ticket distribution,Active for JS,With JS,Call Connected,With JS,Willing to Contest PRI election and also ready to work in sangathan,Yes,"-Bad election management by candidate. 
-Willing to Contest PRI election as per reservation roster and also ready to work in sangathan",,,,,,,,,,,,,,,,,,,,,,,,,,,,,,,,
Samastipur,138-Bibhutipur,Bishwanath Choudhary alias Tufan Choudhary,,,9934273373,9934273373,"""Bishwanath Choudhary alias Tufan Choudhary|69|Male|General|Bhumihar
9934273373
-2020 AE contestant 12000 votes.
-Ex Block president BJP 
-BJP Jila mantri 
- Bissutri Adhyaksh
-Active in politics since JP Movement.""",Candidate,,,Call Connected,With JS,,,,,,,,,,,,,,,,,,,,,,,,,,,,,,,,,,,
Samastipur,138-Bibhutipur,Abha Sharma,,,7004232093.0,7004232093.0,"Abha Sharma | Female | 60 | Female | General | Bhumihar | Former Congress Member

-Former Congress Member(1983 To 2023)
-Former Congress Zila Vishwasutri Sadasya, 2023 To 2023
-Husband Late Chandrbali Thakur Was Former MLA Bibhutipur Constituency
-President Of NGO Patliputra Education and Health
-Jan Suraaj State Working Committee Member",Not Active,,,Call Connected,With JS,Willing to Work in Sangathan at Dist/State Level,,-She shows less enthusiasm and said call me after 2 hours.,,,,,,,,,,,,,,,,,,,,,,,,,,,,,,,,
Samastipur,138-Bibhutipur,Avita Kumari,,,9015585225.0,8271906200.0,"Avita Kumari | Female | 33 |  OBC | Koiri | Sarpanch Contestant

-Former Sarpanch Contestent 2016-2021
-Jan Surraj Coordinator
-Former CPI member(2005-2009)
-Former JDU member(2009-2019)",Active till ticket distribution,Active for JS,With JS,Call Connected,With JS,Willing to Contest PRI election and also ready to work in sangathan,Yes,"Fully Devoted towards JS.
No coordination with candidate.
Willing to Contest PRI election and also ready to work in sangathan",,,,,,,,,,,,,,,,,,,,,,,,,,,,,,,,
Samastipur,138-Bibhutipur,Sushant Kumar,,,8581823868.0,9534438663.0,"Sushant Kumar | Male | 35 | OBC | Kushwaha | MLA Contestant

-Former Vidhan Sabha (LJPS) Candidate (2020 )
-Former LJPS Pradesh Mahasachiv(2020 to 2022)
-Jan Suraaj Zila Upadhyaksh
-Jan Suraaj Youth Club President",Active till ticket distribution, Contested as an Candidate from other Party,Not with JS,Call Connected,Not with JS,,,"""Not Intrested.
Very angry.""",,,,,,,,,,,,,,,,,,,,,,,,,,,,,,,,
,138-Bibhutipur,Shyam Kishor,,,7654463000.0,7654463000.0,"Shyam Kishor | Male | 52 | OBC | Kushwaha | Incumbent Panchayat Samiti

-Incumbent 2 Consecutive terms Panchayat Samiti, 2016 To Till Date
-Former Block Pramukh, 2016 To 2021
-Former RJD Pradesh Sachiv, 2013 To 2024
-Former RJD Zila Sachiv, 2006 To 2013
-Former LJP Block President, 2003 To 2006
-Jan Suraaj Zila Mahasachiv
",Active till ticket distribution,Neutral Stance,With JS,Call Connected,With JS,Willing to Contest PRI election and also ready to work in sangathan,Yes,"Very mature politician,will take responsiblity as decided
Willing to Contest PRI election as per reservation roster and also ready to work in sangathan",,,,,,,,,,,,,,,,,,,,,,,,,,,,,,,,
,138-Bibhutipur,Anamika Devi,,,7005695314.0,7005695314.0,"Anamika Devi | Female | 49 | OBC | Yadav | MLC Contestant 

-Former Zila Parisad (2006-2011). 
-Contestant Vidhan Parishad (Local Body) in 2009 and secured 3rd position.
-Former Block president of  RJD Women Wing (2011-14)
- Former District committee member of RJD (2014-2016)
- She lead Satyagraha Pad Yatra in Bibhutipur Block. ( Jan 2024 to March 2024)
- Currently, she runs Lakshmi Mina Memorial School in her Panchayat where more than 400 students come.
- She is socially active and without any external help, she is always actively available among the people in block-level politics.
-Her husband, who has completed B.Tech from IIT Kharagpur, is currently working as a professor in Buxar.
- Education- She has completed her PhD on Gandhian Thought and women Empowerment from Patna University.
",Active till ticket distribution,Neutral Stance,With JS,Call Connected,With JS,Willing To Contest Panchayati Raaj ,,"-She is upset after ticket announcment.
-She doesn't want any post in JS due to panchayat election.
-Canddate selection process was not followed.
-Proper reporting was not given by JSPT.
-She need to active after PK meet.",,,,,,,,,,,,,,,,,,,,,,,,,,,,,,,,
,138-Bibhutipur,Navin Kumar,,,9934830563.0,9934830563.0,"Navin Kumar | Male | 48 | OBC | Kushwaha | Loksabha Contestant

-Former Loksabha Contestant(2019) BSP, Got 9699 Votes
-Former MLA Contestant, Independent(2020, Got 1966 Votes)
-Former BSP Member
-B,tech IIT Roorkie
-Assistnt Professor at Bihar University, Muzaffarpur
-BPSC Qualified(26th Rank all Over Bihar), Worked as Assistant Commissioner at State Tax Department, Govt of Bihar)",Not Active,,,Call Connected,Not with JS,,,"-He was not intrested in JS.
-He just fill the form but intrested to join JSP.",,,,,,,,,,,,,,,,,,,,,,,,,,,,,,,,
,138-Bibhutipur,Rina Ray,,,8051530296.0,8051530296.0,"Rina Ray | Female | 35 | EBC | Dhanuk | Incumbnet ZP Member

-Incumbnet ZP Member(2016 to Till date)
-Former BJP Zila Mantri(2019 to 2024)
-Former BJP Mahila Upadhyaksh(2017 to 2019)
-Jan Suraaj Anumandal Adhyaksh",Active till ticket distribution,Neutral Stance,With JS,Call Connected,With JS,Willing To Contest Panchayati Raaj ,YES,"Angry with ticket distribution.
No coordination with PK
Want to meet PK.
Prepairing for Upcomimg ZP elections",,,,,,,,,,,,,,,,,,,,,,,,,,,,,,,,
,138-Bibhutipur,Ram Balak Singh,,,9431010807.0,9431010807.0,"Ram Balak Singh | Male | 60 | OBC | Kushwaha | Former MLA 

-Former 2 Terms MLA , 2010, & 2015, Vibhutipur , JDU
-Former MLA Contestant, 2005 & 2005, LJP, got 41000 & 45000 Votes
-Former Mukhiya , 1993 To 2005
-Jan Suraaj Zila Upadhyaksh",Not Active, Contested as an Candidate from other Party,Not with JS,Call Connected,Not with JS,,,"-He Contested Assembly Election from JDU.
-Currently He Is associated with JDU",,,,,,,,,,,,,,,,,,,,,,,,,,,,,,,,
,139-Rosera (SC),Rajesh Kumar Paswan,,,6203741920.0,6203741920.0,"Rajesh Kumar Paswan | Male | 44 | SC | Paswan | Former Mukhiya

-Former 2 terms Mukhiya (2011 to 2021)
-Former Mukhiya Contestant(2021) , Got 1011 Votes
-Former JDU Member(2011 to 2021)
-Former LJP Member(2006 to 2010)
-Jan Suraaj Zila Upadhyaksh",Active till ticket distribution, Contested as an Candidate from other Party,Not with JS,Call Connected,With JS,Willing To Contest Panchayati Raaj ,,"-He contested Assembly election independently.
-Willing To Contest Panchayati Raaj and don't want any post in JS.
-Also want compensation for ACC related works expenses.",,,,,,,,,,,,,,,,,,,,,,,,,,,,,,,,
,139-Rosera (SC),Shyam Sundar Paswan,,,7631818070.0,7631818070.0,"Shyam Sundar Paswan | Male | 32 | SC | Paswan | BJP Vidhan Sabha Sanyojak

-Former BJP Vidhan Sabha Sanyojak, 2024 To 2025
-Former BJP IT Cell Zila Working committe Member, 2018 To 2025
-Former BJP Booth Adhyaksh, 2013 To 2018
-Businessman(Xerox Shop and Online Centre)
-Social Worker ",Active till ticket distribution,Active for JS,With JS,Call Connected,With JS,Willing to Contest PRI election and also ready to work in sangathan,Yes,"Fully devoted towards JS.
Will contest in mukhiya election.",,,,,,,,,,,,,,,,,,,,,,,,,,,,,,,,
,139-Rosera (SC),Rohit Kumar,27.0,Male,9999764059.0,9999764059.0,"Rohit Kumar | Male | 27 | SC | Dusadh | Incumbent Mukhiya

-Incumbent Mukhiya, 2021 To Till Date 
-Social Worker 
-Jan Suraaj Yuva Anumandal Adhyaksh",Candidate,,,Call Connected,With JS,,,,,,,,,,,,,,,,,,,,,,,,,,,,,,,,,,,
,139-Rosera (SC),Arvind Kumar Paswan,,,9810996557.0,9810996557.0,"Arvind Kumar Paswan | Male | 60 | SC | Dusadh | Retired AAI

-Retired From Airport Authority Of India(Patna) in Aug 2024
-Contested International Airport Authority of India Officers Association Election and hold the post Central Executive Commitee(1997-2002)
-Former Joint Secretary Student Union of DU(Kirorimal College-1983)
-Father was the MP(Lok Sabha) from Rosera (1971-1977) & (1984 - 1989)-Congress
-Father was the MP(Rajya Sabha) 1980 -1984-Congress",Active till ticket distribution,Neutral Stance,With JS,Call Connected,With JS,Willing to Work in Sangathan at Dist/State Level,,"-Dedicated towards JS.
-Feel bad due to not getting ticket.
-Willing to Work in Sangathan at Dist/State Level.
-Less enthusiasm shows.",,,,,,,,,,,,,,,,,,,,,,,,,,,,,,,,
,139-Rosera (SC),Ram Bhagat Paswan (Aniket Kumar),,,9334831536.0,9334831536.0,"Ram Bhagat Paswan | Male | 30 | SC |Paswan | Govt. Teacher

-Govt. Teacher
-Social Worker
-Founder Of NGO Nav Nirman Sewa Sadan",Not Active,,,Call Connected,With JS,None of the Above ,,"-He is a government teacher 
-Fully Devoted towards JS and PK.
-He will continue to support JS from behind. ",,,,,,,,,,,,,,,,,,,,,,,,,,,,,,,,
East Champaran,14-Govindganj,Kamlesh Kant Giri,,,7543942104.0,7543942104.0,"Kamlesh Kant Giri | Male | 52 | OBC | Giri | BJP Yuva Mahamantri

-Former BJP Yuva Mahamantri(2010 To 2024)
-Jan Suraaj State Core Committee Member
-Runs a Imperishable Security Services
-Contractor(Civil)",Active till ticket distribution,Active for JS,With JS,Call Connected,With JS,Willing to Work in Sangathan at Dist/State Level,,"He will not contest the PRI elections himself, but will field his own Mukhiya candidates in the Sangrampur and Tejpurva Panchayats of their assembly.

",,Call Connected,,Interested,"Kamlesh Kant Giri | Male | 52 | OBC | Giri | BJP Yuva Mahamantri

-Former BJP Yuva Mahamantri(2010 To 2024)
-Jan Suraaj State Core Committee Member
-Runs a Imperishable Security Services
-Contractor(Civil)",,,,,,,,Harsidhi_19,,,,,,,,,,,,,,,,,,,
East Champaran,14-Govindganj,Krishna Kant Mishara,63.0,,9473016774.0,9473016774.0,"Krishna Kant Mishara | Male | 63 | General | Brahmin | Former ZP

-Former 3 Terms ZP Member(2001 To 2016)
-Former Janta Dal Pradesh sachiv(1990 To 1994)
-Formwer RJD Pradesh Sachiv(1998 To 2005)
-Jan Suraaj Zila Sanghtan Mahasachiv
-Agriculture",Candidate,,,,,,,,,,,,,,,,,,,,,,,,,,,,,,,,,,,,,,,
East Champaran,14-Govindganj,Nitesh Kumar Shrivastava,,,7508369073.0,7508369073.0,"Nitesh Kumar Srivastava | Male | 38 | Kayastha | Businessman

-Runs a Pihu Enterprises (Chemical Company)
-Social worker(Distributed Educational Goods like Books , copy , pen and Pencil to poor Students), Distributed Blanket in Winter",Not Active,,,Call Connected,Not with JS,,,,,,,,,,,,,,,,,,,,,,,,,,,,,,,,,,,
East Champaran,14-Govindganj,Shailendra Kumar Mishra,,,9470043735.0,7903772699.0,"Shailendra Kumar Mishra | Male | 46 | General | Brahmin | Incumbent ZP

-Incumbnet 3 Consecutive times ZP (2011 to Till date)
-Former ZP Contsetant(2006) , got 3981 votes
-Former Mukhiya Contestant(2001), got 911 votes
-Former NCP Zila Mahasachiv(2011 to 2022)
-Former NCP Zila Sachiv(2008 to 2010)
-Former NCP Prakhand Adhyaksh(2003 to 2005)
-Jan Suraaj Pradesh Ahiyaan Samiti Sadasya",Active till ticket distribution,Active for JS,With JS,Call Connected,With JS,Willing to Contest PRI election and also ready to work in sangathan,,"He will contest the Zila Parishad election and will also field his supporters in the Mukhiya and Sarpanch elections. He wants responsibilities in the organization but will decide after meeting PK.

",,Call Connected,,Interested,"Shailendra Kumar Mishra | Male | 46 | General | Brahmin | Incumbent ZP

-Incumbnet 3 Consecutive times ZP (2011 to Till date)
-Former ZP Contsetant(2006) , got 3981 votes
-Former Mukhiya Contestant(2001), got 911 votes
-Former NCP Zila Mahasachiv(2011 to 2022)
-Former NCP Zila Sachiv(2008 to 2010)
-Former NCP Prakhand Adhyaksh(2003 to 2005)
-Jan Suraaj Pradesh Ahiyaan Samiti Sadasya",,,,,,,,Areraj_10,10.0,Yes,,,,,,,,,,,,,,,,,
East Champaran,14-Govindganj,Rajesh Kumar Urf Rajan Rai,,,7488462401.0,7488462401.0,"Rajesh Kumar Urf Rajan Rai | Male | 51 | General | Bhumihar |RJD District General Secretary

-Former RJD District General Secretary(2005 to 2009
-Former 2 Terms Defacto ZP Contestant(2021, got 3501 votes & 2016 , got 6500 Votes)
-Jan Suraaj District Committee Member
-Agriculture
-Social Worker(Provide Financaial Support to more than 144  Poor Patients
-Provide Financial Help to Students and Farmer",Active till ticket distribution,Active for JS,With JS,Call Connected,With JS,Willing To Contest Panchayati Raaj ,,"He will field his wife as a candidate for the Zila Parishad election and also support his people in contesting PRI elections. He does not want any organizational responsibility and will focus only on preparing for the Vidhan Sabha election.

",,Call Connected,,Not Interested,"Rajesh Kumar Urf Rajan Rai | Male | 51 | General | Bhumihar |RJD District General Secretary

-Former RJD District General Secretary(2005 to 2009
-Former 2 Terms Defacto ZP Contestant(2021, got 3501 votes & 2016 , got 6500 Votes)
-Jan Suraaj District Committee Member
-Agriculture
-Social Worker(Provide Financaial Support to more than 144  Poor Patients
-Provide Financial Help to Students and Farmer",,,,,,,,Areraj_9,,,,,,,,,,,,,,,,,,,
East Champaran,14-Govindganj,Manoranjan Kumar Mishra,,,9910091249.0,9910091249.0,"Manoranjan Kumar Mishra | Male | 40 | General | Brahmin | MLA Contestant

-Former MLA Contestant, 2020, Govindganj, Plurals Party, 3500
-Former Plurals Zila Adhyaksh(2020 To 2025)
-Director of Anika Enginering",Active till ticket distribution,Active for JS,With JS,Call Connected,With JS,Willing to Work in Sangathan at Dist/State Level,,"He will not contest the Panchayat elections and will focus only on the Vidhan Sabha elections.

",,Call Connected,,Not Interested,"Manoranjan Kumar Mishra | Male | 40 | General | Brahmin | MLA Contestant

-Former MLA Contestant, 2020, Govindganj, Plurals Party, 3500
-Former Plurals Zila Adhyaksh(2020 To 2025)
-Director of Anika Enginering",,,,,,,,No,,,,,,,,,,,,,,,,,,,
East Champaran,14-Govindganj,Ravi Shanker Pandey,,,9811238067.0,9811238067.0,"Ravi Shanker Pandey | Male | 49 | General | Brahmin | Businessman

-Former BJP Zila Upadhyaksh(2012 To 2015)
-Former BJP Member(2012 To 2025)
-Real Estate Business
-Social Worker",Active till ticket distribution,Active for JS,With JS,Not Received ,,,,,,Call Connected,No,,"Ravi Shanker Pandey | Male | 49 | General | Brahmin | Businessman

-Former BJP Zila Upadhyaksh(2012 To 2015)
-Former BJP Member(2012 To 2025)
-Real Estate Business
-Social Worker",,,,,,,,No,,,,,,,,,,,,,,,,,,,
,140-Hasanpur,Indu Gupta,39.0,Female,9034984000.0,9034984000.0,"Indu Gupta | Female | 39 | EBC | Teli | Former Bhartiya Lokhit Party 

-Former Bhartiya Lokhit Party(2024 To 2025)
-Former BJP Kisan Morcha Sadasya(2019 To 2024)
-Former BJP Pradesh Pravakta(2015 To 2019)
-Former BJP Karyakarini Sadasya (2010 To 2015)
-Jan Suraaj Mahila Parkahnd Adhyaksh",Candidate,,,Call Connected,With JS,,,,,,,,,,,,,,,,,,,,,,,,,,,,,,,,,,,
,140-Hasanpur,Shabnam Devi,,,8294718296.0,8294718296.0,"Shabnam Devi | Female | 48 | SC | Paswan | Former Mukhiya

-Former Mukhiya(2011 to 2016)
-Former Panchayat Samiti Contestant
-Former Mukhiya Contestant(2006 & 2016)
-Former LJP Block President womens Cell(2005 to 2024) 
-Jan Suraaj Zila Mahila Adhyaksh",Active till ticket distribution,Neutral Stance,With JS,Call Connected,With JS,Willing To Contest Panchayati Raaj ,,"-Fully Devoted towards JS,But She is angry
-There is a huge difference between saying and doing.
-She will remain with JS as Member.",,,,,,,,,,,,,,,,,,,,,,,,,,,,,,,,
,140-Hasanpur,Imtiyaz Alam,,,7209426263.0,7209426263.0,"Imtiyaz Alam | Male | 43 | Minority | Sheikh | Defacto Mukhiya Contestant

-Former Defacto  Mukhiya Contestant, 2021 , Got 
-Jan Suraaj Prakhand Mahasachiv
-Former Sambhaji Brigade party, Zila Adhyaksh, Noth Mumbai, 2014 To 2019
-Govt. Civil Contractor 
-Social Worker",Active till ticket distribution, Contested as an Candidate from other Party,Not with JS,Not Received ,,,,,,,,,,,,,,,,,,,,,,,,,,,,,,,,,,,,
,140-Hasanpur,Nitesh Kumar Nitu,,,8709076900.0,8709076900.0,"Nitesh Kumar Nitu | Male | OBC | Yadav | Businessman

-Jansuraaj Block President from Hasanpur
-Prominent Businessman ( Hero Motor showroom, Owner of Vidya Niketan Public school)
-Social Worker ( Helps for poor people)
",Active till ticket distribution,Neutral Stance,Not with JS,Call Connected,With JS,Willing to Work in Sangathan at Dist/State Level,,"-Father Supported RJD
-Willing to Work in Sangathan at Dist/State Level
-Currently focusing on his business.
-As of now NO planning for contesting PRI.",,,,,,,,,,,,,,,,,,,,,,,,,,,,,,,,
,140-Hasanpur,Jayjayram Yadav,,,9470087551.0,9470087551.0,"Jayjayram Yadav | Male | 50 | OBC | Yadav | Former Mukhiya

-Former Mukhiya , 2001 To 2006, Got 750 Votes
-Former Defacto Mukhiya , 2011 To 2016 , Got 1183 Votes
-Former Mukhiya Contesatnt, 2021 , Runner Up
-Son Ranvijay Yadav is Incumbent 3 Consecutive Terms PACS President, 2010 To Till Date
- Former RJD Farmer Cell , Zila Upadhyaksh, 2020 To 2023",Active till ticket distribution,Neutral Stance,With JS,Call Connected,With JS,Willing to Contest PRI election and also ready to work in sangathan,"Yes 
","- Willing to Contest Mukhiya in PRI
- Will Continue Sangathan Actively",,,,,,,,,,,,,,,,,,,,,,,,,,,,,,,,
Begusarai,141-Cheria Bariarpur,Tinku Ray,,,8521698817.0,9973753746.0,"Tinku Ray | Male | 47 | General | Bhumihar | Incumbent Mukhiya
-Incumbent 3rd term Mukhiya ( 2011-Present)
-Block Mukhiya Sangh Sachiv (2011-2016)
-JDU District secratory ( 2007-2010)
-JDU Sangathan Nirvachit Adhikari ( 2007-10)
-Owner of  SBD  (Related to Transportation)",Active till ticket distribution,Active for JS,With JS,Call Connected,With JS,Willing to Work in Sangathan at Assembly Level,"Yes 
Although he has Met PK just on 29th Dec. ","- He is in the District Committe Meeting right now . 
- He considers PK has worked hard but due to his own mistake , Ticket given to wrong Candidate in whole Bihar. 
- Although it is only PK who can reform his own Mistake, He will be with PK in all Condition. 
- He is interested to work in Sangathan.  
- Jan Suraaj is a tree nourished by PK in Bihar and by me in Assembly , So I can never cut this tree , I will strengthen , nourish , will take care the Jan Suraaj with full effort and Force. ",,,,,,,,,,,,,,,,,,,,,,,,,,,,,,,,
Begusarai,141-Cheria Bariarpur,DR. Mrityunjay Kumar,25.0,Male,9006147912.0,9006147912.0,"DR. Mrityunjay Kumar | Male | 25 | Gedneral | Bhumihar | Doctor

-SMO Sadar Hospital, Begusarai
-Former SR. Resident AIIMS Patna
- Social Worker(Health Awareness, Organise Health Camps, Tree Plantation)
- Grand Father Ram Narayan Chaudhary was Freedom Fighter and MLA , Socialist Party, 1951, Cheria Bariarpur)
- Grand Mother Chandrbhanu Devi was MP, Congress  ,Balia , 1980 To 1985
-",Candidate,,,,,,,,,,,,,,,,,,,,,,,,,,,,,,,,,,,,,,,
Begusarai,141-Cheria Bariarpur,Ravi Roshan,,,9110078840.0,9110078840.0,"Ravi Roshan | Male | OBC | Kushwaha | Businessman

-Businessman
-Runs a Indian Oil Petrol Pump
-Brick Factory
-Jan Suraaj Youth divisional President",Active till ticket distribution,Active for JS,With JS,Call Connected,With JS,Willing to Work in Sangathan at Assembly Level,"Yes 
He can meet after 15th January 2025",He wants to remain in Jan Suraaj but has not decided at what level he should work. He will tell after thinking. ,,,,,,,,,,,,,,,,,,,,,,,,,,,,,,,,
Begusarai,141-Cheria Bariarpur,Pintu Kumar Sharma,,,9122522229.0,9122522229.0,"Pintu Kumar Sharma | Male | 30 | EBC | Badhai | ZP Contestant

-ZP Contestant 2021, got 5561 Votes
-Jan Suraaj Anumandal Upadhyaksh
-Runs a Computer Classes",Not Active,,,Call Connected,With JS,Willing To Contest Panchayati Raaj ,"Yes 
","- Want to be Active 
- He use to Contest ZP 
- He will contest MLA 2030",,,,,,,,,,,,,,,,,,,,,,,,,,,,,,,,
Begusarai,141-Cheria Bariarpur,Shubhadra Sahini,,,9973273409.0,9973273409.0,"Shubhadra Sahini | 48 | Female | EBC | Mallah | Former ZP

-Former ZP Member (2001 To 2006)
-Former LJP State Committe Member
-Jan Suraaj Pradesh Mahila Adhyaksh",Active till ticket distribution,Active for JS,With JS,Not Received ,,,,,,,,,,,,,,,,,,,,,,,,,,,,,,,,,,,,
Begusarai,141-Cheria Bariarpur,Dr Nishant Ranjan,,,7979724048.0,7979724048.0,"Dr Nishant Ranjan | Male | 48 | General | Bhumihar | Doctor

-Runs a Private Hopsital, Mediversal Bone and Joint Hospital
-Doctor
-MBBS, MS Ortho
-JS State Committee Member",Not Active,,,Not Received ,,,,,,,,,,,,,,,,,,,,,,,,,,,,,,,,,,,,
Begusarai,141-Cheria Bariarpur,Dr Sumit kumar (dr s kumar),,,9430099014.0,9430099014.0,"Dr Sumit Kumar (dr s kumar) | Male | 35 | OBC | Kushwaha | MLA Contestant
-BAMS Doctor 
-Owner of Happy health care Centre 
-JAP State President of Medical Cell (2020-2023)
-Jansuraaj State working Commitee Member
-Independent MLA Contested  ( 2020), ot 1300 votes",Active till ticket distribution,Neutral Stance,Not with JS,Call Connected,Not with JS,,"Not
He do not want to meet PK. ","He is in anger against PK. 
- As he consisders PK has distributed the out of Party Rule/Announcement. 
- In Cheria Beriyarpur A candidate got the ticket who had come just 4 months ago. ",,,,,,,,,,,,,,,,,,,,,,,,,,,,,,,,
Begusarai,141-Cheria Bariarpur,Arun Sahni,,,7479741441.0,7479741441.0,"Arun Sahni | Male | 45 | EBC | Mallah | Former ZP Contestant

-Former ZP Contestant, 2011, Got 800 Votes
-Former 2 Consecutive Terms ZP Contestant, 2016 & 2021 , Got 3600 & 9800 Votes
-Former Congress District Youth Secretary, 2012 To 2014
-Former MatasyaJeevi Sahyog Samiti Prakhand Adhyaksh, 2017 To 2022
-Jan Suraaj Anumandal Sanyojak
-Vidhansabha EBC Cell Kan Suraaj Sanyojak",Active till ticket distribution,Active for JS,With JS,Call Connected,With JS,Willing to Work in Sangathan at Assembly Level,"Yes 
He want to Visisted PK very soon but on any Sunday only. ","- He consider PK is a new born of Mahatma Gandhi. 
- Till He will be in Jan Suraaj and with PK. 
-PK has worked hard, dedicatedly . 
- He will do all the work what the JSP Party will decided for him.
- Seem svery positive , Eergetic and Decated Person for JSP and PK. 
- He is intersted to Contest 2030 Election .  ",,,,,,,,,,,,,,,,,,,,,,,,,,,,,,,,
Begusarai,141-Cheria Bariarpur,Dr Rajeev Nayan,,,9911168985.0,9911168985.0,"Dr Rajeev Nayan | Male | 59 | General | Bhumihar | Principal

-Principal at MS College, Manjhaul
-Father Was 2 Terms MP Balia, Janta Party, 1977 & Janta Dal, 1999
-Father Was 5 Terms MLA 1967, 1969, 1972, 1990 & 1995
-Father Was Cabinet Minister Bihar Govt. 1990 To 1996
-Social Worker",Active till ticket distribution,Neutral Stance,With JS,Not Received ,,,,,,,,,,,,,,,,,,,,,,,,,,,,,,,,,,,,
,,,,,,,"Sheikhful Hasan
Ramsevak Paswan",,,,,,,,,,,,,,,,,,,,,,,,,,,,,,,,,,,,,,,,
Begusarai,142-Bachhwara,Md Mazhar Ali,,,9934447598.0,9934447598.0,"Md Mazhar Ali | Male | 57 | Minority | Sheikh | Former Congress Block President
-Jansuraaj Block President in Present
-Former Congress Block President (2011-15)
-Mukhiya Runner up (2001)
-Farmer (5 Acre land)",Active till ticket distribution,Active for JS,With JS,Call Connected,With JS,Willing to Work in Sangathan at Assembly Level,"Yes 
15 - 20 January 2026","- He is in District Committe Meeting  right Now. 
- Active, Dedicated, sangathan Oriented faithful Leader. 
- Interested to Strenghthen Sangathan at Anumandal, District, Pramamandal . 
",,,,,,,,,,,,,,,,,,,,,,,,,,,,,,,,
Begusarai,142-Bachhwara,Ashok Kumar Chowdhary,,,9973170242.0,9973170242.0,"Ashok Kumar Chowdhary | Male | 69| General | Bhumihar

-Lab Technician in America 
-Former BJP Block President ( 2003-2006)
-
",Active till ticket distribution,Neutral Stance,With JS,Switch Off,,,,,,,,,,,,,,,,,,,,,,,,,,,,,,,,,,,,
Begusarai,142-Bachhwara,Bipin Kumar Choudhary,,,9570100017.0,9570100017.0,"Bipin Kumar Choudhary | Male | 49 | General | Bhumihar
-jansuraaj State working Commitee Member
-Incumbent Jansuraaj Anumandal Teghra President 
-Former Zila Parishad (2011-2016)
-Former PACS  President  (2009-2014)
-Former Congress District vice President ( 2018-2022)",Active till ticket distribution,Neutral Stance,With JS,Call Connected,With JS,Willing To Contest Panchayati Raaj ,"Yes
15-20 January 2026","- He is very positive for Jan Suraaj 
- He is interested to Contest ZP in Panchayat Raj Election and then eager for ZP Adhyaksh in Indirect Election. 
- He is devottee of PK and has no complain against Jan Suraaj or PK
- He was helping the JSP Candidate silently due to JSP Candidaste's image . ",,,,,,,,,,,,,,,,,,,,,,,,,,,,,,,,
Begusarai,142-Bachhwara,"Dr Gunjan Kumari 
Somesh Chaudhary",,,9508642664.0,7004201451.0,"Dr Gunjan Kumari | Female | 37 | General | Bhumihar | Mukhiya Contestant

-Former Mukhiya Contestant(2021) , Got 580 Votes
-Director of Jago Gaon FPO 
-Management Head Of Amira Hopsital
-Writer of Frozen Shoulder
-Conduct Menstrual Hygiene Awareness Program in over 100 Govt. School
-Organised Health camps across 60 Villages
-Actively Involved in Promoting Water Conservation Initiatives",Active till ticket distribution,Active for JS,With JS,Call Connected,With JS,Willing to Work in Sangathan at Dist/State Level,Yes,"- She will give full time for Sangathan but  will not Contest Next 2030 due to lack of Time as she is a Doctor . 
- PK and JSP's Effort was very good
- But in Candidate Selection some mistaken happened
- She were supported  Dr.  Sanjay Paswan 
- But all were new Candidate and it was first Election. 
- JSP must help the PRI candidate 
- There should be a Help desk for Mukhiya, ZP, Sarpanch etc. Post.  ",,,,,,,,,,,,,,,,,,,,,,,,,,,,,,,,
Begusarai,142-Bachhwara,Dileep Kumar,,,9473095839.0,9473095839.0,"Dileep Kumar | Male | 38 | EBC | Dhanuk | Contractor

-Jan Suraaj  Youth Club Block Coordinator
-Civil Contractor
-Jan Suraaj PKYC State Working Committee Member",Active till ticket distribution, Contested as an Candidate from other Party,Not with JS,Not Received ,,,,"-I was assigned the responsibility of Mahanagar President, but even after six months, I was not given an appointment letter.
 Later, I was removed from the position without any prior information.
- There is a strong need to establish better coordination with the workers associated with Jan Suraj.
-In the upcoming municipal elections, I intend to contest for the post of Mayor or Deputy Mayor.",,,,,,,,,,,,,,,,,,,,,,,,,,,,,,,,
,,,,,,,"Kamini Kumari
Probable ACC",,,,,,,,,,,,,,,,,,,,,,,,,,,,,,,,,,,,,,,,
Begusarai,142-Bachhwara,Kamal Paswan,,,7979959374.0,7549508471.0,"Kamal Paswan | Male | 71 | Male | SC | Paswan | Incumbent Panchayat Samiti

-Incumbent panchayat Samiti(2021 To Till Date)
-Former 3 Consecutive Terms  Block Pramukh(2001 To 2016)
-Former LJP Zila Zila Samiti Member(2004 To 2013)
-Former LJP Rajya Samiti Member(2013 To 2014)
-Former CPI Sahkha Mantri 1975
-",Active till ticket distribution,Active for JS,With JS,Call Connected,With JS,Willing to Work in Sangathan at Assembly Level,Yes ,"- I am in Jan Suraaj and till death Jan Suraaj will be my Party. 
- But There was little mistaken in Ticket Distribution . 
",,,,,,,,,,,,,,,,,,,,,,,,,,,,,,,,
Begusarai,142-Bachhwara,Ramod Kunwar,58.0,,9934341379.0,9934341379.0,"Ramod Kunwar | Male | 58 | General | Bhumihar | Former ZP

-Former 2 Consecutive ZP member, 2011 To 2021
-Former CPIM, State Secretary, 2011 To 2021
-Former CPIM Member, 1995 To 2024
-Social Worker",Candidate,,,,,,,,,,,,,,,,,,,,,,,,,,,,,,,,,,,,,,,
Begusarai,143-Teghra,Kanhaiya Kumar Bhardwaj,,,9473098407.0,9473098407.0,"Kanhaiya Kumar Bhardwaj | Male | 33| General | Bhumihar | Nagar Parishad Chairman

-Janasuraaj State Youth General Seceratory
-Incumbent Nagar Parishad Chairman 
-Former 2 Term Ward Parshad (2012-2022)
-Former CPI Shakha (2017- 2021)
-Farmer ( 10 Acre land)",Not Active,,,Call Connected,With JS,Willing to Work in Sangathan at Dist/State Level,"Yes 
But in Febraury month","- He is in Jan Suraaj still Now and claims he is active 
- He will do what the Party will say to him. 
- On Election Contesting He will think then take decision. ",,,,,,,,,,,,,,,,,,,,,,,,,,,,,,,,
Begusarai,143-Teghra,Arvind Kumar Roy,,,9430015464.0,9430015464.0,"Arvind Kumar Roy | Male | 57 | General | Bhumihar | Incumbent Mukhiya
-Incumbent 5 Terms Mukhiya (2001 to Till Date)
-Ditrict Mukhiya sangh Secratory (2016-Till Date)
-Jansuraaj State Executive Member
-Former Congress Active Member (1986-1990)
",Active till ticket distribution,Active for JS,With JS,Call Connected,With JS,Willing to Work in Sangathan at Dist/State Level,Yes,"- Will work as Party Soldier as the Party will take decision 
- In PRI Election, Party's help will not be required 
- If party says, will help to our other PRIs Candidates 
- ",,,,,,,,,,,,,,,,,,,,,,,,,,,,,,,,
Begusarai,143-Teghra,Kumar Gautam,,,9470026307.0,9334726307.0,"Kumar Gautam | Male | 35 | General | Bhumihar | Incumbent Ward Councilor

-Incumbent Ward Councilor(2022 To Till Date)
-Director of KGM Dreams School
-Weddding Plannner
-Director of Monalisa Event
-Documnetary Film Director
-Jan Suraaj Pradesh Karyasamiti Member",Active till ticket distribution,Active for JS,With JS,Call Connected,With JS,Willing to Work in Sangathan at Assembly Level,"Yes 

6-7th Janaury 2026","- I am Dedicated to PK and in Sangathan and has come in Jan Suraaj not only for Ticket. 
- I am deeply influenced by Jan Suraaj's Vision Ideology 
- It's our responsibility to Win the Seats for Party. 
- It will better if I get oppurtunity to work in Students-Youth Wing . 
- there must be a Student-Youth Sangathan in Jan Suraaj 
- I will follow all task what the Party will give to us. ",,,,,,,,,,,,,,,,,,,,,,,,,,,,,,,,
Begusarai,143-Teghra,Md. Rizwan Usmani,,,9971931042.0,9971931042.0,"Md. Rizwan Usmani | Male | 38 | Minority | Raeen | Defacto Ward Councilor

-Incumbent Defacto Ward Councilor(2023 To Till date)
-Former AAP member(2013 to 2015
-Prominent Social Worker(Participated in Anna Aandolan,)
-Businessman(Cloth Merchant)",Active till ticket distribution,Active for JS,With JS,Call Connected,With JS,Willing To Contest Panchayati Raaj ,Yes ,"- He will continue in Party 
- And he will contest Nagar nikay Election but not through Party. 
- He is Active and work in Sangathan dedicatedly to boost up the Party.  ",,,,,,,,,,,,,,,,,,,,,,,,,,,,,,,,
Begusarai,143-Teghra,Nileaysh Singh,,,9922000717.0,9922000717.0,"Nileaysh Singh | Male | 53 | General | Rajput | Businessman

-Director of Shiv Tara Constructions, pune
-Producer of Hindi and Marathi Movies
-Banqueat Hall & Commercial Building
-Social Worker(build temples and helps poors) ",Not Active,,,Switch Off,,,,Number Not Available ,,,,,,,,,,,,,,,,,,,,,,,,,,,,,,,,
Begusarai,143-Teghra,Ram Nandan Singh,71.0,,7546997722.0,7546997711.0,"Ram Nandan Singh | Male | 71 | General | Bhumihar | MLC Contestant

-Former MLC Contestant, Darbhanga , AAP , 2020 got 3100 Votes
-Former AAP Pradesh Upadhyaksh(2013 to 2022)
-Director Of River Valley School
-Retired Scientist(BARC)
-Jan Suraaj Election Committee Member
-Social Worker",Candidate,,,,,,,,,,,,,,,,,,,,,,,,,,,,,,,,,,,,,,,
Begusarai,143-Teghra,Chandra Prakash Singh,,,9542356236.0,9542356236.0,"Chandra Prakash Singh | Male | 57 | General | Bhumihar | Businessman

-Director of Iquanta 
-Manager At SBI
-Retired Non Commissioned Officer at Indian Air Force
-Social Worker(Adopted a Village, Distribute Food and saree during Festivals), Works for the upliftment of poors",Not Active,Neutral Stance,,Call Connected,Not with JS,,No ,"- He says by leaving all Part-Politis Activities - ""I am dealing in my Business and there is no Activeness in Jan Suraaj Party currently.""
- Not more interested in Party . 
- his wife may Contest ZP Elewction but not through Jan Suraaj .
",,,,,,,,,,,,,,,,,,,,,,,,,,,,,,,,
Begusarai,143-Teghra,Hemant Kumar,,,7549753728.0,7549753728.0,"Hemant Kumar | Male | 47 | General | Bhumihar | Doctor

-Runs a Private Hospital
-MD & MBBS
-Social Worker",Not Active,,,Call Connected,With JS,Willing to Work in Sangathan at Dist/State Level,Yes,"- He will Continue Party 
- He wants to meet PK
",,,,,,,,,,,,,,,,,,,,,,,,,,,,,,,,
Begusarai,143-Teghra,Suresh Prasad Roshan,,,9661979900.0,9431238561.0,"Suresh Prasad Roshan | Male | 70 | OBC | Bania | Former Deputy Mayor

-Former Deputy Mayor, Teghra, 2012 To 2022
-Former Defacto Deputy Mayor Contestant, 2022, Got 8000
-Jan Suraaj Rajya Karyakarini Sadasya",Not Active,,,Call Connected,Not with JS,,No,"- He is in Delhi
- He has health issue , operation in Stomach
- Cut the call  ",,,,,,,,,,,,,,,,,,,,,,,,,,,,,,,,
,,,,,,,"Hemant Kumar
Mukhiya",,,,,,,,,,,,,,,,,,,,,,,,,,,,,,,,,,,,,,,,
Begusarai,143-Teghra,Sonu Shanker,,,6203377109.0,6203377109.0,"Sonu Shanker | Male | 41 | General | Bhumihar| Businessman
-RJJP National Secretary ( 2021-22)
-Prominent Businessman ( Petrol Pump Transport, Uma Shanar Singh Carrier)
-Social worker ( Youth Development through Games)
-District Kabaddi Sangh President
-MBBS",Active till ticket distribution,Neutral Stance,With JS,Call Connected,With JS,Willing to Work in Sangathan at Assembly Level,"Yes
","- We are in the Sangathan righ now, and will continue further 
- Will Attempt fo 2030 Election from JSP Party
- Will all the work what the decision would be taken by the Party and PK. ",,,,,,,,,,,,,,,,,,,,,,,,,,,,,,,,
Begusarai,144-Matihani,Kusheshwar Bhagat,,,9999000637.0,9999000637.0,"Kusheshwar Bhagat | Male | 54 | OBC | Barai | Advocate

-Advocate
-Director and CEO of Federal Global Services
-Social Worker",Active till ticket distribution,Neutral Stance,With JS,Call Connected,With JS,Willing to Work in Sangathan at Assembly Level,"Yes 
","- He is energetic for JSP 
- Considers Prashant as his Biggest leader guide 
-Hi preparation for  2030 is ongoing and only waiting for PK Suggestion. 
- If does not get ticket , he wil strengthen and nourish the Sangathan 
- Interested to take Role & Responsibility in Sangathan Also. ",,,,,,,,,,,,,,,,,,,,,,,,,,,,,,,,
Begusarai,144-Matihani,Sudhanshu Kumar,,,8092260476.0,8092260476.0,"Sudhanshu Kumar | Male | 32 | General | Bhumihar | Panchayat Samiti

- Incumbent Panchayat Samiti Sadasya (2021 To Till Date)
- Incumbent Up Pramukh (2021 To Till Date)
- Former BJP Yuva Mandal adhyaksh(2012 To 2017) ",Active till ticket distribution,Neutral Stance,,Call Connected,Not with JS,,Yes ,"- He is anguish against Jan Suraaj and PK 
- He will not continue the Party ",,,,,,,,,,,,,,,,,,,,,,,,,,,,,,,,
Begusarai,144-Matihani,Dr Ranjan Kumar Choudhary,,,9031601602.0,9031601602.0,"Dr Ranjan Kumar Choudhary | Male | 46 | General  | Bhumihar | Doctor

-Former BJP Sanyojak(2022 To 2024)
-Former IMA Secretary(2020 to 2021 & 2022 to 2023)
-Former Secretary Paigham E Aman Committee (2019 to 2024)
-Jan Suraaj parkhand Prabhari
-MBBS & P.G Diploma in Cardiology 
- LLB ",Active till ticket distribution,Neutral Stance,With JS,Call Connected,With JS,Willing to Work in Sangathan at Assembly Level,"Yes 
","- Ticket should be given who has hold on ground Voters
 
- Candidate should be declare righ now for 2030 & 2029

- He has conducted a meeting 5000 People for Pradesh Adhyaksh , It was the first big gathering for pradesh Adhyaksh

- he is friend of Dr. Sunil Singh's Son-in-law Ranjan",,,,,,,,,,,,,,,,,,,,,,,,,,,,,,,,
Begusarai,144-Matihani,Sanjeev Kumar,,,9835212908.0,8709529662.0,"Sanjeev Kumar | Male | 56 | General | Bhumihar |  Former Mukhiya

-Former Mukhiya(2016 To 2021)
-Former 2 Terms Ward Member(2006 to 2016)
-Former Up Mukhiya(2006 to 2021)
-Former RJD Zila Sachiv(2017 To 2023)
-Former JDU Block President(2005 to 2016)",Not Active,,Not with JS,Call Connected,Not with JS,Willing To Contest Panchayati Raaj ,No,"- Not interested to Continue JSP 
- He will Contest Mukhiya if seat does not turn into SC Reserved
- He says he has no interest to remain in Jan Suraaj ",,,,,,,,,,,,,,,,,,,,,,,,,,,,,,,,
Begusarai,144-Matihani, Ranjeet Kumar,,,7508105466.0,7508105466.0,"Ranjeet Kumar | Male | 48 | General | Bhumihar | Retired IAF Officer

-Former Wing Commander at Indian Airforce in 2023
-Campaigned for CPI Candidate from Begusarai in Loksabha Election 2024
-Campaigned for Darbhanga MLC Election in 2014 & 2020 for BJP Candidate(Father In Law)
-NDA Qualified",Not Active,,,Call Connected,With JS,Willing to Work in Sangathan at Dist/State Level,15-20th January 2026,"- He had Resigned from JSP in March End 2025 due to deep Campaign 
- But still now Prashant is his Idl and Jan Suraaj is his own Party. 
- Due to 5-7 People who wanted to remove him from JSP , So in Anger he resigned from JSP 
- He had wanted to meet Prashant but could not meet while in Election busy . 
- To strenghthen the JSP Party is my first priority 
- He has no heartburn from party. prashant, or any Committe but only he had resigned from only in anger from N.R Singh 
- He wants to Continue JSP and want to meet PK. ",,,,,,,,,,,,,,,,,,,,,,,,,,,,,,,,
Begusarai,145-Sahebpur Kamal,Md Shazduzzama,,,9534794003.0,9534794003.0,"Md Shazduzzama | Male | 42 | Minority | Syed | MLA Contestant

-Former MLA Contestant, 2020, Sahebpur Kamal, Independent
-Incumbent Ward Councilor(2022 To Till Date)
-Former AAP Zila Adhyaksh(2014 To 2024)
-Former AAP Pradesh Parvakta(2024 To 2025)
-Former CPIML Zila Committee Member(2005 to 2014)

-",Active till ticket distribution, Contested as an Candidate from other Party,Not with JS,Call Connected,Not with JS,,No ," - He has anguish against Jan Suraaj 
- He demands 1 crore Rupees for 5 Year Working in future in Party 
- After Election result He wants to Rejoin JSP ",,,,,,,,,,,,,,,,,,,,,,,,,,,,,,,,
Begusarai,145-Sahebpur Kamal,Md. Waqueed Ali,,,7838054547.0,7838054547.0,"Md. Waqueed Ali | Male | 41 | Minority | Sheikh | Congress Zila Sachiv

-Former Congress Zila Sachiv(2023 To 2024)
-Businessman
-Jan Suraaj Anumandal Abhiyaan Samiti Sanyojak",Not Active,Helped Other Party,Not with JS,Call Connected,Not with JS,Willing To Contest Panchayati Raaj ,Yes ,"- He was helped independent Candidate against Jan Suraaj 
- Musalmaan is seeking for Rahul Gandhi 
- He is dissappointed from Ticket Distribution and JSPT 
- If Jan Suraaj do allaince with Congress it will be better ",,,,,,,,,,,,,,,,,,,,,,,,,,,,,,,,
Begusarai,145-Sahebpur Kamal,Nilkamal Nishant,,,9431022102.0,9431022102.0,"Nilkamal Nishant | Male | 55 | OBC | Yadav | Former Defacto Mukhiya

-Former Defacto Mukhiya(2016 To 2021)
-Grand Father Shivshankar Prasad was MP Khagaria, 1971 to 1977
-Father Kumar Ranbir Singh Contested Assembly Election , 1995 , SP 
-Jan Suraaj Anumandal Adhyaksh",Active till ticket distribution,Active for JS,With JS,Call Connected,With JS,Willing To Contest Panchayati Raaj ,17-25th January ,"- Poore Jan Suraaj me agar koi bhi nahi rahega to bhi Sirf Main aur Prashant Kishor rahenge""
-  Jo bhi Party ka decision hoga main use puri mehnat se puraa karunga 
- Mukhiya reh chuke hain , Mukhiy aka election pass aayega tb kuchh dekha jaaega ",,,,,,,,,,,,,,,,,,,,,,,,,,,,,,,,
Begusarai,145-Sahebpur Kamal,Sunayana Devi,,,9142412385.0,9931646371.0,"Sunayana Devi | Female | 58 | General | Bhumihar | Former Panchayat Samiti

-Foremr Panchayat Samiti(2001 to 2011)
-All India Yuva Federation Sachiv(1995 to 2007) 
-Former Communist Party Zila Sachiv(2008 to 2013)
-Former CPI member (1995 to 2023)
-Jansuraaj Mahila Anumandal Adhyaksh",Active till ticket distribution,Active for JS,With JS,Not Received ,,,,,,,,,,,,,,,,,,,,,,,,,,,,,,,,,,,,
Begusarai,145-Sahebpur Kamal,Dr Sabban Mazahir,,,9931113333.0,9931113333.0,"Dr Sabban Mazahir | Male | 36 | Minority | Syed | Doctor

-Runs a Private Clinic
-MBBS & MD 
-Organise Free Medical Camp for Poors
-Jan Suraaj Zila Upadhyaksh",Active till ticket distribution,Neutral Stance,With JS,Call Connected,Not with JS,,No,"- He has no time for Party work 
- He runs a hospital 
- He is not interested much more ",,,,,,,,,,,,,,,,,,,,,,,,,,,,,,,,
,,,,,,,"""Subodh Kumar Mahto
- Former ZP
- Contractor""

""Amar Kumar Amar
IND 36000 Votes ( 2025 )""",,,,,,,,,,,,,,,,,,,,,,,,,,,,,,,,,,,,,,,,
Begusarai,145-Sahebpur Kamal,Kaushal Kishore Singh,,,6201273972.0,6201273972.0,"Kaushal Kishore Singh | Male | 60 | OBC | Yadav | MLA Contestant

-Former MLA Contestant, 2020, The Plurals Party, Sahebpur Kamal, Got 987 Votes
-Former Plurals Party Member(2020 To 2020)
-Advocate",Active till ticket distribution,Active for JS,With JS,Call Connected,With JS,Willing to Work in Sangathan at Dist/State Level,Yes ,"- He has no complaign even after getting no tickets 
- He is still carry forward the Party's Responsibilities 
",,,,,,,,,,,,,,,,,,,,,,,,,,,,,,,,
Begusarai,146-Begusarai,Dr Rajnish Kumar,,,9199778419,6201080980,"Dr. Rajnish Kumar | 57 | Male | General | Bhumihar|  Panchayat Samiti Member
- Advocate , 
- Incumbent 3 Consecutive term Panchayat Samiti Sadasya(2011 to Till date)
- Fromer Prakhand Up-Pramukh (2016 to 2021)
-Former Panchayat Samiti Sadasya(2001 to 2006)
-Former Congress District Vice-President 
-Former District Youth Congress President
-Former 2 times Zila Vakeel Sangh Vice President
-Former Zila Vakeel Sangh Joint Secretary
-Former Zila Vakeel Sangh Sahayak Sachiv",Active till ticket distribution,Neutral Stance,With JS,Call Connected,With JS,Willing to Contest PRI election and also ready to work in sangathan,Yes ,"- He is incumbent Ziladhyaksh so he is Active and want to continue forward also
- He will Contest PRI if Raoster stays according to him ",,,,,,,,,,,,,,,,,,,,,,,,,,,,,,,,
Begusarai,146-Begusarai,Rita Singh,,,9470040904.0,9470040904.0,"Rita Singh | Female | 61 | EBC | Dhanuk | JDU District President

-Jan Suraaj State Executive Commitee member
-Former Block Pramukh From Sadar Block (2011-2016)
-Former JDU Nagar President (2018-2019)
-Former JDU District President ( Samaj Sudhar Vahini) 2019-2020
-Running Dairy Farm ",Active till ticket distribution,Neutral Stance,With JS,Not Received ,,,,,,,,,,,,,,,,,,,,,,,,,,,,,,,,,,,,
Begusarai,146-Begusarai,Gulshan Grover,,,9990416356.0,9990416356.0,"Gulshan Grover | Male | 25 | OBC | Kushwaha | Businessman

-Runs a Restaurant(Grover Lavish Food)
-Runs a Incubation Centre
-Runs a Utility Shop
-Provide Free Teachnical Trianing Like Electrician and Plumbing
",Active till ticket distribution,Active for JS,With JS,Call Connected,With JS,Willing to Contest PRI election and also ready to work in sangathan,Yes ,"- He has attended the DSC Review  
- JSP Spkoesperson's must be vocal and who can't wait for any statement
- Willing to Contest ZP and help JSP PRI Candidate also",,,,,,,,,,,,,,,,,,,,,,,,,,,,,,,,
Begusarai,146-Begusarai,Pramod Kumar Pathak,,,7587301970.0,9102820858.0,"Pramod Kumar Pathak | Male | 53 | General | Brahmin | Panchayat Samiti Contestant

-Former Panchayat Samiti Contestant, 2021
-Former BJP Mahamantri, Begusarai , 2022 To 2024
-Former ABVP Nagar Mantri, 1992 to 1994
-Retired BSF Employee
-Social Worker",Active till ticket distribution,Active for JS,With JS,Call Connected,With JS,Willing to Contest PRI election and also ready to work in sangathan,Yes ,"- No one informed him about DSC Reconstruction meeting 
- Will Contest either Mukhiya or Zila Parishad 
- If He will not contest , 2 ZP women candidates will give to JSP 
 ",,,,,,,,,,,,,,,,,,,,,,,,,,,,,,,,
Begusarai,146-Begusarai,Ranjeet Kumar ,,,7992361831.0,7992361831.0,"Ranjeet Kumar | Male | 50 | General | Bhumihar | Swaraj India District President

- Former Swaraj India Distrcit President(2017 to 2024)
- Former Swaraj India National Steering Committee (2015 to 2017)
- Former JDU Chikitsa Prakosht Zila Sachiv(2014 to 2015)
- Former AAP Sah sanyojak Zila(2013 to 2014)",Not Active,,,Call Connected,With JS,Willing to Work in Sangathan at Dist/State Level,Yes ,"- He is positive for Jan Suraaj Party 
- He will start activeness after ""Dahi-Cheura""/ Makar Sankaranti
- He will be with PK as PK has announced to start new Campaign after ""Kharwas""",,,,,,,,,,,,,,,,,,,,,,,,,,,,,,,,
Begusarai,146-Begusarai,Sanjay Gautam,,,9471455366.0,9471455366.0,"Sanjay Gautam | Male | 45 | General | Bhumihar | MLA Contestant

-Former MLA Contestant, 2020, Begusarai Sadar, Independent, got 2100 Votes
-Former BJP Sanghatan Parbhari Kosi Chetra(2004 to 2020)
-Former ABVP Pradesh Mahamantri(1990 to 1998)
-Foremr VHP Bihar Upadhyaksh(1999 to 2003)
-Former RSS Member 
-HOD at BN College, Begusarai, Physics Departmnet",Active till ticket distribution,Active for JS,With JS,Call Connected,With JS,Willing to Contest PRI election and also ready to work in sangathan,Yes ,"- He will Interested to Contested 
- Will work as startegist for the Party 
- Late ticket Distribution 
- There are a lot of Leaders in the senior Committe having no Political Experience or Knowledge 
- Candidate of JSP , DP Ojha is a known face at India level but know knows in Assembly 
- Social Concern is also must for Party then party can stand 
- Party Workers are not professionals and should not treated as Professionals 
- Beauracracy was dominated over Political Workers 
",,,,,,,,,,,,,,,,,,,,,,,,,,,,,,,,
Begusarai,146-Begusarai,Mohammad Shahzada,,,7903900439.0,7903900439.0,"Mohammad Shahzada | Male | 40 | Minority | Sheikh | Businessman

-Businessman(Cement & Construction Material)
-Former JDU Member(2021 To 2021)",Not Active,,,Call Connected,With JS,Willing To Contest Panchayati Raaj ,Yes ,"- JSP Candidate Surendra Sahani is neighbour but did not contact atleast once 
- He is in the Party and will carry party's Decision
- During 2025 Election he voted to Jan Suraaj with his family but did not campaigned for the Parrty and was silen/Neutral ",,,,,,,,,,,,,,,,,,,,,,,,,,,,,,,,
Begusarai,146-Begusarai,Surendra Kumar Sahani,65.0,,9798524976.0,9798524976.0,"Surendra Kumar Sahani | Male | 65 | EBC | Mallah | Former Mukhiya

-Former 4 Terms Mukhiya, 2001 To 2021
-Former Defacto BDC, 2006 To 2011
-Former 2 Terms PACS President
-Jan Suraaj State Core Committee Member",Candidate,,,,,,,,,,,,,,,,,,,,,,,,,,,,,,,,,,,,,,,
Begusarai,146-Begusarai,Tribhuvan Kumar,,,8677051359.0,8677051359.0,"Tribhuvan kumar | Male | 61 | EBC | Dhanuk | Former Mukhiya

-Former Mukhiya, 2001 To 2006, 4000 Votes
-Former Defacto Mukhiya, 2016 To 2021, Got 5000 Votes
-Former Defacto ZP Contestant, 2011, Got 7000 Votes
-Former RJD EBC Cell , Zila Adhyaksh, 2016 To 2023
-Former RJD Zila Sachiv, 2014 To 2016
-Former JDU Yuva Adhyaksh, 2003 To 2006
-Jan Suraaj Abhiyaan Samiti Sanyojak
-Former Jan Suraaj Zila Kisan Adhyaksh, 2023 To 2024",Active till ticket distribution,Active for JS,With JS,Call Connected,With JS,Willing To Contest Panchayati Raaj ,Yes ,"- He has attende PK Meeting on 18th Dec 
- He will Contest mukhiya, as Villagers are forcing him to Contest 
- He will be in the Party and with Pk",,,,,,,,,,,,,,,,,,,,,,,,,,,,,,,,
Begusarai,146-Begusarai,Saurav Kumar Bhardwaj,,,7631864756.0,7631864756.0,"Saurav Kumar Bhardwaj | Male | 31 | General |  Bhumihar | Businessman

-Owner Of Bum Bum Dairy,  Begusarai
-Social Worker",Active till ticket distribution,Helped Other Party,Not with JS,Call Connected,With JS,Willing to Work in Sangathan at Dist/State Level,,"- He is still in the Party and will be active after 14th Jan 
- ",,,,,,,,,,,,,,,,,,,,,,,,,,,,,,,,
Begusarai,147-Bakhri (SC),Dr Sanjay Kumar Urf Sanjay Paswan,41.0,,7766018644.0,7766018644.0,"Dr Sanjay Kumar | Male | 41 | Sc | Paswan | Doctor

-Runs a Private Clinic and Physician at Sadar Hospital
-Director of Amira Hospital
-Jan Suraaj District Spokesperson
-Jan Suraaj Constitution Assembly Member",Candidate,,,,,,,,,,,,,,,,,,,,,,,,,,,,,,,,,,,,,,,
Begusarai,147-Bakhri (SC),Ram Chandra Ram,,,9934881212.0,9934881212.0,"Ramchandra Ram | 75 | Male | SC | Chamar/Ravidas | Former Loksabha Candidate 
-Former BSP Pradesh Maha Sachiv (2012-2014)
-Former LoK Sabha Candidate from BSP (Vote count-15000 in 2014)
-Jan Suraaj State Core Committee Member
-President of Human Right Protection and Development (NGO)
-President of DR Ambedkar Seva Sansthan",Active till ticket distribution,Neutral Stance,With JS,Call Connected,With JS,Willing to Work in Sangathan at Dist/State Level,Yes ,"- ACC did not got the ticket became neutral and non - Cooperative for Camndidate and Party 
- Became Neutral and Silent 
- Candidate did not expense the budget and Activist became disaapointed 
- Niths Govt. 10K Announcemnet also ruined Jan Suraaj 
- NDA in Bihar bribery the votes due fear of Jan Suraaj 
- It was only Prashant Kishore who has set the Entire Issues of Bihar  and NDA-MGB were forced to play on Prashant's Ground 
- He has also started to write a new Book 
- ",,,,,,,,,,,,,,,,,,,,,,,,,,,,,,,,
Begusarai,147-Bakhri (SC),Gautam  Sada,,,7368989881.0,7368989881.0,"Gautam  Sada | Male | 40 | SC | Musahar | MLA Contestant

- Former MLA Contestant, 2010, Bakhri Constituency, Congress, got 11773 Votes
- Former ZP Contestant(2021), Got 2970 Votes
- Former BJP Pradesh Chetriya Prabhari(2022 to 2024)
- Former BJP Zila Upadhyaksh(2019 To 2022)
- Former Congress SC Cell Pradesh Upadhyaksh(2015 to 2019)
- Former Congress Pradesh Sachiv, (2012 To 2015)
- Labour Contractor",Active till ticket distribution, Contested as an Candidate from other Party,With JS,Call Connected,Not with JS,Willing to Work in Sangathan at Dist/State Level,Yes ,"- Contested Independent 2025 Election
- GTicket Distribution System was not good 
- He has not resigned from the Party and will be active if the Party considers him
- He want to Contest Zila Parishad and Mukhiya as well deppending on Reservation 
- He is seeking economical help from the party for ZP Election ",,,,,,,,,,,,,,,,,,,,,,,,,,,,,,,,
Begusarai,147-Bakhri (SC),Awanish Kumar,,,9709711080.0,9709711080.0,"Awanish Kumar | Male | 46 | SC | Dusadh | Incumbent Mukhiya

-Incumbent Mukhiya, 2021 To Till Date
-Former Mukhiya Contestant, 2016, Runner Up
Former Panchayat samiti Contestant, 2011, Runner Up
-Jan Suraaj Block President
-Social Worker",Active till ticket distribution,Active for JS,With JS,Call Connected,With JS,Willing to Work in Sangathan at Assembly Level,Yes ,"- He has attended the DSC reconstruction meeting 
- He does not wish for PRI Election  
- But if Party will aske him then he may contest  Mukhiya  
- Jo Party ka nirnay ho vo kiya jaaega 
- He and his wife both are JSP Party Workers and work labourious for Party",,,,,,,,,,,,,,,,,,,,,,,,,,,,,,,,
Begusarai,147-Bakhri (SC),Kiran Kumari,,,8252052283.0,8252052283.0,"Kiran Kumari | Female | 31 | SC | Chamar | Former VIP Mahila Zila Upadhyaksh

-Former VIP Mahila Cell Zila Upadhyaksh, 2022 To 2025
-Former VIP, Mahila Cell Block President
- Teacher
-Social Worker",Active till ticket distribution, Contested as an Candidate from other Party,With JS,Call Connected,With JS,Willing to Work in Sangathan at Assembly Level,Yes ," - She has contested as Indepenedent MLA Candidate 2025  to verify her documents as she is native of Punjab and has done intercaste marriage  in Bihar . 
- She did not conest agaisnt Jan Suraaj 
- Still she wants to Continue Jan Suraaj if party wants to revoke her in Sangathan 
- She may contest ZP in PRI if Party wil aske her to Contest ",,,,,,,,,,,,,,,,,,,,,,,,,,,,,,,,
Begusarai,147-Bakhri (SC),Shiv Chandra Paswan,,,9931957718.0,9931957718.0,"Shiv Chandra Paswan | Male | 48 | SC | Dusadh | Incumbnet Block Pramukh

-Jansuraaj Founding member
-Incumbent Block Pramukh
-Incumbent 2 Term BDC  (2016-Till Date)
-Former sarpanch ( 2011- 2016)
-Ward member ( 2001-2006)",Active till ticket distribution,Helped Other Party,With JS,Call Connected,With JS,Willing To Contest Panchayati Raaj ,Yes ,"- Currently Incumbent Pramukh, So he will Contest PRI  
- He is dissapointed that Party has given the ticket to an outsider 
- Although he will be in the Party 
",,,,,,,,,,,,,,,,,,,,,,,,,,,,,,,,
Khagaria,148-Alauli (SC),Sikandar Sada,,,9102936994.0,9102936994.0,"Sikandar Sada | Male | 47 | SC | Musahar | Panchayat Samiti Contestant

-Former Panchayat Samiti Contestant, 
-Former HAM, District Working Comittee Member, 2014 To 2024
-Jan Suraaj Vidhan Sabha Prabhari
-Social Worker",Active till ticket distribution, Contested as an Candidate from other Party,With JS,Not Received ,,,,,,,,,,,,,,,,,,,,,,,,,,,,,,,,,,,,
Khagaria,148-Alauli (SC),Abhishank Kumar,34.0,Male,8252258606.0,8252258606.0,"Abhishank Kumar | Male | 34| SC | Pasi | Incumbent Defacto Mukhiya

-Incumbent Defacto Mukhiya
-Runnerup Defacto  Chairman Candidate",Candidate,,,,,,,,,,,,,,,,,,,,,,,,,,,,,,,,,,,,,,,
Khagaria,148-Alauli (SC),Lal Sagar Sada,,,7061909401.0,7061909401.0,"Lal Sagar Sada | Male | 65 | SC | Musahar | ZP Contestant

-Former ZP Contestant, 2021, Got 6028 Votes
-Former  Ward Member, 2001 To 2006
-Former BJP SC Cell Mahamantri, 2012 To 2025
-Former RJD SC Cell Pradesh Sachiv, 2010 To 2012
-Former Samta Party Prakhand sachiv, 1993 To 1996
",Not Active,,,Call Connected,Not with JS,,No ,"- He has left Party 
- According to him Party  has given the ticket who has not workked hard 
- There is differrence between claim and implement ",,,,,,,,,,,,,,,,,,,,,,,,,,,,,,,,
Khagaria,149-Khagaria,Sheela Devi,,,7488397176.0,7488397176.0,"Sheela Devi | Female | 50 | OBC | Dhanuk |12th | Former Block Up Pramukh

-Former Block Up Pramukh, 2006 to 2011
-Former Panchayat Samiti, 2006 To 2011
-Former JDU Mahila Upadhyaksh(2005 To 2023)
-Jan Suraaj Zila Mahila Adyaksh",Not Active,,,Call Connected,With JS,Willing to Contest PRI election and also ready to work in sangathan,Yes ,"- Zila Mahila Adhyaksh campaigned against Jan Suraaj and she Joined JDU MLA Stage 
- Sangathan Leaders Cooperated despite Some 2-4 Leaders
- She is willing to hold big Post and as well interested in PRI Election depending on Seat reservation 
- She is Politically Mature and organisationaly patience 
 ",,,,,,,,,,,,,,,,,,,,,,,,,,,,,,,,
Khagaria,149-Khagaria,Jayanti Patel,45.0,,9955988067.0,9955988067.0,"Jayanti Patel | 45 | Female | OBC | Kurmi | ASA Pradesh Adhyaksh


-ASA Party Mahila Cell Pradesh Adhyaksh, 2024 To 2025
-Former BJP Pradesh Pravakta, Mahila cell, 2023 To 2024
-JDU Pradesh Upadhyaksh, 2021 To 2023
-Former Ward Councilor Contestant, 2007, Runne Up
-BusinessWoman(Director Of Patel Agri Organic Pvt Ltd)
-Social Worker",Candidate,,,,,,,,,,,,,,,,,,,,,,,,,,,,,,,,,,,,,,,
Khagaria,149-Khagaria,Manish Kumar Singh,,,7870078777.0,9470016232.0,"Manish Kumar Singh | Male | 45 | General | Rajput | Former AAP Member

-Former AAP Member
-Runs a Coaching Centre ""Koshi Science Classes)
-Agriculture",Active till ticket distribution, Contested as an Candidate from other Party,Not with JS,Call Connected,Not with JS,,No ,"- He has resigned from Party 
- Not interested to Contest PRI 
- Not Ingterested to be in Sangatha or Party ",,,,,,,,,,,,,,,,,,,,,,,,,,,,,,,,
Khagaria,149-Khagaria,Pankaj Kumar,,,7992470995.0,7992470995.0,"Pankaj Kumar | Male | 52 | General | Bumihar | Former PACS President

-Former 3 Consecutive PACS President, 2009 To 2025
-Former2 Terms  Panchayat Samiti, 2001 To 2011
-Jan Suraaj Zila Mahasachiv
-Buisnessman(Food Grain)
-Social Worker",Active till ticket distribution,Active for JS,With JS,Call Connected,With JS,Willing to Work in Sangathan at Dist/State Level,Yes ,"- He attend Sangathan purnargathan Meeting in Observer Presence Kishor Munna 
- ",,,,,,,,,,,,,,,,,,,,,,,,,,,,,,,,
Khagaria,149-Khagaria,Makhan Sah,,,6201292625.0,6201292625.0,"Makhan Sah | Male | 51 | EBC | Kanu | Former Loksabha Contestant

-Former Mukhiya, 2016 To 2021
-Incumbent Mukhiya Sangh Zila Mahamantri
-Former Lok Sabha Contestant, 2014, Khagaria, Independent, Got 6600 Votes
-Former MLA Contestant, 2015, Sahebpur Kamal, Bhartiya Jan Tantrik Janta Dal, Got 3000 Votes
-Former ZP Contestant, 2011, Got 3000 Votes
-",Active till ticket distribution,Neutral Stance,With JS,Call Connected,Not with JS,,No,"- Jan Suraaj System is not good 
- He is not interested in Jan Suraaj 
- Nor he will remian in Jan Suraaj Neither he will join any Party ",,,,,,,,,,,,,,,,,,,,,,,,,,,,,,,,
East Champaran,15-Kesaria,Razia Khatun,,,6209373255.0,6209373255.0,"Razia Khatun | Female | 34 | Minority | Dhobi | Panchayat samiti Sadasya

-Incumbent Panchayat Samiti Sadasya(2021 to Till Date)
-Former RJD Prakhand Adhyaksh Mahila Prakosht(2021 to 2022)
-Jan Suraaj Mahila Anumandal Adhyaksh
-Working as a Jeevika

",Active till ticket distribution,Active for JS,With JS,Call Connected,,,,"called multiple times, but she cut the call every time.",,Call Connected,,Interested,"Rajiya Khatoon| 35| Female| Minority| Muslim

-Incumbent BDC and Dist. Jivika Adhyaksh
",,,,,,,,Harsidhi_19,,,,,,,,,,,,,,,,,,,
East Champaran,15-Kesaria,Ram Sharan Prasad Yadav,,,9934269922.0,9934269922.0,"Ram Sharan Prasad Yadav | Male | 68 | Yadav | MLA Contestant

-Former MLA Contestant, 2010, Kesariya, CPI, 22966 Votes
-Former MLA Contestant, 2015,Kesariya  Independent, 13000 Votes
-Former MLA Contestant, LJP, Kesariya, 19500 Votes
-Former 4 Terms Mukhiya 2001 To 2021
-Jan Suraaj Zila Adhyaksh",Not Active,,,Call Connected,Not with JS,,,,,,,,,,,,,,,,,,,,,,,,,,,,,,,,,,,
East Champaran,15-Kesaria,Nafis Akhtar,,,9430413393.0,7717795286.0,"Nafis Akhtar | Male | 39 | Minority | Sheikh | Businessman

-Former RJD Yuva Zila Upadhyaksh, 2018 To 2019
-Buisnessman(Bharat Battery Sale and Service)
-Bharat Bricks Udyog
-Bharat Furniture
-Bharat Trade Hub Pvt. Ltd
-Social Worker",Not Active,,,Call Connected,Not with JS,,,,,,,,,,,,,,,,,,,,,,,,,,,,,,,,,,,
East Champaran,15-Kesaria,Ravindra  Kumar Berwar,,,9333338009.0,9333338009.0,"Ravindra  Kumar Berwar | Male | 65 | General | Rajput | MLA Contestant

-Former MLA Contestant, 2020, Independent, Kesaria, Got 5000 Votes
-Former Youth Congress General Secretary(1985 to 1989)
-Global Hindu Foundation General Secretary
-Director Of Keshav Mangalam Impex Pvt. Ltd
-Jan Suraaj District Upadhyaksh
-Jan Suraaj State Abhiyaan Samiti Member",Active till ticket distribution,Active for JS,With JS,Call Connected,With JS,Willing to Work in Sangathan at Dist/State Level,,"He is aligned with Prashant’s ideology and will take up organizational responsibilities at the state level. He will not contest the Panchayat elections.

",,Call Connected,,Not Interested,"-Most Prominent Businessman and comes from a respected Rajput family
-Was associated with Congress for a long time and was part
of the Dist. Congress Committee",,,,,,,,No,,,,,,,,,,,,,,,,,,,
East Champaran,15-Kesaria,Naj Ahamad Khan,43.0,,9430957111.0,9430957111.0,"Naj Ahamad Khan | Male | 43 | Minority | Pathan | JDU Zila MahaSachiv

-Former JDU Mahasachiv(2017 to 2022)
-Former Yuva JDU Prakhand Adhyaksh(2013 TO 2017)
-Jan Suraaj Zila Karyawahak Samiti Member
-Jan Suraaj Zila Upadhyaksh",Candidate,,,,,,,,,,,,,,,,,,,,,,,,,,,,,,,,,,,,,,,
East Champaran,15-Kesaria,Heera Lal Sahni,,,9431053233.0,9431053233.0,"Heera Lal Sahni | Male | 55 | EBC | Mallah | Incumbent Mukhiya

-Incumbent 3 Consecutive Terms Mukhiya(2011 To Till Date)
-Former Mukhiya Contestant(2006), Got 750 Votes
-Jan Suraaj State Working Committee Member",Active till ticket distribution,Active for JS,With JS,Not Received ,,,,,,Call Connected,,Not Interested,"Heera Lal Sahni | Male | 55 | EBC | Mallah | Incumbent Mukhiya

-Incumbent 3 Consecutive Terms Mukhiya(2011 To Till Date)
-Former Mukhiya Contestant(2006), Got 750 Votes
-Jan Suraaj State Working Committee Member",,,,,,mukhiya,,No,,,,,,,,,,,,,,,,,,,
Khagaria,150-Beldaur,Dr Nitish Kumar,,,9931444642.0,9931444642.0,"Dr Nitish Kumar | Male | 49 | EBC | Kanu | Doctor

-Runs a Private Clinic , Beldaur
-Organise Free Health Camp For Poors
-MBBS (PMCH)",Active till ticket distribution,Helped Other Party,With JS,Call Connected,With JS,Willing to Work in Sangathan at Dist/State Level,Yes ,"- He has Joined medical College in Saharsa as Associate Professor
- But he he will Continue JSP and will Contribute as much possible 
- He is with Prashant and if PK order him he can Congtest Nagar Election in 2027 ",,,,,,,,,,,,,,,,,,,,,,,,,,,,,,,,
Khagaria,150-Beldaur,Dr. Karan Kumar,,,9534149612.0,9534149612.0,"Dr Karan Kumar | Male | 31 | SC | Paswan | Doctor
- BHMS Doctor
- Runs Homoeopathic Clinic
- Provide Free Medical Checkup for 2 days in a week",Active till ticket distribution,Active for JS,With JS,Call Connected,With JS,Willing to Contest PRI election and also ready to work in sangathan,Yes ,"- He jas aattended the Sangathan Punargathan Meeting 
- He will strenghten the Party 
- He will contest Zila Prishad from Area No. 10 but not on Party Basis
- We need to estbalish the party at ground level 
- Mistake in Ticket Distribution 
- Koi baat nhi Ye sb to hota rehta hai lekin hm log party ke sath hain ",,,,,,,,,,,,,,,,,,,,,,,,,,,,,,,,
Khagaria,150-Beldaur,Kajal Kumari,,,8002987687 / 9934087687,8002987687 / 9934087687,"Kajal Kumari | Female | 28 | EBC | Dhanuk | Incumbent Mukhiya

- Incumbent Mukhiya(2021 To Till Date)
- Former Congress Sachiv(2020 to 2024)
- Jan Suraaj Mahila Adhyaksh",Active till ticket distribution,Helped Other Party,With JS,Call Connected,With JS,Willing to Contest PRI election and also ready to work in sangathan,Yes ,"- She will Contest Mukhiya in PRI 
- She with her husband will Continue the Party 
- In 2030 she aims to Contest MLA Election from JSP ",,,,,,,,,,,,,,,,,,,,,,,,,,,,,,,,
Khagaria,150-Beldaur,Gajendra Kumar Singh,41.0,,7488174240.0,8002518766.0,"Gajendra Kumar Singh | Male | 41 | EBC | Mallah | ZP Contestant

-Former ZP Contestant, 2016, Got 10215 Votes
-Former JDU Pradesh Sachiv , Kisan Cell, 2015 To 2019
-Former Congress Yuva Zila Adhyaksh, 2010 To 2014
-Jan Suraaj Zila Sanyojak
-Fish Farming & Crop Farming",Candidate,,,,,,,,,,,,,,,,,,,,,,,,,,,,,,,,,,,,,,,
Khagaria,150-Beldaur,Sunil Singh alias Chhaila Bihari,,,8369979911.0,8369979911.0,"Sunil Singh alias Chhaila Bihari | Male | 60 | General | Rajput | Singer

- Folk Singer
-Social Worker",Active till ticket distribution,Active for JS,With JS,Call Connected,,,,"- He is in a meeting , and will talk later ",,,,,,,,,,,,,,,,,,,,,,,,,,,,,,,,
Khagaria,151-Parbatta,Priyadarshee Dinkar,,,9939070859.0,9939070859.0,"Priyadarshee Dinkar| | Male| 37 | EBC | Kumhar| Former Loksabha Contestant
-Former Loksabha election contestant Khagaria (independent)  in 2019 got 3rd position votes 51847
- Jan Suraaj DSC Member
-Padyatri for 2 years in Jan Suraaj
-Graduate",Active till ticket distribution,Active for JS,With JS,Call Connected,With JS,Willing to Work in Sangathan at Dist/State Level,Yes,"- He will Continue the Party 
- He wil Contest the MLA 2030 Election 
- He is coming to meeting PK on 16th January Probably",,,,,,,,,,,,,,,,,,,,,,,,,,,,,,,,
Khagaria,151-Parbatta,Vishwajeet Kumar Chintu,,,8296076030.0,8296076030.0,"Vishwajeet Kumar Chintu | Male | 35 | General | Rajput | Sotfware Engineer

-Software Engineer
-B.tech(Computer Science)",Active till ticket distribution,Active for JS,With JS,Call Connected,With JS,Willing to Work in Sangathan at Dist/State Level,No,"- He has gone Bangalore on his Job 
- Not interested in PRI 
- Ambitious for 20230 only 
- He will help Sangtha Party from Bangalore ",,,,,,,,,,,,,,,,,,,,,,,,,,,,,,,,
Khagaria,151-Parbatta,Vinay Kumar Varun,49.0,,7683054646.0,7683054646.0,"Vinay Kumar Varun | Male | 49 | EBC | Barai | MP Contestant

-Former Loksabha Contestant, 2019, Khagaria, Got 1200 Votes
-Former ZP Member(2001 To 2006)
-Former ZP Upadhyaksh(2001 To 2006)
-Jan Suraaj Zila Adhyaksh
-Farming & Animal Husbandary",Candidate,,,,,,,,,,,,,,,,,,,,,,,,,,,,,,,,,,,,,,,
Bhagalpur,152-Bihpur,Mamta Kumari,,,7764973722.0,7764973722.0,"Mamata Kumari | Female | 41 | SC | Ravidas | Mukhiya

--Incumbent Mukhiya( 2021 to Till Date)
- Jan Suraaj Anumandal Mahila Adhyaksh",Active till ticket distribution, Contested as an Candidate from other Party,Not with JS,Call Connected,Not with JS,,,Not Intrested in JSP anymore . Her Feedback is Sangathan and State leadership dosen't recognised her for candidature in her AC .,,,,,,,,,,,,,,,,,,,,,,,,,,,,,,,,
Bhagalpur,152-Bihpur,Pankaj Kumar Jha,,,7004670672.0,8282825984.0,"Pankaj Kumar Jha | Male | 48 | General | Brahmin | MLA Contestant

-Former MLA Contestant, 2015, Katihar Sadar, Independent, Got 1000 Votes
-Incumbent Akhil  Bhartiya Kisan Morcha Adhyaksh, 2016 To Till Date
-Former SUCI Seemanchal Prabhari , 2007 To 2015
-Former AIDSO Zila Adhyaksh, 2000 To 2007",Active till ticket distribution,Neutral Stance,With JS,Call Connected,With JS,Willing to Work in Sangathan at Assembly Level,willing to meet PK in Jan.,"There was a communication gap within the Sangathan during the election period, and it needs to be addressed. Will work  within the Sangathan & fulfill whatever responsibilities the party assign him.",,,,,,,,,,,,,,,,,,,,,,,,,,,,,,,,
Bhagalpur,152-Bihpur,Pawan Choudhary,60.0,,9431210642.0,9431210642.0,"Pawan Choudhary | Male | 60 | General | Bhumihar | BJP State Working Committee Member

-Former BJP State Working Committee Member, 2000
-Former BJP Yuva Morcha Mahamantri, 1995 To 2000
-Businessman(Petrol Pump, Construction Material )x
-Social Worker",Candidate,Active for JS,With JS,Call Connected,With JS,Willing to Work in Sangathan at Assembly Level,PK meeting is sheduled,out of Bihar will confirm PK meeting date soon.,,,,,,,,,,,,,,,,,,,,,,,,,,,,,,,,
Bhagalpur,152-Bihpur,Renu Chaudhary,,,9065988381.0,9065988381.0,"Renu Chaudhary | Female | 55 | General | Bhumihar | Incumbent ZP

-Incumbent ZP , 2021 To Till Date, Got 15000 Votes
-Former MLA Contestant, Bihpur, 2010, CPIML, 5000 Votes
-Former ZP Contestant, 2006, 2011 & 2016
-Former CPIML , Mahila Adhyaksh, 2010 To 2011
-Social Worker(Works To Make womens Self Dependent)
-Jan Suraaj Mahila Zila Adhyaksh",Active till ticket distribution,Neutral Stance,With JS,Call Connected,With JS,None of the Above ,,"Her husband’s feedback is that the party’s ideology was good, but the sangathan did not appear active anywhere. There is no one in the party who listens to advice. The party should not have projected a ACC candidate, due to which many people became opponents of each other. He is connected to the party’s ideology, but will not be able to continue working within the sangathan going forward.",,,,,,,,,,,,,,,,,,,,,,,,,,,,,,,,
Bhagalpur,153-Gopalpur,Ashok Kumar Singh,,,9212189378.0,9212189378.0,"Ashok Kumar Singh| Male |71 | OBC | Kushwaha| Former BJP District President

-BJP District President Education Cell ( 2022-2024)
-RO Water Plant and Farmer
-Jansuraaj District Mentor 
-Former Chairmain of  SgS Manufacturing Printing Machine in Faridabad",Active till ticket distribution,Helped Other Party,With JS,Call Connected,With JS,Willing to Contest PRI election and also ready to work in sangathan,,His feedback is ticket wasen't given to correct person & sangathan feedback was not in the favour of Gopalpur candidate .,,,,,,,,,,,,,,,,,,,,,,,,,,,,,,,,
Bhagalpur,153-Gopalpur,Soni Bharti,,,9199521319.0,9199521319.0,"Soni Bharti | Female | 47 | OBC | Yadav | Incumbent Mukhiya

-Incumbent 2 Consecutive Terms Mukhiya(2016 to Till Date)
-Jan Suraaj Core Committee Member
-Social Work(Helps in Marriage of Poor Girls)",Active till ticket distribution, Contested as an Candidate from other Party,Not with JS,Call Connected,Not with JS,,,she is not intrested in JSP anymore & don't want to continue in it.,,,,,,,,,,,,,,,,,,,,,,,,,,,,,,,,
Bhagalpur,153-Gopalpur,Diwakar Bhushan,,,7292850218.0,7292850218.0,"Diwakar Bhushan | Male | 45 | EBC | Kanu | Airforce Retired

-Former Airforce Officer
-Jan Suraaj Nagar Adhyaksh
-Social Worker",Active till ticket distribution,Active for JS,With JS,Call Connected,With JS,Willing to Work in Sangathan at Assembly Level,willing to meet PK,"He want to do social service. If the party gives him any responsibility, He will work selflessly.",,,,,,,,,,,,,,,,,,,,,,,,,,,,,,,,
Bhagalpur,153-Gopalpur,Gopal Singh,,,9304235750.0,9304235750.0,"Gopal Singh | Male | 67 | General | Bhumihar | Former Mukhiya

-Former Mukhiya , 2001 To 2006
-Former Mukhiya Sangh Adhyaksh, 2001 To 2006
-Jan Suraaj General Secretary
-Brick Klin Business
-Owns a Godown and Agriculture",Active till ticket distribution,Active for JS,With JS,Call Connected,With JS,Willing to Contest PRI election and also ready to work in sangathan,willing to meet PK,"He said that the sangathan's approval should have been obtained before finalizing the tickets. Because this didn't happen, the sangathan remained neutral during the election.",,,,,,,,,,,,,,,,,,,,,,,,,,,,,,,,
Bhagalpur,153-Gopalpur,Mankeshwar Singh,49.0,,6202376668.0,6202376668.0,"Mankeshwar Singh | Male | 49 | OBC | Kushwaha | Incumbent Mukhiya

-Incumbent 2 Terms Mukhiya, 2021 To Till Date , 2004 To 2006
-Former PACS President, 2004 To 2009
-Former 2 Consecutive Terms Block Pramukh, 2006 To 2016
-Incumbent Defacto(Mother) Block Pramukh, 2021 To Till Date
-Former 3 Terms Dfacto Mukhiya, 2006 To 2021
-Former RJD Block President, 2004 To 2008
-Former RLSP Pardesh Mahasachiv, 2014 To 2019 
-Former JDU Zila Upadhyaksh, 2021 To 2025
-Owner Of a Godown
",Candidate,Active for JS,With JS,Call Connected,With JS,Willing To Contest Panchayati Raaj ,PK meeting is sheduled,He will contest the Panchayat Raj election and fulfill whatever responsibilities the party assigns him.,,,,,,,,,,,,,,,,,,,,,,,,,,,,,,,,
Bhagalpur,154-Pirpainti (SC),Dheeraj Kumar Choudhary,,,6205361166.0,6205361166.0,"Dheeraj Kumar Choudhary | Male | 33 | SC | Pasi | Former Nagar Panchayat Vice Chairman Contestant

- Former Nagar Panchayat Vice Chairman Contestant(2022), Got 953 Votes
-Line Hotel owner",Active till ticket distribution,Neutral Stance,Not with JS,Call Connected,With JS,Willing to Contest PRI election and also ready to work in sangathan,"willing to meet PK
with Pirpainti PHs ","He had resigned from the party in September itself.
The Pirpainti block PH's  had also resigned along with him.
But he wants to work for JSP after PK meeting .",,,,,,,,,,,,,,,,,,,,,,,,,,,,,,,,
Bhagalpur,154-Pirpainti (SC),Ghanshyam Das,63.0,,9631833565.0,9631833565.0,"Ghanshyam Das | Male | 63 | SC | Ravidas | Incumbent Defacto Mukhiya

-Incumbent Defacto Mukhiya(2021 To till Date)
-Former Mukhiya Contestant(2016), 543 Votes
-Retired Railway Station Manager
-Jan Suraaj State Core Committe Member",Candidate,Active for JS,With JS,Call Connected,With JS,Willing to Contest PRI election and also ready to work in sangathan,PK meeting is sheduled,,,,,,,,,,,,,,,,,,,,,,,,,,,,,,,,,
Bhagalpur,155-Kahalgaon,Nutesh Kumar,,,9810787276.0,9810787276.0,"Nutesh Kumar| Male | 37| OBC | Kushwaha | Private Job

-LLB From CLC ( DU)
-Founder of Avyam Technology 
-Globel IT head in BENEIVA ( Related to America IT Company)
-Volunteer in Happy Earth ( During Covid)
-Prominent Farmer ( 80 Acre of farming land)",Not Active,Neutral Stance,Not with JS,Call Connected,Not with JS,,-,"His feedback is that party's ideology was fine initially, but later the Sangathan deviated from development-oriented politics and JSP vision . No one from sangathan made an effort to bind all the members of JSP in District.
Don,t want to continue in JSP anymore.",,,,,,,,,,,,,,,,,,,,,,,,,,,,,,,,
Bhagalpur,155-Kahalgaon,Hareram Yadav,,,7033872580.0,7033872580.0,"-Hareram Yadav | Male | 52 | OBC | Yadav | Loksabha Contestant

-Former Loksabha Contestant(2024), Bhagalpur, Got 12258 Votes
-Former ZP Contestant(2016), Got 1100 Votes
-Farming
-Jan Suraaj State Committee Member",Not Active,Neutral Stance,Not with JS,Call Connected,With JS,Willing to Contest PRI election and also ready to work in sangathan,willing to meet PK,The 10k scheme diverted voters' attention away from the Jan Suraj movement.He supported Ghanshyam Das the candidate in Pirpainti.,,,,,,,,,,,,,,,,,,,,,,,,,,,,,,,,
Bhagalpur,155-Kahalgaon,Bipin Kumar Tiwari,,,9199711656.0,7061609182.0,"Vipin Kumar Tiwari | Male | 63 | General | Brahmin | Ayurved Doctor

-Ayurved Doctor
-National Ayurved Sangh President (1990 to Till date)
-Former Student Union President of Shankar Sah Vikramshila University(1978 to 1981), AISF 
-",Active till ticket distribution,Active for JS,With JS,Call Connected,With JS,Willing to Work in Sangathan at Assembly Level,,He will work in sagathan and will help in sangathan formation in District,,,,,,,,,,,,,,,,,,,,,,,,,,,,,,,,
Bhagalpur,155-Kahalgaon,Manjar Alam,37.0,Male,9934773232.0,9934773232.0,"Manjar Alam | Male | 37 | Minority | Maradiya | Incumbent Mukhiya

-Incumbent 2 terms Mukhiya, 2016 To Till Date
-Incumbent Mukhiya Sangh Adhyaksh, 2021 To Till Date 
-Incumbent Maradia Muslim Adhyaksh, 2017 To Till Date
-Former JDU Minority Cell Zila Mahaschiv, 2015 To 2023
-Former NSUI Mahasachiv, 2006 To 20014
-Former Jan Suraaj Yuva Zila Adhyaksh",Candidate,Active for JS,With JS,Call Connected,With JS,Willing to Work in Sangathan at Assembly Level,PK meeting is sheduled,,,,,,,,,,,,,,,,,,,,,,,,,,,,,,,,,
Bhagalpur,155-Kahalgaon,Basudev Kumar,,,7277240093.0,7277240093.0,"Basudev Kumar | Male | 34 | SC | Ravidas | Mechanic

-Mechanic(Motor, Fan , LED TV)
-Social Worker",Active till ticket distribution,Active for JS,With JS,Call Connected,With JS,Willing to Work in Sangathan at Assembly Level,,"The Sangathan leaders didn't involved him as part of sangathan and there was communication gap btw leaders, but he want to work for JSP moving forward under young leadership for himself.",,,,,,,,,,,,,,,,,,,,,,,,,,,,,,,,
Bhagalpur,155-Kahalgaon,Manohar Kumar Mandal,,,7461961905.0,7488155878.0,"Manohar Kumar Mandal | 44 | Male | OBC | Dhanuk | Defacto ZP Member

-Incumbent De-facto Zila Parishad ( Premlata Devi His Wife)
-ZP Runner Up ( 2016)
-JDU District General Secratory ( 2021-2022)
-JDU Block President ( 2018-2021)
-Real state Business
",Active till ticket distribution,Neutral Stance,With JS,Call Connected,With JS,Willing To Contest Panchayati Raaj ,,"His general feedback was that the party and Sangathan gave tickets without proper observation, and those who worked hard were not made candidates. Now, the party should finalize candidates for all 243 seats immediately. The sangathan and the candidates should work together to reach out to booth committees and people at the panchayat level over the next five years.",,,,,,,,,,,,,,,,,,,,,,,,,,,,,,,,
Bhagalpur,155-Kahalgaon,Noushaba Khanam,,,7992485199.0,7992485199.0,"Noushaba Khanam | Female | 39 | Minority | Pathan | Loksabha Contestant

-Former Loksabha Contestant, Bhagalpur, 2014, BSP , Got 11265 Votes
-Former JDU Minority Cell, General Secretary, 2020 To 2024
-Former BSP Member, 2014 To 2019
-Former RJD Member, 2007 To 2013
-Her Husband Perwez Khan Contested The Loksabha Election, Bhagalpur, 2004 Got 1,34000 Votes
-Her Husband Contested the MLA Election , Nathnagar, RJD, 2005, Got 34, 472 Votes
-Her Husband Contested the MLA Election, Nathnagar, RJD, OCT, 2005, Got 41,000 Votes",Active till ticket distribution,Neutral Stance,Not with JS,Call Connected,Not with JS,,-,"The party made a wrong selection of the candidate.
The sangathan did not give PK the right advice regarding the ticket.
They should have consulted with the 5 ACC members to decide who should be the candidate.
Don,t want to continue in JSP anymore.",,,,,,,,,,,,,,,,,,,,,,,,,,,,,,,,
Bhagalpur,155-Kahalgaon,Ranjan Kumar Jha,,,8260144445.0,8260144445.0,"Ranjan Kumar Jha | Male | 27 | General | Brahmin | Enterpreneur

-Former Student Union Sambalpur University, Vice President Contestant, 2015
-Director Of Dconnet, Software Companty
-Uncle Ward Member, 2016 To 2021
-Jan Suraaj Professional Volunteer
-Social Worker",Not Active,Neutral Stance,Not with JS,Call Connected,Not with JS,,-,He won't be able to dedicate time to politics right now. He's outside of Bihar.,,,,,,,,,,,,,,,,,,,,,,,,,,,,,,,,
Bhagalpur,155-Kahalgaon,Suresh Paswan,,,9899310826.0,9899310826.0,"Suresh Paswan | Male | SC | Dusadh | Paswan | MLA Contestant

-Former MLA Contestant, 2015, Pirpainti Constituency, Independent , 
-Former MLA Contestant, 2000 & 2005 , Kahalgaon, Independent, 
-Former Ward Councilor, 2007 To 2012
-Social Worker",Active till ticket distribution,Neutral Stance,With JS,Call Connected,With JS,Willing to Contest PRI election and also ready to work in sangathan,willing to meet PK," Party choose wrong person for candidature. The state government's 10k scheme made a big difference in the election.
The Sangathan and Booth committee was very weak.
Willing to fight the Nagar Panchayat election.",,,,,,,,,,,,,,,,,,,,,,,,,,,,,,,,
Bhagalpur,156-Bhagalpur,Deo Jyoti Mukharzi,,,9934634494.0,9934634494.0,"Deo Jyoti Mukharzi | Male | 48 | General | Brahmin | Professor

-Professor",Active till ticket distribution,Neutral Stance,Not with JS,Call Connected,Not with JS,,,He won't be able to dedicate time to politics right now. ,,,,,,,,,,,,,,,,,,,,,,,,,,,,,,,,
Bhagalpur,156-Bhagalpur,Ritesh Kumar Goswami,,,9731121111.0,9731121111.0,"Ritesh Kumar Goswami | Male | 39 | General |  Brahmin | Businessman

-Co Founder Of Live in Foods And Hospitality
-Co Founder Of Professionals Luxury Unisex Salon Chains
-Runs a Petrol Pump",Not Active,Neutral Stance,Not with JS,Call Connected,With JS,Willing to Work in Sangathan at Assembly Level,-,His feedback is Candidate selection was not upto mark. During election campaign youth leaders weren't active in AC's . Sangathan should involve youth leader ship .,,,,,,,,,,,,,,,,,,,,,,,,,,,,,,,,
Bhagalpur,156-Bhagalpur,Ashok Kumar Jha,,,8102739878.0,8102739878.0,"Ashok Kumar Jha | Male | 62 | General | Brahmin | Assistant Professor
-Assistant Professor in Minority Degree College (1990- to till)
-Formr BJP District President ( Intellectual Forum) 1995 -2022

",Active till ticket distribution,Active for JS,With JS,Call Connected,With JS,Willing to Work in Sangathan at Assembly Level,willing to meet PK,"His genral feedback is that 5 - 4 those who were ACC dosen't supported the Candidate .
From now onward kindly party do not select 4 or 5 ACC module. 
Sangathan should select a final candidate in AC and work with it.",,,,,,,,,,,,,,,,,,,,,,,,,,,,,,,,
Bhagalpur,156-Bhagalpur,Abhay Kant Jha,69.0,,9431422420.0,9431422420.0,"Abhay Kant Jha | 69 | Brahmin
-Former President of Bar Association Bhagalpur(2017-19)
-Vice-President Bar Association, Bhagalpur(2012-14)
-Designated Senior Advocate(Criminal) since 2003.
-Mentor Citizens Development Committee, Bhagalpur(2015-Present)
- Practises at Bhagalpur courts & Patna High Court as well(1973-Present)
- One of reputed names in Legal fraternity for Criminal matters, Bhagalpur",Candidate,Active for JS,With JS,Call Connected,With JS,Willing to Work in Sangathan at Dist/State Level,PK meeting is sheduled,,,,,,,,,,,,,,,,,,,,,,,,,,,,,,,,,
Bhagalpur,156-Bhagalpur,Amartya Bandhul,,,9008603850.0,9008603850.0,"Amartya Bandhul | Male | 30 | General | Brahmin | Businessman

-Buisnessman(Owner of a Restaurant)
-Former Chamber Of Commerce contestant, 2025, runner Up
-Jan Suraaj Zila Sachiv
-Jan Suraaj State Youth Working Committe Member",Active till ticket distribution,Helped Other Party,Not with JS,Call Connected,Not with JS,,,"He has joined BJP & Don,t want to continue in JSP anymore",,,,,,,,,,,,,,,,,,,,,,,,,,,,,,,,
Bhagalpur,156-Bhagalpur,Dr Bikash  Kumar  Pandey,,,9122548319.0,7992377690.0,"Dr Bikash  Kumar  Pandey | Male | 44 | General | Brahmin | Doctor

-Eye Specialist
-MBBS and MS Eye
-Provide Free Eye Test for Poors",Active till ticket distribution,Neutral Stance,Not with JS,Call Connected,With JS,Willing to Work in Sangathan at Assembly Level,,His feedback is there was communication gap btw sangathan and candidate which resulted to unexpected result .,,,,,,,,,,,,,,,,,,,,,,,,,,,,,,,,
Bhagalpur,156-Bhagalpur,Nisha Bharti,,,8789948389.0,8789948389.0,"Nisha Bharti | Female | 40 | EBC | Teli | Buisnesswoman

-Owner Of Geeta Enterprises(Wholesaler & distributor Of Plumbing and Sanitary Ware Products
-Founder Of  Bharti Foundation
-Social Worker",Active till ticket distribution, Contested as an Candidate from other Party,Not with JS,Call Connected,Not with JS,,,"Her feedback is that State leadership distributed ticket on basis of popularity , not to the leaders who were working on the ground. She won't want to Join or work as JSP leader.",,,,,,,,,,,,,,,,,,,,,,,,,,,,,,,,
Bhagalpur,157-Sultanganj,Prince Kumar Mishra,,,9801199816.0,9801199816.0,"""Prince Kumar Mishra | Male | 47 | General | Brahmin | PACS Contestant

-Former PACS Contestant(2024), Got 173 Votes
-Former BJP Youth Wing (2007 To 2010)
-Former BJP Zila Karyasamiti Sadasya(2010 To 2014)
-Former BJP Prakhand Mahamantri(2014 To 2017)
-LIC Agent""
-",Active till ticket distribution,Neutral Stance,Not with JS,Not Received ,,,,,,,,,,,,,,,,,,,,,,,,,,,,,,,,,,,,
Bhagalpur,157-Sultanganj,Rakesh Kumar,50.0,,9973755479.0,9973755479.0,"Rakesh Kumar | Male | 50 | OBC | Yadav | Former INC Member

-Former Indian National Trade Union Congress ,Bihar President(2020 to 2024)
-Former Congress Member (2000 to 2024)
-Father( Late Ram Baran Yadav) was the ZP(2001 to 2005)
-Father  was the Mukhiya(1968 to 1998)
-His Elder Brother (Rajesh Yadav) was 4th Term Mukhiya  (2001- 2021
-Belongs to Prominent family ( his granfather shri ChunChun Yadav was Former MP from Bhagalpur)
-His Father In Law Arun Kumar Yadav was Former RJD MLA from Saharsa ",Candidate,Active for JS,With JS,Call Connected,With JS,Willing to Work in Sangathan at Assembly Level,PK meeting is sheduled,,,,,,,,,,,,,,,,,,,,,,,,,,,,,,,,,
Bhagalpur,157-Sultanganj,Anil Kumar Mandal,,,9431872971.0,9431872971.0,"Anil Kumar Mandal | Male | 55 | EBC | Dhanuk | Incumbent Mukhiya

-Incumbent Mukhiya, 2021 To till Date
-Former Defacto Mukhiya 2006 to 2016
-Former Panchayat Samiti Sadasya, 2016 To 2021
Former JDU Zila Adhyaksh EBC Cell
-Former Yuva JDU Spokesperson
-Former RJD Member
-Former CPI Member , 1985 To 1990",Active till ticket distribution,Neutral Stance,With JS,Call Connected,With JS,Willing to Work in Sangathan at Assembly Level,,"His feedback is that the party gave the ticket to someone who joined just a few days ago, instead of giving it to someone who had worked hard for three years, which has caused the entire Sangathan to become inactive.",,,,,,,,,,,,,,,,,,,,,,,,,,,,,,,,
Bhagalpur,157-Sultanganj,Bipin Kumar Singh,,,8757543601.0,8757543601.0,"Bipin Kumar Singh | Male | 59 | OBC | Kurmi | ASA Party State Vice President

-Former ASA Party State Vice President, 2024 To 2025
-Former BJP Abhiyan Samiti Sanyojak, 2023 To 2024
-Former JDU Pradesh Mahasachiv, 2013 To 2015
-Former JDU Pradesh Pradesh Sachiv, 2010 To 2013
-Former Samta Party Membr 1994 To 2003
-Former Janta Dal Member, 1989 To 1994 
-Runs a Private School",Active till ticket distribution, Contested as an Candidate from other Party,Not with JS,Call Connected,With JS,Willing to Contest PRI election and also ready to work in sangathan,,"His feedback is that he resigned from the party and contested the election as an independent candidate, but he is still inspired by the ideology of Jan Suraj and will work to strengthen the Sangathan further. However, he believe that from now onwards party should give importance to its workers. 

Preetam Singh ki baat mante hai.",,,,,,,,,,,,,,,,,,,,,,,,,,,,,,,,
Bhagalpur,157-Sultanganj,Mamta Sharma,,,7667698983.0,7667698983.0,"Mamta Sharma | Female | 52 | General | Bhumihar | Incumbent Panchayat Samiti

-Incumbent Panchayat Samiti , 2021 To Till Date
- Former Congress Mahila Cell, Zila Sachiv, 2010 To 2013
-Former Congress Member, 2010 To 2024
-Jan Suraaj Anumandal, Mahila Morcha Adhyaksh
-Social Worker",Active till ticket distribution,Active for JS,With JS,Call Connected,With JS,Willing to Contest PRI election and also ready to work in sangathan,,Her Genral feeedback is She will be active in Politics with JSP and will help in Sangathan  vistar.,,,,,,,,,,,,,,,,,,,,,,,,,,,,,,,,
Bhagalpur,157-Sultanganj,Manish Kumar,,,9110078410.0,9110078410.0,"Manish Kumar | Male | 45 | General | Rajput | Businessman

-Runs a Readymade Garments Shop
-Contractor",Active till ticket distribution,Active for JS,With JS,Call Connected,With JS,Willing to Work in Sangathan at Assembly Level,Willing to meet PK,"His Feedback is that there should be greater participation from young people, which will strengthen the party's base and lead to the formation of committees down to the booth level. ",,,,,,,,,,,,,,,,,,,,,,,,,,,,,,,,
Bhagalpur,158-Nathnagar,Sikander Paswan,,,8340433360.0,8340433360.0,"Sikander Paswan | Male | 62 | SC | Paswan | Retired Govt Employee

-Lawyer at Session Court
-Retired Govt Employee
-Jan Suraaj Prakhand Prabhari & State Working Committee Member",Active till ticket distribution,Active for JS,With JS,Call Connected,With JS,Willing to Work in Sangathan at Assembly Level,,Will work as Sangathan member in Party to strengthen the organization .,,,,,,,,,,,,,,,,,,,,,,,,,,,,,,,,
Bhagalpur,158-Nathnagar,Pintu Kumar Gupta,,,8862948535.0,8862948535.0,"Pintu Kumar Gupta | 31 | Male | OBC | Kanu | Teacher

-Runs  a Coaching Centre
- Intermediate.",Active till ticket distribution,Active for JS,With JS,Call Connected,With JS,Willing to Work in Sangathan at Assembly Level,,His will work in sangathan and his feedback is that sangathan should be made on basis of performance in AE 2025.,,,,,,,,,,,,,,,,,,,,,,,,,,,,,,,,
Bhagalpur,158-Nathnagar,Md Sabir,,,7903248678.0,7903248678.0,"Md Sabir | Male | 41 | Minority | Sheikh | Former Panchayat Samiti Contestant

-Former Panchayat Samiti Contestant(2011), Got 489 Votes
-Former RJD District Yuva Secretary(2015 To 2022)
-Former JDU Member(2010 To 2011)
-Jan Suraaj District Vice President
-",Active till ticket distribution,Active for JS,With JS,Call Connected,With JS,Willing To Contest Panchayati Raaj ,,His feedback is Sangathan wasen't active during AE. After Candidature announcment Sangathan and Candidate were clue less.,,,,,,,,,,,,,,,,,,,,,,,,,,,,,,,,
Bhagalpur,158-Nathnagar,Abhishek Kumar,,,7319640958.0,7319640958.0,"Abhishek Kumar | Male | 29 | EBC | Gangota | Incumbent Mukhiya

-Incumbent Mukhiya(2021 To Till Date)
-Jan Suraaj Zila Yuva Adhyaksh
-Runs a Private School
-Received Bihar Gaurav Samman by Central Govt for Best Mukhiya",Active till ticket distribution,Helped Other Party,Not with JS,Not Received ,,,,,,,,,,,,,,,,,,,,,,,,,,,,,,,,,,,,
Bhagalpur,158-Nathnagar,Shanij Kumar,,,9430981223.0,9430981223.0,"Shanij Kumar | Male | 35 | EBC | Gangota | Teacher

-Teacher
-Provide free Education to Marginalized class and poor Student
-Jan Suraaj Zila Sachiv
-Father Manikant Mitra was Zila Parishad
-Grand Father Prayag Narayan Sharma was Freedom Fighter and 2 Terms Mukhiya",Active till ticket distribution, Contested as an Candidate from other Party,Not with JS,Not Received ,,,,,,,,,,,,,,,,,,,,,,,,,,,,,,,,,,,,
Bhagalpur,158-Nathnagar,Md Intesar Alam,,,9934738163.0,9934738163.0,"Md Intesar Alam | Male | 53 | Minority | Sheikh | Defacto Mukhiya

-Incumbent Defacto Mukhiya(2021 To Till Date)
-Former Defacto Mukhiya Contestant(2016), 802 Votes
-Elder Brother Md Afsar Alam was ZP Contestant(2001 & 2006)
-Former RJD Member(1998 to 2022)
-Jan Suraaj Zila Upadhyaksh
-Contractor(Civil)",Active till ticket distribution,Helped Other Party,Not with JS,Call Connected,With JS,Willing To Contest Panchayati Raaj ,,His feedback is the leaders who worked on ground were ignored by Sangathan during ticket distribution. Given vote to JSP.,,,,,,,,,,,,,,,,,,,,,,,,,,,,,,,,
Bhagalpur,158-Nathnagar,Aniket Yadav,,,9939875791.0,9939875791.0,"Aniket Yadav | Male | 33 | OBC | Yadav | ZP Contestant

-Former ZP Contestant, Sabour 2021 , Got 4663 Votes
-Former RJD Zila Upadhyaksh, 2019 To 2025
-Owns a Hotel 
-Real Estate Business",Not Active,Helped Other Party,Not with JS,Call Connected,Not with JS,,,His feedback is Sangathan members didn't chose right candidate for candidature and youth wont fully got connected with party vision in AC. ,,,,,,,,,,,,,,,,,,,,,,,,,,,,,,,,
Banka,159-Amarpur,Chandra Kant Thakur,,,7011359439.0,7011359439.0,"Chandrakant Thakur | Male | 38 | Brahmin | Private Job

-Defacto Mukhiya(Mother) Contest 2021 & 2004 
- Private Job(Sales Representative)
-Intermediate",Active till ticket distribution,Active for JS,With JS,Call Connected,With JS,Willing to Work in Sangathan at Assembly Level,,His feedback is sangathan involment wasen't there during election and candidate selection was not appropriate.,,,,,,,,,,,,,,,,,,,,,,,,,,,,,,,,
Banka,159-Amarpur,Sujata Vaidya,54.0,,9934227760.0,7979899069.0,"Sujata Vaidya | Female | 54 | OBC | Kushwaha | Incumbent ZP Member

-Incumbent ZP Member(2021 to Till Date)
-Former Up Pramukh(2016 to 2021)
-Former Panchayat Samiti (2016 to 2021)
-Former Mukhiya(2006 to 2021)
-Former JDU Pradesh Mahil Mahasachiv(2022 to 2023)
-Former JDU District Female President(2019 to 2022)
-Former JDU Member(2008 to 2023)
-Jan Suraaj Karaywahan samiti Zila Adhyaksh",Candidate,Active for JS,With JS,Call Connected,With JS,Willing to Contest PRI election and also ready to work in sangathan,  ,,,,,,,,,,,,,,,,,,,,,,,,,,,,,,,,,
Banka,159-Amarpur,Pankaj Kumar Das,,,9955299279.0,9955299279.0,"Pankaj Kumar Das | Male | 48 | OBC | Bania | Incumbent Ward Councilor

-Incumbent Ward Councilor, 2022 to Till Date
-Former Defacto Ward Councilor, 2012 to 2022
-Former Defacto Nagar Panchayat Chairman, 2007 To 2012
-Former JDU MP Representative, 2020 To 2024
-Former JDU Media Cell District Coordinator, 2016 To 2020
-Former JDU District Secreatry, 2009 To 2012
-Jan Suraaj State Working Committee Member
-Businessman(Bike Showroom )",Active till ticket distribution,Active for JS,With JS,Call Connected,With JS,Willing to Contest PRI election and also ready to work in sangathan,,will work in sangathan & his feedback is that party didn't  chosse correct leader for candidature.,,,,,,,,,,,,,,,,,,,,,,,,,,,,,,,,
East Champaran,16-Kalyanpur,Lal Dhari Prasad ,,,9955964464.0,9955964464.0,"Lal Dhari Prasad  | Male | 48 | EBC | Nonia | RJD EBC Cell Upadhyaksh

-Former RJD EBC Cell Upadhyaksh(2013 to 2023)
-Advocate at Session Court
-Jasn Suraaj Zila Nagar Upadhyaksh",Not Active,,,Call Connected,Not with JS,,,,,Call not connected,,,,,,,,,,,,,,,,,,,,,,,,,,,,,,
East Champaran,16-Kalyanpur,Anil Kumar Kushwaha,,,8809511181.0,7209369701.0,"Anil Kumar Kushwaha | Male | 54 | OBC | Kushwaha | JDU Zila Sachiv

-Former JDU Zila Sanghatan Sachiv, 2019 To 2022
-Former JDU Zila Yuva Sachiv, 2013 To 2018
-Former JDU Zila Yuva Mahasachiv, 2008 to 2012
- Former Samta Party Zila Yuva Mahaschiv, 2000 To 2007
-Former Samta Party Prakhand Mahasachiv, 1995 To 2000
-Former CPI Member 1990 T0 1993 
-Jan Suraaj Zila Sanghatan Adhyaksh
-Advocate at Motihari Court
-Former Bar Council Member Contestant, 2024 Got 594",Active till ticket distribution,Active for JS,With JS,Call Connected,With JS,Willing to Contest PRI election and also ready to work in sangathan,,"He will field candidates for the Mukhiya and Zila Parishad elections, and will take up organizational responsibilities if they are assigned to him from the Party 

",,,,,"Anil Kumar Kushwaha | Male | 54 | OBC | Kushwaha | JDU Zila Sachiv

-Former JDU Zila Sanghatan Sachiv, 2019 To 2022
-Former JDU Zila Yuva Sachiv, 2013 To 2018
-Former JDU Zila Yuva Mahasachiv, 2008 to 2012
- Former Samta Party Zila Yuva Mahaschiv, 2000 To 2007
-Former Samta Party Prakhand Mahasachiv, 1995 To 2000
-Former CPI Member 1990 T0 1993 
-Jan Suraaj Zila Sanghatan Adhyaksh
-Advocate at Motihari Court
-Former Bar Council Member Contestant, 2024 Got 594",,,,,,,,Kalyanpur_33,,,,,,,,,,,,,,,,,,,
East Champaran,16-Kalyanpur,Mantosh Kumar Sahni,39.0,Male,7004540741.0,8651165020.0,"Mantosh Kumar Sahni| Male | 39| EBC | Mallah | JDU Sate General Secretary

BAMS MS
-Owner of Urmila Sewa Hospital
-Jansuraaj State Executive Member
-JDU State General Secratory, EBC Cell( 2022-23)
-JDU District Executive Member
-JDU District President EBC Cell ( 2019-23)
-LJP Block President ( 2006-2008)
-LJP District Youth President ( 2011-14)

",Candidate,,,,,,,,,,,,,,,,,,,,,,,,,,,,,,,,,,,,,,,
East Champaran,16-Kalyanpur,Satyanarayan Yadav,,,9430234543.0,9430234543.0,"Satyanarayan Yadav | Male | 53 | OBC | Yadav | Former Mukhiya

-Former 3 Consecutive Terms Mukhiya(2001 to 2016)
-Former RJD Zila Mahasachiv(2014 to 2017)
-Former RJD Member 2005 to 2020)
-Jan Suraaj State Core Committee Member",Not Active,,,Call Connected,With JS,Willing to Contest PRI election and also ready to work in sangathan,,"He is with the party and will contest the Zila Parishad election in the Panchayat polls. He will take up organizational responsibilities if assigned, but only after meeting Prashant.",,,,,,,,,,,,,,,,,,,,,,,,,,,,,,,,
East Champaran,16-Kalyanpur,Thakur Avinash Suman,,,8294267111.0,9006041500.0,"Thakur Avinash Suman | Male | 42 | General | Bhumihar | Incumbent BDC

-Incumbent 2 Consecutive Terms BDC, 2016 To Till Date
-Former ZP Contestant, 2011, Got 3000 Votes
-Former Youth Congress Block President, 2008 To 2010
-Jan Suraaj Abhiyaan Sanyojak",Active till ticket distribution,Active for JS,With JS,Call Connected,With JS,Willing To Contest Panchayati Raaj ,,"He will contest the Panchayat elections. He has held organizational responsibilities before, and if the party assigns him a bigger responsibility in the future, he will take it up.

",,Call Connected,,Interested,,,,,,,,,Kalyanpur_33,33.0,Yes,,,,,,,,,,,,,,,,,
East Champaran,16-Kalyanpur,Subodh Kumar,,,7323052456,7323052456.0,"Subodh Kumar | Male | 45 | General | Bhumihar | Eneterpreneur

-Prominent Businessman
-CEO at Rootpure Marketing PVT  
-Safe and Secure Online marketing PVT. LTD
-Bihar Joint Secretary Advocate Association  for Social Responsibility(AASRAA International )
-Bihar State Co-ordinator (FIDSI 2023)
-ICAR 2015 Entrepreneurship",Active till ticket distribution, Contested as an Candidate from other Party,Not with JS,Switch Off,,,,,,Swicth off,,,,,,,,,,,,,,,,,,,,,,,,,,,,,,
Banka,160-Dhauraiya (SC),Manoj Kumar Das,,,9110132846.0,9934713084.0,"Manoj Kumar Das | Male | 45 | SC | Ravidas | Incumbent Mukhiya

-Incumbent Mukhiya (2016-Till Date)
-Former JDU Zila Up Adyakash (10 years), SC Cell 
-Jan Suraaj Zila Upadhyaksh",Active till ticket distribution,Active for JS,With JS,Call Connected,With JS,Willing to Contest PRI election and also ready to work in sangathan,,He is in party and willing to contest PRI election .,,,,,,,,,,,,,,,,,,,,,,,,,,,,,,,,
Banka,160-Dhauraiya (SC),Sanjay Kumar Das,,,8825209008.0,8825209008.0,"Sanjay Kumar Das | Male | 42 | SC | Chamar | Imcumbent PACS Member

-Incumbent PACS Member, 2024 To Till Date
-Former Defacto PACS Member, 2016 To 2024
-Former Panch, 2016 To 2021
-Former Defacto Ward Member, 2011 To 2016
-Former BJP Booth President, 2020 To 2024
-Former JDU Member, 2006 to 2020
-Former CPI Memebr , 2000 To 2006
-Owns a Petrol Pump and Transport Business",Active till ticket distribution,Active for JS,With JS,Call Connected,With JS,Willing to Contest PRI election and also ready to work in sangathan,,"His feedback is that the party should not appoint 4–5 ACC candidates, because this caused the party a lot of loss. Those who did not get tickets carried out a lot of negative campaigning. The sangathan should be strengthened from the panchayat level. I will contest the Zila Parishad election this time from the Dhauraiya block. Apart from that, I will work wherever the party organization assigns me",,,,,,,,,,,,,,,,,,,,,,,,,,,,,,,,
Banka,160-Dhauraiya (SC),Suman Paswan,41.0,,9931263739.0,9931263739.0,"Suman Paswan | Male | 41 | SC | Paswan | Incumbent ZP Member

-Incumbent 2 Consecutive Terms Zila Parishad(2016 to Till Date)
-Former 2 term Block Pramukh (2006-2016)
-Former 2 Consecutive Terms BDC(2006 to 2016)
-Former RJD SC/ST Cell District President(2020 to 2024)
-Former  RJD Member(2005 to 2024)",Candidate,Active for JS,With JS,Call Connected,With JS,Willing to Contest PRI election and also ready to work in sangathan,PK meeting is sheduled,,,,,,,,,,,,,,,,,,,,,,,,,,,,,,,,,
Banka,160-Dhauraiya (SC),Moti Das,,,9939723235.0,9939723235.0,"Moti Das | Male | 38 | SC | Ravidas | JDU Zila Sachiv

-Former JDU Zila Sachiv, 2022 To 2024
-Former JDU Block President, 2018 To 2022
-Former LJP Zila Adhyaksh, 2016 To 2018
-Former RJD Block President, 2015 To 2016
-Runs a Private Hospital
-Civil Contractor",Not Active,Helped Other Party,Not with JS,Call Connected,Not with JS,,,"He has joined JDU & Don,t want to continue in JSP anymore.",,,,,,,,,,,,,,,,,,,,,,,,,,,,,,,,
Banka,161-Banka,Ranavir Yadav,,,9939294582.0,9939294582.0,"Ranavir Yadav | Male | 57 | OBC | Yadav | Former Loksabha Contestant

-Former 2 Terms ZP Member(2006 to 2011 & 2016 to 2021)
-Former Loksabha Contesatnt Banka 2004, Samajwadi Party, Gor 26000 Votes
-Former Assembly Election Contestant, Banka Samajwadi Party , 2004 got 15500 Votes
-Former Vidhan Parishad Contestant, 2003 , Banka, Independent, got 500 votes
-Former PACS President,(2001 to 2006)
-Former BJP Panchayti Raj Zila Adhyaksh( 2013 to 2024)
-Former Samajwadi Party Zila Adhyaksh(2003 t0 2013)
-Jan Suraaj Zila Upadhyaksh",Active till ticket distribution,Helped Other Party,Not with JS,Call Connected,With JS,Willing to Contest PRI election and also ready to work in sangathan,,"His feedback is that the party did not give  ticket to  hardworking party worker and did not take the sangathan’s advice. I am in the party, and I am currently preparing for the Zila Parishad election.",,,,,,,,,,,,,,,,,,,,,,,,,,,,,,,,
Banka,161-Banka,Shalabh Kumar,,,9205157586,9205157586,"Shalabh Kumar | Male | 35 | OBC | Yadav | Former INC Social Media VP

-Lawyer at Patna High Court
-Former Congress Social Media Vice President Bihar(2018 to 2024)
-Uncle PACS President(2024 to Till Date)",Active till ticket distribution,Neutral Stance,With JS,Call Connected,With JS,Willing to Work in Sangathan at Dist/State Level,,His feedback is Party should invest more in Youth . And party should raise or take stand for GIG workers of Bihar .,,,,,,,,,,,,,,,,,,,,,,,,,,,,,,,,
Banka,161-Banka,"
Kashi Nath Choudhary",,,9199368888.0,9199368888.0,"Kashi Nath Choudhary| Male | 57 | General | Brahmin | Former Mukhiya

-Jan Suraaj State working committee Member
-Former 2 Term Mukhiya ( 2006-2011 & 2016-2021)
-Mukhiya Runner Up ( 2021, 2011& 2001)
-Former Spokeperson of MP Putul Singh 
-District President of Chanakya Pariwar Banka (2023- Till date)
-Prominent Farmer",Active till ticket distribution,Active for JS,With JS,Call Connected,With JS,Willing to Contest PRI election and also ready to work in sangathan,,His feedback is there was communation gap btw candidate and sangathan . Candidate selection was wrong . From now onward Party should invest in those karykarta who were active during election.,,,,,,,,,,,,,,,,,,,,,,,,,,,,,,,,
Banka,161-Banka,Avinash Yadav,,,9431839668.0,9431839668.0,"Avinash Yadav | Male |  53 | OBC | Yadav | MLA Contestant

-Jan Suraaj District Coordinator
-Former Zila Parisad (2001-2006)
-LJP MLA Contested in 2005 Got 3rd Position
-Former Cogress block Sachiv ( 1995)
-Former LJP District Secretary ( 2004-2006)",Active till ticket distribution,Active for JS,With JS,Not Received ,,,,Most Active ,,,,,,,,,,,,,,,,,,,,,,,,,,,,,,,,
Banka,162-Katoria (ST),Alka Singh,,,7903194827.0,7903194827.0,"Alka Singh | Female | 55 | ST | Kharwar | Social Worker

-Businesswoman(Partner at FLT India Ltd)
-Social Worker(Organised Blood Donation Camp, Encourage Students for Studies and Give them Scholarship)
",Active till ticket distribution,Neutral Stance,Not with JS,Call Connected,With JS,None of the Above ,,Her feedback is sangathan wasen't active . Now she won't be involve in active politics.,,,,,,,,,,,,,,,,,,,,,,,,,,,,,,,,
Banka,162-Katoria (ST),Adhik Lal,,,6204427207.0,6204427207.0,"Adhik Lal | Male | 61 | ST | Santhal | Congress Sachiv

-Former Congress Zila Sachiv, 1993 To 2000
-Banwasi Kalyan Ashram, Zila Sanrakshak
-Jan Suraaj Block Prabhari",Active till ticket distribution, Contested as an Candidate from other Party,Not with JS,Call Connected,Not with JS,,,He contested Indipendent & left JSP .,,,,,,,,,,,,,,,,,,,,,,,,,,,,,,,,
Banka,163-Belhar,Rabish Kumar,,,9973855317.0,9973855317.0,"Rabish Kumar | Male | 41 | OBC | Kurmi | Incumbent  Block Pramukh

-Incumbent Block Pramukh, 2016 To Till Date
-Incumbnet Defacto BDC, 2016 To Till Date
-Incumbnet Zila Sangh Adhyak, 2021 To Till Date 
Former Zila Sangh Upadyaksh, 2016 To 2021
-Jan Suraaj Zila Adhyaksh",Active till ticket distribution,Active for JS,With JS,Call Connected,With JS,Willing to Contest PRI election and also ready to work in sangathan,,He will contest PRI election (Block parmukh) and remain in party . His suggestion is that sangathan should be nade from panchayat level .,,,,,,,,,,,,,,,,,,,,,,,,,,,,,,,,
Banka,163-Belhar,Brajkishor Pandit,71.0,,9065893490.0,9065893490.0,"Brajkishor Pandit | Male | 71 | EBC | Kumhar | Mukhiya Contestant

-Former Mukhiya Contestant, 2016, Got 3rd Position
-Former ASA Party Rashtriya Upadhyaksh, 2024 To 2025
-Former JDU EBC Cell Zila Upadhyaksh, 2005 To 2020
-Jan Suraaj Zila Sanghatan Mahasachiv
-Retired Principal
-Social Worker",Candidate,Active for JS,With JS,Call Connected,With JS,,PK meeting is sheduled,,,,,,,,,,,,,,,,,,,,,,,,,,,,,,,,,
Banka,163-Belhar,Dashrath Thakur,,,9102363321.0,9102363321.0,"Dashrath Thakur | Male | 66 | EBC | Nai | Retired Teacher

-Retired Govt. Teacher
-Agriculture
-Social Worker",Active till ticket distribution,Active for JS,With JS,Call Connected,With JS,Willing to Work in Sangathan at Assembly Level,,He will be in sangathan & work for party at Block level due to health issue .,,,,,,,,,,,,,,,,,,,,,,,,,,,,,,,,
Banka,163-Belhar,Kumar Abhinay Singh,,,6287882676.0,9431316094.0,"Kumar Abhinay Singh | Male | 37 | General | Rajput | PACS Contestant

-Former PACS Contestant, 2024, Runner Up, 2024
-Former Student Union  President , BPUT, Odisha, 2008 To 2009
-Managing Director of DAN Group",Active till ticket distribution,Active for JS,With JS,Call Connected,With JS,Willing to Contest PRI election and also ready to work in sangathan,,Will contest PRI election & his feedback is that greater involvement of youth in the sangathan is needed so that the organization remains energetic and committed.,,,,,,,,,,,,,,,,,,,,,,,,,,,,,,,,
Munger,164-Tarapur,Satyam Aryan,,,8340608748.0,8340608748.0,"Satyam Aryan| Male |  26 | EBC | Nai | Govt Teacher

-Govt School Teacher(BPSC Teacher)
-Social Work(Helps Financially to needy)
-Works on Environment",Active till ticket distribution,Active for JS,With JS,Call Connected,With JS,Willing to Work in Sangathan at Assembly Level,,"His feedback is Party should work on Block level & Panchayat level sangathan via D2D . Youth Club concept should be sttoped , & they should be involved as part of sangathan. He can't participate openly in sangathan because he's a gov. employee.",,,,,,,,,,,,,,,,,,,,,,,,,,,,,,,,
Munger,164-Tarapur,Kabita Kumari,,,6204807232.0,6204807232.0,"Kabita Kumari | Female | 48 | OBC | Kushwaha | Incumbent Sarpanch

-Incumbent 3 Terms Sarpanch , 2008, 2016 & 2021
-Jan Suraaj Zila Mahila Adhyaksh
-Jan Suraaj Zila Mahila Sanyojak
-Social Worker",Active till ticket distribution,Helped Other Party,Not with JS,Not Received ,,,,,,,,,,,,,,,,,,,,,,,,,,,,,,,,,,,,
Munger,164-Tarapur,Bir Kunwar,,,9955470070.0,8862905109.0,"Bir Kumar | Male | 47 | General | Rajput | Mukhiya
- Incumbent Mukhiya 2016 To till Date
-Former BJYM Block President (2019 to 2022)
 - BJP Yuva Morcha District President from 2016 to 2018 
-ABVP Sanghatan Mahasachiv  of Bhagalpur University(2000 to 2005).
-Former ABVP Member(1995 to 1998)
- Land Dealer and Contractor",Active till ticket distribution,Helped Other Party,Not with JS,Call Connected,With JS,Willing to Contest PRI election and also ready to work in sangathan,,"His feedback is that the Sangathan was not active during the election campaign. Neither the district president nor the youth wing and they both went for Samrat Chaudhary’s nomination. The party should build the sangathan very thoughtfully and with careful planning. I will contest the Mukhiya  in this PRI elections, and if the seat gets reserved, then I will contest the Zila Parishad election",,,,,,,,,,,,,,,,,,,,,,,,,,,,,,,,
Munger,164-Tarapur,Sukhdev Yadav,,,7301272733.0,9931653034.0,"Sukhdev Yadav | Male | 79 | OBC | Yadav | Loksabha Contestant

-Former Loksabha Contestant(1984), SUCI Party, Munger
-Former MLA Contestant, Haveli Kharagpur , in 1985
-Foremr MLA Contestant Haveli Kharagpur, in 1980 , SUCI Party
-Foremr SUCI Pradesh Mahasachiv(1980 to 1985)
-Former SP Sachiv(1985 to 1988)",Active till ticket distribution, Contested as an Candidate from other Party,Not with JS,Call Connected,Not with JS,,,He contested Independently and left the Party.,,,,,,,,,,,,,,,,,,,,,,,,,,,,,,,,
Munger,164-Tarapur,Niranjan Mandal Alias Niranjan Nishad,,,9931923801.0,9931923801.0,"Niranjan Mandal | Male | 52 | EBC | Bind | Incumbent Mukhiya

-Incumbent Mukhiya(2021 To Till Date)
-Former2 Terms Panchayat Samiti Sadasya(2006 To 2016)
-Former JDU State EBC Cell Mahasachiv(2016 To 2022)
-Former JDU EBC Cell Zila Adhyaksh(2011 To 2016)
-Former JDU Pradesh Sachiv(2008 To 2011)
-Former JDU Zila Upadhyaksh(2003 2008)",Active till ticket distribution,Helped Other Party,Not with JS,Call Connected,Not with JS,Willing To Contest Panchayati Raaj ,,He will contest Mukhiya / ZP election without remaining in Party & Joined BJP.,,,,,,,,,,,,,,,,,,,,,,,,,,,,,,,,
Munger,164-Tarapur,Pranav Kumar,,,9304845389.0,9304845389.0,"Pranav Kumar | Male | 48 | EBC | Barai | MLA Contestant

-Former MLA Contestant, 2010, JMM, Jamalpur Constituency, got 9262 Votes
-Former LJP Pradesh Upadhyaksh, 2021 To 2024
-Former JMM Pradesh Adhyaksh, 2010 To 2022
-Jan Suraaj Block Prabhari
-Director Of Max Public School",Not Active,Neutral Stance,Not with JS,Call Connected,Not with JS,,,"He had already left the party on 1 May 2025 & Don,t want to continue in JSP anymore.",,,,,,,,,,,,,,,,,,,,,,,,,,,,,,,,
Munger,164-Tarapur,Dr Santosh Kumar Singh,48.0,,9709703663.0,9709703663.0,"Dr Santosh Kumar Singh | Male | 48 | General | Rajput | Doctor

-Former BJP Medical Wing Chetria Prabhari, 2023 To 2024
-Director Of Sri sai Child Care Hospital
-Jan Suraaj State Working Committee Member
-Social Worker(Provide Free Health Care Services To Poors)",Candidate,Active for JS,With JS,Call Connected,With JS,,PK meeting is sheduled,,,,,,,,,,,,,,,,,,,,,,,,,,,,,,,,,
Munger,165-Munger,Md Shahab Malik,,,9709965906.0,9709965906.0,"Md Shahab Malik | Male | 62 | Minority | Malik | ZP Contestant

-Former ZP Contestant(2007) , Got 7500 Votes
-Former RJD Zila Adhyaksh(2017 to 2023)
-Former RJD Member(1997 to 2023)
-Former Congress  Block President(1984 to 1996)
-Incumbent ITC TM Workers Union Mahamantri
-Jan Suraaj State Working Committee Member",Active till ticket distribution,Active for JS,With JS,Call Connected,With JS,Willing to Contest PRI election and also ready to work in sangathan,,"His feedback is that the party should appoint a District President who is recognized in every community of the district and has good political understanding. I am in the party, and in the sangathan I will fulfill whatever responsibility I am given. This time, I will contest the Zila Parishad election",,,,,,,,,,,,,,,,,,,,,,,,,,,,,,,,
Munger,165-Munger,Kunwar Chandresh,,,9311577904.0,9311577904.0,"Kunwar Chandresh | Male | 43 | General | Kayastha | Advocate

-Former Indian Engineering Services Officer
-Former BIT Sindri Student Union Chairman(2001 to 2002)
-Advocate 
-Give legal Advice to Poors free of Cost",Active till ticket distribution,Active for JS,With JS,Call Connected,With JS,,,PK meeting and Post in State ,,,,,,,,,,,,,,,,,,,,,,,,,,,,,,,,
Munger,165-Munger,Bablu Kumar urf Saptrishi  Prasad,,,6201060688.0,6201060688.0,"Saptrishi  Prasad | Male | 46 | EBC | Teli | Rashtrvadi Janta Party Pradesh Upadhyaksh

-Former Rashtravadi Janta Party Pradesh Upadhyaksh(2020 To 2024)
-Businessman",Active till ticket distribution,Neutral Stance,With JS,Not Received ,,,,,,,,,,,,,,,,,,,,,,,,,,,,,,,,,,,,
Munger,165-Munger,Sanjay Kumar Singh,52.0,,9934843062.0,9934843062.0,"Sanjay Kumar Singh | Male | 52 | EBC | Dhanuk | Incumbent ZP Member

-Incumbent 3 Terms ZP member, 2011 to Till Date
-Former ZP Upadhyaksh, 2011 To 2016
-Former MLC Contestant, Independent, Munger , got 292 Votes",Candidate,Helped Other Party,Not with JS,Call Connected,Not with JS,,,,,,,,,,,,,,,,,,,,,,,,,,,,,,,,,,,
Munger,165-Munger,Preetam Singh,,,9820041984.0,9820041984.0,"Preetam Singh | Male | 57 | EBC | Dhanuk | MLA Contestant 

Former MLA Contestant, Munger, Congress, 2010, Got 12000 Votes
-Former ASA Party State president, 2024 To 2025
-Former BJP State Working Committee Member , 2022 To 2024
-Former JDU EBC Cell Pradesh Upadhyaksh, 2014 To 2022
- Bollywood Producer and Director
-",Active till ticket distribution,Active for JS,With JS,Not Received ,,,,,,,,,,,,,,,,,,,,,,,,,,,,,,,,,,,,
Munger,166-Jamalpur,Amreshwar Kumar,,,7903461079.0,7903461079.0,"Amreshwar Kumar|43|Male|EBC|Barhai| Former Loksabha Candidate 

-Advocates Association President (2024-Till date)
-Former Congress Block President (2016-2023)
-Secretary at Surya Mandir Trust
-Aadarsh Chourasia Mahasabha Pradesh Sanghatan Mantri (2024 to till Date)
-Jan Suraaj Zila Sachiv(2024 to Till Date)
-Independent Lok Sabha candidate from Banka (2009)(Vote-1686)
-Contested Independent FromTarapurVidhan Sabha (2015)(Vote -1145) ",Active till ticket distribution,Active for JS,With JS,Call Connected,With JS,Willing to Work in Sangathan at Assembly Level,,,,,,,,,,,,,,,,,,,,,,,,,,,,,,,,,,
Munger,166-Jamalpur,Anjali Kumari,,,9102413856.0,"9102413856
7033785703","Anjali Kumari | Female | 27 | SC | Dusadh | Deputy Chairman 

-Incumbent Vice Chairmain from Jamalpur Nagar Parishad
-Jan Suraaj Munger Anumandal Mahila Vice President
-Dairy Farming ",Active till ticket distribution,Neutral Stance,With JS,Not Received ,,,,,,,,,,,,,,,,,,,,,,,,,,,,,,,,,,,,
Munger,166-Jamalpur,Desh Raj Nirmal,,,8420605247.0,6203777580.0,"Desh Raj Nirmal | Male | 61 | OBC | Yadav | Retired Railway Employee

-Retired Railway Employee
-Jan Suraaj Prakhand Upadhyaksh
-",Not Active,Neutral Stance,Not with JS,Call Connected,With JS,Willing to Work in Sangathan at Assembly Level,,He will work for sangathan at anumandal level .,,,,,,,,,,,,,,,,,,,,,,,,,,,,,,,,
Munger,166-Jamalpur,Rajiv Nayan,,,7004627722.0,9431613477.0,"Rajiv Nayan | Male | 56 | General  | Bhumihar | Ward Councilor Contestant

-Former Ward Councilor Contestant(2000), Got 355 Votes
-Former Samta Party Pradesh Yuva Upadhyaksh(2016 To 2020)
-Former Samta Party Pradesh Yuva Mahasachiv(2012 To 2016)
-Lecturer at SBN College",Active till ticket distribution,Active for JS,With JS,Not Received ,,,,,,,,,,,,,,,,,,,,,,,,,,,,,,,,,,,,
Munger,166-Jamalpur,Ritu Raj Basant,,,8446587008.0,8446587008.0,"Ritu Raj Basant | Male | 35 | General | Bhumihar | Defacto Mukhiya Contestant


-Buisnessman(Construction Material)
-Runs a Kids School
-Jan Suraaj Sanghathan Zila Yuva Adhyaksh",Active till ticket distribution,Active for JS,With JS,Call Connected,With JS,Willing to Contest PRI election and also ready to work in sangathan,,"His feedback is that because of the wrong ticket, the JSP vote shifted to Shiv Deep Lande ji. The candidate did not work seriously and with gravity in the Vidhan Sabha. And in the organization, responsibilities should be given to hardworking people. In sangathan there is forward backward enviourment which party should intervein.",,,,,,,,,,,,,,,,,,,,,,,,,,,,,,,,
Munger,166-Jamalpur,Lalan Jee,68.0,,9801039017.0,9801039017.0,"Lalan Jee | Male | 68 | OBC | Yadav | JDU Sanghathan Prabhari

-Former JDU Sanghatan Prabhari(2019 to 2020)
-Retired IAS
-Jan Suraaj Pradesh Upadhyaksh
-Jan Suraaj Samvidhan Sabha Member
-Social Worker",Candidate,Active for JS,With JS,Call Connected,With JS,,PK meeting is sheduled,,,,,,,,,,,,,,,,,,,,,,,,,,,,,,,,,
Munger,166-Jamalpur,Md Mokim,,,9934929026.0,8789494957.0,"Md Mokim | Male |55 | Minority | Sheikh | MLA Contestant

-Former MLA Contestant, 2020, NCP, Munger, Got 880 Votes
-Former NCP Member, 2020 To 2025
-Former BJP Minority Cell, Zila Adhyaksh, 2005 To 2020
-Former RJD Minority Cell Sachiv, 1997 to 2000
-Businessman(Royal Bakery)",Active till ticket distribution,Active for JS,With JS,Call Connected,With JS,Willing to Work in Sangathan at Dist/State Level,,"His feedback is that the sangathan did not collectively choose the right candidate, which resulted in fewer votes for JSP in Jamalpur. I am with the party, and wherever the party assigns me responsibility, I will work there. For the community, there should be greater participation of political people in JSP’s sangathan. The district executive should be selected from people who actually work on the ground.",,,,,,,,,,,,,,,,,,,,,,,,,,,,,,,,
Munger,166-Jamalpur,Veer Vikram Singh Tomar,,,9431292890.0,9431292890.0,"Veer Vikram Singh Tomar | Male | 42 | General | Rajput | Former RJD Pradesh Yuva Mahasachiv

-Former Pradesh Yuva Mahasachiv RJD (2021- Present)
-Former Bihar Pradesh Adhyaksh Narendra Modi Vichar Manch (2016-2020)
-Former BJP Zila Yuva Adhyaksh BJP 2010 to 2016
-Pradesh Karya Samiti Sadasya ABVP 2005
-ABVP Zila Pramukh 2003 To 2005
-Owns 3 Market Complex in Jamalpur & Munger
-Contractor by Profession",Active till ticket distribution,Neutral Stance,Not with JS,Call Connected,Not with JS,,,"left the party & Don,t want to continue in JSP anymore.",,,,,,,,,,,,,,,,,,,,,,,,,,,,,,,,
Lakhisarai,167-Suryagarha,Shivdani Sharma,,,9572568549.0,9572568549.0,"Shivdani Sharma | Male | 67 | EBC | Thakur | Panchayat Samiti Contestant

-Former Mukhiya Contestent (2006)
-Former Panchayat samiti runnerup Candidate(2021)
-Former BJP Zil Adhaksh(2010 to 2014)
-Jan Suraaj Prakhand Prabhari
-Grameen Chikitsak",Active till ticket distribution,Helped Other Party,With JS,Call Connected,With JS,Willing to Work in Sangathan at Dist/State Level,,His feedback is that there was communation gap btw sangathan & candidate which resulted poor performance of party in AC .,,,,,,,,,,,,,,,,,,,,,,,,,,,,,,,,
Lakhisarai,167-Suryagarha,Shrawan Kumar,,,8762968575.0,8147516300.0,"Shrawan Kumar | 34 | Male | OBC | Yadav | Journalist


-Journalist at Antarkatha  News Channel
-Farmer",Active till ticket distribution,Neutral Stance,With JS,Switch Off,,,,Incoming Not avaliable,,,,,,,,,,,,,,,,,,,,,,,,,,,,,,,,
Lakhisarai,167-Suryagarha,Shravan Kumar Anand,,,9430088212.0,9430088212.0,"Shravan Kumar Anand | Male | 55 | EBC | Teli | Loksabha Candidate

- Former Assembly Election Contestant ,Suryagarha Independent , received 4765 votes in 2015 
- Former Loksabha Independent Candidate, Munger Lok Sabha in 2014, vote 8112",Active till ticket distribution, Contested as an Candidate from other Party,Not with JS,Call Connected,Not with JS,,,"Indepently contested and left Party & Don,t want to continue in JSP anymore.",,,,,,,,,,,,,,,,,,,,,,,,,,,,,,,,
Lakhisarai,167-Suryagarha,Munna Kumar,,,9709436371.0,8210330422.0,"Munna Kumar | Male | 39 | EBC | Kanu | Panchayat Samiti Contestant

-Former Panchayat Samiti Contestant(2006), Got 418 Votes
-Jan Suraaj Zila Sachiv & State working Committee
-Computer accessories Business
-Munger Chamber Of Commerce Adhyaksh
-Pradesh Mahasachiv Kalyan Mahasangh, Bihar
-Pradesh Upadhyaksh Kanu Vikas Sangh, Bihar",Active till ticket distribution,Neutral Stance,With JS,Call Connected,With JS,Willing to Work in Sangathan at Dist/State Level,,His feedback is that ticket selection was wrong & sangathan suggestion wasen't taken by State leader ship. He will work in party as part of sangathan & also want to contest Nagar Parishad chairman election 2027.,,,,,,,,,,,,,,,,,,,,,,,,,,,,,,,,
Lakhisarai,167-Suryagarha,Amit Sagar,47.0,,9006452900.0,9006452900.0,"Amit Sagar | Male | 47 | OBC | Kurmi | Incumbent ZP

-Incumbent ZP, 2021 To Till date and 2011 To 2016
-Former ZP Contestant(2016)
-Former BJP Zila Upadhyaksh(2013 To 2022)
-Jan Suraaj Zila Adhyaksh
-Owns a Petrol Pump
-Fish Farming",Candidate,Active for JS,With JS,Call Connected,With JS,,PK meeting is sheduled,,,,,,,,,,,,,,,,,,,,,,,,,,,,,,,,,
Lakhisarai,167-Suryagarha,Mahesh Yadav,,,8084956152.0,8084956152.0,"Mahesh Yadav | Male | 54 | OBC | Yadav | Former Panchayat Samiti

-Former Panchayat samiti (2001 To 2006)
-Former Block Pramukh(2001 To 2006)
-Jan Suraaj Zila Mahasachiv",Active till ticket distribution,Neutral Stance,With JS,Call Connected,With JS,Willing to Contest PRI election and also ready to work in sangathan,,"His feedback is that the party should have announced the candidate three months earlier so that the candidate and the sangathan would have had time to do damage control. As far as I am concerned, I am with the party and I will fulfill whatever responsibility is given to me. This time, I will also contest the Zila Parishad election",,,,,,,,,,,,,,,,,,,,,,,,,,,,,,,,
Lakhisarai,167-Suryagarha,Kasturi Ranjan,,,7979751911.0,9572465800.0,"Kasturi Ranjan | Male | 34 | OBC | Yadav | Incumbent PACS President

-Incumbent PACS President(2019 To Till Date)
-Former Defacto Mukhiya(2006 To 2016)
-Former Defacto Block Pramukh(2016 To 2019)
-Businessman",Active till ticket distribution,Active for JS,With JS,Not Received ,,,,,,,,,,,,,,,,,,,,,,,,,,,,,,,,,,,,
Lakhisarai,168-Lakhisarai,Suresh Prasad,,,9835899906.0,9835899906.0,"Suresh Prasad | 64 | Male | OBC |Bania | Businessman

-
-President National Chairman OF Commerce 
-Businessman(Indian Gas Agency)
-Jan Suraaj State Committee Member",Active till ticket distribution,Helped Other Party,Not with JS,Call Connected,Not with JS,,,He left the JSP party and not intrested .,,,,,,,,,,,,,,,,,,,,,,,,,,,,,,,,
Lakhisarai,168-Lakhisarai,Anurag Kumar,,,7011729493.0,7011729493.0,"Anurag Kumar | Male | 38 | SC | Dusadh | Businessman

-Director Of Galaxy Imaging
-B. Tech Mechanical
-Social Worker",Not Active,Neutral Stance,Not with JS,Call Connected,Not with JS,,,"Not intrested in Politics anymore & Don,t want to continue in JSP anymore.",,,,,,,,,,,,,,,,,,,,,,,,,,,,,,,,
Lakhisarai,168-Lakhisarai,Dr Dhirendra Prasad Singh,,,9204521927.0,9204521927.0,"Dr Dhirendra Prasad Singh | Male | 70 | General | Rajput | Doctor

-Foremr Defacto ZP Contesatnt, 2006
-Father Late Yaduvansh Singh was MLA , RJD, 1995 To 2000
-Retired Medical Offficer, Bihar Govt.
-Runs a Private Clinic
-MBBS & MS
-Doctor",Active till ticket distribution,Neutral Stance,With JS,Call Connected,With JS,Willing to Work in Sangathan at Dist/State Level,,He will work for sangathan and take responsiblity to make sangathan from Panchayat to zila .,,,,,,,,,,,,,,,,,,,,,,,,,,,,,,,,
Lakhisarai,168-Lakhisarai,Sanjay Kumar,,,7004982857.0,7004982857.0,"Sanjay Kumar | Male | 33 | EBC | Dhanuk | JDU Yuva Pravakta

-Former ASA Party EBC Cell Zila Adhyaksh, 2024 To 2025
-Former JDU Youth Spokesperson, 2015 To 2020
-Social Worker
-Digital Marketing & Motivational Speaker",Active till ticket distribution,Active for JS,With JS,Call Connected,With JS,Willing to Work in Sangathan at Dist/State Level,,His feedback is sangathan should involve political leadership . He will contest Nagar parishad chairman election 2027. ,,,,,,,,,,,,,,,,,,,,,,,,,,,,,,,,
Lakhisarai,168-Lakhisarai,Suraj Kumar,27.0,Male,7522044909.0,7522044909.0,"Suraj Kumar | Male | 27 | General |  Bhumihar | Teacher

-Founder & Director Of Malviya Academy(UGC Net)
-Has a Youtube Channel for UGC Net Preparation with More than 7 Lakh Subscriber
-Social Worker",Candidate,Active for JS,With JS,Call Connected,With JS,,PK meeting is sheduled,,,,,,,,,,,,,,,,,,,,,,,,,,,,,,,,,
Lakhisarai,168-Lakhisarai,Anil Kumar Satyarthi,,,7903010675.0,7903010675.0,"Anil Kumar Satyarthi | Male | 44 | EBC | Teli | HAM EBC Karyakari Pradesh Adhyaksh

-Former HAM PartyKaryakari Pradesh Adhyaksh, 2023 To 2024
-Runs a Ultrasound Centre At Lakhisarai & Jamui
-Social Worker",Active till ticket distribution,Neutral Stance,With JS,Call Connected,With JS,Willing to Work in Sangathan at Assembly Level,,His feedback is party didn't selected right person for candidature . He will work for sangathan what ever responsiblity party decides.,,,,,,,,,,,,,,,,,,,,,,,,,,,,,,,,
Sheikhpura,169-Sheikhpura,Sunil Kumar,,,6299879456.0,9931492755.0,"Sunil Kumar | Male | 52 |  EBC | Teli | Incumbent Ward Councilor

-Incumbent Ward Councilor, 2022 To Till Date
-Former 4 Terms Ward Councilor Contestant, 2002, 2007, 2012 & 2017 
-Jan Suraaj Zila Sachiv
-Former RJD District Spokesperson, 2020 To 2022
-Member of Indian Red Cross Society
- Social Worker",Active till ticket distribution, Contested as an Candidate from other Party,Not with JS,Call Connected,With JS,Willing to Work in Sangathan at Dist/State Level,,Contested Independent but want to work for sangathan . Willing to meet PK,,,,,,,,,,,,,,,,,,,,,,,,,,,,,,,,
Sheikhpura,169-Sheikhpura,Md Kaim,,,6207199235.0,6207199235.0,"Md Kaim | Male | 25 | Minority | Rain | Businessman

-Fruit and Vegetable Seller
-Social Worker",Active till ticket distribution,Active for JS,With JS,Call Connected,With JS,Willing to Work in Sangathan at Assembly Level,,He will work in sangathan at anumandal level and will fulfill what ever responsiblity is given by party.,,,,,,,,,,,,,,,,,,,,,,,,,,,,,,,,
Sheikhpura,169-Sheikhpura,Abdul Hayee,,,7019700514.0,7019700514.0,"Abdul Hayee | Male | 32 | Minority | Mallick | Businessman

-Buisnessman(Motor Parts Shop)
-B.tech Mechanical
-Social Worker
-PK Youth Group Coordinator",Active till ticket distribution,Neutral Stance,With JS,Call Connected,With JS,Willing to Work in Sangathan at Assembly Level,,He is in JSP and whatever responsibility party decides he will work on it.,,,,,,,,,,,,,,,,,,,,,,,,,,,,,,,,
Sheikhpura,169-Sheikhpura,Ajay Kumar,,,7762969679.0,7762969679.0,"Ajay Kumar | Male | 55 | EBC | Nonia | Former MLA Contestant

-Jan Suraaj State Core Committee Member
-Former Assembly Election Contestant(JAP), 2020,got 3500 votes
-Former ZP Member (2016 to 2020)
-Former JAP EBC Cell Pradesh Adhyaksh(2020 to 2024)
-Former SP District President(2015 to 2017)
-Former District Planning Committe Member  ,Sheikhpura (2016 to 2020)",Active till ticket distribution,Helped Other Party,Not with JS,Not Received ,,,,,,,,,,,,,,,,,,,,,,,,,,,,,,,,,,,,
Sheikhpura,169-Sheikhpura,Lalan Kumar,,,9470820900.0,9470820900.0,"Lalan Kumar | Male | 55 | EBC | Teli | MLA Contestant

-Former MLA Contestant, Sheikhpura Constituency , 2010, RJD , Got 18473 Votes
-Former Defacto(Wife) Ward Councilor, 2012 To 2017
-Former RJD Business Cell , State Vice President, 2008 To 2015
-Jan Suraaj 4 District Observer
-Layer Farming ",Active till ticket distribution,Neutral Stance,Not with JS,Call Connected,Not with JS,,,"He left JSP & joined RJD & Don,t want to continue in JSP anymore.",,,,,,,,,,,,,,,,,,,,,,,,,,,,,,,,
East Champaran,17-Pipra,"
Parwez Alam",,,7061326142.0,7061326142.0,"Parwez Alam | Male | 54 | Minority | Saikh

-Jansuraaj DSC Member
-Former Zila Parishad 2011 to 2016
-Former Zila Parishad runner Up ( 2006)
-RJD Block President of Minority wing
-Nagar Parishad Defacto (Nahid Ara) Chairmain Runner Up ( 2022) Got 5600 Votes
-His Brother Zamshed Alam was Mukhiya ( 2016-2021)
-Father Alauddin Azad was Mukhiya (1977-2001)
-Contractor of Building construction",Not Active,,,Call Connected,Not with JS,,,,,,,,,,,,,,,,,,,,,,,,,,,,,,,,,,,
East Champaran,17-Pipra,Radheshyam Prasad Yadav,,,8340702883.0,8340702883.0,"Radheshyam Prasad Yadav | Male | 61 | OBC | Yadav | Former BJP Zila Karyasamiti Member

- Jan Suraaj Zila Sanghatan Mahasachiv
-Former BJP Zila Karyasamiti Member(2018 to 2024)
-Former BJP Zila Sanghatan Prabhari(2014 to 2018)
-Former BJP Mandal Mahamantri(2011 to 2013)
-Former BJP Prakhand Adhyaksh(1986 to 1998)
-Former BJP Member (1986 to 2024)
-Former Mukhiya(2001 to 2006)500 Votes
-Former ZP Runner up 2019, got 4",Active till ticket distribution,Active for JS,With JS,Not Received ,,,,,,Call Connected,,Interested,"Radheshyam Prasad Yadav | Male | 55 | OBC | Yadav 

-Former BJP Zila Karyasamiti Member(2018- 2024)
-Former BJP Zila Sanghatan Prabhari(2014 - 2018)
-Former BJP Mandal Mahamantri(2011 - 2013)
-Former BJP Mandal Adhyaksh(2011-13)
-Former Mukhiya(1989 -2006)
-His brother Sitaram Yadav was Block Pramukh from (1978-2006)",,,,,,,,No,35.0,Yes,,Sakshi,,,,,,,,,,,,,,,
East Champaran,17-Pipra,Dinesh Pathak,,,7209367221.0,7209367221.0,"Dinesh Pathak | Male | 62 | General | Brahmin | MLA Contestant

-Former MLA Contestant, Pipra 2010, Got 5000 Votes
-Former BJP Pradesh Karyasamiti Sadasya(1980 to 2010)
-Former BJP Motihari Loksabha Chunaav Prabhari(1989)
-Former BJP  Assembly Election Prabhari(2005)",Active till ticket distribution,Active for JS,With JS,Call Connected,With JS,Willing to Contest PRI election and also ready to work in sangathan,,"He wants to contest the Panchayat elections if the seat is general. He will also field his supporters in the PRI elections and wants responsibilities in the organization.

",,Call Connected,,Not Interested,"2019- Incumbent Pax President
2014-Pacs Runner-up
2009- Pacs Runner-up",,,,,,,,Chakia (Pipra)_36,,,,,,,,,,,,,,,,,,,
East Champaran,17-Pipra,Ranjan Bharti,,,9430440337.0,9430440337.0,"Ranjan Bharti | Male | 54 | OBC | Goswami | Former JDU Mahasachiv

-Former JDU Mahasachiv(2020 To 2025)
-Former Samta Party Zila Mahasachiv(1995 to 2003)
-Farmer
-Social Worker",Not Active,,,Call Connected,Not with JS,,,,,,,,,,,,,,,,,,,,,,,,,,,,,,,,,,,
East Champaran,17-Pipra,Lav Kishor Nishad,,,9852204974.0,9472222974.0,"Lav Kishor Nishad | Male | 50 | EBC | Mallah | ASA Party Rashtriya Upadhyaksh

-Former ASA Party Rashtriya Upadhyaksh, 2024 To 2025
-Former BJP East Champaran Parbhari, 2023 To 2024
-Former JDU Zila Sachiv
-Former JDU Pradesh Upadhyaksh
-Former JDU District Incharge",Not Active,,,Call Connected,Not with JS,,,,,,,,,,,,,,,,,,,,,,,,,,,,,,,,,,,
East Champaran,17-Pipra,Amit Kushwaha,,,8986451551.0,8986451551.0,"Amit Kushwaha | Male |  34 | OBC | Kushwaha | Businessman

-M.D of Sarvakshi Financial Services
-Social Worker",Not Active, Contested as an Candidate from other Party,Not with JS,Call Connected,Not with JS,,,,,,,,,,,,,,,,,,,,,,,,,,,,,,,,,,,
Sheikhpura,170-Barbigha,Dharm Uday Kumar,,,8877648432.0,8210850012.0,"Dharm Uday Kumar | Male | 46 |  General | Bhumihar | AAP District President

-Jan Suraaj District secretary
-Former AAP District President (2014-2024)
-Former RJD Mazdoor Sangh Zila Adhyaksh(2010 to 2011)
",Active till ticket distribution,Active for JS,With JS,Call Connected,With JS,None of the Above ,,"His feedback is that voters are currently not taking JSP seriously on the ground. The party will have to establish its own identity. At the moment, I will not be able to give time to sangathan work, but I will remain as a member .",,,,,,,,,,,,,,,,,,,,,,,,,,,,,,,,
Sheikhpura,170-Barbigha,Captain Mukesh Kumar Singh,49.0,,9689266064.0,9689266064.0,"Captain Mukesh Kumar Singh | Male | 49 | General | Bhumihar | 

-Former Congress Member(2015 To 2020)
-Jan Suraaj Zila Samiti Secretary 
-Runs a Construction Company, Winsome Builders
-Former Ship Captain
-Founder of NGO Nagrik Manch
-",Candidate,Active for JS,With JS,Call Connected,With JS,,PK meeting is sheduled,,,,,,,,,,,,,,,,,,,,,,,,,,,,,,,,,
Nalanda,171-Asthawan,Lata Singh,36.0,Female,8766308288.0,8766308288.0,"Lata Singh | Female | 36 | OBC | Kurmi | Lawyer

-Legal Consultant at AKG Consors, Delhi
-Social Worker
-Daughter of Former MP &  Central Minister RCP Singh ",Candidate,Active for JS,With JS,Call Connected,With JS,,PK meeting is sheduled,,,,,,,,,,,,,,,,,,,,,,,,,,,,,,,,,
Nalanda,171-Asthawan,Shashi Kant,,,7004771314.0,7004771314.0,"Shashi Kant | Male | 45 | OBC | Kurmi | Businessman

-Father Pramod Narayan Sinha, Contestaed The 2015 Assembly , JAP, Asthawan Cosntituency, Got 2000 Votes
-Grand FatherNanji), Siddheshwar Prasad was 3 Times MP and Minister in Indira Govt. 
-Businessman",Active till ticket distribution,Active for JS,With JS,Not Received ,,,,,,,,,,,,,,,,,,,,,,,,,,,,,,,,,,,,
Nalanda,171-Asthawan,Veermani Kumar,,,9508888021.0,9508888021.0,"Veermani Kumar | Male | 37 | OBC | Yadav | MLC Contestant

-Former MLC Contestant, 2022, RJD , Nalanda, got 675 Votes
-Incumbent Panchayat Samiti(2021 To Till date)
-Incumbent Defacto ZP Member (2021 To till Date)
-Former RJD Zila Adhyaksh(2022 To 2024)
-Jan Suraaj Zila Adhyaksh",Not Active,Helped Other Party,Not with JS,Call Connected,Not with JS,,,He left JSP & joined RJD.,,,,,,,,,,,,,,,,,,,,,,,,,,,,,,,,
Nalanda,172-Biharsharif,Syed Monirur Rahman,,,9014503100.0,9014503100.0,"Syed Monirur Rahman | Male | 38 | Minority | Syed | Teacher

-Treasurer at Jamiat Ulema Hind
-Runs a School for Poors
-Teacher",Active till ticket distribution,Active for JS,With JS,Call Connected,With JS,Willing to Work in Sangathan at Dist/State Level,,"He will work in sangathan , whatever resposibility will be given by party to him will sereve for it.",,,,,,,,,,,,,,,,,,,,,,,,,,,,,,,,
Nalanda,172-Biharsharif,Dinesh kumar,68.0,,9431840647.0,9431840647.0,"Dinesh Kumar | Male | 68 | OBC | Kushwaha | Ex Mayor

-Former Mayor Bihar Sharif Nagar Nigam (2007 to 2012)
-Former BJP Member(2015 to 2021)
-Former JDU Member(2005 to 2014)
-Former RJD Member(1997 to 2005)
- Former Youth Congress Member(1984 to 1994)
-Jan Suraaj Block Incharge",Candidate,Active for JS,With JS,Call Connected,With JS,,PK meeting is sheduled,,,,,,,,,,,,,,,,,,,,,,,,,,,,,,,,,
Nalanda,172-Biharsharif,Vinayak Lohani,,,9835701414.0,7004696500.0,"Vinayak Lohani | Male | 47 | OBC | Bania | Teacher

-Jan Suraaj Karpuri Manch Coordinator
-District President of Madhyamik Shikshak Sangh from (2018-Till Date)
-Social work(Provide free education to poor students, helps in marraige of poor girls)",Not Active,Neutral Stance,Not with JS,Call Connected,With JS,None of the Above ,,His feedback he will work for JSP from backend because he is a gov. employee .,,,,,,,,,,,,,,,,,,,,,,,,,,,,,,,,
Nalanda,172-Biharsharif,Binod Kumar,,,7903228254.0,7903228254.0,"Binod Kumar | Male | 56 | OBC | Kurmi | Incumbent Defacto ZP

-Incumbent Defacto ZP, 2021 To Till Date
-Former MLA Contestant, Harnaut Constituency , Independent, 1995
-Former Mukhiya , 2006 To 2011
-Former Mukhiya Contestant, 2001, 
-Former JDU Prakhand Adhyaksh, 2015 To 2022",Active till ticket distribution,Helped Other Party,Not with JS,Not Received ,,,,,,,,,,,,,,,,,,,,,,,,,,,,,,,,,,,,
Nalanda,173-Rajgir (SC),Satyendra Kumar,45.0,,9835478250.0,9835478250.0,"Satyendra Kumar | Male | 45 | SC | Dusadh | Former ZP

-Former Mukhiya , 2016 To 2021
-Former 2 Consecutive Terms ZP 2006 To 2016
-Former Mukhiya Contestant, 2021, Runner Up 
-Former RJD Zila Sachiv, 2022 To 2025
-Former RJD Yuva Zila Upadhyaksh, 2008 To 2021",Candidate,Active for JS,With JS,Call Connected,With JS,,PK meeting is sheduled,,,,,,,,,,,,,,,,,,,,,,,,,,,,,,,,,
Nalanda,173-Rajgir (SC),Amit Kumar Paswan,,,7004802209.0,7004802209.0,"Amit Kumar Paswan | Male | 45 |S C | Dusadh | MLA Contestant

PHD, LLb
Former District Spokeperson CPI (2011-20)
-MLA election contested on CPI ticket (got 4668 Votes) in 2015
-Former LJP District General Sec. ( 2001-2010)
-State  Spokeperson Jansuraaj
-President Of Dr BR Ambedkar Vichar Manch (2009-till date)
-President Of Mothher Terresa Anarth Ashram
President of District Tam Tam Chalak Sangh
-State General secratory Bihar Pump chalak sangh
",Active till ticket distribution,Helped Other Party,Not with JS,Call Connected,Not with JS,,,Joined BJP & left JSP without continuing in it.,,,,,,,,,,,,,,,,,,,,,,,,,,,,,,,,
Nalanda,173-Rajgir (SC),Shiv Kumar Das,,,9430631856.0,9430631856.0,"Shiv Kumar Das | Male | 69 | SC | Ravidas | Mukhiya Contestant

-Former Mukhiya Contestant, 1996
-Former BJP member, 1984 To 2024
-Former BJP SC Cell Zila Upadhyaksh, 1995 To 2000
-Former BJP SC Cell Adhyaksh, 2000 To 2012
-Former BJP SC Cell Pradesh Karyakarini Sadasya, 2012 To 2024
",Active till ticket distribution,Active for JS,With JS,Call Connected,With JS,Willing to Contest PRI election and also ready to work in sangathan,,His feedback is sangathan should me made upto pamchayat level involving PRI members . He will contest Zila parsad if PRI roster changes.,,,,,,,,,,,,,,,,,,,,,,,,,,,,,,,,
Nalanda,174-Islampur,Sanjay Kumar,,,8002531642.0,6201987705.0,"Sanjay Kumar | Male | 47 | OBC | Yadav | Incumbent Zila Parishad

-Incumbent 2 Terms Zila Parishad  (2016- till date)
-Former RJD Prakhand Karyakarini Sadasya(1997 to 2024)
-Former Jan Suraaj Anumandal Adhyaksh
-Farmer
",Active till ticket distribution,Neutral Stance,With JS,Call Connected,With JS,Willing To Contest Panchayati Raaj ,,"His feedback is that he will remain with the party, but he will not be able to take on Sangathan responsibilities until the PRI elections. This time as well, he will contest the Zila Parishad elections.",,,,,,,,,,,,,,,,,,,,,,,,,,,,,,,,
Nalanda,174-Islampur,Sourbh Kumar Mani,,,7544084375.0,7544084375.0,"Sourbh Kumar Mani | Male | 28 | OBC | Yadav | Defacto ZP Contestant

-Former Defacto ZP Contestant, 2021 , Runner Up
-Former Defacto BDC Contestant, 2016, runner Up
-Former Defacto Mukhiya Contestant, 2011, runner Up
-Former RJD Yuva Zila Upadhyaksh, 2015 To 2025
-Businessman(Bike Showroom, Real Estate ",Active till ticket distribution,Neutral Stance,With JS,Call Connected,With JS,Willing to Contest PRI election and also ready to work in sangathan,,His feedback is he will work in party sangathan & whatever direction is been provided by state leadership he will fulfill it . He's also willing to contest Zila parsad election.,,,,,,,,,,,,,,,,,,,,,,,,,,,,,,,,
Nalanda,174-Islampur,Aman Kumar,,,9546901280.0,9546901280.0,"Aman Kumar | Male | 26 | OBC | Sonar | BJP Pardesh Karyasamiti Member

-Former BJP Pradesh Karyasamiti Member(2023 To 2025)
-Former BJP Vidhan Sabha Prabhari(2020 To 2023)
-Former BJP Media Sanyojak(2018 to 2020)
-Businessman(Gold Shop)",Active till ticket distribution,Neutral Stance,With JS,Call Connected,With JS,Willing to Work in Sangathan at Assembly Level,,His feedback is he will work in party sangathan ten & only if Party helps him in contest MLC election 2027 from nalanda or otherwise he will join other party.,,,,,,,,,,,,,,,,,,,,,,,,,,,,,,,,
Nalanda,174-Islampur,Amiya Kumar,,,9572810445.0,9572810445.0,"Amiya Kumar | Male | 55 | General | Kayastha | Former PACS President

-Former PACS President, 2014 To 2018
-Former Defacto Panchayat Samiti, 2011 To 2016
-Former PACS Contestant, 2009, Runner Up
-Former Mukhiya Contestant, 2001, Runer Up
-Former BJP Zila Sanyojak, 2020 To 2022
-Former BJP Koshadhyaksh, 2011 To 2017
-Former BJP Prakhand Upadhyaksh
-Former BJP Yuva Morcha Prakhand Adhyaksh",Active till ticket distribution,Neutral Stance,With JS,Switch Off,,,,,,,,,,,,,,,,,,,,,,,,,,,,,,,,,,,,
Nalanda,174-Islampur,Vidhasagar Prasad Urf Munna Ji,,,8709266381.0,8709266381.0,"Vidhasagar Prasad | 45 | OBC | Kushwaha | Incumbent Defacto Mukhiya 

-Incumbent Defacto Mukhiya , 2021 To Till Date
-Former PACS Contestant, 2020, Got 498 Votes
-Buisnessman(Fertilizer Shop)",Active till ticket distribution,Neutral Stance,Not with JS,Call Connected,Not with JS,,,He didn't want to talk . Not Intrested in JSP,,,,,,,,,,,,,,,,,,,,,,,,,,,,,,,,
Nalanda,174-Islampur,Dharmendra Prasad,,,7488409254.0,7488409254.0,"Dharmendra Prasad | Male | 49 | EBC | Nonia | Former Mukhiya

-Former Mukhiya , 2011 To 2016
-Former Defacto Mukhiya, 2016 To 2021
-Former Mukhiya Contestant, 2006, Got 448 Votes
-Former Defacto Mukhiya Contestant, Got 834 Votes
-Former JDU Pradesh Mahasachiv EBC Cell  , 2014 To 2018
-Former JDU Block Yuouth President, 2012 To 2014
-Former JDU Pradesh Sachiv",Active till ticket distribution,Neutral Stance,With JS,Call Connected,Not with JS,,,"His feedback is that he was the EBC candidate from his district, but he did not get the ticket, and the Sangathan did not select the right candidate. That is why he left the party and joined JDU",,,,,,,,,,,,,,,,,,,,,,,,,,,,,,,,
Nalanda,174-Islampur,Hemayun Kaiser urf Laddan Mallick,,,9263297495.0,9504059025.0,"Hemayun Kaiser | Male | 64 | Minority | Mallick | SP District President

-Former SP, District President, 1998 To 2005
-Former NCP Zila Mahaschiv, 2009 To 2011
-All India Ullema Board, Pradesh Upadhyaksh
-Soghra Waqf Estate Member 
-All India Mallick Muslim Front Sanyojak
-Social Worker",Active till ticket distribution,Active for JS,With JS,Call Connected,With JS,Willing to Work in Sangathan at Dist/State Level,,"His feedback is that if the Zila Sangathan had been formed through the Zila Adhyaksh, such an election result would not have come. Now the sangathan should be built by workers who will work at the grassroots level. Whatever responsibility I am given in the organization, I will work there.",,,,,,,,,,,,,,,,,,,,,,,,,,,,,,,,
Nalanda,174-Islampur,Pravin Kumar Ramesharan Akela,,,9834975268.0,9834975268.0,"Pravin Kumar Ramesharan Akela | Male | 53 | OBC | Kurmi | Entrepreneur

-Director Of GMK Technologies
-Director Of GMK Tech BPO Services
-Director Of Siddesh Trading Company
-Owns a Petrol Pump , Maharastra
-Social Worker
",Active till ticket distribution,Neutral Stance,With JS,Call Connected,With JS,Willing to Work in Sangathan at Dist/State Level,,"His feedback is that the party sangathan at the block level was very weak, due to which there were difficulties in booth management. If the party sangathan gives me any responsibility, I am ready to work. At present, I am in Maharashtra, looking after my IT company’s work.",,,,,,,,,,,,,,,,,,,,,,,,,,,,,,,,
Nalanda,174-Islampur,Tanuja Kumari,46.0,,9431048940.0,9431048940.0,"Tanuja Kumari | Female | 46 | OBC | Kurmi | Incumbent ZP Member

-Incumbent 4 Terms ZP Member, 2016 To 2018 , 2020 To 2021 ,   2021 To 2021, 2024 To Till Date
-Former ZP President, Nalanda, 2016 To 2018
-Former JDU Panchayti Raj Cell , State General Secretary, 2016 To 2018
-Former JDU Women Cell , Patel Seva Sangh Coordinator, 2016 To 2019
-Received Deendayal Upadhyay Awards By PM Narendra Modi For her Work, 2021",Candidate,Active for JS,With JS,Call Connected,With JS,,PK meeting is sheduled,,,,,,,,,,,,,,,,,,,,,,,,,,,,,,,,,
Nalanda,175-Hilsa,Krishna Dev Yadav,,,6200349629.0,6200349629.0,"Krishna Dev Yadav | Male | 67 | OBC | Yadav | Ex MLA 

- Jansuraaj State Core Commitee member
-Former MLA From Hilsa Assembly On IPF ticket ( 1990-1995)
Former MP Contested on IPF(Indian peepul Front) ticket (Got Votes 62200 in 1989)
-Former Indian peepul Front National Parishad Member (1982-1994)
-Shoshit Samaj Dal State Presdent ( 2024 )
-Post Graduate",Active till ticket distribution,Neutral Stance,With JS,Call Connected,With JS,Willing to Work in Sangathan at Dist/State Level,,"He says that he will give the feedback to Kishor Kumar Munna or Manoj Bharti, not to the party office worker.",,,,,,,,,,,,,,,,,,,,,,,,,,,,,,,,
Nalanda,175-Hilsa,Sudhanshu Kumar,,,8936891935.0,8936891935.0,"Sudhanshu Kumar | 34 | Male | OBC | Kurmi | Govt Teacher

- Govt. Teacher 
- Operating a Page Baat Bihar ki 
-  Founder Member and Mentor Jan Kalyan Sangarsh and Welfare Society 
 -  Founder Member of the Dainik Railway Yatri Sangh, .
- Social Worker",Active till ticket distribution,Neutral Stance,Not with JS,Not Received ,,,,,,,,,,,,,,,,,,,,,,,,,,,,,,,,,,,,
Nalanda,175-Hilsa,Raj Kishor Vidyarthi,,,9308455016.0,8986218875.0,"Raj Kishor Vidyarthi | Male | 37 | EBC | Nai | ZP Contestant

-Former ZP Contestant(2021), Got 421 Votes
-Former Mukhiya Contesatnt(2016), got 411 Votes
-Former JDU Member",Not Active,Neutral Stance,Not with JS,Not Received ,,,,,,,,,,,,,,,,,,,,,,,,,,,,,,,,,,,,
Nalanda,175-Hilsa,Er. Manish Kumar,,,9097750957.0,9097750957.0,"Er. Manish Kumar | Male | 35 | OBC | Yadav | Chairman Contestant

-Former Hilsa Nagar Parishad Chairman Contestant
-Property Agent
-Social Worker",Active till ticket distribution,Active for JS,With JS,Call Connected,With JS,Willing to Contest PRI election and also ready to work in sangathan,,His feedback is that he will work in party sangathan as well as he will prepare for chairman election 2027.,,,,,,,,,,,,,,,,,,,,,,,,,,,,,,,,
Nalanda,175-Hilsa,Umesh Kumar Verma,53.0,,8271591191.0,9576898137.0,"Umesh Kumar Verma | Male | 53 | OBC | Sonar | Nagar Parishad Contestant

-Former Nagar Parishad Contestant, 2022, Got 1800 Votes
-Former BJP Hilsa Vidhan Sabha Prabhari, 2020 to 2023
-Former ASA Party Pradesh Upadhyaksh, 2023 To 2024
-Social Worker
",Candidate,Active for JS,With JS,Call Connected,With JS,,PK meeting is sheduled,,,,,,,,,,,,,,,,,,,,,,,,,,,,,,,,,
Nalanda,175-Hilsa,Shailendra Kumar,,,9708629681.0,9708629681.0,"Shailendra Kumar | Male | 44 | OBC | Yadav | AAP Member

-Former AAP Vidhansabha Sanyojak(2015 to 2015)
-Jan Suraaj Anumandal Zila Sachiv
-Social Worker",Active till ticket distribution,Active for JS,With JS,Call Connected,With JS,Willing to Work in Sangathan at Assembly Level,,,,,,,,,,,,,,,,,,,,,,,,,,,,,,,,,,
Nalanda,175-Hilsa,Kapil Prasad,,,7488310724.0,7488310724.0,"Kapil Prasad | Male | 52 | OBC | Kurmi | Former ZP 

-Former ZP , 2016 To 2021, Got 3300 Votes
-Former ZP Contestant, 2021, Got 1800 Votes
-Former Mukhiya Contestant, 2001 , 2006 & 2011
-Former JDU Member, 2003 To 2022
-Jan Suraaj Anumandal Mahaschiv",Active till ticket distribution,Active for JS,With JS,Call Connected,With JS,Willing to Contest PRI election and also ready to work in sangathan,,His feedback is he will continue in party taking responsibility in sangathan . And also preparing for Zila parsad election .,,,,,,,,,,,,,,,,,,,,,,,,,,,,,,,,
Nalanda,175-Hilsa,Indrajeet Kumar Raj,,,9431206889.0,9431206889.0,"Indrajeet Kumar Raj | Male | 42 | OBC | Yadav | RJD State General Secretary

-Former RJD State General Secretary, 2015 To 2017
-Former RJD Rajya Parishad Sadasya
-Working as a Lawyer at Patna High Court & Civil Court
-Social Worker",Active till ticket distribution,Neutral Stance,With JS,Not Received ,,,, ,,,,,,,,,,,,,,,,,,,,,,,,,,,,,,,,
Nalanda,176-Nalanda,Santu Kumar,,,7549291488.0,9608264415.0,"Santu Kumar| Male | 31 | OBC | Yadav | Teacher

-Running Anukool Gyan Coaching centre ( 250+ students enrolled)
-Social worker ( Associated with Kankar Foundation As a Block Coordinator)
",Not Active,Neutral Stance,Not with JS,Call Connected,Not with JS,,,Not in the party and intrested in Politics.,,,,,,,,,,,,,,,,,,,,,,,,,,,,,,,,
Nalanda,176-Nalanda,Arun Kumar ,,,9113171880.0,9113171880.0,"Arun Kumar  | Male | 57 | OBC | Kurmi | Incumbent PACS 

-Incumbent PACS President, 2021
-Incumbent Defacto(Sister) Mukhiya, 2021 To Till Date
-Former JDU Member, 2015 To 2021
-Jan Suraaj Kisan Cell Zila Adhyaksh",Not Active,Helped Other Party,Not with JS,Call Connected,With JS,Willing to Work in Sangathan at Dist/State Level,,Will meet PK and take decision further what responsibility he will take.,,,,,,,,,,,,,,,,,,,,,,,,,,,,,,,,
Nalanda,176-Nalanda,Priyadarshi Ashok,,,8210424641.0,8210424641.0,"Priyadarshi Ashok | Male | 43 | OBC | Kurmi | Former National secretary ASA Party

-Former National Secretary, ASA Party, 2024 To 2025
-Former District President , BJP Medical Cell, 2023 To 2024
-Former JDU Vidhansabha Prabhari, 2020, Rajauli Constituency
-Former JDU District President, Medical Cell, 2012 To 2015 & 2016 To 2020
-Former JDU Joint Secretary, Medical Cell 2011 To 2012
-Social Worker(Provide Free medical treatment of Eyes for Poors in his hospital)",Active till ticket distribution, Contested as an Candidate from other Party,Not with JS,Call Connected,Not with JS,,,"His feedback is: I worked very hard by going door to door, but the party did not give me a ticket . Because of this, I contested the election from BSP. At present, I am not in any party, and I am also not associated with Jan Suraaj right now",,,,,,,,,,,,,,,,,,,,,,,,,,,,,,,,
Nalanda,176-Nalanda,Dr Ajay Kumar,,,9572468706.0,9572468706.0,"Dr Ajay Kumar | Male | 44 | OBC | Kurmi | MLA Contestant

-Former MLA Contestant, Nalanda Constituency, JAP, Got 867 Votes
-Former BJP Medical Cell Zila Adhyaksh, 2019 To 2020
-Former JAP Member, 2020 To 2020
-Jan Suraaj Anumandal Upadhyaksh
-BHMS Doctor(Runs a Private Clinic)
-Social Worker",Active till ticket distribution,Helped Other Party,Not with JS,Call Connected,Not with JS,,,He is not intrested in Politics anymore & don't want to continue in JSP.,,,,,,,,,,,,,,,,,,,,,,,,,,,,,,,,
Nalanda,176-Nalanda,Kumari Poonam Sinha,47.0,,9431852762.0,9431852762.0,"Kumari Poonam Sinha | Female | 47 | OBC | Kurmi | ZP Member

-Incumbent ZP Member(2021 to Till Date)
-Active Social Worker ( working on Environment, distributed 40 Thousand Plants & Health)
",Candidate,Active for JS,With JS,Call Connected,With JS,,PK meeting is sheduled,,,,,,,,,,,,,,,,,,,,,,,,,,,,,,,,,
Nalanda,176-Nalanda,Ravindra Prakash(Ravindra Pandit),,,9234511346.0,9234511346.0,"Ravindra Prakash | Male | 57 | EBC | Kumhar | Businessman

-Runs a Cost Accounting Firm(Ravindra & Assocaite)
-Social Worker(Provide Legal Assistance to Factory workers)
-Worked For 30 Years at Tata Steel",Not Active,Neutral Stance,Not with JS,Call Connected,Not with JS,,,He has left  JSP & no more intrested to continue in it .,,,,,,,,,,,,,,,,,,,,,,,,,,,,,,,,
Nalanda,176-Nalanda,Anil Kumar,,,7261898056.0,7261898056.0,"Anil Kumar | Male | 49 | OBC | Kurmi | Former Defacto ZP

-Former Defacto ZP, 2016 To 2021
-Former Defacto ZP Contestant, 2021
-Former Yuva Janta Dal Parkahnd Adhyaksh, 1996 to 1997
-Former RJD Yuva Parkhand  Adhyaksh , 1997 To 2001
-Former RJD Yuva Zila Upadyaksh, 2001 To 2015
",Active till ticket distribution,Helped Other Party,Not with JS,Call Connected,With JS,Willing to Contest PRI election and also ready to work in sangathan,,"His feedback is that the party should connect with ground-level workers. For example, CPI (ML), CPI, and CPM workers are able to work with very limited resources. This time, if the Zila Parishad seat is general, I will contest, and whatever responsibility the party assigns me in the sangathan, I will fulfill it",,,,,,,,,,,,,,,,,,,,,,,,,,,,,,,,
Nalanda,177-Harnaut,Kamlesh Paswan,59.0,,9931910262.0,9931910262.0,"Kamlesh Paswan | Male | 59 | SC | Paswan | Incumbent Zila Parishad

-Incumbent 3 Consecutive Terms Zila Parishad(2011 to Till Date)
-Former Panchayat Samiti Sadasya(2001 to 2006)
-Jan Suraaj State Core Committee Member
",Candidate,Active for JS,With JS,Call Connected,With JS,,PK meeting is sheduled,,,,,,,,,,,,,,,,,,,,,,,,,,,,,,,,,
Nalanda,177-Harnaut,Pinki Kumari,,,9835795277.0,9835795277.0,"Pinki Kumari | Female | 42 | OBC | Kurmi | Social Worker

-Social Worker",Active till ticket distribution,Active for JS,With JS,Call Connected,With JS,Willing to Contest PRI election and also ready to work in sangathan,,Her feedback is sangathan didn't managed voter at last days of election. She will work in sangathan at AC level due to less time avaliability. She is also willing to contest ZP election.,,,,,,,,,,,,,,,,,,,,,,,,,,,,,,,,
Nalanda,177-Harnaut,Shobha Kumari,,,9572602096.0,9572602096.0,"Shobha Kumari | Female | 55 | OBC | Kurmi | Social Worker

-Prominenr Social Worker
-Jan Suraaj Prakhand Adhyaksh Mahila Cell
",Active till ticket distribution,Helped Other Party,Not with JS,Call Connected,With JS,Willing to Work in Sangathan at Assembly Level,,Her feedback is sangathan didn't managed voter at last days of election. She will work in sangathan at AC level due to less time avaliability. She is also willing to contest ZP election.,,,,,,,,,,,,,,,,,,,,,,,,,,,,,,,,
Nalanda,177-Harnaut,Ashok Kumar Singh,,,9304063696.0,9304063696.0,"Ashok Kumar Singh| Male | 67 | OBC | Kurmi | MLA Contestant

-Jansuraaj Bihar Sharif Anumandal Coordinator
-Former JDU Youth State Secretary ( 2005-2007)
-Indipendent MLA Contested in 2015 from Harnaut  Assembly  ( Got 3000 votes)
",Active till ticket distribution,Helped Other Party,Not with JS,Call Connected,Not with JS,,,"He don't want to continue in JSP and will join JDU , his feedback is he feel cheated on the name of ticket in JSP.",,,,,,,,,,,,,,,,,,,,,,,,,,,,,,,,
Patna Barh,178-Mokama,Biren Kumar Singh,,,7903345934.0,7903345934.0,"Biren Kumar Singh | Male | 61 | General | Bhumihar | Contractor

-Contractor
-Farming
-Civil Engineer
-Kisan Vikas Samiti sanyojak(1994 To 2001)",Not Active,Neutral Stance,With JS,Call Connected,With JS,Willing to Contest PRI election and also ready to work in sangathan,,"His feedback is that after ticket distribution  many difficulties arose within the sangathan, but some active members managed the situation. As a result, Jan Suraj received 20,000 votes in Mokama. The Dular chand murder case had a significant impact on the party workers. Whatever responsibility the party assigns, i will fulfill it, and if the PRI roster changes, I will contest the Zila Parishad election.",,,,,,,,,,,,,,,,,,,,,,,,,,,,,,,,
Patna Barh,178-Mokama,Mayank Kumar,,,7277491391.0,7277491391.0,"Mayank Kumar | Male | 31 | General | Bhumihar | Businessman

-Construction Business
-Runs a Youtube Channel Mayank TV
-B.tech in Computer Science",Active till ticket distribution,Neutral Stance,Not with JS,Call Connected,Not with JS,,Willing to meet PK,His feedback is that there is a communication gap between the party and the sangathan. Youth like us have not been given any responsibility within the party. I will work in the party only as a Vidhan Sabha (Legislative Assembly) candidate.,,,,,,,,,,,,,,,,,,,,,,,,,,,,,,,,
Patna Barh,178-Mokama,Hare Ram Kumar,,,7005870117.0,7005870117.0,"Hare Ram Kumar | Male | 45 | General | Bhumihar | Defacto Ward Councilor

Incumbent Defacto Ward Councilor(2022 To Till Date)
-Retired BSF Personnel
-Provide Social support for Local people related to Block work.",Active till ticket distribution,Helped Other Party,Not with JS,Call Connected,With JS,Willing to Work in Sangathan at Dist/State Level,,"His feedback is that the candidate selection was not done properly. The candidate ignored the sangathan, due to which 90% of the people went with Anant Singh. In the future, the party should identify people at the panchayat/ward level and assign them responsibilities. I will work in the organization and fulfill whatever responsibility the party gives.",,,,,,,,,,,,,,,,,,,,,,,,,,,,,,,,
Patna Barh,178-Mokama,Amritash Anand,,,9939004697.0,9939004697.0,"Amritash Anand | Male | 45 | General | Bhumihar | MLA Contestant

-Former MLA Contestant, 2015 , Independent, Barbigha Constituency, Got 1500 Votes
-Runs a Kidzee School, Danapur
-Social Worker
",Active till ticket distribution,Neutral Stance,Not with JS,Call Connected,Not with JS,,,Not intrested in JSP and don't want to continue in party.,,,,,,,,,,,,,,,,,,,,,,,,,,,,,,,,
Patna Barh,178-Mokama,Kumar Navneet Himanshu,,,7004178374.0,7004178374.0,"Kumar Navneet Himanshu | Male | 50 | SC | Dusadh | Loksabha Contestant

-Former 2 Terms  Loksabha Contestant, 2024 & 2019 Munger, BSP , Got 12,280 & 10,612  Votes
-Incumbent ZP Member, Mokama, Got 9441 Votes
-Former MLA Contestant, Mokama Constituency, Independent, 2015, Got 1525 Votes
-Former Lok Janshakti Party, Pradhan Sachiv, 2000 To 2015 
-Retrired Railway Employee ",Active till ticket distribution, Contested as an Candidate from other Party,Not with JS,Call Connected,With JS,Willing to Contest PRI election and also ready to work in sangathan,,"His feedback is that I did not get a party ticket, so I filed my nomination independently, but it was rejected because I was supposed to defeat Anant Singh. This time also, I will contest the Zila Parishad election, and if the PRI roster changes, I will try to become the Zila Parishad Chairman as well. Apart from this, I will fulfill whatever responsibility the party sangathan assigns to me.",,,,,,,,,,,,,,,,,,,,,,,,,,,,,,,,
Patna Barh,178-Mokama,Priyardarshi Piyush,30.0,Male,9835442087,9835442087,,Candidate,Active for JS,With JS,Not Received ,,,,,,,,,,,,,,,,,,,,,,,,,,,,,,,,,,,,
Patna Barh,179-Barh,Mahesh Prasad Singh,59.0,,7004198239.0,7004198239.0,"Mahesh Prasad Singh | Male | 59 | General | Rajput | Incumbent PACS President

-Incumbent 4 Consecutive Terms PACS President(2008 To Till Date)
-Former MLA Contestant, 2005, Barh, BSP got 7968 Votes
-Former MLC Contestant Patna, 2001, Independent, got 386 Votes
-Former RJD Zila Adhyaksh & Pradesh sachiv(2019 to 2024)
-Former JDU Pradesh Mahasachiv(2009 To 2019)
-Former Defacto Mukhiya(2001 To 2006)
-Father Was Mukhiya for 20 Years
-Jan Suraaj Zila Adhyaksh",Candidate,Active for JS,With JS,Call Connected,With JS,,PK meeting is sheduled,,,,,,,,,,,,,,,,,,,,,,,,,,,,,,,,,
Patna,181- Digha,Ritesh Ranjan Alias Bittu Singh,,,7759999920,7759999920,,Candidate,Active for JS,Not with JS,Call Connected,Not with JS,None of the Above ,,,,,,,,,,,,,,,,,,,,,,,,,,,,,,,,,,
Patna,184- Patna Sahib,Vinita Mishra,55.0,,9334100327,9334100327,"Vineeta Mishra | 55 | Bhumihar | Gen
9334100327

- joined BJP 1999
- Pradesh Karyasamiti Sadasya BJP 2007
- Pradesh Mantri, Vanijya Manch, BJP 2007-2009
- Pradesh Upadhyayksh, Kreeda Manch, BJP 2009-11
- Sah Sanyojak Niveshak Manch , BJP 2011-13
- Pradesh Upadhyayksh, Vyavsay Manch, BJP 2013-16
- Sah Sanyojak, Kala Sanskriti Manch, BJP 2016-19
- Pradesh Upadhyayksh, Mahila Morcha, BJP 2019-23
- Sanyojak, Kamal Mitra , Bihar 2023
- Awarded by Danik Jagran as Women of Bihar
- Working Committee in Dadhichi Dehdan Samiti
- Sachiv, Sai Foundation, Muzaffarpur
- Jan Sampark Adhikari, vishwanath singh institute of legal studies, Munger
- Organizer, Mahila Udyami Mela 2003


",Candidate,Active for JS,With JS,Call Connected,With JS,Willing to Work in Sangathan at Dist/State Level,,,,,,,,,,,,,,,,,,,,,,,,,,,,,,,,,,
Patna,183- Kumhrar,K C Sinha,,,9304599902,9304599902,,Candidate,Active for JS,With JS,Not Received ,,,,,,,,,,,,,,,,,,,,,,,,,,,,,,,,,,,,
Patna Barh,179-Barh,Pramod Singh,,,6299261831.0,6299261831.0,"Pramod Singh | Male | 56 | General | Rajput | Former Mukhiya

-Former Mukhiya (2001 to 2006)
-Former Panchayat Samiti Sadasya(2011 to 2016)
-Former BJP Member (2011 to 2022)
-Jan Suraaj Zila Upadhyaksh
-Brick Klin Business",Active till ticket distribution,Active for JS,With JS,Call Connected,With JS,Willing to Work in Sangathan at Dist/State Level,,His feedback is that he will fulfill the responsibilities of the sangathan and strengthen the sangathan so that the committee at the booth level can be formed as soon as possible.,,,,,,,,,,,,,,,,,,,,,,,,,,,,,,,,
East Champaran,18-Madhuban,Vijay Kumar,49.0,,6201765048.0,6201765048.0,"Vijay Kumar | Male | 49 | OBC | Kushwaha | Chemist
-Intermediate
-Chemist
-Farmer",Candidate,,,,,,,,,,,,,,,,,,,,,,,,,,,,,,,,,,,,,,,
East Champaran,Pakdidayal,Manoj Singh,,,9709488880.0,9709488880.0,"Manoj Singh | Male | 48 | General | Rajput | ZP Contestant

-Former ZP Contesatnt(2021)
-Manager at India Tools Financial Services
-Jan Suraaj Zila Sanghatan Mahasachiv
-Social Worker
-",Active till ticket distribution,Neutral Stance,With JS,Call Connected,With JS,Willing To Contest Panchayati Raaj ,,"He will contest the Panchayat election; however, he will remain an ordinary member of the organization and will not accept any post.",,,,,"Manoj Singh | Male | 48 | General | Rajput | ZP Contestant

-Former ZP Contesatnt(2021)
-Manager at India Tools Financial Services
-Jan Suraaj Zila Sanghatan Mahasachiv
-Social Worker
-",,,,,,,,Pakridayal_38,,,,,,,,,,,,,,,,,,,
East Champaran,18-Madhuban,Vijay Kumar Singh,,,821015676.0,8210156768.0,"Vijay Kumar Singh | Male | 61 | General | Bhumihar | Incumbent Mukhiya

-Incumbent 2 Terms ZP(2016 To Till Now)
-Former Mukhiya(2001 To 2016)
-Jan Suraaj State Core Committee Member",Active till ticket distribution,Neutral Stance,With JS,Not Received ,,,,,,,,,"Vijay Kumar Singh | Male | 61 | General | Bhumihar | Incumbent Mukhiya

-Incumbent 2 Terms ZP(2016 To Till Now)
-Former Mukhiya(2001 To 2016)
-Jan Suraaj State Core Committee Member",,,,,,,,Pakridayal_38,,,,,,,,,,,,,,,,,,,
Patna Barh,180-Bakhtiarpur,Purusotom Kumar,,,7367974415.0,7367974415.0,"Purusotom Kumar | Male | General | Rajput | MLA Contestant

-Former MLA Contestant on JAP, 2020 got 512 Votes
-Former JAP Pradesh Yuva Mahasachiv(2020 to 2024)",Active till ticket distribution,Helped Other Party,Not with JS,Call Connected,Not with JS,,,"He don,t want to continue in JSP & left the party . ",,,,,,,,,,,,,,,,,,,,,,,,,,,,,,,,
Patna Barh,180-Bakhtiarpur,Nitish Yadav,,,9934300806.0,9934300806.0,"Nitish Yadav | Male | 30 | OBC | Yadav | Defacto Mukhiya

-Incumbent Mukhiya(2021 to Till date)
-Former RJD District Vice President(2020 to 2023)
-Jan Suraaj Yuva Zila Adhyaksh
-Govt Contractor
-Businessman(Paper Plate & Paper Glass Manufacturing)
-Social Worker",Active till ticket distribution,Active for JS,With JS,Call Connected,With JS,Willing to Contest PRI election and also ready to work in sangathan,,His feedback is he will contest Zila Parsad election and also work in Party sangathan.,,,,,,,,,,,,,,,,,,,,,,,,,,,,,,,,
Patna Barh,180-Bakhtiarpur,Anil Kumar Singh,,,6200248552.0,6200248552.0,"Anil Kumar Singh | Male | 59 | General | Rajput | Retired Govt Teacher

-Teacher at  Kendrya Vidyalay for 11 Years
-Pricipal at Jawahar Navodaya Vidyalay for 22 years
-Social Worker(Provide Free Education to Underprivilidged Students)
",Active till ticket distribution,Neutral Stance,With JS,Call Connected,With JS,Willing to Work in Sangathan at Dist/State Level,,"His feedback is that whatever responsibility the party assigns to him, he will fulfill it while remaining within the sangathan. To strengthen the sangathan, he will take every campaign to the grassroots level, up to the ward level.",,,,,,,,,,,,,,,,,,,,,,,,,,,,,,,,
Patna Barh,180-Bakhtiarpur,Prithwi Raj,,,7319601608.0,7319601608.0,"Prithwi Raj | Male | 56 | General | Rajput | BJP Member

-Former BJP Member, 2006 To 2024
-Former JDU Member, 2003 To 2006
-Former Samta Party Member, 1990 To 1998
-Owner Of Sharda Enterprises, LPG AgencyDistributor , Bakhtiyarpur
-Owner Of LPG Bottling Plant, Amnour
-Social Worker",Active till ticket distribution,Active for JS,With JS,Call Connected,With JS,Willing to Work in Sangathan at Dist/State Level,,His feedback is he will work in sangathan and willin to contest graduate MLC election 2027.,,,,,,,,,,,,,,,,,,,,,,,,,,,,,,,,
Patna,181- Digha,Minoo Singh,,,9576655511.0,9576655511.0,"Minoo Singh | Female | 67 | General | Rajput | Businesswoman

-Prominent Businesswoman(Owns a Cafe 13, Patna, Chique Clothing Brand)
-Director of Amiya Overseas Pvt. Ltd) 
-Director of  NGO Aavyan Foundation(2021 to Till Date)
",Active till ticket distribution,Neutral Stance,With JS,Switch Off,,,,,,,,,,,,,,,,,,,,,,,,,,,,,,,,,,,,
Patna,181- Digha,Kusum Lata Verma,,,9835435646.0,7903442805.0,"Kusum Lata Verma | Female | 56 | General | Kayastha | Mayor Contestant

-Former Patna Nagar Nigam Mayor Contestant(2022), Got 21346 Votes
-Former Ward Councilor Contesatnt(2002)
-President of Akhil Bhartiya Kalyan Cell State President
-Former President of Lions Club, Patna 
-Lawyer at Patna High Court",Active till ticket distribution, Contested as an Candidate from other Party,Not with JS,Call Connected,Not with JS,,,She contested Indipendent and don't want to join or work anymore in JSP . ,,,,,,,,,,,,,,,,,,,,,,,,,,,,,,,,
Patna,181- Digha,Rajiv Kumar Singh,,,9304832187.0,9304832187.0,"Rajiv Kumar Singh | Male | 49 | General | Rajput | Businessman

-Director Of Abha Housing Developers
-Director Of Tavastaa Youth Agro IND Pvt Ltd
-Secretary Of Abha NGO",Active till ticket distribution,Neutral Stance,With JS,Call Connected,With JS,None of the Above ,,"His feedback is that the sangathan should first identify the right people and bring the party into a running/functional state in the party. After that, I will actively do politics for the JSP. I have spent 16–17 lakh rupees in this party. For now, I will remain only as a party member.",,,,,,,,,,,,,,,,,,,,,,,,,,,,,,,,
Patna,181- Digha, Sumit Kumar,,,8210988851.0,8210988851.0," Sumit Kumar | Male |47 | General | Bhumihar| Private Job

-Founding Member of Jansuraaj from October 22
-General Manger in Bihar Cooprative Bank ( 2005-Till date)
-Active Social Worker( working on Education & Health)
-Founder of Yuva Shakti Sangh ( 138 Active Member)
-He helped  financially to  Sarv Uday NGO & Sutram Darsham",Active till ticket distribution,Helped Other Party,Not with JS,Call Connected,Not with JS,,,"His feedback is that before the announcement of the Jan Suraaj Party candidate, the party was very active on the ground. But after the ticket announcement, the party almost died, and the workers became disappointed. The party did not manage or recover from this damage. At present, I am not in the party and am not interested in it going forward either.",,,,,,,,,,,,,,,,,,,,,,,,,,,,,,,,
Patna,181- Digha,Sarita Kumari,,,9128655001.0,9128655001.0,"Sarita Kumari | Female | 35 | General | Brahmin | Social Worker

-Businesswoman, (Runs Girls Hostel)
-Social Worker(Works at Slum Area)
-Works Of NGO Pratham and Provide Free Education",Active till ticket distribution,Active for JS,With JS,Call Connected,With JS,Willing to Work in Sangathan at Dist/State Level,,She is in Party and ready to take Sangathan responsibility.,,,,,,,,,,,,,,,,,,,,,,,,,,,,,,,,
Patna,181- Digha,Dr Nirmal Kumar Singh,,,9955542175.0,9955542175.0,"Dr Nirmal Kumar Singh | Male | 64 | General | Rajput | Retired Bank Employee

-Retired Govt Bank Officer
-Former Eastern Zone Indian Bank Union President(2016 to 2019 & 2000 to 2003)
-Former Vice President of Bihar Bank Union(2013 to 2016)
-Former Rashtriya Lok Morcha Pradesh Upadhyaksh(2023 To 2024)
-Former Treasurer NABARD Employee Association
-President of AK Jana Memorial Society
-President of Maharana Pratap Samaj
-Vice President of Akhil Bhartiya Swarn Morcha
-Pradesh Upadhyaksh Rashtriya Lok Morcha
-Ph.D in Political Science",Active till ticket distribution,Neutral Stance,With JS,Call Connected,With JS,Willing to Work in Sangathan at Dist/State Level,,"His feedback is that he is connected with the party’s ideology, but he was deeply hurt by the decisions the party took during the elections without taking his opinion. At present, he does not wish to work. The rest will be decided later as per the directions of the National President.",,,,,,,,,,,,,,,,,,,,,,,,,,,,,,,,
Patna,182-Bankipur,Shivnath Yadav Urf Baban Yadav,,,7903421448.0,7903421448.0,"Shivnath Yadav | Male | 61 | OBC | Yadav | MLA Contestant

-Former MLA Contestant, 2000, Patna West Constituency, RJD, Got 48000 Votes
-Former MLC Contestant, Patna Zila Nikay, Independent, 2002, Runner Up
-Former Ward Councilor Contestant, 2017 & 2022, Runner Up Both Times
-Former RLSP State Vice President, 2021 To 2023
-Former BJP State Working Committee Member, 2018 To 2020
-Former RJD Pradesh Mahasachiv, 1997 To 2017
-Former Janta Dal Youth State Vice President, 1990 To 1995
-Jan Suraaj District Incharge and Core Committee Member",Active till ticket distribution,Helped Other Party,Not with JS,Call Connected,With JS,Willing to Work in Sangathan at Dist/State Level,,"His feedback is that there was a lack of motivation among the party workers, due to which even people associated with the party did not vote for Jan Suraaj. We should also have been consulted during ticket distribution. I am connected with the party’s ideology, and I am observing how active the party will be going forward; after that, I will take my decision. For now, I am just a member of the party.",,,,,,,,,,,,,,,,,,,,,,,,,,,,,,,,
Patna,182-Bankipur,Pramod Kumar Mishra,,,9334746458.0,9334746458.0,"Pramod Kumar Mishra | Male | 61 | Brahmin | General | Former RJD Intelectual Cell VP

-M.Sc Mathematics
- Former RJD State Vice President  Intellectual Cell(2014 to 2022)
- Flight Lieutenant at Indian AIr Force(1984 to 1999)
-Director of NGO Well Age Foundation(2014 to Till Date)
",Not Active,Neutral Stance,Not with JS,Call Connected,Not with JS,,,"His feedback is that the JSP work done was good and the issue was good before the selection of the candidate during election , and the Sangathan did not work at the grassroots level. At present, I do not want to do politics, and I also do not want to remain in the party.",,,,,,,,,,,,,,,,,,,,,,,,,,,,,,,,
Patna,182-Bankipur,Ravi Kumar,,,9304277855.0,9304277855.0,"Ravi Kumar | Male | 31 | General | Bhumihar | RPI State President

-Former RPI Party State President, 2024 To 2024
-Real Estate Business
-Runs Hotels
-B.tech (Bits Pilani)",Active till ticket distribution, Contested as an Candidate from other Party,Not with JS,Call Connected,Not with JS,,,He contested Independent and left the JSP & don't want to continue.,,,,,,,,,,,,,,,,,,,,,,,,,,,,,,,,
Patna,182-Bankipur,Jyoti Gupta,,,9334135178.0,9334135178.0,"Jyoti Gupta | Female | 46 | EBC | Teli | Ward Councilor

-Former  Ward Councilor, 2007 To 2012
-Former Ward Councilor Contestant, 2002 & 2012, Got 1550 & 2200 Votes
-Former Congress BPCC Member, 2024 To 2025
-Former Congress State General Secretary, 2013 To 2024
-Former Congress District President, Womens Cell
-Former Congress Bihar Secretary, 2009 To 2011
-Former Congress Organisational Secretary, 2007 to 2009
-National Working President of Teli Mahasanghatan, 2024 To Till Date
-Founder of Chandra Gupta Charitable & Memorial Trust",Active till ticket distribution,Neutral Stance,With JS,Call Connected,Not with JS,,,She is not with Jan suraaj party ( not intrested in JSP ) and willing to join back INC .,,,,,,,,,,,,,,,,,,,,,,,,,,,,,,,,
Patna,182-Bankipur,Amitesh Lakhaiyar,,,9334128379.0,9334128379.0,"Amitesh Lakhaiyar | Male | 60 | General | Kayastha | Social Worker

-Retired as a Class 1 Officer , Bihar Govt, It Department, 2024
-Social Worker",Active till ticket distribution,Helped Other Party,Not with JS,Call Connected,Not with JS,,,"His feedback is that money was taken to give a ticket in that party, so he left the JSP party and joined the BJP.",,,,,,,,,,,,,,,,,,,,,,,,,,,,,,,,
Patna,182-Bankipur,Vandana Kumari,37.0,Female,7979079420.0,6205919481.0,"Vandana Kumari | Female | 37 | General | Bhumihar | Enterpreneur

-M.D of Lucky Sewa Foundation
-M.D of Inband Solutions
-Member Of Bhumihar Mahila Sangh
-Environmentalist(Works for Saving Trees and Planting New Ones)
-Receievd Aspiring Mahila International Award in 2023
-Receievd Mahila Ratan Awards(2023 To 2024) For  Women Enterpreneur
-",Candidate,Active for JS,With JS,Call Connected,With JS,,,,,,,,,,,,,,,,,,,,,,,,,,,,,,,,,,,
Patna,183- Kumhrar,Dr Umakant Pathak,,,9835291966.0,9835291966.0,"Dr Umakant Pathak | Male | 68 | General | Brahmin | Doctor

-Former Congress Member
-Member of Indian Medical assocaition
-Memebr of Surgeon Association Of India
-Former State Presdient of Human Right Mission(2013 to till Date)
-Runs a Private Clinic(Nautan Chikitsalay)-1984 to Till Date
-Social Worker(Provide Free Medical Camp for Poors)",Active till ticket distribution, Contested as an Candidate from other Party,Not with JS,Call Connected,Not with JS,,,He has joined BSP & contested Independent election and left JSP ( not intrested in it anymore ).,,,,,,,,,,,,,,,,,,,,,,,,,,,,,,,,
Patna,183- Kumhrar,Parijat Saurabh,,,9999935553.0,9999935553.0,"Parijat Saurabh | Male | 63 | General | Kayastha | Retired SBI Officer

-Retrired SBI Officer
-RSS Member For 55 Years
-Father Was Sahilendra Nath Srivastav, was MP , BJP Patna Central, 1985 To 1990
-Father Was MLA , BJP Kumhrar, 1980 To 1985 
-Jan Suraaj District President, Patna
-Social Worker",Active till ticket distribution,Active for JS,With JS,Call Connected,With JS,Willing to Work in Sangathan at Dist/State Level,,"He is saying that I have given the feedback to the observer, and in the future, I will fulfill whatever responsibilities the party assigns.",,,,,,,,,,,,,,,,,,,,,,,,,,,,,,,,
Patna,183- Kumhrar,Anand Kishor Deepak,,,7909023900.0,7909023900.0,"Anand Kishor Deepak | Male | 66 | General | Kayastha | RJD Mahasachiv

-Former RJD Mahasachiv, 1999 To 2002 & 2004 To 2007
-Director Of Prem Shri Developers
-Social Worker",Active till ticket distribution,Neutral Stance,Not with JS,Call Connected,Not with JS,,,"His feedback is that the party should have talked to everyone  ACC at once before making a decision for candidature. And an external candidate was brought in, which I am not happy with, and I don’t want to work in politics while staying in the party.",,,,,,,,,,,,,,,,,,,,,,,,,,,,,,,,
Patna,183- Kumhrar,Amar Kumar Sinha,,,9835052525.0,9835052525.0,"Amar Kumar Sinha | 54 | General | Kayastha | ASA National General Secretary

-Former ASA Party National General Secretary, 2024 To 2025
-Former JDU Loksabha Prabhari, Patna , 2022
-Former JDU Vidhansabha Prabhari, Phulwari, 2020
-Former JDU District President, 2019 To 2022
-Former Congress District Coordinator, 2013 To 2018
-Former Congress Ditrict Vice President, 2005 To 2013
",Active till ticket distribution,Helped Other Party,Not with JS,Call Connected,Not with JS,,,"His feedback is that the party was damaged because of JSPT. Under the name of tickets, money was collected from everyone and people were cheated. Money was taken in exchange for giving tickets, and such an atmosphere was created. Because of this, I left the party and joined JDU, and I will not work in JSP anymore.",,,,,,,,,,,,,,,,,,,,,,,,,,,,,,,,
Patna,183- Kumhrar,Anuj Kumar Singh,,,9661328903.0,9661328903.0,"Anuj Kumar Singh | Male | 61 | General | Rajput | Professor

-Professot at Jyoti Kunwar Degree College, Fatehpur, Patna
-M.Com

",Not Active,Neutral Stance,Not with JS,Call Connected,With JS,Willing to Work in Sangathan at Assembly Level,,His feedback is he will remain in party and won't be able to serve as Post holder in Sangathan because he is profeesor in Gov. college . He is willing to contest mayor election 2027 of Patna NN .,,,,,,,,,,,,,,,,,,,,,,,,,,,,,,,,
Patna,183- Kumhrar,Ravi Nandan Sahay,,,9431647938.0,9431647938.0,"Ravi Nandan Sahay | Male | 66 | General | Kayastha | Lawyer

-Former JDU Member, 2020 To 2022
-Former Rashtrawadi Jan Congress, National Working President, 2018 To 2020
-Former RJD Pradesh Mahasachiv, 2013 To 2015
-Advocate at Patna Civil  Court",Active till ticket distribution,Neutral Stance,With JS,Switch Off,,,,,,,,,,,,,,,,,,,,,,,,,,,,,,,,,,,,
Patna,183- Kumhrar,Dr Sagar Anand,,,7677138090.0,7677138090.0,"Dr Sagar Anand | Male | 36 | General | Kayastha | Doctor

-Doctor
-Runs a Private Clinic
-Former BJP Member 2015 To 2024
-Former AAP Member(2014 To 2015)
-MBBS & MS",Not Active,Neutral Stance,Not with JS,Call Connected,With JS,None of the Above ,,"He is in I am in the party, but to move forward in active politics, I would like to first take advice from Udai Singh ji and then proceed, because my commitments keep me very busy as i'm a Doctor.",,,,,,,,,,,,,,,,,,,,,,,,,,,,,,,,
Patna,183- Kumhrar,Premendra Priyadarshi,,,9868146110.0,9868146110.0,"Premendra Priyadarshi | Male | 65 | General | Bhumihar | Doctor

-Worked as a Doctor in United Kingdom
-Former BJP Member(1980 To 2014)
-Author Of 7 Books
-MBBS & MD(Medicine)",Not Active,Neutral Stance,With JS,Call Connected,With JS,None of the Above ,," His feedback is that I can stay in the party, but I won’t be able to participate actively because I am currently in Bangalore and will come to Patna by April. After that, I will decide whether I should move forward in politics with JSP or not.",,,,,,,,,,,,,,,,,,,,,,,,,,,,,,,,
Patna,184- Patna Sahib,Md Shabbar Ali,,,8809951043.0,9608818939.0,"Md Shabbar Ali | Male | 35 | Minority | Dafali | Former RJD Youth Wing VP

-Former RJD District Youth Wing Vice Presdient(2019 to 2022)
-Former RJD  Patna Mahanagar Youth Wing Vice President(2015 to 2019)
-Former RJD Patna Mahanagar Youth Wing General Secretary(2011 to 2014)
-Former RJD Youth Wing Leader(P.U)
",Active till ticket distribution,Neutral Stance,Not with JS,Switch Off,,,,,,,,,,,,,,,,,,,,,,,,,,,,,,,,,,,,
Patna,184- Patna Sahib,Ranjeet Prabhakar,,,9546665685.0,9546665685.0,"Ranjeet Prabhakar | Male | 49 | OBC | Yadav | ASA National Vice President

-Former ASA Party National Vice President, 2024 To 2025
-Former BJP Panchayti Raj Vice President, 2021 To 2023
-Former jDU Nagar Nikai State President, 2015 To 2021
-Former JDU Business Cell Vice President, 2012 To 2015
-Buisnessman(Spices, Chemicals & Real Estate)",Active till ticket distribution,Helped Other Party,Not with JS,Not Received ,,,,,,,,,,,,,,,,,,,,,,,,,,,,,,,,,,,,
Patna,184- Patna Sahib,Subodh Kumar,,,6206232722.0,6206232722.0,"Subodh Kumar | Male | 41 | OBC | Kushwaha | Businessman

-Businessman(Cloth Merchant)
-Jan Suraaj Patna Youth Secretary
-Social Worker",Active till ticket distribution,Active for JS,With JS,Call Connected,With JS,Willing to Work in Sangathan at Dist/State Level,,His feedback is that he will fulfill whatever responsibility the party assigns and will give time to the party’s sangathan according to his capacity.,,,,,,,,,,,,,,,,,,,,,,,,,,,,,,,,
Patna,184- Patna Sahib,Arpana Yadav,,,7488321610.0,7488321610.0,"Arpana Yadav | 26 | Female | OBC | Yadav | Businesswoman

-Director Of Patliputra Properties Pvt. Ltd
-Owner Of Dahi Bhunia Dhaba Pvt. Ltd, Patna 
-Member Of Vyavasi Suraksha Kalyan Trust, 2025 
-Aaghaz India Foundation President",Active till ticket distribution,Neutral Stance,With JS,Call Connected,With JS,None of the Above ,,She is in Party & will share her feedback when she returns to Bihar . Now she is engaged in her Bussiness work.,,,,,,,,,,,,,,,,,,,,,,,,,,,,,,,,
Patna,185-Fatuha,Gopal Shankar,,,9006247972.0,9006247972.0,"Gopal Shankar | Male | 49 | General | Rajput | Software Engineer

-Runs a IT Consulting Company, Atlanta, USA
-B.tech 
-Social Worker(Helps poors and needy financially) ",Not Active,Helped Other Party,Not with JS,Call Connected,Not with JS,,,He is out of India now . No clearance that he will continue in party .,,,,,,,,,,,,,,,,,,,,,,,,,,,,,,,,
Patna,185-Fatuha,Raju Kumar,38.0,Male,8789771414.0,8789771414.0,"Raju Kumar | Male | 38 | General | Rajput | Incumbent Mukhiya

-Incumbent Mukhiya(2021 To Till date & 2011 To 2016)
-Former  Mukhiya Contestant(2016)
-Rashtriya Karni Sena Pradesh Mahamantri
-Jan Suraaj Anumandal Upadhyaksh",Candidate,Active for JS,With JS,Call Connected,With JS,,PK meeting is sheduled,,,,,,,,,,,,,,,,,,,,,,,,,,,,,,,,,
Patna,185-Fatuha,Rajesh Kumar,,,9472919333.0,9472919333.0,"Rajesh Kumar | Male | 41 | General | Rajput | Congress Pradesh General Secretary

-Former Congress Pradesh General Secretary, 2014 To 2019
-Former Congress Youth President, Patna, 2011 To 2014
-Father Contested the Assembly Election , Fatuha , 2010, Congress 
-Father Congress the Parliamentary Election in 1996, Congress , Patna Central 
-Govt Contractor, Civil
-Director of Vishwa Bharti CBSE Affliated School, Jehanabad & Hajipur
-Director of Ramji Singh Degree College , Jehanabad",Active till ticket distribution,Active for JS,With JS,Busy,,,,,,,,,,,,,,,,,,,,,,,,,,,,,,,,,,,,
Patna,186-Danapur,Rahul Kumar,,,7277766777.0,7277766777.0,"Rahul Kumar | Male | 37 | OBC | Kurmi | Buisnessman

-Real Estate Business(Anshul Homes Pvt Ltd)
-Anshul Cricket Academy
-Anshul Welfare Foundation Founder",Active till ticket distribution,Active for JS,With JS,Busy,,,,,,,,,,,,,,,,,,,,,,,,,,,,,,,,,,,,
Patna,186-Danapur,Sanjiv Srivastwa ,,,9830066516.0,9830066516.0,"Sanjiv Srivastwa | Male | 52 | General | Kayastha | LJP(R)

-Former LJP(R), State General Secretary, 2022 To 2023
-Former AAP State Vice President, 2020 To 2021
-Former Congress Member, 2018 To 2019
-Social Activist, Startup Mentor & Innovator
-Created More than a Lakh Employment
-Ex Member State innovation Council, Bihar
-Advisor BISCOMAUN
-Founder Bihar Bioplastic",Active till ticket distribution,Helped Other Party,Not with JS,Switch Off,,,,,,,,,,,,,,,,,,,,,,,,,,,,,,,,,,,,
Patna,186-Danapur,Dhiraj Kumar Yadav,,,9304852444.0,9304852444.0,"Dhiraj Kumar Yadav | Male | 41 | OBC | Yadav | Incumbent Ward Councilor

-Incumbent 5 Consecutive Terms Ward Councilor, 2002 To Till Date
-Former Nagar Parishad Chairman Contestant, 2017 
-Close To Danapur Nagar Parishad Chairman, Shilpi Devi
-Contractor",Not Active,Helped Other Party,Not with JS,Call Connected,Not with JS,,,Not  Intrested in JSP & don't want to continue .,,,,,,,,,,,,,,,,,,,,,,,,,,,,,,,,
Patna,187-Maner,Rana Uday Pal Singh,,,7979069321.0,7979069321.0,"Rana Uday Pal Singh | Male | 40 | General | Rajput | Former Defacto Mukhiya

-Former Defacto(Sister In Law) Mukhiya, 2011 To 2016
-Former BJP Member, 2005 To 2022
-Jan Suraaj Zila Sachiv
-Businessman(Flex Board and Tea Shop)",Active till ticket distribution,Active for JS,With JS,Not Received ,,,,,,,,,,,,,,,,,,,,,,,,,,,,,,,,,,,,
Patna,187-Maner,Sushila Devi,,,8757679900.0,8757679900.0,"Sushila Devi | Female | 39 | SC | Dusadh | Jeevika Worker

-Working at Jeevika 
-Social Worker(Works for mostly girls empowerment)
-Jan Suraaj Anumandal Upadhyaksh",Active till ticket distribution,Active for JS,With JS,Busy,,,,,,,,,,,,,,,,,,,,,,,,,,,,,,,,,,,,
Patna,187-Maner,Golu Kumar,,,8935932012.0,8935932012.0,"Golu Kumar | Male | 25 | OBC | Yadav | Student

-Student
-Social Worker(Makes an Sanstha Parliputra Sewa Smiti ",Active till ticket distribution,Active for JS,With JS,Not Received ,,,,,,,,,,,,,,,,,,,,,,,,,,,,,,,,,,,,
Patna,187-Maner,Dhananjay Kumar,,,9386887808.0,9386887808.0,"Dhananjay Kumar | Male | 53 | OBC | Yadav | Mukhiya Contestant

-Former Mukhiya Contestant, 2021 Got, 460 Votes
-Former Panchayat Samiti Contestant, 2011, Got 408 Votes
-Former RJD Member
-Former Congress Member
-Jan Suraaj Sanghatan Zila Spokesperson",Active till ticket distribution,Active for JS,With JS,Call Connected,With JS,Willing To Contest Panchayati Raaj ,,"His feedback is that tickets were not given to the right candidate—those who work at the grassroots level and can earn votes from the public through hard work. At present, I am with Jan Suraaj and preparing for Panchayati Raj. I will contest either the Mukhiya or Zila Parishad election, and after that, I will take responsibility within the Party sangathan.",,,,,,,,,,,,,,,,,,,,,,,,,,,,,,,,
Patna,187-Maner,Mukesh Kumar Soni ,,,8434639914.0,8434639914.0,"Mukesh Kumar Soni | Male | 38 | OBC | Sonar | Zila Sachaiv Plurals Party

-Former , Patna Zila Sachiv, Plurals Party, 2020 To 2021
-Jan Suraaj Anumandal Zila Yuva Adhyaksh
-Jan Suraaj Maner Vidhansabha Sanyojak
Founder President Of RSS Ek Umeed Foundation, 2018
-Businessman(Jewellary Shop)",Active till ticket distribution,Active for JS,With JS,Call Connected,With JS,Willing to Contest PRI election and also ready to work in sangathan,,"His feedback is that during the election period the candidate was not active, and at the booth level the sangathan was completely inactive. On the day of the election, the district president was supporting the LJP candidate. I am in the party and I will fulfill my responsibilities toward the sangathan, and at the same time I will also prepare for the Zila Parishad election.",,,,,,,,,,,,,,,,,,,,,,,,,,,,,,,,
Patna,188-Phulwari (sc),Ravi Kumar,,,8102960151.0,8102960151.0,"Ravi Kumar | Male | 42 | SC | Dhobi | MLA Contestant

-Former MLA Contestant, Plurals Party, 2020, got 1680 Votes
-Former Plurals Party Zila Adhyaksh(2019 to 2024)
-Former Akhil Bhartiya Parivaar Party(2016 to 2016), Pradesh Upadhyaksh
--Former Bhim Sena Zila Adhyaksh(2016 to till Date)
-Former SBI Employee",Active till ticket distribution,Helped Other Party,With JS,Call Connected,With JS,Willing to Contest PRI election and also ready to work in sangathan,,"His feedback is that after giving the party ticket, the remaining candidates were not managed properly, due to which the party had to suffer losses. I am currently in the party and I will take responsibility, but the party should ensure that if I work hard, the same situation does not happen again as it did this time. I will prepare to contest the election in 2030.",,,,,,,,,,,,,,,,,,,,,,,,,,,,,,,,
Patna,188-Phulwari (sc),Binod Kumar Vidyarthi,,,7229050788.0,7229050788.0,"Binod Kumar Vidhyarthi|Male| SC |Paswan|Former PNB Officer

-Former PNB Employee
-Former CPIML Member(1985 to 2023)
-Saved 27 house  when order has been passed to demolish it  in Kalyanchak Panchayat.
-Fought for SC Community when Kurmi Community geonicide 19 people of SC Community(1979)
-Jan Suraaj State Commitee Member",Active till ticket distribution,Helped Other Party,Not with JS,Call Connected,Not with JS,,,He left the party & don't want to continue in it.,,,,,,,,,,,,,,,,,,,,,,,,,,,,,,,,
Patna,189-Masaurhi (SC),Rajeshwar Manjhi,52.0,,8709651852.0,8709651852.0,"Rajeshwar Manjhi | Male | 52 | Male | SC | MLA Contestant

-Former ZP Contestant, 2001, 4011 Votes
-Former Sarpanch(2006 To 2011)
-Former MLA Contestant, 2015, Phulwari, HAM, 48380 Votes
-Former HAM, SC/ST Cell National President(2014 To 2024)
-Former CPIML Panchayat Adhyaksh(1994 To 1995)
-Former RJD SC Cell Pradesh Upadhyaksh(2012 to 2014)
-",Candidate,Active for JS,With JS,Call Connected,With JS,,PK meeting is sheduled,,,,,,,,,,,,,,,,,,,,,,,,,,,,,,,,,
Patna,188-Phulwari (sc),Santosh Kumar Paswan,,,7004323967.0,7004323967.0,"Santosh Kumar Paswan | Male | 48 | SC | Paswan | Former RJD Member

-Former RJD Member, 2008 To 2021
-Jan Suraaj Zila Upadhyaksh
-Businessman(Real Estate)",Active till ticket distribution,Active for JS,With JS,Call Connected,With JS,Willing to Work in Sangathan at Dist/State Level,,"His feedback is that after the distribution of tickets, the state party sangathan never approached the remaining accs to manage or engage them, due to which there was heavy oppose within the sangathan. Going forward, whatever responsibility the party assigns to me, I will fulfill it, and I will work ahead after meeting with Prashant ji.",,,,,,,,,,,,,,,,,,,,,,,,,,,,,,,,
Patna,188-Phulwari (sc),Shashikant Prasad,39.0,Male,8051447838.0,8051447838.0,"Shashikant Prasad | Male | 39 | SC | Paswan | Congress Working Commitee Member

-Former Professional Congress Working Committee Member
-HOD at JNL College, Khagaul
-All India SC/ST Organisation State President, 2021 To 2025
-Former JLN College Teachers Orrganisation Secretary, 2019 To 2022
-Social Worker",Candidate,Active for JS,With JS,Call Connected,With JS,,PK meeting is sheduled,,,,,,,,,,,,,,,,,,,,,,,,,,,,,,,,,
Patna,189-Masaurhi (SC),Er. Raj Kumar Paswan,,,9431011666.0,9431011666.0,"Er. Raj Kumar Paswan | Male | 64 | SC | Paswan | Retired Govt. Engineer

-Retired Govt. Engineer
-Received Prasahati Patra by Bihar State Govt, for Contribution to Human Service 
-Social Worker",Not Active,Helped Other Party,Not with JS,Call Connected,With JS,Willing to Work in Sangathan at Assembly Level,,"His feedback is that during the election, the candidate’s involvement was not visible, due to which I became inactive. However, I am part of the party, and I will fulfill whatever responsibility I am given in the organization",,,,,,,,,,,,,,,,,,,,,,,,,,,,,,,,
Patna,189-Masaurhi (SC),Dr Prashant Kumar Bhaskar,,,9122858081.0,9835815742.0,"Dr Prashant Kumar Bhaskar | Male | 40 | SC | Ravidas | RLSP Pradesh Adhyaksh

- Former RLSP, Chikitsa Prakosth Pradesh Adhyaksh (2017 -2021)
-  Former RJD, Chikitsa Prakosth Pradesh Upadhyaksh (2013 -2017) 
- Mama, Niranjan Ram former 2 terms Mohaniya Vidhayak from BJP 
- Mausi, Malti Devi former Vidhayak from Bodhgaya and former  MP Nawada.
-- MBBS, Orthopedic & Surgent, Owns 4 Hospitals
- Director of Pragati Mission Sansthan
- Director of Shrimati Piyariya Raghunath Prasad Memorial Trust
- Core Member of NGO, Dalit Mukti Mission ",Active till ticket distribution,Active for JS,With JS,Switch Off,,,,,,,,,,,,,,,,,,,,,,,,,,,,,,,,,,,,
Patna,189-Masaurhi (SC),Chandrakant Kumar,,,9110185957.0,9110185957.0,"Chandrakant Kumar | Male | 52 | SC | Dusadh | Incumbent NP Vice Chairman

-Incumbent Nagar parishad Vice Chairman, 2022 To Till Date
-Property Dealer
-Social Worker",Not Active,Helped Other Party,Not with JS,Call Connected,Not with JS,,,He left JSP & not intrested anymore in it.,,,,,,,,,,,,,,,,,,,,,,,,,,,,,,,,
East Champaran,19-Motihari,Govind Gopal Jaiswal Alias Anshul Jaiswal,,,8757509776.0,8757509776.0,"Govind Gopal Jaiswal | Male | 41| OBC | Bania | RJD Nagar President 

-Prominent Businessman ( Payal Picture Palace, Pvt. School &  Chimnis)
-Prominent farmer ( 100 Acre)
-RJD Nagar President Business Cell ( 2005-2015)
-Jansuraaj Anumandal (Motihari) Chief Spokeperson
-His family Donated lot of land for ( 7 Govt School, 3 Vivaah Bhawan, Mosque, Temples and Degree College)
-Active Social Worker( Working on health, Education and poor girls marriages)
-Member of Rotary Club & Red Cross Society.",Active till ticket distribution,Neutral Stance,With JS,Call Connected,With JS,Willing to Work in Sangathan at Dist/State Level,,"he will not contest Panchayat elections, he will only work in Sanghthan.",,Call Connected,No,,"Govind Gopal Jaiswal | Male | 41| OBC | Bania | RJD Nagar President 

-Prominent Businessman ( Payal Picture Palace, Pvt. School &  Chimnis)
-Prominent farmer ( 100 Acre)
-RJD Nagar President Business Cell ( 2005-2015)
-Jansuraaj Anumandal (Motihari) Chief Spokeperson
-His family Donated lot of land for ( 7 Govt School, 3 Vivaah Bhawan, Mosque, Temples and Degree College)
-Active Social Worker( Working on health, Education and poor girls marriages)
-Member of Rotary Club & Red Cross Society.",,,,,,,,No,,,,,,,,,,,,,,,,,,,
East Champaran,19-Motihari,Vibha Sharma,,,7542816555.0,7542816555.0,"Vibha Sharma | Female | 55 | Geenral | Bhumihar | Incumbent ZP


-Former 2 times Panchayat Samiti(2006 to 2016)
-Former Block Pramukh(2006 to 2011)
Former BJP Mahila Cell Zila Adhyaksh(2008 to 2020)
-Jan Suraaj Zila  Mahila Adhyaksh",Active till ticket distribution,Neutral Stance,,Call Connected,Not with JS,,,,,,,,,,,,,,,,,,,,,,,,,,,,,,,,,,,
East Champaran,19-Motihari,Ajay Kumar Azad,,,7004689051.0,7004689051.0,"Ajay Kumar Azad | Male | General | Kayastha | Mayor Contestant

-Former Mayor Contestant, Motihari , 2022, 8409 Votes
-Former JDU Member(2019 to 2021)
-Jan Suraaj Sanghatan Zila Sachiv
-Lions Club Motihari Member
-Chamber Of Commerce Member
-Citizen Forum Member
-Businessman",Active till ticket distribution,Active for JS,With JS,Call Connected,With JS,Willing to Work in Sangathan at Dist/State Level,,"He will not contest the Panchayat elections because he falls under an urban (Nagar) area. He wants to work within the organization and help strengthen it.

",,Call Connected,No,No,"Ajay Kumar Azad | Male | General | Kayastha | Mayor Contestant

-Former Mayor Contestant, Motihari , 2022, 8409 Votes
-Former JDU Member(2019 to 2021)
-Jan Suraaj Sanghatan Zila Sachiv
-Lions Club Motihari Member
-Chamber Of Commerce Member
-Citizen Forum Member
-Businessman",,,,,,,,No,#REF!,,,NAGAR NIGAM CANDIDATE,,,,,,,,,,,,,,,
East Champaran,19-Motihari,Sudha Varma,,,9122406321.0,9122406321.0,"Sudha Varma | Female | 49 | General | Kayastha | ZP Contestant

-Former  ZP Contestant(2021), Got 3100 Votes
-Jan Suraaj Zila Sanghatan Prabhari
-Jan Suraaj State Core Committee Member, Mahila",Active till ticket distribution,Neutral Stance,,Call Connected,With JS,Willing to Contest PRI election and also ready to work in sangathan,,"She was unhappy about not getting a ticket; however, they will carry out any responsibility entrusted to them by Jan Suraaj after meeting with pk and he will contest the Zp election in PRI Election.

",,,,,,,,,,,,,,,,,,,,,,,,,,,,,,,,
East Champaran,19-Motihari,Ritu Ranjan,,,7858965166.0,7858965166.0,"Ritu Ranjan | Female | 38 | General | Kayastha | Enterpreneur

-Ready Made Garments Factory
-Nagar Nigam Mahila Adhyaksh
-Social Worker",Active till ticket distribution,Active for JS,With JS,Call Connected,With JS,Willing to Work in Sangathan at Dist/State Level,,she will not contest the PRI election but wants to remain in Sanghthan ,,Call Connected,No,,"Ritu Ranjan | Female | 38 | General | Kayastha | Enterpreneur

-Ready Made Garments Factory
-Nagar Nigam Mahila Adhyaksh
-Social Worker",,,,,,,,No,,,,,,,,,,,,,,,,,,,
East Champaran,19-Motihari,Kumar Amit ,,,9771853800.0,9771853800.0,"Kumar Amit  | Male | 47 | OBC | Bania | Advocate

-Advocate Patna High Court
-Former Excise Superitendent(BPSC Qualified)
-Mother, Rajkumari Gupta was Deputy Chairperson of Motihari Nagar Nigam(2007 To 2012)
-Maternal Grandfather Dr Bindeshwari Prasad was Freedom fighter and Participate In Quit India Movement)
-Involved in Conservation & Upliftment of Motijheel, Motihari
-Provide free Legal Aid to poor People
-Jan Suraaj Zila Sachiv",Active till ticket distribution,Active for JS,With JS,Call Connected,Not with JS,,,,,Call Connected,No,,"Kumar Amit  | Male | 47 | OBC | Bania | Advocate

-Advocate Patna High Court
-Former Excise Superitendent(BPSC Qualified)
-Mother, Rajkumari Gupta was Deputy Chairperson of Motihari Nagar Nigam(2007 To 2012)
-Maternal Grandfather Dr Bindeshwari Prasad was Freedom fighter and Participate In Quit India Movement)
-Involved in Conservation & Upliftment of Motijheel, Motihari
-Provide free Legal Aid to poor People
-Jan Suraaj Zila Sachiv",,,,,,,,No,,,,,,,,,,,,,,,,,,,
East Champaran,19-Motihari,Sushil Kumar,,,9031349665.0,9031349665.0,"Sushil Kumar | Male | 38 | OBC | Bania | Businessman

-Businessman(Cold Storage)
-Social Worker",Not Active,,,Call Connected,Not with JS,,,,,,,,,,,,,,,,,,,,,,,,,,,,,,,,,,,
East Champaran,19-Motihari,Ranjeet Kumar,,,9771522715.0,9771522715.0,"Ranjeet Kumar | Male | 47 | General | Kayastha | Former ZP Contesatnt

-Former ZP Contestant(2001), Got 2501 Votes
-Director of Revel Group of Management
",Active till ticket distribution,Active for JS,With JS,Call Connected,Not with JS,,,,,Call Connected,No,No,"Ranjeet Kumar | Male | 47 | General | Kayastha | Former ZP Contesatnt

-Former ZP Contestant(2001), Got 2501 Votes
-Director of Revel Group of Management
",,,,,,,,No,#REF!,,,NOT IN THE PARTY,,,,,,,,,,,,,,,
East Champaran,19-Motihari,Amit Kumar,,,8860371710.0,8860371710.0,"Amit Kumar | Male | 37 | General | Kayastha | Entrepreneur

-Director Of ARK  Group, PCB Manufacturing
-Vice President Of Indian Printed Circuit Association, 2019 To Till Date
-Social Worker",Active till ticket distribution,Active for JS,With JS,Call Connected,With JS,Willing to Work in Sangathan at Dist/State Level,,"He will not contest the PRI election; however, if any responsibility is assigned to him within the organization, he will fulfill it",,Call Connected,,Not Interested,"Amit Kumar | Male | 37 | General | Kayastha | Entrepreneur

-Director Of ARK  Group, PCB Manufacturing
-Vice President Of Indian Printed Circuit Association, 2019 To Till Date
-Social Worker",,,,,,,,No,,,,,,,,,,,,,,,,,,,
Patna,190-Paliganj,Utkarsh Yadav,,,9910205885.0,9910205885.0,"Utkarsh Yadav | Male | 37 | OBC | Yadav | ZP Contestant

- Former ZP Contestant (2021-5332 Votes)
-Former Congress  Patna Grameen & Patna Town General Secretary -2020 to 2022
-Former Congress Member(2008 to 2023)
",Active till ticket distribution,Helped Other Party,Not with JS,Call Connected,Not with JS,,,"His feedback is that he agrees with the ideology of the Jan Suraaj Party, and if the party finalizes him as a candidate and launches him, then he will work for the party.",,,,,,,,,,,,,,,,,,,,,,,,,,,,,,,,
Patna,190-Paliganj,Dr Shyamnandan Sharma ,70.0,,9934056220.0,9934056220.0,"Dr Shyamnandan Sharma | Male | 70 | General |Bhumihar | Doctor


-Former  HAM  National Spkesperson & National working Commite Member (2022- 2023)
- Former CPIML State committee Member (1990 - 2022)
- Former CPI Sate Committee Member (1968- 1990)
-Former  Panchayat Samiti Member( 1975- 1980)
-Runs a Private Clinic Named Peoples Clinic
-MBBS",Candidate,Active for JS,With JS,Call Connected,With JS,,,,,,,,,,,,,,,,,,,,,,,,,,,,,,,,,,,
Patna,190-Paliganj,Ashwini Kumar,,,9939665323.0,9939665323.0,"Ashwini Kumar | Male | 42 | OBC | Yadav | Defacto Mukhiya

-Incumbent Defacto Mukhiya(2021 To Till Date)
-Jan Suraaj Prakhand Adhyaksh
-Social Work",Active till ticket distribution,Active for JS,With JS,Call Connected,With JS,Willing to Contest PRI election and also ready to work in sangathan,,"His feedback is that the candidate did not ask for support or interact with the sangathan during the elections, due to which the people in the sangathan supported someone else. I am in the party and preparing for Panchayati Raj. Whatever responsibility the party gives me, I will fulfill it.",,,,,,,,,,,,,,,,,,,,,,,,,,,,,,,,
Patna,190-Paliganj,Shiv Kumar Singh,,,7781020277.0,9472087301.0,"Shiv Kumar Singh | Male | 63 | OBC | Yadav | ZP Member

-Incumbent ZP Member, 2021 To Till Date
-Former 3 Terms Mukhiya, 2001 To 2016
-Former ZP Contestant, 2016
-Social Worker",Not Active,Helped Other Party,Not with JS,Call Connected,With JS,Willing To Contest Panchayati Raaj ,,"His feedback is that he is currently with the party, but until the Panchayati Raj elections he will not be able to give time to the party. After that, whatever responsibility the party gives him, he will fulfill it.",,,,,,,,,,,,,,,,,,,,,,,,,,,,,,,,
Patna,190-Paliganj,Mithilesh Kumar,,,7903488189.0,7903488189.0,"Mithilesh Kumar | Male | 35 | OBC | Kurmi | Incumbent ZP

-Incumbent ZP Member, 2021 To till Date
-Former Student Union Treasurer, College Of Commerce, 2007 To 2009
-Social Worker",Not Active,Helped Other Party,Not with JS,Call Connected,Not with JS,,,Not Intrested in JSP Politics anymore & don't want to continue in it.,,,,,,,,,,,,,,,,,,,,,,,,,,,,,,,,
Patna,190-Paliganj,Sabja Sharma Anju,,,9931923045.0,9931923045.0,"Sabja Sharma Anju | Female | 51 | General | Bhumihar | ZP Member

-Former ZP Member(2006 To 2021)
-Former ZP Contestant(2001, Got 3500 Votes, 2011, Got 2100 Votes, 2016 & 2021)
-Former Congress Pradesh Sachiv(2001 To 2015)
-Jan State Committtee Member",Active till ticket distribution,Active for JS,With JS,Call Connected,With JS,Willing to Contest PRI election and also ready to work in sangathan,,"Her feedback is that she is with the party and will fully carry out whatever responsibility she is given in the sangathan. There is just a slight shortage of resources such as vehical . She is preparing for the Zila Parishad elections, if the roster does not change.",,,,,,,,,,,,,,,,,,,,,,,,,,,,,,,,
Patna,190-Paliganj,Purushottam Sharma,,,9523910156.0,9523910156.0,"Purushottam Sharma | Male | 30 | General | Bhumihar | BJP Mandal Mantri

-Incumbent Defacto Ward Member
--Former BJP Mandal Mantri, 2019 To 2022
-Former BJP Panchayat Adhyaksh, 2015 To 2019
-Former BJP Panna Pramukh, 2014 To 2015
-Runs a CSC Centre , Paliganj
-Jan Suraaj Youth Working Committee Member",Active till ticket distribution,Active for JS,With JS,Call Connected,With JS,Willing to Work in Sangathan at Dist/State Level,,"The feedback is that the sangathan was not active during the election period, and from now onwards active members should be appointed in sangathan . I will work for the Lok Sabha election, for which we need to start forming committees down to the booth level from now itself.",,,,,,,,,,,,,,,,,,,,,,,,,,,,,,,,
Patna,190-Paliganj,Pramod Yadav,,,7870786692.0,7870786692.0,"Pramod Yadav | Male | 56 | OBC | Yadav | Former ZP Contestant

-Former ZP Contestant, 2006 , Got 4351 Votes
-Former RJD Pradesh Mahasachiv, 2009 To 2023
-Former RJD Yuva Rashtriya Sachiv, 2001 To 2009
-Former Yuva RJD Pradesh Sachiv, 1997 To 2001 
-Former Janta Dal Patna Zila Upadhyaksh, 1993 To 1997
-Former Ambedkar Sena Pradesh Mahasachiv, 2009 To 2013
-Govt Contractor",Active till ticket distribution,Helped Other Party,Not with JS,Call Connected,Not with JS,,,Not Intrested in JSP Politics anymore & don't want to continue in it.,,,,,,,,,,,,,,,,,,,,,,,,,,,,,,,,
Patna,190-Paliganj,Rakesh Kumar Singh,,,9955426161.0,9955426161.0,"Rakesh Kumar Singh | Male | 50 | General | Bhumihar | Businessman

-Owns a Petrol Pump
-Builders 
-Founder Of NGO Udyachal Samajik Parivartan Rashtra Seva Sansthan, 
-Social Worker",Active till ticket distribution,Active for JS,With JS,Not Received ,,,,,,,,,,,,,,,,,,,,,,,,,,,,,,,,,,,,
Patna,191-Bikram,Kundan Sharma,,,9431012573.0,9431012573.0,"Kundan Sharma | Male | 58 | General | Bhumihar | Businessman

-Businessman(Runs a Construction Company)
-Social Worker",Active till ticket distribution,Active for JS,With JS,Busy,,,,,,,,,,,,,,,,,,,,,,,,,,,,,,,,,,,,
Patna,191-Bikram,Kumar Guddu,,,9801468433.0,9801468433.0,"Kumar Guddu | Male | 48 | General | Bhumihar | Businessman

-Owner of a Petrol Pump, Brick Klin Business,Runs a Dhaba, Owner of Hotel Arvind, Patna
-Agriculture 
-Social Worker(Distributed Free Clothes and Foods to Poors)",Active till ticket distribution,Neutral Stance,With JS,Call Connected,With JS,Willing to Work in Sangathan at Dist/State Level,,"His feedback is  I am in the party, and I will fulfill whatever responsibility the party gives me to strengthen the sangathan. If the party wants to support the PRI members associated with it in this Panchayati Raj election, then the party should build a coordination sangathan so that there is no internal oppose btw them.",,,,,,,,,,,,,,,,,,,,,,,,,,,,,,,,
Patna,191-Bikram,Reeta Devi,,,9717201883.0,9717201883/9199921883,"Reeta Devi | Female | 47 | General | Bhumihar | Social Worker

-Social Worker 
-Husband Contested the Mukhiya Election , 2001
-Former President Sudha Milk Dairy Association, Naubatpur, 2005 To 2010
-Businesswoman(Eggs Poultry)",Active till ticket distribution,Active for JS,With JS,Not Received ,,,,,,,,,,,,,,,,,,,,,,,,,,,,,,,,,,,,
Patna,191-Bikram,Manoj Kumar,,,8757608964.0,8757608964.0,"Manoj Kumar | Male | 50 | OBC | Yadav | MLA Contestant

-Former MLA Contestant, 2020, Bikram Constituency, Independent, Got 1170 Votes
-Former 2 Terms Mukhiya Contestant, 2011 & 2016, Got 172 & 235 Votes
-Former RJD Member
-Runs a Hardware Shop",Active till ticket distribution,Active for JS,With JS,Not Received ,,,,,,,,,,,,,,,,,,,,,,,,,,,,,,,,,,,,
Bhojpur,192-Sandesh,Dr. Sanjeev Kumar Singh,,,9308917005.0,9308917005.0,"Sanjeev Kumar Singh | Male | 38 | General | Rajput | Incumbent Mukhiya

-Incumbent Mukhiya, 2021 To Till Date
-Incumbent 4 Consecutive Terms PACS President, 2009 To Till Date
-Former Panchayat Samiti , 2006 To 2016
-Former Block Pramukh, 2006 To 2016
Incumbent Vyapar Mandal Adyaksh, 2014 To Till Date
-Jan Suraaj State Working Committee Member",Active till ticket distribution,Helped Other Party,Not with JS,Switch Off,Not with JS,None of the Above ,,Tried Multiple time but not received.,,,,,,,,,,,,,,,,,,,,,,,,,,,,,,,,
Bhojpur,192-Sandesh,Sanjeev Kumar Singh,,,9905208584.0,9905208584.0,"Sanjeev Kumar Singh | Male | 49 | General | Rajput | Teacher

-Former JDU Member(2005 to 2007)
-Runs a Coaching Centre'Sanjeev Classes"" for 25 Years
-Father Vir Bahadur Singh was Freedom Fighter
-Social Work(Provide Free tutions to Poor meritorious Students)
-Jan Suraaj State  Working Committee & Samvidhan Samiti Member",Active till ticket distribution,Neutral Stance,With JS,Call Connected,With JS,,,"Due to coaching-related commitments, we have not been very active since March. We operate a coaching center in Patna and now plan to launch Jan Suraaj Online Gurukul, a free online learning initiative for students.",,Call Connected,,,"Sanjeev Kumar Singh | Male | 49 | General | Rajput | Teacher

-Former JDU Member(2005 to 2007)
-Runs a Coaching Centre'Sanjeev Classes"" for 25 Years
-Father Vir Bahadur Singh was Freedom Fighter
-Social Work(Provide Free tutions to Poor meritorious Students)
-Jan Suraaj State  Working Committee & Samvidhan Samiti Member",,,,,,,,No,#REF!,,,Ye Digha vidhan sabha se aate hai,,,,,,,,,,,,,,,
Bhojpur,192-Sandesh,Paridhi Gupta,,,8210772092.0,8210772092.0,"Paridhi Gupta | Female | 29 | EBC | Teli | Incumbent ZP

-Incumbent ZP Member, 2021 To Till Date
-Mother Sheela Gupta was ZP Member , 2016 To 2021
-Jan Suraaj State Committee Member
-Social Worker",Active till ticket distribution,Neutral Stance,,Busy,,,,"Tried Multiple time but not received, Continously cuts the calls ",,,,,,,,,,,,,,,,,,,,,,,,,,,,,,,,
Bhojpur,192-Sandesh,Soniya Singh,,,9693010158.0,9693010158.0,"Soniya singh | Female | 36 | General | Rajput | Former Panchayat Samiti

-Former Panchayat Samiti, 2011 To 2016
-Former Mukhiya Contestant, 2021, Runner Up
-Businesswoman(Ladies Garments Shop)
-Social Worker",Active till ticket distribution,Neutral Stance,With JS,Call Connected,With JS,Willing To Contest Panchayati Raaj ,Needed,"Didn't able to Meet Prashant Pre, During or After Election. Prashant JI ne Samman nahi diya, Sabse bada sabha karaye lekin phir bhi Ticket Distribution ke time Prashant JI ne ek baar baat bhi nahi ki. Criteria based ticket Distribution hona chahiye. Party ke survey mein bhi inka naam hi aage aaya. Media ne kaafi koshish ki Inka interview lene ki lekin inhone ne media ke saamne kuch nahi kiya, Candidate ne Election ke time bhi ACC ko Ignore kiya, Candidate ne chunav mein apni taqat nahi lagayi. Yeh Mukhiya ka chunav ladenge iss baar. Aur Party ke taraf se jo bhi zimmedaari di jaaye uske liye tayyar hai",,Call Connected,,Interested,"Soniya singh | Female | 36 | General | Rajput | Former Panchayat Samiti

-Former Panchayat Samiti, 2011 To 2016
-Former Mukhiya Contestant, 2021, Runner Up
-Businesswoman(Ladies Garments Shop)
-Social Worker",,,,,,,,Sandesh_31,,,,,,,,,,,,,,,,,,,
Bhojpur,192-Sandesh,Vidya Sagar Singh,,,7977929377.0,7977929377.0,"Vidya Sagar Singh | Male | 41 | OBC | Kushwaha | Retired Indian Navy Officer

-Retired Indian Navy Officer
-Working at Union Bank Bank Of India 
-Director Of Cambridge Nightingle Public School
-Social Worker",Active till ticket distribution,Active for JS,,Call Connected,With JS,Willing To Contest Panchayati Raaj ,,"Will contest for Zila Parishad Election, Will have to take NOC, as there is a Provision in which an employee will take a leave for 6 Months. Currently working in Union Bank Mumbai, also want a favour from Prashant Ji as he wants his transfer from Mumbai to Patna aur Bhojpur Branch. Also wants to work for party in Bihar.",,,,,,,,,,,,,,,,,,,,,,,,,,,,,,,,
Bhojpur,192-Sandesh,DR. Mithilesh Kumar Roy,,,8974123930.0,8974123930.0,"DR. Mithilesh Kumar Roy | Male | 68 | General | Rajput | Retired Medical Officer

-Retired as a Senior Medical Officer, Nagaland, 2017
-Social Worker
-MBBS Doctor",Active till ticket distribution,Neutral Stance,With JS,Call Connected,With JS,,Needed,"Want to Meet Prashant Kishore to discuss the feedback for Election. Ready to work for next 5 years, Not happy with the Ticket Distrution as the selected candidate doesn't fought with full dedication ",,Call Connected,,,"DR. Mithilesh Kumar Roy | Male | 68 | General | Rajput | Retired Medical Officer

-Retired as a Senior Medical Officer, Nagaland, 2017
-Social Worker
-MBBS Doctor",,,,,,,,No,#REF!,,,Kl Baat karte hai,,,,,,,,,,,,,,,
Bhojpur,192-Sandesh,Rama Shankar Singh,,,8002672261.0,8002672261.0,"Rama Shankar Singh | Male | 61 | General | Rajput | Incumbent Mukhiya

-Incumbent 3 Terms Mukhiya, 2006 To 2016 & 2021 To Till Date
-Former Panchayat Samiti, 2016 To 2021
-Former Block Pramukh, 2016 To 2021
-Retired Army 
-Jan Suraaj Zila Upadhyaksh
",Active till ticket distribution,Active for JS,With JS,Call Connected,With JS,Willing to Contest PRI election and also ready to work in sangathan,Needed,Want to Meet PK in Individual as he want to discuss some feedback. Will contest for Mukhiya Election.,,Call Connected,,Not Interested,"Rama Shankar Singh | Male | 61 | General | Rajput | Incumbent Mukhiya

-Incumbent 3 Terms Mukhiya, 2006 To 2016 & 2021 To Till Date
-Former Panchayat Samiti, 2016 To 2021
-Former Block Pramukh, 2016 To 2021
-Retired Army 
-Jan Suraaj Zila Upadhyaksh
",,,,,,,,No,,,,,,,,,,,,,,,,,,,
Bhojpur,193-Barhara,Vinay Pratap Singh,,,9431621713.0,9905731165.0,"Vinay Pratap Singh | Male | 58 | General | Rajput | Incumbent Mukhiya

-Incumbent Mukhiya, 2021 To till Date
-Incumbent Mukhiya Sangh Adhyaksh
-Former 2 Terms PACS President, 2014 To 2024
-Former ZP Contestant, 2001, Got 2200 Votes
-Former Congress Prakhand Adhyaksh, 2000 To 2005
-Jan Suraaj Prakhand Prabhari
-Jan Suraaj Rajya Karyakarini Sadasya ",Active till ticket distribution,Active for JS,With JS,Call Connected,With JS,Willing To Contest Panchayati Raaj ,,"Selecting the right people within the Sangathan is extremely important. In Barhara, a candidate was fielded who had no real presence or credibility in the Vidhansabha constituency. Someone who was merely moving around Sheikhpura House was given the ticket and sent to contest. In an attempt to manage caste equations, the party ended up losing Voter Base. The ticket should have been awarded to the person who had been consistently working on the ground from the beginning.
",,Call Connected,,Not Interested,,,,,,,,,No,,,Incumbent Mukhiya Sangh Adhyaksh ,,,,,,,,,,,,,,,,
Bhojpur,193-Barhara,Dhanjee Singh,,,9570872387.0,9570872387.0,"Dhanjee Singh | Male | 38 | General | Rajput | ZP Contestant

-Former ZP Contestant, 2021, got 3500 Votes
-Owns a Petrol Pump
-Jan Suraaj State Core Committee Member",Active till ticket distribution,Neutral Stance,With JS,Call Connected,With JS,Willing to Contest PRI election and also ready to work in sangathan,,"Before ticket distribution, it was essential to hold a meeting with all ACCs, as there was significant dissatisfaction among them. 
He is a Padyatri and will remain with the party. 
The candidate had no independent standing of his own and did not contest the election with adequat,e effort. Will contest for Zila Parishad ",,Call Connected,,,"Dhanjee Singh | Male | 38 | General | Rajput | ZP Contestant

-Former ZP Contestant, 2021, got 3500 Votes
-Owns a Petrol Pump
-Jan Suraaj State Core Committee Member",,,,,,,,No,,,,,,,,,,,,,,,,,,,
Bhojpur,193-Barhara,Saurabh Singh Yadav,29.0,Male,9304628163.0,9304628163.0,"Saurabh Singh Yadav | Male |29 | OBC | Yadav  | Former JDU State Vice President

-Jansuraaj District  Spokeperson
-Owner of (Varsha Enterprises forum, Construction)
-Former JDU State Vice President ( 2019-2022)
-JDU District youth commitee Prabhari ( 2018-2019)
-JDU State General Secratory youth wing ( 2017-2018)
",Candidate,,With JS,Call Connected,With JS,,,,,Call Connected,,Not Interested,"Saurabh Singh Yadav | Male |29 | OBC | Yadav  | Former JDU State Vice President

-Jansuraaj District  Spokeperson
-Owner of (Varsha Enterprises forum, Construction)
-Former JDU State Vice President ( 2019-2022)
-JDU District youth commitee Prabhari ( 2018-2019)
-JDU State General Secratory youth wing ( 2017-2018)
",,,,,,,,No,,,,,,,,,,,,,,,,,,,
Bhojpur,194-Arrah,Rajiv Ranjan Raj ,33.0,Male,9407155355.0,9990626626.0,"Rajiv Ranjan Raj | Male | 33 | General | Rajput | Former LJP Yuva Prsident 

-Former LJP Yuva President(2018 to 2019)
-Former LJP Member(2010 to 2022)
-Former Student Union President of Kirorimal College(2009 to 2010)
-Former Student Union President of CLC Campus (2013 to 2014)
-Father Shree Kumar Singh Contested (LJP) Assembly Election in 2010, got 38,500 Votes
-Father was Mukhiya Sangh Adyaksh(2010 to 2020)
-Mother Former Mukhiya(2001 to 2021)",Candidate,,,Call Connected,With JS,,,,,,,,,,,,,,,,,,,,,,,,,,,,,,,,,,,
Bhojpur,194-Arrah,Chandrabhanu Gupta,,,9430221702.0,9661157920.0,"Chandrabhanu Gupta | Male | 53 | OBC | Sonar | JDU Member

-Former JDU Member(2015 to 2020)
-Bihar Vaywasayi Sangharsh Morcha Zila Adhyaksh
-Swarnkaar Kalyan Samaaj Zila Adhyaksh
-Red Cross Member
-Jan Suraaj Abhiyaan Samiti Zila Sanyojak",Active till ticket distribution,Active for JS,With JS,Call Connected,With JS,Willing to Work in Sangathan at Dist/State Level,,The ticket should have been allotted to one of the pre-registered candidates. Launching new and untested candidates weakened the organization.,,Call Connected,,Not Interested,"Chandrabhanu Gupta | Male | 53 | OBC | Sonar | JDU Member

-Former JDU Member(2015 to 2020)
-Bihar Vaywasayi Sangharsh Morcha Zila Adhyaksh
-Swarnkaar Kalyan Samaaj Zila Adhyaksh
-Red Cross Member
-Jan Suraaj Abhiyaan Samiti Zila Sanyojak",,,,,,,,No,,,,,,,,,,,,,,,,,,,
Bhojpur,194-Arrah,Govind Jee Singh,,,9939876377.0,9939876377.0,"Govind Jee Singh | Male | 36 | General | Rajput | AAP Zonal Incharge

Former AAP Zonal(sahabad)  Incharge
-Private JOB (Banker)
-Running NGO (Sahyog)",Active till ticket distribution,Neutral Stance,With JS,Call Connected,With JS,Willing To Contest Panchayati Raaj ,,"Quite angry with Ticket Distribution, Will remain in party and working in order to buit the cadre. Will contest in Zila Parishad Election ",,Not Received ,,,"Govind Jee Singh | Male | 36 | General | Rajput | AAP Zonal Incharge

Former AAP Zonal(sahabad)  Incharge
-Private JOB (Banker)
-Running NGO (Sahyog)",,,,,,,,No,#REF!,,,,,,,,,,,,,,,,,,
Bhojpur,194-Arrah,"
Jyoti Prakash",,,8228857189.0,8228857189.0,"Jyoti Prakash | Male | 28 | OBC | Kushwaha | Businessman

-Jansuraaj Founding Member 
-Director of Arun International School
-LIC Agent 
-Social Worker ( Secretary of Smile House Foundation, working health and education)
-Secratory of Mata Simrikhiya Kunwar Educational & welfare trust
-Secratory of  T10 Cricket Association of Bihar
-Treasurar of Bhojpur Cricket Association
-P.h.D",Active till ticket distribution,Neutral Stance,,Call Connected,With JS,Willing to Contest PRI election and also ready to work in sangathan,,"This has caused significant damage to the JSPT party. The ticket should have been awarded to one of the candidates who were genuinely working on the ground. For example, Rajeev Ranjan Ji from Arrah deserved the ticket. He intends to contest the Mayor’s election in 2027 and is also willing to continue working for the Sangathan ",,,,,,,,,,,,,,,,,,,,,,,,,,,,,,,,
Bhojpur,194-Arrah,Ashok Kumar Srivastava,,,8340767486.0,8340767486.0,"Ashok Kumar Srivastava | Male |  59 | General | Kayastha | Social Worker

-Theater Artist
- Former All India Theater Council National President(2018 to 2024)
-Got National Award For his Natya Competition
-Jan Suraaj Zila Upadhyaksh",Active till ticket distribution,Neutral Stance,With JS,Call Connected,With JS,,,"Dicey, Quite angry with the decision pf PK. He will remain in party and work for its strength & Expansion Need Resource for Parchar Parsar.",,Not Received ,,,"Ashok Kumar Srivastava | Male |  59 | General | Kayastha | Social Worker

-Theater Artist
- Former All India Theater Council National President(2018 to 2024)
-Got National Award For his Natya Competition
-Jan Suraaj Zila Upadhyaksh",,,,,,,,No,#REF!,,,,,,,,,,,,,,,,,,
Bhojpur,194-Arrah,Dr. Vijay Kumar Gupta,48.0,,9312430846.0,9312430846.0,"Dr. Vijay Kumar Gupta | Male | 48 | EBC | Kanu | Doctor 

-Director Of Rm Memorial Hospital, Arrah
-National Convenor Of Chikitsa Manch  Of Kanu Community
-Human Rights & Social Justice President, Bhojpur District
-Indian Medical Association Secretary, Arrah
-Ex President of Lions Club Of Arrah Millenium, 2016 To 2017
-Aaranya Devi Mandir Vikas Trust Vice President
-Maa Kali Mandir Trust Mukhya Salahkaar
-Bhojpur Weight Lifting Assocaition  President, 2025 To Till Date
-Bhojpur Basket Ball Assoaciation President, 2025 To Till Date
-Ramna Vikas Samiti Secretary
-Kanu Vaishya Sabha Bhojpur Ex President, 2016 To 2018
-MBBS & MS Surgery 
-Jan Suraaj State Core Committe Member",Candidate,,With JS,Call Connected,With JS,,,,,Call Connected,,Not Interested,"Dr. Vijay Kumar Gupta | Male | 48 | EBC | Kanu | Doctor 

-Director Of Rm Memorial Hospital, Arrah
-National Convenor Of Chikitsa Manch  Of Kanu Community
-Human Rights & Social Justice President, Bhojpur District
-Indian Medical Association Secretary, Arrah
-Ex President of Lions Club Of Arrah Millenium, 2016 To 2017
-Aaranya Devi Mandir Vikas Trust Vice President
-Maa Kali Mandir Trust Mukhya Salahkaar
-Bhojpur Weight Lifting Assocaition  President, 2025 To Till Date
-Bhojpur Basket Ball Assoaciation President, 2025 To Till Date
-Ramna Vikas Samiti Secretary
-Kanu Vaishya Sabha Bhojpur Ex President, 2016 To 2018
-MBBS & MS Surgery 
-Jan Suraaj State Core Committe Member",,,,,,,,No,,,He will focus in Assembly election but he will identify candidate from Zp seat of his assembly,,,,,,,,,,,,,,,,
Bhojpur,194-Arrah,Kamlesh Kumar Tiwary,,,9007826667.0,9007826667.0,"Kamlesh Kumar Tiwary | Male | 49 | General | Brahmin | Businessman

-Businessman(Owns a Petrol Pump , Bike Showroom, Electrical Contractor and Grocery store)
-Worked as a Software Engineer at New Jersey(USA)
-Former JAP National General Secretary(2021 2023)",Active till ticket distribution,Helped Other Party,,Call Connected,With JS,Willing to Work in Sangathan at Dist/State Level,Want to Meet Prashant ,"Candidate Selection ke process mein kaafi galti hui. Prashant JI ne Jo bhi baatein kahin Gareeb ke ladke ko ticket denge iske wajah se over expectation ho gaya. Jaat samikaran ke basis pe ticket Distribution jo shuru kiya Prashant JI ne uske wajah se kaafi nuksan hua, Prashant JI to Jaat se upar uth kar kaam kar rahe the, Vidhansabha mein jo sabse mazboot candidate hota, jo sabse zaayada mehnat kiya usey hi ticket milna chahiye. Silent ho gaye hain abb, Pichle 6-8 mahine se Insulted feel kar rahe the, Abb Isolated ho gaye. He was IT Engineers in USA Cognizant.  ",,,,,,,,,,,,,,,,,,,,,,,,,,,,,,,,
Bhojpur,194-Arrah,Ganesh Prasad Singh,,,9329771202.0,9329771202.0,"Ganesh Prasad Singh | Male | 61 | General | Rajput | Businessman

-Businessman(Security and Man Power Sourcing, Petrol Pump)
-Former AAP Member(2014 to 2018)
- Former NSG Commando, Was in PMO & Home Ministry Office ",Active till ticket distribution,Neutral Stance,,Call Connected,With JS,Willing to Work in Sangathan at Dist/State Level,Needed ,"Political parties generally take time to build, except AAP. In this election, only the candidates and Prashant Ji actively contested; most ACC members, Sangathan functionaries, and primary members became disengaged after ticket distribution. Because tickets were not allotted according to the established process and criteria, many ACC and Sangathan members distanced themselves from the party.

Having a strong second line of leadership is extremely important. Those who came from outside after leaving their jobs, as well as individuals connected internationally, should be given a place within the Sangathan and made to feel valued through meaningful responsibilities.

Prashant Kishor Ji’s manifesto and ideas were implemented by the JDU. This election was largely fought on issues, and Prashant Ji’s contribution to shaping that narrative was significant.
",,,,,,,,,,,,,,,,,,,,,,,,,,,,,,,,
Bhojpur,194-Arrah,Rahul Kumar Singh,,,9910418001.0,9910418001.0,"Rahul Kumar Singh | Male | 31 | General | Rajput | Chatra RJD Zila  President

-Former Chatra RJD Zila President(2011 to2 014)
-Former LJP Zila Youth Wing President(2014 to 2015)
-Buisness(Grocery Product)
-Director of BKS Security
-President of NGO Career Educational Trust(Provide free Education to Poor Students)",Active till ticket distribution,Active for JS,With JS,Call Connected,With JS,Willing to Work in Sangathan at Dist/State Level,,The selection of candidates was flawed. Tickets should have been awarded to those who had been associated with the party from the initial phase and had been working diligently and consistently on the ground.,,Call Connected,,,,,,,,,,,No,,,,,,,,,,,,,,,,,,,
Bhojpur,194-Arrah, Dr. Shailza Singh,,,9431852303.0,9334252303.0,"Shailza Singh | Female | 57 | General | Rajput | Govt. Teacher

-Govt High School Teacher
-Former President of lioness Club of Arrah, 2010
-Prominent Social Worker, Organised Health camp for Down Troden People , Provide Free Education to Poor Students
-Father In Law Ranjeet Bahadur was the MLC from Gaya, 1970 to 1993 , and hold various Post in Congress",Active till ticket distribution,Active for JS,With JS,Call Connected,With JS,Willing to Work in Sangathan at Dist/State Level,Needed,"Wanted to Discuss all the Feedback with Prashant JI only, It must be Individual meetings, Padma Ojha can be with her in the Meeting.  Also share No Parte/Cadre spirit can be seen within the party members ",,Call Connected,No,No,,,,,,,,,No,,,,,,,,,,,,,,,,,,,
Bhojpur,195-Agiaon (SC),Sonu Kumar,,,7277300960.0,7277300960.0,"Sonu Kumar | Male | 35 | SC | Paswan | MLA Contestant

-Former By Election Assembly Contestant, 2024, Agiaon, Independent, Got 3500 Votes
-Former Ward Councilor, 2017 To 2022
-Former LJP Pradesh Sachiv(Sansdiye Board), 2017 To 2023
-Jan Suraaj Yuva Zila Adhyaksh",Active till ticket distribution,Active for JS,With JS,Call Connected,With JS,,,"Ticket Distribution was not done properly, Candidate was not competent enough for the Vidhansabha, Candidate doesn't have any kind of credibility. ",,Call Connected,,,"Sonu Kumar | Male | 35 | SC | Paswan | MLA Contestant

-Former By Election Assembly Contestant, 2024, Agiaon, Independent, Got 3500 Votes
-Former Ward Councilor, 2017 To 2022
-Former LJP Pradesh Sachiv(Sansdiye Board), 2017 To 2023
-Jan Suraaj Yuva Zila Adhyaksh",,,,,,,,No,#REF!,,,"Ye mla ka chunav lade the 
ye nahi ladenge",,,,,,,,,,,,,,,
Bhojpur,195-Agiaon (SC),Upendra Kumar,,,7631951743.0,7759064831.0,"Upendra Kumar | Male | 50 | SC | Paswan | MLA Contestant

-Former  MLA Contestant, By Election, 2024, Agiaon, Independent, Got 13000 Votes
-Former RJD SC/ST Cell District President(2015 To 2024)
-Foremr RJD Block President(2000 To 2015)
-Jan Suraaj State Working Committee Member",Active till ticket distribution,Helped Other Party,,Call Connected,Not with JS,,,"Sunil Pandey from Tarari facilitated his joining of the BJP.
 He resigned at the time of ticket distribution",,,,,,,,,,,,,,,,,,,,,,,,,,,,,,,,
Bhojpur,195-Agiaon (SC),Barun Deo,,,8083022460.0,8083022460.0,"Barun Deo | Male | 54 | SC | Chamar | Advocate

-Advocate at Supreme Court
-Social Worker(Provide Free Legal Aid To Poors and Needy)
-LLB",Active till ticket distribution, Contested as an Candidate from other Party,,Call Connected,Not with JS,,Needed,"He remained fully dedicated to Jan Suraaj and contributed significantly to its work. However, due to not receiving a ticket, he contested the election from the Jan Shakti Janta Dal and secured 1,326 votes. He intends to meet Prashant Ji, as he has remained ideologically aligned with Prashant Ji at some level.",,,,,,,,,,,,,,,,,,,,,,,,,,,,,,,,
Bhojpur,195-Agiaon (SC),Ramesh Kumar,49.0,,8789516571.0,8789516571.0,"Ramesh Kumar | Male | 49 | SC | Ravidas | Assistant Professor

-Former Defacto(Wife) Panchayat Samiti Contestant, 2011
-Former Defacto(Bhabhi), Panchayat Samiti, 2006 To 2011
-Former Defacto(Bhabhi) Block Pramukh, 2006 To 2011
-Asssitant Professor at Veer Kunwar Singh University
-General Secreatry of Bihar university and College Teachers Association
-Vice President of SC/ST Employee Association
-P.Hd",Candidate,,With JS,Call Connected,With JS,,,,,Call Connected,,Not Interested,"Ramesh Kumar | Male | 49 | SC | Ravidas | Assistant Professor

-Former Defacto(Wife) Panchayat Samiti Contestant, 2011
-Former Defacto(Bhabhi), Panchayat Samiti, 2006 To 2011
-Former Defacto(Bhabhi) Block Pramukh, 2006 To 2011
-Asssitant Professor at Veer Kunwar Singh University
-General Secreatry of Bihar university and College Teachers Association
-Vice President of SC/ST Employee Association
-P.Hd",,,,,,,,No,,,,,,,,,,,,,,,,,,,
Bhojpur,196-Tarari,Ghanshyam Roy,,,9709696118.0,9709696118.0,"Ghanshyam Roy | Male | 56 | General | Bhumihar | Defacto ZP 

-Incumbent ZP Member (2021 to till Date)
-Former ZP Member(2011 To 2016)
-Former ZP Contestant(2001), Got 5600 Votes
-Former BJP Sanyajok ZP Prakosht(2020 To 2023)
-Former BJP Member(2000 to 2024)
-Jan Suraaj State Core Committee Member",Active till ticket distribution,Neutral Stance,,Call Connected,With JS,Willing To Contest Panchayati Raaj ,Needed,"Candidate ki social Activity kabhi nahi rahi, Samajik nahi the. Unhone kabhi sangharsh nahi kiya.Retd Teacher rahe hai aur kaafi pehle Retired hue the. Party mein Bane hue hain,Aage bhi kisi bhi tarah ki Zimmedaari lene ke liye tayyar hain, Iss baar Zila Parishad ka Chunav ladne ka Plan hain.",,,,,,,,,,,,,,,,,,,,,,,,,,,,,,,,
Bhojpur,196-Tarari,Praduman Kumar,,,8329495393.0,7992447133.0,"Praduman Kumar | Male | 29 | OBC | Yadav | RJD District Secretary

-Former RJD District Secretary, 2021 To 2023
-Former Plurals Party Block President, 2020 To 2021
-Jan Suraaj Vichar Manch Block President
-Businessman",Active till ticket distribution,Helped Other Party,,Call Connected,With JS,Willing to Work in Sangathan at Assembly Level,,He is a Padyatri and is deeply disappointed with the ticket distribution process. Party workers were not given due respect within the party. He will wait for Prashant Ji’s decision regarding the future.,,,,,,,,,,,,,,,,,,,,,,,,,,,,,,,,
Bhojpur,196-Tarari,Sidhnath Rai,,,7004822983.0,7004822983.0,"Sidhnath Rai | Male | 73 | General | Bhumihar | Former MLA

-Former Congress MLA, Sandesh Constituency, 1980 To 1985
-Son Of Freedom Fighter  & Veteran Congress Leader, Pahagu Rai
-Former Congress Member, 1972 To 2015
-Former Bihar Youth Congress President, 1978 To 1979",Active till ticket distribution,Active for JS,With JS,Call Connected,With JS,Willing to Work in Sangathan at Dist/State Level,,"Samiksha  Baithak meim 2 Jagah ke observer the, Bhojpur aur Buxar ke. Abhi Parvekshak hai Arvind Singh Ji ke saath Sahabad zone ke. Prashant JI ke saath Baithak hui hai abhi party ke kaam mein hi lage hue hain.",,Call Connected,,,"Sidhnath Rai | Male | 73 | General | Bhumihar | Former MLA

-Former Congress MLA, Sandesh Constituency, 1980 To 1985
-Son Of Freedom Fighter  & Veteran Congress Leader, Pahagu Rai
-Former Congress Member, 1972 To 2015
-Former Bihar Youth Congress President, 1978 To 1979",,,,,,,,No,#REF!,,,Abhi soche nahi hai,,,,,,,,,,,,,,,
Bhojpur,196-Tarari,Kiran Singh,,,7992310440.0,7992310440.0,"Kiran Singh | Female | 42 | General | Rajput | MLA Contestant

-Former MLA Contestant, 2024 , Bye Election, Tarari , Jan Suraaj Party , Got 5000 Votes
-Social Worker(Works In Education Sector)
-Jan Suraaj Mahila Sanyojak",Active till ticket distribution,Active for JS,With JS,Call Connected,With JS,Willing to Work in Sangathan at Dist/State Level,Needed ,"The biggest concern was the choice of candidate. The candidate fell ill, and campaigning had to be carried out without the candidate’s presence. Communication with the public remained weak throughout. The candidate ignored the Sangathan as well as the disgruntled ACC members.

The candidate was announced very late, leaving insufficient time for preparation and outreach. There was no dedicated Sangathan in place. There is a strong need to give proper respect and recognition to party workers. The party must invest in its karyakarta. Going forward, support will be extended to certain candidates in the Panchayat elections.
",,Call Connected,,Not Interested,"Kiran Singh | Female | 42 | General | Rajput | MLA Contestant

-Former MLA Contestant, 2024 , Bye Election, Tarari , Jan Suraaj Party , Got 5000 Votes
-Social Worker(Works In Education Sector)
-Jan Suraaj Mahila Sanyojak",,,,,,,,No,15.0,,She is looking for Best Candidate for ZP..,,,,,,,,,,,,,,,,
Bhojpur,196-Tarari,Sanjay Rai,,,9835146080.0,9835146080.0,"Sanjay Rai | Male | 56 | General | Bhumihar | MLA Contestant

-Former 2 Terms MLA Contestant, Tarari Constituency, 2015 & 2020, JAP & Shivsena, 2425 & 1124 Votes
-Former BJP Youth Wing , District President, Hazaribagh
-Constrution Work ",Not Active, Contested as an Candidate from other Party,,Call Connected,With JS,Willing to Work in Sangathan at Dist/State Level,,"He met Prashant Ji in 2017, at a time when Prashant Ji was encouraging him to join the JDU. He is currently based in Hazaribagh. Whenever he gets an opportunity to work with Prashant Ji, he will certainly do so. If a yatra is undertaken, he will walk alongside.

He has remained aligned with Prashant Ji’s ideas and, if Prashant Ji assigns him any responsibility in the future, he will fulfill it with full commitment. He contested the election from another party because his community had no representation there. He has consistently contested elections in the past.
",,,,,,,,,,,,,,,,,,,,,,,,,,,,,,,,
Bhojpur,197-Jagdishpur,Sunny Kumar,,,7808535612.0,7808535612.0,"Sunny Kumar | Male | 27 | EBC | Kahar | Property Dealer

-Property Dealer
-Student(Preparing for Competitive Examination)",Active till ticket distribution,Active for JS,,Call Connected,With JS,Willing To Contest Panchayati Raaj ,,"3 saal se Tayyari kar rahe the, Lekin last Moment pe naye Ummedwaar ko laaya gaya. aakhir ke 4 dino mein Candidate launch hue hai. Jo ACC tayyari kar rahe the unme se kisi ko ticket dena chahiye tha. Party nw istemaal kiya hai, Pichle 2 saal se kareeb 35 lacs kharch ho gaya hai. Bharosa toot chuka hai. Iss baar Zila Parishad ka Chunav ladenge. Inhe Symbol ke liye aashwashan diya gaya tha, Last day mein bhi kaha gaya ke kal subah symbol diya jaayega Sheikhpura House aa jaayega. Lekin Raat mein hi Naya candidate final kar diya gaya. Kaafi naraz hai Decision se aur abb himmat nahi kar paa rahe hain phir se itne mehnat kar paaye. lekin Party mein bane hue hain aur Prashant JI se Mulakaat karenge jab bhi Prashant JI Bulayein.",,,,,,,,,,,,,,,,,,,,,,,,,,,,,,,,
Bhojpur,197-Jagdishpur,Vijay Shanker Pandey (Vijay Baba),,,9771961123.0,9771961123.0,"Vijay Shanker Pandey (Vijay Baba) | Male | 52 | General | Brahmin|  Ward Member Contestant

-Former Ward Member Contestant, 2006
- Renowned Businessman(Computer Supplier)
-Social Worker(Helps Financially In Poor Girls Marriage)",Active till ticket distribution,Active for JS,With JS,Call Connected,With JS,Willing to Work in Sangathan at Dist/State Level,Needed,"Since the ticket was given to a Rajput candidate, Bhumihar and Brahmin voters did not extend their support. He is ready to take on any responsibility assigned by the party. He facilitated the highest number of PLC card registrations—over 40,000.

He will support certain candidates in the PRI elections and plans to contest the Chairman election in 2027. He shared a very close relationship with Prashant Ji’s father, and it is due to Prashant Ji’s father’s guidance and support that his children are doctors today.

As Radha Charan Seth has become an MLA, an MLC by-election is expected. He plans to contest the MLC (PRI) election.
",,Call Connected,,Not Interested,"Vijay Shanker Pandey (Vijay Baba) | Male | 52 | General | Brahmin|  Ward Member Contestant

-Former Ward Member Contestant, 2006
- Renowned Businessman(Computer Supplier)
-Social Worker(Helps Financially In Poor Girls Marriage)",,,,,,,,No,,,,,,,,,,,,,,,,,,,
Bhojpur,197-Jagdishpur,Maya Devi,,,8651579364.0,8709585463.0,"Maya Devi | Female | 50 | General |Brahmin | Businesswoman

- Father was Nir Virodh Mukhiya for 40 Years 
-Father was PACs Adyakash 
-Businesswoman
-Social Worker",Active till ticket distribution,Neutral Stance,,Call Connected,With JS,Willing to Work in Sangathan at Dist/State Level,,"She is willing to take responsibility in sangathan, She's the wife of Vijay Shankar Pandey, He was also the Acc from Jaldishpur Vidhansabha ",,,,,,,,,,,,,,,,,,,,,,,,,,,,,,,,
Bhojpur,197-Jagdishpur,Dr Sanjay Kumar Singh,,,8084660425.0,8084660425.0,"Dr Sanjay Kumar Singh | Male | 49 | OBC | Kushwaha | Doctor

-Director Of Urmila Hospital, Jagdishpur
-Provide Free Health Service to Lakhs Of People 
-Elder Brother , Kanhaiya Prasad Singh Contested Assembly Election, 2015, JAP
-Father Was Mukhiya , 1971 To 1976
-MBBS ",Active till ticket distribution,Neutral Stance,,Call Connected,With JS,,,"9 Nov tak yahi Pratiyashi the Jagdishpur Vidhansabha se, Kisi Apradhi ko ticket diye. Samajik Parivesh bhi aisa tha jisme yeh fit baithte. Pichle 1 saal se social work mein Active the. JSPT ne galat report diya Prashant JI ko. Abhishek ne Prashant JI ko aisa candidate diya jispe CCA laga hua tha aur 14 Maamle darz the uspe aur 4 mahine jail reh kar aaya tha candidate. Prashant JI se milna chahte hain. ",,,,,,,,,,,,,,,,,,,,,,,,,,,,,,,,
Bhojpur,198-Shahpur,Vinay Krishna Mishra,,,9980534102.0,9980534102.0,"Vinay Krishna Mishra| Male | 54|  General | Brahmin | Enterpreneur

-Jan Suraaj District Secretary
-Prominent Businessman , CEO in Multi ITs Companies ( Dexninja Pvt Ltd, Cerrid Solutions Pvt Ltd,  SM in Infosys)
-Member of rotary Club
",Active till ticket distribution,Active for JS,,Not Received ,,,,Tried Many times but continously cuts the calls,,,,,,,,,,,,,,,,,,,,,,,,,,,,,,,,
Bhojpur,198-Shahpur,Sunita Dube,,,9980761545.0,9980761545.0,"Sunita Dube| Female | 53| General | Brahmin | Enterpreneur

-Former State Civil Services ( 2001-2003)
-Director of IT software Company
-Founder of Happy 60 Plus
-Prominent Business women
-MBA, UGC Net qualified",Active till ticket distribution,Active for JS,,Call Connected,With JS,Willing to Work in Sangathan at Dist/State Level,,"There were clear weaknesses in the Sangathan, as its members were not adequately empowered. By the final day of voting, the election had turned bipolar. She is currently based in Bangalore.",,,,,,,,,,,,,,,,,,,,,,,,,,,,,,,,
Bhojpur,198-Shahpur,Vikas Chandra Sharma,,,9431361642.0,9431361642.0,"Vikas Chandra Sharma | Male | 47 | EBC | Lohar | MP Contestant

-Forfmer 2 Terms Loksabha Contestant, 2014 & 2019, Ranchi, CPI(ML), Got 15000 & 2000 Votes
-Former MLA Contesatnt, Hatiya Constituency , 2014, CPI(ML), Goy 4000 Votes
-Former CPI(ML) State & Central Committee Member, 2014 To 2023
-Former RYFI(CPIML Youth Wing), Central President, 2018 to 2021
-Former AIRSO(CPIML Student Wing ), Central President, 2015 To 2018
-Former BJYM Mandal Spokesperson, 2006 To 2009
-Former Lecturer at Ranchi University",Active till ticket distribution,Helped Other Party,,Call Connected,With JS,Willing to Work in Sangathan at Dist/State Level,,"He is associated with Jan Suraaj but will take some time before accepting any responsibility. Having already contested the Lok Sabha election, he does not plans to contest the PRI election and will also begin preparations for the upcoming Assembly election. He will support some candidates in th eUpcoming PRI  Election
",,,,,,,,,,,,,,,,,,,,,,,,,,,,,,,,
Bhojpur,198-Shahpur,Rinku Ojha,,,7091195437.0,7091195437.0,"Rinku Ojha | Male | 44 | General | Brahmin | Social Worker 

-Father Was Mukhiya For 25 Years
-Father Also Contested ZP election , 2001 
-Represents Bihar In Judo Karate
-Agriculture
-Social Worker",Active till ticket distribution,Active for JS,With JS,Call Connected,With JS,Willing to Work in Sangathan at Dist/State Level,,"The party is strong on social media but lacks the same strength on the ground. Many of the people associated with the Sangathan were opportunistic. He will support certain candidates in the PRI elections.
",,Call Connected,No,,"Rinku Ojha | Male | 44 | General | Brahmin | Social Worker 

-Father Was Mukhiya For 25 Years
-Father Also Contested ZP election , 2001 
-Represents Bihar In Judo Karate
-Agriculture
-Social Worker",,,,,,,,No,#REF!,,,Chunav Nahi Ladenge,,,,,,,,,,,,,,,
Bhojpur,198-Shahpur,Anu Rani Jha,,,7909006544.0,7909006544.0,"Anurani Jha| 64 | Female | General | Brahmin | Social Worker
-Doing Social work(Give financial help for marriage of  more 500 girls for 30 Years)
-Husband is Doctor",Active till ticket distribution,Active for JS,,Call Connected,With JS,None of the Above ,,"Her husband, is unwell and undergoing dialysis, which prevents her from dedicating time to the party. He requires full-time care. Otherwise, she has no complaints or grievances regarding Prashant Ji.
",,,,,,,,,,,,,,,,,,,,,,,,,,,,,,,,
Bhojpur,198-Shahpur,Dr. Padma Ojha,49.0,,9342631564.0,9342631564.0,"Dr. Padma Ojha|Female|49|Brahmin|General|

-District Mahila President.
- Former Principal at a Kensri Degree College Bangalore
-Ph.D in Hindi",Candidate,,With JS,Call Connected,With JS,,,,,Call Connected,,Not Interested,"Dr. Padma Ojha|Female|49|Brahmin|General|

-District Mahila President.
- Former Principal at a Kensri Degree College Bangalore
-Ph.D in Hindi",,,,,,,,No,,,She will suggest some name,,,,,,,,,,,,,,,,
Bhojpur,198-Shahpur,Bhim Yadav,,,7766822268.0,7766822268.0,"Bhim Yadav | Male | 25 | OBC | Yadav | Social Worker

-Farmer(2 Acre Land)
-His Uncle Punnu Yadav Incumbent BDC from Dumariya Panchayat.",Not Active,Helped Other Party,,Call Connected,With JS,Willing to Work in Sangathan at Assembly Level,,"Not that much Interested, And Also was not dedicated before ticket Distribution also. Also not willing to contest in PRI Election as his uncle is BDC right now but expressed his interested towards working in sangathan ",,,,,,,,,,,,,,,,,,,,,,,,,,,,,,,,
Bhojpur,198-Shahpur,Krisna Kumar Singh,,,9241157617.0,9241157617.0,"Krishna Kumar Singh | Male | 38 | General | Rajput | Defacto ZP

- Incumbent Defacto(Mother) ZP Member(2021)
-Father 2 Terms Mukhiya(2001 to 2011)
-Jan Suraaj Yuva Pradesh Mahasachiv
",Active till ticket distribution,Active for JS,,Call Connected,With JS,Willing to Contest PRI election and also ready to work in sangathan,,"The candidate had not worked at the Assembly level even before the election and moved to Bangalore immediately after. The ticket should have been given to a dedicated karyakarta. He plans to contest in the Zila Parishad election, and his wife will also contest in his Panchayat as Mukhiya candidate.
",,,,,,,,,,,,,,,,,,,,,,,,,,,,,,,,
Bhojpur,198-Shahpur,Baby Tripathi,,,7004793716.0,7004793716.0,"Baby Tripathi | Female | 35 | General | Brahmin | Former ZP Contestant

-Former ZP Contestant, 2021, 8800
-Social Worker",Active till ticket distribution,Neutral Stance,,Call Connected,With JS,Willing To Contest Panchayati Raaj ,,"A person unknown across the entire Assembly constituency was given the ticket. Had someone else received it, the results would have been better. He will take some time before assuming any responsibility within the Sangathan. 
Will contest for ZP Election",,,,,,,,,,,,,,,,,,,,,,,,,,,,,,,,
Buxar,199-Brahampur,Shashi Bhushan Singh,,,9934228791.0,9934228791.0,"Shashi Bhushan Singh | Male | 59 | General | Rajput | Nagar Panchayat Chairman  Contestant

-Former RJD Zila Mahasachiv(2014 to 2020)
-Former Nagar Panchayat Chairman Contestant(2022)-136 Votes
-Former Mukhiya Contestant(2016)
-Grandfather(Late Briksh Singh was Mukhiya(1952 to 1978)
-Elder Brother (Chandra Bhushan Singh Deputy Chairman(2022 to Till Date) 
-Elder Brother Sri Ashok Singh Was Mukhiya(2001 to 2005)
-Uncle(Markandey Singh was ZP Member(2001 to 2005)",Active till ticket distribution,Active for JS,With JS,Call Connected,With JS,Willing to Work in Sangathan at Dist/State Level,,"Belongs to the Reputed family in Brahmpur, Some Members from his Family will contest for Mukhiya in Upcoming PRI Election will support them. Also He will contest for Chairman Election in Bhrampur NP 2027",,Call Connected,,,,,,,,,,,,,,,,,,,,,,,,,,,,,,
Buxar,199-Brahampur,Ramanuj Upadhyay,,,9431120061.0,7979749596.0,"Ramanuj Upadhyay | Male |54  | General | Brahmin | Defacto Mukhiya

-Jansuraaj Vice President Anumandal Dumraon 
-Incumbent Defacto Mukhiya  ( Mother Hiramuni Devi)
-Prominent Businessman ( Surya Fueels Pvt LTD.)
-Director of Coal Brics Industree ( Bengal & Bihar)
-Social worker ( working on Health & two cab alloted for emergency) ",Active till ticket distribution,Active for JS,,Call Connected,With JS,Willing to Contest PRI election and also ready to work in sangathan,,"Will contest for upcoming PRI Election, And also will support some other candidates in other panchayats also, within his Assembly. Wanted some Indication from Party so that he will start preparing for Upcoming Vidhansabha, will form his team at avery booths from now onwards.",,Call Connected,,,,,,,,,,,,,,,,,,,,,,,,,,,,,,
Buxar,199-Brahampur,Prabhudat Ojha,,,9507124191.0,9507124191.0,"Prabhudat Ojha | Male | 65 | General | Brahmin | Incumbent PACS President

-Incumbent 5 Consecutive Terms PACS President(2001 To Till Date)
-Former ZP Contestant(2001), Got 2800 Votes
-Incumbent Vyapar Mandal Nideshak, Raghunathpur(2014 To Till Date)
-Former Congress Zila Upadhyaksh(2009 To 2022)
-Former Congress Block President(1990 To 2005)
-Former Congress Yuva Sanghtan Sachiv(2009 To 2010)
-Jan Suraaj Kisan Rajya Samiti Sadasya",Active till ticket distribution,Active for JS,,Call Connected,With JS,Willing to Work in Sangathan at Assembly Level,,"This election was meant to strengthen the party and its cadre. Since it was the first time, the ticket should have been given to a dedicated karyakarta. Awarding the ticket to an outsider caused discontent within the Sangathan. Currently, he serves as the President of the Vayapar Mandal and also oversees the PACS, which is why some candidates will be fielded in the upcoming Panchayat elections.
",,Call Connected,,,,,,,,,,,,,,,,,,,,,,,,,,,,,,
Buxar,199-Brahampur,Raghubar Singh,,,9831068166.0,9831068166.0,"Raghubar Singh | Male | 61 | General | Rajput | Retired SBI Employee

-Retired SBI General Manager in 2024 from Kolkata
-Up Maha Sachiv of SBI Staff Association (2017-2024)
-Mukhya Koshadhyaksh of SBI 2018 to 2024",Active till ticket distribution,Active for JS,,Call Connected,With JS,Willing to Work in Sangathan at Dist/State Level,,"He is active in all party meetings and is primarily focused on strengthening the cadre at the District, Block, and Panchayat levels. Respecting the karyakarta is essential to building a strong Sangathan.",,Call Connected,,,,,,,,,,,,,,,,,,,,,,,,,,,,,,
Buxar,199-Brahampur,Suresh Kumar,,,9934653968.0,6200601791.0,"Suresh Kumar | Male | 50 | SC | Chamar | Mukhiya Contestant

-Former Mukhiya Contestant, 2021 , Got 650 Votes
-Businessman(Printing Press)
-Runs a Restaurant
-Jan Suraaj Zila Upadhyaksh",Active till ticket distribution,Active for JS,,Call Connected,With JS,Willing to Contest PRI election and also ready to work in sangathan,,Will contest for Mukhiya Election in  the Upcoming PRI Election. Ready to take any responsibility given by the Party ,,Call Connected,,,,,,,,,,,,,,,,,,,,,,,,,,,,,,
Buxar,199-Brahampur,Vishal Kumar,,,9504005400.0,9504005400.0,"Vishal Kumar | Male | 39 | OBC | Kahar | Businessman

-Businessman(Furniture , Electronics)
-Former BJP Member
-Jan Suraaj Block General Secretary",Not Active,Neutral Stance,,Call Connected,With JS,Willing to Contest PRI election and also ready to work in sangathan,Needed,"He serves as the Block General Secretary of the party. Contesting elections was not his primary focus; he contributed 21000 significantly to the party fund. He will continue working actively within the Sangathan.
He will contest for Mukhiya Election",,Call Connected,,,,,,,,,,,,,,,,,,,,,,,,,,,,,,
Buxar,199-Brahampur,Anshu Kumari,,,7488985414.0,7488985414.0,"Anshu Kumari | Female | 35 | General | Kayastha | Incumbent Panchayat Samiti

-Incumbent 2 Consecutive Terms Panchayat Samiti, 2016 To Till Date
-Former Mukhiya Contestant, 2011, Got 649 Votes
-Jan Suraaj Zila Mahila Adhyaksh
-Social Worker",Active till ticket distribution,Helped Other Party,,Call Connected,Not with JS,,,"As she was the Zila Mahila Adhyaksh, a conspiracy was hatched against her by the Zila Adhyaksh, Zila Mahasachiv, Tathaghat Harsh Wardhan, and other senior leaders. A letter was issued from the office to the Pradesh Adhyaksh, resulting in her removal from the position. False reports about her were shared with the party. She is not upset with Prashant Ji and will meet him if given the opportunity.
",,Call Connected,,,,,,,,,,,,,,,,,,,,,,,,,,,,,,
Buxar,199-Brahampur,Kameshwar Ojha,,,9968037479.0,9968037479.0,"Kameshwar Ojha | Male | 68 | General | Brahmin | Retired Govt Employee

-Retired Additional Registrar, Central Govt 
-Social Worker",Active till ticket distribution,Active for JS,,Call Connected,With JS,Willing to Work in Sangathan at Dist/State Level,,Not yet decided to contest in upcoming PRI Election. Not at any Designation in Sangathan but ready to take any responsibility given by Party ,,Call Connected,,,,,,,,,,,,,,,,,,,,,,,,,,,,,,
West Champaran,2-Ramnagar (SC),Abhay Kumar Paswan,,,7320060186.0,7320060186.0,"Abhay Kumar Paswanc | Male | 33 |  SC | Paswan | ZP Contestant

- Former Zila Parishad Contestent (2021), 4472 Votes
- Dairy Farm",Active till ticket distribution,Active for JS,With JS,Call Connected,With JS,Willing to Contest PRI election and also ready to work in sangathan,Yes ,"- Interested to Contest Block Pramukh 
- Started preparation for Block Pramukh 
- Dedicated , hard worker and 24 hours available for JSP even belong from dense Jungle in Don Side of Bagaha-2 Block, ",,Not Received ,,,"Abhay Paswan | 40 | Male | SC | Dusadh

- ZP runner up (2021) Secured 4472 votes.
- Ex  Prakhand Adhyaksh Ramnagar Block of Jan Suraaj.",,,,,,,,Ramnagar_18,,,,,,,,,,,,,,,,,,,
West Champaran,2-Ramnagar (SC),Purnvasi Manjhi,,,8987341229.0,8987341229.0,"Purnvasi Manjhi | Male | 66 | SC | Musahar | JDU Karyakarini Sadasya

-Former JDU Karyakarini Sadasya
-Bhartiya  Bhuiya Musahar Parivaar Zila Adhyaksh
-Jan Suraaj Anumandal Zila Upadhayksh",Not Active,,,Not Received ,,,,,,,,,,,,,,,,,,,,,,,,,,,,,,,,,,,,
West Champaran,2-Ramnagar (SC),Brijendra Kumar,,,8294310476.0,8294310476.0,"Brijendra Kumar | Male | 29 | SC | Ravidas | Incumbent ZP Member

-Incumbent ZP Member(2021 To Till Date)
-Former RJD SC Cell Zila Adhyaksh(2022 To 2024)
-Jan Suraaj Yuva Rajya Karyakarini Samiti",Not Active,,,Not Received ,,,,,,,,,,,,,,,,,,,,,,,,,,,,,,,,,,,,
West Champaran,2-Ramnagar (SC),Gita paswan,,,6205643737.0,6205643737.0,"Gita paswan | Female | 33 | SC | Paswan | BJP Mandal Adhyaksh

-Former BJP Mandal Adhyaksh(2015 to 2022)
-Jan Suraaj Pradesh Mahila Sachiv
-Social Worker",Active till ticket distribution,Active for JS,With JS,Call Connected,With JS,Willing to Contest PRI election and also ready to work in sangathan,Yes ,"- She says ""I will Consider no one Suggestion except prashant Ji, If and only Prashant Ji will ask me to Contest PRI then I will Contest any post in PRI""
- She belives on Prashant only and not other anyperson as she has spent a lot of money as Probabale Candidate and could not get the Ticket 
- Will Continue Party Sangathan Actively ",,,,,"Gita paswan | Female | 33 | SC | Paswan | BJP Mandal Adhyaksh

-Former BJP Mandal Adhyaksh(2015 to 2022)
-Jan Suraaj Pradesh Mahila Sachiv
-Social Worker",,,,,,,,No,,,,,,,,,,,,,,,,,,,
West Champaran,2-Ramnagar (SC),Nagmani Kumar,,,9229158163.0,9229158163.0,"Nagmani Kumar | Male | 35 | SC | Ravidas | Govt Contractual Job

-Vikas Mitra on Contract Basis Bihar Govt.
- Former BSP Member(2014 To 2015)
-Viaks Mitra Sangh General Secretary(2021 To Till Date)
-Jan Suraaj ambedkar Vahini Prakhand Prabhari
-Jan Suraaj Pradesh Yuva working Committee Member
",Active till ticket distribution,Neutral Stance,With JS,Call Connected,With JS,Willing to Contest PRI election and also ready to work in sangathan,Yes ,"- He is energetic and hard worker Activist of the Party 
- He belongs to Nagar Panchayat but his brother will Panchayat Raj Election  
- He is about regestering a trust named Dalit and Muslim unity 
",,,,,"Nagmani Kumar | Male | 35 | SC | Ravidas | Govt Contractual Job

-Vikas Mitra on Contract Basis Bihar Govt.
- Former BSP Member(2014 To 2015)
-Viaks Mitra Sangh General Secretary(2021 To Till Date)
-Jan Suraaj ambedkar Vahini Prakhand Prabhari
-Jan Suraaj Pradesh Yuva working Committee Member
",,,,,,,,No,,,,,,,,,,,,,,,,,,,
West Champaran,2-Ramnagar (SC),Sahodari Devi,,,7366817340.0,7366817340.0,"Sahodari Devi | Female | 72 | SC | Chamar | MLA Contestant

-Former MLA Contestant, 2010, Ramnagar Constituency, 29000 Votes
-Former ZP Member, 2001 To 2006
-Former ZP Contesatant, 2021, Got 5500 Votes
-Former BDC Contestant, 2016, Got 300 Votes
-Jan Suraaj Mahila Pradesh Upadhyaksh

",Active till ticket distribution,Active for JS,With JS,Call Connected,With JS,Willing to Contest PRI election and also ready to work in sangathan,Yes ,"- If Seats remain Reserved , then she will Contest ZP Election 
- Otherwise she will Contest BDC 
- Will Continue Sangathan ",,Call Connected,,Interested,"-Ex-ZP member associated with JAP (2001-2006)
-ZP Runner-up (2006)
-Joined JAP in 2012, left in 2015 due to ticket issues.
-Influential in 9 panchayats, particularly with women.
-Stable financial background from profitable agriculture.",,,,,,,,Ramnagar_18,18.0,Yes,,Sakshi,,,,,,,,,,,,,,,
West Champaran,2-Ramnagar,Pappu Kumar Ranjan,34.0,Male,7352708507.0,7352708507.0,"Pappu Kumar Ranjan | Male | 34 | SC | Ravidas | Former ZP

-Former ZP, 2016 To 2021 , Got 8335 Votes
-Former ZP Contestant, Got 6035 Votes
-Former ZP Yojna Samiti Member, 2016 To 2021
-Mother Was Ward Member, 2001 To 2006
- Younger Sister is Incumbent Mukhiya, 2016 To Till Date
-Father In Law Was Mukhiya , 2016 To 2021 
-Contractor Civil",Candidate,,,,,,,,,,,,,,,,,,,,,,,,,,,,,,,,,,,,,,,
East Champaran,20-Chiraia,Sanjay Kumar,62.0,,9934021505.0,9934021505.0,"Sanjay Kumar | Male | 62 | General | Rajput | Former Mukhiya

-Former Jansuraaj District Vice President ( 2023-2024)
-Jansuraaj State working Commitee Member
-Former 2nd term Mukhiya  (2001-2011)
-Independent MLA contested in 2020 Got 9273 Votes
-Former BJP District President of Business Cell ( 2015-2020)
-Former JDU District President technical Cell ( 1995-2010)",Candidate,Active for JS,With JS,Call Connected,With JS,Willing to Work in Sangathan at Assembly Level,,Apne vidhansabha me hi kam krege kewal kyuki ye Apna business dekhte hai to time issue hai,,Call Connected,,Not Interested,"Sanjay Kumar | Male | 62 | General | Rajput | Former Mukhiya

-Former Jansuraaj District Vice President ( 2023-2024)
-Jansuraaj State working Commitee Member
-Former 2nd term Mukhiya  (2001-2011)
-Independent MLA contested in 2020 Got 9273 Votes
-Former BJP District President of Business Cell ( 2015-2020)
-Former JDU District President technical Cell ( 1995-2010)",,,,,,,,No,,,,,,,,,,,,,,,,,,,
East Champaran,20-Chiraia,"
Anand Mohan",,,9779001063.0,9779001063.0,"Anand Mohan| Male | 28 | OBC | Giri | Advocate

-Jan Suraaj Pakridyal Anumandal Youth President
-Advocate at Patna High Court
-Farmer ( Agriculture & fish 11 Acre land) ",Not Active,,,Call Connected,With JS,,,He wants to remain as a member in a Party ,,,,,,,,,,,,,,,,,,,,,,,,,,,,,,,,
East Champaran,20-Chiraia,Bir Prasad Mahto,,,9304210124.0,9304210124.0,"Bir Prasad Mahto | Male | 63 | EBC | Nonia | MLA Contesatnt

-Former MLA Contestant, Independent, Ghorasahan, 1990, 1900 votes
-Former CPI District Council Member
-Jan Suraaj Zila Sanyojak, EBC Cell",Active till ticket distribution,Neutral Stance,With JS,Call Connected,With JS,Willing to Work in Sangathan at Dist/State Level,,He will work in the organization at a district-level post and will not contest the Panchayat election,,Call Connected,,Not Interested,"Bir Prasad Mahto | Male | 63 | EBC | Nonia | MLA Contesatnt

-Former MLA Contestant, Independent, Ghorasahan, 1990, 1900 votes
-Former CPI District Council Member
-Jan Suraaj Zila Sanyojak, EBC Cell",,,,,,,,No,,,,,,,,,,,,,,,,,,,
East Champaran,20-Chiraia,Shayam Sunder Singh,,,9771604245.0,9771604245.0,"Shyam Sunder Singh | Male | 51 | General | Bhumihar | Incumbent Defacto ZP

-Incumbent Defacto ZP(2021)
-Medicine Franchise
-Jan Suraaj Zila Upadhyaksh",Active till ticket distribution,Active for JS,With JS,Call Connected,With JS,Willing to Contest PRI election and also ready to work in sangathan,,He will contest the Zila Parishad election and will also take responsibility in the organization,,,,,"Shyam Sunder Singh | Male | 51 | General | Bhumihar | Incumbent Defacto ZP

-Incumbent Defacto ZP(2021)
-Medicine Franchise
-Jan Suraaj Zila Upadhyaksh",,,,,,,,Patahi_51,,,,,,,,,,,,,,,,,,,
East Champaran,20-Chiraia,Sachin Kumar  Yadav,,,9507441474.0,9507441474.0,"Sachin Kumar  Yadav | Male | 36 | OBC | Yadav | Incumbent Mukhiya

-Incumbent 2 Consecutive Terms Mukhiya(2016 to Til Date)
-Incumbent Mukhiya Sangh Block President(2016 to Till Date)
-Runs a Pathology Centre
-Runs a Hotel and Restaurant
-Jan Suraaj Pradesh Yuva Samvaad Samiti Sadasya",Active till ticket distribution,Active for JS,With JS,Not Received ,,,,,,,,,"Sachin Kumar  Yadav | Male | 36 | OBC | Yadav | Incumbent Mukhiya

-Incumbent 2 Consecutive Terms Mukhiya(2016 to Til Date)
-Incumbent Mukhiya Sangh Block President(2016 to Till Date)
-Runs a Pathology Centre
-Runs a Hotel and Restaurant
-Jan Suraaj Pradesh Yuva Samvaad Samiti Sadasya",,,,,,,,Chiraiya_41,,,,,,,,,,,,,,,,,,,
East Champaran,20-Chiraia,Faiyaz Ahmad ,,,9771504050.0,9771504050.0,"Faiyaz Ahmad | Male | 43 | Minority | Sheikh | Former Mukhiya

-Former Mukhiya(2006 to 2011 & 2016 to 2021)
-Former Mukhiya Contestant(2001 , 2011 & 2021)
-Jan Suraaj Anumandal Zila Adhyaksh",Active till ticket distribution,Active for JS,With JS,Call Connected,With JS,Willing to Contest PRI election and also ready to work in sangathan,,He will contest the Mukhiya election and aspires to take a  responsibility within the organization,,Call Connected,,Not Interested,"Faiyaz Ahamad | 43 | Male | Minority | Muslim

-Two times Former Mukhiya (2006-11, 2016-21)
Former Two times PACs Adhyaksh 2009 & 2014
- Chiraiya Mukhiya Sangh adyaksh (2016-2021)
-Comes From Influential Family in Chiraiya Assembly
-His Father was Prominent Government Doctor
-Prominent Minority Leader
",,,,,,,,No,,,,,,,,,,,,,,,,,,,
Buxar,200-Buxar,Poonam Chaturvedi,,,9890960395.0,9890960395.0,"Poonam Chaturvedi | 38 | Female | General | Brahmin | BJP Member

-Former BJP Member(2020 to 2022)
-Father In Law late Pashuram Chaturvedi Contested the Assembly Election in 2020, Buxar Constitiency, Got 48000 Votes
-Former Member Of RSS",Not Active,Neutral Stance,,Call Connected,With JS,Willing to Work in Sangathan at Assembly Level,,"Currently she used to live in Noida, Her husband is Working there. Will support some candidate in PRI Election. Willing to contest next Vidhansabha Election ",,Call Connected,,,,,,,,,,,,,,,,,,,,,,,,,,,,,,
Buxar,200-Buxar,Shobha Devi,,,9430941945.0,9430941945.0,"Shobha Devi | Female | 49 | Genral | Brahmin | ASA District President

-Former ASA Party Women Cell District President, 2024 To 2025
-Jan Uthan NGO Koshadhyaksh,
-Mahila Adhikar Akai NGO Pradesh Adhayksh
-Businesswoman(Runs a Beauty Parlour)
-Social Worker(Womens Empowerment , Distributing Samitary Pad for Girls)",Active till ticket distribution,Neutral Stance,With JS,Call Connected,With JS,Willing to Work in Sangathan at Assembly Level,,"She will always remain with the party as a dedicated karyakarta. She does not wish to hold any position at present but is actively preparing for the upcoming Vidhan Sabha election.
",,Call Connected,,,"Shobha Devi | Female | 49 | Genral | Brahmin | ASA District President

-Former ASA Party Women Cell District President, 2024 To 2025
-Jan Uthan NGO Koshadhyaksh,
-Mahila Adhikar Akai NGO Pradesh Adhayksh
-Businesswoman(Runs a Beauty Parlour)
-Social Worker(Womens Empowerment , Distributing Samitary Pad for Girls)",,,,,,Not Intrested,,No,,,,,,,,,,,,,,,,,,,
Buxar,200-Buxar,Abhishek Kumar Pandey,,,7761836594.0,7761836594.0,"Abhishek Kumar Pandey | Male | 36 | General | Brahmin | Former INC Advisor

-Former INC Advisor to Coal Minister Prakash Jaiswal (2009 to 2014)
-Lawyer at Supreme Court Of India
-Grandfather Late Pandit Doodhnath Pandey ,MLC , Buxar(Before Independence)",Active till ticket distribution,Neutral Stance,,Call Connected,With JS,Willing to Work in Sangathan at Dist/State Level,,"Ticket Distribution ke time Baaqi ACC ko confidence mein lena chahiye, Prashant Ji Bade bhai hain, Close family relation hai Father & Grandfather ke time se. Prashant JI ke touch mein hain, 3-4 din mein baat hoti rehti hai, Party ke saath bane rahenge bas yeh kehna chahte hain agar kisi aur to ticket dena tha wahan se to pehle inhe ishara kar diye hote yeh tab bhi utni hi mehnat ke saath party ke liye lage rehte.",,,,,,,,,,,,,,,,,,,,,,,,,,,,,,,,
Buxar,200-Buxar,Tathagat Harsh Vardhan,51.0,,9899877584.0,9899877584.0,"Tathagat Harsh Vardhan | Male | General |  Brahmin | Advocate

-Former Congress Zila Adhyaksh(2015 To 2024)
-Former Congress Pradesh Sachiv(2014 To 2015)
-Jan Suraaj Zila Parbhari
-Advocate at Supreme Court",Candidate,,With JS,Call Connected,With JS,,,,,,,,"Tathagat Harsh Vardhan | Male | General |  Brahmin | Advocate

-Former Congress Zila Adhyaksh(2015 To 2024)
-Former Congress Pradesh Sachiv(2014 To 2015)
-Jan Suraaj Zila Parbhari
-Advocate at Supreme Court",,,,,,,,No,,,,,,,,,,,,,,,,,,,
Buxar,200-Buxar,Jayram Singh Kushwaha,,,9199801883.0,9199801883.0,"Jayram Singh Kushwaha | Male | 53 | OBC | Kushwaha | Ward Member

-Former Ward Member, 2002 To 2012
-Former Defacto Ward Member 2012 To 2022
-Former Defacto Nagar Parishad Chairman Contestant, 2022 , Got 10,000 Votes
-Former RLSP Member, 2015 To 2017",Active till ticket distribution,Active for JS,,Switch Off,,,,Right Now in Jail,,,,,,,,,,,,,,,,,,,,,,,,,,,,,,,,
Buxar,200-Buxar,Rajnish Kumar Tiwary,,,8789592571.0,8789592571.0,"Rajnish Kumar Tiwary | Male | 34 | General | Brahmin | JDU Media Prabhari

-Former JDU Media Prabhari, 2009 To 2019
-Runs a Coaching Centre
-Social Worker",Not Active,Helped Other Party,,Call Connected,With JS,Willing to Work in Sangathan at Assembly Level,,"Hamesha Party mein Rahenge, Panchayat Elections mein khud nahi kuch supporters ko Elections ladayenge. Khud Vidhansabha ki Tayyari mein hain",,,,,,,,,,,,,,,,,,,,,,,,,,,,,,,,
Buxar,201-Dumraon,Colonel Dr Rajesh Kumar,,,9431106642.0,7004900415.0,"Colonel Dr Rajesh Kumar | Male | 59 | General | Rajput | Retired Colonel

-Retired Colonel, Indian Army
-Former Vice Chancelor at Defence University, Ranchi
-Organised 40 KM Stretch Ganga Seva Shivir from Maner To Patna in 1983
-Former Captain All India Motorcycle Adventure Sports Club
-Writer(4 Books), - Pradesh Adhayksh Vichar Manch Jan Suraaj. ",Not Active,Neutral Stance,,Call Connected,,,Needed,"Party ke main headquarters ka support 15 Days pehle band ho gaya, All candidate were there own to fight the Election. Last ke 15 days mein koi kaam nahi ho paaya, Public meetings and & Public gatherings mein. Starting was very good but conversion was not upto the mark. Sangathan structural nahi tha aur Booth Prabharis tak Boothbka kharch nahi pahuncha aur Sangathan ke log Financial gains par zaayada focus kiye hue the. Party ko Sangathan mazboot karne ki zaayada zarurat hai. Yeh lok Sabha Ladna chahte hain 2029 ka Buxar/Ara/karakat Lok Sabha Seat se agar Prashant JI chahein aur ishara karein to tayyari karna shuru karenge.",,,,,,,,,,,,,,,,,,,,,,,,,,,,,,,,
Buxar,201-Dumraon,Pankaj Singh,,,8540082350.0,8540082350.0,"Pankaj Singh | Male | 36 | General | Rajput | Mukhiya Contestant

-Former Mukhiya Contestant(2021 ), Got 929 Votes
-Former LJP(R), Yuva Pradesh Upadhyaksh(2015 to 2024)
-Jan Suraaj Yuva Pradesh Samiti Sadasya
-Buisnessman(Transport & Hotel)
- ",Not Active,Helped Other Party,,Call Connected,Not with JS,,, Ticket Distribution se pehle hi Party chore diye the 5-6 mahine pehle. Yeh abhiyan kabhi safal nahi ho paayega inhone kaha. Jan Suraaj ka Shuru mein bohot achha condition tha lekin dheere dheere condition kharaab hoti gayi. ,,,,,,,,,,,,,,,,,,,,,,,,,,,,,,,,
Buxar,201-Dumraon,Saroj Kumar Choubey,,,9622105439.0,9622105439.0,"Saroj Kumar Choubey | Male | 53 | General | Brahmin | Retired Army

-Retired Subedaar Indian Army
-Farmer
",Active till ticket distribution,Active for JS,With JS,Call Connected,With JS,Willing to Work in Sangathan at Dist/State Level,,"Kaafi Mehnat kiye hain Sangathan mein, Aur aage bhi Sangathan ko mazboot karenge. Prashant Ji ko Sangathan aur karyakarta ke saath baithna chahiye. Dheere dheere baaqi karyakarta bhi bhaag rahe hai issliye sabko jodnw ki zarurat hai. Inke Bhai Ladenge PRI Chunav",,Call Connected,,,"Saroj Kumar Choubey | Male | 53 | General | Brahmin | Retired Army

-Retired Subedaar Indian Army
-Farmer
",,,,,,"Either ZP or Mukhiya , Depends On Res.",,Nawanagar_20,,,,,,,,,,,,,,,,,,,
Buxar,201-Dumraon,Amit Kumar Singh,,,7352860770.0,7352860770.0,"Amit Kumar Singh| Male | 37 | General | Rajput | Farmer

-Small Farmer (3 acre Land)
-Architectural Work
-Active Social worker ( Working on local issues)",Not Active,Helped Other Party,,Call Connected,With JS,Willing To Contest Panchayati Raaj ,,Jo log pehle se mehnat kar rahe the unme se kisi ko ticket mila hota to shayad results zaayada behtar hote. Zila Parishad ki seat Unreserve hota hai to ZP ke liye contest karenge. Aur Inke Bhaiya Filhaal Mein sarpanch hai aur iss baar bhi contest karenge,,#REF!,,,,no,,,,,,,,,,,,,,,,,,,,,,,,,,
Buxar,201-Dumraon,Ravi Prakash Sinha,,,6204017546.0,6204017546.0,"Ravi Prakash Sinha | Male | 41 | General | Kayastha | BSP Zila Sachiv

-Former BSP Zila Sachiv(2021 To 2024)
-Former AAP Zila Sachiv(2018 To 2020)
-Jan Suraaj Zila Sachiv
-Owns a Restaurant",Active till ticket distribution, Contested as an Candidate from other Party,,Call Connected,With JS,Willing to Work in Sangathan at Assembly Level,,"Jan Suraaj ke saath starting se Jude hue the,Kaafi mehnat kiye the party ko mazboot karne ke liye, Lekin ticket nahi mila, Samarthak ka kaafi pressure tha issliye Independent chunav lad liye, Halaki Prashant JI ke vicharon ke saath jan suraaj join kiye the aur aage bhi rahenge, Narazgi hai lekin waqt ke saath khtm ho jaayegi. Khud to panchayat ka chunav nahi ladenge lekin apne samarthak ko chunav ladayenge ",,,,,,,,,,,,,,,,,,,,,,,,,,,,,,,,
Buxar,201-Dumraon,Shobha Singh,,,9934243373.0,9934243373.0,"Shobha Singh | Male | 62 | General | Rajput | Principal

-Principal at Sumitra Mahila Mahavidyalay, Dumraon
-Lioness Club Ex President
-Jan Suraaj Mahila Nagar Adhyaksh",Active till ticket distribution,Active for JS,,Call Connected,With JS,Willing to Work in Sangathan at Assembly Level,,"Jan Suraaj ke saath rahenge, Aage chunav ladne ka koi khaas irada nahi hai, College mein Principal hain Issliye abhi Sangathan mein Kisi padh pe nahin rehna chahti, Kyunki time ka issue rahega",,,,,,,,,,,,,,,,,,,,,,,,,,,,,,,,
Buxar,201-Dumraon,Rekha Devi,,,9304242032.0,9304242032.0,"Rekha Devi | Female | 47 | OBC | Kushwaha | Incumbent Mukhiya

-Incumbent 2 Terms Mukhiya, 2016 to Till Date
-Former Defacto Mukhiya(2001 To 2006)
-",Active till ticket distribution,Active for JS,,Call Connected,Not with JS,,Needed,"Party ki Pradesh Mahila Upadhyaksh ke padh pe thi, Sangathan ke logon se naraz hokar Party se Resign kiya inhone. Chunav ke time kaafi active thi lekin baad mein samiksha Baithak ke dauraan Inhone resign kiya. Darasal Zila Sangathan ke Kuch Postholders aur Kuch ACC ke taraf se inhe Target kiya jaa raha tha kaafi time se, Inhi wajah se inhone Resign kiya.  Sirf Padh se Resign kiya hai lekin Party mein rahengi aur hamesha Party ki well wisher ke taur pe rahengi",,,,,,,,,,,,,,,,,,,,,,,,,,,,,,,,
Buxar,201-Dumraon,Kanak Lata Singh,,,7549590418.0,7549590418.0,"Kanak Lata Singh | Female | 67 | General | Rajput | Retired Professor


- Former Lecturer 
- Member Of Army Wife Welfare Association
-Social Worker( Provide Free Education To poor Students )
-Associated With Orphanage and Distribute Free Foods and Books to Orphans
-Member Of Dumraon Lions Club",Active till ticket distribution,Active for JS,,Call Connected,With JS,Willing to Work in Sangathan at Dist/State Level,,"She was made Zila Mahila Adhayaksh During Election, And Will always remain with party, Also attend Samiksha Baithak after Election ",,,,,,,,,,,,,,,,,,,,,,,,,,,,,,,,
Buxar,201-Dumraon,Renu Kumari ,,,9905178290.0,9905178290.0,"Renu Kumari  | Female | 28 | EBC | Kumhar | ASA Party Pardesh Mahasachiv

-Former ASA Party Pradesh Mahasachiv, 2024 To 2025
-Swabhiman Sangharch Morcha , Mahila Sahsanyojak, (Works For Women Empowerment)
-Social Worker
-",Active till ticket distribution,Active for JS,,Call Connected,With JS,Willing to Work in Sangathan at Dist/State Level,,"Hamesha Party ke saath rahenge, Ticket naa milne ke wajah se Inke samarthak kaafi naraz rahe. Lekin party m rahenge aur Sangathan ko mazboot karenge. Pradesh m padh lena chahte hain",,,,,,,,,,,,,,,,,,,,,,,,,,,,,,,,
Buxar,201-Dumraon,Prabind Kumar Singh,,,8660458964.0,8660458964.0,"Pravind Kumar Singh | Male | 48 |General| Rajput | Retired Army 

-Retired  Nayab Subedaar Indian Army-2023
-Former Samta Party Member(1994 to 1996)
",Active till ticket distribution,Active for JS,,Call Connected,With JS,Willing to Work in Sangathan at Dist/State Level,,"Only wanted to contest Vidhansabha Election, Not Interested in Panchayat Elections, Ready to take any responsibility in Jan Suraaj at state level.",,,,,,,,,,,,,,,,,,,,,,,,,,,,,,,,
Buxar,201-Dumraon,Shivang Vijay Singh,35.0,Male,7903660424.0,7903660424.0,"Shivang Vijay Singh | Male | 35 | General | Kayastha | MLA Contestant

-Former MLA Contestant(2020), Dumraon, Independent, Got 9390 Votes
-Agriculture
-Social Work",Candidate,,With JS,Call Connected,With JS,,,,,Call Connected,,Not Interested,"Shivang Vijay Singh | Male | 35 | General | Kayastha | MLA Contestant

-Former MLA Contestant(2020), Dumraon, Independent, Got 9390 Votes
-Agriculture
-Social Work",,,,,,,,No,,,He will suggest some names,,,,,,,,,,,,,,,,
Buxar,201-Dumraon,Mohan Kumar,,,7050256337.0,9934175613.0,"Mohan Kumar | Male | 54 | General | Kayastha | Businessman

-Suheldev Bhartiya Samaj Party, Mandal Adhyaksh
-Businessman(General Store)
-Social Worker
",Not Active,Helped Other Party,,Call Connected,With JS,Willing to Work in Sangathan at Dist/State Level,,Ready to take any responsibility given by the Party. Will also support some candidate in Upcoming PRI Election ,,,,,,,,,,,,,,,,,,,,,,,,,,,,,,,,
Buxar,201-Dumraon,Jay Shankar Singh,,,6207193929.0,6207193929.0,"Jay Shankar Singh | Male | 47 | OBC | Yadav | Defacto Ward Member

-Defacto(Wife) Ward Member(2021 To Till Date)
-Former  BDC Contestant(2016), Got 852 Votes
-Former 2 terms Defacto BDC Contestant(2006 , Got 530 Votes & 2011, Got 775 Votes)",Active till ticket distribution,Active for JS,,Call Connected,With JS,Willing to Work in Sangathan at Dist/State Level,,Not willing to contest any election in Panchayat. Will support some candidate and also ready to take any responsibility given by Party ,,,,,,,,,,,,,,,,,,,,,,,,,,,,,,,,
Buxar,202-Rajpur (sc),Subas Ram,,,9973014661.0,9973014661.0,"Subas Ram | Male | 67 | SC | Dhobi | Retired SI

-Retired SI(Sub Inspector), Bihar Police
-Former JAP Prakhand Upadhyaksh
-Former Bihar Police Mens Association Mantri from 1998 To 2020
-Social Worker ",Active till ticket distribution, Contested as an Candidate from other Party,,Call Connected,Not with JS,,,"Worked very hard for Party, Invested 15Lakhs in Strengthening Party. Dissatisfaction related to candidate selection only Join party once he meet Prashant kishore Ji ",,,,,,,,,,,,,,,,,,,,,,,,,,,,,,,,
Buxar,202-Rajpur (sc),Asha Devi,,,8969411058.0,8969411058.0,"Asha Devi | 52 | Female | SC | Dusadh | Former Mukhiya

-Former Mukhiya, 2016 To 2021
-Former Mukhiya Contestant, 2021 
-Social Worker",Active till ticket distribution,Helped Other Party,,Call Connected,With JS,Willing to Contest PRI election and also ready to work in sangathan,,"Candidate Mazbooti ke saath chunav nahi lade, Candidate Dumraon ke rehne waale the aur unka galat selection hua hai. Iss baar yeh Mukhiya yaa Zila Parishad ke padh pe chunav ladengi. aur inke ghar se aur bhi log PRI Election mein contest karne waale hain.",,,,,,,,,,,,,,,,,,,,,,,,,,,,,,,,
Buxar,202-Rajpur (sc),Jitendra Kumar,,,9431409196.0,9431409196.0,"Jitendra Kuma | Male | 55 | SC | Chamar | ZP Contestant

-Former 4 times ZP Contestant(2001, 2006, 2011 & 2016)
-Journalist at Dainik Hindustan
-Jan Suraaj Rajya Straiye Commitee",Not Active,Neutral Stance,,Call Connected,,,,"Deceased on 10th Nov, Was not well since very long time Son Received the call. ",,,,,,,,,,,,,,,,,,,,,,,,,,,,,,,,
Buxar,202-Rajpur (sc),Bhim Ram,,,9631889810.0,9631889810.0,"Bhim Ram | Male | 44 | SC | Ravidas | Mukhiya Contestant

-Former Mukhiya Contestant(2016), Got 850 Votes
-Foremr JDU Zila Sachiv(2015 to 2024)
-PDS Dealer
-Jan Suraaj Zila Sachiv",Active till ticket distribution, Contested as an Candidate from other Party,,Call Connected,Not with JS,,,"Resigned from party during the Ticket Distribution, Fight From Sarvjan Sanatan Party ( secured 971 Votes ). ",,,,,,,,,,,,,,,,,,,,,,,,,,,,,,,,
Buxar,202-Rajpur (sc),Dhananjay Kumar,42.0,,9334451988.0,9334451988.0,"Dhananjay Kumar | Male | 42 | SC | Paswan | Incumbent Defacto Block Pramukh


-Incumbent Defacto Block Pramukh, 2016 To Till Date
-Incumbent Defacto Panchayat Samiti, 2016 To Till Date
-Former LJP(R), SC/ST Cell Pradesh Upadhyaksh, 2024 To 2025
-Former LJP(R), SC/ST Cell Pradesh Mahasachiv, 2023 To 2024
-Former HAM Member, 2015 To 2020
-Owns a Rice Mill Plant
-Owns 15 Bigha Land",Candidate,,With JS,Call Connected,With JS,,,,,Not Received ,,,"Dhananjay Kumar | Male | 42 | SC | Paswan | Incumbent Defacto Block Pramukh


-Incumbent Defacto Block Pramukh, 2016 To Till Date
-Incumbent Defacto Panchayat Samiti, 2016 To Till Date
-Former LJP(R), SC/ST Cell Pradesh Upadhyaksh, 2024 To 2025
-Former LJP(R), SC/ST Cell Pradesh Mahasachiv, 2023 To 2024
-Former HAM Member, 2015 To 2020
-Owns a Rice Mill Plant
-Owns 15 Bigha Land",,,,,,,,Dumraon_17,,,,,,,,,,,,,,,,,,,
Kaimur,203-Ramgarh,Jawahar Parasad,,,9939681643.0,9939681643.0,"Jawahar Parasad|43|Male| EBC | Bind | Former BDC

-Prominent Businessnan
-Former BDC (2016-2021)
-Former Block Parmukh (2016 runnerup, 2018 Runnerup)
-Former Matas Jivi Canidate (2010 Runneup) 
-Former ZP Candidate -(2019,  3rd Position)
- Former BJP Member for 10 years(2000- 2010)
-Former RJD Zilla Up Adyakash of EBC Prakosth (2010-2024)",Active till ticket distribution,Neutral Stance,,Call Connected,With JS,,,Ramgarh Vidhansabha mein Dono hi Dal se Rajput candidate the phir bhi Jan Suraaj se Rajput ko Ticket diya gaya. Rohtas and Arwal Zila mein Kisi Bind/Mallah to ticket nahi diya gaya. Naraz hone ke wajah se Ramgarh Vidhansabha mein BSP ke Ummedwaar ko support kiye. Filhaal Party mein hain lekin kisi padh pe nahi rahenge aur Panchayat Elections mein bhi contest nahi karenge. Agle Vidhansabha ki tayyari m lage rahenge,,,,,,,,,,,,,,,,,,,,,,,,,,,,,,,,
Kaimur,203-Ramgarh,Anand Kumar Singh,47.0,,9931134922.0,8789024702.0,"Anand Kumar Singh | Male | 47 | General | Rajput | Former ZP Member

-Former ZP Member(2011 to 2016)
-Former RJD Lok Sabha Prabhari(2024)
-Former RJD Kisan Cell Pradesh Mahasachiv(2016 to 2024)
-Former RJD Zila Mahasachiv(2011 to 2016)
-Former RJD District President of Student Wing(2006 to 2009)
-Former Student Union Presdient Of Hindu PG College(1999 to 2000)",Candidate,,With JS,Call Connected,With JS,,,,,Call Connected,,Not Interested,"Anand Kumar Singh | 46 | Male | GEN | Rajput 
-  Former RJD Pradesh Mahasachiv (kisan wing) 2022 to 2024.
-  Former ZP from Durgawati( Bhag-1) 2011 to 2016. 
- ZP Runner-Up 2021 election,  lost by 90 votes Durgawati (part-2).
- RJD -  Zila Maha Sachiv.
- Lok Sabha parbhari Maharajganj 2024.
- Kaimur 2006- RJD Student Wing Adhyaksh. 
- Student Union President (ABVP)  P.G College,  Ghazipur.",,,,,,,,No,,,,,,,,,,,,,,,,,,,
Kaimur,203-Ramgarh,Rajvansh Singh,,,9431214243.0,9122792001.0,"Rajvansh Singh | Male | 64 | General | Rajput | Retired DSP

-Retired DSP(Bihar Police)
-Bihar Police Association President(1995 to 1995 &1998 to 1999)
-BA In Political Scince(B.H.U)
-Receievd Gallantry Award in 1989",Active till ticket distribution,Neutral Stance,,Call Connected,With JS,Willing to Work in Sangathan at Assembly Level,"Needed, Will come Patna on 13th January ","Apne Candidate mein Attraction nahi tha, Janta Ke beech Jan Suraaj Zaayada mazboot nahi tha. Sangathan hamara Zaayada mazboot nahi tha, PLC Campaign bhi Failure rahaa. Aage Sangathan ko aur mazboot karne kaa kaam karenge. ",,,,,,,,,,,,,,,,,,,,,,,,,,,,,,,,
Kaimur,203-Ramgarh,Ravindra Upadhyay,,,9939481764.0,9939481764.0,"Ravindra Upadhyay | Male | 54 | General | Brahmin | BSP Pradesh Mahasachiv

-Former BSP Pradesh Mahasachiv(2009 to 2017)
-Former JDU Member (2018 to 2022)
-Former ABVP Member(1989 to 2007)
-Jan Suraaj Zila Mahasachiv
-Construction Business",Active till ticket distribution,Active for JS,With JS,Call Connected,With JS,Willing to Work in Sangathan at Dist/State Level,,There is a need to build strong cadre at Booth Level . He was Zila Mahasachiv and will always work for the Betterment of Party as he is aligned with the Idea of Prashant Kishore JI for Bihar. In upcoming PRI Election he will also support some candidates.,,Call Connected,,,"Ravindra Upadhyay | 53 | Male | Gen | Brahmin

-Former BSP State General Secretary From (2008-2017).
-Madan Mohan Malaviya Mission Bihar Unit Working President.
-Former JDU District Member  From (2018-2022).
-Former ABVP Member From (1991-2008).
-Owner of Rice Mill, Goverment Contractor. 
-He Has 40 Acres Land For Farming",,,,,,,,No,,,"Maun Vrat hai 
Will talk tomorrow",,,,,,,,,,,,,,,,
Kaimur,204-Mohania (SC),Aarti Kumari,,,9546783472.0,9546783472.0,"Aarti Kumari | Female | 26 | SC | Chamar | AAP Zila Adhyaksh

-Former AAP Zila Adhyaksh(2020 To 2024)
-Runs a Private School TOC English School
-Jan Suraaj Anumandal Adhyaksh
-Social Activist(Works For Environment, Health & Education)",,,,Busy,,,,"Called Multiple Times, Didnt received. Then the Number is eithwr switched off or not reachable at the moment",,,,,,,,,,,,,,,,,,,,,,,,,,,,,,,,
Kaimur,204-Mohania (SC),Janardhan Ram,,,6204499110.0,6204499110.0,"Janardhan Ram | Male | 61 | SC | Paswan | MLA Contestant

-Former MLA Contestant, 1995, Chenari & 2000 Sasaram
-Former Congress Mahasachiv(2015 To 2024)
-Jan Suraaj Prakhand Prabhari
-Jan Suraaj State Working Committee Member",Active till ticket distribution,Active for JS,With JS,Call Connected,With JS,Willing to Work in Sangathan at Assembly Level,,"Khud hi mana kar diye the situation dekhte hue iss baar chunav nahi ladenge, Haan Lekin Party m rahenge Sangthan ko mazboot bhi karenge, Aage agar party mauqa deti hai to Vidhansabha Chunav bhi ladenge",,Call Connected,Yes,Yes,"Janardhan Ram | Male | 61 | SC | Paswan | MLA Contestant

-Former MLA Contestant, 1995, Chenari & 2000 Sasaram
-Former Congress Mahasachiv(2015 To 2024)
-Jan Suraaj Prakhand Prabhari
-Jan Suraaj State Working Committee Member",,,,,,"Either ZP or Mukhiya , Depends On Res.",Yes,Kudra_6,,,,,,,,,,,,,,,,,,,
Kaimur,204-Mohania (SC),Jeetendra Prasad,,,9006143441.0,9006143441.0,"Jeetendra Prasad | Male | 61 | SC | Chamar | Defacto ZP Contestant

-Former Defacto ZP Contestant(2005), Got 3702 Votes
-Retired Govt Principal
-Social Worker",Active till ticket distribution,Active for JS,With JS,Call Connected,With JS,Willing to Work in Sangathan at Dist/State Level,,"Iss baar Golden chance tha Chunav ladne ka, Agle Vidhansabha mein Age aur zaayada ho jaayegi, Abb koi bhi chunav nahi ladna hai aur Party agar Sangathan mein whole timer 24 Ghante waala kaam deti hai to karenge. Yeh Abb college se retire ho chuke hain inhe aise kaam chahiye party mein jisse yeh full time engaged rahe",,#REF!,NO,,,bhabhua 3,,,"Angry, Want to work in Sangathan",,,,,,,,,,,,,,,,,,,,,,,
Kaimur,204-Mohania (SC),Budhadev Ram ,,,8873149653.0,9631364875.0,"Budhadev Ram  | Male | 59 | SC | Chamar | Incumbent Defacto Mukhiya

-Incumbent Defacto Mukhiya(2021 To Till Date)
-Former 2 Consecutive Terms Sarpanch(2006 To 2016)
-Former Mukhiya Contestant(2001 & 2016)
-Former Congress Member(2005 To 2024)
-Former BSP Member(2001 To 2005)
-",Active till ticket distribution,Neutral Stance,,Call Connected,With JS,None of the Above ,Need to fix Meeting with Prashant Kishore JI,"Pure Sahabad range mein Chamar samaj se kisi candidate ko ticket nahi diye hain. Jan Suraaj mein Pehle se Jude rahe aur kaafi Mehnat bhi kiye Lekin Ticket kisi naye candidate ko diya gaya, Sabhi ACC mein se kisi ko bhi ticket mil jaata to koi taqleef nahi rehti. Party ne jo Criteria set kiya tha Ticket Distribution ka uske basis pe ticket dena chahiye tha. Naraz hai lekin Party mein hai aur Abhi tak resign nahi kiye hain",,,,,,,,,,,,,,,,,,,,,,,,,,,,,,,,
Kaimur,204-Mohania (SC),Brajesh Kumar,,,9097555750.0,9097555750.0,"Brajesh Kumar | Male | 39 | SC | Dhobi | MLA Contestant 

-Former MLA Contestant, 2010, 2014, 2015, 2020, Mohania Constituency, Independent
-Former RLM Party, Pradesh Sachiv, 2023 To 2025
-Former RLSP, Yuva Pradesh Mahaschiv, 2013 To 2019
-Social Worker",Active till ticket distribution,Neutral Stance,,Call Connected,With JS,None of the Above ,,"Was vwry Disappointed with the Ticket Distrution, And no one withing the District Postholders gives any reply to his calls. Party mein koi Puchne waala nahi hai, Kaafi paisa Barbaad ho gaya. Ticket Distribution ka JO criteria tha uske basis pe Ticket dena chahiye.",,,,,,,,,,,,,,,,,,,,,,,,,,,,,,,,
Kaimur,204-Mohania (SC),Banslochan Ram,,,9572595933.0,9572595933.0,"Banslochan Ram | Male  | 55 | SC | Chamar | MLA Contestant 

-Former MLA Contestant, 2010, Ramgarh, Independent, Got 1434 Votes
-Former Mukhiya Contestant, 2006
-Former RJD Pradesh Upadhyaksh, SC Cell, 2015 To 2025
-Former RJD Member, 1997 To 2025
-Former Janta Dal Member, 1990 To 1997
-Former Indian Peoples Front Member, 1984 To 1989
-Jan Suraaj State Core Committe Member",Active till ticket distribution,Active for JS,With JS,Call Connected,With JS,Willing to Work in Sangathan at Dist/State Level,,"State Steering Committee, Sahabad ke chunav Abhiyan samiti ka Prabhari, Kaimur ke Zila Sanyojak bhi the Ambedkar Vahini ke, Aur Sahabad ke Prabhari bhi rahi Ambedkar Vahini mein. Party Jis Zimmedaari pe rakhegi uspe khade utrenge. Sahabaad zone mein kisi bhi chamar Ummedwaar ko ticket nahi mila",,Call Connected,,Interested,"Vanshlochan Ram | 54 | Male | SC | Chamar
 -Former RJD state Vice President SC/ST cell from (2015-2024).
 -Former RJD State secretary SC/ST cell from (2000-2015).
 -Former RJD district secretary from (1997-2000).
 -Former Lok Dal block Vice President from (1989-1995).""",,,,,,,,No,Ramgarh_3,Yes,,,,,,,,,,,,,,,,,
Kaimur,204-Mohania (SC),Om Prakash,,,7827189191.0,7827189191.0,"Om Prakash | Male | 68 | SC | Ravidas | Retired Judge

-Retired District Judge
-Former RJD Member, Jan 2025 To Aug 2025
-Social Worker",Active till ticket distribution,Neutral Stance,With JS,Call Connected,With JS,None of the Above ,Must Needed ,"Inke Father Bihar ke First SC community ke IAS officer rahe. Patna mein 10 saal Judge rahe, Judiciary mein 32 saal ka experience raha aur kayi department ke Senior position pe rahe. Inki Tayyari Sasaram Lok Sabah se ho rahi thi. Prashant JI se Ticket ki Gurantee lekar hi Party Join karein lekin Baad mein Inhe ticket nahi mila. Badlaw Yatra Mein kaafi actively kaam kiya inhone, Lekin Sohail JSPT ne Prashant JI ko galat report kiya aur Gita Devi se 12 Lakh Rs liya ( Aisa Shor hai Public mein ). Gita Devi pehle bhi Drugs case mein involve thi uske upar charges the, Phir bhi usey Ticket Mila. ",,,,,"Om Prakash | Male | 68 | SC | Ravidas | Retired Judge

-Retired District Judge
-Former RJD Member, Jan 2025 To Aug 2025
-Social Worker",,,,,,,,No,,,,,,,,,,,,,,,,,,,
Kaimur,205-Bhabua,Jainendra Kumar Arya,42.0,,7549567891.0,7903668483.0,"Jainendra Kumar Arya | Male | 42 | EBC | Kanu | BSP Pradesh Mahasachiv

-Former BSP Pradesh Mahasachiv
-Former Bhabua Nagar Parishad Sabhapati(2017 To 2019)
-Jan Suraaj Nagar Adhyaksh
-Businessman(Restautant and Mall)",Candidate,,With JS,Call Connected,With JS,,,,,Not Received ,,,"Jainendra Kumar Arya | Male | 42 | EBC | Kanu | BSP Pradesh Mahasachiv

-Former BSP Pradesh Mahasachiv
-Former Bhabua Nagar Parishad Sabhapati(2017 To 2019)
-Jan Suraaj Nagar Adhyaksh
-Businessman(Restautant and Mall)",,,,,,,,No,,,,,,,,,,,,,,,,,,,
Kaimur,205-Bhabua,Ramesh Tiwary,,,9304259684.0,9304259684.0,"Ramesh Tiwary | Male | 47 | General | Brahmin | MLA Contestant

-Former Assembly Election Contestant, Bhabua, Independent,  2005, Got 2581 votes
-Former BSP Pradesh Mahasachiv, 2010 To 2015
-Contractor and Farmer",,,,Not Received ,,,,Called Multiple times but didn't received ,,,,,,,,,,,,,,,,,,,,,,,,,,,,,,,,
Kaimur,205-Bhabua,Kapil Muni Pandey,,,8969364256.0,8969364256.0,"Kapil Muni Pandey | Male | 43 | General | Brahmin | Former ZP Contestant

-Former ZP Contestant, 2011 & 2021, Got 4146 & 2700 Votes
-Former Congress Assembly Yuva Adhyaksh, 2010 To 2016
-Former Kisan Congress District President, 2018 to 2024
-Building Material Shop",Active till ticket distribution,Active for JS,,Call Connected,With JS,Willing To Contest Panchayati Raaj ,,Starting se Jan Suraaj se Jude rahe aur Ticlet Distribution mein Galat candidate ko Ticket diya gaya. Baniya Voters kabhi Jan Suraaj ko Vote nahi karenge. Yeh Hamesha Jan Suraaj ke saath rahenge lekin abhi koi padh nahi lena chahte hain Sangathan mein. Will contest for Mukhiya Election ,,,,,,,,,,,,,,,,,,,,,,,,,,,,,,,,
Kaimur,206-Chainpur,Anil Kumar Singh,,,9931024211.0,9931024211.0,"Anil Kumar Singh | Male | 61 | OBC | Kurmi | Former Mukhiya

-Former 2 Terms Mukhiya(2001 to 2006 & 2011 To 2016)
-Incumbent Vyapar Mandal Adhyaksh(2002 to 2022)
-Former BJP Block President(2007 to 2010)
-Jan Suraan Farmer Cell District President
-Jan Suraaj State Working Committee Memebr",Active till ticket distribution,Neutral Stance,,Call Connected,Not with JS,,Must Needed,"Vidhansabha mein sabse zaayada Mehnat inhone kari aur paisa bhi kaafi kharch ho gaya, Lal Muni Chaubey ke Bete ko Ticket Mila Koi Baat nahi, Issey inhe takleef nahi hai Bas Party ko inhe confidence mein rakhna chahiye. Prashant JI aur Party ke senior leaders se koi communication karne ki yaa narazgi door karne ki koi koshish nahi ki gayi. District Kisan President rahe. Parashant JI Babhua aaye bhi to Munna Pandey ke Ghar kiye the lekin wahan bhi Prashant JI inhe nahi bulaye. Prashant JI apna Adarsh maante hain Ghar pe aaj bhi Banner Poster laga hua hai lekin Party se Resign kar diye. Sohail JSPT Zama Khan se Mila hua tha saari reporting karta tha wahan",,,,,,,,,,,,,,,,,,,,,,,,,,,,,,,,
Kaimur,206-Chainpur,Prince Kumar Singh,,,9415374348.0,9415374348.0,"Prince Kumar Singh | Male | 31 | General | Rajput | Businessman

-Businessman(Hotel, Rice Mill, Trandport)
-Grand Mother is Incumbent Block Pramukh
-Cousin Brother was 3 Terms Block Pramukh
-Social Worker",,,,Not Received ,,,,Called Multiple times but didn't received ,,,,,,,,,,,,,,,,,,,,,,,,,,,,,,,,
Kaimur,206-Chainpur,Hira Singh ,,,9955409547.0,9955409547.0,"Hira Singh  | Male | 56 | OBC | Yadav | Mukhiya Contestant

-Former Mukhiya Contestant(2021)
-Former BSP Member(2015 to 2022)
-Former RJD Pradesh Sachiv(2009 to 2014)
-Former JDU Media Prabhari(2005 to 2009)
-Foremr BJP Member(1989 to 1992)
-Jan Suraaj Anumandal Adhyaksh",Not Active,Helped Other Party,,Call Connected,Not with JS,,,"JSPT ke Sohail ne Kaafi Galat reporting ki hai Prashant JI ko, Jis wajah se Ticket Distribution mein Galti hui. Sangathan Adhayksh ke through hi Sangathan banana chahiye lekin Saari cheezein JSPT ke hi through hui",,,,,,,,,,,,,,,,,,,,,,,,,,,,,,,,
Kaimur,206-Chainpur,Dr.Sunil Kumar Pandey,,,9576999605.0,9110947373.0,"Dr. Sunil Kumar Pandey | Male | 51 | General | Brahmin | ZP Contestant

-Former 3 Terms ZP Contestant, 2006, 2011 & 2016 got 2nd Positiom
-Former Student Union Presdient, sanskrit University, 1997 To 1998 
-Former Student Union , sanskrit University, Vice President, 1994 To 1995
-Former BSP District Spokesperson, 2020 to 2023
-Former JDU Karakat Election Agent, 
-Former NSUI , U.P Upadhyaksh, 1998 To 2000
-Jan Suraaj District Spokesperson",Active till ticket distribution,Active for JS,,Call Connected,With JS,Willing to Work in Sangathan at Dist/State Level,,"Help Family members in In Pacs, Mukhiya & Zila Parishad Elections. He was District Spokesperson previously and Will to take respected Designation given by the party where he can work for the party. ",,,,,,,,,,,,,,,,,,,,,,,,,,,,,,,,
Kaimur,206-Chainpur,Ram Ekabal Prasad,,,9608736787.0,9608736787.0,"Ram Ekabal Prasad | 47 | EBC | Bind | Former Mukhiya

-Former ZP Contestant, 2021
-Former Mukhiya, 2011 To 2016
-Former JDU EBC Cell , Zila Adhayksh, 2017 To 2020
-Former JDU EBC Cell Pradesh Mahasachiv, 2020 To 2022
-Jan Suraaj Zila Abhiyaan Samiti Sanyojak
-Farming and Rice Mill Business",Active till ticket distribution,Neutral Stance,,Call Connected,Not with JS,,,"3 saal se Jan Suraaj ke liye lage hue the, Lekin Ticket Distribution mein Sahi selection naa hone ke wajah se Party se resign kar diye. Prashant JI ne kaha tha Ke Jin logon ne party ko mazboot kiya ticket unhi ko milega lekin waise nahi hua Hemant Chaubey 10 din pehle hi aaye. ACC Candidate mein hi kisi ko ticket milna Chahiye.",,,,,,,,,,,,,,,,,,,,,,,,,,,,,,,,
Kaimur,206-Chainpur,Ravindra Singh,,,8226871000.0,8226871000.0,"Ravindra Singh | Male | 52 | General | Rajput | Incumbent Mukhiya

-Incumbent 2 Terms Mukhiya, 2021 To Till Date and 2011 To 2016
-Former Mukhiya Contestant, 2016, Got 2350 Votes
-Former JDU Zila Upadhyaksh, 2013 To 2015
-Former Rashtriya  Jan Lok Party Satya , Rashtriya Mahasachiv, 2022 To 2023
-Land Lord(Owns 100 Bigha Of Framing Land)
-Jan Suraaj Zila Upadhyaksh",Active till ticket distribution,,,Call Connected,Not with JS,,,"Previously Zila Upadhyaksh, Ticket 5 ACC's mein se kisi ko dena chahiye the. Naye Candidate ko Ticket dene se Party ko kaafi nuksaan hua. Ticket nahi milne ke wajah se Party se Resign kar diya inhone. Khargawan Chainpur mein pehli sabha inhone hi karwai thi.",,,,,,,,,,,,,,,,,,,,,,,,,,,,,,,,
Kaimur,206-Chainpur,Hemant Choubey,50.0,,8317075205.0,8317075205.0,"Hemant Choubey | Male | 50 | General | Brahmin | Former BJP Member

-Father was 4 Terms MP, BJP  From Buxar, 1996, 1998, 1999 & 2004
-Father Was 5 Terms MLA , BJP , Chainpur, 1972-1983 , 1991 To 1994
-Father Was Health Minister , Bihar , 1977 To 1979
-Former ABVP Member 1995 To 1997
-Former BJP Member, 1997 To 2025
-Social Worker",Candidate,,With JS,Call Connected,With JS,,,,,Call Connected,,Not Interested,"Hemant Choubey | Male | 50 | General | Brahmin | Former BJP Member

-Father was 4 Terms MP, BJP  From Buxar, 1996, 1998, 1999 & 2004
-Father Was 5 Terms MLA , BJP , Chainpur, 1972-1983 , 1991 To 1994
-Father Was Health Minister , Bihar , 1977 To 1979
-Former ABVP Member 1995 To 1997
-Former BJP Member, 1997 To 2025
-Social Worker",,,,,,,,No,,,,,,,,,,,,,,,,,,,
Rohtas,207-Chenari (SC),Kumari Poonam,,,7482865889.0,7004766114.0,"Kumari Poonam | Female | 45 | SC | Paswan | ZP Contestant

-Former ZP Contestant(2021), 3045 Votes
-Former HAM Pardesh Mahasachiv (2017 To 2021)
-Former HAM Mahila Cell Pardesh Upadhyaksh(2016 To 2017)
-Former JDU Member(2004 To 2015)
-Jan Suraaj Pradesh Sachiv",Active till ticket distribution,Neutral Stance,With JS,Call Connected,With JS,Willing to Work in Sangathan at Dist/State Level,,"Previously was Pradesh Sachiv in JSP. Poora Election one man show ban kar reh gaya, Jsi tarah ka Lehar banaya gaya tha aakhir tak kam ho gaya. Last mein jab NDA aur Mahagathban apna campaign shuru kiye tab tak hum thak chuke the and poore tarah se exhaust ho gaye the. Pichle 2 saal jitni mazbooti ke saath lage rahe aur campaign mein Invest kiye lekin Chunav aate aate Financially exhaust ho gaye. Agar candidate June - July mein Announce ho jaate tab Candidate aur Sangathan mein ekta rehta. ",,Call Connected,No,,"Kumari Poonam | Female | 45 | SC | Paswan | ZP Contestant

-Former ZP Contestant(2021), 3045 Votes
-Former HAM Pardesh Mahasachiv (2017 To 2021)
-Former HAM Mahila Cell Pardesh Upadhyaksh(2016 To 2017)
-Former JDU Member(2004 To 2015)
-Jan Suraaj Pradesh Sachiv",,,,,,,,No,#REF!,,,inka kahna hai ki Politics me  ab Active nahi hai,,,,,,,,,,,,,,,
Rohtas,207-Chenari (SC),Sunil Kumar Urf Sunil Rajak,,,9801077574.0,7979817896.0," Sunil Rajak | Male | 50 | SC | Dhobi | Former ZP 

-Former ZP , 2006 To 2011
-Former ASA Party, Rashtriya Upadhyaksh, 2024 To 2025
- Former BJP Zila  Parbhari, SC Cell, 2022 To 2024
-Former JDU Chenari Vidhansabha Prabhari, 2020 To 2021
-Former JDU Rajya Parishad Sadasya , 2015 To 2017
-Former JDU Zila Mahasachiv, 2013 To 2014
-Former JDU Pradhan Mahasachiv, SC Cell, 2010 To 2013
-Incumbent All India Dhobi Mahasangh Upadhyaksh, 2020 To Till Date",Active till ticket distribution,Active for JS,With JS,Call Connected,With JS,Willing to Work in Sangathan at Dist/State Level,,"Caste Line pe Voting hoti hai, Jo ACC kaafi pehle se Jude hue unme se kisi naa kisi ko ticket dena chahiye tab shayad parinaam zaayada behtar rehta. Party mein bane rahenge, Aur Jis Zimmedaari pe rakha jaaye usey nibhayenge, PRI Election contest karne ka abhi soche nahi hai.",,Call Connected,,Interested," Sunil Rajak | Male | 50 | SC | Dhobi | Former ZP 

-Former ZP , 2006 To 2011
-Former ASA Party, Rashtriya Upadhyaksh, 2024 To 2025
- Former BJP Zila  Parbhari, SC Cell, 2022 To 2024
-Former JDU Chenari Vidhansabha Prabhari, 2020 To 2021
-Former JDU Rajya Parishad Sadasya , 2015 To 2017
-Former JDU Zila Mahasachiv, 2013 To 2014
-Former JDU Pradhan Mahasachiv, SC Cell, 2010 To 2013
-Incumbent All India Dhobi Mahasangh Upadhyaksh, 2020 To Till Date",,,,,,,,Chenari_13,"11,12,13,14",Yes,he is young and can only fight if the seat is not reserved for mahila and EBC,,,,,,,,,,,,,,,,
Rohtas,207-Chenari (SC),Bhola Prasad Chaudhary,,,9955085452.0,9955085452.0,"Bhola Prasad Chaudhary | Male | 54 | SC | Pasi | Incumbent Defacto Mukhiya

-Incumbent 4 Terms Defacto Mukhiya, 2006 To till Date
-Former BDC , 2001 To 2006",Active till ticket distribution,Active for JS,With JS,Call Connected,With JS,Willing to Contest PRI election and also ready to work in sangathan,,Iss baar Mukhiya / Zila Parishad kq Election ladenge. Party ke taraf se jo zimmedaari di jaaye uske liye tayyar hai. Candidate ka selection sahi nahi hua.,,Call Connected,Yes,Yes,"Bhola Prasad Chaudhary | Male | 54 | SC | Pasi | Incumbent Defacto Mukhiya

-Incumbent 4 Terms Defacto Mukhiya, 2006 To till Date
-Former BDC , 2001 To 2006",,,,,,,,14.0,,,,,,,,,,,,,,,,,,,
Rohtas,207-Chenari (SC),Raju Baitha,,,9153148868.0,9153148868.0,"Raju Baitha | Male | 39 | SC | Dhobi | Incumbent Defacto BDC

-Incumbentt Defacto BDC, 2021 to Till Date
-Former Mukhiya Contestant(2010), Got 980 Votes
-Former Congress Member(2010 to 2024)
-Former CPI Zila Sachiv(2000 to 2010)
-Iincumbent Member of Rohtas Truck Association
-Jan Suraaj State Working Committee Member
-Jan Suraaj Anumandal Upadhyaksh",Active till ticket distribution,Helped Other Party,Not with JS,Call Connected,,,,Called Multiple times but didn't received ,,,,,,,,,,,,,,,,,,,,,,,,,,,,,,,,
Rohtas,207-Chenari (SC),Vijay Bahadur,,,9507998257.0,9507998257.0,"Vijay Bahadur | Male | 53 | SC | Ravidas | ZP Contestant

-Former ZP Contestant, 2021, Runner Up
-Former BJP SC Cell Block President
-Social Worker",Active till ticket distribution,Active for JS,With JS,Call Connected,With JS,Willing to Work in Sangathan at Dist/State Level,,"Kaafi Nuqsaan ho gaya hai, Election ki tayyari mein issliye abhi koi chunav nahi ladenge. Baaqi sangathan mein bane rahenge aur party jis zimmedaari pe rakhe usey nibhayenge.",,,,,"Vijay Bahadur | Male | 53 | SC | Ravidas | ZP Contestant

-Former ZP Contestant, 2021, Runner Up
-Former BJP SC Cell Block President
-Social Worker",,,,,,,,Rohtas_32,,,,,,,,,,,,,,,,,,,
Rohtas,207-Chenari (SC),Ravi Shankar Prasad,,,6264472680.0,6264472680.0,"Ravi Shankar Prasad  | Male | 49 | SC | Paswan | MLA Contestant

-Former 2 Terms MLA Contestant(2015, Socialist Samaj Party, Chenari,  Got 5716 Votes & 2014 By Election in 2014 , Sankhya Anupati Bhagidari Party, Mohania , Got 12164 Votes)
-Former Congress Rashtriya Sachiv(2014 To 2024)
-Former Samajwadi Party Zila Adhyaksh(2013 to 2014)
-Transport Business
-Jan Suraaj State Core Committee Member",Active till ticket distribution,Helped Other Party,Not with JS,Call Connected,Not with JS,,,"Resigned from the Party, Resigned during the Ticket Distribution. ",,,,,,,,,,,,,,,,,,,,,,,,,,,,,,,,
Rohtas,207-Chenari (SC),"
Dr Shailesh Kumar Sagar",,,7033751981.0,7070066396.0,"Dr Shailesh Kumar Sagar | Male | 45| SC | Rajwar| Former JDU State Working Committee Member

-Jansuraaj State working Commitee Member
-Former ZP Runner UP in 2016 ( Got 33762 votes)
-Independent MLA By Election Contested in 2019 (1792 Votes)
-Former JDU State working Commitee member ( 2022-2023)
-Azad Samaj Party State General Secratory ( 2020-2021)
-MBBS & MD",Not Active,Helped Other Party,Not with JS,Not Received ,,,,Called Multiple times but didn't received ,,,,,,,,,,,,,,,,,,,,,,,,,,,,,,,,
Rohtas,207-Chenari (SC),Neha Kumari,27.0,Female,9334000498.0,9334000498.0,"Neha Kumari | Female | 27 | SC | Nat | Incumbent ZP

-Incumbent 2 Consecutive Terms ZP, 2016 To Till Date
-Former JDU Zila Mahila Adhyaksh, 2022 To 2024
-Social Worker",Candidate,,With JS,Call Connected,With JS,,,,,Busy,,,"Neha Kumari | Female | 27 | SC | Nat | Incumbent ZP

-Incumbent 2 Consecutive Terms ZP, 2016 To Till Date
-Former JDU Zila Mahila Adhyaksh, 2022 To 2024
-Social Worker",,,,,,,,Sasaram_15,,,,,,,,,,,,,,,,,,,
Rohtas,208-Sasaram,Ravindra Kumar Dwivedi,,,7903962422.0,7903962422.0,"Ravindra Kumar Dwivedi | Male | 61 | General | Brahmin | MLC Contestant

-Former MLC Contestant, 2011, Rohtas Local Body
-Former ZP Member, 2001 To 2006
-Former Mukhiya 2000 To 2000
-Former Congress BPCC Sachiv, 1990 To 2025",Active till ticket distribution,Active for JS,With JS,Call Connected,With JS,Willing to Work in Sangathan at Dist/State Level,,"Jan Suraaj ke liye logon mein bohor asha tha, Lekin Chunavi ranneeti sahi nahi rahi. Pore zila Mein koi aisa chhehra nahi tha jinka sabhi warg mein pakad aur acceptance ho. Apne ghar se bhabhi ko Mukhiya aur Bhai agar tayyar hote hain to unhe Zila Parishad ka chunav ladayenge. Yeh pehle bhi MLC local bodies ka chunav lad chuke hain, Aage agar party inhe mauqa deti hai to zaroor ladenge ",,Call Connected,,Not Interested,"Ravindra Kumar Dwivedi | Male | 61 | General | Brahmin | MLC Contestant

-Former MLC Contestant, 2011, Rohtas Local Body
-Former ZP Member, 2001 To 2006
-Former Mukhiya 2000 To 2000
-Former Congress BPCC Sachiv, 1990 To 2025",,,,,,,,No,,,,,,,,,,,,,,,,,,,
Rohtas,208-Sasaram,Arman Ahmad Khan,,,8587834111.0,8587834111.0,"Arman Ahmad Khan | Male | 40 | Minority | Pathan | AIMIM Vidhansabha Prabhari

-Former IYC Booth Committee President, 2007 To 2012
-Former C0ngress IT Cell Sanyojak, 2012 To 2014
-Former Congress Minority Cell Pradesh Mahasachiv, 2015 To 2017
-Former AAP Member, 2021 To 2022
-Former AIMIM Vidhan Sabha Prabhari, 2022 To 2024
-COO at Popular Hospital",Active till ticket distribution, Contested as an Candidate from other Party,Not with JS,Not Received ,,,,,,,,,,,,,,,,,,,,,,,,,,,,,,,,,,,,
Rohtas,208-Sasaram,Vinod Kumar Tiwari,,,8862981888.0,8862981888.0,"Vinod Kumar Tiwari | Male | 49 | General | Brahmin | Former Vice Chairman Contestant

-Former Vice Chairmain Election Contestant in 2022 from From Nagar Nigam Sasaram. Got 1704 Votes
-Jansuraaj District Cheif Spokeperson
-District General Secretary  of National Union of journalist ( 2015-Till date)
-Awarded by IJIP in 2017
-Awarded by Yuva Pratibha Samman Journalist.
",Active till ticket distribution,Active for JS,With JS,Call Connected,With JS,Willing to Work in Sangathan at Dist/State Level,,"Will Support many candidate at various post in the Upcoming PRI Election, also preparing the list of the candidates. Previously he was District spokesman and ready to take any responsibility within the Party.",,Call Connected,,Not Interested,"Binod Kumar Tiwari | 50 | Male | Brahmin

- Deputy Mayor 1st Runner up Sasaram Nagar Nigam (2021) lost by 6000 votes.
- Reporter in Hindustan Newspaper since 25 years.
- Head of Hindustan Samachar Agency (Rohtas+ Kaimur)
- 3 terms Press Union District General Secretary (2013- present)
",,,,,,,,No,,,Will not contest but suggest some namees,,,,,,,,,,,,,,,,
Rohtas,208-Sasaram,Thakur Prasad Gupta,,,7856810482.0,9934504261.0,"Thakur Prasad Gupta| Male | 68| EBC | Kanu | MLA Contestant

-Jansuraaj State Executive Member
-BSP State Secretary EBC Cell (2002)
-JDU State Secretary EBC Cell (2011- 15)
-MLA Contested on BSP ticket Got 15000 Votes ( 2000)
-ZP Runner Up got 3800 votes ( 2011)
",Active till ticket distribution,Neutral Stance,Not with JS,Call Connected,Not with JS,,,"Left Jan Suraaj a long time ago, He was the Pradesh Mahasachiv in JDU before that he was the Pradesh Mahamantri in BSP but in Jan Suraaj He was not given that kind of responsibility and Top Leadership in Prashant JI also Ignores him 2-3 times that's why he left party. ",,,,,,,,,,,,,,,,,,,,,,,,,,,,,,,,
Rohtas,208-Sasaram,Narendra Kumar Rai ,,,9431082330.0,9431082330.0,"Narendra Kumar Rai  | Male | 58 | General | Rajput | Journalist

-Journalist at Dainik  Bhaskar
-Former Press Union President, Rohtas(2012 To 2018)
-Former Press Union Mahasachiv, rohtas(2007 to 2012)
-Former Chhatra Janta Dal Pradesh Mahasachiv(1989 to 1992)
-Former ABVP Zila Sah Sanyojak(1985 to 1989)
-President of District handball Association(2016 to Till Date)
-Vice President of Athletics Association(2012 to Till Date)
-Jan Suraaj Vichar Manch Zila Adhyaksh
-",Active till ticket distribution,Neutral Stance,With JS,Call Connected,With JS,Willing to Work in Sangathan at Dist/State Level, ,"Previously Zila Coordinator of Vichar Manch, State 7 logon ki committee bane usme bhi inka naam tha. Aage Zile mein Koi Zimmedaari nahi lena chahte Pradesh mein jagah chahiye.",,Not Received ,,,"Narendra Kumar Rai  | Male | 58 | General | Rajput | Journalist

-Journalist at Dainik  Bhaskar
-Former Press Union President, Rohtas(2012 To 2018)
-Former Press Union Mahasachiv, rohtas(2007 to 2012)
-Former Chhatra Janta Dal Pradesh Mahasachiv(1989 to 1992)
-Former ABVP Zila Sah Sanyojak(1985 to 1989)
-President of District handball Association(2016 to Till Date)
-Vice President of Athletics Association(2012 to Till Date)
-Jan Suraaj Vichar Manch Zila Adhyaksh
-",,,,,,,,No,,,,,,,,,,,,,,,,,,,
Rohtas,208-Sasaram,Md Arzoo Khan,,,9973321001.0,6205707771.0,"Md Arzoo Khan | Male | 43 | Minority | Pathan | BJP Member

-Former BJP Member , 2020 To 2020
-Former Congress Member, 2004 2024
-Jan Suraaj Vidhansabha Prabhari
-Businessman(E Rickshaw Manufacturer
-Social Worker)",Active till ticket distribution,Active for JS,With JS,Not Received ,,,,,,,,,"Md Arzoo Khan | Male | 43 | Minority | Pathan | BJP Member


-Former Congress Member, 2004- 2024
-Jan Suraaj Vidhansabha Prabhari
-Businessman(E Rickshaw Manufacturer
- INC Chenari Vidhan Prabhari 2020
- VidhyaK Pratinidhi 2020-2024
-Social Worker)
ACC ",,,,,,,,No,,,,,,,,,,,,,,,,,,,
Rohtas,209-Kargahar,Arvind Kumar Singh,,,6203153051.0,6203153051.0,"Arvind Kumar Singh | Male | 39 | General | Rajput | BJP Upadhyaksh

-Former BJP Upadhyaksh(2013 To 2021)
-Buisness(Runs a Hostel in Patna)
-Jan Suraaj Yuva Pradesh Karyakari Sadasya
-",Active till ticket distribution,Active for JS,With JS,Call Connected,With JS,Willing to Work in Sangathan at Dist/State Level,,"Will not contest for Panchayat Elections, Will Remain in Party and also was active during Election ",,Call Connected,No,,"Arvind Kumar Singh | Male | 39 | General | Rajput | BJP Upadhyaksh

-Former BJP Upadhyaksh(2013 To 2021)
-Buisness(Runs a Hostel in Patna)
-Jan Suraaj Yuva Pradesh Karyakari Sadasya
-",,,,,,,,No,,,,,,,,,,,,,,,,,,,
Rohtas,209-Kargahar,Binay Kumar Singh,,,8757556181.0,8757556181.0,"Binay Kumar Singh | Male | General | Rajput | Incumbent Up Pramukh

-Incumbent Up Pramukh (2021 To Till date)
-Incumbent Panchayat Samiti Sadasya(2021 To Till date)
-Former RJD Pradesh Mahasachiv(2017 to 2021)
-Foremr RJD Pradesh Samiti Sadasya(2016 to 2017)
-Former Rohtas Truck Operator sangh Zila Adhyaksh(2008 To Till date)
-Jan Suraaj Pradesh Karya Samiti Sadasya",Candidate,,With JS,Call Connected,With JS,,,,,Not Reachable,,,"Binay Kumar Singh | Male | General | Rajput | Incumbent Up Pramukh

-Incumbent Up Pramukh (2021 To Till date)
-Incumbent Panchayat Samiti Sadasya(2021 To Till date)
-Former RJD Pradesh Mahasachiv(2017 to 2021)
-Foremr RJD Pradesh Samiti Sadasya(2016 to 2017)
-Former Rohtas Truck Operator sangh Zila Adhyaksh(2008 To Till date)
-Jan Suraaj Pradesh Karya Samiti Sadasya",,,,,,,,Sheosagar_11,,,,,,,,,,,,,,,,,,,
Rohtas,209-Kargahar,Md Shamim Ahmad,,,9955830012.0,9431822053.0,"Md Shamim Ahmad | Male | 40 | Minority | Shah | MLA Contestant

-Former MLA Contestant, 2015, BSP, Kargahar, Got 30,000 Votes
-Former BSP Pradesh Mahasachiv, 2012 To 2024
-Jan Suraaj Zila Prabhari
-Jan Suraaj State Core Committee Member
-Businessman( Real Estate)",Active till ticket distribution,Neutral Stance,With JS,Not Received ,,,,,,Not Received ,,,"Md Shamim Ahmad | Male | 40 | Minority | Shah | MLA Contestant

-Former MLA Contestant, 2015, BSP, Kargahar, Got 30,000 Votes
-Former BSP Pradesh Mahasachiv, 2012 To 2024
-Jan Suraaj Zila Prabhari
-Jan Suraaj State Core Committee Member
-Businessman( Real Estate)",,,,,,,,No,,,,,,,,,,,,,,,,,,,
Rohtas,209-Kargahar,Satyam Pandey,,,8340153663.0,8340153663.0,"Satyam Pandey | Male | 26 | General | Brahmin | Congress Zila Karyakari Adhyaksh

-Former Congress Yuva Zila Karyakari Adhyaksh, 2022 To 2025
-Former Congress Zila Upadhyaksh, 2019 To 2022
-Former NSUI Sachiv, 2018 To 2019
-Former Student Union President, S>N College, NSUI, 2018 To 2019
-Jan Suraaj Zila Yuva Adhyaksh",Active till ticket distribution,Active for JS,With JS,Not Received ,,,,"Jan Suraaj Zila Yuva Adhyaksh, ",,,,,"Satyam Pandey | 26 | Brahmin | General | Male | 8340153663
 - Former Congress Yuva Zila Karyakari Adhyaksh (2022 To 2025); Former Congress Zila Upadhyaksh (2019 To 2022); Former NSUI Sachiv (2018 To 2019); Former Student Union President S.N College NSUI (2018 To 2019); Jan Suraaj Zila Yuva Adhyaksh",,,,,,,,Kargahar_10,,,,,,,,,,,,,,,,,,,
Rohtas,209-Kargahar,Ritesh Ranjan,26.0,Male,8299359550.0,8299359550.0,"Ritesh Ranjan | Male | 26 | General | Brahmin | Actor

-Actor & Singer
-Social Worker",Candidate,,With JS,Call Connected,Not with JS,,,,,Not Received ,,,"Ritesh Ranjan | Male | 26 | General | Brahmin | Actor

-Actor & Singer
-Social Worker",,,,,,,,No,,,,,,,,,,,,,,,,,,,
East Champaran,21-Dhaka,Abhishek Kumar  ,,,9955753226.0,9955753226.0,"Abhishek Kumar | Male | 31 | General | Bhumihar | Businessman

-Jansuraaj Block President
-Director of MS Abhishek Construction group
-NSUI District President ( 2008-9)
-Social Worker ( During Covid he involved with Migrants people to back to home & working on Poor girls Education)

",Active till ticket distribution,Active for JS,With JS,Not Received ,,,,,,Not Received ,,,"Abhishek Kumar | Male | 31 | General | Bhumihar | Businessman

-Jansuraaj Block President
-Director of MS Abhishek Construction group
-NSUI District President ( 2008-9)
-Social Worker ( During Covid he involved with Migrants people to back to home & working on Poor girls Education)

",,,,,,,,No,,,,,,,,,,,,,,,,,,,
East Champaran,21-Dhaka,Manish kumar,,,9234341489.0,9304398020.0,"Manish Kumar | Male | 29 | General | Brahmin | Businessman

-Founding Member of Jansuraaj ( 2022)
-Prominent Businessman ( Real State, Construction)
-Social Worker ( Running Old Age Ashram)
",Not Active,,,Call Connected,Not with JS,,,Joined another party ,,Not Received ,,,,,,,,,,,,,,,,,,,,,,,,,,,,,,
East Champaran,21-Dhaka,Jai Mangal Prasad Kushwaha,,,7992278120.0,7992278120.0,"Jai Mangal Prasad Kushwaha | Male |54| OBC | Kushwaha | MLA Contestant

-Jansuraaj State Executive Member 
-Jansuraaj District Prabhari Sitamarhi Sheohar
-Incumbent De-facto Mukhiya ( Munni Devi Doughter In Law)
-Former Mukhiya (2006-2011)
-Independent MLA Contested  in 2010 got 5000 Votes 
-Former Samta Party Block President ( youth 1995)
-JDU EX- District general sec. ( 2010)
-Former RLSP District President ( 2017-2021)
-Active Social Worker ",Active till ticket distribution,Active for JS,With JS,Call Connected,With JS,Willing to Contest PRI election and also ready to work in sangathan,,He wants to contest the Panchayat elections if the seat is general. He will also field his supporters in the PRI elections and wants responsibilities in the Sanghtan.,,Call Connected,,Interested,"Jai Mangal Kushwaha| 54| Male| OBC| Kushwaha

Jansuraaj State Executive Member 
-Jansuraaj District Prabhari Sitamarhi Sheohar
-Incumbent De-facto Mukhiya ( Munni Devi Doughter In Law)
-Former Mukhiya (2006-2011)
-Independent MLA Contested  in 2010 got 5000 Votes 
-Former Samta Party Block President ( youth 1995)
-JDU EX- District general sec. ( 2010)
-Former RLSP District President ( 2017-2021)
-Active Social Worker """"""",,,,,,,,Ghorasahan_47,47.0,Yes,,,,,,,,,,,,,,,,,
East Champaran,21-Dhaka,Dr Lal Babu Prasad,55.0,,9939664556.0,9939664556.0,"Dr Lal Babu Prasad | Male | 55 | EBC | Teli | Doctor

-Doctor
-Runs a Private Hospital 
-Jan Suraaj State Core Committee Member
-MBBS & MS",Candidate,,,,,,,,,Not Received ,,,,,,,,,,,,,,,,,,,,,,,,,,,,,,
Rohtas,210-Dinara,Ravi Ranjan Singh,,,Karuna Verma Kushwaha,9801513036.0,"Ravi Ranjan Singh | Male | 40 | General | Rajput | PACS Contestant

-Former PACS Contestant, 2014 Got 400 Votes
-Former ASA Party, Rashtriya Mahasachiv, 2024 To 2025
-Former JDU Pradesh Mahasachiv, 2005 To 2022",Active till ticket distribution,Active for JS,With JS,Call Connected,With JS,Willing to Contest PRI election and also ready to work in sangathan,Meeting ,"Chunav ke time 2 Zila ke Parvekshak the, Aur Voting karane ke time pe observer bane hue the, Rohtas & Kaimur ke. Chunav ke Baad samiksha baithak ke Parvekshak bhi bnaye gaye the, Inhone patna mein report bhi submit kiya. Abhi inke seat reserve hai, Roaster change hoga tab chunav Ladenge Zila Parishad ka agar nahi hota hai to Sunil Rajak bhi hain Party mein Unhe support karenge. Party mein Bane hue hain aage bhi rahenge, RCP Ji ke saath to lambe samay se jude hue hain lekin Unse pehle Prashant JI ke ko Jaante hain 2017 ke time se, Dusri cheez Prashant Ji ke zile se hain, aur tesri ke Prashant JI ke vicharon ke Prabhavit hain, Jitni Mehnat ki inhone shayad hi koi kiya hoga, Issliye RCP singh Ji ka jo bhi Stand rahe yeh JSP m rahenge",,Call Connected,,Interested,"Ravi Ranjan Singh | Male | 40 | General | Rajput | PACS Contestant

-Former PACS Contestant, 2014 Got 400 Votes
-Former ASA Party, Rashtriya Mahasachiv, 2024 To 2025
-Former JDU Pradesh Mahasachiv, 2005 To 2022",,,,,,,,Dinara_3,5.0,,,,,,,,,,,,,,,,,,
Rohtas,210-Dinara,Sunil Kumar Soni,,,9955116120.0,9955116120.0,"Sunil Kumar Soni | Male | 43 | OBC | Sonar | JDU Zila Adhyaksh

-Former JDU Business Cell Zila Adhyaksh, 2017 To 2022
-Jewellary Shop
-Social Worker",Active till ticket distribution,Helped Other Party,With JS,Busy,,,,,,Call Connected,,Interested,"Sunil Kumar Soni | Male | 43 | OBC | Sonar | JDU Zila Adhyaksh

-Former JDU Business Cell Zila Adhyaksh, 2017 To 2022
-Jewellary Shop
-Social Worker",,,,,,,,Dawath_1,1.0,Yes,,,,,,,,,,,,,,,,,
Rohtas,210-Dinara,Ashok Kumar Gupta,,,9973910687.0,9973910687.0,"Ashok Kumar Gupta | Male | 60 | OBC | Bania | Former MLA Contestant

-Former MLA Contestant, 2005, Dinara, RJD, Got 21000 Votes
-Former Defacto 2 Terms ZP , 2001 to 2006 & 2011 To 2016
-Former RJD Pradesh Mahaschiv, 2005 To 2008
-Uncle Ram Narayan Sah Was MLA , Independent, Dinara , 1987 To 1992
-Lecturer at Ram Narayan Sah College, 
-Jan Suraaj State Working Committee Member",Active till ticket distribution,Neutral Stance,With JS,Call Connected,With JS,Willing to Work in Sangathan at Dist/State Level,,"Jan Suraaj State Working Committee Member, Pehle hi declare kar diye the ke chunav nahi ladenge, Lekin Jis Candidate ko bhi ticket diye ussey pehle Inhe confidence mein nahi liya gaya, Aur Seedhe Sirsh Leadership ke saath jude hue the lekin koi response nahi mila inhe. Panchayat Raj mein koi chunav nahi ladenge lekin party mein bane rahenge",,Call Connected,,Not Interested,"Ashok Kumar Gupta | Male | 60 | OBC | Bania | Former MLA Contestant

-Former MLA Contestant, 2005, Dinara, RJD, Got 21000 Votes
-Former Defacto 2 Terms ZP , 2001 to 2006 & 2011 To 2016
-Former RJD Pradesh Mahaschiv, 2005 To 2008
-Uncle Ram Narayan Sah Was MLA , Independent, Dinara , 1987 To 1992
-Lecturer at Ram Narayan Sah College, 
-Jan Suraaj State Working Committee Member",,,,,,,,No,,,he will not fight the election but he has the knowledage of the area due to long history of political engagement and he will be very helpful in finalising the candidates along the constituency and can also be helpful in reviewing the candidates.,,,,,,,,,,,,,,,,
Rohtas,210-Dinara,Sanjay Kumar Jaiswal,60.0,,9123430398.0,9123430398.0,"Sanjay Kumar Jaiswal | Male | 60 | OBC | Bania | Incumbent PACS President

-Incumbent 3 Consecutive Terms PACS President(2009 To Till Date)
-Former 2 Terms BDC Contestant(2001 , got 536 Votes & 2006 , Got 700 Votes)
-Former BJP Zila Sachiv(2015 To 2016)
Former JDU Prakhand Sachiv(2005 To 2007)
-Former RJD Member(1997 To 2005)
-Former Janta Dal Member(1990 To 1997)
-Jan Suraaj Zila Adhyaksh Kisan Cell",Candidate,,With JS,Call Connected,With JS,,,,,Call Connected,,Not Interested,"Sanjay Jaiswal | 54 | Male | OBC | Kalwar

- 4 Times PACS President (2009 to Present)
- Big landlord
",,,,,,,,No,,,,,,,,,,,,,,,,,,,
Rohtas,210-Dinara,Anil Pratap Singh,,,9525589248.0,9525589248.0,"Anil Pratap Singh | Male | 38 | General | Rajput | Nagar Panchayat Chairman Contestant

-Former Nagar Panchayat Chairman Contestant(2022)-600 Votes
-Former JDU Pradesh Mahasachiv(2016 to 2022)
-Contractor(Ms Pratap Construction)
-Throcare Lab
-Jan Suraaj State Working Committee",Active till ticket distribution,Neutral Stance,With JS,Call Connected,With JS,Willing to Work in Sangathan at Dist/State Level,,"-Jan Suraaj State Working Committee, Agle saal Nagar Panchayat Chairman ka Chunav ladenge aur Sangathan mein party jis Zimmedaari pe bhi ralhe usey Nibhayenge. Iss baar PRI Election mein agar party ke taraf se koi nirdesh aata hai to Party karyakarta ko ladayenge.",,Not Received ,,,"Anil Pratap Singh | Male | 38 | General | Rajput | Nagar Panchayat Chairman Contestant

-Former Nagar Panchayat Chairman Contestant(2022)-600 Votes
-Former JDU Pradesh Mahasachiv(2016 to 2022)
-Contractor(Ms Pratap Construction)
-Throcare Lab
-Jan Suraaj State Working Committee",,,,,,,,No,,,,,,,,,,,,,,,,,,,
Rohtas,211-Nokha,Yogendra Roy,,,7250795000.0,7250795000.0,"Yogendra Roy | Male | 56 | General | Rajput | Businessman

-Businessman(Honey Processing Plant)
-Manpower Supplier to Government Offices (Cleaner, labour and Junior Engineer)
-Secretary Of A NGO ""Jan Kalyan Samiti"" Bikaramganj
-Environmentalist(Palnted more than 5000 trees).",Active till ticket distribution,Helped Other Party,Not with JS,Not Received ,,,,,,,,,,,,,,,,,,,,,,,,,,,,,,,,,,,,
Rohtas,211-Nokha,Birendra Singh,,,7992351150.0,7992351150.0,"Birendra Singh | Male | 46 | General | Rajput | BJP Member 

-Former BJP Member, 2001 to 2025
-Ditrector Of Indian Public School
-President Of Azad Yuva Club
-Trustee Of Baba Dham , Sasaram
-Recieved Awards For Social Service by Nehru Yuva Kendra, Indian Govt.",Active till ticket distribution,Active for JS,With JS,Call Connected,With JS,Willing to Work in Sangathan at Dist/State Level,,Will not contest any Panchayat Elections but support the cadre and leaders of JSP if they contest. Ready to take any responsibility given by the party,,Call Connected,,Not Interested,"Birendra Singh | Male | 46 | General | Rajput | BJP Member 

-Former BJP Member, 2001 to 2025
-Ditrector Of Indian Public School
-President Of Azad Yuva Club
-Trustee Of Baba Dham , Sasaram
-Recieved Awards For Social Service by Nehru Yuva Kendra, Indian Govt.",,,,,,,,No,,,,,,,,,,,,,,,,,,,
Rohtas,211-Nokha,Ajeet Kumar,,,9561336988.0,7506406460.0,"Ajeet Kumar | Male | 34 | OBC | Yadav | Private Job

-Relationship Manager at ICICI 
-Social Worker
-MBA",Active till ticket distribution,Active for JS,With JS,Call Connected,With JS,,,"Right now working in ICICI Bank in Patna, So can't take any Designation given by the Party, Will only work as a Member & Also him or anyone in his family will contest for Panchayat Elections ",,Call Connected,No,,"Ajeet Kumar | Male | 34 | OBC | Yadav | Private Job

-Relationship Manager at ICICI 
-Social Worker
-MBA",,,,,,,,No,#REF!,,,Nagar Parishad Area me aate hai,,,,,,,,,,,,,,,
Rohtas,211-Nokha,Hareram Paswan,,,8252405673.0,8252405673.0,"Hareram Paswan | Male | 38 | SC | Paswan | Incumbent BDC

-Incumbent BDC(2021 to Till Date)
-Former Sarpanch Contestant(2011) , Got 883 Votes
-Former LJP Block President (2010 to 2024)
-Jan Suraaj Anumandal Sanyojak",Active till ticket distribution,Active for JS,With JS,Call Connected,With JS,Willing to Contest PRI election and also ready to work in sangathan,,"Jinhone Mehnat kiya hai, Unn 7 logon mein se kisi ko ticket milna chahiye tha. Yeh Anumandal Sanyojak ke padh pe rahe hain lekin padh ki koi garima nahi hai JSP mein. Yahan sab kuch JSPT hi hai. Bohot Koshish kiye Prashant JI se Baat karne ki lekin Kisi JSPT ke Ladke nahi milne nahi diya.",,Call Connected,,Interested,"Hareram Paswan | Male | 44 | SC | Paswan

- Incumbent BDC 2021
- Former Sarpanch 2016
- LJP Block president (2015-2024)
",,,,,,,,Rajpur_27,,Yes,he is present committe member of panchayat samiti sadasya,,,,,,,,,,,,,,,,
Rohtas,211-Nokha,Baljeet Kumar Singh,,,7079793790.0,7079793790.0,"Baljeet Kumar Singh | Male | 32 | OBC | Yadav | Congress Pradesh Mahaschiv

-Former Congress Vichar Manch Pradesh Mahaschiv, 2023 To 2024
-Founder Of NGO Chah Ek Manzil, 
-Businessman(Electronics, Dairy and Super Market)
-Jan Suraaj Yuva Prakhand Adhyaksh
-Social Worker",Active till ticket distribution,Active for JS,With JS,Switch Off,,,,,,Call Connected,,Interested,,,,,,,,,Nokha_17,,Yes,,,,,,,,,,,,,,,,,
Rohtas,211-Nokha,Mohammad Arif Khan,,,9931137786.0,9934941250.0,"Md. Arif Khan | Male | 61 | Minority | Sheikh | Former Defacto  Mukhiya 

-Former 2 Consecutive Terms Defacto Mukhiya , 2001 To 2011
-Former DecatoNagar Nigam Chairman Contesatnt, 2022 , Got 5000 Votes
-Former Defacto ZP Contestant, 2016 
-Former JDU State Committe Member, 2009 To 2024
-Former LJP State Committe Member, 2003 To 2009
-Former RJD State Committee Member, 1997 To 2001
-Former Janta Dal State Committee Member, 1990 To 1995
-Former CPI Block Commitee Member, 1981 To 1990
-Jan Suraaj State Working Working Committee Member",Active till ticket distribution,Neutral Stance,Not with JS,Call Connected,With JS,,,"Party mein shuruwaat se kaam kar rahe the aur, Last time pe Ek DSP ko ticket de diye. Ticket Distribution mein Prashant JI ne apna hi banaya hua Process follow nahi kiya, Aise mein kya Gurantee hai Prashant JI aage bhi follow karenge. Nasrullah Khan Vidhansabha ke liye naye candidate the, Aur Poore Zile mein hi Vidhansabha ke bahar ke Candidates ko ticket diya gaya. Poore Bihar mein Party ke Karyakata ko ticket milna chahiye tha, Last moment mein Naye yaa dusre Vidhansabha se Candidate launch karne ke wajah se kaafi nuqsan ho gaya. Prashant JI ne Kaafi pehle hi announce kiya tha ke Nokha Vidhansabha Minority ki seat banegi, Jiske wajah se Jitne bhi Candidate Rajput ya Yadav samaj ke the woh normal ho gaye, Tabse Jo bhi Party Meetings aur Aur Sabha hote the usme inka hi pura Investment hona shuru ho gaya aur Last mein jaakar kisi naye Ummedwaar ko Ticket de diye Prashant JI ne.",,,,,,,,,,,,,,,,,,,,,,,,,,,,,,,,
Rohtas,211-Nokha,Krishna Murari Mishra,,,8340745166.0,8340745166.0,"Krishna Murari Mishra | Male | 43 | General | Brahmin | Incumbent ZP Member

-Incumbent ZP Member, Nokha West, 2021 To Till Date, Got 6000 Votes
-Former ZP Member Contestant, 2016, Got 2800 Votes
-Former RLSP Pradesh Sachiv, 2012 To 2015
-Social Worker",Active till ticket distribution,Active for JS,With JS,Call Connected,With JS,Willing to Contest PRI election and also ready to work in sangathan,,"Will Contest For Zila Parishad Election, And work for strengthening the Party.",,Busy,,,"Krishna Murari Mishra | Male | 43 | General | Brahmin | Incumbent ZP Member

-Incumbent ZP Member, Nokha West, 2021 To Till Date, Got 6000 Votes
-Former ZP Member Contestant, 2016, Got 2800 Votes
-Former RLSP Pradesh Sachiv, 2012 To 2015
-Social Worker",,,,,,,,Nokha_17,,,,,,,,,,,,,,,,,,,
Rohtas,212-Dehri,Om Prakash,,,8709797953.0,9905037691.0,"Om Prakash | Male | 63 | EBC | Pal | Advocate

-Retired ADM(BPSC Qualified)
-Advocate at Patna High Court
-Jan Suraaj Zila Upadhyaksh
-Jan Suraaj Abhiyaan Samiti Sadasya",Active till ticket distribution,Neutral Stance,Not with JS,Not Received ,,,,,,,,,,,,,,,,,,,,,,,,,,,,,,,,,,,,
Rohtas,212-Dehri,Abhishek Sankrit,,,9793094232.0,9793094232.0,"Abhishek Sankrit | Male | 35 | General | Rajput | MBA (HR)

--Jan Suraaj State Executive Member
-Social Entrepreneur
-AAP Lok sabha Prabhari ( 2012-2016)
-Founder of Dial Dehri Trust (Helps for each Needed People)
-Prominent Businessman, (Director Of  Sankrit Tourism Pvt LTD , Sankrit Ajay agriculture pvt Ltd. & DMC and Representation Pvt LTD)",Active till ticket distribution,Neutral Stance,With JS,Not Received ,,,,,,Call Connected,,Not Interested,"Abhishek Sankrit | Male | 35 | General | Rajput | MBA (HR)

--Jan Suraaj State Executive Member
-Social Entrepreneur
-AAP Lok sabha Prabhari ( 2012-2016)
-Founder of Dial Dehri Trust (Helps for each Needed People)
-Prominent Businessman, (Director Of  Sankrit Tourism Pvt LTD , Sankrit Ajay agriculture pvt Ltd. & DMC and Representation Pvt LTD)",,,,,,,,No,,,he wants to work for sanghthan for next 5 years.,,,,,,,,,,,,,,,,
Rohtas,212-Dehri,Sameer Kumar,,,7004631813.0,7004631813.0,"Sameer Kumar | Male | 34 | General | Brahmin | MLA Contestant
-Former JAP Pradesh Mahasachiv(2020-2024)
-Former Assembly Contestant JAP ,2020-Dehri, got 533 votes
- Prominent Businessman (Real State, Contractor)
-Active Social Servent (working on unemployment, Education and Health)",Active till ticket distribution, Contested as an Candidate from other Party,Not with JS,Call Connected,Not with JS,,,Contested Independent and Not in JSP Right Now. Party issliye chor diye kyunki jis insaan mein mehnat ki hai Strating se Usey ticket nahi mila. Bohot zaayada Naraz hai Aur kaafi rough tarah se baat ki hai Inhone. Aur Aage bhi kisi tarah ka koi Sampark nahi rakhna Chahte hain Party ke saath,,,,,,,,,,,,,,,,,,,,,,,,,,,,,,,,
Rohtas,212-Dehri,Santosh Kumar,,,9560150569.0,9560150569.0,"Nitesh Kumar Rajak | Male | 41 | SC | Chamar | Teacher

-Jansuraaj Founding Member
-ECC Member Completed 5K Member
-Depends on Farming and Home Tution
",Active till ticket distribution,Neutral Stance,With JS,Call Connected,With JS,Willing to Work in Sangathan at Dist/State Level,,Will not contest in the Upcoming PRI Election and ready to take any responsibility given by the Top Leadership of the Party.,,,,,"Nitesh Kumar Rajak | Male | 41 | SC | Chamar | Teacher

-Jansuraaj Founding Member
-ECC Member Completed 5K Member
-Depends on Farming and Home Tution
",,,,,,,,No,,,,,,,,,,,,,,,,,,,
Rohtas,212-Dehri, Priyanka Singh,,,8700876785.0,8700876785.0," Priyanka Singh | Female | 43 | General | Rajput | Social Worker

-Director Of Reliable & Perfect Logistic Pvt. Ltd
-Jan Suraaj Dehri Assembly Mahila Sanyojak
-Social Work",Active till ticket distribution,Active for JS,With JS,Call Connected,With JS,Willing to Contest PRI election and also ready to work in sangathan,,"Was Zila Mahila Adhayaksh, And may contest  Zila Parishad Election as people suggest her. Also ready to take any responsibility given by the Party.",,Call Connected,,Not Interested," Priyanka Singh | Female | 43 | General | Rajput | Social Worker

-Director Of Reliable & Perfect Logistic Pvt. Ltd
-Jan Suraaj Dehri Assembly Mahila Sanyojak
-Social Work",,,,,,,,No,,,,,,,,,,,,,,,,,,,
Rohtas,212-Dehri,Kalendra Pratap Verma,,,9931924558.0,9931924558.0,"Kalendra Pratap Verma | Male | 63 | General | Rajput | Bjp Zila Vp

-Former BJP Zila Vice President
-Jan Suraaj State Working Committee Member
-Father Was Freedom Fighter
-Father Was MLA(1937- 1942) and MLC (1957 To 1962)
-Businessman",Active till ticket distribution,Active for JS,With JS,Call Connected,With JS,,,"Party mein Jo log Mehnat kar rahe the unme se kisi ko ticket nahi mila, Jis Candidate ko ticket diya gaya woh mann se chunav nahi lada, Usne baaqi ACC ko contact karne ki koshish nahi ki. Party agar chahe to kayi seats pe Chunav ladayenge PRI Election mein aur Sangathan mein Koi Achhe padh ki umeed karte hain Pradesh Astar pe",,,,,"Kalendra Pratap Verma | Male | 63 | General | Rajput | Bjp Zila Vp

-Former BJP Zila Vice President
-Jan Suraaj State Working Committee Member
-Father Was Freedom Fighter
-Father Was MLA(1937- 1942) and MLC (1957 To 1962)
-Businessman",,,,,,,,No,,,,,,,,,,,,,,,,,,,
Rohtas,212-Dehri,Pradeep Lallan Singh,46.0,,9225363666.0,9225363666.0,"Pradeep Lallan Singh | Male | 46 |EBC | Kahar | Former Ward Councilor

-Former Ward Councilor, Nala Sopara , Maharashtra, 2005 To 2010, Got 4362 Votes
-Former BJP Business Cell , District President, 2023 To 2024, Maharashtra
-Former BJP Bihar Cell, Zila Adhyaksh, Maharashtra, 2019 To 2023
-Runs an Event Mangement Firm
-Runs a Platics Factory , Kolkata",Candidate,,With JS,Call Connected,With JS,,,,,Call Connected,,Not Interested,"Pradeep Lallan Singh | Male | 46 |EBC | Kahar | Former Ward Councilor

-Former Ward Councilor, Nala Sopara , Maharashtra, 2005 To 2010, Got 4362 Votes
-Former BJP Business Cell , District President, 2023 To 2024, Maharashtra
-Former BJP Bihar Cell, Zila Adhyaksh, Maharashtra, 2019 To 2023
-Runs an Event Mangement Firm
-Runs a Platics Factory , Kolkata",,,,,,,,No,,,He will Give name of all his Lok sabha Region,,,,,,,,,,,,,,,,
Rohtas,213-Karakat,Chandan Kumar,,,9525988277.0,6205905536.0,"Chandan Kumar | Male | 32 | General | Brahmin | ZP Contestant

-Former ZP Contestant, 2021, got 14581 votes
-Father Deomuni Mishra Contested Loksabha, Bikramganj  in 1992, Independent, Got 311 Votes
-Teacher at a Private School.",Active till ticket distribution,Helped Other Party,Not with JS,Call Connected,With JS,,,"ZP ka Chunav issliye nahi ladenge kyunki inke seat se 2 brahmin candidate aur khade hote hain, Aur votes batne ke wajah se Koi dusra samaj ka Candidate jeet jaata hai, Issliye issbaar chunav nahi ladenge. Abhi Buxar mein +2 teacher hain aur abhi sangathan mein koi padh nahi le paayenge",,,,,,,,,,,,,,,,,,,,,,,,,,,,,,,,
Rohtas,213-Karakat,Yogendra Singh,47.0,,6205226346.0,8084472055.0,"Yogendra Singh | Male | 47 | General | Rajput | Incumbent Mukhiya 

-Incumbent  Mukhiya, 2021 To Till Date
-Incumbent Mukhiya Sangh Zila Adhyaksh, 2021 To Till Date
-Incumbent Defacto Up-Mukhiya, 2016 To Till Date
-Social Worker",Candidate,,With JS,Call Connected,With JS,,,,,Call Connected,,Not Interested,"Yogendra Singh | Male | 47 | General | Rajput | Incumbent Mukhiya 

-Incumbent  Mukhiya, 2021 To Till Date
-Incumbent Mukhiya Sangh Zila Adhyaksh, 2021 To Till Date
-Incumbent Defacto Up-Mukhiya, 2016 To Till Date
-Social Worker",,,,,,,,No,,,Mukhiya contestant,,,,,,,,,,,,,,,,
Rohtas,213-Karakat,Dr. Ashok Kumar Singh,,,6206085911.0,9771635311.0,"Dr. Ashok Kumar Singh | Male | 73 | General | Rajput | MLA Contestant

-Former 2 Terms MLA Contestant, Karakat Constituency, Independent, 1985 & 2020 , Got 15000 & 10,000 Votes
-Runs a Private Clinic, Gaya Nursing Home, Karakat
-Social Worker(Organise Free Health Camps 2 Times a Month)
-MBBS ",Active till ticket distribution,Active for JS,With JS,Call Connected,With JS,Willing to Work in Sangathan at Dist/State Level,,Will to take some kind of Post in State Committee.,,,,,"Dr. Ashok Kumar Singh | Male | 73 | General | Rajput | MLA Contestant

-Former 2 Terms MLA Contestant, Karakat Constituency, Independent, 1985 & 2020 , Got 15000 & 10,000 Votes
-Runs a Private Clinic, Gaya Nursing Home, Karakat
-Social Worker(Organise Free Health Camps 2 Times a Month)
-MBBS ",,,,,,,,No,,,,,,,,,,,,,,,,,,,
Arwal,214-Arwal,Kunti Devi,49.0,,8809489727.0,8809489727.0,"Kunti Devi | Female | 49 | OBC | Yadav | Incumbent Panchayt Samiti Sadasya

-Incumbent 3 Consecutive terms Panchayat Samiti Sadasya(2011 to Till date)
-Incumbent Pramukh(2011 to Till Date)
Former RJD Member(2011 to 2023)
-Jan Suraaj State Core Committee Member
-",Candidate,,,,,,,,,,,,,,,,,,,,,,,,,,,,,,,,,,,,,,,
Arwal,214-Arwal,Anand Sinha,,,9279156054.0,9279156054.0,"Anand Sinha | Male | 54 | General | Kayastha | Mukhiya

- 3 Consecutive term Incumbent Mukhiya 2011 to till date
-Incumbent State  Mukhiya Sangh Vice President
-Former Mukhiya Sangh District Presdient 
-Former RJD Zila Mahasachiv(2013 to 2024)
- Former Congress Zila Mahasachiv(2009 to 2013)
-Incumbent Jan SuraaJ State Core Committee Member
",Active till ticket distribution,Neutral Stance,With JS,Call Connected,With JS,Willing to Contest PRI election and also ready to work in sangathan,,"Right now busy in some important work, Will call in some time to give proper Feedback",,,,,,,,,,,,,,,,,,,,,,,,,,,,,,,,
Arwal,214-Arwal,Ranjay Kumar,,,9631259587.0,9631259587.0,"Ranjay Kumar | Male | 39 | OBC | Yadav | Former ZP Member

-Former ZP Member(2016 To 2021)
-Former ZP Chairman(2016 To 2018)
-Former BSP Pradesh Mahasachiv(2017 to 2023)
-Former BSP Zila Adhyaksh(2015 to 2017)
-Former NPP Zila Adhyaksh (2013 to 2015)
-Former LJP Student Cell Zila Adhyaksh(2006 to 2013)
-Advocate at Session Court
-Jan Suraaj State Core Cimmittee Member and & 7 Sadasya Yuva Samvaad samiti",Active till ticket distribution,Neutral Stance,,Call Connected,With JS,None of the Above ,Must Needed,"Rambali Chandravanshi JI ne Other Party se paisa lekar Ranjay Yadav ko Ticket nahi milne diya, aur kunti devi sebhi ticket ke naam pe paise liye hain. Aur Abb inhe Maghad zone ka prabhari Bnaya gaya hai, Jab tak ye magadh zone ke prabhari rahenge tab tak Ranjay yadav aur Sangathan ke kayi log party mein Niskriya rahenge. Jehanabad MP Surendar Yadav kaafi Approach kar rahe hain inhe RJD m  Magadh zone ka prabhari banane ke liye lekin yeh Prashant JI ke saath hi rahenge bas condition itni hai Rambali Chandravanshi JI ko party kisi mukhy bhumika m naa rakhe. Apni Wife ko zila Parishad ka chunav ladayenge.",,,,,,,,,,,,,,,,,,,,,,,,,,,,,,,,
Arwal,214-Arwal,Sheikh Parvez,,,9955250720.0,9955250720.0,"Sheikh Parvez  | Male | 47 | Minority | Sheikh | Incumbent Mukhiya

-Incumbent Mukhiya, 2021 To Till Date
-Former 2 Terms Mukhiya Contestant, 2011 & 2016
-Former JDU Minority Cell District, 2023 To 2025
-Former JDU Youth Wing Block President, 2020 To 2023
-Former JDU Town President, 2016 to 2020
-Former TMC Chhatra Parishad, District Secretary, West Bengal, 1998 To 2005
-Jan Suraaj Yuva District President
-Runs a Dental Clinic
-BDS",Active till ticket distribution,Neutral Stance,With JS,Call Connected,With JS,Willing to Contest PRI election and also ready to work in sangathan,,Prashant Ji ka Raghopur se Election naa ladna galat message gaya. Yadav Samaj ne Kunti Devi ko Vote nahi kiya. Candidate Selection mein Galti hui hai. Kunti  JI ne naraz ACC ko manage nahi kiya. Yeh Khud Sangathan ke Kaam mein Busy hone ke wajah se As a ACC Apne Vidhansabha mein zaayada mehnat nahi kar paaye. Yeh pehle Zila Yuva Adhayksh the Aur baad mein Zila Mahasachiv rahe. Iss baar Mukhiya ka Election Ladenge.,,,,,,,,,,,,,,,,,,,,,,,,,,,,,,,,
Arwal,214-Arwal,Siya Ram Singh,,,9334432512.0,9334432512.0,"Siya Ram Singh | Male | 65 | OBC | Yadav | Retired Army Nayab Subedaar

-Retired Army Nayab Subedaar, 2008
-Social Worker",Active till ticket distribution,Neutral Stance,With JS,Call Connected,With JS,Willing to Contest PRI election and also ready to work in sangathan,,"Ticket Galat Insaan ko de diya gaya hai. Kunti Devi na kisi bhi ACC ko manage karne ki koshish nahi ki, aur Sabko Ignore kiya. Kunti Devi ne Election mein paise kharch nahi kiye hai, Usne party se diye hue paison ko Bachaya hai. Planning to contest Mukhiya Election. ",,,,,,,,,,,,,,,,,,,,,,,,,,,,,,,,
Arwal,215-Kurtha,Narendra Kumar,,,9931015837.0,9931015837.0,"Narendra Kumar | Male | 66 | OBC | Kushwaha | MLA Contestant

-Former MLA Contestant(2000), Samta Party, Kurtha
-Former ZP Contesatnt, 2005, got 5500 Votes
-Foremr JDU Zila Adhyaksh
-Former Congress Yuva  Adhyaksh
-Jan Suraaj Sanghatan Zila Mahasachiv",Active till ticket distribution,Neutral Stance,,Call Connected,Not with JS,,Must Needed,"Ticket Distribution ke baad party se resign kar diye hain, Lekin Prashant JI ko leker abhi bhi Positive hain, Prashant JI ke saath Ek Meeting mein maan jaayenge. Ticket Distribution se pehle jo survey hua hoga uska sahi report nahi diya gaya Prashant JI ko, Kayi ACC se Apply nahi karwana chahiye tha, Criteria and saare process fulfill karne mein kaafi paisa kharch ho gaya, Baad mein Ticket naa milne ke wajah se sab Virodh kar diye, Agle baar se Prashant JI ko jise Ticket dena ho usey pehle confirm kar dein aur ACC ka registration naa karwaiyen. ",,,,,,,,,,,,,,,,,,,,,,,,,,,,,,,,
Arwal,215-Kurtha,Naresh Sharma,,,7389503842.0,7389503842.0,"Naresh Sharma | Male | 47 | EBC | Badhai | Incumbent ZP

-Incumbent ZP Member(2021 To Till Date)
-Former ZP Contestant(2016)
-Former Mukhiya Contestant(2011)
-Former Panchayat Samiti Member(2006 to 2011)
-Jan Suraaj Zila Mahasachiv",Active till ticket distribution,Neutral Stance,With JS,Call Connected,With JS,Willing to Contest PRI election and also ready to work in sangathan,,"Har Vidhansabha mein Registered ACC ne kaafi mehnat aur kharch kiya lekin ticket Unhe Mila jinhone Registrations bhi nahi kiya tha, Thode naraz hai Lekin Party mein rahenge, Aur Party Jis Zimmedaari pe rakhegi usye imaandaari se nibhayenge.",,,,,,,,,,,,,,,,,,,,,,,,,,,,,,,,
Arwal,215-Kurtha,Brajendra Kumar,,,8709227273.0,8709227273.0,"Brajendra Kumar | Male | 44 | General | Bhumihar | Incumbent Mukhiya

-Incumbent Mukhiya(2021 To Till Date)
-Incumbent Mukhiya SanghMaha Mantri(2021 To Till Date)
-Jan Suraaj Zila Adhyaksh
-Buisnessman(Construction, Garmnets, Mall)",Active till ticket distribution,Neutral Stance,,Call Connected,Not with JS,,Must Needed,"Kisan Mahapanchayat inhone Organise karwaya tha, Usme kaafi paisa kharch hua, Zila Adhayksh rehte hue inhone zile mein Sangathan ko mazboot karne ka kaam kiya aur party ka prachar prasar kaafi mazbooti ke saath kiye. In sabhi cheezon mein i ka kaafi paisa bhi kharch hua hai lekin Chunav se theek 2 mahine pehle Prashant ji inhe bina confidence mein liye zila Adhayaksh ke padh se release karte hain aur Ticket Distribution ke time Aise Candidate ko ticket dete hain jo registration bhi nahi kiye the. Baaqi Rambali Chandravanshi JI ka Zameen pe koi Janadhar nahi tha. Kaafi Narazgi ke baad bhi Inhone party ke virodh mein kahin aawaaz nahi uthai, Party ke khilaaf koi kaam nahi kiya, Election khtm hone ke baad yeh party se resign lekin kahin bhi inhone party ke virodh mein kuch nahi kaha, Aur naa hi BJP yaa RJD Join kiye. Abhi kisi party mein nahi hai haan agar Prashant JI karyakarta ligon ko maan samman dete hain tab rahenge Jan Suraaj mein kyunki Vaicharik roop se to aaj bhi jude hue hain.",,,,,,,,,,,,,,,,,,,,,,,,,,,,,,,,
Arwal,215-Kurtha,Awnish Kumar,,,9430241774.0,9430241774.0,"Awnish Kumar | Male | 33 | General | Brahmin | Former Panchayat Samiti

-Former Panchayat Samiti(2016 To 2021)
-Former Mukhiya Contestant, 2011
-Former PACS Contestant, 2019
-Former RJD Member(2020 To 2022)
-Jan Suraaj Zila Upadhyaksh",Active till ticket distribution,Neutral Stance,With JS,Call Connected,With JS,Willing to Contest PRI election and also ready to work in sangathan,,"Jo Registered ACC the unme se kisi ko ticket milna chahiye tha. Yeh Zila Yuva Adhayksh ke padh pe rahe hain, Party ko mazboot karne ke liye kaafi mehnat aur kharch bhi kiye hain lekin koi nahi party ke saath bane rahenge aur Iss baar 2 padh pe chunav ladenge, Wife ko BDC aur khud Zila Parishad ke padh pe chunav ladenge",,,,,,,,,,,,,,,,,,,,,,,,,,,,,,,,
Arwal,215-Kurtha,Tileshwar Singh Kaushik,,,9608384066.0,9608384066.0,"Tileshwar Singh Kaushik | Male | 61 | OBC | Yadav | MP Contestant

-Former MP Contestant, 1995, Independent, Jehanabad, 58000 Votes
-Former MLA Contestant, 1990, IPF, 33000 Votes
-Former BJP Zila Adhyaksh(2017 To 2024)
-Former BJP member(2008 To 2024)
-Former RJD Zila Adhyaksh(2000 To 2008)
-Former IPF Rajya Koshaadhyaksh(1985 To 1995)
-Went to Jail During Emergency with JP",Active till ticket distribution,Neutral Stance,,Call Connected,Not with JS,,,Jis Candidate ko ticket mila uska Zameen pe koi mazboot nahi thi aur unke upar kuch gambheer aaroop tha. Ticket Distribution mein galti hui hai. Inhone party ke liye kaafi kaam kiya Kisan Mahasabha karwaye lekin phir bhi inhe ticket nahi mila. Abhi party mein nahi hai aur Prashant Ji ke baaton mein abb yakeen nahi raha. aur aage bhi kya bharosa ke Mehnat karne waalon ko ticket milega. Jin Logon ne Registrations kiya aur Mehnat kiya lekin kisi karanwarsh unhe ticket nahi mil paaya unn logon ka 21k wapas kar dena chahiye. Prashant JI iss ladai ko aage jaari rakhein yeh hamesha party ke well wisher rahenge lekin Prashant JI jo criteria set karte hain usko pura karein,,,,,,,,,,,,,,,,,,,,,,,,,,,,,,,,
Arwal,215-Kurtha,Manoj Kumar,,,9852540188.0,7250287181.0,"Manoj Kumar | Male | 53 | OBC | Yadav | Incumbent Mukhiya

-Incumbent Mukhiya, 2021 To Till Date , Got 2116 Votes
-Incumbent Mukhiya Mahasangh Pradesh Upadhyaksh
-Former RJD Panchayti Raj Cell, Zila Adhyaksh, 2022 To 2025
-Former RJD Farmer Cell, Zila Mahasachiv, 2012 To 2022
-Former RJD Zila Committe Mahaschiv, 2006 To 2012
-Former Janta Dal Block President 1997 to 2006
-Former Janta Dal Prakhand Sachiv, 1993 To 1996
-Former Janta Dal , Panchayat Sachiv, 1990 To 1993
-Faber Block Business
",Active till ticket distribution,Active for JS,With JS,Call Connected,,,,,,,,,,,,,,,,,,,,,,,,,,,,,,,,,,,,
Jehanabad,216-Jehanabad,Prakash Kumar,,,9708173173.0,9708173173.0,"Prakash Kumar | Male | 36 | General | Brahmin | Incumbent Ward Councilor

-Incumbent Ward Councilor(2021 To Till Date)
-Former By Poll MLA Contestant, 2018, Independent, got 1099 Votes
-Former Ward Councilor Contestant(2017), Got 367 Votes",Active till ticket distribution,Active for JS,With JS,Call Connected,With JS,Willing to Work in Sangathan at Dist/State Level,,"Iss baar samarpit logon ko Sangathan mein rakha jaaye, Kewal coloum pura karne waala naa ho. 2027 mein Chairman ka chunav ladenge agar seat unreserved hota hai to. Abhi party ke Anumandal yuva Adhayksh hai aage bhi party kisi zimmedaari pe rakhti hai to usey nibhayenge",,,,,,,,,,,,,,,,,,,,,,,,,,,,,,,,
Jehanabad,216-Jehanabad,Rekha Devi,,,9471765696.0,9060135006.0,"Rekha Devi | Female | 55 | SC | Dusadh | Former Panchayat Samiti

-Former Panchayat Samiti Sadasya(2001 To 2006)
-Former Block Pramukh(2001 To 2006)
-Former ZP 2006, Got 2600 Votes
-Former Congress Mahila Zila Adhyaksh(2001 To 2010)
-Jan Suraaj Mahila Zila Adhyaksh",Active till ticket distribution,Active for JS,With JS,Call Connected,With JS,Willing to Contest PRI election and also ready to work in sangathan,,"Was Zila Mahila Adhayaksh, Thoda Financial condition theek nahi hai issliye Vidhansabha Chunav nahi lad sake. Iss baar Zila Parishad ka chunav ladengi aur agar party ka support raha to, Zila Parishad Chairman ke liye bhi Fight karengi",,,,,,,,,,,,,,,,,,,,,,,,,,,,,,,,
Jehanabad,216-Jehanabad,Sijantri Kumari,,,9835459630.0,9835459630.0,"Sijantri Kumari | Female | 54 | General | Bhumihar | MLA Contestant

-Former MLA Contestant, 2020, Independent, Jehanabad Constituency, Got 2600 Votes
-Jan Suraaj Zila Mahila Upadhyaksh
-Businesswoman(Construction)",Active till ticket distribution,,,Call Connected,With JS,Willing to Work in Sangathan at Assembly Level,,"Jehanabad Vidhansabha mein Paisa waale candidate ko launch liye, Agar inhe ticket milta to Party zaayada achha pardarshan karta. Mahila hone ke wajah se bhi inhe ticket milna chahiye. Panchayat chunav ke liye abhi kuch socha nahi hai inhone, Baaqi sangathan mein reh kar kaam karna chahti hai",,,,,,,,,,,,,,,,,,,,,,,,,,,,,,,,
Jehanabad,216-Jehanabad,Azhar Jamil Aka Munna Hussain,,,9431159662.0,9431159662.0,"Azhar Jamil Aka Munna Hussain | Male | 56 | General | Syed | ASA Rashtriya Upadhyaksh

-Former ASA Party Rashtriya Upadhyaksh, 2024 To 2025
-Former JDU, Minority Cell  Pradesh Upadhyaksh, 2014 To 2022
-Former Samta Party Zila Karyakarini Member, 2000 
-Former NSUI Member, 1985 To 1995
-Elder Brother, Late Asghar Hussain was MLA, Jehanabad  1985 To 1990",Active till ticket distribution,Active for JS,,Call Connected,With JS,Willing to Work in Sangathan at Assembly Level,Wanted to Meet Prashant Kishore JI ,Party ke taraf se Jo bhi zimmedaari di jaaye usey nibhayenge aur Panchayat chunav mein khud to koi chunav nahi ladenge lekin party ka jo aadesh rahega usey poora karenge,,,,,,,,,,,,,,,,,,,,,,,,,,,,,,,,
Jehanabad,216-Jehanabad,Devendra Prasad,,,8294404619.0,8294404619.0,"Devendra Prasad | Male | 67 | OBC | Kushwaha | MLA Contestant

-Former MLA Contestant(2020), Jehanabad Constituency , 2020 (Apna Kisan Party), got 895 Votes
-Former Apna Kisan Party Member(2020 to 2020)
-Retired Supritendent Engineer(Phed), Govt Of Bihar
-B.tech Civil Engineering(BIT Sindri)",Not Active,,,Call Connected,With JS,Willing to Work in Sangathan at Dist/State Level,,"Not that much Interested , Will take time to decide",,,,,,,,,,,,,,,,,,,,,,,,,,,,,,,,
Jehanabad,217-Ghosi,Anuradha Sinha,,,9472570900.0,9472570900.0,"Anuradha Sinha | Female | 47 | OBC | Yadav | Former ZP Member

-Former 3 Consecutive Terms ZP Member(2006 to 2021 )
-Former ZP Contestant, 2021, Got 1423 Votes
-Former RJD Zila Adhyaksh (2020 to 2024) 
-Jan Suraaj Rajya Mahila Samiti Sadasya",Active till ticket distribution, Contested as an Candidate from other Party,,Call Connected,Not with JS,,Can be the candidate for ZP Chairman ,"Abb Politics mein koi interest nahi hai, Khud ko kaafi door kar liye hai Politics se. Prashant JI agar pehle keh diye hote ke kisi karan warsh aapko ticket nahi de paayenge aap jaaye aur Ummedwaar ko madad kijiye to koi takleef nahi hori, lekin sheikhpura house mein Last minute tak kehte reh gaye ke rukiye ticket aapko hi milega, Issey bohot takleef hui. Abhi kisi dal mein nahi hai aur PRI Election mein contest bhi nahi karenge. BSP ke symbol pe chunav lade aur Jan suraaj ke candidate se zaayada vote laaye.",,,,,,,,,,,,,,,,,,,,,,,,,,,,,,,,
Jehanabad,217-Ghosi,Ambarish Kumar,,,6202622708.0,6202622708.0,"Ambika Kumar | Male | 39 | General | Bhumihar | BJP Member

-Former BJP Member(2019 To 2024)
-Jan Suraaj Prakhand Sanghtan Mahasachiv
-Social Worker",Active till ticket distribution,,,Call Connected,With JS,Willing to Contest PRI election and also ready to work in sangathan,,"Will contest for Mukhiya Election this year, And also want some post within the sangathan so that he can work dedicatedly for sangathan. Quide upsed with the Ticket Distrution. ",,,,,,,,,,,,,,,,,,,,,,,,,,,,,,,,
Jehanabad,217-Ghosi,Sanjay Kumar,,,7888515947.0,7888515947.0,"Sanjay Kumar | Male | 47 | OBC | Yadav | Retired IAF Offficer

-Retired Indian Air Force Senior Non Commissioned Officer
-Professor at Magadh Univeristy
-Former RJD Teacher Cell University President
-Social Worker( Free coaching of NET in Magadh University)
",Not Active,,,Call Connected,With JS,Willing to Work in Sangathan at Assembly Level,,"Will not contest in Panchayat Election and will support some of his candidates in the Upcoming PRI Election, And also willing to take responsibility given by the party, But due to his work in college He's quite engaged.",,,,,,,,,,,,,,,,,,,,,,,,,,,,,,,,
Jehanabad,217-Ghosi,Rakesh Roushan,,,7004262441.0,7004262441.0,"Rakesh Roushan | Male | 32 | EBC | Kahar | Businessman

-Former AAM Janta Party Rashtriya Sanghatan Mantri(2022 to 2025)
-Businessman(RO Water Treatment Plant & Real Estate)
-MBA Marketing",Not Active,,,Call Connected,With JS,Willing to Work in Sangathan at Dist/State Level,,"Iss baar MLC (PRI) ka Election contest karenge. Aur PRI Election mein apne Ummedwaa utarenge, Mukhiya ke padh pe 4 panchayats mein. Party mein reh kar kaam karna chahte hain lekin Pradesh Astar pe. ",,,,,,,,,,,,,,,,,,,,,,,,,,,,,,,,
Jehanabad,217-Ghosi,Prabhat Kumar,61.0,,8809544944.0,8809544944.0,"Prabhat Kumar | Male | 61 | OBC | Kurmi | RJD Zila Sachiv

-Former RJD Kisan Cell Pradesh Maha Sachiv, 2020 To 2024
-Former JDU Kisan Cell Zila Adhyaksh, 2013 To 2018
-Real Estate Business
-Social Worker",Candidate,,With JS,Call Connected,With JS,,,,,,,,,,,,,,,,,,,,,,,,,,,,,,,,,,,
Jehanabad,218-Makhdumpur (SC),Rambabu Paswan,,,7367001011.0,7367001011.0,"Rambabu Paswan | Male | 53 | SC | Paswan | Former ZP 

-Former ZP Member(2016 To 2021)
-Former ZP Contestant(2021), Got 8878 Votes
-Former Panchayat samiti Contestant(2011), Got 350 Votes
-Former Panchayat Samiti Sadasya(2006 To 2011)
-Former RJD Zila Adhyaksh(2018 To 2024)
-Former RJD Member (1998 To 2024)
-Jan Suraaj State Core Committee Member",Active till ticket distribution,Neutral Stance,,Call Connected,With JS,Willing to Contest PRI election and also ready to work in sangathan,,"Iss baar Zila Parishad ka chunav ladenge. RJD mein 35 saal se rahe, 10 saal zila Adhayksh rahe lekin woh chor ke party mein Jan Suraaj Mein aaye inti mehnat kari lekin ticket kisi bahari ko mila. Registered ACC mein kisi ko milta to itni takleef nahi hoti, Party mein rahenge lekin Bade position pe zimmedaari chahiye, Kyunki Already RJD m zila Adhayksh ke padh pe kaam kar chuke hain aur Jan Suraaj mein Zila Mahasachiv bnaya gaya tha.",,,,,,,,,,,,,,,,,,,,,,,,,,,,,,,,
Jehanabad,218-Makhdumpur (SC),Abhiram Paswan,,,9142724780.0,9142724780.0,"Abhiram Paswan | Male | 50 | SC | Paswan | MLA Contestant

-Former MLA Contestant, 2003, By Election, NCP , Barachatti Constituency, Got 22000 Votes
-Former RJD Pardesh Mahasachiv, 2000 To 2023
-Farmer
-Social Worker",Active till ticket distribution,Neutral Stance,,Not Received ,,,,,,,,,,,,,,,,,,,,,,,,,,,,,,,,,,,,
Jehanabad,218-Makhdumpur (SC),Prem Kishor Paswan,,,7488539914.0,7488539914.0,"Prem Kishor Paswan | Male | 28 | SC | Paswan | Assistant Professor

-Working as a Assistant Professor At LPV College, Gaya
Runs a Restaurant, Jehanabad
-Runs A Water a Treatment Plant
-Social Worker",Active till ticket distribution,Active for JS,,Call Connected,With JS,Willing to Work in Sangathan at Assembly Level,,"Reservation Roaster aane ka wait kar rahe hain, Kuch seats pe chunav ladane ka soche hain apne samarthak ko. Aage Vidhansabha ki hi tayyari karenge. Prashant JI ke Ideology ke saath Jude hue hain aur aage bhi rahenge, Party kisi tarah ki zimmedaari pe rakhti hai to usey poora karna ka kaam karenge.",,,,,,,,,,,,,,,,,,,,,,,,,,,,,,,,
Aurangabad,219-Goh,Dr Ram Uday Kumar,,,9199008859.0,9199008859.0,"Dr Ram Uday Kumar | Male | 50 | EBC | Teli | JDU Pradesh Adhyaksh EBC Cell

-Former JDU Rajneetik salahkaar Samiti Sadasya(2023 to 2024)
-Former JDU Pradesh Upadhyaksh EBC Cell(2014 to 2023)
-Former RJD Youth Mahasachiv(2008 to 2014)
-BAMS Doctor
-Former Medical Officer at ANMCH, Muzaffarpur
-Prominent Social worker( Provide Free Health Camps for Poors)
-Jan Suraaj Pradesh Karyawahak Sadasya
-HP Gas Agency
-Director of Great Jeevak Hospital",Active till ticket distribution,Helped Other Party,,Call Connected,Not with JS,,,"Shuruwaat se Party ke liye kaam kiye lekin last Moment pe kisi naye candidate ko ticket diye. Sita Ram Dukhari JI ka Ticket Final hote hi Party se Resign kar diye. Public ke beech mein commitment tha, Sab inke support mein the.",,,,,,,,,,,,,,,,,,,,,,,,,,,,,,,,
Aurangabad,219-Goh,Manoj Kumar Sharma,,,9430407620.0,9934262607.0,"Manoj Kumar Sharma | Male | 55 | General | Bhumihar | LJP Sachiv

-Former LJP Sachiv(2005 To 2009)
-Farming
-Businessman(Petrol Pump, Transport)
-Jan Suraaj State Core Committee Member",Active till ticket distribution,Active for JS,,Call Connected,,,,"Ganga Sagar gaye hue hai Asnan karne ke liye. kolkata mein hain Abhi, 2 din baad baat ho paayegi",,,,,,,,,,,,,,,,,,,,,,,,,,,,,,,,
Aurangabad,219-Goh,Yudhisthir Nonia,,,9708304010.0,9708304010.0,"Yudhisthir Nonia| Male | 48 | EBC | Nonia| MLA Contestant

-Independent MLA Contested from of assembly ( 2020) Got 1644 Votes
-Jansuraaj Founding Member ( 2022)
-Businessman ( Om Ganpati Enterprise Fabric Manufacturing Unit)
-Farmer ( 5 Acre land)",Not Active,,,Call Connected,With JS,Willing to Contest PRI election and also ready to work in sangathan,,"Kis Padh pe chunav ladenge yeh abhi confirm nahi kiye hain, Aur pehle sangathan mein bhi koi zimmedaari nahi di gayi thi, Thide Naraz hai Ticket Distribution ko lekar lekin party mein inhe samman chahiye aur Sangathan mein bhi zimmedaari ke liye kahe hain. ",,,,,,,,,,,,,,,,,,,,,,,,,,,,,,,,
Aurangabad,219-Goh,Sanjay Prasad ,,,9650997135.0,9650997135.0,"Sanjay Prasad  | Male | 61 | OBC | Kushwaha | Retired NTPC GM

-Retired General Manager NTPC, 
-Former Sarvlok Hit Samaj Party, , State Incharge, Bihar, 2024 To 2025
-Social Worker",Active till ticket distribution, Contested as an Candidate from other Party,,Call Connected,Not with JS,,,"Lack of transparency in Jan Suraaj. Media House & Independent survev mein Sanjay Prasad Kushwaha ka naam hi upar chal raha tha, Iss Vidhansabha mein Jan Suraaj ki zamanat zabt iss liye hui kyunki Sanjay Prasad Kushwaha ko Ticket nahi mila. Ticket Announcement ke baad Jan Suraaj ke sangathan ke jitne bhi log the sab nakhush the. Rambali Chandravanshi ke kwhne pe PK Sitaram Dukhari ko ticket diye. Prashant JI ticket Distribution ke time highly occupied the lekin ek baar mulakaat karna chahiye tha, Thode naraz hai lekin Prashant JI ke Vision se hamesha Jude rahenge aur agar Prashant JI chahein tab zaroor mulakaat karenge Aakar, Abhi Delhi mein rehte hain",,,,,,,,,,,,,,,,,,,,,,,,,,,,,,,,
Aurangabad,219-Goh,Sharmila Kumari,,,6201540109.0,6201540109.0,"Sharmila Kumari | Female | 41 | OBC | Yadav | Advocate

-Advocate at Gaya Civil Court
-Social Worker",Active till ticket distribution,Active for JS,,Call Connected,With JS,Willing to Work in Sangathan at Dist/State Level,,"Jan Suraaj ka kaafi craze tha Vidhansabha mein, 4 ACC kaafi mehnat kar rahe the, Jaise hi Dukhari JI ka naam announce hua Pura Graph down ho gaya. Prashant Ji age factor pe bhi dhayan nahi diye, Leadership mein jo face hona chahiye woh nahi mila Party ko uss Vidhansabha mein. Will not contest any Panchayat Election. Aur Sangathan mein bhi ab uss junoon ke saath kaam karna thoda mushkil hoga inke liye.",,,,,,,,,,,,,,,,,,,,,,,,,,,,,,,,
Aurangabad,219-Goh,Sita Ram Dukhari,74.0,,9973914680.0,9973914680.0,"Sita Ram Dukhari | Male | 74 | EBC | Kahar | Former JDU EBC Cell Adhyaksh

-Former JDU, EBC Cell , State President, 2013 To 2016
-Former JDU , Pradesh Mahasachiv, 2015 To 2017
-Former JDU , State Working Committe Member, 2017 To 2020
-Former JDU State Advisory Committe Member, 2020 To 2025
-Social Worker",Candidate,,With JS,Call Connected,With JS,,,Age Factor,,,,,,,,,,,,,,,,,,,,,,,,,,,,,,,,
Sheohar,22-Sheohar,Grish Nandan Singh Urf Prashant Babu,,,9110924306.0,9939864426.0,"Grish Nandan Singh|70|Male| General |Bhumihar| Former INC District President
-Post Graduate in Political Science
-Chairman of District Red Cross Society
-Incumbent 3rd term ward parshad(unopposed) 
-Former Congress District president  (2003 to 2006)
-Belongs too Darbar Family",Active till ticket distribution,Neutral Stance,,Call Connected,With JS,Willing to Work in Sangathan at Dist/State Level,,"He is ready to work on any post in the party, but is quite dissatisfied with the  Assembly candidate and wants to meet Prashant to discuss this matter. He will not contest the PRI Election because his residence falls within the Nagar Parisha area.",,,,,,,,,,,,,,,,,,,,,,,,,,,,,,,,
Sheohar,22-Sheohar,Anshuman Nandan Singh,,,9801387777.0,9801387777.0,"Anshuman Nandan Singh | Male | 43 | General | Bhumihar

-Jansuraaj Founder Member ( October 2022)
-Prominent Businessman ( Nandan Motors, Nandan Construction  & Nandan Traders)
-Former Nagar Parishad Chairman ( 2017-2023)
-Chairman Runner Up ( 2023 Got 4277 Votes)
-Belongs too Darbar Family",Active till ticket distribution,Neutral Stance,,,,,,,,,,,,,,,,,,,,,,,,,,,,,,,,,,,,,,
Sheohar,22-Sheohar,Sudhir Kumar ,,,9525847700.0,9525847700.0,"Sudhir Kumar | Male | 39 | OBC | Bania | Businessman

-Cosmetic Business
-Jan Suraaj Zila Sachiv
-Social Worker",Active till ticket distribution,Active for JS,With JS,Call Connected,With JS,,,"He is not interested in contesting the PRI election and is also not willing to take any post in the committee, but he is ready to work as a committed member of the party with full dedication.",,,,,,,,,,,,,,,,,,,,,,,,,,,,,,,,
Sheohar,22-Sheohar,Manorama Trivedi,,,9934501206.0,9934501206.0,"Manorama Trivedi | Female | 55 | General | Brahmin | ZP Contestant

- BJP District Vice President Mahila Morcha
- Member of Zila Vikaas Samanvay, Nigrani Samiti.
- Three Times Z.P Runner Up
2011,( 2800 Votes)2016 ( 6728 votes) and 2021( 7750 votes)
",Active till ticket distribution,Neutral Stance,,,,,,,,,,,,,,,,,,,,,,,,,,,,,,,,,,,,,,
Sheohar,22-Sheohar,Ramadhar Sah,,,7463822638.0,7463822638.0,"Ramadhar Sah | Male | 61 | EBC | Teli | ZP Contestant

-Former ZP Contestant, 2021, got 5058 Votes
-Former BJP Zila Adhyaksh OBC Cell, 2011
-Contractor",Active till ticket distribution,Neutral Stance,,,,,,,,,,,,,,,,,,,,,,,,,,,,,,,,,,,,,,
,22-Sheohar,Niraj Singh,38.0,Male,9431299456.0,9431299456.0,"Niraj Singh | Male | 38 | General | Rajput | Businessman

-Businessman(MD of Usha Industries , Fly Ash, Bricks)
-Civil Govt. Contractor
-Father was Panchayat Samiti Sadasya, 2001 To 2006
-",Candidate,,,,,,,,,,,,,,,,,,,,,,,,,,,,,,,,,,,,,,,
Aurangabad,220-Obra,Abhimanyu Sharma,,,9973969130.0,9973969130.0,"Abhimanyu Sharma | 53 | Male | General | Bhumihar | Mukhiya

-Incumbent Mukhiya from (2001-till Date)
-Former MLA Candidate (LJP- 15834Vote 2005, NCP-3720Vote-2015)
-Former BJP head of religious awareness department (2020-2024)
-Former BJP Member(2010 to 2015)
-Former LJP Member (2005 to 2010)
-Jan Suraaj State Core Committe Member",Active till ticket distribution,Neutral Stance,,Call Connected,With JS,Willing to Contest PRI election and also ready to work in sangathan,,"Last moment pe naya candidate laaya gaya, Election ke time pe bhi sirf 4-5 din hi assembly mein Ghume candidate. Pehle Sudheer Sharma Arwal se Tayyari kar rahe the lekin Baad mein Arwal ke Manoj Sharma se 20L lekar Khud obra shift ho gaye. Baad mein LJP ke Prakash Chandra se bhi 20L lekar Abhimanyu Sharma ko ticket nahi hone diye, Isme Rambali Chandravanshi JI bhi Involved the. Mukhiya ka chunav ladenge aur kuch padh pe apne samarthak ko bhi support karwayenge.",,,,,,,,,,,,,,,,,,,,,,,,,,,,,,,,
Aurangabad,220-Obra,Manish Kumar Pandey,,,8809264901.0,8809264901.0,"Manish Kumar Pandey | Male | 35 | General | Brahmin | PACS President

-Incumbent 3 Terms PACS President(22009, 2019 & 2024)
-Former PACS Contestant(2014)
-Farmer
-Jan Suraaj Zila Upadhyaksh",Not Active,,,Not Received ,,,,,,,,,,,,,,,,,,,,,,,,,,,,,,,,,,,,
Aurangabad,220-Obra,Nandkishor Yadav,57.0,,9006342107.0,7004535770.0,"Nandkishore Yadav | Male | 57 | OBC | Yadav | Loksabha Contestant

-Former Loksabha Contestant(2019), Swaraj Party, Karakat, Got 3500 Votes
- Former Swaraj Party Loktantrik(2015 To 2023)Vice President
-Jan Suraaj State Core Committee Member
-Jan Suraaj District Incharge
-Director Of a Private School",Candidate,,With JS,Call Connected,With JS,,,,,,,,,,,,,,,,,,,,,,,,,,,,,,,,,,,
Aurangabad,220-Obra,Md Fazlur Rahman,,,9631678766.0,9631678766.0,"Md Fazlur Rahman | Male | 51 | Minority | Ansari | MLA Contestant

-Former MLA Contesatnt, JAP, 2020 , got 1100 Votes, Paliganj Assembly 
-Former RJD District Vice President(2001 to 2010)
-Former RJD District Secretary(2011 to 2015)
-Former RJD Minority Cell State Secretary(2021 to 2023)
-Jan Suraaj District Vice President
-Runs a Diagnostic Centre and Petrol Pump in Partner",Not Active,Helped Other Party,,Call Connected,Not with JS,,,"Pehle bhi RJD mein Pradesh ke Secretary rahe aur Ticket Distribution ke time kisi naye candidate ko ticket dene ke wajah se Party se resign kar diyw aur Phir se RJD join kar liye. Zila ke 7 seats mein se kisi bhi Muslim ko ticket nahi mila, Zila ke Sangathan mein Muslim ko kisi ekal padh pe nahi rakha gaya. Inn sab cheezon ko dekhte hue party se door kar liye khud ko.",,,,,,,,,,,,,,,,,,,,,,,,,,,,,,,,
Aurangabad,221-Nabinagar,Lal Govind Singh,,,9939410001.0,9939410001.0,"Lal Govind Singh | Male | 54 | General | Rajput | MLA Contestant

-Former MLA Contestant, BSP, Nabinagar Constituency, 2005, Got 12000 Votes
-Former Mukhiya, 2001 To 2006
-Former Bihar Peoples Party Yuva Prakahnd Adhyaksh, 1996 to 1997
-Former JDU Zila Mahasachiv, 2006 To 2009",Active till ticket distribution,Helped Other Party,,Call Connected,Not with JS,,,"Inke khilaaf galat narrative bnaya gaya ke dabang hai Rangdaar hai, Lekin Sarkari Record mein kahin koi case nahi hai inke khilaaf. Party mein kaafi mehnat kiye aur ticket nahi milne ke party se resign kiye aur chetan anand ko Election mein madad kiye.",,,,,,,,,,,,,,,,,,,,,,,,,,,,,,,,
Aurangabad,221-Nabinagar,Archana Chandra ,50.0,,7488591788.0,7488591788.0,"Archana Chandra  | Female | 50  | OBC | Yadav | MP Contestant
-Ex 2nd Term Block Pramukh ( 2006-2016)
-His Husband also was Block Pramukh (2001-2006)
-BSP MP contested in 2009 Got 45217 Votes
-BSP MLA Contested got 11848 Votes
-His father in law (RamNandan Singh) was Block Pramukh (1978-1982)
-His father in law (RamNandan Singh) was MLA Runner Up 1980
-Jansuraaj Founder member
-BSP State General secratory main Board( 2007-2009)
-former BJP executive Member ( 2013-2024)",Candidate,,With JS,Call Connected,With JS,,,,,,,,,,,,,,,,,,,,,,,,,,,,,,,,,,,
Aurangabad,222-Kutumba (SC),Ramesh Prasad,,,9525888854.0,9525888854.0,"Ramesh Prasad | Male | 63 | SC | Paswan | Incumbent Mukhiya

-Incumbent Mukhiya, 2021 to Till Date 
-Former Mukhiya (2001 To 2006)
-Former Mukhiya Contestant(2006, 2011 & 2016)
-Jan Suraaj zila Sanghtan Upadhyaksh
-Jan Suraaj Prakahnd Prabhari of Ambedkar Vahini ",Active till ticket distribution,Active for JS,,Not Received ,,,,,,,,,,,,,,,,,,,,,,,,,,,,,,,,,,,,
Aurangabad,222-Kutumba (SC),Subodh Kumar,,,7528854999.0,7528854999.0,"Subodh Kumar  | Male | 30 | SC | Paswan | Businessman

-Director & CEO of Dhi Grooks Media Tech Private limited
-Former Derfacto Mukhiya Contestant, 2006
-Mother is  RLM Party Mahila Cell Pradesh Upadhyaksh
-Mother was Also assocaited with JDU , as a Mahila Cell Pardesh Upadhyaksh
-Father is assocaited with LJP",Active till ticket distribution,Active for JS,,Call Connected,With JS,Willing to Work in Sangathan at Dist/State Level,,"Will not contest any election, Is waiting for the Roaster to change, If mukhiya seat gets reserve then his mother will contest for mukhiya Election. Will remain in sangathan and ready for any responsibility. ",,,,,,,,,,,,,,,,,,,,,,,,,,,,,,,,
Aurangabad,222-Kutumba (SC),Hari Ram,,,9934955042.0,9934955042.0,"Hari Ram | Male | 57 | SC | Chamar | Incumbent ZP 

-Incumbent ZP , 2001 To 2006 & 2021 To Till Date
-Former MLA Contestant, Deo Constituency, 2005, SP, Got 2000 Votes
-Former ZP Contestant, 2006, 2011, 2016
-Social Worker",Active till ticket distribution,Helped Other Party,,Not Received ,,,,,,,,,,,,,,,,,,,,,,,,,,,,,,,,,,,,
Aurangabad,222-Kutumba (SC),Prakash Kumar,,,7488583093.0,7488583093.0,"Prakash Kumar | Male | 26 | SC | Pasi | Teacher

-Professor at Gems Polytechnic College
-Jan Suraaj Sanghatan Up Zila Adhyaksh
-Social Worker",Active till ticket distribution, Contested as an Candidate from other Party,,Not Received ,,,,,,,,,,,,,,,,,,,,,,,,,,,,,,,,,,,,
Aurangabad,222-Kutumba (SC),Narendra Kumar Ram,,,8825335884.0,9122021618.0,"Narendra Kumar | 62 | Male | SC | Chamar | Assembly Candidate

-Former Assembly Election (1985) Candidate as Independent- 6000 Votes
-Former Defacto ZP Contestant(2001 & 2006)
-Former Defacto Panch(2006 to 2011)
-Retired as a Head Master(Govt)",Active till ticket distribution,Helped Other Party,,Call Connected,With JS,Willing to Work in Sangathan at Assembly Level,,"Will not contest any PRI Election, Neither will support any contestant. Will be neutral during Panchayat and only will contest only Vidhansabha Election and also preparing for it. Ready to take any responsibility given by the party.",,,,,,,,,,,,,,,,,,,,,,,,,,,,,,,,
Aurangabad,222-Kutumba (SC),Shayam Baliram ( Mahabali Paswan),54.0,,6287631605.0,9430410866.0,"Shayam Baliram | Male | 54 | SC | Paswan | Former Ward Councilor

-Former 2 Consecutive Terms Ward Councilor, 2012 To 2022
-Former Congress Vidhan Sabha Prabhari, 2012 To 2022
-Former Congress Pradesh Sachiv, 2016 To 2020
-Former Congress Zila Upadhyaksh, 2012 To 2016
-Former Congress Zila Mahasachiv, 2009 To 2012
-",Candidate,,With JS,Call Connected,With JS,,,,,,,,,,,,,,,,,,,,,,,,,,,,,,,,,,,
Aurangabad,222-Kutumba (SC),Beyas Ram,,,9631400553.0,9631400553.0,"Beyas Ram | Male | 45 | SC | Ravidas | Former Ward Councilor

-Former Ward Councilor , 2007 To 2012
-Former Defacto Ward Councilor, 2017 to 2022
-Former Congress Vidhan Sabha Prabhari, 2024, Jharkhand
-Former Congress, Mazdoor Union , Pradesh Karyakari Adhyaksh, 2021 To 2023
-Former Congress Pradesh Upadhyaksh, SC Cell, 2015 To 2020
-Former Congress Zila Mahasachiv,  2008 To 2015
-Former Congress Nagar Upadhyaksh, 2006 To 2008",Active till ticket distribution,Neutral Stance,,Call Connected,With JS,Willing to Work in Sangathan at Dist/State Level,,"Ticket Distribution galat hua, Jo log kaafi lambe time se party ke liye lage rahe unhe ticket naa dekar kisi naye ko ticket diya gaya. PRI Election mein Kati seats pe apnw Ummedwaar utarenge. khud koi chunav nahi ladenge. Very disappointed with ticket Distribution .",,,,,,,,,,,,,,,,,,,,,,,,,,,,,,,,
Aurangabad,222-Kutumba (SC),Lalmohan Ram,,,Key Pad Phone,7296063664.0,"Lalmohan Ram | Male | 63 | SC | Chamar | JDU Pradesh Mahasachiv

-Former JDU SC Cell Pradesh Mahasachiv, 2019 To 2022
-Former JDU SC Cell, District President, 2015 To 2019
-Former Samta Party Member, 1985 To 1990
-Associated With Karntikari Buddhijeevi Sanghatan(Left Party), 1990 To 1995
-Jan Suraaj Kisan Cell Anumandal Adhyaksh
-Jan Suraaj Zila Sachiv",Not Active,Helped Other Party,,Busy,,,,,,,,,,,,,,,,,,,,,,,,,,,,,,,,,,,,
Aurangabad,223-Aurangabad,Dr Umesh Kumar Singh,,,9113726733.0,9113726733.0,"Dr Umesh Kumar Singh | Male | 55 | General | Rajput | Doctor

-Director and Chief Consultant at Million Hope Hospital
-MBBS and MD
-Social worker(Organises Free health Camp)
-Vice President Of Jan Lakshya NGO",Active till ticket distribution,Neutral Stance,,Call Connected,With JS,Willing to Work in Sangathan at Assembly Level,,"Candidate Selection mein Galat hua, Sangathan mein bhi saare log kaam karne waale nahi mile. Election aate aate tak Sangathan bikhrne laga tha. Dusre Vidhansabha ke Candidate ko Aurangabad se ladana beneficiary nahi raha party ke liye. Election mein Nand Kishore Yadav ko Support kiye. Sangathan Mazboot karne ki zarurat hai, Educated log aur Professional logon ko Jodne ki zarurat hai Party mein. PRI to chunav aate aate kahin naa kahin adjust ho jaate hai yeh dekha gaya hai. Baaqi Party ka jo aadesh hoga aage bhi karenge.",,,,,,,,,,,,,,,,,,,,,,,,,,,,,,,,
Aurangabad,223-Aurangabad,Manoj Kumar Singh,,,9931326364.0,9931326364.0,"Manoj Kumar Singh | Male | 48 | General | Rajput | Incumbent Mukhiya

-Incumbent Mukhiya (2021 To Till Date)
-Student Union President, Maharana Pratap Mahavdidyalay, 
-Former BJP Yuva Adhyaksh(2006 To 2011)
-Former Rashtriya Kisaan Viaks Mazdoor Manch, President
-Former Samta Party Zila Mahamantri(1994 To 1999)",Active till ticket distribution,Neutral Stance,,Busy,,,,,,,,,,,,,,,,,,,,,,,,,,,,,,,,,,,,
Aurangabad,223-Aurangabad,Ramesh singh,,,9835293207.0,9835293207.0,"Ramesh singh|61|Male | General|Rajput| Former Youth INC Mahamantri

Graduate in Law
-Agricultural based business of Makhana & Mushroom
-Father was former runner up MLA from Rafiganj constituency in 2005 on JDU ticket got 15782 votes
-Father was former 4 times MLA from Aurangabad on INC ticket (1962-1967,1972-1977,1985-1990,1990-1995)
-Former Youth Congress Zila Upadhyaksh(1985 to 1990)
-Former Youth Congress Mahamantri(1990 to 1995) ",Active till ticket distribution,Neutral Stance,,Call Connected,With JS,Willing to Work in Sangathan at Dist/State Level,,"Aurangabad m 5 ACC the, Aur Sabhi kaafi mazboot the, aur achha kaam kar rahe the aur umeed the inn 5 logon mein se kisi ek ko ticket milega, Lekin Dusre Vidhansabha se Candidate launch kiya gaya. Aur bahari Candidate declare karne se pehle ek baar sabhi ACC ko confidence mein lena chahiye tha. 5 ACC mein se kisi ek ko milta to parinaam shayad zaayada behtar hota. PRI Election mein Party ka Nirnay aane ka wait kar rahe hain, Agar Party kehti hai Chunav Ladane ke liye to Party Sangathan ke Kuch logon ko support karenge. Agar khud ladaenge to Zila Parishad ke liye contest karenge. Party ke ",,,,,,,,,,,,,,,,,,,,,,,,,,,,,,,,
Aurangabad,223-Aurangabad,Uma Devi,,,9931412162.0,9931412162.0,"Uma Devi | Female | 56 | EBC | Kahar | Former Mukhiya

-Former 2 Terms Mukhiya(2011 to 2021)
-Former Mukhiya Contestant(2006)
-Former PACS Contestant(2024), Got 431 Votes
-Former MLC Contestant, Congress 2010
-Former Congress Zila Mahila Adhyaksh(2009 to 2024)
-Former JDU Zila Mahila Adyaksh(2005 to 2009)
-Jan Suraaj Mahila Zila Adhyaksh",Active till ticket distribution,Active for JS,,Call Connected,With JS,Willing to Contest PRI election and also ready to work in sangathan,,"11 April ko Kaafi logon ko Gandhi Maidaan lekar aaye the. Party ke liye kaafi mehnat kiye, Prashant Ji june mein hi announce karte Candidate to Campaign karne ka zaayada waqt milta. Inke Vidhansabha mein 5 Candidate mein se kisi ek ko ticket milta to Results zaayada achha rehta. Mahilaon ko party mein aur samman dene ki zarurat hai. Party Sangathan ko Mazboot karne ki zarurat hai aur Sahi logon ko zimmedaari di jaani chahiye party mein.",,,,,,,,,,,,,,,,,,,,,,,,,,,,,,,,
Aurangabad,223-Aurangabad,Anil Kumar Singh,,,9868081451.0,9868081451.0,"Anil Kumar Singh | Male | 47 | General | Rajput | Professor

-Assistant Professor at Aatmaram Sanatan Mahavidyalay
-Former Kirorimal Student Union President(1998 to 1999)
-Forfmer ABVP Deparment President(1999 to 2001)
-Sachiv of NGO(Panchtatva  Garima Foundation)
-P.h.D(Hindi)",Active till ticket distribution,Active for JS,,Busy,,,,,,,,,,,,,,,,,,,,,,,,,,,,,,,,,,,,
Aurangabad,224-Rafiganj,Shaguphta Yasmin,,,8709795157.0,8709795157.0,"Shaguphta Yasmin| 32 | Female | Minority | Sheikh | AAP Vidhan Sabha Prabhari
BA in Urdu
-jansuraaj State Mahila karykarini Member
-Former AAP VidhanSabha Prabhari from Rafiganj Assembly (2022-24)
-Karakat assembly prabhari of AAP in 2020 assembly election
-Karakat loksabha women wing president of AAP from 2014 to 2019
--Former runner up BDC in 2016
",Active till ticket distribution,Active for JS,,Call Connected,With JS,Willing to Work in Sangathan at Assembly Level,,"BJP Supporters ko Dar tha kahin Jungle raj wapas naa aa jaaye, Aur RJD ke voters ko Darr tha kahin BJP naa aa jaaye. District mein Kisi Muslim ko Ticket nahi Mila. Candidate sabko Saath lekar saath chale. JSPT ne galat reporting ki hai aur Kuch logon ke liye baised thi. Partya mein reh kar kaam karengi aur Party Sangathan ko aur mazboot karengi. Panvhayat Election mein Sangathan ke logon ko madad karengi",,,,,,,,,,,,,,,,,,,,,,,,,,,,,,,,
Aurangabad,224-Rafiganj,Arif Raja,,,9934910224.0,9934910224.0,"Arif Raja | Male | 49 | Minority | Ansari | MLA Contestant

-Former MLA Contestant, 2020, Independent, gor 5000 Votes
-Former JDU State General Secretary Minority Cell(2022 To 2024)
-Former JDU Zila Adhyaksh, Minority Cell,(2008 to 2022)
-Jan Suraaj Zila Upadhyaksh & Prakhand Prabhari
-Runs a Private School, Blossoms School. ",Active till ticket distribution,Helped Other Party,,Call Connected,With JS,Willing to Contest PRI election and also ready to work in sangathan,,"Willing to contest Zila Parishad Election, And also work for the strengthening of JSP. Was Previously in the State Committee of JSPT. Ticket Distribution was not done correctly & JSPT also not provided correct report. Ticket should be given to candidate from the Minority community, as the Prashant JI also announced this previously. Candidate didn't fought well, Gaadi bhi nahi chalwaye sahi tariqe se, Election ke subah tak inka Booth kits bhi nahi pahuncha sabhi Booths tak, Aise Candidate ko aage repeat nahi karna chahiye. Prashant JI ne Samiksha Baithak mein Candidate repeat karne ka announcement kiye ussey negative impact pad raha hai unn ACC pe jinhe iss baar ticket nahi mil saka. Prashant JI ke iss bayan aane ke baad Baaqi Registered ACC jo party mein bane hue hain unke beech kaafi narazgi hai",,,,,,,,,,,,,,,,,,,,,,,,,,,,,,,,
Aurangabad,224-Rafiganj,Tajammul Khan,,,9934878181.0,9934878181.0,"Tajammul Khan | Male | 56 | Minority | Pathan | JDU State General Secretary

-Former JDU State General Secretary(2014 To 2018)
-Former JDU Nirwachan Padadhikahari(2018)
-Former JDU State Secretary(2011 To 2014)
-Former Defacto ZP Contestant(2021), 6300 Votes
-Jan Suraaj District Incharge",Active till ticket distribution,Neutral Stance,,Call Connected,,,,"Very Dissatisfied with ticket Distribution, Party ne inke saath theek nahi kiye, Chances hai ke yeh party bhi chor sakte hain. Abhi Zaayada kuch baat karna nahi chahte, Ubaidullah Sb bhi inse yahi baatein discuss karna chah rahe the.",,,,,,,,,,,,,,,,,,,,,,,,,,,,,,,,
Aurangabad,224-Rafiganj,Vikash Kumar Urf Bablu singh,46.0,,9097260731.0,7979088318.0,"Vikash Kumar | Male | 46 | General | Rajput | Incumbent Mukhiya

-Incumbent Mukhiya(2021 To Till Date)
-Former Mukhiya(2011 To 2016)
-Former BJP Zila Upadhyaksh(2013 To 2020)
-Former BJP Member(2008 To 2020)
-Jan Suraaj State WORKING Committee Member",Candidate,,With JS,Call Connected,With JS,,,,,,,,,,,,,,,,,,,,,,,,,,,,,,,,,,,
Gaya,225-Gurua,Birendra Bhashakar,,,7764000715.0,7764000715.0,"Birendra Bhashakar | Male | 52 | SC | Paswan | MLA Contestant

-Former By Election MLA Contestant, 2019, VPI, Dehri Constituency, got 1400 Votes
-Former ASP State Spokesperson(2023 To 2024)
-Former HAM Party State Secretary(2015 To 2016)
-Jan Suraaj Ambedkar Samvaad Core Committe Member",Active till ticket distribution,Helped Other Party,,Call Connected,Not with JS,,,"PK did not adhere to his commitments, which led to a decline in credibility. 
The Gurua Assembly constituency has a strong EBC and SC voter base, while Rajput voters number only around 13,000.
He has resigned from Jan Suraaj and is likely to join either the INC or the JDU.
Quite Angry with party decision Said Dhoke se rajneet nahi karte",,,,,,,,,,,,,,,,,,,,,,,,,,,,,,,,
Gaya,225-Gurua,Ravi Ranjan,,,7277768026.0,7277768026.0,"Ravi Ranjan| Male | 44 | EBC | Dangi | Mukhiya Contestant

-Former AAP Vidhansabha Prabhari From Gurua ( 2020-2023)
-2 Times Mukhiya Runner Up in 2016 got 379 votes & 2021 got 1180 votes
-PACS President Runner Up -( 2019)
-Prominent Businessman  ( Construction and Real Estate)",Active till ticket distribution,Active for JS,With JS,Call Connected,With JS,Willing to Work in Sangathan at Assembly Level,YES,"Senior and old party workers should have been given the ticket. 
Launching a new candidate proved to be a blunder. 
He will not contest PRI elections, as preparations for the Assembly elections have been underway for the past two years. 
The focus is now on preparations for the upcoming election.",,,,,,,,,,,,,,,,,,,,,,,,,,,,,,,,
Gaya,225-Gurua,Kundan Kumar,,,9608203793.0,9608203793.0,"Kundan Kumar | Male | 29 | EBC | Mali | Teacher

-Runs a  Coaching Centre 
-Jansuraaj Founding Member
-Active Social worker( Working on Education & Health)",Not Active,Helped Other Party,Not with JS,Call Connected,Not with JS,,,"Multiple ACCs were asked to apply  from each Assembly constituency, but tickets were eventually given to new faces, which resulted in poor vote counts. The selected candidates did not even attempt to Manage with dissatisfied ACCs.
He has now resigned from the party and joined the RJD. He was also actively involved in the BPSC protest.",,,,,,,,,,,,,,,,,,,,,,,,,,,,,,,,
Gaya,225-Gurua,Urmila Devi,,,7061737026.0,7061737026.0,"Urmila Devi | Female | 37 | SC | Paswan | Incumbent Block Pramukh

-Incumbent 2 Terms Block Pramukh, 2016 To Till Date
-Incumbent Panchayat Samiti Sadasya , 2016 To Till Date
-Jan Suraaj Gaya Zila Mahila Cell Adhyaksh
-Social Works(Works for NGO, Nari Awasthya Mission)",Active till ticket distribution,Helped Other Party,,Call Connected,,,,"Not Responding Properly, Disconnected the call.",,,,,,,,,,,,,,,,,,,,,,,,,,,,,,,,
Gaya,225-Gurua,Ranjit Singh,,,9437194489.0,8249138615.0,"Ranjit Singh | Male | 60 | OBC | Kushwaha | Panchayat Samiti Contestant

-Former Panchayat Samiti Contestant, 2021, Got 285
-Former Tipper Owner General Secretary, 2011
-Former Business Council General Secretary, 2009
-Former President, Kush Kshatriya Samaj, 2008
-Former Treasurer Lions Club Of India, 2007
-Proprieter M/S Omac Industries",Active till ticket distribution,Active for JS,With JS,Call Connected,With JS,Willing To Contest Panchayati Raaj ,YES,"In every Zone, leaders from the dominant local communities need to be developed. 
Despite Launching a Rajput candidate, the community’s vote did not consolidate. 
As this was a new party, confirming the candidate two to three months earlier could have resulted in significantly better outcomes.",,,,,,,,,,,,,,,,,,,,,,,,,,,,,,,,
Gaya,225-Gurua,Md. Jameel Abedin,,,9934265476.0,9934265476.0,"Md Jameel Abedin | Male | 51 | Minority | Pathan | BJP Pradesh Karyakarini Sadasya

-Former BJP Pradesh Karyakarini Sadasya (2004 to 2008)
-Former BJP Block President(2001 to 2004)
-Former BJP Panchayat President(1998 to 2001)
-Former RSS(Muslim Rashtriay Manch)-2004 to 2023 Member
-Former Defacto (Wife) ZP Contestant(2006 ), Got 3328 Votes
-Uncle (Khaliqur Zaman Khan) was Mukhiya from 2006 to 2021)",Active till ticket distribution,Active for JS,With JS,Call Connected,With JS,Willing to Work in Sangathan at Dist/State Level,YES," Out of 7ACCs, Only 3 remained with Sanjeev Ji but were unable to work with the same level of enthusiasm. 
At the last moment, new candidates were brought in, leaving them with very limited time. As a result, Rajput voters did not support them at the last moment.",,,,,,,,,,,,,,,,,,,,,,,,,,,,,,,,
Gaya,225-Gurua,Dr Nitish Kumar Dangi,,,7858943878.0,8709060993.0,"Dr Nitish Kumar Dangi | Male | 47 | EBC | Dangi | Former Ward Councilor Contestant

-Akhil Bhartiya Dangi Samaj Zila Upadhyaksh
-Former Ward Councilor Contestant(2017), Got 815 Votes
-Former HAM Intellectual Cell National President(2022 To 2025)
-Former HAM Pradesh Mahasachiv(2014 To 2022)
-Former HAM Zila Prabhari(Nawada , Gaya)
-Director of Ram Pratap Group Of Institution(School, College, Hospital)",Active till ticket distribution, Contested as an Candidate from other Party,Not with JS,Call Connected,Not with JS,,,"Fought From RLJP Party, Actually He was from Sherghati Vidhansabha, But Due to PK suggestion He was Preparing from Gurua Vidhansaba, But Later on a new Candidate was Launched 12 Hrs before election",,,,,,,,,,,,,,,,,,,,,,,,,,,,,,,,
Gaya,226-Sherghati,Shravan Kumar ,,,7903107669.0,7903107669.0,"Shravan Kumar | Male | 27 | OBC | Yadav | Private Job

-Working as a Mechanical Engineer(Wood India Pvt Ltd)
",Active till ticket distribution,Active for JS,With JS,Call Connected,With JS,None of the Above ,,"Tickets should have been allotted after taking all ACCs into confidence. 
He continues to support the party and believes senior leaders should have been given an opportunity. 
He is currently working as a private-sector engineer in another state.",,,,,,,,,,,,,,,,,,,,,,,,,,,,,,,,
Gaya,226-Sherghati,Md Shaharyar Ansari,,,9931749515.0,9931749515.0,"Md Shaharyar Ansari | Male | 66 | Minority | Ansari | Retired Govt Teacher

-Retired Govt Teacher
-Former RJD Member(2021 to 2023)
-Transporter",Active till ticket distribution,Helped Other Party,,Call Connected,Not with JS,,,"A new candidate was given the ticket, including one whose community had a very limited voter base. He also alleged that the District President (Bhawani Singh) took ₹25 lakh from the candidate to secure the ticket. 
He is not angry with PK and has stated that Prashant Kishore is acting in the interest of Bihar; however, he believes certain individuals need to be removed from the party. 
He was aligned with Waseem Nayyar Ansari and later switched to the RJD along with him.",,,,,,,,,,,,,,,,,,,,,,,,,,,,,,,,
Gaya,226-Sherghati,Ramadhar Singh ,,,7979964954.0,7979964954.0,"Ramadhar Singh | Male | 37 | General | Rajput | Sarpanch

-Incumbent Sarpanch(2021 To Till Date)
-Incumbent Sarpanch Sangh Adhyaksh
-Transport Business
Framing
-Prominent Social Worker(Distribute free foods, Blankets and Helps in marraiage of poor girls)",Active till ticket distribution,Active for JS,,Call Connected,Not with JS,,,"A large number of people could not connect with the ideology of Jan Suraaj. 
Accurate reports from the JSPT were not being conveyed to PK. During the PLC campaign, the JSPT committed several serious lapses—PLC cards were generated using Aadhaar numbers from anywhere, turning the entire process into a mere numbers game during the election period.

A new individual was allotted a ticket just 12 hours before nomination; after receiving the ticket, he resigned from the JDU. 
At the district level, there is a strong need for a coordination committee to manage programs effectively.
 DI officials appeared focused primarily on financial gains and inflated vehicle numbers in Sabah's

District President Bhawani Singh was perceived as highly dishonest and allegedly took money from multiple individuals in the name of ticket allocation.
 After his ticket was cancelled, the party should have assigned him a meaningful role, but he was given neither the responsibility of a star campaigner nor any other significant position.

There was also a lack of coordination from the senior leadership. Despite nurturing and building the party from its early days, he feels the party did not treat him fairly.",,,,,,,,,,,,,,,,,,,,,,,,,,,,,,,,
Gaya,226-Sherghati,Naresh Kumar,,,7250280567.0,7250280567.0,"Naresh Kumar | Male | 52 | SC | Bhuinya | Incumbent Panchayat Samiti 

-Incumbent Panchayat Samiti(2021 To Till Date)
-Incumnet Pramukh(2021 To Till Date)
-Former 3 Terms Mukhiya Contestant(2001 , 2006, 2011)
-Former HAM Party Member(2022 to 2023)
-Former BJP Member(2014 to 2016)
-Former BSP Member(1998 to 2000)
-Jan Suraaj Pradesh Mahasachiv",Active till ticket distribution,Active for JS,,Call Connected,With JS,Willing To Contest Panchayati Raaj ,YES,"The public did not accept the narrative of JSP, and at the last moment, voting took place purely along caste lines.
Jab Tak Prashant Ji khud se call karke nahi kahenge tab tak Patna nahi aayenge.
Prashant Ji Bade Bhai hai, Guardian hain Hamare",,,,,,,,,,,,,,,,,,,,,,,,,,,,,,,,
Gaya,226-Sherghati,Ranjeet Kumar,,,7979853272.0,7979853272.0,"Ranjeet kumar | Male | 35 | OBC | Bania | Former Defacto Nagar Parishad Contestant

-Former Defacto Nagar Parishad Chairman Contestant, 2022, Got 438 Votes
-Former LJP Chhatra LJP Zila Adhyaksh
-Jan Suraaj Zila Karyalay Prabhari
-Fertilizer Business",Active till ticket distribution,Neutral Stance,With JS,Call Connected,With JS,Willing To Contest Panchayati Raaj ,,"If The ACCs who had worked hard from the past 2 years should be given tickets,Then the results might have been better. 
In Gaya, 6 out of 10 seats were given to new candidates, which sent a message to the public that the party was functioning like any other Party, with nothing new. 
Ticket distribution should have followed JSP’s established rules and Criteria's.
 He plans to contest the Chairman Election in 2027.",,,,,,,,,,,,,,,,,,,,,,,,,,,,,,,,
Gaya,226-Sherghati,Sanjay Kumar  Singh,,,9973456006.0,9973456006.0,"Sanjay Singh | Male | 46 | General | Rajput | Incumbent Mukhiya

-Incumbent 2 Terms Mukhiya 2016 To Till Date
-Incumbent 2 Terms  Mukhiya Sangh Prakhand Adhyaksh, 2016 To Till Date
-Former Mukhiya Contestant, 2006, 531 Votes
-Jan Suraaj Zila Abhiyaan Samiti Sanyojak",Active till ticket distribution,Active for JS,With JS,Call Connected,With JS,Willing To Contest Panchayati Raaj ,,"Ticket distribution should have strictly followed the predefined criteria. 
In Gaya, several seats were allotted to new candidates, which led dissatisfied ACCs to engage in anti-campaigning and adversely affected the party’s image. 
These workers were effectively campaigning for Pawan Kishore rather than for the party.

The District President failed to discharge his responsibilities properly. At the District President’s booth, only eight votes were polled, and at the booth of the District Campaign Committee In-Charge, only four votes were recorded.
 Prashant Ji should conduct a district-wise review meeting by sitting directly with party workers to assess these issues.",,,,,,,,,,,,,,,,,,,,,,,,,,,,,,,,
Gaya,226-Sherghati,Rizwan Khan,,,7367097979.0,7367097979.0,"Rizwan Khan | Male | 51 | Minority | Pathan | Former ZP Member

-Former ZP Member(2016 To 2021)
-Former JDU Zila Adhyaksh(2022 To 2024)
-Former Yuva Janta Dal Pradesh sachiv(1998 To 2000)
-Former Yuva Janta Dal Upadhyaksh(1996 To 1998)
-Jan Suraaj Zila Adhyaksh",Active till ticket distribution,Neutral Stance,,Call Connected,With JS,,YES,"Prashant Ji did not fulfill the promise made regarding ticket distribution. 
As District President, he was supposed to be provided a vehicle, which also did not happen. 
In Sherghati, where there are 60,000 Muslim voters, no ticket was allotted to a Muslim candidate. 
At least one candidate from the Dangi community should have been given Ticket.

Initially, it was decided that tickets would be given to hardworking party workers, but due to Bhawani Singh’s & D misguidance, Prashant Ji ended up giving tickets to new candidates. 
District President Bhawani Singh has always been close to Jitan Ram Manjhi. Even during the Imamganj by-elections, he allegedly supported the HUM party’s candidate in exchange for money.

While changing the District President, he was not taken in confidence. The former District President’s opinion should have been considered in candidate selection. 
During Prashant Sabha events, no party worker is acknowledged publicly on stage.",,,,,,,,,,,,,,,,,,,,,,,,,,,,,,,,
Gaya,226-Sherghati,Shambhu Prasad (Pahariya Jee),,,9955929035.0,9955929035.0,"Shambhu Prasad | Male | 58 | EBC | Mali | Former LJP Pradesh Mahasachiv

-Former LJP Pradsh Mahasachiv(EBC Cell)2022 to 2024
-Former JDU Pardesh Sachiv (Kisan Cell)2021 To 2022
-Former JDU Zila Sachiv(Education Cell) 2020 to 2021
-Former BSP Zila Adhyaksh(2016 to 2018)
-Former LJP Yuva Prakhand Adhyaksh(2014 to 2016)
-Former PACS Contestant(2009), Runner Up",Active till ticket distribution,Neutral Stance,,Call Connected,Not with JS,,,"He is quite angry with JSP. While he may remain with the party in the future, this has not been confirmed yet.
Lot of ACC's were applied from each vidhansabha and the ticket was given to New candidate from many Vidhansabha.
Only 2-3 ACC's should be made
Cadre should be built not Paid Employees should be Given Responsibilities",,,,,,,,,,,,,,,,,,,,,,,,,,,,,,,,
,,Dr Virendra Bhashkar,,,,,,,,,,,,,,,,,,,,,,,,,,,,,,,,,,,,,,,,,,,,,
Gaya,226-Sherghati,Jitendra Kumar,,,9065006413.0,9065006413.0,"Jitendra Kumar | Male | 33 | OBC | Yadav | PhD Pursuing
-Former President of Student Union in Magadh University ( 2014-2017)
-Social Worker (Working on Education for poor children)",Not Active,,,Call Connected,Not with JS,,,"Not Showing Any Interest, And don't want to talk also",,,,,,,,,,,,,,,,,,,,,,,,,,,,,,,,
Gaya,226-Sherghati,Sitaram Yadav,,,9931711421.0,9931711421.0,"Sitaram Yadav | Male | 48 | OBC | Yadav | Incumbent PACS President

-Incumbnet PACS President(2024 to Till Date)
-Former 3 Consecutive Terms Mukhiya(2001 to 2016)
-Incumbent Zila Mukhiya Sangh Sanyojak(2021 to Till Date)
-Former Zila Mukhiya Sangh Adhyaksh(2001 to 2015)
-Incumbent Defacto Muhkiya(2021 to Till Date)
-Former Defacto ZP Member(2006 to 2016)
-Former BJP Farmer Cell State Vice President(2013 to 2017)
-Runs a Construction Company on Partnership",Active till ticket distribution,Helped Other Party,,Call Connected,Not with JS,,,Not in Party,,,,,,,,,,,,,,,,,,,,,,,,,,,,,,,,
Gaya,226-Sherghati,Pawan Kishore,38.0,Male,9771346839.0,9771346839.0,"Pawan Kishore | Male | 38 | General | Bhumihar | Incumbent Defacto N.P Chairman

-Incumbent Sherghati Nagar Parishad Chairman, 2022 To Till Date
-Businessman(Iron Ore & Coal)
-Social Worker",Candidate,,With JS,Call Connected,With JS,,,,,,,,,,,,,,,,,,,,,,,,,,,,,,,,,,,
Gaya,227-Imamganj (SC),Sujeet Manjhi,,,9771747573.0,9771747573.0,"Sujeet Manjhi| Male | 47 | SC | Bhuinya | MLA Contestant

-Jansuraaj Anumandal President from Sherghati
-Former Zila Parishad ( 2001-2006)
-Former Congress MLA Contested in 2005 got 20560 Votes
-Former Congress State Sachiv ( 1995- 2023)
-Former Bihar Musahar Sewa Sangh Block president",Active till ticket distribution,Active for JS,,Call Connected,With JS,Willing to Work in Sangathan at Assembly Level,,"The candidate did not have sufficient support from his own community, and the ticket was given to the wrong candidate.
 The party’s established criteria for ticket distribution were not followed. Some individuals within the party are associated solely for financial gains. 
While there is some dissatisfaction, he intends to remain with the party.",,,,,,,,,,,,,,,,,,,,,,,,,,,,,,,,
Gaya,227-Imamganj (SC),Dr Ajeet Kumar,32.0,Male,7050695169.0,7050695169.0,"Dr Ajeet Kumar | Male | 32 | SC | Chamar | Doctor

-Doctor at a Govt Hospital
-Director of a Private Hospital
-Social Worker",Candidate,,With JS,Call Connected,With JS,,,,,,,,,,,,,,,,,,,,,,,,,,,,,,,,,,,
Gaya,227-Imamganj (SC),Jitendra Paswan,,,9693848253.0,9693848253.0,"Jitendra Paswan | Male | 47 | SC | Paswan | MLA Contestant

-Former MLA Contestant, 2024, Imamganj, Jan Suraaj Party, Got 37000 Votes
-Former Defacto Mukhiya(2016 To 2022)
-Former Defacto Panchayat Samiti (2011 To 2016)
-Social Worker",Active till ticket distribution,Neutral Stance,With JS,Call Connected,With JS,Willing to Work in Sangathan at Assembly Level,,"Due to the denial of a ticket, the sentiment of the Paswan community in Imamganj was hurt, which resulted in poor vote conversion.

In Imamganj, the Ravidas community has traditionally been a core voter base of the RJD. Although their population is limited, a candidate from the Ram community was still fielded, which did not align with the local social dynamics.

There has always been a direct contest between the LJP and the HUM Party in Imamganj. Had a candidate from the Paswan community been nominated, the overall performance would have been significantly better.

Denying a ticket to a person who worked consistently throughout the year and instead introducing a completely new candidate proved to be a wrong decision across the entire district.

Grassroots leaders like Naresh Manjhi and Ramadhar Singh deserved the ticket, as they have been strengthening JSP from the very beginning.

JSPT entered into a deal involving Jitan Ram Manjhi’s son, and accurate ground reports were not communicated to Prashant Ji. In reality, Jitan Ram Manjhi was never in favor of Jitendra Paswan contesting from JSP.

In Gaya town and Sherghati, where the Muslim population is relatively high, a Muslim candidate should have been considered.

A complaint letter against Bhawani Singh was submitted to senior party leaders; however, the same letter eventually reached Bhawani Singh himself, creating the perception that a conspiracy was being plotted against him.",,,,,,,,,,,,,,,,,,,,,,,,,,,,,,,,
Gaya,227-Imamganj (SC),Santosh Das,,,9430004841.0,9430004841.0,"Santosh Das | Male | 44 | SC | Chamar | Incument Defacto ZP

-Incumbent Defacto ZP Member(2021 To Til Date)
-Jan Suraaj Zila Upadhyaksh
-Chemist
-Social Worker",Active till ticket distribution,Neutral Stance,With JS,Switch Off,,,,,,,,,,,,,,,,,,,,,,,,,,,,,,,,,,,,
Gaya,227-Imamganj (SC),Yashbir Raj (Pintu Manjhi),,,7992250088.0,7992250088.0,"Yashbir Raj  | Male | 34 | SC | Bhuinya | Social Worker

-Father Vijay Manjhi, Was Member Of Parliament, Gaya, 2019 To 2024, JDU
-Father Was MLA , Barachatti , 2005, Feb, RJD 
-Grand Mother , Later Bhagwati Devi , Was Member Of Parliament , Gaya, 1996 To 1998, Janta Dal
-Grand Mother Was MLA, Barachatti, RJD, 2000 To 2003
-Mother Is Incumbent Panchayat Samiti, 2021 To Till Date
-Mother Is Former Block Pramukh, 2021 To 2023
-Social Worker",Not Active,,,Call Connected,With JS,Willing to Work in Sangathan at Assembly Level,,"His mother is the incumbent Block Pramukh and will contest again. During the election, a candidate from another Assembly constituency was introduced, which led to a decline in the vote conversion ratio.",,,,,,,,,,,,,,,,,,,,,,,,,,,,,,,,
Gaya,228-Barachatti (SC),Vinay  Paswan,,,9304389525.0,9939008553.0,"Vinay  Paswan | Male | 43 | Sc | Paswan | ZP Contestant

-Former ZP Contestant, 2021 , Got 4300 Votes
-Former Mukhiya Contestant, 2010,  Got 300 Votes
-Jan Suraaj Ambedkar Samvaad Samiti Sadasya
-Chemist (Grameen Chikitsak)
-Social Worke",Active till ticket distribution, Contested as an Candidate from other Party,,Call Connected,Not with JS,,,"He contested the election as an independent candidate due to strong pressure from his supporters to run. 
He is not highly negative toward the party, and with one or two further engagements, he may be willing to join.",,,,,,,,,,,,,,,,,,,,,,,,,,,,,,,,
Gaya,228-Barachatti (SC),Rituraj Samdarshi,,,9199693008.0,9199693008.0,"Rituraj Samdarshi | Male | 37 | SC | Dusadh | Businessman

-Buisnessman(Real Estate, Banquet Hall, Shops)
-Social Worker
-B.tech NIT Jamshedpur",Active till ticket distribution,,,Call Connected,With JS,Willing to Work in Sangathan at Assembly Level,,His Father Er Hemant Paswan Contested Election ,,,,,,,,,,,,,,,,,,,,,,,,,,,,,,,,
Gaya,228-Barachatti (SC),Kunwar Paswan,,,6205707394.0,6205707394.0,"Kunwar Paswan | Male | 33 | SC | Dusadh | Social Worker

-Contractor
-Father Umesh Singh Was MLA, Barachatti. 1990 to 1995, IPF Party
-Social Worker ",Active till ticket distribution,Active for JS,,Not Received ,,,,,,,,,,,,,,,,,,,,,,,,,,,,,,,,,,,,
Gaya,228-Barachatti (SC),Rekha Kumari Manjhi,,,8051857599.0,7903825006.0,"Rekha Kumari Manjhi | Female | 35 | SC | Musahar | MLA Contestant

-Former MLA Contestant, 2020, Barachatti, Jai Maha  Bharat Party, Got 1022 Votes
-Former Gaya Nagar Nigam Chairman Contestant, 2022 , Got 2570 Votes
-Former BJP Zila Upadhyaksh, Mahila Cell
-Social Worker",Active till ticket distribution,Helped Other Party,,Call Connected,Not with JS,,,"Not with Jan Suraaj, If the Ticket was given to her than the Results might have better.",,,,,,,,,,,,,,,,,,,,,,,,,,,,,,,,
Gaya,228-Barachatti (SC),Vijay Kumar,,,8210126882.0,9955939542.0,"Vijay Kumar | Male | 51 | SC | Paswan | MLA Contestant

-Former 2 Terms MLA Contestant(2003-By Election Barachatti, Got 9644 Votes & 2005, Barachatti Got 24253 Votes)
-Former Mukhiya(2001 to 2006)
-Former JDU Yuva Mahasachiv(2008 To 2010)
-Former JDU Zila Mahasachiv(2014 to 2018)
-Former Congress Zila Adhyaksh(2001 to 2003)",Not Active,,,Call Connected,With JS,,,"Vinay Paswan stated that voting at the last moment took place strictly along caste lines, resulting in voters being divided into two clear direction. 
There were irregularities in the ticket distribution process. 

He works at Tata Motors, Jamshedpur. During the election, he supported the candidate and will continue to remain with the party.",,,,,,,,,,,,,,,,,,,,,,,,,,,,,,,,
Gaya,228-Barachatti (SC),Sanjay Mandal,,,8084131026.0,8084131026.0,"Sanjay Mandal | Male | 36 | SC | Bhuinya | Teacher

-Private Teacher
-Former Defacto Panchayat Samiti(2016 T0 2021)
-Former Defacto ZP Contestant(2021), Got 2350 Votes
-Former CPI ML Prakhand Sachiv(2020 To 2024)",Active till ticket distribution, Contested as an Candidate from other Party,,Call Connected,Not with JS,,,"The party failed to contain internal dissent and did not effectively manage dissatisfied ACCs. 
It did not adhere to the ticket distribution criteria it had set for itself. 
After the ticket was denied, there was no outreach from the senior leadership, despite multiple attempts from his side to initiate dialogue. 
Subsequently, he contested the election under the banner of a socialist party.",,,,,,,,,,,,,,,,,,,,,,,,,,,,,,,,
Gaya,228-Barachatti (SC),Puja Kumari,,,9801524152.0,9801524152.0,"Puja Kumari | Female | 29 | SC | Paswan | ZP Contestant

-Former ZP Contestant, 2021, Got 9600 Votes
-Jan Suraaj Nagar Mahila Adhyaksh
-Social Worker",Active till ticket distribution,Neutral Stance,,Call Connected,Not with JS,,,"Angry with Ticket Distribution, She worked hard for JSP but ticket was given to new candidate. Ticket should be given to one of the ACC, She is now preparing for BPSC. The people who worked on grould should be given ticket",,,,,,,,,,,,,,,,,,,,,,,,,,,,,,,,
Gaya,228-Barachatti (SC),G.S Ram Chandra Das,,,8102375531.0,8102375531.0,"G.S Ram Chandra Das | Male | 70 | SC | Ravidas | Former Minister

-Former Labour Minister, 1989 To 1990, Bihar Govt.
-Former Minister of Housing , 1990 To 1991
-Former 3 Terms MLA, 1980 To 1985(Congress, Barachatti), 1985 To 1990(Congress, Barachatti) & 1998 To 2000(RJD, Bodh Gaya)
-Former Rashtriya Upadhyaksh, HAM Party, 2023 To 2025
-Former Congress Pradesh Upadhyaksh, 2015 To 2019
-Former Congress Mahaschiv, 1973 To 1990",Active till ticket distribution, Contested as an Candidate from other Party,,Call Connected,Not with JS,,,"He fully adhered to the party’s criteria and processes and worked extensively; however, at the last moment, the ticket was given to someone who did not even belong to that Assembly constituency. 
He is currently maintaining a neutral stance. His sons will carry forward his political engagement, and he is evaluating future options.",,,,,,,,,,,,,,,,,,,,,,,,,,,,,,,,
Gaya,228-Barachatti (SC),Indrdev Paswan,,,8709714693.0,9934410373.0,"Indrdev Paswan | Male | 81 | SC | Paswan | Mukhiya Contesatnt

-Former 2 Times Mukhiya Contestant(2016 & 2021)
-Social Worker
",Not Active,,,Call Connected,Not with JS,,,Those who had been working consistently throughout the year should have been awarded the ticket. He had built a strong grassroots base and is dissatisfied with the decision.,,,,,,,,,,,,,,,,,,,,,,,,,,,,,,,,
Gaya,229-Bodh Gaya (SC),Suman Kumar Saurabh,,,7992482783.0,7992482783.0,"Suman Kumar Saurabh | Male | 28 | SC | Bhuinyan | Social Worker

-Jansuraaj Founder Member
-Active Social worker ( Working on  Education)
",Active till ticket distribution,Neutral Stance,With JS,Not Received ,,,,,,,,,,,,,,,,,,,,,,,,,,,,,,,,,,,,
,,Babu Chand Chaudhary,,,,,,,,,,,,,,,,,,,,,,,,,,,,,,,,,,,,,,,,,,,,,
Gaya,229-Bodh Gaya (SC),Ashok Kumar Paswan,,,9931222540.0,9931222540.0,"Ashok Kumar Paswan | Male | 45 | SC | Paswan | Loksabha Contestant

-Former Loksabha Contestant, 2024, Gaya, got 2701 Votes
-Former Azad Samaj Party, Gaya Prabhari(2023 To 2024)
-Former Swaraj Party Zila Adhyaksh(2018 To 2023)
-Former ABVP Sah Sanyojak and Student Leader(1999 to 2005)
-Jan Suraaj District Office Incharge",Active till ticket distribution, Contested as an Candidate from other Party,,Call Connected,Not with JS,,,"He was extremely angry and was visibly shouting. He alleged that District President Bhawani Singh sold the ticket for ₹25 lakh. This information was shared with both the State and National Presidents, yet no action was taken against Bhawani Singh. He was used only to build the party organization, while the ticket was sold to someone else.",,,,,,,,,,,,,,,,,,,,,,,,,,,,,,,,
Gaya,229-Bodh Gaya (SC),Sunil Kumar Mandal,,,9199518980.0,9199518980.0,"Sunil Kumar Mandal | Male | 65 | SC | Musahar | Incumbent PACS President

-Incumbent PACS President, 2008 To Till Date
-Former Panchayat Samiti Sadasya, 2001 To 2006
-Incumbent Vyapar Mandal, Karyasamiti Sadasya, 2019 To Till Date
-Former Cooperative Band Director, 2019 To 2024
-Former BJP State Committee Member, 2005 To 2025
-Former RJD Block President, 2002 To 2005",Active till ticket distribution,Neutral Stance,Not with JS,Not Received ,,,,,,,,,,,,,,,,,,,,,,,,,,,,,,,,,,,,
Gaya,229-Bodh Gaya (SC),Vijay Kumar Chaudhary ,,,9430980286.0,9430980286.0,"Vijay Kumar Chaudhary | Male | 57 | Male | SC | Pasi | MP Contestant

-Former Loksabha Contestant(2019), Janta Dal Rashtravadi, got 23462 Votes
-Former Assembly Contestant, 2005, Jai Jawan Jai KIsan Party, 32 00 Votes
-Former Janta Dal Rashtravadi Pradesh Mahasachiv(2019 To 2023)
-Former Congress Zila Sachiv(2006 To 2018)
-Former Jai Jawan Jai kisan Party Member 
-Jan Suraaj Prakhand Prabhari
-Jan Suraaj State Working Committee Member",Active till ticket distribution,Neutral Stance,Not with JS,Call Connected,Not with JS,,,"In Gaya, most Assembly seats were allotted to new candidates. Bhawani Singh and Ashwini were involved in selling tickets. Amzad Hussain, who was appointed as the in-charge, was also not impartial. Amit Sharma (District Youth President) shared incorrect reports during the ticket distribution process. Dipto Banerjee of JSPT (Ashwini) also allegedly took money from several candidates in collusion with Bhawani Singh.

Ticket allocation should have strictly followed the established criteria. He has clearly stated that he will not join the party unless Bhawani Singh is removed.",,,,,,,,,,,,,,,,,,,,,,,,,,,,,,,,
,23-Riga,Dr. Pradeep Kumar Jaiswal,,,8521296434.0,8521296434.0,"Dr. Pradeep Kumar Jaiswal | Male | 36 | OBC | Bania | Doctor

-BAMS Doctor
-Runs a Private Clinic
-Social Worker(Organise Free medical Camp for Poors)
",Not Active,,,Call Connected,With JS,,,He wants to remain a member of the organization. He will neither contest the PRI elections nor support anyone else to contest. He will not take any post in the organization,,,,,,,,,,,,,,,,,,,,,,,,,,,,,,,,
,23-Riga,"
Aditya Mohan Singh",54.0,,9771543678.0,8969488466.0,"Aditya Mohan Singh | Male | 54 | General |Bhumihar | Incumbent ZP 

-Incumbent 2nd Term Zila Parishad (2016-Till Date)
-Jan Suraaj State  Working Committee Member
-Former BJP District Mantri Yuva Morcha (1991-1994)
-Former BJP President Youth wing ( 2001-2003)
-Former BJP State working Commitee Member ( 2017-2019)
-Factory Owner ( MahaDev Food Products)",Candidate,,,,,,,,,,,,,,,,,,,,,,,,,,,,,,,,,,,,,,,
,23-Riga,AJAy  Kumar  Singh ,,,9311828195.0,9311828195.0,"Aajay  Kumar  Singh  | Male | 55 | General | Rajput | Businessman

-Owns RD Mega Mart
-Owns RD Multiplex
-Jan Suraaj State Committee Member
-Social Worker
-Chartered Accountant",Active till ticket distribution,Active for JS,With JS,Busy,,,,Not reachable ,,,,,,,,,,,,,,,,,,,,,,,,,,,,,,,,
,23-Riga,Captain Pushkar Jha,,,9431288770.0,9431288770.0,"Captain Pushkar Jha | Male | 53 | General | Brahmin | BJP Technical Cell VP

-Former BJP Technical Cell Vice President, 2013 To 2020
-Merchant Navy Captain
-Social Worker(Helps Needy by distributing Blankets, Providing Foods )",Active till ticket distribution,Neutral Stance,,Call Connected,Not with JS,,,,,,,,,,,,,,,,,,,,,,,,,,,,,,,,,,,
,23-Riga,Jata Shankar Aatrey,,,9801561907.0,9801561907.0,"Jata Shankar Aatrey | Male | 63 | OBC | Kalwar | MP Contestant

-Former MP Contestant, Sheohar, 2014 , RVP Party, Got 14000 Votes
-Former BJP Sanghatan Mantri, 1990 To 1993
-Former BJP Member, 1980 To 2014
-Jan Suraaj Zila Upadhyaksh
-Jan Suraaj Rajya Abhiyaan Samiti Member",Active till ticket distribution,Active for JS,With JS,Call Connected,Not with JS,,,,,,,,,,,,,,,,,,,,,,,,,,,,,,,,,,,
,23-Riga,Jivachh Kumar,,,6204059832.0,6204059832.0,"Jivachh Kumar | Male | 27 | OBC | Yadav | Teacher

-Runs a Private Coaching Center
-BDC Contested Got 3rd Position
-Member Of State Youth Club karywahak Commitee ( 25 Members )
-Working as a LIC Agent",Active till ticket distribution,Neutral Stance,,Call Connected,With JS,Willing To Contest Panchayati Raaj ,,"In the PRI elections, if the seat is General, he will contest the Zila Parishad election; if not, he will contest the BDC election. He will not take any post in the organization for now. After the PRI elections, the decision will be made after discussions with PK.",,,,,,,,,,,,,,,,,,,,,,,,,,,,,,,,
,23-Riga,Dhiraj Jaiswal,,,9304498398.0,9304498398.0,"Dhiraj Jaiswal | Male | 32 | OBC | Kalwar | Former Defacto Sarpanch

-Former Defacto Sarpanch(2006 To 2011)
-Former LJP Zila Mahasachiv, 20202To 2024
-Former LJP Prakahnd Adhyaksh, 2020 To 2022
-Social Worker
-Interlock Manufacturing Plant",Active till ticket distribution, Contested as an Candidate from other Party,,Call Connected,Not with JS,,,,,,,,,,,,,,,,,,,,,,,,,,,,,,,,,,,
Gaya,230-Gaya Town,Mamta Rani(Gambhir),,,9279610668.0,9279610668.0,"Mamta Rani | Female | 47 | General | Khatri | Social Work

-Provide Free education to poor childrens
-Graduate",Not Active,,,Not Received ,,,,,,,,,,,,,,,,,,,,,,,,,,,,,,,,,,,,
Gaya,230-Gaya Town,Gajendra Singh,,,9934057729.0,9934057729.0,"Gajendra Singh | Male | 57 | General | Rajput | Incumbent Ward Councilor

-Jansuraaj Nagar President ( Gaya Town)
-Incumbent Ward Councillor from the ward 32 ( 2017-Till date)
-AAP District Spokesperson ( 2016-24)
-AAP District Vice President ( 2009-2010)
-District Secretary of Maharana Vichar Manch ( 2018- till date)",Active till ticket distribution,Active for JS,With JS,Call Connected,With JS,,,"The ticket distribution was significantly delayed, which caused the campaign momentum to decline. Tickets were allotted to new candidates, even though those who had put in sustained effort deserved them. The District President and Ashwin together manipulated the ticket distribution process and submitted misleading reports to Prashant Ji.",,,,,,,,,,,,,,,,,,,,,,,,,,,,,,,,
Gaya,230-Gaya Town,Prof Arun Kumar Prasad,,,9431225441.0,7004419452.0,"Arun Kumar Prasad | Male | 71 | General | Kayastha |MLC Contestant

-Former MLC Contestant, Gaya Graduate Constituency, 2000
-Former Congress Education Cell, State Vice President, 2010 To 2025
-Former Jai Jawan Jai Kisan Party State President, 2005 To 2010
-Retired Professor Mirza Ghalib College, Gaya
-Former Nagar Vikas Parishad Gaya Upadhyaksh",Active till ticket distribution,Neutral Stance,With JS,Call Connected,Not with JS,,,"The party failed to uphold its principles. Tickets should have been allotted strictly according to the defined criteria. His name was included in the Jan Suraaj Overseas sponsorship list (Shakeel Ahmad). Out of 10 seats, new candidates were fielded in 7, which caused deep disappointment despite significant effort and commitment.",,,,,,,,,,,,,,,,,,,,,,,,,,,,,,,,
Gaya,231-Tikari,Ankit Kumar,,,7903691967.0,7903691967.0,"Ankit Kumar | Male | 27 | OBC | Yadav | ZP Runner Up 

-Jansuraaj Gaya Town Youth President 
-RJD Student Union President ( 2017-2021)
-ZP Runner Up in 2021 Got 4755 votes
-District President of Ahir Regiment ( 2021-Till Now)
-Yadav Mahasabha District President
-Real State Business",Active till ticket distribution, Contested as an Candidate from other Party,,Busy,,,,,,,,,,,,,,,,,,,,,,,,,,,,,,,,,,,,
Gaya,231-Tikari,Ramjeet Singh ,,,8862820019.0,7542072618.0,"Ramjeet Singh | Male | 75 | General | Bhumihar | MP Contestant 

-Former Loksabha Contestant(2024), Rashtriya Jan Sambhavna Party Got 9243 Votes
-Former Assembly Election Contestant (2015), Swabhimaan Party , Got 6050 Votes
-Former Assembly Election Contestant (1990), Hindu Mahasabha, Got 4000 Votes
-Former Rashtriya Sambhavna Party Member-2024
-Former Swabhimaan Party Member(2015)
-Former Jan Sangh Member(1964 to 1980)",Active till ticket distribution, Contested as an Candidate from other Party,,Busy,,,,,,,,,,,,,,,,,,,,,,,,,,,,,,,,,,,,
Gaya,231-Tikari,Rajdeo Prajapati,,,9931686836.0,9931686836.0,"Rajdeo Prajapat| Male |58 | EBC | Kumhar | Former Mukhiya

-Jansuraaj Gaya Sadar Anumandal Sachiv
-Former 2 term Mukhiya ( 2006-2016)
-Incumbent Secretary of Bihar Rajya Kumhar Prajapti  Samanway Samiti (1996-Till date)
-LIC Agent 
-Farmer ( 16 Kattha) ",Active till ticket distribution,Active for JS,With JS,Call Connected,Not with JS,,,,,,,,,,,,,,,,,,,,,,,,,,,,,,,,,,,
Gaya,231-Tikari,Dr Bhagwan Das (Dr BD Sharma),,,9877697065.0,9877697065.0,"Dr Bhagwan Das | Male | 37 | General |  Bhumihar | Doctor

-Runs a Private Hospital(Bachho Ka Aspatal)
-Paediatrics Doctor
-MBBS
-Organise Free Medical Camps for Poors and Give Financial support to students and Poor GirlsMarriage
-Jan Suraaj Pardesh Yuva Upadhyaksh",Active till ticket distribution,Active for JS,With JS,Call Connected,With JS,Willing to Work in Sangathan at Assembly Level,,JSPT ka DI aur Zila Adhayksh ne milkar party ko sahi report nahi kiya. Jo Registered ACC the unme se kisi ko nahi chuna gaya. Jo log paisa dekar ticket laaye unka koi janadhaad nahi tha. Tikari Vidhansabha mein 4 baar sabha Schedule hone ke baad cancel hua jiske wajah se Negative message gaya. Parachute candidate launch karne ke wajah se Votes nahi mila.,,,,,,,,,,,,,,,,,,,,,,,,,,,,,,,,
Gaya,231-Tikari,Amit Kumar Yadav,,,7004818797.0,7004818797.0,"Amit Kumar Yadav | Male | 45 | OBC | Yadav | Former Mukhiya

-Former Mukhiya, 2016 To 2021
-Former ASA Partry Pradesh Mahasachiv, 2024 To 2025
-Former JDU Yuva Zila Adhyaksh, 2015 To 2018
-Former JDU Zila Mahasachiv, 2013 To 2015
-Former JDU Student Union President, Gaya College, 2012
-Akhil Bhartiya Yadav Mahasabha Zila Adhyaksh",Active till ticket distribution,Helped Other Party,With JS,Not Received ,,,,,,,,,,,,,,,,,,,,,,,,,,,,,,,,,,,,
Gaya,231-Tikari,Gita Verma,,,7481025345.0,7481025345.0,"Gita Verma | Female | 41 | OBC | Kushwaha | JDU Zila Upadhyaksh

-Former JDU Zila Upadhyaksh, 2023 To 2025
-Working at Patanjali Mahila Sanghatan as a Tahsil Prabhari
-Jan Suraaj Assembly Coordinator
-Social Worker",Active till ticket distribution,Active for JS,With JS,Call Connected,With JS,Willing to Work in Sangathan at Dist/State Level,,Disappointed with ticket Distribution. Willing to work in sangathan,,,,,,,,,,,,,,,,,,,,,,,,,,,,,,,,
Gaya,232-Belaganj,Md.Rizwi Haider,,,8969090771.0,6202177942.0,"Md Rizwi Haider | Male | 45 | Minority | Govt Employee

-Lab Incharge at Mirza Ghalib College
-Runs a Coaching Centre 
-Former AAP Vidhasaha Volunteer(2013 to 2024)",Active till ticket distribution,Helped Other Party,Not with JS,Call Connected,With JS,,,"Candidate ka Potential nahi tha, Patna mein Galat reporting hui hai. Muslim Deputy CM ka Face hoga, Iska Announcement pehle hona chahiye the, To Minority judta.",,,,,,,,,,,,,,,,,,,,,,,,,,,,,,,,
Gaya,232-Belaganj,Md Aftab urf Rinku,,,9065554444.0,9065554444.0,"Md Aftab urf Rinku | Male | 40 | Minority | Sheikh | Former JDU Mahanagar Adhyaksh

-Former JDU MInority Cell , Gaya Town District President, 2024 To 2025 & 2017 To 2020
-Former JDU Minority Cell, State Secretary, 2020 To 2023
-Former JDU Minority Cell, District Incharge, Jehanabad, 2020 To 2022
-Bihar State Sunni Waqf Board District President, 2020 To 2024
-Runs a Furniture Shop
-Event and Catering Business",Active till ticket distribution,Neutral Stance,With JS,Call Connected,,,,"Not Showing any Interest, Cuts the call",,,,,,,,,,,,,,,,,,,,,,,,,,,,,,,,
Gaya,233-Atri,Anju Devi,,,9934666793.0,9934666793.0,"Anju Devi | Female | 43 | EBC | Halwai | Former ZP Member

-Former ZP Member(2016 to 2021)
-Former ZP Contesatnt(2021) , Got 5000 Votes
-Jan Suraaj Anumandal Mahila President
-Former JDU EBC Cell Prakhand Adhyaksh(2022 to 2024)
-Former JDU  EBC Cell Zila Upadhyaksh(2020 To 2022)
-Former Zila Yojna Samiti sadasya(2018 to 2021)
-Former Rogi Kalyan Samiti Sadasya(2018 to 2021)
Former Member of Anumandal Forest Rights Commitee  ( 2018-2021)
",Active till ticket distribution, Contested as an Candidate from other Party,,Call Connected,With JS,Willing to Work in Sangathan at Assembly Level,,"Willing to Work in sangathan, Will also Project some candidate in PRI Election, .  Is with Jan Suraaj ",,,,,,,,,,,,,,,,,,,,,,,,,,,,,,,,
Gaya,233-Atri,Md Wakil Varish,,,9971524267.0,9971524267.0,"Md Vakil Varish | Male | Minority | Ansari | JDS State Secretary

-Former JDS State Secretary(2020 To 2022)
-Former RLSP State General Secretary, 2013 To 2017)
-Agriculture",Active till ticket distribution, Contested as an Candidate from other Party,,Call Connected,With JS,Willing to Work in Sangathan at Dist/State Level,,"Contested From BSP, Secured 2200 votes, Candidate should be finalised within the Registered ACC's.  Showed Willingness to Join Jan Suraaj but want a Bigger responsibility like to encourage muslim pasmanda samaj.",,,,,,,,,,,,,,,,,,,,,,,,,,,,,,,,
Gaya,233-Atri,Md Perwez Ahmad,,,8809988196.0,8809988196.0,"Md Perwez Ahmad | Male | 59 | Minority | Sheikh | Block Pramukh

-Former Block Pramukh, 2016 to 2021
-Former Panchayat Samiti, 2016 To 2021
-Former Ward Councilor Contestant, New Delhi, 2014
-Former RJD Member, 2015 To 2024
-Former JDU Prakahnd Adhyaksh, 2010 To 2014
-",Not Active,,,Switch Off,,,,,,,,,,,,,,,,,,,,,,,,,,,,,,,,,,,,
Gaya,233-Atri,Shailendra Kumar,38.0,Male,9304219472.0,9304219472.0,"Shailendra Kumar | Male | 38 | General | Bhumihar | Rashtriya Jan Jan Party Mahasachiv

-Former  Rashtriya Jan Jan Party Mahaschiv, 2020 To 2024
-Businessman(Saloni Enterprises Director)
-Jan Suraaj District Vice President
-Jan Suraaj Zila Karyasamiti Sadasya",Candidate,,With JS,Call Connected,With JS,,,,,,,,,,,,,,,,,,,,,,,,,,,,,,,,,,,
Gaya,233-Atri,Rajnandan Kumar,,,8088014647.0,8088014647.0,"Rajnandan Kumar | Male | 49 | EBC | Teli | ASA Party Pradesh Upadhyaksh

-Former ASA Party Suraksha Prakosht, Pradesh Upadhyaksh
-Retired Indian Airforce Flight Engineer
-Social Worker ",Active till ticket distribution,Active for JS,With JS,Not Received ,,,,,,,,,,,,,,,,,,,,,,,,,,,,,,,,,,,,
Gaya,233-Atri,Rajeev Ranjan Urf Tuntun Singh,,,9572629909.0,9572629909.0,"Rajeev Ranjan | Male | 42 | General | Bhumihar | Former LJP(R) Member

-Former LJP(R) Member, 2024 To 2024
-Former Bhartiya Sablok Party Pradesh Mahachiv, 2020 To 2023
-Former RLSP Pradesh Sachiv, 2015 To 2019
-Former RLSP Zila Upadhyaksh, 2013 To 2015
-Incumbent Defacto PACS President, 2024 To Till Date
-Grand Mother Shanti Devi Was MLA Bodh Gaya, Congress , 1962
-Owns a Rice Mill & Stone Chips Plant",Active till ticket distribution,Neutral Stance,With JS,Call Connected,With JS,,,"Right now Busy Somewhere, Will call in some time",,,,,,,,,,,,,,,,,,,,,,,,,,,,,,,,
Gaya,234-Wazirganj,Bajrangi Singh,,,9508751371.0,9199095128.0,"Bajrangi Singh | Male | 73 | General | Bhumihar | Former JDU District Vice President

-Jansuraaj State Executive Commitee Member
-Former JDU District Maha Sachiv ( 2007-2016)
-Former JDU District Vice President ( 2017- 2022)
-Former BJP Block President ( 1980-1994)",Active till ticket distribution,Helped Other Party,,Call Connected,With JS,Willing to Work in Sangathan at Assembly Level,,"Everything was handed over JSPT, and they were biased. ",,,,,,,,,,,,,,,,,,,,,,,,,,,,,,,,
Gaya,234-Wazirganj,Santosh Kumar,40.0,Male,8102492562.0,8102492562.0,"Santosh Kumar | Male | 40 | OBC | Teli | Incumbent Mukhiya

-Incumbent 2 Consecutive Terms Mukhiya(2016 to Till Date)
-Buisnessman(Brick Klin Business, Construction Material Shop)
-Jan Suraaj Anumandal Adhyaksh",Candidate,,With JS,Call Connected,With JS,,,,,,,,,,,,,,,,,,,,,,,,,,,,,,,,,,,
Gaya,234-Wazirganj,Uday Shankar Nirala ,,,9199066064.0,9199066064.0,"Uday Shankar Nirala | Male | 41 | OBC | Yadav | Student Union Leader

-Former Magadh University Student Union President(2014 To 2015)
-Former JDU Prdaesh Mahsachiv(2016 to 2018), Student Union 
-Social Worekr(Provide Free Education To Students)",Active till ticket distribution,Active for JS,With JS,Call Connected,With JS,Willing to Work in Sangathan at Dist/State Level,,Dedicated with Idea of Prashant Kishore JI will remain in party. Ready to take any responsibility given by Party. Will not contest any Election only will contribute to the development of JSP. Zila Adhayksh should be changed.,,,,,,,,,,,,,,,,,,,,,,,,,,,,,,,,
Gaya,234-Wazirganj,Prince Kumar,,,8789857416.0,8789857416.0,"Prince Kumar | Male | 32 | General | Rajput | Teacher

-Worked as a Teacher at a Coaching Centre
-NET Qualified
-Receieved Governor Award for Academic Excellence
-Member Of Karni Sena
-B. Tech Mechanical",Active till ticket distribution,Active for JS,With JS,Call Connected,With JS,Willing to Work in Sangathan at Dist/State Level,,"Zila Adhayksh & DI didn't stand upto their responsibilit, They didn't reported accurate. Quite disappointed with ticket Distribution. Amit Kartikeya also was in the team of Zila Adhayaksh and was also involved in the lobbying. Vishal AI From JSPT was also involved in these activities. Disappointed and Not Trusted in Party.",,,,,,,,,,,,,,,,,,,,,,,,,,,,,,,,
Gaya,234-Wazirganj,Sanjay Kumar Choudhary,,,9631398336.0,9631398336.0,"Sanjay Kumar Choudhary | Male | 41 | SC | Pasi | MLA Contestant

-Former Assembly Contestant from Bodh Gaya , 2020, Bahujan Lok Dal , got 4860
-Former Bahujan Lok Dal SC Cell District President(2016 to 2022)
-Former BJP SC Cell Block Secretary(2008 to 2016)
-Chemist",Active till ticket distribution,Active for JS,With JS,Call Connected,With JS,Willing to Work in Sangathan at Assembly Level,,"Will Support some candidate in Upcoming Panchayat Elections. Zila ke Samiksha  Baithak mein log bohot kam aa rahe hain, Agle Vidhansabha ki tayyari mein hain. ",,,,,,,,,,,,,,,,,,,,,,,,,,,,,,,,
Gaya,234-Wazirganj,Rakesh Singh Sisodiya,,,9472973187.0,9472973187.0,"Rakesh Singh Sisodiya | Male | 45 | General | Rajput | Congress Organisational Secretary

-Former Congress Organisational Secretary(2019 to 2024)
-Former Congress Pradesh General Secretary(2017 to 2019)
-Former Congress Loksabha Youth President (2014 to 2017)
-Former Congress Vidhansabha Youth President(2010 to2 014)
-Jan Suraaj District Secretary",Active till ticket distribution,Neutral Stance,With JS,Call Connected,With JS,None of the Above ,,"Disappointed with Ticket Distribution, Samikaran ke hisaab se Ticket Distribution nahi karenge to votes kam aayenge. 80k Voting hoti hai Rajput ki uss Vidhansabha meim halaki Dono hi parties ne Rajput ko Ticket diya. Ticket Distribution ka jo criteria tha usi ke basis pe ticket Distribution hona chahiye. 35-40 lakh rs kharch karke party ke liye kaam kiye lekin ticket kisi naye candidate ko de diye. Wazirganj ki sabah mein 60 Buses khud laaye hain, Dusre Vidhansabha mein Bhi sabse zaayada Mobalisation karne ka kaam kiya hai inhone. Abb Kispe bharosa karein, Prashant JI ke upar bhi koi hai. ",,,,,,,,,,,,,,,,,,,,,,,,,,,,,,,,
Gaya,234-Wazirganj,Ranjeet Gupta,,,6207635936.0,6207635936.0,"Ranjeet Gupta | Male | 47 | EBC | Teli | Former Mukhiya Contestant

-Former Mukhiya Contestant(2021)
-Former Up Sarpanch(2011To 2016)
-Jan Suraaj Prakhand Sachiv
-Kirana Shop",Active till ticket distribution,Active for JS,With JS,Call Connected,With JS,Willing to Work in Sangathan at Dist/State Level,,"But could not give that much time in sangathan. Not yet decided to contest panchayat Elections till now, and also not thought about contesting Vidhansabha Election in future ",,,,,,,,,,,,,,,,,,,,,,,,,,,,,,,,
Nawada,235-Rajauli (SC),Naresh Chaudhary,57.0,,7856020856.0,9661191816.0,"Naresh Chaudhary | Male | 57 | SC | Pasi | Former ZP

-Former ZP Member(2016 to 2021)
-Former ZP Contestant(2001), got 5000 votes
-Former RJD Zila Adhyaksh(2020 to 2023)
-Former RJD Panchayti Raj Prakhand Adhyaksh(2016 to 2020)
-Former RJD Member(1998 to 2023)
-Jan Suraaj Anumandal Adhyaksh",Candidate,Active for JS,With JS,Call Connected,With JS,,PK meeting is sheduled,,,,,,,,,,,,,,,,,,,,,,,,,,,,,,,,,
Nawada,235-Rajauli (SC),Rohit Kumar Chaudhary,,,7991147490.0,7991147490.0,"Rohit Kumar Chaudhary | Male | 29 | SC | Pasi | UPSC Aspirant   

-UPSC Aspirant
-Grand Father Late Babu Lal Choudhary Was 4 Terms MLA , 1969, 1977, 1990 & 1995, Rajaouli
-Mother Was Panchayat Samiti , 2016 To 2021
-Social Worker ",Active till ticket distribution,Active for JS,With JS,Not Received ,,,,,,,,,,,,,,,,,,,,,,,,,,,,,,,,,,,,
Nawada,236-Hisua,Sanga Sanjeet Urf Kanhaiya Kumar Badal,,,7903418558.0,7903418558.0,"Sanga Sanjeet | Male | 47 | General | Bhumihar | Former Mukhiya

-Former Mukhiya(2011 To 2016)
-Former LJP Zila Adhyaksh(2002 To 2016)
-Nayayik Sangharsh Morcha State President(2016 To Till Date)
-Jan Suraaj Yuva Karyakarini Sadasya",Active till ticket distribution,Neutral Stance,With JS,Call Connected,With JS,Willing to Contest PRI election and also ready to work in sangathan,,"His feedback is I am in the party, and I will fulfill whatever responsibility the party gives me to strengthen the Sangathan. If Zila parsad seat will be genral then he'll contest ZP election + Chairman.",,,,,,,,,,,,,,,,,,,,,,,,,,,,,,,,
Nawada,236-Hisua,Suraydev Prasad,68.0,,8540094699.0,8540094699.0,"Suraydev Prasad | Male | 68 | EBC | Dangi | Incumbent ZP

-Incumbent ZP (2021 To Till Date)
-Former RJD Pradesh Sachiv(2022 To 2024)
-Jan Suraaj Zila Abhiyaan Samiti Sanyojak

",Candidate,Active for JS,With JS,Call Connected,With JS,,PK meeting is sheduled,,,,,,,,,,,,,,,,,,,,,,,,,,,,,,,,,
Nawada,236-Hisua,Ranjeet Kumar,,,9939817002.0,9939817002.0,"Ranjeet Kumar | Male | 48 | General | Bhumihar | Incument ZP

_Incumbent 3 Terms ZP Member, 2011 To Till Date
-Former JDU Panchayti Cell Zila Adhyaksh, 2016 To 2021
-Former JDU Zila Mahasachiv, 2021 To 2024
-Jan Suraaj Zila Adhyaksh
",Active till ticket distribution,Neutral Stance,With JS,Call Connected,Not with JS,,,His fedback he is very disgruntled with senior leadership. & He is not intrested to take any role and responsiblities in JSP.,,,,,,,,,,,,,,,,,,,,,,,,,,,,,,,,
Nawada,236-Hisua,Ramswaroop Yadav,,,8521239193.0,9934632403.0,"Ramswaroop Yadav | Male | 55 | OBC | Yadav | MLA Contestant

-Former MLA Contestant, Hisua, Independent, 2015, 4000 Votes
-Former ZP Contestant, 2001
-Incumbent Mukhiya, 2016 To Till Date
-Incumbent PACS President For 35 Years
-Former BJP Member, 1990 to 2000
-",Not Active,Neutral Stance,Not with JS,Call Connected,Not with JS,,,"Not  Intrested in JSP & don't want to continue .
went jail recently",,,,,,,,,,,,,,,,,,,,,,,,,,,,,,,,
Nawada,236-Hisua,Praveen Kumar urf Praveen Chandravanshi,,,9334271178.0,9334271178.0,"Praveen Kumar | Male | 44 | EBC | Kahar | ASA Rashtriya Upadhyaksh

-Former ASA Party Rashtriya Upadhyaksh, 2024 To 2025
-Former BJP Rajya Karyakarini Member , 2023 To 2024
-Former JDU, EBC Cell Pradesh Adhyaksh, 2021 To 2022
-Former JDU Zila Prabhari, 2019 To 2021
-Former JDU Member, 2004 To 2023
-Former Chhatra Samta Party Media Prabhari, 1999 To 2001
-Former ZP Contestant, 2011, Got 3000 Votes",Active till ticket distribution,Active for JS,With JS,Call Connected,With JS,Willing to Work in Sangathan at Dist/State Level,,"His feedback is I am influenced by the party's ideology and stand with the party. If in the future the party gives me a position in the state sangathan, I will work with full enthusiasm. As for the Panchayati Raj, I have not made any decision yet.",,,,,,,,,,,,,,,,,,,,,,,,,,,,,,,,
Nawada,237-Nawada,Atique Uz Zaman,,,8210520511.0,8210520511.0,"Atique Uz Zaman | Male | 58 | Minority | Syed | LJP National Spokedperson

-Former LJP Spokesperson
-LJP Pardesh Upadhyaksh
-Runs a NGO Hamda Foundation 
-Editor in Chief of Roshni E Zindagi Urdu Daily
-Former Doordarshan Anchor",Not Active,Neutral Stance,Not with JS,Not Received ,,,,,,,,,,,,,,,,,,,,,,,,,,,,,,,,,,,,
Nawada,237-Nawada,Md Mumtaj Aalam,,,8587980030.0,8587980030.0,"Md Mumtaj Aalam | Male | 41 | Minority | Malik | Loksabha Contestant

-Former Loksabha Contestant, 2024, Gautam Buddha Nagar, U.P, Independent, Got 2821 Votes
-Former Samajwadi Party , Pradesh Sachiv , Lohiaya Vahini cell, 2022 To 2024
-Younger Brother is Incumbent ward Member
-Social Worker",Active till ticket distribution,Neutral Stance,With JS,Not Received ,,,,,,,,,,,,,,,,,,,,,,,,,,,,,,,,,,,,
Nawada,237-Nawada,Dr. Anuj Singh,54.0,,9162006491,9162006491,"""Dr. Anuj Kumar Singh | 54 | General | Bhumihar
9162006941
 - Owner of Modern English School. Foundation of School in 1993.
- Runs 5 B.Ed College and 15 school in South Bihar 
-Owns Ganori Rama & Triveni B.Ed College.
- President of Public School Association of Nawada.
- Prominent educationist in south Bihar soon Going to open a University in Nawada. 
- Former INC district VP 2020-2024",Candidate,Active for JS,With JS,Call Connected,With JS,,,,,,,,,,,,,,,,,,,,,,,,,,,,,,,,,,,
Nawada,237-Nawada,Sarla Karn,,,9318379120.0,9431782497.0,"Sarla Karn | Female | 53 | General | Kayashtha | Social Worker

-Former NGO Secretary
-Worked for Education and Health of Under Privilidged People
-Jan Suraaj Block Prabhari
-Jan Suraaj State Working Comiittee Member",Not Active,Helped Other Party,Not with JS,Call Connected,With JS,Willing to Work in Sangathan at Dist/State Level,,Diecy . Will meet PK and Decide further responsibility ,,,,,,,,,,,,,,,,,,,,,,,,,,,,,,,,
Nawada,237-Nawada,Rajeev Ranjan,,,9708073231.0,9708073231.0,"Rajeev Ranjan | Male | 44 | OBC | Yadav | Former Congress Member

-Former Congress Member(2003 To 2014)
-Govt. School Teacher
-Social Worker(Inspired poors For Education)",Active till ticket distribution,Active for JS,With JS,Call Connected,With JS,Willing to Work in Sangathan at Assembly Level,,His feedback is that he will remain in party as active member but don't want responsibility as Post holder due to sortage to time .,,,,,,,,,,,,,,,,,,,,,,,,,,,,,,,,
Nawada,237-Nawada,Indradev Prasad,,,9570310243.0,9570310243.0,"Indradev Prasad | Male | 58 | OBC | Kushwaha | MLA Contestant

-Former MLA Contestant, 2015, Nawada Assembly, RLSP, Got 75000 Votes
-Former ZP Contestant, 2009, Got 8000 Votes
-Former JDU Pradesh Mahasachiv(2020 To 2024)
-Former RLSP Pradesh Upadhyaksh(2012 To 2020)
-Former JDU Distrcit President(2005 To 2011)
-Former Samta Party Parakhand Adhyaksh(1994 To 2003)",Active till ticket distribution,Neutral Stance,Not with JS,Call Connected,Not with JS,,,Not Intrested in JSP Political journey any more .,,,,,,,,,,,,,,,,,,,,,,,,,,,,,,,,
Nawada,237-Nawada,Manoj Kumar,,,8210420738.0,8210420738.0,"Manoj Kumar | Male | 48 | General | Bhumihar | Incumbent PACS President

-Incumbent 3 Consecutive Terms PACS President, 2014 To Till Date
-Former 2 Consecutive Terms Panchayat Samiti, 2001 To 2011
-Former Vyapar Mandal Adhyaksh, 2017 To 2022
-Former Youth JDU General Secretary, 2007 To 2016
-Former LJP Treasurer, 2003 To 2006
-Jan Suraaj Farmer Cell District President
-Jan Suraaj Abhiyaan Samiti Member",Not Active,Helped Other Party,Not with JS,Call Connected,Not with JS,,,"Don,t Want to talk & Disconnected the call.",,,,,,,,,,,,,,,,,,,,,,,,,,,,,,,,
Nawada,237-Nawada,Suman Kumar,,,9955116688.0,9955116688.0,"Suman Kumar | Male | 32 | General | Bhumihar | Defacto ZP Contestant

-Former Defacto(Mother) ZP Member , Contestant , Roh East, 2021, Got 3400 Votes
-Associated With RSS as a Prachar Parmukh
-Working As a Area Manager at Galaxo Smith, Nawada
-Social Worker
",Not Active,Neutral Stance,With JS,Call Connected,With JS,Willing to Contest PRI election and also ready to work in sangathan,,"His feedback is that I am in the party, and I would like to sit with the party organization’s office-bearers once to decide my responsibilities—what work I should do in the party. I had made my mother contest the Zila Parishad election because the seat was reserved for women. Now, according to the PRI roster, I will decide what to do next.",,,,,,,,,,,,,,,,,,,,,,,,,,,,,,,,
Nawada,238-Gobindpur,Anand Priya Deo ,,,8879924051.0,8879924051.0,"Anand Priya Deo | Male | 44 | OBC | Yadav | MLA Contestant

-Former MLA Contestant, 2020 , Got 4000 Votes
-Founder and Director Of Ananda Foundation, Works For Women Empowerment
-Works at United Nation and Various Western Countries
-Social Worker",Active till ticket distribution,Helped Other Party,Not with JS,Not Received ,,,,Joined BJP,,,,,,,,,,,,,,,,,,,,,,,,,,,,,,,,
Nawada,238-Gobindpur,Pawan Kumar,,,8073104269.0,8073104269.0,"Pawan Kumar | Male | 42 | OBC | Yadav | Private Job

-Software Engineer at Uplight In Banglore
-Farmer ( 5 Acre Land)",Active till ticket distribution,Neutral Stance,Not with JS,Not Received ,,,,,,,,,,,,,,,,,,,,,,,,,,,,,,,,,,,,
Nawada,238-Gobindpur,Dr Ravindra Prasad Singh,,,9821941748.0,9821941748.0,"Dr Ravindra Prasad Singh | Male | 64 | EBC | Kahar | Retired Bank Officer

-Retired from IDBI as a DGM
-Prominent writer and Poet
-Received awards for his Poetry
-Writer of Amarkant and Unki Kahania
-Received Rajya Bhasha Award from Govt. Of India
-P.hD in Rashtra Bhasha 
-Father was Panchayat Samiti , 1980 to 1985",Active till ticket distribution,Neutral Stance,With JS,Call Connected,With JS,Willing to Work in Sangathan at Dist/State Level,,"His feedback is that I am in the party, but I stay very busy with my personal work, so I won’t be able to give time to the sangathan.",,,,,,,,,,,,,,,,,,,,,,,,,,,,,,,,
Nawada,238-Gobindpur,Rahul Kumar,,,8340456427.0,8340456427.0,"Rahul Kumar | Male | 32 | EBC | Dhanuk | Teacher

-Former Student Council Member  of IIPS College Mumbai 2022 To 2023
-Contested the Patna University Councellor Election, 2012 and secured 2nd Position
-Former Research Assocaite TISS Mumbai
-Presented Various Research Papers on Population Health and Development
-Conduct Various Workshop related to research and Provide Online Teaching to UPSC Aspirants
-P.Hd -Population Studies",Active till ticket distribution, Contested as an Candidate from other Party,Not with JS,Call Connected,Not with JS,,,"His feedback is that I'm not in the party, and don't want to continue in JSP. Contested Independently . ",,,,,,,,,,,,,,,,,,,,,,,,,,,,,,,,
Nawada,238-Gobindpur,Poonam Kumari,33.0,Female,8130948817.0,8130948817.0,"Poonam Kumari | Female | 33 | OBC | Sahu | Incumbent Defacto Mukhiya

-Incumbent 2 Consecutive Terms Defacto(Husband) Mukhiya, 2016 To Till Date
-Former JDU Member,2016 To 2024
-Husband is Jansuraaj Prakhand Adhyaksh
-Social Worker",Candidate,Active for JS,With JS,Call Connected,With JS,,PK meeting is sheduled,,,,,,,,,,,,,,,,,,,,,,,,,,,,,,,,,
Nawada,239-Warsaliganj,Uday Shankar,,,8789554628.0,8789554628.0,"Uday Shankar | Male | 64 | General | Bhumihar | Former AAP Zila Sanyojak

-Former AAp Zila Sanyojak(2013 to 2018)
-Former RJD Zila Mahasachiv(1997 to 2005)
-Former Janta Dal Zila Mahaschiv(1990 to 1997)
-Former Zila President of Yuva Lok Dal(1980 to 1985)
-Former Mahasachiv Yuva Janta Party(1977 to 1980)
-Father Was Freedom Fighter",Active till ticket distribution,Active for JS,With JS,Switch Off,,,,,,,,,,,,,,,,,,,,,,,,,,,,,,,,,,,,
Nawada,239-Warsaliganj,Nayan Kumar,,,7735271404.0,7735271404.0,"Nayan Kumar | Male | 45 | General | Bhumihar | Retired Marine Engineer

-Take VRS from MOPSW , Govt Of India
-MBA , Switzerland
-Social Worker(Aware Villgers about tehri Rights) 
-Jan Suraaj State Working Committee Member",Active till ticket distribution, Contested as an Candidate from other Party,Not with JS,Not Received ,,,,,,,,,,,,,,,,,,,,,,,,,,,,,,,,,,,,
Nawada,239-Warsaliganj,Umesh Prasad Yadav,53.0,,9631844561,9631844561,"Umesh Prasad | 53| Yadav| OBC| 9631844561
- Educational background
M.Sc in botany (1990-1992) from Magadh University

- Rajya Prishad Member Pradesh RJD, Bihar from Warisaliganj vidhansabha in 2025
- Warisaliganj AC prabhari in 2024 LS election
- District Kisan Prakosth Zila Mahasachive( 2015-2025)
- Janta Dal Block present (1992-1998)
- Warisaliganj AC,sadasyata Prabahri Janta Dal(1998)
- Former RJD nagar Adhyaksh
- Block President (2009-2015)",Candidate,Active for JS,With JS,Call Connected,With JS,,PK meeting is sheduled,,,,,,,,,,,,,,,,,,,,,,,,,,,,,,,,,
Nawada,239-Warsaliganj,Sujit Kumar,,,9931437444.0,7004926134.0,"Sujit Kumar | Male | 51 | General | Bhumihar | Journalist

-Journalist at Dainik Bhaskar
-Social Worker(Raises Voices of Poors Through Media)
-Father Was Freedom fighter & Mukhiya 1972 To 1977",Active till ticket distribution,Active for JS,With JS,Call Connected,With JS,None of the Above ,,His feedback is that he will be active as Party member but won't be able to take resposibility because of self engagement. ,,,,,,,,,,,,,,,,,,,,,,,,,,,,,,,,
,24-Bathnaha (SC),Sunil Paswan,,,9162138159.0,9162138159.0,"Sunil Paswan | Male | 29 | SC | Paswan | Incumbent Defacto Panchayat Samiti

-Incumbent Defacto Panchayat Samiti Sadasya, 2021 to Till Date
-Former Mukhiya Contestant(2011)
-Former BJP Panchayat Prabhari (2018 to 2020)
-Former RJD Prakahnd Mahasachiv(2012 to 2017)",Active till ticket distribution,Active for JS,With JS,Call Connected,With JS,Willing to Contest PRI election and also ready to work in sangathan,Yes,"- Interested to Contest PRI-BDC as well as Sangathan Activeness 
- Bihar Politics' is basewd on Caste based 
- In Bathanaha Paswan Community is in Majority 
- But Our Candidate belonged to Passi Caste and Voters could like him 
- He has completed all Series of Campaign like Vistar , Ambedkar Sanwad & Udghosh Sabha  Very well . ",,,,,,,,,,,,,,,,,,,,,,,,,,,,,,,,
,24-Bathnaha (SC),Sunil Ram,,,8825358822.0,8825358822.0,"Sunil Ram | Male | 30 | SC | Mehtar | Social Worker

- UPSC Aspirant
- Jan Suraaj Ambedkar Vahini Block President
- Social Worker",Active till ticket distribution, Contested as an Candidate from other Party,With JS,Call Connected,With JS,Willing to Contest PRI election and also ready to work in sangathan,Yes ,"- Inerested to Contest PRI as well as Sangathan Work 
- Zila Parishad 
- Willing to hold any big post in Sangathan ",,,,,,,,,,,,,,,,,,,,,,,,,,,,,,,,
Sitamarhi,24-Bathnaha (SC),Rajesh Ram,,,7372870402.0,7372870402.0,"Rajesh Ram | Male | 36 | SC | Chamar | Incumbent Defacto ZP 

-Incumbent Defacto ZP Member, 2021 To Till Date
-Former Mukhiya Contestant, 2011, runner Up
-Former RJD Sanghatan Prabhari, 2024 To 2025
- Agriculture
",Active till ticket distribution,Neutral Stance,With JS,Call Connected,With JS,Willing to Contest PRI election and also ready to work in sangathan,Yes ,"- Interested in Conetsing Zila Parishad 
- Preparing for meeting with JSP Friends for ZP 
- No Matter whether he got ticket from Party
- Contacting Our Party Memebers to Strenghten party 
- Thinking to Invite State leaders in his meetings ",,,,,,,,,,,,,,,,,,,,,,,,,,,,,,,,
,24-Bathnaha (SC),Nawal Kishore Chaudhary,56.0,,9955912873.0,9955912873.0,"Nawal Kishore Chaudhary | Male | 56 | SC | Pasi | Doctor

-Director Of YK Chaudhary Memorial Hospital, Sitamarhi
-Ayurved Doctor
-District Chairman Of Akhil Bhartiya Pasi Samaj, 2010 To Till Date
-Member Of BAMCEF 
-Founder Of YK Chaudhary Memorial Welfare Society
-Jan Suraaj State Core Committee Member",Candidate,,,,,,,,,,,,,,,,,,,,,,,,,,,,,,,,,,,,,,,
,24-Bathnaha (SC),Manoj Sada,,,7667969856.0,7667969856.0,"Manoj Sada | Male | 34 | SC | Musahar | Former ZP Contestant

-Former ZP Member Contestant, 2021 , Got 2558 Votes
-Father Was Ward Member, 2001 To 2006
-Contractor Civil
-Social Worker",Not Active,,,Not Received ,,,,,,,,,,,,,,,,,,,,,,,,,,,,,,,,,,,,
Jamui,240-Sikandra (SC),Alok Kumar,,,9006231880.0,9006231880.0,"Alok Kumar | Male | 39 | SC | Dusadh | Singer

-Singer
-Social Workers",Not Active,Neutral Stance,Not with JS,Call Connected,With JS,Willing to Work in Sangathan at Dist/State Level,willing to meet PK,He is in party and will take responsibility in sangathan after meeting PK.,,,,,,,,,,,,,,,,,,,,,,,,,,,,,,,,
Jamui,240-Sikandra (SC),Srawon Kumar,,,9835407658.0,9835407658.0,"Srawon Kumar | Male | 57| SC | Dusadh | Loksabha Contestant

-Lawyer at Patna High Court
Former MP Contested in 2024 got 8625 Votes
-Former State general secratory of Republican Party Of India ( 2003-2006)
-Former District vice President of Janta Dal ( 1996-1999)
-Congress State Coordinator of SC/ST Cell ( 2003-2006)
-JDU State General secratory of ST/ST Cell
-Former Secratory of Ambedar Yuva Jan Jagran Samiti (1985)
-Awarded by Rajypal ( 2005)
-Awarded By Central govt for the achievement of Corona warrior",Not Active,Neutral Stance,Not with JS,Call Connected,With JS,Willing to Work in Sangathan at Dist/State Level,,He is in party and will take responsibility in sangathan.,,,,,,,,,,,,,,,,,,,,,,,,,,,,,,,,
Jamui,240-Sikandra (SC),Subhash Paswan,50.0,,8340445787,8340445787,"Subhash Paswan | Male | 50 | SC | Paswan

-Contested Ind. AE 2020 [ Sikandra ] with vote 18500
- Contested LJP AE 2015 with vote 48000
- LJP State committee member
",Candidate,Active for JS,With JS,Call Connected,With JS,,PK meeting is sheduled,,,,,,,,,,,,,,,,,,,,,,,,,,,,,,,,,
Jamui,240-Sikandra (SC),Ramvilash Kumar,,,8278627691.0,8278627691.0,"Ramvilash Kumar| Male | 32 | SC | Musahar | Professor

-Professor and HOD in Dhanbad Institute of Technology
-Runs a Coaching Centre
-Social Worker(Provide Free Education to Poors)",Not Active,Neutral Stance,With JS,Call Connected,With JS,Willing to Work in Sangathan at Dist/State Level,,His feedback is that booth sangathan was not upto mark till election date which should not be repeted in 2030 and party should work on it .,,,,,,,,,,,,,,,,,,,,,,,,,,,,,,,,
Jamui,240-Sikandra (SC),Jai Prakash Kumar,,,6204090671.0,6204090671.0,"Jai Prakash Kumar | Male | 62 | SC | Paswan | Former JDU General Secretary

-Father was 8 terms MLA , Sikandra and Cabinet Minister (2005 To 2009) 
-Former JDU SC Cell General Secretary
-Former JDU Sachiv",Active till ticket distribution,Helped Other Party,Not with JS,Call Connected,Not with JS,,,His feedback is party dosen't choosed right person for candidature . He is with Party ideology but supported NDA in election,,,,,,,,,,,,,,,,,,,,,,,,,,,,,,,,
Jamui,240-Sikandra (SC),Gautam Kumar,,,9939090712.0,9939090712.0,"Gautam Kumar | Male | 38 | SC | Paswan | Ward Contestant 

-Former  Ward Member Contestant in 2022 3rd Position 
-Former  Ward Member Contestant in 2016. Runner Up
-Former  Ward Member Contestant  in 2012. Runner Up
",Not Active,Neutral Stance,Not with JS,Call Connected,With JS,Willing to Contest PRI election and also ready to work in sangathan,,His feedback is party should involve on grounded leaders in the sangathan . He is in Party & preparing for nagar panchayat chairman 2027.,,,,,,,,,,,,,,,,,,,,,,,,,,,,,,,,
Jamui,240-Sikandra (SC),Pradeep Kumar Choudhary,,,9199998911.0,9199998911.0,"Pradeep Kumar Choudhary | Male | 59 | SC | Pasi | Former Ward Parishad

-Former Ward Member(2001 to 2006)
Former ZP Contestant(2016)
-Incumbent Defacto(wife) Ward Councilor(2022 Till Date)
-Incumbent Defacto Panchayat Samiti(2011 to 2016)
-Incumbent Defacto Block Pramukh(2011 to 2016)
-Former CPI Member(2022 to 2026)
-Incumbent Vice President of Pasi Samaj Jamui(2022 to Till Date)",Active till ticket distribution,Helped Other Party,Not with JS,Call Connected,With JS,Willing to Work in Sangathan at Dist/State Level,,Will work for JSP sangathan after PK meeting and willing to contest AE 2030 .,,,,,,,,,,,,,,,,,,,,,,,,,,,,,,,,
Jamui,240-Sikandra (SC),Mahadev Prasad (Manjhi),,,9931960909.0,9931960909.0,"Mahadev Prasad | Male | 55 | SC | Musahar | MLA Contestant

-Former 2 Terms MLA Contestant(2010, Got 25000 votes & 2005 , Got 15000 Votes)
-Former Defacto(Wife) ZP Member(2007 to 2012), Got 7000 Votes
-Former BJP Zila Upadhyaksh(2013 to 2024)
-Former CPI(Pradesh Karyasmiti Sadasya((1996 to 2012)",Active till ticket distribution,Helped Other Party,Not with JS,Not Received ,,,,Supported RJD,,,,,,,,,,,,,,,,,,,,,,,,,,,,,,,,
Jamui,240-Sikandra (SC),Prakash Chandra,,,9973802801.0,9973802801.0,"Prakash Chandra | Male | 60 | SC | Paswan | MP Contestant

-Former MP Contestant, Gaya, 2019, got 12000 Votes
-Former MLA Contestant, 2015 , Masaurahi, Public Mission Party, 6000 Votes
-Former Public Mission Party, 2015 To 2023, Rashtriya Mahasachiv
-Runs a Gas Agency
",Active till ticket distribution,Helped Other Party,Not with JS,Call Connected,With JS,None of the Above ,,His feedback is party dosen't choosed right person for candidature . He is with Party ideology and for some period of time he wants break from Politics.,,,,,,,,,,,,,,,,,,,,,,,,,,,,,,,,
Jamui,240-Sikandra (SC),Tinku Kumar Paswan,,,8809614638.0,8809614638.0,"Tinku Kumar Paswan | Male | 37 | SC |Paswan | Mukhiya 

-Incumbent Mukhiya(2021 To Till Date)
-Incumbnet Mukhiya Sangh Adhyaksh(2021 To Till Date)
-Former LJP Prakhand Adhyaksh(2014 2019)
-Jan Suraaj Yuva Zila Adhyaksh",Not Active,Neutral Stance,Not with JS,Call Connected,With JS,Willing to Contest PRI election and also ready to work in sangathan,,His feedback is party should involve on grounded leaders in the sangathan . He is in Party & preparing for Mukhiya + Zila parsad election according to the PRI rouster.,,,,,,,,,,,,,,,,,,,,,,,,,,,,,,,,
Jamui,241-Jamui,Jyotish Kumar,,,8804318446.0,8804318446.0,"Jyotish Kumar | Male | 31 | OBC | Kushwaha | Ward Member Contestant

-Former Ward Member Contestant, 2021 , got 103 Votes
-Runs a Resaturant in Bangalore & Ranchi
-Jan Suraaj Sanghatan Zila Spokesperson",Active till ticket distribution,Active for JS,With JS,Call Connected,With JS,Willing to Work in Sangathan at Assembly Level,,He will work in sangathan taking the responsiblity at AC level to expand sangathan .,,,,,,,,,,,,,,,,,,,,,,,,,,,,,,,,
Jamui,241-Jamui,Sanjeev Kumar,,,8210658580.0,8210658580.0,"Sanjeev Kumar | Male | 38 | General | Rajput | Businessman

-Managing Director of Udaan International School
-Chairman of Worldview NPS Limited
-Runs a Hostel 
-Jan Suraaj Zila Upadhyaksh


",Active till ticket distribution,Neutral Stance,With JS,Call Connected,With JS,Willing to Work in Sangathan at Assembly Level,,His feedback is during election period sangathan wasen't active much . He will work in sangathan at AC level .,,,,,,,,,,,,,,,,,,,,,,,,,,,,,,,,
Jamui,241-Jamui,Rupesh singh,,,9431091138.0,9431091138.0,"Rupesh Singh | Male |  51 | General | Rajput | MLA Contestant

-Former MLA Contestant, CPI, 2015, Jamui constituency, got 1975 votes
-Advocate
-Journalist at Dainik Bhaskar",Active till ticket distribution, Contested as an Candidate from other Party,Not with JS,Call Connected,Not with JS,,,"Independently contested and left JSP 
 ( Not intrested to continue in it )",,,,,,,,,,,,,,,,,,,,,,,,,,,,,,,,
Jamui,241-Jamui,Anil Prasad Sah,50.0,,9234317804.0,9234317804.0,"Anil Prasad Sah | Male | 50 | EBC | Teli | Incumbent Zila  Parishad


- Incumbent Zila Parishad(2021 To Till date)
-Former 2 Consecutive Terms Ward Councilor(2007 to 2017)
-Former 2 Consecutive Terms Up Mukhya Parshad(2007 to 2017)
-Pradesh Karyakarini Sadasya, Jansuraj, 
-President of Jal Vayu Samarth Panchayat Committee, Jamui, 
-Owner of an authorized Bajaj Bike Dealership",Candidate,Active for JS,With JS,Call Connected,With JS,,PK meeting is sheduled,,,,,,,,,,,,,,,,,,,,,,,,,,,,,,,,,
Jamui,241-Jamui,Dharmendra Prasad Singh,,,9546815004.0,9546815004.0,"Dharmendra Prasad Singh | Male | 41 | General | Kayastha | MLA Contestant

-Former MLA Contestant, 2015, LSSP , Chakai, got 2548 Votes
- Director & Principal Of Maa Lalita Play School",Active till ticket distribution,Neutral Stance,Not with JS,Not Received ,,,,,,,,,,,,,,,,,,,,,,,,,,,,,,,,,,,,
Jamui,242-Jhajha,Prof Kedar Kumar Mandal,,,9122725593.0,9122725593/9870492266,"Prof Kedar Kumar Mandal | Male | 48 | OBC | Kurmi | RLSP Rashtriya Adhyaksh Intellectual cell

-Former RLSP Rashtriya Adhyaksh, Intellectual Cell, 2015 To 2017
-Jan Suraaj Pradesh Karyakarini Sadsya
-Associate Professor At Delhi University
",Active till ticket distribution, Contested as an Candidate from other Party,Not with JS,Call Connected,Not with JS,,,"Independently contested and left JSP 
 ( Not intrested to continue in it )",,,,,,,,,,,,,,,,,,,,,,,,,,,,,,,,
Jamui,242-Jhajha,Dharmdeo Yadav,,,7903792736.0,7903792736.0,"Dharmdeo Yadav | Male | 53 | OBC | Yadav | Incumbent ZP

-Incumbent 3 Terms ZP(2021 to Till Date , 2001 To 2006 & 2011 To 2016)
-Former MLA Contestant, 2005, Independent, Jhajha Constituency got 6000 Votes 
-Former MLA Contestant, 2000, BSP, Jhajha Constituency, Got 4000 Votes
-Former Comgress Zila Adhyaksh(2013 To 2014)
-Former Congress OBC Pardesh Adyakash (2014- 2015
-Former Congress Member(2015 To 2024)
-Jan Suraaj Zila Adhyaksh",Active till ticket distribution,Neutral Stance,With JS,Call Connected,With JS,Willing To Contest Panchayati Raaj ,,"His feedback is I am with the party, but right now my priority is the Zila Parishad election, and if there is a possibility, I will think about becoming ZP Chairman.",,,,,,,,,,,,,,,,,,,,,,,,,,,,,,,,
Jamui,242-Jhajha,Dr. Nilendu Dutta Mishra,58.0,,7004846442.0,9431369355/7992454756,"Nilendu Dutta Mishra | Male | 58 | General | Brahmin | Doctor

-Director Of Baidyanath Shankar Netralaya, Deoghar
-MBBS and MS Opthalmology
-Founder Of World Responsible Citizen Organisation
-Social Worker",Candidate,Active for JS,With JS,Call Connected,With JS,,PK meeting is sheduled,,,,,,,,,,,,,,,,,,,,,,,,,,,,,,,,,
Jamui,243-Chakai,Jamadar Singh,,,9934417728.0,9934417728.0,"Jamadar Singh | Male | 64 | General | Rajput | Incumbent Mukhiya


-Incumbent 2 Terms Mukhiya (2016-2021- Present)
-Former BJP Member
-Jan Suraaj Zila Mahasachiv",Active till ticket distribution,Active for JS,With JS,Not Received ,,,,,,,,,,,,,,,,,,,,,,,,,,,,,,,,,,,,
Jamui,243-Chakai,Ranjit Kumar Verma,,,8051724441.0,8051724441.0,"Ranjit Kumar Verma | Male | 37 | OBC | Kushwaha | Ward Sachiv

-Incumbent Ward Sachiv(2018 to Till Date)
-Former BJP Member(2015 to 2020)",Active till ticket distribution, Contested as an Candidate from other Party,Not with JS,Call Connected,Not with JS,,,Independently contested election and joined BJP.,,,,,,,,,,,,,,,,,,,,,,,,,,,,,,,,
Jamui,243-Chakai,Rahul Kumar,38.0,Male,9934062824.0,9934062824.0,"Rahul Kumar| Male | 38 | General | Bhumihar| MLA Contestant

-Jansuraaj State working Committee Member
-Active Social Worker ( Working on Education and Health)
-Independent MLA Contested in 2020 , Chakai Constituency , got 2000 Votes 
-Buisnessman ( Water Plant & Coca Cola Agency)
",Candidate,Active for JS,With JS,Call Connected,With JS,,PK meeting is sheduled,,,,,,,,,,,,,,,,,,,,,,,,,,,,,,,,,
,25-Parihar,Anita Sinha,,,6207548131.0,6207548131.0,"Anita Sinha | Female | 44 | OBC | Koeri | ZP Contestant

-Jansuraaj Founder Member
-Former Zila Parishad Runner Up in 2011 Got 3660 Votes
-Running Kirana Wholesale Shop and Coaching Centre
 
",Active till ticket distribution,Active for JS,With JS,Call Connected,With JS,Willing to Contest PRI election and also ready to work in sangathan,,"In the PRI elections, she will contest the Zila Parishad election and is interested in working in a district-level post in the party.",,,,,,,,,,,,,,,,,,,,,,,,,,,,,,,,
Sitamarhi,25-Parihar,Imteyaz Javed Akhtar Urf Pyare,,,9470038356.0,9470038356.0,"Imteyaz Javed Akhtar | Male | Minority | Sheikh | Former Pramukh

-Former Pramukh(2003 to 2006)
-Former Panchayat Samiti Sadasya(2001 to 2006)
-Former JDU Prakhand Mahasachiv(2010 to 2014)
-Former RJD District President(1997 to 1999)
-Former Janta Dal District President(1994 to 1997)
-Former Congress Block Youth President(1985 to 1988)
-Jan Suraaj State Working Committee Member",Active till ticket distribution,Helped Other Party,,Call Connected,With JS,Willing to Contest PRI election and also ready to work in sangathan,,"If the seat is not reserved, he will contest the Pramukh election and also wants a post in the organization.",,,,,,,,,,,,,,,,,,,,,,,,,,,,,,,,
Sitamarhi,25-Parihar,Nand Kishore Gupta,,,9661202082.0,9661202082.0,"Nand Kishore Gupta | Male | 53 | EBC | Kanu | Loksabha Contestant

-Jansuraaj State Executive Member
-Jansuraaj District Abhiyan Samiti Member ( 2022)
-Independent MP Contested in 2014 (Got 6588 Votes)
-District President of  Bihar State Jeewika Cadre Sangh (In Present)
-Cheif Spokes Person of Bihar State Jeewika Cadre Sangh 
-Former JDU District Active Member ( 2003-2005) 
-2 Term Sarpanch Runner Up ( 2006 & 2021)
-Mukhiya Runner Up ( 2016)",Active till ticket distribution,Neutral Stance,,Call Connected,With JS,Willing to Contest PRI election and also ready to work in sangathan,,He will contest the Mukhiya election and wants a district-level post in the organization.,,,,,,,,,,,,,,,,,,,,,,,,,,,,,,,,
Sitamarhi,25-Parihar,Kudush Nut,,,7633015496.0,7762961330.0,"Kudush Nut | Male | 45 | Minority | Nut | Zila Parishad

-Incumbent Zila Parishad 
-Jansuraaj District Secretary
-Former BSP District Maha Sachiv ( 2021-2022)
-Former ZP Runner up (2016 with 300 votes)
-ZP contested in 2011 got 3rd Position with 2750 votes
",Active till ticket distribution,Active for JS,With JS,Not Received ,,,,,,,,,,,,,,,,,,,,,,,,,,,,,,,,,,,,
,25-Parihar,Awadhesh Prasad,64.0,,9546906671.0,9546906671.0,"Awadhesh Prasad | Male | 64 | OBC | Kushwaha | Former PACS President

-Former 2 Terms PACS President(2009 to 2019)
-Former Mukhiya(2001 To 2006)
-Former RLSP Pradesh Mahasachiv(2006 To 2020)
-Former Rashtriya Lok Morcha Mahasachiv(2021 To 2022)
-Former Janta Dal Pradesh Sachiv(1989 To 1994)
-Farming",Candidate,,,,,,,,,,,,,,,,,,,,,,,,,,,,,,,,,,,,,,,
,25-Parihar,Anil Kumar,,,6200181876.0,6200181876.0,"Anil Kumar | Male | 44 | OBC | Yadav | Businessman

-General Store & Fertilser Business
-Former RJD Member(2010 To 2010 To 2020)
-Jan Suraaj Sanghtan Zila Sanyojak",Active till ticket distribution,Helped Other Party,,Call Connected,With JS,Willing to Work in Sangathan at Dist/State Level,,He will work in the organization with assigned responsibilities and will not contest the Panchayat elections.,,,,,,,,,,,,,,,,,,,,,,,,,,,,,,,,
,25-Parihar, Nageshwar Matho,,,9229590518.0,9229590518.0," Nageshwar Mahto | Male | 62 | OBC | Bania | ZP Contestant

-Former ZPO Contestant, 2021, Got 5558 Votes
-Former PACS Contestant,2024  Got 1118 Votes
-Former Mukhiya Contestant, 2016, 
-Former Panchayat Samiti Sadasya, 2001 
-Social Worker",Active till ticket distribution,Neutral Stance,With JS,Call Connected,With JS,Willing to Contest PRI election and also ready to work in sangathan,,"In the PRI elections, he will contest the Zila Parishad election and will continue to work at the district level within the organization in the future.",,,,,,,,,,,,,,,,,,,,,,,,,,,,,,,,
,25-Parihar,Chandrashekhar Prasad,,,8863933759.0,8863933759.0,"Chandrashekhar Prasad | Male | 40 | OBC | Suri | Social Worker

-Social Worker
-Farmer
-Jan Suraaj Prakhand Upadhyaksh",Active till ticket distribution,Active for JS,With JS,Call Connected,With JS,Willing to Work in Sangathan at Dist/State Level,,He will not contest the Panchayat election and only wants to remain a member of the party organization.,,,,,,,,,,,,,,,,,,,,,,,,,,,,,,,,
Sitamarhi,25-Parihar,Md Dilawez Shamim,,,9973577952.0,9973577952.0,"Md Dilawez Shamim | Male | 41 | Minority | Doctor

-Consultant Physician & Diebetologist
-Runs a Private Clininc, Rasha Health Care
-MBBS and MD ",Active till ticket distribution,Active for JS,With JS,Call Connected,With JS,Willing to Work in Sangathan at Dist/State Level,,He will not contest the PRI election but is interested in a district-level post within the organization.,,,,,,,,,,,,,,,,,,,,,,,,,,,,,,,,
Sitamarhi,26-Sursand,Nitish Kumar,,,9837473848.0,9837473848.0,"Nitish Kumar | Male | 46 | General | Bhumihar | Businessman

-LPG Distributor
-Runs a Petrol Pump
-Jan Suraaj Zila Sanyojak
-Jan Suraaj Abhiyaan Samiti Sadasya",Active till ticket distribution,Active for JS,With JS,Call Connected,With JS,Willing to Contest PRI election and also ready to work in sangathan,,"He wants to contest the Zila Parishad election, and the decision regarding organizational responsibilities will be taken after meeting with PK, as he wants to work while holding a major district-level position.",,,,,,,,,,,,,,,,,,,,,,,,,,,,,,,,
,26-Sursand,Pankaj Kumar,,,9973928834.0,9973928834.0,"Pankaj Kumar | Male | 47 | General | Bhumihar | Former PACS Chairman

-Former PACS Chairman (2009 To 2019)
-Formwr Vyapar Mandal Chairman(2010 to 2015)
-Former District Cooperative Bank Chairman(2012 To 2018)
-Former BJP Sanyojak District Sahkarita Prakosht(2023 To 2024)
-Former BJP Member(2015 To 2024)
-Samajaik Vikas samiti Sachiv
-Director Of DPS School
-Owner Of Mithila Party Palace and Restaurant",Active till ticket distribution,Helped Other Party,,Call Connected,Not with JS,,,,,,,,,,,,,,,,,,,,,,,,,,,,,,,,,,,
Sitamarhi,26-Sursand,Maya Shankar Sharan,,,6200556365.0,9939291921.0,"Maya Shankar Sharan | Male | 64 | EBC | Teli | Loksabha Contestant

-Former Loksabha Contesatnt, 2009, Sitamarhi, BSP, Got 25000 Votes
-Former Congress Zila Sachiv
-Former Congress OBC Cell Zila Mahasachiv",Active till ticket distribution,Active for JS,With JS,Call Connected,With JS,Willing to Work in Sangathan at Dist/State Level,,"He will not contest the PRI election and will prepare for the upcoming Vidhan Sabha election. He is seeking a district-level responsibility within the party, and he is unhappy that till now he has not been given any major post in the district that he deserves.",,,,,,,,,,,,,,,,,,,,,,,,,,,,,,,,
,26-Sursand,Shambhoo Kumar,,,9473133017.0,9473133017.0,"Shambhoo Kumar | Male | 48 | OBC | Yadav | Incumbent Mukhiya

-Incumbent Mukhiya, 2021 To Till Date 
-Former Mukhiya Contestant, 2016 , Got 827 Votes
-Jan Suraaj Yuva SanyoJak
-Businessman(Tent House)
-Social Worker",Active till ticket distribution,Active for JS,With JS,Call Connected,With JS,Willing To Contest Panchayati Raaj ,,He will contest the Mukhiya election and will not hold any post in the organization until the elections are over.,,,,,,,,,,,,,,,,,,,,,,,,,,,,,,,,
Sitamarhi,26-Sursand,Nawal Kishor Raut,,,9955715762.0,9955715762.0,"Nawal Kishor Raut | Male | 54 | OBC | Bania | Incumbent ZP 

-Incumbent ZP Member(2021 To Till Date)
-Former MLA Contestant, 2015 , CPI, Got 12000 Votes
-Former MLC Contestant, CPI, 2009, Sheohar, 512 Votes
-Former ZP Member 2001 to 2011
-Former CPI Joint Secretary(2000 to 2020)
-Former CPI Member(1985 to 2020)
-Jan Suraaj Zila Prabhari",Active till ticket distribution,Active for JS,With JS,Call Connected,With JS,Willing to Contest PRI election and also ready to work in sangathan,,He will contest the Zila Parishad election and is currently a member of the organization’s core committee; he wishes to continue in this role in the future as well.,,,,,,,,,,,,,,,,,,,,,,,,,,,,,,,,
,26-Sursand,Md Reyaz Mansoori,,,9771259291.0,9771259291.0,"Md Reyaz Mansoori | Male | 31 | Minority | Dhunia | Incumbent Defacto Mukhiya

-Incumbent Defacto Mukhiya, 2021 To Till Date
-Construction Material Business
-Contractor
-Jan Suraaj Anumandal Yuva Adhyaksh",Active till ticket distribution,Helped Other Party,,Call Connected,With JS,Willing to Contest PRI election and also ready to work in sangathan,,"In the PRI elections, he will contest the Mukhiya election. He previously served as the Anumandal Yuva Adhyaksh in the organization and now wishes to take on a district-level post",,,,,,,,,,,,,,,,,,,,,,,,,,,,,,,,
Sitamarhi,26-Sursand,Padmaraj Bhardwaj,,,9631304383.0,9631304383.0,"Padmaraj Bhardwaj | Male | 48 | General | Bhumihar | Incumbent Mukhiya

-Incumbent Mukhiya, 2016 To Till Date
-Former Defacto Mukhiya Contestant, 2011
-Former LJP Member
-Jan Suraaj State Core Committee Member
-Agriculture",Active till ticket distribution,Helped Other Party,,Call Connected,With JS,Willing to Contest PRI election and also ready to work in sangathan,,He will contest the Mukhiya election and seeks a district-level post in the organization.,,,,,,,,,,,,,,,,,,,,,,,,,,,,,,,,
,26-Sursand,Usha Kiran ,48.0,,8287522872.0,8287522872.0,"Usha Kiran | Female | 48 | OBC | Yadav | Former ZP

-Former 3 Consecutive Terms  ZP , 2004 To 2016
-Former ZP Contestant, 2016 
-Father was Former Pramukh 
-Mother Was Former Pramukh
-Father In Law was 3 Terms MLA and Cabinet Minister Bihar Govt
-Father In Law Was 2 Terms MP",Candidate,,,,,,,,,,,,,,,,,,,,,,,,,,,,,,,,,,,,,,,
,27-Bajpatti,Azam Khan,45.0,,9431426133.0,9431426133.0,"Azam Khan | Male | 45 | Minority | Sheikh | MLA Contestant

-Former MLA Contestant, 2015, Riga NCP, 2010, Runnisaidpur , LJP& 2005 Runnisaidpur, LJP
-Former JDU State Wise President, Minority Cell(2010-2015)
-Former State Vice President(1999-2004)
-His Father Anwarul Haque was MP",Candidate,,,,,,,,,,,,,,,,,,,,,,,,,,,,,,,,,,,,,,,
,27-Bajpatti,Gyanbardhan Singh,,,9934670606.0,9934670606.0,"Gyanbardhan Singh | Male | 46 | General | Rajput | Panchayat Samiti Contesatnt

-Former Panchayat Samiti Contestant(2021) , got 926 Votes
-Former Congress Member(2010 to 2015)
-Member of Sitamrhi Red Cross Society
-Bharat Scout and Guide Member, recievd awards for saving lives during flood by state Govt.
-Jan Suraaj Prakahand Adhyaksh
-Grand Father, Mithila Bihari Singh was Freedom Fighter
-M.D of Anshji Vanshji Construction Company",Active till ticket distribution,Neutral Stance,With JS,Call Connected,With JS,Willing to Contest PRI election and also ready to work in sangathan,,"He will contest the Mukhiya election; if the seat is not reserved, he will contest the Zila Parishad election. He wishes to hold a district-level post within the organization.",,,,,,,,,,,,,,,,,,,,,,,,,,,,,,,,
,27-Bajpatti,Ajeet Kumar Jha,,,9479867714.0,9479867714.0,"Ajeet Kumar Jha | Male | 38 | General | Bhumihar | Retired Indian Army

-Retired Indian Army
-Runs a Defence Academy, Delhi NCR
-More than 4000 trees planted 



",Active till ticket distribution, Contested as an Candidate from other Party,With JS,Call Connected,With JS,,,He will work in the party as a member and will not contest the Panchayat elections.,,,,,,,,,,,,,,,,,,,,,,,,,,,,,,,,
Sitamarhi,27-Bajpatti,Group Captain Mohd Zeyaur Rahman,,,8789234416.0,8789234416.0,"Mohd Zeyaur Rahman | Male | 63 | Minority | Sheikh | Former AZP Member

-Former Azad Samaj Party(2020 To 2020), Member
-Retired Indian Airforce Group Captain, 2011
-Agriculture
-President of Foundation For Peace and Humanity
-Provide Free Coaching to Poor Students",Active till ticket distribution, Contested as an Candidate from other Party,,Call Connected,Not with JS,,,,,,,,,,,,,,,,,,,,,,,,,,,,,,,,,,,
,28-Sitamarhi,Ziauddin Khan,,,9470824455.0,9470824455.0,"Ziauddin Khan | Male | 60 | Minority | Pathan | JDU Sanghatan Prabhari 

-Former Mukhiya (2001 to 2006)
-Former Mukhiya Sangh Adhyaksh(2012-2017)
-Former PACS President(2005 to 2020)
Defacto(Wife) Mukhiya(2006 to 2016)
-Former JDU Sanghatan Prabhari (2018 to 2024)
-Former JDU Zila Adhyaksh(2016 to 2018)
-Former JDU Pradesh Mahasachiv(2013 to 2024)
-Former JDU Minority Cell District President(2013 to 2024)
-Former Samta Party Zila Mahaschiv(1998 to 2000)
",Active till ticket distribution,Helped Other Party,,Call Connected,Not with JS,,,,,,,,,,,,,,,,,,,,,,,,,,,,,,,,,,,
Sitamarhi,28-Sitamarhi,Ajit Kumar,,,9430053636.0,9430053636.0,"Ajit Kumar | Male | 35 | OBC | Kushwaha | Incumbent Mukhiya

-Incumbent Mukhiya, 2021 To Till Date
-Former JDU Block President, 2017 To 2019, Farmer Cell
-Former RLSP Member
-Jan Suraaj Zila Upadhyaksh
-Jan Suraal Zila Yuva Prabhari
-Director Of King Digital Pvt. Ltd, (Software Company)
-Runs a Motircyle Agency Also
-Social Worker",Active till ticket distribution,Helped Other Party,,Call Connected,With JS,Willing to Contest PRI election and also ready to work in sangathan,,"He is the present Mukhiya. If the seat gets reserved, he will contest the Zila Parishad election. If given responsibility in the organization, he would like to take it, but only at the district level.",,,,,,,,,,,,,,,,,,,,,,,,,,,,,,,,
,29-Runnisaidpur,Shashi Nath Singh,,,9334422371.0,9334422371.0,"Shashi Nath Singh | Male | 65 | General | Bhumihar | Former BJP Rajya Parishad Sadasya

-Former BJP Rajya Parishad Sadasya(2000 To 2024)
-Jan Suraaj Vidhan sabha Prabhari
-Agriculture
",Active till ticket distribution,Helped Other Party,,Call Connected,With JS,,,,,,,,,,,,,,,,,,,,,,,,,,,,,,,,,,,
,29-Runnisaidpur,Shobha Rani,,,8271703635.0,8271703635.0,"Shobha Rani | Female | 62 | General | Bhumihar | Former ZP Member

-Former ZP Member(2001 to 2006)
-Former BJP Distrcit Vice President(1992 to 1997)
-Jan Suraaj Anumandal Samiti Sadasya
-Lawyer at District Court
-Retired Govt Teacher",Active till ticket distribution,Active for JS,With JS,Switch Off,,,,,,,,,,,,,,,,,,,,,,,,,,,,,,,,,,,,
Vaishali,29-Runnisaidpur,Vijay Kumar Sah,49.0,,9430421218.0,9905268268.0,"Vijay Kumar Sah | Male | 49 | EBC | Kanu | MLA Contestant

-Former MLA Contestant, 2015, independent, got 7800 Votes
-Former Mukhiya Contestant(2021), 
-Former ZP Member(2011 to 2016)
-Former BJP Zila Sanyojak, Pradesh Karyakarini Saadsya(2021 to 2024)
-Incumbent Kanu Kalyan Mahasabha Upadhyaksh(2012 to Till Date)
-Property Dealer",Candidate,,,,,,,,,,,,,,,,,,,,,,,,,,,,,,,,,,,,,,,
West Champaran,03-Narkatiaganj,Abhijay Singh,,,9123240831.0,9123240831.0,"Abhijay Singh | Male | 35 | General | Rajput | Former DEfacto Mukhiya

-Former Defacto(Mother) Mukhiya(2016 To 2021)
-Grand Father Raghunath Saharan singh was Mukhiya 1969 To 2006) & 2011 To 2016
-Owns a Petrol Pump
Director Of Healing Buddy Health Care Pvt Ltd
-Farming",Active till ticket distribution,Active for JS,With JS,Call Connected,With JS,Willing to Contest PRI election and also ready to work in sangathan,,"He will contest the Zila Parishad election if the seat is not reserved, and if he is given responsibility by the party, he will serve in a district-level post in the future.",,Call Connected,,,"Abhijay Singh | Male | 35 | General | Rajput | Former DEfacto Mukhiya

-Former Defacto(Mother) Mukhiya(2016 To 2021)
-Grand Father Raghunath Saharan singh was Mukhiya 1969 To 2006) & 2011 To 2016
-Owns a Petrol Pump
Director Of Healing Buddy Health Care Pvt Ltd
-Farming",,,,,,,,Gaunaha_20,,,,,,,,,,,,,,,,,,,
West Champaran,03-Narkatiaganj,Shambhu Prasad,,,7766992645.0,9113443700.0,"Shambhu Prasad | Male | 43 | SC | Gond | MP Contestant

-Jan Suraaj District Coordinator
-Jan Suraaj State Abhiyan Samiti Member
-Zila Parishad Runner up in 2021 got 12000 votes
-Independent MP contested in 2024 got 11000 votes
-Former BJP Member
-Running Indane LPG Agency",Active till ticket distribution,Active for JS,With JS,Call Connected,With JS,Willing to Contest PRI election and also ready to work in sangathan,,"-Interested to contest Zila Parishad election in PRI Election
-He is ready to take responsability in the district committiee 
",,Not Received ,,,"Shambhu Prasad | Male | 43 | SC | Gond | MP Contestant

-Jan Suraaj District Coordinator
-Jan Suraaj State Abhiyan Samiti Member
-Zila Parishad Runner up in 2021 got 12000 votes
-Independent MP contested in 2024 got 11000 votes
-Former BJP Member
-Running Indane LPG Agency",,,,,,,,Gaunaha_21,,,,,,,,,,,,,,,,,,,
West Champaran,03-Narkatiaganj,Reena Devi,,,8002174567.0,8002174567.0,"Reena Devi | Female | 39 | EBC | Kumhar | Block Pramukh

-Former ZP Contesatnt 2021 To Till Date
-Former 2 Terms Panchayat Samiti (2016 To 2021)
-Former Block Pramukh(2016 To 2021)
-Former Ward Member, 2001 To 2006
-Former BJP Nagar Uapdhyaksh, Mahila Cell
-Former LJP Pradesh Upadhyaksh, Mahila Cell
-Jan Suraaj Mahila Zila Sanghatan Adhyaksh
",Not Active,,,Call Connected,Not with JS,,,,,Not connected,,,,,,,,,,,,,,,,,,,,,,,,,,,,,,
West Champaran,03-Narkatiaganj,Anil Kumar Mishra,,,9608657723.0,9608657723.0,"Anil Kumar Mishra | Male | 54 | General | Brahmin | Social Worker

-Zila Pashu Krurta Nivaran Society , 2010 To 2023
-Janki sanskrit Mahavidayalay Sachiv, 2018 To 2021
-Social Worker",Active till ticket distribution,Active for JS,With JS,Call Connected,With JS,Willing to Work in Sangathan at Dist/State Level,,PRI election nhi contest karege but party me sanghthan me post par rhege.,,Call Connected,Not interested,,,,,,,,,,,,,,,,,,,,,,,,,,,,,
West Champaran,03-Narkatiaganj,Sheikh Musannif,,,7739796030.0,7739796030.0,"Sheikh Musannif | Male | 80 | Minority | Sheikh | PACS President

-Incumbent PACS President(2024 To TIll Date)
-Former Mukhiya(1978 to 2006)
-Former Congress member(1980 to 2021)
-Former Professor at Govt College
-Waqf Board District Secretary(2024 To Till Date)
-",Not Active,,,Call Connected,With JS,,,Not interested to contest PRI election But he will work as a member in the party ,,Not connected,,,,,,,,,,,,,,,,,,,,,,,,,,,,,,
West Champaran,03-Narkatiaganj,Abbas Ahmad,,,9430024231.0,9430024231.0,"Abbas Ahmad | Male | 67 | Minority | Sheikh | MLA Contestant

-Former MLA Contestant 2000, RJD, Sikta
-Former RJD Zila Adhyaksh(1997 to 2012)
-Former Janta Dal Zila Mahasachiv(1995 to 1997)
-Former Janta Dal Zila Adhyaksh(1990 to 1995)
-Former Janta Party Yuva Zila Adhyaksh(1987 to 1990)
-Jan Suraaj State Core Committee Member
-Jan Suraaj Zila Prabhari",Active till ticket distribution,Neutral Stance,With JS,Switch Off,,,,,,Call Connected,,Not Interested,"- 4 times Ex RJD District President 
- Popular among farmer community due to his activities and protests for their cause
- Farmer representative of Narkatiaganj Sugar Mill""",,,,,,,,No,,,,,,,,,,,,,,,,,,,
West Champaran,03-Narkatiaganj,Abhijeet Kumar Urf Sunny Dubey,,,9931566559.0,9288112084.0,"Abhijeet Kumar Urf Sunny Dubey | Male | 39 | General |  Brahmin | Incumbent Mukhiya

-Incumbent 3 Consecutive terms Mukhiya, 2011 To Till Date
-Former Defacto Mukhiya , 2006 To 2011
-Grand Father was Mukhiya 2 Terms , 1968 To 1978
-Grand Father Was Block Pramukh, 1980 To 2001
-Farmer
-Jan Suraaj Block President",Active till ticket distribution,Active for JS,With JS,Switch Off,,,,,,Call Connected,,,,Mukhiya ,,,,,,,,,,,,,,,,,,,,,,,,,,
,30-Belsand,Aparna Singh,32.0,Female,8756735380.0,8756735380.0,"Aparna Singh | Female | 32 | General | Rajput | Incumbent Mukhiya

-Incumbent Mukhiya(2021 To Till Date)
-Father In law Shyambabu Singh Was Mukhiya (2016 To 2021)
-Jan Suraaj Zila Karyawahak Samiti Member
",Candidate,,,,,,,,,,,,,,,,,,,,,,,,,,,,,,,,,,,,,,,
Madhubani,31-Harlakhi,"
Sarita Devi",,,7781956774.0,8825109049.0,"Sarita Devi | Female | 42 | General | Former ZP

-Former Zila Parishad in 2016-2021
-ZP Runner Up in 2021 Got 10986 votes
-Jansuraaj founder Member
- Former JDU District Vice President (2019-2021)
-Former JDU State vice President of Mahila Cell ( 2018-2021)
-Former JDU State secratory (2015-2023)",Active till ticket distribution,Active for JS,With JS,Call Connected,With JS,Willing to Contest PRI election and also ready to work in sangathan,Yes,"-Want to contet PRI election.
-She also want a good position in district or state level.
-Fully devoted towardsJS.
-Volunteer payments dues cab payment dues.",,,,,,,,,,,,,,,,,,,,,,,,,,,,,,,,
Madhubani,31-Harlakhi,Sanjeev Kumar Badal Gupta,,,9473144632.0,8521350202.0,"Sanjeev Kumar Badal Gupta | Male | 41| OBC | Bania | Incumbent ZP

-Jansuraaj State working Commitee Member
-Incumbent 2 term Zila Parishad(2016 to Till Date)
-Footwear Enterprises Business
-Founder Of  Jai Jai Gurudev Old Womens Ashram 
-Former BJP Member ( 2021-2023)",Active till ticket distribution, Contested as an Candidate from other Party,Not with JS,Call Connected,Not with JS,,,"-Will decide later whether continue or not with JS.
-Want to contet PRI election.
-No considration of sangthan feedback.",,,,,,,,,,,,,,,,,,,,,,,,,,,,,,,,
Madhubani,31-Harlakhi,DR.Prem Kumar Mandal,,,9162574201.0,9162574201.0,"DR.Prem Kumar Mandal |  Male | 53 |  EBC | Dhanuk | Incumbent Mukhiya

-Doctor(BAMS)
-Incumbent Mukhiya(2021)
-District President, All India Dhanuk Unity Federation(2014-2023)
-Former Zila Parishad(2006 to 2011)
Former JDU Member(2006 to 2022)
",Active till ticket distribution,Active for JS,With JS,Call Connected,With JS,Willing to Contest PRI election and also ready to work in sangathan,,"-Fully devoted towards JS.
-Willing to Contest PRI election and also ready to work in sangathan.
-Due to his profession he want position at District/Anumandal level.",,,,,,,,,,,,,,,,,,,,,,,,,,,,,,,,
Madhubani,31-Harlakhi,Ranjit Kumar,,,9155099085.0,9155099085.0,"Ranjit Kumar | Male | 37 | EBC | Nai | Incumbent Defacto Mukhiya 

-Incumbent Defacto Mukhiya(2021 To Till Date)
-Director of NGC Coaching Centre & Pramila Public School
-Former Jan Adhikar Party Loktantrik Zila Yuva Upadhyaksh(2017 to 2022)
-Jan Suraaj Zila Yuva Adhyaksh",Active till ticket distribution,Helped Other Party,,Not Received ,,,,,,,,,,,,,,,,,,,,,,,,,,,,,,,,,,,,
Madhubani,31-Harlakhi,Ishwar Chandra Jha,,,9525600573.0,9525600573.0,"Ishwar Chandra Jha | Male | 48 | General | Brahmin | Congress Mahasachiv

-Former Congress Mahasachiv
-Former Yuva Congress Mahasachiv
-Former District Youth Congress Spokesperson, 2008 To 2010
-Former BJP Mandal Asdhyaksh, Narela , New Delhi, 1997 To 1998
-Former Benipatti Bar Association Mahaschiv, 2021 To 2024
-Social Worker",Active till ticket distribution,Neutral Stance,With JS,Call Connected,With JS,Willing to Work in Sangathan at Dist/State Level,,"-Fully devoted towards JS.
-Candidate selection was not upto mark.
-Worker and stakeholder management issue.
-Willing to Work in Sangathan at Dist/State Level.",,,,,,,,,,,,,,,,,,,,,,,,,,,,,,,,
Madhubani,31-Harlakhi,Md Mustafa,,,8974986786.0,8974986786.0,"Md Mustafa | Male | 57 | Minority | Sheikh | Businessman

-Sister In Law is Mukhiya (2021)
-Businessman(Bakery)",Active till ticket distribution,Active for JS,With JS,Call Connected,With JS,Willing to Contest PRI election and also ready to work in sangathan,Yes,"-fully devoted towards JS.
-Brother will contest mukhiya,He himself contest ZP.
-He is out of bihar till feb. end.
-Willing to Contest PRI election and also ready to work in sangathan.
-Wrong candidate caste selection.",,,,,,,,,,,,,,,,,,,,,,,,,,,,,,,,
Madhubani,31-Harlakhi,Ratneshwar Thakur,64.0,,9006402945.0,9006402945.0,"Ratneshwar Thakur| Male |64 | General | Bhumihar | Former CPI State Council
-Rtrd Govt. teacher (2012 - 21)
-Jansuraaj State Executive Member
-Former District  President of  Block Pramukh Sangh( 2006-2011)
-Former Mukhiya (2001)
-State Council of CPI of Control commission ( 2006-2009)
-CPI State farmers cell President ( 2009-2012)
-Member of Bharat Soviet Maitryi Sangh National Sangh ( 1982-85)
- National President of Saajhanand Khet khalihan Trust ( 2024--Till date)
-former  Joint Secratory of govt TeacherTraining college trainee of State Teacher Sangh 
-Life Member of Red cross sociaty  Madhubani",Candidate,,With JS,Call Connected,With JS,,,,,,,,,,,,,,,,,,,,,,,,,,,,,,,,,,,
Madhubani,31-Harlakhi,Jitendra Yadav,,,8745802986.0,8745802986.0,"Jitendra Yadav | Male | 35 | OBC | Yadav | RJD Pardesh sachiv

-former RJD Pradesh Sachiv(2020 To 2023)
-Former RLSP Rashtriya Mahasachiv(2017 to 2020)
-Jan Suraaj Pradesh Karyakarini Sadasya
-Social Worker",Active till ticket distribution, Contested as an Candidate from other Party,,Switch Off,,,,,,,,,,,,,,,,,,,,,,,,,,,,,,,,,,,,
Madhubani,32- Benipatti,Md Parvej Alam,45.0,,9631329886,9631329886,,Candidate,,,Call Connected,With JS,Willing to Contest PRI election and also ready to work in sangathan,,- ,,,,,,,,,,,,,,,,,,,,,,,,,,,,,,,,
Madhubani,32- Benipatti,Ashok Kumar Jha ,,,9204033817.0,9204033817.0,"Ashok Kumar Jha | Male |  General | Brahmin | Advocate

-Advocate at Sub Divisional Court and District Court, Madhubani
-Farmer(15 Bigha Agriculture Land
-Provide Legal Aid to Poor Clients",Active till ticket distribution,Active for JS,With JS,Call Connected,With JS,None of the Above ,Yes,"-Mentaly,physcally,finacially exploitment.
-No process follow in selection.
-But still he is with JS
-JS attraction steadly downing.",,,,,,,,,,,,,,,,,,,,,,,,,,,,,,,,
Madhubani,32- Benipatti,Naveen Chandra Jha,,,9431213521.0,9431213521.0,"Naveen Chandra Jha| Male | 62 | General | Brahmin| INC Technical Cell State President

-Jansuraaj State working Coomittee Member
-INC State President ( Technical Cell) 2004-2014
-INC Delegate Benipatti  ( 2006-2009)
-Former joint sec. of Student Union NSUI
-Senior volunteer member of Rotary International
-Former ass. Governor of Rotary international ( Bihar & Jharhand)",Not Active,Neutral Stance,,Call Connected,With JS,Willing to Work in Sangathan at Assembly Level,Yes,"-Anger in public due to muslim candidature.
-No process in candidate selection.
-Will decide later whether continue or not with JS.
-Will prepairing for next AE.",,,,,,,,,,,,,,,,,,,,,,,,,,,,,,,,
Madhubani,32- Benipatti,Awadh Kishor Jha,,,8210123155.0,8210123155.0,"Awadh Kishor Jha | Male | 48 | General |  Brahmin | Incumbent Mukhiya

-Incumbent Mukhiya (2021 to Till Date)
-Incumbent Zila Mukhiya Mahasangh Karyalay Sachiv(2021 To till Date)
-Jan State Core Cimmittee Member
-Agriculture",Active till ticket distribution, Contested as an Candidate from other Party,Not with JS,Call Connected,Not with JS,,,,,,,,,,,,,,,,,,,,,,,,,,,,,,,,,,,
Madhubani,32- Benipatti,Randhir Kumar Jha,,,9117110123.0,9117110123.0,"Randhir Kumar Jha | Male | 36 | General | Brahmin | Incumbent Defacto ZP 

-Incumbnet Defacto ZP(2021 to Till Date)
-Former Member of Mithila Student Union(2015 to 2023)
-Former National Vice President of Mithila Student Union(2022 to 2023)
-Jan Suraaj State Working Committee Member",Active till ticket distribution,Helped Other Party,Not with JS,Call Connected,With JS,Willing To Contest Panchayati Raaj ,"Yes,But not in Patna.","-No communication after ticket.
-Need answer from Higher authority why he was ignored after investing such amount of time money and resources.
-Failed to manage other probable.",,,,,,,,,,,,,,,,,,,,,,,,,,,,,,,,
Madhubani,32- Benipatti,Bindu Kumar Jha,,,6200072595.0,6200072595.0,"Bindu Kumar Jha | Male | 43 | General |  Brahmin | BJP Member

Former BJP Member, 2001 To 2025
-Farmer and Animal Husbandry
-Social Worker
-Father was IAS, Pramod Narayan Jha",Not Active,Helped Other Party,,Call Connected,With JS,Willing to Contest PRI election and also ready to work in sangathan,,"-Fully devoted towards JS.
-His wife will contest PRI election.
-Wrong caste candidate selection for bad results.",,,,,,,,,,,,,,,,,,,,,,,,,,,,,,,,
Madhubani,32- Benipatti,Manish  Kumar,,,9931361675.0,9931361675.0,"Manish  Kumar | Male | 54 | General | Brahmin| Businessman

-Jansuraaj District Chief Spokeperson
-Director of Manish Tutorial Career School (Total No of  Enrollment is 280)
-District President of Priivate school sangh (2017-Till date)
-Founder of Honesty and responsibility of Madhubani.
-Founder of Dhananjay Devki Charitable Foundation
-Social Activist ( RTI& RTE)
",Active till ticket distribution,Active for JS,With JS,Call Connected,With JS,None of the Above ,,"-Helped Candidate of Khajauli Vidhansabha.
-Disipointed due to ticket distribution.",,,,,,,,,,,,,,,,,,,,,,,,,,,,,,,,
Madhubani,33-Khajauli,Rupam Kumari,31.0,Female,7654205235.0,8210891948.0,"Rupam Kumari | Female | 31 | OBC | Yadav | Mukhiya

-Incumbent Mukhiya(2021 to Till Date)
-Incumbent District Mukhiya Sangh President
-Mother in Law Late Amla Devi former mukhiya (2016-2021)
-",Candidate,,With JS,Call Connected,With JS,,,,,,,,,,,,,,,,,,,,,,,,,,,,,,,,,,,
Madhubani,33-Khajauli,Virendra Yadav,,,8709598547.0,8709598547.0,"Virendra Yadav | Male | OBC | Yadav | Defacto Mukhiya

-Former RJD Member(2017 to 2022)
-Incumbent Defacto Mukhiya(2016 to Till Date)
-Businessman(Construction Material)
-Former Jan Suraaj Zila Abhiyaan Samiti Member",Active till ticket distribution,Active for JS,With JS,Call Connected,With JS,Willing to Contest PRI election and also ready to work in sangathan,,"-Fully devoted towards JS.
-AlsoWilling to Contest PRI election and also ready to work in sangathan",,,,,,,,,,,,,,,,,,,,,,,,,,,,,,,,
Madhubani,33-Khajauli,Kumar Chanakya Alok,,,7079986549.0,8789591240.0,"Kumar Chanakya Alok | Male | 35 | EBC | Kanu | Enterpreneur

-Enterpreneur(CEO of Swachhtech Industries)
-Father is Incumbent Sarpanch(2021 To Till Date)
-President of Bihar Udhami Manch
-Received Achiever Awards by Industrial Minister, Bihar(2022)
- B.tech In ECE",Not Active,Neutral Stance,With JS,Call Connected,With JS,None of the Above ,,"-He is a businessman.
-Not much sereous as an ACC.
-He Is no much inclined with JSP.",,,,,,,,,,,,,,,,,,,,,,,,,,,,,,,,
Madhubani,33-Khajauli,Brajesh Raut,,,9430949708.0,9430949708.0,"Brajesh Raut | Male | 58 | OBC | Bania | MLA Contestant

-Former MLA Contestant, 2010, Got 1000 votes, 2015, Got 2500 Votes & 2020, got 2500 Votes , Khajauli Constituency
-Former ZP Member ,2011 to 2016
-Former ZP Contestant ,2006
-Former LJP Business Cell District President(2004 to 2009)",Not Active,Helped Other Party,With JS,Call Connected,With JS,Willing to Contest PRI election and also ready to work in sangathan,Yes,"-Preparing fro ZP election.
-Want to be part of JS Orgnisation.
-Also want to contest next AE election.
-Fully dedicated towards JS.
",,,,,,,,,,,,,,,,,,,,,,,,,,,,,,,,
Madhubani,33-Khajauli,Sachin Singh        ,,,9835042037.0,9835042037.0,"Sachin Singh| Male | 42 | General  |Rajput | Incumbent Panchayat Samiti

-Incumbent 2 Terms  Panchayat Samiti Candidate from 2016 Till Date)
-Incumbent Prakhand Pramukh  2016 To 2021)
-Former BJP Working Committee Member(2018 To 2023)
-Director Of Real Estate Company(Docteur Reator)
-Jan Suraaj State Working Committe Member",Active till ticket distribution,Active for JS,With JS,Call Connected,With JS,Willing to Contest PRI election and also ready to work in sangathan,Yes,"-Preparing fro ZP/BP election.
-Want to be part of JS Orgnisation.
-Also want to contest next AE election.
-Fully dedicated towards JS.
",,,,,,,,,,,,,,,,,,,,,,,,,,,,,,,,
Madhubani,33-Khajauli,Rita Singh,,,7061165785.0,7061165785.0,"Rita Singh | Female | 61 | General | Rajput | Former ZP

-Former ZP Member, 2001 To 2006
-Former ZP Contestant, 2006
-Former Congress Mahila Upadhyaksh, 2001 To 2011
-Jan Suraaj Zila Mahila Upadhyaksh
",Active till ticket distribution,Neutral Stance,With JS,Call Connected,With JS,Willing to Work in Sangathan at Dist/State Level,Yes,"- She is in  the Party and wil Continue Sangathan 
- Not interested in PRI 
- Not Interested to Contest 2030 but will strenghten the Sangathan ",,,,,,,,,,,,,,,,,,,,,,,,,,,,,,,,
Madhubani,34-Babubarhi,Alok Yadav s/o D P Yadav,36.0,Male,6201111585,6201111585,,Candidate,,,,,,,,,,,,,,,,,,,,,,,,,,,,,,,,,,,,,,,
Madhubani,34-Babubarhi,Juhi Sinha,,,9110985345.0,9110985345.0,"Juhi Sinha | Female | 43 |  General | Kayastha | Samvida Karmi

-Programmer at Patna Secretariat
-Works for Doordarshan also, Program Like aadhi Duniya
-Prominent Social Worker( Works For Upliftment Of SC and Margianalised Class)
-Father In Law Ram Lashan Ram was MLC and Minister in Bihar Govt, Seves as a Education Minister in RJD Govt, 2000 To 2005 and JDU Govt, 2014 To 2020, Mines & Art Nd Culture and Health Minister
-Ravishankar Prasad is her Uncle(Mausa Ji)",Not Active,Neutral Stance,,Call Connected,With JS,Willing to Work in Sangathan at Dist/State Level,Yes,"- She is not interested in PRI Contesting 
- She will Continue Party 
- She is in Delhi, after returning she will meet PK ",,,,,,,,,,,,,,,,,,,,,,,,,,,,,,,,
Madhubani,34-Babubarhi,Raghav Kumar Jha,,,9911874544.0,9911874544.0,"Raghav Kumar Jha | Male | 32 | General | Brahmin | Former NSUI Convenor

-Former NSUI Convenor(2010 to 2011)
-Founder of Rain Pictures(Ad making and Producing Films)
-Jan Suraaj Yuva State Committee Member",Active till ticket distribution,Active for JS,With JS,Call Connected,With JS,Willing to Work in Sangathan at Assembly Level,Yes,"-Fully devoted towards JS.
-Sad due to not got the ticket
-Will preparing for next AE.",,,,,,,,,,,,,,,,,,,,,,,,,,,,,,,,
Madhubani,34-Babubarhi,Ajit Kumar Roy,,,9955738398.0,9955738398.0,"Ajit Kumar Roy | Male | 47 | EBC | Amat | Ex Mukhiya

-Former Mukhiya (2016-2021)
-Mukhiya Runner Up - 2021
-Former PACS , 2009
-Former JDU District Vice President EBC Cell ( 2019-2023)
-JDU Sewa Dal District President ( 2016-2019)",Active till ticket distribution,Active for JS,With JS,Call Connected,With JS,Willing To Contest Panchayati Raaj ,Yes,"-No communication after election.
-No incentive for worker during election.
-Want indepent candidate in PRI Election, but as of now no plan to leave party.",,,,,,,,,,,,,,,,,,,,,,,,,,,,,,,,
Madhubani,34-Babubarhi,Savita Kumari,,,7366805855.0,7366805855.0,"Savita Kumari | Female | 57 | EBC | Kewat | Incumbent Mukhiya

-Jansuraaj State Vice President of Mahila Cell.
-Incumbent 2nd Term Mukhiya  ( 2016-Till Date)
-Former Panchayat Samiti (2001-2006)
-Her Husband Ganga Narayan Choudhary was Mukhiya in 2006
-JDU Active Member ( 2016-2020)
- Anganvaadi Sewika from 2004 to 2015

",Active till ticket distribution,Active for JS,With JS,Call Connected,With JS,Willing to Contest PRI election and also ready to work in sangathan,Yes,"-Preparing fro ZP/Mukhiya election.
-Want to be part of JS Orgnisation.
-Also want to contest next AE election.
-Fully dedicated towards JS.
-Want to meet PK.
",,,,,,,,,,,,,,,,,,,,,,,,,,,,,,,,
Madhubani,34-Babubarhi,Shanti Devi,,,6290552808.0,6290552808/9875538766,"Shanti Devi | Female | 69 | General | Brahmin | Social Worker

-Renowned Social Worker
-Organised Health Awareness Camp
-Son Manoj Jha Contested the MLA Election , Babubarhi, 2010 & 2020",Active till ticket distribution, Contested as an Candidate from other Party,Not with JS,Call Connected,Not with JS,,Yes,-Very angry and offensive,,,,,,,,,,,,,,,,,,,,,,,,,,,,,,,,
Madhubani,35-Bisfi,Md Kalim,,,9430536965.0,8252297286.0,"Md Kalim | Male | 42 | Minority | Sheikh | Former ZP

-Former ZP Member(2011 To 2016)
-Former RLSP Pradesh Upadhyaksh(2015 to 2017)
-Jan Suraaj Block President",Active till ticket distribution,Helped Other Party,,Call Connected,Not with JS,Willing To Contest Panchayati Raaj ,,"-He left JSP after ticket announcement.
-During election he helped RJD.
-Currently He is associated with incumbent MLA.
-As of now he doesn't want any association with JSP.",,,,,,,,,,,,,,,,,,,,,,,,,,,,,,,,
Madhubani,35-Bisfi,Nagendra Prasad Yadav,,,6202063895.0,8581075986.0,"Nagendra Prasad  Yadav | Male | 61 | OBC | Yadav | MLA Contestant

- Former CPI MLA Candidate (1995), 
-Former Krantikari Samajwadi Party Zila Adyakash (1998)
-BSP MLA Candidate (2020)
-Former 2 times ZP Contestant (2006 & 2011)
-Former 3 times PACS President(1996 to 2008)",Active till ticket distribution, Contested as an Candidate from other Party,,Call Connected,With JS,Willing to Work in Sangathan at Assembly Level,,"-His Son Congested from JJP
-He is currently with Js
-He is planning to Support his worker in PRI election.
-He is disappointed due to wrong selection of outsider candidate.",,,,,,,,,,,,,,,,,,,,,,,,,,,,,,,,
Madhubani,35-Bisfi,Vashisht Narayan Jha ,,,9470067184.0,9470067184.0,"Vashisht Narayan Jha | Male | 66 | Male | General | Brahmin | Incumbent Mukhiya 

-Incumbent Mukhiya(2021 To Till Date )
-Former Mukhiya(2006 To 2011)
-Former Congress Zila Upadhyaksh(2016 To 2022)
-Former Congress Member(1980 To 2022)
-Jan Suraaj Zila Adhyaksh",Active till ticket distribution,Neutral Stance,,Call Connected,,Willing To Contest Panchayati Raaj ,,"-He is very upset after ticket annoncement.
-Will contest PRI election as per reservation roaster.",,,,,,,,,,,,,,,,,,,,,,,,,,,,,,,,
Madhubani,36-Madhubani,Indra Shekhar jha,,,7717754694.0,7717754694.0,"Indra Shekhar jha | Male | 54 | General | Brahmin | Mayor Contestant

-Jansuraaj State Executive Member.
-Madhubani Nagar Nigam Mayor Contested (2023), Got 4612 Votes
-Former Mukhiya 2001- to 2006
-Defacto(Wife) Mukhiya 2016 to 2021
-Former RJD State Organisation Secretary(1997 to 2010)
-Former Mukhiya Runner Up (2006), got 869 Votes
-Former RJD Member(1997 to 2024)",Active till ticket distribution,Active for JS,With JS,Call Connected,With JS,Willing to Contest PRI election and also ready to work in sangathan,Yes,"-Wrong Ticket Distribution.
-Very Anger among all ACC due to Wrong selection process .
-He is also the District President of Madhubani.
-Active in Different Vidhansabha, Not Supported in His own Vidhansabha
-Also Planning to contest the Next Mayor Election.
-Wife Will Contest PRI election.",,,,,,,,,,,,,,,,,,,,,,,,,,,,,,,,
Madhubani,36-Madhubani,Rajkumar Chaudhary,,,8076540042.0,8076540042.0,"Rajkumar Chaudhary | Male | 42 | General | Brahmin | Mukhiya Contestant

-Former Mukhiya Contestant(2021) , Got 909 Votes
-Businessman(Printing and Packaging)
- Founder & Secretary of AAVI Educational and Charitable Trust",Not Active,Helped Other Party,,Call Connected,With JS,Willing To Contest Panchayati Raaj ,,"-He is a businessman, currnetly living in Delhi.
-He will contest ZP election if seats remain UR.
-Although he has beleieve in PK and JS.
-He will continue working in JS as active member.",,,,,,,,,,,,,,,,,,,,,,,,,,,,,,,,
Madhubani,36-Madhubani,Anuja Jha,,,8409927551.0,9931870790.0,"Anuja jha | Female | 50 | General | Brahmin | Former Ward Councilor

-Former 2 Terms Ward Councilor(2007 to 2017)
-Former Zila Yojna Samiti Sadasya(2007 to 2012)
-Former Board Of Director of Rahika Central Cooperative Bank(2018 to 2023)
-Former Mayor Contestant, Nagar Nigam Madhubani, 2023
-Former JDU Pradesh Sachiv(2012 to 2017)
-Former JDU Zila Adhyaksh Women Cell(2009 to 2012)
-Jan Suraaj Mahila Shakti Samvaad Sadasya",Not Active,Helped Other Party,,Call Connected,,,,-He Will talk later.,,,,,,,,,,,,,,,,,,,,,,,,,,,,,,,,
Madhubani,36-Madhubani,Dr Sarfaraz Alam ,,,9709888802.0,9709888802.0,"Sarfaraz Alam | Male | 45 | Minority | EBC | Former Loksabha Contestant

-Incumbent Jan Suraaj District Vice President
- Independent Loksabha Contested from Madhubani- 2024(4623 Votes)
-Prestigious Dentist( Owner of The ORO Dental Health care Centre Since 15 Years)
-Every Month on  date of 14 he conducting Free dental check up from 14 years",Active till ticket distribution,Active for JS,With JS,Call Connected,With JS,Willing to Work in Sangathan at Dist/State Level,Yes,"-No concrete coordination after the ticket announcement with ACCs.
-Fully Devoted towards JS.
-He is Proposer of JS Candidate in Nomination.
-He is with JS till his last breath.",,,,,,,,,,,,,,,,,,,,,,,,,,,,,,,,
Madhubani,36-Madhubani,Md Kabiruddin,,,7903260190.0,7903260190.0,"Md KABIRUDDIN | Male | 42 | Minority | Sheikh | Mukhiya
-Incumbent 2 Term Mukhiya( 2016-Till  date)
-Incumbent jansuraaj District General Secretory ",Active till ticket distribution,Helped Other Party,Not with JS,Call Connected,With JS,Willing to Contest PRI election and also ready to work in sangathan,Yes,"-There is a difference between saying and doing.
-Our enthusiasm has already diminished.
-We feel cheated, worker feedback and other things were not considered.
-We are with Jan Suraj but now we don't have that much enthusiasm.
-We could not manage the remaining candidates.
",,,,,,,,,,,,,,,,,,,,,,,,,,,,,,,,
Madhubani,36-Madhubani,Anil Mishra,55.0,,7991178341.0,7991178341.0,"Anil Mishra | Male | 55 | General | Brahmin | Former CPI State Council Member 

-Former 3 Consecutive terms Mukhiya(2001 to 2016)
-Defacto 2 Consecutive terms Mukhiya(2016 to Till Date)
-Former CPI State Council Member(1995 to 2022)
-Founder of Kishan Mazdoor Ekta Sangh(2008 to Till Date)",Candidate,,With JS,Call Connected,With JS,,,,,,,,,,,,,,,,,,,,,,,,,,,,,,,,,,,
Madhubani,36-Madhubani,Gunanand Prasad,,,7739484792.0,7739484792.0,"Gunanand Prasad | Male | 43 | OBC | Yadav | Former Mukhiya

-Former Mukhiya , 2011 To 2016
-Former Defacto Mukhiya, 2006 To 2011 & 2016 To 2011
-Father was Mukhiya from 1978 To 2001
-Father Was ZP Member 2001 To 2006
-Grand Father Was Mukhiya from 1950 To 1978
-Jan Suraaj Media Prabhari and Zila Upadhyaksh
-Former RJD Zila Mahasachiv
",Active till ticket distribution,Active for JS,With JS,Call Connected,With JS,Willing to Contest PRI election and also ready to work in sangathan,Yes,"-Will Contest ZP and Mukhiya both.
-Fully Devoted towards JS.
-I am with Prashant ji with all my heart, mind and money.
-Connect people with this and be truly strong with a clean heart.",,,,,,,,,,,,,,,,,,,,,,,,,,,,,,,,
Madhubani,37-Rajnagar (SC),Raj Kumar Ram,,,mn ,9708982223.0,"Raj Kumar Ram | Male | 53 | Sc | Ravidas | Incumbent Mukhiya 

-Incumbent Mukhiya, 2021, Got 1400 votes
-Former Mukhiya Contestant(2016)-, Got 718 Votes
-Former RJD Member(2001 to 2015)
-Former Congress Member(1995 to 2000)
-Jan Suraaj State Working Committee Member",Active till ticket distribution,Neutral Stance,With JS,Call Connected,With JS,Willing to Contest PRI election and also ready to work in sangathan,,"-Fully devoted towards JS.
-Need to move forward by learning from mistakes.
-Willing to Contest PRI election and also ready to work in sangathan",,,,,,,,,,,,,,,,,,,,,,,,,,,,,,,,
Madhubani,37-Rajnagar (SC),Jivachh Ram,,,8051935214.0,8051935214.0,"Jivachh Ram | Male | 54 | SC | Ravidas | Former Panchayat Samiti

-Former Panchayat Samiti(2006 To 2011)
-Former Panchayat samiti Contestant(2001)
-Former RJD Prakahnd Adhyaksh(2007 To 2010)
-Jan Suraaj Anumandal Upadhyaksh
",Not Active,Helped Other Party,Not with JS,Call Connected,With JS,Willing to Contest PRI election and also ready to work in sangathan,Yes,"-Planning to contest PRI election as per reservation roaster.
-He is still part JS and will continue as a Original Jansuraaji.
-All the workers got separated as the election day approached. 
-I will do whatever responsibility is given to me in the organization.",,,,,,,,,,,,,,,,,,,,,,,,,,,,,,,,
Madhubani,37-Rajnagar (SC),Dr. Surendra Kumar Das,60.0,,9931633111.0,9931633111.0,"Dr. Surendra Kumar Das | Male | 60 | SC | Paswan | 
-Jansuraaj State working commitee Member
-Former ZP from Rajnagar 30 ( 2001-2006)
-Assistant Professor at BSJCollege Rajnagar
-District Vice President of SC ST Karmchari Sangh (2023-Till Date)
-BSP District President of SC cell.",Candidate,,With JS,Call Connected,With JS,,,,,,,,,,,,,,,,,,,,,,,,,,,,,,,,,,,
Madhubani,37-Rajnagar (SC),Supendra Ram,,,6207714640.0,6207714640.0,"Supendra Ram | Male | 39 | SC | Chammar | Incumbent BDC

-Incumbent 2nd Term BDC (2016-Till date)
-Jansuraaj Block Vice President
-Runner Up Block Pramukh ( 2024)
-Former BJP Block President (SC Cell 2016-20)
-BJP Block  Commitee Minister ( 2020-24)",Active till ticket distribution,Active for JS,With JS,Call Connected,With JS,Willing to Contest PRI election and also ready to work in sangathan,Yes ,"-Planning to the Contest PRI election.
-Making WhatsApp group only admin is causing more problems for communication.
-Lack of Coordination after election.
-Worked really hard as ACC but unable to get a ticket, but still he helped the JS candidate.
-Wrong candidate selection causes low votes.",,,,,,,,,,,,,,,,,,,,,,,,,,,,,,,,
Madhubani,37-Rajnagar (SC),Sadhu Paswan,,,9608664375.0,9608664375.0,"Sadhu Paswan | Male | 51 | Male | SC | Paswan | RJD Zila Sachiv

-Mukhiya contestent (2001,2011,2016,)
-Panchayat Samiti contestent (2011, 2018)
-Former RJd Prakhand Adyakash (2010-2012)
-Former RJD Zila Sachiv(2022-2024)",Active till ticket distribution,Helped Other Party,,Call Connected,Not with JS,Willing To Contest Panchayati Raaj ,,"-Currently he is not associated with any political party.
-Planning to contest the PRI election.
-There has been bias in ticket distribution, everything was in my favour, I spent a lot but got nothing so he have become inactive since that day.",,,,,,,,,,,,,,,,,,,,,,,,,,,,,,,,
Madhubani,37-Rajnagar (SC),Lakshmi Kumari,,,9060583096.0,9060583096.0,"Lakshmi Kumari | Female | 36 | SC | Paswan | Social Worker

-Social Worker(works to help Dalits in Getting Govt. benefits like pension Yojna and Others)
-Works for Educating Children of Dalits and Poors)
-",Active till ticket distribution,Neutral Stance,With JS,Call Connected,With JS,Willing to Contest PRI election and also ready to work in sangathan,Yes ,"-I want to say that after seeing PK, I came into the election and worked for two years, the most work I did was to visit every house in the entire assembly.
-All the votes JS got were because of me.
-I was denied the ticket only because I had limited resources but I was even ready to pay the money but did not give me the ticket.
-22000 PLC cards were made, even the volunteers' money was not given.
-Willing to contest ZP/Mukhiya",,,,,,,,,,,,,,,,,,,,,,,,,,,,,,,,
Madhubani,37-Rajnagar (SC),Ghuran Mandal,,,6204805622.0,6204805622.0,"Ghuran Mandal | Male | 60 | SC | Chaupal | Retired DSP

-Retired DSP, Bihar Police
-Social Worker",Not Active,Neutral Stance,,Call Connected,With JS,Willing To Contest Panchayati Raaj ,,"-Very cold response.
-Not much enthusiasam.
-He himself or some one from family may contest PRI election.
--Although he has beleieve in PK and JS.
-He will continue working in JS as active member.",,,,,,,,,,,,,,,,,,,,,,,,,,,,,,,,
Madhubani,38-Jhanjharpur,Krishna Nand Mishra,,,8298225496.0,8298225496.0,"Krishna Nand Mishra | Male | 35 | General | Brahmin | Defacto Ward Member

-Defacto(Mother) Ward Member(2016 to Till Date)
-Grand Father(Chaturanand Mishra was MP from Madhubani, 1996 to 1998
-Dharmik Ekta Trust (Loksabha Prabhari) 2022 to 2024",Active till ticket distribution,Neutral Stance,With JS,Call Connected,With JS,Willing to Contest PRI election and also ready to work in sangathan,Yes ,"-Fully Devoted towards JS and PK
-Whatever responsibility is given will be done.
-Strength at the booth level is necessary.",,,,,,,,,,,,,,,,,,,,,,,,,,,,,,,,
Madhubani,38-Jhanjharpur,Gopal Yadav,,,9631698514.0,7004956915.0,"Gopal Yadav| Male | 49 | OBC | Yadav | Mukhiya

-Jansuraaj District Vice President
-Jansuraaj State working Commitee Member 
-Incumbent Mukhiya
-Incumbent 2 term Block Mukhiya Sangh President ( 2016-Till date)
-Former Zila Parishad ( 2001-2006)
-Former RJD District Maha sachiv ( 2018-2022)
-Farming Business ( Tractors, JCB and Pestiside)
",Active till ticket distribution,Active for JS,With JS,Call Connected,With JS,Willing to Contest PRI election and also ready to work in sangathan,Yes ,"-My son will contest from constituency number 54, I will contest for Mukhiya myself.
-Whatever responsibility is given in the organization will be done.
-I am sad about not getting the ticket but only one person can get it. I helped the candidate during the elections and will remain with Jan Suraj in future also.",,,,,,,,,,,,,,,,,,,,,,,,,,,,,,,,
Madhubani,38-Jhanjharpur,Keshav Chandra  Bhandari,43.0,,9199288996.0,9199288996.0,"Keshav Bhandari | 43 | Male | EBC | Kewat | Rjd Pradesh Sachiv

-Zila Adhyaksha, Jan Suraj, Madhubani.
-Pradesh Sachiv, R..J.D. (2016-19)
. -Bihar Vidhan Sabha Chunav 2015 Karyalaya Prabhari R.J.D. Jhanjharpur.
-Lok Sabha Chunav 2014 Karyalaya Prabandhan R.J.D. Jhanjharpur.
-Nagar Prishad Jhanjharpur Chairman Chunav 2023 Ranniti and Prabandhan.
-Nagar Panchayat Jhanjharpur Chairman Chunav 2017 Prabandhan",Candidate,,With JS,Call Connected,With JS,,,,,,,,,,,,,,,,,,,,,,,,,,,,,,,,,,,
Madhubani,38-Jhanjharpur,Raj Kumar Mahto,,,9534606164.0,9534606164.0,"Raj Kumar Mahto | Male | 37 | OBC | Kushwaha | Businessman

-Tent House Material Manufacturing Company
-Kushwaha Mahasabha Madhubani Member
-Social Worker(Organise Pooja Pandals during Festivals)
-Jan Suraaj Pradesh YUva Karkarini Sadasya",Active till ticket distribution,Active for JS,With JS,Call Connected,With JS,Willing to Work in Sangathan at Dist/State Level,,"
-Fully Devoted towards JS and PK
-He was sad because he did not get the ticket. He had worked very hard for the last 2 years to take Jan Suraj to every household.
-Whatever responsibility is given will be done.
-Strength at the booth level is necessary.",,,,,,,,,,,,,,,,,,,,,,,,,,,,,,,,
Madhubani,38-Jhanjharpur,Rajesh Kumar Jha,,,7903844948.0,7903844948.0,"Rajesh Kumar Jha | Male | 36 | General | Brahmin|  Congress Zila Adhyaksh


- Former Congress Member from 2010 to 2023
- Former Congress  Seva Dal  Zila Adyakash 2019- 2023
-Jan Suraaj Sanghatan Zila Mahasachiv
-Brick Klin Business
-Furniture Shop
-Director of Sanjay Industries",Active till ticket distribution,Active for JS,With JS,Call Connected,With JS,Willing to Work in Sangathan at Dist/State Level,,"-Fully Devoted towards JS and PK.
-Will contest the upcoming municipal council elections.
-I will do whatever responsibility is given to me in the organization.
-Victory or defeat is at its place, as long as we remain with Jan suraaj, he will remain with it.
-The organization needs to be made responsible and accountable. ",,,,,,,,,,,,,,,,,,,,,,,,,,,,,,,,
Madhubani,38-Jhanjharpur,Sharda Nand Jha,,,9934205197.0,9934205197.0,"Sharda Nand Jha | Male | 45 | General | Brahmin | Former Panchayat Samiti 

-Former Panchayat Samiti Sadasya, 2016 To 2024
-Jan Suraaj Rajya Karyakarini Sadasya
-Businessman(Brick Klin)
-Director Of Private School, Sharda Vidyapeeth",Not Active,Neutral Stance,Not with JS,Call Connected,With JS,Willing to Contest PRI election and also ready to work in sangathan,,"-If the Block Pramukh seat remains normal then I will contest the BDC elections.
-If I am given any responsibility in Jan Suraj, I will fulfill it.
-After a few days we will decide the future strategy and what to do.
-He gave a mild response, there was less enthusiasm in his conversation.
-The election results were not in our favour but we have to fight with full force.",,,,,,,,,,,,,,,,,,,,,,,,,,,,,,,,
Madhubani,38-Jhanjharpur,Parmanand Yadav,,,8287751577.0,8287751577.0,"Parmanand Yadav | Male | 48 | OBC | Yadav | Farmer

-Small Farmer (3 Acre land)
-Social Worker",Not Active,Neutral Stance,Not with JS,Call Connected,With JS,None of the Above ,,-After a few days we will decide the future strategy and what to do.,,,,,,,,,,,,,,,,,,,,,,,,,,,,,,,,
Madhubani,38-Jhanjharpur,Binay Kumar Jha,,,8639924359.0,8639924359.0,"Binay Kumar Jha | Male | 45 | General | Brahmin | Private Job

-Engineer At Bhel
-Former Sports Secretary BHEL , Hyderabad
-Social Worker",Not Active,Neutral Stance,Not with JS,Call Connected,With JS,Willing To Contest Panchayati Raaj ,,"-He is living outside bihar.
-He is a big fan of PK.
-He will continue working in JS as active member.",,,,,,,,,,,,,,,,,,,,,,,,,,,,,,,,
Madhubani,39-Phulparas,Manoj Mishra,,,9892600850.0,9892600850.0,"Manoj Mishra | Male | 55 | General | Brahmin | Businessman

-Jansuraaj Phulparash Anumandal Sachiv 
-Jansuraaj Founder Member (2022)
-Prominent Businessman
-Director of Shreshtha Chemical Pvt Ltd 
-5K Prastavak Made by him
-Active Social worker ( Working on Education & Health)
-",Active till ticket distribution,Neutral Stance,With JS,Call Connected,With JS,Willing to Work in Sangathan at Assembly Level,,"-After talking to Prashant ji, I left my job of Rs 40 lakh per annum and stood in the queue as a potential candidate.
-Complete each and every task of ACC.
-Wrong selection of Candidate who was not ever active as ACC.
-Parachute candidate landing, Jan Suraj was accused of selling tickets and lost trust among the public.
-After the ticket distribution, I was not even allowed to meet Prashant ji.
-The reason for Jan Suraj's defeat and bad results is its deviation from its own principles.",,,,,,,,,,,,,,,,,,,,,,,,,,,,,,,,
Madhubani,39-Phulparas,Abhishek Ranjan,,,9955320923.0,9955320923.0,"Abhishek Ranjan | Male | 35 | General | Brahmin | Incumbent ZP

-Incumbent Defacto ZP, 2021 To Till Date
-Jan Suraaj Anumandal Upadhyaksh
-Social Worker",Active till ticket distribution,Helped Other Party,,Call Connected,Not with JS,,,-He shows anger and cut the call after listening that this call is from JS,,,,,,,,,,,,,,,,,,,,,,,,,,,,,,,,
Madhubani,39-Phulparas,JK Mishra,50.0,,6202468693.0,6202468693.0,"Anita Mishra | Female | 50 | General | Brahmin | Business Woman

-M.D of  VMP Sports India Pvt. Ltd
-M.D Of Agro Pvt. Ltd
-Manpower Housekeeping Service Provider
-Director Of Behtar Jeevan Foundation, NGO
-Social Worker",Candidate,Active for JS,With JS,,,,,,,,,,,,,,,,,,,,,,,,,,,,,,,,,,,,,
Madhubani,39-Phulparas,Kamal Kumar Bhandari,,,9818003461.0,9818003461.0,"Kamal Kumar Bhandari | Male | 57 | EBC | Kewat | Former MLC Contestant

-Former MLC Contestant, Madhubani, 2022 Independent, Got 1422 Votes
-Former Mukhiya Contestant, 2006, Got 252 Votes",Active till ticket distribution,Active for JS,With JS,Call Connected,With JS,Willing to Work in Sangathan at Dist/State Level,,"-Fully devoted towards JS and PK.
-Will Contest MLC election in 2028 april.
-Willing to Work in Sangathan at Dist/State Level",,,,,,,,,,,,,,,,,,,,,,,,,,,,,,,,
Madhubani,39-Phulparas,Babita Devi,,,6203398037.0,6203398037.0,"Babita Devi | Female | 50 | OBC | Yadav | Incumbent Panchayat Samiti

-Incumbent Panchayat Samiti(2021 To Till Date)
-Former Mukhiya Contestant(2016), Got 1103 Votes
-Jan Suraaj Anumnadal Adhyaksh",Active till ticket distribution,Active for JS,With JS,Call Connected,With JS,Willing to Contest PRI election and also ready to work in sangathan,Yes ,"-Fully Devoted towards JS and PK.
-Will contest the upcoming PRI elections.
-She will do whatever responsibility is given to in the organization.
-Victory or defeat is at its place, as long She remains with Jan suraaj.",,,,,,,,,,,,,,,,,,,,,,,,,,,,,,,,
Madhubani,39-Phulparas,"
Raj Narayana Yadav",,,8292536811.0,8292536811.0,"Raj Narayana Yadav | Male |63| OBC | Yadav | RJD State Working Committee Memebr

-Jansuraaj Anumandal Pulparas President
-Rtrd Govt Teacher (2007-2022)
-Former BRC Goghardiha ( Educationist)(2015-2022)
-Former RJD State working Member ( 2022-2024)
",Active till ticket distribution,Active for JS,With JS,Call Connected,With JS,Willing to Work in Sangathan at Dist/State Level,Yes ,,,,,,,,,,,,,,,,,,,,,,,,,,,,,,,,,
West Champaran,04-Bagaha,smita Chaurasia,,,7678666239.0,7678666239.0,"Ismita Chaurasia | Female | 51 | EBC | Barai | Incument Mukhiya

-Incumbent Mukhiya(2021 To till Date)
-Incumbent Mukhiya Sangh Adhyaksh(2023 To Till date)
-Incumbent Pradesh Upadhyaksh , Bihar, 2024 To Till date
-Former Mukhiya Contestant(2016), Got 875 Votes
-Jan Sewa Sahyaog Trust Sachiv
-President of Social welfare Society for Women
-Roti Bank Parmukh(Distributed Daily free food to Poors) 
-Jan Suraaj Mahila Mahasachiv
",Not Active,,,Call Connected,Not with JS,,,,,,,,,,,,,,,,,,,,,,,,,,,,,,,,,,,
West Champaran,04-Bagaha,Atul Shankar Singh,,,9771926016.0,9771926016.0,"Atul Shankar Singh | Male | 40 | General | Rajput | PACS President

-Former PACS President, 2009 To 2014
-Former 2 Terms Defacto Mukhiya 2001 To 2006 & 2016 To 2021
-Former JDU Zila Pradesh Upadhyaksh, 2014 To 2019
-Former JDU Yuva Zila Adhyaksh, 2009 To 2014
-Founder and Secretary of Thakur Vinay Singh Memorial Group Institute 
-Director Of 3 Degree and Law College ",Active till ticket distribution,Active for JS,With JS,Call Connected,With JS,Willing To Contest Panchayati Raaj ,,"He will contest the Zila Parishad election and will remain only a member of the organization, while focusing his preparations within his own Vidhan Sabha constituency",,Call Connected,,Not Interested,"Atul Shankar Singh | Male | 40 | General | Rajput | PACS President

-Former PACS President, 2009 To 2014
-Former 2 Terms Defacto Mukhiya 2001 To 2006 & 2016 To 2021
-Former JDU Zila Pradesh Upadhyaksh, 2014 To 2019
-Former JDU Yuva Zila Adhyaksh, 2009 To 2014
-Founder and Secretary of Thakur Vinay Singh Memorial Group Institute 
-Director Of 3 Degree and Law College ",,,,,,,,No,5.0,,,,,,,,,,,,,,,,,,
West Champaran,04-Bagaha,Nandesh Pandey,57.0,,7004133215.0,7004133215.0,"Nandesh Pandey | Male | 57 | General | Brahmin | Former Ward Councilor

-Former 3 Terms Ward Councilor(2002 to 2012 & 2017 to 2022)
-Former PACS Chairman(2007 to 2012)
-Former Zila Samiti Yojna Sadasya (2002 to 2005)
-Former Congress Kisan Cell Pradesh Sanyojak(2015 to 2020)
-Former Youth RJD Pradesh Mahasachiv(2004 to 2006)",Candidate,,,,,,,,,,,,,,,,,,,,,,,,,,,,,,,,,,,,,,,
West Champaran,04-Bagaha,Jitendra Yadav,,,9955032708.0,9955032708.0,"Jitendra Yadav | Male | 36 | OBC | Yadav | Former Mukhiya

-Former Mukhiya , 2016 To 2021
-Former Mukhiya Sangh Adhyaksh, 2016 To 2021
-Jan Suraaj Zila Sanghatan Adhyaksh
-Contractor(Civil)
-Social Worker",Active till ticket distribution,Active for JS,With JS,Call Connected,With JS,Willing to Contest PRI election and also ready to work in sangathan,,He will contest the Mukhiya election and will work in the organization in a district-level post.,,Call Connected,,Not Interested,"Jitendra Yadav |48| Male | OBC | Yadav

- Ex - Mukhiya 2016 - 2021.
- Mukhiya Sangh Prakhand Adhyaksh 2016-2021.",,,,,,,,Bagaha-I_5,,,,,,,,,,,,,,,,,,,
Madhubani,40-Laukaha,Tazammul Hussain,,,8825136795.0,9801847634.0,"Tazammul Hussain | Male | 65 | Minority | Raeen| MLA Contestant

-Jansuraaj State Core Commitee member & Darbhanga Prabhari
-Jansuraaj District VP & Member of Constitution Sabha
-MLA Contested in 2020 ( secured 20986 Votes)
-Former 2 Term Zila Parishad ( 2006 - 2011 & 2016-2021)
-Former JDU State Vice President ( 2020-2023)
-JDU District general Secratory (2015-2018)
",Active till ticket distribution,Active for JS,With JS,Call Connected,With JS,Willing to Contest PRI election and also ready to work in sangathan,,"-Fully devoted towards JS and PK.
-Will Contest ZP election.
-Willing to Work in Sangathan at Dist/State Level",,,,,,,,,,,,,,,,,,,,,,,,,,,,,,,,
Madhubani,40-Laukaha,Manoj Kumar Bihari,,,7004913714.0,9801943528.0,"Manoj Kumar Bihari | Male | 49 | EBC | Dhanuk | MLA Contestant 
- MLA Contested from Laukaha vidhan sabha 2015 on Shiv Sena Ticket ( secured 15k votes) 
- Former District Vice President of JDU  
 - Former Block President of JDU 

",Active till ticket distribution,Helped Other Party,,Switch Off,,,,,,,,,,,,,,,,,,,,,,,,,,,,,,,,,,,,
Madhubani,40-Laukaha,Renu Yadav,52.0,,9931945332.0,9931945332.0,"Renu Yadav | 52 | Female | OBC | Yadav | ASA Rashtriya Mahaschic

-Former ASA Party Rashtriya Mahaschiv, 2024 To 2025
-Former JDU Rajya Parishad Sadasya, 2022 To 2024
-Hold Various Post in JDU from 2003 To 2024
-Former Samta Party Mahila Zila Adhyaksh, 2002 To 2003",Candidate,,With JS,Call Connected,With JS,,,,,,,,,,,,,,,,,,,,,,,,,,,,,,,,,,,
Madhubani,40-Laukaha,Neelam Yadav,,,9990999979.0,8745999979.0,"Neelam Yadav | Female | 38 | OBC | Yadav | ZP Member

-Incumbent ZP Member, 2021 To Till Date
-Former BJP Mahila Cell, Mahamantri, 2022 To 2025
-Former BJP Zila Mantri, 2025 
-Social Worker",Active till ticket distribution,Active for JS,With JS,Call Connected,With JS,Willing To Contest Panchayati Raaj ,,,,,,,,,,,,,,,,,,,,,,,,,,,,,,,,,,
Supaul,41-Nirmali,Hare Ram Mondal,,,9973480988.0,9525372800.0,"Hare Ram Mondal| 68 | Male |  | OBC | Dhanuk | Retired Principal
MSc, B.ED
-Rtrd From Govt Principal BB Girls High School
-Organiser of 'Jati Todo Vaivahik Sambandh Jodo'
",Not Active,,,Call Connected,,,,"He is in the class right now 
- His wife dissapointed from JSP 
- Seems Neutral / Silent",,,,,,,,,,,,,,,,,,,,,,,,,,,,,,,,
Supaul,41-Nirmali,Prakash Chandra Mehta,,,9771734653.0,9771734653.0,"Prakash Chandra Mehta | Male | 59 | OBC | Kushwaha | Incumbent Mukhiya

- Incumbnet 2 terms Mukhiya ( 2021 to Till Date & 2006 to 2011)
- Former Mukhiya Contestant (2001), got 800 votes
- Former MLA Contesatnt (2000, got 3000 Votes & 1995, got 4865 Votes)
- Social Worker",Active till ticket distribution,Neutral Stance,Not with JS,Call Connected,Not with JS,Willing To Contest Panchayati Raaj ,No ,"- He is in temper against PK as he has not given Ticket 
- ticket was given to Yadav while RJD also given to RJD 
- 2 years worked hard but revieved nothing 
- People still belief on Prashant but he is not getting it 
- His beliefs from Prashant has been distached ",,,,,,,,,,,,,,,,,,,,,,,,,,,,,,,,
Supaul,41-Nirmali,Shanti Kumari,,,7808015586.0,7808015586.0,"Shanti Kumari | Female | 40 | OBC | Kushwaha | House Wife

-Father In Law was sarpanch(30 Years)
-Prominent Social Worker
-Housewife",Active till ticket distribution,Neutral Stance,Not with JS,Call Connected,Not with JS,Willing to Work in Sangathan at Dist/State Level,Yes ,"- She is not interested to Contest PRI Election 
- She will Continue Party ",,,,,,,,,,,,,,,,,,,,,,,,,,,,,,,,
Supaul,41-Nirmali,Meenu Verma,,,9241492124.0,9241492124.0,"Meenu Verma | Female | 40 | OBC | Kushwaha | Social Worker
-Jan Suraaj State  Working Committee Member
-Jansuraaj Veerpur  Anumandal Mahila President
-Works for Women Empowerment through SHG.
-For 15 years,  Organise Health Camps and helps more than 5000 people
-Runs Skill Development Program for youth free of Cost
-Husband Ram Narayana Raman is Paediatrics Doctor (MBBS, MD)
-Active Social Worker( working on free Education and Health)",Active till ticket distribution,Active for JS,With JS,Call Connected,With JS,Willing to Work in Sangathan at Assembly Level,Yes ,"- She will help the PRI Candidate declared by JSP Party. 
- She visited Shekhpura on 11 October after Ticket Distribution
but she could not met as PK was leaving for Raghopur Roadsow
- PK met her but in hurry and burry and no talk could take place. 
- But she could talked on phone call with National President Uday Singh Ji 
- On Uday Singh's Ji Suggestion she did not oppose the JSP Candidate in Nirmali and she became silent-Neutral. 
- Candidate got the Ticket Saw Meenu Verma in Shekhpura , but he did not say Hi-Hello or Namaskar to Meenu verma and ignored totally . 
- Even after when Candidates team Ignorance she Started Working for JSP in other Assemblies- Chhatapur, pipra , Triveniganj and Caimpaigned for JSP Candidate. 
- She had done 12 Sabha instead of 5 .  
- She with Zila Mahila Adhyaksh Neelam Singh ,  Campaigned in Chhatapur because Supaul Candidate Anil Singh had also ignored Neelam Singh. 
- She was also present in Patliputra and Shekhpura after Election Result on 20th November . 
- She had attended the Manoj  Bharti Ji's oath Ceremony. 
- She was the first Mahila Leader to attend the Meeting. 
- She was also campaigned in Belaganj and Imamganj with Star Campaigner Dr. Rajeev Paswan 
- She also has campaigned in Dr. vinayak Gautam MLC Election of Muzaffarpur . ",,,,,,,,,,,,,,,,,,,,,,,,,,,,,,,,
Supaul,41-Nirmali,Mahendra Prasad Mehta,,,8240715441.0,8240715441.0,"Mahendra Prasad Mehta | Male | 65 | OBC | Kushwaha | Retired Indian Railway Officer
-Retired Indian Railway Officer
-Jan Suraaj State Core Committee Member
-Jan Suraaj Steering Committee Member",Active till ticket distribution,Neutral Stance,,Call Connected,With JS,Willing to Work in Sangathan at Dist/State Level,Yes ,"- Need Prashant Intervention to bring him back
- Although talking positively but not vibrant and emnergetic
- Talking very ignorantly ",,,,,,,,,,,,,,,,,,,,,,,,,,,,,,,,
Supaul,41-Nirmali,Devendra Kumar Sharda,,,7992356630.0,7992356630.0,"Devendra Kumar Sharda | Male | 53 | General | Marwari | BJP Member

-Former BJP Member(2014 To 2022)
-Former Congress Member, 1995 To 2014
-Runs a Bajrang Medical Agency
",Active till ticket distribution,Active for JS,With JS,Call Connected,With JS,Willing to Work in Sangathan at Assembly Level,Yes ,"- Very Positive , Energetic and beliefs on PK initiatives . He will give PRI Candidates names to JSP ",,,,,,,,,,,,,,,,,,,,,,,,,,,,,,,,
Supaul,41-Nirmali,Ram Pravesh Kumar Yadav,42.0,,8757940803.0,8757940803.0,"Ram Pravesh Kumar Yadav | Male | 42 | OBC | Yadav | Incumbent Block Pramukh

-Incumbent 2 Terms Block Pramukh, 2016 To Till Date
-Incumbent 3 Terms Defacto ZP, 2011 To Till Date
-Former RJD, Rajya Parishad Sadasya, 2005 To 2020
-Jan Suraaj State Working Committee Member
-Brick Klin Business
-Farming",Candidate,,With JS,,,,,,,,,,,,,,,,,,,,,,,,,,,,,,,,,,,,,
Supaul,41-Nirmali,Pawan Kumar Gupta,,,7488358305.0,9939284964.0,"Pawan Kumar Gupta| Male |57 | EBC | Bania 

-Jansuraaj  District Chief spokeperson 
-Incumbent 3rd Term BDC (2011- Present)
-Former Block Pramukh Contested lost by two votes in 2011
-Former Mukhiya ( 2001-2006)
-",Active till ticket distribution,Active for JS,With JS,Call Connected,With JS,Willing to Work in Sangathan at Assembly Level,"Yes 
","- Leaders should be in committe who heartily Jansuraaji 
- But big profiling leaders backfired and became against Jan Suraaj they never be activated 
- Jan Suraaj should not give PRI Candidates in PRI Election. 
- He supported JSP Candidate even after not getting ticket. ",,,,,,,,,,,,,,,,,,,,,,,,,,,,,,,,
Supaul,42-Pipra,Brajesh Kumar,,,9142962040.0,9142962040.0,"Brajesh Kumar | Male | 39 | OBC | Yadav | Incumbent Defacto Mukhiya

-Incumbent Defacto Mukhiya, 2021 To Till Date
-Former Mukhiya, 2011 To 2016
-Former Panchayat Samiti, 2006 To 2011
-Farmer
-Jan Suraaj Zila Sanyojak and Anumandal Adhyaksh",Active till ticket distribution,Active for JS,With JS,Call Connected,With JS,Willing to Contest PRI election and also ready to work in sangathan,"Yes 
","- His mother is incumbent Mukhiya 
- But this if Roaster remains same then he will contest in PRI 
- otherwise he has set 20 PRI Leaders in 10 Panchayat among party Leaders to Contest the PRI Posts 
- He will be in the party with full energy and dedication ",,,,,,,,,,,,,,,,,,,,,,,,,,,,,,,,
Supaul,42-Pipra,Nirmal Kumar Nirala urf Pintu Mandal,,,9431440714.0,9431440714.0,"Nirmal Kumar Nirala urf Pintu Mandal | Male | 47 | EBC | Kewat | MLA Contestant

-Former MLA Contestant, 2005 , Triveniganj Constituency, BJP , Got 10000 Votes
-Former BJP Loksabha Sanyojak, Supaul, 2023 To 2024
-Former BJP Zila Upadhyaksh, 2009 To 2012
-Former BJP Mandal Adhyaksh, 2001 To 2003
-Director  Private School, Mahesh Lal Memorial Public School",Not Active,,Not with JS,Call Connected,Not with JS,,No,- He has told he is not in Jan Suraaj and cut the call ,,,,,,,,,,,,,,,,,,,,,,,,,,,,,,,,
Supaul,42-Pipra,Indradev Sah ,,,,,,Candidate,,,,,,,Did not Expense Budget ,,,,,,,,,,,,,,,,,,,,,,,,,,,,,,,,
Supaul,43-Supaul,Ajit kumar,,,9099787518.0,9835641114.0,"Ajit Kumar |43 |Male | OBC | Bania | LJP Pradesh Mahasachiv
 
-Former LJP State Pradesh Mahasachiv Buisness cell ( 2010-2023)
- Chemist",Active till ticket distribution,Active for JS,With JS,Call Connected,With JS,Willing to Work in Sangathan at Assembly Level,"Yes 
14th janaury ","- Candidate got ticket Anil Singh had joined only 2 months before election and got the tickety 
- He had started spreading the rumour that he is only candidate of JSP this influenced public and other Applicant ACC. 
- Candidate's Caste also did not vote him 
- There is a mistake in Ticket distribution 
- His son had died  Yet he attended PK Padyatra on his son's Bramhabhoj Day . 
",,,,,,,,,,,,,,,,,,,,,,,,,,,,,,,,
Supaul,43-Supaul,Anil Kumar Singh,62.0,,9430814056.0,9430814056.0,"Anil Kumar Singh | Male | 62 | General | Rajput | MLA Contestant

-Former Assembly Election Contesatnt, 2020, Independent , Supaul Constituency, Got 5796 Votes
-Bureau Pramukh Supaul , Rastriya Hindi Seemanchal Uday
-Sanyojak Bharashtachar Mukt Kosi Jagrukta Abhiyaan
Sanyojak Panch Abhishaap Mukht , Abhiyan Supaul
-RTI Activist
-LIC Agent
-Social Worker ",Candidate,,,,,Willing to Work in Sangathan at Assembly Level,,,,,,,,,,,,,,,,,,,,,,,,,,,,,,,,,,
Supaul,43-Supaul,Madan Mohan Kumar,,,7033270275.0,7033270275.0,"Madan Mohan Kumar | Male | 34 | OBC | Yadav | Social Worker

-Jan Suraaj Sanghatan Zila Upadhyaksh
-Businessman(Hardware Shop), CSC Centre
-Farmer(Landlord)
-Social Worker",Active till ticket distribution,Active for JS,With JS,Call Connected,With JS,Willing To Contest Panchayati Raaj ,"Yes 
Before 15th Janaury 2026
Probably 10th Janaury ","- It is difficult to understand what the mentality of Public what public want 
- It was the same Public/Voter who started to claim to vote for PK before us speaking in Sabhas, Vilages and Panchayats etc. 
- But this public changed suddenly and voted JDU hiddenly 
- JSP Leader could not know that Public has been changed , we could know this acfter result but not till on voting days. 
- Public has vote JDU in fear pof RJD (RJD Phobia/Jungalraj)",,,,,,,,,,,,,,,,,,,,,,,,,,,,,,,,
Supaul,44-Triveniganj (SC),Ravindra Kumar Chaupal,,,9771140598.0,9771140598.0,"Ravindra Kumar Chaupal | Male | 45 | SC | Chaupal | MLA Contestant

-Former MLA Contestant, 2020, VBA Party, got 3002 Votes
-Former JAP Pradesh Sachiv(2020 to 2024)
-Former Samajwadi Janta Dal Democratic(2015 to 2020)
-Farmer",Active till ticket distribution,Helped Other Party,Not with JS,Call Connected,Not with JS,Willing to Work in Sangathan at Assembly Level,Yes ,"- He said that he has joined RJD 
- But after convincing him , he became agree to rejoin Jan Suraaj and met Prashant . 
- Atleast RJD respect its worker but in Jan Suraaj the party policy is to work only for 2 years. 
- Ticket given to new Candidate backfired most , Atleast ticket should be given among old ACCs 
- Ticket distribution late effected mostly 
- ACC got not ticket did not campaigned for Jan Suraaj Party. ",,,,,,,,,,,,,,,,,,,,,,,,,,,,,,,,
Supaul,44-Triveniganj (SC),Pandav Paswan,,,9708172330.0,9708172330.0,"Pandav Paswan | Male | 42 | SC | Paswan | Incumbent Mukhiya

-Incumbent Mukhiya, 2021 To Till Date
-Former Mukhiya Contestant, 2016, Got 1200 Votes
-Former RJD Block President SC/ST Cell, 2022 To 2024
-Agriculture",Active till ticket distribution,Neutral Stance,With JS,Not Received ,,,,,,,,,,,,,,,,,,,,,,,,,,,,,,,,,,,,
Supaul,44-Triveniganj (SC),Anuradha Kumari,,,6299376532.0,6299376532.0,"Anuradha Kumari | Female | 33 | SC | Paswan | LJP(R) Zila Adhyaksh

- Former LJP(R) Mahila Zila Adhyaksh, 2023 To 2024
-Working at Jeevika as a Community Mobilizer
-Jan Suraaj Mahila Cell, Block President
-Owns a Readymade Shop 
-Social Worker",Active till ticket distribution,Active for JS,With JS,Call Connected,With JS,Willing To Contest Panchayati Raaj ,Yes ,"- She will Continue Jan Suraaj Party strongly 
- She want to Contested ZP Election PRI 
- She is full dedicated for Jan Suraaj Party 
- JDU Candidate Sonam Sarda could get JDU Ticket due to fear of Anuradha paswan . Because JDU has fear that Jan Suraaj may give ticket to Anuradha Paswan so JDU gave ticket Sonam Sardar . 
- JDU , RJD Leaders are approaching her to join but she refused saying Jan Suraaj Party will be her own Party till last. ",,,,,,,,,,,,,,,,,,,,,,,,,,,,,,,,
Supaul,44-Triveniganj (SC),Pardeep Ram,31.0,Male,7542011726.0,7903640651.0,"Pardeep Ram | Male | 31 | SC | Ravidas | Former ZP Member

-Former ZP Member, 2016 To 2021, Got 13478 Votes
-Former ZP Contestant, 2021 Got 2870 Votes
-Former Defacto(Wife ) ZP Contestant, Got 2415 Votes
-Former LJP(R) General Secretary, 2016 To 2025
-Former JDU District Vice President, 2016 To 2016
-Owns 10 Acre Of land
-Land Broker",Candidate,,,,,,,,,,,,,,,,,,,,,,,,,,,,,,,,,,,,,,,
Supaul,45-Chhatapur,Sultana Perween,,,8986524341.0,8986524341.0,"Sultana Perween | Female | 55 | Minority | Miryasin| Former Nagar Panchayat Chairman

-Former Nagar Panchayat Chairman(2002 to 2007)
-Former Ward Councilor(2012 to 2017)
-Former Congress Minority Cell Pradesh Sachiv(2008 to 2010)
-Former Congress Delegate(2006 to 2007)
-Former Conngress Zila Upadhyaksh(2005 to 2006)
-Former Congress Mahamantri( 2003 to 2005)",Active till ticket distribution,Active for JS,With JS,Call Connected,With JS,Willing To Contest Panchayati Raaj ,Yes ,"- 10K Rupees announcement by Govt. effected deeply 
- 125 Unit Electric Bill also influenced a lot to Voters
- JSPT has worked hard and supported leaders day night
- Prashant has worked hard  ",,,,,,,,,,,,,,,,,,,,,,,,,,,,,,,,
Supaul,45-Chhatapur,Shashi Kumar Yadav,,,7481805674.0,7481905674.0,"Shashi Kumar Yadav | Male | 34 | OBC | Yadav | Incumbent Sarpanch 

-Incumbent Sarpanch(2021 to Till Date)
-Former Congress Member(2009 to 2014)
-Runs a Kirana Store",Active till ticket distribution,Helped Other Party,With JS,Call Connected,With JS,Willing To Contest Panchayati Raaj ,Yes ,"- Not Trustworthy as per DI 
- He is in the Party and will Continue what post will be given 
- Interested to Contest PRI ",,,,,,,,,,,,,,,,,,,,,,,,,,,,,,,,
Supaul,45-Chhatapur,Abhay Kumar Singh,,,9431669458.0,9431669458.0,"Abhay Kumar Singh | Male | General | Rajput | Former Ward Member

- Former Ward Councilor(2002 to 2007)
-Former LJP District President(2002 to 2009)
-Retired Principal at College",Candidate,,,,,,,,,,,,,,,,,,,,,,,,,,,,,,,,,,,,,,,
Araria,46-Narpatganj,"Pralayankar Singh, AKA Gabbar Singh",,,9939712810.0,7488774585.0,"Pralayankar Singh, AKA Gabbar Singh | Male | 45 | General | Rajput | Incumbent Ward Councilor

-Jansuraaj District President Youth
-Former BJP District Youth President ( 2015-2018)
-Incumbent Ward Parshad 
-Former Muhiya Runner Up got 500 votes in 2016
-Prominent Businessman ( Hero Showroom)",Active till ticket distribution,Neutral Stance,With JS,Not Received ,,,,,,,,,,,,,,,,,,,,,,,,,,,,,,,,,,,,
Araria,46-Narpatganj,Prasenjeet Krishna,,,9431288625.0,9431288625.0,"Prasenjeet Krishna | Male | 54 | OBC | Yadav | MLA Contestant

-Former MLA Contestant. Narpatganj, Independent , 2020 Got 2280 Votes
-Jan Suraaj State Working Committee Member
-Businessman(Krishna Traders)
-RTI Activist
-President Of Bihar Vikas Yuva Morcha
-Zila Mantri Bharat Raskha Manch
-Former Student Union President, Commerce College Patna, 2006
-All India Media Association Bihar, Working Comittee Member  ",Active till ticket distribution,Neutral Stance,Not with JS,Call Connected,With JS,Willing to Contest PRI election and also ready to work in sangathan,Yes ,"- He is still in the Jan Suraaj and Continue 
- Thinking about ZP Contesting 
- Good and positive for Prashant 
- But Negative for Candiade got Ticket from JSP ",,,,,,,,,,,,,,,,,,,,,,,,,,,,,,,,
Araria,46-Narpatganj,Akash Anand,,,9546548820.0,9546548820.0,"Akash Anand | Male | 39 | OBC | Yadav | Retired AIR Force Officer

-Retired From Indian Air force Sergeant, 2025
- Father Contested The Assembly Election in 1990, 1995 & 2000
-Uncle Manoj Yadav Incumbent Block Pramukh 
-Social Worker",Active till ticket distribution,Neutral Stance,Not with JS,Busy,,,,,,,,,,,,,,,,,,,,,,,,,,,,,,,,,,,,
Araria,47-Raniganj (SC),Mithlesh Kumar Ram,,,9031101597.0,9031101597.0,"Mithlesh Ram | Male | 33 | SC | Chamar | Incumbent Sarpanch

-Incumbent Sarpanch, 2021 To Till Date
-Incumbent Sarpanch sangh Koshadhyaksh, 2021 To Till Date
-Former JDU , Prakhand Mahasachiv, 2013 To 2024
-Former JDU Zila Mahasachiv, 2024 To 2024
-Jan Suraaj Pradesh Karyasamiti Sadasya
-Jan Suraaj Zila Upadhyaksh and SC Cell Zila Sanyojak
-Pursuing P.hd
",Active till ticket distribution,Active for JS,With JS,Call Connected,With JS,Willing To Contest Panchayati Raaj ,Yes ,"- He will Continue Party with full strength
- Interested to Contest Zila Parishad Election 
",,,,,,,,,,,,,,,,,,,,,,,,,,,,,,,,
Araria,47-Raniganj (SC),Sapna Kumari,,,9155090030.0,9155090030.0,"Sapna Kumari | Female | 27 | SC | Musahar | Incumbent Ward Member

-Incumbent Ward Member, 2021 To Till Date
-Former Defacto ZP Contesatnt, 2016, Got Third Position
-Social Worker ",Active till ticket distribution,Active for JS,With JS,Call Connected,With JS,Willing To Contest Panchayati Raaj ,Yes,"- She will Continue Party , Strengthen the Party and Contest 2030 Election
- She wants to contest PRI ZP Election
",,,,,,,,,,,,,,,,,,,,,,,,,,,,,,,,
Araria,47-Raniganj (SC),Raj Kumar Paswan,,,8969363747.0,8969363747.0,"Raj Kumar Paswan | Male | 39 | SC | Paswan | Social Worker

-Former BJP Panchayat Adhyaksh, 2020 To 2024
-Businessman(Crops Sell and Buy)
-Social Worker",Active till ticket distribution,Active for JS,With JS,Call Connected,With JS,Willing to Contest PRI election and also ready to work in sangathan,Yes ,"- Interested to Contest Sarpanch 
- Some ACC did not Coopersted 
- Candidates was outsider in Raniganj  
- Forbesganj's ACC contested from Raniganj 
- Prashant Ji ka Vichar ""Sir Aankho pr hai"" 
- Hm log tan man dhan se Prashant Ji Jude huye hain. ",,,,,,,,,,,,,,,,,,,,,,,,,,,,,,,,
Araria,47-Raniganj (SC),Ajit Kumar,,,8340712599.0,8340712599.0,"Ajit Kumar | Male | 33 | SC | Paswan | Social Worker

-Worked at HDFC Bank as a Sales officer
-Father Contested the ZP Election, 2011
-Father Contested the Mukhiya Election , 2006
-Elder Brother Sujit Suman Contested the ZP Election, 2021
-Readymade Garments Shop",Active till ticket distribution,Neutral Stance,Not with JS,Busy,With JS,Willing to Contest PRI election and also ready to work in sangathan,Yes , - ,,,,,,,,,,,,,,,,,,,,,,,,,,,,,,,,
Araria,47-Raniganj (SC),Krityanand Ram,60.0,,9199440725.0,9199440725.0,"Krityanand Ram | Male | 60 | SC | Ravidas | Former Defacto Ward Contestant

-Former Defacto(Wife) Ward Councilor Contestant, 2007, 351 Votes
-Retired Revenue Officer, 2025
-Social Worker",Candidate,,,,,,,,,,,,,,,,,,,,,,,,,,,,,,,,,,,,,,,
Araria,47-Raniganj (SC),Bhola Rishidev,,,6207756511.0,6207756511.0,"Bhola Rishidev | Male | 40 | SC | Musahar | ZP Member Contestant

-Former ZP Member Contestant, 2003 & 2006 
-Former Ward Member 2001 To 2006
-Former JDU SC/ST Cell Block President, 2006 To 2009
-Former JDU 20 Sutri Member, 2009 To 2021 
-Former JDU SC /ST Cell District President, 2021 To 2024
-Agriculture",Not Active,Helped Other Party,,Call Connected,With JS,Willing to Work in Sangathan at Dist/State Level,Yes ,"- He was never Active 
- He said he helped to RJD Candidates in the Election but did not join RJD 
- He wants to Rejoin Jan Suraaj Party 
",,,,,,,,,,,,,,,,,,,,,,,,,,,,,,,,
Araria,48-Forbesganj,Mohan Kumar Jha,,,8002950049.0,8002950049.0,"Mohan Kumar Jha | Male | 29 | General | Brahmin | BJP Mahamantri

-Former BJP Social Media Mahamantri, 2018 To 2020
-Former AAP Seemanchal Coordinator 2020 To 2022
-Seemanchal Mukhti Morcha Sanyojak
-Glaze EV llp (Partner)
-Amrit Bharat Automobile (Proprietor)
-Director Of EV Ok Pvt. Ltd
",Not Active,,,Switch Off,,,,He had resigned from JSP long before Ticket Distribution ,,,,,,,,,,,,,,,,,,,,,,,,,,,,,,,,
Araria,48-Forbesganj,Meraj Hasan,,,9162893669.0,9162893669.0,"Meraj Hasan | Male | 36 | Minority | Meer | Property Dealer

-Father Ward Councilor, 2012 To 2017
-Uncle is Incumbent Block Up Pramukh, 2021 To Till Date
-Property Dealer
-Social Worker",Active till ticket distribution,Active for JS,With JS,Call Connected,With JS,Willing to Work in Sangathan at Dist/State Level,Yes ,"-  Strong Positive for Prashant and Jan Suraaj Party 
- National President's People communicated wrong messeges 
- JSPT Coordination at their level was well but in Ticket distribution some mistakes taken place 
- Atleast Candiates might belonging to the same Constituency ",,,,,,,,,,,,,,,,,,,,,,,,,,,,,,,,
Araria,48-Forbesganj,Birendra Nath Jha,,,6202286540.0,6202286540.0,"Birendra Nath Jha | Male | 64 | General | Brahmin | Former Defacto Panchayat Samiti

-Former Defacto Panchayat Samiti, 2001 to 2006
-Retired Private School Principal
-Jan Suraaj Zila Sanrakshak
-Social Worker",Active till ticket distribution,Neutral Stance,With JS,Call Connected,With JS,Willing to Work in Sangathan at Assembly Level,Yes ,"- He understand to ACC making Process was wrong 
- If the ACC were made but ticket should be given to among ACC only and not outsider
- Aaj bhi kuch nahi Bigda hai, Aaj bhi hm log shuru kar skte hain
- Prashant aaj bhi hamare Adarsh hain , aage bhi rahenge .  JSPT has helped a lot to all Leaders . If there was no JSPT it will be difficult to establish JAn Suraaj and Onboard Leaders I a huge mass leadership in Jan suraaj.  Prashant Ji ne itna mehnat kiya hai, Vo bekar nhi jaaega. Samay Aayega .  Jan Suraaj Must A have a student wing also",,,,,,,,,,,,,,,,,,,,,,,,,,,,,,,,
Araria,48-Forbesganj,Rana Indrajeet Gupta,,,7091670436.0,7091670436.0,"Rana Indrajeet Gupta | Male | 37 | OBC | Bania | Businessman

-Owns a Hardware Shop
-Jan Suraaj Zila Yuva Sanghtan Adhyaksh, Forebesganj
-Social Worker",Active till ticket distribution,Active for JS,With JS,Call Connected,With JS,Willing to Work in Sangathan at Dist/State Level,Yes ,"- He was helping JSP while Election Time but in Hidden Form. 
- We must bring again our leadewrs in the who are dissapointed from the Party 
- ",,,,,,,,,,,,,,,,,,,,,,,,,,,,,,,,
Araria,48-Forbesganj,Ankit Mandal,,,9546666656.0,9546666656.0,"Ankit Anant | Male | 39 | EBC | Dhanuk | JDU Pradesh Upadhyaksh

-Former Yuva JDU , Pradesh Upadhyaksh, 2021 To 2025
-Runs a Hotel, Sanchita Palace, Forbesganj
-Social Worker",Active till ticket distribution,Neutral Stance,Not with JS,Switch Off,,,,He left the Party and became Silent ,,,,,,,,,,,,,,,,,,,,,,,,,,,,,,,,
Araria,48-Forbesganj,Raja Raman Bhaskar,,,9939851776.0,9142510638.0,"Raja Raman Bhaskar | Male | 41 | EBC | Khangar | MLA Contestant

-Former MLA Contestant, Forbesganj Constituency, BSP, 2020, Got 6800 Votes
-Incumbent 2 Consecutive Terms Defacto Mukhiya, 2016 To Till Date
-Incumbent 2 Consecutive Terms Defacto Mukhiya Sangh Pramukh , 2016 To Till Date
-Former JDU Member, 2020 To 2022
-Agriculture",Active till ticket distribution,Neutral Stance,Not with JS,Busy,,,,He had Contested Independent after ticket Distribution. He might in JDU ,,,,,,,,,,,,,,,,,,,,,,,,,,,,,,,,
Araria,49-Araria,Ali Reza,,,9304772515.0,9304772515.0,"Ali Reza | Male | 43 | EBC | Kulhaiya | Incumbent PACS President

-Incumbent PACS Adyakash 2009- Till Now
--Director of State Cooperative Bank(2023 To Till Now)
-Chairman Of District Cooperative Bnak(2019 to 2023)
-Jan Suraaj Zila Adyakash
-Jan Suraaj State Working Committee Member

",Active till ticket distribution,Active for JS,With JS,Call Connected,With JS,,, - He cut the call ,,,,,,,,,,,,,,,,,,,,,,,,,,,,,,,,
Araria,49-Araria,Ranjeet Kumar Singh,,,9162431031.0,9162431031.0,"Ranjeet Kumar Singh | Male | Male | Rajput | General | Businessman

-Businessman(Dairy Product)
- Former Defacto Ward Member(Bhabhi) (2001 to 2006)
-Younger Brother Was Panchayat Sadasya(2016 to 2021)
-Rajput Karni Sena Zila Upadhyaksh",Active till ticket distribution,Active for JS,With JS,Call Connected,With JS,Willing to Contest PRI election and also ready to work in sangathan,Yes,"- He is interested to Contest Zila Parishad as well as wok in Sangathan also
- On 30th Dec Sangthan Punargathan Meeting was Conducted , groups of 11-11 Members also have been made but no Guideleines  has been communicated whata to do next . 

- No Clear Committment about Sadhan-Sansadhan ",,,,,,,,,,,,,,,,,,,,,,,,,,,,,,,,
Araria,49-Araria,Dr Farhat Ara Begum,62.0,,9386230582.0,9386230582.0,"Dr Farhat Ara Begum | Female | 62 | Minority | Kulhaiya | Retired Principal

-Former Shikshak SanghAnumandal Sachiv(2000 to 2005)
-Former Shikshak Sangh Upadhyaksh (2017 to 2023)
-She writes Ghazal Book, Poetry
-Wrting Book on Child Crime
-P.hD in Urdu ",Candidate,,,,,,,,,,,,,,,,,,,,,,,,,,,,,,,,,,,,,,,
Araria,49-Araria,Mohd. Murtuza,,,9661391669.0,8210780298.0,"Mohd. Murtuza | Male | 55 | Minority | Shershawadi | Former Mukhiya

-Former 2 Terms Mukhiya, 2001 To 2011
-Former JDU Zila Sachiv, 2018 To 2021
-Former JDU , Panchayri Raj Cell, Zila Adhyaksh, 2019 To 2024
-Jan Suraaj Zila Upadhyaksh & Vidhan Sabha Prabhari",Active till ticket distribution,Active for JS,With JS,Call Connected,With JS,Willing to Contest PRI election and also ready to work in sangathan,Yes ,"- He use to Contest Mukhiya , this time he also Contest Mukhiya 
- He is interested in Sangathan Also 
- After Winter he will meet PK ",,,,,,,,,,,,,,,,,,,,,,,,,,,,,,,,
Araria,49-Araria,Faisal Jawed,,,9719078786.0,9719078786.0,"Faisal Jawed | Male | 41 | EBC | Sheikhra | Defacto Zila Parishad

-Defacto Zila Parishad(2021 to Till Date)
-Government Contractor( Ten Enterprise)
-Jan Suraaj State Core Committee Member
-Founder and Director of Araria Ka Mudda
-Social Worker
",Active till ticket distribution,Neutral Stance,With JS,Not Received ,,,,,,,,,,,,,,,,,,,,,,,,,,,,,,,,,,,,
Araria,49-Araria,Dr Rajnish Kumar Jha,,,9200000595.0,9200000595.0,"Dr Rajnish Kumar Jha | Male | 41 | General | Brahmin | Doctor

-Runs a Private Hospital in Araria
-Social Worker (Organise Free Health Camps)
-Runs a NGO 
-MBBS ",Active till ticket distribution,Active for JS,With JS,Call Connected,,,,"- He is seeing Pateint righ now 
- Will Talk Late ",,,,,,,,,,,,,,,,,,,,,,,,,,,,,,,,
West Champaran,05-Lauriya,Sachindra Kumar Pandey,,,9931730553.0,9931730553.0,"Sachindra Kumar Pandey | Male  | General | Brahmin | Former Mukhiya

-Former 5 Terms  Mukhiya(1991 To 1992 & 2001 To 2021)
-Former Congress State Karya Samiti Sadasya
-Former Congress Sewa Dal Member
-Former Congress General Secretary 
",Active till ticket distribution,Helped Other Party,,Call Connected,Not with JS,,,,,Call Connected,,,,,,,Nagar parisad me aate hain,,,,,,,,,,,,,,,,,,,,,,,
West Champaran,05-Lauriya,Vikai Mahato Kushwaha,,,6202460713.0,9934057781.0,"Vikai Mahato Kushwaha | Male | 64 | OBC | Kushwaha | Former ZP 

-Former ZP Member, 2016 to 2021
-Former JDU Sansad Pratinidhi, 2006 To 2022
-Former Congress Zila Sachiv, 2000 To 2005
-Former Samta Party Block President, 1995 To 1997
-Former Jan Suraaj Zila Adhyaksh
-Gram Raksha Dal Zila Adhyaksh, 1994 To 2004",Active till ticket distribution,Active for JS,With JS,Call Connected,With JS,None of the Above ,,Party me as a member hi rhna hai inhe kisi bhi post par nhi rhna chahte or PRI election nhi ladenge ,,Call Connected,Intrested,,,ZP,,,,,,,,,,,,,,,,,,,,,,,,,,
West Champaran,05-Lauriya,Ravi Prakash,,,9145552414.0,9145552414.0,"Ravi Prakash | Male | 31 | OBC | Kurmi | Farmer

-Social Enterpreneour
-Bio Farming and Organic Farming
-Bachelor in Hotel Management",Active till ticket distribution,Active for JS,With JS,Call Connected,With JS,Willing to Contest PRI election and also ready to work in sangathan,,Zila parishad ka election ladenge or Sanghtan me bhi post par rhenge.Inke kucch log hai jinko Mukhiya ka chunaav ladwayenge ,,Call Connected,,Interested,"- Bechlor Degree in Hotel Management.
- Businessman and Social Worker.
- His grandfather Late Lal Babu Singh was PACs Adhyaksh for more than 20+ years.",,,,,,,,Jogapatti_13,13 yogapati,,,,,,,,,,,,,,,,,,
West Champaran,05-Lauriya,Bikrama Prasad,,,9955599961.0,9955599961.0,"Bikrama Prasad | Male | 63 | OBC | Bania | Retired Govt. Clerk

-Retired Head Clerk from Adarsh Girls Senior Seconday School
-Jan Suraaj Prakhand Upadhyaksh",Not Active,,,Call Connected,With JS,None of the Above ,,Party me as a member rhenge.PRI election nhi ladege ,,,,,,,,,,,,,,,,,,,,,,,,,,,,,,,,
West Champaran,05-Lauriya,Sunil Kumar,,,9472432326.0,9472432326.0,"Sunil Kumar | Male | 52 | OBC | Kushwaha | MLA Contestant 

-Former MLA Contesatnt, 2015, Lauriya Constituency, BSP , Got 10000 Votes
-Incumbent Mukhiya, 2021 To Till Date
-Former Mukhiya 2001 To 2006
-Former Defacto Up Parmukh, 2006 2016
-Former JDU 2003 To 2024
-Jan Suraaj Pradesh Karyakarini Sadasya",Active till ticket distribution,Active for JS,With JS,Call Connected,With JS,Willing To Contest Panchayati Raaj ,,"Mukhiya ka chunav ladenge, sanghthan me koi zimmedari nhi lege party me as a member jude hue rahenge",,Call Connected,,Not Interested,"- He is the incumbent mukhiya and Block Adhyaksh of Mukhiya Sangh.
- Contested 2015 Assembly elections fro BSP and secured 9000 votes",,,,,,,,No,,,,,,,,,,,,,,,,,,,
West Champaran,05-Lauriya,Pradeep Kumar Pandey,,,9074206879.0,9074206879.0,"Pradeep Pandey | Male | 33 | General | Brahmin | Businessman

-Director Of Quack Automation Pvt. Ltd
-Director Of Gullak Entertainment(Film Production)
-Associated with Jigayasa Samaj Kalyan Kendra
-Social Worker",Not Active,,,Call Connected,With JS,Willing to Work in Sangathan at Dist/State Level,,Party ke sanghthan me post pr rhege.PRI election nhi ladnege aage vidhasabha ki hi taiyari karte rhege ,,,,,,,,,,,,,,,,,,,,,,,,,,,,,,,,
Araria,50-Jokihat,"
Anjum Perwej",,,8210614162.0,7481047391.0,"Anjum Perwej | Male | 63 | Minority | Saikhda | Incumbent ZP 

-Incumbent ZP (2021 To Till Date)
-Former ZP Runner UP in 2016
-Jansuraaj District Vice President 
-Member Jansuraaj Of Bedaari Karwaan 
-Former RJD Block Nigrani Samiti ",Active till ticket distribution,Active for JS,With JS,Call Connected,With JS,Willing To Contest Panchayati Raaj ,Yes,"- He is not dissappointed from JSP Party 
- Neither he will resign from nor he will take suppert from Party in PRI 
- He will Contest Contest ZP on his own credit but will remain in Jan Suraaj Party also 
- Prashant jI ki sonch achhi hai , but Ticket was given to wrong person while we had worked hard from tarari , Patna in Assembly Election . ",,,,,,,,,,,,,,,,,,,,,,,,,,,,,,,,
Araria,50-Jokihat,Perwez Musharraf,,,6200271755.0,6200271755.0,"Perwez Musharraf | Male | 42 | Minority |Kulhaiya | Incumbent ZP Member

-Incumbent Zila Parishad (2021 to Till Date)
-Jansuraaj State woring Commitee Member
-Zila Parishad Runner Up (2016 with 8600 Votes)
",Active till ticket distribution,Helped Other Party,Not with JS,Call Connected,Not with JS,,No,"- He will Contest ZP in PRI Election , Not willing to Continue Jan Suraaj 
- He had Joined after Ticket Distribution 
- He Helped RJD Candidate 
",,,,,,,,,,,,,,,,,,,,,,,,,,,,,,,,
Araria,50-Jokihat,Shayak Alam,,,9821168646.0,9821168646.0,"Shayak Alam | Male | 35 | Minority | Kulhaiya | Businessman

-Businessman(Contractor Civil)
-Social Worker",Active till ticket distribution,Active for JS,With JS,Not Received ,,,,,,,,,,,,,,,,,,,,,,,,,,,,,,,,,,,,
Araria,50-Jokihat,Md Saalim,,,9470724248.0,9470724248.0,"Md Saalim | Male | 37 | Minority | Kulhaiya | AIMIM State Secretary

-Former AIMIM State Secretary
-Former AIMIM Block President
-Youtuber(Got Million Of Views)
-More Than 500000 Followers On Facebook
-Prominent Islamic Speaker and Religious Scholar",Active till ticket distribution,Active for JS,Not with JS,Call Connected,Not with JS,,No,"- He is inactive 
- No Talking with Disrict Leaders
- Cut the call ",,,,,,,,,,,,,,,,,,,,,,,,,,,,,,,,
Araria,51-Sikti,Pradeep Kumar ,,,7004198524.0,7004198524/9934276003,"Pradeep Kumar Yadav | Male | 55 | OBC | Yadav | Incumbent PACS President

-Incumbent PACS President, 2024 To Till Date & 1997 To 2007
-Incumbent Defacto Panchayat Samiti Sadsya, 2021 To Till Date
-Elder Brother was ZP , 2001 To 2006
-Former BJP Block President, 1997 To 2002
-Former BJP Member 1992 To 2025
",Active till ticket distribution,Active for JS,With JS,Call Connected,With JS,Willing to Work in Sangathan at Assembly Level,Yes ,"- Sangathan Leaders became dissappointed after Election 
- Since then No has asked /Contacted us 
- Due Cab payement are still pending and Cab owner giving trouble 
- Prashant is one Man Army he never listen his own Workers, he spoke only
- No any leaders - Workers was speaker despite Prashant 
- No Matter , We loosed or Win but we must had the party workers 
- Grounded Party Worker Production takes time 
- Probabale ACC invested 20-20 Lakh but ticket was given to Muslim which back fired 
",,,,,,,,,,,,,,,,,,,,,,,,,,,,,,,,
Araria,51-Sikti,Md Raghib,48.0,,7282010501.0,9155241167.0,"Md Raghib | Male | 48 | Minority | | Mukhiya

-Incumbent 2 Terms Mukhiya (2016 to Till Date)
-Former Block President Mukhiya Sangh(2016 to 2021)
-Former Ward Member(2001 to 2006)
-Former RJD Block President(2017 to 2021)-
-Former RJD Member (2001 to 2021)",Candidate,,,Switch Off,,,,,,,,,,,,,,,,,,,,,,,,,,,,,,,,,,,,
Araria,51-Sikti,Bhola Prasad Singh,,,7418655619.0,7762067281.0,"Bhola Prasad Singh | Male | 54 | EBC | Gangai | Teacher

-Runs a Private Coaching Center",Active till ticket distribution, Contested as an Candidate from other Party,Not with JS,Not Received ,,,,He contested on BSP Ticket,,,,,,,,,,,,,,,,,,,,,,,,,,,,,,,,
Kishanganj,52-Bahadurganj,Prof Masawar Alam,,,9801198352.0,9430451438.0,"Prof Masawar Alam | Male | 65 | Minority | Sheikh | MLA Contestant

-Former 3 Terms MLA Contestant(2000, Bahadurganj, NCP, Got 2000 Votes, 2010, Bahadurganj, JDU, Got 28000 Votes, and 2015 , JAP , Bahadurganj, Got 35000 Votes
-Former JDU Pradesh Mahasachiv & Zila Adhyaksh(2010 to 2015)
-Former JAP Pradesh Upadhyaksh(2015 to 2022)
-Former NCP (2000 To 2000), Member
-Retired College Principal",Active till ticket distribution, Contested as an Candidate from other Party,Not with JS,Call Connected,Not with JS,,No,"- He was JSP Ziladhyaksh but after Ticket Distribution, he became Congress's Candidate and Contested. 

- He has hinted that if Prashant allaince with Congress then it will better ",,,,,,,,,,,,,,,,,,,,,,,,,,,,,,,,
Kishanganj,52-Bahadurganj,Varun Kr Singh ,,,,,,Candidate,,,,,,,,,,,,,,,,,,,,,,,,,,,,,,,,,,,,,,,
Kishanganj,52-Bahadurganj,Shaista Tabana,,,8084649557.0,8084649557.0,"Shaista Tabana | Female | 37 | Minority | Social Worker

-NGO( Darusshafa Kalyan ) Secretary(2011 to till date)
-Director of a Private Hospital(DS Nursing Home)(2011 to till date)
-Social Worker(2009 to till date)
-Father was MLA Uttar Dinajpur, West Bengal(1985 to 1990)
-Graduate",Active till ticket distribution,Neutral Stance,With JS,Call Connected,With JS,Willing To Contest Panchayati Raaj ,Yes ,"-  She will take decision whtehr she has to contest MLA 20230 or not 
- She will continue the party
- She wish Prashant helps her in pachayat Raj ZP Election. 
- She became inactive 2 months before Ticket Distribution. ",,,,,,,,,,,,,,,,,,,,,,,,,,,,,,,,
Kishanganj,53-Thakurganj,Md Ekramul Haque,43.0,,9939917727.0,9939917727.0,"Md Ekramul Haque | Male | 43 | Minority | Shershabadi | Incumbent Mukhiya

-Incumbent Mukhiya(2021)
-Former Mukhiya Contestant(2016)
-Former BDC( 2011 to 2016)
-Former Pramukh(2011 to 2016)
-Former RJD Block President(2021 to 2024)
-Jan Suraaj District Youth President
-Brick Klin Business",Candidate,,,,,,,,,,,,,,,,,,,,,,,,,,,,,,,,,,,,,,,
Kishanganj,53-Thakurganj,Tauqueer Ahmed,,,7979847619.0,7301234567.0,"Tauqueer Ahmed | Male | 38 | Minority | Surjapuri | Former JDU General Secretary

- Former District General Secretary ( JDU ) 2020 - 2024
- Former State Co-ordinator All India Congress Social Organization ( INC ) 2018 - 2020
- Former State  Co-ordinator SEHAT Organization ( 2016 - 2018 )
- Former Block Youth President ( JDU ) 2008 - 2016
- Former Panchayat Presedent ( JDU) - 2004 - 2008
-Businessman(Aegis Gas Agency) ",Active till ticket distribution,Active for JS,With JS,Call Connected,With JS,Willing to Work in Sangathan at Assembly Level,"Yes 
After 20th Janaury ","- No one Leaders calling him 
- Even review Meeting done , but  no information was given 
- He is faithful  and dedicated ",,,,,,,,,,,,,,,,,,,,,,,,,,,,,,,,
Kishanganj,53-Thakurganj,Razia Sultana Ansari,,,7250122084.0,7320940849.0,"Razia Sultana Ansari | Female | 34 | Minority | Ansari | Incumbent BDC

-Incumbent 2 Terms BDC (2016 to Till Date)
-Former Block Pramukh (2018 to 2021)
- Jan Suraaj Zila Mahila Adhyaksh
-Social Worker",Active till ticket distribution,Active for JS,With JS,Call Connected,With JS,Willing to Work in Sangathan at Assembly Level,"Yes 
Till Last Janaury ","- She is Zila Mahila Adhyaksh but was active in other Assembly. 
- Party should Strenghten a panchayat level Leaders
- Candidaste got Ticket from Shershahbadi Community but Sherhsbadi Voters did not Voted him. 
- All the votes he got were from Surajapuri Voters. 
- ""Party ka Adesh Sar Ankho mein"" 
- Whether I would be on designation  or not but my activeness will continue for Pk's Vision . 
",,,,,,,,,,,,,,,,,,,,,,,,,,,,,,,,
Kishanganj,54-Kishanganj,Md Tariq Anwar,,,9110049279.0,9546962016.0,"Md Tariq Anwar | Male | 45 | EBC | Ansari | Businessman
-Businessman(Tiles & Marble)
-Social Worker
-Jan Suraaj Zila Sanyojak
-All India Pasmanda Samaj Pradesh Adhyaksh",Active till ticket distribution, Contested as an Candidate from other Party,Not with JS,Call Connected,Not with JS,,No,"- He is not much more interested in Jan Suraaj now . 
- He is still influenced by PK but due to lack of Respect of Workers, 
he distached from Behaviour. 
- 40 Tickets were claimed for Muslims and Pashamanda Muslims but promises got unfullfiled , this hurt him. 

- Ticket was not given on work Performance this hurt a lot . 
- He became Candidate of Tej Pratap Party",,,,,,,,,,,,,,,,,,,,,,,,,,,,,,,,
Kishanganj,54-Kishanganj,Subhash Kumar Singh,,,9731614094.0,9731614094.0,"Subhash Kumar Singh | Male | 42 | OBC | Kushwaha | Businessman

-Director of Vivid Process Technology
-PGDM in Marketing & Finance",Not Active,Neutral Stance,,Call Connected,With JS,Willing to Work in Sangathan at Dist/State Level,Yes ,"- Seems not much more interested 
- Although he claims he will Continue then Party 
- No touched him after Election. 

- He came in JSP at last Time . 
- He bolngs to Patna and lives in Patna maximum. ",,,,,,,,,,,,,,,,,,,,,,,,,,,,,,,,
Kishanganj,54-Kishanganj,Md. Ishaque Alam ,,,94314 78358,,"Md. Ishaque Alam 
- Ex Congress Ziladhyaksh 
",Candidate,,,,,,,,,,,,,,,,,,,,,,,,,,,,,,,,,,,,,,,
Kishanganj,54-Kishanganj,MD Nihal Akhter,,,7004561140.0,7004561140.0,"MD Nihal Akhter | Male | 51 | Minority | JDU Zila Adhyaksh

-Former JDU Zila Adhyaksh(2020 to 2022)
-Former Congress Member(2000 to 2020)
-Jan Suraaj District Spokesperson
-Jan Suraaj State Working Committee Member
-Businessman(Consultancy, Computer & Laptop Sales and Purchase)
-Uncle Abdul Jaleel was MLA 3 Terms, Kadwa , ",Active till ticket distribution,Active for JS,With JS,Not Received ,,,,,,,,,,,,,,,,,,,,,,,,,,,,,,,,,,,,
Kishanganj,54-Kishanganj,Tara Sweta Arya,,,9199194168.0,9199194168.0,"Tara Sweta Arya | Female | 45 | General | Bhumihar | Dcotor

-ASA Party Rashtriya Mahaschiv and Spokesperson, 2024 To 2025
-Former HAM Party Spokesperson and Rashtriya Sachiv,
-Former JDU State Secretary , 2022 To 2023
-Runs a Private Hospital, Medanta Hospital, Kishanganj
-MBBS & MS",Active till ticket distribution,Neutral Stance,With JS,Call Connected,Not with JS,,,"- She was in State Committe and is Famous Doctor . 
- She is in anger alleging PK that he did not give the ticket her who had worked hard, continuously . 
- Ticket has given to Md. Ishaque Alam who has come just one day before of Nomination. 
""- She will think whether she Continue Jan Suraaj or Not. ""
""- She resigned by giving interview in Media to leave Jan Suraaj"" - DI Feedback 
",,,,,,,,,,,,,,,,,,,,,,,,,,,,,,,,
Kishanganj,Kochadhaman ,Abbu Affan Farooqui ,,,,,,Candidate,,,,,,,,,,,,,,,,,,,,,,,,,,,,,,,,,,,,,,,
Purnia,56-Amour,Mahfooz Alam,,,9899790771.0,9899790771.0,"Mahfooz Alam|  |Male | Minority | Surjapuri | Self Employed
- Work as a IT Consultant 
-Elder Brother was Mukhiya Balua Gostara
-B.Tech Jamia Millia Islamia
-Former President of Guru Govind Singh Univeristy(2013-2014)",Active till ticket distribution, Contested as an Candidate from other Party,Not with JS,Call Connected,Not with JS,,,"- He said that He has joined Congress 
- His all Political Lobby belongs to Congress 
- He contested Independetly and Supported Congress 
- Congress is making him Bihar Spokesperson of BPPC",,,,,,,,,,,,,,,,,,,,,,,,,,,,,,,,
Purnia,56-Amour,Prof. Shafique Rabbani,,,8210384097.0,8210384097.0,"Prof. Shafique Rabbani | Male | 62 | Minority | Surjapuri | Panchayat Samiti Sadasya

-Former Panchayat Samiti Sadasya(2006 to 2011)
-Director Of Kisan Degree College
-Agriculture
-Jan Suraaj Zila Sachiv",Not Active,Neutral Stance,,Call Connected,With JS,Willing to Contest PRI election and also ready to work in sangathan,Yes ,"- Will Contest Mukhiya or ZP 
- Vidhansabha mein Candidate ko ticket Vichar vimarsh krke nhi diya gaya 
 - Sangathan ka Punargathan krnrte huye aage badhna padega  
- Party mein hain , Party PRI me help to ladenge nhi kafrega to apne level se ladaa jaayega ",,,,,,,,,,,,,,,,,,,,,,,,,,,,,,,,
Purnia,56-Amour,Afroj ,48.0,,,8292303550.0,"Afroj | Male | 48 | Minority | Surjapuri | ZP Member

-Incumbent  2 consecutive terms ZP Member(2016 to Till Date)
-Former ZP Contestant (9486)
-Former Aimim Member

-",Candidate,,,,,,,,,,,,,,,,,,,,,,,,,,,,,,,,,,,,,,,
Purnia,56-Amour,Md Shahabuzzama Bhartiya,,,7070720173.0,9955138393.0,"Shahabuzzama Bhartiya | Male | 49 | Minority | Kulhaiya | Loksabha Contestant

-Former Loksabha Contesatnt(2024), Samajaik Paksh Party, Got 7500 Votes
-Incumbent ZP Member, Got 18000 Votes(2021 To Till Date)
-Former MLA Contestant, NCP 2015 , Got 11000 Votes
-Former AIMIM Seemanchal Prabhari, 2018 to 2023
-Former NCP District President 2012 to 2018
-Former Congress District Secretary(2001 to 2010)
-Jan Suraaj Zila Sachiv",Active till ticket distribution,Neutral Stance,Not with JS,Call Connected,Not with JS,Willing To Contest Panchayati Raaj ,NO,"- Resigned from JSP Party 
- He is incumbent Zila Parishad 
- Interested to Contest PRI",,,,,,,,,,,,,,,,,,,,,,,,,,,,,,,,
Purnia,56-Amour,Lakshmi Kumari,,,7631726722.0,7631726722.0,"Lakshmi Kumari | Female | 50 | General | Brahmin | BJP Zila Mantri

-Former BJP Zila Mantri, Mahila Cell, 2017 To 2025
-Former BJP Amour Block Prabhari, 2016 To 2017
-Astrologer
-Social Worker",Active till ticket distribution, Contested as an Candidate from other Party,Not with JS,Call Connected,Not with JS,,NO,"- Contested from BSP Ticket 
- Prashant what claimed did not fullfillled 
- he claimed that per Loksabha one Women  will be Candidate of JS in Assembly but did not give the ticket ",,,,,,,,,,,,,,,,,,,,,,,,,,,,,,,,
Purnia,57-Baisi,Zafrul Islam,,,7070855200/9852141191,7070855200.0,"Zafrul Islam | Male | 59 | Minority | Kulhaiya | Former Defacto Block Pramukh

-Former Defacto Block President, 2006 To 2011
-Former Bazar Samiti Sadasya, 2003 
-Former BJP Member, 2010 To 2022
-Former RJD Zila Mahasachiv, 2001 To 2009
-Former Samajwadi Party, Block Presdient, 1999 to 2001
-Former Janta Dal Block Working Committee Member, 1989 To 1997
-Jan Suraaj Zila Upadhyaksh",Active till ticket distribution,Active for JS,With JS,Call Connected,With JS,Willing to Contest PRI election and also ready to work in sangathan,Yes ," - He is interested in PRI depending on reservation of seat 
- Some  mistaken in Ticket Distribution 
- Kharch jayda karaya gaya Sambhavit  Candidates , vo galat hua 
- Ticket distributed was not based on criteria 
- Bunty Yadav Ziladhyaksh contested Dhamdaha but could not done better 
- Ab prayas kiya ",,,,,,,,,,,,,,,,,,,,,,,,,,,,,,,,
Purnia,57-Baisi,Md Shahnawaz Alam,50.0,,9113700970.0,9113700970.0,"Md Shahnawaz Alam| Male | 50 | Minority | RJD General Secretary
- B Pharma + LLB
-Former Yuva RJD General Secretary (2020 to 2024)
-Former AIMIM District President (2015 to 2020)
-District President of Surjapuri Development Organisation(1996 to Till Date)

",Candidate,,,,,,,,,,,,,,,,,,,,,,,,,,,,,,,,,,,,,,,
Purnia,58-Kasba,Saurabh Kumar Suman,,,9534478261.0,9534478261.0,"Saurabh Kumar Suman | Male | 39 | OBC | Kushwaha | Businessman

-Trading Business
-Former President of Student Sangh of Kushwaha Mahasabha(2002 to 2005)",Active till ticket distribution,Neutral Stance,With JS,Not Received ,,,,,,,,,,,,,,,,,,,,,,,,,,,,,,,,,,,,
Purnia,58-Kasba,Md Irshad Ahmad,,,9560726752.0,9162861533.0,"Irshad Ahmad | 34 | Male | Minority | Ansari | Defacto Mukhiya

-Incumbent Mukhiya(Mother)-2021 to till date
-Pathahology Lab Owner
-Intermediate
",Not Active,Helped Other Party,Not with JS,Call Connected,Not with JS,Willing To Contest Panchayati Raaj ,Yes ,"- Will rejoin the JSP , interested for ZP in PRI 
- Joined AAP before Ticket Distribution 
- Positive fpr JSP but will not join amny party for 3 years atleast 
- Bjut after conveincing he became agree to frejoin Jan Suraaj party and to strenghten Partty Focusing Youth 
- Party must Sanitize the committe 
",,,,,,,,,,,,,,,,,,,,,,,,,,,,,,,,
Purnia,58-Kasba,Md Ittefaque  Alam,48.0,,9801590908.0,9801590908.0,"Md Ittefaque  Alam | Male | 48 |  Minority | Shershabadi | Former Assembly Contestant

-Former Assembly Election Contestant-2020 Independent- 8000 Votes
-Businessman(Tracktor Showroom)",Candidate,,,,,,,,,,,,,,,,,,,,,,,,,,,,,,,,,,,,,,,
Purnia,58-Kasba,Avinash Kumar Singh,,,9135196115.0,9135196115.0,"Avinash Kumar Singh | Male | 34 | General | Rajput | Businessman

-Former Congress Member(2018 to 2023)
-Campaign For Congress Candidate Pappu Singh in 2019 Lok Sabha 
-Hardware Shop
-Farming",Not Active,Neutral Stance,,Call Connected,Not with JS,,No ,"- Party did not consider our Hard work 
- He messeged to PK many times but no response at a single time 
- Jitna Party mein Vishwas kiya but Party se dokha hi mila 
",,,,,,,,,,,,,,,,,,,,,,,,,,,,,,,,
Purnia,59-Banmankhi (SC),Manoj Kumar Rishi,32.0,Male,7764970943.0,7764970943.0,"Manoj Kumar Rishi | Male | 32 | SC |Musahar | Mukhiya 

-Incumbent Mukhiya and District Mukhiya Sangh sachiv
-Jansuraaj  Banmankhi Anumandal President 
-Mukhiya Runner Up  In 2016 ( 850 Votes )
-Former BJP Panchayat President ( 2010-2022)
-Farmer ( 5 Bigha Land)
",Candidate,,,,,,,,,,,,,,,,,,,,,,,,,,,,,,,,,,,,,,,
West Champaran,06-Nautan,Chitranjan Kumar Patel,,,9622822995.0,9622822995.0,"Chitranjan Kumar Patel | Male | 37 | OBC | Kurmi | Retired Indian Army  Officer

-Retired Indian Army Officer
-Social Worker",Not Active, Contested as an Candidate from other Party,,Call Connected,With JS,Willing to Work in Sangathan at Dist/State Level,,Sanghthan me rah ke kaam krenge but PRI election nhi ladenge.,,,,,,,,,,,,,,,,,,,,,,,,,,,,,,,,
West Champaran,06-Nautan,Nand Kishore Prasad,,,9431465903.0,9431465903.0,"Nand Kishor Parsad | Male | OBC |   Kushwaha | MLA Constestant

-Former MLA Contestant, 2020, Nautan, RLSP, Got 6500 Votes, 2009 By Election, RLSP, Nautan, 6000 Votes
-Former Mukhiya Contestant, 2001
-Former Defacto Panchayat Samiti member(2006 To 2011)
-Former JDU Pradesh Upadhyaksh(2018 To 2021)
-Jan Suraaj Pradesh Mahaschiv",Active till ticket distribution,Active for JS,With JS,Call Connected,With JS,Willing to Contest PRI election and also ready to work in sangathan,,Zila parishad ka chunav ladna chahte hai or Sanghtan me pradesh level par hi rhege,,,,,"Nand Kishor Parsad | Male | OBC |   Kushwaha | MLA Constestant

-Former MLA Contestant, 2020, Nautan, RLSP, Got 6500 Votes, 2009 By Election, RLSP, Nautan, 6000 Votes
-Former Mukhiya Contestant, 2001
-Former Defacto Panchayat Samiti member(2006 To 2011)
-Former JDU Pradesh Upadhyaksh(2018 To 2021)
-Jan Suraaj Pradesh Mahaschiv",,,,,,,,No,,,,,,,,,,,,,,,,,,,
West Champaran,06-Nautan,Bandhu Nath Dubey,,,8002071090.0,8002071090.0,"Bandhu Nath Dubey | Male | 55 | General | Brahmin | MLA Contestant

-Former MLA Contested From Nautan Constituency (Feb 2005),Independent, Got 3rd Position with 8500 votes 
-Former ZP Member 2006 to 2011
-Jan Suraaj Block President",Not Active,,,Call Connected,Not with JS,,,,,,,,,,,,,,,,,,,,,,,,,,,,,,,,,,,
West Champaran,06-Nautan,Jawahir Mukhiya,,,9973550481.0,9973550481.0,"Jawahir Mukhiya | Male | 62 | EBC | Bind | Former Mukhiya

-Former 2 Terms Mukhiya (2001 To 2011)
- Former RJD  Prakand Adhyaksh(2006 To 2012)
-Former BJP Prakhand Adhyaksh(2004 To 2004)
-Former Congress Prakahnd Adhyaksh(1995 to 1995)
-Jan Suraaaj Zila Sanghatan Sachiv",Not Active,,,Call Connected,With JS,Willing to Contest PRI election and also ready to work in sangathan,,Mukhiya ka chunaav ladenge or sanghthan me Mahamantri hai to Usi post pr rhna chahege ,,,,,,,,,,,,,,,,,,,,,,,,,,,,,,,,
West Champaran,06-Nautan,Santosh Chaudhary,41.0,,9973188816.0,9973188816.0,"Santosh Chaudhary|  Male | 41| EBC | Mallah | Incumbent Mukhiya

-Incumbent 3 Terms Mukhiya (2011 to Till Date)
-Former Vidhan Sabha Contestent 2015 Got 3995 Vote Nautan Assembly, Independent
-Jan Suraaj Yuva Pradesh Upadhyaksh",Candidate,,,,,,,,,,,,,,,,,,,,,,,,,,,,,,,,,,,,,,,
West Champaran,06-Nautan,PriyaRanjan,,,7903408189.0,7903408189.0,"Priya Ranjan | Male | 55 | OBC | Kushwaha | MLA Contestant

-Former 2 Terms MLA Contestant, 2015 & 2020, Nautan Constituency, Independent, Got 1900 & 1089 Votes
-Social Worker
-Civil Engineer",Active till ticket distribution,Active for JS,With JS,Call Connected,With JS,Willing to Work in Sangathan at Assembly Level,,"PRI election Nahi ladenge kewal vidhasabha star pr hi kaam krenge, sanghthan me bhi kewal vidhasabha star par hi zimmedari chahiye ",,Call Connected,,Not Interested,"Priya Ranjan | Male | 55 | OBC | Kushwaha | MLA Contestant

-Former 2 Terms MLA Contestant, 2015 & 2020, Nautan Constituency, Independent, Got 1900 & 1089 Votes
-Social Worker
-Civil Engineer",,,,,,,,No,,,,,,,,,,,,,,,,,,,
Purnia,60-Rupauli,Sikandar Singh,,,6201942176.0,6201942176.0,"Sikandar Singh | Male | 43 | EBC | Mallah | MLA Contestant

-Former MLA Contestant, 2020, Rupauli Constituency, Rashtriya Jan Bhavna Party, Got 4th 31450 Votes
-Former ZP Contestant, 2006 & 2011, Runner Up
-Former Defacto ZP Contestant, 2016 & 2021, Runner Up
-Former JDU Zila Sachiv, 2024 To 2024
-Former JDU Yuva Cell Block President, 2014 To 2019
-Former CPIML Block Convenor, 2001 To 2005
-Jan Suraaj Block Spokesperson",Active till ticket distribution,Active for JS,With JS,Call Connected,With JS,Willing To Contest Panchayati Raaj ,Yes ,"- In PRI Will Contest Mukhiya 
- What the PK has Promised did not Fullfilled  
- Sangathan Purnagathan attended 
- New Candidate should not be diven Ticket 
- Candidate must be go among the ACCs
- No Guidlines from State for Sangthan in last hour of Election 
- Sangathan know the public mood but Sangathan was ignored during the Eelction ",,,,,,,,,,,,,,,,,,,,,,,,,,,,,,,,
Purnia,60-Rupauli,Kumar Narendra Singh,,,9523767126.0,9523767126.0,"Kumar Narendra Singh | Male | 59 | General | Rajput | MLA Contestant

-Former MLA Contestant 2000, Independent, 2000 Rupauli, Got 9000 Votes & 1995 , CPIM , Rupauli, Got 10000 Votes
-Former CPIM Zila Sachiv(1986 To 2003)
-Jan Suraaj Zila Prabhari
-Jan Suraaj State Core Committee Member
-Owns a Petrol Pump",Active till ticket distribution,Neutral Stance,With JS,Not Received ,,,,,,,,,,,,,,,,,,,,,,,,,,,,,,,,,,,,
Purnia,60-Rupauli,Md Naiyer Alam,,,9430040413.0,9430040413.0,"Md Naiyer Alam | Male | 56 | Minority | Sheikh | Farmer

-Farming(Banana, Maize and Others)
-Social Worker(Durga Puja Samiti Upadhyaksh)",Active till ticket distribution,Neutral Stance,With JS,Call Connected,With JS,Willing to Work in Sangathan at Dist/State Level,No,- Sangathan revision  is mjust ,,,,,,,,,,,,,,,,,,,,,,,,,,,,,,,,
Purnia,60-Rupauli,Chandradip Singh,,,6280631743.0,6280631743.0,"Chandradip Singh | Male | 46 | EBC | Mallah | Former BJP District President

-Jansuraaj Founding Member 
-Prominent Businessman ( agriculture & Building Construction)
-Former BJP Labour Union Chairmain Of Purnia in 2009 -2014
-Former BJP District President (2014-2017)
-Active Social Worker ",Not Active,,,Not Received ,,,,,,,,,,,,,,,,,,,,,,,,,,,,,,,,,,,,
Purnia,60-Rupauli,Ravi Raushan,,,9801804702.0,9801804702.0,"Ravi Raushan | Male | 30 | EBC | Gangota | MLA Contestant

-Former MLA Contestant, 2024, Rupouli, By Election 2024, Azad Samaj Party Got 761 Votes
-Former ASA Party Zila Sanghatan Prabhari & Rashtriya Prabhari, 2024 To 2025
-Social Worker",Active till ticket distribution,Helped Other Party,Not with JS,Call Connected,With JS,None of the Above ,No," - Left JSP Before Ticket Distribution 
 -  He is dedicated to RCP Singh and to Jan Suraaj Party 
- He is willing to Contest 2029 Loksabha Election 
",,,,,,,,,,,,,,,,,,,,,,,,,,,,,,,,
Purnia,60-Rupauli,Sushma Kumari,,,9430832585.0,9430832585.0,"Sushma Kumari |  Female | 48 | Gangota | ZP Contestant

-Former 2 Terms ZP Member Contestant, 2001 & 2006, Got 8000 & 9000 Votes
-Jan Suraaj Women Cell , Block Vice President
-Social Worker",Not Active,Neutral Stance,With JS,Call Connected,With JS,Willing to Work in Sangathan at Dist/State Level,No,"- She is not interested in Election Contesting although she wants to remain in Jan Suraaj. 
- Her children are Studying in School- Colleges so she is focusing on family 
- She Says she belongs to a lower middle class family , so she has financial and cant give much more time in Politics ",,,,,,,,,,,,,,,,,,,,,,,,,,,,,,,,
Purnia,61-Dhamdaha,Md Tohid Ali,,,9523308800.0,9123444037.0,"Md Tohid Ali | Male | 32 | Minority | Syed | Businessman
- Buisnessman(Mobile Shop)
- Social Worker",Active till ticket distribution,Neutral Stance,With JS,Call Connected,With JS,Willing to Work in Sangathan at Assembly Level,Yes,"- He comes from Another Assembly So he helped in his native Assembly 
- Vahini in 6 months 
- He will work in Snagthan and ambitious for MLA Election 2030 Only ",,,,,,,,,,,,,,,,,,,,,,,,,,,,,,,,
Purnia,61-Dhamdaha,Dr Brajesh Kumar Thakur,,,9572801381.0,9572801381.0,"Dr Brajesh Kumar Thakur | Male | 50 | General | Brahmin | MLA Contestant

-Former Assembly Election Contestant, 2020 Independent, Got 3000 Votes
-Former RJD Yuva Pradesh Sachiv(2017 to 2020)
-Former Mukhiya , Dhamdaha Madhya ,(2016 to 2021)
-Prominent Social Worker(Free health Checkup to Poors, Free stitching training to girls,  Oraganise Sports events in Dhamdaha)
-Runs a Private Clinic
-MBBS 
-Jan Suraaj District Spokesperson",Active till ticket distribution,Active for JS,With JS,Call Connected,With JS,Willing to Work in Sangathan at Dist/State Level,Yes ,"- Not Satisfied from the recently meeting conducted in presence observer - Ali Reza & Satyanarayan 
- ",,,,,,,,,,,,,,,,,,,,,,,,,,,,,,,,
Purnia,61-Dhamdaha,Shalini Yadav,,,9931933333.0,9931933333/ 7766917032,"Shalini Yadav | Female | 50 | OBC | Yadav | Former Mukhiya Contestant

-Former Muklhiya Contestant, 2011, Runner Up
-Former Defacto(Husband) ZP, 2016 To 2021
-Former Defacto ZP Contestant, 2021 Got 7000 Votes
-Social Worker",Active till ticket distribution,Active for JS,With JS,Not Received ,,,,- Ticket from JSP was given to her husband and he contested well and she also helped her husband and Party. ,,,,,,,,,,,,,,,,,,,,,,,,,,,,,,,,
Purnia,61-Dhamdaha,Dilip Kumar Thakur,,,9821120959.0,9821120959:,"Dilip Kumar Thakur | Male | 52 | General | Brahmin | Social Worker

- Businessman(Brick Klin)
- Social Worker",Active till ticket distribution,Neutral Stance,With JS,Call Connected,With JS,Willing to Work in Sangathan at Assembly Level,Yes ,"- He did not helped candidate 
- He wants to remove recent Ziladhyaksh, Ziladhyaksh has no Contacts in his own Caste 
- Bunty Yadav has no Mass base in his own Assembly 
- Although it was Party's Decision so that he coordinated the Party  
- He is ambitious for MLA only and eager for Responsibility at Assembly 
- He is  Mumbai right now will return in 8 Days then will meet PK  ",,,,,,,,,,,,,,,,,,,,,,,,,,,,,,,,
Purnia,62-Purnia,Dr Krishnamohan Kumar,,,8757265445.0,8757265445.0,"Dr Krishnamohan Kumar | Male | 44 | OBC | Kushwaha | Doctor

-Doctor(MBBS)
-Runs a Hospital Sadbhawna General Hospital
-Runs a NGO Named Umeed, works for Poor Patients
-Organise More than 50 Medical Camps for Poors
-Jan Suraaj Zila Sachiv 
-Jan Suraaj State Working Committee Member",Active till ticket distribution,Neutral Stance,With JS,Call Connected,With JS,Willing to Work in Sangathan at Dist/State Level,Yes ,"- Although Experienced not good but no matter it is happened in entire Bihar 
- He said "" I could not help our Candidate,  due to questing by People to me what happened why You Could not get the Ticket"" ? 
- What the Supreme Leader promises should fulfil on time 
- Delay in Ticket Distribution, 
- 10K by NDA Govt. Factored well and attacked on Jan Suraaj 
- JSP Party Workers also distached due to Unfullmilment of Commitment 
- ACC applied for Candidature has no no vote base and they filled apploication only depending on JSP-Prashant's Voter Bank . 
 - But Sangathan Committess were also weak 
- Lack of time as Candidate had left no much more time to Campaign & Cover entire Assembly ",,,,,,,,,,,,,,,,,,,,,,,,,,,,,,,,
Purnia,62-Purnia,Rajiv Kumar Roy,,,7488040601.0,6287500990.0,"Rajiv Kumar Roy | Male | 45 | General | Brahmin | Incumbent Defacto ZP Member

-Incumbent Defacto ZP Member(2022 To Till Date)
-Former BJP Ward President(2012 To 2024)
-Jan Suraaj Mahanagar Adhyaksh
-Owns a Petrol Pump",Not Active, Contested as an Candidate from other Party,Not with JS,Not Received ,Not with JS,,,He joined BSP before ticket Dsitribution and contested on BSP Ticket ,,,,,,,,,,,,,,,,,,,,,,,,,,,,,,,,
Purnia,62-Purnia,Ashutosh Kumar Basant,,,9065135553.0,9065135553.0,"Ashutosh Kumar Basant | Male | 42 | General | Brahmin | RJD Student Wing

-Former RJD Student Wing Sanghatan Sachiv, 1999 To 2001
-Former ABVP, Pradesh Karyasamiti Sadasya, 2002 To 2004
-Jan Suraaj Mahanagar Adhyaksh, Purnia
-Runs an ITI College, Purnia and Skill Development Centre
-Social Worker",Active till ticket distribution,Neutral Stance,With JS,Call Connected,With JS,Willing to Work in Sangathan at Dist/State Level,Yes ,"- Sangathan should work on Common People Issues
- Party should not Contest Panchayat Level Election 
- I was given Nagar Responsibility and in very short time I worked better in Sangathan 
",,,,,,,,,,,,,,,,,,,,,,,,,,,,,,,,
Purnia,62-Purnia,Santosh Kumar Singh ,48.0,,9939791551.0,9939791551.0,"Santosh Kumar Singh | Male | 48 | General | Rajput | Incumbent ZP

-Incumbent ZP Member, 2021 To Till Date
-Samajik Nayay Samiti Adhyaksh Purnia, 2021 
- Former President Drug Association, Purnia 2016 To 2021 
-Former BJP , Pradesh Koshaya Adhyaksh Panchayati Raj Cell, 2021 To 2024
-Former BJP Commercial 5 District Incharge, 2016 To 2021
-Santosh Agency Medicine Whole Saler and Distributor
-Director Of Umeed Hospital, Purnia
-Jan Suraaj Chunav Abhiayaan Samiti sah sanyojak
-Got Awards By Governor Of Bihar, For Social Work, 2025
-Got Awards By Drug Association Bihar
-Got Awards for his Works During Corona Period by Deputy CM Bihar, Tara Kishore , 2022",Candidate,,,,,,, ,,,,,,,,,,,,,,,,,,,,,,,,,,,,,,,,
Purnia,60-Rupauli ,Amod Kumar ,54.0,,9801785185.0,9801785185.0,"Amod Kumar  | Male | 54 | EBC | Dhanuk | Foamer Panchayat Samiti Contestant

-Former Panchayat Samiti Contestant, 2021 , Got 1041 Votes
- Former State General Secretary of RJD Party. 2022 To 2025
- Former Sah Parbhari of RJD in Bhagalpur District. 
- Ex Member of Regional Transportation Tribunal, Purnia.
- Incumbent Zila Upadhyaksh Of Akhil Bharatiya Kurmi Dhanuk Sangh.
- Started politics with Sharad Yadav - Ex Minister & MP.
- Own Briks Chimney & Real Estate Business.",Candidate,,,,,,,,,,,,,,,,,,,,,,,,,,,,,,,,,,,,,,,
Katihar ,63-Katihar,"
Awadh Bihari Pandey",,,6266722031.0,6266722031.0,"
Awadh Bihari Pandey | Male | 43|  General | Brahmin 

- Jan Suraaj Block Spokes Person
-Retired From Indian Army (1999-2023)
- Farmer",Active till ticket distribution,Neutral Stance,With JS,Call Connected,With JS,None of the Above ,No ,"- He abuses Prashant , Satyanarayan Sharma & Dr. Gazi Sharique
- His tone is not worth for a leader
- He belongs to Manihari   
- A problem Creator Leader ",,,,,,,,,,,,,,,,,,,,,,,,,,,,,,,,
Katihar ,63-Katihar,Dr Gautam Kumar,,,6202175693.0,6202175693.0,"Dr Gautam Kumar| Male | 44 | General | Rajput | Doctor 

- Doctor (Surgeon)
- Jan Suraaj Overseas Member
- Jan Suraaj State Steering Committee Member
- Social Worker (Provide Free Education To poor Student by Paying Their Fees)
-MBBS, MS , FRCS , MCH",Active till ticket distribution,Neutral Stance,With JS,Call Connected,With JS,Willing to Work in Sangathan at Dist/State Level,Yes ," - He is wants to remain together with Prashant for few dys to learn the things,  like calibre, Prashant , Knowledge etc . 
- He deserves to be in national Council of Party 
-  Prashant ji handling all things solely which is not possible to manage everything on time, so there must be 10 Leaders at level of of Prashant 

- Major mistaken in Ticket Disgribution

- Ticket always should given to hardworker of party and outsiders 
",,,,,,,,,,,,,,,,,,,,,,,,,,,,,,,,
Katihar ,63-Katihar,Bibhakar Jha urf Victor Jha,,,7004982187,7004982187.0,"Victor Jha | 47 | Brahmin | General | Brahmin | Former MP Candidate

- Former MP candidate from AAP  2014 Lok Sabha Contestant Katihar received 5,200 votes; 
- Founder Member of India Against Corruption. President of Bihar, Jharkhand; 
- Punarwas sangarhash samiti Sansthapak Sadayas",Active till ticket distribution,Neutral Stance,With JS,Call Connected,With JS,Willing to Work in Sangathan at Assembly Level,Yes ,"- He was got engaged in Medical responsibilities
- His mother was hospitalized since last two motnhs 
- His mother has been experired in december , now he will be active after getting out from the situation 
",,,,,,,,,,,,,,,,,,,,,,,,,,,,,,,,
Katihar ,63-Katihar,Prabhakar Prasad Prabhat,,,9031692936.0,9031692936.0,"Prabhakar Prasad Prabhat | Male | 51 | OBC | Bania | Businessman

-Director Of P4B Multi Global LLP
-Bhartiya Vaishaya Chetna Mahasabha Sanghatn Mantri
-Akhil Bhartiya Vaishya Sabha District Uapdhyaksh",Active till ticket distribution,Active for JS,With JS,Call Connected,With JS,Willing to Contest PRI election and also ready to work in sangathan,Yes ,"- He is interested to take big Responsibility at District & State Level 
- He has attended 18th December in Patna 
- He is working for Sangathan , seems an honest Leader for the Party . 
- He wants to give up his business for JSP Party 
- He has strong will to help JSP Party and he is available 24 hours for Our Jan Suraaj Party 
- He is preparing 2  ZP Candidates 
- He is Contacted with Satyanarayan Sharma Deeply 
- He is working on ensure Election of Panchayat Adhyaksh through Ward Adhyaksh .
- He has good Organisational Understanding and Structure of Organisations.  
- He has given a District Kisan Adhyaksh in only one hour and Kisan Adhyaksh is most Qaulified Leaders of the District ",,,,,,,,,,,,,,,,,,,,,,,,,,,,,,,,
Katihar ,63-Katihar,Satyanarayan Sharma,,,9470702041.0,9470702041.0,"Satyanarayan Sharma | Male | 63 | General |  Brahmin | Social Worker
-Jan Suraaj Core Committee Member
-Jan Suraaj Purnia Prabhari
-Jan Suraaj Abhiyaan Samiti Member
-Social Worker
-Businessman(Brick Klin)",Active till ticket distribution,Active for JS,With JS,Call Connected,With JS,Willing to Work in Sangathan at Dist/State Level,Yes ,- The  most dedicated Leader of the Party ,,,,,,,,,,,,,,,,,,,,,,,,,,,,,,,,
Katihar ,64-Kadwa,Sayeda Nuzhat Manzoor,,,9771967242.0,9771967242.0,"Sayeda Nuzhat Manzoor | Female | Minority | Syed | Retired BDO

-Retired BDO Officer
-Jan Suraaj Zila Mahila Adhyaksh
- Her husband was CPM Cadre and also remained in LJP ",Active till ticket distribution,Neutral Stance,With JS,Call Connected,With JS,Willing to Work in Sangathan at Dist/State Level,No ,"- She wants to be in Ziladhyaksh 
- A Lobby in District Committe want to stop her to member of District Committee
- PK has promised that atleast one Mahila Candidate for Assembly from each Loksabha Aseembly 
",,,,,,,,,,,,,,,,,,,,,,,,,,,,,,,,
Katihar ,64-Kadwa,Md Baharuddin,,,9430213814.0,7909083552.0,"Md Baharuddin | Male | Minority | 31 | Youth Congress Prakhand Adhyaksh

-Former Youth Congress Prakhand Adhyaksh(2022 to 2024)
-Former Congress Minority Cell Block President(2016 to 2022)
-Businessman(Tobacco Shop)
-Jan Suraaj DSC Member",Active till ticket distribution,Neutral Stance,With JS,Call Connected,With JS,Willing To Contest Panchayati Raaj ,,"- He had Health Issue 
- We should start from Booth Level 
- He is intersted to Contest ZP PRI ",,,,,,,,,,,,,,,,,,,,,,,,,,,,,,,,
Katihar ,64-Kadwa,Shankar Kumar Saah,,,9525624005.0,9525624005.0,"Shankar Kumar Saah | Male | 25 | OBC | Bania | Farmer
-Father was PACS President(2019 to 2024)
-Uncle is Incumbent PACS President",Active till ticket distribution,Neutral Stance,With JS,Call Connected,With JS,Willing to Contest PRI election and also ready to work in sangathan,Yes,"- He is eager to Conest ZP Election from JSP Party 
- His father is incumbent Pacs Adhyaksh 
",,,,,,,,,,,,,,,,,,,,,,,,,,,,,,,,
Katihar ,64-Kadwa,Md Shaharyar,49.0,,9431864842.0,9939481075.0,"Md Shaharyar | Male | 49 | Minority | Surjapuri | Former Congress Deligate

-Former Congress Deligate &  General Secretary 2013 to 2024 of Pranpur Vidhansabha
-Former IYC Katihar General Secretary 2010 to 2012
-Former Congress Member(2005  to 2024)
-Jan Suraaj Executive Member 
-Secretary of Al Madad Welfare Society 2010 to til date)
-Petrol Pump Owner
-Director of Gandhi Hospital",Candidate,,,,,,,,,,,,,,,,,,,,,,,,,,,,,,,,,,,,,,,
Katihar ,64-Kadwa,Dr M R Haque,,,7765920510.0,7765920510.0,"Dr Mr Haque | Male | 48 | Minority | Surjapuri | Former Assembly Contestant

-Former Assembly Contestant 2020 , Kadwa independent - 4000 votes
- Ayush Doctor(BUMS)",Active till ticket distribution, Contested as an Candidate from other Party,Not with JS,Call Connected,With JS,Willing to Work in Sangathan at Assembly Level,Yes ,"- Jan Suraaj Party did not give tickt to me or Sahi Log 
- Ticket was given on performance Based 
- Still we are with Prashant ji & Party 
",,,,,,,,,,,,,,,,,,,,,,,,,,,,,,,,
Katihar ,64-Kadwa,Md Hasibur Rahman,,,9110074593.0,9110074593.0,"Md Hasibur Rahman | Male | 63 | Minority | Sheikh | Retired Govt Employee

- Ex Retd. BDO 
- Social worker
- Jan Suraaj Pradesh Karyakarini Sadasya
- Jan Suraaj Bedari Karwan  Simanchal Parbhari
- Retired Govt. Employee",Active till ticket distribution,Neutral Stance,With JS,Call Connected,With JS,Willing To Contest Panchayati Raaj ,Yes ,"- He is still in Jan Suraaj & continue 
- His has not removed braning from his cab given in Jan Suraaj 
- People are forcing him to Contest Zila Parishad Election So that he want to meet PK ",,,,,,,,,,,,,,,,,,,,,,,,,,,,,,,,
Katihar ,65-Balrampur,Md Gholam Haidar,,,9897125184.0,7761034957.0,"Md Gholam Haidar | Male | 73 | Minority | Surjapuri | incumbent Sarpanch

- Incumbent 2 Terms Sarpanch (2019 To Till Date), Bye Election in 2019
-Former Mukhiya Contestant, 1978
-Former LJP Member(2005 To 2009)
-Former Janta Party Prakhand adhyaksh(1978 To 1980 )
-Former Janta Party Zila Adhyaksh(1980 To 1984)
-Jan Suraaj Prakahnd Mahaschiv",Active till ticket distribution,Neutral Stance,With JS,Call Connected,With JS,Willing To Contest Panchayati Raaj ,No ,- ,,,,,,,,,,,,,,,,,,,,,,,,,,,,,,,,
Katihar ,65-Balrampur,Ashab Alam,47.0,,6200471300.0,6200471300.0,"Ashab Alam | Male | 47 | Minority | Sheikh | Mukhiya

-Incumbent Mukhiya(2021 to till Date)
-Former RJD Zila Mahsachiv(2010 to 2022)
-Farmer",Candidate,,,,,,,,,,,,,,,,,,,,,,,,,,,,,,,,,,,,,,,
Katihar ,65-Balrampur,Samiul Haque,,,9572761209.0,9572761209.0,"Samiul Haque | Male | 57 | Minority | Surjapuri | Incumbent BDC 

-Incumbent BDC , 2021 To Till Date
-Incumbent Panchayat Samiti , 2021 To Till Date
-Former Mukhiya 2006 To 2011
-Father Was Mukhiya 1978 To 2001 
-Grand Father Was Mukhiya 1967 To 1978
-Jan Suraaj Block President
-Businessman(Prpoperty Dealer)",Active till ticket distribution,Active for JS,With JS,Call Connected,With JS,Willing To Contest Panchayati Raaj ,Yes ,"- He wants to Continue JSP
- He will Contest Mukhiya 
",,,,,,,,,,,,,,,,,,,,,,,,,,,,,,,,
Katihar ,66-Pranpur,Md Shah Faisal,,,8292505020.0,8292505020.0,"Md Shah Faisal | Male | 45 | Minority | Surjapuri | Buisnessman

- Director of ITI College
- Secretary of NGO ""Jan Sahyog Foundation
- Awarded by President of India 2008 for his work for Flood releif.
- Awarded Bihar Srijan Samman by President of India in 2016.
- Seemanchal Gaurav Samman, 2023. ",Active till ticket distribution,Helped Other Party,With JS,Call Connected,With JS,Willing To Contest Panchayati Raaj ,,"- He spread Rumour against PK and JSP and  use to send messeges on FB against PK .  
- ",,,,,,,,,,,,,,,,,,,,,,,,,,,,,,,,
Katihar ,66-Pranpur,Gajala Khatoon,,,6205713673.0,6205713673.0,"Gazala Khatun | Female | 37 | Minority | Mansuri | Ward Councilor

-3rd terms incumbent ward Parshad( 2012-till date)
-District president of BJP 2016 -21 (Minority wing)
-Strong hold in the community, Specially Women's wing.
",Active till ticket distribution,Neutral Stance,Not with JS,Not Received ,,,,,,,,,,,,,,,,,,,,,,,,,,,,,,,,,,,,
Katihar ,66-Pranpur,Kunal Nishad urf Sonu Singh,37.0,Male,9006597309.0,9006597309.0,"Kunal Nishad | Male | 37 | EBC | Mallah | Businessman

-Matasyajeevi Sahyag Samiti Mantri (2017 to till Date)
-Fish farming and Makhna Production
-Uncle Late Madan Prasad Singh was 4 terms MLA(gopalpur) 1972 to 1990 and Minister in Bihar Govt. ",Candidate,,,,,,,,,,,,,,,,,,,,,,,,,,,,,,,,,,,,,,,
Katihar ,66-Pranpur,Nileshwari Pal ,,,8825218160.0,9931243213.0,"Nileshwari Pal | Female | 46 | EBC | Kumhar | Defacto MLA Contestant

-Former Defacto MLA Contestant(2005, 2005, 2010, 2015 & 2020)
-Former Defacto Mukhiya(2001 To 2005)
-Runs a Private School and Gas Agency
-Jan Suraaj Zila Upadhyaksh Mahila Cell",Active till ticket distribution,Neutral Stance,With JS,Call Connected,With JS,Willing To Contest Panchayati Raaj ,Yes ," -She is with Party 
- If Party help she may contest Panchayati raj 
- Party should work from ground level ",,,,,,,,,,,,,,,,,,,,,,,,,,,,,,,,
Katihar ,66-Pranpur,Satya Narayan Mandal,,,7566931104.0,8340319221.0,"Satya Narayan Mandal | Male | 56 | EBC | Chapota | MLA Contestant

-Former MLA Contestant, Pranpur Constituency, Bihar Peoples Party, , 1995 Got 5521 Votes
-Taecher(IIT Faculty)
-Received President Awards for Valuable Contribution In Education By APJ Kalam , in 2007
-Author Of IIT Chemistry
-Produce More Than 5000 IITians and Doctors",Not Active,,,Switch Off,,,,After registratipon he never been activeate and lives in Patna as he is a faculty . ,,,,,,,,,,,,,,,,,,,,,,,,,,,,,,,,
Katihar ,66-Pranpur,Dr Purnendu Kumar Singh,,,9431867656.0,6201476273.0,"Dr Purnendu Kumar Singh | Male | 50 | General | Rajput | Doctor

-Professor & HOD at Katihar Medical College and Hospital
-Grand Father Yuvraj Was 2 Terms MP , 1977 & 1979, Janta Party
-Grand Father Yuvraj was 4 Terms MLA , Manihari, Janta Party & Janta Dal
-Organise More Than 35  Free Health Camps & Distribute Free medicine
-MBBS & MD(Medicine)",Not Active,,,Call Connected,With JS,Willing to Work in Sangathan at Dist/State Level,Yes ,"- He was inactive since starting. 
- He has no issue to remain in Sangathan 
- Not Interested in Constesting PRI 
",,,,,,,,,,,,,,,,,,,,,,,,,,,,,,,,
Katihar ,67-Manihari (ST),Nishikant Mandal,,,9931743608.0,9931743608.0,"Nishikant Mandal | Male | 43 | ST | Kharwar | Loksabha Contestant

-Former Loksabha Contestant, 2014, Bhagalpur, Independent, Got 5768 Votes
-Former 2 Consecutive Terms Mukhiya(2006 To 2016)
-Former BJP Pradesh Upadhyaksh ST Cell(2023 To 2024)
-Former JDU Pradesh Upadhyaksh ST Cell (2010 To 2016)
-Former LJP Zila Yuva Adhyaksh(2005 To 2006)
-Former LJP Mahasachiv(2004 To 2006)
-Jan Suraaj Zila Prabhari",Active till ticket distribution,Active for JS,With JS,Not Received ,,,,He was active in other Assembly for JSP. ,,,,,,,,,,,,,,,,,,,,,,,,,,,,,,,,
Katihar ,67-Manihari (ST),Kasina Khatun,,,7488995241.0,8228981705.0,"Kasina Khatun | Female | 50 | ST | Tharu | Former Block Pramukh

- Former Block Pramukh, 2011 To 2016
-Former Panchayat Samiti, 2011 , 2016
-Former ZP Contestant, 2016 
-Former Defacto Panchayat Samiti Contestant, 2016
-Former BDC Contestant, 2006
-Former JDU Zila Upadhyaksh, Mahila Sangh, 2013 To 2015
-Husband is Jan Suraaj Zila Upadhyaksh
-Social Worker",Not Active,,,Call Connected,With JS,Willing To Contest Panchayati Raaj ,Yes ,"- She is willing to Contest ZP in PRI 
- If  Ramnagar becomes tunred into ST then she Contest MLA otherwise she She contest from Valmikinagar 
- She belongs to Champaran but never visited Manihari.
 - She had filled the for because she belongs to ST Category. ",,,,,,,,,,,,,,,,,,,,,,,,,,,,,,,,
Katihar ,67-Manihari (ST),Saif Ali Khan,,,7070013800.0,7070013800.0,"Saif Ali Khan | Male | 28 | Minority | ST | Banjara | AIMIM Zila Mahasachiv

-Former Student Union President Contestant , 2018 , Forbesgnaj College, Got 678 Votes
-Former AIMIM Zila Mahasachiv & Vidhan Sabha Prabhari (2023 To 2024)
-Former JAP Pradesh Mahasachiv(2018 To 2019)
-Works as Medical Representative
",Active till ticket distribution, Contested as an Candidate from other Party,Not with JS,Call Connected,With JS,Willing to Work in Sangathan at Dist/State Level,Yes ,"- He contested Election from NCP But met PK postelection. 
- He had contested the Election to ensure and show that a Muslim's caste (Banjara) also falls in ST Category . 
- After Result hedhad met PK and PK had rebuked, anguished on him but yet he dedicated to PK and Party . 
- Still he want to ",,,,,,,,,,,,,,,,,,,,,,,,,,,,,,,,
Katihar ,67-Manihari (ST),Bablu Soren,38.0,Male,9955233968.0,9955233968.0,"Bablu Soren | Male | 38 | ST | Santhal | Incumbent Mukhiya

-Imcumbent 2 Consecutive Times Mukhiya(2016 To Till Date)
-Former ZP Contestant (2011 ), 
-Former Panchayat Samiti Contestant(2006)
-Former AIMIM ST Cell Pradesh Adhyaksh
-Donated land for building Primary School In his Village
-Fish Farming 
-Farming ",Candidate,,,,,,,,,,,,,,,,,,,,,,,,,,,,,,,,,,,,,,,
Katihar ,67-Manihari (ST),Mukesh Mandal,,,7700897047.0,7700897047.0,"Mukesh Mandal | Male | 32 | ST | Katihar | Former Defacto ZP Contesatnt

-Former 2 Terms Defacto ZP Contestant, 2016 & 2021, Got 9700 & 1123 Votes
-Former RJD SC/ST Cell Zila Adhyaksh, 2021 To 2023
-Jan Suraaj Prakhand Sanyojak
-Social Worker",Active till ticket distribution,Neutral Stance,With JS,Call Connected,With JS,Willing To Contest Panchayati Raaj ,Yes ,"- He was also an ACC but he could not get the ticket 
- He will work with Sangathan 
- He is interested in Contesting PRI ",,,,,,,,,,,,,,,,,,,,,,,,,,,,,,,,
Katihar ,67-Manihari (ST),Pratap Kumar Mandal,,,9534376379.0,9534376379.0,"Pratap Kumar Mandal | Male | 35 | ST | Kisan | Incumbent ZP

-Incumbent ZP , 2021 to Till Date, Got 7215 Vo
-Former Mukhiya Contestant, 2016 ,Got 487 Votes
-Former BJP SC/ST Cell, Zila Upadhyaksh, 2019 To 2022
-Former BJP Prakhand Mahamantri, 2016 To 2019
-Jan Suraaj Anumandal Mahasachiv",Active till ticket distribution,Neutral Stance,With JS,Call Connected,With JS,Willing To Contest Panchayati Raaj ,Yes ,"- He wants to meet PK 
- But he do not need Party help 
- He will Contest PRI Election being with Party nad PK ",,,,,,,,,,,,,,,,,,,,,,,,,,,,,,,,
Katihar ,68-Barari,Sharib Ahmad,,,7982090364.0,7982090364.0,"Sharib Ahmad | Male | 43 | Minority | Pathan | Incumbent ZP

-Incumbent ZP Member(2021 To till Date)
-Jan Suraaj State Core Committee Member
-Faming",Active till ticket distribution,Active for JS,With JS,Call Connected,With JS,Willing To Contest Panchayati Raaj ,Yes ,"- Interested to Contest PRI 
- If ZP Seat becomes reserve then he will Contest BDC aiming for Block Pramukh 
- He will Continue Party and work in Sangthan also by contesting PRI ",,,,,,,,,,,,,,,,,,,,,,,,,,,,,,,,
Katihar ,68-Barari,Md Parvez Alam ,,,9631590087.0,9631590087.0,"Md Parvez Alam | Male | 56 | Minority | Shershabadi | MLA Contestant

-Former MLA Contestant, 2020, Barari, LJD Party, 
-Former Mukhiya (2011 To 2016)
-Former Panchayat Samiti(2001 To 2006)
-Former Vice President District Mukhiya Sangh(2011 To 2016)",Active till ticket distribution,Neutral Stance,With JS,Call Connected,With JS,Willing to Work in Sangathan at Dist/State Level,Yes ,"- He is not Interested in Contesting PRI 
- He is in the Party and will work accordingly as Party will decide
",,,,,,,,,,,,,,,,,,,,,,,,,,,,,,,,
Katihar ,68-Barari,Vishwajeet  Bharti,,,8850307711.0,8850307711.0,"Vishwajeet  Bharti | Male | 59 | OBC | Goswami | BJP Nagar Adhyaksh

-Former BJP Nagar Adhyaksh, 1991 To 1991
- Jan Suraaj Nagar Adhyaksh
-Businessman (Cloth Merchant)
",Not Active,,,Call Connected,With JS,Willing to Work in Sangathan at Dist/State Level,No,"- Dissappointed due to not getting Ticket as he shifted from Mumbai to Katihar for JSP 
- He says he became Silent did nit Helped JSP Candidate 
- He will continue Party 
- He wants a reform in Party 
- He returned to Mumbai  ",,,,,,,,,,,,,,,,,,,,,,,,,,,,,,,,
Katihar ,68-Barari,Satyanarayan Agrawal,,,9431271987.0,9431271987.0,"Satyanarayan Agrawal | Male | 78 | OBC | Bania | Former Mukhiya 

-Former Up Mukhiya, 2001 To 2006
-Retired Civil Engineer, Bihar Govt. 
-Construction Material Business
-Social Worker",Not Active,,,Not Received ,,,,,,,,,,,,,,,,,,,,,,,,,,,,,,,,,,,,
Katihar ,68-Barari,Pritam Prasoon,33.0,Male,9970675029.0,7004710700.0,"Pritam Prasoon | Male | 33 | OBC | Bania | Businessman

-Havells Distributor
-Cloth Merchant
-Land Lord(10 Acre Of Land)
-Social Worker",Candidate,,,,,,,,,,,,,,,,,,,,,,,,,,,,,,,,,,,,,,,
Katihar ,68-Barari,Ratan Kumar,,,6206149816.0,6206149816.0,"Ratan Kumar | Male | 31 | EBC | Kewat | Social Worker

-Teacher
-Social Worker",Active till ticket distribution,Neutral Stance,With JS,Not Received ,,,,,,,,,,,,,,,,,,,,,,,,,,,,,,,,,,,,
Katihar ,68-Barari,Niranjan Kumar Jha,,,8677879583.0,8677879583.0,"Niranjan Kumar Jha | Male | 48 | General | Brahmin | Incumbent PACS President

-Incumbent 4 Consecutive PACS President, 2009 To Till Date
-Former MLA Contestant, 2020, Kadwa Constituency , Janta Dal Rashtravadi, Got 5300 Votes
-Former BJP Zila Sahkirata Member, 2022 To 2025
-Former BJP Block Sahkarita Cell Block Ptresident, 2016 To 2019
-Banana Farming
",Active till ticket distribution,Neutral Stance,With JS,Call Connected,With JS,Willing To Contest Panchayati Raaj ,Yes ,"- He will Contest PCs Election in feb 2026
- He is in the Party and will continue as the [Party will decide. 
- No Party Leader try to contact him , engage or inform him after Election",,,,,,,,,,,,,,,,,,,,,,,,,,,,,,,,
Katihar ,68-Barari,Kalyan Mitra,,,9934724539.0,6201678091.0,"Kalyan Mitra | Male | 58 | OBC | Kushwaha | MLA Contestant

-Former 2 Terms MLA Contestnt, Barari, 2005 & 2005, Independent, Got 4000 & 5000 Votes
-Former Sanpanch, 2006 To 2011
-Former Samta Party, 1997 To 2003, Block President
-Former JDU Zila Upadhyaksh, 2010 To 2025
-Former JDU Education Cell, District President
-Jan Suraaj Zila Upadhyaksh",Active till ticket distribution,Neutral Stance,With JS,Call Connected,Not with JS,Willing To Contest Panchayati Raaj ,No,"- If Sarpanch Post does not turned into SC then he will Contest 
- He says he has resigned from JSP 
- He is inclined for JDU- BJP 
- Although he regards Prashant  ",,,,,,,,,,,,,,,,,,,,,,,,,,,,,,,,
Katihar ,69-Korha (SC),Nitesh Kumar ,,,9939240973.0,9939240973.0,"Nitesh Kumar  | Male | 30 | SC | Dhobi | PACS Contesatnt

-Jansuraj Founding Member 
-ECC member completed 5K Members
- PACS Runner UP (2019)
-Running Online Cafe",Active till ticket distribution,Helped Other Party,Not with JS,Call Connected,With JS,Willing to Work in Sangathan at Dist/State Level,No ,"- He became anti of JSP and helped an Independent and Cooperated BJP in his Assembly. 
- He want to Continue JSP but in State Committe Only and dislikes District Committee ",,,,,,,,,,,,,,,,,,,,,,,,,,,,,,,,
Katihar ,69-Korha (SC),Nirmal Kumar Raj ,40.0,Male,6202966017.0,6202966017.0,"Nirmal Paswan | Male | 40 | SC | Paswan | Incumbent Defacto Ward Councilor

-Incumbent Deafcto (Mother) Ward Councilor, 2022 To Till Date
Incumbent Defacto(Brother) Ward Councilor, 2022 To Till Date
-Former Panchayat Samiti Member, 2016 To 2021
-Property Dealer
-Makhana Business
-Social Worker
",Candidate,,,,,,,,,,,,,,,,,,,,,,,,,,,,,,,,,,,,,,,
West Champaran,07-Chanpatia,Chandra Mohan Tiwari,,,,7352827422.0,"Chandra Mohan Tiwari | Male | 58 | General | Brahmin | Foremr ZP Contestant

-Former ZP Contestant(2001), Got 7000 Votes
-Former Congress District Committee Member(2006 to 2011)
-Former Congress District Youth Committee Member(1995 to 2001)
-Former NSUI District Vice President(1988 to 1995)
-Jan Suraaj Sanghtan Mahsachiv",Not Active,,,Not Received ,,,,Called Multiple times but not received,,,,,,,,,,,,,,,,,,,,,,,,,,,,,,,,
West Champaran,07-Chanpatia,Raj Kishor Chaudhry,,,9934428174.0,9934428174.0,"Raj Kishor Chaudhry | Male | 50 | General | Bhumihar | Panchayat Samiti

-Former Panchayat Samiti Sadasya(2006 To 2016)
-Former Defacto Panchayat Samiti Sadasya(2016 To 2021)
-Former Defacto Up Parmukh(2016 To 2021
-Buisnessman(Transport )
-Jan Suraaj Yuva Zila Adhyaksh",Not Active,,,Call Connected,With JS,Willing to Contest PRI election and also ready to work in sangathan,,"-Interested to contest Block Pramukh Election  in PRI Election
-He is ready to take responsability in district committiee ",,,,,,,,,,,,,,,,,,,,,,,,,,,,,,,,
West Champaran,07-Chanpatia,Kamlesh Kumar,,,8757546235.0,8757546235.0,"Kamlesh Kumar | Male | 49 | EBC | Kanu | Former Panchayat Samiti

-Former Panchayat Samiti Sadasya(206 To 2016)
-Former Block Pramukh(2006 to 2016)
-Former Mukhiya(2001 Tom2006)
-Former RJD Business Cell Zila Adhyaksh(2011 To 2016)
-Former BJP Zila Upadhyaksh(2001 To 2011)
-Former Jan Suraaj Zila Sanghatan Mahasachiv
-Buisnessman(Brick Klin , and Paper Machine)",Active till ticket distribution,Active for JS,With JS,Call Connected,With JS,Willing to Contest PRI election and also ready to work in sangathan,,Seat Agar General rhegi to Block Pramukh ladenge agr nhi rhegi to Panchayat me mukhiya ladenge.Party me sanghthan me zila adhyaksh ki bhumika me rhna chahege ,,Busy,,,"Kamlesh Kumar |  52 | EBC | Kanu | Bettiah | Chanpatia |


- Former Dist. Pramukh Sangh Adyaksh (2011-2016)
- Two term Former Pramukh (2006-11 & 2011-16)
- Former Mukhiya ( 2001-2006)
- Ex General Secretary, West Champaran of Jan Suraaj Party (2023-24)
- Prominent Businessman",,,,,,,,No,,,,,,,,,,,,,,,,,,,
West Champaran,07-Chanpatia,Nitu Shahi,,,9771584119.0,9771584119.0,"Nitu Shahi | Male | 38 | Female | General | Bhumihar | Mukhiya Contestant

-Former Mukhiya Contestant, 2021, Got 1495 Votes
-Jan Suraaj Zila Mahila Adhyaksh
-Social Worker",Active till ticket distribution,Neutral Stance,With JS,Call Connected,With JS,Willing to Contest PRI election and also ready to work in sangathan,,Mukhiya ka chunav ladengi or sanghthan me mahila adhyaksh hai to isi post pr kaam krna chahti hai ,,Call Connected,,Not Interested,"Neetu Shahi | 35 | Female | General | Bhumihar

-Mukhiya Contestant.
- Her Mother In law was Mukhiya From Chanayan Bandh Panchayat of Majhauliya Block.",,,,,,,,No,,,,,,,,,,,,,,,,,,,
West Champaran,07-Chanpatia,Azaz Hussain,,,9199560775.0,9199560775.0,"Azaz Hussain | Male | 67 | Minority | Shaikh | Former Assembly Contestant

-Incumbent Ward Councilor(2023 to Till Date)
-Former 2 Terms Mukhiya 2016 to 2021 & 2001 to 2006
-Former 2 Terms ZP Member 2006 to 2011 & 2016 to 2021)
-Former  Assembly Election Contestant Chanpatia in 2010 from BSP-21423 votes
",Active till ticket distribution,Neutral Stance,,Call Connected,With JS,Willing to Work in Sangathan at Dist/State Level,,PRI election nhi ladege lekin zila sanghthan me zimmedari chahte hai or aage bhi vidhasabha ki taiyari karte rhege ,,,,,,,,,,,,,,,,,,,,,,,,,,,,,,,,
West Champaran,07-Chanpatia,Tripurari Kumar Tiwari Urf  Manish Kashyap,34.0,Male,9090949429.0,9090949429.0," Manish Kashyap | Male | 34 | General | Bhumihar | MLA Contestant

-Former MLA Contestant, Chanpatia Constituency, 2020 Independent, Got 9239 Votes
-Former BJP Member, 2024 To 2025
-Youtuber(Sach Tak) , Having 9.35 M Subscriber
-Journalist(Freelance)
-Social Worker",Candidate,,,,,,,,,,,,,,,,,,,,,,,,,,,,,,,,,,,,,,,
Madhepura,70-Alamnagar,Md Kaisar Ali,,,8920723296.0,8920723296.0,"Md Kaisar Ali | Male | Minority | Sheikh | Panchayat samiti Contestant

-Former Panchayat Samiti Contestant(2021), got 682 Votes
-Former RJD Block President(2024 To 2024)
-Foremr RJD Panchayat Adhyaksh(2023 To 2024)
-Runs a Iqra Classes",Not Active,,,Not Received ,Not with JS,,,,,,,,,,,,,,,,,,,,,,,,,,,,,,,,,,,
Madhepura,70-Alamnagar,Subodh Kumar Suman,47.0,,9973859997.0,9973859997.0,"Subodh Kumar Suman | Male | 47 | EBC | Gangota | Former  Defacto Mukhiya

-Formwer Defacto  Mukhiya, 2016 To 2021, 2006 To 2011
-Former Mukhiya Contestant, 2021, 2011
-Former BJP OBC Cell Zila Upadhyaksh, 2018 To 2021
- Farming and Businessman",Candidate,,,Call Connected,With JS,Willing to Work in Sangathan at Dist/State Level,,,,,,,,,,,,,,,,,,,,,,,,,,,,,,,,,,
Madhepura,70-Alamnagar,Mohan Sharma,,,9801154590.0,9801154590.0,"Mohan Sharma | Male | 56 | EBC | Tanti | Loksabha Contestant

-Former Loksabha Contestant, 2024, Rashtriya Jan Sambhavna Party, got 4678 votes
-Former Mukhiya Contestant(2001), Got 504 Votes
-Former Bhartiya Jan Sambhavna Party Loksabha Prabhari(2024)
-Former JDU Zila Mahasachiv(2022 to 2024)
-Former Janta Dal Panchayt Adhyaksh(1995 to 1997)
-Farmer",Active till ticket distribution, Contested as an Candidate from other Party,,Call Connected,Not with JS,,No,"- He has joined Rashtriya Jan Sambhaavna Party  , got ticket and Contested 2025 Election from Rashtriya Jan Sambhaavna Party . 
- His all Supporters returend to JDU when he could not get ticket from Jan Suraaj 
- Neither National President Nor Prashant has talked to him once 
- ",,,,,,,,,,,,,,,,,,,,,,,,,,,,,,,,
Madhepura,71-Bihariganj,Dilip Kumar Singh,,,8340754613.0,8340754613.0,"Dilip Kumar Singh | Male | 61 | General | Rajput | Priest

-Retired from Indian Army
-Priest at Temple in Ayodhya
",Not Active,,,Call Connected,With JS,None of the Above ,,"- He is in JSP still and will continue as the party will give responsibility to him 
- He want to meet PK after Makar Sankrati 
- ",,,,,,,,,,,,,,,,,,,,,,,,,,,,,,,,
Madhepura,71-Bihariganj,Sanjeev Kumar Paswan,,,9304088913.0,9304088913.0,"Sanjeev Kumar Paswan | Male | 55 | SC | Paswan | Farmer
-Farmer
-Social Worker
-Jan Suraaj Prakhand Pravakta",Active till ticket distribution,,,Call Connected,With JS,Willing to Work in Sangathan at Dist/State Level,Yes ,"- He is still in the JSP and Active 
- He has atended teh recent Party meeting with Zonal Incharge 
- Althoiugh he has not decided to contest PRI or further 2030 Election 
- Ope n to Discuss what the PK and Party will Say ",,,,,,,,,,,,,,,,,,,,,,,,,,,,,,,,
Madhepura,71-Bihariganj,Amlesh Roy,61.0,,9006453384.0,9006453384.0,"Amlesh Roy | Male | 61 | OBC | Yadav | Former ZP Member

-Former ZP Member(2001 to 2006)
-Former Yuva Janta Dal Pradesh Sachiv & Sanghatan Prabhari(1990 to 1997)
-Former Jantas Dal Sanyajak (1989 to 1990)
-Former Janta Dal Member 1985 to 1997)
-Former Lok Shakti Party Member(1997 to 2003)
-Former JDU Member 2003 to 2006)
-Retired Govt. School Teacher",Candidate,,,,,,,,,,,,,,,,,,,,,,,,,,,,,,,,,,,,,,,
Madhepura,71-Bihariganj,Alok Kumar,,,9930989117.0,9930989117.0,"Alok Kumar | Male | 43 | General | Brahmin | PVT. Job
- Former LJP Member
-General Manager Sales and Business Administration
-Jan Suraaj State Working Committee Member
-Social Worker",Active till ticket distribution,Helped Other Party,With JS,Call Connected,With JS,Willing to Work in Sangathan at Assembly Level,Yes ,"- He still use to orgnise Dinner with Workers 
- Use to visit the field on daily basis 
- He has met PK 
- Still he will work as Jan Suraaji 
- During Election Time JDU- BJP approached to me but I refused that Once I Joined Jan Suraj then Till Last I will be Jan Suraaji with PK
- Nee dto remove Amlesh from Ziladhyaksh Post otherwise there will be no remained in Jan Suraaj 
",,,,,,,,,,,,,,,,,,,,,,,,,,,,,,,,
Madhepura,71-Bihariganj,Dilip Kumar Yadav,,,7717734612.0,7717734612.0,"Dilip Kumar Yadav | Male | 55 | OBC | Yadav | MLA Contestant

-Former MLA Contestant, 2005, SP Party, Bihariganj, 2005 & 2010, - BSP, Bihariganj, 2010, Got 8000 Votes
-Former SP Sachiv (2000 To 2005)
- Zila Karyalay Prabhari Jan Suraaj
",Active till ticket distribution,,With JS,Call Connected,With JS,Willing to Contest PRI election and also ready to work in sangathan,Yes,"- He is Active in Jan Suraaj 
- He has attended the DSC Reveiew meeting in presence of Zonal Incharge 
- He will give 10 Mukhiya candidates in in PRI ",,,,,,,,,,,,,,,,,,,,,,,,,,,,,,,,
Madhepura,71-Bihariganj,Khushbu Kumari,,,7631720999.0,7631720999.0,"Khushbu Kumari | Female | 37 | OBC | Yadav | Panchayat Samiti Contestant

-Former Panchayat Samiti Contestant(2011), Got 400 Votes
-Former BJP Prakhand Mahila Adhyaksh (2020 To 2023)
-Jan Suraaj Sanghatan Zila Mahila Adhyaksh
-Jeevika Cadre Sangh Prakhand Adhyaksh",Active till ticket distribution,Active for JS,With JS,Not Received ,With JS,Willing to Contest PRI election and also ready to work in sangathan,Yes ,"- She wants to Contest  MLA but also interested in PRI Election 
- ",,,,,,,,,,,,,,,,,,,,,,,,,,,,,,,,
Madhepura,72-Singheshwar (SC),Prince Puttu,,,7909066782.0,7909066782.0,"Prince Puttu | Male | 32 | SC | Ravidas | Farmer 

-Farmer 
-Social Worker
-Jan Suraaj Yuva Prakhand Adhyaksh",Active till ticket distribution,Active for JS,With JS,Call Connected,With JS,Willing To Contest Panchayati Raaj ,Yes ,"- He is still Active in Jan Suraaj 
- He has attended the DSC Review Meeting in Presence of Kishore Kumar Munna
- Ambitious to contest Zila Parishad",,,,,,,,,,,,,,,,,,,,,,,,,,,,,,,,
Madhepura,72-Singheshwar (SC),Pramod Ram,51.0,,9771956061.0,8084398066.0,"Pramod Ram | 51  |Male| SC | Ravidas | Incumbent Panchayat Samiti

-Incumbnet Panchayat Samiti (2021 to Till Date)
- Former Mukhiya (2006 to 2011)
- Former JDU SC Cell Zila Upadhyaksh(2020 to 2023)
- Former JDU Rajya Parishad Sadasya(2016 to 2019)
-Jan Suraaj State Working Committe Member",Candidate,,,,,,,,,,,,,,,,,,,,,,,,,,,,,,,,,,,,,,,
Madhepura,73-Madhepura,Lalan Kumar,,,9709899591.0,9709899591.0,"Lalan Kumar | Male | 32 | EBC | Kewat | MLA Contestant

-Former MLA Contestant, 2020, Madhepura Constituency, Independent, Got 5400 Votes
-Jan Suraaj Zila Yuva Adhyaksh
-Contractor",Active till ticket distribution,,,Not Received ,,,,,,,,,,,,,,,,,,,,,,,,,,,,,,,,,,,,
Madhepura,73-Madhepura,Sunil Kumar Suman,,,9405948532.0,9405948532.0,"Sunil Kumar Suman| Male | 49| OBC | Kushwaha| | Ex- IAF officer

-Jansuraaj Anumandal Madhepura President
-Incumbent Defacto BDC & (Block Pramuhk Runner Up, Decieson Pending on court)
-MLA Contested in 2020 secured 837 Votes
-Protist Samaj General Secratory of Mithila Zone (11 District)
-Former IAF Officer ( 1994-2016)
-DPC in NIOS Noida ( 2017-2019)
-M.ED Degree Holder
",Active till ticket distribution,Active for JS,With JS,Call Connected,With JS,Willing To Contest Panchayati Raaj ,Yes ,"- We joined with PK since Padyatra 
- Although I have wanted to clear my doubt to Prashant Sir about Partry's Slogan and Prashant Sir said ""Sunil Do not Worry, All things will be settled good"" 

- And what I had doubt , all things happened in Election 
- All issues has be raised by Prashant Sir were perfect and true but unfortunetly the Society could not got Understand 
-  One Way Communication took place later 
- Although we could not get place in Assembly but now we must be on Raod through Struggle 
- Till 2 Yeards Iwas made for Jan Suraaj ",,,,,,,,,,,,,,,,,,,,,,,,,,,,,,,,
Madhepura,73-Madhepura,Shashi Kumar,39.0,Male,7484802931.0,9472804936.0,"Shashi Kumar | Male | 39 | OBC | Yadav | MLA Contestant

-Former MLA Contestant, 2020, Madhepura, Independent, 5763 Votes
-Incumbent 2 Terms Block Pramukh(2016 To Till Date)
-Incumbent 2 Terms Panchayat Samiti(2016 To Till Date)
-Jan Suraaj Zila Prabhari
-Brick Klin Business",Candidate,,,,,,,,,,,,,,,,,,,,,,,,,,,,,,,,,,,,,,,
Madhepura,73-Madhepura,Gajendra Kumar,,,6207348464.0,6207348464.0,"Gajendra Yadav | Male | 53 | OBC | Yadav | RJD Zila Adhyaksh

-Former RJD Zila Upadhyaksh(1998 to 2022)
-Jan Suraaj Zila Upadhyaksh
-Runs a Pathology Centre & Director of 2 Private School",Active till ticket distribution,Active for JS,With JS,Call Connected,With JS,Willing to Work in Sangathan at Dist/State Level,Yes,"- He is in the Jan Suraaj and Active 

- He couldn't attend the DSC Review and Meeting due to his wife's medical issue in Patna. 

- He will take responsibility in Sangathan after discussing with his peoples
",,,,,,,,,,,,,,,,,,,,,,,,,,,,,,,,
Saharsa,74-Sonbarsha (SC),Rajani Vala,,,6201696089.0,6201696089.0,"Rajni Bala | Female | 36 | SC | Paswan | Former ZP

- Former 2 Consecutive Terms ZP Member(2011 to 2021)
- Former ZP Contestant (2006, Got 6000 Votes & 2021, Got 5000 Votes)
- Husband was Mukhiya(2001 to 2006)
- Former Congress Pradesh Deligate(2011 to 2016)
- Jan Suraaj Anumandal Adhyaksh",Active till ticket distribution,Neutral Stance,Not with JS,Call Connected,Not with JS,,No ,"- She wants to keep away herself from Jan Suraaj 
",,,,,,,,,,,,,,,,,,,,,,,,,,,,,,,,
Saharsa,74-Sonbarsha (SC),Amrendra Bhaskar,,,9931215517.0,9931215517.0,"Amrendra Bhaskar | Male | 45 | SC | Ravidas | ZP Member

-Former ZP Member(2016 To 2021)
-Former ZP Contestant(2021), Got 5172 Votes
-Former Mukhiya(2006 To 2011)
-Former RJD Zila Upadhyaksh SC Cell(209 To 2011)
-Jan Suraaj State Core Committee Member",Active till ticket distribution,Neutral Stance,With JS,Call Connected,With JS,None of the Above ,No ,"- He is not much more interested in Jan Suraaj 
- He is dissappointed from Ticket Distribution as Party has not informed ",,,,,,,,,,,,,,,,,,,,,,,,,,,,,,,,
Saharsa,74-Sonbarsha (SC),Satyendra Kumar,64.0,,8521725728.0,8521725728.0,"Satyendra Kumar | Male | 64 | SC | Dusadh | Retired Govt. Employee

-Retired DDO, Education Department , Bihar
-Father Was 4 Terms MLA, Congress, 1952 To 1977, Saharsa
-Social Worker",Candidate,,,,,,,"- Party Sangathan did not Coordinated well
- They were working for Other Parties 
- ",,,,,,,,,,,,,,,,,,,,,,,,,,,,,,,,
Saharsa,75-Saharsa,Bhuvanpati Kumar Alias Prince Jha,,,8986916616.0,9123221187.0,"Bhuvanpati Kumar Alias Prince Jha | Male | 31 | General | Brahmin | Former Lecturer

-Jansuraaj Founding Member from 2022
-Former President of Student Union from Adarsh College of Engineering ( Odhisha, 2014-15)
-Former Lecturer in Shershah Engineering College, Sasaram
-Good Hold on Technichal ( DATA & Planning)
-Done 5K Membership Drive
-B.Tech IN C.S.E",Active till ticket distribution,Neutral Stance,With JS,Not Received ,,,,,,,,,,,,,,,,,,,,,,,,,,,,,,,,,,,,
Saharsa,75-Saharsa,Kumari Nutan,,,7783870245.0,7783870245.0,"Kumari Nutan | Female | 37 | OBC | Yadav | Defacto ZP Member

-Incumbent Defacto( Mother) ZP , 2021 To Till Date
-Former Defacto(Mother In Law) ZP , 2016 To 2021
-Buisneswoman(Cab & laogistics Company)
-Jan Suraaj Mahila Karyakarini Samiti Sadasya
-Social Worker",Active till ticket distribution,Helped Other Party,Not with JS,Busy,,,,,,,,,,,,,,,,,,,,,,,,,,,,,,,,,,,,
Saharsa,75-Saharsa,Dr Vijay Shankar,,,9334999421.0,9334999421.0,"Dr Vijay Shankar | Male | 48 | EBC | Kanu | Doctor
-MBBS & MS
-Former BJP EBC Wing  District President(Saharsa)-2018 to 2020
-Former BJP District Vice President (2020 to 2024)
-Jan Suraaj State Core Committee Member
-Runs a Hospital(Surya Hospital)
",Active till ticket distribution,Active for JS,With JS,Call Connected,With JS,Willing to Work in Sangathan at Dist/State Level,No,"- Seems not much more interested
- ",,,,,,,,,,,,,,,,,,,,,,,,,,,,,,,,
Saharsa,75-Saharsa,Shrawan Kumar,,,8051743722.0,8051743722.0,"Shrawan Kumar| Male | 39 | EBC | Teli | Businessman

-Jansuraaj Youth Coordinator
-ECC & DSC Member
-Chairman of 'SATHI' Organisation ( Working on Health & Eduacation )
-Director of Awasiya Gyanjeet Public School
-Member of Public Educational Welfare Society ",Active till ticket distribution,Active for JS,With JS,Call Connected,With JS,Willing to Work in Sangathan at Dist/State Level,Yes,"- In panchayati raj Election he will support 5-8 BDC Candidates 
- He will take decision to contest on 2030 in future right now 

- 
",,,,,,,,,,,,,,,,,,,,,,,,,,,,,,,,
Saharsa,76-Simri Bakhtiarpur,Yapura  Wadat,,,9835898584.0,9835898584.0,"Yapura Wadat | Male | 33 | OBC | Yadav | Mukhiya Contestant

-Former Mukhiya Contestant,2021, got 96 votes & 2016 got 720 Votes
-Former BJP Mandal Adhyaksh (2016 to 2019)
-Former Member of RSS",Active till ticket distribution, Contested as an Candidate from other Party,Not with JS,Call Connected,Not with JS,,No,"- He has resigned from the Party one year ago 
- Does want to rejoin JSP ",,,,,,,,,,,,,,,,,,,,,,,,,,,,,,,,
Saharsa,76-Simri Bakhtiarpur,Lakshmi Kant Sharma,,,7549717555.0,7549717555.0,"Lakshmi Kant Sharma | Male | 68 | EBC | Tanti | MLA Contestant

-Former 2 Times Assembly Election Contestant(2005, Samajwadi Party, got 3500 votes & 2000, Independent , got 3813 Votes from Simri Bakhtiyarpur)
-Former Congress Zila Upadhyaksh(2010 to 2014)
-Former Congress Block President(2003 to 2010)
-Prominent activist and Social Worker
-Jan Suraaj Zila Mahasachiv",Active till ticket distribution,Helped Other Party,Not with JS,Call Connected,With JS,Willing To Contest Panchayati Raaj ,Yes,"- He belongs to Nagar poanchayat so if Party will help him then he will contest Mayor Election in 2028 
- Due to Ticket Distribution he is hesitating for 2030 Election Contesting ",,,,,,,,,,,,,,,,,,,,,,,,,,,,,,,,
Saharsa,76-Simri Bakhtiarpur,Md Naushad,,,9709460029.0,9709460029.0,"Md Naushad | Male | 47 | Minority | Sheikh | Former Mukhiya

-Former Mukhiya (2011 to 2016)
-Former Panchayat Samiti Sadasya(2016 to 2021)
-Former PACS Contestant, 2024, got 216 Votes
-Former ZP Contestant, 2021, got 3300 Votes
-Former RJD Panchayat Adhyaksh
-Former Congress Prakhand Mahaschiv
-Jan Suraaj Block President",Active till ticket distribution,Active for JS,With JS,Call Connected,With JS,Willing To Contest Panchayati Raaj ,Yes ,"- He will Contest Mukhiya and has strted preparation for this 
- He will Continue the Party ",,,,,,,,,,,,,,,,,,,,,,,,,,,,,,,,
Saharsa,76-Simri Bakhtiarpur,Shamin Anwar,,,9868308337.0,9868308337.0,"Shamin Anwar | Male | 52 | Minority | Teli | Teacher

-Runs a IAS Coaching Centre, Vision IAS
-Associated with Various NGO
-Jan Suraaj State Working Committee Member",Active till ticket distribution,Active for JS,With JS,Call Connected,With JS,Willing to Work in Sangathan at Dist/State Level,Yes ,"- Not Interested in PRI Election 
- Ambitious for a big role in Party-Sangathan 
- According to him A Mukhiya-Sarpanch should be on Single Postholding positions ",,,,,,,,,,,,,,,,,,,,,,,,,,,,,,,,
Saharsa,76-Simri Bakhtiarpur,Md Irfan Khan,,,8298985886.0,9709194674.0,"Md Irfan Khan | Male | 51 | Minority | Pathan | Incumbent PACS President

-Incumbnet 4 Terms PACS President, 2009 To Till Date
-Former 2 Terms  Defacto Mukhiya , 2006 To 2011 & 2016 To 2021
-Former NSUI Zila Sachiv, 1990 To 1992
-Jan Suraaj Anumandal Adhyaksh",Active till ticket distribution,Active for JS,With JS,Not Received ,,,,,,,,,,,,,,,,,,,,,,,,,,,,,,,,,,,,
Saharsa,77-Mahishi,Bimal Kant Jha,,,9911199198.0,9911199198.0,"Bimal Kant Jha|56|Male | General | Brahmin|Former MLA Candidate

-Professor
- Zila karyalye Parbhari
- Bimal Seva Sanstha trust(Founder Member)
- Vidyapati Seva Sanstha (Sanrakshak)
- Former MLA Independent Candidate  (Mehsi Vidhan sabha 2015)
- Congress Pardesh delegate(2016-2023)
- Congress Zila Kosha Adyakash (2016-2023)
- Father was a former sarpanch ",Active till ticket distribution,Active for JS,With JS,Busy,With JS,Willing to Work in Sangathan at Dist/State Level,Yes ,"- Ambitious for State Spokesperson of JSP 
- Either he will be in Sttae Committe or Spokesperson of the Party in State 
- Do not want to be in District Committee 
- Anguish from Kishore Kumar Munna and JSPT 
- No lower Election than MLA ",,,,,,,,,,,,,,,,,,,,,,,,,,,,,,,,
Saharsa,77-Mahishi,Jata Shankar Kumar,,,7667110851.0,9472609023.0,"Jata Shankar Kumar | Male | 37 | OBC | Yadav | Deputy Chairman Contestant

-Former Deputy Chairman Contestant, runner Up, Saharsa, 7700 Votes
-Former RJD Zila Sachiv, 2017 To 2021
-Former RJD Member 2011 To 2021
-Jan Suraaj Pradesh Yuva Karyakarini Sadasya",Active till ticket distribution,Active for JS,With JS,Call Connected,With JS,Willing to Work in Sangathan at Dist/State Level,Yes ,"- He has said 
- Castiet factor effected 
- Candidate was not strong as much as required 
",,,,,,,,,,,,,,,,,,,,,,,,,,,,,,,,
Saharsa,77-Mahishi,Nilu Devi,,,7549577291.0,7549577291.0,"Nilu Devi | Female | 48 | EBC | Kanu | Panchayat Samiti

-Incumbent Panchayat Samiti (2021 to Till Date)
-Former JDU Prakhand Adhyaksh(2021 to 2023)
-Wokers for Bill Gates foundation for Infant Mortality",Active till ticket distribution,Active for JS,With JS,Call Connected,With JS,Willing to Contest PRI election and also ready to work in sangathan,Yes ,"- She wants to Contets PRI Election 
- 10K Effected deeply 
- Candidate Could not gone everywhere 
- Mistaken in Ticket Distribution 
- No Acceptance of Candidate in Assembly
- Even Candidate Scored 8 votes on his own booth  
- Muslim Community also did not voted him 
- She wasnt met PK ",,,,,,,,,,,,,,,,,,,,,,,,,,,,,,,,
Saharsa,77-Mahishi,Shamim Akhtar,52.0,,9113142593.0,9113142593.0,"Shamim Akhtar | Male | 52 | Minority | Sheikh | Incumbent Block Pramukh

-Incumbent Block Pramukh(2016 to Till Date )
-Incumbent Panchayat Samiti(2016 To Till Date)
-Former RJD District Secretary(2016 To 2017
-Farming",Candidate,,,,,,,,,,,,,,,,,,,,,,,,,,,,,,,,,,,,,,,
Saharsa,77-Mahishi,Rahbare Islam ,,,9934667631.0,9934667631.0,"Rahbare Islam | Male | 36 | Minority | Sheikh | JDU Zila Upadhyaksh

-Former JDU Zila Upadhyaksh(2022 To 2024)
-Director Of Private School
-Jan Suraaj Yuva Pradesh Upadhyaksh",Active till ticket distribution,Active for JS,With JS,Switch Off,,,,,,,,,,,,,,,,,,,,,,,,,,,,,,,,,,,,
Saharsa,77-Mahishi,Suraj Samrat,,,9431626675.0,9431626675.0,"Suraj Samrat | Male | 60 | OBC | Yadav | Incumbent Defacto Panchayat Samiti

-Incumbent Defacto Panchayat Samiti(2021 To Till Date)
-Teacher
-Jan Suraaj State Steering Committe Member",Active till ticket distribution, Contested as an Candidate from other Party,Not with JS,Call Connected,Not with JS,,No ,"- He has established his own new Party namely "" Mobile Party"" ",,,,,,,,,,,,,,,,,,,,,,,,,,,,,,,,
Darbhanga,78-Kusheshwar Asthan (SC),Rajendra Prasad,,,9934781923.0,9934781923.0,"Rajendra Prasad | Male | 60 | SC | Chaupal | Incumbent ZP

-Jan Suraaj State Working Committee Member
-Incumbent Zila Parishad 
-Former Mukhiya (2006-2011)
-Former MLA Contested in 2015 Got  5706 Votes
Former ZP Runner Up ( 2011, Got 5500 votes)
-Former CPI Member ( 2014-2020)
-Medical Practitionar",Active till ticket distribution,Neutral Stance,With JS,Call Connected,With JS,Willing To Contest Panchayati Raaj ,,"Fully Dedicated.
He is with JS.
Will activate after Panchayat Chunav.",,,,,,,,,,,,,,,,,,,,,,,,,,,,,,,,
Darbhanga,78-Kusheshwar Asthan (SC),Bishwamber Paswan ,,,9473196116.0,9473196116.0,"Bishwamber Paswan | Male | 69 | SC | Paswan | Retired Govt Employee

-Former Defacto ZP Member(2011 To 2016)
-Former ZP Contestant(2006), got 3600 Votes
-Retired Foreman NTPC",Not Active,Neutral Stance,With JS,Call Connected,With JS,Willing to Contest PRI election and also ready to work in sangathan,Yes,"-Wrong Candidate.
-Active from very beigning.
-Visit whole assembly and make members.
-No coordination by candidate during election.
-Whatever responsiblity provided he is ready to do.",,,,,,,,,,,,,,,,,,,,,,,,,,,,,,,,
Darbhanga,78-Kusheshwar Asthan (SC),Shatrudhan Paswan Ur Jarun Ji,50.0,,9006547727.0,9006547727.0,"Shatrudhan Paswan | Male | 50 | SC | Paswan | Incumbent Nagar Panchayat Chairman

-Incumbent Nagar Panchayat Chairman , 2022 To Till Date
-Former Mukhiya Contestant, 2011 & 2016 got 
-Former RJD Member 2019 To 2025
-Former LJP Member 2003 To 2019
-",Candidate,,,Call Connected,With JS,,,,,,,,,,,,,,,,,,,,,,,,,,,,,,,,,,,
Darbhanga,79-Gaura Bauram,Manoj Kumar Jha,,,9934956401.0,9934956401.0,"Manoj Kumar Jha | Male | 54|  General | Brahmin | Graduate

-Jan Suraaj District vice President
-Former BJP District President of Teacher Cell (2016-2022)
-Director of Biraul Central School",Active till ticket distribution,Active for JS,With JS,Call Connected,With JS,Willing to Work in Sangathan at Dist/State Level,Yes,"-He is with JS from 2022 may.
-Want to work in sangathan on main post at district level.
-Will Contest Assembly election if party give chance.
-Muslim Cnadidate is wrong selection.
-Canddate very weak, he got around under 500 votes in last 2 ZP election.
",,,,,,,,,,,,,,,,,,,,,,,,,,,,,,,,
Darbhanga,79-Gaura Bauram,Dr. Md Iftekhar Alam,47.0,,8340339009.0,8340339009.0,"Dr Md Iftekhar Alam | Male | 47 | Minority | Sheikh | ZP Contestant

-Former 2 Terms ZP Contestant(2016- Got 1800 Votes &2021, got 1200 Votes)
-Former Congress Youth General Secretary(2009 to 2010)
-Runs a Private Dental Clinic
-BDS
-Jan Suraaj State Core Committee Member and Prakhand Prabhari",Candidate,,,Call Connected,With JS,,,,,,,,,,,,,,,,,,,,,,,,,,,,,,,,,,,
Darbhanga,79-Gaura Bauram,Jyotish Prasad Yadav,,,8969693975.0,8969693975.0,"Jyotish Prasad Yadav | Male | 67 | OBC | Yadav | Former Mukhiya

-Former Mukhiya(2006 to 2011)
-Former PACS President(1990 to 1994)
-Former RJD Block President(2015 to 2023)
-Former VHP Prakhand Adhyaksh(1985 to 1992)
-Jan Suraaj State Working Committee Member
-Works as a P.A of Mahaveer Prasad, former Health Minister of  Bihar Govt.(1995 to 2005)",Not Active,Neutral Stance,With JS,Call Connected,With JS,Willing to Contest PRI election and also ready to work in sangathan,,"-Fully devoted towards JS.
-Willing to Contest PRI election and also ready to work in sangathan",,,,,,,,,,,,,,,,,,,,,,,,,,,,,,,,
West Champaran,08-Bettiah,Anil Kumar Singh,49.0,,9431051755.0,8210741607.0,"Anil Kumar Singh | Male | 49 | General | Rajput | Businessman

-Jansuraaj State working Commitee Member 
-Former Congress Member ( 1995-2015)
-Prominent Businessman ( Owner of Hospital, Ultrasound Centre & Contractor)
-Prominent farmer ( 80 beegha Land) ",Candidate,,,,,,,,,,,,,,,,,,,,,,,,,,,,,,,,,,,,,,,
West Champaran,08-Bettiah,Dr Archana Bala,,,9771092943.0,7004427724.0,"Dr Archana Bala | Male | 50 | General | Kayastha | Former JDU Pradesh Mahasachiv

Former JDU Pradesh Mahasachiv, Mahila Wing(2022 To 2023)
-Former JDU Zila Mahila Adhyaksh(2013 to 2022)
-Former JDU Zila Mahasachiv Main wing(2010 to 2013)
-Former Samta Party Rajya Parishad Sadasya(2002 to 2005)
-Former Samta Party Zila Mahila Adhyaksh(1994 to 2002)
-Jan Suraaj Zila Mahila Adhyaksh
-Former NGO(Manav Vikas Sansthan) Sachiv (1994 to 2004)
-Reporter at Indian Express(2000 to 2010)
-Professor at BBN College Bagaha
-P.Hd in History",Active till ticket distribution,Neutral Stance,With JS,Call Connected,With JS,Willing to Work in Sangathan at Dist/State Level,,"-Not intrested to contest PRI Election
-Ready to work only in state committiee",,Call Connected,,Not Interested,"Dr Archana Bala | Male | 50 | General | Kayastha | Former JDU Pradesh Mahasachiv

Former JDU Pradesh Mahasachiv, Mahila Wing(2022 To 2023)
-Former JDU Zila Mahila Adhyaksh(2013 to 2022)
-Former JDU Zila Mahasachiv Main wing(2010 to 2013)
-Former Samta Party Rajya Parishad Sadasya(2002 to 2005)
-Former Samta Party Zila Mahila Adhyaksh(1994 to 2002)
-Jan Suraaj Zila Mahila Adhyaksh
-Former NGO(Manav Vikas Sansthan) Sachiv (1994 to 2004)
-Reporter at Indian Express(2000 to 2010)
-Professor at BBN College Bagaha
-P.Hd in History",,,,,,,,No,,,,,,,,,,,,,,,,,,,
West Champaran,08-Bettiah,Dhiraj Kumar,,,9939030333.0,9939030333.0,"Dhiraj Kumar | Male | 39 | General | Brahmin | Loksabha Contestant

-Former Loksabha Contestant By Election, 2020, Independent, got 29936 Votes
-Former Shiv Sena State Youth Vice President(2016 to 2020)
-Former Janta Congress State General Secretary(2020 to 2022)
-Civil Contractor",Active till ticket distribution,Active for JS,With JS,Call Connected,With JS,Willing to Work in Sangathan at Dist/State Level,,"Sanghtan me Post pr rhege,PRI election contest nhi krege aage Vidhasabha hi contest karege ",,Call Connected,,Not Interested,,,,,,,,,No,,,,,,,,,,,,,,,,,,,
West Champaran,08-Bettiah,Rashmi Kumari urf Rashmi Rao,,,7033747970.0,7033747970.0,"Rashmi Kumari | Female | 46 | General | Rajput | JDU Zila Mahila Upadhyaksh

-Former JDU Zila Mahila Upadhyaksh(2014 to 2022)
-Incumbent Joint Secretary Bettiah Bar Association(2024 To Till Date)
-Jan Suraaj State Working Committee Member
-Advocate",Active till ticket distribution,Active for JS,With JS,Call Connected,With JS,Willing to Work in Sangathan at Dist/State Level,,Not interested in PRI election but District committee k post par rah ke kaam krengi ,,Call Connected,,Not Interested,"-She is a Lawyer practicing in Bettiah Court for the last 13 years.
- She was part of the International Human Rights NGO and held a District Adhyaksh post. -She worked with JDU closely for Vidhi Prakoshtha for 3 years and left. JDU has again appointed her for the post of Zila Upadhyaksha Mahila Prakoshtha.
She is very impressed with PK and the th",,,,,,,,No,,,,,,,,,,,,,,,,,,,
West Champaran,08-Bettiah,Ravinder Kumar  Singh Urf Ravinder Singh Baudh,,,9431089622.0,9304917800.0,"Ravinder Singh Baudh | Male | 61 | General | Rajput | Ward Councilor Contestant

-Former Ward Councilor Contestant, 2007 , Got 407 Votes
-Former VBA Pardesh Upadhyaksh State Vice President(2021 To 2023)
-Former Congress Zila Upadhyaksh(2005 To 2021)
-Former Congress Member(1986 To 2021)
-",Active till ticket distribution,Active for JS,With JS,Call Connected,With JS,Willing to Work in Sangathan at Dist/State Level,,Party me sanghthan me rahenge or aage koi bhi chunaav nhi ladenege ,,Call Connected,Not interested,,,,,,,,,,,,,,,,,,,,,,,,,,,,,
West Champaran,08-Bettiah,Ranju Kumari,,,6201049940.0,6201049940.0,"Ranju Kumari | Female | 39 | OBC | Kushwaha | Trainer

-Trainer at Education Department, Govt. Of Bihar
-Former BJP Member, 2015 To 2025
-Social Worker",Active till ticket distribution,Neutral Stance,With JS,Call Connected,Not with JS,,,,,Call Connected,Not interested,,,,,,Nagar Nigam me aati hai,,,,,,,,,,,,,,,,,,,,,,,
West Champaran,08-Bettiah,Akash Kumar Verma,,,9473567269.0,9473567269.0,"Akash Kumar Verma | Male | 31 | OBC | Sonar | Private Job

-Senior Manager, TVS Showroom 
-National Secreatary Of Anti Corruption Foundation Of World
-Recieved Indian Youth Icon Award(Anti Corruption)
-Governor Award for Scout & Guide 
-National Corona Warrior Award By Bihar State Govt. ",Active till ticket distribution,Active for JS,With JS,Switch Off,,,,,,Not received,,,,,,,,,,,,,,,,,,,,,,,,,,,,,,
West Champaran,08-Bettiah,Ajay Kumar Giri,,,9472960205.0,9472960205.0,"Ajay Kumar Giri | Male | 56 | OBC | Giri | Congress State Delegate Member

-Former Congress State Delegate Member, 2015 To 2025
-Former Congress District President, 2014 To 2015
-Former District Youth Congress President, 2004 To 2009
-Former Youth Congress Zila Upadhyaksh, 1999 To 2004
-Former NSUI Zila Adhyaksh, 1993 To 1999
-Former NSUI Zila Upadhyaksh, 1992 To 1993
-Former NSUI Block President, 1990 To 1992",Not Active,,,Call Connected,With JS,,,Party me as a member Kaam krenge ,,Call Connected,Not intersted,,,,,,,,,,,,,,,,,,,,,,,,,,,,,
Darbhanga,80-Benipur,Arvind Thakur,,,9431034599.0,9431034599.0,"Arbind Thakur | Male | 61 | Brahmin | Retired IPS 

-Former BJP Intellectual Cell Member(2023 to 2024)
-Retired IPS (DIG)",Active till ticket distribution,Active for JS,With JS,Call Connected,With JS,Willing to Work in Sangathan at Dist/State Level,,"Fully Devoted towards JS.
-Whatever responsiblity is given he is ready to perform.
-Also he wants to contest next Assembly election.",,,,,,,,,,,,,,,,,,,,,,,,,,,,,,,,
Darbhanga,80-Benipur,Ram Kumar jha,,,8521949444.0,8521949444.0,"Ram Kumar Jha | Male | 45 | General | Brahmin | MLA Contestant

-Former MLA Contestant-Independent, 2020, Benipur , 6300 Votes
-Former 2 Terms ZP Member (2011 to 2021)
-Former President of Hind Jan Suraaj Party(2021 To 2021)
-Former Congress District President(2017 to 2018)
-Grand Father (Jai Narayan Jha) was 3 terms  MLA from 1947 to 1962)",Active till ticket distribution,Helped Other Party,Not with JS,Call Connected,Not with JS,,No,"-Kathani Karni me fark.
-Angry with candidate selection.
-He joined congress and don't want to return in js ever.",,,,,,,,,,,,,,,,,,,,,,,,,,,,,,,,
Darbhanga,80-Benipur,S.M. Ali Imam,,,9234908033.0,9234908033.0,"S.M Ali Imam | Male | 59 | Minority | Syed | Nagar Parishad  Chairman

-Former Benipur Nagar Parishad Chairman(2014 to 2016)
-Former Ward Councilor(2010 to 2022)
-Secretary of Imam Education Society, Bahera Talmi Trust & Rauf Muslim Jamia
-Director of CBSE School
-Former Professor and HOD at LNMU 
-Famous Reserach & Journals 
-Expert Member of visiting team of NCTE 
-P.h.D

",Not Active,Helped Other Party,Not with JS,Call Connected,Not with JS,,,"-Not Much intrested towards JS.
-Will decide letter whether join or not.
-Currently not associated with JS.",,,,,,,,,,,,,,,,,,,,,,,,,,,,,,,,
Darbhanga,80-Benipur,Pratibha Jha,,,8409455509.0,8409455509.0,"Pratibha Jha | Female | 41 | General | Brahmin | Congress Zila Committee Member

-Former Congress Zila Committee Member(2010 to 2020)
-Agriculture(Mushroom Farming)
-Jan Suraaj Mahila Block President
-Jan Suraaj Zila Sachiv",Active till ticket distribution,Active for JS,With JS,Call Connected,With JS,Willing to Contest PRI election and also ready to work in sangathan,Yes,"-Will Planning to contest ZP election.
-All hardwork is waste due to wrong candidate selection although she helped candidate.
-Whatever the responsiblity will given she is ready to perform.
-PLC card mostly made by her.
",,,,,,,,,,,,,,,,,,,,,,,,,,,,,,,,
Darbhanga,80-Benipur,Lal Babu Yadav,,,9142201127.0,8298624563.0,"Lal Babu Yadav | Male | 53 | OBC | Yadav | Former Mukhiya

-Former 2 Consecutive Terms  Mukhiya, 2011 To 2021
-Former Mukhiya Sangh Adhyaksh, 2016 to 2021
-Former Mukhiya Contestant, 2001 & 2006, Runner Up Both Times
-Former RJD Member, 1997 To 2022
-Former SP , Block President, 1990 To 1993",Active till ticket distribution,Active for JS,With JS,Call Connected,With JS,Willing to Contest PRI election and also ready to work in sangathan,Yes,"-Will Contest Mukhiya election.
-10k by goverment due to this women voted very aggresively.
-He helped candidate and sound very mature political person.
-Whatever the responsiblity provided by party he is ready to perform.
-A Permanent accomodation need to arrange for party worker who come to patna.",,,,,,,,,,,,,,,,,,,,,,,,,,,,,,,,
Darbhanga,80-Benipur,Kamlesh Kumar Jha,,,9911624829.0,9911624829.0,"Kamlesh Kumar Jha | Male | 46 | General |  Brahmin | Teacher

-Director Of Private School, Guru Bhayi Smart School,  Benipur
-Runs a Coaching Centre Guru Bhai Coaching Institute, Benipur
-Trustee Of Guru Bhai Foundation
-Social Worker",Active till ticket distribution,Active for JS,With JS,Call Connected,With JS,Willing to Work in Sangathan at Assembly Level,Yes,"-Want to meet PK.
-Will Contest AE if party provide oppurtuity.
-No one was hear to suggestions at state level and need to rectify.
-Wrong Caste candidate in Benipur,Brahmin dominated area.
-Social Media ke through attraction hua.
-Ticket announcement ke baad all other probable ya to ghar baith gaye ya virodh kiye and uske sath supporter bhi chale gaye.
-Other probable ko management nhi kar paaye. Un sabke sath baithna chahiye tha result better hota.",,,,,,,,,,,,,,,,,,,,,,,,,,,,,,,,
Darbhanga,80-Benipur,Amresh Kumar Amar,43.0,,9973741332.0,9973741332.0,"Amresh Kumar Amar | Male | 43 | OBC | Yadav | Former ZP Member

-Former ZP, 2011 To 2016
-Foremer Defacto(Wife) , ZP, 2006 To 2011
-Former ZP Contestant, 2016 & 2021
-Former RJD Zila Upadhyaksh, 2016 To 2025
-Foremr RJD Zila Mahasavhiv, 2011 To 2016
-Former RJD Zila Sanghatan Prabhari, 2017 To 2025
-Director Of Luv Kush Construction Company",Candidate,,,Call Connected,With JS,,,,,,,,,,,,,,,,,,,,,,,,,,,,,,,,,,,
Darbhanga,81-Alinagar,Nihal Nath Choudhary,,,8676862588.0,8676862588.0,"Nihal Nath Choudhary | Male | 45 | General | Brahmin | Accountant Firm

-Runs an Accountant firm for 23 Years
-B.Com
Jan Suraaj Zila Spokesperson
-Author(Novel Writer)",Active till ticket distribution,Active for JS,With JS,Call Connected,With JS,Willing to Contest PRI election and also ready to work in sangathan,Yes,"-If important Post will given he remain active.
-If seats remains UR he will fight for mukhiya election.
-No coordination by candidate during election.
-Wrong candidate selection no activity earlier.
-His Almost expenditure is 10 lacs.
-He is not ready to work as ACC Told ( Dudh ka jala chhanchh bhi funk funk kar pita hai.)
-Bahari Candidate from ACC list.
-Ham thaga gaye kaam karake kuchh nahi mila.
-Caste compsition ke chakkar me sab barbad.
-Worker ko ticket nahi mila.",,,,,,,,,,,,,,,,,,,,,,,,,,,,,,,,
Darbhanga,81-Alinagar,Biplaw Kumar Choudhary,53.0,,9471058299.0,9661907631.0,"Biplaw Kumar Choudhary | Male | 53 | General | Brahmin | Incumbent Mukhiya

-Incumbent 3 Terms Mukhiya, 2006 To 2016 & 2021 To Till Date
-Former Mukhiya Contestant, 2001 & 2016
-Former JDU State Vice President, 2012 To 2016
-Former CPI Council Member, 1998 To 2011
-Former AISF Distrcit Secretary, 1986 To 1998
-Jan Suraaj Zila Mahasachiv",Candidate,,,Call Connected,With JS,,,,,,,,,,,,,,,,,,,,,,,,,,,,,,,,,,,
Darbhanga,81-Alinagar,Arshad Farooquee,,,7360842760.0,7360842760.0,"Arshad Farooquee | Male | 59 | Minority | Sheikh | ZP Contestant 

-Former ZP Contestant, 2021-4794 Votes
-Former General Secretary of Motar Market Asociation of Noida(1992 to 2005)


",Active till ticket distribution,Neutral Stance,With JS,Call Connected,With JS,Willing To Contest Panchayati Raaj ,"Need to activate,very dovoted in past","-Very Angry 
-Wrong Candidate selection.
-Muslim dominated area andticket goes to  brahmin candidate
-Very Offensive.
-Complete waste of money.
-Worked very hard from very beigning.
-No Fair assesment for ACC.
-Will Contest ZP election.
-JS will provide nothing to me.",,,,,,,,,,,,,,,,,,,,,,,,,,,,,,,,
Darbhanga,81-Alinagar,Bishwa Mohan Jha Alias Sohan Jha,,,9279180360.0,9279180360.0,"Bishwa Mohan Jha | Male | 67 | General | Brahmin | Former Congress General Sectretary 
-Jansuraaj DSC Member
-Former Congress General secretary(1982 to 1990)
-Former Congress Member(1982 to 2000)
-Prominent Businessman(Transport , Fish Farming & Makhana Farming)
-Runs a Private School ( Gyan Public School)
-Social Worker(Provide Free Education for girls)",Active till ticket distribution,Active for JS,With JS,Switch Off,,,,,,,,,,,,,,,,,,,,,,,,,,,,,,,,,,,,
Darbhanga,81-Alinagar,Dharmandra Kumar Jha,,,8051269046.0,8051269046.0,"Dharmandra Kumar Jha | Male | 36 | General | Brahmin | Incumbent ZP

-Incumbent ZP Member(2021 to Till Date)
-Former JDU Zila Adhyaksh of Samaaj Sudhaar Senani(2019 to 2022)
-Former JDU Seva Dal Upadhyaksh(2018 t0 2019)
-Former JDU Member(2014 to 2022)
-Jan Suraaj Zila Abhiyaan Sanyojak
",Active till ticket distribution,Helped Other Party,Not with JS,Call Connected,Not with JS,Willing To Contest Panchayati Raaj ,NO,"-No more confidance in PK and JS.
-Wrong candidate selection.
-6 days tak patna me raha ticket time even PK mile tak nahi ek baar.
-Resigned after ticket announcement.
-Felt extreme humilation in last seven days in patna during ticket distribution.
-Over Confidance in ticket selection by PK and JSPT.
-No Management for other probabale ACC.
-My hard work and profile was complete ignored.
-No Fair selection.
-No formal dicipline in orgnisation.",,,,,,,,,,,,,,,,,,,,,,,,,,,,,,,,
Darbhanga,81-Alinagar,Jay Prakash Singh,,,9709950554.0,9709950554.0,"Jay Prakash Singh | Male | 37 | General | Rajput | ZP Contestant

-Former ZP Contestant(2016), Got 4205 Votes
-Contractor(Civil Contracts)
-Jan Suraaj Block Steering Committee Member
-Social Worker(Organise Durga Puja, Help poors )",Active till ticket distribution,Neutral Stance,With JS,Call Connected,With JS,Willing to Contest PRI election and also ready to work in sangathan,,"-Fully devoted towards JS.
-Willing to Contest PRI election and also ready to work in sangathan.
-Need to strengthen grassroot sangathan.
",,,,,,,,,,,,,,,,,,,,,,,,,,,,,,,,
Darbhanga,82-Darbhanga Rural,Md Aqib Nazer,,,7730031415.0,7730031415.0,"Md Aqib Nazer | Male |  31 | Minority | Sheikh | Student Union VC President

-Former MANUU , Hyderabad Student Union Vice President(2015 To 2016)
-Businessman
-Jan Suraaj State Working Committee Member",Active till ticket distribution,Active for JS,With JS,Call Connected,With JS,Willing to Contest PRI election and also ready to work in sangathan,Yes,"-Wrong Candidate selection.
-Bahari candidate from ACC.
-Will stay in JS.
-Loose confidance in js.
-From family someone contest in panchayat in election.
-Whatever the responsiblity will given he is ready to deliver.",,,,,,,,,,,,,,,,,,,,,,,,,,,,,,,,
Darbhanga,82-Darbhanga Rural,Prashant Kumar,,,8882292213.0,8789830717.0,"Prashant Kumar | Male | 36 | General | Rajput | Defacto ZP Candidate

-Former Defacto ZP Candidate(2021)
-Former JDU President(Sewa Dal) 2020 to 2023
-Former JDU Yuva Mahasachiv(2018 to 2020)
-Former JDU Block Vice President(2017 to 2018)",Active till ticket distribution,Active for JS,With JS,Call Connected,With JS,Willing to Contest PRI election and also ready to work in sangathan,Yes,"-Will contest in upcoming ZP election.
-Fully devoted towards JS and PK.
-Whatever responsiblity will given in orgnisation he is ready to do.",,,,,,,,,,,,,,,,,,,,,,,,,,,,,,,,
Darbhanga,82-Darbhanga Rural,Noorul Huda,,,9934669941.0,9934669941.0,"Noorul Huda | Male | 48 | Minority | Incumbent Mukhiya

-Incumbent Mukhiya(2021 to Till Date)
-Former ZP Contestant(2006 & 2011)
-Former MLC Contestant, Darbhanga , 2009 , got 1210 Votes
-Former JDU Member(2009 to 2023)
-Former RJD Member(2000 to 2008)
-Jan Suraaj Prakhand Prabhari
-Brick Klin  Business
-Hardware and Welding Business
-Runs a Nursing Home",Active till ticket distribution,Active for JS,With JS,Call Connected,With JS,Willing to Contest PRI election and also ready to work in sangathan,Yes,"- Willing to Contest PRI depending on Pericimon Changing 
- As well as Continue Sangathan
",,,,,,,,,,,,,,,,,,,,,,,,,,,,,,,,
Darbhanga,82-Darbhanga Rural,Ugranath Prasad,,,834039773.0,8340397739.0,"Ugranath Prasad | Male | 55 | OBC | Bania | Incumbent Defacto ZP Member

-Incumbent Defacto ZP Member(2021 To Till Date)
-Former Defacto ZP Member(2006 To 2011)
-Former PACS President(2009 To 2014)-
-Former Mukhiya(2001 To 2006)
-Former JDU Member(2017 To 2019)
-Former BJP Panchayti Raj Manch Organiser(2009 To 2014)
-Jan Suraaj State Working Committee Member",Active till ticket distribution,Active for JS,With JS,Call Connected,With JS,Willing to Contest PRI election and also ready to work in sangathan,,"-Very Cold response
-Dispointed due to candidate selection.
-Bahari candidate selection.
-Will stay with JS and whatever responsiblity will given he stay active.
-If seats remains UR he will contests ZP election.

",,,,,,,,,,,,,,,,,,,,,,,,,,,,,,,,
Darbhanga,82-Darbhanga Rural,Shoaib Ahmed Khan,52.0,,8002970477.0,8002970477.0,"Shoaib Ahmed Khan | Male | 52 | Minority | Pathan | Former Vice President Wajib Adhikar Party

-Former Vice President Wajib Adikar Party(2017 to 2022)
-Former Congress District Secretary(1991 to 1993)
-Former Congress Distrct Vice President (1988 to 1991)
-Director of DPS Drabhanga
-Director of Aquatic International School 
-Owner of Highway Haveli Restaurant Darbhanga & Patna",Candidate,,,Call Connected,With JS,,,,,,,,,,,,,,,,,,,,,,,,,,,,,,,,,,,
Darbhanga,82-Darbhanga Rural,Dr Jagat Narayan Nayak,,,8084729794.0,8084729794.0,"Dr Jagat Narayan Nayak | 73 | OBC | Viashya | Doctor

-Retired Govt Doctor, Bihar Health Dept.
-Director Of Basu Jagat Infra Pvt. Ltd
-Chairman of Mata Janki Sitaram Nayak Seva Sansthan
-Unesco Club Member, Darbhanga
-MBBS and MS",Active till ticket distribution, Contested as an Candidate from other Party,Not with JS,Call Connected,Not with JS,,,"-Paisa barbad kiye.
-Paisa lekar ticket diya.
-Image of JS is abbolished.
-I Wasted 20 lacs.
-JS has no future.",,,,,,,,,,,,,,,,,,,,,,,,,,,,,,,,
Darbhanga,82-Darbhanga Rural,Md Noorullah Haque,,,6204235923.0,6204235923.0,"Md Noorullah Haque | Male | 29 | Minority | Sheikh | ASA Party Mahaschiv 

-Former ASA Party State Mahaschiv, 2024 To 2025
-Former JDU Yuva District President, 2024 To 2024
-Former Joint Secretary Of Zila Waqf Board, 2020 To 2024
-Former JDU Minority Cell State V.P, 2019 To 2020
-Former JDU Nagar Vice President, 2017 to 2019
-Father Was Deputy Mayor Of Darbhanga, 1986 To 1991",Not Active,Helped Other Party,Not with JS,Call Connected,,,,,,,,,,,,,,,,,,,,,,,,,,,,,,,,,,,,
Darbhanga,82-Darbhanga Rural,Kedar Sah,,,9110124768.0,9110124768.0,"Kedar Sah | Male | 41 | EBC | Teli | Former Mukhiya

-Former 3 Consecutive Terms Mukhiya, 2006 To 2021
-Director Of Private School, Apolla International School
-Real Estate
-Owns a Market Complex
-Jan Suraaj State Working Committee Member",Active till ticket distribution,Neutral Stance,With JS,Call Connected,With JS,Willing to Contest PRI election and also ready to work in sangathan,Yes,"-Will contest in mukhiya election.
-Fully devoted towards JS.
-Prepairing for next assembly election.
",,,,,,,,,,,,,,,,,,,,,,,,,,,,,,,,
Darbhanga,83-Darbhanga,RK Mishra,,,9810155077,9810155077,,Candidate,,,Call Connected,With JS,,,,,,,,,,,,,,,,,,,,,,,,,,,,,,,,,,,
Darbhanga,83-Darbhanga,Shahid Athar,,,6201716848.0,6201716848.0,"Shahid Athar | Male | 52 | Minority | Ansari | BSP General Secretary

-Jansuraaj State Executive Member
-Samajwadi Party District Vice President( 1995-1998)
-BSP District General Secretary ( 2024)
-Director of Mithila Institute of Technology & Medical Science
-Member of All India Muslim Majlis Mushawrat
-State Secratory of  All India Momin Conference
-Coordinator of Bihar Anjuman Darbhanga
-Active Social Worker(Working on Health Through Health Camp, Education(Through 6 Coaching Centre i.e Provided Free Education",Active till ticket distribution,Neutral Stance,With JS,Call Connected,With JS,Willing to Work in Sangathan at Dist/State Level,Yes,"-Wrong candidate selection.(Kathni karni me fark)
-Agar RK Mishra ko ladana tha fir pehle convey karna chahiye tha.
-No proper communication with RK Mishra directly.
-Lack of PK communication after ticket announcement.
-Last day RK Mishra jee ke bhai,Mohan mishra sampark kiye.
-If main post given he remains active in orgnisation.",,,,,,,,,,,,,,,,,,,,,,,,,,,,,,,,
Darbhanga,83-Darbhanga,Udbhatt Mishra,,,9771004833.0,9771004833.0,"Udbhatt Mishra | 47 | Male | General | Brahmin | Former JDU Spokersperson


-Former JDU Spokes Person & District Media Incharge of State Medical Cell 
- State vice President of the Bihar Brahmin Federation
-Paediatric Doctor
-Lions Club Member
--Rotary Club Member",Active till ticket distribution,Active for JS,With JS,Call Connected,With JS,Willing to Work in Sangathan at Dist/State Level,Yes,"-Will Planning to contest next assembly election.
-Fully devoted towards JS and very straight forward.
-Need to more full orgnised,and cadare throgh panchayat election.",,,,,,,,,,,,,,,,,,,,,,,,,,,,,,,,
Darbhanga,83-Darbhanga,Dr Baikunth Bihari Shahi,,,7543023243.0,9835287505.0,"Dr Baikunth Bihari Shahi | Male | 72 | General | Bhumihar | Doctor

-Runs a Clinic"" Narayana Nursing Home, Darbhanga)
-Jan Suraaj Core Committee Member
-Chairman of Red Cross Darbhanga
-Vice President of Vivekanand Cancer Hospital
-Secretary of Rotary Midtown, Darbhanga
-Former President of IMA Darbhanga",Active till ticket distribution,Neutral Stance,With JS,Call Connected,With JS,Willing to Work in Sangathan at Dist/State Level,Yes,"-Candidate selection process ke baad chizen kharab ho gya.
-Other probable ko manage nahi kar paaye,negative narrative faila.
-Will stay with JS.
-Narrative of Bahari candidate by opposition,fear of MGB vote shifts last 2-3 days.
-Will stay with JS",,,,,,,,,,,,,,,,,,,,,,,,,,,,,,,,
Darbhanga,83-Darbhanga,Indra Kumari,,,9431498549.0,9431498549.0,"Indra Kumari | Female | General | Brahmin | Former JDU Mahila Upadhyaksh

-Former JDU Mahila Upadhyaksh(2015 To 2016)
-Jan Suraaj State Working Committee Member 
-Mahila Jagriti Sansthan Secretary
-Member Of Juvenile Justice Board, Darbhanga
-Member Of Child Welfare Committee, Darbhanga",Active till ticket distribution,Active for JS,With JS,Call Connected,With JS,Willing to Work in Sangathan at Dist/State Level,Yes,"-Too much expensive in ACC
-Will Remains neutral due to NGO works and financial unstablity.
-Active during election.
-Candidate selection process not fair.
-No sangathan and bahari candidate.
-RK Mishra worked really hard.
-Lsat 5 days no vehicle support from candidate to mahila team.
-Wrong selection of Booth Agents.
-Abuse to brahmin community by candidate after results.",,,,,,,,,,,,,,,,,,,,,,,,,,,,,,,,
Darbhanga,83-Darbhanga,Arunesh Chandra,,,9220525788.0,9220525788.0,"Arunesh Chandra | Male | 43 | SC | Pasi | Ward Councilor Contestant

-Former Ward Councilor Contestant, 2022, Got 1045 Votes
-Jan Suraaj Nagar Adhyaksh
-Runs a Medical Hall & Part Time Writer
-",Not Active,Helped Other Party,Not with JS,Call Connected,Not with JS,,No,No more intrest left with JS.,,,,,,,,,,,,,,,,,,,,,,,,,,,,,,,,
Darbhanga,83-Darbhanga,Biltu Sahni,53.0,,8210617373.0,8210617373.0,"Biltu Sahni | Male | 53 | EBC | Mallah | Former Defacto ZP

-Former DEfacto ZP(2006 To 2011)
-Former Defacto Panchayat Samiti(2001 To 2006)
-Former Defacto Up Pramukh(2004 To 2004)
-Former Panchayat Samiti Contesatnt(2021)
-Former VIP Zila Adhyaksh(2019 To 2023)
-Former JDU Zila Upadhyaksh(2006 To 2019)
-Jan Suraaj Zila Adhyaksh
-Director Of Darjeeling Public School
-Advocate at Civil Court",Candidate,,,Call Connected,With JS,,,,,,,,,,,,,,,,,,,,,,,,,,,,,,,,,,,
Darbhanga,84-Hayaghat,Dr Subhan,,,8002615724.0,8002615724.0,"Dr Subhan | Male | 58 | Minority | Dhunia | Incumbent ZP

-Incumbent Z.P 
-Jansuraaj District Vice President
-Jansuraaj State working Commitee Member 
-Former BJP Block President of Minority wing ( 2021-2024)
-Ragisterd Ayurvedic Acharaya  ( Running Own Clinic)
-Mukhiya Runner Up ( 2001) ",Active till ticket distribution,Neutral Stance,With JS,Call Connected,With JS,Willing To Contest Panchayati Raaj ,,"-He remains in JS.
-By profession he is doctor and ZP election due to this not much participate in JS activity actively.
-Will also planning to contest in next Assembly election if party provide oppurtunity.",,,,,,,,,,,,,,,,,,,,,,,,,,,,,,,,
Darbhanga,84-Hayaghat,Pratibha Singh,59.0,,9892227992.0,9892227992.0,"Pratibha Singh | 59 | Female | General | Rajput | BMC Contestant

-Former Bombay Municipal Councilor Contestant , 2017 
-Former Congress Zila Sachiv, 2017 To 2020
-Former Congress Delegeate, 2020 To 2025
-Director Of Pratibha Bihar Acdemy School
-Social Workier",Candidate,,,Call Connected,With JS,,,,,,,,,,,,,,,,,,,,,,,,,,,,,,,,,,,
Darbhanga,84-Hayaghat,Dr Ashok Kumar Singh,,,7858991220.0,7858991220.0,"Dr Ashok Kumar Singh | Male | 65 | General | Rajput | MLA Candidate

-Former Assembly Election Contestant, 1990, Janta Party JP, Baheri Constituency
-Former AAP Member, 2013 To 2015
-Former BJP Member 1991 To 2008
-Former Janta Party Member, 1990 To 1991
-Former Congress Member, 1980 To 1990
-Retired Professor AN College, Patna
-Mother Late Krishna Devi was 3 Terms MLA , Congress , Bahera Baheri, from 1952 To 1967
-Father & Mother Both was Freedom Fighter
-Bihar Prabhari of Bihar Fredon Fighter Sangh",Active till ticket distribution,Neutral Stance,With JS,Call Connected,Not with JS,,No,"-Very angry and dispointed due to candidate selection.
-He want to know on what basis Pratibha got ticket and he not.
-He is with JS but don't want to be part of JS.
-He feel humilation afater ticket distribution because no communication from higher authority.
-He will contest independitly innext election.",,,,,,,,,,,,,,,,,,,,,,,,,,,,,,,,
Darbhanga,84-Hayaghat,Bipin Bhaskar,,,8800579401.0,8800579401.0,"Bipin Bhaskar | Male | 31 | OBC | Yadav | Mukhiya Contestant

-Former Mukhiya Contestant, 2021, Got 734 Votes, 4th Position
-Former Defacto(Mother) Panchayat Samiti Contestant, 2016, 3rd Position
-Director Of a School, Bhaskar Vidya Niketan
-Associated with RSS as a Karyawahak , Faridabad
-Jan Suraaj Prakhand Yuva Adhyaksh, Baheri 
-Social Worker",Active till ticket distribution,Active for JS,With JS,Call Connected,With JS,Willing to Work in Sangathan at Dist/State Level,Yes,"-Fully devoted towards.
-He remains in js till PK is there.
-He is identifying suitable candidate for upcoming PRI election.
-Candidate selection was very poor.
-She shows least intention in fighting.
",,,,,,,,,,,,,,,,,,,,,,,,,,,,,,,,
Darbhanga,85-Bahadurpur,Amir Haider,40.0,Male,7715828589,7715828589,"Amir Haider | 40 | Male | Minority | Sheikh

- Businessman, having businesses in Saudi Arabia and Hyderabad 
- His father was Mukhiya (2001-2006)
- He is very active and participating in padyatra since last 1.5 years
- He is a cousin to Ali Ashraf Fatmi (Ex-MP Darbhanga)",Candidate,,,Call Connected,With JS,,,,,,,,,,,,,,,,,,,,,,,,,,,,,,,,,,,
Darbhanga,85-Bahadurpur,Bharat Yadav,,,9798201867.0,9798201867.0,"Bharat Yadav | Male | 55 | OBC | Yadav | ASA Rashtriya Mahaschiv

-Former ASA Party, Rashtriya Mahaschiv & Zila Adhyaksh, 2024 To 2025
-Former Mithila Rashtra Sangharsh Samiti Kosha Adhyaksh
-Mithila University 4th Grade Workers Union President, 2020 To 2023
-Social Worker",Active till ticket distribution,Neutral Stance,With JS,Call Connected,With JS,None of the Above ,No,"-No confidance in JS.
-He feel due to yadav he was ignored.
-More than 5 lacs expenses for PK Sabha.
-No coordination from JSP.
-No communication with candidate.
-Perform all ACC work but after all this i was ignored.
-Even District President or other member not contacted.",,,,,,,,,,,,,,,,,,,,,,,,,,,,,,,,
Darbhanga,85-Bahadurpur,Moni Pathak,,,6206049343.0,6206049343.0,"Moni Pathak | Female |34 | General | Brahmin| LL.B | UP Block Pramukh

-Incumbent UP Block Pramukh ( 2021)
-Husband Anand Pathak is Block Prabhari and State Karyawahak Samiti Member
-Social Worker ( Working on Poor student's Education through Tution, Free of cost, Currently 48 Students )
-Working on Women Empowerment",Active till ticket distribution,Neutral Stance,With JS,Call Connected,With JS,Willing To Contest Panchayati Raaj ,No,"-Wrong candidate selection.
-No process follow Candidate selection.
-No more confidance left JS
-Mehnat karne wale ka value nahi hai.",,,,,,,,,,,,,,,,,,,,,,,,,,,,,,,,
Darbhanga,85-Bahadurpur,Md. Kalam,,,9431609692.0,9431609692.0,"Md. Kalam | Male | 45 | Minority | Rain | Former Mukhiya

-Former Mukhiya, 2016 To 2021
-Former Mukhiya Contestant, 2021
-Former 2 Terms ZP Contestant, 2006 & 2011, got 2500 and 2000 Votes
-Former AIMIM State Joint Secretary, 2023 To 2024
-Former RJD District President, 2015 To 2022
-Former RJD Zila Mahasachiv, Youth, 2005 To 2015
-Jan Suraaj DSC Member",Active till ticket distribution,Active for JS,With JS,Call Connected,With JS,Willing to Contest PRI election and also ready to work in sangathan,Yes,"- Ambitious for a state level post 
- Use to Contest Mukhiya in PRI 
- Party will stranghten if we start from Panchayat Level Committee",,,,,,,,,,,,,,,,,,,,,,,,,,,,,,,,
Darbhanga,85-Bahadurpur,Rajiv Kumar Mani,,,9973497313.0,9973497313.0,"Rajiv Kumar Mani| Male | 42 | General | Brahmin | Up Mukhiya       

-Incumbent Up Mukhiya(2016 to till Date)
-Incumbent Ward Sadasya Zila Adhyaksh(2016 to Till Date)
- MLC (Sthaniye Nikaye) 2022 Independent Contestant 300 votes 4th Position.
-Former CITU All India General Secretary(2009 to 2014)
-Jan Suraaj Zila Upadhyaksh


",Active till ticket distribution,Active for JS,With JS,Call Connected,With JS,Willing to Contest PRI election and also ready to work in sangathan,Yes,"-Full devoted towards JS and PK
-Will contest panchayat elcetion.
-Wrong decesion making in candidate selection.
-Candidate man se nahi lade,because he was not mentally prepared.
-He will ready to perform whatever responsiblity is given.

",,,,,,,,,,,,,,,,,,,,,,,,,,,,,,,,
Darbhanga,85-Bahadurpur,Mangal Pradeep,,,7982112894.0,7982112894.0,"Mangal Pradeep | Male | 45 | General | Kayastha | Enterpreneur

-BJP District Coordinator young Professional cell ( 2020-24)
-Honor by Yashashvi kisan award by Dainik Jagran
-Director of Navtrista India OPC Pvt Ltd
-Board of Director of Manigachimidas Food processing Unit
-Post Graduate",Not Active,Neutral Stance,With JS,Call Connected,With JS,Willing to Work in Sangathan at Assembly Level,Yes,"-Will planning to contest MLC want support from JS.
-Nominal member of JS.
-No process follow in ticket distribution.",,,,,,,,,,,,,,,,,,,,,,,,,,,,,,,,
Darbhanga,85-Bahadurpur,Suresh Prasad Singh,,,9431080533.0,9431080533.0,"Suresh Prasad Singh | Male | 61 | General | Rajput | Defacto Mukhiya 

-Defacto(Wife) Mukhiya, Godhiyari Panchayat-(2021 to Till Date)
-Former Defacto Panchayat Samiti(2011 to 2016)
-Former Mukhiya(2001 to 2006)
-Former JDU Member(2010 to 2024)
-Former LJP Member(2004 to 2010)
-Former RJD Member(1994 to 2004)",Active till ticket distribution, Contested as an Candidate from other Party,Not with JS,Call Connected,Not with JS,,No,"-JS and PK need change his system than Bihar.
-No process follow in candidate selection.
-Kathani karni me fark hota hai.
-Currently he is not with JS.
-IAS and IPS se politics nahi hoga.",,,,,,,,,,,,,,,,,,,,,,,,,,,,,,,,
Darbhanga,85-Bahadurpur,Lakshmeshwar Prasad Singh,,,9835278597.0,9835278597.0,"Lakshmeshwar Prasad Singh | Male | 60 | General | Rajput | MLC Contestant

-Former MLC Contestant, 2007, Darbhanga
-Former RJD District Vice President(1997 To 2020)
-Father Was Mukhiya(1962 To 1976)
-Younger Brother Is incumbent PACS Adhyaksh
-Businessman",Not Active,Helped Other Party,Not with JS,Call Connected,Not with JS,Willing To Contest Panchayati Raaj ,No,"-Not much intrested very cold respond.
-No process follow in candidate selection.
-Will decide in future what to do.
-Currently remain inactive.
-Someone from family will contest in PRI election. ",,,,,,,,,,,,,,,,,,,,,,,,,,,,,,,,
Darbhanga,85-Bahadurpur,Nirmal Kumar,,,9031266926.0,9031266926.0,"Nirmal Kumar | Male | 47 | General | Bhumihar | Businessman

-Former Congress Member(2017 To 2020)
-Buisnessman
-Agriculture
",Active till ticket distribution,Active for JS,With JS,Call Connected,With JS,Willing to Work in Sangathan at Assembly Level,Yes,"-Fully devoted towards.
-Strong feeling between hindu and muslim.
-Whatever responsiblity will given he is ready to perform.
-Want to meet PK.",,,,,,,,,,,,,,,,,,,,,,,,,,,,,,,,
Darbhanga,85-Bahadurpur,Binay Kumar Singh,,,9560367939.0,9560367939.0,"-Binay Kumar Singh | Male | 59 | General | Rajput | MLA Contestant

-Former MLA Contestant, 2020, Independent,  Bahadurpur, Got 4938 Votes
-Private Tution Teacher
-Social Worker
",Active till ticket distribution, Contested as an Candidate from other Party,Not with JS,Call Connected,Not with JS,Willing To Contest Panchayati Raaj ,Yes,"-Wrong candidate selection process.
-One man Party decesion maker, kathni karni me fark.
-Ticket distribution for benifiting NDA.
-Aamir Haider was no ACC.
-Bahut kharcha kiya 10 laakh se adhik.
-No future of JS.
-Earlier he was fan of PK.
-Karj leke jamin bharna rakh ke kharcha kiya,aaj bhi intrest bharna par rha hai.",,,,,,,,,,,,,,,,,,,,,,,,,,,,,,,,
Darbhanga,86-Keoti,Fateh Ahmad,,,8797805551.0,9162196470.0,"Fateh Ahmad | Male | 57 | Minority | Ansari | Incumbent Mukhiya

-Incumbent 5 Consecutive terms Mukhiya(2001 To Till Date)
-Uncle Mujibur Rehman Was Mukhiya for 22 years
-Grand Father Abbas was Mukhiya for 25 Years
- Former Congress District Secretary(1987 to 2022)
-Jan Suraaj Zila Prabhari
-Jan Suraaj State Core Committee Members",Active till ticket distribution,Neutral Stance,With JS,Call Connected,With JS,Willing to Contest PRI election and also ready to work in sangathan,Yes,"-Fully devotedtowards JS.
-Want to be part of JS Life Time as he promised to PK.
-Bahari candidate not follow the process.
-RJD Muslim candidate vs muslim not is wrong strategy. ",,,,,,,,,,,,,,,,,,,,,,,,,,,,,,,,
Darbhanga,86-Keoti,Sabih Mahmood,,,8743848755.0,8743848755.0,"Sabih Mahmood | Male | 44 | Minority| Sheikh | Advocate

-Former Congress State Commitee Member(2018 to 2023)
-Former Senior Vice President of AMU Old Boys Asssociation, Delhi
-Advocate
",Not Active,Neutral Stance,With JS,Call Connected,With JS,Willing to Work in Sangathan at Dist/State Level,Yes,"-First call after 3 months.
-Very active from 2022.
-No coordination party or candidate.
-Want to be part JS orgnisation,and respectfull position in party.
-Strong connection in muslim community.",,,,,,,,,,,,,,,,,,,,,,,,,,,,,,,,
Darbhanga,86-Keoti,Bhola Sahu,,,8051836463.0,8051836463.0,"Bhola Sahu | Male | 56 | EBC | Teli | MLA Contestant

-Jansuiraaj District Vice President
-Former Block Sachiv Jan Suraaj
-Former Independent MLA Contestant, 2020,  ( 800 votes)
-Former BJP Member
-Farmer ( 5 Acre land)
 
",Active till ticket distribution,Neutral Stance,With JS,Call Connected,With JS,Willing to Contest PRI election and also ready to work in sangathan,Yes,"-Will contest PRI election.
-Acitve in politics from 1995 and Bahari candidate le aaya public me negative image gaya.
-Whatever the responsiblity will provide he will ready to perform.
-No coordination and planning during election.
-Lack of communication and coordination by candidate.",,,,,,,,,,,,,,,,,,,,,,,,,,,,,,,,
Darbhanga,87-Jale,Sushil Mishra,,,9430638559.0,9162568649.0,"Sushil Mishra | Male | 59 | General | Brahmin | MLA Contestant
-Jansuraaj District General secratory 
-Incumbent Mukhiya
-Former Mukhiya (2011-2016)
-Independent MLA Contested in 2015 got 2200 Votes
-President of IDEA Ashram ( working on Education)
-Former District Secratory of Communist Party (2004-2022)",Active till ticket distribution,Active for JS,With JS,Call Connected,With JS,Willing to Contest PRI election and also ready to work in sangathan,Yes,"-Fully devoted toward JS and PK.
-Currently overseeing his panchayat work.
-Inexperienced candidate selction.
-Failed to manage other probable.
-If seats remain UR he will contest PRI election.",,,,,,,,,,,,,,,,,,,,,,,,,,,,,,,,
Darbhanga,87-Jale,Manohar Kumar Jha,,,8051994615.0,8051994615.0,"Manohar Kumar Jha| Male | 52 | General | Brahmin | Former ZP Contesatnt 

-Jan Suraaj Block Spokeperson 
-Zila Parishad Contested in 2011 got 4th Position
-Former Anchal Mantri in Communist Party Of India ( 2001-2022)
-Former BJP Mandal adhyaksh(1990 to 2000)",Active till ticket distribution,Active for JS,With JS,Call Connected,With JS,Willing to Contest PRI election and also ready to work in sangathan,Yes,"-Poor candidate selection he is businessman.
-Poor booth management
-Manavadhikar emergancy helpline state president.
-If important post will given in JS and he remain active.
",,,,,,,,,,,,,,,,,,,,,,,,,,,,,,,,
Darbhanga,87-Jale,Dr. Ram Parvesh Thakur,,,9431654901.0,9431654901.0,"Dr. Ram Parvesh Thakur | Male | 61 | General | Bhumihar | Former BJP Member

-Jan Suraaj Constitution Member
-Jansuraaj State working Commitee member
-Former BJP State working commitee member since 40 years
-Former RSS Pracharak
-Buisnessman ( Petrol pump)
",Not Active,Helped Other Party,Not with JS,Call Connected,With JS,None of the Above ,Yes,"-No communication from election.
-No constitution follows.
-Feel left out, No formal discipline and communication channel",,,,,,,,,,,,,,,,,,,,,,,,,,,,,,,,
Darbhanga,87-Jale,Ashique Raza,,,7667369986.0,7667369986.0,"Ashique Raza | Male | 48 | Minority | Sheikh | Retired Indian Army

-Retired Subedaar, Indian Army
-Jan Suraaj Block Chairman",Not Active,Neutral Stance,,Call Connected,,,,Died,,,,,,,,,,,,,,,,,,,,,,,,,,,,,,,,
Darbhanga,87-Jale,MD Shafiullah urf Chaman,,,7903552107.0,7903552107.0,"Md Shafiullah | Male | 39 | Minority | Shaikh | Mukhiya

-Incumbent Mukhiya(2021 To Till Date)
-Businessman(Dental Hospital and Director of Hitech Group of Industries)
-Jan Suraaj State Working Committee Member",Active till ticket distribution,Active for JS,With JS,Call Connected,With JS,Willing to Contest PRI election and also ready to work in sangathan,Yes,"-Fully devoted toward JS and PK.
-Currently overseeing his panchayat work
-Lalu ke darr se BJP and Vice -versa fear still remains among voters.  
-Failed to manage other probable.
-Whatever responsiblity will given remain active.
-Need to build loyal sangathan from booth level.",,,,,,,,,,,,,,,,,,,,,,,,,,,,,,,,
Darbhanga,87-Jale,Aamna Khatoon,,,9304936845.0,9304936845.0,"Aamna Khatoon | Female | 33 | Minority | Teacher

-Teacher at a Madarsa School
-Jan Suraaj Mahila State Working Committee Member
-Social Worker(Organised Work Shop On women Empowerment)",Active till ticket distribution,Active for JS,With JS,Call Connected,With JS,Willing to Work in Sangathan at Assembly Level,Yes,"-Bahari candidate selection galat hai log unko jante hi nhi hai. 
-Election ke baad fir chale gaye.
-Voter ko convince nahinkar paye.
-Next AC eelection ki taiyari.
-12-15 lacs ka kharcha hua hai.",,,,,,,,,,,,,,,,,,,,,,,,,,,,,,,,
Darbhanga,87-Jale,Ranjeet Sharma,35.0,Male,9008403618.0,9008403618.0,"Ranjeet Sharma | Male | 35 | EBC | Lohar | Enterpreneur

-Director Of Life Space Infra Project
-Won Best Buisness Leadership Award-2023, Karnataka
-Former BJP Member(2020 To 2021)
-Jan Suraaj Yuva Pradesh Sachiv",Candidate,,,Call Connected,With JS,,,,,,,,,,,,,,,,,,,,,,,,,,,,,,,,,,,
Darbhanga,87-Jale,Vibuti Narayan Singh,,,7091143060.0,7091143060.0,"Vibuti Narayan Singh | Male | 54 | General | Bhumihar | Businessman

-Founder and CEO Of  KCS Consultancy Services, UAE
-Engineer
-Social Worker",Active till ticket distribution,Active for JS,With JS,Call Connected,With JS,Willing to Work in Sangathan at Assembly Level,Yes ,-Willing to Work as candidate at Assembly Level,,,,,,,,,,,,,,,,,,,,,,,,,,,,,,,,
Darbhanga,87-Jale,Shiv Bodhan Sahu,,,9971002749.0,9971002749.0,"Shiv Kumar Sahu | Male | 46 | EBC | Teli | Loksabha Contestant

-Former Loksabha Contestant, 2024, Madhubani, Independent, Got 13370 Votes
-Former ZP Contestant, 2021, Runner Up, Got 2606 Votes
-Former Bhartiya Janta Yuva Morcha IT Cell Sah Sanyojak, 2023 To 2024
-Former State Spokesperson, BJP, Bihar
-Former Zila Prabhari, North West Delhi, BJP, 2017 To 2020 
-Former Assistant Director, Aakash Institute
-Jan Suraaj Yuva Rajya Karyakarini Sadasya",Active till ticket distribution,Active for JS,With JS,Call Connected,With JS,Willing to Work in Sangathan at Assembly Level,Yes ,"-Willing to Work as candidate at Parliamentotry Assembly Level
-Poor candidate selection process
-He remains active for js and strengthing the grass root orgnisation.",,,,,,,,,,,,,,,,,,,,,,,,,,,,,,,,
Darbhanga,87-Jale,Anirudh Sah,,,9771946809.0,9771946809.0,"Anirudh Sah | Male |  52 | EBC | Kanu | Loksabha Contestant

-Former MLA Contestant, 2015, Jale, Independent, 2015, Got 924 Votes
-Former Loksabha Contestant, 2014,  Samajwadi Janta Party, Madhubani, Got 9474 Votes 
-Former ZP Member, 2011 To 2016
-Former Ward Member, 2001 To 2006
-Former Panch, 2006 To 2011
-Former BJP EBC Cell Upadhyaksh, 2013 To 2015
-Former JDU EBC Cell  Zila Mahasachiv, 2016 To 2017
-Former CPIM Block Secretary , 1992 To 2004
-Jan Suraaj Vidhan Sabha Sanyojak",Active till ticket distribution,Active for JS,With JS,Call Connected,With JS,Willing to Work in Sangathan at Assembly Level,Yes ,"-Currently he is focusing on his own work.
-Candidate selection of js is not good.
-Currently he is associated to JS as nominal member.",,,,,,,,,,,,,,,,,,,,,,,,,,,,,,,,
Muzaffarpur,88-Gaighat,Shravan Kumar Singh,,,9939187300.0,9939187300.0,"Shravan Kumar Singh | Male | 53 | General | Rajput | Block Pramukh

-Incumbent 2 Terms Block Pramukh(2021 To Till Date)
-Incumbent 2 Terms Panchayat Samiti(2021 To Till Date)
-Former Mukhiya(2001 to 2006)
-Former Congress Member(2010 to 2022)
-Transport Business",,,,Call Connected,With JS,,,,,,,,,,,,,,,,,,,,,,,,,,,,,,,,,,,
Muzaffarpur,88-Gaighat,Bablu Kumar,,,6201552630.0,6201552630.0,"Bablu Kumar | Male | 34 | OBC | Yadav | Incumbent Defacto PACS President

-Incumbent Defacto PACS President(2024 To Till Date)
-Former Defacto Sarpanch Contsetant-2021, Got 621 Votes & 2006 , got 875
-Former RJD Panchayat Adhyaksh(2019 to 2024)
-Dairy Business",Not Active,,,Call Connected,With JS,Willing to Contest PRI election and also ready to work in sangathan,Yes,"- Interestewed in PRI Election if seats remained unreserved otherwixse he will give candidate 
- Will Strenghten Sangthan as Yuva Adhyaksh ",,,,,,,,,,,,,,,,,,,,,,,,,,,,,,,,
Muzaffarpur,88-Gaighat,Surendra Kumar Urf Sholey ,,,9102384330.0,6202572851.0,"Surendra Kumar Urf Sholey | Male | 51 | OBC | Yadav | ZP Contestant

-Former ZP Contestant(2016 & 2021), Got 2800 & 7000 Votes
-Former PACS Contseatnt(2009), got 400 Votes
-Former RJD Zila Adhyaksh, (Panchayti Raj Cell), 2020 To 2022
-Former JDU Memebr(2015 To 2018)
",Active till ticket distribution,Helped Other Party,Not with JS,Call Connected,Not with JS,Willing To Contest Panchayati Raaj ,,"-Left JS after ticket distribution.
-There is huge diffrance in saying and doing.
-Don't want to be part of JS no confidance left in PK.",,,,,,,,,,,,,,,,,,,,,,,,,,,,,,,,
Muzaffarpur,88-Gaighat,Gautam Kumar Singh,,,9431665249.0,9431665249.0,"Gautam Kumar Singh | Male | 33 | General | Rajput | Former AAP District Member

-Former AAP Distrcit working Committee Member, 2014 To 2015
-Former JDU Youth General secretary, 2007 To 2008
-Former JAP Member, 2015 
-RTI Activist
-Labour Contractor",Active till ticket distribution,Neutral Stance,With JS,Call Connected,With JS,Willing to Work in Sangathan at Assembly Level,,"- Not Interested in PRI Election 
- Will Continue Sangathan and focus for 2030 Election ",,,,,,,,,,,,,,,,,,,,,,,,,,,,,,,,
Muzaffarpur,88-Gaighat,Sita Ram Sah,,,7004428696.0,7004428696.0,"Sita Ram Sah | Male | 49 | EBC | Teli | Incumbent Defacto ZP

-Incumbent 2 Terms Defacto ZP(2021 To Till Date & 2011 To 2016)
-Former Panchayat Samiti Contestant(2001), 
-Jan Suraaj State Core Committee Member
-Businessman(Poultry Feed)",Active till ticket distribution,Helped Other Party,Not with JS,Switch Off,,,,,,,,,,,,,,,,,,,,,,,,,,,,,,,,,,,,
Muzaffarpur,88-Gaighat,Vakil Sahani,,,9123263885.0,7482869830.0,"Vakil Sahani | Male | 46 | EBC | Mallah | MLA Contestant

-Former ZP 2001 To 2006
-Former Defacto ZP , 2016 To 2022
-Former MLA Contestant, 2005, Independent, Gaighat, Got 12000 Votes
-Former  MLA Contestant, 2005, Gaighat . LJP , Got 16000 Votes
-Former MLA Contestant, Independent, Gaighat, Got 4700 Votes, 2015 
-Former VIP, EBC Cell Pradesh Mahasachiv, 2020 To 2022
-Former JDU Zila Upadhyaksh, 
-Former LJP Member",Active till ticket distribution,Neutral Stance,With JS,Call Connected,Not with JS,,,-He don't want any association with JSP.,,,,,,,,,,,,,,,,,,,,,,,,,,,,,,,,
Muzaffarpur,89-Aurai,Manish Kumar,,,7549665172.0,7549665172.0,"Manish Kumar | Male | 39 | General | Bhumihar | Former Congress Zila Sachiv

-Former Congress Zila Sachiv, 2021 To 2022
-Former  Congress Block President, 2017 To 2020
-Former NSUI Bihar University President, 2003 To 2005
-Former NSUI RDS College President  2001 To 2003
-Fish Farming, Crop Farming, 
-Brick Klin Business",Active till ticket distribution,Helped Other Party,Not with JS,Call Connected,With JS,Willing to Contest PRI election and also ready to work in sangathan,,"-Fully devoted towards JS.
-Willing to Contest PRI election and also ready to work in sangathan.
-He may consider in JS Prerak.",,,,,,,,,,,,,,,,,,,,,,,,,,,,,,,,
Muzaffarpur,89-Aurai,Pramod Kumar Chaudhary,,,9934960655.0,9934960655.0,"Pramod Kumar Chaudhary | Male | 55 | OBC | Kalwar | Incumbent ZP 

-Incumbent ZP (2021 to Till date)
-Former Mukhiya Contestant(2011)
-Jaiswal Chourasi Sangh Adhyaksh 
-Founder of Subhash Chandra Bose Yuva Sangh",Active till ticket distribution,Neutral Stance,With JS,Call Connected,With JS,Willing To Contest Panchayati Raaj ,,"-Upset due to not getting ticket.
-Willing To Contest Panchayati Raaj 
-He is with JS but as working member only.",,,,,,,,,,,,,,,,,,,,,,,,,,,,,,,,
Muzaffarpur,89-Aurai,Md Qamar Alam Tamanna,,,9801661959.0,9801661959.0,"Md Qamar Alam Tamanna | Male | 66 | Minority | Sheikh | Mukhiya

-Former 2 Terms Mukhiya, 2001 To 2006 & 2011 To 2016
-Former Mukhiya Contestant, 2021 , 2016 & 2006, Got 904, 905 & 901 Votes
-Former BJP Member, 1995 To 2022
-Former BJP MLA Representative, 2010 - 2015
-Jan Suraaj Zila Abhiyaan Sanyojak",Active till ticket distribution,Neutral Stance,With JS,Call Connected,With JS,Willing to Contest PRI election and also ready to work in sangathan,,"-Fully devoted towards JS.
-Willing to Contest PRI election and also ready to work in sangathan.
-He may consider in JS Post .
-Wrong caste candidate selection.",,,,,,,,,,,,,,,,,,,,,,,,,,,,,,,,
Muzaffarpur,89-Aurai, Suman Nath Thakur,,,9955661881.0,9955661881.0," Suman Naath Thakur | Male | 38 | General | Brahmin | Incumbent Mukhiya

-Incumbent 2  Consecutive Terms Mukhiya, 2016 To Till Date
-Jan Suraaj Zila Sachiv
-Brick Klin Business",Active till ticket distribution,Helped Other Party,Not with JS,Call Connected,Not with JS,,,"-Very angry and abusive due to not getting the ticket.
-He don't want any association with JS.",,,,,,,,,,,,,,,,,,,,,,,,,,,,,,,,
Muzaffarpur,89-Aurai,"
Radha Raman Aka Bablu Singh",50.0,,9525898953.0,9525898953.0,"Radha Raman Aka Bablu Singh | Male | 50 | General | Bhumihar | Incumbent ZP Member

-Jansuraaj State working Coomittee Member
-Former jansuraaj Muzaffarpur anumandal vice President 
-Incumbent ZP from Aurai
-Ex Mukhiya ( 2016-2021)
-Former BDC (2011)
-Former Sarpanch (2006)
-Business ( Bricks factory )",Candidate,,,Call Connected,With JS,,,,,,,,,,,,,,,,,,,,,,,,,,,,,,,,,,,
Muzaffarpur,89-Aurai,Silochan Sahani,,,9934840245.0,9934840245.0,"Silochan Sahani | Male | 51 | EBC | Mallah | BJP Block President

-Former BJP Block President(2015 to 2022), EBC Cell
-Former Election Incharge of Former Minister Ganesh Prasad Yadav(1995 & 2000)
-Social Worker
-Agriculture(Fish Farming & Tobacco Farming)",Active till ticket distribution,Neutral Stance,With JS,Call Connected,With JS,Willing to Work in Sangathan at Dist/State Level,,"-He is upset due to not getting ticket, he don't want to participate in any election as acndidate from JSP.
-But Willing to Work in Sangathan at Dist/State Level.",,,,,,,,,,,,,,,,,,,,,,,,,,,,,,,,
Muzaffarpur,89-Aurai,Md Lal babu,,,9931669690.0,9931669690.0,"Md Lal Babu | Male | 60 | Minority | Sheikh | ZP Member

-Former ZP Member(2001 to 2006 & 2016 to 2021)
-Former ZP Contestant(2021), Got 6000 Votes
-Former MLA Contestant, 2005 , LJP, Aurai, Got 4000 Votes
-Former Loksabha Contestant, 1996, Independent, Muzaffarpur, Got 14000 Votes
-Former LJP Pradesh Upadhyaksh(2005 to 2010)
-Former Congress Pradhand Adhyaksh(1985 to 2005)
-Jan Suraaj Anumandal Adhyaksh
-",Active till ticket distribution,Helped Other Party,With JS,Call Connected,With JS,Willing to Contest PRI election and also ready to work in sangathan,,"-Fully devoted towards JS.
-Willing to Contest PRI election and also ready to work in sangathan",,,,,,,,,,,,,,,,,,,,,,,,,,,,,,,,
Muzaffarpur,89-Aurai,Lal Babu Sahni,,,8804503628.0,9934893015.0,"Lal Babu Sahni | Male | 40 | EBC | Mallah | Incumbent Mukhiya

-Incumbent Mukhiya(2021 to Till Date)
-Former 3 Consecutive Terms Mukhiya(2001 to 2006)
-Former JDU Pradesh Mahasachiv(2014 to 2024)
-Former JDU Zila Upadhyaksh(2008 to 2014)
-Former JDU Block President(2003 to 2008)
-Jan Suraaj Zila Sanyojak",Not Active,,,Switch Off,,,,,,,,,,,,,,,,,,,,,,,,,,,,,,,,,,,,
Muzaffarpur,89-Aurai,Abinash Jha,,,8588888212.0,8588888212.0,"Abinash Jha | Male | 38 | General |  Brahmin | Entrepreneur

-Runs a Hotel in Nainital
-Real Estate Consultant
-Runs a BPO also
-Prominent Social Worker(Community Services During Durga Puja, Provide Medical Assistance to Needy Ones)
-Arranged Food For Stray Animals and Provide Vetanary Services Also",Active till ticket distribution,Active for JS,With JS,Call Connected,With JS,Willing to Work in Sangathan at Assembly Level,,"-Fully devoted towards JS.
-Willing To Contest Panchayati Raaj
-Willing to Work in Sangathan at Assembly Level.
-Also planning to contest MP Election.
-Someone from family and help other supporter worker in PRI election.  ",,,,,,,,,,,,,,,,,,,,,,,,,,,,,,,,
Muzaffarpur,90-Minapur,Dilip Kumar,,,8210610415.0,8210610415.0,"Dilip Kumar| Male | 48 | OBC | Koiri | JDU State General Secretary

-Jansuraaj State working Commitee Member
-Former JDU State General Secretary ( 2014-2018)
-Farmer (Honey Production)
 ",Active till ticket distribution, Contested as an Candidate from other Party,Not with JS,Call Connected,With JS,Willing to Contest PRI election and also ready to work in sangathan,,"-Fully devoted towards JS.
-Willing To Contest Panchayati Raaj
-Willing to Contest PRI election and also ready to work in sangathan
-He filed nomination but withdraw last minute.",,,,,,,,,,,,,,,,,,,,,,,,,,,,,,,,
Muzaffarpur,90-Minapur,Sanjiv Chaudhari,,,9199999796.0,9199999796.0,"Sanjiv Chaudhary | Male | 34 | OBC | Bania | ZP Contestant

-Former ZP Contestant(2021), Got 3052 Votes
-Former RJD Zila Mahasachiv(2022 to 2024)
-Former RJD Member(2015 to 2024)
-Businessman(Cloth Store, Real Estate)
-Jan Suraaj Pradesh Yuva Karyakarini Sadasya",Active till ticket distribution, Contested as an Candidate from other Party,Not with JS,Call Connected,Not with JS,,,"-Angry and offensive due to not getting ticket. 
Gaali TO PK in LIVE",,,,,,,,,,,,,,,,,,,,,,,,,,,,,,,,
Muzaffarpur,90-Minapur,Manoj Kumar Singh,,,9912368309.0,9912368309.0,"Manoj Kumar Singh | Male | 41 | General | Rajput | Former AAP Member

-Former AAP Member(2014 To 2014)
-Runs a NGO Samajik Chetna Manch
-Participated in Anna Aandolan
-Former Indian Navy Officer
-Jan Suraaj Karyalay Prabhari",Active till ticket distribution,,,Switch Off,,,,Mental Patient,,,,,,,,,,,,,,,,,,,,,,,,,,,,,,,,
Muzaffarpur,90-Minapur,Sakaldev Sahni,,,9199352310.0,9199352310.0,"Sakaldev Sahni | Male | 65 | EBC | Mallah | MLA Contestant

-Former MLA Contestant(1995, 2000 & 2010), Congress 
-Former PACS President(1978 To 1990)
-Former Congress Member(1980 To 2023)",Active till ticket distribution,Active for JS,With JS,Call Connected,With JS,Willing to Contest PRI election and also ready to work in sangathan,,"-Fully devoted towards JS.
-Willing to Contest PRI election and also ready to work in sangathan.",,,,,,,,,,,,,,,,,,,,,,,,,,,,,,,,
Muzaffarpur,90-Minapur,Tej Narayan Sahni,54.0,,9934868173.0,9470038173.0,"Tej Narayan Sahni | Male | 54 | EBC | Mallah | Defacto ZP 

-Incumbent ZP Member(2021 To Till Date)
-Former Panchayat Samiti(2010 to 2016)
-Former UP Pramukh  Contestant(2011)
-Former Mukhiya Contestant(2001 )
-Former JDU Pradesh Mahasachiv(2011 To 2024)
-Former JDU Member(2003 to 2024)
-Former Samta Party Member(1993 to 2003)
-Former IPF Memebr 1985 to 1993
-Jan Suraaj State working Committee Member",Candidate,,,Call Connected,With JS,,,,,,,,,,,,,,,,,,,,,,,,,,,,,,,,,,,
Muzaffarpur,91-Bochaha (SC),Dr Umesh Rajak,,,"9,430,636,001","9,430,636,001",,Candidate,,,Call Connected,With JS,,,,,,,,,,,,,,,,,,,,,,,,,,,,,,,,,,,
Muzaffarpur,91-Bochaha (SC),Vinod Kumar Choudhary,,,9122799932.0,9122799932.0,"Vinod Kumar Choudhary | Male | 66 | Male | SC | Dhobi | Retired IPS

-Retired IPS(I.G Police)
-MBBS Doctor
-Former JDU Pradesh Mahasachiv(2022 To 2024)
-Jan Suraaj Election Comiitee Member
-Jan Suraaj Pradesh Upadhyaksh",Active till ticket distribution,Active for JS,With JS,Call Connected,With JS,Willing to Work in Sangathan at Dist/State Level,,"-Fully devoted towards JS.
-Willing to Work in Sangathan at Dist/State Level
-In past he sucessfuly deliver whatever responsiblity given to him. ",,,,,,,,,,,,,,,,,,,,,,,,,,,,,,,,
Muzaffarpur,91-Bochaha (SC),Laxman Paswan,,,9934855942.0,9934855942.0,"Laxman Paswan | Male | 56 | SC | Paswan | Former ZP

-Former ZP Member(2006 To 2011)
-Former ZP Contestant, 2001, got 5000 Votes
-Former Zila Yojna Samiti Sadasya(2006 To 2011)
-Former BJP Pradesh Karyasamiti Sadasya(2019 To 2023)
-Former BJP Kisan Mahamorcha Upadhyaksh(2016 To 2019)
-Former Samta Party Zila Mahasachiv(1995 To 1999)
Former JDU Zila Upadhyaksh(2003 To 2006)
-Jan Suraaj Zila Upadhyaksh",Active till ticket distribution,Active for JS,With JS,Call Connected,Not with JS,,,"-Angry and upset due to not getting ticket.
-He don't want any association with JSP.
-No more confidance left with JSP.",,,,,,,,,,,,,,,,,,,,,,,,,,,,,,,,
Muzaffarpur,91-Bochaha (SC),Manoj Kumar Paswan,,,9905151288.0,9905151288.0,"Manoj Paswan | Male | 52 | SC | Paswan | Former ZP Member

-Former ZP Member(2001 To 2006)
-Former ZP Contestant(2006)
-Former Defacto ZP Contesatnt(2011, 2016 & 2021)
-Jan Suraaj Rajya Sanghatan Committee Sadasya",Active till ticket distribution, Contested as an Candidate from other Party,With JS,Not Received ,,,,Need To Activate,,,,,,,,,,,,,,,,,,,,,,,,,,,,,,,,
Muzaffarpur,91-Bochaha (SC),Deepmala Devi,,,9113760286.0,9113760286.0,"Deepmala Devi | Female | 44 | SC | Paswan | ZP Contestant

-Former ZP Contsetant(2011, 2016 & 2021)
-Former Defacto ZP(2001 To 2006)
-Former BJP Media Prabhari",Active till ticket distribution, Contested as an Candidate from other Party,With JS,Not Received ,,,,Need To Activate,,,,,,,,,,,,,,,,,,,,,,,,,,,,,,,,
Muzaffarpur,91-Bochaha (SC),Rajgir Ram,,,9801732596.0,9955973913.0,"Rajgir Ram | Male | 57 | SC | Ravidas | Former Block Pramukh Samiti

-Former Block Pramukh, 2014 To 2016
-Former Panchayat Samiti, 2011 To 2016
-Former ZP Contestant, 2011 , Got 7004 Votes
-Former BSP , Pradesh Mahaschiv, 2021 To 2025
-Former RJD Zila Mahaschiv, 2010 To 2020
-Former JDU , Zila Mahaschiv, 2003 To 2010
-Former Samta Party  Block President, 1997 To 2003
-Former Congress Zila Sanghatan Mantri, 19986 To 1996
-Jan Suraaj Anumandal Sanyojak",Active till ticket distribution,Neutral Stance,With JS,Call Connected,With JS,Willing to Contest PRI election and also ready to work in sangathan,,"-Fully devoted towards JS.
-Willing to Contest PRI election and also ready to work in sangathan
",,,,,,,,,,,,,,,,,,,,,,,,,,,,,,,,
Muzaffarpur,92-Sakra (SC),Suresh Chanchal,,,9934888501.0,9934888501.0,"Suresh Chanchal | Male | 57 | SC | Paswan | Former MLA
-Former MLA , Sakra, JDU, 2010-2015, Got 40900 Votes
-Former MLA Contestant, 1995, 2000 &2005
-Former ZP Member, 2001 To 2006
-Former Samta Party Yuva Pradesh Sachiv
-Former LJP Member
",Not Active,,,Call Connected,Not with JS,,,"-He left JS before ticket distribution.
-He will decide in future whether to join or not.
-Currently not much enthusiasam for JS.",,,,,,,,,,,,,,,,,,,,,,,,,,,,,,,,
Muzaffarpur,92-Sakra (SC),Krishna Prasad Ram,,,9006200249.0,9006200249.0,"Krishna Prasad Ram | Male | 45 | SC | Chamar | Incumbent Defacto Mukhiya

-Incumbent Defacto Mukhiya , 2021 To Till Date
-Former Mukhiya Contesatant, 2016, Runner Up 
-Former Panchayat Samiti Contestant, 2001, Runner Up
-Former JDU Zila Adhyaksh, SC Cell, 2022 To 2024
-Former BJP Kisan Morcha Prakhand Adhyaksh, 2016 To 2020
-Farmer",Active till ticket distribution,Neutral Stance,With JS,Switch Off,,,,,,,,,,,,,,,,,,,,,,,,,,,,,,,,,,,,
Muzaffarpur,92-Sakra (SC),Renu Paswan,39.0,Female,8789680318.0,8789680318.0,"Renu Paswan | Female | 39 | SC | Paswan | NGO Director
- PGDBM (Marketing & Finance)
- Director of Tejaswini Bharat NGO
G-100 Globel Awardee by President Of India.
-His Grand father Late Shiv Nandan Paswan was Formeer 3rd term MLA from Sakra and also was speaker Vidhan Parishad.
 - Bihar State President of the 'Women Indian Chamber of Commerce and Industry' WICCI
 - Nominated as a 'Young Global Leader' by the World Economic Forum 2021. She worked with the United Nations on various Women's upliftment projects. 
 - Renu has won the title 'She the Change' in 2019 in Maharashtra. 
 - Renu is also listed as the most influential woman of Bihar in the world by G100. 
 - She has an amazing influence on the women of Bihar.
-4 Question is add-on in BPSC on her name.""",Candidate,,,Call Connected,With JS,,,,,,,,,,,,,,,,,,,,,,,,,,,,,,,,,,,
Muzaffarpur,92-Sakra (SC),Praveen Ram,,,9891129412.0,9891129412.0,"Praveen Ram | Male | 45 | SC | Ravidas | Congress Pradesh Upadhyaksh

-Former Kisan Congress Pradesh Upadhyaksh, 2024 To 2025
-Social Worker(Raises Voice of The Poors)
",Active till ticket distribution,Neutral Stance,Not with JS,Call Connected,Not with JS,,,"- Upset and angry due to not getting ticket.
- No more confidance left in JSP.
- No process follow in ticket distribution.
- PC Against PK with entire JS orgnisation of Sakra AC.
- He will decide in future wheather to associate with JS OR Not.",,,,,,,,,,,,,,,,,,,,,,,,,,,,,,,,
Muzaffarpur,93-Kurhani,Mohsmmad Ali Irfan,,,9334130052,9334130052,,Candidate,,,Call Connected,With JS,,,,,,,,,,,,,,,,,,,,,,,,,,,,,,,,,,,
Muzaffarpur,93-Kurhani,Ashok Kumar Gupta ,,,9525999889.0,9525999889.0,"Ashok Kumar Gupta | Male | 57 | OBC | Bania | MLA Contestant

-Former MLA Contestant, Kurhani, Independent(6000 Votes)
-Hotel and Land Broker
-Vaishya Community Zila Adhyaksh",Not Active,,,Call Connected,With JS,Willing to Work in Sangathan at Assembly Level,,"-He will focus on AC only.
-Don't want to contest PRI election.
-He is not much associated with JS idea.
-He stated that he is currently working on establishing his own identity and does not seek any position in the party.",,,,,,,,,,,,,,,,,,,,,,,,,,,,,,,,
Muzaffarpur,93-Kurhani,Dr Santosh Kumar,,,9430688502.0,9430688502.0,"Dr Santosh Kumar | Male | 58 | General | Kayastha | MLA Contestant

-Homoeopathic Doctor (Awarded)
-Former 3rd term Independent MLA Contested in 2005 Got Votes 2640, 2010 Votes 2540  &2015 Got Votes 3640) 
-Former JDU Member ( 2005-2023)
-Former Jansuraaj Abhiyan samiti Member
-Medical Officer in kejriwal Maternity Hospitsal, Gareebnath Nyas Samiti & Satya Sai Baba Muzaffarpur)
-BHMS  DHMS",Active till ticket distribution,Neutral Stance,With JS,Not Received ,,,,,,,,,,,,,,,,,,,,,,,,,,,,,,,,,,,,
Muzaffarpur,93-Kurhani,Ram Babu Rai,,,8986560488.0,8986560488.0,"Ram Babu Rai | | Male | OBC | Yadav | DEfacto Mukhiya

-Former Defacto Mukhiya(2006,2011,2016)
-Defacto Incumbent Panchayat Samiti 2021
-Former Zila Sachiv RJD (1989-2022)
- Jan Suraaj Anumandal Sachiv",Not Active,,,Not Received ,,,,,,,,,,,,,,,,,,,,,,,,,,,,,,,,,,,,
Muzaffarpur,93-Kurhani,Sushil Kumar,,,9931481440.0,9931481440.0,"Sushil Kumar| 39 | Male | OBC | Kushwaha | Defacto ZP

-Defacto Zila Parishad (2021 to Till Now)
-Former JDU Member(2018 to 2021)
-Former RLM Pradesh Mahasachiv(2021 to 2023)
-Jan Suraaj State Commitee Member
-Business (Run Vasudha Kendra and library)
",Active till ticket distribution,Active for JS,With JS,Call Connected,With JS,Willing to Contest PRI election and also ready to work in sangathan,,"-Sad due to ticket distribution.
-He supported JS candidate.
-Candidate selection was very poor.
-Willing to Contest PRI election and also ready to work in sangathan",,,,,,,,,,,,,,,,,,,,,,,,,,,,,,,,
Muzaffarpur,94-Muzaffarpur,Dileep Kumar ,,,9334233501.0,9334233501.0,"Dileep Kumar | Male | 60 | OBC | Bania | Congress Sewa Dal Member

-Former Congress Block President
-Former Congress Loksabha Star Parcharak
-Former Bazar samiti Vyapaari Pratinidhi(1999 To 2003)
-Received President Award Scout",Not Active,,,Call Connected,With JS,Willing to Contest PRI election and also ready to work in sangathan,,,,,,,,,,,,,,,,,,,,,,,,,,,,,,,,,,
Muzaffarpur,94-Muzaffarpur,Vishwajeet Kumar,,,9708351135.0,9031459415.0,"Vishvajit Kumar|Male |65| OBC | Sonar | Former JDU District Member

-Former JDU District Margadarshak Mandal Member(2023 to 2024)
- Incumbent Jan Suraaj Zila upadhyaksh Muz.
- Incumbent Akhil bhartiya sarafa sangh mahamantri
- Former samta party district president Muzaffarpur 2003
- Former Samta party Bihar security 2002
- Former Janata dal pradesh adhyaksh 
- Former lok dal mahasachiv 1982 and madhubani Zila prabhari
- LLB",Active till ticket distribution,Active for JS,,Call Connected,Not with JS,,,-He Died After Election.,,,,,,,,,,,,,,,,,,,,,,,,,,,,,,,,
Muzaffarpur,94-Muzaffarpur,Sanjay Kejriwal,,,9334680502.0,9334680502.0,"Sanjay Kejriwal | Male | OBC | Bania | Incumbent Ward Councilor

-Jansuraaj State Core commitee Member
-Former Jansuraaj Nagar President
-Incumbent 2 term Ward Councillor ( 2017-Till date)
-State JDU General sec. (2013-15)
State President of Samajwadi Party  (2005)
-RJD State General Sec (youth 2019-21)
",Active till ticket distribution, Contested as an Candidate from other Party,Not with JS,Call Connected,Not with JS,,,"-Very angry and offensive after ticket distribution.
-No more confidance in JS.",,,,,,,,,,,,,,,,,,,,,,,,,,,,,,,,
Muzaffarpur,94-Muzaffarpur,Syed Majid Hussain,,,9431670786.0,8789343634.0,"Syed Majid Hussain | Male | Minority | Syed | Incumbent Defacto Ward Councilor

-Incumbent Defcato Ward Councilor
-Former 3 Consecutive Terms Ward member(2002 to 2017)
-Former Deputy Mayor(2012 to 2017)
-Former MLA Contestant, SP, 2015 
-Former Samajwadi party Mahanagar Adhyaksh(2005 to 2007)
-Former Samajwadi party Member(2005 to 2015)
-Jan Suraaj State Working Committee Member",Active till ticket distribution,Active for JS,With JS,Call Connected,With JS,Willing To Contest Panchayati Raaj ,,"-Sad due to not getting the ticket.
-Willing To Contest Nagar Nigam election.
-He is a businessman and is associated with Municipal Corporation–related work. For this reason, he will remain with JS but is not interested in holding any position.",,,,,,,,,,,,,,,,,,,,,,,,,,,,,,,,
Muzaffarpur,94-Muzaffarpur,Dr Amit Kumar Das,49.0,,7781025444.0,7781025444.0,"Dr Amit Kumar Das | Male | 49 | General | Kayastha | Doctor

-Runs a Private Hospital
-MBBS and MD 
-Social Worker(Organised Free Health camp for Poors",Candidate,,,Call Connected,With JS,,,,,,,,,,,,,,,,,,,,,,,,,,,,,,,,,,,
Muzaffarpur,95-Kanti,Sudarshan Mishra,,,9934286281,9934286281,,Candidate,,,Call Connected,With JS,,,,,,,,,,,,,,,,,,,,,,,,,,,,,,,,,,,
Muzaffarpur,95-Kanti,Santosh Shekhar,,,8252347292.0,8252347292.0,"Santosh Shekhar | Male |35 | SC | Dusadh | Sarpanch Contestant

-Formar Jansuraaj Abhiyan Samiti Block Coordinator
-LJP Head of Media Cell ( District Spokeperson) ( 2023-24)
-Sarpanch Runner Up - (2021)
-Mukhiya Contested Got 4th Position with 394 votes ( 2016)
-PHd Scholar",Active till ticket distribution,Helped Other Party,Not with JS,Call Connected,Not with JS,,,"-No process follow in candidate selection.
-Very angry, abusive and offensive after ticket distribution.
-No more confidance in JS,don't want any association with JSP.
-Currently he is not associated to any party.",,,,,,,,,,,,,,,,,,,,,,,,,,,,,,,,
Muzaffarpur,95-Kanti,Anay Kumar,,,8340626226.0,9931950439.0,"Anay Kumar | Male | 34 | General | Bhumihar | MLA Contestant

-Former MLA Contestant, RJJP , 2020,  Got 2900 Votes
-Former Mukhiya Contestant(2016). Got 950 Votes
-Former RJJP Pradesh Pravakta(2020 To 2021)
-Former JDU Yuva Karyakarini Sadasya(2019 to 2020)
-National Convenor of Yuva Sangharsh shakti(2015 To Till Date)
-Director of Muzcon Construction Pvt. Ltd
Director oF Swapnlok Homes Pvt Ltd
-Director Of FBM Foundation
-Director Of Career YSS Career Consultancy",Active till ticket distribution,Active for JS,With JS,Not Received ,,,,,,,,,,,,,,,,,,,,,,,,,,,,,,,,,,,,
Muzaffarpur,95-Kanti,Ranjeet Kumar Sah,,,9572546603.0,9572546603.0,"Ranjeet Kumar Sah | 40 | OBC | Sonar | Incumbent Defacto Up Parmukh

-Incumbent Defacto Up Pramukh, 2021 To Till Date
-Incumbent Panchayat Samiti , 2021 To till Date
-former Panchayat Samiti Contestant, 2016 got 1500 Votes
-Jan Suraaj Anumandal Sachiv",Active till ticket distribution,Helped Other Party,Not with JS,Call Connected,Not with JS,,,"-PC Against PK
""-No process follow in candidate selection.
-Very angry, abusive and offensive after ticket distribution.
-No more confidance in JS,don't want any association with JSP.",,,,,,,,,,,,,,,,,,,,,,,,,,,,,,,,
Muzaffarpur,95-Kanti,Umesh Sah,,,8235616311.0,8235616311.0,"Umesh Sah | Male | 41 | OBC | Bania | Incumbent ZP

-Incumbent ZP, 2021 To Till Date, Got 9047 Votes
-Former Ward Member, 2016 To 2021, Got 345 Votes
-Former Ward Member Contestant, 2011, Got 275 Votes
-Jan Suraaj Anumandal Upadhyaksh",Not Active,,,Call Connected,With JS,Willing to Contest PRI election and also ready to work in sangathan,Yes,"-Upset due to wrong ticket distribution.
-How Sudarshan mishra got ticket this is not justifyable.
-He spent appx. 2-3 lacs in ACC.
-Willing to Contest PRI election and also ready to work in sangathan on Important Post.
-In 2030 he will contest AE.",,,,,,,,,,,,,,,,,,,,,,,,,,,,,,,,
Muzaffarpur,95-Kanti,Rakesh Kumar,,,9431239380.0,9431239380.0,"Rakesh Kumar | Male | 41 | EBC | Teli | Former Mayor Muzaffarpur

-Former Mayor Muzaffarpur Nagar Nigam, 2021 To 2022
-Former Mayor Contesatnt, 2022, Got 32000 Votes
-Former Ward Councilor, 2017 To 2022
-Businessman(Shopping Complex & Marble )",Not Active,,,Call Connected,With JS,Willing to Contest PRI election and also ready to work in sangathan,Yes,"-He will contest in next mayor elction.
-Willing to Work in Sangathan at Dist/State Level
-In 2030 he may contest AE election from Muzaffarpur AC.",,,,,,,,,,,,,,,,,,,,,,,,,,,,,,,,
Muzaffarpur,95-Kanti,Binod Kumar Gupta,,,7295940433.0,7295940433.0,"Binod Kumar Gupta | Male | 56 | EBC | Teli | Former ZP Member

-Former ZP Memebr, 2016 To 2021, Got 6000 Votes
-Former ZP Contestent, Got 4500 Votes
-Former 2 Consecutive Terms,  Mukhiya, 2006 To 2016
-Former Mukhiya Contestant, 2001, Got 800 Votes
-Former JDU Panchayti Raj , Zila Adhyaksh, 2022 To 2025
-Former RJD Zila Mahasachiv, 2012 To 2017
-Garments Whole Saler",Not Active,,,Call Connected,Not with JS,,,"-No process follow in candidate selection.
-Very angry, abusive and offensive after ticket distribution.
-No more confidance in JS,don't want any association with JSP.",,,,,,,,,,,,,,,,,,,,,,,,,,,,,,,,
Muzaffarpur,96-Baruraj,Awadhesh Kumar Gupta,,,9419166978.0,7070882555.0,"Awadhesh Kumar Gupta | Male | 56 | EBC | Kanu | Businessman

-Prominent Businessman ( Sujata Construction Company)
-Factory Owner ( R.K Industries, Hardware Manufacturing Company)
-Active Social Worker (Founder of Jai Hind Dharmik Samiti & Chatth Puja Samiti)
-His father Shri Mahendra Sah was Former Mukhiya (1977-2000)",Active till ticket distribution, Contested as an Candidate from other Party,Not with JS,Call Connected,Not with JS,,,"-No process follow in candidate selection.
-Very upset due to not getting the ticket.
-No more confidance in JS,don't want any association with JSP.",,,,,,,,,,,,,,,,,,,,,,,,,,,,,,,,
Muzaffarpur,96-Baruraj, Abdul Khalique,,,7294959671.0,7294959671.0,"Abdul Khalique | Male | 55 | Minority | Sheikh | Former BSP Member

-Former BSP member(2000 to 2015)
-Father was Mukhiya(2001 to 2005) for 5 years and Sarpanch for 22(1978 to 2000) years
-Father Contested Assembly Election, Baruraj, 2015 from BSP 
- Former Defacto (Mother) was Mukhiya(2006 to 2016 for 10 years",Not Active,Helped Other Party,,Not Received ,,,,,,,,,,,,,,,,,,,,,,,,,,,,,,,,,,,,
Muzaffarpur,96-Baruraj,Anita Devi,,,9801538122.0,9801538122.0,"Anita Devi | Male | 40 | OBC | Yadav | Incumbent Defacto  Mukhiya

-Incumbent Defacto Mukhiya(2021 To Till Date)
-Former Mukhiya, 2011 To 2016
-Director Of PK Mission Public School",Active till ticket distribution,Active for JS,With JS,Call Connected,With JS,Willing To Contest Panchayati Raaj ,,"-Want to focus on PRI only.
-Currently He is  too much occupied in Personal and Panchayat works.For this reason, he will remain with JS but is not interested in holding any position. ",,,,,,,,,,,,,,,,,,,,,,,,,,,,,,,,
Muzaffarpur,96-Baruraj,Lalit Kumar Shahi (Gopal Sahi),,,8252558147.0,8252558147.0,"Lalit Kumar Shahi | Male | 71 | General | Bhumihar | MLA Contestant

-Former MLA Contestant, 2000, Baruraj Constituency, Independent, Got 9000 Votes
-Incumbent PACS President, 1988 To Till Date
-Grandfather Ramchandra Shahi, was MLA , Baruraj, 1952 To 1972 and Hold Ministry Post Also
-Grandfather, Raghunath Pandey was Muzaffarpur MLA, 1980 To 1995, and Hold The ministry also
-Jan Suraaj Samvidhan Sabha Member",Active till ticket distribution,Helped Other Party,Not with JS,Not Received ,,,,,,,,,,,,,,,,,,,,,,,,,,,,,,,,,,,,
Muzaffarpur,96-Baruraj,Makeshwar Chaudhary,,,8292684352.0,8292684352.0,"Makeshwar Chaudhary | Male | 56 | SC | Pasi | MLA Contestant

-Former MLA Contestant, 1995, BPP, Pipra, Got 7100 Votes
-Former MLA Contesatnt, 2000, Pipra, Independent, Got 5900 Votes
-Former Panchayat Member , 2001 To 2006
-Former MLC, Panchayat Nikay, 2003, Muzafarpur , Got 2256 Votes
-Former Mukhiya Contestant, 2006, Runner Up
-Former LJP Zila Upadhyaksh, 2000 To 2004
-Former Bihar Peoples Party, State Core Committee Member1995 To 1996
-Former BSP Member , 1990 To 1995
-Jan Suraaj Ambedkar Vahini Zila Sanyojak",Not Active,Neutral Stance,With JS,Call Connected,With JS,Willing to Work in Sangathan at Dist/State Level,,"-Fully devoted towards JS.
-Willing to Work in Sangathan at Dist/State Level.
-Not intrested to contest PRI election.",,,,,,,,,,,,,,,,,,,,,,,,,,,,,,,,
Muzaffarpur,96-Baruraj,Ranjeet Kumar Jha,,,7488162787.0,9102649429.0,"Ranjeet Kumar Jha | Male | 41 | General | Brahmin | Former Loksabha Contestant

Former Loksabha Contestant, Vaishali, 2014, Independent, Got 11540 Votes
-Former BJP Pradesh Uapdhyaksh, RTI Cell. 2009 To 2014
-Actor, Director And Produer
-Builder and Brick Klin Business",Active till ticket distribution,Helped Other Party,Not with JS,Busy,,,,,,,,,,,,,,,,,,,,,,,,,,,,,,,,,,,,
Muzaffarpur,96-Baruraj,Hiralal Kharia,35.0,Male,8809630850.0,8809630850.0,"Hiralal Kharia | Male | 35 | EBC | Nonia | Incumbent Mukhiya

-Incumbent 2 Consecutive Terms Mukhiya , 2016 To Till Date
-Former 2 Terms MLA Contestant, 2015, Baruraj, Independent, Got 2200 Votes & 2020, BSP , Got 23000 Votes
-Former JDU Pradesh EBC Cell Pradesh Upadhyaksh, 2024 To 2025
-Contractor Civil",Candidate,,,Call Connected,With JS,,,,,,,,,,,,,,,,,,,,,,,,,,,,,,,,,,,
Muzaffarpur,97-Paroo,Basant Kumar Singh,,,9470244444.0,9470244444.0,"Basant Kumar Singh | Male | 52 | General | Rajput | Businessman

-Buisnessman(Runs a Hotel)
-Runs a Private Hospital, Automoile Showroom, College
-Father Was MLA from Paroo , 1980 To 1985, Congress
",Active till ticket distribution,Active for JS,With JS,Call Connected,With JS,None of the Above ,,"-Fully devoted towards JS.
He is a businessman too much occupied in his personal work. For this reason, he will remain with JS but is not interested in holding any position.
-Currently he is not intrested for PRI election.",,,,,,,,,,,,,,,,,,,,,,,,,,,,,,,,
Muzaffarpur,97-Paroo,Shatrughan Sahni,,,9430461513.0,9430461513.0,"Shatrughan Sahni | Male| 64 | EBC | Mallah | MLA Contestant

Former Assembly Election Contestant, Independent, Paroo, 1990 , Got 14100 Votes
-Former 2 Terms ZP Member, 2001 To 2006 & 2016 To 2021
-Former 20 Sutri Adhyaksh, 1990 To 2000
-Former ASA Party, Rashtriya Upadhyaksh, 2024 To 2025
-Former ASA Party EBC Cell State President, 2024 To 2025
-Former JDU Vidhan Sabha Prabhari, 2019 To 2024
-Former JDU Pradesh Mahasachiv, 2017 To 2019
-Former LJP Pradesh Mahaschiv, 2003 To 2012
-Former Janta Dal Zila Mahasachiv, 1985 To 1990",Not Active,,,Call Connected,With JS,Willing To Contest Panchayati Raaj ,,"-Fully devoted towards JS.
-He also help the JS candidate during AE.
-Willing To Contest Panchayati Raaj,For this reason, he will remain with JS but is not interested in holding any position.
",,,,,,,,,,,,,,,,,,,,,,,,,,,,,,,,
Muzaffarpur,97-Paroo,Ranjana Kumari,47.0,,9241512833.0,9241512833.0,"Ranjana Kumari | Female | 47 | General | Bhumihar | Businesswoman

-Jan Suraaj District Secretary 
-Former State President of Mahila Azaad Adhikar Sena( Amitabh Thakur) (2022-24)
-Prominent Business woman ( Market Owner Aadya Complex,)
",Candidate,,,Call Connected,With JS,,,,,,,,,,,,,,,,,,,,,,,,,,,,,,,,,,,
Muzaffarpur,97-Paroo,Kishore Kunal,,,9872484242.0,9872484242.0,"Kishore Kunal | Male | 41| General | Rajput | Businessman
-Jansuraaj State Executive member
Prominent Businessman (Plywood Factory Vaishno Plywood Owner)
-VRS From Indian army (Completed 16 Years in 2019)
-ABVP Block President (2019-22)
-His father Awdhesh Singh was Former 2 term Muhiya & District Mukhiya Sangh General Secratory( 2006-16)
-Mother Prabha Devi ji was former Krishi Shyog Samiti President ( 1996-2001)
-Mother was ZP Runner Up lost by 213 votes, Got 8200 votes (2021) ",Active till ticket distribution,Helped Other Party,Not with JS,Not Received ,,,,,,,,,,,,,,,,,,,,,,,,,,,,,,,,,,,,
Muzaffarpur,97-Paroo,Ranu Nilam Shankar,,,9308433224.0,8709588927.0,"Ranu Nilam Shankar | Male | 49 | General | Bhumihar | MLA Contestant

-Former MLA Contestant, 2020, JAP , Got 800 Votes
-Former JAP Pradesh Mahasachiv(2017 to 2024)
-Jan Suraaj Zila Upadhyaksh",Active till ticket distribution,Active for JS,With JS,Call Connected,With JS,Willing to Work in Sangathan at Dist/State Level,,"-No communication after ticket election.
-I'm a social worker.
-Fully devoted towards JS.
-Sad due to not getting ticket and felt left out.
-Willing to Work in Sangathan at State Level.
-Paroo covert into NP he will contest for NP chairman.",,,,,,,,,,,,,,,,,,,,,,,,,,,,,,,,
Muzaffarpur,97-Paroo,Mritunjay Kumar,,,9801200101.0,9801200101.0,"Mritunjay Kumar | Male | 43 | General | Bhumihar | Buisnessman

-Chairman Of JGT Travels PVT. Ltd
-Chairman Of Jai Gurudev Enginerring Construction Co Pvt. Ltd
-Chairman  Of Jai Gurudev Hotels & Resorts Pvt. Ltd
- Chairman Of RC Developers & Builders Pvt. Ltd
-Social Worker
",Active till ticket distribution,Active for JS,With JS,Call Connected,With JS,Willing to Work in Sangathan at Dist/State Level,,"-Fully devoted towards JS.
-Willing to Work in Sangathan at Dist/State Level If Important/main Post.
-He will help other to contest PRI election.
-He will prepare for MP from Vaishali Loksabha.",,,,,,,,,,,,,,,,,,,,,,,,,,,,,,,,
Muzaffarpur,98-Sahebganj,Sudhir Kumar,,,9110157713.0,9110157713.0,"Sudhir Kumar | Male | 46 | OBC | Yadav | MLA Contestant

-Former MLA Contseatnt, Sahebganj, 2020, got 3886 Votes
-Former PACS President(1998, 2001 & 2004)
-Former JDU Zila Parishad
-Father Late Bhagya Narayan Ray was MLA, CPI, 1977 to 1980",Not Active,,,Call Connected,With JS,Willing to Work in Sangathan at Dist/State Level,,"-Fully devoted towards JS.
-Willing to Work in Sangathan at State Level only  If Important Post given.
-He will help other to contest PRI election.
-His cab payment is due.",,,,,,,,,,,,,,,,,,,,,,,,,,,,,,,,
Muzaffarpur,98-Sahebganj,Thakur Hari Kishore Singh,64.0,,9431266413.0,9431266413.0,"Thakur Hari Kishore Singh | Male | 64 | General | Rajput | MLA Contestant

-Former MLA Contestant, 2005, LJP, Sahebganj, got 7000 Votes
-Former JDU Pradesh Mahasachiv(2014 To 2022)
-Former LJP Pradesh Mahasachiv(2005 To 2014)
-Former Bihar Peoples Party Pradesh Adyaksh(1993 To 2005)
-Former Congress Zila 20 Sutri Sadasya(1985 To 1993)
",Candidate,,,Call Connected,With JS,,,,,,,,,,,,,,,,,,,,,,,,,,,,,,,,,,,
Muzaffarpur,98-Sahebganj,Md Sakim ,,,9939858721.0,9939858721.0,"Sakim Jauhari | Male | 44 | Minority | Mansuri | MLA Contestant

-Former MLA Contestant, Sahebganj, 2020, Independent, Got 6054
-Former Mukhiya, 2016 To 2021
-Former Mukhiya Contestant, 2011
-Former JDU Pradesh Sachiv, Minority Cell, 2022 To 2025
-Former JDU Zila Mahaschiv, 2015 To 2022
-Former JDU Prakhand Adhyaksh, 2009 To 2015
-Businesman(Transport)",Active till ticket distribution,Active for JS,With JS,Call Connected,With JS,Willing to Contest PRI election and also ready to work in sangathan,,"-More than 15 lacs expenses in ACC works.
-Want to meet PK.
-Willing to Contest PRI election and also ready to work in sangathan.
-No communication during ticket finalisation,felt humilated.",,,,,,,,,,,,,,,,,,,,,,,,,,,,,,,,
Muzaffarpur,98-Sahebganj,Geeta Sahani,,,6206428120.0,6206428120.0,"Geeta Sahani | Female | 58 | EBC | Mallah | ZP Contesatnt

-Former ZP Contestant, 2001 , 2006 & 2011, Runner Up all 3 Times
-Former Mukhiya Contestant, Runner Up 
-Former ASA Party Pradesh Upadhyaksh, 2024 To 2025
-Former BJP Member, 2023 To 2024
-Former JDU  Sharmaik Prakosht , Pradesh Upadhyaksh, 2010 To 2020
-Former Congress Pradesh Delegate 2009 To 2010
-Social Worker
",Active till ticket distribution,Neutral Stance,With JS,Call Connected,With JS,Willing To Contest Panchayati Raaj ,,"-Sad after ticket distribution.
-Not much associated to idea of JS.
-She sounds very dicey but may consider as PH.",,,,,,,,,,,,,,,,,,,,,,,,,,,,,,,,
Muzaffarpur,98-Sahebganj,Rakesh Pandey,,,7004140070.0,7004140070.0,"Rajesh Pandey | Male | 44 | General | Bhumihar | Social Worker

-Runs a Hardware Shop 
-Owns A Petrol Pump
-Social Worker ",Active till ticket distribution,Helped Other Party,Not with JS,Not Received ,,,,,,,,,,,,,,,,,,,,,,,,,,,,,,,,,,,,
Muzaffarpur,98-Sahebganj,Anu Singh,,,9162981445.0,9162981445.0,"Anu Singh | Female | 48 | General | Rajput | Former ZP Member

-Former ZP Member, 2016 To 2021
-Former Panchayat Samiti Member, 2011 To 2016
-Former LJP Mahila Zila Adhyaksh, 2016 To 2021
-Husband is Jan Suraaj Zila Upadhyaksh
-Anu Singh Canstruction and Supplier , Director",Not Active,,,Call Connected,Not with JS,,,"-She is not with JS and don't want to be part of JS.
-Currently he with LJP(R)
-Wrong ticket distribution.
-No system in JS that's why no future.
-No confidance.
",,,,,,,,,,,,,,,,,,,,,,,,,,,,,,,,
Muzaffarpur,98-Sahebganj,Chandrashekhar Kumar,,,8877711114.0,8877711114/9999356056,"Chandra Shekhar Kumar | Male | 47 | General | Rajput | Social Worker

-Social Worker
-Transport Business
-Owns 40 Acres Of Land",Not Active,,,Call Connected,,,,-Currently he is out of town he will call later.,,,,,,,,,,,,,,,,,,,,,,,,,,,,,,,,
Muzaffarpur,98-Sahebganj,Dilip Bharti,,,9934018543.0,9934018543.0,"Dilip Bharti | Male | 61 | OBC | Sonar | Journalist

-Journalist(Youtuber)
-Worked For Dainik Jagran for 23 Years
-Awarded Bihar Gaurav Sammaan by Ministry of Rural Developmnet(2005)
-Jab Suraaj State Working Committee Member & Block Incharge of Muzaffarpur",Active till ticket distribution,Active for JS,With JS,Call Connected,With JS,Willing to Contest PRI election and also ready to work in sangathan,Yes,"-Fully devoted towards JS.
-Candidate selection was very poor, rejected JDU candidate perception in public.
-Candidate actvity was very suspecious during election.
-Willing to Contest PRI election and also ready to work in sangathan.",,,,,,,,,,,,,,,,,,,,,,,,,,,,,,,,
Muzaffarpur,98-Sahebganj,Dr Meera Kaumudi,,,7992325717.0,7992325717.0,"Dr Meera Kaumudi | Female | 70 | OBC | Sonar | MLA Contestant

-Former MLA Contestant 2020 Plurals Party - 5000 votes
-Former ZP Contestant 2016- 4000 votes
-Former BJP Mahila Morcha Pradesh Upadhyaksh(1995 to 2019)
-Former Pradesh Adhyaksh of Plurals Party(2020 to 2024)
-Retired Head Master(Govt)
-Received Inkalabi Freedom Fighter  Bhuramal Sharma Smriti Samman-2014
-Received Lok Nayak Sant Tulsi Samman(2013)
-Received Saarthi awards by Vice Chancelor of Bihar University, 1997
-President of NGO Aparajita (1997 to Till Date)
-President of NGO Shraddha (1997 to Till Date)",Active till ticket distribution,Helped Other Party,With JS,Call Connected,With JS,Willing to Work in Sangathan at Dist/State Level,Yes,"-Fully devoted towards JS.
-She organised Chura - Dahi bhoj in his karyalay on 13th Jan. for starting JS 2.0
-Candidate selection was very poor, rejected JDU candidate perception in public.
-Candidate actvity was very suspecious during election.",,,,,,,,,,,,,,,,,,,,,,,,,,,,,,,,
Muzaffarpur,98-Sahebganj,Rajiv Ranjan  ,,,9483341557.0,9483341557.0,"Rajiv Ranjan | Male | 42 | General | Bhumihar | Retired Air Force

-Professor at Veer Narmad Sonth Gujarat University
-Retired from Indian Air Force as  Sergent",Active till ticket distribution,Neutral Stance,With JS,Call Connected,With JS,None of the Above ,,"--Currently he is in gujrat.
-Very upset after ticket annoncement.
-Feel very cheated,No confidance in PK.
-No future of JS in next 10 years.
-DON'T any position in JS.
-He himself gave vote to NOTA.",,,,,,,,,,,,,,,,,,,,,,,,,,,,,,,,
Muzaffarpur,98-Sahebganj,Ashish Kumar Thakur,,,9873098761.0,9873098761.0,"Ashish Kumar Thakur | Male | 26 | General | Bhumihar | Businessman

-Electrical Items Distributor, Gurgaon
-Social Worker",Not Active,Neutral Stance,Not with JS,Call Connected,Not with JS,,,"-Currently he is in Delhi.
-Very upset after ticket annoncement.
-Feel very cheated,No confidance in PK.
-There is huge differance in doing and saying of PK.
-DON'T any position in JS.
-He himself gave vote to NOTA.",,,,,,,,,,,,,,,,,,,,,,,,,,,,,,,,
Gopalganj,99-Baikunthpur,Indra Bahadur Aka Bhanu Mishra,,,9939431609.0,9939431609.0,"Indra Bahadur Aka Bhanu Mishra| Male | 62 | General | Brahmin | Former BDC

-Former Congress Zila Mantri & President (2001-2006)
-Former Congress Zila  Maha Mantri ( 2011)
-Jansuraaj Founder Member
-Former BDC ( 2001-2006)
-Zila Parishad Runner Up (2021)",Active till ticket distribution,Active for JS,With JS,Call Connected,With JS,Willing To Contest Panchayati Raaj ,,"PRI election me Zila parishad contest karege,abhi party me as a member kaam krege jabtak PRI ka election nhi ho jaata.",,,,,"Indra Bahadur Aka Bhanu Mishra| Male | 62 | General | Brahmin | Former BDC

-Former Congress Zila Mantri & President (2001-2006)
-Former Congress Zila  Maha Mantri ( 2011)
-Jansuraaj Founder Member
-Former BDC ( 2001-2006)
-Zila Parishad Runner Up (2021)",,,,,,,,Baikunthpur_32,,,,,,,,,,,,,,,,,,,
Gopalganj,99-Baikunthpur,Pratyush Parashar,,,9004061143.0,9004061143.0,"Pratyush Parashar | Male | 37 | General | Bhumihar | Theater Artist

-Theater Artist & Martial Arts Trainer
-Social Worker(Provide Free Education to Poors Children)
-B.Tech, Computer Science",Active till ticket distribution,Active for JS,With JS,Call Connected,With JS,Willing to Work in Sangathan at Dist/State Level,,Not interested to contest in PRI Election but he wants to work at state level committee ,,Call Connected,,Not Interested,"Pratyush Parashar | Male | 37 | General | Bhumihar | Theater Artist

-Theatre Artist & Martial Arts Trainer
-Social Worker(Provide Free Education to Poor Children)
-B.Tech, Computer Science",,,,,,,,No,,No,,,,,,,,,,,,,,,,,
Gopalganj,99-Baikunthpur,Rajesh Kumar Sharma,,,7004297939.0,7004297939.0,"Rajesh Kumar Sharma | Male | 50 | EBC | Lohar | Mukhiya Contestant

-Former Mukhiya Contestant(2011), Got 348 Votes
- Director Of Vivekanand International School
-Social Worker(Helps poor in admitting in Govt Hospital) ",Active till ticket distribution,Helped Other Party,,Not Received ,,,,,,,,,,,,,,,,,,,,,,,,,,,,,,,,,,,,
Gopalganj,99-Baikunthpur,Ashfaque Ahmad,,,9431803786.0,9431803786.0,"Ashfaque Ahmad | Male | 54 | Minority | Sheikh | Incumbnet ZP

-Incumbent ZP Member(2021 To Till Date)
-Jan Suraaj Zila Anumandal Mahasachiv
-Farming, Poultry farm and Goat Farm
",Active till ticket distribution,Active for JS,With JS,Call Connected,With JS,Willing to Contest PRI election and also ready to work in sangathan,,"-Interested to contested ZP Election in PRI Election
-He is ready to take responsability in the District commitiee",,,,,"Ashfaque Ahmad | Male | 54 | Minority | Sheikh | Incumbnet ZP

-Incumbent ZP Member(2021 To Till Date)
-Jan Suraaj Zila Anumandal Mahasachiv
-Farming, Poultry farm and Goat Farm
",,,,,,,,Baikunthpur_32,,,,,,,,,,,,,,,,,,,
Gopalganj,99-Baikunthpur,Dr Binod Kumar Singh,,,7277467114.0,7277467114.0,"Dr Binod Kumar Singh | Male | 54 | General | Rajput | Advocate

-
-Former National Spokesperson Bharat Ekta Dal (2020- 2021)
- Former National Secretary Bharat Ekta Dal (2018-2020)
-Former RJD Member(2005 To 2017)
-Jan Suraaj State Working Committee Member(
-Jan Suraaj District Spokesperson
-Advocate",Active till ticket distribution,Active for JS,With JS,Call Connected,With JS,Willing to Contest PRI election and also ready to work in sangathan,,Interested to contest Zila parishad election and ready to work with District sanghthan ,,Call Connected,,Not Interested,- Gopalganj BAR Council Joint Secretary- BAR Council active Member.- Zila SachivParivartansil Adhivakta Manch,,,,,,,,No,,,his known Akhand ,,,,,,,,,,,,,,,,
Gopalganj,99-Baikunthpur,Ajay Prasad,,,9930836094.0,9939836094.0,ppu ,Candidate,,,,,,,,,,,,,,,,,,,,,,,,,,,,,,,,,,,,,,,
Khagaria,151-Parbatta,Robin Smith,,,9035699161.0,9035699161.0,"Robin Smith | Male | 40 | OBC | Yadav | Businessman

-Director Of E2E Recycling Business Pvt. Ltd
-Runs a Chain Saloon, Robins Saloon, Bangalaore
-Director OF SR Infotech, Software Company
-Founder Of NGO Jan Seva R Foundation(Education & Women Empowerment
-Social Worker ",Active till ticket distribution, Contested as an Candidate from other Party,Not with JS,Call Connected,Not with JS,,No,"- He is not interested in Jan Suraaj 
- He is in anger if the Party had not to give the ticket then it should not make us as Probabale Candidate. ",,,,,,,,,,,,,,,,,,,,,,,,,,,,,,,,
Rohtas,208-Sasaram,Ravi Kumar Urf Ravi Deva,,,7050591890.0,7050591890.0,"Ravi Kumar | Male | 29 | OBC | Kushwaha | Ward Councilor Contestant

-Former Ward Councilor Contestant, 2022 , Got 847 Votes, Runner Up
-Former RLSP Student Wing Pradesh Mahaschiv, 2019 To 2020
-Former RLSP Zila Adhyaksh, 2018 To 2019
-Incumbent Nagar Nigam Seva Samiti Mahamantri, 2023 To till Date
-Former Maurya Shakti Sanghatan Zila Adhyaksh, 2020 To 2023
-Runs a Diagnostic Centre, Deva Diagnostic, Sasaram
-Property Dealer",Active till ticket distribution,Helped Other Party,Not with JS,Not Received ,,,,,,,,,,,,,,,,,,,,,,,,,,,,,,,,,,,,
,123-Hajipur,Sidharth Ranjan,,,8210527505.0,8210527505.0,"Sidharth Ranjan | Male | 40 | OBC | Yadav | JDU Zila Upadhyaksh

-Former JDU Zila Upadhyaksh, 2014 To 2015
-Former BJP Member
-Director Of Aarambhika Construction, 
-Social Worker",Active till ticket distribution,Neutral Stance,With JS,Call Connected,With JS,Willing to Work in Sangathan at Dist/State Level,,"-Busy in in his own works.
-Need to change District President and make fresh Team.
-Willing to Work in Sangathan at Dist/State Level",,,,,,,,,,,,,,,,,,,,,,,,,,,,,,,,
Lakhisarai,168-Lakhisarai,Ram Raj,,,9955713037.0,9955713037.0,"Ram Raj | Male | 55 | General | Bhumihar | Businessman

-Former JDU Member, 2010 To 2023
-Former Congress Member, 2005 To 2010
-Jan Suraaj District Secretary
-Owns a Petrol Pump ",Active till ticket distribution,Neutral Stance,With JS,Call Connected,With JS,Willing to Work in Sangathan at Dist/State Level,,"His feedback is that he is within the party, and whatever responsibility the State sangathan gives him, he will fulfill it completely",,,,,,,,,,,,,,,,,,,,,,,,,,,,,,,,
Patna Barh,180-Bakhtiarpur,Vivek Kumar ,,,98231 85426,8275555032.0,"Vivek Kumar | Male | 48 | General |  Bhumihar | Businessman

-Paint Manufacturer & Supplier, Nagpur
-Plywood Trading, Nagpur
-Builder(Sharda Builder), Nagpur
-Founder Of Bihari Swabhimaan Manch
-Social Worker",Not Active,Neutral Stance,With JS,Not Received ,,,,Not in Bihar .,,,,,,,,,,,,,,,,,,,,,,,,,,,,,,,,
Rohtas,212-Dehri,Dr. Amitabh Kumar Singh,,,9973199887.0,9973199887.0,"Amitabh Kumar Singh | Male | 55 | General | Rajput | Doctor

-Runs a Private Clinic
-MBBS and MD(Opthamologist)
-Social Worker",Active till ticket distribution,Neutral Stance,With JS,Not Received ,,,,,,Call Connected,,Not Interested,"Amitabh Kumar Singh | Male | 55 | General | Rajput | Doctor

-Runs a Private Clinic
-MBBS and MD(Opthamologist)
-Social Worker",,,,,,,,No,,,He is a urban voter and don't want to contest election ,,,,,,,,,,,,,,,,
,123-Hajipur,Chandeshwar Ray,,,9931007009.0,9931007009.0,"Chandeshwar Ray | Male | 54 | OBC | Yadav | Incumbent Defacto ZP

-Incumbent Defacto ZP Member, Hajipur, 2021 To Till Date
-Former PACS President, 2014 To 2018
-Former 3 Consecutive Terms Mukhiya , 2001 To 2016
-Jan Suraaj Block President
-Wife is Jan Suraaj Pradesh Mahaschiv",Active till ticket distribution,Helped Other Party,Not with JS,Call Connected,With JS,Willing to Contest PRI election and also ready to work in sangathan,,"-Sounds very Dicey,due to wrong ticket selection.
-Will Contest PRI Election.
",,,,,,,,,,,,,,,,,,,,,,,,,,,,,,,,
Rohtas,208-Sasaram,Indra Dev Prasad,,,9934683261.0,9934683261.0,"Indra Dev Prasad | Male | 56 | OBC | Kushwaha | Incumbent PACS President

-Incumbent 4 Consecutive Terms PACS President, 2009 To Till Date
-Incumbent Vyapar Mandal Elected Working Committee Member, Sheosagar, 2011 To Till Date
-Incumbent Sabzi Society Director, Elected , Patna Division, 2025 To Till Date
-Former RLSP Pradesh Mahasachiv, 2013 To 2021
-Former RLM , Party Pradesh Mahasachiv, 2023 To 2025 
-Former JDU Zila Sachiv, 2005 To 2010",Active till ticket distribution,Helped Other Party,Not with JS,Busy,,,,,,,,,,,,,,,,,,,,,,,,,,,,,,,,,,,,
,140-Hasanpur,Chakrapani Himanshu,,,7779830087.0,9431288439.0,"Chakrapani Himanshu | Male | 59 | OBC | Yadav | Principal

-Principal at Hasanpur College
-Srecretary Of Himanshu Foundation
-Social Worker",Not Active,,,Not Received ,,,,,,,,,,,,,,,,,,,,,,,,,,,,,,,,,,,,
Patna,191-Bikram,Mantu Sharma,50.0,,9934796666.0,9934796666.0,"Mantu Sharma | Male | 50 | General | Bhumihar |  MLA Contestant

-Former MLA Contestant, Feb 2005 , Bikram Constityuency , BSP, Got 4038 Votes
-Former MLC Contestant, Panchayti Raj, Patna, Independent, Got 6696 Votes
-Former Congress , Zila Adhyaksh, 2013 To 2015
-Former Congress Secretary, 2010 To 2013
-Director Of 3  Private School Shivam Convent School, Bikram",Candidate,Active for JS,With JS,Call Connected,With JS,,,,,,,,,,,,,,,,,,,,,,,,,,,,,,,,,,,
Siwan,110-Barharia,Zulfekar Ahmad Urf Mitthu Babu,,,9955599482.0,9955599482.0,"Zulfiqar Ahmad | Male | 47 | Minority | Ansari | Former ZP Member

-Former ZP Member, 2006 To 2011 , 2016 To 2021
-Former ZP Contestant, 2021, Got 4600 Votes
-Former Defacto ZP Contestant, 2021 , 3566 Votes
-Former Defacto ZP Contestant, 2016, 
-Former JDU Zila Upadhyaksh, 2007 To 2009
-Forme JDU Minority Cell District President, 2019 To 2021
-",Active till ticket distribution,Neutral Stance,,Call Connected,With JS,Willing To Contest Panchayati Raaj ,,Interested to contest Zila parishad election and wants to remain in the party as a member.after PRI election he will decide to take the post in District committee ,,,,,,,,,,,,,,,,,,,,,,,,,,,,,,,,
Kishanganj,53-Thakurganj,Karan Lal Ganesh ,,,6205216476.0,6205216476.0,"Karan Lal Ganesh | Male | 48 | EBC | Gangai | PACS President

-Former 2 Consecutive Terms PACS President, 2009 To 2019
-Former ZP Contestant, 2016, Got 11070 Votes
-Former Panchayat Samiti Contestant, 2001, 2006 & 2021
-Incumbent Vyapar Mandal Elected Member, 2018 To Till Date
-Former JDU District President, 2004 To 2025
-Incumbent District 20 Sutri Sadasya , 2004 To Till Date
-Social Worker",Not Active, Contested as an Candidate from other Party,Not with JS,Call Connected,Not with JS,,No ,"-He told that  He contested from BSP but also Supporte to Upendra Kushwaha Candidates. 
- He had Joined JSP Recently 
",,,,,,,,,,,,,,,,,,,,,,,,,,,,,,,,
Rohtas,210-Dinara,Bhupesh Singh,,,9771793255.0,8920130543.0,"Bhupesh Singh | Male | 43 | General | Rajput | MLA Contestant

-Former MLA Contestant, Dinara Constituency, Independent , 2015 & 2020 , Got 4th Position
-Former AN College ABVP, College Pramukh, 1997 To 2000
-Former ABVP , Patna Mahanagar, Karyasamiti Sadasya, 1998 To 2000
-Former BJYM Pradesh Karyasamiti Sadasya, 2004
-Former BJYM Chetriya Prabhari, 2005 To 2006
-Former BJYM , Pradesh Mantri, 2010",Active till ticket distribution, Contested as an Candidate from other Party,Not with JS,Switch Off,,,,,,,,,,,,,,,,,,,,,,,,,,,,,,,,,,,,
Muzaffarpur,88-Gaighat,Subodh Kumar Singh,,,8882936929.0,8882936929.0,"Subodh Kumar Singh | Male | 59 | General | Rajput | MLA Contestant

-Former MLA Contestant, Plurals Party, 2020, Gaighat Constituency, Got 2259 Votes
-Former Student Union Rameshwar Singh College, President, 1989 To 1991
-Former Plurals Party Member, Sept 2020 To Jan 2021
-Former BJYM Mandal Adhyaksh, 1991 To 1992
-Former Chatra Janta Dal , Zila Adhyaksh, 1989 T0 1991
- Founder and President Of Gaighat Samajik Manch, 2020 To Till Date",Active till ticket distribution,Neutral Stance,With JS,Not Received ,,,,Need to Retouch,,,,,,,,,,,,,,,,,,,,,,,,,,,,,,,,
West Champaran,04-Bagaha,Md Kamran Ajij,,,9801363786.0,9801363786.0,,Active till ticket distribution,Active for JS,With JS,Call Connected,With JS,Willing to Contest PRI election and also ready to work in sangathan,,"At present, he is the Mukhiya, but if the seat will unreserved, he will contest for Block Pramukh. Within the party organization, he will work at the district or state level, taking up whatever responsibility is assigned to him.",,Not Reachable,,,"-3 times MLA Contestant in 2010, 2015 & 2020 AC Elections from Bagaha AC -1 time Independent MLA Contestant 2020 , vote secure 3077
-Two times BSP Candidate in 2015 & 2010 , Vote secured 18000 & 8000 respectively",,,,,,,,No,,,,,,,,,,,,,,,,,,,
Bhagalpur,158-Nathnagar,Md Intesar Alam,,,9934738163.0,9934738163.0,"Md Intesar Alam | Male | 53 | Minority | Sheikh | Defacto Mukhiya

-Incumbent Defacto Mukhiya(2021 To Till Date)
-Former Defacto Mukhiya Contestant(2016), 802 Votes
-Elder Brother Md Afsar Alam was ZP Contestant(2001 & 2006)
-Former RJD Member(1998 to 2022)
-Jan Suraaj Zila Upadhyaksh
-Contractor(Civil)",Active till ticket distribution,Helped Other Party,Not with JS,Call Connected,With JS,Willing to Contest PRI election and also ready to work in sangathan,,His feedback is the leaders who worked on ground were ignored by Sangathan during ticket distribution. Given vote to JSP.,,,,,,,,,,,,,,,,,,,,,,,,,,,,,,,,
Bhagalpur,158-Nathnagar,Ajay Kumar Roy,41.0,,7549711233,7549711233,"Ajay Kumar Roy | 41 | EBC | Dhanuk | 07549711233
- Dhanuk Sangh Zila Adhyaksh
- Two Times Mukhiya (2016- Present)
- Two Times Mukhiya Sangh Prakhand Adhyaksh (2016- Present)
- Real Estate Business
- JDU Rajneeti Salahkar 2019/2025",Candidate,Active for JS,With JS,Call Connected,With JS,Willing to Contest PRI election and also ready to work in sangathan,PK meeting is sheduled,,,,,,,,,,,,,,,,,,,,,,,,,,,,,,,,,
,23-Riga,Mamta Mishra,,,9871034299.0,9871034299.0,"Mamta Mishra | Female | 55 | General | Brahmin | Reporter

-Crime Reporter
-Supervisor at Bihar Education Project Council
-Member Of NGO Khushhal Samaj
-Social Worker ",Active till ticket distribution,Neutral Stance,,Call Connected,Not with JS,,,,,,,,,,,,,,,,,,,,,,,,,,,,,,,,,,,
Araria,46-Narpatganj,Md Ehramul Haque,,,9818798358.0,9818798358.0,"Md Ehramul Haque | Male | 36 | Minority | Shaikh | Entrepreneur

-Owns a Residential Hotel , Araria
-Owns a Gas Station , Araria 
- Secretary Of ITI College, Purnia
- Jan Suraaj Minority Core Committee Member  ",Active till ticket distribution,Active for JS,With JS,Call Connected,With JS,Willing to Contest PRI election and also ready to work in sangathan,,His father Ekramul haque was get Ticket for Forbesganj . ,,,,,,,,,,,,,,,,,,,,,,,,,,,,,,,,
Nalanda,173-Rajgir (SC),Munna Lal,,,7979032615.0,7979032615.0,"Munna Lal | Male | 49 | SC | Dusadh | Incumbent Defacto ZP 

-Incumbent Defacto ZP Member, 2021 To Till Date
-Former JDU Block Vice President, 2011 To 2013
-Former JDU Yuva Cell Block President, 2013 To 2016
-Former JDU SC Cell, State Vice President, 2019 To 2021
-Former BJP SC Cell District President, 2022 To 2025
-Social Worker",Active till ticket distribution,Helped Other Party,Not with JS,Not Received ,,,,,,,,,,,,,,,,,,,,,,,,,,,,,,,,,,,,
Patna,186-Danapur,Shaliesh Kumar Dhiraj,,,8340643747.0,8340643747.0,"Shaliesh Kumar Dhiraj | Male | 39 | OBC | Yadav | Retired Indian Army

-Retired Indian Army, Nayak, 2020
-Real Estate Business
-Social Worker",Not Active, Contested as an Candidate from other Party,Not with JS,Call Connected,Not with JS,None of the Above ,,,,,,,,,,,,,,,,,,,,,,,,,,,,,,,,,,
Nalanda,172-Biharsharif,Tishu Verma Urf Ritesh Kumar,,,9297573352.0,9297573352.0,"Tishu Verma | Male | 32 | OBC | Kurmi | Entrepreneur

-Managing Director Of Software Development Company, DIGI Wood It solutions Pvt. Ltd, Gurgaon
-Social Worker",Active till ticket distribution,Helped Other Party,Not with JS,Not Received ,,,,,,,,,,,,,,,,,,,,,,,,,,,,,,,,,,,,
,132-Warisnagar,Ajay Kumar Urf Ajay Mahto ,,,9934094527.0,8789371957.0,"Ajay Kumar | Male | 50 | OBC | Sudi | Businessman

-Buisnessman(Food Grain & Cattle Feed)
-Rosera Chamber Of Commerce Organisational Secretary, 2021 To Till Date
-Incumbent Rosera Gaushala Kosha Adhyaksh
-Gudri Buisness Asssociation Secretary
-Member of Rosera Park
-Social Worker",Not Active,,,Not Received ,,,,,,,,,,,,,,,,,,,,,,,,,,,,,,,,,,,,
Sheikhpura,169-Sheikhpura,Rajesh Kumar ,47.0,,8434348298.0,8434348298.0," Rajesh Kumar | Male | 47 | General | Bhumihar | Incumbent PACS President 

-Incumbent 2 Consecutive Terms PACS, President, 2015 T0 Till Date  
-Incumbent Vyapar Mandal Karyakarini Sadasya, elected, 2019 To Till Date 
-FormerBJP Panchayat Adhyaksh, 2005 To 2008
-Former LJP Mahasachiv, 2017 To 2018
-Jan Suraaj District President",Candidate,Active for JS,With JS,Call Connected,With JS,,PK meeting is sheduled,,,,,,,,,,,,,,,,,,,,,,,,,,,,,,,,,
,24-Bathnaha (sc),Ranveer Paswan,,,8406862991.0,8406862991.0,"Ranveer Paswan | Male | 33 | SC | Dusadh | Social Worker 

-Working as a Teacher at a Coaching Centre
-Father Was JP Senani And Went To Jail During Emergency, Received JP Pension also
-Father Contested The Assembly Election in 1980, Janta Party and 2010, Samajwadi Party
-Social Worker",Active till ticket distribution,Active for JS,With JS,Call Connected,With JS,Willing to Contest PRI election and also ready to work in sangathan,Yes ,"- Interested in Zila Parishad Contesting 
- Will Continue Sangathan Actively 
- Want meet PK after 30th january 
",,,,,,,,,,,,,,,,,,,,,,,,,,,,,,,,
Bhojpur,197-Jagdishpur,Sanjay Kumar Chaturvedi ,,,7631680888.0,7631680888.0,"Sanjay Kumar Chaturvedi | Male | 60 | General | Brahmin | Retired DSP

-Retired DSP, Vigilance Bureau, Patna 
-Social Worker",,,,Not Received ,,,,,,,,,,,,,,,,,,,,,,,,,,,,,,,,,,,,
Rohtas,210-Dinara,Rajesh Singh Kushwaha,,,7979956061.0,7979956061.0,"Rajesh Singh Kushwaha | Male | 57 | OBC | Kushwaha | MLA Contestant

-Former MLA Contestant, Dinara Constituency, 2020 , RLSP , Got 18987 Votes
-Incumbent 2 Consecutive Terms Defacto Mukhiya , 2016 To Till Date 
-Former JDU Pradesh Mahasachiv, , 2022 To 2025
-Former RLSP Pradesh Upadhyaksh, 2013 To 2021
-Former RSP , Mahasachiv, 2006 To 2013
-Businesman(Construction Material)",Active till ticket distribution,Helped Other Party,Not with JS,Not Received ,,,,,,,,,,,,,,,,,,,,,,,,,,,,,,,,,,,,
Banka,161-Banka,Chandra Prakash,,,9931819424.0,9931819424.0,"Chandra Prakash | Male | 30 | General | Brahmin | MLA Contestant

-Former MLA Contestant, 2020, Banka Constituency, Independent , Got 1798 Votes
-Former BJP Zila Prabhari, 2015 To 2019
-Former BJP Begusarai Loksabha Election Incharge, 2019
-Former BJP Zila Mantri, 2013 To 2014
-Jan Suraaj Zila Upadyaksh
-Animal Husbandry and Milk Business",Active till ticket distribution,Neutral Stance,With JS,Call Connected,With JS,Willing to Work in Sangathan at Dist/State Level,,His feedback is that youth represntation was less in sangathan during election time which lead to weaken the booth level committee.,,,,,,,,,,,,,,,,,,,,,,,,,,,,,,,,
Patna Barh,180-Bakhtiarpur,Balmiki Singh,56.0,,7004615901.0,7004615901.0,"Balmiki Singh | Male | 56 | OBC | Kurmi | Former MLC 

-Former MLC , Patna Nagar Nikay , Independent  2006 To 2009
-Former MLC, Patna Nagar Nikay , JDU, 2009 To 2015
-Former MLC Contestant, 2021, Patna , JDU, Got 1400 Votes
-Former MLC Contestant, 2015, Patna , JDU, Got 1500 Votes
-Former Defacto ZP Member, 2006 To 2011
-Former Samta Party , Patna Zila Adhyaksh, 2000 To 2004
-Former jDU , Patna Zila Adhyaksh, 2004 To 2006
-Former JDU Zila Adhyaksh, 2013 To 2018 
-Former JDU , Karyakarini Sadasya, 2006 To 2014",Candidate,Active for JS,With JS,Call Connected,With JS,,,,,,,,,,,,,,,,,,,,,,,,,,,,,,,,,,,
Sheikhpura,170-Barbigha,Sheo Kumar,,,8757156575.0,8757156575.0,"Sheo Kumar | Male | 68 | General | Bhumihar | MLA Contestant

-Former MLA Contestant, Barbigha Constituency, 2015, RLSP, Got 31000 Votes
-Former MLA Contestant, Barbigha Constituency, 2010, Independent, Got 6680 Votes
-Former MLA Contestant, Sheikhpura Constituency, 1990, Janta Dal, Runner Up
-Former Barbigha Nagar Panchayat Adhyaksh, 2002 To 2007
-Former RLSP Senior State Vice President & Parliamentary Committee Member, 2012 To 2017
-Former JDU , Pradesh Mahasachiv, 2003 To 2010
-Former Samta Party Pradesh Mahasachiv, 1994 To 2003
-Former Janta Dal, Pardesh Mahasachiv, 1988 To 1994 & 1977 To 1979
-Former Lok Dal , Pradesh Mahasachiv, 1979 To 1988
-",Active till ticket distribution,Neutral Stance,With JS,Not Received ,,,,,,,,,,,,,,,,,,,,,,,,,,,,,,,,,,,,
,130-Patepur (sc),Dasai Chaudhary,72.0,,9431026312.0,9431026312.0,"Dasai Chaudhary | Male | 72 | SC | Dhobi | Former MP

-Former MP, Rosera Parliamentary Constituency, Janta Dal, 1989 To 1991
-Former 2 Terms MLA , Janta Dal, Mahua Constituency, 1980 To 1989

-Former MLA, Mahua Constituency, RJD, 2000 To 2005
-Former Loksabha Contestant, Samastipur, JDU, 2004
-Former JDU, Rashtriya Mahsachiv, 2005 To 2025
-Former RJD Pradesh Mahaschiv, 2000 To 2005
-Former , Railway and Industrial Minister, 1990 To 1991
-Owns a Petrol Pump",Candidate,,,Call Connected,With JS,,,Did not expensed the Budget . ,,,,,,,,,,,,,,,,,,,,,,,,,,,,,,,,
Banka,164-Katoria,Salomi Murmu,41.0,,8252539850.0,8252539850.0,"Salomi Murmu l 41 l  Santhal l 8252539850.
​• Incumbent ZP 2021.
•​ Conducts Manthan Yatra and Mahila Janata Darbar.
•​ Socail Workers in Education, Agriculture, Climate, Water Management and Health Sector
•​ Husband Anil Kumar Gautam, is a Former Agricultural Scientist and Politician.",Candidate,Active for JS,With JS,Call Connected,With JS,Willing To Contest Panchayati Raaj ,PK meeting is sheduled,,,,,,,,,,,,,,,,,,,,,,,,,,,,,,,,,
Banka,161-Banka,Kaushal Kumar Singh,49.0,,9204555538.0,9204555538.0,"Kaushal Singh l 49 l Gen l Rajput l 9204555538.
- MLA Contestants RLM/AIMIM From 2020 Got 11000 Votes.
- BJP Pradesh Karyasamiti Sadasya
- Former JDU State Working Committee Leaders
- President Jharkhand Builders Association
- Prominent Name And Businessmen in Bihar And Jharkha",Candidate,Active for JS,With JS,Call Connected,With JS,,,,,,,,,,,,,,,,,,,,,,,,,,,,,,,,,,,
Banka,163-Belhar,Gautam Prakash,,,9546790016.0,9546790016.0,"Gautam Prakash | Male | 48 | OBC | Yadav | Incumbent Panchayat Samiti

-Incumbent 2 Consecutive Terms Panchayat Samiti, 2016 To Till Date 
-Incumbent Block Pramukh, 2016 To 2021
-Former RJD Member 2015 To 2020
-Social Worker",Active till ticket distribution,Neutral Stance,With JS,Not Received ,,,,,,,,,,,,,,,,,,,,,,,,,,,,,,,,,,,,
Sheikhpura,169-Sheikhpura,Devendra Kumar,,,9472242005.0,9472242005.0,"Devendra Kumar | Male | 35 | OBC | Kuhswaha | Incumbent Defacto Mukhiya

-Incumbent Defacto Mukhiya , 2021 To Till Date
-Former RLM, Pradesh Mahasachiv & District Organisational  Incharge, 2022 To 2025
-Former RLSP Yuva Pradesh Upadhyaksh, 2013 To 2020
-Former JDU Yuva Pradesh Sachiv, 2021 To 2022
-Agriculture",Active till ticket distribution,Neutral Stance,With JS,Not Received ,,,,,,,,,,,,,,,,,,,,,,,,,,,,,,,,,,,,
,40-Laukaha,Md Shahnawaz,,,8864067050.0,8864067050.0,"Md Shahnawaz | Male | 29 | Minority | Sheikh | Panchayat Samiti Contestant

-Former Panchayat samiti Contestant, 2021 , Got 105 Votes
-Runs a Coaching Centre , Laukaha
-Jan Suraaj Anumandal Upadhyaksh
-Social Worker",Active till ticket distribution,Active for JS,With JS,Not Received ,,,,,,,,,,,,,,,,,,,,,,,,,,,,,,,,,,,,
Gaya,232-Belaganj,Ravi Ranjan Nirala,,,9931794071.0,9931794071.0,"Ravi Ranjan Nirala | Male | 52 | EBC | Dangi | Incumbent Mukhiya

-Incumbent 2 Consecutive Terms Mukhiya, 2016 To Till Date
-Former Mukhiya Contestant, 2011, Got 345 Votes
-Former JDU District Vice President, 2016 To 2021
-Director Of Niarala Construction",Not Active,Helped Other Party,Not with JS,Busy,,,,,,,,,,,,,,,,,,,,,,,,,,,,,,,,,,,,
Muzaffarpur,98-Sahebganj,Prabhakar Kumar,,,7541977509.0,7541977509.0,"Prabhakar Kumar | Male | 65 | General | Bhumihar | CPI(M) Member

-Former CPI(M) Member, 1980 To 1985
-Former Janta Party Member, 1977 To 1980
-Participated In JP Aandolan
-Agriculture & Real Estate",Not Active,,,Not Received ,,,,,,,,,,,,,,,,,,,,,,,,,,,,,,,,,,,,
Bhojpur,197-Jagdishpur,Vijay Singh Urf Antu Singh,49.0,,9576944260.0,9576944260.0,"Vijay Singh | Male | 49 | General | Rajput | Incumbent PACS President

-Incumbent 3 Consecutive Terms PACS President, 2014 to Till Date
-Incumbent Defacto Mukhiya, 2021 To Till Date
-Incumbent Defacto Mukhiya Sangh Adhyaksh, 2021 To Till Date
-Incumbent Primary Vegetable Cooperative Society Block President, 2022 To Till Date
-Food Grains Business",Candidate,,With JS,Call Connected,With JS,,,,,Call Connected,,,"Vijay Singh | Male | 49 | General | Rajput | Incumbent PACS President

-Incumbent 3 Consecutive Terms PACS President, 2014 to Till Date
-Incumbent Defacto Mukhiya, 2021 To Till Date
-Incumbent Defacto Mukhiya Sangh Adhyaksh, 2021 To Till Date
-Incumbent Primary Vegetable Cooperative Society Block President, 2022 To Till Date
-Food Grains Business",,,,,,PACS,,No,#REF!,,,,,,,,,,,,,,,,,,
Gaya,233-Atri,Subhash Chandra Bose,,,7488090309.0,7488090309.0,"Subhash Chandra Bose | Male | 47 | OBC | Yadav | MLA Contestant

-Former MLA Contestant, Atri Constituency, Independent2020, Got 3300 Votes
-Former ZP Member, 2001 To 2006
-Former Congress , Zila Mahasachiv, 2010 To 2015
-Jan Suraaj Abhiyaan Samiti Sadasya
-Jan Suraaj Anumandal Sanyojak",Active till ticket distribution,Neutral Stance,Not with JS,Switch Off,,,,Ticket Focused,,,,,,,,,,,,,,,,,,,,,,,,,,,,,,,,
,123-Hajipur,Jainath Chauhan,,,7759078715.0,7759078715.0,"Jainath Chauhan | Male | 51 | EBC | Nonia | Incumbent Defacto Block Pramukh

-Incumbent Defacto 2 Consecutive Terms Block Pramukh, 2016 To Till Date
-Incumbent Defacto 2 Consecutive Terrms , Panchayat Samiti Sadasya, 2016 To Till Date
-Former 2 Consecutive Terms Mukhiya, 2006 To 2016
-Former CPI(ML) Zila Mahasachiv, 1990 To 2000
-Former BSP Zila Adhyaksh, Feb 2002 To Aug 2002
-Former BJP Member, Zila Adyaksh, 2013 To 2016
-Former BJP,  OBC Morcha Pradesh Adhyaksh, 2017 To 2023
-Incumbent Aarakshan Bachao Mahamorcha , Rashtriya Pradhan Maha Sachiv, 2023 To Till Date",Not Active,Helped Other Party,Not with JS,Not Received ,,,,,,,,,,,,,,,,,,,,,,,,,,,,,,,,,,,,
,128-Raghopur,Paramhans Singh,,,9939018917.0,9939018917.0,"Paramhans Singh | Male | 51 | General | Rajput | Former MP Contestant

-Former Loksabha Contestant, 2024, Independent, Vaishali, Got 5717 Votes
-Former MLA Contestant, Aam Jan Party, 2020, Raghopur Constituency
-Former MLA Contestant, Raghopur Constituency, 2015
-Former Raj Narayan College Student union Secretary, 1977 To 1979 & 1980 To 1982
-Former LJP Zila Sachiv, 2016 To 2017
-Former Aam Jan Party Secular, Rashtriya Mahasachiv, 2017 To 2021
-Akhil Bhartiya Rajput Mahasabha , Zila Adhyaksh, Vaishali, 2018 To Till Date
-Jan Suraaj Zila Upadhyaksh",Active till ticket distribution,Active for JS,With JS,Call Connected,With JS,Willing to Contest PRI election and also ready to work in sangathan,,"-Fully devoted towards JS.
-Willing to Contest PRI election and also ready to work in sangathan.
-Also preparing for Loksabha election.",,,,,,,,,,,,,,,,,,,,,,,,,,,,,,,,
Nalanda,173-Rajgir (sc),Rajju Chaudhary Urf Raju Bhaiya,,,7667126808.0,9572468894.0,"Rajju Chaudhary | Male | 67 | SC | Pasi | Mukhiya Contestant

-Former Mukhiya Contestant, 2021
-Former RJD, Zila Mahasachiv, 2021 To 2023
-Retired Govt. Employee
-Social Worker",Not Active,Helped Other Party,Not with JS,Call Connected,With JS,Willing To Contest Panchayati Raaj ,,,,,,,,,,,,,,,,,,,,,,,,,,,,,,,,,,
,24-Bathnaha (sc),Brijnandan Kumar,,,8521509278.0,8521509278.0,"Brijnandan Kumar | Male | 44 | SC | Dhobi | MLA Contestant

-Former MLA Contestant, Bathnaha Constituency, Independent, 2010, Got 3143 Votes
-Former ZP Contestant, 2016
-Former JDU SC Cell , Block President, 2010 To 2024
-PHC, Bathnaha Rogi Kalyaan Samiti Sadasya, 2024 To 2025
-Jan Suraaj Vidhansabha Pravekshak
-Social Worker",Active till ticket distribution,Active for JS,With JS,Call Connected,With JS,Willing to Contest PRI election and also ready to work in sangathan,Yes ,"- He is preparing for Zila Parishad 
- Willing to Strenghten party as party will Command him 
",,,,,,,,,,,,,,,,,,,,,,,,,,,,,,,,
,39-Phulparas,Chandravir Kumar Azad,,,8969136399.0,7903828005.0,"Chandravir Kumar Azad | Male | 55 | EBC | Kewat | Loksabha Contestant

-Former Loksabha Contestant, Jhanjharpur , 1999 Independent, Got 6440 Votes
-Former MLA Contesatnt, Phulparas Constituency, Congress, 2005, Got 5549 Votes
--Former MLA Contesatnt, Phulparas Constituency, Bhartiya Jana Congress, 2000, Got 7966 Votes
-Former ZP Member, 2006 To 2011
-Former BJP Sangathan Zila Prabhari, Supaul
-Former BJP Zila Mahamantri ",Not Active,Helped Other Party,Not with JS,Not Received ,,,,,,,,,,,,,,,,,,,,,,,,,,,,,,,,,,,,
Rohtas,208-Sasaram,Archana Kumari,,,9006052568.0,9006052568.0,"Archana Kumari | Female | 39 | EBC | Tanti | Former Mukhiya

-Former Mukhiya, 2016 To 2021
-Former Mukhiya Contestant, 2021, Got 1056 Votes, Runner Up
-Former Defacto Mukhiya Contestant, 2006 & 2011
-Social Worker",Active till ticket distribution,Active for JS,With JS,Call Connected,With JS,Willing to Contest PRI election and also ready to work in sangathan,,,,Call Connected,Yes,Yes,"Archana Kumari | Female | 39 | EBC | Tanti | Former Mukhiya

-Former Mukhiya, 2016 To 2021
-Former Mukhiya Contestant, 2021, Got 1056 Votes, Runner Up
-Former Defacto Mukhiya Contestant, 2006 & 2011
-Social Worker",,,,,,,,Tilouthu_31,,,,,,,,,,,,,,,,,,,
Siwan,105-Siwan,Madhuri Singh Kushwaha,,,8130254298.0,8130254298.0,"Madhuri Singh Kushwaha | Female | 33 | OBC | Kushwaha | ZP Contestant

-Former ZP Contestant, 2021, Got 7062 Votes
-Former PACS Contestant, 2019
-Jan Suraaj State Core Commiitte Member
-Husband Runs Water Purifier Plant
-Social Worker",Active till ticket distribution,Neutral Stance,With JS,Call Connected,With JS,,,She is not interested in contesting the PRI election and is also not interested in taking any post in the party organization. She will only work as a member in the future.,,,,,"Madhuri Singh Kushwaha | Female | 33 | OBC | Kushwaha | ZP Contestant

-Former ZP Contestant, 2021, Got 7062 Votes
-Former PACS Contestant, 2019
-Jan Suraaj State Core Commiitte Member
-Husband Runs Water Purifier Plant
-Social Worker",,,,,,,,Siwan_15,,,,,,,,,,,,,,,,,,,
,132-Warisnagar,Navin Kumar Singh,,,9546893431.0,9546893431.0,"Navin Kumar Singh | Male | 52 | General | Rajput | MLC Contestant

-Former MLC Contestant, Samastipur, 2003, Secured 3rd Position
-Former Bazar Samiti Contestant, 
-Former ABVP Member, 1998 To 1990
-Former Yuva Janta Zila Adhyaksh, 1990 To 1992
-Former Bihar Peoples Party Zila Adhyaksh, 2000 To 2005
-Former Samta Party State General Secretary
-Former Sangharsheel Samta Party Zila Adhyaksh
-Former Rashtriya Janta Party, Zila Adhyaksh, 
-Former RLSP Pradesh Mahaschiv and Darbhanga Parmansdal Prabhari, 2013 To 2020
-Grand Father Vashisht Narayan Singh was 6 Terms MLA and Freedom Fighter",Active till ticket distribution,Neutral Stance,Not with JS,Not Received ,,,,,,,,,,,,,,,,,,,,,,,,,,,,,,,,,,,,
East Champaran,15-Kesaria,Ruvi Devi,,,9304411290.0,9934797482.0,"Ruvi Devi | Female | 51 | General | Rajput | ZP Contestant

-Former ZP Contestant, 2021 , Got 4500 Votes
-Former RJD Mahila Cell, Pradesh Mahamantri, 2021 To 2025
-Former RJD Rajya Parishad Member, 2023 To 2025
-Former RJD Election Incharge, 2020 Assembly Election
-Director Of Delhi Public School, Kesariya
-Social Worker",Active till ticket distribution,Active for JS,With JS,Call Connected,With JS,Willing to Contest PRI election and also ready to work in sangathan,,She is interested to contest Zila parishad election and also interested to take a Post in the District committee.,,,,,"Ruvi Devi | Female | 51 | General | Rajput | ZP Contestant

-Former ZP Contestant, 2021 , Got 4500 Votes
-Former RJD Mahila Cell, Pradesh Mahamantri, 2021 To 2025
-Former RJD Rajya Parishad Member, 2023 To 2025
-Former RJD Election Incharge, 2020 Assembly Election
-Director Of Delhi Public School, Kesariya
-Social Worker",,,,,,,,Kesaria_31,,,,,,,,,,,,,,,,,,,
Supaul,42-Pipra,Shatrughan Prasad Chaudhari,,,9431657900.0,9431657900.0,"Shatrughan Prasad Chaudhari | Male | 59 | OBC | Kalwar | ZP Contestant

-Former ZP Contestant, 2021 , Got 2900 Votes
-Former Zila Congress Committee , Mahmantri
-Former Yuva Congress Committee Delegate
-Former Yuva Congress Block President
-Former NSUI , Block President, Triveniganj
-Incumbent Rashtriya Vaishya Mahasabha , Zila Adhyaksh, 2020 To Till Date
-Kalwar India Association Kosi Pramandal Adhyaksh, 2025 To 2025",Active till ticket distribution,,,Busy,,,,,,,,,,,,,,,,,,,,,,,,,,,,,,,,,,,,
Nawada,236-Hisua,Rajesh Kumar,,,8227988888.0,8227988888.0,"Rajesh Kumar | Male | 46 | EBC | Dangi | Businessman

-Businessman(Mining and Crusher)
-Founder Of NGO ""Awaz Today Foundation"" 
-Father Is Incumbent ZP Member, 2021 To Till Date, Nawada
-Social Worker",Active till ticket distribution,Active for JS,With JS,Busy,,,,,,,,,,,,,,,,,,,,,,,,,,,,,,,,,,,,
Araria,46-Narpatganj,Janardan Yadav,70.0,,6207102876.0,6207102876.0,"Janardan Yadav | Male | 70 | OBC | Yadav | Former MLA 

-Former MLA, 1977 To 1980, Narpatganj, Janta Party
-Former BJP MLA , 1980 To 1985, BJP
-Former MLA , 2000 To 2005, Narpatganj, BJP
-Former MLA 2005 To 2010, Narpatganj
-Former  BJYM , Pradesh Secretary
-Former BJP District President, 1980 To 1985
-JP Senani 
",Candidate,,,,,,,,,,,,,,,,,,,,,,,,,,,,,,,,,,,,,,,
,80-Benipur,Braj Kishor Yadav,,,9431858220.0,9431858220.0,"Braj Kishor Yadav | Male | 66 | OBC | Yadav | Incumbent Mukhiya 

-Incumbent 2 Consecutive Terms Mukhiya, 2016 To Till Date
-Former Mukhiya , 2006 To 2011
-Former Mukhiya Contestant, 2001 & 2011
-Former RJD Block President, 2002 To 2012",Active till ticket distribution,Neutral Stance,With JS,Not Received ,,,,,,,,,,,,,,,,,,,,,,,,,,,,,,,,,,,,
Katihar ,63-Katihar,Dr. Ghazi Sharique Ahmad,49.0,,9431251009.0,9431251009.0,"Dr. Ghazi Sharique Ahmad | Male | 49 | Minority | Doctor

-Professor at Katihar Medical College & Hospital
-MBBS and MD 
-Social Worker",Candidate,,,,,,,,,,,,,,,,,,,,,,,,,,,,,,,,,,,,,,,
Bhagalpur,157-Sultanganj,Pankaj Kumar,,,9570339039.0,9570339039.0,"Pankaj Kumar | Male | 50 | OBC | Yadav | MLA Contestant

-Former MLA Contestant, 54-Amarpur Constituency, Samajwadi Party, 2005, Oct, Got 8000 VotesR-Former MLA Contestant, 157-Sultanganj Constituency, 2020, Janta Dal Rashtrvadi Party, Got 11000 Votes
-Former Mukhiya , 2001 To 2006, Got 852 Votes
-Former Mukhiya Contestant, 2006 & 2011, Got 1035 & 1105 Votes
-Incumbent Defcato Mukhiya, 2021 To Till Date
-Former Defacto Mukhiya Contestant, 2016, Runner Up
-Jan Suraaj Anumandal Sanghatan Upadhyaksh",Not Active,Neutral Stance,Not with JS,Call Connected,With JS,Willing to Contest PRI election and also ready to work in sangathan,,He will work in sangathan and will contest zila parsad PRI election,,,,,,,,,,,,,,,,,,,,,,,,,,,,,,,,
,132-Warisnagar,Ranjeet Kumar Sahani,,,8789625068.0,8789625068.0,"Ranjeet Kumar Sahani | Male | 37 | OBC | Mallah | Incumbent Muklhiya

-Incumbent 2 Consecutive Terms Mukhiya , 2016 To Till Date
-Former Matasya Sahyog Samiti Mantri, 2011 To 2016
-Former ABVP Sanyojak, 1995 To 2001
-Former BJP Zila Sanyojak , Matasjeevi Cell, 2011 To 2016
-Former BJP State Working Committe Member, 2016 To 2024
-Fisheries and Building Materials Business",Not Active,,,Not Received ,,,,,,,,,,,,,,,,,,,,,,,,,,,,,,,,,,,,
Nawada,235-Rajauli (sc),Balmiki Ram,,,8294761039.0,8294761039.0,"Balmiki Ram | Male | 66 | SC | Dusadh | MLA Contestant

-Former MLA Contestant, Independent, Rajouli-235 Constituency, Got 5000 Votes
-Former PACS Contestant, 2024, Got 250 Votes, Runner Up
-Retired Class 1 Officer, Central Govt.
-Former Congress Block Committee President, 1982 To 1989
-Former Congress SC/ST Cell Convenor, 1982 To 1989
-Former President SC/ST Unemployment Sangh, 1986 To 1989
-Former Instructor Of Non Formal Education Centre, 1983 To 1989 ",Active till ticket distribution,Active for JS,With JS,Call Connected,With JS,Willing to Work in Sangathan at Dist/State Level,,,,,,,,,,,,,,,,,,,,,,,,,,,,,,,,,,
,140-Hasanpur,Prabhat Kumar ,,,9555555061.0,9555555061.0,"Prabhat Kumar | Male | 29 | OBC | Yadav | Mukhiya Contestant

-Former Mukhiya Contestant, 2021 , Runner Up
-Lawyer at Patna High Court
-Founder Of Sapna Legal Solutions
-Hero Moto Corps Showroom , Bithan
-Social Worker",Not Active,Helped Other Party,,Not Received ,,,,,,,,,,,,,,,,,,,,,,,,,,,,,,,,,,,,
,35-Bisfi,Sanjay Kumar Mishra,54.0,,8877820106.0,9431202834.0,"Sanjay Kumar Mishra | Male | 54 | General | Brahmin | MLC Contestant

-Former MLC Graduate Contestant, 2020, Congress, Darbhanga
-Former MLC Local Body Contestant, Madhubani, 2003, Makapa
-Former Muklhiya, 2001 To 2006
-Former Mukhiya Sangh Adhyaksh, 2001 To 2006
Former in Communist Party MAKPA Rashtriya Parishad Sadsya , 2004-06
-Criminal Lawyer , Madhubani",Candidate,,With JS,Call Connected,With JS,,,,,,,,,,,,,,,,,,,,,,,,,,,,,,,,,,,
,138-Bibhutipur,Bishwanath Choudhary,69.0,,9934273373.0,9934273373.0,"Bishwanath Choudhary | Male | 69 | General | Bhumihar | MLA Contestant

-Former MLA Contestant, 2020, Independent, Bibhutipur Constituency, 6214 Votes
-Former ZP Contestant, 2001
-Former Mukhiya , 1978 To 2001
-Former BJP , Block President, 2006 to 2009
-Former Zila Sachiv , 2009 Tio 2012
-Former BJP 20 Surti Adhyaksh, 2009 To 2011
-Brick Klin and Beer House Business",Candidate,,With JS,Call Connected,With JS,,,,,,,,,,,,,,,,,,,,,,,,,,,,,,,,,,,
Rohtas,211-Nokha,Nasrullah Khan,69.0,,9955869798.0,9431364916.0,"Nasrullah Khan | Male | 69 | Minority | Pathan | Retired Police Officer

-Retired Police Officer, DSP 
-Social Worker",Candidate,,With JS,Call Connected,With JS,,,,,Call Connected,,Not Interested,"Nasrullah Khan | Male | 69 | Minority | Pathan | Retired Police Officer

-Retired Police Officer, DSP 
-Social Worker",,,,,,,,No,,,Mukhiya contestant,,,,,,,,,,,,,,,,
Jehanabad,218-Makhdumpur (sc),Shankar Swaroop,48.0,,9931695890.0,9931695890.0,"Shankar Swaroop | Male | 48 | SC | Paswan | MLA Contestant

-Former MLA Contestant, Makhdumpur Constituency, Congress , 2010, Got 6500 Votes
-Former Congress Member, 1999 To 2025
-Father Ram Swaroom Was MP Congress
-Owns LPG Gas Agency
-Social Worker",Candidate,,With JS,Call Connected,With JS,,,,,,,,,,,,,,,,,,,,,,,,,,,,,,,,,,,
Gopalganj,101-Gopalganj,Dr Shashi Shekhar Sinha,75.0,,9431217010.0,9431217010.0,"Dr. Shashi Shekhar Sinha | Male | 75 | General | Bhumihar | Doctor

-Runs a Private Clinic , Gopalganj
-Retired Medical Officer, Sadar Hospital Gopalganj
-Awarded By WHO For His Work On TB
-MBBS and MD
-Social Worker",Candidate,Helped Other Party,Not with JS,Call Connected,Not with JS,,,,,,,,,,,,,,,,,,,,,,,,,,,,,,,,,,,
