District,Assembly,Block,Designation,Name,In Final Candidates List,Father / Husband Name,Contact,Age,Gender,Category,Caste,Profile,Calling Status,Ready to Contest Elections withn JSP,ZP Seat Number,Ready to make 20 Committee,Remarks,,,,,,,,,,,
Bhojpur,,,Campaign Committee- Army Vetrans,Sri Krishna Singh,,Late Mathura Prasad Singh,8130011401.0,71.0,Male,General,Rajput,- Ex Vice Chief of the Army Staff of the Indian Army from 2011 to 2013,Not Received ,,,- Ex Vice Chief of the Army Staff of the Indian Army from 2011 to 2013,,,,,,,,No,,,,
Bhojpur,,,Treasurer,Arvind Singh,,Late Madhav Prasad Singh,9431151955.0,68.0,Male,General,Rajput,Ex IAS,Call Connected,,Not Interested,Ex IAS,,,,,,,,No,,,He said that he will try to find best candidate for JSP ZP,
Buxar,,,District Observer,Tathagat Harshvardhan,, Prof. K K Tiwari,9899977584.0,45.0,Male,General,Brahmin,"- 2 times Ex INC District President
- Son of former Central Cabinet Minister K K Tiwari",Call Connected,Not Interested,,,,,,,,,,,,,,
Buxar,,,Youth President,Anand Mishra,,Param Hans Mishra  ,9862201500.0,42.0,Male,General,Brahmin,- Ex IPS - Assam Cadre,Call Connected,Not Interested,,,,,,,,,,,,,,
Kaimur,,,District Observer,Shambhu Singh Patel ,No,Late Kapil Dev Singh,8271997444.0,60.0,Male,OBC,Kurmi,"Shambhu Singh Patel l 62 l OBC l Kurmi l 8271997444

* Contested Assembly election 2018 bye election Bhabhua on INC and was RU secured 49500 votes
* INC District President 1982 to 1992
* AICC member 2000 to 2021
* INC State General Secretary 2000 to 2021
* JDU State General Secretary 2021 to 2024",,,,"Shambhu Singh Patel l 62 l OBC l Kurmi l 8271997444

* Contested Assembly election 2018 bye election Bhabhua on INC and was RU secured 49500 votes
* INC District President 1982 to 1992
* AICC member 2000 to 2021
* INC State General Secretary 2000 to 2021
* JDU State General Secretary 2021 to 2024",,,,,,,,No,,,,
Kaimur,,,District Observer,Shamim Ahmed,No,Haji Abdullah Haq,"9431822053
9955830012",39.0,Male,Minority,EBC Ansari Muslim,"Shamim Ahmed | 39 | Male | Minority | Muslim

- He is MLA runner-up 2015 of Kargahar assembly (23677 votes)
- He is founding member of Ati Pichara Muslim Dalit Sangathan from (2008-Present)
- Former State General Secretary of BSP from
 (2015- 2022)",Not Received ,,,,,,,,,,,,,,,
Rohtas,,,State Sec.,Poonam Paswan,,Shri Hariram ,"7004766114 /
7482865889",44.0,Female,SC,Dusadh,"-Politician
- Founding Member of HAM Party
- State Mahashiv of HAM, from 2017 to 2020, (ticket canceled)
- Her Husband is Nalanda's District President, since 2015
 - Grandfather Ram Aadhar Paswan was MLA, contestant from Chenari Constituency, 1957-62 
- Her Father-in-Law was close to then MLA Hari Naryan, Samta Party (2010, ticket canceled, JDU)",,,,"-Politician
- Founding Member of HAM Party
- State Mahashiv of HAM, from 2017 to 2020, (ticket canceled)
- Her Husband is Nalanda's District President, since 2015
 - Grandfather Ram Aadhar Paswan was MLA, contestant from Chenari Constituency, 1957-62 
- Her Father-in-Law was close to then MLA Hari Naryan, Samta Party (2010, ticket canceled, JDU)",,,,,,,,No,,,,
Kaimur,,,NA,Vansahloachan Ram,No,Late Shivsahay Ram,9572595933.0,54.0,Male,SC,Chamar,"Vanshlochan Ram | 54 | Male | SC | Chamar
 -Former RJD state Vice President SC/ST cell from (2015-2024).
 -Former RJD State secretary SC/ST cell from (2000-2015).
 -Former RJD district secretary from (1997-2000).
 -Former Lok Dal block Vice President from (1989-1995).""",Call Connected,,Interested,"Vanshlochan Ram | 54 | Male | SC | Chamar
 -Former RJD state Vice President SC/ST cell from (2015-2024).
 -Former RJD State secretary SC/ST cell from (2000-2015).
 -Former RJD district secretary from (1997-2000).
 -Former Lok Dal block Vice President from (1989-1995).""",,,,,,,,No,Ramgarh_3,Yes,,
Bhojpur,,,NA,Dr. Bimla Devi,,Suresh Kumar,8340139470.0,50.0,Male,EBC,Kahar,"Dr Bimala Devi| 50 |Female| EBC | Kahar
 - Former RLSP Pradesh Upadhayaksh 2018-2023
 - Gynaecologist (Runs Shivkaushalya Hospital in Ara)
 - Former JDU Mahila wing Zila Adhyaksh 2007-2014
 - Chandravanshi Samaj Rashtriya Upadhayaksh 2022 till date
 - ZP Runner up in 2011 from Sandesh block""",Not Received ,,,"Dr Bimala Devi| 50 |Female| EBC | Kahar
 - Former RLSP Pradesh Upadhayaksh 2018-2023
 - Gynaecologist (Runs Shivkaushalya Hospital in Ara)
 - Former JDU Mahila wing Zila Adhyaksh 2007-2014
 - Chandravanshi Samaj Rashtriya Upadhayaksh 2022 till date
 - ZP Runner up in 2011 from Sandesh block""",,,,,,,,No,,,,
Bhojpur,Jagdishpur,Jagdishpur,Zila Sachiv,Amit Choubey,,Shri Dinesh Choubey,7761880338.0,42.0,Male,General,Brahmin,"Amit Choubey| Male | 42 | General | Brahmin 

- Zila Prabhari AAP 2015-2021
-Actively involved in District Politics",Call Connected,,,"Amit Choubey| Male | 42 | General | Brahmin 

- Zila Prabhari AAP 2015-2021
-Actively involved in District Politics",,,,,,,,Jagdishpur_8,,,,
Bhojpur,Piro,Charpokhari,Sangathan Zila Upadhyaksh,Mahesh Kumar,,Chandrama rai,9308087743.0,42.0,Male,Gen,Bhumihar,"Mahesh Kumar | Male | 42 | Gen | Bhumihar

-3 terms Up-Mukhiya from2011 to present
-RLJP Prkhand Adhyaksh",Not Received ,,,"Mahesh Kumar | Male | 42 | Gen | Bhumihar

-3 terms Up-Mukhiya from2011 to present
-RLJP Prkhand Adhyaksh",,,,,,,,No,,,,
Bhojpur,Arrah Sadar,Arrah,Sangathan Zila Kisan Adhyaksh,Dilip Kumar Singh,,Uma Shankar Singh,919931062676.0,42.0,Male,General,"Rajput 
","Dilip kr Singh | 42 | Male  | Gen |Rajput 

4 Time unopposed PACS defecto Adhyaksh (2009- Present)
Socially active and Member of Vyapar Mandal",,,,"Dilip kr Singh | 42 | Male  | Gen |Rajput 

4 Time unopposed PACS defecto Adhyaksh (2009- Present)
Socially active and Member of Vyapar Mandal",,,,,,,,No,,,,
Buxar,Buxar,Buxar,Zila Sachiv,Ravi Bhushan Paswan,,Medhu Paswan,8340449453.0,42.0,Male,SC,"
 Dusadh

","Ravi Bhushan Paswan | Male | 42 | SC | Dusadh

- Ex-Mukhiya (2016-2021).
- Mukhiya runner up 2021
- Former BDC (2011-2016).",Call Connected,Interested,,,,,,,,,,,,,,
Buxar,Dumraon,Dumraon,Zila Sachiv,Ravi Prakash Sinha,,Jagadish Prasad Sinha,6204017546.0,42.0,Male,General,Kayastha,"Ravi Prakash Sinha | Male | 42 | Gen | Kayasth

- Ex BSP Dist Secretary and AC Incharge 2021-2024
- Ex AAP AC incharge 2018-2021
- AAP candidate 2020 but party withdrew from election
- Active Social Worker",Not Received ,,,"Ravi Prakash Sinha | Male | 41 | General | Kayastha | BSP Zila Sachiv

-Former BSP Zila Sachiv(2021 To 2024)
-Former AAP Zila Sachiv(2018 To 2020)
-Jan Suraaj Zila Sachiv
-Owns a Restaurant",,,,,,,,No,,,,
Buxar,Buxar,Buxar Nagar Nigam,Sangathan Zila Sachiv,Ritesh Ranjan Upadhyay,,Dr. Jay shankar Upadhyay,7903371928.0,42.0,Male,Gen,Brahmin,"Ritesh Ranjan Upadhyay |42|Male |Gen | Brahmin
-Red cross Society Member and Aapda prabhari 
Social Worker ",Call Connected,Not Interested,,,,,,,,,,,,,,
Kaimur,Bhabua,Chand,Sangathan Zila Mahasachiv,Rajesh Gupta,No,Biggu Parsad Gupta,6200867169.0,42.0,,EBC,Teli,"Rajesh Kumar Gupta | 42 | Male | Teli |EBC 

-Former BJP Zila Adhyaksh of vyvasay Prakosth(2014-2024).
-Former RSS Khand Karwa Chand Block(2015-2020).
- Landlord own 100 Bigha land. 

",Call Connected,,Not Interested,"Rajesh Kumar Gupta | 42 | Male | Teli |EBC 

-Former BJP Zila Adhyaksh of vyvasay Prakosth(2014-2024).
-Former RSS Khand Karwa Chand Block(2015-2020).
- Landlord own 100 Bigha land. 

",,,,,,,,No,Chand_16,,,
Kaimur,Mohania,Kudra,Sangathan Zila Upadhyaksh,Dilip Singh,No,Surendra Singh,9708150672.0,42.0,Male,Gen,Rajput,"Dilip Singh | 42 | Male | GEN. | Rajput
Pardesh Mahasachiv of Sarpanch Sangh Bihar & DVP Sarpanch sangh(2021-Till) 
-Incumbent Sarpanch (2021-Till)
-Prabhari of 5 Districts (Shahabad region) of Sarpanch Sangh.
-Runner up of BDC election  2016 from Bhadaula panchyat.
-Run Transportation Business of JCB.",Call Connected,Not Interested,,,,,,,,,,,,,,
Rohtas,Sasaram,Sasaram NN,Zila Sachiv,Dr Madhu Upadhyay,,Birendra Kumar Updhayay,7992344631.0,42.0,,General,Brahmin,"Dr Madhu Upadhyay | Femle | General | Brahamin | 7992344631 | Former Pramukh

- Block Pramukh Sanjhauli 2016-2022
- President of SEFRO Organisation
- Secreatory of Bihar Football Sangh
- District Sawakshta Icon Rohtas
- Highly activated Women in District
- Got Many Awards for Women Empowerment State level",,,,"Dr Madhu Upadhyay | Femle | General | Brahamin | 7992344631 | Former Pramukh

- Block Pramukh Sanjhauli 2016-2022
- President of SEFRO Organisation
- Secreatory of Bihar Football Sangh
- District Sawakshta Icon Rohtas
- Highly activated Women in District
- Got Many Awards for Women Empowerment State level",,,,,,,,No,,,,
Rohtas,Bikramganj,Bikramganj,Sangathan Zila Kisan Adhyaksh,Mintu Kumar,,Awdhesh Singh,6202928551.0,42.0,,Male,Yadav,"Mintu Kumar | Male | 42 | OBC | Yadav |  

- 2 Term Defacto Incumbent BDC 2016,2021
- Former PACS Adhayaksha 2014
- Owns 20 Bigha Land
",,,,"Mintu Kumar | Male | 42 | OBC | Yadav |  

- 2 Term Defacto Incumbent BDC 2016,2021
- Former PACS Adhayaksha 2014
- Owns 20 Bigha Land
",,,,,,,,No,,,,
Rohtas,Bikramganj,Bikramganj,Sangathan Zila Upadhyaksh,Md. Akbar Khan,,MD. Sahabuddin,7903373801.0,42.0,,Male,Muslim,"Md.Akbar Khan | Male | 42 | Minority | Muslim | 7903373801 |

- 2010 Ward - 3 Member Win by 150 Votes
- 2015 His Mother Was Runner Up Ward - 3 Defeated By 17 Votes
- 2019 PACS Adkyash Runner Up Defeated 42 Votes 
- 2021 Ward Defecto Win By 52 Votes 
- 2021 His Wife Was Up Mukhiya Win By 2 Votes ",,,,"Md.Akbar Khan | Male | 42 | Minority | Muslim | 7903373801 |

- 2010 Ward - 3 Member Win by 150 Votes
- 2015 His Mother Was Runner Up Ward - 3 Defeated By 17 Votes
- 2019 PACS Adkyash Runner Up Defeated 42 Votes 
- 2021 Ward Defecto Win By 52 Votes 
- 2021 His Wife Was Up Mukhiya Win By 2 Votes ",,,,,,,,No,,,,
Rohtas,Sasaram,Sasaram,Sangathan Zila Kisan Adhyaksh,Sujeet Singh,,Late Lakshman Singh,9162552326.0,42.0,,Male,Rajput,"Sujeet Singh | Male | 42 | General | Rajput |

- PACS Adhyaksh 2025
- Social Worker
- Mobelizer",,,,Incumbent Pacs Adhyaksh,,,,,,,,No,,,,
Bhojpur,Arrah Sadar,Arrah,Sangathan Zila Karyalay Prabhari,Anil Kumar Mishra,,Sidhhanath Mishra,918340473125.0,41.0,Male,General,Bhumihar,"Anil Kumar Mishra | 41 | Male  | Gen | Bhumihar

Ex- Jagururit Janata Party district secretory 
-Nabautpur Nirymaya sadhna sthali coordinator 
-Running coching center for poor stundent at 50 rupees of minimal cost. (Mishra Coaching center)""",,,,"Anil Kumar Mishra | 41 | Male  | Gen | Bhumihar

Ex- Jagururit Janata Party district secretory 
-Nabautpur Nirymaya sadhna sthali coordinator 
-Running coching center for poor stundent at 50 rupees of minimal cost. (Mishra Coaching center)""",,,,,,,,No,,,,
Bhojpur,Arrah Sadar,Arrah,Sangathan Zila Mukhya Pravakta,Upendra Kumar Yadav,,Late Surndhar Yadav,918651757529.0,41.0,Male,OBC,Yadav,"Upendra Yadav | 41 | Male  | OBC | Yadav

Ex- District Youth sectrory RJD ( 2016-24)
 Durga puja Committee Adhyaksh ( Biggest Committe of Durga Puja in Bhojpur) 2005 -till date 
- Renowed Music Artist of the city",,,,"Upendra Yadav | 41 | Male  | OBC | Yadav

Ex- District Youth sectrory RJD ( 2016-24)
 Durga puja Committee Adhyaksh ( Biggest Committe of Durga Puja in Bhojpur) 2005 -till date 
- Renowed Music Artist of the city",,,,,,,,No,,,,
Bhojpur,Jagdishpur,Behea,Sangathan Zila Upadhyaksh,Md Azhar,,Md Nazir Khan,,41.0,,,,,,,,,,,,,,,,,,,,
Kaimur,Bhabhua,Bhabhua,Sangathan Zila Karyalay Prabhari,Chandrika Bind,No,Lalan Bind,7482935055.0,41.0,Male,EBC," Bind
","Chandrika Bind | 41 | Male | EBC | Bind

Incumbent BDC of Ruyia Panchayat, (2021 - Present).
- Most active Youth of JS.
- Youth Mobaliser.",Not Received ,,,,,,,,,,,,,,,
Kaimur,Mohania,Ramgarh,Zila Upadhyaksh,Vijay Bahadur Singh,No,Late Jagan Bahadur Singh,9430655889.0,41.0,Male,General," Rajput
","Vijay Bahadur Singh | 41 | Male | Gen | Rajput
-Vice Chairman of Co-operative Bank Kaimur & Sasaram district (2023-Present)
-Incumbent PACs president of Narhan-Jamurana Panchayat since 2014 (3 terms)
-Former Sarpanch of Narhan-Jamurana Panchayat(2006-2011)
-Contested mukhiya election in 2011 and lost by a margin of 12 votes.
-Masters in Ancient History From MGKVP",Busy,,,,,,,,,,,,,,,
Kaimur,Bhabua,Bhabua,Zila Upadhyaksh,Dheearj Upadhyay,No,Late Nirmal Upadhyay,6206181949.0,41.0,,General,Brahmin,"""Dheeraj Kr. Upadhyay | 41 | Male | GEN | Brahmin
- Ex-De-Facto Mukhiya (2016-21)
- Contested PACS election in 2014
- Business: Rice mill, Construction/building material shop
- great mobiliser and influetial in his panchayat""",Call Connected,,,,Mukhiya,bhabhua 3,,,,,,,,,,
Bhojpur,Piro,Piro,Sangathan Zila Sachiv,Dinesh Prasad,,Sukul Sah,917488144028.0,40.0,Male,EBC,Kalwar,"Dinesh Prasad | Male| 40| EBC| Kalwar

- Owns 3 Coaching centres (Agiaon, Piro & Jagdishpur) having 600+ students
- Providing free education to 150 Poor Students
- Rauniyar Samaz Upadhyaksh (PIRO) ( 2020-2022)
-Doing a campaign for Jan Suraaj for the last 1 year",,,,"Dinesh Prasad | Male| 40| EBC| Kalwar

- Owns 3 Coaching centres (Agiaon, Piro & Jagdishpur) having 600+ students
- Providing free education to 150 Poor Students
- Rauniyar Samaz Upadhyaksh (PIRO) ( 2020-2022)
-Doing a campaign for Jan Suraaj for the last 1 year",,,,,,,,No,,,,
Bhojpur,Arrah Sadar,Ara Gramin,Sangathan Zila Yuva Adhyaksh,Parmanand Paswan,,Lal Bihari Paswan,9934867509.0,40.0,Male,SC,Paswan,"Parmanand Paswan| 40 | Male  | SC | Paswan

-Incumbent Mukhiya from Makhdumpur Dumra Panchayat (2021-till present)
-Mukhiya Runnerup 2016
-Social activist and popular youth leader of SC community",Call Connected,,Not Interested,"Parmanand Paswan| 40 | Male | SC| Paswan
-Incumbent Mukhiya from Makhdumpur Dumra Panchayat (2021-till present)
-Mukhiya Runnerup 2016
-Social activist and popular youth leader of SCcommunity",,,,,,mukhiya,,No,,,,
Bhojpur,Arrah Sadar,Sandesh,Sangathan Zila Upadhyaksh,Aftab Shahabadi,,Late Md. Abdul Zabbar,9534328464.0,40.0,Male,Minority,Muslim,"Aftab Shahabadi  | Male| 40| Minority| Muslim

- Incumbent Mukhiya (2021-till now)
- District president Minority Wing, BJP (2014-17)",,,,"Aftab Shahabadi  | Male| 40| Minority| Muslim

- Incumbent Mukhiya (2021-till now)
- District president Minority Wing, BJP (2014-17)",,,,,,,,No,,,,
Bhojpur,Jagdishpur,Sahpur,Sangathan Zila Mahasachiv,Kaushal Kumar Singh,,Late Raj Nandan Singh,8578957501.0,40.0,Male,General,Rajput,"Kaushal Kumar Singh | 40 | Male  | General | Rajput

-Former BJP Prakhand Mahamantri (2021-2024)
-Former ZP Runner up got 5943 votes in 2021
-Distributor of Seed and fertilizer in Bhojpur district",Call Connected,,,"-Former BJP Prakhand Mahamantri (2021-2024)
-Former ZP Runner up got 5943 votes in 2021
-Distributor of Seed and fertilizer in Bhojpur district",,,,,,,,Shahpur_3,,,,
Bhojpur,Jagdishpur,Sahpur,Sangathan Zila Upadhyaksh,Ashish Rai,,Late Surdarsshan Rai,8102256766.0,40.0,Male,General,Bhumiyar,"-Incumbent  upmukhiya (2016-2025)
-Bhumiyar Brahman Samaj district president ",,,,"-Incumbent  upmukhiya (2016-2025)
-Bhumiyar Brahman Samaj district president ",,,,,,,,Shahpur_3,,,,
Buxar,Dumraon,Brahampur,Zila Yuva Adhyaksh,Anil Kumar Yadav,,Late Vir Suraj Pratap Singh,"9525700997
8797171484",40.0,Male,OBC," Yadav

","Anil Kumar Yadav | Male | 40 | OBC | Yadav

- Three consecutive times Defacto BDC
( 2021, 2016, 2011)
-Lt. Father PACS Adhyaksh Chanderpur (1980-2001)
-Grand Father ( Budhi Nath Singh ) MLA 1962 ( Independent)",Not Received ,,,,,,,,,,,,,,,
Buxar,Buxar,Buxar,Zila Upadhyaksh,Shams Kalim Khan,,Maqsud Khan,7903273012.0,40.0,Male,Minority,Muslim,"Shams Kalim Khan| Male| 40| Minority|Muslim

-Ex JDU District Alpsankhayak Upadhyaksh (2019-2023)
-Former RJD District Alpsankhayak Adhyaksh (2015- 2019)
- Runs Multiple bussinesses (Sand and Transport)
- Associated with Yuva Shakti organisation (Association)",Call Connected,,,"Shams Kalim Khan| Male| 40| Minority| Muslim | Ex JDU District Alpsankhayak Upadhyaksh (2019-2023), Former RJD District Alpsankhayak Adhyaksh (2015- 2019),  Runs Multiple bussinesses (Sand and Transport), Associated with Yuva Shakti organisation (Association)",,,,,,Not Intrested,,No,,,,
Buxar,Dumraon,Dumraon,Sangathan Zila Yuva Adhyaksh,Vijay Kumar Gupta,,Late Mukthinath Sah,8207388131.0,40.0,,EBC,Kanu,"Vijay Kumar Gupta | Male | 40 | EBC | Kanu

- Ex CPI Dist committee member 2017-2019
- Ex Two terms Ward Councillor 2007 & 2012.
-Vice-chairman contestant secured 2640 votes
-He is a close associate of MLC Radacharan seth.",Wrong Number ,,,"Vijay Kumar Gupta | Male | 40 | EBC | Kanu | Ex CPI Dist committee member 2017-2019,  Ex Two terms Ward Councillor 2007 & 2012, Vice-chairman contestant secured 2640 votes, He is a close associate of MLC Radacharan seth.",,,,,,,,No,,,,
Buxar,Buxar,Itarhi,Sangathan Zila Upadhyaksh,Neeraj Pathak,,Late. Shiv Bahadur Pathak,9006134877.0,40.0,Male,Gen,Brahmin,"Neeraj Pathak | Male | 40 | Gen | Brahmin

- Incumbent Defacto Mukhiya of Belaon Panchayat, Nawanagar (2021-Present)
- Prominent Campaigner of Incumbent Buxar Vice-chairman (Baby Devi)
- Property dealer
- Financed Arvind Kumar Pandey in Buxar AC election, 2015.",Not Received ,,,,,,,,,,,,,,,
Buxar,Buxar,Rajpur,Sangathan Zila Upadhyaksh,Haider Ali,,Nazuddin Ansari,9334393518.0,40.0,Male,Minority,Muslim,"Haider Ali |Male |40 |Minority

BDC 2021 wib by 232 votes
UP pirmukh 2023 
contractor",Not Received ,,,,,,,,,,,,,,,
Buxar,Buxar,Rajpur,Sangathan Zila Upadhyaksh,Ritesh Kumar Yadav,,Awadh Kishor Yadav,9507665081‬,40.0,Male,OBC,Yadav,"Ritesh Kumar | Male| 40 |OBC|Yadav

Member of High School Committee
RTI Activist",Call Connected,,Not Interested,,,,,,,,,,,,,
Buxar,Buxar,Itarhi,Sangathan Zila Sachiv,Radhika Devi,,Jai Shankar Singh,6207193929.0,40.0,Female,OBC,Yadav,"Radhika Devi | Female | 40 | OBC | Yadav

- Incumbent Ward Member 
- BDC  Runner Up in (2006, 2011, 2016) Lost every election with short margin
- Participated in the Tarari by-election campaign, passionately supporting Jansuraj",Call Connected,,Interested,"Radhika Devi | Female | 40 | OBC | Yadav

- Incumbent Ward Member 
- BDC  Runner Up in (2006, 2011, 2016) Lost every election with short margin
- Participated in the Tarari by-election campaign, passionately supporting Jansuraj",,,,,,,,Rajpur_4,Etadi poorvi,Yes,,
Kaimur,Bhabua,Chand,Sangathan Zila Kisan Adhyaksh,Kumar Gaurav Singh,No,Mahendra Partap Singh,8090939999.0,40.0,,Gen,Brahmin,"Kumar Gaurav Singh | 40 | Male | General | Rajput

- Kumar Gaurav Singh|40|Male|Gen|Rajput. 
-Incumbent two terms PACs President of Padhi panchayat (2019-2024),(2024-Present).
-BJP Kishan Morcha Chand Block President (2015-2025).",Call Connected,Not Interested,,,abhi bahar hai.,,,,,,,,,,,
Kaimur,Bhabhua,Bhabhua,Sangathan Zila Mukhya Pravakta,Dhananjay Kumar,No,Birendra Kumar Singh,9801480402.0,40.0,Male,OBC," Kurmi
","Dhananjay Kumar | 40 | Male | OBC | Kurmi

- Compositor at Prabhat Khabar with vast Experience of news reporting, 
- Ex- BJP Kisan Block President in Bhabhua, ",Call Connected,,,,,,,,,,,,,,,
Kaimur,Mohania,Kudra,Sangathan Zila Kisan Adhyaksh,Dr.Mrigendra Tiwari,Kudra_6,Surendra Tiwari,9576255125.0,40.0,,Gen,Brahmin,"Dr. Mrigendra Tiwari | 40 | Male | General | Brahmin 

-Former INC Kaimur District Kisan President (2012-24). 
-Former INC Kaimur District Secretary. 
- Former INC Kudra Block President. 
-Former General Secretary Student Union, Sampoorna Nand Sanskrit University, Varanasi(2005-07).
-Former NSUI General Secretary, Varanasi (2003-05).",Call Connected,,Not Interested,"Dr. Mrigendra Tiwari | 40 | Male | General | Brahmin 

-Former INC Kaimur District Kisan President (2012-24). 
-Former INC Kaimur District Secretary. 
- Former INC Kudra Block President. 
-Former General Secretary Student Union, Sampoorna Nand Sanskrit University, Varanasi(2005-07).
-Former NSUI General Secretary, Varanasi (2003-05).",,,,,,,,Kudra_6,Kudra_6,,"If seat Become General, he will think",
Kaimur,Mohania,Mohania,Sangathan Zila Mukhya Pravakta,Dr.SN Chaubey,Mohania_8,Sambhunath Chaubey,9507810151.0,40.0,,Gen,Brahmin,"Dr. SN Chaubey | 40 | Male | General | Brahmin 

-Former BSP mandal  Coordinator Allahabad(2008-14) (During this tenure 8 MLAs of BSP won the assembly elections).
-Former NSUI District Coordinator Allahabad(2003-08).
-Former BJP Mandal Adhyaksh(Mohania)(2014-16).
-PhD in Education from Shri Satya Sai University Bhopal.
-Professor cum Principal in Different Colleges(2020-23).",Call Connected,,Interested,"Dr. SN Chaubey | 40 | Male | General | Brahmin 

-Former BSP mandal  Coordinator Allahabad(2008-14) (During this tenure 8 MLAs of BSP won the assembly elections).
-Former NSUI District Coordinator Allahabad(2003-08).
-Former BJP Mandal Adhyaksh(Mohania)(2014-16).
-PhD in Education from Shri Satya Sai University Bhopal.
-Professor cum Principal in Different Colleges(2020-23).",,,,,,,,Mohania_8,Mohania_8,Yes,Mohaniya's Biggest Village ( barhupar ) He will prepare committee with block commtte .,
Kaimur,Bhabua,Bhabua,Sangathan Zila Upadhyaksh,Sanjay  Kumar Gupta,No,Narayan Prasad,9570385071.0,40.0,Male,EBC,Kanu,"He is former BJP Nagar Upadhyaksh 2017.to 2020,  BSP Nagar Mahasachiv of Bhabua Nagar Parishad. Zila Sangthan Mantri Rashtriya Vaishya Sabha since 2022
He is a prominent Businessman in Bhabua",Not Reachable,,,,,,,,,,,,,,,
Rohtas,Bikramganj,Suryapura,Sangathan Zila Upadhyaksh,Niraj Kumar,,Madan Sah,9572101731.0,40.0,,Male,Teli,"Niraj Kumar l Male l 40 l  EBC l Teli 

- 2 Term Sarpanch From Goshaldih Panchayat (2011,2021)
",,,,"Niraj Kumar l Male l 40 l EBCl Teli 

- 2 Term Sarpanch From Goshaldih Panchayat (2011,2021)
",,,,,,,,No,,,,
Rohtas,Bikramganj,Bikramganj,Sangathan Zila Sachiv,Santosh Kumar,,Awadhpati Chaudhry,7491024150.0,40.0,,Male,Pasi,"Santosh Kumar | Male | 40 | SC | Pasi | 7491024150 |  Up pramukh

- Incumbent Up pramukh (2021- Present)
- 2 Term Incumbnt BDC (2016,2021)
- Wife is Vikas Mitra Bihar Government
- Father Worked with SAIL
",,,,"Santosh Kumar | Male | 40 | SC | Pasi | 7491024150 |  Up pramukh

- Incumbent Up pramukh (2021- Present)
- 2 Term Incumbnt BDC (2016,2021)
- Wife is Vikas Mitra Bihar Government
- Father Worked with SAIL
",,,,,,,,No,,,,
Rohtas,Dehri,Akodhigola,Sangathan Zila Yuva Adhyaksh,Virendra Tiwari,,Badri Vishal Tiwari,7905949709.0,40.0,,Male,Brahmin,"Virendra Tiwari | Male | 40 | General | Brahmin

-  Incumbent two terms Mukhiya (2021, 2006)
- Former member District Working Committee BJP (2006-2009) 
",,,,"Virendra Tiwari | Male | 40 | General | Brahmin

-  Incumbent two terms Mukhiya (2021, 2006)
- Former member District Working Committee BJP (2006-2009) 
",,,,,,,,No,,,,
Rohtas,Sasaram,Sasaram,Sangathan Zila Adhyaksh,Nandu Kushwaha,,Bhola Singh,9472404537.0,40.0,,Male,Kushwaha,"Nandu kushwaha | Male | 55 | OBC | Kushwaha |

- Incumbent Sarpanch Sangh Block Adhyaksha, Sasaram 
- 3 Term Incumbent Sarpanch (2011, 2016, 2021-Present)
- Former Up Pramukh (2008-2011)
- Two term BDC 2006, 2011

",,,,"Nandu kushwaha | Male | 55 | OBC | Kushwaha |

- Incumbent Sarpanch Sangh Block Adhyaksha, Sasaram 
- 3 Term Incumbent Sarpanch (2011, 2016, 2021-Present)
- Former Up Pramukh (2008-2011)
- Two term BDC 2006, 2011

",,,,,,,,No,,,,
Bhojpur,Ara Sadar,Arrah NN,Zila Sanrakshak,Devendra kumar,,Late Jhaman Prasad,918969679605,70.0,Male,OBC," Yadav
","Devendra Kumar | Male | 70 | OBC | Yadav

- Arrah civil court advocate Practioner From 1882 till now. 
-Three times Ex vice president of Bar Association Arrah
-Additional public proctiscuter A.P.P (1992 to 1998)
- His father was MLA from sandesh assembly from 1968 to 1978 
- Arrah Red cross society member 
-Arrah lions club member 
 -Arrah chamber of commerce member",,,,"Devendra Kumar | Male | 70 | OBC | Yadav

- Arrah civil court advocate Practioner From 1882 till now. 
-Three times Ex vice president of Bar Association Arrah
-Additional public proctiscuter A.P.P (1992 to 1998)
- His father was MLA from sandesh assembly from 1968 to 1978 
- Arrah Red cross society member 
-Arrah lions club member 
 -Arrah chamber of commerce member",,,,,,,,No,,,,
Bhojpur,Ara Sadar,Koilwar,Zila Sanrakshak,Ganesh Prasad,,Late Shivji Prasad,9934228648.0,71.0,Male,EBC,"  Kahar

","Ganesh Prasad | Male | 71 |EBC|  Kahar

- Former ZP (2006 & 2011) 
-Member of the Vish Sutriya Committee (2022-Till Now)
- Former Mukhiya (2001-06)
- Ex. RJD Zila Mahasachiv (2001-2006)
- Former JDU district President of Medical cell since 2006 to 2020
-In 1995, he established a Social Family Justice Committee opposing the then MLA, Raghuvendra Pratap Singh. ",,,,"Ganesh Prasad | Male | 71 |EBC|  Kahar

- Former ZP (2006 & 2011) 
-Member of the Vish Sutriya Committee (2022-Till Now)
- Former Mukhiya (2001-06)
- Ex. RJD Zila Mahasachiv (2001-2006)
- Former JDU district President of Medical cell since 2006 to 2020
-In 1995, he established a Social Family Justice Committee opposing the then MLA, Raghuvendra Pratap Singh. ",,,,,,,,No,,,,
Bhojpur,Jagdishpur,Shahpur,Zila Sanrakshak,Md. Yunus Khan,,Late Rafiq Khan,918825215967,65.0,Male,Minority," Muslim
","Md. Yunus Khan | Male | 65 | Minority | Muslim

- 2nd Term Defacto incumbent mukhiya (2016-till now).
 - Former ZP (2011-16). 
 -Biggest Minority name in Shahpur Assembly.
 - Transport Bussiness, Dairy Farm.",Not Reachable,,,"Md. Yunus Khan | Male | 65 | Minority | Muslim

- 2nd Term Defacto incumbent mukhiya (2016-till now).
 - Former ZP (2011-16). 
 -Biggest Minority name in Shahpur Assembly.
 - Transport Bussiness, Dairy Farm.",,,,,,,,No,,,,
Bhojpur,Jagdishpur,Jagdishpur,Zila Sanrakshak,Hulas Ram,,Shivbhajan Ram,620408921.0,65.0,Male,SC," Ravidas
","Hulas Ram | Male | 65 | SC | Ravidas

- 2nd Term Defacto incumbent mukhiya (2016-till now).
 - Former ZP (2011-16). 
 -Biggest Minority name in Shahpur Assembly.
 - Transport Bussiness, Dairy Farm.",Invalid No.,,,"Hulas Ram | Male | 65 | SC | Ravidas

- 2nd Term Defacto incumbent mukhiya (2016-till now).
 - Former ZP (2011-16). 
 -Biggest Minority name in Shahpur Assembly.
 - Transport Bussiness, Dairy Farm.",,,,,,,,No,,,,
Bhojpur,Ara Sadar,Arrah,Zila Sanrakshak,Ram Kumar Singh,,Late Harvansh singh,919523751089,69.0,Male,General," Rajput
","Ram Kumar Singh | Male | 69 | Gen | Rajput

- Retired Assistant Commissioner ( Revenue Dept.)
- Rotary Club President (2024-25)
- Executive committee member (Red Cross Society)
- Core Committee member Ramlila Samiti (Bhojpur)
- Bhojpur Football Association Member 
- Member of Ara Club",,,,"Ram Kumar Singh | Male | 69 | Gen | Rajput

- Retired Assistant Commissioner ( Revenue Dept.)
- Rotary Club President (2024-25)
- Executive committee member (Red Cross Society)
- Core Committee member Ramlila Samiti (Bhojpur)
- Bhojpur Football Association Member 
- Member of Ara Club",,,,,,,,No,,,,
Bhojpur,Ara Sadar,Udwantnagar,Zila Adhyaksh,Abhay Singh,,Late Ramdeo Singh,919304170116,53.0,Male,General," Rajput
","Abhay Singh | 53 | Male  | General | Rajput

- 2 term Incumbent Mukhiya (2016 - Present)
- Former BJP Pradesh Karya Samiti Sadasya (2013-2021).
-District Mukhiya Sangh Secretary (2016-till now) 
-Awarded as Best Performing Mukhiya by CM Nitish Kumar in 2017.
-Ex Minning engineer (L&T)
- Runs ITI College, a plastic factory and a hotel.",,,,"Abhay Singh | 53 | Male  | General | Rajput

- 2 term Incumbent Mukhiya (2016 - Present)
- Former BJP Pradesh Karya Samiti Sadasya (2013-2021).
-District Mukhiya Sangh Secretary (2016-till now) 
-Awarded as Best Performing Mukhiya by CM Nitish Kumar in 2017.
-Ex Minning engineer (L&T)
- Runs ITI College, a plastic factory and a hotel.",,,,,,,,No,,,,
Bhojpur,Ara,Ara NN,Zila Mahasachiv,Chandra Bhanu Gupta,,Late Ram Ji Prasad Gupta,9430221702.0,54.0,Male,OBC,Sonar,"Chandra Bhanu Gupta | 54 | Male  | OBC| Sonar

- District President Bihar Vyvsay Sangharsh Morcha (2008-till now)
- Ex. Pramukh of ARA Block (2001-2011)
- Dist President Swarnakar Kalyan Samaj  (2017-till now)
- Red Cross Dist. Member 
- His brother was Deupty Governor of Andman Nicobar (Ishwariye Prasad Gupta)",,,,"Chandra Bhanu Gupta | 54 | Male  | OBC| Sonar

- District President Bihar Vyvsay Sangharsh Morcha (2008-till now)
- Ex. Pramukh of ARA Block (2001-2011)
- Dist President Swarnakar Kalyan Samaj  (2017-till now)
- Red Cross Dist. Member 
- His brother was Deupty Governor of Andman Nicobar (Ishwariye Prasad Gupta)",,,,,,,,No,,,,
Bhojpur,Ara,Ara,Zila Abhiyan Samiti Sanyojak,Salma Begum,,Zakir Hussain,9504747945.0,54.0,Male,Minority,Muslim,"Salma Begam | 40 | Female | Muslim 

- Three term consecutive ward parshad 2007 -2017
- Second Runner up with 18075 votes in Deputy Mayor election. 
",Call Connected,,Not Interested,"Salma Begam | 40 | Female | Muslim- Three term consecutive ward parshad 2007 -2017
- Second Runner up with 18075 votes in Deputy Mayor election.",,,,,,,,No,,,,
Bhojpur,Ara,Gadhani,Zila Mahila Adhyaksh,Rajkumari Devi,,Shri Surendra Pandit,7319654841.0,49.0,Male,EBC,Kumhar,"Raj Kumari Devi | 49 | Female  | EBC | Kumhar

-Ex ZP from Garhani Block in 2009 by-election 
-ZP Runner up from Garhani Block in 2016
-RLSP Zila Mahila Adhyaksh (2014-2017)
-JDU Zila Sacheev (2006-2012)


",Call Connected,,,"Raj Kumari Devi | 49 | Female  | EBC | Kumhar

-Ex ZP from Garhani Block in 2009 by-election 
-ZP Runner up from Garhani Block in 2016
-RLSP Zila Mahila Adhyaksh (2014-2017)
-JDU Zila Sacheev (2006-2012)",,,,,,,,Garhani_9,,,,
Bhojpur,Ara Sadar,Agiaon,Zila Kisan Adhyaksh,Awadh Kumar Singh,,Late Shiv Dayal Singh,919973448642,55.0,Male,OBC," Yadav
","Awadh Kumar Singh | 55 | Male  |OBC | Yadav

- Former PACS adhyaksha  (2009 -19)
- Former Director Co-operative PACS Ara-Buxar Zone (2010-13)
",Call Connected,,Not Interested,"Awadh Kumar Singh | 55 | Male  |OBC | Yadav

- Former PACS adhyaksha  (2009 -19)
- Former Director Co-operative PACS Ara-Buxar Zone (2010-13)
",,,,,,,,No,,,,
Bhojpur,Ara,Ara NN,Zila Mukhya Pravakta,Saran Dhari Azad,,Shri Arun Kumar,9431048684.0,44.0,Male,General,Brahmin,"Saran Dhari Azad | 42 | Male | General | Brahmin

-Editor in chief Hum Apki Soch news channel with 65K TRP 
- Zila Prabhari Bhartiya Rashtriya Patrakar Maha Sangh 2019 till date
-Associated as news correspondant with Dainik Jagran and Hindustaan for local News",,,,"Saran Dhari Azad | 42 | Male | General | Brahmin

-Editor in chief Hum Apki Soch news channel with 65K TRP 
- Zila Prabhari Bhartiya Rashtriya Patrakar Maha Sangh 2019 till date
-Associated as news correspondant with Dainik Jagran and Hindustaan for local News",,,,,,,,No,,,,
Bhojpur,Ara Sadar,Arrah,Zila Karyalay Prabhari,Birendra Kr Ojha,,Late Dina Nath Ojha,917061298274,52.0,Male,General," Brahmin
","Birendra Kr Ojha| 52 | Male  | General | Brahmin

- Incumbent Defacto Ward Parshad, 2022
- State level Theatre artist
- Provides free education to underprivileged children",,,,"Birendra Kr Ojha| 52 | Male  | General | Brahmin

- Incumbent Defacto Ward Parshad, 2022
- State level Theatre artist
- Provides free education to underprivileged children",,,,,,,,No,,,,
Bhojpur,Ara Sadar,Ara,Zila Upadhyaksh,Hira lal Prasad,,Bhagwan Prasad,917717791620,57.0,Male,OBC," Kushwaha
","Hira lal Prasad| Male| 57| OBC| Kushwaha
- Ex-Mukhiya (2006-2011)
-District Vice-President of Kushwaha Maha Sabha (2021- till now)
- JDU District Committee Member (2022-2024)  
-Retired Subedar (Indian Army) 
",,,,"Hira lal Prasad| Male| 57| OBC| Kushwaha
- Ex-Mukhiya (2006-2011)
-District Vice-President of Kushwaha Maha Sabha (2021- till now)
- JDU District Committee Member (2022-2024)  
-Retired Subedar (Indian Army) 
",,,,,,,,No,,,,
Bhojpur,Jagdishpur,Shahpur,Zila Upadhyaksh,Dadan Singh,,Late Ramlakhan Singh,919576213612,65.0,Male,OBC," Yadav
","Dadan Singh |Male| 65 |OBC| Yadav

-Former defacto BDC (2016-2021)
- Pramukh Runner up (2011)
- Ex-Mukhiya (2001-2006)
- PACS President (1990-2000)
- Vyapar Mandal Chairman (1995-2000)
- Student Union President, Jain Ara College (1979-83)",,,,"Dadan Singh |Male| 65 |OBC| Yadav

-Former defacto BDC (2016-2021)
- Pramukh Runner up (2011)
- Ex-Mukhiya (2001-2006)
- PACS President (1990-2000)
- Vyapar Mandal Chairman (1995-2000)
- Student Union President, Jain Ara College (1979-83)",,,,,,,,No,,,,
Bhojpur,Jagdishpur,Bihiya,Zila Upadhyaksh,Ashwini Kumar Choubey,,Late Gobardhan Choubey,919801878171,58.0,Male,General," Brahmin
","Ashwini Kumar Choubey | Male| 58 | GEN| Brahmin

- Ex-Vyapar Mandal Adhyaksh, Bhojpur (2017-22)
- PACS President (unopposed) (2009- till now)",,,,"Ashwini Kumar Choubey | Male| 58 | GEN| Brahmin

- Ex-Vyapar Mandal Adhyaksh, Bhojpur (2017-22)
- PACS President (unopposed) (2009- till now)",,,,,,,,No,,,,
Bhojpur,Ara,Sandesh,Zila Upadhyaksh,Upendar Rahi Choudhary,,Late Keshwar Choudhary,6299664133.0,46.0,Male,EBC,Mallah,"Upendar Rahi Choudhary | EBC | Mallah | 46 | EX Zila Parishad | 9155340359 

- Ex ZP 2011-16; 14,000 votes. 
  -LJP Prakhand adhiyaksha then LJP Zila Upadhiyaksh in 2008, 
-LJP Zila adhiyaksh in (2013-2018) (Youth Wing).
-Organize state level (cricket,volleyball and football) tournaments and matches.
- Own a big fish farm in Sandesh Block
",Call Connected,Yes,,"Upendar Rahi Choudhary | EBC | Mallah | 46 | EX Zila Parishad | 9155340359 

- Ex ZP 2011-16; 14,000 votes. 
  -LJP Prakhand adhiyaksha then LJP Zila Upadhiyaksh in 2008, 
-LJP Zila adhiyaksh in (2013-2018) (Youth Wing).
-Organize state level (cricket,volleyball and football) tournaments and matches.
- Own a big fish farm in Sandesh Block
",,,,,,,,Piro_11,,,,
Bhojpur,Ara Sadar,Sandesh,Zila Upadhyaksh,Munna Singh,,Late Ram Bhawan Singh,9471074326.0,62.0,Male,General,Rajput,"Munna Singh | Male | 62 | General | Rajput

Incumbent defacto Mukhiya 
Ex - Mukhiya 2011
30 Years of Political Legacy
- Renowed Zamindar of the area.",,,,"Munna Singh | Male | 62 | General| Rajput

Incumbent defacto Mukhiya 
Ex - Mukhiya 2011
30 Years of Political Legacy
- Renowed Zamindar of the area.",,,,,,,,No,,,,
Bhojpur,Ara Sadar,Udwantnagar,Zila Upadhyaksh,Rama Shankar Singh,,Late Shiv ji singh,918002672261,60.0,Male,General," Rajput
","Rama Shankar Singh | Male| 60 | GEN| Rajput

- Former Block Pramukh (2016 -21)
- Former Mukhiya (2006, 2011)
- Retd. Army Personnel",,,,"Rama Shankar Singh | Male| 60 | GEN| Rajput

- Former Block Pramukh (2016 -21)
- Former Mukhiya (2006, 2011)
- Retd. Army Personnel",,,,,,,,No,,,,
Bhojpur,Piro,Sahar,Zila Upadhyaksh,Nagendra Prasad Singh,,LateSachidanand Singh,9931708274.0,65.0,Male,General," Bhumihar
","Nagendra Prasad Singh | Male| 65| GEN| Bhumihar
-3 times Mukhiya (2001,2016,2021) from Ekvari Panchayat.
- Seat Got Reserved in 2006 and 2011
- His influence is over Sandesh, Tarari & Agiaon Assembly",,,,"Nagendra Prasad Singh | Male| 65| GEN| Bhumihar
-3 times Mukhiya (2001,2016,2021) from Ekvari Panchayat.
- Seat Got Reserved in 2006 and 2011
- His influence is over Sandesh, Tarari & Agiaon Assembly",,,,,,,,No,,,,
Bhojpur,Ara Sadar,Ara NN,Zila Upadhyaksh,Ashok Manav,,Late Balabh Prasad,918340767486,59.0,Male,General,Kayastha,"Ashok Manav | Male| 59 | GEN| Kayasth

- National Convener of All India Theatre Council (2024)
- General Secretary Ara Rangmanch (2024)
- Sangrakshak of Ara Football Association (2024)
-Involved in student politics (Maharaja College) 1978
- National awardee in theatre (awarded by Bhupen Hazarika)",,,,"Ashok Manav | Male| 59 | GEN| Kayasth

- National Convener of All India Theatre Council (2024)
- General Secretary Ara Rangmanch (2024)
- Sangrakshak of Ara Football Association (2024)
-Involved in student politics (Maharaja College) 1978
- National awardee in theatre (awarded by Bhupen Hazarika)",,,,,,,,No,,,,
Bhojpur,Ara Sadar,Udwantnagar,Zila Upadhyaksh,Binay Kumar Singh,,Jivnandan Singh,918210229425,43.0,Male,OBC," Yadav
","Binay Kumar Singh | Male| 43 | OBC| Yadav

- 2 term Sarpanch Sangh Zila Adhyaksh (2016-till now)
- 2 term incumbent Sarpanch (2016- till Now) 
- Owns a restaurant (Ara-Sasaram NH).",,,,"Binay Kumar Singh | Male| 43 | OBC| Yadav

- 2 term Sarpanch Sangh Zila Adhyaksh (2016-till now)
- 2 term incumbent Sarpanch (2016- till Now) 
- Owns a restaurant (Ara-Sasaram NH).",,,,,,,,No,,,,
Bhojpur,Jagdishpur,Shahpur,Zila Upadhyaksh,Ram Narayan Ram,,Late Ram Tapasya Ram,919122980008,50.0,Male,SC," Chamar
","Ram Narayan Ram | Male| 50| SC| Chamar

- Dalit Activist and Member of (Dalit Foundation)
 - Worked with National Human Rights Commission
 -Worked in DRDA as a Bhojpur surveyor (Govt policy implementation) ie, pds distribution and other Govt. policy. 
",,,,"Ram Narayan Ram | Male| 50| SC| Chamar

- Dalit Activist and Member of (Dalit Foundation)
 - Worked with National Human Rights Commission
 -Worked in DRDA as a Bhojpur surveyor (Govt policy implementation) ie, pds distribution and other Govt. policy. 
",,,,,,,,No,,,,
Bhojpur,Piro,Charpokhari,Zila Upadhyaksh,Sanjay Singh,,Kashinath Singh,6352132159.0,57.0,Male,OBC,Kurmi,"Sanjay Singh| Male| 57| OBC | Kurmi

-JDU Block President 2007-2024
-BJP Block Vice President 1993-2007
-BDC Runner up 2016",Call Connected,,,"Sanjay Singh| Male| 57| OBC| Kurmi

-JDU Prakhand President 2007-2024
-BJP Prakhand Vice President 1993-2007
-BDC Runner up 2016",,,,,,,,No,,,,
Bhojpur,Ara,Gadhani,Zila Upadhyaksh,Md Alauddin,,Md Alimuddin,8969456942.0,45.0,Male,Minority,Muslim,"Md Alauddin | Male | 45 | Minority | Muslim

- Former PACS 
- Former Ward 2006-2016",Call Connected,No,No,"Md Alauddin | Male | 45 | Minority| Muslim

- Former PACS 
- Former Ward 2006-2016",,,,,,BDC,,No,,,,
Bhojpur,Jagdishpur,Behea,Zila Upadhyaksh,Umesh Kumar Yadav,,Adaya Yadav,8252998402.0,46.0,Male,OBC,Yadav,"Umesh Kumar Yadav | Male | 46 | Yadav 

- RJD District Seceretary 2016 - 2020
- Former Sarpanch 2016",Call Connected,No,,,,,,,,mukhiya,,No,,,,
Bhojpur,Piro,Piro,Zila Upadhyaksh,Rajiv Singh,,Nalin Kumar,919308249030,45.0,Male,General," Rajput
 ","Rajiv Singh  | Male| 45| GEN| Rajput

 - 2 term Incumbent Mukhiya (2016 - till now)
 - Grandson of former MLA Piro Assembly constituency Indarmani Singh. (1962 -1967) 
- Owns Petrol Pump, Rice Mill and Brick Klin",,,,"Rajiv Singh  | Male| 45| GEN| Rajput

 - 2 term Incumbent Mukhiya (2016 - till now)
 - Grandson of former MLA Piro Assembly constituency Indarmani Singh. (1962 -1967) 
- Owns Petrol Pump, Rice Mill and Brick Klin",,,,,,,,No,,,,
Bhojpur,Ara Sadar,Koilwar,Zila Upadhyaksh,Upendra Narayan Singh,,Late Devi Dayal Singh,"919980534102""",50.0,Male,General," Rajput
","Upendra Narayan Singh | Male| 50 | GEN| Rajput

- 2 term defacto Ex-Block Pramukh(2006-2008)&(2009-2011). 
-His father was a freedom fighter.
-Owns a brick klin",,,,"Upendra Narayan Singh | Male| 50 | GEN| Rajput

- 2 term defacto Ex-Block Pramukh(2006-2008)&(2009-2011). 
-His father was a freedom fighter.
-Owns a brick klin",,,,,,,,No,,,,
Bhojpur,Ara Sadar,Ara,Zila Sachiv,Mukesh Kumar Prasad,,Mukesh Kumar Prasad,9934399950.0,48.0,Male,EBC," Kanu
","Mukesh Kumar Prasad  | Male| 48| EBC| Kanu

- 2 term Incumbent Mukhiya (2016-till now)
- District Mukhiya Sangh Vice-President (2022-till now)
- Food vendor in government schools, works with Akshay Patra",,,,"Mukesh Kumar Prasad  | Male| 48| EBC| Kanu

- 2 term Incumbent Mukhiya (2016-till now)
- District Mukhiya Sangh Vice-President (2022-till now)
- Food vendor in government schools, works with Akshay Patra",,,,,,,,No,,,,
Bhojpur,Ara Sadar,Koilwar,Zila Sachiv,Sachidanand Singh,,Late Ram Sigasan Singh,919576799316,54.0,Male,OBC," Yadav
","Sachidanand Singh  | Male| 54| OBC| Yadav

- 4 term Incumbent Sarpanch (2006-till now)
- Ex-Mukhiya (2001-2006). 
- B.A.M.S Doctor and runs a clinic.
-His father was a Subedar in the army. 
-His grandfather (Late Mahadev Singh) was a freedom fighter.",,,,"Sachidanand Singh  | Male| 54| OBC| Yadav

- 4 term Incumbent Sarpanch (2006-till now)
- Ex-Mukhiya (2001-2006). 
- B.A.M.S Doctor and runs a clinic.
-His father was a Subedar in the army. 
-His grandfather (Late Mahadev Singh) was a freedom fighter.",,,,,,,,No,,,,
Bhojpur,Jagdishpur,Shahpur,Zila Sachiv,Vinay Krishna Mishra,,Late Paramhans Mishra,919980534102,53.0,Male,General,"Bramhin
","Vinay Krishna Mishra|Male|53|Gen|Bramhin

-Own Company running in Banglore 
(Help Old Age People Through his Comapny)
-Rotary Club President 2007 In Banglore 
- IIT-IIM Graduate ",,,,"Vinay Krishna Mishra|Male|53|Gen|Bramhin

-Own Company running in Banglore 
(Help Old Age People Through his Comapny)
-Rotary Club President 2007 In Banglore 
- IIT-IIM Graduate ",,,,,,,,No,,,,
Bhojpur,Ara Sadar,Sandesh,Zila Sachiv,Om Singh,,Yamuna Singh,918340680060,45.0,Male,General," Rajput 
"," Om Singh | Male| 45| GEN| Rajput 

- Incumbent Mukhiya - Ex Member of Youth Congress
 Ex State AICC Member",,,,"Om Singh | Male| 45| GEN| Rajput - Incumbent Mukhiya - Ex Member of Youth Congress
- Ex State AICC Member",,,,,,,,No,,,,
Bhojpur,Ara Sadar,Arrah,Zila Sachiv,"Satish Kumar ""Munna""",,Late Yamraj Prasad,918809267364,52.0,Male,SC," Kahar
","Satish Kumar ""Munna"" | Male| 52 | SC | Kahar

- 3 Times ex Ward Parshad Arrah NN
- Pradesh Mahasachiv JDU ( Kala Sanskriti Prakoshth)
- Music Director and Vocal artist",,,,"Satish Kumar ""Munna"" | Male| 52 | SC | Kahar

- 3 Times ex Ward Parshad Arrah NN
- Pradesh Mahasachiv JDU ( Kala Sanskriti Prakoshth)
- Music Director and Vocal artist",,,,,,,,No,,,,
Bhojpur,Piro,Piro NP,Zila Sachiv,Farooque Khan,,Late Ainul Haqe,919472134215,46.0,Male,Minority," Muslim
","Farooque Khan | Male| 46 | Min| Muslim

- Runner-up Chairman, Piro NP (2022)
 - JDU Block President (2010-2015)
 - RJD Yuva Block President (2002-2008)
 -Founder of Piro vikas parishad
- He did a hunger strike to make a Piro subdivision Oct. - 1994)  and finally LaluYadav broke his strike (first inaugurated Piro subdivision in October 1994)
- Ex-Ward Parshad (2002-2007)
- Ex defacto Ward Parshad (2012-2017)",,,,"Farooque Khan | Male| 46 | Min| Muslim

- Runner-up Chairman, Piro NP (2022)
 - JDU Block President (2010-2015)
 - RJD Yuva Block President (2002-2008)
 -Founder of Piro vikas parishad
- He did a hunger strike to make a Piro subdivision Oct. - 1994)  and finally LaluYadav broke his strike (first inaugurated Piro subdivision in October 1994)
- Ex-Ward Parshad (2002-2007)
- Ex defacto Ward Parshad (2012-2017)",,,,,,,,No,,,,
Bhojpur,Ara Sadar,Arrah NN,Zila Sachiv,Dr. Brajnandan Sharma,,Late Ramchhapit Sharma,6203804972.0,60.0,Male,General," Bhumihar
","Dr. Brajnandan Sharma  | Male| 60| GEN| Bhumihar

- Veer Kunwar Singh University S.O (2018-till now)
- Lecturer at S.T.S.M College, Parmari (1995-09) and S.B College Ara (2009-18)
- Founding member of Ranveer Sena  ",,,,"Dr. Brajnandan Sharma  | Male| 60| GEN| Bhumihar

- Veer Kunwar Singh University S.O (2018-till now)
- Lecturer at S.T.S.M College, Parmari (1995-09) and S.B College Ara (2009-18)
- Founding member of Ranveer Sena  ",,,,,,,,No,,,,
Bhojpur,Ara Sadar,Barhara,Zila Sachiv,Dhananjay Prasad,,Badri Sah,7903362718.0,46.0,Male,EBC," Kanu
","Dhananjay Prasad  | Male| 46| EBC| Kanu

- Incumbent defacto Mukhiya (2023-till now) (by-elections)
- 2 term Ex-Mukhiya (2011-2021)
- Vaishya Samaj Pradesh Upadhyaksh (2018-2019)",,,,"Dhananjay Prasad  | Male| 46| EBC| Kanu

- Incumbent defacto Mukhiya (2023-till now) (by-elections)
- 2 term Ex-Mukhiya (2011-2021)
- Vaishya Samaj Pradesh Upadhyaksh (2018-2019)",,,,,,,,No,,,,
Bhojpur,Piro,Charpokhari,Zila Sachiv,Kamlesh Mishra,,Late Shreenath Mishra,8789593736.0,62.0,Male,General,Brahmin,"Kamlesh Mishra | Male | 65 | General | Brahmin 

-Former Mukhiya 2011-2011, Koyal Panchayat
- Former PACS 2009",Call Connected,,Interested,"Kamlesh Mishra | Male | 65 | General | Brahmin 

-Former Mukhiya 2011-2011, Koyal Panchayat
- Former PACS 2009",,,,,,,,Charpokhari_10,10.0,Yes,,
Bhojpur,Piro,Sahar,Zila Sachiv,Rajkumar Saw,,Late Nand Kishor Saw,9113437920/9973337047,44.0,Male,EBC," Kanu
","Rajkumar Saw | Male| 44| EBC| Kanu

- 3 term  Former Mukhiya (2006-2021)
- Mukhiya Runner-up (2021)
- Owns a Brick Klin",,,,"Rajkumar Saw | Male| 44| EBC| Kanu

- 3 term  Former Mukhiya (2006-2021)
- Mukhiya Runner-up (2021)
- Owns a Brick Klin",,,,,,,,No,,,,
Bhojpur,Piro,Charpokhari,Sangathan Zila Adhyaksh,Vishnu Shankar Panday,,Late Daya Shankar Surya,919835250562.0,52.0,Male,General," Bhumihar
","Vishnu Shankar Pandey | 52 | Male  | GEN | Bhumihar

- Ex-Block Sarpanch Sangh Adhyaksh (2011-16)
- Three terms Sarpanch From (2011 - Present).",,,,"Vishnu Shankar Pandey | 52 | Male  | GEN | Bhumihar

- Ex-Block Sarpanch Sangh Adhyaksh (2011-16)
- Three terms Sarpanch From (2011 - Present).",,,,,,,,No,,,,
Bhojpur,Piro,Piro,Sangathan Zila Mahasachiv,Santosh Ram,,Munni Raj Ram,918582002444.0,59.0,Male,SC,Chamar,"     Santosh Ram | 59 | Male  | SC | Chamar 
        
- Incumbent Mukhiya (2021-Persent)
-Ex Mukhiya runner up (2016)
- PDS dealer (1999-2017)
",,,,"     Santosh Ram | 59 | Male  | SC | Chamar 
        
- Incumbent Mukhiya (2021-Persent)
-Ex Mukhiya runner up (2016)
- PDS dealer (1999-2017)
",,,,,,,,No,,,,
Bhojpur,Piro,Piro,Sangathan Zila Abhiyan Samiti Sanyojak,Shiv Sagar Singh,,Late Kali Prasad Singh,919708875287.0,61.0,Male,OBC," Kushwaha           
","Shiv Sagar Singh | 61 | Male  | OBC | Kushwaha
           
-  District President of  Ward Sangh, Bhojpur  (2016- Present)
-Former District Secretary at Koiri Mahasangh
-Up Mukhiya (2016-Present)",,,,"Shiv Sagar Singh | 61 | Male  | OBC | Kushwaha
           
-  District President of  Ward Sangh, Bhojpur  (2016- Present)
-Former District Secretary at Koiri Mahasangh
-Up Mukhiya (2016-Present)",,,,,,,,No,,,,
Bhojpur,Piro,Tarari,Sangathan Zila Yuva Adhyaksh,Junaid Akhtar,,Md Hussain Ansari,9473153818.0,28.0,Male,Minority," Muslim
","Junaid Akhtar | 28 | Male | Minority | Muslim

- Ward Sangh Block President (2021-till now).
- Former Youth block president, JDU (2021-2022).
- Elected Ward Member (Unopposed) and Up Mukhiya",Call Connected,,Not Interested,"Junaid Akhtar | 28 | Male | Minority | Muslim

- Ward Sangh Block President (2021-till now).
- Former Youth block president, JDU (2021-2022).
- Elected Ward Member (Unopposed) and Up Mukhiya",,,,,,,,No,,,,
Bhojpur,Piro,Tarari,Sangathan Zila Mukhya Pravakta,Manoj Kumar Singh,,Late Rameshwar Singh,9430091039.0,50.0,Male,General,"Rajput
","Manoj Kumar Singh | 50 | Male | Gen | Rajput

-Dainik Jagran Reporter 2000- 2013
- Hindustan Newspaper Sub- Editor 2013-2023
- Rastriya Sahara Senior Reporter",,,,"Manoj Kumar Singh | 50 | Male | Gen | Rajput

-Dainik Jagran Reporter 2000- 2013
- Hindustan Newspaper Sub- Editor 2013-2023
- Rastriya Sahara Senior Reporter",,,,,,,,No,,,,
Bhojpur,Piro,Charpokhari,Sangathan Zila Upadhyaksh,Dr Sunil Chaudhary,,Lt Ramashan Prasad,9931416500.0,46.0,Male,EBC,Kahaar,"-2016 Mukhiya runnerup
-2011 BDC winner
-2021 Mukhiya Contestant",,,,"-2016 Mukhiya runnerup
-2011 BDC winner
-2021 Mukhiya Contestant",,,,,,,,No,,,,
Bhojpur,Piro,Piro,Sangathan Zila Upadhyaksh,Nirmala Devi,,Suresh Tiwari,917870617842.0,50.0,Female,Gen,Brahamin,"Nirmala Devi | Female| 50| GEN| Brahmin

- Incumbent BDC Amehta Panchayat.
- 3rd term BDC. (2001, 2016 & 2021)
-  RJD Shahabad mahila sangh adhyaksha (1995-2000)
- JDU piro block mahila Parbhari (2005-10)
- Bhor Siksha abhiyan piro block sanyojika (1995- present).",,,,"Nirmala Devi | Female| 50| GEN| Brahmin

- Incumbent BDC Amehta Panchayat.
- 3rd term BDC. (2001, 2016 & 2021)
-  RJD Shahabad mahila sangh adhyaksha (1995-2000)
- JDU piro block mahila Parbhari (2005-10)
- Bhor Siksha abhiyan piro block sanyojika (1995- present).",,,,,,,,No,,,,
Bhojpur,Piro,Tarari,Sangathan Zila Upadhyaksh,Vimal Kumar Rai,,Sri Jagarnath Rai,9801666982.0,43.0,Male,Gen,Bhumihar,"Vimal Kumar Rai | Male| 43| GEN| Bhumihar

- Prominent Businessman
- Belongs to prominant landlord family in Tarari
- His Father was Mukhiya (1978-2000)",,,,"Vimal Kumar Rai | Male| 43| GEN| Bhumihar

- Prominent Businessman
- Belongs to prominant landlord family in Tarari
- His Father was Mukhiya (1978-2000)",,,,,,,,No,,,,
Bhojpur,Piro,Charpokhari,Sangathan Zila Upadhyaksh,Arun kumar pathak,,Late Rajdev Pathak,9934314907.0,48.0,Male,Gen,Brahamin,"Arun kumar pathak | Male| 48| GEN| Brahmin

- Former Sarpanch (2006-2011)
- Social Activist.
- Former RJD prakhand Sadasya.
- Former BJP Prakhand Sadasya.
-  By profassion Pandit.",,,,"Arun kumar pathak | Male| 48| GEN| Brahmin

- Former Sarpanch (2006-2011)
- Social Activist.
- Former RJD prakhand Sadasya.
- Former BJP Prakhand Sadasya.
-  By profassion Pandit.",,,,,,,,No,,,,
Bhojpur,Piro,Tarari,Sangathan Zila Upadhyaksh,Nand ji singh Yadav,,Baikunth Yadav,7488547001.0,54.0,Male,Obc,Yadav,"Anand Singh Yadav | Male | 54 | OBC | Yadav

-RJD block president 1995-2013
-2001 Mukhiya Runnerup",Call Connected,Yes,,"Anand Singh Yadav | Male | 54 | OBC | Yadav

-RJD block president 1995-2013
-2001 Mukhiya Runnerup",,,,,,,,Tarari_14,,,,
Bhojpur,Piro,Piro NP,Sangathan Zila Upadhyaksh,Vijay Prasad,,Late Rameshwar Prasad,9576324149.0,54.0,Male,OBC,Roniyar,"Vijay Prasad | Male| 54| OBC| Roniyar

- Block President of Roniyar Samaj Sangh (2018-till now).
- Owns a garment showroom in Piro NP.",,,,"Vijay Prasad | Male| 54| OBC| Roniyar

- Block President of Roniyar Samaj Sangh (2018-till now).
- Owns a garment showroom in Piro NP.",,,,,,,,No,,,,
Bhojpur,Piro,Piro,Sangathan Zila Upadhyaksh,Arun Kumar Singh,,Late Nihaura Singh,919199467322.0,48.0,Male,OBC,Yadav,"Arun Kumar Singh | Male | 48|OBC | Yadav

- Incumbent PACS President (2009 - till now ) 
- Director of Piro Vyapar Mandal (2014- till now)
- Union Member & Block President of Bihar State Vegetable Processing & Marketing Scheme (2021- till now)
 - His Grandfather Late Dr. Krishan Dayal Singh (Prem Sahitya Bhusan Award- MBHI) was Chairman of the  District Education Board Shahabad (1938 - 1948) 
- He is a landlord and businessman (trucks and loaders) ",,,,"Arun Kumar Singh | Male | 48|OBC | Yadav

- Incumbent PACS President (2009 - till now ) 
- Director of Piro Vyapar Mandal (2014- till now)
- Union Member & Block President of Bihar State Vegetable Processing & Marketing Scheme (2021- till now)
 - His Grandfather Late Dr. Krishan Dayal Singh (Prem Sahitya Bhusan Award- MBHI) was Chairman of the  District Education Board Shahabad (1938 - 1948) 
- He is a landlord and businessman (trucks and loaders) ",,,,,,,,No,,,,
Bhojpur,Piro,Tarari,Sangathan Zila Upadhyaksh,Rajiv Singh,,Anjani Kumar Sharan Singh,917488561998.0,48.0,Male,Gen,Rajput,"Rajiv Singh | Male| 48| GEN| Rajput

- ZP Runner up (3200 vote)
- JDU Prakhand Adhyksha (2018-24).",,,,"Rajiv Singh | Male| 48| GEN| Rajput

- ZP Runner up (3200 vote)
- JDU Prakhand Adhyksha (2018-24).",,,,,,,,No,,,,
Bhojpur,Arrah Sadar,Sandesh,Sangathan Zila Adhyaksh,Satendra Mehta,,Awadh Bihari Mehta,7004795215.0,49.0,Male,OBC," Kushwaha
","Satendra Mehta | 49 | Male  | OBC | Kushwaha

- Defacto Ex Block Pramukh ( 2016-24)
-  4 term BDC (2006, 2011,2016, 2021 - Present)
- Businessman (brick factory and enagages in sand mining activity ",Call Connected,,Not Interested,"Satendra Mehta | Male | OBC | kushwaha 

- Defacto Ex Block Pramukh ( 2016-24)
-  4 term BDC (2006, 2011,2016, 2021 - Present)
- Businessman (brick factory and enagages in sand mining activity ",,,,,,Block Pramukh,,No,,,,
Bhojpur,Arrah Sadar,Arrah,Sangathan Zila Mahasachiv,Anil Kumar Ram,,Ram Lal Ram,7323920517.0,56.0,Male,SC," Ravidas
","Anil Kumar Ram | 56 | Male  | SC | Ravidas

- 2 term defacto BDC (2011-2016)
- Ex-ZP Runner-up (2016) (Lost by 32 votes)
- Dalit Sena Vice-President (2020-2022)",Call Connected,Yes,,"-Former ZP Runner-up 2016 (Lost by 32 votes)
-Dalit Sena Vice-President (2020-2022)
-2 term defacto BDC (2011-2016)",,,,,,,,Ara_25,,,,
Bhojpur,Arrah Sadar,Ara Gramin,Sangathan Zila Abhiyan Samiti Sanyojak,Chote Pandey,,Ram Saran Pandey,9162904421.0,45.0,Male,General,Brahmin,"Chote Pandey | 45 | Male  |General | Brahmin

- Incumbent Sarpanch Sangh Prakhand Sacheev for consecutive 2 terms 2016 till date 
- Up Mukhiya 2011-2016
-PACS  2009 -2014",Call Connected,Yes,Yes,"Chote Pandey | 45 | Male |General| Brahmin
- Incumbent Sarpanch Sangh Prakhand Sacheev for consecutive 2 terms 2016 till date - Up Mukhiya 2011-2016
-PACS 2009 -2014",,,,,,,,Ara_24,,,,
Bhojpur,Arrah Sadar,Agiaon,Sangathan Zila Upadhyaksh,Nandji Sah,,shivjanan shah,919973964464,58.0,Male,obc,Baniya," Nandji Sah | Male| 58| EBC| Teli
-Defacto ZP (2021-till now)
-Defacto ZP Runner up in 2016
-Government Teacher
- He teaches 250 students as a tuition teacher for free of cost in Ara and Agiaon",,,," Nandji Sah | Male| 58| EBC| Teli
-Defacto ZP (2021-till now)
-Defacto ZP Runner up in 2016
-Government Teacher
- He teaches 250 students as a tuition teacher for free of cost in Ara and Agiaon",,,,,,,,No,,,,
Bhojpur,Arrah Sadar,Gadhani,Sangathan Zila Upadhyaksh,Madhuri Devi,,Deepak Kumar Ojha,917717765955.0,50.0,Female,Gen,Brahamin,"Madhuri Devi | Female| 50 | GEN| Brahmin

-Incumbent Ward Parshad (2022 - till now)
- Former District Head of Jeevika, Bhojpur
- Mandal President of BJP Mahila Morcha (2010-2024)
-Former Zila Adhyaksh, Kesariya Hindu Vahini Mahila Morcha (2020-2023)

",,,,"Madhuri Devi | Female| 50 | GEN| Brahmin

-Incumbent Ward Parshad (2022 - till now)
- Former District Head of Jeevika, Bhojpur
- Mandal President of BJP Mahila Morcha (2010-2024)
-Former Zila Adhyaksh, Kesariya Hindu Vahini Mahila Morcha (2020-2023)

",,,,,,,,No,,,,
Bhojpur,Arrah Sadar,Arrah,Sangathan Zila Upadhyaksh,Dilip Thakur,,Mohan Thakur,919162419784.0,48.0,Male,EBC,Nai,"Dilip Thakur  | Male| 48| EBC| Nai

- 2 term Incumbent BDC (2016-till now)
-Rural Medical Practicioner
- Owns a transport bussiness (6 traveller)",,,,"Dilip Thakur  | Male| 48| EBC| Nai

- 2 term Incumbent BDC (2016-till now)
-Rural Medical Practicioner
- Owns a transport bussiness (6 traveller)",,,,,,,,No,,,,
Bhojpur,Arrah Sadar,Udwantnagar,Sangathan Zila Upadhyaksh,Satrughan Singh,,Late Jagarnath Sharan Singh,918210206419.0,49.0,Male,Gen,Rajput,"Satrughan Singh|Male | 49 | General | Rajput

- 4 term Incumbent BDC (2006-till now)
- Incumbent defacto Mukhiya (2021-till now)
- Owns a furniture showroom, Ara.",,,,"Satrughan Singh|Male | 49 | General | Rajput

- 4 term Incumbent BDC (2006-till now)
- Incumbent defacto Mukhiya (2021-till now)
- Owns a furniture showroom, Ara.",,,,,,,,No,,,,
Bhojpur,Arrah Sadar,Arrah,Sangathan Zila Upadhyaksh,Harendar Kumar Dubey,,Ram Naresh Dubey,919576367403.0,45.0,Male,Gen,Brahamin,"Harendar Kumar Dubey  | Male| 45| GEN| Brahmin

- 3 term Incumbent Defecto BDC (2011-2021)
- ZP Contestant (2016)",,,,"Harendar Kumar Dubey  | Male| 45| GEN| Brahmin

- 3 term Incumbent Defecto BDC (2011-2021)
- ZP Contestant (2016)",,,,,,,,No,,,,
Bhojpur,Arrah Sadar,Garahani,Sangathan Zila Upadhyaksh,Randhir Singh,,Rang Bahadur Singh," 9708416510
                   8340458193",48.0,Male,general,Rajput,"Rang Bahadur Singh | 48 | Male | General | Brahmin

-2021 mukhiya runner up
-Mukhiya winner (By1250 votes)
-Mukhiya sangh Adhyaksh",,,,"Rang Bahadur Singh | 48 | Male | General | Brahmin

-2021 mukhiya runner up
-Mukhiya winner (By1250 votes)
-Mukhiya sangh Adhyaksh",,,,,,,,No,,,,
Bhojpur,Arrah Sadar,Arrah,Sangathan Zila Upadhyaksh,Dhirendar Pandey,,Indra Dev Pandey,917004051194.0,46.0,Male,general,Brahmin,"Dhirendar Pandey | Male| 46| GEN| Brahmin

-MLA Contestant from Jagurk janta Party (2019), got 3200 vote
-Contested Mayor election from Arrah, got 3500 vote
-EX-District President Jagruti Janta Party
-Property Dealer ",,,,"Dhirendar Pandey | Male| 46| GEN| Brahmin

-MLA Contestant from Jagurk janta Party (2019), got 3200 vote
-Contested Mayor election from Arrah, got 3500 vote
-EX-District President Jagruti Janta Party
-Property Dealer ",,,,,,,,No,,,,
Bhojpur,Arrah Sadar,Koilwar,Sangathan Zila Sachiv,chandan kumar rajak,,Gobind Rajak,6200753811.0,45.0,Male,SC,Ravidas,"Chandan Kumar Rajak | 45 | Male | SC | Ravidas
- 2011 - Runner up Mukhiya 
- Congress Member 
- Congress Post karyalay prabhari",Call Connected,,No,"Chandan Kumar Rajak | 45 | Male | SC| Ravidas
- 2011 - Runner up Mukhiya 
- Congress Member 
- Congress Post karyalay prabhari",,,,,,,,No,,,,
Bhojpur,Jagdishpur,Sahpur,Sangathan Zila Adhyaksh,Tarkeshwar Tiwari,,Uma Shankar Tiwari,8292270799.0,52.0,Male,General,Brahmin,"Tarkeshwar Tiwari| 52 | Male  |General | Brahmin

-Former Mandal Adhyaksh BJP (2020-2023)
-Former Sarpanch (2016-2021)
-Former RSS Pracharak
",Call Connected,No,,"Tarkeshwar Tiwari| 52 | Male |General| Brahmin
-Former Mandal Adhyaksh BJP (2020-2023)
-Former Sarpanch (2016-2021)
-Former RSS Pracharak",,,,,,,,No,,,,
Bhojpur,Jagdishpur,Bihiya,Sangathan Zila Abhiyan Samiti Sanyojak,Kanhaiya Singh,,Shivmangal singh,918825372024.0,54.0,Male,General," Rajput
","Kanhaiya Singh | 54 | Male | GEN | Rajput

- Incumbent Block Pramukh (2021- Present), Bihiya Block
- Ex -Mukhiya (2006 and 2011)",,,,"Kanhaiya Singh | 54 | Male | GEN | Rajput

- Incumbent Block Pramukh (2021- Present), Bihiya Block
- Ex -Mukhiya (2006 and 2011)",,,,,,,,No,,,,
Bhojpur,Jagdishpur,Jagdishpur,Sangathan Zila Mahila Adhyaksh,Sanjhawati Devi,,Lal Bhushan Singh,919835150873.0,50.0,Female,EBC," Kumhar
","Sanjhawati Devi | 50 | Female  | EBC | Kumhar

- Incumbent Mukhiya (2021)
- All official work handling by herself only.
- Contesting against combination of Yadav & Kushwaha """,,,,"Sanjhawati Devi | 50 | Female  | EBC | Kumhar

- Incumbent Mukhiya (2021)
- All official work handling by herself only.
- Contesting against combination of Yadav & Kushwaha """,,,,,,,,No,,,,
Bhojpur,Jagdishpur,Shahpur,Sangathan Zila Kisan Adhyaksh,Mahesh Singh,,"Late, Manger Singh",917765858538.0,52.0,Male,General,"Rajput
","Mahesh Singh | 52 | Male | Gen | Rajput

- Ex BJP State Committee Member
- Ex President Kisan Sangharsh Morcha, Bhojpur
- Incumbent BDC 2021
- Mukhiya Runner-UP 2016
-His Father Was Renowed  Landlord and Kisan Leader",,,,"Mahesh Singh | 52 | Male | Gen | Rajput

- Ex BJP State Committee Member
- Ex President Kisan Sangharsh Morcha, Bhojpur
- Incumbent BDC 2021
- Mukhiya Runner-UP 2016
-His Father Was Renowed  Landlord and Kisan Leader",,,,,,,,No,,,,
Bhojpur,Jagdishpur,Bihiya,Sangathan Zila Mukhya Pravakta,Anjani Kumar Mishra,,"Late, Ramdev Mishra",919934971767.0,45.0,Male,General,"Bramhan 
","Anjani Kumar Mishra | 45 | Male | Gen | Brahmin
 
- BDC Runner-Up 2021 
- Mukhiya Runner-Up 2021 
- His Father was Mukhiya Since 1980 to 2000",,,,"Anjani Kumar Mishra | 45 | Male | Gen | Brahmin
 
- BDC Runner-Up 2021 
- Mukhiya Runner-Up 2021 
- His Father was Mukhiya Since 1980 to 2000",,,,,,,,No,,,,
Bhojpur,Jagdishpur,Shahpur,Sangathan Zila Upadhyaksh,Chanchal Ojha,,Ravindarnath ojha,8651812713.0,46.0,Male,Gen,Brahamin,"Chanchal Ojha | Male | 46 | GEN | Brahmin

- 2 Term PACS President (2014, 2021)
-Sachiv of Shahpur Vyapar Mandal (2023)

""",Call Connected,No,,"Chanchal Ojha | Male | 46 | GEN | Brahmin

- 2 Term PACS President (2014, 2021)
-Sachiv of Shahpur Vyapar Mandal (2023)

""",,,,,,,,No,,,,
Bhojpur,Jagdishpur,Jagdishpur,Sangathan Zila Upadhyaksh,Raju kumar Singh,,Late Barmehar Singh,9473226009.0,50.0,Male,General,Rajput,".- 1st Runner up Zilla parishad (2006) 2300 vote
-B.J.P Mahamantri (1990-1992)
-2 nd Runner up Mukhiya 956 vote (2011)
-Running Brick and coal business R.R enterprises ",,,,B.J.P  Prakhand Vice Prsdident,,,,,,,,No,,,,
Bhojpur,Jagdishpur,Jagdishpur,Sangathan Zila Upadhyaksh,Upendar Ram Aliyas Gohal,,Late Moti Lal Ram,7292989223.0,45.0,Male,SC,Paswan,"Upendra Ram | 45 | Male | SC | Ram

-Three term upmukhiya(2010-2025)",Call Connected,No,,"Upendra Ram | 45 | Male | SC | Ram

-Three term upmukhiya(2010-2025)",,,,,,,,No,,,,
Bhojpur,Jagdishpur,Behea,Sangathan Zila Upadhyaksh,Jitendra  Kumar Singh,,Rajendra Singh,9508170553.0,58.0,Male,Gen,Rajput,"Jitendra Kumar Singh | Male | 58 | General | Rajput

-Incumbent Mukhiya (2021)
-3 terms PACS President (2004-2019)
",,,,"Jitendra Kumar Singh | Male | 58 | General | Rajput

-Incumbent Mukhiya (2021)
-3 terms PACS President (2004-2019)
",,,,,,,,No,,,,
Bhojpur,Jagdishpur,Shahpur,Sangathan Zila Upadhyaksh,Mukteshwar Mishra,,Shiv narayan Mishra,8651266946.0,50.0,Male,Gen,Brahamin,"Mukteshwar Mishra | Male | 50 | General | Brahmin

-Former JDU Prakhand Adhyaksh (2012-2020)
",,,,"Mukteshwar Mishra | Male | 50 | General | Brahmin

-Former JDU Prakhand Adhyaksh (2012-2020)
",,,,,,,,No,,,,
Bhojpur,Jagdishpur,Sahpur,Sangathan Zila Upadhyaksh,Dharmedar Singh,,Abhay Singh,9334438883.0,43.0,Male,General,Rajput,"- BJP Mahamantri (2016-2025)
- BDC 1st Runner-up got 872 votes.",,,,"- BJP Mahamantri (2016-2025)
- BDC 1st Runner-up got 872 votes.",,,,,,,,No,,,,
Buxar,,,Zila Prabhari,Vinay Mishra,,,8825173391.0,,,,,,Call Connected,No,No,"-Zila parishad Runner up (2021- Recieved 4000 Vote)
- Rtd from CRPF 
",,,,,,,,Shahpur_1,,,,
Buxar,Dumraon,Dumraon NP,Zila Sanrakshak,Kamlesh Prasad,,Lt Shivnath Prasad,7765858914.0,66.0,Male,EBC," Turaha

","Kamlesh Prasad | Male | 66 | EBC | Turaha

- Two time Ex- Chairman of Dumraon. (2007 & 2012)
- Three time Ward Parshad. (2007, 2012 & 2017)
- Chairman runner up in direct election. (2023)
- Whole sale shop(Aadhat) of Fruit & Vegetable in Naya Bhojpur Mandi.
- Producing vegetables in 50 Bigha Land.",Call Connected,,Interested For Dumraon NP,,,,,,,,,,,,,
Buxar,Dumraon,Simri,Zila Sanrakshak,Dr Saroj Ojha,,Late Badri Nath Ojha,7355477206.0,61.0,Male,General," Brahmin

","Dr. Saroj Ojha | Male | 61 | General | Brahmin

- Former Mukhiya and Mukhiya Sangh Prakhand Adhyaksh( 2001 - 2006)
-Contested MLA From Brahampur Vidhaan Sabha in 2005 from BSP(2635 votes)
-BJP Member of District Working Committee (2010 - 2014)
- Promote education in Panchayat during his tenure",Not Received ,,,,,,,,,,,,,,,
Buxar,,Simri,Zila Sanrakshak,Kunwar Ramakant Rai,,Late Ramnarayan Rai,91993 02703,66.0,Male,,,,Call Connected,Not Interested,,,,,,,,,,,,,,
Buxar,,Dumraon,Zila Sanrakshak,Yugendra Yadav,,Bhavanath Singh,99340 94815,59.0,Male,OBC,Yadav,,Call Connected,Not Interested,,,,,,,,,,,,,,
Buxar,,Nawagarh,Zila Sanrakshak,Chandradeep Paswan,,Late. Bhikhari Paswan,8083156480.0,65.0,Male,SC,Dushadh,"Chandradeep Paswan|Male|50|SC| Dushadh 

- Former Mukhiya (1978-2000)
- Samajwadi Parti Jila Adhyaksh (1995-2000)
- Shakari Bank Member (2000-2005)
- Bhim Army Member (2020 to 2024)",Not Received ,,,,,,,,,,,,,,,
Buxar,Buxar,Buxar,Zila Adhyaksh,Diwakar Pathak,,Ramashankar Pathak,7903301216.0,50.0,Male,General,Bhumihar,"Diwakar Pathak | Male | 50 | General | Bhumihar

- Former 2 consecutive term PACS Adhyaksh (2009-2019).
- Awarded by the CM for The Best PACS president - 2012.
- Former Sarpanch & Sarpanch Sangh Zila Adhyaksh (2006-2011).
- LJP Zila Mahasachiv (2015-2016).  
- AAP Zila Adhyaksh (2013-2015).
- INC Zila Mahasachiv (2001-2005).
- Runs an NGO Named - SHAWKI SHOBHAK FOUNDATION - 2023. ",Busy,,,"Diwakar Pathak | Male | 50 | General | Bhumihar

- Former 2 consecutive term PACS Adhyaksh (2009-2019).
- Awarded by the CM for The Best PACS president - 2012.
- Former Sarpanch & Sarpanch Sangh Zila Adhyaksh (2006-2011).
- LJP Zila Mahasachiv (2015-2016).  
- AAP Zila Adhyaksh (2013-2015).
- INC Zila Mahasachiv (2001-2005).
- Runs an NGO Named - SHAWKI SHOBHAK FOUNDATION - 2023. ",,,,,,,,No,,,,
Buxar,Dumraon,Nawanagar,Zila Mahasachiv,Rekha Kushwaha,,Munna Singh,9304242032.0,50.0,Female,OBC,Kushwaha,"Rekha Kushwaha | Female | 50 | OBC |  Kushwaha  

- Two Consecutive term Mukhiya (2016 & 2021).
- Two Consecutive terms Block Mukhiya Sangh Adhyaksh (2016 & 2021). 
- Pradesh Mukhiya Sangh Upadhyaks (2016-Present).
-Her husband  has been Mukhiya From (2001-2006).
",Not Received ,,,"Rekha Devi | Female | 47 | OBC | Kushwaha | Incumbent Mukhiya

-Incumbent 2 Terms Mukhiya, 2016 to Till Date
-Former Defacto Mukhiya(2001 To 2006)
-",,,,,,,,No,,,,
Buxar,Buxar,Buxar,Zila Abhiyan Samiti Sanyojak,Surendra Paswan,,,9801131181.0,57.0,Male,General,Rajput,"- ZP Runner-up (2006 & 2011) 
- ⁠BDC Runner-up (2016)
- Janta Dal Block Yuva Adhyaksh (1989-1993)
- Samta party Dalit Sena Block Adhyaksh (1993-1996)
1996 left the party 
- LJP Varisth Zila Upadhyaksh (2001-2019)
- Dalit adhikar manch (2019)
 
",#REF!,Interested,,,,,,,,,,,,,,
Buxar,Buxar,Buxar Nagar  Parsad,Zila Kisan Adhyaksh,Md Farooque Khan,,Late Ibrahim Khan,9934412206.0,62.0,Male,Minority,Muslim,"Md Farooque Khan| Male| 62| Minority |Muslim

- Ex Two Terms Mukhiya 2011 & 2016
- Former Rjd Zila upadhyaksh-1999-2004
- Vidhansabha parbhari for former MLA Hirdyanand Yadav -
- Father was mukhiya for 22 years ( 1978-2000)
",Call Connected,,Interested,"Md Farooque Khan| Male| 62| Minority |Muslim

- Ex Two Terms Mukhiya 2011 & 2016
- Former Rjd Zila upadhyaksh-1999-2004
- Vidhansabha parbhari for former MLA Hirdyanand Yadav -
- Father was mukhiya for 22 years ( 1978-2000)
",,,,,,,,No,,,"he is thinking to fight Mayor elections, there panchayat has been marked into nagar nigam area now.",
Buxar,Buxar,Buxar Nagar  Parsad,Zila Mukhya Pravakta,Ajay Mishra,,Ramashankar Mishra,7004346094.0,44.0,Male,Genral,Brahmin,"Ajay Mishra l Male l 44 l Gen l Brahmin 

- Former District VP of AAP Party - 2012 to 2015
 - Founder Member of AAP in Delhi and In Buxar
- Active volunteer of Anna Movement at Jantar Mantar.
- President of Private School and Children Welfare Association, Buxar
- Career Counsellor, Life Coach
- Known as a Prominent writer and spokesperson
-  Active Right to information activist since 2009.
- Founder Member of Andolan: Ek kadam parivartan",Call Connected,Not Interested,,,,,,,,,,,,,,
Buxar,Buxar,Buxar Nagar  Parsad,Zila Karyalay Prabhari,Vijay Kumar Pathak,,Raj Narayan Pathak,7992313967.0,62.0,Male,Genral,Brahmin,"Vijay Kumar Pathak lMale l 62 lGeneral l Brahmin 

- Retd. Policeman 
- He has Served For about 39 Years 
- He was with EX-IPS Anand Mishra during the Lok Sabha Election",Call Connected,,Not Interested,"Vijay Kumar Pathak lMale l 62 lGeneral l Brahmin 

- Retd. Policeman 
- He has Served For about 39 Years 
- He was with EX-IPS Anand Mishra during the Lok Sabha Election",,,,,,,,No,,,,
Buxar,Dumraon,Chakki,Zila Upadhyaksh,Dharmendra Pandey,,Rajendra Pandey,9939871916.0,54.0,Male,General," Brahmin
 
","Dharmendra Pandey| Male| 54| Gen| Brahmin
 
- Former Zila Upadhayaksh of BJP (2016 - 24)
- Former Mandal President of BJP
- Former District GS of BJYM",Call Connected,Yes,Yes,"Dharmendra Pandey| Male| 54| Gen| Brahmin
 
- Former Zila Upadhayaksh of BJP (2016 - 24)
- Former Mandal President of BJP
- Former District GS of BJYM
- JSP Vidhan Sabha Prabhari",,,,,,"Either ZP or Mukhiya , Depends On Res.",Yes,Chakki_12,,,,
Buxar,Dumraon,Brahampur,Zila Upadhyaksh,Nagendra Singh,,Vyash Muni Singh,8873028712.0,50.0,,General," Rajput

","Nagendra Singh | Male | 50 | General | Rajput

- 2 terms BDC Member (2016 & 2021)
- 3 terms Defacto BDC (2001, 2006, 2011) ",Call Connected,Not Interested,,,,,,,,,,,,,,
Buxar,Dumraon,Simri,Zila Upadhyaksh,Prem Sagar Kunwar,,Late Sarvjit Kunwar,9973091171.0,52.0,Male,General," Bhumihar

","Prem Sagar Kunwar | Male | 52 | General | Bhumihar

- Incumbent Mukhiya 2001- Present
- Mukhiya Sangh Adhyaksh from Simri
- JDU District Mahasachiv - 2022 - Present
- Former Two Times JDU District VP - 2016 - 2022
- His father (Sarabjit Kunwar) was Mukhiya - 1952 to 2000
- Awardee Rashtriya Panchayat Puruskar and Yasaswi Mukhiya award in 2022",Call Connected,Interested,,,,,,,,,,,,,,
Buxar,Dumraon,Brahmpur,Zila Upadhyaksh,Sanjay Kumar Ojha,,Lt. Surya Dev Ojha,9939265918.0,55.0,Male,General,Brahmin,"Sanjay Kumar Ojha | Male | 55|  GEN | Brahmin 

-Four conescutive times Sarpanch 
-Incumbent Sarpanch Sangh Prakhand Adhyaksh 
",Not Received ,,,,,,,,,,,,,,,
Buxar,Buxar,Chausa,Zila Upadhyaksh,Arvind Prasad Gupta,,Yogender Prasad Gupta,9117900576.0,54.0,Male,EBC," Teli

","Arvind Prasad Gupta | Male | 54 | EBC | Teli

-Two term Mukhiya 2021 & 2016
-ZP runner 2011 lost by few votes
-Socially & Politically active at block Level.",Call Connected,Interested,,,,,,,,,,,,,,
Buxar,Dumraon,Dumraon,Zila Upadhyaksh,Munna Prasad,,Lallu Prashad,8787041583.0,48.0,Male,EBC," Tatva

","Munna Prasad | Male | 48 | EBC | Tatva

- Incumbent Zila Parishad 2021 and won with 8000 votes margin 
- ZP Runner-up 2016 and got 4000 votes
- Mukhiya Contestant and lost by 30 votes. 
- 2021: Secured 11493 votes, won by 8321 votes.",Not Received ,,,,,,,,,,,,,,,
Buxar,Dumraon,Kesath,Zila Upadhyaksh,Dhananjay Kumar Arya,,Late Siddhnath Arya,9102788811.0,50.0,Male,EBC," Kamkar

","Dhananjay Kumar Arya | Male | 50 | EBC | Kamkar

- Former Zila Parishad 2016
- Former Defacto BDC 2001 (His father)
- 2terms Mukhiya Runner-up
- BJP District Committee Member (2010-2021)",Call Connected,Interested,,,,,,,,,,,,,,
Buxar,Buxar,Itarhi,Zila Upadhyaksh,Vishwamitra Chaubey 'Munna Chaubey',,Lt. Bihari Chaubey,7979939052.0,56.0,Male,General," Brahmin

","Vishwamitra Chaubey| 56| Gen| Male| Brahmin

- Incumbent Mukhiya (2021)
- Mukhiya Sangh Ziladhyaksh (2021)
- Mukhiya Runner up ( 2016 lost by 52 votes)
- PACS Contested (2014 lost by  2 votes)",Call Connected,Interested,,,,,,,,,,,,,,
Buxar,Dumraon,Simri,Zila Upadhyaksh,Suresh Kumar,,Sudershan Ram Kumar,6200601791.0,52.0,Male,SC," Chamar

","Suresh Kumar | Male | 52 | SC | Chamar

- Former JDU Pradesh Mahasachiv 2021-2023
- Engineer in Africa for almost  20 years",Not Received ,,,"Suresh Kumar | Male | 50 | SC | Chamar | Mukhiya Contestant

-Former Mukhiya Contestant, 2021 , Got 650 Votes
-Businessman(Printing Press)
-Runs a Restaurant
-Jan Suraaj Zila Upadhyaksh",,,,,,,,No,,,,
Buxar,Dumraon,Dumraon Nagar Parishad,Zila Upadhyaksh,Kanaklata Singh,,Col. NN Singh,"7549590418
8292590184",66.0,Male,General," Rajput

","Kanak Lata Singh l Female | 66 | Gen | Rajput

-Secretary in the Lioness Club
-Led Army Welfare Schemes at Regimental Level
- Brief stint as Lecturer at Sumitra Mahila Mahavidyala 
-BA from BHU , Varanasi
-MA in History from Magadh University",Call Connected,Not Interested,,,,,,,,,,,,,,
Buxar,Buxar,Buxar,Zila Upadhyaksh,Ram Ekbal Singh,,Baidyanath Singh,8292127324.0,55.0,Male,OBC,Yadav,"Ram Ekbal Singh | Male| 55| OBC| Yadav

-former ward parshad (2012-17) ward no. 3
-former ward parshad (2007-12) ward no. 6
-his wife contested ward parshad election (secured 692 votes) (2022)
-politically very active 
-property dealer",Not Reachable,,,,,,,,,,,,,,,
Buxar,Buxar,Buxar,Zila Upadhyaksh,Ajay Rai,,Late Harinath Singh,7004155590.0,46.0,Male,Genral,Bhumihar,"  Ajay Rai | Male | 46 | General | Bhumihar

- Former BJP Zila Yuva Morcha Adhyakhs and Media Prabhari - (2010-2013)
-Former Two Times BJP Zila Pravakta - (2013-2019)
- Completed Mass Communication from Kashi Vidyapeeth university, Varanasi ",Not Received ,,,,,,,,,,,,,,,
Buxar,Buxar,Rajpur,Zila Upadhyaksh,Sunil Yadav,,Late. Sudama Singh,9973773621.0,52.0,Male,OBC,Yadav,"Sunil Yadav|Male|52|OBC|Yadav

-Former ZP  2016- 2011
-Mukhiya Runner Up in 2021",Call Connected,Not Interested,,,,,,,,,,,,,,
Buxar,Buxar,Chausa,Zila Upadhyaksh,Ramashish Singh Kushwaha,,Late Ram Wakil,8340636982.0,54.0,Male,OBC,Kushwaha,"Ramashish Kushwah |Male | 52 | OBC | Kushwaha

- Loktantrik Janta Dal Jila Adhyaksh (2018-2023)
- 2016 Defacto BDC Runner-up
- Ward Member (2001-2016)
- Contractor.",Call Connected,Not Interested,,,,,,,,,,,,,,
Bhojpur,Piro,Charpokhari,Sangathan Zila Kisan Adhyaksh,Shailesh Kumar,,Late Dinesh Rai,9955794829.0,39.0,Male,OBC," Yadav
","Shailesh Kumar | 39 | Male | OBC | Yadav

- Incumbent 2 Terms PACS chairman 
- Renowned Landlord ",Busy,,,,,,,,,,,No,,,,
Bhojpur,Jagdishpur,Behea,Sangathan Zila Sachiv,Sanjay Kumar Yadav,,Late Subedar yadav,9839841141.0,39.0,Male,OBC,Yadav,"Sanjay Kumar Yadav| Male|39|OBC|Yadav

- De-Facto UP-Mukhiya (Gaudar Rudranagar) 
- Incumbent Ward Member 
- BDC Runner-Up 2016
-Mukhiya Runner - up 2011""",,,,"Sanjay Kumar Yadav| Male|39|OBC|Yadav

- De-Facto UP-Mukhiya (Gaudar Rudranagar) 
- Incumbent Ward Member 
- BDC Runner-Up 2016
-Mukhiya Runner - up 2011""",,,,,,,,No,,,,
Buxar,Buxar,Itarhi,Zila Sachiv,Amit Kumar aka Bhim Ram,,Bawansuba Ram,7909002025.0,47.0,Male,SC,Chamar,"Amit Kumar aka Bhim Ram| 47| SC| Chamar

- Incumbent BDC
- BDC Runner-2016
- Former BP BSP (2019-2021)
- Defacto ward member (2011)
- Two times former Ward Member on general seat (2006,2001)
- Distributes blankets in every winter season (over 200 people)
- Associated with Operation OGAPE ( Does Social works)
- Close friend of Manoj Kumar Bhart (M.P Sasaram)
",Call Connected,Interested,,,,,,,,,,,,,,
Buxar,Dumraon,Brahampur,Zila Sachiv,Suryaman Singh,,Late Rajendra Singh,9771012630.0,45.0,Male,Gen,Rajput,"Suryaman Singh|Male|45|Gen|Rajput

-Up Pramukh Runner Up in 2021, lost by 1 vote
-Incumbent BDC 2021- Present
-Mukhiya Runner Up in 2016
-State level Football player
-Conduct yearly Football championship in Shahabad Region",Call Connected,Interested,,,,,,,,,,,,,,
Buxar,Dumraon,Dumraon,Zila Sachiv,Dhanbihari Paswan,,Late. Ramayan Paswan,8340442684.0,45.0,Male,SC,Dusadh,"Dhanbihari Paswan| Male| 45| SC| Dusadh

- Former Mukhiya (2011 )
- EX Zilaparishad (2016 )
- Strong hold in all community",Not Received ,,,"Dhanbihari Paswan| Male| 45| SC| Dusadh

- Former Mukhiya (2011 )
- EX Zilaparishad (2016 )
- Strong hold in all community",,,,,,,,No,,,,
Buxar,Dumraon,Simri,Zila Sachiv,Pintu Pradhan,,Vijay Shankar Pradhan,6206077289.0,46.0,Male,General," Brahmin

","Pintu Pradhan | Male | 46 | General | Brahmin

-  Former BJP Jila Sanyojak 2016-2019
- Panchayat Prabhari (Bye-Election) Tarari AC Jan suraaj
Dhansua & Ekwari 2024
- Left BJP & Joined Anand Mishra During General Election 2024
- Begusarai Lok sabha Prabhari sadasya-2019 Lok sabha Election
- Nawada Loksabha Prabhari Sadasya -2014
",Call Connected,Not Interested,,,,,,,,,,,,,,
Buxar,Buxar,Rajpur,Zila Sachiv,Manoj Kumar Kamkar,,Bhadeswar Kamkar,9135991570.0,46.0,Male,EBC," Kamkar

","Manoj Kumar Kamkar | Male | 46 | EBC | Kamkar

- Defacto Block Pramukh from Rajpur (2024-Present) 
- Defacto Two term BDC (2016 & 2021)
- Defacto Mukhiya Runner-up 2006",Call Connected,Not Interested,,,,,,,,,,,,,,
Buxar,Dumraon,Dumraon,Zila Sachiv,Binod Thakur,,Late Motilal Thakur,9546384100.0,46.0,Male,EBC," Nai

","Binod Thakur | Male | 46 |  EBC | Nai

-  Former ZP, Dumraon (2016)
- Mukhiya Runnerup (2011)
- President of Naya Bhojpur Cricket Association (2016- Present)
- Vyapaar Sangh Up-Sachiv of Naya Bhojpur Market (2018-2021)",Call Connected,Interested,,,,,,,,,,,,,,
Buxar,Buxar,Itarhi,Zila Sachiv,Bindeshwari Chaudhary,,Lt. Shivmunni Chaudhary,9576282987.0,53.0,Male,OBC,Kurmi,"Bindeshwari Chaudhary| Male| 53| EBC| Kurmi

- PACS President elction runner up
- Three term PACS President (2019, 2014, 2009) 
- Vast Farming Land
- Strongly admirer of Jansuraaj",Call Connected,Not Interested,,,,,,,,,,,,,,
Buxar,Buxar,Rajpur,Zila Sachiv,Md Tauqeer Ansari,,Md Islam Ansari,7370904054.0,47.0,Male," Minority

",Muslim,"Md Tauqeer Ansari | Male | 47 | Minority

-Ex VIP Minority Prakostha Zila adhyaksh (2022 -2024) 
-RJD Yuva ZilaMahasaciv 2011-2015
-Joined RJD (2001)",Call Connected,,,"Md Tauqeer Ansari | Male | 47 | Minority | Ex VIP Minority Prakostha Zila adhyaksh (2022 -2024) , RJD Yuva ZilaMahasaciv 2011-2015,",,,,,,Not Intrested,,No,,,,
Buxar,Buxar,Buxar,Sangathan Zila Adhyaksh,Sunil Keshari,,Late Basropan Keshari,8709172520.0,62.0,,OBC,Baniya,"Sunil Keshari| Male |62| OBC | Baniya

- Rtd. Teacher Middle School.
-Former BRP(Block Resource Person For Quality of Education) (2022-2024)
- His Father was District President of JMM Party.
-Father Was Director of Animal Husbandry in Buxar
-Primary Shiksha Sangathan 200 + Rtd Teacher
-Brother Is IRS in Pune.",Call Connected,,,"Sunil Keshari| Male |62| OBC | Baniya | Rtd. Teacher Middle School, Former BRP(Block Resource Person For Quality of Education) (2022-2024),  His Father was District President of JMM Party., Father Was Director of Animal Husbandry in Buxar, Primary Shiksha Sangathan 200 + Rtd Teacher, Brother Is IRS in Pune.",,,,,,Not Intrested,,No,,,,
Buxar,Buxar,Rajpur,Sangathan Zila Mahasachiv,Bhim Ram,,Sri Shivmuni Paswan,9631889810.0,44.0,,SC,Chamar,"Bhim Ram|Male|44|SC|Chamar
- JDU  Zila Mahasachiv of Mahadalit Prakosht (2017- 2024)
- Mukhiya Runner-up (on General seat lost  from 135 votes) - 2021
- PDS dealer in Tiyara market (2009 - present )
- Owns Two poultry farms 
-Strong Influence across the block within his community specially.",Call Connected,Interested,,,,,,,,,,,,,,
Buxar,Buxar,Ithari,Sangathan Zila Yuva Adhyaksh,Ajit Samrat,,Visheshwer Nath Gupta,7564965327.0,28.0,Male,OBC,Baniya,"Ajit Samrat| Male | 28| OBC| Roniyar

- Former  Jila Prabhari & State Commitee Member of Akhil Bhartiya Parivar Party
- Runs an organization named 'Yatha Sambhav Seva Sansthan', which does social work in the region. About 500 people are its members.
- Brothers in Railway & ISRO
- Father retired from Army",Call Connected,,Interested,"Ajit Samrat| Male | 28| OBC| Roniyar

- Former  Jila Prabhari & State Commitee Member of Akhil Bhartiya Parivar Party
- Runs an organization named 'Yatha Sambhav Seva Sansthan', which does social work in the region. About 500 people are its members.
- Brothers in Railway & ISRO
- Father retired from Army",,,,,,,,Itarhi_6,Ethathi bhag 1,Yes,,
Buxar,Buxar,Buxar NP,Sangathan Zila Mahila Adhyaksh,Reena Sharma,,Late Lallan Sharma,9771264620.0,45.0,Female,EBC," Lohar

","Reena Sharma | Female | 45 | EBC | Lohar

- She runs Jigyaasa Institute at Buxar 1000+ Students
- HRC (Human Right Council) District Mahila President 2021-2024",Call Connected,,Not Interested,"Reena Sharma | Female | 45 | EBC | Lohar

- She runs Jigyaasa Institute at Buxar 1000+ Students
- HRC (Human Right Council) District Mahila President 2021-2024",,,,,,,,No,,,nagar parishad ka election ladan chahati hAI,
Buxar,Buxar,Rajpur,Sangathan Zila Kisan Adhyaksh,Shambhunath Mishra,,Late Tripurari Mishra,7295936091.0,55.0,Male,General," Brahmin

","Shambhunath Mishra | Male | 55 | General | Brahmin

-  2 terms Incumbent Sarpanch (2016,2021)
- BJP District Kisan Prakosth Updhyaksh (2012-2016)",Call Connected,,Not Interested,"Shambhunath Mishra | Male | 55 | General | Brahmin

-  2 terms Incumbent Sarpanch (2016,2021)
- BJP District Kisan Prakosth Updhyaksh (2012-2016)",,,,,,,,No,,,,
Buxar,Buxar,Buxar,Sangathan Zila Mukhya Pravakta,Shriman Rai,,Late. Ramji Rai,9102331855.0,45.0,Male,General,Bhumihar,"Shriman Rai | Male | Gen |45|  Bhumihar 

-INC Zonal Coordinator (2019-2024).
 -Ex Prakhand Upadhyaksh Buxar Sadar INC in (2014-19).
- Active in social issues.",Call Connected,,,"Shriman Rai | Male | 45 |General|Bhumihar
-INC Zonal Coordinetor 2019-2024
Ex Prakhand Adhyaksh INC 2014-19 ",,,,,,Not Intrested,,No,,,,
Buxar,Buxar,Buxar NP,Sangathan Zila Karyalay Prabhari,Lakshman Prasad,,Viswanath Prasad,9931943539.0,50.0,Male,OBC," Kushwaha

","Lakshman Prasad | Male | 50 | OBC | Kushwaha

- He is Former Nagar Ward Parshad (Three times in a row) 
- District Coordinator of BSP 2001-2009.
- District VP of kushwaha Ekta manch",Call Connected,Not Interested,,,,,,,,,,,,,,
Buxar,Buxar,Buxar NP,Sangathan Zila Abhiyan Samiti Sanyojak,Shivnandan Thakur,,Birjraj Thakur,8969268398.0,47.0,Male,Gen,Bhumihar,"Shivnandan Thakur | Male |Gen| Bhumihar

2016 & 21- Mukhiya Runner up
- 2001- Mukhiya winner
- His father was mukhiya from 1887-2000",Switch Off,,,,,,,,,,,,,,,
Buxar,Dumraon,Chakki,Sangathan Zila Adhyaksh,Vijay Bahadur Singh,,Late- Shiv Prasad Singh,9631304857.0,62.0,,Gen,Rajput,"Vijay Bahadur Singh| Male| Gen | 62| Rajput

-Incumbnet Defacto Two terms Sarpanch (2016-2021 & 2021-Present)
- Retd From Police SI.
- As the Block President, he continued to work with great determination for the sangathan, even with the presence of a sitting MLA from the same block.",No Incoming ,,,,,,,,,,,,,,,
Buxar,Dumraon,Chaugain,Sangathan Zila Mahasachiv,Shambhu Nath Yadav,,Lt. LalMuni Yadav,7044792389.0,58.0,,OBC,Yadav,"Shambhu Nath Yadav | Male | 58 | OBC | Yadav

- CPI(M) District Committee Member (2004-2018)
- Ex Marine Radio Officer(1990-998).
- Zila Parishad Runner-up 2021.
- Mukhiya Runner-up (2001).",Call Connected,,Not Interested,"Shambhu Nath Yadav | Male | 58 | OBC | Yadav

- CPI(M) District Committee Member (2004-2018)
- Ex Marine Radio Officer(1990-998).
- Zila Parishad Runner-up 2021.
- Mukhiya Runner-up (2001).",,,,,,,,No,,,,
Buxar,Dumraon,Brahampur,Sangathan Zila Kisan Adhyaksh,Sushil Shrivastava,,Lt. Suresh Lal,7909060977.0,55.0,Male,General,Kayasth,"Sushil Srivastava|Male|55|General|Kayasth

-EX Block Pramukh (2016 to 2018)
-Three term BDC (2006- 11, 2011- 16, 2016- 21)
- Comes from Kayasth Community but got votes from all community.
-2021 election lost by only 49 votes",Call Connected,Interested,,,,,,,,,,,,,,
Buxar,Dumraon,Dumraon NP,Sangathan Zila Mukhya Pravakta,Md Nazir Khan,,Late Samshudeen Khan,9939476454.0,58.0,,Minority,Muslim,"Md Nazir Khan| Male|58|Minority| Muslim

- Ex- LJP State Wokring Committee Member.
(2015-2022).
- Former Zila Adhyaksh, LJP (Alpsankhayak Cell) (2010-2015).
",Call Connected,,Not Interested,"Md Nazir Khan| Male|58|Minority| Muslim

- Ex- LJP State Wokring Committee Member.
(2015-2022).
- Former Zila Adhyaksh, LJP (Alpsankhayak Cell) (2010-2015).
",,,,,,,,No,,No,Nagar Parishad Ka election ladenge,
Buxar,Dumraon,Kesath,Sangathan Zila Abhiyan Samiti Sanyojak,Arvind Gupta,,Late Lokhnath Prasad,6201904683.0,58.0,,OBC,Baniya,"Arvind Gupta | Male | 58 | OBC | Baniya

- Former Pramukh Sangh Zila Adhyaksh (2006-2011). 
- Three terms Block Pramukh (2001-2016).
- Four terms BDC (2001-2021).
- Ex JDU Pradesh Committee Member (2012 to 2021).
- Rashtriya Vaishaya Mahasabha President (2007-2012).
- Former INC District General Secretary (1998-2001).  
-Former INC Block President (1992-1998). 

 
",Call Connected,,,"       ""Arvind Gupta | Male | 58 | OBC| Baniya

- Former Pramukh Sangh Zila Adhyaksh (2006-2011). 
- Three terms Prakhand Pramukh (2001-2016).
- Four terms BDC (2001-2021).
- Ex JDU Pradesh Committee Member (2012 to 2021).
- Rashtriya Vaishaya Mahasabha President (2007-2012).
- Former INC District GeneralSecretary (1998-2001).  
-Former INC Prakhand President (1992-1998). 

 
""",,,,,,"Either ZP or Mukhiya , Depends On Res.",,No,,,,
Buxar,Dumraon,Dumraon,Sangathan Zila Karyalay Prabhari,Munna Yadav,,Late Ravindranath singh,9939209002.0,45.0,,OBC,Yadav,"Munna Yadav | Male | 42| OBC| Yadav

-Worked in Indian Reserve Police force for 20 years.
-His grandfather was Incharge of Shahabad region of CPIM In 1980s
-His uncle was two terms Mukhiya in 2006 & 2011
",Switch Off,,,,,,,,,,,,,,,
Buxar,Buxar,Buxar,Sangathan Zila Upadhyaksh,Birendra Rai,,Parmanand Rai,6206901839.0,50.0,Male,Gen,Bhumihar,"Birendra Rai | Male | 50 | Gen | Bhumihar 

- Former Two term Mukhiya( 2001 & 2016).
- Mukhiya Runner-up (2006 & 2011).
- Former District Secretary of LJP (2009)
-Socially & Politically active at Block Level.",Call Connected,Not Interested,,,,,,,,,,,,,,
Buxar,Buxar,Buxar,Sangathan Zila Upadhyaksh,Santosh Thakur,,Dilip Thakur,6200319942.0,50.0,Male,EBC,Nai,"Santosh Thakur | Male | 50 | EBC | Nai

- Ex-Mukhiya from (2016)
- JDU Prakhand Adhyaksh (2011-13)",Not Received ,,,,,,,,,,,,,,,
Buxar,Buxar,Itarhi,Sangathan Zila Upadhyaksh,Vijaynand Verma,,Dhanu Lal,9708025494.0,45.0,Male,EBC,Sonar,"Vijaynand Verma |45 | Male| EBC| Sonar
- ⁠Ex-Mukhiya (2016).
- ⁠Mukhiya runner up 2021
- ⁠Former BDC (2011).",Call Connected,Interested,,,,,,,,,,,,,,
Buxar,Buxar,Rajpur,Sangathan Zila Upadhyaksh,Ravindra Ram,,Mangroo Ram,7366950970.0,52.0,Male,SC,Chamaar,"Ravindra Ram | Male | 52 | SC | Chamar

-Two term Sarpanch   (2021 & 2016)
-Block Pramukh  Runner-Up (2011 )
- Former BDC 2011
- Mukhiya Runner up (2006)",Call Connected,Not Interested,,,,,,,,,,,,,,
Buxar,Buxar,Rajpur,Sangathan Zila Upadhyaksh,Ramesh Ram,,Lt. Ramdev Ram,9572831575.0,47.0,Male,SC,Chamaar,"Ramesh Ram | Male | 47 | SC | Chamar

-Incumbent Sarpanch 2021
-Ex Sarpanch 2016
- Former District Committee member of BSP
- Strong hold on SC & ST Community",Not Received ,,,,,,,,,,,,,,,
Buxar,Buxar,Buxar,Sangathan Zila Upadhyaksh,Nagendra Prajapati,,Sumeshwar Prajapati,9199020272.0,60.0,Male,EBC,Prajapati,"Nagendra Prajapati | Male | 60 | EBC | Prajapati

- Incumbent Mukhiya, lead by 1500 votes.
- Runner-Up Mukhiya (2016).
- Former BDC (2011).
- Ward Member (2006).
- Zila Kosha adhyksha of Prajapati Samaj. JDU Prakhand Adhyaksh. JDU vishusutri member.",Call Connected,,Interested,"Nagendra Prajapati | Male | 60 | EBC | Prajapati

- Incumbent Mukhiya, lead by 1500 votes.
- Runner-Up Mukhiya (2016).
- Former BDC (2011).
- Ward Member (2006).
- Zila Kosha adhyksha of Prajapati Samaj. JDU Prakhand Adhyaksh. JDU vishusutri member.",,,,,,,,Buxar_8,baxur pashchim,Yes,,
Buxar,Buxar,Buxar,Sangathan Zila Upadhyaksh,Karunanidhi Dubey,,Late. Mathura Prasad Dubey,8651075871.0,48.0,Male,Gen,Brahamin,"Karunanidhi Dubey | Male | 48 | General | Brahmin

- 3 term Former INC Block President 2009 to 2024. 
-Former BJP Prakhand Adhyaksh 2005 to 2008.  
- strong hold Gen,OBC & SC community.",Call Connected,Interested,"Mata G ka deanth hua hai,vicharvtha lekin abhisochege",,,,,,,,,,,,,
Buxar,Buxar,Chausa,Sangathan Zila Sachiv,Hareram Chauhan,,Late Halkhari Chaudhan,8757455250.0,58.0,Male,EBC,Noniya,"Hareram Chauhan | Male | 58 | EBC | Nonia

Noniya Sangh Jila adhyaksh 2015 to till
Mukhiya runner up 2010 
BDC won 2001 to till",Call Connected,Not Interested,,,,,,,,,,,,,,
Buxar,Buxar,Rajpur,Sangathan Zila Sachiv,Kamakhya Narayan Thakur,,Late Rampravesh Thakur,9693133199.0,55.0,Male,Gen,Bhumihar,"Kamakhya Narayan Thakur | Male| 55 | General| Bumihar

- RJD Vidhan Sabha Prabhari 1995- 2000
- RJD Jila Committee Member ",Call Connected,Not Interested,,,,,,,,,,,,,,
Buxar,Buxar,Buxar,Sangathan Zila Sachiv,Md. Ainual Khan,,Moinuddin Khan,"8409698967
9334384182",46.0,Male,Minority,Muslim,"ex-Block Adhiyaksh Samta party. 
Business of Building materials.",Not Received ,,,,,,,,,,,,,,,
Buxar,Dumraon,Nawanagar,Sangathan Zila Upadhyaksh,Mritunjay Kumar Dubey,,Late Ranjji Dubey,6200247354.0,45.0,Male,Gen,Brahmin,3 Term PACS Adhyaksh,Call Connected,Not Interested,,,,,,,,,,,,,,
Buxar,Dumraon,Chakki,Sangathan Zila Upadhyaksh,Harendra Pandey,,Late Ramashray Pandey,9304041941.0,45.0,Male,Gen,Brahmin,"
Chanda panchayat 
""-BDC Runner-up (lost by 80 votes)
Father was Respected Govt teacher. 
-Clothing Business in Bharihar Bazar",Not Received ,,,,,,,,,,,,,,,
Buxar,Dumraon,Simri,Sangathan Zila Upadhyaksh,Harendra Singh,,Bijli Singh,9939757242.0,54.0,Male,OBC,Koiri,"Manch Sanchalak,
Member of Lok jan sakti Party for 10 years
BDC-3rd Position in 2011
Sarpanch-2nd Position in 2016, Rannitikar Role  Play in 2021 for Panchayat  Chunav",Call Connected,Not Interested,,,,,,,,,,,,,,
Buxar,Dumraon,Simri,Sangathan Zila Upadhyaksh,Purnavasi Paswan,,Late Inderdev Paswan,7782999736.0,55.0,Male,SC,Dusadh,"Purnavasi Paswan |Male |55|SC|Dusadh 

-Two terms Mukhiya Runner up in 2016 & 2021 
-Social activist 
-Helped 50+ girls in marriage ",Call Connected,No,Yes,"Purnavasi Paswan |Male |55|SC|Dusadh 

-Two terms Mukhiya Runner-up in 2016 & 2021 
- former LJP DSC member
-Social activist 
-Helped 50+ girls in marriage ",,,,,,mukhiya,Yes,No,,,,
Buxar,Dumraon,Simri,Sangathan Zila Upadhyaksh,Manoj Upadhyay,,Triyogi Nath Upadhyay,"7979749596
9431120061",56.0,Male,Gen,Brahamin,"Manoj Upadhyay | Male | 56 | General | Brahmin

- Incumbent Mukhiya 
- Owns Coal Business In Jharkhand",Busy,,,,,,,,,,,,,,,
Buxar,Dumraon,Kesath,Sangathan Zila Upadhyaksh,Ramesh Prasad,,Mohan Prasad,8872697438.0,55.0,Male,EBC,Bari,"Ramesh Prasad | Male | 55 | OBC | Bari

- Owner Of Pankaj Tailor Shop (e.g  Like Manyavar)
- He Has several Branches Of His Shop In Different Cities Of India ( Haryana, punjab, Chandigarh,Balia & Buxar)
- He Is renowned Businessman of Buxar district",Call Connected,Interested,,,,,,,,,,,,,,
Buxar,Dumraon,Brahampur,Sangathan Zila Upadhyaksh,Neelkamal Ojha,,Kailash Ojha,8210377876.0,50.0,Male,Gen,Brahamin,"Neelkamal Ojha | Male | 50 | Gen | Brahmin

- Zila Adhykash Congress Legal Cell 2004 - 2007
- Advocate Criminal & Civil Lawyer 
- Former Sarpanch 2016
- Father was Former Mukhiya 1985-1995
- Own Bajaj Motor Agency in Brahmapur",Call Connected,Not Interested,,,,,,,,,,,,,,
Buxar,Dumraon,Dumraon,Sangathan Zila Upadhyaksh,Pravendra Kumar Singh,,Lt Jitendra Kumar Singh,8660458964.0,50.0,Male,Gen,Rajput,"Pravendra Kumar Singh | Male | 50 | General | Rajput

- Retd from Army as Junior Commission Adhikari in 2023
- Joined the army in 1997 and was a Training officer for 8 years in Banglore Camp
- he was a student leader in the Samta Party in 1994, 1997
- Purv Sainik Sangh Dumraon Media Prabhari for 6 months",Call Connected,No,,"Pravind Kumar Singh | Male | 48 |General| Rajput | Retired Army 

-Retired  Nayab Subedaar Indian Army-2023
-Former Samta Party Member(1994 to 1996)
",,,,,,,,No,,,,
Buxar,Dumraon,Dumraon,Sangathan Zila Sachiv,Chandrashekhar Singh,,Late. Jung Bahadur Singh,7903905807.0,47.0,Male,Gen,Rajput,"Chandrashekhar Singh| 47| Male| Gen| Rajput

-Ex two terms Mukhiya (2006-2016)
- Runner up mukhiya 2021
- Ex CPI-ML Block Kisan morcha Sachiv (2005-2022)  
",Not Received ,,,,,,,,,,,,,,,
Buxar,Dumraon,Simri,Sangathan Zila Sachiv,Kamlesh Bari,,Kanhaiya Prasad,9931836318.0,59.0,Male,EBC,Bari,"Kamlesh Bari|Male|59|EBC|Bari -Former Mukhiya 2006-2011 - Former Sarpanch 2011-16 -Sarpanch Runner-up 2016  with ""Manavar Ansari | 30| Muslim| 9122226616 - Zila Parishad Runner-up 2021 - Zila Parishad Runner-up 2016 - Prominent Businessman Of Dumraon Anumandal""",Call Connected,Interested,,,,,,,,,,,,,,
Buxar,Dumraon,Dumraon,Sangathan Zila Sachiv,Krishna Devi,,Lal Mohan Srivastav,82927 38330,60.0,Male,Genral,Kayasth,"Krishna Devi |Female|60|Gen|Kayasth

-Former JDU Mahila Prakhan Adhyksh (2009-15)
-Runner Up Ward Councilor, Secured 550 votes
- Former BSP member  (2005-2009)
-Daughter in law of freedom fighter of Late Jawaharlal Shrivastav.
- Runs a SHGs in 7 blocks of Dumraon Anumandal.",Call Connected,Not Interested,,,,,,,,,,,,,,
Kaimur,Mohania,Mohania,Zila Sanrakshak,Kameshwar Ram,No,Late Ramprateet Ram,7739650741.0,62.0,Male,SC," Chamaar

","Kameshwar Ram | 62 | Male | SC | Chammar
-3 times Incumbent Mukhiya from Baghini Panchayat( since 2011)
",Call Connected,Not Interested,,,,,,,,,,,,,,
Kaimur,Mohania,Mohania,Zila Sanrakshak,Param Hans Singh Kushwaha,No,Late Rameshwar Singh,9631540556.0,61.0,Male,OBC," Kushwaha
","Param Hans Singh Kushwaha | 61 | Male | OBC | Kushwaha
-Incumbent defacto Mukhiya of Bhitti Panchayat(2021-present)
-2 times former ward member(2011-16, 2016-21(defacto ward member))
-Runner-up in Mukhiya Election(2006)
-Former Block president of AAP(2019-21) 
",,,,"-Incumbent defacto Mukhiya of Bhitti Panchayat(2021-present)
-2 times former ward member(2011-16, 2016-21)",,,,,,,,No,,,,
Kaimur,Mohania,Mohania,Zila Sanrakshak,Rameshwar Singh,No,Late ShivNath Singh,9572267889.0,70.0,Male,General," Rajput 
","Rameshwar Singh | 70| Male| Gen| Rajput 
Zila Parishad Winner 2001
20-Sutriya Chairman ( 1994-2005)
Father Mukhiya for 20 Years( Undisputed) from Mujan Panchayat
Owns Rice Mill having 30 Acres of Land
Son VDO in Chapra for 12 Years ",,,,"Rameshwar Singh | 70| Male| Gen| Rajput 
Zila Parishad Winner 2001
20-Sutriya Chairman ( 1994-2005)
Father Mukhiya for 20 Years( Undisputed) from Mujan Panchayat
Owns Rice Mill having 30 Acres of Land
Son VDO in Chapra for 12 Years ",,,,,,,,No,,,,
Kaimur,Bhabhua,Bhabhua,Zila Sanrakshak,Braj Kishore Prasad,No,Late Ramanand Prasad,9128866437.0,71.0,Male,EBC," Chandravanshi
","Braj Kishore Prasad | 71 | Male | EBC | Chandravanshi
-Former De-facto Ward Parshad (2017-22) from ward number 2, wife Shakuntla Devi.
-Daughter in law Sangita was a ZP contestant.",,,,"Braj Kishore Prasad | 71 | Male | EBC | Chandravanshi
-Former De-facto Ward Parshad (2017-22) from ward number 2, wife Shakuntla Devi.
-Daughter in law Sangita was a ZP contestant.",,,,,,,,No,,,,
Kaimur,Bhabhua,Chainpur,Zila Sanrakshak,Sajid Parvej,Chainpur_14,Late Amiruddin Ansari,9199212737.0,62.0,Male,Minority," Muslim 
","Sajid Parvez | 62 |Male  | Minority | Muslim 
ZP Runner up in 2001
-ZP Contest in 2006
-Janta Dal Nagar Adhayaksh 1997-98
-His Brother Two Time Mukhiya of Chainpur Panchayt 2011 and 2016.
-His Father was also Mukhiya 1978-2000
-Education- MA History and LLB from Patna University.
",Call Connected,Interested,,,,,,,,,,,,,,
Kaimur,Mohania,Durgawati,Zila Adhyaksh,Anand Singh,No,Babban Singh,8789024702.0,46.0,Male,General,Rajput,"Anand Kumar Singh | 46 | Male | GEN | Rajput 

-  Former RJD Pradesh Mahasachiv (kisan wing) 2022 to 2024.
-  Former ZP from Durgawati( Bhag-1) 2011 to 2016. 
- ZP Runner-Up 2021 election,  lost by 90 votes Durgawati (part-2).
- RJD -  Zila Maha Sachiv.
- Lok Sabha parbhari Maharajganj 2024.
- Kaimur 2006- RJD Student Wing Adhyaksh. 
- Student Union President (ABVP)  P.G College,  Ghazipur.",Call Connected,,Not Interested,"Anand Kumar Singh | 46 | Male | GEN | Rajput 
-  Former RJD Pradesh Mahasachiv (kisan wing) 2022 to 2024.
-  Former ZP from Durgawati( Bhag-1) 2011 to 2016. 
- ZP Runner-Up 2021 election,  lost by 90 votes Durgawati (part-2).
- RJD -  Zila Maha Sachiv.
- Lok Sabha parbhari Maharajganj 2024.
- Kaimur 2006- RJD Student Wing Adhyaksh. 
- Student Union President (ABVP)  P.G College,  Ghazipur.",,,,,,,,No,,,,
Kaimur,Mohania,Ramgarh,Zila Mahasachiv,Ravindra Upadhyay,No,Ramsagar Upadhyay,9939481764.0,53.0,Male,General," Brahmin
","Ravindra Upadhyay | 53 | Male | Gen | Brahmin

-Former BSP State General Secretary From (2008-2017).
-Madan Mohan Malaviya Mission Bihar Unit Working President.
-Former JDU District Member  From (2018-2022).
-Former ABVP Member From (1991-2008).
-Owner of Rice Mill, Goverment Contractor. 
-He Has 40 Acres Land For Farming",Call Connected,,,"Ravindra Upadhyay | 53 | Male | Gen | Brahmin

-Former BSP State General Secretary From (2008-2017).
-Madan Mohan Malaviya Mission Bihar Unit Working President.
-Former JDU District Member  From (2018-2022).
-Former ABVP Member From (1991-2008).
-Owner of Rice Mill, Goverment Contractor. 
-He Has 40 Acres Land For Farming",,,,,,,,No,,,"Maun Vrat hai 
Will talk tomorrow",
Kaimur,Bhabhua,Chainpur,Zila Abhiyan Samiti Sanyojak,Ram Ekbal Prasad Bind,Chainpur_13,Late Ram Nrayan Bind,9608736787.0,52.0,Male,EBC," Bind
","Ram Ekbal Prasad Bind | Male | 52 | EBC | Bind

- Former Two time Mukhiya (2006 & 2011).
- ZP Runner up (2021).
- JDU Pradesh Mahasachiv of EBC wing (2022-2023).
-JDU Zila Adhyaksh of EBC (2011-2022).",Call Connected,Interested,,,,,,,,,,,,,,
Kaimur,Bhabhua,Chainpur,Zila Kisan Adhyaksh,Anil Kumar Singh,Chainpur_13,Late Avdhesh Singh,9931024211.0,59.0,Male,OBC," Kurmi
","Anil Kumar Singh | 59 | Male | OBC | Kurmi

- Previously Vyapar Mandal Adhyaksh from Chainpur (2011-2022).
- Two times Mukhiya from Sikaandarpur Panchayat (2001-2006, 2011-16).
- BJP Prakhand Adhyaksh (2006-12).
- BJP Panchyati Raj Prakosth Jila Adhyaksh (2003-06).
- Father was Mukhiya from 1962-1967.
- Grandfather Lt. Lalji SIngh was Sarpanch from 1952-57.",Call Connected,,Not Interested,"Anil Kumar Singh | 59 | Male | OBC | Kurmi

- Previously Vyapar Mandal Adhyaksh from Chainpur (2011-2022).
- Two times Mukhiya from Sikaandarpur Panchayat (2001-2006, 2011-16).
- BJP Prakhand Adhyaksh (2006-12).
- BJP Panchyati Raj Prakosth Jila Adhyaksh (2003-06).
- Father was Mukhiya from 1962-1967.
- Grandfather Lt. Lalji SIngh was Sarpanch from 1952-57.",,,,,,,,Chainpur_13,Chainpur_13,,He said he don't want to be Zila Adhyaksh ( As he was Changed during Announcement ),
Kaimur,Bhabhua,Chand,Zila Mukhya Pravakta,Dr. Sunil Kumar Pandey,No,Late Chandi Pandey,9431492518.0,52.0,Male,General," Brahmin
","Dr. Sunil Kumar Pandey | 52 | Male | Gen | Brahmin

-  Former RJD District Spokesperson 2005. 
 - NSUI Former State Vice President 2000 -2001.
- Principal of Dal Shringar Singh Degree College.
- Student Union President Sampurna Sanskrit University 1997.
- Owner of Gas Agency.",,,,"Dr. Sunil Kumar Pandey | 52 | Male | Gen | Brahmin

-  Former RJD District Spokesperson 2005. 
 - NSUI Former State Vice President 2000 -2001.
- Principal of Dal Shringar Singh Degree College.
- Student Union President Sampurna Sanskrit University 1997.
- Owner of Gas Agency.",,,,,,,,No,,,,
Kaimur,Bhabhua,Bhabhua,Zila Karyalay Prabhari,Ram Pyare Singh,Bhabua_12,Late Murahu Singh,7258892419.0,61.0,Male,OBC," Kurmi
","Ram Pyare Singh | 61 | Male | OBC | Kurmi

- Worked as Sachiv of Block at different Blocks in Kaimur including Ramgarh, Nuaon, Kudra, Mohania, Adhaura.
Was inclined with RJD as supporter",Call Connected,,Interested,"Ram Pyare Singh | 61 | Male | OBC | Kurmi

- Worked as Sachiv of Block at different Blocks in Kaimur including Ramgarh, Nuaon, Kudra, Mohania, Adhaura.
Was inclined with RJD as supporter",,,,,,,,Bhabua_12,Bhabua_12,,Want to contest but not Capable,
Kaimur,Bhabhua,Chainpur,Sangathan Zila Adhyaksh,Heera Singh Yadav,No,Late  Shyam Bihari Singh,9955409547.0,59.0,Male,OBC," Yadav
","Heera Singh Yadav | 59 | Male | OBC | Yadav

- Former RJD Pradesh Sachiv, 2021-2024.
- Former RJD Zila Sachiv, 1998-2005.
- BSP Pradesh Mahasachiv, 2014.
Student leader, Patna University, 1989.
Father was Mukhiya for 32 years (1978-2010), Brother is a Doctor in Sasaram.
",,,,"Hira Singh  | Male | 56 | OBC | Yadav | Mukhiya Contestant

-Former Mukhiya Contestant(2021)
-Former BSP Member(2015 to 2022)
-Former RJD Pradesh Sachiv(2009 to 2014)
-Former JDU Media Prabhari(2005 to 2009)
-Foremr BJP Member(1989 to 1992)
-Jan Suraaj Anumandal Adhyaksh",,,,,,,,No,,,,
Kaimur,Bhabhua,Bhabhua,Sangathan Zila Abhiyan Samiti Sanyojak,Dhananjay Ram,Bhabua_10,Late Laali Ram,9631364875.0,58.0,Male,SC," Chamar
","Dhananjay Ram | 65 | Male | SC | Ram
- Retired Labour Officer, 32 years of service at different places.",Call Connected,Yes,Yes,"Budhadev Ram  | Male | 59 | SC | Chamar | Incumbent Defacto Mukhiya

-Incumbent Defacto Mukhiya(2021 To Till Date)
-Former 2 Consecutive Terms Sarpanch(2006 To 2016)
-Former Mukhiya Contestant(2001 & 2016)
-Former Congress Member(2005 To 2024)
-Former BSP Member(2001 To 2005)
-",,,,,,"Either ZP or Mukhiya , Depends On Res.",Yes,Bhabua_10,,,,
Rohtas,Bikramganj,Karakat,Zila Upadhyaksh,Basant Kumar Singh,,Hiralal Singh,9661977243.0,39.0,,General,Rajput,"Basant Kumar Singh | Male | 39 | General | Rajput | 9661977243 | Mandal Adhayaksha BJP 

- Former Mandal Adhayaksha BJP 2019 - 2024
- Social Activist
- Businessman 
",,,,"Basant Kumar Singh | Male | 39 | General | Rajput | 9661977243 | Mandal Adhayaksha BJP 

- Former Mandal Adhayaksha BJP 2019 - 2024
- Social Activist
- Businessman 
",,,,,,,,No,,,,
Rohtas,Dehri,Akodhigola,Sangathan Zila Upadhyaksh,Md. Parwej Alam,,Jalaluddin Ansari,7974677835.0,39.0,,Male,Muslim,"Md. Parwej Alam | Male | 39 | Minority | Muslim

- Incumbent Mukhiya (2021)
- Runner up Mukhiya (2016, 2011)
- Strong hold in Muslim-Dalit politics
",,,,"Md. Parwej Alam | Male | 39 | Minority | Muslim

- Incumbent Mukhiya (2021)
- Runner up Mukhiya (2016, 2011)
- Strong hold in Muslim-Dalit politics
",,,,,,,,No,,,,
Kaimur,Mohania,Mohania,Sangathan Zila Adhyaksh,Harendra Kushwaha,No,Ram Kishun Singh,90314 70683,47.0,Male,OBC," Kushwaha
","Harendra Kushwaha | 47 | Male | OBC | Kushwaha

- RJD Yuva Pradesh Mahasachiv(Since 2018).
- RLSP Pradesh Mahasachiv(2015-17).
- RJD Yuva Zila Adhyaksh(2006-14). 
- BJP Yuva Adhyaksh Mohania Block(2001-04).",,,,"Harendra Kushwaha | 47 | Male | OBC | Kushwaha

- RJD Yuva Pradesh Mahasachiv(Since 2018).
- RLSP Pradesh Mahasachiv(2015-17).
- RJD Yuva Zila Adhyaksh(2006-14). 
- BJP Yuva Adhyaksh Mohania Block(2001-04).",,,,,,,,No,,,,
Kaimur,Mohania,Mohania,Sangathan Zila Mahasachiv,Haricharan Thakur,Mohania_7,Late. Kishori Thakur,8873943770.0,49.0,Male,EBC," Nai
","Haricharan Thakur | 49 | Male | EBC | Nai

-Contested ZP Election in 2016 from Chainpur and secured 2200 votes.
-BSP Chainpur Assembly Prabhari(2010-2016).
-BSP District Vice President (2016-2019).
-BSP District Koshadhyaksh (2019-2024).",Call Connected,Interested,,,,,,,,,,,,,,
Kaimur,Mohania,Durgawati,Sangathan Zila Abhiyan Samiti Sanyojak,Dudhanath Kushwaha,No,Bali Kushwaha,9507822139.0,70.0,,OBC,Kushwaha,,Call Connected,,Interested,,,,,,,,,No,,Yes,he will directly not fight the election but will give a dummy candidate in his place.,
Kaimur,Mohania,Mohania,Sangathan Zila Mahila Adhyaksh,Arti Kumari,Mohania_9,Rahul Kumar,9546783472.0,29.0,Female,SC," Chamar
","Arti Kumari | 29 | Female | SC | Chamar

- Former District President of AAP Women Wing 2020 - 2024.
- Director of T.O.P English School Mohania.",Call Connected,,Interested,"Arti Kumari | 29 | Female | SC | Chamar

- Former District President of AAP Women Wing 2020 - 2024.
- Director of T.O.P English School Mohania.",,,,,,,,Mohania_9,3.0,Yes,,
Kaimur,Mohania,Mohania,Sangathan Zila Karyalay Prabhari,Dharam Singh Kushwaha,No,Ram Vachan Singh,8757345589.0,45.0,,OBC,Kushwaha,"Dharam Singh Kushwaha | 45 | Male | OBC | Kushwaha 

-Former Panchayat Adhyaksh of BJP(2015-24).
-Active Member of BJP since 2005.
-Family Member of Sushil Kushwaha(Who contested assembly election from Ramgarh in 2024).",,,,"Dharam Singh Kushwaha | 45 | Male | OBC | Kushwaha 

-Former Panchayat Adhyaksh of BJP(2015-24).
-Active Member of BJP since 2005.
-Family Member of Sushil Kushwaha(Who contested assembly election from Ramgarh in 2024).",,,,,,,,No,,,,
Kaimur,Mohania,Mohania,Zila Upadhyaksh,Yogendra Kumar Singh(Rintu Singh),No,Dhamdesh Singh,9431844883.0,50.0,Male,General," Rajput
","Yogendra Kumar Singh | 50 | Male | Gen | Rajput
-3 times Former Mukhiya & defacto Mukhiya from Kathej Panchayat(2006-21)
-Former Zila Upadhyaksh of Mukhiya sangh(2011-16)
-Former Prakhand Adhyaksh of Mukhiya Sangh(2011-16)
-Former Representative of MLC Santosh Kumar Singh
-His Wife is GOV Teacher in Bihar
-Owner of 300 Bigha Land
-Graduated From Harishchandra College, Banaras.
-His uncle is an IAS in MP cadre.
- His Brother is MBBS Gov Doctor in Bhagalpur.",Busy,,,,,,,,,,,,,,,
Kaimur,Mohania,Ramgarh,Zila Upadhyaksh,"   
Rajan Harshvardhan",No,Late Shyam Narayan Tiwari,9955829868.0,54.0,Male,General," Brahmin
","Rajan Harshvardhan| Male| 54| Gen| Brahmin
- De-facto Block mukhiya Sangh President from (2021-Present).
-Three Terms Ex Mukhiya of Bandipur Panchayat from(2006-2011)
(2011-2016),(2016,2021)
 -District Congresss Committee member from (2015-2024).",Call Connected,,Not Interested,"Rajan Harshvardhan| Male| 54| Gen| Brahmin
- De-facto Block mukhiya Sangh President from (2021-Present).
-Three Terms Ex Mukhiya of Bandipur Panchayat from(2006-2011)
(2011-2016),(2016,2021)
 -District Congresss Committee member from (2015-2024).",,,,,,,,No,,,,
Kaimur,Bhabhua,Chainpur,Zila Upadhyaksh,Ekram Khan,No,Late Jamiluddin Khan,8235071150.0,45.0,Male,Minority," Muslim
","Ekram Khan | 45 | Male | Minority | Muslim
- JDU Zila Upadhyaksh 2010- 2020
-Mukhiya Contest in 2021, Got 1400 votes
- BDC of Udirampur Panchayat in 2011
-BDC Runner Up in 2016
- His Father was Active with Kansi Ram Ji",,,,"Ekram Khan | 45 | Male | Minority | Muslim
- JDU Zila Upadhyaksh 2010- 2020
-Mukhiya Contest in 2021, Got 1400 votes
- BDC of Udirampur Panchayat in 2011
-BDC Runner Up in 2016
- His Father was Active with Kansi Ram Ji",,,,,,,,No,,,,
Kaimur,Mohania,Mohania,Zila Upadhyaksh,Vijay Shankar Singh,Mohania_8,Late Magru Singh,9546513935.0,45.0,Male,OBC," Yadav
","Vijay Shankar Singh Yadav | 45 | Male | OBC | Yadav
Former two terms Mukhiya from 2006 - 2016
DM Awarded Best Mukhiya for contribution he did in MNREGA",Call Connected,Interested,,Yes,4 days,,,,,,,,,,,
Kaimur,Mohania,Kudra,Zila Upadhyaksh,Rajendra Kumar,No,Late Shiv Prasad Ram,9939201961.0,45.0,Male,SC," Chamar
","Rajendra Kumar | 45 | Male | SC | Chamar
-Ex MLA candidate(2005) from BSP from Mohania AC(Got 18000 votes).
- General Secretary of Manav adhikar Parishad of Kaimur District (July 2023)
- Ex Jila Sachiv & Prabhari of Mohania Vidhansabha of BSP (2005-2010)
His father was Jila Apoorti Adhhikari
His brother is Krishi Samanvayak prakhand Padadhikari
- Run Petrol Pump",Call Connected,Not Interested,,,,,,,,,,,,,,
Kaimur,Bhabhua,Chainpur,Zila Upadhyaksh,Akhtar Parwej,No,Late Amiruddin,9431837086.0,52.0,Male,Minority," Muslim
","Akhtar Parwej | 52 | Male | Min | Muslim
- Former Two terms Mukhiya (2011-2021)
He lost Mukhiya election in 2021
- His uncle also served as Mukhiya for 22 years from 1978 to 2000
- His 2 brothers and Nephew are Teacher",,,,"Akhtar Parwej | 52 | Male | Min | Muslim
- Former Two terms Mukhiya (2011-2021)
He lost Mukhiya election in 2021
- His uncle also served as Mukhiya for 22 years from 1978 to 2000
- His 2 brothers and Nephew are Teacher",,,,,,,,No,,,,
Kaimur,Bhabhua,Chainpur,Zila Upadhyaksh,Dadan Ram,No,Tukar Ram,6206571221.0,46.0,Male,SC," Chamar
","Dadan Ram | 46 | Male | SC | Chamar
Two terms Incumbent Mukhiya since 2016
Former BDC from 2011 - 2016
BSP District Genral Secretary  2010
LJP Labour cell District President 2005",,,,"Dadan Ram | 46 | Male | SC | Chamar
Two terms Incumbent Mukhiya since 2016
Former BDC from 2011 - 2016
BSP District Genral Secretary  2010
LJP Labour cell District President 2005",,,,,,,,No,,,,
Kaimur,Bhabhua,Chainpur,Zila Upadhyaksh,Kirpa Shankar Ray(Rajbhar),Chainpur_14,Late Raghunath Ray,8603183827.0,54.0,Male,EBC,Rajwar,"Kirpa Shankar Ray(Rajbhar) | 54 | Male | EBC | Rajbhar
ZP Runner up 2016 (3600 votes), -EBC Seat Reserved
ZP Runner up 2021 (3700 votes),
Mukhiya Runner UP (2006 &2011),
",,,,"Kirpa Shankar Ray(Rajbhar) | 54 | Male | EBC | Rajbhar
ZP Runner up 2016 (3600 votes), -EBC Seat Reserved
ZP Runner up 2021 (3700 votes),
Mukhiya Runner UP (2006 &2011),
",,,,,,,,Chainpur_14,,,,
Kaimur,Bhabhua,Bhabhua,Zila Upadhyaksh,Dr. Seema Patel,No,Shree Omkar Nath Patel,8210475584.0,55.0,Male,OBC," Kurmi
","Dr. Seema Patel | 55 | Female | OBC | Kurmi
History Professor at SVP College
- Intiated an Integrated Organic Agribusiness and Tourism start up.
 Preparing for Syndiacte Election at University level.",,,,"Dr. Seema Patel | 55 | Female | OBC | Kurmi
History Professor at SVP College
- Intiated an Integrated Organic Agribusiness and Tourism start up.
 Preparing for Syndiacte Election at University level.",,,,,,,,No,,,,
Kaimur,Mohania,Durgawati,Zila Sachiv,Imran Khan,Durgawati_1,Anwarul Khan,9654004786.0,26.0,,Minority,Muslim,"Imran Khan | 26 | Muslim | Male
- He contested for Zila Parishad in the last election and got 2380 votes.
-  Masters and MPhil in History from Delhi University.
- He had contested the student union election from NSUI",Call Connected,Yes,Yes,"        ""Imran Khan | Male |35 | Muslim |
-Secretary Youth Congress Delhi Pradesh
-State President INC Warriors, Bihar
-Zonal Head AMP (Association of Muslim Professionals)""   
- ZP runner-up 2021     ",,,,,,"Either ZP or Mukhiya , Depends On Res.",Yes,Durgawati_1,,,,
Kaimur,Bhabua,Bhagwanpur,Zila Sachiv,Shyam Sundar Ram,No,Shivdeni Ram,8084430231.0,50.0,,SC,Chamar,"Shyam Sundar Ram | 50 | Male | SC | Chamar
 Former De Facto Mukhiya 2006 - 2011
 Former De Facto BDC from 2016 - 2021",,,,"Shyam Sundar Ram | 50 | Male | SC | Chamar
 Former De Facto Mukhiya 2006 - 2011
 Former De Facto BDC from 2016 - 2021",,,,,,,,No,,,,
Kaimur,Bhabua,Bhabua NP,Zila Sachiv,Md. Alimuddin Khan,Ramgarh_3,Late Kamaluddin Khan,9708280787.0,64.0,,Minority,Muslim,"Md. Alimuddin Khan | 64 | Male | Minority | Muslim
- Member of Bhabhua Vyapar Mandal since 2012 (Unopposed), Nagar Upadhyaksh PDS Bhabhua; Runs 3 PDS Store.
- Incumbent De-facto Ward Councillor from Ward no. 15 as daughter Neha Khatun is the De-jure ward councillor; He himself was Ward Councillor from 2012 to 2017
- Ex-RJD Member 2006-2022; Minority Cell President 2006-2011.",Call Connected,Yes,Yes,"Md. Alimuddin Khan | 64 | Male | Minority | Muslim
- Member of Bhabhua Vyapar Mandal since 2012 (Unopposed), Nagar Upadhyaksh PDS Bhabhua; Runs 3 PDS Store.
- Incumbent De-facto Ward Councillor from Ward no. 15 as daughter Neha Khatun is the De-jure ward councillor; He himself was Ward Councillor from 2012 to 2017
- Ex-RJD Member 2006-2022; Minority Cell President 2006-2011.",,,,,,,,Ramgarh_3,,,,
Kaimur,Mohania,Nuaon,Zila Sachiv,Maksudan Yadav,No,Rajendra Yadav,6203622215.0,45.0,,OBC,Yadav,"Maksudan Yadav|45|Male|OBC|Yadav
-Two Terms Ex Mukhiya of Pajrao panchayat  (2006-2011),(2011-2016)
-Mukhiya Runner up (2021, 2016 lost by 150 and 100 votes respectively)",,,,"Maksudan Yadav|45|Male|OBC|Yadav
-Two Terms Ex Mukhiya of Pajrao panchayat  (2006-2011),(2011-2016)
-Mukhiya Runner up (2021, 2016 lost by 150 and 100 votes respectively)",,,,,,,,No,,,,
Kaimur,Bhabua,Bhabua,Zila Sachiv,Banarsi Sah,No,Lt Panda Sah,9199575500.0,45.0,,EBC,Teli,"Banarsi Shah | 45 | Male | EBC | Teli 
-De facto Incumbent sarpanch (his wife is Sarpanch) from Manihari panchayat (2021-till)
-Two term ex sarpanch from Manihari panchayat (2006-2011),(2011-2016)
 -Good hold over Baniya community and also runs a wholesale general store shop in Manihari market",,,,"Banarsi Shah | 45 | Male | EBC | Teli 
-De facto Incumbent sarpanch (his wife is Sarpanch) from Manihari panchayat (2021-till)
-Two term ex sarpanch from Manihari panchayat (2006-2011),(2011-2016)
 -Good hold over Baniya community and also runs a wholesale general store shop in Manihari market",,,,,,,,No,,,,
Kaimur,Mohania,Mohania,Zila Sachiv,Umesh Kumar Pandey,Mohania_8,Rampariksha Pandey,7372839423.0,50.0,Male,General," Brahmin
","Umesh Kumar Pandey | 50 | Male | GEN. | Brahmin
- Member of BJP district committee for 10 years(2011-22)
- Played an important role in establishing BJP district Committee in Kaimur 
- Comes from a very influential Brahmin family
- His grandfather was a Government teacher
- Former Sarpanch(2011-16)
- Government Contractor
",Call Connected,,Interested,"Umesh Kumar Pandey | 50 | Male | GEN. | Brahmin
- Member of BJP district committee for 10 years(2011-22)
- Played an important role in establishing BJP district Committee in Kaimur 
- Comes from a very influential Brahmin family
- His grandfather was a Government teacher
- Former Sarpanch(2011-16)
- Government Contractor
",,,,,,,,Mohania_8,Mohaniya 2,Yes,commiittee will be prepared with in a week.,
Kaimur,Mohania,Mohania,Zila Sachiv,Shashi Bhushan Singh,No,Late Virendra Singh,8709539587.0,47.0,Male,General," Rajput
","Shashi Bhushan Singh | 47 | Male | Gen | Rajput
-Former BDC(2001-06)
- Former Panchayat Adhyaksh of BJP (2003-16)
-Former Mandal Adhyaksh of BJP Kisan Morcha(2016-19)
-Former Mohania West Mandal Adhyaksh of BJP (2019-22)
-Former BJP District Committee Member(2022-24)
-60 Bigha Land
- Former ABVP Member(1998-2000)
-Graduated from Harishchandra PG College, Banaras",,,,"Shashi Bhushan Singh | 47 | Male | Gen | Rajput
-Former BDC(2001-06)
- Former Panchayat Adhyaksh of BJP (2003-16)
-Former Mandal Adhyaksh of BJP Kisan Morcha(2016-19)
-Former Mohania West Mandal Adhyaksh of BJP (2019-22)
-Former BJP District Committee Member(2022-24)
-60 Bigha Land
- Former ABVP Member(1998-2000)
-Graduated from Harishchandra PG College, Banaras",,,,,,,,No,,,,
Kaimur,Mohania,Ramgarh,Zila Sachiv,Krishna Pratap Singh,No,Late Dhanu Kumar Singh,9801133880.0,48.0,Male,General,"Rajput
","Krishna Pratap SIngh|48| Male| Gen|Rajput
-Former Student Union Vice President of BHU(1995-1996)
-Former Kaimur District coordinator of BJP (1995-2000)
-Owner of sanitary showrooms in Banaras,Class 1 Government Contractor.
-Owns a Multi-Speciality Medical College & Hospital of 350 beds which is under construction.",Switch Off,,,,,,,,,,,,,,,
Kaimur,Mohania,Durgawati,Zila Sachiv,Babar Khan,No,Zahir Khan,9955216540.0,55.0,Male,Minority," Muslim 
","Babar Khan|Male| 55| Muslim 
-Incumbent Sachiv of the Bihar Rajya Anganwadi Karamchari Union.
 - Contested  MLA on LJP ticket in 2005 Secured 9000 Votes
  - Zila Parishad contestant in 2011  
- He himself with other Anganwadi workers led a seven-day protest in Patna. -While Vidhan Sabha Gherao Babar Khan and many other protesters were detained.
 -His wife is an Anganwadi Worker. ",,,,"Incumbent Sachiv of the Bihar Rajya Anganwadi KaChamarchari Union.
 - Contested  MLA on LJP ticket in 2005 Secured 9000 Votes
  - Zila Parishad contestant in 2011  
- He himself with other Anganwadi workers led a seven-day protest in Patna. -While Vidhan Sabha Gherao Babar Khan and many other protesters were detained.
 -His wife is an Anganwadi Worker. """,,,,,,,,No,,,,
Kaimur,Mohania,Ramgarh,Zila Sachiv,Binobhanand Upadhyay,No,Late Ramasankar Upadhyay,7541955378.0,50.0,Male,General," Brahmin

","Binobhanand Upadhyay | 50| Male | GEN | Brahmin
Brahmin Sabha District Sayonjak
-Former Buxer MP Aswini Chaubey representative from (2014-2019).
-Rice mill owner & holds 65 acres of land for farming.",Not Received ,,,,,,,,,,,,,,,
Kaimur,Mohania,Mohania,Zila Sachiv,Pramaan Chaudhary,Mohania_7,Late Raj Kishore,8002446762.0,45.0,Male,SC," Pasi
","Pramaan Chaudhary | 45 | Male | SC | Pasi
-2 times former Mukhiya of Bhokhari Panchayat(2006-16)
-Former RJD Block Adhyaksh(2015)
-His father was ward member(2001-06)
-After 2016, Bhokri seat became reserved for EBC",Call Connected,Interested,,Yes,1 week,,,,,,,,,,,
Kaimur,Bhabhua,Chainpur,Zila Sachiv,Mahendra Pal,Chainpur_14,Ramnath Pal,8539059665.0,55.0,Male,OBC," Gaderi
","Mahendra Pal| 55 | Male | OBC | Gaderi
Contested ZP in 2011, Got 3000 votes.
Contested Mukhiya election in 2016
",,,,"Mahendra Pal| 55 | Male | OBC | Gaderi
Contested ZP in 2011, Got 3000 votes.
Contested Mukhiya election in 2016
",,,,,,,,Chainpur_14,,,,
Kaimur,Bhabua,Chainpur,Sangathan Zila Upadhyaksh,Ramanuj Chaubey,No,Jwala chaubey,9470025508.0,55.0,Male,Gen,Brahamin,"Ramanuj Chaubey | 55 | Male | GEN | Brahmin
-Incumbent Mukhiya of Isiya Panchayat.(2021-Present)
-In 2016 Runner Up Mukhiya Election.
-His father is one time Sarpanch of Panchayt.",,,,"Ramanuj Chaubey | 55 | Male | GEN | Brahmin
-Incumbent Mukhiya of Isiya Panchayat.(2021-Present)
-In 2016 Runner Up Mukhiya Election.
-His father is one time Sarpanch of Panchayt.",,,,,,,,No,,,,
Kaimur,Bhabua,Bhabhua,Sangathan Zila Upadhyaksh,Ram Sahay Prasad Gupta,No,Late Bhola Sah,"9431680532
6200116606",54.0,Male,EBC,Kanu,"Ram Sahay Prasad Gupta | 54 | Male | OBC |Kanu
- De-facto Incumbent mukhiya from Miriyan Panchayat as wife Kiran Kumari is the de-jure mukhiya
- Contested BDC & Ward election in 2011 & 2006 respectively
- Kanu (Haluwayi) samaj Bhabhua Block President.
- LIC Agent & Farmer
",,,,"Ram Sahay Prasad Gupta | 54 | Male | OBC |Kanu
- De-facto Incumbent mukhiya from Miriyan Panchayat as wife Kiran Kumari is the de-jure mukhiya
- Contested BDC & Ward election in 2011 & 2006 respectively
- Kanu (Haluwayi) samaj Bhabhua Block President.
- LIC Agent & Farmer
",,,,,,,,No,,,,
Kaimur,Bhabua,Bhagwanpur,Sangathan Zila Upadhyaksh,Ravindra Kumar,No,Late Dr. Raj Lallan Singh,9931299170.0,48.0,Male,Gen,Rajput,"Ravindra Kumar | 48 | Male | GEN. | Rajput
- Director of Raj Lallan Singh Public School in Bhagwanpur since 2016.  
- Owner of a coaching institute for medical and engineering preparation
 in Patna named ""INS,"" operating since 2000.  
- Owner of ""INS"" School in Anandpuri, Patna.  
- Served as AAP's Zila Pravakta in Patna until 2016.  
- Father, Late Raj Lallan Singh, contested as an independent candidate
 in the Vidhan Sabha elections three times (1985, 1990, 1995) 
and secured third position in all three elections.",,,,"Ravindra Kumar | 48 | Male | GEN. | Rajput
- Director of Raj Lallan Singh Public School in Bhagwanpur since 2016.  
- Owner of a coaching institute for medical and engineering preparation
 in Patna named ""INS,"" operating since 2000.  
- Owner of ""INS"" School in Anandpuri, Patna.  
- Served as AAP's Zila Pravakta in Patna until 2016.  
- Father, Late Raj Lallan Singh, contested as an independent candidate
 in the Vidhan Sabha elections three times (1985, 1990, 1995) 
and secured third position in all three elections.",,,,,,,,No,,,,
Kaimur,Bhabua,Bhagwanpur,Sangathan Zila Upadhyaksh,Nanhe Pratap Singh,No,Late Lakshmi Narayan Singh,8709319780.0,50.0,Male,Gen,Rajput,"Nanhe Pratap Singh | 50 | Male | GEN. | Rajput
- Serving as the Sarpanch Representative of 
Padhauti Panchayat.  
- Wife won the Sarpanch elections twice, in 2016 and 2021.  
- Youth Prakhand Adhyaksha of JDU in 2014.  
- Served as a 20 sutriy committee member.",,,,"Nanhe Pratap Singh | 50 | Male | GEN. | Rajput
- Serving as the Sarpanch Representative of 
Padhauti Panchayat.  
- Wife won the Sarpanch elections twice, in 2016 and 2021.  
- Youth Prakhand Adhyaksha of JDU in 2014.  
- Served as a 20 sutriy committee member.",,,,,,,,No,,,,
Kaimur,Bhabua,Bhagwanpur,Sangathan Zila Upadhyaksh,Virendra Paswan,No,Sitaram Paswan,8433821046.0,50.0,Male,SC,Dusadh,"BDC from 2011 to 2016 , Block Pramukh Runner up lost by 2 botes in 2011, BDC RU in 2006, BJP Mandal Secretary from 2010 to 2013",,,,"BDC from 2011 to 2016 , Block Pramukh Runner up lost by 2 botes in 2011, BDC RU in 2006, BJP Mandal Secretary from 2010 to 2013",,,,,,,,No,,,,
Kaimur,Bhabua,Chainpur,Sangathan Zila Upadhyaksh,Laxhman Singh,No,Ramkrit Singh,7254895778.0,50.0,,Gen,Rajput,"Incumbent Sarpanch since 2021
Former BJP Block Vice President 2010 to 2013",,,,"Incumbent Sarpanch since 2021
Former BJP Block Vice President 2010 to 2013",,,,,,,,No,,,,
Kaimur,Bhabua,Bhabua,Sangathan Zila Sachiv,Gulam Sarwar,No,Gulam Rasool Ansari,9060139418.0,43.0,,Minority,Minority,Incumbent Up Sarpanch from 2016. Former RJD Prakhand Upadhyaksh 2012 to 2015,,,,Incumbent Up Sarpanch from 2016. Former RJD Prakhand Upadhyaksh 2012 to 2015,,,,,,,,No,,,,
Kaimur,Bhabua,Chainpur,Sangathan Zila Sachiv,Sheikh Masihuddin,No,Sheikh Haqimuddin,9199915459.0,55.0,,Minority,Minority,"Sheikh Masihuddin|Male| 55| Muslim 
 -3 Times RJD Blcok Presdient from 1995 to 2005
- He was Student Union Leaders in BHU",,,,"Sheikh Masihuddin|Male| 55| Muslim 
 -3 Times RJD Blcok Presdient from 1995 to 2005
- He was Student Union Leaders in BHU",,,,,,,,No,,,,
Kaimur,Bhabua,Chainpur,Sangathan Zila Sachiv,Kamleshwar Singh,No,Shree Sita Ram Singh,6200747941.0,50.0,Male,Gen,Rajput,"Kamleshwar Singh | 50 | Male | GEN. | Rajput
BDC 2011-16 
Former District Secretary of BSP from 2011 to 2018
 Run a library in Chainpur Market
",,,,"Kamleshwar Singh | 50 | Male | GEN. | Rajput
BDC 2011-16 
Former District Secretary of BSP from 2011 to 2018
 Run a library in Chainpur Market
",,,,,,,,No,,,,
Kaimur,Bhabua,Chainpur,Sangathan Zila Sachiv,Hanuman Chaubey,No,Lt. Hari Shankar Chaubey,9576603207.0,45.0,Male,Gen,Rajput,"Hanuman Chaubey | 45 | Male | GEN | Brahmin
-He is 2 terms Ward Member of Sirbit Panchayat
- He is influencer Personality of Chainpur Block
- Respected across the Cast
- He is Niece of Lt. Lal Muni Chaubey ( MLA of Chainpur)",,,,"Hanuman Chaubey | 45 | Male | GEN | Brahmin
-He is 2 terms Ward Member of Sirbit Panchayat
- He is influencer Personality of Chainpur Block
- Respected across the Cast
- He is Niece of Lt. Lal Muni Chaubey ( MLA of Chainpur)",,,,,,,,No,,,,
Kaimur,Mohania,Mohania,Sangathan Zila Upadhyaksh,Sukhvilas Ram,No,Late Budhram,9006329613.0,58.0,Male,SC,Chamaar,"Sukhvilas Ram | 58 | Male | SC | Chamar 
-Incumbent de-facto Sarpanch Sangh Block Adhyaksh, Mohania (2021-present)
-Two  times Ex-ward member from Katra Kala Panchayat (2001-06,2006-11)
-Two times Sarpanch from Katra Kala Panchaya t(2016-21, 2021-present)",Call Connected,Interested,,,,,,,,,,,,,,
Kaimur,Mohania,Mohania,Sangathan Zila Upadhyaksh,Uday Nath Pandey,No,Late Srayu Nath Pandey,9934633352.0,60.0,Male,Gen,Brahamin,"Uday Nath Pandey | 60 | Male | GEN. | Brahmin
-2-times Former Mukhiya of Akorhimela Panchayat(2009-11, 2011-16)-Seat is reserved after 2016
-Runner-up of Mukhiya Election in 2001
-Involved in PACs election-2024
-Social Activist",,,,"
-2-times Former Mukhiya of Akorhimela Panchayat(2009-11, 2011-16)
",,,,,,,,No,,,,
Kaimur,Mohania,Nuaon,Sangathan Zila Upadhyaksh,Nasihuddin Ansari,No,Late Mobin Ansari,9771007313.0,55.0,Male,Minority,Muslim,"Nasihuddin Ansari| 55| Male| Muslim
-One Term Former Mukhiya of Nuaon Panchayat from (2006-2011),.
-His Wife Rashida Khatoon Contested The Mukhiya Election 
of Nuaon Panchayat from 2016 & 2021 But She Lost in 
Last Election & Got 240 Votes.
- He has a Good Hold in Pasmanda Muslim in his Panchayat.",,,,"
-One Term Former Mukhiya of Nuaon Panchayat from (2006-2011),.
-His Wife Rashida Khatoon Contested The Mukhiya Election 
of Nuaon Panchayat from 2016 & 2021 But She Lost in 
Last Election & Got 240 Votes.
- He has a Good Hold in Pasmanda Muslimin his Panchayat.""",,,,,,,,No,,,,
Kaimur,Mohania,Durgawati,Sangathan Zila Upadhyaksh,Amrendra Kumar,No,Late Ram Pati Prasad,9576749729.0,46.0,,SC,Chamar,"Amrendra Kumar| Male | 46 | SC | Chamar

-Former District President BJP SC/ST IT cell- (2023-24)
-Former Active Member of RJD (2021-2023)
-Block President of Antarrastriya Manavadhikar Association (2016- Till now)
-Contested for BDC election in 2021 (Runner-up, Got 453 Votes)
-His Father was PI 
-His wife was CLF President in Jeevika (2018-2023)",Call Connected,,Not Interested,"Amrendra Kumar| Male | 46 | SC | Chamar

-Former District President BJP SC/ST IT cell- (2023-24)
-Former Active Member of RJD (2021-2023)
-Block President of Antarrastriya Manavadhikar Association (2016- Till now)
-Contested for BDC election in 2021 (Runner-up, Got 453 Votes)
-His Father was PI 
-His wife was CLF President in Jeevika (2018-2023)",,,,,,,,No,,,He will contest BDC,
Kaimur,Mohania,Mohania,Sangathan Zila Upadhyaksh,Anand Kumar Chaudhary,No,Surya Dev Chaudhary,7061958129.0,48.0,,SC,Pasi,"Anand Kumar Chaudhary | Male | 48 | SC | Pasi

District President of Veerangana Uda Devi Shakti Sangthan(2021-Present)- 
Former Defacto BDC from Dadar Panchayat 
His wife is a Government Teacher
Was associated with Congress
",,,,"District President of Veerangana Uda Devi Shakti Sangthan(2021-Present)- 
Former Defacto BDC from Dadar Panchayat",,,,,,,,No,,,,
Kaimur,Mohania,Bhabhua,Sangathan Zila Sachiv,Jitendra Prasad,No,Late Sukar Ram,9006143441.0,60.0,,SC,Chamar,"Jitendra Prasad| 60 | Male | SC | Chamar 

- Contested De-facto Zila Parishd election in 2015 (Bhag - 9); Runner up by 168 votes.
- Member of CPI-ML Karmachari wing since last 10 years
- Zila Adyaksh of Prathmik Siksha Sangh (GopGuth) - (2018 - till now)
- Experience of 36+ years in teaching profession (headmaster at Kunj)",Call Connected,,Interested,"Jitendra Prasad| 60 | Male | SC | Chamar 

- Contested De-facto Zila Parishd election in 2015 (Bhag - 9); Runner up by 168 votes.
- Member of CPI-ML Karmachari wing since last 10 years
- Zila Adyaksh of Prathmik Siksha Sangh (GopGuth) - (2018 - till now)
- Experience of 36+ years in teaching profession (headmaster at Kunj)",,,,,,,,No,,Yes,,
Kaimur,Mohania,Durgawati,Sangathan Zila Sachiv,Rajesh Kumar,No,Suresh Ram,8409864639.0,48.0,,SC,Chamar,"Rajesh Ram| Male| 48| SC| Chamar 

BSP Pradesh Mahasachiv (2009-2019)
Have previously worked with Bharat Bind 
Had been dedicatedly involved in the Ramgarh by-election for Jan Suraaj
Had been very vocal regarding farmers issues at the Block and Anumandal level",,,,"Rajesh Ram| Male| 48| SC| Chamar 

BSP Pradesh Mahasachiv (2009-2019)
Have previously worked with Bharat Bind 
Had been dedicatedly involved in the Ramgarh by-election for Jan Suraaj
Had been very vocal regarding farmers issues at the Block and Anumandal level",,,,,,,,No,,,,
Kaimur,Mohania,Durgawati,Sangathan Zila Sachiv,Kavita Devi,No,Bhola Paswan,7482036588.0,26.0,Female,SC,Dusadh,"Kavita Devi | 26 | Female | SC | Dusadh
 Incumbent BDC of Dharhar Panchayat 
-RJD Block Adhyaksh ( Mahila Parkosht) -
- Jeevika (Community Mobilizer ) ",,,,"Kavita Devi | 26 | Female | SC | Dusadh
 Incumbent BDC of Dharhar Panchayat 
-RJD Block Adhyaksh ( Mahila Parkosht) -
- Jeevika (Community Mobilizer ) ",,,,,,,,No,,,,
Kaimur,Mohania,Mohania,Sangathan Zila Sachiv,Shrikant Chaubey,No,Late. Rajgrahi Chaubey,7324841722.0,44.0,Male,Gen,Chaubey,"Shrikant Chaubey | 44 | Male | GEN. | Chaubey
-Active in Block Level Politics
-working for BJP for 10 years
-Good Moblizer",,,,-Former Mandal Adhyksh Of BJP(2019-22),,,,,,,,No,,,,
Bhojpur,Ara Sadar,Arrah,Zila Sachiv,Govind Singh,,R K Singh,9939876377.0,38.0,Male,General," Rajput
","Govind Singh | Male | 38 | General | Rajput

- Director of Ara Sahyog Nidhi Ltd (Women SHG) & Spardha Society Welfare Society (organises sports across Bihar)
- Worked at Larsen & Toubro (L&T), (2021-2023)
- Served as Zonal Manager at Jana Small Finance Bank (covered 3 states - Bihar, Jharkhand, Orissa), (2016-2021)
- His grandfather Lt. RD Singh (Bengal Engineering Group) participated in WWII, his father RK Singh served at Central Military Police and both his brothers are Defense Personnels",Not Received ,,,"Govind Jee Singh | Male | 36 | General | Rajput | AAP Zonal Incharge

Former AAP Zonal(sahabad)  Incharge
-Private JOB (Banker)
-Running NGO (Sahyog)",,,,,,,,No,,,,
Bhojpur,Piro,Charpokhari,Sangathan Zila Mahila Adhyaksh,Sweety Mishra,,Shri Ajesh Mishra,903693959.0,38.0,Male,General,Brahmin,"Sweety Mishra | 38 | Female  | General | Brahmin

- Incumbent PACS member 
-Former seceratory of student union in 2005 at Jag Jivan College Ara
-Her sister in law was  former ward sadasya from Nagri panchayat",Invalid No.,,,"Sweety Mishra | 38 | Female  | General | Brahmin

- Incumbent PACS member 
-Former seceratory of student union in 2005 at Jag Jivan College Ara
-Her sister in law was  former ward sadasya from Nagri panchayat",,,,,,,,No,,,,
Bhojpur,Arrah Sadar,Koilwar,Sangathan Zila Upadhyaksh,Kaushlendra Kumar Singh,,Radha Mohan Singh,919939405995.0,38.0,Male,Gen,Rajput,"Kaushlendra Kumar Singh | Male| 38| GEN| Rajpu
t
-Co-founder of Farmer for forest(NGO)
-Ex Project Manager (J-PAL)
-HR asst manager (Rural SHores Business pvt ltd)",,,,"Kaushlendra Kumar Singh | Male| 38| GEN| Rajpu
t
-Co-founder of Farmer for forest(NGO)
-Ex Project Manager (J-PAL)
-HR asst manager (Rural SHores Business pvt ltd)",,,,,,,,Koilwar_29,,,,
Buxar,Dumraon,Simri,Zila Mahila Adhyaksh,Anshu Kumari,,Rohit Kumar Shrivastav,"7488985414
9199894986",38.0,Female,General,Kayastha,"Anshu Kumari | Female | 38 | General | Kayasth

- Incumbent two terms BDC (2016-2021 & 2021-present) 
- Mukhiya Runner- up ( lost by 17 Votes) - 2011
- Former Member of RJD Block working Committee - 2018 - 2021
- Vocal and active Woman
-Defacto  Mukhiya and Sarpanch of Majhwari Panchayat (2021)",#REF!,Not Interested,,,,,,,,,,,,,,
Buxar,Buxar,Itarhi,Zila Sachiv,Chandesh Kumar Singh @ Guddu Singh,,Bhrigunath Singh,8507163339.0,38.0,Male,General,Rajput,"Chandesh Kumar Singh @ Guddu Singh| Male|38|General| Rajput

- Incumbent mukhiya (2021-Present)
- Owns petrol pump in Brahmpur
- Contractor in Ballia Uttarpradesh",Call Connected,Not Interested,,,,,,,,,,,,,,
Buxar,Dumraon,Brahampur,Zila Sachiv,Mohd. Salahuddin,,Md. Jamaluddin,9117188562.0,38.0,Male,Minority,Muslim,"Mohd. Salahuddin | Male | 38 | Minority | Muslim 

- Ex- BDC (2016-2021).
-Member of Sunni State Waqf Board Since 2019 to Present
- Strong hold in Minority Community.",,,,"Mohd. Salahuddin | Male | 38 | Minority | Muslim 

- Ex- BDC (2016-2021).
-Member of Sunni State Waqf Board Since 2019 to Present
- Strong hold in Minority Community.",,,,,,,,No,,,,
Buxar,Dumraon,Kesath,Sangathan Zila Mahila Adhyaksh,Manju Devi,,Ajay Kumar,8210726249.0,38.0,,SC,Chamaar,"Manju Kumari | Female|  38 | SC | Chamaar

- Incumbent BDC 2021- Present.
- Contested first time PRI Election and won.
- BPS School Vice Principal (Pvt School).

",,,,"Manju Kumari | Female|  38 | SC | Chamaar

- Incumbent BDC 2021- Present.
- Contested first time PRI Election and won.
- BPS School Vice Principal (Pvt School).

",,,,,,,,No,,,,
Kaimur,Mohania,Mohania,Zila Mahila Adhyaksh,Kanti Devi Kushwaha,No,Gupt Nath Singh,7764955622.0,38.0,Female,OBC," Kushwaha
","Kanti Devi Kushwaha | 38 | Female | OBC | Kushwaha

- Two-term Incumbent BDC of Akodhi Mela Panchayat(2011-16, 2021-Present).
- BJP Mahila Morcha Mandal President (2011-2012).
- Lead Female group in Patna Protest against CM Nitish Kumar in 2012.
- Female Mobiliser and Influencer.",Call Connected,,Yes,"""Kanti Devi Kushwaha | 38 | Female | OBC | Kushwaha

- Two-term Incumbent BDC of Akodhi Mela Panchayat(2011-16, 2021-Present).
- BJP Mahila Morcha Mandal President (2011-2012).
- Lead Female group in Patna Protest against CM Nitish Kumar in 2012.
- Female Mobiliser and Influencer.""",,,,,,BDC,Yes,No,,,,
Kaimur,Mohania,Durgawati,Zila Upadhyaksh,Saurabh Pawan,No,Birghu Nath Paswan,9934836988.0,38.0,,SC,Dusadh,"Saurabh Pawan | 37 | Male | SC | Dushadh
Ex-Mukhiya of Khajura panchayat.( 2016 ) - Mukhiya Runner up (2021) - BSP Panchayat Parbhari (2014-2016) -In the last election, he lost by a margin of 700 votes. - He was an active member of RJD from 2011 to 2024 -Recently he resigned from RJD to join Jan Suraaj.",Call Connected,No,,,,,,,,mukhiya,,No,,,,
Kaimur,Mohania,Durgawati,Zila Upadhyaksh,Ajeet Singh (sonu),No,Valeshwar singh,8809568772.0,38.0,,General,Rajput,"Ajeet Singh (Sonu) | 38| Gen| Rajput| Male 
 RJD Yuva Pradesh Sachiv 2021 - 2023
Prakhand Adhyaskha RJD 2015 - 2017",Call Connected,,,,,,,,,,,No,,,,
Kaimur,Mohania,Nuaon,Zila Sachiv,Pankaj Kumar Rai,No,Ramashray Singh,7250298697.0,38.0,Male,General," Brahmin
","Pankaj Rai| 38| Male| Gen| Brahmin
-Founder member of Kaimur Kishan Union. 
-Works at NGO (Maharshi Sikha Sansthan)
-Social Activist and RTI Activist
-Several petitions in HC/SC for different social issues.
",Switch Off,,,,,,,,,,,,,,,
Rohtas,Bikramganj,Bikramganj,Zila Upadhyaksh,Satish Kumar,,Jamuna Singh,Jamuna Singh,38.0,,OBC,Rajput,"Satish Kumar | Male | 38 | OBC | Kushwaha | 9835416384 | EX- BJP Mandal Adhayaksha

- EX- BJP mandal Adhayaksha 2019-2024
- Father was Sarpanch for 20 Years (1989-2000)
- Father was 2 Term Ward 2006 & 2011
- BDC Runnerup 2016
",,,,"Satish Kumar | Male | 38 | OBC | Kushwaha | 9835416384 | EX- BJP Mandal Adhayaksha

- EX- BJP mandal Adhayaksha 2019-2024
- Father was Sarpanch for 20 Years (1989-2000)
- Father was 2 Term Ward 2006 & 2011
- BDC Runnerup 2016
",,,,,,,,No,,,,
Rohtas,Bikramganj,Dawath,Zila Sachiv,Akhlaque Ahmad,,Jalaludin Mansuri,7654726266.0,38.0,,Male,Muslim,"Akhlaque Ahmad | Male | 38 | Minority | Muslim

- Former JDU Youth Zila Upadhyaksh(2018-2024)
- Former JDU Youth Nagar President (2015-2018)
",Not Received ,,,"Akhlaque Ahmad | Male | 38 | Minority | Muslim

- Former JDU Youth Zila Upadhyaksh(2018-2024)
- Former JDU Youth Nagar President (2015-2018)
",,,,,,,,No,,,,
Rohtas,Bikramganj,Bikramganj,Sangathan Zila Sachiv,Sartaj Khan,,Late Fahimullah Khan,7564957826.0,38.0,,Male,Muslim,"Sartaj Khan | Male | 38 | Minority | Muslim | 7564957826 |

 - 2021 Incombet BDC Win By 86 Votes
- 2006 Ward No. 4 (Winner)
- 2016 BDC Win By 100 Votes
",,,,"- Public APP Stringer Reporter
- Amar Ujala News Reporter ",,,,,,,,No,,,,
Rohtas,Sasaram,Shivsagar,Sangathan Zila Upadhyaksh,Om Prakash Chaubey,,Raj Griha Chaubey,8210902307.0,38.0,,Male,Brahmin,"Om Prakash Chaubey | Male | 38 | General | Brahamin | 8210902307 | BJP Mahamantri Shivsagar Mandal

- AAp Prakhand Adhayakshya 2014-2017
- Ward Sadsaya 2018- 2022
- Bihar Siksha Samiti Adhyakshya 2018- 2022
- Yuva Adhayakshya JDU 2018-2022
- BJP Mahamantri Shivsagar Mandal ",,,,"Om Prakash Chaubey | Male | 38 | General | Brahamin | 8210902307 | BJP Mahamantri Shivsagar Mandal

- AAp Prakhand Adhayakshya 2014-2017
- Ward Sadsaya 2018- 2022
- Bihar Siksha Samiti Adhyakshya 2018- 2022
- Yuva Adhayakshya JDU 2018-2022
- BJP Mahamantri Shivsagar Mandal ",,,,,,,,No,,,,
Rohtas,Sasaram,Sasaram,Sangathan Zila Upadhyaksh,Nand Kumar,,Baliram Singh,9801888576.0,38.0,,Male,Rajput,"Nand Kumar | Male | 38 | General | Rajput 

- Incumbent two term Sarpanch 2021, 2016, 
- His fathrer was sarpanch 2006
",,,,"Nand Kumar | Male | 38 | General | Rajput 

- Incumbent two term Sarpanch 2021, 2016, 
- His fathrer was sarpanch 2006
",,,,,,,,No,,,,
Rohtas,Sasaram,Shivsagar,Sangathan Zila Upadhyaksh,Raju Baitha,,Late Sitaram Baitha,9153148868.0,38.0,,Male,Dhobi,"Raju Baitha | 38 | Male | SC | Dhobhi | Pramukh

- Incumbent Pramukh 2021
- 1st Runner-up BDC 2016
- He was relected as Pramukh after No-Confidence in 2022 without any oposition.
",Call Connected,,,"Raju Baitha | Male | 39 | SC | Dhobi | Incumbent Defacto BDC

-Incumbentt Defacto BDC, 2021 to Till Date
-Former Mukhiya Contestant(2010), Got 980 Votes
-Former Congress Member(2010 to 2024)
-Former CPI Zila Sachiv(2000 to 2010)
-Iincumbent Member of Rohtas Truck Association
-Jan Suraaj State Working Committee Member
-Jan Suraaj Anumandal Upadhyaksh",,,,,,,,Sheosagar_12,,,,
Rohtas,Sasaram,Chenari,Sangathan Zila Upadhyaksh,Kamlesh Tiwari,,Indradev Tiwari,9472597802.0,38.0,,Male,Brahamin,"Kamlesh Tiwari | Male | 38 | General |  Brahmin 

- Incumbent Block Pramukh  2021
- Two term BDC 2021, 2016
- BJP Mandal Adhyaksh (Youth) 2024
",,,,"Kamlesh Tiwari | Male | 38 | General|  Brahmin

- Incumbent Prakhand Pramukh  2021
- Two term BDC 2021, 2016
- BJP Mandal Adhyaksh (Youth) 2024
",,,,,,,,No,,,,
Rohtas,Sasaram,Sasaram,Sangathan Zila Sachiv,Vasant Kumar,,Ram surat singh,8084265506.0,38.0,,Male,Yadav,"Vasant Kumar | Male | 38 | OBC | Yadav 

- 4 term incumbent PACS adyakshya  (2009 - Present)
- PDS dealer
- Businessman
",,,,"Vasant Kumar | Male | 38 | OBC | Yadav 

- 4 term incumbent PACS adyakshya  (2009 - Present)
- PDS dealer
- Businessman
",,,,,,,,No,,,,
Bhojpur,Ara Sadar,Arrah,Zila Yuva Adhyaksh,Sonu Paswan,,Deoraj Ram,7277300960.0,37.0,Male,SC," Paswan
","Sonu Paswan | 37 | Male | SC | Paswan

- Former State Secretary of LJP - Chirag (2023-24)
- LJP Bhojpur District Secretary (2022-23)
-LJP Ara Nagar Adhyaksh (2018-2022)
-Elected as Ward Parishad from Ward 15 in (2017-22)
- Ara Nagar Nigam cabinet core committee member""""""",Call Connected,,,"Sonu Kumar | Male | 35 | SC | Paswan | MLA Contestant

-Former By Election Assembly Contestant, 2024, Agiaon, Independent, Got 3500 Votes
-Former Ward Councilor, 2017 To 2022
-Former LJP Pradesh Sachiv(Sansdiye Board), 2017 To 2023
-Jan Suraaj Yuva Zila Adhyaksh",,,,,,,,No,,,,
Bhojpur,Piro,Tarari,Sangathan Zila Karyalay Prabhari,Arun Pandit,,Bharat Pandit,9199362884.0,37.0,Male,EBC," Kumhar
","Arun Pandit | 37 | Male  | EBC | Kumhar

-Mukhiya Runner Up- 2021
-BDC Runner-up 2016
-EX Ward Member ",Call Connected,No,No,"He Run Own Kirana Store
he contest 2021 Mukhiya Election Total Vote - 350(5th No)",,,,,,"Either ZP or Mukhiya , Depends On Res.",JSP,No,,Yes,Waiting For Roster,
Bhojpur,Arrah Sadar,ARRAH,Sangathan Zila Sachiv,Suraj kr singh,,sukhdev singh,8294000789.0,37.0,Male,General,Rajput,"Suraj kr singh | 37 | Male | General | Rajput

* Bjp karyakarta 
* ⁠2016-21 ward 
* ⁠up mukhiya 
* ⁠Father army captain retired 
* ⁠Pwd contractor
* ⁠Network engineer",,,,"Suraj kr singh | 37 | Male | General | Rajput

* Bjp karyakarta 
* ⁠2016-21 ward 
* ⁠up mukhiya 
* ⁠Father army captain retired 
* ⁠Pwd contractor
* ⁠Network engineer",,,,,,,,No,,,,
Bhojpur,Arrah Sadar,Koilwar,Sangathan Zila Sachiv,Shiv shankar,,Rampujan ram,9472389725.0,37.0,Male,SC,Ravidas,"Shiv Shankar | 37 | Male | SC | Ravidas

-2021 Incumbent Mukhiya 
- worked in women violence ( Dalit foundation 
- ⁠dalit foundation. Fellow
- ⁠Dhasra - Dalit association for social and human right worker in patna for dalits 
- ⁠UNICEF block coordinator 
- ⁠MHA 
- ⁠PACS - Poorest area civil society koilwar block coordinator 
- ⁠2016 Mukhiya runner up by 20 vote
-",Call Connected,,,"Shiv Shankar | 37 | Male | SC | Ravidas

-2021 Incumbent Mukhiya 
- worked in women violence ( Dalit foundation 
- ⁠dalit foundation. Fellow
- ⁠Dhasra - Dalit association for social and human right worker in patna for dalits 
- ⁠UNICEF block coordinator 
- ⁠MHA 
- ⁠PACS - Poorest area civil society koilwar block coordinator 
- ⁠2016 Mukhiya runner up by 20 vote
-",,,,,,,,No,,,,
Bhojpur,Jagdishpur,Jagdishpur,Sangathan Zila Yuva Adhyaksh,Narendra yadav,,Gajadhar Singh,89861428865.0,37.0,Male,OBC," Yadav

","Narendra Pratap Singh | 37 | Male  |OBC | Yadav

- Incumbent Ward Sangh Block Adhyaksh (2021- till now)
-  3 term Incumbent Ward member (2011-till now)
- Incumbent Up Mukhiya (2016- till now)
- He started ward Sangathan in Jagdishpur in 2016
- Added a total of 274 Winner ward members & 150 Runner or contested ward members yet.",,,,"Narendra Pratap Singh | 37 | Male  |OBC | Yadav

- Incumbent Ward Sangh Block Adhyaksh (2021- till now)
-  3 term Incumbent Ward member (2011-till now)
- Incumbent Up Mukhiya (2016- till now)
- He started ward Sangathan in Jagdishpur in 2016
- Added a total of 274 Winner ward members & 150 Runner or contested ward members yet.",,,,,,,,No,,,,
Bhojpur,Jagdishpur,Shahpur,Sangathan Zila Karyalay Prabhari,Chandan Kumar Prasad,,Chulhan Prasad,9576688339.0,37.0,Male,EBC,"Kumhar 
","Chandan Kumar Prasad | 37 | Male | EBC | Kumhar
 
-Incumbent BDC 2021
 - BDC Runner- up 2016",,,,"Chandan Kumar Prasad | 37 | Male | EBC | Kumhar
 
-Incumbent BDC 2021
 - BDC Runner- up 2016",,,,,,,,No,,,,
Bhojpur,Jagdishpur,Behea,Sangathan Zila Sachiv,Sashi Kumar shah,,Shivji Shah,8210530418.0,37.0,Male,EBC,Teli,"Sashi Kumar Shah | Male | 37 | EBC | Teli

-Renowned businessman
-Social Worker",,,,"Sashi Kumar Shah | Male | 37 | EBC | Teli

-Renowned businessman
-Social Worker",,,,,,,,No,,,,
Kaimur,Bhabua,Chand,Sangathan Zila Upadhyaksh,Jay Praksh Bharti,No,Kashi Prasad,7352003702.0,37.0,Male,SC,Chamaar,"Jay Prakash Bharti | 37 | Male | SC | Chamar
Incumbent Mukhiya (2021-till)
His Uncle is Incumbent Sarpanch 
His Grand father was Bihar Champion Wrestler (Late Ram karan Ram) ",Not Reachable,,,,,,,,,,,,,,,
Rohtas,Bikramganj,Bikramganj,Sangathan Zila Yuva Adhyaksh,Pramod Kumar,,Sankar Singh,9525254242.0,37.0,,Male,Yadav,"Pramod Kumar | Male | 37 | OBC | Yadav |

- Mukhiya Runnerup 2021 
-Businessman (Fertilizer)
- EX Lic Agent 
",,,,"Pramod Kumar | Male | 37 | OBC | Yadav |

- Mukhiya Runnerup 2021 
-Businessman (Fertilizer)
- EX Lic Agent 
",,,,,,,,No,,,,
Rohtas,Dehri,Rohtas,Sangathan Zila Sachiv,Chandan Kumar Paswan,,Ramashish Ram,9304244038.0,36.0,,Male,Paswan,"Chandan Kumar Paswan | Male | 36| SC | Paswan 

- 2 term Incumbent Mukhiya (2016,21)
- Cummunity leader
",,,,"Chandan Kumar Paswan | Male | 36| SC | Paswan 

- 2 term Incumbent Mukhiya (2016,21)
- Cummunity leader
",,,,,,,,No,,,,
Bhojpur,Ara Sadar,Barhara,Zila Sachiv,Anita Prasad,,Jitendra Prasad,919798263306,35.0,Male,EBC," Bind
","Anita Prasad  | Female| 35| EBC| Bind

- ZP Runner-up (7870 votes)
- Mukhiya Runner-up (2016)
- Socially active and vocal women.",,,,"Anita Prasad  | Female| 35| EBC| Bind

- ZP Runner-up (7870 votes)
- Mukhiya Runner-up (2016)
- Socially active and vocal women.",,,,,,,,No,,,,
Bhojpur,Piro,Charpokhari,Sangathan Zila Sachiv,Prashant Singh,,Satrunjay Kumar Singh,9334307459.0,35.0,Male,Gen,Rajput,"Prashant Singh | Male| 35| GEN| Rajput

- Social Activist
- Runs NGO (Women Empowerment)
- PhD Scholler",,,,"Prashant Singh | Male| 35| GEN| Rajput

- Social Activist
- Runs NGO (Women Empowerment)
- PhD Scholler",,,,,,,,No,,,,
Bhojpur,Arrah Sadar,Gadhani,Sangathan Zila Sachiv,Akshay mishra,,Nityanand mishra,9470076557.0,35.0,Male,General,Brahmin,"Akshay Mishra | 35 | Male | General | Brahmin

 - Sarpanch 2016 runner up 
Education - LLB 
-Nawada district - vidhi maha vidyalaya clg student union president 2014
-Prominent Business man
-Link with many Parties  post holders """,,,,"Akshay Mishra | 35 | Male | General| Brahmin
- Sarpanch 2016 runner up Education - LLB -Nawada district - vidhi maha vidyalaya clg student union president 2014
-Prominent Business man
-Link with many Parties post holders """,,,,,,,,No,,,,
Bhojpur,Jagdishpur,Shahpur,Sangathan Zila Sachiv,MD. Sanu Khan,,Md. Sahid,9801072424.0,35.0,Male,Minority,Muslim,"MD. Sanu Khan | Male | 35 | Minority| Muslim 
                                                   
-Defacto BDC (2021)
- BDC Runner Up(2016-2021)
- Highest Education: BA.",Call Connected,,Not Interested,"MD. Sanu Khan | Male | 35 | Minority| Muslim 
                                                   
-Defacto BDC (2021)
- BDC Runner Up(2016-2021)
- Highest Education: BA.",,,,,,mukhiya,,No,,,,
Buxar,Buxar,Buxar,Zila Sachiv,Raju Kushwaha,,Kanhaiya Prasad Singh,8873570347.0,35.0,Male,OBC," Kushwaha

","Raju Kushwaha | Male | 35 | OBC | Kushwaha

- Incumbent BDC from Kamarpur Panchayat.
- Ward Sangh Prakhand Sachiv (2016-21).
- Advocate clerk, Buxar civil court.",,,,"Raju Kushwaha | Male | 35 | OBC | Kushwaha

- Incumbent BDC from Kamarpur Panchayat.
- Ward Sangh Prakhand Sachiv (2016-21).
- Advocate clerk, Buxar civil court.",,,,,,,,No,,,,
Buxar,Dumraon,Dumraon,Sangathan Zila Upadhyaksh,Vinod Kumar Singh,,Ramlaxman Singh,7654091524.0,35.0,Male,OBC,Yadav,"Vinod Kumar Singh|35|Male|OBC|Yadav| 7654091524

- Incumbent Sarpanch(2021)
- Prakhand Adhyaksh in RJD from 2017 to 2023",,,,"Vinod Kumar Singh|35|Male|OBC|Yadav| 7654091524

- Incumbent Sarpanch(2021)
- Prakhand Adhyaksh in RJD from 2017 to 2023",,,,,,,,No,,,,
Kaimur,Mohania,Ramgarh,Zila Yuva Adhyaksh,Aiyaz Khan,No,Fayaz Khan,9964106950.0,35.0,Male,Minority,Muslim,"Aiyaz Khan | 35 | Male | Minority | Muslim 

CISF - ASI 2013 to 2021 (VRS).
 -Islaah Maswara Committee Zila Sadar (Since 2022).
 -United Development Forum DistricSecretaryry (Child Development) Since 2023.
-2019 LokSabha election Best Peace Election execution Award by CISF.
-He has organised 2 Footbaltournamentsnt State leved 10 Kushti and 4 Volleyball tournament.
-Poultry Business in 10 Districts.
",Busy,,,,,,,,,,,,,,,
Kaimur,Mohania,Durgawati,Zila Upadhyaksh,Vikas Tiwari,No,Yamuna Dhar Tiwari,8877204866.0,35.0,Male,General," Brahmin
","Vikas Tiwari | 35 | Male | GEN. | Brahmin
Industrialist from Durgawati block 
Zila Sachivof the Kaimur Industrialist Association.
 owns a pipe manufacturing unit in Dugawati Block. 
Owns 60 bighas of land and comes from a well-off Brahmin family.",Switch Off,,,,,,,,,,,,,,,
Kaimur,Mohania,Nuaon,Zila Upadhyaksh,Ramendra Ram,No,Lt.Shayam Narayan Ram,7979083410.0,35.0,,SC,Chamar,"Ramendra Ram | 35 | SC | Chamar
-Two terms BDC of taraitha panchayat from (2016-2021),(2021-Present).
-Youth Kiamur district president of HAM party from (2017-Present).
-Former block president of HAM party from(2015-2017).",,,,"Ramendra Ram | 35 | SC | Chamar
-Two terms BDC of taraitha panchayat from (2016-2021),(2021-Present).
-Youth Kiamur district president of HAM party from (2017-Present).
-Former block president of HAM party from(2015-2017).",,,,,,,,No,,,,
Kaimur,Bhabua,Bhagwanpur,Zila Sachiv,Shyam Sundar Gond,No,Jokhu Gond,9525881135.0,35.0,,ST,Gond,"Shyam Sundar Gond |  35 | Male | Gond |ST
-LJP District Kinsan President (2022-till)
- LJP District Committee Member (2020-2022)
- SPAAKS Bihar State Youth Secretary (2017-2020)",,,,"Shyam Sundar Gond |  35 | Male | Gond |ST
-LJP District Kinsan President (2022-till)
- LJP District Committee Member (2020-2022)
- SPAAKS Bihar State Youth Secretary (2017-2020)",,,,,,,,No,,,,
Kaimur,Bhabua,Bhabhua,Sangathan Zila Upadhyaksh,Birendra Paswan,No,Late Banwari Paswan,7322082087.0,35.0,Male,SC,Dusadh,"Birendra Paswan | 35 | Male | SC | Dusadh
Incumbent BDC of Betari Panchayat , Good hold in his community, Involvement in community services by providing Boring services & Handpumps for agriculture at minimal or no cost.",,,,"Birendra Paswan | 35 | Male | SC | Dusadh
Incumbent BDC of Betari Panchayat , Good hold in his community, Involvement in community services by providing Boring services & Handpumps for agriculture at minimal or no cost.",,,,,,,,No,,,,
Kaimur,Mohania,Durgawati,Sangathan Zila Upadhyaksh,Dev Lal Chaudhry,No,Yasho Chaudhry,8877679550.0,35.0,Male,SC,Pasi,"Dev Lal Chaudhry | 35 | Male | SC | Pasi
- Two-term Incumbent Mukhiya of Chehariyan Panchayat
- District cricket player from 2005 to 2013. 
- Was Member of JDU from 2017
- Worked under Prashant when he was in JDU
- Big admirer of Prashant 
- Holds a bachelor's degree in Economics 
- Contested Student Union election of Harish Chandra College in 2010 ",,,,"Dev Lal Chaudhry | 35 | Male | SC | Pasi
- Two-term Incumbent Mukhiya of Chehariyan Panchayat
- District cricket player from 2005 to 2013. 
- Was Member of JDU from 2017
- Worked under Prashant when he was in JDU
- Big admirer of Prashant 
- Holds a bachelor's degree in Economics 
- Contested Student Union election of Harish Chandra College in 2010 ",,,,,,,,No,,,,
Kaimur,Mohania,Kudra,Sangathan Zila Upadhyaksh,Sanjay Kumar Singh,No,Ram Avdesh Singh,6386182728.0,35.0,,OBC,Yadav,"Sanjay Kr Singh | 35 | Male | OBC | Yadav
-2 times defacto Sarpanch from Kharahana Panchayat(2016-21, 2021-Present)
-His Uncle Contested Mukhiya Election in 2001
-Transport Buisiness
-Graduated from VKSU
-Social Activist",Not Received ,,,,,,,,,,,,,,,
Rohtas,Sasaram,Kochas,Zila Sanrakshak,Hasim Shaikh,,Late Jahirul Hakk,8789689816/9631062589,67.0,,Male,Muslim,"Hasim Shaikh | Male | 67 | Minority | Muslim

- 2 terms former Mukhiya 2016, 2011
- Prominent leader of the Muslim community in karaghar
",,,,"Hasim Shaikh | Male | 67 | Minority | Muslim

- 2 terms former Mukhiya 2016, 2011
- Prominent leader of the Muslim community in karaghar
",,,,,,,,No,,,,
Rohtas,Sasaram,Chenari,Zila Sanrakshak,Doman Paswan,,Late Vishvnath Paswan,9631192591.0,62.0,,Male,Paswan,"Doman Paswan | Male | 62 | SC | Paswan

- Four Consecutive terms Incumbent Sarpanch(2006, 2011, 
2016 & 2021)
- Folk Musician",,,,"Doman Paswan | Male | 62 | SC | Paswan

- Four Consecutive terms Incumbent Sarpanch(2006, 2011, 
2016 & 2021)
- Folk Musician",,,,,,,,No,,,,
Rohtas,Dehri,Dehri,Zila Sanrakshak,Buchul Singh,,Late Parikha Singh Yadav,9934957273.0,81.0,,Male,Yadav,"Buchul Singh | Male | 81 | OBC | Yadav

- RJD, District President. (1997 - 2003)
- The most prominent face of socialism is in the district.
- Active and conscious",,,,"Buchul Singh | Male | 81 | OBC | Yadav

- RJD, District President. (1997 - 2003)
- The most prominent face of socialism is in the district.
- Active and conscious",,,,,,,,No,,,,
Rohtas,Bikramganj,Dinara,Zila Sanrakshak,Shivji Chaudhary,,Late Ramlakhan Chaudhary,9955703144.0,65.0,,Male,Nonia,"Shivji Chaudhary | Male | 65 | EBC | Nonia 

- Former JDU Zila Adhyaksha (2003 - 2008)
- Dinara Pramukh Election First Runner up (lost by 1 vote)
- Former BDC  2011
- Big landlord 
",,,,"Shivji Chaudhary | Male | 65 | EBC | Nonia 

- Former JDU Zila Adhyaksha (2003 - 2008)
- Dinara Pramukh Election First Runner up (lost by 1 vote)
- Former BDC  2011
- Big landlord 
",,,,,,,,No,,,,
Rohtas,Sasaram,Sasaram NN,Zila Sanrakshak,Mukti Narayan Tiwari,,Late Vishwanath Tiwari,9576688169.0,68.0,,Male,Brahmin,"Mukti Narayan Tiwari | Male | 68 | General | Brahmin 

- Incumbent District Bar Assocaition President 2023-Present
- Prominent Criminal Lawyer in Rohtas 
- Practicing since 1981
",,,,"Mukti Narayan Tiwari | Male | 68 | General | Brahmin 

- Incumbent District Bar Assocaition President 2023-Present
- Prominent Criminal Lawyer in Rohtas 
- Practicing since 1981
",,,,,,,,No,,,,
Rohtas,Dehri,Tilouthu,Zila Adhyaksh,Heera Lal Kushwaha,,Late Budhan Singh,6203564539.0,53.0,,Male,Kushwaha,"Heera Lal Singh | Male | 53 | OBC | Kushwaha
 
- Former Kishan Morcha Pradesh Upadhayaksha (2015-20)
 - Former District Mantri BJP (2012-2015)
 - Sasaram Assembly BJP Chunav Prabhari  (2010 )
 - Former Mandal Adhayksha BJP (2000-2008)
- Tilauthu Mahamantri BJP (1990-1994)",Not Received ,,,"Heera Lal Singh | Male | 53 | OBC | Kushwaha
 
- Former Kishan Morcha Pradesh Upadhayaksha (2015-20)
 - Former District Mantri BJP (2012-2015)
 - Sasaram Assembly BJP Chunav Prabhari  (2010 )
 - Former Mandal Adhayksha BJP (2000-2008)
- Tilauthu Mahamantri BJP (1990-1994)",,,,,,,,No,,,,
Rohtas,Sasaram,Sasaram NN,Zila Mahasachiv,Attendra Singh,,Baban Singh,7004011646.0,50.0,,Male,Rajput,"Attendra Singh | Male | 50 | General | Rajput | 
 
 - 5 Term  consecutive Ward Parshad ( 2002-Present)
 - His wife 2 times Ward Parshad( 2017 in Nagar Parishad,2022 in Nagar Nigam)
- MLA Contestent 2005 (SP) Nokha & 2010 (NCP) Sasaram
 - Treasurer of ""Pillot Baba Samiti""and Gaytri Mandir Trust",,,,Incumbent Defacto Ward Member - Nagar Nigam sasaChamar,,,,,,,,No,,,,
Rohtas,Sasaram,Shivsagar,Zila Mahila Adhyaksh,Gita Kushwaha,,Ramashankar Singh,7903721381.0,49.0,,Male,Kushwaha,"Gita Kushwaha | Female | 49 | OBC | Kushwaha

-  Former District President Women Wing - JDU (2016-23)
- INC Panchayat President (2009-13)
- BDC 1st runner up ( 2011)
- District Master Trainer - Bihar Education Board (2006- 2024)
- Social activist against child marriage, Meena munch (encouraging girls education), Nukkad Natak - Women empowerment
",,,,"Gita Kushwaha | Female | 49 | OBC | Kushwaha

-  Former District President Women Wing - JDU (2016-23)
- INC Panchayat President (2009-13)
- BDC 1st runner up ( 2011)
- District Master Trainer - Bihar Education Board (2006- 2024)
- Social activist against child marriage, Meena munch (encouraging girls education), Nukkad Natak - Women empowerment
",,,,,,,,No,,,,
Rohtas,Bikramganj,Dinara,Zila Kisan Adhyaksh,Sanjay Jaiswal,,Late. Narayan Jaiswal,9123430398.0,54.0,,Male,Kalwar,"Sanjay Jaiswal | 54 | Male | OBC | Kalwar

- 4 Times PACS President (2009 to Present)
- Big landlord
",Call Connected,,Not Interested,"Sanjay Jaiswal | 54 | Male | OBC | Kalwar

- 4 Times PACS President (2009 to Present)
- Big landlord
",,,,,,,,No,,,,
Rohtas,Sasaram,Sasaram NN,Zila Mukhya Pravakta,Binod Kumar Tiwari,,Shri Bateshwar Tiwari,8862981888.0,50.0,,Male,Brahmin,"Binod Kumar Tiwari | 50 | Male | Brahmin

- Deputy Mayor 1st Runner up Sasaram Nagar Nigam (2021) lost by 6000 votes.
- Reporter in Hindustan Newspaper since 25 years.
- Head of Hindustan Samachar Agency (Rohtas+ Kaimur)
- 3 terms Press Union District General Secretary (2013- present)
",Call Connected,,Not Interested,"Binod Kumar Tiwari | 50 | Male | Brahmin

- Deputy Mayor 1st Runner up Sasaram Nagar Nigam (2021) lost by 6000 votes.
- Reporter in Hindustan Newspaper since 25 years.
- Head of Hindustan Samachar Agency (Rohtas+ Kaimur)
- 3 terms Press Union District General Secretary (2013- present)
",,,,,,,,No,,,Will not contest but suggest some namees,
Rohtas,Sasaram,Sasaram Nagar Nigam,Zila Karyalay Prabhari,Ramlal Sonkar,,Haridas Sonkar,9801087088.0,58.0,,Male,Khatik,"Ramlal Sonkar| Male| 58 | OBC | Khatik 

- Akhil Bhartiye Khatik samaj pradesh adhyaksha 2020-Present
- JDU Prakhand Sachiv 2015-20
- Running a state level campaign to shift Khatik caste in SC category
",Not Received ,,,"Ramlal Sonkar| Male| 58 | OBC | Khatik 

- Akhil Bhartiye Khatik samaj pradesh adhyaksha 2020-Present
- JDU Prakhand Sachiv 2015-20
- Running a state level campaign to shift Khatik caste in SC category
",,,,,,,,No,,,,
Rohtas,Bikramganj,Dinara,Zila Abhiyan Samiti Sanyojak,Kanhaiya Sharma,,Late Babu Ram Sharma,8084655201.0,65.0,,Male,Nai,"Kanhaiya Sharma|Male| 65|Nai|
 
Former RJD EBC Cell State Secretary
Former Dalit sena Adhyaksh (Rohtas)
Former JDU District secretary
20 Sutri adhyaksh (Dinara) 
Independent MLA Contestant in 1990 (Got 3000 Vote)
ZP Contestant 2016 and 2021 (Got 3000 And 6500 Vote)",Call Connected,,Interested,"Kanhaiya Sharma|Male| 65|Nai|
 
Former RJD EBC Cell State Secretary
Former Dalit sena Adhyaksh (Rohtas)
Former JDU District secretary
20 Sutri adhyaksh (Dinara) 
Independent MLA Contestant in 1990 (Got 3000 Vote)
ZP Contestant 2016 and 2021 (Got 3000 And 6500 Vote)",,,,,,,,Dinara_4,4.0,Yes,,
Rohtas,Sasaram,Sasaram,Zila Upadhyaksh,Surendra Prasad,,Ayodhya Prasad,8969028322.0,57.0,,Male,Chamar,"Surendra Prasad | Male | 57 | SC | Chamar 

- 4 Term incumbent Sarpanch 2021, 2016, 2011, 2006
- Grocery shop owner
",,,,"Surendra Prasad | Male | 57 | SC | Chamar 

- 4 Term incumbent Sarpanch 2021, 2016, 2011, 2006
- Grocery shop owner
",,,,,,,,No,,,,
Rohtas,Sasaram,Sasaram,Zila Upadhyaksh,Mumtaj Khalifa,,Md Mustakim,9934781245.0,52.0,,Miniority,Muslim,"Mumtaj Khalifa | Male | 46 | Miniority | Muslim  9934781245 | 

- Nagar Panchayat ( Kochas ) 2 Times Ward Parshad
- Owner of two Hotel Raj Vatika and Taz Vatika
- Businessman",,,,"Mumtaj Khalifa | Male | 46 | Miniority | Muslim  9934781245 | 

- Nagar Panchayat ( Kochas ) 2 Times Ward Parshad
- Owner of two Hotel Raj Vatika and Taz Vatika
- Businessman",,,,,,,,No,,,,
Rohtas,Dehri,Tilouthu,Zila Upadhyaksh,Doma Sah,,Late Dashrath Sah,9939490822.0,65.0,,Male,Teli,"Doma Sah | Male | 65 | EBC | Teli

- Incumbent Defacto ZP (2021)
- First ZP Runner Up (2016)
- Grandfather was Mukhiya (1978 to 2001)",Call Connected,,Not Interested,"Doma Sah | Male | 65 | EBC | Teli

- Incumbent Defacto ZP (2021)
- First ZP Runner Up (2016)
- Grandfather was Mukhiya (1978 to 2001)",,,,,,,,Tilouthu_31,,,he will talk after some time.,
Rohtas,Sasaram,Sasaram,Zila Upadhyaksh,Ravindra Singh,,Ambika Singh,8507210556.0,45.0,,Male,Rajput,"Ravindra Singh | Male | 45 | General | Rajput | 8507210556 | Zila Parishad

-  Incumbent Zila Parishad 2021 and won by a margin of 1091 Votes
- Did not contest in 2011 and 2016, reserved seat
-  Mukhiya Runner Up (2006) 
- Contractor of PWD
- Intermediate
",Call Connected,,,"-Incumbent ZP 2021
-Former ZP Runner-up 2011
-Former ZP Winner 2006
-Active in Panchayat Politics, Ward, Panch, Mukhiya Election
--Active in politics since 2001

-Former Zila Upadhyaksh 2025
-aligned with JS since 2023",,,,,,,,Sasaram_16,,,,
Rohtas,Sasaram,Chenari,Zila Upadhyaksh,"Vijay Kumar 
Sharma",,"Jeet Narayan 
Sharma",9905357092.0,60.0,,Male,Nai,"Vijay Kumar Sharma | Male | 60 | EBC | Nai 

- Incumbent ZP South Chenari (2021)- by 1000 votes
- Zila Adhyaksh (HAM)- 2013-14

",,,,"Vijay Kumar Sharma | Male | 60 | EBC | Nai 

- Incumbent ZP South Chenari (2021)- by 1000 votes
- Zila Adhyaksh (HAM)- 2013-14

",,,,,,,,Chenari_14,,,,
Rohtas,Sasaram,Kargahar,Zila Upadhyaksh,Alakh Niranjan Trivedi,,Late Ram Ji Tiwari,9123150791.0,55.0,,Male,Brahmin,"Alakh Niranjan Trivedi | 55 | Male | General | Brahmin 

- 2006-2020 INC Secretary
- 2000-2005 Member of Congress District working Committee
-  Bihar NSUI Mahasachiv 1987-1988
- Now he is active member in INC because there is No Committee(Committee Dissolve)",,,,Former District Committe Member,,,,,,,,No,,,,
Rohtas,Bikramganj,Nasriganj,Zila Upadhyaksh,Ajay Prasad,,Kedar Sah,9939013285.0,43.0,,Male,Kanu,"Ajay Prasad | Male | 43 | EBC | Kanu 

- Incumbent Sarpanch Sangh Block Adhayaksha (2021)
- Incumbant Sarpanch 2 Term ( 2016, 2021)
- Vaisaya Samaj Prakhand Adhayaksha (2015- Present)
-  Businessmen ",,,,"Ajay Prasad | Male | 43 | EBC | Kanu 

- Incumbent Sarpanch Sangh Block Adhayaksha (2021)
- Incumbant Sarpanch 2 Term ( 2016, 2021)
- Vaisaya Samaj Prakhand Adhayaksha (2015- Present)
-  Businessmen ",,,,,,,,No,,,,
Rohtas,Dehri,Dehri,Zila Upadhyaksh,Kumar Ravi Ranjan,,Rajendra Prashad Singh,9934060241.0,50.0,,General,Paswan,"Kumar Ravi Ranjan | Male | 50 | General | Rajput

- Incumbent PACS Adhyaksh (2021- present)
- Largest Katla Fish producer of the district.
- Founder of 'Panchvan Vikas Morcha', 2012
- Filed more than 100 RTI till date
",Not Received ,,,"Kumar Ravi Ranjan | Male | 50 | General | Rajput

- Incumbent PACS Adhyaksh (2021- present)
- Largest Katla Fish producer of the district.
- Founder of 'Panchvan Vikas Morcha', 2012
- Filed more than 100 RTI till date
",,,,,,,,Tilouthu_31,,,,
Rohtas,Sasaram,Nokha,Zila Upadhyaksh,Arvind Kumar Singh,,Ranjeet Chaudhry,7004387581.0,48.0,,Male,Nonia,"Arvind Kumar Singh | Male | 48 | EBC | Nonia 

- 3 Term PACs from Kadawa Panchayat.( 2009-Present )
- Vyapar Mandal Adhyaksh Nokha ( 2012-17).
- Zila Adhyaksh EBC prakoshth RJD  (2012-15).
- BA Political science from Allahabad University.
",,,,"Arvind Kumar Singh | Male | 48 | EBC | Nonia 

- 3 Term PACs from Kadawa Panchayat.( 2009-Present )
- Vyapar Mandal Adhyaksh Nokha ( 2012-17).
- Zila Adhyaksh EBC prakoshth RJD  (2012-15).
- BA Political science from Allahabad University.
",,,,,,,,No,,,,
Rohtas,Dehri,Dehri,Zila Upadhyaksh,Vijay Shankar Tiwari,,Late Rangnath Tiwari,8541033791.0,55.0,,Male,Brahmin,"Vijay Shankar Tiwari | Male | 55 | General |Brahmin

- Vyavsyay Prakosth Sah Sanyojak, BJP (2018 - 2024)
- Zila Mahasachive Vanijya Manch, BJP (2015-2018)
- Zila Karya Samiti, BJP Rohtas (2009-2015)
- Nagar Karya Samiti, BJP Dehri NP (2003-2009)
- Zila Karya Samiti, Samta Party (2000-2003)
- Nagar Mahasachive, Samta Party (1994-2000)
- Runs a Ngo Jan klayan morcha(2016)
- Distributes 100 kambal every year since 2016
",,,,"Vijay Shankar Tiwari | Male | 55 | General |Brahmin

- Vyavsyay Prakosth Sah Sanyojak, BJP (2018 - 2024)
- Zila Mahasachive Vanijya Manch, BJP (2015-2018)
- Zila Karya Samiti, BJP Rohtas (2009-2015)
- Nagar Karya Samiti, BJP Dehri NP (2003-2009)
- Zila Karya Samiti, Samta Party (2000-2003)
- Nagar Mahasachive, Samta Party (1994-2000)
- Runs a Ngo Jan klayan morcha(2016)
- Distributes 100 kambal every year since 2016
",,,,,,,,No,,,,
Rohtas,Bikramganj,Bikramganj,Zila Sachiv,Manoj Kumar,,Krishna Nand Ram,9507513308.0,47.0,,Male,Chamar,"Manoj Kumar | Male | 47 | SC |  Chamar 

- Incumbent Mukhiya (2021-Present)
- President Awardee for SATAAH VIKAS theme (09 dec 2024)
-Out of 8887 mukhiya from bihar only 43 Mukhiya were selected and he was 1st (499/500) marks
",,,,"Manoj Kumar | Male | 47 | SC |  Chamar 

- Incumbent Mukhiya (2021-Present)
- President Awardee for SATAAH VIKAS theme (09 dec 2024)
-Out of 8887 mukhiya from bihar only 43 Mukhiya were selected and he was 1st (499/500) marks
",,,,,,,,No,,,,
Rohtas,Dehri,Tilouthu,Zila Sachiv,Aman Kumar Das,,Late RamAshish Ram,9142459939.0,43.0,,SC,Pasi,"Aman Kumar Das  | Male | 9142459939 | 43 | SC | Chamar
• Contested as Independent MLA candidate in 2015 from Chenari AC, secured 2,590 votes
• Elected as Defacto Jila Parishad in 2011
• Former primary member of Congress
• Belongs to a strong financial and educated family ",,,,"Aman Kumar Das  | Male | 9142459939 | 43 | SC | Chamar
• Contested as Independent MLA candidate in 2015 from Chenari AC, secured 2,590 votes
• Elected as Defacto Jila Parishad in 2011
• Former primary member of Congress
• Belongs to a strong financial and educated family ",,,,,,,,No,,,,
Rohtas,Sasaram,Sasaram,Zila Sachiv,Shyam Dev Singh,,Rajendra Prasad Singh,9006987333.0,51.0,,OBC,Rauniyar Bania,"Shyam Dev Singh | Male | OBC | Yadav | 51 | 9006987333 

- Former 2 Term Mukhiya 2006 , 2011
- Mukhiya Runnerup 2016, 2021
- Father was Mukhiya 1977
- Very Active in Local Politics",,,,"Shyam Dev Singh | Male | OBC | Yadav | 51 | 9006987333 

- Former 2 Term Mukhiya 2006 , 2011
- Mukhiya Runnerup 2016, 2021
- Father was Mukhiya 1977
- Very Active in Local Politics",,,,,,,,No,,,,
Rohtas,Dehri,Rohtas,Zila Sachiv,Neeraj Kumar Mishra,,Late Jairam Mishra,9431460470.0,52.0,,Male,Brahmin,"Neeraj Kumar Mishra | Male | 52 | General | Brahmin

- Incumbent 3 time Mukhiya (2001, 2016 & 2021)
- Two times Defacto Mukhiya (2006 & 2011)
- Since Independence his father and grand father was Mukhiya.
",,,,"Neeraj Kumar Mishra | Male | 52 | General | Brahmin

- Incumbent 3 time Mukhiya (2001, 2016 & 2021)
- Two times Defacto Mukhiya (2006 & 2011)
- Since Independence his father and grand father was Mukhiya.
",,,,,,,,No,,,,
Rohtas,Dehri,Dehri,Zila Sachiv,Dhananjay Kumar Singh,,Late Shri Ram Lakhan Singh,9934238967.0,55.0,,OBC,Kurmi,"Dhananjay Kumar Singh | Male | 55 | OBC | Yadav | 9934238967 | Former Zila Parishad

- Former Zila Parishad 2011
- Former Defacto Zila Parishad 2016
- Former PACS And His Father PACS Since PACS Started
- Prominent Farmer
- Coal Bussinessman
",Call Connected,,,"-Incumbent PACS President 2021
-ZP Runner up 2021
-Former ZP 2016-21
-Wife Former ZP 2011-16
-Presently in JS (Joined in 2025)",,,,,,,,Dehri_30,,,,
Rohtas,Sasaram,Sasaram,Zila Sachiv,Prem Chandra Prasad,,Ramashish Ram,8084324680.0,50.0,,Male,Paswan," Prem Chandra Prasad | Male  | 50 | SC | Paswan

- Former Zila Parshad 2011
- Dalit Sena Pradesh Maha Sachiv  Rohtas 2016-2022
-Adhaykshya Dalit Sena Rohtas LJP 2001
- 
",,,," Prem Chandra Prasad | Male  | 50 | SC | Paswan

- Former Zila Parshad 2011
- Dalit Sena Pradesh Maha Sachiv  Rohtas 2016-2022
-Adhaykshya Dalit Sena Rohtas LJP 2001
- 
",,,,,,,,No,,,,
Rohtas,Sasaram,Sasaram NN,Zila Sachiv,Ashok Kumar,,Late Jawahar Shah,9431031237.0,55.0,,Male,Teli,"Ashok Kumar | Male | 55 | EBC | Teli 

- Two term Rotary Club District President (2014-15, 2023-24)
- Rice Mill Association District secretary
- Renowned Businessman 
",,,,"Ashok Kumar | Male | 55 | EBC | Teli 

- Two term Rotary Club District President (2014-15, 2023-24)
- Rice Mill Association District secretary
- Renowned Businessman 
",,,,,,,,No,,,,
Rohtas,Sasaram,Chenari,Zila Sachiv,Inderjeet Singh,,Dashi Singh,8271148737.0,58.0,,OBC,Kushwaha,"Inderjeet Singh | 58 | Male | OBC | Kushwaha

- Former Zp 2016-2021
-Zp Runner Up-2021 Got -2700 votes""        
        ZP Runner Up",,,,"Inderjeet Singh | 58 | Male | OBC | Kushwaha

- Former Zp 2016-2021
-Zp Runner Up-2021 Got -2700 votes""        
        ZP Runner Up",,,,,,,,Chenari_14,,,,
Rohtas,Bikramganj,Nasriganj,Zila Sachiv,Bimlesh Prasad Singh,,Jagarnath Prasad Singh,9801321523.0,48.0,,Male,Rajput,"Bimlesh Prasad Singh | Male | 48 | General  | Rajput 

- 4 Term Incumbent PACS Adhayaksha ( 2009, 2014, 2019, 2024)
- Mukhiya Runnerup (2016,2021)
- PDS Dealer
",,,,"Bimlesh Prasad Singh | Male | 48 | General  | Rajput 

- 4 Term Incumbent PACS Adhayaksha ( 2009, 2014, 2019, 2024)
- Mukhiya Runnerup (2016,2021)
- PDS Dealer
",,,,,,,,No,,,,
Rohtas,Dehri,Dehri,Zila Sachiv,Rajgrihi Prashad Gupta,,Late Kailash Sah,8292615811.0,59.0,,Male,Kanu,"Rajgrihi Prashad Gupta | Male | 59 | EBC | Kanu

- Principal of Baba Garinath College, Jamumhaar
- Assitant Professor of Commerce
- 3 times former BDC (2001, 2006 & 2016)
- Kanu/Haluwai District Mahasabha Mahamantri, Rohtas (2024 - Till Now)
",,,,"Rajgrihi Prashad Gupta | Male | 59 | EBC | Kanu

- Principal of Baba Garinath College, Jamumhaar
- Assitant Professor of Commerce
- 3 times former BDC (2001, 2006 & 2016)
- Kanu/Haluwai District Mahasabha Mahamantri, Rohtas (2024 - Till Now)
",,,,,,,,No,,,,
Rohtas,Sasaram,Sasaram NN,Zila Sachiv,Sushil Kumar Soni,,Jang Bahadur Seth,9431058058.0,53.0,,Male,Sonar,"Sushil Kumar Soni | Male | 53 | OBC | Sonar 

- Confederation of All India Traders Bihar Sachiv 2024
- Rotery Club Former President 2023
- Founder of Academic Solution Point 
- Purvanchal Ratan Alankaran Samman 2024
-",,,,"Sushil Kumar Soni | Male | 53 | OBC | Sonar 

- Confederation of All India Traders Bihar Sachiv 2024
- Rotery Club Former President 2023
- Founder of Academic Solution Point 
- Purvanchal Ratan Alankaran Samman 2024
-",,,,,,,,No,,,,
Rohtas,Bikramganj,Dinara,Zila Sachiv,Dr. Bijay Kumar Azad,,Late Bhulan Ram,9934455053.0,51.0,,Male,Paswan,"Dr. Bijay Kumar Azad | Male | 51 | SC | Paswan

- Former Bihar Pradesh Mahasachiv LJP , Resigned in 2018
- Bar Association Executive Member Bikramganj
- SC and ST Sangarsh Samiti Member 
- Practicing Advocate 
- PHD Holder in Labour and Social Welfare.
",,,,"Dr. Bijay Kumar Azad | Male | 51 | SC | Paswan

- Former Bihar Pradesh Mahasachiv LJP , Resigned in 2018
- Bar Association Executive Member Bikramganj
- SC and ST Sangarsh Samiti Member 
- Practicing Advocate 
- PHD Holder in Labour and Social Welfare.
",,,,,,,,No,,,,
Rohtas,Bikramganj,Dinara,Sangathan Zila Adhyaksh,Vikash Pandey,,Kedarnath Pandey,9006340078.0,45.0,,Male,Brahmin,"Vikash Pandey | Male | 45 | General | Brahmin | 

- Former Defacto BDC 2016
-  Mukhiya Runnerup 2021
- Former BJP District Upadhayaksha 2016-24
- PDS Dealer 
- Sampurnanand University Former Student President 2007
",,,,"Vikash Pandey | Male | 45 | General | Brahmin | 

- Former Defacto BDC 2016
-  Mukhiya Runnerup 2021
- Former BJP District Upadhayaksha 2016-24
- PDS Dealer 
- Sampurnanand University Former Student President 2007
",,,,,,,,Dinara_4,,,,
Rohtas,Bikramganj,Bikramganj,Sangathan Zila Mahasachiv,Sanjay Singh,,Late Ramji Singh,8228089968.0,44.0,,Male,Kushwaha,"Sanjay Singh | Male | 44 | OBC | Kushwaha 

- Former RLSP Prakhand Adhyaksh (2015 - 2022)
- LIC Agent 
- Owner of A4 Notebook Company ",Call Connected,No,,,,,,,,Not Intrested,,No,,,,
Rohtas,Bikramganj,Dinara,Sangathan Zila Mahila Adhyaksh,Sudha Kumari,,Ashok Kumar Rai,9507027572.0,45.0,,Female,Rajput,"Sudha Kumari | Female | 45 | General | Rajput | 

- 3 Term Incumbent PACS Member 2014,19,24
- Former BJP Zila Kishan Prakosth Mahila Mahamantri 2016-20
- Former BJP Campaign Beti Bacho Beti Padhao Zila Upadhyaksha
- Former BJP Mandal Mahila Adhyaksha (March 2025)
- Former Jeevika CM
- 4 Term BDC Runnerup 2021,16,11,06
",,,,"Sudha Kumari | Female | 45 | General | Rajput | 

- 3 Term Incumbent PACS Member 2014,19,24
- Former BJP Zila Kishan Prakosth Mahila Mahamantri 2016-20
- Former BJP Campaign Beti Bacho Beti Padhao Zila Upadhyaksha
- Former BJP Mandal Mahila Adhyaksha (March 2025)
- Former Jeevika CM
- 4 Term BDC Runnerup 2021,16,11,06
",,,,,,,,No,,,,
Rohtas,Bikramganj,Rajpur,Sangathan Zila Mukhya Pravakta,Vijay Kr. Paswan,,Late. Jagannath,8298376323.0,55.0,,Male,Paswan,"Vijay kr Paswan | Male | 55  | SC | Paswan 

- Former LJP Pradesh Sachiv (2020-2025
- Former LJP District Spokesperson (2014-19)
- Former LJP Block President ( 2008- 2013)
- Sarpanch runner-up 2021",,,,"""Vijay kr Paswan | Male | 55  | SC| Paswan 

- Former LJP Pradesh Sachiv (2020-2025
- Former LJP District Spokesperson (2014-19)
- Former LJP Prakhand President ( 2008- 2013)
- Sarpanch runner-up 2021""",,,,,,,,No,,,,
Rohtas,Bikramganj,Rajpur,Sangathan Zila Abhiyan Samiti Sanyojak,Hareram Paswan,,Kanhaiya Paswan,8252405673.0,44.0,,Male,Paswan,"Hareram Paswan | Male | 44 | SC | Paswan

- Incumbent BDC 2021
- Former Sarpanch 2016
- LJP Block president (2015-2024)
",Call Connected,,Interested,"Hareram Paswan | Male | 44 | SC | Paswan

- Incumbent BDC 2021
- Former Sarpanch 2016
- LJP Block president (2015-2024)
",,,,,,,,Rajpur_27,,Yes,he is present committe member of panchayat samiti sadasya,
Rohtas,Bikramganj,Karakat,Sangathan Zila Karyalay Prabhari,Nand Kishore Prasad,,Bhikhari Ram,8102324099.0,59.0,,Male,Chamar,"Nand Kishore Prasad | Male | 59 | SC | Chamar | 

- CPI ML District Member 1990-2012
- Former Teacher Gautam budh Balika High School 
- Anjabit Singh College Student Secretery 1985
- Wife Anganbadi Sevika
",,,,"Nand Kishore Prasad | Male | 59 | SC | Chamar | 

- CPI ML District Member 1990-2012
- Former Teacher Gautam budh Balika High School 
- Anjabit Singh College Student Secretery 1985
- Wife Anganbadi Sevika
",,,,,,,,No,,,,
Rohtas,Bikramganj,Dinara,Sangathan Zila Upadhyaksh,Manoj Kumar Paswan,,Janardhan Paswan,7870441517.0,44.0,,Male,Dusadh,"Manoj Kumar Paswan | 44 | Male | SC | Dusadh

- Runner up ZP of Dinara in 2016 got 2700 votes
- Former LJP Dalit Sena District Vice President, Block (2000-2003)
- Former Ambedkar Kalyan Hostel Bikramganj Block President (2000-2003)",,,,"Manoj Kumar Paswan | 44 | Male | SC | Dusadh

- Runner up ZP of Dinara in 2016 got 2700 votes
- Former LJP Dalit Sena District Vice President, Block (2000-2003)
- Former Ambedkar Kalyan Hostel Bikramganj Block President (2000-2003)",,,,,,,,Dinara_3,,,,
Rohtas,Bikramganj,Rajpur,Sangathan Zila Upadhyaksh,Sumer Singh,,Late Bikhari Singh,8271787924.0,48.0,,Male,Kushwah,"Sumer Singh | Male | 48 | OBC | Kushwah

- Two Term Incumbent BDC From Rotwan Panchayat (2016,2021)
",,,,"""Sumer Singh | Male | 48 | OBC| Kushwaha

- Two Term Incumbent BDC From Rotwan Panchayat (2016,2021)
""",,,,,,,,No,,,,
Rohtas,Bikramganj,Suryapura,Sangathan Zila Upadhyaksh,Ranjit Kumar Singh,,Badrinarayan Singh,8271686050.0,52.0,,Male,Rajput,"Ranjit Kumar Singh | 52 | Male | General | Rajput

- Incumbent two terms Mukhiya(2016 & 2021)
- Mukhiya runner up in 2011",,,,"Ranjit Kumar Singh | 52 | Male | General | Rajput

- Incumbent two terms Mukhiya(2016 & 2021)
- Mukhiya runner up in 2011",,,,,,,,No,,,,
Rohtas,Bikramganj,Dinara,Sangathan Zila Upadhyaksh,Awadh Bihari Ram,,Late Rajneti Ram,7366962724.0,52.0,,Male,Chamaar,"Awadh Bihari Ram | Male | 52 | SC | Chamar 
- Former Defacto (Wife)  Mukhiya  (2016- 21)
- Former BDC  (2006 - 11)
- 1st Runner up For Mukhiya Election in 2021 
",,,,"Awadh Bihari Ram | Male | 52 | SC| Chamar 
- Former Defacto (Wife)  Mukhiya  (2016- 21)
- Former BDC  (2006 - 11)
- 1st Runner up For Mukhiya Election in 2021 
",,,,,,,,No,,,,
Rohtas,Bikramganj,Dawath,Sangathan Zila Upadhyaksh,Prem Tiwari,,Late Kanhiya Tiwari,9162897508.0,50.0,,Male,Brahamin,"Prem Tiwari l Male l 50 l General l Brahmin  

- Former Two Times Mukhiya From Gidha Panchayat 2016, 2006
- Member of District Working Committee BJP (2011 - 2024)
- JDU Prakhand Adhyaksh (resigned in 2011)
",,,,"Prem Tiwari l Male l 50 l General l Brahmin  

- Former Two Times Mukhiya From Gidha Panchayat 2016, 2006
- Member of District Working Committee BJP (2011 - 2024)
- JDU Prakhand Adhyaksh (resigned in 2011)
",,,,,,,,No,,,,
Rohtas,Bikramganj,Sanjhauli,Sangathan Zila Upadhyaksh,Bhagwan sah,,Munilal Shah,9905026740.0,60.0,,Male,Halwai,"Bhagwan Sah l Male l 60 l EBC l Halwai
 
- 3 terms Defacto (Wife)  Incumbent  Sarpanch from Sanjhauli Panchayat 2011, 2016, 2021
- Private employee at Post office Sanjoli
",,,,"Bhagwan Sah l Male l 60 l EBC l Halwai
 
- 3 terms Defacto (Wife)  Incumbent  Sarpanch from Sanjhauli Panchayat 2011, 2016, 2021
- Private employee at Post office Sanjoli
",,,,,,,,No,,,,
Rohtas,Bikramganj,Dinara,Sangathan Zila Upadhyaksh,Veer Bahadur Singh,,Kanahiya Singh,9955407233.0,62.0,,Male,Yadav,"Veer bahadur Singh | Male | 62 | OBC | Yadav | 9955407233 | Foemer UPsarpanch

- 4 Term Former UP sarpanch 2016,11,06,2001
- Didn't Contest in 2021 due to reserve Seat
- Known Face of Yadav in His Panchayat
",Call Connected,,Not Interested,"Veer bahadur Singh | Male | 62 | OBC | Yadav | 9955407233 | Foemer UPsarpanch

- 4 Term Former UP sarpanch 2016,11,06,2001
- Didn't Contest in 2021 due to reserve Seat
- Known Face of Yadav in His Panchayat
",,,,,,,,No,,,,
Rohtas,Bikramganj,Karakat,Sangathan Zila Sachiv,Anant Tiwari,,Awadhesh Tiwari,9108168270.0,29.0,,Male,Brahmin,"Anant Tiwari | Male | 28 | General | Brahmin | 9108168270 

- Brahmin Samaj Sangh Sahabad Chairman 
- Own 75 Shop in Gorari Market
- Civil Engineer
",,,,"Anant Tiwari | Male | 28 | General | Brahmin | 9108168270 

- Brahmin Samaj Sangh Sahabad Chairman 
- Own 75 Shop in Gorari Market
- Civil Engineer
",,,,,,,,No,,,,
Rohtas,Bikramganj,Bikramganj,Sangathan Zila Sachiv,Santosh Kumar Singh,,Dinesh Singh,8434023110.0,51.0,,Male,Rajput,"Santosh Kumar Singh | Male| 51| General | Rajput 

- ZP 2021
- ZP Runner up 2016
- Businessmen (Brick and Coal)",Not Received ,,,"Santosh Kumar Singh | Male| 51| General | Rajput 

- ZP 2021
- ZP Runner up 2016
- Businessmen (Brick and Coal)",,,,,,,,No,,,,
Rohtas,Dehri,Nauhatta,Sangathan Zila Adhyaksh,Balram Singh,,Late Tarachandra Singh,9470660689.0,50.0,,Male,Rajput,"Balram Singh | Male | 50 | Rajput | General | 

- Former Defecto Mukhiya (2016) Wife
-2nd Runnerup Mukhiya (2021) 
- Former Mukhiya (2011)",Call Connected,,Interested,"Balram Singh | Male | 50 | Rajput | General | 

- Former Defecto Mukhiya (2016) Wife
-2nd Runnerup Mukhiya (2021) 
- Former Mukhiya (2011)",,,,,,,,No,,Yes,,
Rohtas,Dehri,Tilouthu,Sangathan Zila Mahasachiv,Javed Alam,,Late Sadid Udiid,9162326666.0,48.0,,Male,Muslim," Javed Alam | Male | 48 | Muslim | Minority 

- Former Mukhiya got 1088 votes  (2016-2021)
- Mukhiya runner up (2021)
- His uncle Late Azhar was a mukhiya for 20 years while his cousin was a mukhiya in (2006-2011).
- Owns a vehicle fitness test agency in Jamuhar, Sasaram
",,,," Javed Alam | Male | 48 | Muslim | Minority 

- Former Mukhiya got 1088 votes  (2016-2021)
- Mukhiya runner up (2021)
- His uncle Late Azhar was a mukhiya for 20 years while his cousin was a mukhiya in (2006-2011).
- Owns a vehicle fitness test agency in Jamuhar, Sasaram
",,,,,,,,No,,,,
Rohtas,Dehri,Dehri Nagar Parishad,Sangathan Zila Abhiyan Samiti Sanyojak,Ramendra Kumar (R K Singh),,Late Daroga Singh,9097806695.0,48.0,,Male,Yadav,"Ramendra Kumar | Male | 48 | OBC | Yadav
 
 - MLA Contestent 2020 election got 2000 votes.
 - Operate Security Agency Capacity around 2000.
 - National Ex- Serviceman Army Commitee, President Rohtas (2022 - Till Now)
 - President and Founder of Team Dehrians (2021 - Till Now)",Call Connected,,Interested,"Ramendra Kumar | Male | 48 | OBC | Yadav
 
 - MLA Contestent 2020 election got 2000 votes.
 - Operate Security Agency Capacity around 2000.
 - National Ex- Serviceman Army Commitee, President Rohtas (2022 - Till Now)
 - President and Founder of Team Dehrians (2021 - Till Now)",,,,,,,,No,29.0,No,"apne se taiyari nhi kar rhe party kahegi to ladenge , delimitation ka wait kar rhe hai",
Rohtas,Dehri,Dehri Nagar Parishad,Sangathan Zila Mahila Adhyaksh,Ratna Sinha,,"Late. Diwakar Sinha
",9955537255.0,53.0,,Male,Kayastha,"Ratna Sinha | Female | 53 | General | Kayastha

- Vice president of Lions club Dehri (2023 - Present)
- Divisional seceratry human right  women protection (2023- Present)
- Human right member (2020- Present)
- Father in law Binod Bihari Sinha was former MLA (1967-1969) INC 
- Owns Delight cinema in Dehri.
- Amaltas Education Group is run by her family
",,,,"Ratna Sinha | Female | 53 | General | Kayastha

- Vice president of Lions club Dehri (2023 - Present)
- Divisional seceratry human right  women protection (2023- Present)
- Human right member (2020- Present)
- Father in law Binod Bihari Sinha was former MLA (1967-1969) INC 
- Owns Delight cinema in Dehri.
- Amaltas Education Group is run by her family
",,,,,,,,No,,,,
Rohtas,Dehri,Dehri,Sangathan Zila Kisan Adhyaksh,Kmalesh Kumar Mohan,,Late Ramsakal SIngh,9955274318.0,50.0,,Male,Yadav,"Kmalesh Kumar Mohan | Male | 50 | OBC | Yadav |

-Incumbent PACS President for 35 years, won 7 terms
-Former Mukhiya (2011–2016)
-Involved in sand (balu) business
-His father was also a PACS member since the beginning of the PACS system",,,,"Kmalesh Kumar Mohan | Male | 50 | OBC | Yadav |

-Incumbent PACS President for 35 years, won 7 terms
-Former Mukhiya (2011–2016)
-Involved in sand (balu) business
-His father was also a PACS member since the beginning of the PACS system",,,,,,,,No,,,,
Rohtas,Dehri,Dehri NP,Sangathan Zila Mukhya Pravakta,Santosh Singh,,Jai Bansh Singh,7633829470.0,55.0,,Male,Rajput,"Santosh Singh | Male | 55 | General | Rajput

- Photo Journalist in Dainik Bhaskar (2001-Till Now)
- Secreatery of Dehri Chember of Commerce.(2020-Till Now)
- Run two mobile shop in the Pali market area.
- State President of Mobile Shop Owner Association. (2016- Till Now)",Call Connected,,,"Sindhu Kumari | 34 |EBC(Kahar) 
Contested Ward Election (2021, 1st Runner-up)
Graduate in History, RK Singh College
PGDCA – Magla University, Delhi
Diploma in Library SCience – Subharti University, Delhi
Prakhand Coordinator, KYP (2020–2023)
Panchayat Prerak, Adult Education (2011–2018)
Worked in Survey Project (TB Awareness)
ICT Instructor, Rama Rani +2 (Dec 2023–Jun 2024)",,,,,,,,Dehri_29,,,,
Rohtas,Dehri,Dehri,Sangathan Zila Karyalay Prabhari,Dr Nand Kumar Singh,,Shiv Narayan Singh,7903277240.0,60.0,,Male,Yadav,"Dr Nand Kumar Singh  | Male | 60 | OBC | Yadav

- Rted. Professor of English
- College Incharge 2025",,,,"Dr Nand Kumar Singh  | Male | 60 | OBC | Yadav

- Rted. Professor of English
- College Incharge 2025",,,,,,,,No,,,,
Rohtas,Dehri,Dehri,Sangathan Zila Upadhyaksh,Vali Mohammad Alias Hafiz Rajdhani,,Late Mohammad Ishaak,9060833095.0,70.0,,Female,Muslim,"Vali Mohammad Alias Hafiz Rajdhani | Male | 70 | Minority | Muslim | 9060833095 |Block: Dehri 

- Former RJD Member 2019-2021
- Former BJP Member
- Campaign Manager Of Rinku Soni 2015
- Artist (Shayar)
- Director Of Markaji Adaraye Elma A Adab
- Former Emam Of Station Masjid 1979-1989
- Retired Government Madarsa Teacher 2015",Call Connected,,Not Interested,"Vali Mohammad Alias Hafiz Rajdhani | Male | 70 | Minority | Muslim | 9060833095 |Block: Dehri 

- Former RJD Member 2019-2021
- Former BJP Member
- Campaign Manager Of Rinku Soni 2015
- Artist (Shayar)
- Director Of Markaji Adaraye Elma A Adab
- Former Emam Of Station Masjid 1979-1989
- Retired Government Madarsa Teacher 2015",,,,,,,,No,,,,
Rohtas,Dehri,Tilouthu,Sangathan Zila Upadhyaksh,Sher Bahadur Singh,,Late Devki Nandan Singh,9939922586.0,54.0,,Male,Rajput,"Sher Bhadur Singh | Male | 54 | General | Rajput 

- Four times Incumbment Sarpanch (2021, 2016, 2011, 2006)
- Building Material Shop
",,,,"Sher Bhadur Singh | Male | 54 | General | Rajput 

- Four times Incumbment Sarpanch (2021, 2016, 2011, 2006)
- Building Material Shop
",,,,,,,,No,,,,
Rohtas,Dehri,Tilouthu,Sangathan Zila Upadhyaksh,Vijay Shankar Upadhyay,,Late. Ramash Upadhyay,9801267012.0,58.0,,Male,Brahamin,"Vijay Shankar Upadhyay | Male | 58 | General | Brahmin

- Incumbent Mukhiya
-Prakhand Mukhiya Sangh Sachiv 2021
-BSP Vidhan Sabha Prabhari for Gandhi Azad in 2000.
-His grandfather Kedarnath Upadhyay was a freedom fighter and mukhiya(1952-62)
",,,,"Vijay Shankar Upadhyay | Male | 58 | General | Brahmin

- Incumbent Mukhiya
-Prakhand Mukhiya Sangh Sachiv 2021
-BSP Vidhan Sabha Prabhari for Gandhi Azad in 2000.
-His grandfather Kedarnath Upadhyay was a freedom fighter and mukhiya(1952-62)
",,,,,,,,No,,,,
Rohtas,Dehri,Dehri,Sangathan Zila Upadhyaksh,Sudhir Kumar,,Ram Suresh Tiwari,7488842239.0,49.0,,Male,Brahamin,"Sudhir Kumar | Male | 49 | General | Brahmin

- Senior Advocate in Dehri Anumandal 
- Practising since 2002
- Tele Law Panel Lawyer, Justice of India (2018 - Till Now)
- Notery Public
",,,,"Sudhir Kumar | Male | 49 | General | Brahmin

- Senior Advocate in Dehri Anumandal 
- Practising since 2002
- Tele Law Panel Lawyer, Justice of India (2018 - Till Now)
- Notery Public
",,,,,,,,No,,,,
Rohtas,Dehri,Akodhigola,Sangathan Zila Upadhyaksh,Subhash Ram,,Late Ishwar Ram,8873582660.0,58.0,,Male,Chamaar,"Subhash Ram | Male | 58 | SC | Chamar 


- Defacto Incumbent Mukhiya 2021 (Daughter in law Sunita Devi)
 - Got total vote 3683 and win the margin with 1934 vote (2021)
- Three term runner up mukhiya (2001, 2011, 2016)
- Intermediate 
",,,,"Subhash Ram | Male | 58 | SC | Chamar 


- Defacto Incumbent Mukhiya 2021 (Daughter in law Sunita Devi)
 - Got total vote 3683 and win the margin with 1934 vote (2021)
- Three term runner up mukhiya (2001, 2011, 2016)
- Intermediate 
",,,,,,,,No,,,,
Rohtas,Dehri,Dehri,Sangathan Zila Upadhyaksh,Jitendra Bhagat,,Krishna Bhagat,9452366208.0,50.0,,Male,Kurmi,"Contested 2016 Mukhiya election, secured 856 votes, second runner-up
Contested 2020 ZP election, secured 8753 votes
Worked as campaign manager for former MLA Pradeep Joshi and Jyoti Rashmi",Wrong Number ,,,"Contested 2016 Mukhiya election, secured 856 votes, second runner-up
Contested 2020 ZP election, secured 8753 votes
Worked as campaign manager for former MLA Pradeep Joshi and Jyoti Rashmi",,,,,,,,No,,,,
Rohtas,Dehri,Akodhigola,Sangathan Zila Upadhyaksh,Amrendra Kumar Singh,,Rameqbal Singh,8294978377.0,44.0,,Male,Rajput,"Amrendra Kumar Singh | Male | 44 | General | Rajput 

- Director International Public School, Akorhigola
- Former BJP Block Treasurer
-  Property dealer
",,,,"Amrendra Kumar Singh | Male | 44 | General | Rajput 

- Director International Public School, Akorhigola
- Former BJP Block Treasurer
-  Property dealer
",,,,,,,,No,,,,
Rohtas,Dehri,Akodhigola,Sangathan Zila Sachiv,Vinay Sah,,Dinesh Sah,9162690906.0,45.0,,Male,Kanu,"Vinay Sah | Male | 45 | EBC | Kanu

- Three terms Incumbant Sarpanch (2021, 2016, 2011)
- Ensures win on General seat
- Specially Abled Person
",,,,"Vinay Sah | Male | 45 |EBC| Kanu
- Three terms Incumbant Sarpanch (2021, 2016, 2011)
- Ensures win on Generalseat
- Specially Abled Person",,,,,,,,No,,,,
Rohtas,Dehri,Nawhatta,Sangathan Zila Sachiv,Ram Pravesh Paswan,,Karmu Ram,9006644787.0,51.0,,Male,Paswan,"Ram Pravesh Paswan | Male | 51 | SC | Paswan 

- Incumbent Block Sarpanch Sangh Adhyaksh
- Incumbent first term Sarpanch (2021-now) margin- 904 votes.
- Sansad Pratinidhi (Sasaram)
- ZP runner-up (2001-06)
-Son is in (IFS),Posted in Rajgir",,,,"Ram Pravesh Paswan | Male | 51 | SC | Paswan 

- Incumbent Block Sarpanch Sangh Adhyaksh
- Incumbent first term Sarpanch (2021-now) margin- 904 votes.
- Sansad Pratinidhi (Sasaram)
- ZP runner-up (2001-06)
-Son is in (IFS),Posted in Rajgir",,,,,,,,Nauhatta_33,,,,
Rohtas,Dehri,Akodhigola,Sangathan Zila Sachiv,Jitendra Singh,,Panchu Singh,7020384046.0,47.0,,Male,Kushwah,"Jitendra Singh | Male | 47 | OBC | Kushwaha

- Incumbant PACS 2021
- Contractor (Mechanical) state level
- His Late Ramchandra Singh uncle contested assembly election from Congress-J in 1990
- His uncle was JD(U) District President (2017-2020)
",,,,"Jitendra Singh | Male | 47 | OBC | Kushwaha

- Incumbant PACS 2021
- Contractor (Mechanical) state level
- His Late Ramchandra Singh uncle contested assembly election from Congress-J in 1990
- His uncle was JD(U) District President (2017-2020)
",,,,,,,,No,,,,
Rohtas,Sasaram,Karahgar,Sangathan Zila Mahasachiv,Arjun Prasad Gupta,,Dharam Dev Sah,8084831084.0,55.0,,Male,Halwai,"Arjun Prasad Gupta | Male | 55 | EBC | Halwai | 

- LJP Atipichda Prakosth Zila Adhayaksha - 2012-16
- LJP Prakhand Adhayaksha 2002-12
- Vaisya Samaj Prakhand Adhayaksha 2004- Present 
- Kanu Haluwai Samaj Sangathan Adhayaksha 2004- Present
- Sarpanch Runnerup 2021
",,,,"Arjun Prasad Gupta | Male | 55 | EBC | Halwai | 

- LJP Atipichda Prakosth Zila Adhayaksha - 2012-16
- LJP Prakhand Adhayaksha 2002-12
- Vaisya Samaj Prakhand Adhayaksha 2004- Present 
- Kanu Haluwai Samaj Sangathan Adhayaksha 2004- Present
- Sarpanch Runnerup 2021
",,,,,,,,Kargahar_9,,,,
Rohtas,Sasaram,Sheosagar,Sangathan Zila Mahila Adhyaksh,Rinki Kushwaha,,Kamakhya Narayan Singh,9304431517.0,44.0,,Female,Koiri,"Rinki Kushwaha | Female | 44 | OBC | Kushwaha | 

- President of Aazad Gram Jeevika Sanghatan Tekari
- Working as Jeevika President Since eight Years
- Strong hold in female Community",,,,"- President of Aazad Gram Jeevika Sanghatan Tekari
- Working as Jeevika President Since eight Years
- Strong hold in female Community",,,,,,,,No,,,,
Rohtas,Sasaram,Karaghar,Sangathan Zila Abhiyan Samiti Sanyojak,Sanjay Baitha,,Late Ramdev Ram,9110173732.0,48.0,,Male,Dhobi,"Sanjay Baitha | Male | 48 | SC | Dhobhi | 

Defacto ZP 2016, Manju Devi
-ZP Runner up 2021, got 10,000 Votes
Education-Intermediate -",,,,"Sanjay Baitha | Male | 48 | SC | Dhobhi | 

Defacto ZP 2016, Manju Devi
-ZP Runner up 2021, got 10,000 Votes
Education-Intermediate -",,,,,,,,Kargahar_8,,,,
Rohtas,Sasaram,Sasaram,Sangathan Zila Karyalay Prabhari,"Baban Kumar Thakur alias 
Baban Vidrohi",,Triveni Thakur,8863969888.0,52.0,,Male,Nai,"Baban Kumar Thakur | Male | 52 | EBC | Nai 

- BDC 2006
- Zila Parshad Contastant Nauhata 2012
- Sanyojak of Rohtas Garh Mahotsav 2013
- Kaimuranchal Vikas Morcha Sanyojak 2008
- MSC Geography
",,,,"Baban Kumar Thakur | Male | 52 | EBC | Nai 

- BDC 2006
- Zila Parshad Contastant Nauhata 2012
- Sanyojak of Rohtas Garh Mahotsav 2013
- Kaimuranchal Vikas Morcha Sanyojak 2008
- MSC Geography
",,,,,,,,No,,,,
Rohtas,Sasaram,Sasaram Nagar Nigam,Sangathan Zila Upadhyaksh,Rama Shankar Thakur,,Vishwanath Thakur,9523111030.0,56.0,,Male,Nai,"Rama Shankar Thakur | Male | 56 | EBC | Nai 

- Incumbment three time Ward Prashad 2012,2017,2022
",,,,"Rama Shankar Thakur | Male | 56 | EBC | Nai 

- Incumbment three time Ward Prashad 2012,2017,2022
",,,,,,,,No,,,,
Rohtas,Sasaram,Sasaram,Sangathan Zila Upadhyaksh,Ashok Chandrawanshi,,Lalan Chandravansi,9097145476.0,55.0,,Male,Kahaar,"Ashok Chandravanshi | Male | 55 | EBC | Kahar 

- Former BDC Member 2016
- Zila Parishad runner up 2011
- Mukhiya Runner Up 2006
- Literacy Campaign Coordinator 1999 - 2000, it is Govt. Of Bihar Program
",,,,"Ashok Chandravanshi | Male | 55 | EBC | Kahar 

- Former BDC Member 2016
- Zila Parishad runner up 2011
- Mukhiya Runner Up 2006
- Literacy Campaign Coordinator 1999 - 2000, it is Govt. Of Bihar Program
",,,,,,,,No,,,,
Rohtas,Sasaram,Sasaram NN,Sangathan Zila Upadhyaksh,Dr. Sachidanand Singh,,Vindhyanchal Singh,9473181705.0,45.0,,Male,Rajput,"Dr. Sachidanand Singh | 9473181705 | Male | 45 | General | Rajput | Doctor
- Run a clinic in sasaram
- Prominent Farmer",Call Connected,,Not Interested,"Dr. Sachidanand Singh | 9473181705 | Male | 45 | General | Rajput | Doctor
- Run a clinic in sasaram
- Prominent Farmer",,,,,,,,No,,,he will not fight the election and he is a voter of urban area and has no desire to fight the election.,
Rohtas,Sasaram,Sasaram,Sangathan Zila Upadhyaksh,Abhishek Rungta,,Late Santosh Kumar Rungta,9693196999.0,47.0,,Male,Marwari,"Abhishek Rungta | Male | 47 | OBC | Marwari

- Mayor Election  Runner- up 2022
- Businessman Sasaram
- Grand Father Built Hazarimal Rungta Middle School 1943
- Grand Father Built SriKrishna Gaushala 1925 
",,,,"Abhishek Rungta | Male | 47 | OBC | Marwari

- Mayor Election  Runner- up 2022
- Businessman Sasaram
- Grand Father Built Hazarimal Rungta Middle School 1943
- Grand Father Built SriKrishna Gaushala 1925 
",,,,,,,,No,,,,
Rohtas,Sasaram,Karaghar,Sangathan Zila Upadhyaksh,Saroj Kumar,,Ram Kera Ram,9304515157.0,55.0,,Male,Dhobi,"Saroj kumar | Male | 55 | SC | Dhobi | 9304515157|

-Mukhiya 2016-2021
-Prakhand Committe Member JDU",,,,"Saroj kumar | Male | 55 | SC | Dhobi | 9304515157|

-Mukhiya 2016-2021
-Prakhand Committe Member JDU",,,,,,,,No,,,,
Rohtas,Sasaram,Sasaram,Sangathan Zila Sachiv,Arun Kumar Pandey,,Late Jagdish Pandey,7970440634.0,52.0,,Male,Brahamin,"Arun Kumar Pandey | Male | 52 | General | Brahmin 

- LJP Loksewak Ramvilas Smriti Manch District President (2019-24)
-  Defacto Mukhiya (Bhabhi) 2001-06
- RLSP Block President Sasaram 2014-19
",,,,"Arun Kumar Pandey | Male | 52 | General | Brahmin 

- LJP Loksewak Ramvilas Smriti Manch District President (2019-24)
-  Defacto Mukhiya (Bhabhi) 2001-06
- RLSP Block President Sasaram 2014-19
",,,,,,,,No,,,,
Rohtas,Sasaram,Sasaram,Sangathan Zila Sachiv,Laxman Ram,,Jamuna Ram,9431843804.0,55.0,,Male,Chamaar,"Laxman Ram | Male | 55 | SC | Chamar 

- Two term Former Mukhiya (2011,2006)
- ZP runner up got 4500 vote. (2021)
- 2nd  Mukhiya Runner Up on General Seat (2016)
- Active member of BJP (Till 2021)
",,,,"Laxman Ram | Male | 55 | SC | Chamar 

- Two term Former Mukhiya (2011,2006)
- ZP runner up got 4500 vote. (2021)
- 2nd  Mukhiya Runner Up on General Seat (2016)
- Active member of BJP (Till 2021)
",,,,,,,,Sasaram_16,,,,
Rohtas,Sasaram,,Sangathan Zila Sachiv,Md Zaved Alam alias Jugnoo alam,,Md Mazid Rain,9905526203.0,28.0,,Male,Muslim,"Md Zaved Alam alias Jugnoo alam | Male | 28 | Minority | Muslim | 9905526203|

ZP election contestants 2021  Got 5248 Votes
Businessman ( Fish Supplier)
Education Intermediate",,,,"Md Zaved Alam alias Jugnoo alam | Male | 28 | Minority | Muslim | 9905526203|

ZP election contestants 2021  Got 5248 Votes
Businessman ( Fish Supplier)
Education Intermediate",,,,,,,,Kargahar_10,,,,
Rohtas,Sasaram,Kochas,Sangathan Zila Sachiv,Dhanji Sharma,,Late Ramvilas Sharma,9939399403.0,47.0,,Male,Nai,"Dhanji Sharma | Male | 47 | EBC | Nai | 9939399403 | Ex-Zila Parishad

- Former Zila Parishad 2016
- Zila Parishad Third Runner Up 2021
- 3 Time Mukhiya Runner Up 2006, 2011 and 2016
",,,,"Dhanji Sharma | Male | 47 | EBC | Nai | 9939399403 | Ex-Zila Parishad

- Former Zila Parishad 2016
- Zila Parishad Third Runner Up 2021
- 3 Time Mukhiya Runner Up 2006, 2011 and 2016
",,,,,,,,No,,,,
Rohtas,Bikramganj,Dinara,Zila Upadhyaksh,Sunita Kumari,,Manoj Kumar Chaudhary,7488220462.0,35.0,,EBC,Rajput,"Sunita Kumari | Female | 35 | EBC | Nonia | 7488220462 | Activist

- Saksharta Mission Cordinator (Handle 22 panchayat)  2012-18
- ODF Nodle Officer bhui panchayat make 1200 Toilets
- Contractor (Supply Ration in MDM)
- Participated in Various Govermnet Campaign
",,,,"Sunita Kumari | Female | 35 | EBC | Nonia | 7488220462 | Activist

- Saksharta Mission Cordinator (Handle 22 panchayat)  2012-18
- ODF Nodle Officer bhui panchayat make 1200 Toilets
- Contractor (Supply Ration in MDM)
- Participated in Various Govermnet Campaign
",,,,,,,,No,,,,
Rohtas,Sasaram,Shivsagar,Zila Sachiv,Rohit Pandey,,Shree Jeet Narayan Pandey,6202379502.0,35.0,,Male,Brahmin,"Rohit Pandey| Male | 35 | General | Brahmin

- Ex- Adhyaksh BJP Yuva Morcha block
- Pro-active Youth face in the block
",,,,"Rohit Pandey| Male | 35 | General | Brahmin

- Ex- Adhyaksh BJP Yuva Morcha block
- Pro-active Youth face in the block
",,,,,,,,Sheosagar_11,,,,
Rohtas,Bikramganj,Bikramganj,Sangathan Zila Upadhyaksh,Chandani Kumari,,Kamal Kishore Pandey,7482081817.0,35.0,,Female,Brahmin,"Chandani Kumari | Female | 35 | General | Brahmi | 7482081817 |

- Highly active member in jeevika 2017 - 2025
- social worker and divoted to his people ",,,,"Chandani Kumari | Female | 35 | General | Brahmi | 7482081817 |

- Highly active member in jeevika 2017 - 2025
- social worker and divoted to his people ",,,,,,,,No,,,,
Rohtas,Dehri,Chenari,Sangathan Zila Upadhyaksh,Phulmati Kumari,,Ravi Bhushan Singh,7250854034.0,35.0,,Female,Kushwaha,"District Coordinator at Sukanya Care NGO since Jan 2024
Working as a trainer in Bihar Shiksha Pariyojna at block level since 2006
Actively raises awareness on women’s health and education
Influencer among women in the Chenari AC",,,,"District Coordinator at Sukanya Care NGO since Jan 2024
Working as a trainer in Bihar Shiksha Pariyojna at block level since 2006
Actively raises awareness on women’s health and education
Influencer among women in the Chenari AC",,,,,,,,No,,,,
Rohtas,Dehri,Akodhigola,Sangathan Zila Upadhyaksh,Munna Ram,,Harigovind Ram,8292859374.0,35.0,,Male,Chamaar,"Munna Ram | Male | 35 | SC | Chamar

- Incumbent Mukhiya (2021)
- Jagran news reporter
- Clerk in electricity department, Bihar
",,,,"Munna Ram | Male | 35 | SC | Chamar

- Incumbent Mukhiya (2021)
- Jagran news reporter
- Clerk in electricity department, Bihar
",,,,,,,,No,,,,
Rohtas,Dehri,Tilouthu,Sangathan Zila Sachiv,Dharmendra Kumar Dubey,,Basudev Dubey,8102945358.0,35.0,,Male,Brahamin,"Dharmendra Kumar Dubey | Male | 35 | General | Brahamin

- Incumbment Mukhiya 2021
- Father Mukhiya 2011-2016
",,,,"Dharmendra Kumar Dubey | Male | 35 | General | Brahamin

- Incumbment Mukhiya 2021
- Father Mukhiya 2011-2016
",,,,,,,,No,,,,
Bhojpur,Piro,Charpokhari,Zila Sachiv,Atri ji Tiwari,,Dhanjee Tiwari,917033355856,34.0,Male,General," Brahmin
","Atri ji Tiwari  | Male| 34| GEN| Brahmin

-  Block Pramukh Runner-up  2021 (lost the election in a toss)
- Incumbent BDC (2021-till now)
- Worked as a Civil engineer in the Ministry of Rural Development Department (Bihar). 
",,,,"Atri ji Tiwari | Male| 34| GEN| Brahmin
- Prakhand Pramukh Runner-up 2021 (lost the election in a toss)
- Incumbent BDC (2021-till now)
- Worked as a Civil engineer in the Ministry of Rural Development Department (Bihar).",,,,,,,,No,,,,
Bhojpur,Ara Sadar,Udwantnagar,Zila Sachiv,Rekha Kumari Paswan,,Ritesh Paswan,917903149306,34.0,Male,SC," Paswan
","Rekha Kumari Paswan | Female| 34| SC| Paswan

- ZP Runner-Up (2021) got 5600 votes
- Co-owner of Jagriti Hospital, Ara 
-She organises free medical camps quarterly in Bhojpur district
",,,,"Rekha Kumari Paswan | Female| 34| SC| Paswan
- ZP Runner-Up (2021) got 5600 votes
- Co-owner of Jagriti Hospital, Ara -She organises free medical camps quarterly in Bhojpur district",,,,,,,,No,,,,
Bhojpur,Piro,Piro NP,Sangathan Zila Upadhyaksh,Gulab Chand Yadav,,Jitan Singh Yadav,916201603855.0,34.0,Male,OBC,Yadav,"Gulab Chand Yadav | Male| 34| OBC| Yadav

- Incumbent defacto Ward Parshad Piro NP (2022- till now)
- JDU Tarari Block President (2020-21).
- Incumbent defacto BDC (2021- till now)
- Defacto Runner-up Ward Member of  ward no.9 (2017)",,,,"Gulab Chand Yadav | Male| 34| OBC| Yadav

- Incumbent defacto Ward Parshad Piro NP (2022- till now)
- JDU Tarari Block President (2020-21).
- Incumbent defacto BDC (2021- till now)
- Defacto Runner-up Ward Member of  ward no.9 (2017)",,,,,,,,No,,,,
Bhojpur,Arrah Sadar,Gadhani,Sangathan Zila Sachiv,Vimal Singh,,Arun Kumar Singh,919955133357.0,34.0,Male,OBC,Yadav,"Vimal Singh | Male| 34| OBC| Yadav

-Former Block Pramukh (2021-May 2024)
- Incumbent BDC (2021-till now)
-Owns a poultry farm.",,,,"Vimal Singh | Male| 34| OBC| Yadav

-Former Prakhand Pramukh (2021-May 2024)
- Incumbent BDC (2021-till now)
-Owns a poultry farm.",,,,,,,,Garhani_9,,,,
Bhojpur,Jagdishpur,Jagdishpur,Sangathan Zila Upadhyaksh,Dhanu Kumar Chaudhary,,Shree Shiv Balak Chaudhary,9661103110.0,34.0,Male,SC,Bind,"-Defecto Mukhiya (2021-2025)
-R.j.d Anumandal Upadakhyh(2018-2021)",Not Received ,,,"-Defecto Mukhiya (2021-2025)
-R.j.d Anumandal Upadakhyh(2018-2021)",,,,,,,,No,,,,
Buxar,Dumraon,Dumraon NP,Zila Sachiv,Vikas Pathak,,Vijay Shankar Pathak,8002002809.0,34.0,Male,Gen,Brahman,"Vikas Pathak | Male | 32 | General | Brahmin

- Ex VHP Karyakarni Zila Adhyaksha (2020-2024)
- Ex Dumraon Prakhand Adhyaksha Vishwa Hindu Parishad (2018-2023)
- Rastriya Hindu Nav Ekta Dal (2014-18)
- Socially & Politically active in his District & Block Level
-Food distribution in Dalit Basti of Dumraon on Monday, Thursday & Saturday.",,,,"Vikas Pathak | Male | 32 | General| Brahmin

- Ex VHP Karyakarni Zila Adhyaksha (2020-2024)
- Ex Dumraon Prakhand Adhyaksha Vishwa Hindu Parishad (2018-2023)
- Rastriya Hindu Nav Ekta Dal (2014-18)
- Socially & Politically active in his District & Prakhand Level
-Food distribution in Dalit Basti of Dumraon on Monday, Thursday & Saturday.",,,,,,,,No,,,,
Kaimur,Bhabua,Rampur,Sangathan Zila Sachiv,Anil Baitha,No,Baban Baitha,7250536076.0,34.0,Male,SC,Dhobi,"Anil Baitha | 34 | Male | SC | Dhobi
- De-facto Mukhiya since 2016 as wife Seema Devi is the de-jure mukhiya.
- Got 1800+ & ~1500 votes in 2016 & 2021 Mukhiya elections respectively.
",,,,"Anil Baitha | 34 | Male | SC | Dhobi
- De-facto Mukhiya since 2016 as wife Seema Devi is the de-jure mukhiya.
- Got 1800+ & ~1500 votes in 2016 & 2021 Mukhiya elections respectively.
",,,,,,,,No,,,,
Rohtas,Sasaram,Sasaram NN,Sangathan Zila Mukhya Pravakta,Chandan lal Kushwaha,,Kamal Narayan Singh,9117943846.0,34.0,,Male,Kushwaha,"Chandan lal Kushwaha | 34 | Male | OBC | Kushwaha

- Former Zila Pravakta HAM (2022- 24)
- Bhartiya Savlok Party Zila Yuva Adhyaksha (2019-22)
- Sangathan Sachiv RLSP (2013-16)
- Deputy mayor contestant Sasaram -2022
",,,,"Chandan lal Kushwaha | 34 | Male | OBC | Kushwaha

- Former Zila Pravakta HAM (2022- 24)
- Bhartiya Savlok Party Zila Yuva Adhyaksha (2019-22)
- Sangathan Sachiv RLSP (2013-16)
- Deputy mayor contestant Sasaram -2022
",,,,,,,,No,,,,
Buxar,Buxar,Itarhi,Zila Sachiv,Arun Paswan,,Jitu Paswan,7562897177.0,33.0,Male,SC," Dusadh

","Arun Paswan | Male | 33 | SC | Dusadh

- Former District President BJYM (2020 to September 2024).
- Actively participated in various protests, notably advocating for salary increments for Jeevika Didis.
- His father, Jiut Paswan, contested the Mukhiya election in 2016, losing by a narrow margin.
- His mother has served as a Ward Member for two consecutive terms, showcasing a strong family involvement in grassroots politics.
- he is advocates for marginalized communities and local issues.",,,,"Arun Paswan | Male | 33 | SC| Dusadh

- Former District President BJYM (2020 to September 2024).
- Actively participated in various protests, notably advocating for salary increments for Jeevika Didis.
- His father, Jiut Paswan, contested the Mukhiya election in 2016, losing by a narrow margin.
- His mother has served as a Ward Member for two consecutive terms, showcasing a strong family involvement in grassroots politics.
- he is advocates for marginalized communities and local issues.",,,,,,,,No,,,,
Buxar,Dumraon,Simri,Sangathan Zila Upadhyaksh,Subash Gond,,Vimal Gond,8651540201.0,33.0,Male,ST,Gond,"Subash Gond | Male | 33 | ST | Gond

-Incumbent BDC of Gangauli panchayat.
-First runner-up ,lost by a margin of 6 votes (2016)
-Father was Panch (2011-2016)",,,,"Subash Gond | Male | 33 | ST | Gond

-Incumbent BDC of Gangauli panchayat.
-First runner-up ,lost by a margin of 6 votes (2016)
-Father was Panch (2011-2016)",,,,,,,,No,,,,
Buxar,Dumraon,Simri,Sangathan Zila Sachiv,Rahul kumar Thakur,,Late Mahesh Thakur,8873772800.0,33.0,Male,Gen,Bhumihar,"PAC’S adhyaksh of gangauli panchayat from 2019 to 2024 

Runnerup PAC’S in 2024",Call Connected,,,"Rahul Kumar Thakur | Male | 33 | Gen | Bhumihar
- PACS Adhyaksh Gangauli panchayat (2019 - 2024) 
- Runnerup PACS 2024",,,,,,mukhiya,,No,,,,
Kaimur,Mohania,Kudra,Sangathan Zila Yuva Adhyaksh,Pravin Kumar Singh,Kudra_6,Gorakh Singh,8340420377.0,33.0,,Gen,Rajput,"Praveen Kumar Singh | 33 | Male | General | Rajput 

- Former BJP Youth Kudra Block President (2019-2021).
- Runner up of Sarpanch Election in 2021 & gots 870 votes. 
- Businessman transport and contractor.

",Call Connected,,Interested,"Praveen Kumar Singh | 33 | Male | General | Rajput 

- Former BJP Youth Kudra Block President (2019-2021).
- Runner up of Sarpanch Election in 2021 & gots 870 votes. 
- Businessman transport and contractor.

",,,,,,,,Kudra_6,Kudra - 6,Yes,,
Kaimur,Bhabua,Bhabua,Sangathan Zila Upadhyaksh,Pushpa Mishra,No,Vidyanchal Chaubey,7759941075.0,33.0,,Gen,Brahmin,"Maa Mundeshwari NGO Members
-Working as Academic coordinator in Sunbeam Academy in Durgakund
-Working as Economics faculty and also as Academic coordinator  in DAV SCHOOL BHABUA,(2018-24)
- M.COM IIT Kharagpur",,,,"Maa Mundeshwari NGO Members
-Working as Academic coordinator in Sunbeam Academy in Durgakund
-Working as Economics faculty and also as Academic coordinator  in DAV SCHOOL BHABUA,(2018-24)
- M.COM IIT Kharagpur",,,,,,,,No,,,,
Kaimur,Mohania,Durgawati,Sangathan Zila Upadhyaksh,Md Maruf Khan,No,Md Ibrar Khan,6204993699.0,33.0,,Minority,Muslim,"Md Maruf Khan | Male | 33 | Minority | Muslim
 
Former Block Prsident of RJD(2019-24)
Was associated with AAP(2016-18)
Run Transport Business (Heavy Vehicles)
Graduated in 2018",,,,"
Former Prakhand Prsident of RJD(2019-24)
Was associated with AAP(2016-18)
Run Transport Business (Heavy Vehicles)
Graduated in 2018""",,,,,,,,No,,,,
Bhojpur,Jagdishpur,Jagdishpur,Sangathan Zila Upadhyaksh,Amit Kumar,,Parmod Sah,7992424752.0,32.0,Male,EBC,Kesari,"-L.J.P Prakhand Adhyaksh (2018-2021)
- Ex. BDC member (2016-2021)",Call Connected,,Not Interested,"Amit Kumar | Male | 32 | EBC  | Baniya -L.J.P Prakhand Adhyaksh (2018-2021)
- Ex. BDC member (2016-2021)",,,,,,,,No,,,,
Kaimur,Bhabua,Adhaura,Sangathan Zila Yuva Adhyaksh,Md. Arif,No,Julfekar Hussain,6200299679.0,32.0,,OBC,Minority,"Md. Arif | 32 | Male | OBC | Minority 

-He was  PACS runner-up from Jamuninar Panchayat and lost the election to his uncle. Aslam Ansari By 43 votes in 2019. 
-He is contractor in Bhawan Nirman dept. from 8 years. 
-Awarded by Lohiya Swachha Abhiyan. 
-His Father is very reputed person being a govt. middle school teacher. 
-Owns businesses of logistics in Bhabhua town.",,,,"Md. Arif | 32 | Male | OBC | Minority 

-He was  PACS runner-up from Jamuninar Panchayat and lost the election to his uncle. Aslam Ansari By 43 votes in 2019. 
-He is contractor in Bhawan Nirman dept. from 8 years. 
-Awarded by Lohiya Swachha Abhiyan. 
-His Father is very reputed person being a govt. middle school teacher. 
-Owns businesses of logistics in Bhabhua town.",,,,,,,,No,,,,
Kaimur,Bhabhua,Chainpur,Sangathan Zila Mahila Adhyaksh,Sarita Devi,No,Mantu Kumar,7488087848.0,32.0,Female,EBC," Bind
","Sarita Devi | 32 | Female | EBC | Bind

- Former VIP Zila Upadhyaksh Mahila Wing (2019-2022).
- Former BJP Zila Upadhyaksh Mahila Wing(2022-2023). 
",,,,"Sarita Devi | 32 | Female | EBC | Bind

- Former VIP Zila Upadhyaksh Mahila Wing (2019-2022).
- Former BJP Zila Upadhyaksh Mahila Wing(2022-2023). 
",,,,,,,,No,,,,
Kaimur,Mohania,Mohania,Sangathan Zila Sachiv,Adarsh kumar Pandey,No,Late Manu Pratap Pandey,8651257867.0,32.0,Male,Gen,Brahamin,"Adarsh kumar Pandey | 32 | Male | GEN. | Brahmin
-Sarpanch sangh Prakhand Upadhyaksh(2021-present)
-Incumbent Sarpanch from Bharkhar Panchayat(2021-present)
-Active in Block level politics ",,,,"Adarsh kumar Pandey | 32 | Male | GEN. | Brahmin
-Sarpanch sangh Prakhand Upadhyaksh(2021-present)
-Incumbent Sarpanch from Bharkhar Panchayat(2021-present)
-Active in Block level politics ",,,,,,,,No,,,,
Rohtas,Sasaram,Kochas,Sangathan Zila Upadhyaksh,Pramod Kumar Singh,,Ravindra Prasad Singh,9122567490.0,32.0,,Male,Yadav,"Pramod Kumar Singh | Male | 32 | OBC | Yadav 

- Former RJD Yuva District General Secretary 2022-2024 October
- Former RJD Yuva Block President Kochas 2019-2022
- Former General Secretary CRJD at Veer Kumar University in 2018-2019

",,,,"Pramod Kumar Singh | Male | 32 | OBC | Yadav 

- Former RJD Yuva District General Secretary 2022-2024 October
- Former RJD Yuva Block President Kochas 2019-2022
- Former General Secretary CRJD at Veer Kumar University in 2018-2019

",,,,,,,,No,,,,
Bhojpur,Piro,Piro,Sangathan Zila Sachiv,Rajkumar Yadav,,Jitan Singh Yadav,916207976947.0,31.0,Male,OBC,Yadav,"Rajkumar Yadav | Male| 31| OBC| Yadav

-Incumbent  Ward Parshad (ward no-2)
- Defacto ward parshad (ward no-13)",,,,"Rajkumar Yadav | Male| 31| OBC| Yadav

-Incumbent  Ward Parshad (ward no-2)
- Defacto ward parshad (ward no-13)",,,,,,,,No,,,,
Kaimur,Bhabhua,Chainpur,Zila Sachiv,Rakesh Kumar Ram,No,Ram Krit Ram,9798970540.0,31.0,Male,SC," Chamar
","Rakesh Kumar Ram | 31 | Male | SC | Chamar
Former Zila Mahasachiv in BSP (2018-2023)
His Sister was also a BDC (2006). He has resigned from BSP in 2023",,,,"Rakesh Kumar Ram | 31 | Male | SC | Chamar
Former Zila Mahasachiv in BSP (2018-2023)
His Sister was also a BDC (2006). He has resigned from BSP in 2023",,,,,,,,No,,,,
Rohtas,Dehri,Akodhigola,Zila Upadhyaksh,Dr. C. K. Singh,,Chhatthu Singh,6203822083.0,31.0,,Male,Yadav,"Dr. C. K. Singh | 31 | Male | OBC | Yadav 

- BAMS Doctor
- Runs a nursing home
- Former Chikitsak Cell District President, RJD 
- Director J J Memorial clinic, Akorhigola
- Former member Hindu Rashtra Sewa Dal",,,,"Dr. C. K. Singh | 31 | Male | OBC| Yadav 
- BAMS Doctor
- Runs a nursing home
- Former Chikitsak Cell District President, RJD 
- Director J J Memorial clinic, Akorhigola
- Former member Hindu Rashtra Sewa Dal",,,,,,,,No,,,,
Bhojpur,Piro,Charpokhari,Sangathan Zila Sachiv,Pankaj Kr singh,,Rama Singh,917654768759.0,30.0,Male,OBC,Yadav,"Pankaj Kumar Singh | Male| 30| OBC| Yadav

""- Ex RJD Youth District Secretory (2021-22)
- Runs NGO ( Free Education Camp for marginalised People. 
-Social Activist
- His father was Mukhiya (1978-2000).",,,,"Pankaj Kumar Singh | Male| 30| OBC| Yadav

""- Ex RJD Youth District Secretory (2021-22)
- Runs NGO ( Free Education Camp for marginalised People. 
-Social Activist
- His father was Mukhiya (1978-2000).",,,,,,,,No,,,,
Bhojpur,Piro,Piro,Sangathan Zila Sachiv,Pinki Kumari,,Jawahar Paswan,9304684063.0,30.0,Female,Sc,Dusadh,"Pinki Kumari | Female | 30 | SC | Dusadh

-Runs Divya Emergency Hospital
-Active in College Politics",,,,"Pinki Kumari | Female | 30 | SC | Dusadh

-Runs Divya Emergency Hospital
-Active in College Politics",,,,,,,,No,,,,
Bhojpur,Jagdishpur,Jagdishpur,Sangathan Zila Sachiv,Anshu pal,,Surendra Pal,8538963205.0,30.0,Male,EBC,Gaderi,"Anshu Pal | Male | 30 | EBC | Gaderi

-Incumbent BDC (2021)
-BDC Runner UP 2016",No Incoming ,,,"Anshu Pal | Male | 30 | EBC | Gaderi

-Incumbent BDC (2021)
-BDC Runner UP 2016",,,,,,,,No,,,,
Kaimur,Mohania,Mohania,Sangathan Zila Upadhyaksh,Dharmendra Kumar Maurya,No,Chandrama Mahto,7903296256.0,30.0,Male,OBC,Kushwah,"Dharmendra Kumar Maurya | 30 | Male | OBC | Kushwaha
-Sachiv of Budh Ambedkar Jagdev Vichar Manch
-Star Campaigner for JDU in the Vidhan sabha election-2020
-Lead Sadasyata Abhiyaan for JDU in Kaimur District
-Chunav Abhikarta for Ex- MP Mahabali Singh in 2019
-Campaigned for Ex-MLA Anil Maurya (Ghorawal, Sonbhadra)
-Campaigned for Manoj Ram in Loksabha Election-2024
-Campaigned for Om Prakash (Ex-Minister in UP Government)
",Not Received ,,,"-Sachiv of Budh Ambedkar Jagdev Vichar Manch
-Star Campaigner for JDU in the Vidhan sabha election-2020
-Lead Sadasyata Abhiyaan for JDU in Kaimur District
-Chunav Abhikarta for Ex- MP Mahabali Singh in 2019
-Campaigned for Ex-MLA Anil Maurya (Ghorawal, Sonbhadra)
-Campaigned for Manoj Ram in Loksabha Election-2024
-Campaigned for Om Prakash (Ex-Minister in UP Government)",,,,,,,,No,,,,
Rohtas,Sasaram,Karghar,Zila Yuva Adhyaksh,Satyam Pandey,,Late Premnath Pandey,8340153663.0,30.0,,Male,Brahmin,"Satyam Pandey | Male | 35 | General | Brahmin

-Founder Member Yuva Janshakti Sangathan 2016
-Contested Student election for President at Local College, NSUI 2018
-NSUI District Secretary 2018
-Yuva INC Zila Upadhyaksh 2020
-Yuva INC Zila Adhyaksh Feb 2024
",,,,"Satyam Pandey | 26 | Brahmin | General | Male | 8340153663
 - Former Congress Yuva Zila Karyakari Adhyaksh (2022 To 2025); Former Congress Zila Upadhyaksh (2019 To 2022); Former NSUI Sachiv (2018 To 2019); Former Student Union President S.N College NSUI (2018 To 2019); Jan Suraaj Zila Yuva Adhyaksh",,,,,,,,Kargahar_10,,,,
Rohtas,Sasaram,Kochas,Sangathan Zila Yuva Adhyaksh,Dheeraj Gupta,,Kameshwar Prasad,9871475672.0,30.0,,Male,Teli,"Dheeraj Gupta | Male | 30 | EBC | Teli | 

-AAP Pradesh Pravakta Youth Wing 2022- Present
- Activist in Maha Parivartan Aandolan against corruption in Bihar with DGP Vinay Kumar Singh 2021
- Prawakta Kochas NP AKHIL Bhartiya Baishya Samaj 2022
- Akhil Bhartiya Rauniyar Samaj Pravakta Kochas 
- Envirmental Activist With the help of  Forest Department Rohtas",,,,"Dheeraj Gupta | Male | 30 | EBC | Teli | 

-AAP Pradesh Pravakta Youth Wing 2022- Present
- Activist in Maha Parivartan Aandolan against corruption in Bihar with DGP Vinay Kumar Singh 2021
- Prawakta Kochas NP AKHIL Bhartiya Baishya Samaj 2022
- Akhil Bhartiya Rauniyar Samaj Pravakta Kochas 
- Envirmental Activist With the help of  Forest Department Rohtas",,,,,,,,No,,,,
Rohtas,,Nasriganj,Member,Dr Ashok Kumar Singh,,Late Gaya Prasad Singh,6206085911.0,75.0,,General,Rajput,"Dr Ashok Kumar Singh | Male | 75 | General | Rajput

- MLA Contestent karakat Constituency (1985, 1990)
- General Physician (1981- Present)
- IMA member (2001- 2004)
- Owns Hospital in Nasriganj",Call Connected,,Interested,"Dr Ashok Kumar Singh | Male | 75 | General | Rajput

- MLA Contestent karakat Constituency (1985, 1990)
- General Physician (1981- Present)
- IMA member (2001- 2004)
- Owns Hospital in Nasriganj",,,,,,,,No,3.0,Yes,"9572135911, rupesh kumar singh urf nikku. he has contested MLA election twice. called his sonu nikku who is going to fight the ZP election but he didnot recieve the call. call connected, ready to make 20 members committee.",
Rohtas,,Bikramganj,Member,Rama Raman Prasad Singh,,Late Pashupati Singh,8210523368.0,75.0,,General,Rajput,"Raman Singh | Male | 75 | General | Rajput 

- Retd. Chief Engineer from Urban Development Department. Formerly 
posted at Patna, Purnia & Gaya.
- Pursued BTech, MTech in Civil Engineering from IIT Rourkee",,,,"Raman Singh | Male | 75 | General | Rajput 

- Retd. Chief Engineer from Urban Development Department. Formerly 
posted at Patna, Purnia & Gaya.
- Pursued BTech, MTech in Civil Engineering from IIT Rourkee",,,,,,,,No,,,,
Rohtas,,Kochas,Member,Ramashish Paswan,,Late Keshar Paswan,9631193466.0,75.0,,SC,Dusadh,"Ramashish Paswan | Male | 75 | SC | Paswan

- Former Pramukh 2016
- Former BDC 2016
    - Up mukhiya 2006",,,,"Ramashish Paswan | Male | 75 | SC | Paswan

- Former Pramukh 2016
- Former BDC 2016
    - Up mukhiya 2006",,,,,,,,No,,,,
Rohtas,,Sasaram,Member,Hari Narayan Singh,,Late Gaya Singh,9955368300.0,72.0,,OBC ,Yadav,"Hari Narayan  Singh | Male | 72 | OBC | Yadav 

- 4 term incumbent PACS Adayaksh  (2009 - Present)
- PDS Distributer",,,,"Hari Narayan  Singh | Male | 72 | OBC | Yadav 

- 4 term incumbent PACS Adayaksh  (2009 - Present)
- PDS Distributer",,,,,,,,No,,,,
Rohtas,,Kochas,Member,Sri Kamta Saah,,Late Subhag Saah,9123496515.0,70.0,,EBC,Haluwai,"Sri Kamata Saah | Male | 70 | EBC | Haluwai

- Incumbent two terms Mukhiya 2021, 2016
- Prakhand Adhyaksha Kanu/Haluwai Samaj (2021 - Till Now)",,,,"Sri Kamata Saah | Male | 70 | EBC | Haluwai

- Incumbent two terms Mukhiya 2021, 2016
- Prakhand Adhyaksha Kanu/Haluwai Samaj (2021 - Till Now)",,,,,,,,No,,,,
Rohtas,,Sasaram,Member,Ram Sawaras Singh,,Bhola Mahto,9931408766.0,70.0,,OBC ,Kushwaha,"Ram Sawaras Singh | Male | 70 | OBC | Kushwaha

-   Defacto Incumbment Sarpanch
- Socialy Active 
- Sand Business 
- Run a hotel in Sasaram",,,,"Ram Sawaras Singh | Male | 70 | OBC | Kushwaha

-   Defacto Incumbment Sarpanch
- Socialy Active 
- Sand Business 
- Run a hotel in Sasaram",,,,,,,,No,,,,
Rohtas,,Sasaram,Member,Damodar Singh,,Late Ayodhya Singh,9431031718.0,69.0,,General,Rajput,"Subedar damodar Singh | Male | 69 | General | Rajput

- AAP District President Sasaram (2015-16)
- AAP Loksabha Coordinator 2019
- Retired from Army as Subedar in December 2015
- Former Football coach in Danapur Division, Patna
- Football Coach in Shankar Sports Club, District affiliated 
- Owns A Petrol pump in shivsagar
",,,,"Subedar damodar Singh | Male | 69 | General | Rajput

- AAP District President Sasaram (2015-16)
- AAP Loksabha Coordinator 2019
- Retired from Army as Subedar in December 2015
- Former Football coach in Danapur Division, Patna
- Football Coach in Shankar Sports Club, District affiliated 
- Owns A Petrol pump in shivsagar
",,,,,,,,No,,,,
Rohtas,,Nauhatta,Member,Madho Dubey,,Late Ayodhya Nath Dubey,9525273560.0,67.0,,General ,Brahmin,"Madho Dubey | Male | 67 | General | Brahmin

- Former two terms BDC from Tilokhar Panchayat (2006 & 2011)
- Former Block Parmukh (2011 - 2013)
- He is Farmer by profession & is very reputed person in his Block.",,,,"Madho Dubey | Male | 67 | General | Brahmin

- Former two terms BDC from Tilokhar Panchayat (2006 & 2011)
- Former Block Parmukh (2011 - 2013)
- He is Farmer by profession & is very reputed person in his Block.",,,,,,,,No,,,,
Rohtas,,Nasriganj,Member,Satendra Mohan Singh,,Harimohan Singh,6204851616.0,65.0,,OBC ,Yadav,"Satendra Mohan Singh | Male | 65 | OBC | Yadav

- 3 Term Incumbent BDC ( 2006, 2011, 2016)
- BDC Runnerup (2021)
- Former BDC Uppramukh  (2006)
- Father former Mukhiya (1965 - 2006)
- Owns Dharamkata
 ",,,,"Satendra Mohan Singh | Male | 65 | OBC | Yadav

- 3 Term Incumbent BDC ( 2006, 2011, 2016)
- BDC Runnerup (2021)
- Former BDC Uppramukh  (2006)
- Father former Mukhiya (1965 - 2006)
- Owns Dharamkata
 ",,,,,,,,No,,,,
Rohtas,,Rohtas,Member,Shyam Narayan Dubey,,Late Arjun Prasad Dubey,7739175300.0,65.0,,General ,Brahmin,"Shyam Narayan Dubey | Male | 65 | General | Bramhin

- Defecto Ward Sadasya (2006) (Wife)
 - Gayatri Shakti Peeth (22 years)",,,,"Shyam Narayan Dubey | Male | 65 | General | Bramhin

- Defecto Ward Sadasya (2006) (Wife)
 - Gayatri Shakti Peeth (22 years)",,,,,,,,No,,,,
Rohtas,,Dinara,Member,Shyamlal Paswan,,Late Sukhnandan Paswan,9546114018.0,65.0,,SC,Dusadh,"Shyamlal Paswan| Male | 65 | SC | Paswan

- MLC Election Contestant From Rohtas and Kaimur District (2010)
- Former Mukhiya Sangh Adhyaksh 2006
- Former Mukhiya Rajpur Panchayat 2006
- Incumbent Adhyaksh Of Dinara Matsya Jivi Sahyog Samiti Limited 
",Call Connected,,Interested,"Shyamlal Paswan| Male | 65 | SC | Paswan

- MLC Election Contestant From Rohtas and Kaimur District (2010)
- Former Mukhiya Sangh Adhyaksh 2006
- Former Mukhiya Rajpur Panchayat 2006
- Incumbent Adhyaksh Of Dinara Matsya Jivi Sahyog Samiti Limited 
",,,,,,,,Tilouthu_31,,Yes,ready to fight either panchayati election or ZP election.,
Rohtas,,Kochas,Member,Vijay Narayan Singh,,Late Suryanath Singh,7645922080.0,64.0,, OBC , Kurmi ,"Vijay Narayan Singh | Male | 64 | OBC | Kurmi 

- Two Terms Mukhiya 2021, 2001
- Mukhiya runnerup 2016
",,,,"Vijay Narayan Singh | Male | 64 | OBC | Kurmi 

- Two Terms Mukhiya 2021, 2001
- Mukhiya runnerup 2016
",,,,,,,,No,,,,
Rohtas,,Shivsagar,Member,Lallu Bhagat,,Late Ganga Mali,9570872644.0,64.0,,EBC,Mali,"Lallu Bhagat | Male | 64 | EBC | Mali

- Incumbant Mukhiya Sikraur 2021
- Former Mukhiya Contestant Sikraur 2001
- Former CPIML Member 1982-1995
- Politically Active from His Early Age
- Good Speaker
",,,,"Lallu Bhagat | Male | 64 | EBC | Mali

- Incumbant Mukhiya Sikraur 2021
- Former Mukhiya Contestant Sikraur 2001
- Former CPIML Member 1982-1995
- Politically Active from His Early Age
- Good Speaker
",,,,,,,,No,,,,
Rohtas,,Chenari,Member,Awadhesh Kumar Paswan,,Late Ramkeshwar Ram,9934887044.0,64.0,,SC,Dusadh,"Awadhesh Kumar Paswan | Male | 64 | SC | Paswan

- Patna Police Association Secretary Contestant
- Patna Police Association Vice President Contestant
- Former Secretary in Student Federation of Bihar Patna University 1982-88
",,,,"Awadhesh Kumar Paswan | Male | 64 | SC | Paswan

- Patna Police Association Secretary Contestant
- Patna Police Association Vice President Contestant
- Former Secretary in Student Federation of Bihar Patna University 1982-88
",,,,,,,,No,,,,
Rohtas,,Nasriganj,Member,Manawar Hussain,,Late Hadish Ansari,9525418896.0,63.0,, Minority,Muslim,"Manawar Hussain | Male | 63 | Minority | Muslim

 - 2 Term Incumbent PACS 2024,2019
- Former Ward Sadasya 2001
- Son is in Railway
",,,,"Manawar Hussain | Male | 63 | Minority | Muslim

 - 2 Term Incumbent PACS 2024,2019
- Former Ward Sadasya 2001
- Son is in Railway
",,,,,,,,No,,,,
Rohtas,,Akodhigola,Member,Badri Narayan Pandey,,Late Ramdas Pandey,9931850595.0,62.0,,General ,Brahmin,"Badri Narayan Pandey | Male | 62  | General | Brahmin

- Congress Member (1978-88)
- BJP Block Vice Precident Dehri (1990-93)
- He supports Panchayat leaders in elections from outside
- Member of Awaaz munch",,,,"Badri Narayan Pandey | Male | 62  | General | Brahmin

- Congress Member (1978-88)
- BJP Block Vice Precident Dehri (1990-93)
- He supports Panchayat leaders in elections from outside
- Member of Awaaz munch",,,,,,,,No,,,,
Rohtas,,Akodhigola,Member,Rajendra Tiwari,,Late Kapildev Tiwari,8873149544.0,60.0,,General ,Brahmin,"Rajendra Tiwari | Male | 60 | General | Brahmin

- Defacto incumbent Sarpanch (wife Neelam Devi) 2021, 2011
- Defacto BDC (wife Neelam Devi) 2001
- Sarpanch runner-up (wife Neelam Devi) 2016",,,,"Rajendra Tiwari | Male | 60 | General | Brahmin

- Defacto incumbent Sarpanch (wife Neelam Devi) 2021, 2011
- Defacto BDC (wife Neelam Devi) 2001
- Sarpanch runner-up (wife Neelam Devi) 2016",,,,,,,,No,,,,
Rohtas,,Rohtas,Member,"Pradeep Kumar Singh
[Raju Singh]",,Late Satya Narayan Singh,9801052325.0,60.0,, OBC , Kurmi ,"Pradeep Kumar Singh | Male | 60 | OBC | Kurmi

-  Former BDC (2001)
- Landlord approx. 80 bigha",,,,"Pradeep Kumar Singh | Male | 60 | OBC | Kurmi

-  Former BDC (2001)
- Landlord approx. 80 bigha",,,,,,,,No,,,,
Rohtas,,Nasriganj,Member,Motilal Sah,,Late Gaya Sah,9801137311.0,60.0,,EBC,Teli,"Motilal Sah | Male | 60  | Teli

- Incumbent Sarpanch 2021
- Former 3 Term PACs Adhayaksha 2014, 2009
-  Former Ward 2006
- Owns Fertilizer Shop which is issued by Bihar Government
",,,,"Motilal Sah | Male | 60  | Teli

- Incumbent Sarpanch 2021
- Former 3 Term PACs Adhayaksha 2014, 2009
-  Former Ward 2006
- Owns Fertilizer Shop which is issued by Bihar Government
",,,,,,,,No,,,,
Rohtas,,Dinara,Member,Bhagwan Kahar,,Late Bishwanath Prasad,8084921243.0,59.0,,EBC,Kahar,"Bhagwan Kahar | Male | 59 | EBC | Kahar


- Incumbent Mukhiya (2021)
- First Runner up Mukhiya (2016)
- Postman (1980 - 2015 )",,,,"Bhagwan Kahar | Male | 59 | EBC | Kahar


- Incumbent Mukhiya (2021)
- First Runner up Mukhiya (2016)
- Postman (1980 - 2015 )",,,,,,,,No,,,,
Rohtas,,Dehri,Member,Randhir Kumar Sinha,,Late Parasnath Sinha,6200764092.0,58.0,,General,Kayasth,"Randhir Kumar Sinha | Male | 58 | General | Kayasth


- Public Administration Professor at Ramkishore Singh College, Dalmiyanagar
- BJP founder Dehri Unit Tresurer (1980-85)
- ABVP member (1985-87)
- BJYM member (1987-90)
- Participated in Dalmiyanagar movement
- Chitragupta Samaj Kalyan Trust Vice President (2020-Present)",,,,"Randhir Kumar Sinha | Male | 58 | General | Kayasth


- Public Administration Professor at Ramkishore Singh College, Dalmiyanagar
- BJP founder Dehri Unit Tresurer (1980-85)
- ABVP member (1985-87)
- BJYM member (1987-90)
- Participated in Dalmiyanagar movement
- Chitragupta Samaj Kalyan Trust Vice President (2020-Present)",,,,,,,,No,,,,
Rohtas,,Kochas,Member,Lalan Ram,,Budhiram,7764823829.0,58.0,,SC,Chamar,"Lalan Ram | Male | 58 | SC | Chamar

- Incumbent BDC 2021
- BDC Runner up 2011 
- Mukhiya Runner up 2001",,,,"Lalan Ram | Male | 58 | SC | Chamar

- Incumbent BDC 2021
- BDC Runner up 2011 
- Mukhiya Runner up 2001",,,,,,,,No,,,,
Rohtas,,Chenari,Member,Mohammad Seraj Ansari,,Late Abdul Sakur Ansari,8002434069.0,58.0,, Minority,Muslim,"Mohammad Seraj Ansari | Male | 58 | Minority | Muslim

- Former Mukhiya Contestant Pewandi 2001 
- JDU Vishwasutriya Adhyaksh Chenari 2010-15
- JDU Alpsankhyak Adhyaksh Chenari 2015-20
- Incumbant RJD Alpsankhyak Adhyaksh Chenari 2020",,,,"Mohammad Seraj Ansari | Male | 58 | Minority | Muslim

- Former Mukhiya Contestant Pewandi 2001 
- JDU Vishwasutriya Adhyaksh Chenari 2010-15
- JDU Alpsankhyak Adhyaksh Chenari 2015-20
- Incumbant RJD Alpsankhyak Adhyaksh Chenari 2020",,,,,,,,No,,,,
Rohtas,,Bikramganj,Member,Shivnath Prasad,,Late Darbari Shah,8235489832.0,58.0,,EBC,Kanu ,"Shivnath Prasad | Male | 58 | EBC | Kanu 

- Former RJD Jila Sangthan Sachiv (1990 - 1996)
- MLA Election Contestant From Bikramganj Vidhan Sabha in 1995
- Owner of Radha Krishna Misthan Bhandar and Delux Hotel in Bikramganj ",,,,"Shivnath Prasad | Male | 58 | EBC | Kanu 

- Former RJD Jila Sangthan Sachiv (1990 - 1996)
- MLA Election Contestant From Bikramganj Vidhan Sabha in 1995
- Owner of Radha Krishna Misthan Bhandar and Delux Hotel in Bikramganj ",,,,,,,,No,,,,
Rohtas,,Nokha,Member,Jokhan Prasad Ravi,,Late Prameshwar Ram,7070584226.0,57.0,,SC,Chamar,"Jokhan Prasad Ravi | Male | 57 | SC | Chamar

- Incumbent BDC 2021
- Mukhiya Runnerup 2016, 2011, 2001
- CPI (ML) Panchayat Adhayaksha (1984-86)
-Congress Prakhand Adhayaksha (1995-2000)
- BSP Nokha Vidhan Sabaha Adhayaksha (2001-2015)
",,,,"Jokhan Prasad Ravi | Male | 57 | SC | Chamar

- Incumbent BDC 2021
- Mukhiya Runnerup 2016, 2011, 2001
- CPI (ML) Panchayat Adhayaksha (1984-86)
-Congress Prakhand Adhayaksha (1995-2000)
- BSP Nokha Vidhan Sabaha Adhayaksha (2001-2015)
",,,,,,,,No,,,,
Rohtas,,Kargahar,Member,Kamlesh Singh,,Late Parshuram Singh,8521859447.0,57.0,,OBC ,Yadav,"Kamlesh Singh | Male | 52 | OBC |  Yadav

- RJD Kishan Prakosth Jila Adayakshya (2000-2003)
-Mukhiya Contestant Runner-Up",,,,"Kamlesh Singh | Male | 52 | OBC |  Yadav

- RJD Kishan Prakosth Jila Adayakshya (2000-2003)
-Mukhiya Contestant Runner-Up",,,,,,,,No,,,,
Rohtas,,Kargahar,Member,Surendra Tiwari,,Late Ram Bacchan Tiwari,6204452013.0,55.0,,General ,Brahmin," Surendra Tiwari | Male | 55 | General |  Brahmin

- ZP Runner up 2021, 2016, 2011
- Dainik Jagaran Reporter since 2000 
- Brahman Ekta Manch Pradesh Adhyaksh since 2022
- Upadhyaksh International Patrakar Union of India-Nepal Kala Sanskriti Manch
- He was running a School (1998-2002) in Kochas Block
- Provided free education for 4 years in Prathamik Vidyalaya
",,,," Surendra Tiwari | Male | 55 | General |  Brahmin

- ZP Runner up 2021, 2016, 2011
- Dainik Jagaran Reporter since 2000 
- Brahman Ekta Manch Pradesh Adhyaksh since 2022
- Upadhyaksh International Patrakar Union of India-Nepal Kala Sanskriti Manch
- He was running a School (1998-2002) in Kochas Block
- Provided free education for 4 years in Prathamik Vidyalaya
",,,,,,,,Kargahar_8,,,,
Rohtas,,Sasaram,Member,Kalavati Devi,,Santosh Ram,8797268617.0,55.0,,SC,Chamar,"Kalavati Devi | Female | 55 | SC | Chamar

-Four Times Ward Parshad 
- First runner up Ward Prashad",,,,"Kalavati Devi | Female | 55 | SC | Chamar

-Four Times Ward Parshad 
- First runner up Ward Prashad",,,,,,,,No,,,,
Rohtas,,Bikramganj,Member,Anil Kumar Chanchal,,Late Ramnagina Singh,9431839001.0,55.0,,General,Rajput,"Anil Kumar Chanchal | Male | 55 | General | Rajput

- Incumbent Sarpanch Sangh Prakhand Adhyaksh Of Bikramganj 
- Incumbent Sarpanch Sangh Rohtas District Upadhyaksh 
- Incumbent Sarpanch Sangh Bihar Sachiv 
- Four Term Sarpanch From Mani Panchayat ( 2006 , 2011 , 2016, 2021)
- Anisha Devi (Wife )- Former Sarpanch From Mani Panchayat (2006 , 2011) 
-  Former Samta Party Rohtas Zila Upadhyaksh ",,,,"Anil Kumar Chanchal | Male | 55 | General | Rajput

- Incumbent Sarpanch Sangh Prakhand Adhyaksh Of Bikramganj 
- Incumbent Sarpanch Sangh Rohtas District Upadhyaksh 
- Incumbent Sarpanch Sangh Bihar Sachiv 
- Four Term Sarpanch From Mani Panchayat ( 2006 , 2011 , 2016, 2021)
- Anisha Devi (Wife )- Former Sarpanch From Mani Panchayat (2006 , 2011) 
-  Former Samta Party Rohtas Zila Upadhyaksh ",,,,,,,,No,,,,
Rohtas,,Kochas,Member,Kamalakant Pandey,,Late Raghunath Pandey,9931338643.0,55.0,,General ,Brahmin,"Kamalakant Pandey | Male | 50 | General | Brahmin

- Three terms Mukhiya 2021, 2016, 2006
- First Mukhiya Runner up 2011",,,,"Kamalakant Pandey | Male | 50 | General | Brahmin

- Three terms Mukhiya 2021, 2016, 2006
- First Mukhiya Runner up 2011",,,,,,,,No,,,,
Rohtas,,Dehri,Member,Dr. Ajay Kumar Singh,,Dr. Jaganath Singh,9122805497.0,54.0,,General,Rajput,"Dr. Ajay Kumar singh | Male | 54 | General | Rajput

- Clinic in Village
- JAP Chikitsak Prakosth (2020 - 2024)
- Active in Dalmia nagar housing dispute protest.
- 200+ sansthapak Sadasya.",,,,"Gramin Chikitsak,  
   Ex Bjp District Committee Member
- Social Worker",,,,,,,,No,,,,
Rohtas,,Nokha,Member,Vinod Kumar Singh,,Late Nayan Singh,9771738894.0,54.0,,General,Rajput,"Vinod Kumar Singh | Male | 54 | General | Rajput

- 2 Term  Sarpanch Sangh Zila Adhayaksha (2016 and 2021) 
- 2 Term Defacto (Wife) Sarpanch ( 2016 and 2021)
- Former BDC ( 2011)
",,,,"Vinod Kumar Singh | Male | 54 | General | Rajput

- 2 Term  Sarpanch Sangh Zila Adhayaksha (2016 and 2021) 
- 2 Term Defacto (Wife) Sarpanch ( 2016 and 2021)
- Former BDC ( 2011)
",,,,,,,,No,,,,
Rohtas,,Karakat,Member,Sunil Singh,,Ram Chandra Singh,9525250301.0,53.0,,General,Rajput,"Sunil Singh | Male | 53 | General |  Rajput

- Defacto incumbent Mukhiya 2 term 2021, 2016
-Businessman  
",,,,"Sunil Singh | Male | 53 | General |  Rajput

- Defacto incumbent Mukhiya 2 term 2021, 2016
-Businessman  
",,,,,,,,No,,,,
Rohtas,,Rajpur,Member,Jairam Singh Akela,,Late Laldhari Singh,9955547947.0,53.0,,OBC ,Yadav,"Jairam Singh Akela | Male | 53  | OBC | Yadav

- MLA Contestent from Indian Justice Party 2010
- Lead Mandal Commision Andolan & did Amran Ansan for 7 days
- Awarded by Adarsh & Yuva Award by DM of Rohtas
- Former Football player from SAIL Bokaro
- Organized Cricket Match from last 35 Years from 2nd october - 1 week of December in his Panchayat
- Wrote 4 Movie Script
- Political Guru of Many peoples
- Very Strong Hold in Nokha Vidhansabha
",,,,"Jairam Singh Akela | Male | 53  | OBC | Yadav

- MLA Contestent from Indian Justice Party 2010
- Lead Mandal Commision Andolan & did Amran Ansan for 7 days
- Awarded by Adarsh & Yuva Award by DM of Rohtas
- Former Football player from SAIL Bokaro
- Organized Cricket Match from last 35 Years from 2nd october - 1 week of December in his Panchayat
- Wrote 4 Movie Script
- Political Guru of Many peoples
- Very Strong Hold in Nokha Vidhansabha
",,,,,,,,No,,,,
Rohtas,,Dinara,Member,Madan Prasad,,Late Suraj Prasad,7858864945.0,52.0,,SC,Dusadh,"Madan Prasad | Male | 52 | SC | Paswan 

- Incumbent BDC From Medinipur Panchayat 
- Contractor Road ",,,,"Madan Prasad | Male | 52 | SC | Paswan 

- Incumbent BDC From Medinipur Panchayat 
- Contractor Road ",,,,,,,,No,,,,
Rohtas,,Sasaram Nagar Nigam,Member,Dr Manoj Kumar  Singh,,Murli Dhar Singh,7903725995.0,52.0,,General,Rajput,"Dr Manoj Kumar Singh | Male | 52 | General | Rajput

-IMA Member
-MBBS MS Ophtho",,,,"Dr Manoj Kumar Singh | Male | 52 | General | Rajput

-IMA Member
-MBBS MS Ophtho",,,,,,,,No,,,,
Rohtas,,Nauhatta,Member,Aruni Kumar,,Chandra Dev Sah,8521640352.0,52.0,,EBC,Kanu ,"Aruni Kumar | Male | 52 | EBC | Kanu

-Former Zila Parsad 2006
-Former BDC 2001",,,,"Aruni Kumar | Male | 52 | EBC | Kanu

-Former Zila Parsad 2006
-Former BDC 2001",,,,,,,,No,,,,
Rohtas,,Sasaram,Member,"Dr
Jitendra Nath Maurya",,Ram Rup Singh Maurya,9430026279.0,52.0,,OBC ,Kushwaha,"Dr J N Maurya | Male | 52 | OBC | Kushwaha

-Doctor AYUSH
- National Speaker AYUSH Medical Association 2003 till date
- Cordinator of Mission for Global change  Bihar
- AYUSH Bhushan Samman 2018
- MLA Contestant  2005 Vikramganj",,,,"Dr J N Maurya | Male | 52 | OBC | Kushwaha

-Doctor AYUSH
- National Speaker AYUSH Medical Association 2003 till date
- Cordinator of Mission for Global change  Bihar
- AYUSH Bhushan Samman 2018
- MLA Contestant  2005 Vikramganj",,,,,,,,No,,,,
Rohtas,,Chenari,Member,Jagmohan Pal,,Late Dhanushdhari Pal,9771287645.0,52.0,,EBC ,Pal,"Jagmohan Pal | Male | 52 | EBC | Pal

- MLA Contestant Independent 2015
- Gaderiya Morcha Bihar Prabhari
- National Veer Abdul Hameed Foundation Bihar Prabhari
- Former BSP Panchayat Adhyaksh
- Former LJP Zila Upadhyaksh",,,,"Jagmohan Pal | Male | 52 | EBC | Pal

- MLA Contestant Independent 2015
- Gaderiya Morcha Bihar Prabhari
- National Veer Abdul Hameed Foundation Bihar Prabhari
- Former BSP Panchayat Adhyaksh
- Former LJP Zila Upadhyaksh",,,,,,,,No,,,,
Rohtas,,Tilouthu,Member,Dharam Sheela Devi,,Ganga Ram,9801480172.0,52.0,,SC,Dusadh,"Dharam Sheela Devi | Female | 52 | SC | Dusadh

-Mukhiya 2016
-Up Pramukh 2003
-BDC Ram Dihara South 2006",,,,"Dharam Sheela Devi | Female | 52 | SC | Dusadh

-Mukhiya 2016
-Up Pramukh 2003
-BDC Ram Dihara South 2006",,,,,,,,No,,,,
Rohtas,,Kargahar,Member,Anil Kumar Singh,,Late Lalmuni Singh,8207499188.0,51.0,, OBC , Kurmi ,"Anil Kumar Singh | Male | 51 | OBC | Kurmi

-Three Time BDC First Runner Up 2021,2016,2011",,,,"Anil Kumar Singh | Male | 51 | OBC | Kurmi

-Three Time BDC First Runner Up 2021,2016,2011",,,,,,,,No,,,,
Rohtas,,Sasaram,Member,Jai Ram Singh,,Late Shree Ram,8292824823.0,51.0,,General,Rajput,"Jai Ram Singh | Male | 51 | General | Rajput

- Mukhiya Runner up 2021
- BhatparSaul Aandolan Uttar Pardesh 
- Aashram Mathadhish",,,,"Jai Ram Singh | Male | 51 | General | Rajput

- Mukhiya Runner up 2021
- BhatparSaul Aandolan Uttar Pardesh 
- Aashram Mathadhish",,,,,,,,No,,,,
Rohtas,,Chenari,Member,Shiv Shankar Prasad,,Sri Shiv Kumar Ram,8825378344.0,51.0,,SC,Chamar,"Shiv Shankar Prasad | Male | 51 | SC | Chamar

- Former Mukhiya 2016
- BSP Member from 1994
- BSP Zila  Mahasachiv 2010
- BSP State Mahasachiv 2018
- BSP State campaigner in 2024 in last 6 stage",,,,"Shiv Shankar Prasad | Male | 51 | SC | Chamar

- Former Mukhiya 2016
- BSP Member from 1994
- BSP Zila  Mahasachiv 2010
- BSP State Mahasachiv 2018
- BSP State campaigner in 2024 in last 6 stage",,,,,,,,No,,,,
Rohtas,,Sasaram,Member,Manoj Kumar,,Late Rajendra Prasad,9801705213.0,51.0,,EBC,Halwai,"Manoj Kumar | Male | 51 | EBC | Halwai

- JDU Nagar Mahasachiv 
- JDU Upadhaykshya Nagar Nigam
- Businessman",,,,"Manoj Kumar | Male | 51 | EBC | Halwai

- JDU Nagar Mahasachiv 
- JDU Upadhaykshya Nagar Nigam
- Businessman",,,,,,,,No,,,,
Rohtas,,Chenari,Member,Rajvansh Paswan,,Late Ramkeshwar Paswan,9939602255.0,51.0,,SC,Dusadh,"Rajvansh Paswan | 51| Male | SC | Paswan

- Former 3 terms Mukhiya 2016, 2011, 2006 
- RSS Sangh Adyakshya block (2016-2021)
- Member of 20 Sutriya RJD programme in 1990
- MLA (Jawahar Paswan-RJD) representative from 1990-2000
- Block president of JDU From 2005-2007",,,,"Rajvansh Paswan | 51| Male | SC | Paswan

- Former 3 terms Mukhiya 2016, 2011, 2006 
- RSS Sangh Adyakshya block (2016-2021)
- Member of 20 Sutriya RJD programme in 1990
- MLA (Jawahar Paswan-RJD) representative from 1990-2000
- Block president of JDU From 2005-2007",,,,,,,,No,,,,
Rohtas,,Dehri,Member,Sunil Kumar,,Shivmurat Ram,7070066716.0,50.0,,SC ,Ravidas,"Sunil Kumar | Male | 50 | SC | Ravidas

- Businessman 
- Large Scale Farmer",,,,"Sunil Kumar | Male | 50 | SC | Ravidas

- Businessman 
- Large Scale Farmer",,,,,,,,No,,,,
Rohtas,,Nasriganj,Member,Nagendra Gupta,,Chandrika Sah,7091457851.0,50.0,,EBC,Teli,"Nagendra Gupta | Male | 50 | EBC | Teli

- Incumbent BDC 2021
- Former Sarpanch 2011,2006
- Mukhiya Runnerup 2016, 2001
- Owns Marriage Hall",,,,"Nagendra Gupta | Male | 50 | EBC | Teli

- Incumbent BDC 2021
- Former Sarpanch 2011,2006
- Mukhiya Runnerup 2016, 2001
- Owns Marriage Hall",,,,,,,,No,,,,
Rohtas,,Sasaram Nagar Nigam,Member,Sarfaraz Ahmad,,Md.Ibrahim,7992309438.0,50.0,, Minority,Muslim,"Sarfaraz Ahmad | 50 | Male | Minority | Muslim

-Former Mukhiya Sang District Vice President(2016-2021)
- Former Mukhiya(2016-2021) & Mukhiya runner up(2021)
- Former Janta Dal Zila Yuva Mahasachiv(2000-2002)
- Former Janta Dal Yuva Morcha Prakhand Adhyaksh(1998-2000)",,,,"Sarfaraz Ahmad | 50 | Male | Minority | Muslim

-Former Mukhiya Sang District Vice President(2016-2021)
- Former Mukhiya(2016-2021) & Mukhiya runner up(2021)
- Former Janta Dal Zila Yuva Mahasachiv(2000-2002)
- Former Janta Dal Yuva Morcha Prakhand Adhyaksh(1998-2000)",,,,,,,,No,,,,
Rohtas,,Dehri,Member,Laleshwar Singh,,Late Vishwanath Singh,9708617754.0,50.0,,OBC ,Yadav,"Laleshwar Singh | Male | 50 | OBC | Yadav

- Defacto Former Mukhiya  2010  & 2001
- Contractor
- Liasoner",,,,"Laleshwar Singh | Male | 50 | OBC | Yadav

- Defacto Former Mukhiya  2010  & 2001
- Contractor
- Liasoner",,,,,,,,No,,,,
Rohtas,,Nokha,Member,Kamlesh Kumar Patel,,Vidhya Sagar Chaudhry,9955065051.0,50.0,, OBC , Kurmi ,"Kamlesh Kumar Patel | Male | 50 | OBC | Kurmi

- 2 Term Defacto Incumbent Mukhiya 2016, 2021
- 2 Term Incumbent PACs President 2019, 2024
- Owns Factories in Delhi",,,,"Kamlesh Kumar Patel | Male | 50 | OBC | Kurmi

- 2 Term Defacto Incumbent Mukhiya 2016, 2021
- 2 Term Incumbent PACs President 2019, 2024
- Owns Factories in Delhi",,,,,,,,No,,,,
Rohtas,,Kargahar,Member,Sarita Devi,,Sugriv Paswan,8789344535.0,50.0,,SC,Dusadh,"Sarita Devi | Female | 50 | SC | Paswan

-Incubment Mukhiya 2021
- Jeevika CM",,,,"Sarita Devi | Female | 50 | SC | Paswan

-Incubment Mukhiya 2021
- Jeevika CM",,,,,,,,No,,,,
Rohtas,,Akodhigola,Member,Badri Narayan Chaubey,,Late Ramanand Chaubey,6207554038.0,48.0,,General ,Brahmin,"Badri Narayan Chaubey | Male | 48 | General | Brahmin

-  General Secretary RJD Budhhijiwi Prakosth (2023- present)
- BJP Block Youth Morcha President (1998-2000)
- Associated with runner up assembly election BJP candidate Binod Singh
- ABVP District Working Committee Member (1993-94)
- BA Economics hons",,,,"Badri Narayan Chaubey | Male | 48 | General | Brahmin

-  General Secretary RJD Budhhijiwi Prakosth (2023- present)
- BJP Block Youth Morcha President (1998-2000)
- Associated with runner up assembly election BJP candidate Binod Singh
- ABVP District Working Committee Member (1993-94)
- BA Economics hons",,,,,,,,No,,,,
Rohtas,,Sasaram,Member,Vijay Kumar Singh,,Late Shree Nath Dubey,7277371113.0,48.0,,General ,Brahmin,"Vijay Kumar Singh | Male | 48 | General | Brahmin

- Former Mukhiya (2011-2016)
-BDC Two times  (2006-2016)",,,,"Vijay Kumar Singh | Male | 48 | General | Brahmin

- Former Mukhiya (2011-2016)
-BDC Two times  (2006-2016)",,,,,,,,No,,,,
Rohtas,,Nokha,Member,Kailash Paswan,,Bhola Paswan,8809305041.0,48.0,,SC,Dusadh,"Kailash Paswan  | Male | 48 | SC | Paswan

- 2 Term Incumbent BDC (2016,2021)
- EX- Army Sepoy Retired (1994-2011)
- Graduate",,,,"Kailash Paswan  | Male | 48 | SC | Paswan

- 2 Term Incumbent BDC (2016,2021)
- EX- Army Sepoy Retired (1994-2011)
- Graduate",,,,,,,,No,,,,
Rohtas,,Nokha,Member,Sanjeev Prasad Gupta,,Sri Narayan Prasad Gupta,8809800190.0,48.0,,EBC ,Nonia,"Sanjeev Prasad Gupta | Male | 48 | EBC | Nonia

- Defacro Incumbent Mukhiya (2021)
- Envolve in Namkeen Business
- Very Strong Hold in his Panchayat
- His wife is Mukhiya",,,,"Sanjeev Prasad Gupta | Male | 48 | EBC | Nonia

- Defacro Incumbent Mukhiya (2021)
- Envolve in Namkeen Business
- Very Strong Hold in his Panchayat
- His wife is Mukhiya",,,,,,,,No,,,,
Rohtas,,Karakat,Member,Ramnarayan Paswan,,Late Bhayaram Paswan,9006149607.0,48.0,,SC,Dusadh,"Ramnarayan Paswan | Male | 48 | SC | Dusadh

- Incumbent Block Pramukh 2021
- 2 Term Former Block Uppramukh 2011, 2016",,,,"Ramnarayan Paswan | Male | 48 | SC | Dusadh

- Incumbent Block Pramukh 2021
- 2 Term Former Block Uppramukh 2011, 2016",,,,,,,,No,,,,
Rohtas,,Dehri,Member,Krishna Prasad Singh,,Late Jawahar Singh,9006599260.0,48.0,,OBC ,Kushwaha,"Krishna Prasad Singh | Male | 48 | OBC | Kushwaha

- Businessman Furniture Shop
- Vidhan Sabha contestant- 2010 
- Political Liasoner",,,,"Krishna Prasad Singh | Male | 48 | OBC | Kushwaha

- Businessman Furniture Shop
- Vidhan Sabha contestant- 2010 
- Political Liasoner",,,,,,,,No,,,,
Rohtas,,Dehri,Member,Dr. Ayodhya Singh,,Late Baijnath Singh,9162095525.0,48.0,,OBC ,Kushwaha,"Dr. Ayodhya Singh | Male | 48 | OBC | Kushwaha

- Running a clinic as Homeopathic Doctor In Akorhigola
- Practised under Dr. SA Singh, Director of Homeopathic department Bihar
- BHMS(BU)",,,,"Dr. Ayodhya Singh | Male | 48 | OBC | Kushwaha

- Running a clinic as Homeopathic Doctor In Akorhigola
- Practised under Dr. SA Singh, Director of Homeopathic department Bihar
- BHMS(BU)",,,,,,,,No,,,,
Rohtas,,Nokha,Member,Dhanji Singh,,Jurawan Singh,9341633929.0,48.0,,EBC ,Nonia,"Dhanji Singh | Male | 48 | EBC | Nonia

- Incumbent BDC 2021
- Former Pramukh (2021-2024) lost in no Confidence motion
- BDC runnerup (2011 & 2016)
- RJD Inclined",,,,"Dhanji Singh | Male | 48 | EBC | Nonia

- Incumbent BDC 2021
- Former Pramukh (2021-2024) lost in no Confidence motion
- BDC runnerup (2011 & 2016)
- RJD Inclined",,,,,,,,No,,,,
Rohtas,,Nasriganj,Member,Dharmendra singh,,Ramji Singh,9931258341.0,48.0,,OBC ,Yadav,"Dharmendra Singh | Male | 48 | OBC  | Yadav

- 4 Times BDC (2001, 2006, 2016, 2021)
- Former Block Pramukh (2006)
- Strong Hold in his Panchayat in all caste
- Owns Medical Shop",,,,"Dharmendra Singh | Male | 48 | OBC  | Yadav

- 4 Times BDC (2001, 2006, 2016, 2021)
- Former Block Pramukh (2006)
- Strong Hold in his Panchayat in all caste
- Owns Medical Shop",,,,,,,,No,,,,
Rohtas,,Sasaram Nagar Nigam,Member,Sanjay Kumar Tripathi,,Divendra Tripathi,9934937690.0,48.0,,General ,Brahmin,"Sanjay Kumar Tripathi | Male | 48 | General |Brahmin

- Manager of Pragya Niketan Public School, Sasaram
- Rotery Club President  for Three Consecutive year 2025",,,,"Sanjay Kumar Tripathi | Male | 48 | General |Brahmin

- Manager of Pragya Niketan Public School, Sasaram
- Rotery Club President  for Three Consecutive year 2025",,,,,,,,No,,,,
Rohtas,,Akodhigola,Member,Dinesh Kumar Chaubey,,Late Ramprasad Chaubey,9939205179.0,48.0,,General ,Brahmin,"Dinesh Kumar Chaubey | Male | 48 | General | Brahmin

- Secretary RJD District Budhhijiwi Prakosth (2023-24)
- BJP Kisan Morcha Block Mahamantri (2020-22)
- BJP District Youth Morcha Committee member (2015-16)
- ABVP District working committee member (1992-95)
- Associated with BJP leader Binod Singh runner up assembly election 1995",,,,"Dinesh Kumar Chaubey | Male | 48 | General | Brahmin

- Secretary RJD District Budhhijiwi Prakosth (2023-24)
- BJP Kisan Morcha Block Mahamantri (2020-22)
- BJP District Youth Morcha Committee member (2015-16)
- ABVP District working committee member (1992-95)
- Associated with BJP leader Binod Singh runner up assembly election 1995",,,,,,,,No,,,,
Rohtas,,Karakat,Member,Ritesh Singh,,Late.Lallan Singh,6200028901.0,47.0,,General,Rajput,"Ritesh Singh | Male | 47 | General | Rajput 

- Incumbent Defacto 2 Term Mukhiya 2021, 2016
- His Family holds PACS President post last 29 Years (1995-2024)
-Brother SI Bihar Police",,,,"Ritesh Singh | Male | 47 | General | Rajput 

- Incumbent Defacto 2 Term Mukhiya 2021, 2016
- His Family holds PACS President post last 29 Years (1995-2024)
-Brother SI Bihar Police",,,,,,,,No,,,,
Rohtas,,Sasaram Nagar Nigam,Member,Bablu Kumar,,Sita Ram,7296071864.0,47.0,,ST,Kol,"Bablu Kumar | Male | 47 | ST | Kol

-  Incumbent NN Ward Parshad  (2022 to Present)
- His brother was Mukhiya in (2016- 2021)
- Run a private school at Amhri village ( Approx 700 plus student)",,,,"Bablu Kumar | Male | 47 | ST | Kol

-  Incumbent NN Ward Parshad  (2022 to Present)
- His brother was Mukhiya in (2016- 2021)
- Run a private school at Amhri village ( Approx 700 plus student)",,,,,,,,No,,,,
Rohtas,,Nokha,Member,Sri Ram Prasad,,Late Bukhram Tota,9771827637.0,47.0,,EBC  ,Tatwa,"Sri Ram Prasad | Male | 47 | EBC  | Tatwa

- 2 term Sarpanch from Nonsari panchayat(2011,2016).
- Defacto Ward member(2001).
- Pan juva ekta sangh member since 1885
",,,,"Sri Ram Prasad | Male | 47 | EBC  | Tatwa

- 2 term Sarpanch from Nonsari panchayat(2011,2016).
- Defacto Ward member(2001).
- Pan juva ekta sangh member since 1885
",,,,,,,,No,,,,
Rohtas,,Bikramganj,Member,Santosh Chandrakant,,Late Raghunath Prasad Singh,9801041777.0,47.0,,EBC ,Chandravanshi,"Santosh Chandrakant | Male | 47 | EBC | Chandravanshi

- Working As A Senior Journalist in Prabhat Khabar For 21 Years 
- Former AISA District Secretary Rohtas 
- Was Active in Student Politics ",,,,"Santosh Chandrakant | Male | 47 | EBC | Chandravanshi

- Working As A Senior Journalist in Prabhat Khabar For 21 Years 
- Former AISA District Secretary Rohtas 
- Was Active in Student Politics ",,,,,,,,No,,,,
Rohtas,,Kargahar,Member,Ramvilas Ram,,Shri Daroga Ram,9801092115,47.0,,,,#N/A,,,,,,,,,,,,No,,,,
Rohtas,,Nokha,Member,Mahavir Sah,,Late Kashi Sah,9006199207.0,46.0,,EBC,Kanu ,"Mahavir Sah | Male | 46 | EBC | Kanu

- Incumbent Zila Parshad  Karghar 2021
- Defacto Incumbent Mukhiya 2021(Wife)
- Zila Parshad 1st Runnersup 2016
- Owns Big Marriage Hall
-Big Businessman",,,,"Mahavir Sah | Male | 46 | EBC | Kanu

- Incumbent Zila Parshad  Karghar 2021
- Defacto Incumbent Mukhiya 2021(Wife)
- Zila Parshad 1st Runnersup 2016
- Owns Big Marriage Hall
-Big Businessman",,,,,,,,Kargahar_9,,,,
Rohtas,,Sasaram,Member,Munna Kumar Singh,,Late Surya Dev Singh,9199273400.0,46.0,,General,Rajput,"Munna Kumar Singh | Male | 46 | General | Rajput

- Incumbent PACS Adhaykshya 2024
- Former Mukhiya 2016 & 2011
- Mukhiya Runner up 2021 & 2006",,,,"Munna Kumar Singh | Male | 46 | General | Rajput

- Incumbent PACS Adhaykshya 2024
- Former Mukhiya 2016 & 2011
- Mukhiya Runner up 2021 & 2006",,,,,,,,No,,,,
Rohtas,,Nokha,Member,Ranjay Kumar,,Ram Prasad Singh,752739832.0,45.0,,General,Rajput,"Ranjay Kumar | Male | 45 | General | Rajput

- 2 Term Incumbent Sarpanch 2021, 2016
- Owns shop in Sasaram
- Strong hold in his Panchayat",Invalid No.,,,"Ranjay Kumar | Male | 45 | General | Rajput

- 2 Term Incumbent Sarpanch 2021, 2016
- Owns shop in Sasaram
- Strong hold in his Panchayat",,,,,,,,No,,,,
Rohtas,,Nasriganj,Member,Manoj Kumar Paswan,,Late Babu Ram,7480886446.0,45.0,,SC,Dusadh,"Manoj Kumar Paswan | Male | 45 | SC | Paswan

- Defacto Incumbent Ward Sadasya 2021
- LJP Dalit Sena Zila Sachiv 2001-2005
- CPI ML Prakhand Sachiv 1990-2000",,,,"Manoj Paswan | 46 | Male | SC| Dusadh 

- Prakhand Sachiv- LJP (R)- (2011)
- Prakhand Sachiv- CPI (ML)- (2000- 11)",,,,,,,,No,,,,
Rohtas,,Nasriganj,Member,Sukhdev Sah,,Dinanath Sah,7739460301.0,45.0,,OBC ,Rawniyar Baniya,"Sukhdev Sah | Male | 57 | OBC | Rawniyar Baniya

- Incumbent Sarpanch 2021, 2016
Former UP Mukhiya 2001
- Former Sahabad football team Captain 1980-2000
- Strong hold in his panchayat
- Financially Very Very week",,,,"Sukhdev Sah | Male | 57 | OBC | Rawniyar Baniya

- Incumbent Sarpanch 2021, 2016
Former UP Mukhiya 2001
- Former Sahabad football team Captain 1980-2000
- Strong hold in his panchayat
- Financially Very Very week",,,,,,,,No,,,,
Rohtas,,Nauhatta,Member,Ram Pukar Sah,,Late Prabhu Sah,8084609005.0,45.0,,EBC,Kanu ,"Ram Pukar Sah | Male | 45 | EBC | Kanu

-Former Mukhiya (2016 & 2006) (Wife)
- Runnerup Defacto Mukhiya (2021 & 2011)(Wife)",,,,"Ram Pukar Sah | Male | 45 | EBC | Kanu

-Former Mukhiya (2016 & 2006) (Wife)
- Runnerup Defacto Mukhiya (2021 & 2011)(Wife)",,,,,,,,No,,,,
Rohtas,,Kargahar,Member,Krishna Paswan,,Late RamIqbal Paswan,8308752635.0,50.0,,SC,Dusadh,"Krishna Paswan | Male | 50 | SC | Paswan

- LJP Prakhand Adhyaksh Karaghar 2021-24
- LJP Pradesh Mahasachiv Labour cell 2018-21
- LJP Zila upadhyaksh 2015-16 
- Former De Facto  BDC 2016
- Former Sarpanch 2006",,,,"Krishna Paswan | Male | 50 | SC | Paswan

- LJP Prakhand Adhyaksh Karaghar 2021-24
- LJP Pradesh Mahasachiv Labour cell 2018-21
- LJP Zila upadhyaksh 2015-16 
- Former De Facto  BDC 2016
- Former Sarpanch 2006",,,,,,,,No,,,,
Rohtas,,Tilouthu,Member,Harendra Prasad,,Late Bhulan Ram,8507151061.0,45.0,,EBC,Kahar,"Harendra Prasad | Male | 45 | EBC | Kahar

- Ati Pichra Prakosth Pradesh Prawakta JDU 2018-2022
-  Zila Parishad 2 Runner Up Shivsagar 2006
- Zila Adhaykshya Rohtas RJD 2012-2013",,,,"Harendra Prasad | Male | 45 | EBC | Kahar

- Ati Pichra Prakosth Pradesh Prawakta JDU 2018-2022
-  Zila Parishad 2 Runner Up Shivsagar 2006
- Zila Adhaykshya Rohtas RJD 2012-2013",,,,,,,,No,,,,
Rohtas,,Kochas,Member,Radhika Devi,,Udal Baitha,9199206109.0,45.0,,SC ,Dhobi,"Radhika Devi | Female | 45 | SC | Dhobi

- Incumbent two term Sarpanch 2021, 2016",,,,"Radhika Devi | Female | 45 | SC | Dhobi

- Incumbent two term Sarpanch 2021, 2016",,,,,,,,No,,,,
Rohtas,,Nauhatta,Member,Shyam Narayan Urao,,Late Sanichar Urao,9473186539.0,45.0,,ST,Urawn,"Shyam Narayan Uranw | Male | 45 | ST | Urawn

- Former Mukhiya (2016 & 2011)
- 2nd Runnnerup Mukhiya (2021)",,,,"Shyam Narayan Uranw | Male | 45 | ST | Urawn

- Former Mukhiya (2016 & 2011)
- 2nd Runnnerup Mukhiya (2021)",,,,,,,,No,,,,
Rohtas,,Akodhigola,Member,Manoj Kumar,,Late Kamla Prasad,9576053522.0,45.0,,OBC ,Rauniyar Baniya,"Manoj Kumar | Male | 45 | OBC | Rauniyar Baniya

- PWD Contractor
- Rice Mill owner
- Popular Baniya leader",,,,"Manoj Kumar | Male | 45 | OBC | Rauniyar Baniya

- PWD Contractor
- Rice Mill owner
- Popular Baniya leader",,,,,,,,No,,,,
Rohtas,,Kochas,Member,Ramashankar Singh,,Late Yadu Nandan Singh,9771857916.0,45.0,,OBC ,Yadav,"Ramashankar Singh | Male | 45 | OBC | Yadav

- 3 Term Sarpanch 2021, 2016, 2006
- Secured voted out of in 2021
- Sarpanch Cotestent 2011
- Mukhiya Contestant 2001
-B.A Political Science",,,,"Ramashankar Singh | Male | 45 | OBC | Yadav

- 3 Term Sarpanch 2021, 2016, 2006
- Secured voted out of in 2021
- Sarpanch Cotestent 2011
- Mukhiya Contestant 2001
-B.A Political Science",,,,,,,,No,,,,
Rohtas,,Nauhatta,Member,Brij Bihari Singh,,Late Ram awatar Singh,99771347379.0,45.0,,OBC ,Kushwaha,"Brij Bihari Singh | Male | 45| OBC | Kushwaha

-Former Defecto Mukhiya (2006 & 2011) wife
-Former UP Mukhiya (2001)
-Runnerup BDC (2021 & 2016)",,,,"Brij Bihari Singh | Male | 45| OBC | Kushwaha

-Former Defecto Mukhiya (2006 & 2011) wife
-Former UP Mukhiya (2001)
-Runnerup BDC (2021 & 2016)",,,,,,,,No,,,,
Rohtas,,Nasriganj,Member,Yogesh Kumar,,Lalan Yadav,6202900251.0,44.0,,OBC ,Yadav,"Yogesh Kumar | Male | 44 | OBC | Yadav

- Incumbent BDC Pramukh 2021
- Incumbent BDC 2021
- Brother is in Airforce & CRPF",,,,"Yogesh Kumar | Male | 44 | OBC | Yadav

- Incumbent BDC Pramukh 2021
- Incumbent BDC 2021
- Brother is in Airforce & CRPF",,,,,,,,No,,,,
Rohtas,,Dehri,Member,Ashutosh Kumar Singh,,Late Vijendra Singh,7004593693.0,44.0,,General,Rajput,"Ashutosh Kumar Singh | Male | 44 | General | Rajput

- Defacto Mukhiya 2021
- Defacto Ward Member 2011
- Runner-up Defacto Mukhiya 2016",,,,"Ashutosh Kumar Singh | Male | 44 | General | Rajput

- Defacto Mukhiya 2021
- Defacto Ward Member 2011
- Runner-up Defacto Mukhiya 2016",,,,,,,,No,,,,
Rohtas,,Sasaram Nagar Nigam,Member,Dr Girish Narayan Mishra,,Akhilesh Kumar  Mishra,9910635359.0,44.0,,General ,Brahmin,"Dr Girish Narayan Mishra | Male | General | Brahamin

-MBBS, MD (BHU) DM Cardiologist (RML New DELHI)
-Heart Clinic",,,,"Dr Girish Narayan Mishra | Male | General | Brahamin

-MBBS, MD (BHU) DM Cardiologist (RML New DELHI)
-Heart Clinic",,,,,,,,No,,,,
Rohtas,,Sasaram Nagar Nigam,Member,Bidhya Bhusan Chaudhary,,Munsi Chaudhary,9508847787.0,43.0,,EBC ,Mallah,"Bidhya Bhusan Chaudhary  | Male | 43 | EBC | Mallah

-  Incumbment NN Ward Parshad (2022)
- 2 Times NP Ward Parshad (2007, 2017)
- Businessmen ( Fishery business)",,,,"Bidhya Bhusan Chaudhary  | Male | 43 | EBC | Mallah

-  Incumbment NN Ward Parshad (2022)
- 2 Times NP Ward Parshad (2007, 2017)
- Businessmen ( Fishery business)",,,,,,,,No,,,,
Rohtas,,Nokha,Member,Manoj Kumar Dheeraj,,Late Raghu Nath Prasad,9798184275.0,43.0,,SC,Chamar,"Manoj Kumar Dhiraj | Male | 43 | SC | Chamar

- 2 Term Defacto Incumbent Sarpanch 2021, 2016
- Mukhiya runnerup (2011)
- Former RLSP Panchayat Adhayaksha ( 2023-2024)
- Former Rahstriya Jan Shakti Party Panchayat Adhayaksha (2016-23)",,,,"Manoj Kumar Dhiraj | Male | 43 | SC | Chamar

- 2 Term Defacto Incumbent Sarpanch 2021, 2016
- Mukhiya runnerup (2011)
- Former RLSP Panchayat Adhayaksha ( 2023-2024)
- Former Rahstriya Jan Shakti Party Panchayat Adhayaksha (2016-23)",,,,,,,,No,,,,
Rohtas,,Kochas,Member,Gudiya Devi,,"Soniya Devi 
(Mother)",6299783646.0,42.0,,SC ,Nat,"Gudiya Devi | Female | 42 | SC | Nat

- Former Block Pramukh 2021, 2016
- Former two terms BDC 2021, 2016
- 2021 Block Pramukh Reserve (SC)",,,,"Gudiya Devi | Female | 42 | SC | Nat

- Former Block Pramukh 2021, 2016
- Former two terms BDC 2021, 2016
- 2021 Block Pramukh Reserve (SC)",,,,,,,,No,,,,
Rohtas,,Dinara,Member,Vinod Singh,,Late Hira Mahto,8873459748.0,42.0,,OBC ,Kushwaha,"Vinod Singh | Male | 42 | OBC | Kushwaha

- Three Term Defacto BDC (2011, 2016, 2021 )
- Involved in Agriculture",,,,"Vinod Singh | Male | 42 | OBC | Kushwaha

- Three Term Defacto BDC (2011, 2016, 2021 )
- Involved in Agriculture",,,,,,,,No,,,,
Rohtas,,Kargahar,Member,Raju Singh,,Late Rajgriha Rai,9631192946.0,42.0,,General,Rajput,"Raju Singh | Male | 42 | General | Rajput

- Incumbent two terms Mukhiya 2021, 2016
 - PACs Runner up 2014",,,,"Raju Singh | Male | 42 | General | Rajput

- Incumbent two terms Mukhiya 2021, 2016
 - PACs Runner up 2014",,,,,,,,No,,,,
Rohtas,,Rohtas,Member,Roshan Kumar,,Shiv Pujan Singh,9801775377.0,42.0,,OBC ,Kushwaha,"Roshan Kumar | Male | 42 | OBC | Kushwaha

- Defecto Sarpanch (2021)
- Social Face in Public
- Mobile Shop",,,,"Roshan Kumar | Male | 42 | OBC | Kushwaha

- Defecto Sarpanch (2021)
- Social Face in Public
- Mobile Shop",,,,,,,,No,,,,
Rohtas,,Rohtas,Member,Naval Kishor Sharma,,Ramji Sharma,9955264063.0,42.0,,EBC ,Badhai,"Naval Kishor Sharma | Male | 42 | EBC | Badhai

- Two term Incumbent BDC (2016 & 2021)
- Former Defacto mukhiya (2001)",,,,"Naval Kishor Sharma | Male | 42 | EBC | Badhai

- Two term Incumbent BDC (2016 & 2021)
- Former Defacto mukhiya (2001)",,,,,,,,No,,,,
Rohtas,,Dawath,Member,Pappu Ram,,Late Jagnarayan Ram,7903052047.0,41.0,,SC,Chamar,"Pappu Ram | Male | 41 | SC | Chamar

- Former Block pramukh (2016-2021)
- Former PACs member (2009-2014)",,,,"Pappu Ram | Male | 41 | SC | Chamar

- Former Block pramukh (2016-2021)
- Former PACs member (2009-2014)",,,,,,,,No,,,,
Rohtas,,Sasaram,Member,Shashi Ranjan Pandey,,Uma Shankar Pandey,7909004215.0,41.0,,General ,Brahmin,"Shashi Ranjan Pandey | Male | 41 | General | Brahmin

-  Rohtas District Media secretary of Press Union : Bihar Shramjivi Patrakar Union consisting 116 members all over Bihar
- Journalist in Dainik Bhaskar (2017- present)
- Journalist in different Media Houses since 2005 (ETV, Sahara, Sanmarg and Media Darshan)
- Two term PACS runner up (2014, 2019)",,,,"Shashi Ranjan Pandey | Male | 41 | General | Brahmin

-  Rohtas District Media secretary of Press Union : Bihar Shramjivi Patrakar Union consisting 116 members all over Bihar
- Journalist in Dainik Bhaskar (2017- present)
- Journalist in different Media Houses since 2005 (ETV, Sahara, Sanmarg and Media Darshan)
- Two term PACS runner up (2014, 2019)",,,,,,,,No,,,,
Rohtas,,Bikramganj,Member,Dr.Siddharth Kumar,,Mr.Akhileshwar Prasad Chaudhary,9771909086.0,41.0,, OBC , Kurmi ,"Dr. Siddharth Kumar | Male | 41 | OBC | Kurmi

- BDS Doctor (dentist )
- Owner of Modern Oral And Dental Clinic, Bikramganj ",,,,"Dr. Siddharth Kumar | Male | 41 | OBC | Kurmi

- BDS Doctor (dentist )
- Owner of Modern Oral And Dental Clinic, Bikramganj ",,,,,,,,No,,,,
Rohtas,,Sasaram Nagar Nigam,Member,Premanand Kumar,,Late Ram Prasad Singh,7488372109.0,40.0,,OBC ,Kushwaha,"Premanand Kumar | Male | 40 | OBC | Kushwaha

-Sharddha Multi Speciality Hospital
-SS Ultra Sound Sasaram
-Ex Army (AMC) 2001-2003",,,,"Premanand Kumar | Male | 40 | OBC | Kushwaha

-Sharddha Multi Speciality Hospital
-SS Ultra Sound Sasaram
-Ex Army (AMC) 2001-2003",,,,,,,,No,,,,
Rohtas,,Rohtas,Member,Md Jaleel Siddique,,Badruddin Siddique,7562006050.0,40.0,,OBC ,Muslim,"Md Jaleel Siddique | Male | 40 | OBC | Muslim

- Incumbent Up Sarpanch (2021)
- Defacto Incumbent Ward Member (2021) Wife
- 2nd Runner Zila Parsad (2016)(Bhabhi)
- Former Defecto BDC (2011) (Elder Brother)
- Medical Store",,,,"Md Jaleel Siddique | Male | 40 | OBC | Muslim

- Incumbent Up Sarpanch (2021)
- Defacto Incumbent Ward Member (2021) Wife
- 2nd Runner Zila Parsad (2016)(Bhabhi)
- Former Defecto BDC (2011) (Elder Brother)
- Medical Store",,,,,,,,No,,,,
Rohtas,,Dehri,Member,Govind Kumar,,Shivpal Singh,7654642301.0,40.0,,General,Rajput,"Govind Kumar | Male | 40 | General | Rajput

- Business of Real Estate and automobile maintenance and repair 
- President of Modern Scool working committee, First CBSE School of Dehri
- Member of Human Rights Association, Dehri
- District President Vyapar Prakosth",,,,"Govind Kumar | Male | 40 | General | Rajput

- Business of Real Estate and automobile maintenance and repair 
- President of Modern Scool working committee, First CBSE School of Dehri
- Member of Human Rights Association, Dehri
- District President Vyapar Prakosth",,,,,,,,No,,,,
Rohtas,,Rohtas,Member,Deepak Kumar,,Ramesh Kumar,9015556809.0,40.0,,SC ,Dhobi,"Deepak Kumar | Male | 40 | SC | Dhobi

- 2 term Incumbent BDC (2001 & 2021)
-  Well Educated Bachelor Hindu Collage, MBA –Symbiosis Pune.",,,,"Deepak Kumar | Male | 40 | SC | Dhobi

- 2 term Incumbent BDC (2001 & 2021)
-  Well Educated Bachelor Hindu Collage, MBA –Symbiosis Pune.",,,,,,,,No,,,,
Rohtas,,Nasriganj,Member,Dhananjay Kumar,,Ramnarayan Singh,9199748091.0,40.0,,OBC ,Yadav,"Dhananjay Kumar | Male | 40 | OBC | Yadav

- Director of 5 Skill Center (jevik Vigyan kendra ) Bihar government Initiative
- 1000 Collective Students and all are 18+
- BDC Runnerup 2001",,,,"Dhananjay Kumar | Male | 40 | OBC | Yadav

- Director of 5 Skill Center (jevik Vigyan kendra ) Bihar government Initiative
- 1000 Collective Students and all are 18+
- BDC Runnerup 2001",,,,,,,,No,,,,
Rohtas,,Nasriganj,Member,Pankaj Kumar,,Late Shivnandan Prasad,9304942903.0,40.0,,OBC ,Sondhik,"Pankaj Kumar | Male | 40 | OBC | Sondhik

- Defacto Incumbent Mukhiya 2021
- Mukhiya Runnerup 2016, 2011, 2006
- Former RJD Panchayati Raj Prakhand Prakosht adhayaksha 2020-2022
- Brother is in Excise Department",,,,"Pankaj Kumar | Male | 40 | OBC | Sondhik

- Defacto Incumbent Mukhiya 2021
- Mukhiya Runnerup 2016, 2011, 2006
- Former RJD Panchayati Raj Prakhand Prakosht adhayaksha 2020-2022
- Brother is in Excise Department",,,,,,,,No,,,,
Rohtas,,Kochas,Member,Vakil Prajapati,,Satyanarayan Prajapati,9394508754.0,40.0,,EBC ,Kumhar,"Vakil Prajapati | Male | 40 | EBC | Kumhar

- Incumbent sarpanch 2021
- Prakhand Adhyaksh Kumhar Samajh Sangathan, 2022-26 Karghar ",,,,"Vakil Prajapati | Male | 40 | EBC | Kumhar

- Incumbent sarpanch 2021
- Prakhand Adhyaksh Kumhar Samajh Sangathan, 2022-26 Karghar ",,,,,,,,No,,,,
Rohtas,,Sasaram Nagar Nigam,Member,Amit Kumar,,Baban Prasad,9955863222.0,40.0,,OBC ,Rauniyar Bania,"Amit Kumar | Male | OBC | Rauniyar Bania

-Founder Naya Savera Sikshan Sansthan
- Grand Father District Magistrate Patna (V.P Gupta)
- Lions Club Diebetic Awarness Seceretry
- MBA, LLB 
Highly reach in Bania Samaj",,,,"Amit Kumar | Male | OBC | Rauniyar Bania

-Founder Naya Savera Sikshan Sansthan
- Grand Father District Magistrate Patna (V.P Gupta)
- Lions Club Diebetic Awarness Seceretry
- MBA, LLB 
Highly reach in Bania Samaj",,,,,,,,No,,,,
Rohtas,,Bikramganj Nagar Parishad,Member,Manoj Kumar Singh,,Late Rang Bahadur Singh,9973045343.0,40.0,,General,Rajput,"Manoj Kumar Singh | Male | 40 | General | Rajput

- 2 Term Defacto Incumbent Nagar Ward Parshad 2023, 2018
- He has lots of Shops in Market , His Market name is DX complex
-Raymond Showroom Owner",,,,"Manoj Kumar Singh | Male | 40 | General | Rajput

- 2 Term Defacto Incumbent Nagar Ward Parshad 2023, 2018
- He has lots of Shops in Market , His Market name is DX complex
-Raymond Showroom Owner",,,,,,,,No,,,,
Rohtas,,Bikramganj,Member,Niraj Kumar Gupta,,Late Ramprasad Shah,9934569136.0,39.0,,EBC,Kanu ,"Niraj Kumar Gupta | Male | 39 | EBC | Kanu

- Two term defacto parshad from Bikramganj Nagar Parishad Ward no 18 (2018, 2023)
- Airtel Payment Bank Distributor ",,,,"Niraj Kumar Gupta | Male | 39 | EBC | Kanu

- Two term defacto parshad from Bikramganj Nagar Parishad Ward no 18 (2018, 2023)
- Airtel Payment Bank Distributor ",,,,,,,,No,,,,
Rohtas,,Dinara,Member,Hajrat Ansari,,Late Manir Ansari,7257870149.0,38.0,, Minority,Muslim,"Hajrat Ansari | Male | 38 | Minority | Muslim

-  Two Term Defacto Incumbent Sarpanch (2021, 2016)
- Involved in Diary Business and Farming ",,,,"Hajrat Ansari | Male | 38 | Minority | Muslim

-  Two Term Defacto Incumbent Sarpanch (2021, 2016)
- Involved in Diary Business and Farming ",,,,,,,,No,,,,
Rohtas,,Kochas,Member,Ashok Kumar Dubey,,Dinanath Dubey,7294018090.0,38.0,,General ,Brahmin,"Ashok Kumar Dubey | 38 | Male | General | Brahmin

- Chairman Kochas Nagar Panchayat 2022
- Ward Parshad Kochas Nagar Panchayat 2017
    - Worked for the development of the ward",,,,"Ashok Kumar Dubey | 38 | Male | General | Brahmin

- Chairman Kochas Nagar Panchayat 2022
- Ward Parshad Kochas Nagar Panchayat 2017
    - Worked for the development of the ward",,,,,,,,No,,,,
Rohtas,,Karakat,Member,Abhishek Kumar Singh,,Vijay singh,7903382207.0,38.0,,General,Rajput,"Abhishek Kumar Singh | Male | 38 | General | Rajput

- De Facto Zila Parishad 2016, Sister-in-Law 
- RJD Zila Sachiv.
- Mukhiya 1st Runners-up (2021)
- Government Contractor",,,,"Abhishek Kumar Singh | Male | 38 | General | Rajput

- De Facto Zila Parishad 2016, Sister-in-Law 
- RJD Zila Sachiv.
- Mukhiya 1st Runners-up (2021)
- Government Contractor",,,,,,,,No,,,,
Rohtas,,Tilouthu,Member,Umesh Kumar,,Shiv Pujan Singh,9102120569.0,38.0,,OBC ,Yadav,"Umesh Kumar | Male | 38 | OBC | Yadav

-Incumbment Mukhiya 2021
-Incumbment PACS President 2014 Continue",,,,"Umesh Kumar | Male | 38 | OBC | Yadav

-Incumbment Mukhiya 2021
-Incumbment PACS President 2014 Continue",,,,,,,,No,,,,
Rohtas,,Rohtas,Member,Anita Toppo,,Surendra Kumar urao,9118148714.0,38.0,,ST,Urao,"Anita Toppo | Female | 35 | ST | Urao

- Incumbent Mukhiya (2021)
- 2nd Runner Up Mukhiya (2016) (17 votes difference)
- His Husband in Indian Army",,,,"Anita Toppo | Female | 35 | ST | Urao

- Incumbent Mukhiya (2021)
- 2nd Runner Up Mukhiya (2016) (17 votes difference)
- His Husband in Indian Army",,,,,,,,No,,,,
Rohtas,,Rajpur,Member,Dr.Pankaj Kumar Gupta,,Late Raja Ram Gupta,9955126062.0,38.0,,EBC,Halwai,"Dr. Pankaj Kumar Gupta| Male | 38| EBC | Halwai
 
- Incumbent Mukhiya For Two Term From Rotwan Panchayat (2016,2021)
- BMS Doctor",,,,"Dr. Pankaj Kumar Gupta| Male | 38| EBC | Halwai
 
- Incumbent Mukhiya For Two Term From Rotwan Panchayat (2016,2021)
- BMS Doctor",,,,,,,,No,,,,
Rohtas,,Sasaram Nagar Nigam,Member,Ravi Shankar Singh,,Tej Narayan Singh,8051900513.0,37.0,, OBC , Kurmi ,"Ravi Shankar Singh | Male | 37 | OBC | Kurmi

Gramin Chiktishak Sangh Vice President 2022-2023
-Highly active in Local Politics",,,,"Ravi Shankar Singh | Male | 37 | OBC | Kurmi

Gramin Chiktishak Sangh Vice President 2022-2023
-Highly active in Local Politics",,,,,,,,No,,,,
Rohtas,,Dehri,Member,Rajesh Kumar Singh,,Laxmi Narayan Singh,8434735401.0,37.0,, OBC , Kurmi ,"Rajesh Kumar Singh | Male | 37 | OBC | Kurmi

- Real Estate Businessman
-Participated in various environmental related issues
-His father Laxmi narayan singh was founding member of naxal Movement in Bihar",,,,"Rajesh Kumar Singh | Male | 37 | OBC | Kurmi

- Real Estate Businessman
-Participated in various environmental related issues
-His father Laxmi narayan singh was founding member of naxal Movement in Bihar",,,,,,,,No,,,,
Rohtas,,Chenari,Member,Santosh Tiwari,,Dashrath Narayan Tiwari,9155893955.0,37.0,,General ,Brahmin,"Santosh Tiwari | Male | 37 | General | Brahmin

- Incumbant 3 Times PACS Head Chenari 2014
- Former Mukhiya Dihariya 2016-21
- Former Mukhiya his Bhabhi 2006-16
- Zila Parshad Contestant ",,,,"Santosh Tiwari | Male | 37 | General | Brahmin

- Incumbant 3 Times PACS Head Chenari 2014
- Former Mukhiya Dihariya 2016-21
- Former Mukhiya his Bhabhi 2006-16
- Zila Parshad Contestant ",,,,,,,,No,,,,
Rohtas,,Sasaram Nagar Nigam,Member,Vikash Kumar Singh,,Laldev Singh,8294682371.0,35.0,,OBC ,Yadav,"Vikash Kumar Singh | Male | 35 | Yadav | OBC

- 2 times Incumbment PACS President( 2019, 2024)
-President at Krishi Sakha Samiti Ltd.(04)
- His Father was Mukhiya (2011)
-Father Laldev Singh Mukhiya Candidate (1977,2001,2006)
",,,,"Vikash Kumar Singh | Male | 35 | Yadav | OBC

- 2 times Incumbment PACS President( 2019, 2024)
-President at Krishi Sakha Samiti Ltd.(04)
- His Father was Mukhiya (2011)
-Father Laldev Singh Mukhiya Candidate (1977,2001,2006)
",,,,,,,,No,,,,
Rohtas,,Chenari,Member,Mohammad Mokarram Baig,,Mohammad Ekram Baig,9006839499.0,35.0,, Minority,Muslim,"Mohammad Mokarram Baig | Male | 35 | Minority | Muslim

- Incumbant BJP Alpsankhyak Morcha Pradesh Committee Member 2021
- Former BJP Pradesh Committee Alpsankhyak Morcha Ziladhyaksh Rohtas 2017-21
- Social Activist
- Property Dealer
",,,,"Mohammad Mokarram Baig | Male | 35 | Minority | Muslim

- Incumbant BJP Alpsankhyak Morcha Pradesh Committee Member 2021
- Former BJP Pradesh Committee Alpsankhyak Morcha Ziladhyaksh Rohtas 2017-21
- Social Activist
- Property Dealer
",,,,,,,,No,,,,
Rohtas,,Kochas,Member,Mukesh Kumar Rai,,Sri Chandeshwar,9430271114.0,35.0,,General,Bhumihar,"Mukesh Kumar Rai | Male | 35 | General | Bhumihar

- Former Mukhiya Sangh Adhyaksh 2016 Kochas Block
- Imcumbent PACs President 2024
- Mukhiya Runner-up 2021",,,,"Mukesh Kumar Rai | Male | 35 | General | Bhumihar

- Former Mukhiya Sangh Adhyaksh 2016 Kochas Block
- Imcumbent PACs President 2024
- Mukhiya Runner-up 2021",,,,,,,,No,,,,
Rohtas,,Kochas,Member,Rajiv Ranjan,,Shri Ramadhyay Paswan,9431010018.0,35.0,,SC,Dusadh,"           Rajiv Ranjan | Male | 35 | SC | Paswan

- Incumbent Chairman 2021 
- Former Ward Parshad 2016
- Ambedkar Chatravas Up Adyaksha 2007",,,,"           Rajiv Ranjan | Male | 35 | SC | Paswan

- Incumbent Chairman 2021 
- Former Ward Parshad 2016
- Ambedkar Chatravas Up Adyaksha 2007",,,,,,,,No,,,,
Rohtas,,Kargahar,Member,Raju Shankarram,,7050554818.0,Shri Dulhar Chand Ram,35.0,,SC,Chamar,"Raju Shankarram | Male | 35 | SC | Chamar

-Incubment Sarpanch 2021
-Sarpanch Runner Up 2016",,,,"Raju Shankarram | Male | 35 | SC | Chamar

-Incubment Sarpanch 2021
-Sarpanch Runner Up 2016",,,,,,,,No,,,,
Rohtas,,Kargahar,Member,Punit Kumar,,9470007524.0,Sushil Kumar Paswan,35.0,,SC,Dusadh,"Punit Kumar | Male | 35 | SC | Paswan

-Incubment Prakhand Adyaksh Jivika Cadre 
Two Time Sarpanch Runner Up 2021,2016",,,,"Punit Kumar | Male | 35 | SC | Paswan

-Incubment Prakhand Adyaksh Jivika Cadre 
Two Time Sarpanch Runner Up 2021,2016",,,,,,,,No,,,,
Rohtas,,Nokha,Member,Tripti Kumari,,Arvind Kumar Singh,7462997169.0,34.0,, OBC , Kurmi ,"Tripti Kumari | Female | 34 | OBC |  Kurmi

- Incumbent Mukhiya 2021
- Mukhiya Sangh Mahasachiv
- Husband works in Railway as a Signalman 
- Father In law Veterinary Doctor
- Awarded by Panchayati Raj Vibhag for ""State Vikas Yojna""",,,,"Tripti Kumari | Female | 34 | OBC |  Kurmi

- Incumbent Mukhiya 2021
- Mukhiya Sangh Mahasachiv
- Husband works in Railway as a Signalman 
- Father In law Veterinary Doctor
- Awarded by Panchayati Raj Vibhag for ""State Vikas Yojna""",,,,,,,,No,,,,
Rohtas,,Akodhigola,Member,Nand Jee Prasad,,Anant Prasad,9572349214.0,34.0,,EBC,Kanu ,"Nand Jee Prasad | Male | 34 | EBC | Kanu

- Former Defacto BDC (Mother) 2016
- BDC runner-up (Mother) 2021
- RLSP active member (2014-18)
- LIC agent",,,,"Nand Jee Prasad | Male | 34 | EBC | Kanu

- Former Defacto BDC (Mother) 2016
- BDC runner-up (Mother) 2021
- RLSP active member (2014-18)
- LIC agent",,,,,,,,No,,,,
Rohtas,,Nasriganj,Member,Sashi Kumar,,Dinanath Bhagat,9801137633.0,34.0,,Gaderia,EBC ,"Sashi Kumar | Male | 34 | EBC | Gaderia

- Mukhiya Sangh Block Adhayaksha (2021 - Present)
- Incumbent Mukhiya 2 Term ( 2016,2021)
- Former Ward 5 Sadasya ( 2011)
-Brothers is in Railway
Graduate B.A History",,,,"Sashi Kumar | Male | 34 | EBC | Gaderia

- Mukhiya Sangh Block Adhayaksha (2021 - Present)
- Incumbent Mukhiya 2 Term ( 2016,2021)
- Former Ward 5 Sadasya ( 2011)
-Brothers is in Railway
Graduate B.A History",,,,,,,,No,,,,
Rohtas,,Nokha Nagar Parishad,Member,Vikash Vinayak,,Dr Binod Prasad Singh,6206830557.0,33.0,,EBC ,Nonia,"Vikash Vinayak | Male | 33 | EBC | Noniya

-MP contestant got 7665 votes 
- Pradesh Yuva Adyaksh Jan Janwadi Party (2022-24)
-Doctor (Kausalya Seva Sadan)
-Father gramin chikitsak association Zila adyaksh
- Hold clinic & medical shop",,,,"Vikash Vinayak | Male | 33 | EBC | Noniya

-MP contestant got 7665 votes 
- Pradesh Yuva Adyaksh Jan Janwadi Party (2022-24)
-Doctor (Kausalya Seva Sadan)
-Father gramin chikitsak association Zila adyaksh
- Hold clinic & medical shop",,,,,,,,No,,,,
Rohtas,,Sasaram,Member,Lav Kush Kumar,,Ayodhaya Singh,8271412549.0,32.0,,OBC ,Kushwaha,"Lav Kush Kumar | Male | 32 | OBC | Kushwaha

- Incumbment PACS 2024
- Uncle PACS 2005
- Businessman Automobile",,,,"Lav Kush Kumar | Male | 32 | OBC | Kushwaha

- Incumbment PACS 2024
- Uncle PACS 2005
- Businessman Automobile",,,,,,,,No,,,,
Rohtas,,Dehri,Member,Nil Kamal Pandey,,Sanjay Pandey,9006917659.0,31.0,,General ,Brahmin,"Nil Kamal Pandey | Male | 31 | General | Brahmin

- Former JAP Block President (2018 - 2021)
- JAP Yuva Prakosth Sachiv, Delhi (2015 - 2018)
- RSS Khandh Pramukh, Dehri (2020 - 2021)",,,,"Nil Kamal Pandey | Male | 31 | General | Brahmin

- Former JAP Block President (2018 - 2021)
- JAP Yuva Prakosth Sachiv, Delhi (2015 - 2018)
- RSS Khandh Pramukh, Dehri (2020 - 2021)",,,,,,,,No,,,,
Rohtas,,Nasriganj,Member,Sunil kumar,,Amit Kumar,7739460353.0,30.0,,SC,Chamar,"Sunil Kumar | Male | 30 | SC | Chamar

- Incumbent 2 Term BDC 2016, 2021
- JDU Siksha Prakosht Prakhand Adhayaksha 2014-2016
- JDU Siksha Prakosht Zila Upadhayaksha 2019- 23
- Former Govrnment Teacher in Rajasthan 
- PDS Dealer
- LIC Agent",Busy,,,,,,,,,,,,,,,
Rohtas,,Chenari,Member,Dhanshila Devi,,Pappu Manjhi,8102753927.0,35.0,,SC ,Mushar,"Dhanshila Devi | Female | 35 | SC | Mushar

- Former BDC Ugahani 2016
- Social Activist
",Switch Off,,,,,,,,,,,,,,,
Rohtas,,Kochas,Member,Ratnesh Kumar Shrivastav,,Late Arun Laan,7903237253.0,36.0,,General,Kayasth,"Ratnesh Kumar Shrivastav | Male | 36 | General | Kayastha

- Former RJD Youth District General Secretary (2019-2023)
    - Resigned from the position in 2023",Busy,,,,,,,,,,,,,,,
Kaimur,,Bhabhua,Member,Chandrakant Tiwari,No,Raj Bali Tiwari,9955639419.0,50.0,,General ,Brahmin,"Chandrakant Tiwari | 50 | Male | GEN. | BRAHMIN
-Famous Lawyer in Kaimur District ,2005- Till .
-Education : BA, MA,  LLB , From BHU .",Call Connected,,Not Interested,"Chandrakant Tiwari | 50 | Male | GEN. | BRAHMIN
-Famous Lawyer in Kaimur District ,2005- Till .
-Education : BA, MA,  LLB , From BHU .",,,,,,,,No,,,,
Kaimur,,Bhabhua,Member,Pawan Kumar Pandey,No,Upendar Pandey,9749433597.0,45.0,,General ,Brahmin,"Pawan Kumar Pandey | 45 | Male | GEN. | BRAHMIN
Manager at Tata Motors, Earlier in Ashok Leyland, Father is District VP  of Truck Association, Kaimur",,,,"Pawan Kumar Pandey | 45 | Male | GEN. | BRAHMIN
Manager at Tata Motors, Earlier in Ashok Leyland, Father is District VP  of Truck Association, Kaimur",,,,,,,,No,,,,
Kaimur,,Bhabhua,Member,Dr. Liyakat Ali Ansari,No,Late Rahimuddin Ansari,9546362550.0,45.0,, Minority,Muslim,"Dr. Liyakat Ali Ansari | 45 | Male | MIN. | Muslim
Around 20 years of practice as Doctor
Runs a clinic named New Life in Manihari Mkt",,,,"Dr. Liyakat Ali Ansari | 45 | Male | MIN. | Muslim
Around 20 years of practice as Doctor
Runs a clinic named New Life in Manihari Mkt",,,,,,,,No,,,,
Kaimur,,Bhabhua,Member,Tanvir Ali,No,Sohrab Ali,8521653786.0,30.0,, Minority,Muslim,"Tanvir Ali | 30 | Male | MIN. | Muslim
Incumbent De-Facto Ward Councillor,  Was active in college politics",,,,"Tanvir Ali | 30 | Male | MIN. | Muslim
Incumbent De-Facto Ward Councillor,  Was active in college politics",,,,,,,,No,,,,
Kaimur,,Bhabhua,Member,Gautam Kumar Singh,No,Ram Dawaja Singh,8709085640.0,44.0,, OBC , Kurmi ,"Gautam Kumar Singh | 44 | Male | OBC | Kurmi
Three times PACS Member from Manihari Panchayat, Lost in 2024. Prominent personality and have a good influence in his community.",,,,"Gautam Kumar Singh | 44 | Male | OBC | Kurmi
Three times PACS Member from Manihari Panchayat, Lost in 2024. Prominent personality and have a good influence in his community.",,,,,,,,No,,,,
Kaimur,,Bhabhua,Member,Abhishek Kr.,No,Ashok Kumar Singh,8858810710.0,33.0,,OBC ,Yadav,"Abhishek Kumar | 33 | Male | OBC | Yadav
-RJD Youth Wing Block Vice President (2021-2024)
-Transportation Business & 2-Fishery Ponds
-Post Graduation in Geography (2019-21) from Veer kunwar singh university",,,,"Abhishek Kumar | 33 | Male | OBC | Yadav
-RJD Youth Wing Block Vice President (2021-2024)
-Transportation Business & 2-Fishery Ponds
-Post Graduation in Geography (2019-21) from Veer kunwar singh university",,,,,,,,No,,,,
Kaimur,,Bhabhua,Member,Tejpati Singh,No,Late Sarva Nath Singh,8084201454.0,48.0,, OBC , Kurmi ,"Tejpati Singh | 48 | Male | OBC | Kurmi
Ex-Mukhia of Mokri Panchayat (2011-16) , 
sachiv in the making of Mundeshwari Hanuman gadhi,
Contested election previously, Involved in Agricultural activities and prominent personality of his Panchayat.",,,,"Tejpati Singh | 48 | Male | OBC | Kurmi
Ex-Mukhia of Mokri Panchayat (2011-16) , 
sachiv in the making of Mundeshwari Hanuman gadhi,
Contested election previously, Involved in Agricultural activities and prominent personality of his Panchayat.",,,,,,,,No,,,,
Kaimur,,Bhabhua,Member,Rakesh Kumar,No,Rajaram ,6206064802.0,43.0,,SC,Chamar,"Rakesh Kumar  | 43 | Male | SC | Chamar
Incumbent Nagar Ward Parshad - Ward No. 8, Nagar Parishad Bhabhua.",,,,"Rakesh Kumar  | 43 | Male | SC | Chamar
Incumbent Nagar Ward Parshad - Ward No. 8, Nagar Parishad Bhabhua.",,,,,,,,No,,,,
Kaimur,,Bhabhua,Member,Rinku Chaubey,No,Surendra Chaubey,9572414734.0,42.0,,General ,Brahmin,"Rinku Chaubey  | 42 | Male | GEN. | BRAHMIN 
Ex- vidhan Sabha Prabhari of Bhabua for BJP did not hold any post over there and is a highly active member in his Block, Known as a social worker, Occupation - Agriculture.",,,,"Rinku Chaubey  | 42 | Male | GEN. | BRAHMIN 
Ex- vidhan Sabha Prabhari of Bhabua for BJP did not hold any post over there and is a highly active member in his Block, Known as a social worker, Occupation - Agriculture.",,,,,,,,No,,,,
Kaimur,,Bhabhua,Member,Anil Pandey,No,Bhagwan Pandey,9934201295.0,44.0,,General ,Brahmin,"Anil Pandey | 44 | Male | GEN. | BRAHMIN
Incumbent BDC Since 2021,
 Runs CSC Centre & SBI Customer Service Points, 
High footfall of people from 4 panchayats for documentation work related to different schemes.",,,,"Anil Pandey | 44 | Male | GEN. | BRAHMIN
Incumbent BDC Since 2021,
 Runs CSC Centre & SBI Customer Service Points, 
High footfall of people from 4 panchayats for documentation work related to different schemes.",,,,,,,,No,,,,
Kaimur,,Bhabhua,Member,Dharmendra Kumar,No,Sohan Bind,9155700748.0,30.0,,EBC ,BIND,"Dharmendra Kumar  | 30 | Male |BIND
Incumbent BDC, Young and highly determined for holistic development.",,,,"Dharmendra Kumar  | 30 | Male |BIND
Incumbent BDC, Young and highly determined for holistic development.",,,,,,,,No,,,,
Kaimur,,Bhabhua,Member,Shiv Ji Sharma,No,Late Kishun Sharma,9708812432.0,40.0,,EBC ,Lohar,"Shiv Ji Sharma | 40 | Male | EBC | Lohar
2nd Term Incumbent Ward Parshad",,,,"Shiv Ji Sharma | 40 | Male | EBC | Lohar
2nd Term Incumbent Ward Parshad",,,,,,,,No,,,,
Kaimur,,Bhabhua,Member,Nand Lal Chaudhary,No,Late Sarayu Chaudhary,9546397011.0,64.0,,SC,Pasi,"Nand Lal Chaudhary  | 64 | Male | SC | Pasi
- Won the Mukhiya election in 2006.  
- Elected unopposed as a Member of PACS in 
2010, 2015, and 2020 consecutively.",,,,"Nand Lal Chaudhary  | 64 | Male | SC | Pasi
- Won the Mukhiya election in 2006.  
- Elected unopposed as a Member of PACS in 
2010, 2015, and 2020 consecutively.",,,,,,,,No,,,,
Kaimur,,Bhabhua,Member,Bali Bind,No,Late Tilaku Bind,9934088934.0,45.0,,EBC ,BIND,"Bali Bind | 45 | Male | EBC | Bind
Owns a medical store nearby Bhikampura market named ""Roshni Medical"".
-Contested Mukhia Election from Meu Panchayat .",,,,"Bali Bind | 45 | Male | EBC | Bind
Owns a medical store nearby Bhikampura market named ""Roshni Medical"".
-Contested Mukhia Election from Meu Panchayat .",,,,,,,,No,,,,
Kaimur,,Rampur,Member,Birendra Prasad Singh,No,Late Shobhnath Singh,7004080976.0,60.0,,OBC ,Koeri,"Birendra Prasad Singh | 60 | Male | OBC | Koeri
37+ years of experience as a Teacher.
-Member of vidyalay samiti in around 2000.
-Owns Rice plant & his son is junior scientist at CUSB.",,,,"Birendra Prasad Singh | 60 | Male | OBC | Koeri
37+ years of experience as a Teacher.
-Member of vidyalay samiti in around 2000.
-Owns Rice plant & his son is junior scientist at CUSB.",,,,,,,,No,,,,
Kaimur,,Bhabhua,Member,Dr. Anil Kr. Singh,No,Late Dr. Kameshwar Prasad Singh ,9431464296.0,69.0,,General,Rajput,"Dr. Anil Kumar Singh | 69 | Male | GEN. | Rajput
ENT doctor with a highly busy clinic, attracting a large number of patients daily.
-Worked for 29 Years (majorly at Sadar Hospital Bhabhua), before taking voluntary retirement in 2021.
-Completed MBBS from SKMCH Muzaffarpur.
-Completed PG and MD DLO (pat)  from PMCH Patna.",,,,"Dr. Anil Kumar Singh | 69 | Male | GEN. | Rajput
ENT doctor with a highly busy clinic, attracting a large number of patients daily.
-Worked for 29 Years (majorly at Sadar Hospital Bhabhua), before taking voluntary retirement in 2021.
-Completed MBBS from SKMCH Muzaffarpur.
-Completed PG and MD DLO (pat)  from PMCH Patna.",,,,,,,,No,,,,
Kaimur,,Bhabhua,Member,Dr. Jaishankar Mishra,No,Late Pradyuman Mishra,8789920107.0,70.0,,General ,Brahmin,"Dr. Jaishankar Mishra | 70 | Male | GEN. | BRAHMIN
- Worked 34 years as govt. doctor, majorly at Bhabhua Sadar
-Presently runs a pvt. clinic nearby Sadar hospital spl. in surgery ortho.
- MBBS-PMCH,M.S.- LNMU",,,,"Dr. Jaishankar Mishra | 70 | Male | GEN. | BRAHMIN
- Worked 34 years as govt. doctor, majorly at Bhabhua Sadar
-Presently runs a pvt. clinic nearby Sadar hospital spl. in surgery ortho.
- MBBS-PMCH,M.S.- LNMU",,,,,,,,No,,,,
Kaimur,,Bhabhua,Member,Md. Ekram Alam,No,Late Aslam Alam,7739451212.0,38.0,, Minority,Muslim,"Md. Ekram Alam | 38 | Male | MIN. | Muslim
-Incumbent BDC Member
- Good Influence among youths and also in his community 
-Has good oratory skills.",,,,"Md. Ekram Alam | 38 | Male | MIN. | Muslim
-Incumbent BDC Member
- Good Influence among youths and also in his community 
-Has good oratory skills.",,,,,,,,No,,,,
Kaimur,,Rampur,Member,Krishna Kumar Dubey,No,Avadhesh Dubey ,9973377765.0,35.0,,General ,Brahmin,"Krishna Kumar Dubey  | 35 | Male | GEN. | Brahmin
- District President of Kala Sanskriti and Khel Prakoshth, JDU.  
- Acting artist with experience in 12 movies and 15 serials.  
- Actively involved in social and political activities.",,,,"Krishna Kumar Dubey  | 35 | Male | GEN. | Brahmin
- District President of Kala Sanskriti and Khel Prakoshth, JDU.  
- Acting artist with experience in 12 movies and 15 serials.  
- Actively involved in social and political activities.",,,,,,,,No,,,,
Kaimur,,Rampur,Member,Lal Babu Paswan,No,Late Chandrika Paswan,9576139818.0,55.0,,SC,Dusadh,"Lal Babu Paswan | 55 | Male | SC | Paswan
- Active Member of Nagrik Rajnaitik Morcha (Basant Kr. Choudhary) since 2013
- Associated with CPI-ML from 1990s to ~2012",,,,"Lal Babu Paswan | 55 | Male | SC | Paswan
- Active Member of Nagrik Rajnaitik Morcha (Basant Kr. Choudhary) since 2013
- Associated with CPI-ML from 1990s to ~2012",,,,,,,,No,,,,
Kaimur,,Rampur,Member,Musafir Ram,No,Gudri Ram,7561934519.0,56.0,,SC,Ram,"Musafir Ram | 56 | Male | SC | Ram
- Founder & President of Dr.B.R. Ambedkar Utthan Committee since 2023 aiming at awareness for deaddiction at Block Level.
- Active member of Nagrik Rajnaitik Morcha (Basant Kr. Choudhary) 
- Contested BDC election in 2001 from Pasain Panchayat
- Joined CPI-ML in 1986 after completion of Matriculation in 1986",,,,"Musafir Ram | 56 | Male | SC | Ram
- Founder & President of Dr.B.R. Ambedkar Utthan Committee since 2023 aiming at awareness for deaddiction at Block Level.
- Active member of Nagrik Rajnaitik Morcha (Basant Kr. Choudhary) 
- Contested BDC election in 2001 from Pasain Panchayat
- Joined CPI-ML in 1986 after completion of Matriculation in 1986",,,,,,,,No,,,,
Kaimur,,Bhabhua,Member,Alok Singh,No,Birendra Singh,9708186550.0,35.0,, OBC , Kurmi ,"Alok Singh | Male | 35 | OBC | Kurmi
- Ex- JDU Nagar Shramik Prakostha President (2020)
- Contested PACS election from Ruiya Panchayat and ended up on third place
- Farming & Rice Mill is the major source of income.",,,,"Alok Singh | Male | 35 | OBC | Kurmi
- Ex- JDU Nagar Shramik Prakostha President (2020)
- Contested PACS election from Ruiya Panchayat and ended up on third place
- Farming & Rice Mill is the major source of income.",,,,,,,,No,,,,
Kaimur,,Bhabhua,Member,Rohit Ranjan,No,Shri Daya Prashad ,"8084153777   /
8709924566",43.0,,SC,Mehtar,"Rohit Ranjan | Male | 43 | SC | Mehtar
- Owns multiple businesses under the name ""R Brothers.""  
- Operated a rice mill and poultry farm (2010-2015).  
- Running a cigarette factory since 2015 under the ""Ten-On"" brand.  
- Employs over 150 workers.",,,,"Rohit Ranjan | Male | 43 | SC | Mehtar
- Owns multiple businesses under the name ""R Brothers.""  
- Operated a rice mill and poultry farm (2010-2015).  
- Running a cigarette factory since 2015 under the ""Ten-On"" brand.  
- Employs over 150 workers.",,,,,,,,No,,,,
Kaimur,,Bhabhua,Member,Akshaibar Singh,No,Late Moti Singh ,9661936382.0,76.0,, OBC , Kurmi ,"Akshaibar Singh | 76 | Male | OBC | Kurmi
- Contested AC Election Independently from Bhabhua in 2005, 2010, 2015 & 2018.
- Known for his election Campaigning on Cycle.",,,,"Akshaibar Singh | 76 | Male | OBC | Kurmi
- Contested AC Election Independently from Bhabhua in 2005, 2010, 2015 & 2018.
- Known for his election Campaigning on Cycle.",,,,,,,,No,,,,
Kaimur,,Bhabhua,Member,Kamruddin Ansari,No,Qasim Ansari,8541813507.0,45.0,, Minority,Muslim,"Kamruddin Ansari | 45 | Male | Minority | Muslim
- Incumbent BDC from Kaithi Panchayat since
-   Contested 2016 BDC Election and was runner up by bare margin
- Owns & Runs Catering & Tent Business",,,,"Kamruddin Ansari | 45 | Male | Minority | Muslim
- Incumbent BDC from Kaithi Panchayat since
-   Contested 2016 BDC Election and was runner up by bare margin
- Owns & Runs Catering & Tent Business",,,,,,,,No,,,,
Kaimur,,Rampur,Member,Sunil Kr. Tiwari,No,Rang Nath Tiwari,7488144384.0,38.0,,General ,Brahmin,"Sunil Kr. Tiwari | 38 | Male | Gen. | Brahmin
- Prominent & active member of Panchayat.
- Family members were associated with congress till early 2000s.
- B.Tech from Rajasthan (Civil Engineering)",,,,"Sunil Kr. Tiwari | 38 | Male | Gen. | Brahmin
- Prominent & active member of Panchayat.
- Family members were associated with congress till early 2000s.
- B.Tech from Rajasthan (Civil Engineering)",,,,,,,,No,,,,
Kaimur,,Bhabhua,Member,Bucchu Singh,No,Radharaman Singh,9430580672.0,53.0,, OBC , Kurmi ,"Bucchu Singh | 53 | Male | OBC | Kurmi
- De-facto Incumbent Ward Councilor since 2022 as wife Nandan Devi is the de-jure ward councilor.
-Belongs from Pol. fam. as uncle Late Prabhu Narayan Singh was Chairman from Bhabhua NP.
- Brother Anjani Singh was Ex-ZP Adhyaksh (2007), Owns a big hardware shop at Patel chowk.",,,,"Bucchu Singh | 53 | Male | OBC | Kurmi
- De-facto Incumbent Ward Councilor since 2022 as wife Nandan Devi is the de-jure ward councilor.
-Belongs from Pol. fam. as uncle Late Prabhu Narayan Singh was Chairman from Bhabhua NP.
- Brother Anjani Singh was Ex-ZP Adhyaksh (2007), Owns a big hardware shop at Patel chowk.",,,,,,,,No,,,,
Kaimur,,Bhabhua,Member,Dhananjay Kr. Rawat,No,Late Kamla Prasad,7677523771.0,38.0,,SC,Chamar,"Dhananjay Kr. Rawat | 38 | Male | SC | Chamar
- Akhil Bhartiya Safai Majdoor Congress -District President- 2024
- Incumbent de-facto Ward Councillor from Ward No.-14 of Bhabhua Nagar Parishad since 2022 as wife Uma Devi is de-jure Ward Councillor.
- Father was an INC Member & Ward Councillor for 25 years.",,,,"Dhananjay Kr. Rawat | 38 | Male | SC | Chamar
- Akhil Bhartiya Safai Majdoor Congress -District President- 2024
- Incumbent de-facto Ward Councillor from Ward No.-14 of Bhabhua Nagar Parishad since 2022 as wife Uma Devi is de-jure Ward Councillor.
- Father was an INC Member & Ward Councillor for 25 years.",,,,,,,,No,,,,
Kaimur,,Bhabhua,Member,Surendra Singh,No,Late Arjun Singh,9973811633.0,70.0,, OBC , Kurmi ,"Surendra Singh | 70 | Male | OBC | Kurmi
- Was involved in JP Movement & stayed at Chadwara Camp Jail for 1.5 months.
- Retired as Headmaster from Govt. School in Chand Block.
- Incumbent Ward Councillor from Ward No. 20 since 2022, lost in 2017 ward election by 8 votes.",,,,"Surendra Singh | 70 | Male | OBC | Kurmi
- Was involved in JP Movement & stayed at Chadwara Camp Jail for 1.5 months.
- Retired as Headmaster from Govt. School in Chand Block.
- Incumbent Ward Councillor from Ward No. 20 since 2022, lost in 2017 ward election by 8 votes.",,,,,,,,No,,,,
Kaimur,,Bhabhua,Member,Subhash Singh Yadav,No,Late Guru Prasad Singh,7352347845.0,65.0,,OBC ,Yadav,"Subhash Singh Yadav | 65 | Male | OBC | Yadav
-Rtd Gov Teacher(Rtd in 2021)
-Was associated with RJD & JDU
-Social Worker",,,,-Defacto Sarpanch,,,,,,,,No,,,,
Kaimur,,Bhabhua,Member,Ajay Kumar Pasi,No,Ashok Choudhary,8651383883.0,31.0,,SC,Pasi,"Ajay Kumar Pasi | 31 | MALE | SC - Pasi
- Incumbent BDC from Sikhati Panchayat",,,,"Ajay Kumar Pasi | 31 | MALE | SC - Pasi
- Incumbent BDC from Sikhati Panchayat",,,,,,,,No,,,,
Kaimur,,Ramgarh,Member,Sheikh Qashim,No,Sheakh Abdul Rasid,9955768695.0,37.0,,Minority,Muslim,"Sheikh Kashim | 37 | Male | MIN. | Muslim
-He graduated in sociology of G.B College Ramgarh.
 -His mother Akbari Begum is Dy Chairman of ramgarh nagar panchayat, she got 2423 votes.
 -He is PDS dealer.",Call Connected,Not Interested,,,,,,,,,,,,,,
Kaimur,,Ramgarh,Member,Shyan Bihari Ram,No,Lt. Rajeswar Ram,8298917624.0,52.0,,SC,Chamar,"Shyam Bihari Ram | 52 | Male | SC | Chammar
-Two terms defacto sarpanch of nonar panchayat from (2016-2021),(2021-Present). -
Former defacto sarpanch sang block secretary from (2016-2021). -Former teacher association block president from (2011-2015). -Ex ward panch of ward no 9. -He has done his masters in economics from veer kuwar university arra.",Not Received ,,,,,,,,,,,,,,,
Kaimur,,Ramgarh,Member,Bechan Sharma,No,Dhanraj Sharma,"9534602295, 8092951270",62.0,,EBC ,Nai ,"Bechan Sharma | 62 | Male | EBC | Nai
 He is currently an incumbent Mukhiya from Mahuwar Panchayat.
-Contested Mukhiya election of Mahuar Panchayat in 2016 & lost by a margin
of 32 votes.
-He is a graduate and holds a degree in commerce. 
-He has a tent house and owns around 40 bighas of cropping land.",Busy,,,,,,,,,,,,,,,
Kaimur,,Durgawati,Member,Jogender Ram,No,Aaklu Ram,9262261571.0,40.0,,SC,Chamar,"Jogender Ram | 40 | Male | SC | Chammar

- Two-term Defecto Incumbent BDC from Chehariyan Panchayat. (2016-2021)
- Sarpanch runner up (2011)
 He is from Chamar community and has a good support of his community. He also has a small marble shop.",,,,"Jogender Ram | 40 | Male | SC | Chammar

- Two-term Defecto Incumbent BDC from Chehariyan Panchayat. (2016-2021)
- Sarpanch runner up (2011)
 He is from Chamar community and has a good support of his community. He also has a small marble shop.",,,,,,,,No,,,,
Kaimur,,Ramgarh,Member,Surendar Kumar Singh,No,Lt.Babu Ramiqubal Singh,9934947583.0,70.0,,General,Rajput,"Surendra Kumar | Male| 70|  Gen | Rajput 
-He was the ex-mukhiya of nonar panchayat for 27 years from (1979-2006).
-One term ex block pramukh of ramgarh from (1991-1996).",Call Connected,Not Interested,,,,,,,,,,,,,,
Kaimur,,Ramgarh,Member,Surendar Singh Yadav,No,Lt.Markande Singh Yadav,9905674377.0,56.0,,OBC ,Yadav,"Surender Singh Yadav| Male | 56| OBC | Yadav
-Incumbent BDC of nonar panchayat area no 6 he got 1094 votes.
-Former ward member of ward 5 from (2001-2006).
-Former up mukhiya of nonar panchayat from (2001-2006)
-Contested  BDC election of nonar panchayat from 2016 but lost.",Not Received ,,,,,,,,,,,,,,,
Kaimur,,Ramgarh,Member,Pappu Pasi,No,Lt.Mehangu Pasi,9534635848.0,38.0,,SC,Pasi,"Pappu Pasi| Male| 38| SC| Pasi 
-Two terms mukhiya of baraura panchayat (2021-Present) & (2016-2021)
in the last election, he got 2463 votes.
-Former Panchayat member of BJP.",Not Reachable,,,,,,,,,,,,,,,
Kaimur,,Ramgarh,Member,Jitendra Kumar Gautam ,No,Ram Nagina Ram,9801505680.0,42.0,,SC,Pasi,"Jitendra Kumar Gautam | Male | 42| SC| Pasi
-President of teacher association 2016-18.
-Incumbent Defacto Mukhiya
-BAMCEF Member ",Not Received ,,,,,,,,,,,,,,,
Kaimur,,Ramgarh,Member,Bipul Tiwari,Ramgarh_3,Shyamakant Tiwari,9801127442.0,46.0,,General ,Brahmin,"Bipul Tiwari| Male | 46| Gen | Brahmin
-Bihar IYC President 2010
-Bihar Congress Pradesh Sachiv 2015-2024",Busy,,,,,,,,,,,Ramgarh_3,,,,
Kaimur,,Durgawati,Member,Payare Lal paswan,No,Late Basavan Paswan,7368938511.0,60.0,,SC,Dusadh,"Payare Lal paswan | 60 | Male | SC | Dushadh
-Mukhiya of Dharar panchayat ",,,,"Payare Lal paswan | 60 | Male | SC | Dushadh
-Mukhiya of Dharar panchayat ",,,,,,,,No,,,,
Kaimur,,Durgawati,Member,Ravindra Singh Yadav,No,Maula Singh Yadav,8528140273.0,40.0,,OBC ,Yadav,"Ravindra Singh Yadav | 40 | Male | OBC | Yadav
- Secretary of Inter College Nauon 
- Booth agent of RJD 2020 Assembly election
-  Booth agent of RJD 2024 Parliamentary  election
- President of Mahavir Mandir Sangh ( Adrash Nauon)",,,,"Ravindra Singh Yadav | 40 | Male | OBC | Yadav
- Secretary of Inter College Nauon 
- Booth agent of RJD 2020 Assembly election
-  Booth agent of RJD 2024 Parliamentary  election
- President of Mahavir Mandir Sangh ( Adrash Nauon)",,,,,,,,No,,,,
Kaimur,,Durgawati,Member,Brijesh Kumar Pandey,No,Sharma Pandey,6201404456.0,52.0,,General ,Brahmin,"Brijesh Kumar Pandey| Male | 52| Gen.| Brahmin
-Incumbent Sarpanch of masaudha Panchayat
-Hold Bechlor's degree ",Not Received ,,,"Brijesh Kumar Pandey| Male | 52| Gen.| Brahmin
-Incumbent Sarpanch of masaudha Panchayat
-Hold Bechlor's degree ",,,,,,,,No,,,,
Kaimur,,Durgawati,Member,Rizwan Khan,No,Shahabuddin Khan,9661111160.0,55.0,,Minority,Muslim,"Rizwan Khan| Male| 55| Muslim
- RJD Yuva District VP for 7 years from 1990
-RJD State Sec FROM 2016-2024",,,,"Rizwan Khan| Male| 55| Muslim
- RJD Yuva District VP for 7 years from 1990
-RJD State Sec FROM 2016-2024",,,,,,,,No,,,,
Kaimur,,Durgawati,Member,Virendra Yadav,No,late Mukhram Yadav,7631822518.0,47.0,,OBC ,Yadav,"Virendra Yadav | 47 | Male | OBC | Yadav
- Incumbent BDC of Awahariya panchayat
- Two times Sarpanch of Awahariya panchayat (2011-16, 2016 to 21)
- Father an employee of Indian Railway- Gateman, Brother in the army (colonel) posted in Jammu",,,,"Virendra Yadav | 47 | Male | OBC | Yadav
- Incumbent BDC of Awahariya panchayat
- Two times Sarpanch of Awahariya panchayat (2011-16, 2016 to 21)
- Father an employee of Indian Railway- Gateman, Brother in the army (colonel) posted in Jammu",,,,,,,,No,,,,
Kaimur,,Durgawati,Member,Ramanand Yadav,No,Late Tenqar Yadav,7050002011.0,43.0,,OBC ,Yadav,"Ramanand Yadav | 43 | Male | OBC | yadav
-State Secretary of BSP (2016-2020)
-Defacto Mukhiya  Chhaon Panchayat Present",,,,"Ramanand Yadav | 43 | Male | OBC | yadav
-State Secretary of BSP (2016-2020)
-Defacto Mukhiya  Chhaon Panchayat Present",,,,,,,,No,,,,
Kaimur,,   Durgawati,Member,Md. Masuk Khan,No,Mohd. Jawwad Khan,8210932681.0,55.0,,Minority,Muslim,"Md. Masuk Khan | 55 | Male | Muslim
  De-facto vice-chairman ZP from 2006 to 2011 (Durgawati Block)
 He graduated from Aligarh Muslim University. 
He has a double Master's degree one from Jamia Millia Islamia and one from Kashi VIdhiya Pheet. 
He has a land holding of 45 bighas of farming land and 23 bighas of bagicha. 
His Cousin Late Nishad Khan was Mukhiya from Dumri Panchayat.",,,,Former De facto ZP Chairman,,,,,,,,No,,,,
Kaimur,,Durgawati,Member, Shyam Kumar Shah,No,Ram Narayan Shah,7654286780.0,50.0,,OBC ,Bania," Shyam Kumar Shah | 50 | Male | OBC | Baniya
Shyam Kumar Shah | 50 | Bania 
-Incumbent Block Pramukh of Durgawati block.
- Contested PRI election for the first time and won
- leader Vashya Samaj Sangathan in Kaimur district.
- Owns a commercial building in Durgawati market.",,,," Shyam Kumar Shah | 50 | Male | OBC | Baniya
Shyam Kumar Shah | 50 | Bania 
-Incumbent Block Pramukh of Durgawati block.
- Contested PRI election for the first time and won
- leader Vashya Samaj Sangathan in Kaimur district.
- Owns a commercial building in Durgawati market.",,,,,,,,No,,,,
Kaimur,,Ramgarh,Member,Devendra Pandey,No,Late Jagdish Pandey,9572832732.0,50.0,,General ,Brahmin,"Devendra Pandey | 50 | Male | GEN. | Brahmin
Librarian at Higher school in Ramgarh",,,,"Devendra Pandey | 50 | Male | GEN. | Brahmin
Librarian at Higher school in Ramgarh",,,,,,,,No,,,,
Kaimur,,Ramgarh,Member,Ram Bachan Ram,No,late Khobhani Ram,7352825920.0,69.0,,SC,Chamar,"Ram Bachan Ram | 69 | Male | SC | Chammar
-Former Samajwadi Party District President from (1993-2000).
-Former Samajwadi Party State President Anusuchit Cell from 
(2000-2004).
-Two Terms Contested MP election from Sasaram 
1989 - Lok Dal (2198 votes)
2004- SP(1896 votes)
-Contested Assembly election from Ramgarh in 2020 got 907 votes.
-He has done double masters in ancient Hindi & B.ed ,M.ed from 
BHU.",,,,"Ram Bachan Ram | 69 | Male | SC | Chammar
-Former Samajwadi Party District President from (1993-2000).
-Former Samajwadi Party State President Anusuchit Cell from 
(2000-2004).
-Two Terms Contested MP election from Sasaram 
1989 - Lok Dal (2198 votes)
2004- SP(1896 votes)
-Contested Assembly election from Ramgarh in 2020 got 907 votes.
-He has done double masters in ancient Hindi & B.ed ,M.ed from 
BHU.",,,,,,,,No,,,,
Kaimur,,Ramgarh,Member,Pappu Gupta,No,Late Krishna Gupta,9110065942.0,37.0,,OBC ,Bania,"Pappu Gupta | 37 | Male |  Baniya
-Two terms Incumber Up-mukhiya of Narhan-Jamurana Panchayat 
from (2016-2021),(2021-2023).
-Four terms incumbent ward member of ward 3 from (2006-2011),
(2011-2016),(2016-2021)&(2021-Present).
-PAC's runner up of Narhan-Jamurana in 2019.",,,,"Pappu Gupta | 37 | Male |  Baniya
-Two terms Incumber Up-mukhiya of Narhan-Jamurana Panchayat 
from (2016-2021),(2021-2023).
-Four terms incumbent ward member of ward 3 from (2006-2011),
(2011-2016),(2016-2021)&(2021-Present).
-PAC's runner up of Narhan-Jamurana in 2019.",,,,,,,,No,,,,
Kaimur,,Ramgarh,Member,Jitendra Thakur,No,Lt.Dawarika Thakur,6205783097.0,32.0,,EBC ,Nai ,"Jitendra Thakur | 32 | Male | EBC | Nai
-RJD Pichara cell block president from (2021), Reliance Jio service provider , Wife a Jivika Member",,,,"Jitendra Thakur | 32 | Male | EBC | Nai
-RJD Pichara cell block president from (2021), Reliance Jio service provider , Wife a Jivika Member",,,,,,,,No,,,,
Kaimur,,Durgawati,Member,Sukhari Ram,No,Khobari Ram,9507343217.0,62.0,,SC,Chamar,"Sukhari Ram | 62 | Male | SC | Chamar
- Two term Ex Sarpanch of Khamidaura Panchayat (2011-2016)
- Graduated from SVP collage Bhabua
- Contested Student Union election in 1985
- Social Activist",,,,"Sukhari Ram | 62 | Male | SC | Chamar
- Two term Ex Sarpanch of Khamidaura Panchayat (2011-2016)
- Graduated from SVP collage Bhabua
- Contested Student Union election in 1985
- Social Activist",,,,,,,,No,,,,
Kaimur,,Durgawati,Member,Siya Ram Yadav,No,Late Banke Yadav,7543983645.0,78.0,,OBC ,Yadav,"Siya Ram Yadav | 78 | Male | OBC | Yadav
-Sarpanch of Khamiduara panchayat (1977-2001)
-His family members (son & daughter in law) are Doctors in Durgawati.",,,,"Siya Ram Yadav | 78 | Male | OBC | Yadav
-Sarpanch of Khamiduara panchayat (1977-2001)
-His family members (son & daughter in law) are Doctors in Durgawati.",,,,,,,,No,,,,
Kaimur,,Durgawati,Member," 
       Rajendra Prasad Gupta",No,Damodar Shah,9939278578.0,53.0,,EBC,Teli," 
       Rajendra Prasad Gupta | 53 | Male | EBC | Teli
Rajendra  Prasad Gupta | 53 | Teli | Male
- Two-Term Incumbent Sarpanch of Khamidaura Panchayat (2016, 2021)
- Sarpanch Runner up (2006)
- Farmer by Profession, owns 10 bighas of land
- Involves in Social work for his community
",,,," 
       Rajendra Prasad Gupta | 53 | Male | EBC | Teli
Rajendra  Prasad Gupta | 53 | Teli | Male
- Two-Term Incumbent Sarpanch of Khamidaura Panchayat (2016, 2021)
- Sarpanch Runner up (2006)
- Farmer by Profession, owns 10 bighas of land
- Involves in Social work for his community
",,,,,,,,No,,,,
Kaimur,,Ramgarh,Member,Pawan Tiwari,No,Anjani Tiwari,7355265894.0,40.0,,General ,Brahmin,"Pawan Tiwari | 40 | Male | GEN. | Brahmin
-UP-mukhiya of Baraura Panchayat from 2021
-Electronic shope in bararura",,,,"Pawan Tiwari | 40 | Male | GEN. | Brahmin
-UP-mukhiya of Baraura Panchayat from 2021
-Electronic shope in bararura",,,,,,,,No,,,,
Kaimur,,Mohania,Member,Saroj Kumar,No,Ram Bachan Ram,9576941529.0,38.0,,SC,Chamar,"Saroj Kumar | 38 | Male | SC | Chamar
Brother of Ex- MLA Niranjan Ram(Mohania By Election 2014-2015, 2015-2020)
-Member of BJP District Committee 
-Managed all election campaigns for his brother 
-Played a vital role in ensuring victory for his brother 
- Mobilised People on the ground",,,,"Saroj Kumar | 38 | Male | SC | Chamar
Brother of Ex- MLA Niranjan Ram(Mohania By Election 2014-2015, 2015-2020)
-Member of BJP District Committee 
-Managed all election campaigns for his brother 
-Played a vital role in ensuring victory for his brother 
- Mobilised People on the ground",,,,,,,,No,,,,
Kaimur,,Mohania,Member,Vijay Kumar,No,Late Hari Chaudhary,9523874816.0,54.0,,SC,Pasi,"Vijay Kumar | Male | 54 | SC | Pasi | 
- He is Up Mukhiya of Ameth Panchayat since 2021
- Ekal Vidyalaya Grameen Utthan yojna prakhand pramukh (45 Vidyalaya) from 1999 to 2001
- Saksharta Mission Prakhand Sachiv 1995 to 2001",,,,"Vijay Kumar | Male | 54 | SC | Pasi | 
- He is Up Mukhiya of Ameth Panchayat since 2021
- Ekal Vidyalaya Grameen Utthan yojna prakhand pramukh (45 Vidyalaya) from 1999 to 2001
- Saksharta Mission Prakhand Sachiv 1995 to 2001",,,,,,,,No,,,,
Kaimur,,Mohania,Member,Awadhesh Singh,No,Late Ramji Singh,9608556305.0,55.0,,General,Rajput,"Awadhesh Singh | 55 | Male | Gen | Rajput
-Former PACS Adhyaksh(2019-24)
-Former Sarpanch(2006-11)
-Former BDC( 2001-06)
-PACS Adhyaksh Runnerup(lost by 19 Votes)
-55 Acre Land",,,,"Awadhesh Singh | 55 | Male | Gen | Rajput
-Former PACS Adhyaksh(2019-24)
-Former Sarpanch(2006-11)
-Former BDC( 2001-06)
-PACS Adhyaksh Runnerup(lost by 19 Votes)
-55 Acre Land",,,,,,,,No,,,,
Kaimur,,Kudra,Member,Bhagwan Paswan,No,Late Baliram Paswan,8002913942.0,57.0,,SC,Dusadh,"Bhagwan Paswan | 57 | Male | SC | Dusadh
Incumbent Mukhyia of Ghataon Panchayat (2021-present)
-Runner up in 2016 Mukhyia Election( Got 735 votes)
-Leader of his Community
Remarks: He is Most Active Mukhyia in Block, Dedicated for JS & PK",,,,"Bhagwan Paswan | 57 | Male | SC | Dusadh
Incumbent Mukhyia of Ghataon Panchayat (2021-present)
-Runner up in 2016 Mukhyia Election( Got 735 votes)
-Leader of his Community
Remarks: He is Most Active Mukhyia in Block, Dedicated for JS & PK",,,,,,,,No,,,,
Kaimur,,Mohania,Member,Dileep Kumar Singh,No,Jagdish Singh,9939360786.0,42.0,,OBC ,Kushwaha,"Dileep Kumar Singh | 42 | Male | OBC | Kushwaha
-Chairman of Adarsh Jan Kalyan Seva Samiti NGO(Reg.2009-10)
-Contested Mukhiya Election in 2021
-Contested Sarpanch Election in 2016
-Water Purifier Dealer
-Social worker",,,,"Dileep Kumar Singh | 42 | Male | OBC | Kushwaha
-Chairman of Adarsh Jan Kalyan Seva Samiti NGO(Reg.2009-10)
-Contested Mukhiya Election in 2021
-Contested Sarpanch Election in 2016
-Water Purifier Dealer
-Social worker",,,,,,,,No,,,,
Kaimur,,Mohania,Member,Rishikesh Singh,No,Late Ramkumar Singh,8825385541.0,54.0,,General,Rajput,"Rishikesh Singh | 54 | Male | GEN. | Rajput
-Two-term Mukhiya Runner-up from Belaudi Panchayat(2016,2021)
-His wife was Ward member from Belaudi Panchyat (2001-2006)
-Associated with BJP(2009-2024)
-Government Contractor at Block level
-Very influential leader and Well-known face of Mohania ",,,,"-Two-term Mukhiya Runner-up from Belaudi Panchayat(2016,2021)",,,,,,,,No,,,,
Kaimur,,Mohania,Member,Upendra Pratap,No,Ram Kumar Singh,9341501009.0,40.0,,OBC ,Yadav,"Upendra Kr. Singh | 40 | Male | OBC | Yadav
-Incumbent Ward Member from Ameth Panchayat(2021-present)                                       
   -Active in Politics for 10 years                                               
-Social Activist",,,,"Upendra Kr. Singh | 40 | Male | OBC | Yadav
-Incumbent Ward Member from Ameth Panchayat(2021-present)                                       
   -Active in Politics for 10 years                                               
-Social Activist",,,,,,,,No,,,,
Kaimur,,Mohania,Member,Rama Shankar Sharma,No,Shivnath Sharma,9771285406.0,52.0,,EBC ,Badhai,"Rama Shankar Sharma | 52 | Male | EBC | Badhai
Incumbent BDC from usari panchayat.
- Ex-sarpanch of usari panchayat (2006-2011)
- lost the Sarpanch election in 2011 by a margin of 50 votes. 
- Influencer EBC leader of Mohania Block",,,,"Rama Shankar Sharma | 52 | Male | EBC | Badhai
Incumbent BDC from usari panchayat.
- Ex-sarpanch of usari panchayat (2006-2011)
- lost the Sarpanch election in 2011 by a margin of 50 votes. 
- Influencer EBC leader of Mohania Block",,,,,,,,No,,,,
Kaimur,,Mohania,Member,Bullu Ram,No,Sobhan Ram,8210821956.0,58.0,,SC,Chamar,"Bullu Ram | 58 | Male | SC | Chammar
-Two-term Ex-Mukhiya from Bamhour Khas Panchayat (2011-16, 2016-21)
-Three-Term Mukhiya Runner-up (2001, 2006 and 2021)
-Member  BSP District Committee
-Famous Dalit leader of Mohania Block",,,,"Bullu Ram | 58 | Male | SC | Chammar
-Two-term Ex-Mukhiya from Bamhour Khas Panchayat (2011-16, 2016-21)
-Three-Term Mukhiya Runner-up (2001, 2006 and 2021)
-Member  BSP District Committee
-Famous Dalit leader of Mohania Block",,,,,,,,No,,,,
Kaimur,,Mohania,Member,Vinod Pandey,No,Late Laxmi Narayan Pandey,9431895628.0,56.0,,General ,Brahmin,"Vinod Pandey | 56 | Male | GEN. | Brahmin
-Prakhand Sanyojak/Adhyaksh of Gayatri Parivar Samiti
-Runs 2 free education centers in panchayat for children of economically weaker and Musahar community.",,,,"-Prakhand Sanyojak/Adhyaksh of Gayatri Parivar Samiti
-Runs 2 free education centers in panchayat for children of economically weaker and Musahar community.",,,,,,,,No,,,,
Kaimur,,Mohania,Member,Rajesh Singh Yadav,No,Babban Singh,9939399246.0,38.0,,OBC ,Yadav,"Rajesh Singh Yadav | 38 | Male | OBC | Yadav
-2nd Runner-up PACs Adhyaksh Election(2024)
 -Block Adhyaksh INC (2017-20019)
- Ex BDC Bokhari Panchayat (2016-21)
- BDC runner-up (2021)
- Influential Yadav leader from Mohania Block",,,,"Rajesh Singh Yadav | 38 | Male | OBC | Yadav
-2nd Runner-up PACs Adhyaksh Election(2024)
 -Block Adhyaksh INC (2017-20019)
- Ex BDC Bokhari Panchayat (2016-21)
- BDC runner-up (2021)
- Influential Yadav leader from Mohania Block",,,,,,,,No,,,,
Kaimur,,Mohania,Member,Gupteshwar Singh,No,Late Shivbachan Singh,8002712081.0,50.0,,OBC ,Kushwaha,"Gupteshwar Singh | 50 | Male | OBC | Kushwaha
-Prakhand Adhyaksh-Kushwaha kalyan Samiti(2024-present)
-Contested in Mukhiya Election(1995)
-Contested in PACs Adhyaksh Election(2003)
-Contested in Mukhiya Election- 2006
-Ex-BDC from Bharkhar Panchayat(2011-16)
-Owner of Kushwaha Bhawan, Mohania",,,,"Gupteshwar Singh | 50 | Male | OBC | Kushwaha
-Prakhand Adhyaksh-Kushwaha kalyan Samiti(2024-present)
-Contested in Mukhiya Election(1995)
-Contested in PACs Adhyaksh Election(2003)
-Contested in Mukhiya Election- 2006
-Ex-BDC from Bharkhar Panchayat(2011-16)
-Owner of Kushwaha Bhawan, Mohania",,,,,,,,No,,,,
Kaimur,,Mohania,Member,Vijay Narayan Sah,No,Late Mishri Sah,8002736993.0,54.0,,EBC,Teli,"Vijay Narayan Sah | 54 | Male | Teli
-Incumbent Sarpanch from Dandwas Panchayat(2021-present)
-3 times Runner-up in mukhiya election(2001,2006, 2016)",,,,"Vijay Narayan Sah | 54 | Male | Teli
-Incumbent Sarpanch from Dandwas Panchayat(2021-present)
-3 times Runner-up in mukhiya election(2001,2006, 2016)",,,,,,,,No,,,,
Kaimur,,Mohania,Member,Ram Sundar Sharma,No,Late Ramayan Sharma,9199607452.0,42.0,,EBC ,Nai ,"Ram Sundar Sharma | 42 | Male | EBC | Nai
-Former Panchayat President of BJP(2019-21)
-Social Activist
-His son is ward member from ward-8(2021-present)
-His father was social worker",,,,"Ram Sundar Sharma | 42 | Male | EBC | Nai
-Former Panchayat President of BJP(2019-21)
-Social Activist
-His son is ward member from ward-8(2021-present)
-His father was social worker",,,,,,,,No,,,,
Kaimur,,Kudra,Member,Upendra Prasad Gupta,No,Shri Krishna Shah,7903303431.0,58.0,,OBC ,Bania,"Upendra Prasad Gupta | 58 | Male | EBC | Baniya
- Mukhiya Winner in 2011 and 2016
-Chairman Runner up lost due to elections got postponed and last minute politics 
- BJP Block Mahasachiv in 2018
- Built Nagar Panchayat in Kudra , even MLA came to visit and appreciate
Run Jwellery Shop in Kudra ",,,,"Upendra Prasad Gupta | 58 | Male | EBC | Baniya
- Mukhiya Winner in 2011 and 2016
-Chairman Runner up lost due to elections got postponed and last minute politics 
- BJP Block Mahasachiv in 2018
- Built Nagar Panchayat in Kudra , even MLA came to visit and appreciate
Run Jwellery Shop in Kudra ",,,,,,,,No,,,,
Kaimur,,Mohania,Member,Tribhuvan Chaudhary ,No,Shyama Shree Chaudhary ,9955305373.0,50.0,,SC,Pasi,"Tribhuvan Chaudhary  | 50 | Male | SC | Pasi
-Incumbent De-Facto Mukhiya from Panapur Panchayat in 2021( got 3200 votes )
-Mukhiya Runne -up in 2016
-Very Active in Politics and about Jan Suraj has travelled to Patna for Meeting
",,,,"Tribhuvan Chaudhary  | 50 | Male | SC | Pasi
-Incumbent De-Facto Mukhiya from Panapur Panchayat in 2021( got 3200 votes )
-Mukhiya Runne -up in 2016
-Very Active in Politics and about Jan Suraj has travelled to Patna for Meeting
",,,,,,,,No,,,,
Kaimur,,Kudra,Member,Sanjay Ram,No,Late Ramchela Ram,8092436287.0,38.0,,SC,Chamar,"Sanjay Ram | 38 | Male | SC | Chammar
Mukhiya from Siswar panchayat( 2021-present- won by 777 votes)
-Runner-up in Mukhiya election-2016
-INC Panchayat president(2016-24)
-INC Leader at Block level",Call Connected,Not Interested,,,,,,,,,,,,,,
Kaimur,,Kudra,Member,Doodhnath Ram,No,Late Sukalu Ram,7654229210.0,60.0,,SC,Chamar,"Doodhnath Ram | 60 | Male | SC | Chamar
Ex Sarpanch in 2016
Incumbent Ward Parshad from Waed No.2
Mukhiya Runner in 2011 got 800 votes lost by 50 votes 
Strong hold among SC Community and very Positive about Jan Suraj",,,,"Doodhnath Ram | 60 | Male | SC | Chamar
Ex Sarpanch in 2016
Incumbent Ward Parshad from Waed No.2
Mukhiya Runner in 2011 got 800 votes lost by 50 votes 
Strong hold among SC Community and very Positive about Jan Suraj",,,,,,,,No,,,,
Kaimur,,Kudra,Member,Rameshwar Ram,Kudra_5,Late Ramkrish Ram,9661859384.0,54.0,,SC,Chamar,"Rameshwar Ram | 54 | Male | SC | Chamar
-Former Mukhiya of Bahera Panchayat(2006-11)
-Runner-up in BDC Election in 2001
-Was associated with BSP(1987-2000)
-His son is constable in BP",,,,"Rameshwar Ram | 54 | Male | SC | Chamar
-Former Mukhiya of Bahera Panchayat(2006-11)
-Runner-up in BDC Election in 2001
-Was associated with BSP(1987-2000)
-His son is constable in BP",,,,,,,,Kudra_5,,,,
Kaimur,,Kudra,Member,Santosh Sah,No,Chanardhar Shah,8409328172.0,40.0,,EBC,Teli,"Santosh Sah | 40 | Male | EBC | Teli
-Incumbent Sarpanch from Bahera Panchayat(2021-Present)
-Active in Panchayat Politics
-Social Activist",,,,"Santosh Sah | 40 | Male | EBC | Teli
-Incumbent Sarpanch from Bahera Panchayat(2021-Present)
-Active in Panchayat Politics
-Social Activist",,,,,,,,No,,,,
Kaimur,,Kudra,Member,Arun Kumar Pal,No,Kripa Nath Pal,9123283543.0,27.0,,OBC ,Garadiya,"Arun Kumar Pal | 27 | Male | OBC | Garadiya
- Incumbent Ward Parshad from Ward No.1 
- BJP OBC Nagar Panchayat Adhyaksh(2018-21)
- BSP OBC Nagar Panchayat Adhyaksh(2021-23)",,,,"Arun Kumar Pal | 27 | Male | OBC | Garadiya
- Incumbent Ward Parshad from Ward No.1 
- BJP OBC Nagar Panchayat Adhyaksh(2018-21)
- BSP OBC Nagar Panchayat Adhyaksh(2021-23)",,,,,,,,No,,,,
Kaimur,,Kudra,Member,Akhilesh Kumar Chaturwedi,No,Manohar Chaubey,9430225722.0,50.0,,General ,Brahmin,"Akhilesh Kumar Chaturwedi | 50 | Male | Gen | Brahmin
-Incumbent Ward Member(2021-Present)
-Contested Sarapanch & Up-Mukhiya Election in Year 2006, 2011, 2016 & 2021
-His Father is Rtd. Gov. Teacher(Rtd Year 2007)
-BSC Agriculture(1996-98)
-His Uncle is a Lawyer in Sasaram
-Agriculture(18 Bigha Land)",,,,"Akhilesh Kumar Chaturwedi | 50 | Male | Gen | Brahmin
-Incumbent Ward Member(2021-Present)
-Contested Sarapanch & Up-Mukhiya Election in Year 2006, 2011, 2016 & 2021
-His Father is Rtd. Gov. Teacher(Rtd Year 2007)
-BSC Agriculture(1996-98)
-His Uncle is a Lawyer in Sasaram
-Agriculture(18 Bigha Land)",,,,,,,,No,,,,
Kaimur,,Kudra,Member,Manoj Paswan,No,Late Ramadhin Paswan,7484943174.0,48.0,,SC,Dusadh,"Manoj Paswan | 48 | Male | SC | Dusadh
-2 times Incumbent Sarpanch from Siswar Panchayat(2016-Present)
-former Sachiv of Prakhand Sarpanch Sangh(2016-21)
-Was associated with BJP(2022)
-Social Worker ",,,,"Manoj Paswan | 48 | Male | SC | Dusadh
-2 times Incumbent Sarpanch from Siswar Panchayat(2016-Present)
-former Sachiv of Prakhand Sarpanch Sangh(2016-21)
-Was associated with BJP(2022)
-Social Worker ",,,,,,,,No,,,,
Kaimur,,Kudra,Member,Abhimanyu Prasad Kesri,No,Purushottam Prasad Kesri,7260912697.0,37.0,,OBC ,Bania,"Abhimanyu Prasad Kesri | 37 | Male | OBC | Baniya
-Former Panchayat Adhyaksh of BJP(2018-24)
-Active in Block level Politics
-Run Atta & Rice Mill since 25 years in Bhadaula & General store in Kudra main market
-Good fit for youth politics in Block & Ready to contributes in Jan Suraaj Movement",,,,"Abhimanyu Prasad Kesri | 37 | Male | OBC | Baniya
-Former Panchayat Adhyaksh of BJP(2018-24)
-Active in Block level Politics
-Run Atta & Rice Mill since 25 years in Bhadaula & General store in Kudra main market
-Good fit for youth politics in Block & Ready to contributes in Jan Suraaj Movement",,,,,,,,No,,,,
Kaimur,,Kudra,Member,Ashok Kumar Sharma,No,Late Ram Dhari Sharma,9934628098.0,55.0,,EBC ,Lohar,"Ashok Kumar Sharma | 55 | Male | EBC | Lohar
-Incumbent Ward Parshad 
- Srong hold among all castes
-very positve about Jan Suraj",,,,"Ashok Kumar Sharma | 55 | Male | EBC | Lohar
-Incumbent Ward Parshad 
- Srong hold among all castes
-very positve about Jan Suraj",,,,,,,,No,,,,
Kaimur,,Kudra,Member,Gorakhnath Singh,No,late Mukhram Singh,8271195299.0,52.0,,General,Rajput,"Gorakhnath Singh | 52 | Male | GEN | Rajput
-Ayurveda Doctor
-Oratory skills
-Good Influence in Kudra",,,,"Gorakhnath Singh | 52 | Male | GEN | Rajput
-Ayurveda Doctor
-Oratory skills
-Good Influence in Kudra",,,,,,,,No,,,,
Kaimur,,Kudra,Member,Bhikham Chaudhary,No,Late Nanhu Mallah,7631515716.0,57.0,,EBC ,Mallah,"Bhimkham Chaudhary | 57 | Male | EBC | Mallah
-Former BDC(2016-21)
-Incumbent defacto Ward Member from Ward-4
-Active in Block Level Politics",,,,"Bhimkham Chaudhary | 57 | Male | EBC | Mallah
-Former BDC(2016-21)
-Incumbent defacto Ward Member from Ward-4
-Active in Block Level Politics",,,,,,,,No,,,,
Kaimur,,Kudra,Member,Surendra Kumar,No,Devnath Ram,8210650742.0,38.0,,SC,Chamar,"Surendra Kumar | 38 | Male | SC | Chammar
-Incumbent Ward Parshad from ward-14(2022-Present)
-Block Adhyaksh of SC Samaj
-Active in Politics since 2017",,,,"Surendra Kumar | 38 | Male | SC | Chammar
-Incumbent Ward Parshad from ward-14(2022-Present)
-Block Adhyaksh of SC Samaj
-Active in Politics since 2017",,,,,,,,No,,,,
Kaimur,,Kudra,Member,Ankur Kumar Jaiswal,No,Ram Kumar Prasad ,8210145614.0,28.0,,Kalwar,OBC,"Ankur Kumar Jaiswal | 28 | Male | OBC | Kalwar
- Incumbent  Ward Parshad from Ward No.4
- BJP Prakhand Adhyaksh(2018-21)",,,,"Ankur Kumar Jaiswal | 28 | Male | OBC | Kalwar
- Incumbent  Ward Parshad from Ward No.4
- BJP Prakhand Adhyaksh(2018-21)",,,,,,,,No,,,,
Kaimur,,Kudra,Member,Ramasheesh Chaudhary,No,Lakhan Chaudhary,6202101670.0,51.0,,SC,Pasi,"Ramasheesh Chaudhary | 51 | Male | SC | Pasi
Incumbent  Ward Parshad from Ward No.9
-Mukhiya Runner-up in 2016
-Clothing Buisiness",,,,"Ramasheesh Chaudhary | 51 | Male | SC | Pasi
Incumbent  Ward Parshad from Ward No.9
-Mukhiya Runner-up in 2016
-Clothing Buisiness",,,,,,,,No,,,,
Kaimur,,Bhagwanpur,Member,Surya Narayan Singh ,No,Prabhu Narayan Singh,8340540810.0,45.0,,OBC ,Yadav,"Surya Narayan Singh | 45 | Male  | OBC | Yadav
-Owner of a noodle manufacturing plant
-Community leader and RTI activist who fights for the rights of people
-Was volunteer n Anna Hazare movement
-Woked in National museum and different art galleries from 2008-15
-Runs a committe i.e. Jogiya baba sanskritik manch from 2021
-His father is a retired headmaster of middle school.
-Did BA pol sci fro BHU.",,,,"Surya Narayan Singh | 45 | Male  | OBC | Yadav
-Owner of a noodle manufacturing plant
-Community leader and RTI activist who fights for the rights of people
-Was volunteer n Anna Hazare movement
-Woked in National museum and different art galleries from 2008-15
-Runs a committe i.e. Jogiya baba sanskritik manch from 2021
-His father is a retired headmaster of middle school.
-Did BA pol sci fro BHU.",,,,,,,,No,,,,
Kaimur,,Bhagwanpur,Member,Vineet Kumar Singh,No,Rajendra Prasad Singh,8210114037.0,34.0,,General,Rajput,"Vineet Kumar Singh | 34 | Male | GEN. | Rajput
- Opened a Powertrac Tractor Agency in November 2024.  
- Owner of Hanumat Gas Agency since 2013.  
- Owner of Hero Bike Agency since 2017.  
- Owner of a Rice Mill since 2019.  
- Big landlord with 65 acres of land.  
- Brother, Amit Kumar, is an engineer at L&T.",,,,"Vineet Kumar Singh | 34 | Male | GEN. | Rajput
- Opened a Powertrac Tractor Agency in November 2024.  
- Owner of Hanumat Gas Agency since 2013.  
- Owner of Hero Bike Agency since 2017.  
- Owner of a Rice Mill since 2019.  
- Big landlord with 65 acres of land.  
- Brother, Amit Kumar, is an engineer at L&T.",,,,,,,,No,,,,
Kaimur,,Bhagwanpur,Member,Bechan Singh Yadav,No,Late Ram Bachan Yadav,9661773141.0,45.0,,OBC ,Yadav,"Bechan Singh Yadav | 45 | Male | OBC | Yadav
- Third-place runner in the 2016 Mukhiya elections.  
- Won the Mukhiya election in 2021 with 1,763 votes.",,,,"Bechan Singh Yadav | 45 | Male | OBC | Yadav
- Third-place runner in the 2016 Mukhiya elections.  
- Won the Mukhiya election in 2021 with 1,763 votes.",,,,,,,,No,,,,
Kaimur,,Bhagwanpur,Member,Umesh Kumar Singh,No,Late Rosh Narayan Singh,7654963885.0,62.0,,General,Rajput,"Umesh Kumar Singh | 62 | Male | GEN. | Rajput
- Defacto Sarpanch of Paharia Panchayat since 2021.  
(Wife :-chintamani devi)
- Chairperson of the Sarpanch Sangh, Bhagwanpur Block, since 2021.  
- A prosperous farmer and owner of a brick kiln.  
- MP Representative of Chhedi Paswan in 2015.  
- Founding member of the Samata Party.  
- Served as District Youth President of the Samata Party in 1996.  
- Contested Zila Parishad elections twice:  
  - Runner-up in 2001 with 2,200 votes.  
  - Third position in 2006, losing by 1,800 votes.  
- PhD in Commerce from BHU in 1990.  
- Former General Secretary of the Student Wing of Lok Dal. 
- Younger brother was Block Pramukh of Bhagwanpur and BDC
 from Umapur, who passed away six months ago.",,,,"Umesh Kumar Singh | 62 | Male | GEN. | Rajput
- Defacto Sarpanch of Paharia Panchayat since 2021.  
(Wife :-chintamani devi)
- Chairperson of the Sarpanch Sangh, Bhagwanpur Block, since 2021.  
- A prosperous farmer and owner of a brick kiln.  
- MP Representative of Chhedi Paswan in 2015.  
- Founding member of the Samata Party.  
- Served as District Youth President of the Samata Party in 1996.  
- Contested Zila Parishad elections twice:  
  - Runner-up in 2001 with 2,200 votes.  
  - Third position in 2006, losing by 1,800 votes.  
- PhD in Commerce from BHU in 1990.  
- Former General Secretary of the Student Wing of Lok Dal. 
- Younger brother was Block Pramukh of Bhagwanpur and BDC
 from Umapur, who passed away six months ago.",,,,,,,,No,,,,
Kaimur,,Bhagwanpur,Member,Motilal Ram,No,Late Parikha Ram,9955238268.0,43.0,,SC,Chamar,"Motilal Ram | 43 | Male | SC | Chamar
- Incumbent BDC from Tori, won by 2,900 votes, the highest margin by any candidate in Kaimur.  
- 20 Sutri Member from Bhagwanpur Block since 2022.  
- Dalit Wing Block President of JDU from Bhagwanpur (2019–2023).  
- Brother, Heeralal Ram, is the Bhim Army District General Secretary since 2019.  
- Contested Zila Parishad elections in 2016, securing 5,800 votes and achieving 3rd position.  
- CPI(ML) Area Committee Member from 1995 to 2000.  
- Owns 5 acres of farming land.  ",,,,"Motilal Ram | 43 | Male | SC | Chamar
- Incumbent BDC from Tori, won by 2,900 votes, the highest margin by any candidate in Kaimur.  
- 20 Sutri Member from Bhagwanpur Block since 2022.  
- Dalit Wing Block President of JDU from Bhagwanpur (2019–2023).  
- Brother, Heeralal Ram, is the Bhim Army District General Secretary since 2019.  
- Contested Zila Parishad elections in 2016, securing 5,800 votes and achieving 3rd position.  
- CPI(ML) Area Committee Member from 1995 to 2000.  
- Owns 5 acres of farming land.  ",,,,,,,,No,,,,
Kaimur,,Bhagwanpur,Member,Sarfuddin Ansari,No,Late Qutbuddin Ansari,9022702256.0,42.0,, Minority,Muslim,"Sarfuddin Ansari | 42 | Male | MIN. | Muslim
- Elected ward member in 2021 from Ward No. 2, Tori Panchayat.  
- Panchayat President of RJD since 2022.  ",,,,"Sarfuddin Ansari | 42 | Male | MIN. | Muslim
- Elected ward member in 2021 from Ward No. 2, Tori Panchayat.  
- Panchayat President of RJD since 2022.  ",,,,,,,,No,,,,
Kaimur,,Bhagwanpur,Member,Deepak Kumar Sahu,No,Surender Prasad Gupta,8340106159.0,34.0,,EBC,Teli,"Deepak Kumar Sahu | 34 | Male | EBC | Teli
President of Sahu Samaj at Block level.
Contested BDC (2021) second runner up.
Diploma from Punjab
Active in GP and Block level election.",,,,"Deepak Kumar Sahu | 34 | Male | EBC | Teli
President of Sahu Samaj at Block level.
Contested BDC (2021) second runner up.
Diploma from Punjab
Active in GP and Block level election.",,,,,,,,No,,,,
Kaimur,,Bhagwanpur,Member,Geerja Gond,No,Late Kalu Gond,7033494385.0,66.0,,ST,Gond,"Geerja Gond | 66 | Male | ST | Gond
-Former BDC Member.
-Former ST Cell Block President in affliation with BJP in between 2005 & 2010 and worked as karyakarta since then",,,,"Geerja Gond | 66 | Male | ST | Gond
-Former BDC Member.
-Former ST Cell Block President in affliation with BJP in between 2005 & 2010 and worked as karyakarta since then",,,,,,,,No,,,,
Kaimur,,Bhagwanpur,Member,Randhir Kumar,No,Chandramani Ram,8678048054.0,30.0,,SC,Chamar,"Randhir Kumar | 30 | Male | SC | Chamar
RJD youth wing block vice president (2019-2021)
BSP probable District Secretary",,,,"Randhir Kumar | 30 | Male | SC | Chamar
RJD youth wing block vice president (2019-2021)
BSP probable District Secretary",,,,,,,,No,,,,
Kaimur,,Bhagwanpur,Member,Sunil Kumar ,No,Kanhaiya Singh ,9097813140.0,40.0,,General,Rajput,"Sunil Kumar  | 40 | Male | GEN. | Rajput
- Contested BDC elections in 2006, secured 300 votes, 
and achieved 4th rank.  
- Contested BDC elections in 2011, secured 700 votes, 
and achieved 2nd rank.  
- Elected Mukhiya Representative in 2016, winning with 900+ votes.  
- Contested Mukhiya elections in 2021, secured 500+ votes, and ranked 4th.  
- Bhojpuri lok gayak, often invited to perform at jagrans and other auspicious occasions.",,,,"Sunil Kumar  | 40 | Male | GEN. | Rajput
- Contested BDC elections in 2006, secured 300 votes, 
and achieved 4th rank.  
- Contested BDC elections in 2011, secured 700 votes, 
and achieved 2nd rank.  
- Elected Mukhiya Representative in 2016, winning with 900+ votes.  
- Contested Mukhiya elections in 2021, secured 500+ votes, and ranked 4th.  
- Bhojpuri lok gayak, often invited to perform at jagrans and other auspicious occasions.",,,,,,,,No,,,,
Kaimur,,Bhagwanpur,Member,Satendra Singh ( Badak Singh ),No,Sri Sambhu Singh ,9304235804.0,49.0,,General,Rajput,"Satendra singh ( badak singh ) | 49 | Male | GEN. | Rajput
- PACS President for three terms (2000–2014)  
- Lost PACS election by 17 votes, second position (2014)  
- Was Block President, Samta Party  
- JDU District Secretary (2009–2014)",,,,"Satendra singh ( badak singh ) | 49 | Male | GEN. | Rajput
- PACS President for three terms (2000–2014)  
- Lost PACS election by 17 votes, second position (2014)  
- Was Block President, Samta Party  
- JDU District Secretary (2009–2014)",,,,,,,,No,,,,
Kaimur,,Bhagwanpur,Member,Nandu Singh Kushwaha ,No,Vashistha Chaudhari ,9661628305.0,42.0,,OBC ,Kushwaha,"nandu singh kushwaha  | 42 | Male | OBC | Kushwaha
- Elected BDC Representative in 2016 with 700 votes  
- Contested Mukhiya election in 2021, securing 800+ votes, third rank 
- RJD Panchayat President ",,,,"nandu singh kushwaha  | 42 | Male | OBC | Kushwaha
- Elected BDC Representative in 2016 with 700 votes  
- Contested Mukhiya election in 2021, securing 800+ votes, third rank 
- RJD Panchayat President ",,,,,,,,No,,,,
Kaimur,,Bhagwanpur,Member,Alok Kumar Pandey ,No,Late Sachhidananand ,8252625699.0,40.0,,General ,Brahmin,"Alok Kumar Pandey  | 40 | Male | GEN. | Brahmin 
BJP worker at the district level.  
- Lost BDC election by 36 votes (2016).",,,,"Alok Kumar Pandey  | 40 | Male | GEN. | Brahmin 
BJP worker at the district level.  
- Lost BDC election by 36 votes (2016).",,,,,,,,No,,,,
Kaimur,,Bhagwanpur,Member,Abhimanyu Singh ,No,Jaygovind Singh ,9507982380.0,60.0,,OBC ,Kushwaha,"Abhimanyu Singh  | 60 | Male | OBC | Kushwaha- 
, contested Panchayat elections in 2014, secured third rank with 250 votes.  
- LJPR Block President from 2012 to 2016.  
- Son Vikas is Secretary of Kachhari Panchayat since 2020.  
- Daughter-in-law Geeta Devi is a Ward Member.  
- Owns ""Vikas Digital Point"" cyber cafe and ""Vikas Krishi Kendra"" shop. ",,,,"Abhimanyu Singh  | 60 | Male | OBC | Kushwaha- 
, contested Panchayat elections in 2014, secured third rank with 250 votes.  
- LJPR Block President from 2012 to 2016.  
- Son Vikas is Secretary of Kachhari Panchayat since 2020.  
- Daughter-in-law Geeta Devi is a Ward Member.  
- Owns ""Vikas Digital Point"" cyber cafe and ""Vikas Krishi Kendra"" shop. ",,,,,,,,No,,,,
Kaimur,,Bhagwanpur,Member,Darmendra Pandey ,No,Dinesh Pandey ,7004008118.0,37.0,,General ,Brahmin,"Darmendra Pandey  | 37 | Male | GEN. | Brahmin
- Worked at a hospital in Varanasi (2008–2016).  
- Opened PKP Clinic in Bhagwanpur (2016), 
occasionally offering free consultation and medicines to the poor.",,,,"Darmendra Pandey  | 37 | Male | GEN. | Brahmin
- Worked at a hospital in Varanasi (2008–2016).  
- Opened PKP Clinic in Bhagwanpur (2016), 
occasionally offering free consultation and medicines to the poor.",,,,,,,,No,,,,
Kaimur,,Bhagwanpur,Member,Ruapan Singh ,No,Late Jaganarayan Singh ,9525270080.0,62.0,,General,Rajput,"Ruapan Singh  | 62 | Male | GEN. | Rajput
- Retired Lab Incharge at RS Inter College (till April 2024).  
- Owns multiple businesses: truck brokerage, coal trading, and farming on 17 acres.  
- Former student leader at SN Sinha College, Aurangabad.  
- Grandfather, Late Ram Kawwal Singh, was a freedom fighter.",,,,"Ruapan Singh  | 62 | Male | GEN. | Rajput
- Retired Lab Incharge at RS Inter College (till April 2024).  
- Owns multiple businesses: truck brokerage, coal trading, and farming on 17 acres.  
- Former student leader at SN Sinha College, Aurangabad.  
- Grandfather, Late Ram Kawwal Singh, was a freedom fighter.",,,,,,,,No,,,,
Kaimur,,Bhagwanpur,Member,Suraj Kumar Singh ,No,Ram Pratap Singh ,7991157853.0,26.0,,General,Rajput,"Suraj Kumar Singh  | 26 | Male | GEN. | Rajput
-  owns a Bajaj agency in Bhagwanpur.  
- Runs a petrol pump in Chaurasia Ramgarh.  
- Operates a brick kiln in Bhagwanpur.  
- Was active in ABVP during his college years.",,,,"Suraj Kumar Singh  | 26 | Male | GEN. | Rajput
-  owns a Bajaj agency in Bhagwanpur.  
- Runs a petrol pump in Chaurasia Ramgarh.  
- Operates a brick kiln in Bhagwanpur.  
- Was active in ABVP during his college years.",,,,,,,,No,,,,
Kaimur,,Nuaon,Member,Raj Kumar Ram,No,Rajendra Ram,8969661159.0,40.0,,SC,Chamar,"Raj Kumar Ram | 40 | Male | SC | Chammar
Panchayat Sarpanch (2010): Secured 900+ votes, 2nd position  
- Jika Parishad (2021): Secured 1800+ votes, 3rd position  
- Vidhan Sabha By-Election: Secured 1768 votes, 5th position  (2024)
- Member of Rashtriya Jan Sambhavna Party",,,,"Raj Kumar Ram | 40 | Male | SC | Chammar
Panchayat Sarpanch (2010): Secured 900+ votes, 2nd position  
- Jika Parishad (2021): Secured 1800+ votes, 3rd position  
- Vidhan Sabha By-Election: Secured 1768 votes, 5th position  (2024)
- Member of Rashtriya Jan Sambhavna Party",,,,,,,,No,,,,
Kaimur,,Nuaon,Member,Rtd.Haji Seraj Ansari,Nuaon_4,Lt.Abdul Rahim Ansari,7759994930.0,51.0,,Minority,Muslim,"Haji Siraj Ansari|51|Male|Minority Muslim|
-Retired Army Personnel.
-He Graduated in Political Science with English.
-He Served The Veer Hamid Regiment for 18 Years as a Havaldar.
-He Served The BMP16 Crack Regiment for 2 Years as a Constable.
-He is Currently Posted at Ramgarh PNB Bank as a Cashier.
-He Was a Candidate for The National Congress Party Ticket 
 in Ramgarh Assembly 2010, He Got 1000 Votes & Lost The 
Election.
-He Contested the ZP Election from Nuaon Block in 2011 and got 6700 Votes
 & Lost The Election
-His Wife Shahnaz Begum Contested Mukhiya Election of 
Taraitha Panchayat from 2016 & 2021 and Lost The Both Election,
in The Last Election, She Got 761 Votes.",,,,"Haji Siraj Ansari|51|Male|Minority Muslim|
-Retired Army Personnel.
-He Graduated in Political Science with English.
-He Served The Veer Hamid Regiment for 18 Years as a Havaldar.
-He Served The BMP16 Crack Regiment for 2 Years as a Constable.
-He is Currently Posted at Ramgarh PNB Bank as a Cashier.
-He Was a Candidate for The National Congress Party Ticket 
 in Ramgarh Assembly 2010, He Got 1000 Votes & Lost The 
Election.
-He Contested the ZP Election from Nuaon Block in 2011 and got 6700 Votes
 & Lost The Election
-His Wife Shahnaz Begum Contested Mukhiya Election of 
Taraitha Panchayat from 2016 & 2021 and Lost The Both Election,
in The Last Election, She Got 761 Votes.",,,,,,,,Nuaon_4,,,,
Kaimur,,Nuaon,Member,Dipti Paswan,No,Lt. Butan Paswan,6204529759.0,51.0,,SC,Dusadh,"Dipty Paswan|51|Male|SC|Paswan|
Incumbent BDC of Akhini Panchayat",,,,"Dipty Paswan|51|Male|SC|Paswan|
Incumbent BDC of Akhini Panchayat",,,,,,,,No,,,,
Kaimur,,Nuaon,Member,Dashrath Ram,No,Lt. Ramraj Ram,7428716779.0,45.0,,SC,Chamar,"Dashrath Ram|45|Male|SC|Chamar|
daughter-in-law is a current Sarpanch of Akhini Panchayat
Served as defacto Sarpanch from 2006 to 2016.
(Late wife, Fulkumari Devi, was a Sarpanch) 
Active in social and political spheres.",,,,"Incumbent De-facto Sarpanch of Akhini Panchayat
Served as defacto Sarpanch from 2006 to 2016.
Active in social and political Spheres.""",,,,,,,,No,,,,
Kaimur,,Nuaon,Member,Gajendra Yadav,No,Ram Vilas Yadav,7564895352.0,27.0,,OBC ,Yadav,"Gajendra Yadav|27|Male|OBC|Yadav|
-Sarpanch Sang Block President from (2021-Present).
-Incumbent Sarpanch of Nuaon Panchayat from (2021-Present).
-Former HAM Party District President of Cultural Cell.",,,,"Gajendra Yadav|27|Male|OBC|Yadav|
-Sarpanch Sang Block President from (2021-Present).
-Incumbent Sarpanch of Nuaon Panchayat from (2021-Present).
-Former HAM Party District President of Cultural Cell.",,,,,,,,No,,,,
Kaimur,,Nuaon,Member,Radheshyam Bind,No,Bansari Bind,9473175956.0,45.0,,EBC ,BIND,"Radheshyam Bind | 45 | Male | EBC | Bind
-Two terms BDC runner-up (lost by 25 and 58 votes in 2011, and 2021 respectively). -Contested ward election of ward no 5 in 2006 & lost by a margin of 1 vote.",,,,"Radheshyam Bind | 45 | Male | EBC | Bind
-Two terms BDC runner-up (lost by 25 and 58 votes in 2011, and 2021 respectively). -Contested ward election of ward no 5 in 2006 & lost by a margin of 1 vote.",,,,,,,,No,,,,
Kaimur,,Nuaon,Member,Jitendra Paswan,No,Rajnarayan Paswan,9162213197.0,35.0,,SC,Dusadh,"Jitendra Paswan|35|Male|SC|Paswan|
-Incumbent BDC of Mukhrao Panchayat From (2021-Present).",,,,"Jitendra Paswan|35|Male|SC|Paswan|
-Incumbent BDC of Mukhrao Panchayat From (2021-Present).",,,,,,,,No,,,,
Kaimur,,Nuaon,Member,Md.Yousuf Ansari,No,Haji Ali Hasan Ansari,9931299236.0,45.0,,Minority,Muslim,"Md.Yousuf Ansari|45|Male|Minority|Muslim|
-Two terms Mukhiya runner-up of  Mukhrao Panchayat(lost by364,125 votes in 2016, 2021 respectively).
-RJD Panchayat President from (2023-Present).
-Secretary of the Mosque,Madarsa and Graveyard of Mukhrao Panchayat from 5 years.
-Father was Retd Principal.",,,,"Md.Yousuf Ansari|45|Male|Minority|Muslim|
-Two terms Mukhiya runner-up of  Mukhrao Panchayat(lost by364,125 votes in 2016, 2021 respectively).
-RJD Panchayat President from (2023-Present).
-Secretary of the Mosque,Madarsa and Graveyard of Mukhrao Panchayat from 5 years.
-Father was Retd Principal.",,,,,,,,No,,,,
Kaimur,,Nuaon,Member,Satendra Rai,No,Lt.Subash Rai,8252480618.0,44.0,,General,Brahmin,"Satendra Rai|44|Male|General|Brahmin|
Two terms ward member of ward no 9 from (2001-2006),(2016-2021).
-Former BJP panchayat president from (2017-2020).
-Former RJD panchayat president from (2020-2022).",,,,"Satendra Rai|44|Male|General|Brahmin|
Two terms ward member of ward no 9 from (2001-2006),(2016-2021).
-Former BJP panchayat president from (2017-2020).
-Former RJD panchayat president from (2020-2022).",,,,,,,,No,,,,
Kaimur,,Nuaon,Member,Hari Sankar Paswan,No,Lt.Santbilas Paswan,9199339818.0,59.0,,SC,Dusadh,"Hari Shankar Paswan|59|Male|SC|Dusadh|
-One term former mukhiya of Akhini panchayat from (2016-2021).
-Former  Nuaon Block president of INC from (2010-2022).
-Former Nuaon Block president of LJP from (1995-2010).
-Contested BDC election of Akhini panchayat in 2001 & lost by a margin of 
60 votes.",,,,"Hari Shankar Paswan|59|Male|SC|Dusadh|
-One term former mukhiya of Akhini panchayat from (2016-2021).
-Former  Nuaon Block president of INC from (2010-2022).
-Former Nuaon Block president of LJP from (1995-2010).
-Contested BDC election of Akhini panchayat in 2001 & lost by a margin of 
60 votes.",,,,,,,,No,,,,
Kaimur,,Nuaon,Member,Sanjay Ram,No,Lt.Ramashish Ram,7739563029.0,41.0,,SC,Chamar,"Sanjay Ram|41|Male|SC|Chamar|
-Former BSP block president from (2014-2016).
-Former RJD booth secretary from (2016-2024).
-Brother Ajay Kumar is in DSP training in Ranchi.
-Cousin's brother Arun Kumar is in ADC in Delhi Police.",,,,"Sanjay Ram|41|Male|SC|Chamar|
-Former BSP block president from (2014-2016).
-Former RJD booth secretary from (2016-2024).
-Brother Ajay Kumar is in DSP training in Ranchi.
-Cousin's brother Arun Kumar is in ADC in Delhi Police.",,,,,,,,No,,,,
Kaimur,,Nuaon,Member,Nazar Iqbal,No,Lt.Md Iqramullah,7654897486.0,44.0,,Minority,Muslim,"Nazar Iqbal|44|Male|Min|Muslim
-Former JDU State Secretary of Teachers cell from (2021-2024).
- Former JDU District President of Teachers cell from(2017-2021).
-Former JDU Block President from(2015-2017).
-His Father was Retd ASI Uttar Pradesh Government .",,,,"""-Former JDU State Secretary of Teachers cell from (2021-2024).
- Former JDU District President of Teachers cell from(2017-2021).
-Former JDU Prakhand President from(2015-2017).
-His Father was Retd ASI Uttar Pradesh Government .""",,,,,,,,No,,,,
Kaimur,,CHAINPUR,Member,Ram Janam Prasad,No,Late Ram Bachan Prasad,8292593033.0,50.0,,EBC ,BIND,"Ram Janam Prasad | 50 | Male | Bind
-Professionally Lawyer in Kaimur District Court.
-Education BA (Honors) and LLB from Veer Kunwar Singh University Aara.
-His Grandfather MLA Contestant from CPI.",,,,"Ram Janam Prasad | 50 | Male | Bind
-Professionally Lawyer in Kaimur District Court.
-Education BA (Honors) and LLB from Veer Kunwar Singh University Aara.
-His Grandfather MLA Contestant from CPI.",,,,,,,,No,,,,
Kaimur,,CHAINPUR,Member,Imitiyaz Ansari ,No,Late sarafat Hussain Ansari,9122130064.0,52.0,,Minority,Muslim,"Imitiyaz Ansari  | 52 | Male | MIN. | Muslim
 Pradesh Mahamantri Bihar of Momin Ansar Samaj (2021–Present).

- Formerly associated with BSP (1995–2000), managed election treasury for Rohtas, Kaimur, Buxar, and Bhojpur.

- Contested in the last Mukhya election, securing 905 votes, aiming to defeat his brother.
- Clothes business in kolkata.",,,,"Imitiyaz Ansari  | 52 | Male | MIN. | Muslim
 Pradesh Mahamantri Bihar of Momin Ansar Samaj (2021–Present).

- Formerly associated with BSP (1995–2000), managed election treasury for Rohtas, Kaimur, Buxar, and Bhojpur.

- Contested in the last Mukhya election, securing 905 votes, aiming to defeat his brother.
- Clothes business in kolkata.",,,,,,,,No,,,,
Kaimur,,CHAINPUR,Member,Krishna Kumar Gupta,No,Lt. Mesar Prashad Gupta,8651216784.0,58.0,,EBC,Teli,"Krishna Kumar Gupta | 58 | Male | EBC | Teli
-LJP Block Upadhayaksh (2023-Present)
-Two Term Up Mukhiya of Chainpur Panchayt (2021-Present) (2016-21)
-Ward Member in 2011
-Business: Krishna Shweet House in Chainpur Main Market",,,,"Krishna Kumar Gupta | 58 | Male | EBC | Teli
-LJP Block Upadhayaksh (2023-Present)
-Two Term Up Mukhiya of Chainpur Panchayt (2021-Present) (2016-21)
-Ward Member in 2011
-Business: Krishna Shweet House in Chainpur Main Market",,,,,,,,No,,,,
Kaimur,,CHAINPUR,Member,Ramanand Ram,No,Late Keval Ram,7319990566.0,53.0,,SC,Chamar,"Ramanand Ram | 53 | Male | SC | Chamar
Incumbent Sarpanch (2016-present)
Ward (2001)",,,,"Ramanand Ram | 53 | Male | SC | Chamar
Incumbent Sarpanch (2016-present)
Ward (2001)",,,,,,,,No,,,,
Kaimur,,CHAINPUR,Member,Vijay Kumar Ram,No,Late Sadan Ram,7667108452.0,49.0,,,," Ex Pramukh (2018-2021). 
 Incumbent Mukhiya (2021- Present). 
 BDC (2016).  
Upmukhiya and Ward (2011- 2016) ",,,," Ex Pramukh (2018-2021). 
 Incumbent Mukhiya (2021- Present). 
 BDC (2016).  
Upmukhiya and Ward (2011- 2016) ",,,,,,,,No,,,,
Kaimur,,CHAINPUR,Member,Diwan Sajid Khan,No,Diwan Ajmul khan,7352911014.0,55.0,,Minority,Muslim,"Diwan Sajid Khan | 55| Male | Min | Muslim
Incubment Pacs Adhyaksh 
Ward Member 2011-2021 
Own land 50 Bigha",,,,"Diwan Sajid Khan | 55| Male | Min | Muslim
Incubment Pacs Adhyaksh 
Ward Member 2011-2021 
Own land 50 Bigha",,,,,,,,No,,,,
Kaimur,,CHAINPUR,Member,Mahendra Prasad Bind,No,Ram ji BInd,8651383559.0,51.0,,EBC ,BIND,"Mahendra Prasad Bind | 51 | Male | EBC | Bind
- Relative of Braj Kishore Bind, former Minister in BJP, and a star pracharak for him in his community.
- Member of BJP since 2006
- Held the post of Panch in 2007.
- Currently works selflessly for Jan Suraj.
- A strong influencer in his community.",,,,"Mahendra Prasad Bind | 51 | Male | EBC | Bind
- Relative of Braj Kishore Bind, former Minister in BJP, and a star pracharak for him in his community.
- Member of BJP since 2006
- Held the post of Panch in 2007.
- Currently works selflessly for Jan Suraj.
- A strong influencer in his community.",,,,,,,,No,,,,
Kaimur,,CHAINPUR,Member,Jitendera Singh,No,Jitender Singh,9973261876.0,55.0,, OBC , Kurmi ,"Jitendera Singh | 55 | Male | OBC | Kurmi
ward member (2001).
BDC runner up 2006.
Own 50 Bigha land , Good influence in kurmi community.",,,,"Jitendera Singh | 55 | Male | OBC | Kurmi
ward member (2001).
BDC runner up 2006.
Own 50 Bigha land , Good influence in kurmi community.",,,,,,,,No,,,,
Kaimur,,CHAINPUR,Member,Vijay Bahadur Singh,No,Late Naomo Singh,9546799535.0,50.0,, OBC , Kurmi ,"Vijay Bahadur Singh | 50 | Male | OBC | Kurmi
BDC (2006),
Own a 50 Bigha land , Good influence in Kurmi Caste.",,,,"Vijay Bahadur Singh | 50 | Male | OBC | Kurmi
BDC (2006),
Own a 50 Bigha land , Good influence in Kurmi Caste.",,,,,,,,No,,,,
Kaimur,,CHAINPUR,Member,Ashok Kumar ,No,late Ram Prasad,6205848606.0,46.0,,EBC ,BIND,"Ashok Kumar  | 46 | Male | EBC | Bind
- Ex BDC of Jagariyan Panchayt (2006-2011)
-Sarpanch Runner up in 2021
-His wife Gram Kachhari Sachiv (2021-Present)",,,,"Ashok Kumar  | 46 | Male | EBC | Bind
- Ex BDC of Jagariyan Panchayt (2006-2011)
-Sarpanch Runner up in 2021
-His wife Gram Kachhari Sachiv (2021-Present)",,,,,,,,No,,,,
Kaimur,,CHAINPUR,Member,Chandrashekhar Singh,No,Shyam Narayan Patel,7488870218.0,47.0,, OBC , Kurmi ,"Chandrashekhar Singh | 47 | Male | OBC | Kurmi
Contested 2 times PACS Adhyaksh election (2016 & 2021) runner up in both election.                                                                                     
Own 100 bigha land",,,,"Chandrashekhar Singh | 47 | Male | OBC | Kurmi
Contested 2 times PACS Adhyaksh election (2016 & 2021) runner up in both election.                                                                                     
Own 100 bigha land",,,,,,,,No,,,,
Kaimur,,CHAINPUR,Member,Anik kumar Keshri,No,late Vimla Sah,7992201484.0,38.0,,OBC ,Bania,"Anik kumar Keshri | 38 | Male |OBC | Baniya 
Contested Chairman Election - (2021)  
Clothes Shop in Hatta market. ",,,,"Anik kumar Keshri | 38 | Male |OBC | Baniya 
Contested Chairman Election - (2021)  
Clothes Shop in Hatta market. ",,,,,,,,No,,,,
Kaimur,,CHAND,Member,Ram Ashish Ram,No,Late Gena Ram,7361873992.0,55.0,,SC,Chamar,"Ram Ashish Ram | 55 | Male | SC | Chammar
. Incumbent Sarpanch  (2021-present).

",,,,"Ram Ashish Ram | 55 | Male | SC | Chammar
. Incumbent Sarpanch  (2021-present).

",,,,,,,,No,,,,
Kaimur,,CHAND,Member,Jamuna Kushwaha,No,Late Bhola Kushwaha,9065747979.0,65.0,,OBC ,Kushwaha,"Jamuna Kushwaha | 65 | Male | OBC | Kushwaha
Contested Mukhiya Election (2016) lost by 26 votes
Social Activist 
Labour Contractor.
",,,,"Jamuna Kushwaha | 65 | Male | OBC | Kushwaha
Contested Mukhiya Election (2016) lost by 26 votes
Social Activist 
Labour Contractor.
",,,,,,,,No,,,,
Kaimur,,CHAND,Member,Umesh Pandey,No,Late Ramsatar Pandey,N/A,51.0,,General ,Brahmin,"Umesh Pandey | 51 | Male | GEN. | Brahmin
Contested Mukhiya Election (2015)
Own 30 Bigha land.
",,,,"Umesh Pandey | 51 | Male | GEN. | Brahmin
Contested Mukhiya Election (2015)
Own 30 Bigha land.
",,,,,,,,No,,,,
Kaimur,,CHAND,Member,Om Prakash pandey,No,Raj Nath Pandey,7250886524.0,60.0,,General ,Brahmin,"Om Prakash pandey | 60 | Male | GEN. | Brahmin
Contested Sarpanch Election (2020)
Contested PACS Member (2021)
Own 30 Bigha land.
",,,,"Om Prakash pandey | 60 | Male | GEN. | Brahmin
Contested Sarpanch Election (2020)
Contested PACS Member (2021)
Own 30 Bigha land.
",,,,,,,,No,,,,
Kaimur,,CHAND,Member,Jay Naraayan Upadhay,No,Late Loknath Upadhyay,7250787542.0,55.0,,General ,Brahmin,"Jay Narayan Upadhay | 55 | Male | Gen | Brahmin 
Active in politics.
Cousin is SWC in INC.
Own 300 Bigha Land
Good influence in the Society.",,,,"Jay Narayan Upadhay | 55 | Male | Gen | Brahmin 
Active in politics.
Cousin is SWC in INC.
Own 300 Bigha Land
Good influence in the Society.",,,,,,,,No,,,,
Kaimur,,CHAINPUR,Member,Asif Khan,No,Hafeez khan,8252083887.0,32.0,, Minority,Muslim,"Asif Khan | 32 | Male | Minority | Muslim
First Time comes in politics 2021 and won Sarpanch election.
His wife Muskan Bibi Incumbent Sarpanch.
He is an Auto Driver and Great influence in Auto Sangh Chainpur block.",,,,"Asif Khan | 32 | Male | Minority | Muslim
First Time comes in politics 2021 and won Sarpanch election.
His wife Muskan Bibi Incumbent Sarpanch.
He is an Auto Driver and Great influence in Auto Sangh Chainpur block.",,,,,,,,No,,,,
Kaimur,,CHAINPUR,Member,Afsar sah,No,Nissar sah,7004194131.0,35.0,, Minority,Muslim,"Afsar Sah | 33 | Minority | Muslim
Vice mukhiya 2021-present
Ward member 
Local Private Teacher.",,,,"Afsar Sah | 33 | Minority | Muslim
Vice mukhiya 2021-present
Ward member 
Local Private Teacher.",,,,,,,,No,,,,
Kaimur,,Bhabhua,Member,Sunita Pandey,No,Vinod Pandey,8252892271.0,47.0,,General ,Brahmin,"Sunita Pandey | 47 | Female| Gen. | Brahmin
- Sexual harassment at workplace 2013 Act District Committee Member 2017-2021.
- Member Of District Consumer Forum 2011-2016.
- Associated with NGO like Nehru Yuva Kendra.
- Sociology PhD Holder",Call Connected,,Interested,,,,,,,,,No,,,,
Kaimur,,CHAINPUR,Member,Naiyar Ansari,No,Shamim Ansari,7858985662.0,39.0,, Minority,Muslim,"Naiyar Ansari | 40 | Male | Minority | Muslim
-Naiyar Ansari First time come in politics 2021.
- Up Pramukh of Chainpur
-Incumbent BDC of Sikandarpur Panchayt.
",,,,"Naiyar Ansari | 40 | Male | Minority | Muslim
-Naiyar Ansari First time come in politics 2021.
- Up Pramukh of Chainpur
-Incumbent BDC of Sikandarpur Panchayt.
",,,,,,,,No,,,,
Kaimur,,CHAINPUR,Member,Washim Ansari,No,Reyajat Hussain,8252765104.0,36.0,, Minority,Muslim,"Washim Ansari | 36 | Male | Minority | Muslim
-Three time BDC of Manpur Biur panchayat. (2011-2016, 2016-2021, 2021-Present.
-He connected with Jansuraj last Two Years.",,,,"Washim Ansari | 36 | Male | Minority | Muslim
-Three time BDC of Manpur Biur panchayat. (2011-2016, 2016-2021, 2021-Present.
-He connected with Jansuraj last Two Years.",,,,,,,,No,,,,
Kaimur,,CHAINPUR,Member,Babulal Bind,No,Ghun Bind,9006293250.0,48.0,,EBC ,BIND,"Babulal Bind | 48 | Male | EBC | Bind
Two time Sarpanch of Badhauna Panchayat (2016-2021) (2021- Present)
-Ground leval leader and Great Influence in Bind samaj",,,,"Babulal Bind | 48 | Male | EBC | Bind
Two time Sarpanch of Badhauna Panchayat (2016-2021) (2021- Present)
-Ground leval leader and Great Influence in Bind samaj",,,,,,,,No,,,,
Kaimur,,CHAINPUR,Member,Vinod Pal ,No,Late Jay Shree pal,7562067300.0,60.0,,EBC ,Pal,"Vinod Pal | 62 | Male | EBC | Pal
Incumbent ward Since 2006 to present. 
JDU Prakhand Savhiv till 2023",,,,"Vinod Pal | 62 | Male | EBC | Pal
Incumbent ward Since 2006 to present. 
JDU Prakhand Savhiv till 2023",,,,,,,,No,,,,
Kaimur,,Bhagwanpur,Member,Firoj Kumar Suman,No,Badri Ram,9973916057.0,38.0,,SC,Chamar,"Firoj Kumar Suman | 38 | SC | Chamar
Two Terms De Facto Mukhiya of Kaser Panchayat",,,,"Firoj Kumar Suman | 38 | SC | Chamar
Two Terms De Facto Mukhiya of Kaser Panchayat",,,,,,,,No,,,,
Kaimur,,Bhagwanpur,Member,Ravi  Kumar Ram,No,Bigau Ram,8582036614.0,37.0,,SC,Chamar,"Ravi Kumar Ram | 37 | SC | Chamar
-He is Two terms De facto Sarpanch of Kaser Panchayat
-In 2016 and 2021, she got 1878 and 1122 votes respectively.
-Good community leader among panchayat people.",,,,"Ravi Kumar Ram | 37 | SC | Chamar
-He is Two terms De facto Sarpanch of Kaser Panchayat
-In 2016 and 2021, she got 1878 and 1122 votes respectively.
-Good community leader among panchayat people.",,,,,,,,No,,,,
Kaimur,,Nuaon,Member,Parmhansh Ram,No,Late Ram Dev Ram,9342893661.0,40.0,,SC,Chamar,"Paramhansh Ram |40|Male|SC|Chamar
Ward member (Akani Panchayat Ward No. 4 )
Co-Founder of Pratik welfare sociaty (NGO)",,,,"Paramhansh Ram |40|Male|SC|Chamar
Ward member (Akani Panchayat Ward No. 4 )
Co-Founder of Pratik welfare sociaty (NGO)",,,,,,,,No,,,,
Kaimur,,Ramgarh,Member,Firoz Ansari,No,Allauddin Ansari,9709317134.0,42.0,,Minority,Muslim,"Firoz Ansari | 42 | Male | Muslim
 Incumbent BDC since 2021
EX Panchayat President RJD
  Ward Memeber  from 2011-2016.
Medical Clinic in Darwan,",,,,"
Matsya Vibhag Prakhand Adhyakhs
Run Fisheries Busniess 
Very Active and Vocal for Jan Suraaj""",,,,,,,,No,,,,
Kaimur,,Durgawati,Member,Pramod Paswan,No,Kalicharan Paswan,9525855533.0,42.0,,SC,Dusadh,"Pramod Paswan | 42 | Male | SC | Paswan
Incumbent PACS President 
Prakhand Adhyakh of BJP 2018-2020
Ex BDC 

",,,,"Pramod Paswan | 42 | Male | SC | Paswan
Incumbent PACS President 
Prakhand Adhyakh of BJP 2018-2020
Ex BDC 

",,,,,,,,No,,,,
Kaimur,,CHAINPUR,Member,Purshotam Chauhan,No,Sriram Chauhan,7209352460.0,44.0,,EBC ,Nonia,"Purshotam Chauhan | 44 | Male | EBC | Nonia
-Three term Sarpanch of Soukhra Panchayt (2021- Present), (2016-2021), (2011-2016)
-Very poor background but mostly people of panchayt likes him.",,,,"Purshotam Chauhan | 44 | Male | EBC | Nonia
-Three term Sarpanch of Soukhra Panchayt (2021- Present), (2016-2021), (2011-2016)
-Very poor background but mostly people of panchayt likes him.",,,,,,,,No,,,,
Kaimur,,Nuaon,Member,Dinbandhu Singh,No,Baleshwar Singh,9006513555.0,50.0,,OBC ,Yadav,"Dinbandhu Singh | 50 | Male | OBC | Yadav
- Sarpanch Sang District President From (2021-Present).
 Incumbent Sarpanch of  Panjrao Panchayat From (2021-Present).
 Former RJD Block President of Nuaon from (2004-2020)",,,,"Dinbandhu Singh | 50 | Male | OBC | Yadav
- Sarpanch Sang District President From (2021-Present).
 Incumbent Sarpanch of  Panjrao Panchayat From (2021-Present).
 Former RJD Block President of Nuaon from (2004-2020)",,,,,,,,No,,,,
Kaimur,,Kudra,Member,Parvati Devi,No,Krishna Paswan,9128236650.0,50.0,,SC,Dusadh,"Parvati Devi | 50 | Female | SC | Paswan 
- 4 times Incumbent Sarpanch From Devradhkala Khurd Panchayat(2006-Present)
-Despite this the seat is unreserved for women
-Active Politician",,,,"Parvati Devi | 50 | Female | SC | Paswan 
- 4 times Incumbent Sarpanch From Devradhkala Khurd Panchayat(2006-Present)
-Despite this the seat is unreserved for women
-Active Politician",,,,,,,,No,,,,
Kaimur,,CHAND,Member,Rama Shankar Bind,No,Lt. Ram Bechan Bind,8115075779.0,57.0,,EBC ,BIND,"Rama Shankar Bind | 57 | Male | EBC | Bind
Two Time Sarpanch Runner Up From Kuddi Panchayat 2006 and 2011
Influence in Bind Community.
Social Activist.",,,,"Rama Shankar Bind | 57 | Male | EBC | Bind
Two Time Sarpanch Runner Up From Kuddi Panchayat 2006 and 2011
Influence in Bind Community.
Social Activist.",,,,,,,,No,,,,
Kaimur,,CHAND,Member,Jitendra Ram,No,Lt. Kishor Ram,8969247299.0,45.0,,SC,Chamar,"Jitender Ram | 45 | Male | SC | Chamar
BDC Contest in 2021 and Got 375 Votes
-PACs Runner up in 2011
-BSP Panchayat Adhayaksh (1995-2023)",,,,"Jitender Ram | 45 | Male | SC | Chamar
BDC Contest in 2021 and Got 375 Votes
-PACs Runner up in 2011
-BSP Panchayat Adhayaksh (1995-2023)",,,,,,,,No,,,,
Kaimur,,Ramgarh,Member,Rajesh Gupta,No,Uday Pratap shah,9771615326.0,35.0,,EBC,Teli,"Rajesh Gupta| Male| 35| EBC | Teli
- Incumbent defacto BDC of Sisaura panchayat.
-Zila Ati Pichada Adhyashya of Ratria Lok Morcha party.
-prakhand Adhyshya of RLSP 2013-18
-Tansport vendor of sudha Diary.",,,,"Rajesh Gupta| Male| 35| EBC | Teli
- Incumbent defacto BDC of Sisaura panchayat.
-Zila Ati Pichada Adhyashya of Ratria Lok Morcha party.
-prakhand Adhyshya of RLSP 2013-18
-Tansport vendor of sudha Diary.",,,,,,,,No,,,,
Kaimur,,CHAINPUR,Member,Virendra Singh Kushwaha,No,Kailash Singh,9142265175.0,50.0,,OBC ,Kushwaha,"Virender Singh Kushwaha | 50 | Male | OBC
Incumbent BDC.
Runner up BDC in 2011 & 2016",,,,"Virender Singh Kushwaha | 50 | Male | OBC
Incumbent BDC.
Runner up BDC in 2011 & 2016",,,,,,,,No,,,,
Kaimur,,CHAINPUR,Member,Pancham Kumar,No,Late Ram shankar Rajak,9122101284.0,37.0,,SC,Dhobhi,"Pancham | 37 | Male | SC | Dhobhi
Medical Practioner Since Seven Years.
Good influence in Community.
His Maternal uncle (Manish Rajak) is Pradesh Adhyaksh of Akhil bharatiya Dhobhi Mahasangh. ",,,,"Pancham | 37 | Male | SC | Dhobhi
Medical Practioner Since Seven Years.
Good influence in Community.
His Maternal uncle (Manish Rajak) is Pradesh Adhyaksh of Akhil bharatiya Dhobhi Mahasangh. ",,,,,,,,No,,,,
Kaimur,,CHAND,Member,Mahendra Shah,No,Lt. Shankar Shah,6287124435.0,43.0,,EBC,Teli,"Mahender Sah | 43 | Male  | Teli
- Incumbent BDC From Goin Panchayat (2021-Till)
- BDC Runner Up in 2016
- Graduation From Jata Dhari College
Businesses- Brick Bhattha",,,,"Mahender Sah | 43 | Male  | Teli
- Incumbent BDC From Goin Panchayat (2021-Till)
- BDC Runner Up in 2016
- Graduation From Jata Dhari College
Businesses- Brick Bhattha",,,,,,,,No,,,,
Buxar,,Brahampur,Member,Harender Prasad Singh,,Lt. Loknath Prashad,9939010580.0,57.0,,General,Rajput,"Harender Prasad Singh | Male | 57 | Gen | Rajput

- Incumbent Mukhiya (2021)
- Runner up Mukhiya  2016 lost by 60 votes in 2016
- De facto Mukhiya 2006 & 2011 ( Mother Shrimati Savitri Devi) ",Call Connected,Not Interested,,,Contest Mukhiya,,,,,,,,,,,
Buxar,,Brahampur,Member,Dr. Subhas Chandra Ojha,,Kedar Nath Ojha,9934673088.0,63.0,,General ,Brahmin,"Dr. Subhas Chander Ojha | Male | 63 | Gen | Brahmin

- NCP Zila Adhyaksh 2018-2024
- NCP Jila Sachiv 2015-2018
- Pradesh Mahasachiv Kissan Mahasabha 2011-2015
- Zila Upadhyaksh 2005-2011",,,,"Dr. Subhas Chander Ojha | Male | 63 | Gen | Brahmin

- NCP Zila Adhyaksh 2018-2024
- NCP Jila Sachiv 2015-2018
- Pradesh Mahasachiv Kissan Mahasabha 2011-2015
- Zila Upadhyaksh 2005-2011",,,,,,,,No,,,,
Buxar,,Brahampur,Member,Anil Kumar,,Jai Pal Paswan,8271672896.0,46.0,,SC,Dusadh,"Anil Kumar | Male | 40 | SC | Dusadh

 - Incumbent two times Mukhiya ( in general Seat ) - 2016 and 2021
-Former Member of BSP District working Committee - 2018 - 2020
",,,,"Anil Kumar | Male | 40 | SC | Dusadh

 - Incumbent two times Mukhiya ( in general Seat ) - 2016 and 2021
-Former Member of BSP District working Committee - 2018 - 2020
",,,,,,,,Brahmpur_13,,,,
Buxar,,Brahampur,Member,Mohan Prasad,,Matru Prasad,9576131340.0,48.0,,SC,Dusadh,"Mohan Prasad | Male | 48 | SC | Dusadh

- Former 2 term Zila Parishad  2006  2011
- RJD Zila Sachiv 2005-2016
- Member in LJP  2016-2023
- Runner up in Mukhiya 2021",Call Connected,Interested,14.0,,,,,,,,,,,,,
Buxar,,Brahampur,Member,Rakesh Kumar Paswan ,,Umesh Paswan ,8582052110.0,30.0,,SC,Dusadh,"Rakesh Kumar Paswan | Male | 30 | Gen | Dusadh

- Incumbent  Defacto Mukhiya  2021
-Socially & Politically active at District Level",,,,"Rakesh Kumar Paswan | Male | 30 | Gen | Dusadh

- Incumbent  Defacto Mukhiya  2021
-Socially & Politically active at District Level",,,,,,,,No,,,,
Buxar,,Brahampur,Member,Akshay Kumar Singh,,Chutku Yadav,6200214171.0,48.0,,OBC ,Yadav,"Akshay Kumar Singh | Male | 48 | OBC | Yadav

-Runner up Mukhiya 2011 
- RJD Block Adhyaksh (2005-2020)",,,,"Akshay Kumar Singh | Male | 48 | OBC | Yadav

-Runner up Mukhiya 2011 
- RJD Block Adhyaksh (2005-2020)",,,,,,,,No,,,,
Buxar,,Brahampur,Member,Hridyanand Yadav ,,Late Sitaram Singh ,7739704752.0,56.0,,OBC ,Yadav,"Hridyanand Yadav | Male | 45 | OBC | Yadav

 - PACS President of Pokhraha panchayat from 1999 to 2024
 - Mukhiya 2nd runner up - 2006 
- RJD Zila Sachiv - 2018 - 2022",,,,"Hridyanand Yadav | Male | 45 | OBC | Yadav

 - PACS President of Pokhraha panchayat from 1999 to 2024
 - Mukhiya 2nd runner up - 2006 
- RJD Zila Sachiv - 2018 - 2022",,,,,,,,No,,,,
Buxar,,Chausa,Member,Mamta Devi,,Arvind Kumar,9155747102.0,39.0,,SC,Chamar,"Mamta Devi | Female | 39 | SC | Chamar

-Incumbent Mukhiya 2021                                                                       -Mukhiya Runner Up 2016",,,,"Mamta Devi | Female | 39 | SC | Chamar

-Incumbent Mukhiya 2021                                                                       -Mukhiya Runner Up 2016",,,,,,,,No,,,,
Buxar,,Brahampur,Member,Ramashankar Tiwari,,Late Bhola Tiwari,8757095358.0,59.0,,General,Bhumihar,"Ramashankar Tiwari | Male | 59 | Gen | Bhumihar

-Incument two term BDC (2021 & 2016)
- Graduation from Aara College.
- Influence on Forward and Yadav communities.",,,,"Ramashankar Tiwari | Male | 59 | Gen | Bhumihar

-Incument two term BDC (2021 & 2016)
- Graduation from Aara College.
- Influence on Forward and Yadav communities.",,,,,,,,No,,,,
Buxar,,Brahampur,Member,Akhilesh Kumar Singh alias Gorakh Yadav,,Hridyanand Singh ,"704521714
9199363360",37.0,,OBC ,Yadav,"Akhilesh Kumar Singh alias Gorakh Yadav | Male | 37 | OBC | Yadav

- Defacto Incumbent Up pramukh Two consecutive times Brahampur  2016 & 2021
-Defacto BDC (2006 & 2011)",,,,"Akhilesh Kumar Singh alias Gorakh Yadav | Male | 37 | OBC | Yadav

- Defacto Incumbent Up pramukh Two consecutive times Brahampur  2016 & 2021
-Defacto BDC (2006 & 2011)",,,,,,,,No,,,,
Buxar,,Brahampur,Member,Ram Kumar Thakur ,,Matru Thakur,9576238255.0,38.0,,EBC ,Nai ,"Ram Kumar Thakur | Male | 38 | EBC | Nai

-Two times Defacto BDC (2011 & 2021)
-Runner-up BDC contestant 2016 ( lost by 3 votes)",,,,"Ram Kumar Thakur | Male | 38 | EBC | Nai

-Two times Defacto BDC (2011 & 2021)
-Runner-up BDC contestant 2016 ( lost by 3 votes)",,,,,,,,No,,,,
Buxar,,Brahampur,Member,Deepak Kumar ,,Bhola Prasad,9199206293.0,32.0,,EBC,Kanu ,"Deepak Kumar  | Male | 32 | EBC |  Kanu 

-Two times BDC (2011 & 2021)
-Pramukh  from 2013 to 2016
-PDS Shop owner in Raghunathpur",,,,"Deepak Kumar  | Male | 32 | EBC |  Kanu 

-Two times BDC (2011 & 2021)
-Pramukh  from 2013 to 2016
-PDS Shop owner in Raghunathpur",,,,,,,,No,,,,
Buxar,,Brahampur,Member,Lalan Yadav,,Dhana Yadav,6204144242.0,47.0,,OBC ,Yadav,"Lalan Yadav | Male | 47 | OBC | Yadav

-Two Times Defacto Sarpanch (2021 & 2016)
-BDC runner up in 2001 (lost by 123 votes)",,,,"Lalan Yadav | Male | 47 | OBC | Yadav

-Two Times Defacto Sarpanch (2021 & 2016)
-BDC runner up in 2001 (lost by 123 votes)",,,,,,,,No,,,,
Buxar,,Brahampur,Member,Dadan Yadav,,Late Gupteshwar Yadav,9955637511.0,52.0,,OBC ,Yadav,"Dadan Yadav | Male | 52 | OBC | Yadav

- BDC Member 2021
- Block Pramukh Since 2023",,,,"Dadan Yadav | Male | 52 | OBC | Yadav

- BDC Member 2021
- Block Pramukh Since 2023",,,,,,,,No,,,,
Buxar,,Brahampur,Member,Manoj Kumar Rai,,Sri Sivji Rai,8271121111.0,49.0,,General,Bhumihar,"Manoj Kumar Rai | Male | 49 | GEN | Bhumihar 

- Social worker running an ""Ajivika Training Centre"" working on women empowerment since 2012
- Buddha Institute of Technology college in Gaya, working as a counselor since 2018
- His brother, Mukesh Rai is Incumbent Nagar Ward Parshad",,,,"Manoj Kumar Rai | Male | 49 | GEN | Bhumihar 

- Social worker running an ""Ajivika Training Centre"" working on women empowerment since 2012
- Buddha Institute of Technology college in Gaya, working as a counselor since 2018
- His brother, Mukesh Rai is Incumbent Nagar Ward Parshad",,,,,,,,No,,,,
Buxar,,Brahampur,Member,Manan Dubey,,Late Dwarika Nath Dubey ,"9939356442
9939256442",50.0,,General ,Brahmin,"Manan Dubey | Male | 50 |  GEN | Brahmin 

-Two consecutive times Defacto Mukhiya 
 ( 2021 & 2016)
-Runner up Mukhiya 2011 
- Runner up Defacto Mukhiya 2001 
(lost by 5 votes)
-Involved Social Work ( Rudra Sewa Sansthan 2023-2024)",,,,"Manan Dubey | Male | 50 |  GEN | Brahmin 

-Two consecutive times Defacto Mukhiya 
 ( 2021 & 2016)
-Runner up Mukhiya 2011 
- Runner up Defacto Mukhiya 2001 
(lost by 5 votes)
-Involved Social Work ( Rudra Sewa Sansthan 2023-2024)",,,,,,,,No,,,,
Buxar,,Brahampur,Member,Ajit Singh ,,Shri Suresh Singh ,6201062662.0,40.0,,OBC ,Yadav,"Ajit Singh | Male | 40 | OBC | Yadav

-Incumbent Mukhiya
-Father contested Mukhiya elections in 2001, 2006, & 2011 but lost all three times
-Contested in 2016, secured 129 votes
-Strong backing from Yadav & other backward communities
-Assists in medical emergencies, personally takes people to hospitals in his Scorpio",,,,"Ajit Singh | Male | 40 | OBC | Yadav

-Incumbent Mukhiya
-Father contested Mukhiya elections in 2001, 2006, & 2011 but lost all three times
-Contested in 2016, secured 129 votes
-Strong backing from Yadav & other backward communities
-Assists in medical emergencies, personally takes people to hospitals in his Scorpio",,,,,,,,No,,,,
Buxar,,Brahampur,Member,Akhilesh Kumar Singh ,,Late Hira Prasad Singh ,8709234434.0,60.0,,General,Rajput,"Akhilesh Kumar Singh  | Male | 60 | GEN | Rajput 

- Two consecutive times Prakhand Sangh Sarpanch Adhyaksh (2016 & 2021)
- Sarpanch Sangh Zila  Pravakta (2016 & 2021)
-Younger brother is Pradesh Mahasachiv in BJP Majdur Union  (Amresh Kumar Singh )",,,,"Akhilesh Kumar Singh  | Male | 60 | GEN | Rajput 

- Two consecutive times Prakhand Sangh Sarpanch Adhyaksh (2016 & 2021)
- Sarpanch Sangh Zila  Pravakta (2016 & 2021)
-Younger brother is Pradesh Mahasachiv in BJP Majdur Union  (Amresh Kumar Singh )",,,,,,,,No,,,,
Buxar,,Brahampur,Member,Dev  Narayan Ram ,,Rajaram Rajak,9507759648.0,49.0,,SC ,Dhobi,"Dev  Narayan Ram  | Male | 49 |  SC | Dhobi

-Incumbent BDC
-BDC runner-up, 2016 lost by 150 votes
-BDC runner-up, 2011 lost by 22 votes (de facto)
-Consistently active in local politics with strong grassroots presence",,,,"Dev  Narayan Ram  | Male | 49 |  SC | Dhobi

-Incumbent BDC
-BDC runner-up, 2016 lost by 150 votes
-BDC runner-up, 2011 lost by 22 votes (de facto)
-Consistently active in local politics with strong grassroots presence",,,,,,,,No,,,,
Buxar,,Buxar,Member,Md. Maksud Khan,,Late  Ayub Khan ,9939795696.0,60.0,, Minority,Muslim,"Md. Maksud Khan | Male | 60 | Minority

- Songs, Ghazal Writer
- Famous Urdu Kavi of the District
- Performs on Big Stage Kavi Samelans
- Thousands of subscribers on social Plateforms
- Building School of his own for 200 childrens
- Vast farming Land
- Strong hold withing Minority Community",Call Connected,,Not Interested,"Md. Maksud Khan | Male | 60 | Minority

- Songs, Ghazal Writer
- Famous Urdu Kavi of the District
- Performs on Big Stage Kavi Samelans
- Thousands of subscribers on social Plateforms
- Building School of his own for 200 childrens
- Vast farming Land
- Strong hold withing Minority Community",,,,,,,,No,,,,
Buxar,,Brahampur,Member,Sanjay Kumar ,,Ramashankar Prasad,6205222290.0,51.0,,OBC ,Bania,"Sanjay Kumar | Male | 51 | Baniya 

-Owner of Building Material in Brahampur Market 
-Arraneged venue for  Brahampur Meeting 
-Known Businessman in Brahampur ",Call Connected,,Not Interested,"Sanjay Kumar | Male | 51 | Baniya 

-Owner of Building Material in Brahampur Market 
-Arraneged venue for  Brahampur Meeting 
-Known Businessman in Brahampur ",,,,,,,,No,,,,
Buxar,,Brahampur,Member,Ramu Paswan ,,Naik Paswan ,8002244068.0,40.0,,SC,Dusadh,"Ramu Paswan |  Male | 40 | SC| Dusadh 

-Former BDC (Purvi), 2016
Defactor Ward Member , 2011 
- Defacto Ward Member, 2006 
-Zp Contestant 2021 ( 157 votes)",Call Connected,Not Interested,,,,,,,,,,,,,,
Buxar,,Brahampur,Member,Shri Ram Tiwari ,,Late Lekhram Tiwari ,8873785421.0,58.0,,General,Bhumihar,"Sri Ram Tiwari  | Male | 58 | GEN | Bumihar 

Two conseuctive times Defacto Sarpanch  (2021 & 2016)
-Two Sons are Soldier 
-Strong hold on Gen & OBC community.",,,,"Sri Ram Tiwari  | Male | 58 | GEN | Bumihar 

Two conseuctive times Defacto Sarpanch  (2021 & 2016)
-Two Sons are Soldier 
-Strong hold on Gen & OBC community.",,,,,,,,No,,,,
Buxar,,Brahampur,Member,Hira Lal Verma ,,Chanderma Prasad Verma ,9470411010.0,53.0,,OBC ,Sonar ,"Hira Lal Verma  | Male | 53 | OBC | Sonar 

-Member, State PDS Board of Director Committee
-Spokesperson, Buxar District Fair Price Dealers Association (Since 2014)
-Owns a PDS shop and two jewelry shops in Brahampur
-Actively involved in farming and trade
-Well-regarded in the Brahampur area for social work
-Assisted many people during the pandemic(Covid 19)",,,,"Hira Lal Verma  | Male | 53 | OBC | Sonar 

-Member, State PDS Board of Director Committee
-Spokesperson, Buxar District Fair Price Dealers Association (Since 2014)
-Owns a PDS shop and two jewelry shops in Brahampur
-Actively involved in farming and trade
-Well-regarded in the Brahampur area for social work
-Assisted many people during the pandemic(Covid 19)",,,,,,,,No,,,,
Buxar,,Brahampur,Member,Mohd. Saifuddin ,,Late Mohd. Hanif,6204989781.0,52.0,, Minority,Muslim,"Mohd. Saifuddin | Male | 52 | Minority
 
-Ex- Pramukh (2011-2013) 
- Two consecutive times BDC (2006 & 2011)
-BDC runner up 2001
-JDU Zila Sachiv (2018-2022) 
-Worked with UNICEF (Saksharta Abhiyan) ",,,,"Mohd. Saifuddin | Male | 52 | Minority
 
-Ex- Pramukh (2011-2013) 
- Two consecutive times BDC (2006 & 2011)
-BDC runner up 2001
-JDU Zila Sachiv (2018-2022) 
-Worked with UNICEF (Saksharta Abhiyan) ",,,,,,,,No,,,,
Buxar,,Brahampur,Member,Gopal Pal ,,Late  Nand Pal ,85788892184.0,60.0,,EBC ,Pal,"Gopal Pal | Male | 60 | EBC| Pal

-Two times Defacto Sarpanch (2016 & 2021)
-Socially & politically active at District level.",,,,"Gopal Pal | Male | 60 | EBC| Pal

-Two times Defacto Sarpanch (2016 & 2021)
-Socially & politically active at District level.",,,,,,,,No,,,,
Buxar,,Brahampur,Member,Raj Kumar Ram ,,Late Tirathram Ram ,8651091173.0,55.0,,SC,Dusadh,"Raj Kumar Ram | Male | 55 | SC | Dusadh 

-Incumbent Sarpanch 
-Mukhiya Contestant -2016
-BDC Contestant -2011 
-Formar BDC -2006
-Ward Member 2001 ",,,,"Raj Kumar Ram | Male | 55 | SC | Dusadh 

-Incumbent Sarpanch 
-Mukhiya Contestant -2016
-BDC Contestant -2011 
-Formar BDC -2006
-Ward Member 2001 ",,,,,,,,No,,,,
Buxar,,Brahampur,Member,Ramavtar Thakur ,,Shri Gupteshwar Thakur,9525164475.0,30.0,,EBC ,Nai ,"Ramavtar Thakur | Male | 30 | EBC | Nai

-Incumbent BDC
-Strong hold on Gen,OBC & SC community.",,,,"Ramavtar Thakur | Male | 30 | EBC | Nai

-Incumbent BDC
-Strong hold on Gen,OBC & SC community.",,,,,,,,No,,,,
Buxar,,Brahampur,Member,Bharat Thakur ,,Ramesh Thakur ,8434478310.0,32.0,,EBC ,Nai ,"Bharat Thakur | Male | 32 | EBC | Nai 

-Incumbent BDC
-Strong hold on Gen,OBC & SC community",,,,"Bharat Thakur | Male | 32 | EBC | Nai 

-Incumbent BDC
-Strong hold on Gen,OBC & SC community",,,,,,,,No,,,,
Buxar,,Brahampur,Member,Lalan Yadav,,Late  Shivmurat Yadav ,9852390997.0,60.0,,OBC ,Yadav,"Lalan Yadav | Male | 60 | OBC | Yadav  

-Former Zila Adhyaksh Bihar Rajya Chaturvargya Sarkari Sangh (2013-2022) 
-Bhojpuri Singer & Writer ",,,,"Lalan Yadav | Male | 60 | OBC | Yadav  

-Former Zila Adhyaksh Bihar Rajya Chaturvargya Sarkari Sangh (2013-2022) 
-Bhojpuri Singer & Writer ",,,,,,,,No,,,,
Buxar,,Brahampur,Member,Raja Ram Paswan ,,Hira Lal Paswan ,6206079447.0,28.0,,SC,Dusadh,"Raja Ram Paswan | Male | 28 | SC | Dusadh 

-Incumbent Defacto BDC
-Strong hold on Gen,OBC & SC community",,,,"Raja Ram Paswan | Male | 28 | SC | Dusadh 

-Incumbent Defacto BDC
-Strong hold on Gen,OBC & SC community",,,,,,,,No,,,,
Buxar,,Brahampur,Member,Jag Jivan Paswan ,,Mishri Paswan,9162773553.0,59.0,,SC,Dusadh,"Jag Jivan Paswan | Male | 59 | SC | Dusadh

-Ex- Mukhiya (2016-21)
-Mukhiya Runner-up 2021",,,,"Jag Jivan Paswan | Male | 59 | SC | Dusadh

-Ex- Mukhiya (2016-21)
-Mukhiya Runner-up 2021",,,,,,,,No,,,,
Buxar,,Dumraon,Member,Pawan Kumar ,,Shir Ram Babu Gupta,9431479943.0,45.0,,General,Bhumihar,"Pawan Kumar|Male | 45 | General |Bhumihar
-Zila Upadhyaksh Akhil Bhartiya Rohniar Vyas Samaj ( Bhumihar) 5 years ",,,,"Pawan Kumar|Male | 45 | General |Bhumihar
-Zila Upadhyaksh Akhil Bhartiya Rohniar Vyas Samaj ( Bhumihar) 5 years ",,,,,,,,No,,,,
Buxar,,Dumraon,Member,Mahatma Sharma,,Jai Ram Sharma,7061537815.0,49.0,,EBC,Lohar,"Mahatma Sharma|49| Male|EBC|Lohar

- Previously he was associated with CPI(ML)
- LIC Agent and Active Social Worker ",,,,"Mahatma Sharma|49| Male|EBC|Lohar

- Previously he was associated with CPI(ML)
- LIC Agent and Active Social Worker ",,,,,,,,No,,,,
Buxar,,Dumraon,Member,Manoj kumar Choudhary,,Bhim Choudhary,9525444879.0,42.0,,EBC,Bind,"Manoj kumar Choudhary|42|Male|EBC|Bind

- Former BDC of Naya Bhojpur.
-He runs buses from Dumraon to Kolkata
-He is popular among business community at Naya bhojpur",,,,"Manoj kumar Choudhary|42|Male|EBC|Bind

- Former BDC of Naya Bhojpur.
-He runs buses from Dumraon to Kolkata
-He is popular among business community at Naya bhojpur",,,,,,,,No,,,,
Buxar,,Dumraon,Member,Krishna Singh,,Bhagwan Singh,9931303229.0,30.0,,OBC ,Yadav,"Krishna Sing|30|Male|OBC |Yadav

- Up Block Pramukh Dumraon (2021)
- BDC of Mathila Panchayat.
- Bussiness of building material and farming equipment in Koran Sarai.
-His father was BDC in 2016",,,,"Krishna Sing|30|Male|OBC |Yadav

- Up Block Pramukh Dumraon (2021)
- BDC of Mathila Panchayat.
- Bussiness of building material and farming equipment in Koran Sarai.
-His father was BDC in 2016",,,,,,,,No,,,,
Buxar,,Dumraon,Member,Manoj Thakur,,Ram Avathar Thakur,8002593984.0,55.0,,EBC,Nai,"Manoj Thakur|55|Male|EBC|Nai

- Incumbent De-facto BDC (2011,2016 &2021)
- Hazaam Sangh Adhyaksha of Koran Sarai. (2015-Present)
- Panchayat Adhyaksha of JDU. (2011-2014)
- 2021: Secured 1155 votes, won by 250 votes.
- 2016: Secured 989 votes, won by 23 votes.
- 2011: Won by 108 votes.",,,,"Manoj Thakur|55|Male|EBC|Nai

- Incumbent De-facto BDC (2011,2016 &2021)
- Hazaam Sangh Adhyaksha of Koran Sarai. (2015-Present)
- Panchayat Adhyaksha of JDU. (2011-2014)
- 2021: Secured 1155 votes, won by 250 votes.
- 2016: Secured 989 votes, won by 23 votes.
- 2011: Won by 108 votes.",,,,,,,,No,,,,
Buxar,,Dumraon,Member,Ramesh Chaudhary,,Jagdish Choudhary ,8709334705.0,52.0,,OBC ,Kurmi,"Ramesh Chaudhary|52|Male|OBC|Kurmi

- Two Consecutive Term Mukhiya 2016&2021
-Strong hold on Gen,OBC & SC community",,,,"Ramesh Chaudhary|52|Male|OBC|Kurmi

- Two Consecutive Term Mukhiya 2016&2021
-Strong hold on Gen,OBC & SC community",,,,,,,,No,,,,
Buxar,,Dumraon,Member,Vikash Thakur,,Bhola Prashad Thakur,8709498931.0,29.0,,EBC,Nai,"Vikash Thakur|29|Male|EBC|Nai

- Vice Chairman of Dumraon Nagar Parishad (2023) 
- Mahasachive runner-up of DK Collage, Dumraon lost by few votes (2019) 
- Member of Swayam Shakti Sangathan (Local Organisation), Organisation is involve in different types agitaion like Black Flag, Paidal March.
-Distubuted ration in Covid pandemic",,,,"Vikash Thakur|29|Male|EBC|Nai

- Vice Chairman of Dumraon Nagar Parishad (2023) 
- Mahasachive runner-up of DK Collage, Dumraon lost by few votes (2019) 
- Member of Swayam Shakti Sangathan (Local Organisation), Organisation is involve in different types agitaion like Black Flag, Paidal March.
-Distubuted ration in Covid pandemic",,,,,,,,No,,,,
Buxar,,Dumraon,Member,Sanjay Sah,,Late Gopal Sah,8409033877.0,38.0,,EBC,Kanu,"Sanjay Sah|38|Male|EBC|Kanu

- Incumbent Defacto Sarpanch  2021
-Ex Defacto Sarpanch 2016
- Kosha Adhyaskha of Sahu Samaj Sangathan of Dumraon Prakhandh(2022-Present)
- Street vender sangh Up-Adhyaksha of Koran Sarai(2020-Present)
",,,,"Sanjay Sah|38|Male|EBC|Kanu

- Incumbent Defacto Sarpanch  2021
-Ex Defacto Sarpanch 2016
- Kosha Adhyaskha of Sahu Samaj Sangathan of Dumraon Prakhandh(2022-Present)
- Street vender sangh Up-Adhyaksha of Koran Sarai(2020-Present)
",,,,,,,,No,,,,
Buxar,,Dumraon,Member,Om Prakash,,Lallan Prashad Singh,9631878135.0,35.0,,OBC ,koiri,"Om Prakash |35|Male|OBC|koiri

- Incumbent BDC(2021)
-2021:Secured 607 votes,won by 24 votes.
-Involved in a bulding material business.",,,,"Om Prakash |35|Male|OBC|koiri

- Incumbent BDC(2021)
-2021:Secured 607 votes,won by 24 votes.
-Involved in a bulding material business.",,,,,,,,No,,,,
Buxar,,Dumraon,Member,Ashok Yadav,,Sohan Yadav,9955565896.0,40.0,,OBC ,Yadav,"Ashok Yadav|40|Male|OBC|Yadav

- Four Consecutive Term BDC
-Mukhiya Runner-up 2021",,,,"Ashok Yadav|40|Male|OBC|Yadav

- Four Consecutive Term BDC
-Mukhiya Runner-up 2021",,,,,,,,No,,,,
Buxar,,Dumraon Nagar Parishad,Member,Mohan Mishra,,Late Raghunath Mishra,8210290213.0,65.0,,General,Brahmin,"Mohan Mishra|65|Male|Gen|Brahmin

- 2 times Chairman of Dumraon NP.(2015 & 
2017)
- Lost election of ward parishad in 2023",,,,"Mohan Mishra|65|Male|Gen|Brahmin

- 2 times Chairman of Dumraon NP.(2015 & 
2017)
- Lost election of ward parishad in 2023",,,,,,,,No,,,,
Buxar,,Dumraon,Member,Loha Paswaan,,Lal Bihari Paswaan,9798228134.0,60.0,,SC,Dusadh,"Loha Paswan|60|Male|SC|Dushadh

-He was EX CPI(ML) District President 2005-2015
- Zila Parishad Runner-up 2021",,,,"Loha Paswan|60|Male|SC|Dushadh

-He was EX CPI(ML) District President 2005-2015
- Zila Parishad Runner-up 2021",,,,,,,,No,,,,
Buxar,,Dumraon,Member,Bushan Kumar Gond,,Late Bijanath Gond,9852932818.0,38.0,,ST,Gond,"Bushan Kumar Gond|38| Male| ST|Gond

-Ex Ward parshad 2012
- Ward parshad  Contestant 2017 & 2022
",,,,"Bushan Kumar Gond|38| Male| ST|Gond

-Ex Ward parshad 2012
- Ward parshad  Contestant 2017 & 2022
",,,,,,,,No,,,,
Buxar,,Dumraon,Member,Manavar Ansari ,,Jalaluddin Ansari,9122226616.0,30.0,,Minority,Muslim,"Manavar Ansari|30|Male|Minority|Muslim

- Zila Parishad Runner-up 2021
- Zila Parishad Runner-up 2016
- Prominent Businessman Of Dumraon Anumandal

 ",,,,"Manavar Ansari|30|Male|Minority|Muslim

- Zila Parishad Runner-up 2021
- Zila Parishad Runner-up 2016
- Prominent Businessman Of Dumraon Anumandal

 ",,,,,,,,No,,,,
Buxar,,Dumraon,Member,Indrajeet Paswan,,Bihari Paswan,6206457489.0,50.0,,SC,Dusadh,"Indrajeeth Paswan | 50 | Male | SC | Dusadh

-ZP contestent 2016 & 2021 secured 1719 & 1934 respectively
-Ward 3 & 5 member 2006&2011  respectively
-LJP prakhand adhyaksh 2005-2010
-LJP Dist adyaksh Dalit prakost 2015-2018, resigned in 2023",Not Reachable,,,,,,,,,,,,,,,
Buxar,,Dumraon,Member,Ziyauul Haque,,Late Anwar Haque,8809687378.0,56.0,,Minority,Muslim,"Ziyauul Haque|56|Male|Minority|Muslim

-He was Ex Ward Parshad 2017
-Ward Parshad Runner-up 2023
-Ex JDU Nagar Adhyaksh 2015-2020",,,,"Ziyauul Haque|56|Male|Minority|Muslim

-He was Ex Ward Parshad 2017
-Ward Parshad Runner-up 2023
-Ex JDU Nagar Adhyaksh 2015-2020",,,,,,,,No,,,,
Buxar,,Dumraon Nagar Parishad,Member,Krishna kumar Shah,,Late Doddan Prasad Shah,7209208436.0,56.0,,OBC ,Vaishya Baniya,"Krishna Kumar Shah|56|Male|OBC|Vaishya Baniya

-ZP contestent 2011
-Mukhiya contestent 2006
- Businessman (wholesale of Clothes)
- Fully onboarded of Jan Suraaj and worked in Bye-Election",Call Connected,Interested,,,,,,,,,,,,,,
Buxar,,Chougain,Member,Veeru Kumar Singh,,Upendra Singh,9471686717.0,40.0,,General,Rajput,"    Veeru Kumar Singh|40|Male|Gen|Rajput      
                                                                                
- Two times consecutive mukhiya. 2016&2021
(first Rajput mukhiya of panchayat since 1978)                                                                                                                                                                                                                                         - His grandfather has donated his land for the construction of PHC. The current PHC of the panchayat stands on the same ground.",,,,"    Veeru Kumar Singh|40|Male|Gen|Rajput      
                                                                                
- Two times consecutive mukhiya. 2016&2021
(first Rajput mukhiya of panchayat since 1978)                                                                                                                                                                                                                                         - His grandfather has donated his land for the construction of PHC. The current PHC of the panchayat stands on the same ground.",,,,,,,,No,,,,
Buxar,,Chougain,Member,Narendra Kumar Singh,,Late Kanhaiya Singh,9955553576.0,68.0,,General,Rajput,"Narendra Singh|68|Male|Gen|Rajput

- Four Consecutive Term PACs Since 2009
- Sudha Cooperative Society Sachiv
- His Elder Brother Badri Singh Was Former ZP& RJD MLA Contestant 1995",Call Connected,Not Interested,,,,,,,,,,,,,,
Buxar,,Chougain,Member,Pintu Kumar Singh,,Banarsi Singh,9939067424.0,41.0,,General,Rajput,"Pintu Kumar Singh|41|Male|Gen|Rajput

- PACs Prabandhak 2014-Present
- BJP Krida Manch Zila Mantri (2010-2016)
-BDC Runner-up (2016)
-PACs Member 2009,2014,2019
",,,,"Pintu Kumar Singh|41|Male|Gen|Rajput

- PACs Prabandhak 2014-Present
- BJP Krida Manch Zila Mantri (2010-2016)
-BDC Runner-up (2016)
-PACs Member 2009,2014,2019
",,,,,,,,No,,,,
Buxar,,Chougain,Member,Ajay Kumar Singh,,Late Hareram Singh,7631859156.0,54.0,,General,Rajput,"Ajay Kumar Singh| 54| Male |Gen| Rajput

- Two Consecutive Term sarpanch (2016,2021)
-Practising Since 2000 in Dumraon Civil Court  ",,,,"Ajay Kumar Singh| 54| Male |Gen| Rajput

- Two Consecutive Term sarpanch (2016,2021)
-Practising Since 2000 in Dumraon Civil Court  ",,,,,,,,No,,,,
Buxar,,Chakki,Member,Santosh Kumar Singh,,Ram Prem Singh,6203356610.0,48.0,,General,Rajput,"Santosh Kumar Singh| 48| Male |Gen | Rajput

-He is a LIC Agent and deals with Realestate
-He worked with DR Daud Ali, has good hold on Rajput community",,,,"Santosh Kumar Singh| 48| Male |Gen | Rajput

-He is a LIC Agent and deals with Realestate
-He worked with DR Daud Ali, has good hold on Rajput community",,,,,,,,No,,,,
Buxar,,Chakki,Member,Sanjay Kumar Yadav,,Jay Krishna Yadav,7488401359.0,41.0,,OBC ,Yadav,"Sanjay Kumar Yadav | 41| Male | OBC| Yadav

-Retired Major 2023
-Strong hold on Yadav community ",,,,"Sanjay Kumar Yadav | 41| Male | OBC| Yadav

-Retired Major 2023
-Strong hold on Yadav community ",,,,,,,,No,,,,
Buxar,,Kesath,Member,Amrendra Prasad,,Brij Kumar Prasad,8521753555.0,47.0,,EBC ,Kamkar,"Amrendra Prasad| 47| Male| EBC | Kamkar

-Incumbent Up- Pramukh 
- Ex BDC 2016",,,,"Amrendra Prasad| 47| Male| EBC | Kamkar

-Incumbent Up- Pramukh 
- Ex BDC 2016",,,,,,,,No,,,,
Buxar,,Kesath,Member,Arun Kumar Mishra ,,Rajvallabh Mishra ,8788097709.0,38.0,,General ,Brahmin,"Arun Kumar Mishra|Male|38| Brahmin

- BJP Yuva Morcha Jila Upadhyaksh (2018-2021)
- He Left BJP & Joined Anand Mishra ",,,,"Arun Kumar Mishra|Male|38| Brahmin
- BJP Yuva Morcha Zila Upadhyaksh (2018-2023)
- He Left BJP & Joined Anand Mishra ",,,,,,,,No,,,,
Buxar,,Nawanagar,Member,Bablu thakur,, Shivji thakur,"8340547801
7654157354",30.0,,EBC ,Nai ,"Bablu Thakur | 30 | Male | EBC | Nai

-Sarpanch runner up (2021)
-Ex Defacto Sarpanch 2016 & 2011
-AAP Zila upadhyaksh (2013-2014)
- Ex Defacto BDC runner up (2006)
-Socially & Politically active in his Block",,,,"Bablu Thakur | 30 | Male | EBC | Nai

-Sarpanch runner up (2021)
-Ex Defacto Sarpanch 2016 & 2011
-AAP Zila upadhyaksh (2013-2014)
- Ex Defacto BDC runner up (2006)
-Socially & Politically active in his Block",,,,,,,,No,,,,
Buxar,,Nawanagar,Member,Rajesh kumar pandit,,Mohan Pandit,7739932636.0,30.0,,EBC ,Kumhar,"Rajesh Kumar Pandit | 30 | Male | EBC | Kumhar

- EX- BDC (2016)
-Prakhand Vice President of prajapati samanwayak samiti ",,,,"Rajesh Kumar Pandit | 30 | Male | EBC | Kumhar

- EX- BDC (2016)
-Prakhand Vice President of prajapati samanwayak samiti ",,,,,,,,No,,,,
Buxar,,Nawanagar,Member,Harekrishna Chaubey,,Late. Shivbachan Chaubey,9930281603.0,57.0,,General ,Brahmin,"Harekrishna Chaubey | Male | 57 | General | Brahmin

- Two terms ZP Runner 2016 & 2021 (Got 4383 votes in 2021)
- Former Sarpanch 2011",Not Reachable,,,,,,,,,,,,,,,
Buxar,,Buxar,Member,Ramashankar Prasad ,,Late Potan Bind,7256857375.0,72.0,,EBC ,BIND,"Ramashankar Prasad | 72 | Male | EBC | Bind 

-Incumbent Sarpanch
-Sarpanch Contestant (2011 &2016)",,,,"Ramashankar Prasad | 72 | Male | EBC | Bind 

-Incumbent Sarpanch
-Sarpanch Contestant (2011 &2016)",,,,,,,,No,,,,
Buxar,,Nawanagar,Member,Girijanand Paswan,,Late Bhoja Paswan,"6203090287
93045345793",48.0,,SC,Dusadh,"Girijanand Paswan | 48 | Male | SC | Paswan 

-Two Consecutive Term BDC ( 2021& 2016)
- Former BDC Runner up ( 2011 & 2006)",,,,"Girijanand Paswan | 48 | Male | SC | Paswan 

-Two Consecutive Term BDC ( 2021& 2016)
- Former BDC Runner up ( 2011 & 2006)",,,,,,,,No,,,,
Buxar,,Nawanagar,Member,Dharmendra Yadav,,Nandlal Singh,9939658810.0,49.0,,OBC ,Yadav,"Dharmendra Yadav | 49 | Male | OBC | Yadav

- BDC Runner up (2021)
- Ex Up Pramukh (2016-2021)
- BDC Runner up (2011)",,,,"Dharmendra Yadav | 49 | Male | OBC | Yadav

- BDC Runner up (2021)
- Ex Up Pramukh (2016-2021)
- BDC Runner up (2011)",,,,,,,,No,,,,
Buxar,,Simri,Member,Munna Rai Kaushik,,Lt. Baijnath rai,8210161864.0,48.0,,General,Bhumihar,"Munna Rai Kaushik| 48| Male| General| Bhumihar

- Ex BJP District Spokesperson (2021-2024)
- Former BJP Nagar Upadhyaksh (2018-2021)
",,,,"Munna Rai Kaushik| 48| Male| General| Bhumihar

- Ex BJP District Spokesperson (2021-2024)
- Former BJP Nagar Upadhyaksh (2018-2021)
",,,,,,,,No,,,,
Buxar,,Simri,Member,Sanjeev Kumar Alias Munna Thakur,,Awdhesh Thakur,6202324449.0,35.0,,General,Bhumihar,"Sanjeev Kumar Alias Munna Thakur| 35| Male|  General| Bhumihar

-  EX District President Rashtriya  (Jan Jan Party 2019-2021)
- Congress Sewa Dal Karyakarini Sadasya (2015-2019)
",,,,"Sanjeev Kumar | Male | 35 | Gen | Brahmin

- Congress Sewa Dal Karyakarini Sadasya(2015-2019)
-  Rashtriya Jan Jan Party District President (2019-2021)",,,,,,,,No,,,,
Buxar,,Simri,Member,Lallan Prasad,,Nand Kishore Prasad,7870302706.0,61.0,,OBC ,Bania,"Lallan Prasad| 61 | Male| OBC | Baniya

- Two Time Defacto Sarpanch (2016, 2021)
- Former BDC Runner-Up (2006)",,,,"Lallan Prasad| 61 | Male| OBC | Baniya

- Two Time Defacto Sarpanch (2016, 2021)
- Former BDC Runner-Up (2006)",,,,,,,,No,,,,
Buxar,,Simri,Member,Deepa Devi  ,,Ramvachan paswan,9341463699.0,65.0,,SC,Dusadh,"Deepa Devi| 65| Female| SC| Dusadh

- ZP contestent (2021) 
- Mukhiya contestent (2011&2006)
- She is a social activist and foughts for SC, ST and Margianalised communities",Wrong Number ,,,,,,,,,,,,,,,
Buxar,,Simri,Member,AkshayLal Ram,,Late Sukhlal Ram,9661844089.0,62.0,,SC,Chamar,"Achchhelal Ram | Male | 62 | SC | Chamar 
    
-Defacto Sarpanch 2016-Till now
-Mukhiya Runner up 2011",,,,"Achchhelal Ram | Male | 62 | SC | Chamar 
    
-Defacto Sarpanch 2016-Till now
-Mukhiya Runner up 2011",,,,,,,,No,,,,
Buxar,,Simri,Member,Deepnarayan Singh ,,Late Rameshwar Singh,8789176596.0,60.0,,General,Rajput,"Deepnarayan Singh | Male | 60 | Gen | Rajput
   
-Incumbent Mukhiya (2021)  
- EX Karni Sena District President Buxar (2022 to 2024)
-  BSP AC In-charge in Maharastra on Jalna Vidhansabha (2006-2007)
                  ",,,,"Deepnarayan Singh | Male | 60 | Gen | Rajput
   
-Incumbent Mukhiya (2021)  
- EX Karni Sena District President Buxar (2022 to 2024)
-  BSP AC In-charge in Maharastra on Jalna Vidhansabha (2006-2007)
                  ",,,,,,,,No,,,,
Buxar,,Rajpur,Member,Sachin Maurya,,Awadhesh Singh,8226891159.0,28.0,,OBC ,Kushwaha,"Sachin Maurya| 27 | OBC| Kushwaha

-Unopposed PACS Adhyaksh (2024)
- PACS Adhyaksh 2019-2024 (Won by large Margine)
- His Father was PACS Adhyaksh (2014-19)
- His Grandfather was a former PACS Adhyaksh",,,,"Sachin Maurya| 27 | OBC| Kushwaha

-Unopposed PACS Adhyaksh (2024)
- PACS Adhyaksh 2019-2024 (Won by large Margine)
- His Father was PACS Adhyaksh (2014-19)
- His Grandfather was a former PACS Adhyaksh",,,,,,,,No,,,,
Buxar,,Rajpur,Member,Lallan Rajak,,Sakhi Charan Rajak,7739391805.0,62.0,,SC ,Dhobi,"Lallan Rajak| 62 | SC | Dhobi

-Two terms Mukhiya (2021, 2016)
-Elected Mukhiya twice consecutively (2016, 2021)
-Trusted Representative, Known for consistent leadership and community services",,,,"Lallan Rajak| 62 | SC | Dhobi

-Two terms Mukhiya (2021, 2016)
-Elected Mukhiya twice consecutively (2016, 2021)
-Trusted Representative, Known for consistent leadership and community services",,,,,,,,No,,,,
Buxar,,Rajpur,Member,Jaykrishna Kushwaha,,Late Ramavtar Singh,9939910121.0,60.0,,OBC ,Kushwaha,"Jaykrishna Kushwaha| 60| Male| OBC| Kushwaha

-Two Term Ex Mukhiya (2001-2006, 2006-2011) 
- Mukhiya Runner- 2016 (Lost by 16 Votes)
- Closed to Upendra Kushwaha 
- Vast farming land 144 Bigha",,,,"Jaykrishna Kushwaha| 60| Male| OBC| Kushwaha

-Two Term Ex Mukhiya (2001-2006, 2006-2011) 
- Mukhiya Runner- 2016 (Lost by 16 Votes)
- Closed to Upendra Kushwaha 
- Vast farming land 144 Bigha",,,,,,,,No,,,,
Buxar,,Rajpur,Member,Kalicharan ram,,Late sohar Ram,7739719047.0,65.0,,SC,Chamar,"Kalicharan Ram| 65| Male| SC| Chamar

-BSP ZilaPrabhari 2024
- Jantantrik Party Jiladhyaksh 2022-2024
-2016 Mukhiya Runner UP (got 1160 votes lost by 56 votes)
-BDC Runner Up 2011 (lost by 32 votes)
- BSP (Ziladhyaksh 1990)",,,,"Kalicharan Ram| 65| Male| SC| Chamar

-BSP ZilaPrabhari 2024
- Jantantrik Party Jiladhyaksh 2022-2024
-2016 Mukhiya Runner UP (got 1160 votes lost by 56 votes)
-BDC Runner Up 2011 (lost by 32 votes)
- BSP (Ziladhyaksh 1990)",,,,,,,,No,,,,
Buxar,,Rajpur,Member,Akhileshwar Singh,,Late Arjun Singh,9262804649.0,51.0,,OBC ,Kushwaha,"Akhileshwar Singh| 51| Male| OBC| Kushwaha

- Mukhiya Runner Up
- ZP Election Contested 2006
- Z.P Winner (2001)",Call Connected,Not Interested,,,,,,,,,,,,,,
Buxar,,Rajpur,Member,Hareram Singh,,Ramyash Singh,6203532522.0,44.0,,OBC ,Kushwaha,"Hareram Singh| 44| Male| OBC| Kushwaha

- ZP Contestant -2021 ( got 2688  votes)
- Studio Bussiness 
- Strong Hold on youth and Kushwaha Voters ",Call Connected,Interested,,,,,,,,,,,,,,
Buxar,,Rajpur,Member,Dharmendra Kumar Pandey,,Laxmi Kant Pandey,"9113722594
9801804139",52.0,,General ,Brahmin,"Dharmendra Kumar Pandey| 52| Male| General| Brahmin

- ZP Contestent -2021 (2432 Votes)
- Z.P Contestant (2016)
- Zila Parishad Won (2011)
- Wife was mukhiya Representative when elected mukhiya was in jail (2001-2006)
",Call Connected,Interested,,,,,,,,,,,,,,
Buxar,,Rajpur,Member,Manoj Kumar Singh,,Umashankar Singh,9199363565.0,42.0,,OBC ,Yadav,"Manoj Kumar Singh| 42| Male| OBC| Yadav

- Incumbent Defacto BDC 
- Sarpanch Runner Up (2016)
- PACS President Runner Up (2019)",,,,"Manoj Kumar Singh| 42| Male| OBC| Yadav

- Incumbent Defacto BDC 
- Sarpanch Runner Up (2016)
- PACS President Runner Up (2019)",,,,,,,,No,,,,
Buxar,,Rajpur,Member,Saroj Kumar,,Late  Dhanraj Singh,9801595418.0,52.0,,OBC ,Yadav,"Saroj Kumar| 52| OBC| Yadav

- Incumbent BDC (2021) 
- Former Defacto BDC (2006)
- Two terms Mukhiya runner up (2011, 2016) lost by minimun margine
- Fish Farming, poultry Farming bussiness ",,,,"Saroj Kumar| 52| OBC| Yadav

- Incumbent BDC (2021) 
- Former Defacto BDC (2006)
- Two terms Mukhiya runner up (2011, 2016) lost by minimun margine
- Fish Farming, poultry Farming bussiness ",,,,,,,,No,,,,
Buxar,,Rajpur,Member,Sunil Kumar Singh,,Brajesh Kumar Singh ,9801073219.0,42.0,,OBC ,Yadav,"Sunil Kumar Singh| 42| Male| OBC| Yadav

- Three terms former sarpanch (2016, 2011, 2006)
- Sarpanch sangh jila upadhyaksh (2016-2021)
- Sarpanch Sangh Prakhand Adhyaksh (2011-2016)
- Former Teacher in Foundation School Buxar (Before 2006)
- Former Lecturer (Chaudhary Charan Singh Mahavidyalaya)",,,,"Sunil Kumar Singh| 42| Male| OBC| Yadav

- Three terms former sarpanch (2016, 2011, 2006)
- Sarpanch sangh jila upadhyaksh (2016-2021)
- Sarpanch Sangh Prakhand Adhyaksh (2011-2016)
- Former Teacher in Foundation School Buxar (Before 2006)
- Former Lecturer (Chaudhary Charan Singh Mahavidyalaya)",,,,,,,,No,,,,
Buxar,,Rajpur,Member,Roshan Rajbhar,,Sitaraam Rajbhar,8002060310.0,45.0,,OBC,Rajbhar,"Roshan Rajbhar| Male| 45| OBC| Rajbhar

- Incumbent BDC (2021)
- Former Upadhyaksh Bhartiya Suheldev Samaj Party (2022- 2024)
-  BDC Runner UP (2016 Lost by 100 Votes)
- Three Terms Defacto Ward Member (2001, 2006, 2011)
- PACS Sadasya 
- PDS Dealer",,,,"Roshan Rajbhar| Male| 45| OBC| Rajbhar

- Incumbent BDC (2021)
- Former Upadhyaksh Bhartiya Suheldev Samaj Party (2022- 2024)
-  BDC Runner UP (2016 Lost by 100 Votes)
- Three Terms Defacto Ward Member (2001, 2006, 2011)
- PACS Sadasya 
- PDS Dealer",,,,,,,,No,,,,
Buxar,,Rajpur,Member,Rajesh Kumar Singh,,Rambadan Singh,9060025311.0,35.0,,OBC ,Yadav,"Rajesh Kumar Singh| 35| OBC| Yadav| 

- Mukhiya Sangh Prakhand Adhyaksh
- Incumbent Defacto Mukhiya (2021)
- Prominent Figure in block level politics
- Contested Election in front of several terms mukhiya and ZP Winner
",Call Connected,Interested,,,Parisiman ka abhi dekhrahe hai,,,,,,,,,,,
Buxar,,Rajpur,Member,Amit Kumar Singh,,Harendra Singh,7004255744.0,27.0,,OBC ,Yadav,"Amit Kumar Singh| 27| Male| OBC| Yadav

- ZP RunnerUp (Got 8000 Votes)
- Runs Glorious Public School
- His Father is Mukhiya From 2001 Onwards
- Actively Worked in BSP ",Call Connected,Interested,,,,,,,,,,,,,,
Buxar,,Itarhi,Member,Ummat rasul,,MD. Usman,9661245933.0,50.0,, Minority,Muslim,"Ummat Rasul| 50| Male| Minority| Muslim

-Z.P Runner Up (2021) ( Got 3228 Votes)
- EX BDC (2016, 2011)
- Former Jila Upadhyaksh in Yuva Rashtriya Janta Dal (2012-2014)",Call Connected,,,"Ummat Rasul| 50| Male| Minority | Muslim | Z.P Runner Up (2021) ( Got 3228 Votes), EX BDC (2016, 2011),  Former Jila Upadhyaksh in Yuva Rashtriya Janta Dal (2012-2014)",,,,,,"Either ZP or Mukhiya , Depends On Res.",,Itarhi_5,,,,
Buxar,,Itarhi,Member,Mainuddin Alam,,Idrish Alam,9576489595/ 7903033909,48.0,, Minority,Muslim,"Mainuddin Alam| 48| Male| Minority| Muslim

- Incumbent two term BDC (2021, 2016)
- Contested BDC Pramukh Election (2021) (lost by 2 votes)
- Was associated with RJD
",,,,"Mainuddin Alam| 48| Male| Minority| Muslim

- Incumbent two term BDC (2021, 2016)
- Contested BDC Pramukh Election (2021) (lost by 2 votes)
- Was associated with RJD
",,,,,,,,No,,,,
Buxar,,Itarhi,Member,Vijay Kumar Ram ,,Late Sundar Ram,8789654304.0,45.0,,SC,Chamar,"Vijay Kumar Ram| 45|  Male| SC| Chamar

- Incumbent Sarpanch 
- Sarpanch Runner-Up (2016)
- Influence within Community",,,,"Vijay Kumar Ram| 45|  Male| SC| Chamar

- Incumbent Sarpanch 
- Sarpanch Runner-Up (2016)
- Influence within Community",,,,,,,,No,,,,
Buxar,,Itarhi,Member,Ramchandra Gupta,,Late Jagnath Shah,9801210285.0,61.0,,EBC,Teli,"Ramchandra Gupta| 61| Male| EBC| Teli

-Retd. Government Headmaster from Dhansoi High School
- Social Worker",,,,"Ramchandra Gupta| 61| Male| EBC| Teli

-Retd. Government Headmaster from Dhansoi High School
- Social Worker",,,,,,,,No,,,,
Buxar,,Itarhi,Member,Ashok Kumar Shah,,Shivdhar Shah,9801126000.0,36.0,,EBC,Teli,"Ashok Kumar Shah | Male | 36 | EBC | Teli
- Two time sarpanch sangh adhyaksh (2021,2016)
- Won Sarpanch Election 2021 by 917 Votes
- Runs two Coaching Institute of 300 students
- Teaching by self from 2009 ",,,,"Ashok Kumar Shah | Male | 36 | EBC | Teli
- Two time sarpanch sangh adhyaksh (2021,2016)
- Won Sarpanch Election 2021 by 917 Votes
- Runs two Coaching Institute of 300 students
- Teaching by self from 2009 ",,,,,,,,No,,,,
Buxar,,Itarhi,Member,Nidhu Rai,,Santosh kumar Rai ,9955102941.0,45.0,,General,Rajput,"Nidhu Rai| Female | 45| Gen| Rajput

- Former Mukhiya of Harpur Jalvasi Panchayat (2016-2021)
- Wife of the nephew of MLA Saryu Rai
",,,,"Nidhu Rai| Female | 45| Gen| Rajput

- Former Mukhiya of Harpur Jalvasi Panchayat (2016-2021)
- Wife of the nephew of MLA Saryu Rai
",,,,,,,,No,,,,
Buxar,,Itarhi,Member,Diwakar Rai,,Kanhaiya Rai,7070711763.0,49.0,,General,Rajput,"Diwakar Rai| Male | 49| Gen | Rajput 

- Incumbent mukhiya sangh prakhand adhyaksh (Itarhi)
- Former Defacto mukhiya (Father 2016)
- Make his own candidate mukhiya on SC seat (Krishna Ram) 2011
- Pradesh Mahasacheev HAM (Kishan Prakostha 2011-15)
- Prepared for MLA Candidature from Dinara Vidhansabha (2015)
- Former Defacto BDC 2006 (Mother)
- Former Defacto Mukhiya 2001 (Brother)",,,,"Diwakar Rai| Male | 49| Gen | Rajput 

- Incumbent mukhiya sangh prakhand adhyaksh (Itarhi)
- Former Defacto mukhiya (Father 2016)
- Make his own candidate mukhiya on SC seat (Krishna Ram) 2011
- Pradesh Mahasacheev HAM (Kishan Prakostha 2011-15)
- Prepared for MLA Candidature from Dinara Vidhansabha (2015)
- Former Defacto BDC 2006 (Mother)
- Former Defacto Mukhiya 2001 (Brother)",,,,,,,,No,,,,
Buxar,,Itarhi,Member,Amit Kumar alias Bhim Ram,,Bawansuba Ram,9110127772.0,47.0,,SC,Chamar,"Amit Kumar alias Bhim Ram| Male | 47| SC| Chamar

- Incumbent BDC
- BDC Runner-2016
- Former BP BSP (2019-2021)
- Defacto ward member (2011)
- Two times former Ward Member on general seat (2006,2001)
- Distributes blankets in every winter season (over 200 people)
- Associated with Operation OGAPE ( Does Social works)
- Close friend of Manoj Kumar Bhart (M.P Sasaram)
",,,,"Amit Kumar alias Bhim Ram| Male | 47| SC| Chamar

- Incumbent BDC
- BDC Runner-2016
- Former BP BSP (2019-2021)
- Defacto ward member (2011)
- Two times former Ward Member on general seat (2006,2001)
- Distributes blankets in every winter season (over 200 people)
- Associated with Operation OGAPE ( Does Social works)
- Close friend of Manoj Kumar Bhart (M.P Sasaram)
",,,,,,,,No,,,,
Buxar,,Itarhi,Member,Santosh Kumar,,Brijlal Sharma,9525735588.0,37.0,,EBC ,Lohar,"Santosh Kumar| Male | 37| Lohar| EBC

- Runs Coaching centre (11th- 12th) 200 students
- Jila Pradhan Mahasacheev ( Samta Party Secular ) 2014-16
- Prakhand Sanyojak (AAP) 2013-2014
- DUSU ABVP Secretary (2008)
- Bajrang Dal Prabhari North Campus (Delhi University )
- Protest at uttrakhand uttarkashi ( During lohari nagpala tunnel)",,,,"Santosh Kumar| Male | 37| Lohar| EBC

- Runs Coaching centre (11th- 12th) 200 students
- Jila Pradhan Mahasacheev ( Samta Party Secular ) 2014-16
- Prakhand Sanyojak (AAP) 2013-2014
- DUSU ABVP Secretary (2008)
- Bajrang Dal Prabhari North Campus (Delhi University )
- Protest at uttrakhand uttarkashi ( During lohari nagpala tunnel)",,,,,,,,No,,,,
Buxar,,Itarhi,Member,Keshav Ram ,,Late Rajbalam Ram,9608550682.0,60.0,,SC,Chamar,"Keshav Ram| 60| Male | SC| Chamar

- Former Mukhiya (2016- 21)
- Mukhiya Runnerup (2021)
- Two terms BDC Runnerup (2011, 2006) Lost by small Margine
",Call Connected,,Not Interested,"Keshav Ram| 60| Male | SC| Chamar

- Former Mukhiya (2016- 21)
- Mukhiya Runnerup (2021)
- Two terms BDC Runnerup (2011, 2006) Lost by small Margine
",,,,,,,,No,itadathi pashchim 7,No,abhi Mukhiya ka preparation ka tairi kar rahe  hai ,
Buxar,,Itarhi,Member,Vinod Kumar Chaubey,,Late Radhakishna Chaubey,9973677241.0,52.0,,General ,Brahmin,"Vinod Kumar Chaubey| 52| Male| Gen| Brahmin

- EX PACS President (2019-2024)
- Two Terms Mukhiya Runner up (2011, 2006) Lost by Short Margine
- Road Construction Bussiness
- Rice Mill Owner
- Bighas of Farming
- He was ABVP University Presient (Allahabad University 1991-1992)
- NSUI Youth President (1992-1993)
- Allahabad University General Secretary (1993-1994)
- Delegate Member of Allahabad University (Karyakarini Sadasya 1994-1995) ",,,,"Vinod Kumar Chaubey| 52| Male| Gen| Brahmin

- EX PACS President (2019-2024)
- Two Terms Mukhiya Runner up (2011, 2006) Lost by Short Margine
- Road Construction Bussiness
- Rice Mill Owner
- Bighas of Farming
- He was ABVP University Presient (Allahabad University 1991-1992)
- NSUI Youth President (1992-1993)
- Allahabad University General Secretary (1993-1994)
- Delegate Member of Allahabad University (Karyakarini Sadasya 1994-1995) ",,,,,,,,No,,,,
Buxar,,Itarhi,Member,Brajesh Kumar Pathak,,Late  Saryu Prashad Pathak ,7004666482.0,50.0,,General ,Brahmin,"Brajesh Kumar Pathar| 50| Male| Gen| Brahmin

- Zila Upadhyaksh INC (2010- 2023)
- Zila Mahasacheev INC (2000-2013)
- Gas Agency Owner ",,,,"Brajesh Kumar Pathar| 50| Male| Gen| Brahmin

- Zila Upadhyaksh INC (2010- 2023)
- Zila Mahasacheev INC (2000-2013)
- Gas Agency Owner ",,,,,,,,No,,,,
Buxar,,Itarhi,Member,Ajeet Kumar Ram,,Dashrath Prashad,9576743823.0,50.0,,General,Rajput,"Ajeet Kumar Ram| Male| 50| SC| Dusadh

- ZP Contestent 2021 (Got 3905 Votes)
- ZP Contestent 2016 (Got 2100 Votes)
- Mukhiya Runner Up (2011)
- Social Campaign Manager at Kailash Satyarthi Foundation
- Organised Sisodia vansh rajput dusadh mahasabha in Buxar  (2013-2016)
- Founded shanti seva samiti Foundation in Haryana Faridabad (1996)
- His Uncle Bharat Paswan lost ZP Election just by 22 votes in 2001",,,,"Ajeet Kumar Ram| Male| 50| SC| Dusadh

- ZP Contestent 2021 (Got 3905 Votes)
- ZP Contestent 2016 (Got 2100 Votes)
- Mukhiya Runner Up (2011)
- Social Campaign Manager at Kailash Satyarthi Foundation
- Organised Sisodia vansh rajput dusadh mahasabha in Buxar  (2013-2016)
- Founded shanti seva samiti Foundation in Haryana Faridabad (1996)
- His Uncle Bharat Paswan lost ZP Election just by 22 votes in 2001",,,,,,,,No,,,,
Buxar,,Buxar Nagar Parishad,Member,Vimlesh Kumar Paswan,,Bholanath Paswan,9199783897.0,46.0,,SC,Dusadh,"Vimlesh Kumar Paswan | Male | 46 | SC | Dusadh
- Orthopedic Doctor
- Runs Hospital (Varanasi hospital) in Itarhi Bazar 
- JDU (Dalit Prakoshtha Jila Adhyaksha 2016, 2021)
- PACS Member Winner 2021 (Unopposed)
- His Uncle is EX Mukhiya Kamarpur Panchayat",,,,"Vimlesh Kumar Paswan | Male | 46 | SC | Dusadh
- Orthopedic Doctor
- Runs Hospital (Varanasi hospital) in Itarhi Bazar 
- JDU (Dalit Prakoshtha Jila Adhyaksha 2016, 2021)
- PACS Member Winner 2021 (Unopposed)
- His Uncle is EX Mukhiya Kamarpur Panchayat",,,,,,,,No,,,,
Buxar,,Buxar,Member,Kumar Santosh Gautam B/O Dr Ashutosh Kumar Singh,,Late Virendra Prasad,8092623532.0,47.0,,General,Rajput,"Santosh Gautam| Male | 47 | Gen | Rajput

- Deputy Suprintendent, Maa Shivratri Mutlispecialist Hospital, Buxar
- Brother of Dr Ashutosh Kumar Singh ( BDS, 21 + yr practice, Chairman-Maa shivratri Mutlispecialist Hospital Buxar (avg daily foot fall 35+), BPSC Cadre Grade 1 doctor, General secretary of Bihar Debtal Health Society, Founder chairmen - Indian Redcross society Buxar, Claims to have supported Anand Mishra & Munna Tiwari)",,,,"Santosh Gautam| Male | 47 | Gen | Rajput

- Deputy Suprintendent, Maa Shivratri Mutlispecialist Hospital, Buxar
- Brother of Dr Ashutosh Kumar Singh ( BDS, 21 + yr practice, Chairman-Maa shivratri Mutlispecialist Hospital Buxar (avg daily foot fall 35+), BPSC Cadre Grade 1 doctor, General secretary of Bihar Debtal Health Society, Founder chairmen - Indian Redcross society Buxar, Claims to have supported Anand Mishra & Munna Tiwari)",,,,,,,,No,,,,
Buxar,,Buxar,Member,Dr Akhlak Ansari,,Ajaz Ansari,9708267887.0,35.0,, Minority,Muslim,"Dr Akhlak Ansari | Male |35 | Minority | Muslim

- Renowned opthalmologist doctor in Buxar, socially active 
- regularly organises cultural & social events 
- district level influence over minorities ",,,,"Dr Akhlak Ansari | Male |35 | Minority | Muslim

- Renowned opthalmologist doctor in Buxar, socially active 
- regularly organises cultural & social events 
- district level influence over minorities ",,,,,,,,No,,,,
Buxar,,Buxar,Member,Ramashakar Prasad,,Mukhlal Pasad,9934771968.0,60.0,,SC,Tatva Pan,"Ramashankar Prasad | Male | 60 | SC | Tatva Pan

- 3 times former ward parshad ( 2002,2007,2013)
- supported incumbent ward parshad
- socially active ",,,,"Ramashankar Prasad | Male | 60 | SC | Tatva Pan

- 3 times former ward parshad ( 2002,2007,2013)
- supported incumbent ward parshad
- socially active ",,,,,,,,No,,,,
Buxar,,Buxar,Member,Dilip Kumar,,Shyamlal Prasad,9538982189.0,32.0,,ST,Gond,"Dilip Kumar | Male | 32 | ST | Gond

- Incumbent ward parshad ( won by 48 votes)
- Mantri, Sashakt Sthayi Samiti, Nagar Parishad
- Supported Anand Mishra during Lok Sabha 2024 election",,,,"Dilip Kumar | Male | 32 | ST | Gond

- Incumbent ward parshad ( won by 48 votes)
- Mantri, Sashakt Sthayi Samiti, Nagar Parishad
- Supported Anand Mishra during Lok Sabha 2024 election",,,,,,,,No,,,,
Buxar,,Buxar,Member,Md Manwar Ali,,Liyaqat Ali,9708805215.0,41.0,, Minority,Muslim,"Md Manwar Ali | Male | 41 | Minority | Muslim

- 3 times BDC ( 2006, 2011, 2016)
- BAMS doctor ( Bihar University paasout 2005)
- Running Janta Dawa Ghar Clinic since 2009 ( Avg daily footfall 100)",,,,"Md Manwar Ali | Male | 41 | Minority | Muslim

- 3 times BDC ( 2006, 2011, 2016)
- BAMS doctor ( Bihar University paasout 2005)
- Running Janta Dawa Ghar Clinic since 2009 ( Avg daily footfall 100)",,,,,,,,No,,,,
Buxar,,Buxar,Member,Ramanand Rai,,Late Ram Jogi Rai,8207853455.0,52.0,,General,Bhumihar,"Ramanand Rai | Male | 52 | Gen | Bhumihar

- 2 times sarpanch 2016 & 2021  winning both times with lead of 1000+ votes
- Sachiv, Jila Sarpanch Sangh
- Upadhyaksh, Prakhand Sarpanch Sangh
- Highly active socially & politically
- close friend of Daddan Yadav",,,,"Ramanand Rai | Male | 52 | Gen | Bhumihar

- 2 times sarpanch 2016 & 2021  winning both times with lead of 1000+ votes
- Sachiv, Jila Sarpanch Sangh
- Upadhyaksh, Prakhand Sarpanch Sangh
- Highly active socially & politically
- close friend of Daddan Yadav",,,,,,,,No,,,,
Buxar,,Buxar,Member,Jay Prakash Rai,,Haridwar Rai,9470805108.0,52.0,,General,Bhumihar,"Jay Prakash Rai | Male | 52 | Gen | Bhumihar


- Kisan salahkar since 2010
- Jila Mahasachiv, Kisan Salahkar sangh since 2024
- Prakhand Adhyaksh, Kisan Salahkar sangh since 2010
- Former BJP Panchayat adhyaksh ( 2007-10)
- Former Prakhand Adhyaksh, Bihar People's Party
- Politically active",,,,"Jay Prakash Rai | Male | 52 | Gen | Bhumihar


- Kisan salahkar since 2010
- Jila Mahasachiv, Kisan Salahkar sangh since 2024
- Prakhand Adhyaksh, Kisan Salahkar sangh since 2010
- Former BJP Panchayat adhyaksh ( 2007-10)
- Former Prakhand Adhyaksh, Bihar People's Party
- Politically active",,,,,,,,No,,,,
Buxar,,Buxar,Member,Vijendra Kushwaha,,Late Kedar Singh,9631772834.0,50.0,,OBC ,Kushwaha,"Vijendra Kushwaha | Male | 50 | OBC | Kushwaha

- Incumbent Defacto Mukhiya
- 5 times defacto mukhiya ( 2001, 2006, 2011, 2016, 2021)
- Politically & Socially active",,,,"Vijendra Kushwaha | Male | 50 | OBC | Kushwaha

- Incumbent Defacto Mukhiya
- 5 times defacto mukhiya ( 2001, 2006, 2011, 2016, 2021)
- Politically & Socially active",,,,,,,,No,,,,
Buxar,,Buxar,Member,Sanjay Kumar Singh,,Late Markandey Singh,9430011907.0,56.0,,General,Rajput,"Sanjay Kumar Singh | Male | 56 | Gen | Rajput

- 2 times Sarpanch ( 2006-11, 2016-21)
- Ex Jila Sarpanch Sangh Sachiv (2016-21)",,,,"Sanjay Kumar Singh | Male | 56 | Gen | Rajput

- 2 times Sarpanch ( 2006-11, 2016-21)
- Ex Jila Sarpanch Sangh Sachiv (2016-21)",,,,,,,,No,,,,
Buxar,,Buxar,Member,Ajay Kumar Sinha,,Akhauri Nirmal Kumar Sinha,6204059033.0,42.0,,General,Kayasth,"Ajay Kumar Sinha | Male | 42 | Gen | Kayastha

- Incumbent PACS Adhyaksh
- 4 time PACS (2024, 2019, 2016, 2009)",Call Connected,Not Interested,   ,,,,,,,,,,,,,
Buxar,,Buxar,Member,Sanjay Kumar Singh,,Shri Ram Singh,9123176532.0,38.0,,OBC ,Yadav,"Sanjay Kumar singh | Male | 38 | OBC | Yadav

- Former sarpanch ( 2011-16), won by 375 votes
- Contested sarpanch election in 2021 in different panchayat and secured 775 votes
- Jila adhyaksh , Bharat ki Janwadi Naujawan Sabha(arm of CPM) (2008-11)
- Ex- SFI Member",Not Received ,,,,,,,,,,,,,,,
Buxar,,Buxar,Member,Tulsi Kharwar ,,Balkhandi Kharwar,9661246045.0,54.0,,EBC,Kharwar,"Tulsi Kharwar | Male | 54 | EBC | Kharwar

- Incumbent BDC got 1380 won by 100 (2021)
- BDC Runner-up (2016).
- Kharwar Samaj District Coordinator.",Switch Off,,,,,,,,,,,,,,,
Buxar,,Chausa,Member,Vinod Nat,,Kail Nat,6299133538.0,40.0,,SC ,Nat,"Vinod Nat | Male | 40 |SC | Nat

-Incumbent Mukhiya
-Socially & Politically active at Block level.",Call Connected,Not Interested,,,,,,,,,,,,,,
Buxar,,Chausa,Member,Jagdamba vaidya,,Vikaram Vaidya,6205797179.0,45.0,,SC ,Nat,"  Jagdamba Vaidya| Male | 45 | SC | Nat
                                                                                                                               -Two term BDC 2021 & 2016                                                                                                                                                                                                                                                                                                            -Ex Block Vice President JDU                                                                                                                                                                    -Popular Name in Chausa Block                                                                                                                                                            -Very Active for Jan Suraj",Call Connected,,Not Interested,,,,,,,,,No,,,,
Buxar,,Chausa,Member,Vinod kumar singh,,Shivmurat Singh,8579977111.0,45.0,,OBC ,Yadav,"Vinod Kumar Singh| Male| 45| OBC | Yadav 
                                                                                                                                 -4 Time Defacto Surpunch(2006-2026)                   -Socially And Politically Active                                              - Respectful Name In his Panchayat",Not Received ,,,,,,,,,,,,,,,
Buxar,,Chausa,Member,Umesh kumar Chaubey,,Vishwanath Chaubey,9955896175.0,53.0,,General ,Brahmin," Umesh kumar Chaubey| Male| 53| General | Brahmin
                                                                                                                                 -Pacs President Runner- 2024
-Ex Pacs President  (2009 - 2024)
- PdS Sang Prakhand President.                                                                        -Active for Jansuraj",Call Connected,Not Interested,,,,,,,,,,,,,,
Buxar,,Chausa,Member,Veer Bahadur Singh,,Ram Narayan Singh,8002065742.0,40.0,,OBC ,Yadav,"Veer Bhadur Singh| Male| 40| OBC| Yadav
                                                                                                                                                                                                                                                                             Incumbent Sarpanch 2021
- Sarpanch Sangh Block Vice-President 2021
- Pashu Tikakarini Sangh Chausa President 
-Prominent Advocate",Call Connected,Interested,If Parisiman Happens then only ,,,,,,,,,,,,,
Buxar,,Chausa,Member,Shashikant Dubey,,Nandji Dubey,6202642002.0,25.0,,General,Brahmin,"Shashikant Dubey |Male | 25| General|Brahmin

-Incubment UP Pramukh
-Ex BJP Yuwa Prakosth Vice President
-Socially & Politically active at Block & District Level(During Covid Period)",Call Connected,Interested,,,,,,,,,,,,,,
Buxar,,Chausa,Member,Agni Pandey ,,Tarkeshwar Pandey ,7564075734.0,45.0,,General ,Brahmin,"Agni Pandey| Male| 45| General| Brahmin

-Director of Swami Vivekananda Educational Trust 
-well Respected person in his District ",Call Connected,Not Interested,,,,,,,,,,,,,,
Buxar,,Itarhi ,Member,Sudha Devi,,Suresh Prasad Gupta,9234351306.0,47.0,,EBC,Kanu,"Sudha Devi|Female|47|EBC|Kanu

- Former ZP (2016-2021)
- ZP Contestant in 2021 Election 
- Former District President of JDU Women Wing (2019-2021)
- Former Sarpanch and Sarpanch Sangh District President (2006-2011) ",Call Connected,Interested,,,Ek bar Field Par Milege,,,,,,,,,,,
Buxar,,Buxar,Member,Jaiprakash Ram,,Sri Dharmadeo Ram,6204530144.0,48.0,,SC,Chamar,"Jaiprakash Ram|Male|48|SC|Chamar

- Incumbent De facto Mukhiya.
- 2016 (GEN)& 2021.
- Zila Sachiv - BSP (2012-14)",Call Connected,Interested,,,,,,,,,,,,,,
Buxar,,Itarhi ,Member,Md. Ummat Rasul (Sheikh),,Md. Usman,"9661245933/
9934667654",50.0,,Minority,Muslim,"Md. Ummat Rasul (Sheikh)|Male|50|Minority|Muslim

- BDC from 2011 to 2016. 
- ZP Runner up in 2016 and 2021
- Secretary of his village mosque committee",Call Connected,Interested,,,,,,,,,,,,,,
Buxar,,Simri,Member,Dinesh Sahu,,Satish Sah,8409293381.0,38.0,,EBC,Teli ,"Dinesh Sahu|Male|38|EBC|Teli 

-First time BDC(2021)
-Vaishya Samaj's Prakhand Adjyaksh (2019 -23)
-Ward member from 2016-21.",Not Received ,,,,,,,,,,,,,,,
Buxar,,Nawanagar,Member,Vikas Thakur,,Moti Thakur,6305527809.0,31.0,,EBC,Nai,"Vikas Thakur|Male|31|EBC|Nai

- Defacto Incumbent BDC                                                                    
- Former de-facto BDC 2016
-Contested for BDC and got 1356 votes & won with 336 votes(2021)
-Clear image in the panchayat.",No Incoming ,,,,,,,,,,,,,,,
Buxar,,Brahampur,Member,Prabhakar Pandey,,Shri Jaikrishna Pandey,7309033115.0,61.0,,General,Bhumihar,"Prabhakar Pandey|Male|61|General|Bhumihar

- Retd Army Subedar Major 1980 to 2014 
-  Security Officer in Times of India
-  He was Student Union President for 2 terms (1976-77, 1977-78) from SB Jain College Aara",Call Connected,Not Interested,,,,,,,,,,,,,,
Buxar,,Buxar Nagar Parishad,Member,Dr Danish Khan,,Aftab Khan,8789278839.0,40.0,,Minority,Muslim,"Dr Danish Khan|Male|40|Minority|Muslim

- INC District Spokesperson (2015-2016)
- University President of Maulana Azad National Urdu University (2013-2014)
- District Working Commitee member Samajwadi Party (2009-2014)
- Prof. of Mass Communication 
- Runs a Vishmillah Khan School",,,,"Dr Danish Khan|Male|40|Minority|Muslim

- INC District Spokesperson (2015-2016)
- University President of Maulana Azad National Urdu University (2013-2014)
- District Working Commitee member Samajwadi Party (2009-2014)
- Prof. of Mass Communication 
- Runs a Vishmillah Khan School",,,,,,,,No,,,,
Buxar,,Buxar,Member,Rajesh Yadav,,Late Harinarayan Yadav,9693717846.0,52.0,,OBC ,Yadav,"Rajesh Yadav|Male|52|OBC|Yadav

- Five Times Incumbent Ward Parshad of Buxar Nagar Parishad - 2002 - Present
 - He owns Krinshna Traders & property dealing business.                                                                                                                                       - He is mobiliser of Yadav, EBC & Mallah Community.            ",Call Connected,Interested,,,,,,,,,,,,,,
Buxar,,Itarhi ,Member,Chinta Nand Ram,,Garju Ram,7543972179.0,60.0,,SC,Chamar ,"Chinta Nand Ram|Male|60|SC|Chamar 

- Two times incumbent Sarpanch (2016-2021, 2021-Now) 
- Runs NGO for Ravidas Samaj",Not Received ,,,,,,,,,,,,,,,
Buxar,,Simri,Member,Ruksana Khatun,,MD Javed,6209298277.0,47.0,,Minority,Muslim,"Ruksana Khatun|Female|47|Minority|Muslim

-Two times former Mukhiya(2001,2006)
-Five times Contestant Mukhiya Position(2011, 2016, 2021) Avg vote  1200
- Former RJD Upadhyks of Block - 2006 - 2009",Call Connected,Not Interested,,,,,,,,,,,,,,
Buxar,,Rajpur,Member,Ram Badan Singh,,Shiv Muni Singh,7033932879.0,57.0,,OBC,Yadav,"Ram Badan Singh|Male|57|OBC|Yadav

- Retired from in Indian Army (1978-2001)
- Part of the army team of Asian games
-  Black belt in Judo
- Daughter-in-law is an Incumbent mukhiya",Call Connected,Not Interested,,,,,,,,,,,,,,
Buxar,,Itarhi ,Member,Diwakar Ray aka Tun Tun Ray,,Kanhaiya Rai,7368812700.0,48.0,,General,Rajput,"Diwakar Rai|Male|49| General| Rajput 

- Incumbent mukhiya sangh prakhand adhyaksh (Itarhi)
- Former Defacto mukhiya (Father 2016)
- Make his own candidate mukhiya on SC seat (Krishna Ram) 2011
- Pradesh Mahasacheev HAM (Kishan Prakostha 2011-15)
- Prepared for MLA Candidature from Dinara Vidhansabha (2015)
- Former Defacto BDC 2006 (Mother)
- Former Defacto Mukhiya 2001 (Brother)",Call Connected,Interested,,,If Parisman happen then confirm,,,,,,,,,,,
Buxar,,Nawanagar,Member,Birendra Chaudhary,,Shri Ganesh Chaudhary,8210213615.0,42.0,,General,Bhumihar,"Birendra Chaudhary|Male|42|General|Bhumihar

- Ex mukhiya (2016-2021; 635 votes)
-Mukhiya runner up (2011 & 2021)
-JDU member (2000-til now)
-Farmer and Businessman; Have multiple shops in Sonbarsha",Call Connected,Not Interested,,,,,,,,,,,,,,
Buxar,,Dumraon,Member,Chandan Kumar,,Shiv Nath Mahto,6204643200.0,32.0,,OBC,Koiri,"Chandan Kumar | Male | 32 | OBC | Koiri

-BDC(2016) 
-2021:Secured 610 votes,Lost by 240 votes.
-2016:Secured 584 votes,won by 4 votes.",Call Connected,Not Interested,,,,,,,,,,,,,,
Buxar,,Buxar,Member,Sanjay Kumar Rai (Munna Rai),,Vijay Bahadur Rai,9546383202.0,45.0,,General,Bhumihar,"Sanjay Kumar Rai (Munna Rai) | Male | 45 |Gen | Bhumihar

- Former De facto BDC (2001 & 2006).
- Block Pramukh (2006).",Call Connected,Interested,,,,,,,,,,,,,,
Buxar,,Buxar,Member,Harendra Rai,,Late Ramlakhan Rai,8210451920.0,56.0,,General,Bhumihar,"Harendra Rai|Male|56|General|Bhumihar

- Incumbent De facto BDC (2011, 2016 & 2021).",Call Connected,Interested,,,,,,,,,,,,,,
Buxar,,Buxar Nagar Parishad,Member,Abhishek Kumar Pandey,,Sri Ajay Shankar Pandey,7761836594.0,36.0,,General ,Brahmin,"Abhishek Kumar Pandey | Male | 36 | Gen | Brahmin

- Criminal Lawyer and Practiced in the Supreme Court under Siddhartha Mishra
- Practices Started from 2016
- LLB LLM from Ranchi University ",Call Connected,,,"Abhishek Kumar Pandey | Male | 36 | General | Brahmin | Former INC Advisor

-Former INC Advisor to Coal Minister Prakash Jaiswal (2009 to 2014)
-Lawyer at Supreme Court Of India
-Grandfather Late Pandit Doodhnath Pandey ,MLC , Buxar(Before Independence)",,,,,,Not Intrested,,No,,,,
Buxar,,Dumraon,Member,"Prem Prakash Singh   
",,Late Parushuram prasad,9934616103.0,52.0,,EBC,Prajapati,"Prem Prakash Singh | Male | 52| EBC| Prajapati

- 2 terms Ward parshad 2007-2017 
- His father was Dumraon NP vice chairman 2007 
- Lost ward parshid by 3 votes in 2022
 - Ex BJP ward adhyash 
- He owns a marriage hall & water plant",Not Received ,,,,,,,,,,,,,,,
Buxar,,Rajpur,Member,Sanjay Kumar,,Late  Ram Singhasan Singh,8084043502.0,50.0,,OBC ,Yadav,"Sanjay Kumar| Male | 50| OBC |  Yadav

- INC Ziladhyaksh (Pichhra Prakoshtha 2019-2023)
- PACS Runnerup (2019)
- Mukhiya Runnerup (2001)
- Renowned Bussinessman",Call Connected,Not Interested,,,,,,,,,,,,,,
Buxar,,Dumraon,Member,Shashi Bhushan,,Ajay sah,9525772741.0,32.0,,Kalwar,OBC,"Shashi Bhushan | Male | 32 | OBC | Kalwar

-IIT Delhi Mathematics (M.Sc)
-Runs Coaching Classes For IIT-JAM Aspirants ",Call Connected,Not Interested,,,,,,,,,,,,,,
Buxar,,Brahampur,Member,Budeshwar Ojha,,Late Jagdish Ojha,9006364335.0,55.0,,General ,Brahmin,"        Budheshwar Ojha | Male | 55 | General | Brahmin

- 2006 Mukhiya runnerr-up
-2011 Mukhiya Runner-up
- 2008-2011 LJP(R) Jila Mahasachiv ",Not Received ,,,,,,,,,,,,,,,
Buxar,,Rajpur,Member,Mithilesh Kumar ,,Late  Moti Singh,8521329483.0,56.0,,OBC ,Yadav,"Mithlesh Kumar| 56| Male| OBC| Yadav

- INC Core Committe Member 
- Contested Two Terms Sarpanch  (2021, 2016) 
",Not Received ,,,,,,,,,,,,,,,
Buxar,,Itarhi,Member,Manoj Kumar Ojha,,Jay Kishore Ojha,9113121688.0,56.0,,General ,Brahmin,"Manoj Kumar Ojha| 56| Male| Gen| Brahmin

- Zila Mahasacheev INC (2013-2023)
- Itarhi Prakahand Adhyaksh INC (2012-2013)
- Mukhiya Runnerup (2001, 2006, 2011)
- Father Was Mukhiya ( 1977-1990)
- Grand Father Was Mukhiya ( 1954-1977)",Call Connected,Interested,,,,,,,,,,,,,,
Buxar,,Itarhi,Member,Arvind Kumar Pathak ,,Ramashankar Pathak,9430951610.0,55.0,,General ,Brahmin,"Arvind Kumar Pathak| 55| Male| Gen| Brahmin

- Zila Sangathan Sachiv (INC- 2012-2015)
- Former BLO in INC Jila Adhyaksh Election
- Conducted Zila Adhyaksh Election INC
- Former State Core Committe Memeber INC
- Contested Mukhiya Election (2011 Lost)
- Active in PRI Election ",Call Connected,Interested,,,,,,,,,,,,,,
Buxar,,Buxar,Member,Arun Kumar Singh,,Late Ram Kunwar,9006573156.0,70.0,,OBC ,Kushwaha,"Arun kumar Singh | Male | 74 | OBC | Kushwaha

- Former Mukhiya ( 2001-06)
- CPI supporter
- Close associate of Harshwardhaan Tathagat
- Politically active",Call Connected,Interested,,,,,,,,,,,,,,
Buxar,,Buxar Nagar Parishad,Member,Chitranjan Prasad urf Meena Sah,,Vijaynath Prasad,9279054406.0,58.0,,Kalwar,OBC,"Chitranjan Prasad | Male | 58 | OBC | Kalwar

-Ex Ward Parshad 2017
-Formar INC Town President  2015
-Prominent Face at Block Level",,,,"Chitranjan Prasad | Male | 58 | OBC | Kalwar

-Ex Ward Parshad 2017
-Formar INC Town President  2015
-Prominent Face at Block Level",,,,,,,,No,,,,
Buxar,,Buxar,Member,Md Salim,,Late. Md Mukhtaar Saheb,8873208445.0,38.0,, Minority,Muslim,"Md Salim | Male | 38 | Minority | Muslim

- Former INC Block President Nawanagar
-Strong hold on all community.
-BDC Runner 2021 lost by 180 votes.",Call Connected,Interested,,,,,,,,,,,,,,
Buxar,,Buxar,Member,Anshu Kumar,,Late. Harender Tiwari,9931342879.0,30.0,,General ,Brahmin,"Anshu Kumar | Male | 30 | Gen | Brahmin

- Former Block President Kesath INC 2013 to 2019.
-Prominent Businessman at District level.
-Strong hold on Gen, OBC & SC community.",Call Connected,Not Interested,,,,,,,,,,,,,,
Buxar,,Buxar,Member,Abhishek Tiwari,,Ashok Kumar Tiwari,9431040598.0,36.0,,General ,Brahmin,"Abhishek Tiwari | Male | 36 | Gen | Brahmin

- Former District Secretary Buxar INC 2015 to 2024.
-Prominent Advocate at district level.",Call Connected,Not Interested,,,,,,,,,,,,,,
Bhojpur,Garahani,,Sangathan Zila Upadhyaksh,Randhir Singh,,Rang Bahadur Singh,"9708416510
8340458193",48.0,Male,Rajput,general,"Rang Bahadur Singh | 48 | Male | General | Brahmin

-2021 mukhiya runner up
-Mukhiya winner (By1250 votes)
-Mukhiya sangh Adhyaksh",,,,"Rang Bahadur Singh | 48 | Male | General | Brahmin

-2021 mukhiya runner up
-Mukhiya winner (By1250 votes)
-Mukhiya sangh Adhyaksh",,,,,,,,No,,,,
Kaimur,Bhabhua,,Member,Rohit Ranjan,No,Shri Daya Prashad ,"8084153777 /
8709924566",43.0,,Mehtar,SC,"Rohit Ranjan | Male | 43 | SC | Mehtar
- Owns multiple businesses under the name ""R Brothers.""  
- Operated a rice mill and poultry farm (2010-2015).  
- Running a cigarette factory since 2015 under the ""Ten-On"" brand.  
- Employs over 150 workers.",,,,"Rohit Ranjan | Male | 43 | SC | Mehtar
- Owns multiple businesses under the name ""R Brothers.""  
- Operated a rice mill and poultry farm (2010-2015).  
- Running a cigarette factory since 2015 under the ""Ten-On"" brand.  
- Employs over 150 workers.",,,,,,,,No,,,,
Bhojpur,Tarari,,Member,Baliram Prasad,,Late Gopali Seth,9123221295.0,58.0,,Rajput,General,"Baliram Prasad | Male| 58| OBC| Sonar
- 3 term Mukhiya (2011-till now).
- District Vice-president, Swarna Sangathan (2015-till now).
- Tarari Assembly Co-ordinator, BJP (2021).
- Winning from a Rajput-dominated village.",Not in Use,,,"Baliram Prasad | Male| 58| OBC| Sonar
- 3 term Mukhiya (2011-till now).
- District Vice-president, Swarna Sangathan (2015-till now).
- Tarari Assembly Co-ordinator, BJP (2021).
- Winning from a Rajput-dominated village.",,,,,,,,No,,,,
Bhojpur,Charpokhari,,Member,Sudama Singh,,Late Shri Nath Singh ,9708961611.0,64.0,,Rajput,General,"Sudama Singh | Male| 64| GEN| Rajput
-  Former BJP District Working Committee member (2006-17)
-Former BJP Youth Wing District Secretary (1991-98)
- 2 term Ex-PACS (1998-2005)
- Retired Lecturer (Sukhdev Singh Private College), Saran (1990-2000)",,,,"Sudama Singh | Male| 64| GEN| Rajput
-  Former BJP District Working Committee member (2006-17)
-Former BJP Youth Wing District Secretary (1991-98)
- 2 term Ex-PACS (1998-2005)
- Retired Lecturer (Sukhdev Singh Private College), Saran (1990-2000)",,,,,,,,No,,,,
Bhojpur,Barhara,,Member,Om Prakash Singh,,Late Gorakh Singh,7903238665.0,58.0,,Rajput,General,"Om Prakash Singh | Male| 58| GEN| Rajput
- Vyapar Mandal President, Barhara (2009-till now)
 - PACS President (2009-till now)",Not Received ,,,"Om Prakash Singh | Male| 58| GEN| Rajput
- Vyapar Mandal President, Barhara (2009-till now)
 - PACS President (2009-till now)",,,,,,,,No,,,,
Bhojpur,Piro,,Member,Anil Ram,,Bhoja Ram,8873397415.0,50.0,,Chamar,SC,"Anil Ram | Male| 50| SC| Chamar
- Ex Block Pramukh (2011-2016)
-Block President of Anusuchit Jati/Janjati Sangh (2015- till now)
- Ex- BDC (2011-2016)
- Runnerup BDC  (2016 & 2021)",Call Connected,No,,"Anil Ram | Male| 50| SC| Chamar
- Ex Block Pramukh (2011-2016)
-Block President of Anusuchit Jati/Janjati Sangh (2015- till now)
- Ex- BDC (2011-2016)
- Runnerup BDC  (2016 & 2021)",,,,,,,,No,,,,
Bhojpur,Agiaon,,Member, Nandji Sah,,Shivjanm Sah,9973964464.0,58.0,,Teli,EBC," Nandji Sah | Male| 58| EBC| Teli
-Defacto ZP (2021-till now)
-Defacto ZP Runner up in 2016
-Government Teacher
- He teaches 250 students as a tuition teacher for free of cost in Ara and Agiaon",,,," Nandji Sah | Male| 58| EBC| Teli
-Defacto ZP (2021-till now)
-Defacto ZP Runner up in 2016
-Government Teacher
- He teaches 250 students as a tuition teacher for free of cost in Ara and Agiaon",,,,,,,,No,,,,
Bhojpur,Gadhani,,Member,Md. Afroz Alam,,Md. Karim ,9576842270.0,36.0,,Muslim, Minority,"Md. Afroz Alam | Male | 36| Minority| Muslim
- Incumbent  Nagar ward parshad (2022-till now).
- JDU Block Committee member (2012-2024)",,,,"Md. Afroz Alam | Male | 36| Minority| Muslim
- Incumbent  Nagar ward parshad (2022-till now).
- JDU Block Committee member (2012-2024)",,,,,,,,No,,,,
Bhojpur,Tarari,,Member,Dr. Dayanidhi Singh,,Devendranath Singh,9546943019.0,58.0,,Rajput,General,"Dr. Dayanidhi Singh | Male | 58| GEN| Rajput
- Incumbent 3 term PACS President (2009-till now).
- Former Block Pramukh (2003-06)
-Principal of STSM College, Panwari.",,,,"Dr. Dayanidhi Singh | Male | 58| GEN| Rajput
- Incumbent 3 term PACS President (2009-till now).
- Former Block Pramukh (2003-06)
-Principal of STSM College, Panwari.",,,,,,,,No,,,,
Bhojpur,Koilwar,,Member,Chandreswar Prasad,,Late Chhathu Rawani,9199593148.0,48.0,,Teli,EBC,"Chandreswar Prasad  | Male | 48| EBC| Teli
- 4 term Incumbent BDC (2006-till now)
- Block Up-pramukh Runner-up (2021)",Call Connected,No,No,"Chandreswar Prasad  | Male | 48| EBC| Teli
- 4 term Incumbent BDC (2006-till now)
- Block Up-pramukh Runner-up (2021)",,,,,,,,No,,,,
Bhojpur,Agiaon,,Member,Vijay Kumar Rajak,,Baleswar Rajak,062009 21055,41.0,,Dhobi,SC ,"Vijay Kumar Rajak  | Male | 41| SC| Dhobi
-Incumbent Mukhiya ( 2021 -till now )
 -Ex Sarpanch 2016, won by receiving 1700 votes",,,,"Vijay Kumar Rajak  | Male | 41| SC| Dhobi
-Incumbent Mukhiya ( 2021 -till now )
 -Ex Sarpanch 2016, won by receiving 1700 votes",,,,,,,,No,,,,
Bhojpur,Sahar,,Member,Abhishek Kumar,,Kamakshya Singh ,8651383570.0,32.0,,Rajput,General,"Abhishek Kumar  | Male | 32 | GEN| Rajput
- Mukhiya Sangh Block Secretary (2021- till now)  
-Incumbent defacto Mukhiya (2021- till now)           
- He provides free Ambulance service ",Not in Use,,,"Abhishek Kumar  | Male | 32 | GEN| Rajput
- Mukhiya Sangh Block Secretary (2021- till now)  
-Incumbent defacto Mukhiya (2021- till now)           
- He provides free Ambulance service ",,,,,,,,No,,,,
Bhojpur,Piro,,Member,Vijay Singh,,Rampravesh Singh,8873736430 / 8709738455,55.0,,Yadav,OBC ,"Vijay Singh | Male | 55| OBC| Yadav
- Former Sarpanch Sangh Prakhand Adhakshya (2011-21)
  - Former Sarpanch (2011-2021).
- Former Zila Sarpanch Sangh Prabhari  (2016- 2021) 
- Former BDC (2006-2011) ",,,,"Vijay Singh | Male | 55| OBC| Yadav
- Former Sarpanch Sangh Prakhand Adhakshya (2011-21)
  - Former Sarpanch (2011-2021).
- Former Zila Sarpanch Sangh Prabhari  (2016- 2021) 
- Former BDC (2006-2011) ",,,,,,,,No,,,,
Bhojpur,Koilwar,,Member,Shashi Kumar,,Late Shivshankar Ram,7564063403.0,38.0,,Kahar,EBC,"Shashi Kumar | Male | 38| EBC| Kahar
- Incumbent BDC (2021-till now)
-BJP EBC Cell Prakhand Adhyaksh (2021-2022)",Call Connected,No,,"Shashi Kumar | Male | 38| EBC| Kahar
- Incumbent BDC (2021-till now)
-BJP EBC Cell Prakhand Adhyaksh (2021-2022)",,,,,,,,No,,,,
Bhojpur,Piro,,Member,Ramesh Singh,,Chandrma singh,7858099270.0,58.0,,Rajput,General,"Ramesh Singh  | Male| 58| GEN| Rajput
- Pacs chairmain (1985- Persent)
- Socially well known person.",Not Received ,,,"Ramesh Singh  | Male| 58| GEN| Rajput
- Pacs chairmain (1985- Persent)
- Socially well known person.",,,,,,,,No,,,,
Bhojpur,Barhara,,Member,Jai Shankar Prasad Rai,,Late Sudrshan Rai,6205596964.0,42.0,,Yadav,OBC ,"Jai Shankar Prasad Rai | Male | 42| OBC| Yadav
- 2 term Ex-Mukhiya (2011-2021)
- Mukhiya Runner-up (2021)
-Played a pivotal role in the 2015 general election and helped RJD win Barhara.",Call Connected,Yes,Yes,"Jai Shankar Prasad Rai | Male | 42| OBC| Yadav
- 2 term Ex-Mukhiya (2011-2021)
- Mukhiya Runner-up (2021)
-Played a pivotal role in the 2015 general election and helped RJD win Barhara.",,,,,,,,Barhara_27,,,,
Bhojpur,Sahar,,Member,Deepak Sah,,Ram Krushna Sah,9097552299.0,38.0,,Teli,EBC,"Deepak Sah | Male| 38| EBC| Teli
- JDU Block President (2016-2023).
- Incumbent BDC (2021-till now). 
- BDC runner-up (2016).",,,,"Deepak Sah | Male| 38| EBC| Teli
- JDU Block President (2016-2023).
- Incumbent BDC (2021-till now). 
- BDC runner-up (2016).",,,,,,,,No,,,,
Bhojpur,Piro NP,,Member,Harendra Kumar Singh,,Moti lal Singh,8010345725.0,40.0,,Yadav,OBC ,"Harendra Kumar Singh | Male| 40| OBC| Yadav
- Defacto Chairman Runner-up (2022) 
- JAP Piro Nagar Parishad President (2018-2021)
- Renowned name for giving free education to 150 Students (Government job aspirants)",,,,"Harendra Kumar Singh | Male| 40| OBC| Yadav
- Defacto Chairman Runner-up (2022) 
- JAP Piro Nagar Parishad President (2018-2021)
- Renowned name for giving free education to 150 Students (Government job aspirants)",,,,,,,,No,,,,
Bhojpur,Shahpur,,Member,Ajay Ojha,,Late Brij Kumar Ojha,9661467025.0,58.0,,Brahmin,General ,"Ajay Ojha | Male| 58| GEN| Brahmin
-Patna High Court Lawyer.
- Practicing Basic Court Jagdishpur
-Patna High Court Adv. member and Lawyer Association.",,,,"Ajay Ojha | Male| 58| GEN| Brahmin
-Patna High Court Lawyer.
- Practicing Basic Court Jagdishpur
-Patna High Court Adv. member and Lawyer Association.",,,,,,,,No,,,,
Bhojpur,Charpokhari,,Member,Mustafa Kamal,,Md Ramzaan Ali,9801278716.0,42.0,,Muslim, Minority,"Mustafa Kamal | Male| 58| Minority| Muslim
- Former de fecto  Block parmukh  (2006-2011)
- Former De fecto BDC Nagri (2006-2011)
- RJD Member (1990-20240
- Brother is retd Secretariat Karmik dept  Section head.
- He has good comond on Nagri's Muslim community.",,,,"Mustafa Kamal | Male| 58| Minority| Muslim
- Former de fecto  Block parmukh  (2006-2011)
- Former De fecto BDC Nagri (2006-2011)
- RJD Member (1990-20240
- Brother is retd Secretariat Karmik dept  Section head.
- He has good comond on Nagri's Muslim community.",,,,,,,,No,,,,
Bhojpur,Piro,,Member,Jahuar Ansari,,Late Lal Muhamand Ansari,6201075177.0,45.0,,Muslim, Minority,"Jahuar Ansari | Male| 45| Minority| Muslim
- Former Defacto Mukhiya (2016-2021)
- Awarded as best Mukhiya of Piro in 2018 for cleanliness.
-District Secretary of Ansari Ekta Manch (2022-till now)",Switch Off,,,"Jahuar Ansari | Male| 45| Minority| Muslim
- Former Defacto Mukhiya (2016-2021)
- Awarded as best Mukhiya of Piro in 2018 for cleanliness.
-District Secretary of Ansari Ekta Manch (2022-till now)",,,,,,,,No,,,,
Bhojpur,Udwantnagar,,Member,Kamlesh Kumar Singh,,Late Shiv Shaker Singh,9431681538.0,53.0,,Rajput,General,"Kamlesh Kumar Singh | Male | 53| GEN| Rajput
-2 term BDC (2006 & 2011)
-Mukhiya Runner-Up(2021)
-Business: Cement Wholsale Shop.",,,,"Kamlesh Kumar Singh | Male | 53| GEN| Rajput
-2 term BDC (2006 & 2011)
-Mukhiya Runner-Up(2021)
-Business: Cement Wholsale Shop.",,,,,,,,No,,,,
Bhojpur,Tarari,,Member,Shailendra Kumar Singh,,Ramnath Singh,8228948227.0,45.0,,Rajput,General,"Shailendra Kumar Singh | Male| 45| GEN| Rajput
- Incumbent 3 term PACS President (2009-till now)
- BJP District working committee member (2015-24).",Call Connected,No,,"Shailendra Kumar Singh | Male| 45| GEN| Rajput
- Incumbent 3 term PACS President (2009-till now)
- BJP District working committee member (2015-24).",,,,,,,,No,,,,
Bhojpur,Charpokhari,,Member,Nami Sah,,Biku Sah,8002691376.0,52.0,,Kanu ,EBC,"Nami Sah | Male| 52| EBC| Kanu
- 2 times Former Sarpanch (2011-21)
- Sarpanch Runner-Up (2021) trail by 80 votes
-CPI(ML) Kishan Prakosht Block President (2003-2011)",Call Connected,No,,"Nami Sah | Male| 52| EBC| Kanu
- 2 times Former Sarpanch (2011-21)
- Sarpanch Runner-Up (2021) trail by 80 votes
-CPI(ML) Kishan Prakosht Block President (2003-2011)",,,,,,,,No,,,,
Bhojpur,Tarari,,Member,Shyam Bihari Ram,,Shiv Bachan Ram,8651726742,52.0,,Dushad,SC,"Shyam Bihari Ram | Male| 52| SC| Dushad
- 3 term Incumbent Sarpanch (2011-till now).
- LJP Kisan Prakosht Block Adhyaksh (2016-2019).
- Contested ZP election, 2011 (1836 votes).",,,,"Shyam Bihari Ram | Male| 52| SC| Dushad
- 3 term Incumbent Sarpanch (2011-till now).
- LJP Kisan Prakosht Block Adhyaksh (2016-2019).
- Contested ZP election, 2011 (1836 votes).",,,,,,,,No,,,,
Bhojpur,Charpokhari,,Member,Mahesh Kumar Sah,,Late Lalan Sah,9199823576.0,34.0,,Teli,EBC,"Mahesh Kumar Sah | Male| 34 | EBC| Teli
-Incumbent 2nd term defacto BDC (2016-till now)
-Former Block Up-Pramukh (2016-2021)
- Owns market at Mukundpur Chowk. ",Call Connected,No,No,"Mahesh Kumar Sah | Male| 34 | EBC| Teli
-Incumbent 2nd term defacto BDC (2016-till now)
-Former Block Up-Pramukh (2016-2021)
- Owns market at Mukundpur Chowk. ",,,,,,,,No,,,,
Bhojpur,Sandesh,,Member,Upendra Chaudhary,,Late Keshwar Chaudhary,9155340359.0,46.0,,Mallah,EBC ,"Upendra Chaudhary | Male| 46| EBC| Mallah
-Ex-Zilla Parishad (2011-16)
-Mukhiya Runner-up (2021)
-LJP Prakhad Adhakshya (2002-2010)
-LJP Zila Upa-Adhakshya (2010-2016)",Switch Off,,,"Upendra Chaudhary | Male| 46| EBC| Mallah
-Ex-Zilla Parishad (2011-16)
-Mukhiya Runner-up (2021)
-LJP Prakhad Adhakshya (2002-2010)
-LJP Zila Upa-Adhakshya (2010-2016)",,,,,,,,No,,,,
Bhojpur,Sahar,,Member,Manoj Kumar Sharma,,Late Ramdhar Singh ,9939797152.0,47.0,,Bhumihar,General,"Manoj Kumar Sharma | Male| 47 | GEN| Bhumihar
- Former BJP Mandal Adhyaksh (2015-2019)
- 3 term Incumbent PACS President (2014- till now)
",,,,"Manoj Kumar Sharma | Male| 47 | GEN| Bhumihar
- Former BJP Mandal Adhyaksh (2015-2019)
- 3 term Incumbent PACS President (2014- till now)
",,,,,,,,No,,,,
Bhojpur,Tarari,,Member,Kunwar Bahadur Singh,,Late Suryan Singh,9572166621.0,63.0,,Rajput,General,"Kunwar Bahadur Singh | Male| 63| GEN| Rajput
- Incumbent Sarpanch (2021-till now) 
- Ex-BDC (2011-2016).  
- ZP Runner-Up, 2016  
",,,,"Kunwar Bahadur Singh | Male| 63| GEN| Rajput
- Incumbent Sarpanch (2021-till now) 
- Ex-BDC (2011-2016).  
- ZP Runner-Up, 2016  
",,,,,,,,Tarari_14,,,,
Bhojpur,Sahar,,Member,Kasmudin,,Md Haseen,6204408428.0,36.0,,Muslim, Minority,"Kasmudin | Male| 36| Minority| Muslim
-2 term BDC ( 2016 - till now)
- Good hold in muslim community",Call Connected,No,,"Kasmudin | Male| 36| Minority| Muslim
-2 term BDC ( 2016 - till now)
- Good hold in muslim community",,,,,,,,No,,,,
Bhojpur,Sahar,,Member,Satyendra Ram ,,Shankar Rajak,9576182972.0,46.0,,Dhobi,SC ,"Satyendra Ram  | Male| 46| SC| Dhobi
-De-facto BDC (2021 to till now)
-Runner-up BDC (2016)",,,,"Satyendra Ram  | Male| 46| SC| Dhobi
-De-facto BDC (2021 to till now)
-Runner-up BDC (2016)",,,,,,,,No,,,,
Bhojpur,Sahar,,Member,Dadan Paswan,,Late. Munilal Paswan,8092796577.0,55.0,,Dusadh,SC,"Dadan Paswan  | Male| 55| SC| Paswan
- Ex-sarpanch for two consecutive term (2011 & 2016)
-Runner-up sarpanch (2021)",,,,"Dadan Paswan  | Male| 55| SC| Paswan
- Ex-sarpanch for two consecutive term (2011 & 2016)
-Runner-up sarpanch (2021)",,,,,,,,No,,,,
Bhojpur,Jagdishpur,,Member,Kuldeep Kumar,,Ramvijay Chaudhary,8507171637.0,30.0,, Kurmi , OBC ,"Kuldeep Kumar  | Male| 30| OBC| Kurmi
- Block Program Manager (Jeevika) (2022-till now)
- Handling 250-300 Jeevika Groups",,,,"Kuldeep Kumar  | Male| 30| OBC| Kurmi
- Block Program Manager (Jeevika) (2022-till now)
- Handling 250-300 Jeevika Groups",,,,,,,,No,,,,
Bhojpur,Piro,,Member,Lalbabu Ram,,Munsi Ram      ,9265873099,47.0,,Chamar,SC,"Lalbabu Ram|Male |65  |  SC    |Chamar

- Incumbent BDC (2021)
- 2 term BDC (2016- persent)
- Former Mukhiya contestent (2011)""",,,,"Lalbabu Ram|Male |65  |  SC    |Chamar

- Incumbent BDC (2021)
- 2 term BDC (2016- persent)
- Former Mukhiya contestent (2011)""",,,,,,,,No,,,,
Bhojpur,Koilwar,,Member,Anju Devi,,Shiv Shambhu Pathak,8850040015.0,42.0,,Brahmin,General ,"Anju Devi  | Feale| 42 | GEN | Brahmin
- Incumbent BDC (2021-till now)
- Actively works on women's empowerment and hygiene.
(weekly distribute Sanitary pads in nearby panchayats)
- She is a very vocal lady and does her politics all by herself.",Not Received ,,,"Anju Devi  | Feale| 42 | GEN | Brahmin
- Incumbent BDC (2021-till now)
- Actively works on women's empowerment and hygiene.
(weekly distribute Sanitary pads in nearby panchayats)
- She is a very vocal lady and does her politics all by herself.",,,,,,,,Koilwar_29,,,,
Bhojpur,Gadhani,,Member,Vinod  Singh,,Late Girija Prasad Singh ,9934602862.0,55.0,,Rajput,General,"Vinod  Singh  | Male| 55| GEN | Rajput
- Former defacto Zila Parishad (2016-21)
 - 3 Times Ex-Mukhiya (2001, 2006 & 2011)
",,,,"Vinod  Singh  | Male| 55| GEN | Rajput
- Former defacto Zila Parishad (2016-21)
 - 3 Times Ex-Mukhiya (2001, 2006 & 2011)
",,,,,,,,No,,,,
Bhojpur,Koilwar NP,,Member,Amod Kumar Chandrawanshi,,Late Sudeswar Kumar,8102534755.0,50.0,,Kahar,EBC,"Amod Kumar Chandrawanshi  | Male | 50| EBC| Kahar
-Journalist in Dainik Bhaskar
-Former Ward Parshad Runner Up",,,,"Amod Kumar Chandrawanshi  | Male | 50| EBC| Kahar
-Journalist in Dainik Bhaskar
-Former Ward Parshad Runner Up",,,,,,,,No,,,,
Bhojpur,Koilwar,,Member,Ravi Ranjan Kumar ,,Nityanand Sharma,7564839160.0,37.0,,Badai,EBC,"Ravi Ranjan Kumar Singh  | Male | 45 | EBC| Badai
- Ex BJP Anumandal Adhyaksh
-Incumbent Up- Mukhiya (2021)
",Call Connected,No,,"Ravi Ranjan Kumar Singh  | Male | 45 | EBC| Badai
- Ex BJP Anumandal Adhyaksh
-Incumbent Up- Mukhiya (2021)
",,,,,,,,No,,,,
Bhojpur,Arrah,,Member,Gautam Sagar,,Hitnarayan Prasad,6205542006.0,35.0,,Chamar,SC,"Gautam Sagar  | Male | 35 | SC| Chamar
- Incumbent Mukhiya (2021-till now)
- Runs a District level Dalit Youth Club ",Not Received ,,,"Gautam Sagar  | Male | 35 | SC| Chamar
- Incumbent Mukhiya (2021-till now)
- Runs a District level Dalit Youth Club ",,,,,,,,No,,,,
Bhojpur,Arrah,,Member,Md. Danish,,Md. Ishrafil,8210334792.0,30.0,,Muslim, Minority,"Md. Danish  | Male | 30 | Minority | Muslim
-District President of Ulema Board (2021- till now) 
- Ex JAP Minority Cell District President (2022-2024)
-One of the prominent youth leader of the minority community, Bhojpur.  
-Medical Representative
",Call Connected,No,,"Md. Danish  | Male | 30 | Minority | Muslim
-District President of Ulema Board (2021- till now) 
- Ex JAP Minority Cell District President (2022-2024)
-One of the prominent youth leader of the minority community, Bhojpur.  
-Medical Representative
",,,,,,,,No,,,,
Bhojpur,Charpokhari,,Member,Upendra Kumar Singh,,Balkishore Singh,8102192692.0,47.0,,Yadav,OBC ,"Upendra Kumar Singh | Male| 47| OBC| Yadav
- Former Sarpanch Sangh Adhyaksh (2016-21)
- Former 2 term Sarpanch (2011-21)
- Ex-Defacto Ward member (2001-2006). 
- Block President of Sudha Dairy Shahabad Association.",,,,"Upendra Kumar Singh | Male| 47| OBC| Yadav
- Former Sarpanch Sangh Adhyaksh (2016-21)
- Former 2 term Sarpanch (2011-21)
- Ex-Defacto Ward member (2001-2006). 
- Block President of Sudha Dairy Shahabad Association.",,,,,,,,No,,,,
Bhojpur,Agiaon,,Member,Rinku Singh,,Ram Ayodhya Singh,7488664714.0,52.0,,Rajput,General,"Rinku Singh  | Male| 52| GEN| Rajput
-Incumbent 4th term Defacto Mukhiya (2001,2006, 2016,2021)
- Incumbent 3rd time PACS President (2009- till now)
-Pradesh Adhyaksh of RajputKarni Sena since 2010.",Switch Off,,,"Rinku Singh  | Male| 52| GEN| Rajput
-Incumbent 4th term Defacto Mukhiya (2001,2006, 2016,2021)
- Incumbent 3rd time PACS President (2009- till now)
-Pradesh Adhyaksh of RajputKarni Sena since 2010.",,,,,,,,No,,,,
Bhojpur,Arrah,,Member,Raj Kokil Prasad,,Late Ram Vachan Bind,6201704712.0,45.0,,BIND,EBC ,"Raj Kokil Prasad  | Male| 45| EBC| Bind
- 2 term Incumbent Mukhiya (2016-till now) 
- District Secretary of Bind Community Sangh (2022-till now)
-Owns commercial complex in Agarsanda market.",Switch Off,,,"Raj Kokil Prasad  | Male| 45| EBC| Bind
- 2 term Incumbent Mukhiya (2016-till now) 
- District Secretary of Bind Community Sangh (2022-till now)
-Owns commercial complex in Agarsanda market.",,,,,,,,No,,,,
Bhojpur,Sahar,,Member,Nagendra Rai,,Late Meghnath Rai,9771878738.0,55.0,,Bhumihar,General,"Nagendra Rai  | Male| 55| GEN| Bhumihar
- Former Mukhiya (2016-2021)
- Mukhiya Runner-Up (2021)
- Practicing Criminal lawyer in Ara Civil Court.",,,,"Nagendra Rai  | Male| 55| GEN| Bhumihar
- Former Mukhiya (2016-2021)
- Mukhiya Runner-Up (2021)
- Practicing Criminal lawyer in Ara Civil Court.",,,,,,,,No,,,,
Bhojpur,Charpokhari,,Member,Santosh Pandey,,Vivek Pandey,7979801937.0,45.0,,Brahmin,General ,"Santosh Pandey  | Male| 45| GEN| Brahmin
-Incumbent Mukhiya (2021) 
- Mukhiya runner-up (2016)",Busy,,,"Santosh Pandey  | Male| 45| GEN| Brahmin
-Incumbent Mukhiya (2021) 
- Mukhiya runner-up (2016)",,,,,,,,No,,,,
Bhojpur,Udwantnagar,,Member,Shree Ram Singh,,Late Rajaram Singh,6203815865.0,55.0,,Yadav,OBC ,"Shree Ram Singh   | Male| 55| OBC| Yadav
- 3 times Incumbent Sarpanch ( 2011- till now )
- Ex Rjd Dist Youth President (1995-2000)",Call Connected,No,,"Shree Ram Singh   | Male| 55| OBC| Yadav
- 3 times Incumbent Sarpanch ( 2011- till now )
- Ex Rjd Dist Youth President (1995-2000)",,,,,,,,No,,,,
Bhojpur,Tarari,,Member,Harendra Kumar Rai,,Late Janeshwar Rai,9939473929.0,65.0,,Bhumihar,General,"Harendra Kumar Rai  | Male | 65 | GEN| Bhumihar
- Treasurer at Piro Bar Council (2023-till now) 
- Renowned lawyer (Piro Civil Court). 
- Provides free legal aid to marginalised class.",,,,"Harendra Kumar Rai  | Male | 65 | GEN| Bhumihar
- Treasurer at Piro Bar Council (2023-till now) 
- Renowned lawyer (Piro Civil Court). 
- Provides free legal aid to marginalised class.",,,,,,,,No,,,,
Bhojpur,Koilwar,,Member,Arvind Kumar Gupta,,Surendar Prasad Gupta,8789193354.0,38.0,,Kanu ,EBC,"Arvind Kumar Gupta  | Male | 38| EBC| Kanu
- Incumbent BDC (2021-till now).
- ABVP District Vice-President (2017-2020)
- Owns 2 sweet shops in Dumariyan Bazaar",Call Connected,No,No,"Arvind Kumar Gupta  | Male | 38| EBC| Kanu
- Incumbent BDC (2021-till now).
- ABVP District Vice-President (2017-2020)
- Owns 2 sweet shops in Dumariyan Bazaar",,,,,,,,No,,,,
Bhojpur,Koilwar,,Member,Sawan Yadav,,Surendar Yadav,8271180333.0,30.0,,Yadav,OBC ,"Sawan Yadav  | Male| 30| OBC| Yadav
- Former defacto Block Pramukh (2016-2021)
-His father-in-law (Ramanuj Yadav) is the Incumbent MLA of Sonpur.
-His brother is CBI(Central Bureau of Investigation) officer.",Call Connected,No,,"Sawan Yadav  | Male| 30| OBC| Yadav
- Former defacto Block Pramukh (2016-2021)
-His father-in-law (Ramanuj Yadav) is the Incumbent MLA of Sonpur.
-His brother is CBI(Central Bureau of Investigation) officer.",,,,,,,,No,,,,
Bhojpur,Gadhani,,Member,Vinod Kumar ,,Rameshwar Singh,9771277580.0,42.0,,Yadav,OBC ,"VINOD KUMAR | MALE | 45 | OBC | YADAV
- Incumbent  Sarpanch (2011 & 2021)
- 2016 Runner-Up Sarpanch
- Ex-BDC (2001)",,,,"VINOD KUMAR | MALE | 45 | OBC | YADAV
- Incumbent  Sarpanch (2011 & 2021)
- 2016 Runner-Up Sarpanch
- Ex-BDC (2001)",,,,,,,,No,,,,
Bhojpur,Sahar,,Member,Ramchandra Singh,,Late Navi Singh ,9631164240.0,72.0,,Kushwaha,OBC ,"Ramchandra Singh | Male | 72| OBC | Kushwaha
- 3 term Incumbent PACS President (2009-till now)
- Ex-Director of Ara and Buxar Central Cooperative Bank (2019-2021)
- Ex-Sarpanch (2006-2011)",,,,"Ramchandra Singh | Male | 72| OBC | Kushwaha
- 3 term Incumbent PACS President (2009-till now)
- Ex-Director of Ara and Buxar Central Cooperative Bank (2019-2021)
- Ex-Sarpanch (2006-2011)",,,,,,,,No,,,,
Bhojpur,Gadhani,,Member,Tasleem Arif alias Guddu,,Md. Badruddin,8210710205 / 8102137625,40.0,,Muslim, Minority,"Tasleem Arif alias Guddu | Male | 40| Minority| Muslim
-Incumbent defacto Nagar Panchayat Chairman (2022-till now)
- Former Mukhiya (2016-2021)
-LJP Minority cell Pradesh Mahasachiv (2022-2023)",,,,"Tasleem Arif alias Guddu | Male | 40| Minority| Muslim
-Incumbent defacto Nagar Panchayat Chairman (2022-till now)
- Former Mukhiya (2016-2021)
-LJP Minority cell Pradesh Mahasachiv (2022-2023)",,,,,,,,No,,,,
Bhojpur,Sandesh,,Member,Vikash Vimal,,Gupteshwar Ram,7004372558.0,40.0,,Dhobi,SC ,"Vikash Vimal | Male | 40| SC| Dhobi
- 2 term Ex-Mukhiya (2006-2016)
- Owns a clothing store (Sandesh).",Call Connected,No,,"Vikash Vimal | Male | 40| SC| Dhobi
- 2 term Ex-Mukhiya (2006-2016)
- Owns a clothing store (Sandesh).",,,,,,,,No,,,,
Bhojpur,Sandesh,,Member,Bhola Sharan Singh,,Late Ramayan Sharan Singh,9934637630.0,60.0,,Bhumihar,General," Bhola Sharan Singh | Male| 60| GEN| Bhumihar
- Kisan Sangharsh Samiti Chairman (2007- Present)
- Kisan Congress Pradesh Mahasachiv (2013-19)
- NSUI Student Leader (1986-91) (B.N. College, Patna)
- Son is a reporter in Hindustan News.",,,," Bhola Sharan Singh | Male| 60| GEN| Bhumihar
- Kisan Sangharsh Samiti Chairman (2007- Present)
- Kisan Congress Pradesh Mahasachiv (2013-19)
- NSUI Student Leader (1986-91) (B.N. College, Patna)
- Son is a reporter in Hindustan News.",,,,,,,,No,,,,
Bhojpur,Sahar,,Member,Ashok paswan ,,Mangal Paswan ,9162534175.0,40.0,,Dusadh,SC,"Ashok paswan  | Male| 40| SC| Dushad
- 2 term Incumbent Sarpanch from general seat (2016- till now)
- He has a good hold among the SC and other community.",Call Connected,No,No,"Ashok paswan  | Male| 40| SC| Dushad
- 2 term Incumbent Sarpanch from general seat (2016- till now)
- He has a good hold among the SC and other community.",,,,,,,,No,,,,
Bhojpur,Piro,,Member,Bipin Bihari,,Sharifa Ram,9507841906.0,30.0,,Chamar,SC,"Bipin Bihari| Male| 30| SC|Chamar|
- Incumbent De fecto Mukhiya.
- Ex Mukhiya Runner-up margine 43 votes.
- JDU panchayat secretary 2019-22)""",,,,"Bipin Bihari| Male| 30| SC|Chamar|
- Incumbent De fecto Mukhiya.
- Ex Mukhiya Runner-up margine 43 votes.
- JDU panchayat secretary 2019-22)""",,,,,,,,No,,,,
Bhojpur,Barhara,,Member,Anil Singh,,Late Anant Singh,9934693829.0,51.0,,Rajput,General,"Anil Singh  | Male| 51| GEN | Rajput
- Incumbent Mukhiya of pakdi Panchayat
- Ex Pacs President of Pakdi 2009-14
-Ex BJP Block mahamantri 1997-98
-Mukhiya contestant of 2011 from Pakdi
- Ex JDU District Mahamantri
- Real Estate Broker in Ara ",,,,"Anil Singh  | Male| 51| GEN | Rajput
- Incumbent Mukhiya of pakdi Panchayat
- Ex Pacs President of Pakdi 2009-14
-Ex BJP Block mahamantri 1997-98
-Mukhiya contestant of 2011 from Pakdi
- Ex JDU District Mahamantri
- Real Estate Broker in Ara ",,,,,,,,No,,,,
Bhojpur,Piro,,Member,Ravindara Yadav,,Late Jhalwal Singh,9910009012.0,40.0,,Yadav,OBC ,"Ravindara Yadav  | Male| 40| OBC| Yadav
- Incumbent De fecto Mukhiya.
- Mukhiya sangh sachive piro block.
- BSP zilla parbhari Tarari vidhansabha (2022-2024)
- General Manager at Maruti Suzuki company Gurgaon for 10 years.",,,,"Ravindara Yadav  | Male| 40| OBC| Yadav
- Incumbent De fecto Mukhiya.
- Mukhiya sangh sachive piro block.
- BSP zilla parbhari Tarari vidhansabha (2022-2024)
- General Manager at Maruti Suzuki company Gurgaon for 10 years.",,,,,,,,No,,,,
Bhojpur,Charpokhari,,Member,Mithelesh Kumar Singh ,,Sri Suraj Nath Singh,9430658480.0,55.0,,Yadav,OBC ,"Mithelesh Kumar Singh  | Male| 55| OBC| Yadav
- Incumbent defacto BDC (2021-till now)
- 2 term Former BDC (2011-21) 
 -Defacto Block Pramukh Runner-up, 2021 (lost by 1 vote)
- Mukhiya Runner-up (trail by 95 votes).",,,,"Mithelesh Kumar Singh  | Male| 55| OBC| Yadav
- Incumbent defacto BDC (2021-till now)
- 2 term Former BDC (2011-21) 
 -Defacto Block Pramukh Runner-up, 2021 (lost by 1 vote)
- Mukhiya Runner-up (trail by 95 votes).",,,,,,,,No,,,,
Bhojpur,Behea,,Member,Md. Taslim Ahmed,,Dr. Sher Mahmuud,8235188902.0,35.0,,Muslim, Minority,"Md. Taslim Ahmed | Male | 35 | Minority | Muslim
- 2016 BDC
Good hold on minority votes in Ranisagar Panchayat
Social Worker & Youth Leader
2011 Mukhiya Election Runner-up
2021 BDC Runner-up
",,,,"Md. Taslim Ahmed | Male | 35 | Minority | Muslim
- 2016 BDC
Good hold on minority votes in Ranisagar Panchayat
Social Worker & Youth Leader
2011 Mukhiya Election Runner-up
2021 BDC Runner-up
",,,,,,,,No,,,,
Bhojpur,Barhara ,,Member,Akhilesh Prasad,,Sudama Prasad,8789654660.0,35,,Tatma,EBC,"Akhilesh Prasad  | Male| 35| EBC| Tatma
- Incumbent Mukhiya (2021-Present)
- Former de-facto Mukhiya (2016-2021)
-Warehousing and Distribution business",Call Connected,No,No,"Akhilesh Prasad  | Male| 35| EBC| Tatma
- Incumbent Mukhiya (2021-Present)
- Former de-facto Mukhiya (2016-2021)
-Warehousing and Distribution business",,,,,,,,No,,,,
Bhojpur,Barhara ,,Member,Ravindar Singh,,Bharat  Singh,9572196409.0,60.0,,Rajput,General,"Ravindar Singh  | Male| 60| GEN| Rajput
- Incumbent defacto Block Sarpanch sangh Adhyaksh (2021-till now)
- 2 term Incumbent Sarpanch (2016-till now)
- Ward member (2006-2011) & Panch member (2011-2016)",,,,"Ravindar Singh  | Male| 60| GEN| Rajput
- Incumbent defacto Block Sarpanch sangh Adhyaksh (2021-till now)
- 2 term Incumbent Sarpanch (2016-till now)
- Ward member (2006-2011) & Panch member (2011-2016)",,,,,,,,No,,,,
Bhojpur,Behea,,Member,Nirmal Singh Sakarvar,,Tribhuvan Singh,6299381426.0,60.0,,Rajput,General,"Nirmal Singh Sakarvar  | Male| 60| GEN| Rajput
-Ex-ZP (2011-16) 
- 2 term PACS President (1998-2004)
- Agricultural allied business ",Call Connected,Yes,,"Nirmal Singh Sakarvar  | Male| 60| GEN| Rajput
-Ex-ZP (2011-16) 
- 2 term PACS President (1998-2004)
- Agricultural allied business ",,,,,,,,Barhara_28,,,,
Bhojpur,Barhara,,Member,Sangeeta Kumari,,Indra bhushan kumar,8431038420.0,32.0,,Chamar,SC,"Sangeeta Kumari  | Female | 32| SC| Chamar
-  Former District Committee Member of BSP(2016- 2024)
-Private Teacher",Call Connected,,,"Sangita Kumari | female | 40 | SC | Chamar 
- Former BSP DSC member 
- Private Teacher 
- JSP vidhan Sabha Pabhari
",,,,,,,,No,,,,
Bhojpur,Agiaon,,Member,Md. Amudin,,Md. Israil,6355274249.0,52.0,,Muslim, Minority,"Md. Amudin  | Male| 52| Minority | Muslim
- 2 term Incumbent defacto Sarpanch (2016-to till now)
- RJD District Committee member (2013-15)",Busy,,,"Md. Amudin  | Male| 52| Minority | Muslim
- 2 term Incumbent defacto Sarpanch (2016-to till now)
- RJD District Committee member (2013-15)",,,,,,,,No,,,,
Bhojpur,Tarari,,Member,Shreepati Sah,,Late Babulal Sah,9576432674.0,78.0,,Teli,EBC,"Shreepati Sah  | Male| 78| EBC| Teli
- 2 term Incumbent Sarpanch (2016-till now).
- CPI(ML) Anchal committee member (2004-till now)",,,,"Shreepati Sah  | Male| 78| EBC| Teli
- 2 term Incumbent Sarpanch (2016-till now).
- CPI(ML) Anchal committee member (2004-till now)",,,,,,,,No,,,,
Bhojpur,Jagdishpur,,Member,Nirmal Singh,,late. Hari Krishna  singh,6203207204.0,53.0,,Rajput,General,"Nirmal Singh | Male | 53 | GEN | Rajput
JDU Panchayat Adyaksh (2006–2014)
JDU Prakhand Adhyaksh (2014–2023)",Call Connected,No,,"Nirmal Singh | Male | 53 | GEN | Rajput
JDU Panchayat Adyaksh (2006–2014)
JDU Prakhand Adhyaksh (2014–2023)",,,,,,,,No,,,,
Bhojpur,Behea,,Member,Shiv Kumar Prasad,,Dwarika Singh,9931708223.0,50.0,,Yadav,OBC ,"Shiv Kumar Prasad | Male | 50 | OBC | Yadav
Incumbent Block Mukhiya Sangh Adhyaksh (2021–Present)
Ex-Mukhiya (2006–2011)
",,,,"Shiv Kumar Prasad | Male | 50 | OBC | Yadav
Incumbent Block Mukhiya Sangh Adhyaksh (2021–Present)
Ex-Mukhiya (2006–2011)
",,,,,,,,No,,,,
Bhojpur,Behea,,Member,Suresh Kumar Singh,,Late Ramraj singh,8709326721.0,53.0,,Rajput,General,"Suresh Kumar Singh | Male | 53 | GEN | Rajput
BDC (2011–2016)
Defacto Mukhiya (2016–2021)
",Call Connected,No,,"Suresh Kumar Singh | Male | 53 | GEN | Rajput
BDC (2011–2016)
Defacto Mukhiya (2016–2021)
",,,,,,,,No,,,,
Bhojpur,Koilwar,,Member,Sartaz Alam,,Late Abdul Rahman,9931593632.0,44.0,,Muslim, Minority,"Sartaz Alam | Male | 44| Minority| Muslim
-Incumbent Chairman Nagar Panchayat, Koilwar. - Ex-Deputy Chairman (2017-2022). -3 term Ward Parshad (2007-2017)",,,,"Sartaz Alam | Male | 44| Minority| Muslim
-Incumbent Chairman Nagar Panchayat, Koilwar. - Ex-Deputy Chairman (2017-2022). -3 term Ward Parshad (2007-2017)",,,,,,,,No,,,,
Bhojpur,Charpokhari,,Member,Sonu alam,,Md Khalil Ansari,6353400771.0,37.0,,Muslim, Minority,"Sonu Alam  | Male| 37| Minority| Muslim
- Two term Incumbent BDC (2016 & 2021).",Call Connected,No,,"Sonu Alam  | Male| 37| Minority| Muslim
- Two term Incumbent BDC (2016 & 2021).",,,,,,,,No,,,,
Bhojpur,Barhara,,Member,Anu Devi,,Bablu Prasad,6202140497.0,35.0,,Kayasth,General,"Anu Devi | Female | 35| GEN| Kayastha
-  Former BJP Zila Karya Karini Sadasya ( 2023-24)
- Former BJP Zila Mahamantri ( 2022-23)
- Treasurer of Baba Hazari NGO",Call Connected,No,,"Anu Devi | Female | 35| GEN| Kayastha
-  Former BJP Zila Karya Karini Sadasya ( 2023-24)
- Former BJP Zila Mahamantri ( 2022-23)
- Treasurer of Baba Hazari NGO",,,,,,,,No,,,,
Bhojpur,Agiaon,,Member,Suman Kumar Singh,,Ram Ayodhya Singh,7563088304.0,35.0,,Rajput,General,"Suman Kumar Singh | Male | 35| GEN | Rajput
-Incubent BDC (2016 & 2021)
 -JDU Panchayat adhyaksh in 2018-2019",Out Of Network,,,"Suman Kumar Singh | Male | 35| GEN | Rajput
-Incubent BDC (2016 & 2021)
 -JDU Panchayat adhyaksh in 2018-2019",,,,,,,,No,,,,
Bhojpur,Arrah,,Member,Virendar kumar Kushwah,,Satdev Singh,7322806145.0,37.0,,Kushwaha,OBC ,"Virendar kumar Kushwah | Male | 37| OBC| Kushwaha
-2nd runerup contestent M.P Election From Arraha 2024(votes 23448)
-Defecto Mukhiya 1st runner-up (804)",Switch Off,,,"Virendar kumar Kushwah | Male | 37| OBC| Kushwaha
-2nd runerup contestent M.P Election From Arraha 2024(votes 23448)
-Defecto Mukhiya 1st runner-up (804)",,,,,,,,No,,,,
Bhojpur,Arrah,,Member,Sanjay Singh,,Rameshwar Singh,7004433057.0,45.0,,Rajput,General,"Sanjay Singh | Male | 45| GEN | Rajput
- 2 term Ex-Mukhiya (2006-2016), the seat got reserved for the EBC community in 2016.
- Owns a Brick Klin (Swastik Brick)
-  Former BJP State committee member (2021- 2024).",Call Connected,No,,"Sanjay Singh | Male | 45| GEN | Rajput
- 2 term Ex-Mukhiya (2006-2016), the seat got reserved for the EBC community in 2016.
- Owns a Brick Klin (Swastik Brick)
-  Former BJP State committee member (2021- 2024).",,,,,,,,No,,,,
Bhojpur,Udwantnagar,,Member,Pramod Pandit,,Ramkisun Pandit,7209992796.0,38.0,,Kumhar,EBC ,"Pramod Pandit | Male | 38| EBC| Kumhar
-Incubent Sarpanch (2021- Present); Vote 2000
- District Sachiv of Sarpanch Sangh (2021-Present)
-Active member of PK Youth Club.
-Owner of a large Kirana shop.",,,,"Pramod Pandit | Male | 38| EBC| Kumhar
-Incubent Sarpanch (2021- Present); Vote 2000
- District Sachiv of Sarpanch Sangh (2021-Present)
-Active member of PK Youth Club.
-Owner of a large Kirana shop.",,,,,,,,No,,,,
Bhojpur,Behea,,Member,Mahesh Singh,,Umakant Singh,8789490093.0,50.0,,Rajput,General,"Mahesh Singh | Male | 50 | GEN | Rajput
2-term Ex-Mukhiya (2001–2011)
Defacto Former Mukhiya (2016–2021)
Brick Klin (Suraj Enterprises) and Construction Allied Business (Shakti Enterprises)
- Defacto Former Mukhiya (2016-2021)
- Brick Klin (Suraj Enterprises) and Construction allied business (Shakti Enterprises)",Call Connected,No,No,"Mahesh Singh | Male | 50 | GEN | Rajput
2-term Ex-Mukhiya (2001–2011)
Defacto Former Mukhiya (2016–2021)
Brick Klin (Suraj Enterprises) and Construction Allied Business (Shakti Enterprises)
- Defacto Former Mukhiya (2016-2021)
- Brick Klin (Suraj Enterprises) and Construction allied business (Shakti Enterprises)",,,,,,,,No,,,,
Bhojpur,Jagdishpur,,Member,Ram Vachan Singh,,Bhikari Singh,9504588580,66.0,, Kurmi , OBC ,"Ram Vachan Singh | Male | 66| OBC| Kurmi
- 2 term Incumbent Sarpanch (2016-till now)
- JDU Block Shiksha Prakosht Adhyaksha (2016-20)
- Rtd. High School Teacher
",,,,"Ram Vachan Singh | Male | 66| OBC| Kurmi
- 2 term Incumbent Sarpanch (2016-till now)
- JDU Block Shiksha Prakosht Adhyaksha (2016-20)
- Rtd. High School Teacher
",,,,,,,,No,,,,
Bhojpur,Charpokhari,,Member,Barmeshwar Panday,,Dharmendra Panday,7261021491.0,64.0,,Brahmin,General ,"Barmeshwar Panday| Male |64 | Gen | Brahmin|
- Ex.Mukhiya
- 2 term mukhiya (2011-2021)
-Good Community Influncer ",,,,"Barmeshwar Panday| Male |64 | Gen | Brahmin|
- Ex.Mukhiya
- 2 term mukhiya (2011-2021)
-Good Community Influncer ",,,,,,,,No,,,,
Bhojpur,Charpokhari,,Member,Praveen Kumar,,Late Raj narayan Singh,9430008241.0,45.0,,Yadav,OBC ,"Praveen Kumar | Male | 45 | OBC| Yadav
- Incumbent Mukhiya (2021).
-JDU Prakhand Vice President (2008-2012)
- Kushwaha Samaj Prakhand Adhyaksha (2008-Present).
- Ex Mukhiya runner-up  (2016) 
- Runs Sudha Dairy (2006-2015).
",,,,"Praveen Kumar | Male | 45 | OBC| Yadav
- Incumbent Mukhiya (2021).
-JDU Prakhand Vice President (2008-2012)
- Kushwaha Samaj Prakhand Adhyaksha (2008-Present).
- Ex Mukhiya runner-up  (2016) 
- Runs Sudha Dairy (2006-2015).
",,,,,,,,No,,,,
Bhojpur,Arrah NN,,Member,Dr. Jitendra Kumar,,Late Premchandra Prasad,8709410740,38.0,,Kahar,EBC,"Dr. Jitendra Kumar | Male | 38| EBC| Kahar
 - Incumbent Ward Parshad (2022-till now)
 - RJD EBC Cell Zila Vice-President (2011-2014)
 -  JDU Zila Yuva Adhyaksh (2017-2020)",,,,"Dr. Jitendra Kumar | Male | 38| EBC| Kahar
 - Incumbent Ward Parshad (2022-till now)
 - RJD EBC Cell Zila Vice-President (2011-2014)
 -  JDU Zila Yuva Adhyaksh (2017-2020)",,,,,,,,No,,,,
Bhojpur,Sahar,,Member,Dr Anil Kumar Singh,,Mon sagar Singh,9507883683.0,44.0,,Yadav,OBC ,"Dr Anil Kumar Singh| Male | 44| OBC| Yadav
- By profession he is a doctor and owoning his own clinic in colodihri, he has good commond on the near by areas.",,,,"Dr Anil Kumar Singh| Male | 44| OBC| Yadav
- By profession he is a doctor and owoning his own clinic in colodihri, he has good commond on the near by areas.",,,,,,,,No,,,,
Bhojpur,Gadhani,,Member,Sharda Devi,,Lal Babu Paswan,7488631885.0,42.0,,Dushad,SC,"Sharda Devi | Female | 42| SC| Dushad
- 2 times Sarpanch (2016-till now)
- Community Mobiliser in Jeevika",,,,"Sharda Devi | Female | 42| SC| Dushad
- 2 times Sarpanch (2016-till now)
- Community Mobiliser in Jeevika",,,,,,,,No,,,,
Bhojpur,Gadhani,,Member,Yogendra Ram,,Late Shiv Dayal Ram,7856053158.0,51.0,,Chamar,SC,"Yogendra Ram | Male | 51| SC| Chamar
- 2 times Sarpanch (2016 & 2021)
- Previously associated with CPI ML",,,,"Yogendra Ram | Male | 51| SC| Chamar
- 2 times Sarpanch (2016 & 2021)
- Previously associated with CPI ML",,,,,,,,No,,,,
Bhojpur,Udwantnagar,,Member,Majetar Ram,,Malai Ram,6204170196.0,44.0,,Chamar,SC,"Majetar Ram | Male | 44| SC| Chamar
-Incumbent Mukhiya
-Ex Block Pramukh (2016)",Call Connected,No,,"Majetar Ram | Male | 44| SC| Chamar
-Incumbent Mukhiya
-Ex Block Pramukh (2016)",,,,,,,,No,,,,
Bhojpur,Udwantnagar,,Member,Ripu Raj Gupta,,Ram Kumar Prasad,7739585889.0,40.0,,Kanu ,EBC," Ripu Raj Gupta| Male | 40| EBC| Kanu
- 2 Term Defecto Ex-Mukhiya (2011 & 2016)
- BJP Mandal Upa-Adhakshya ",Call Connected,No,," Ripu Raj Gupta| Male | 40| EBC| Kanu
- 2 Term Defecto Ex-Mukhiya (2011 & 2016)
- BJP Mandal Upa-Adhakshya ",,,,,,,,No,,,,
Bhojpur,Arrah ,,Member,Hemant Yadav,,Yogendra Rai,8873552443.0,29.0,,Yadav,OBC ,"Hemant Yadav | Male | 29| OBC | Yadav
- Incumbent defacto Sarpanch (2021-till now)
- Sarpanch Sangh Block President (2021-till now)
-Director of Oxford Public School (capacity 500 students) and owns a dairy farm.",Not Received ,,,"Hemant Yadav | Male | 29| OBC | Yadav
- Incumbent defacto Sarpanch (2021-till now)
- Sarpanch Sangh Block President (2021-till now)
-Director of Oxford Public School (capacity 500 students) and owns a dairy farm.",,,,,,,,No,,,,
Bhojpur,Behea,,Member,Bijendra Kumar Mishra,,Late Radha Mishra,6201128806.0,55.0,,Brahmin,General ,"Bijendra Kumar Mishra | Male | 55| GEN| Brahmin
- 3 term PACS President (2009-till now)
- Ex-Mukhiya (2011-2016)",Not Received ,,,"Bijendra Kumar Mishra | Male | 55| GEN| Brahmin
- 3 term PACS President (2009-till now)
- Ex-Mukhiya (2011-2016)",,,,,,,,No,,,,
Bhojpur,Jagdishpur,,Member,Munna Sah,,Ramkishun Sah,9939196471.0,43.0,,Kanu ,EBC,"Munna Sah | Male | 43| EBC| Kanu
- Former Mukhiya (2016 -2021)
- His Brother was Ex- BDC (2001-2006)
-Block Secretary of Sampoorn Vyashya Samaj (2023-till now)",,,,"Munna Sah | Male | 43| EBC| Kanu
- Former Mukhiya (2016 -2021)
- His Brother was Ex- BDC (2001-2006)
-Block Secretary of Sampoorn Vyashya Samaj (2023-till now)",,,,,,,,No,,,,
Bhojpur,Behea,,Member,Bijender SIngh Yadav,,Late Ramkripal Singh,8051831828.0,55.0,,Yadav,OBC ,"Bijender Singh Yadav | Male | 55 | OBC | Yadav
Ex-Chairman Nagar Panchayat, Bihiya (2020–2022)
3-term Ward Parshad (2002, 2017, 2022)
2-term Defacto Ward Parshad (2007, 2012)
",,,,"Bijender Singh Yadav | Male | 55 | OBC | Yadav
Ex-Chairman Nagar Panchayat, Bihiya (2020–2022)
3-term Ward Parshad (2002, 2017, 2022)
2-term Defacto Ward Parshad (2007, 2012)
",,,,,,,,No,,,,
Bhojpur,Arrah NN,,Member,Sita Devi,,Janardan Sah,7979850020,38.0,,Teli,EBC,"Sita Devi | Female | 38| EBC | Teli
- 2 term Incumbent Ward Parshad (2017- till now) 
- Women Rights Activist (Anti-Dowry movement)",,,,"Sita Devi | Female | 38| EBC | Teli
- 2 term Incumbent Ward Parshad (2017- till now) 
- Women Rights Activist (Anti-Dowry movement)",,,,,,,,No,,,,
Bhojpur,Behea,,Member,Anita Devi,,Surendra Singh Yadav,9934041304.0,45.0,,Yadav,OBC ,"Anita Devi | Female | 45 | OBC | Yadav
Incumbent Mukhiya (2021–2026)
Ex-Mukhiya (2016–2021)
",,,,"Anita Devi | Female | 45 | OBC | Yadav
Incumbent Mukhiya (2021–2026)
Ex-Mukhiya (2016–2021)
",,,,,,,,No,,,,
Bhojpur,Barhara,,Member,Sunny Kr Singh,,Ramawtar Singh,8083200840.0,39.0,,Rajput,General,"Sunny Kr Singh | Male | 39| GEN| Rajput
-Incumbent Defacto Mukhiya (2021-Till)
- Former Mukhiya 2011-2015 (2016-2021)
- Member of NYK",,,,"Sunny Kr Singh | Male | 39| GEN| Rajput
-Incumbent Defacto Mukhiya (2021-Till)
- Former Mukhiya 2011-2015 (2016-2021)
- Member of NYK",,,,,,,,Barhara_26,,,,
Bhojpur,Udwantnagar,,Member,Shyam Bihari Yadav,,Late Suresh Yadav,8102542954.0,45.0,,Yadav,OBC ,"Shyam Bihari Yadav | Male | 45| OBC | Yadav
-Two Term Incumbent Sarpach (2011- Present)
-Prakhad Sarpanch Sangh Adhyaksh(2016- Present)
-Zila Kosha Adhyaksh Sarpanch Sangh(2021-Present)",,,,"Shyam Bihari Yadav | Male | 45| OBC | Yadav
-Two Term Incumbent Sarpach (2011- Present)
-Prakhad Sarpanch Sangh Adhyaksh(2016- Present)
-Zila Kosha Adhyaksh Sarpanch Sangh(2021-Present)",,,,,,,,No,,,,
Bhojpur,Barhara,,Member,Santosh Kr Tiwari,,Dev Pujan Tiwari,9955544223.0,40.0,,Brahmin,General ,"Santosh Kr Tiwari | Male | 40| GEN| Brahmin
-Ex JDU Distric General Secretary 
- Ex BDC Member (2016-2021)
-Former Ward Member",,,,"Santosh Kr Tiwari | Male | 40| GEN| Brahmin
-Ex JDU Distric General Secretary 
- Ex BDC Member (2016-2021)
-Former Ward Member",,,,,,,,No,,,,
Bhojpur,Behea,,Member,Shanawaz Hussain,,Md. Mahmood Aami,7301475505.0,40.0,,Muslim, Minority,"Shanawaz Hussain | Male | 40 | Minority | Muslim
Ex-BDC (2016–2021)
BDC Runner-up (2021)
RJD Bihiya Block Minority Cell President (2015–2022)
",,,,"Shanawaz Hussain | Male | 40 | Minority | Muslim
Ex-BDC (2016–2021)
BDC Runner-up (2021)
RJD Bihiya Block Minority Cell President (2015–2022)
",,,,,,,,No,,,,
Bhojpur,Sandesh,,Member,Dharmendra Sah,,Late Kaneshwar Sah,8757487020.0,50.0,,Kanu ,EBC,"Dharmendra Sah | Male | 50| EBC | Kanu
-2 Term Mukhiya (2016- Present)
-Panchayat Ward Panch (2011-16)
-large, well-managed running shop in the village.",Busy,,,"Dharmendra Sah | Male | 50| EBC | Kanu
-2 Term Mukhiya (2016- Present)
-Panchayat Ward Panch (2011-16)
-large, well-managed running shop in the village.",,,,,,,,No,,,,
Bhojpur,Piro,,Member,Shri Nath Prasad,,Late Ramadhar Shah,9931970553.0,44.0,,Kanu ,EBC,"Shri Nath Prasad | Male | 44| EBC | Kanu
-Incumbent Defacto Mukhiya (2021-till now)
- Ex- BDC (2001-2006)
-  Runner up Mukhiya (2016)
- K.R. P of Akshar Anchal yojna (Education Department, Bihar (2011-18)",,,,"Shri Nath Prasad | Male | 44| EBC | Kanu
-Incumbent Defacto Mukhiya (2021-till now)
- Ex- BDC (2001-2006)
-  Runner up Mukhiya (2016)
- K.R. P of Akshar Anchal yojna (Education Department, Bihar (2011-18)",,,,,,,,No,,,,
Bhojpur,Shahpur,,Member,Vaijynath Ram,,Nawani ram,9304353297.0,55.0,,Chamar,SC,"Vaijynath Ram | Male | 55| SC| Chamar
-2021 Mukhiya runnerup
-Mukhiya (2016 -2021)
-Sarpanch (2006-2016)
-Ward member(2001-2006)",,,,"Vaijynath Ram | Male | 55| SC| Chamar
-2021 Mukhiya runnerup
-Mukhiya (2016 -2021)
-Sarpanch (2006-2016)
-Ward member(2001-2006)",,,,,,,,No,,,,
Bhojpur,Arrah NN,,Member,Samrat Saxena,,Ram Ayodhya Prasad,6203064264.0,31.0,,Teli,EBC,"Samrat Saxena | Male | 31 | EBC| Teli
- Incumbent Ward Parshad (2022-till now)
 - Interstate trader (food grains)
 - CS Engineer 
- NIT Silchar Alumni, Assam",,,,"Samrat Saxena | Male | 31 | EBC| Teli
- Incumbent Ward Parshad (2022-till now)
 - Interstate trader (food grains)
 - CS Engineer 
- NIT Silchar Alumni, Assam",,,,,,,,No,,,,
Bhojpur,Arrah NN,,Member,Abhishek Singh/Micky Singh,,Late Ashok Kr. Singh,7070702807.0,45.0,,Rajput,General,"Abhishek Singh | Male | 45| GEN| Rajput
- Chairman of GD Goenka School
- Owner of Jamuna Memorial Hospital
- Owns a Medical shop (Ruhi Medicos)",,,,"Abhishek Singh | Male | 45| GEN| Rajput
- Chairman of GD Goenka School
- Owner of Jamuna Memorial Hospital
- Owns a Medical shop (Ruhi Medicos)",,,,,,,,No,,,,
Bhojpur,Behea,,Member,Manish kumar Yadav,,late Virender Yadav,9801899739.0,28.0,,Yadav,OBC ,"Manish Kumar Yadav | Male | 28 | OBC | Yadav
Incumbent Sarpanch (2021–2026)
RJD Youth Block Incharge (2018–2023)
",,,,"Manish Kumar Yadav | Male | 28 | OBC | Yadav
Incumbent Sarpanch (2021–2026)
RJD Youth Block Incharge (2018–2023)
",,,,,,,,No,,,,
Bhojpur,Agiaon,,Member,Nand Kumar Yadav,,Late Brahmeswar Singh,9931312344.0,74.0,,Yadav,OBC ,"Nand Kumar Yadav  | Male | 74| OBC| Yadav
- Block president of RJD, Agiaon block since its formation.
-Involved in politics since early age, particularly active in Janta Dal politics.
-Supported Upendra Paswan for 2024 Bypoll Assembly Election.",,,,"Nand Kumar Yadav  | Male | 74| OBC| Yadav
- Block president of RJD, Agiaon block since its formation.
-Involved in politics since early age, particularly active in Janta Dal politics.
-Supported Upendra Paswan for 2024 Bypoll Assembly Election.",,,,,,,,No,,,,
Bhojpur,Arrah NN,,Member,Ankit Kr. Verma,,Kameshwar Prasad Kushwaha,8825275968.0,31.0,,Kushwaha,OBC ,"Ankit Kr. Verma  | Male | 31| OBC| Kushwaha
-  Incumbent Ward Parshad (2022-till now)
(Defeated Former Deputy Mayor, Pushpa Kushwaha by 198 votes)
-  His father Kameshwar Kushwaha served as JDU Sansthapak Sadasya & JDU Rajya Member and is now serving as Director of  Bihar Rajya Pul Nirman Nagar Limited since 2015 
- His mother served as Ward Parshad  (2002-2007)",,,,"Ankit Kr. Verma  | Male | 31| OBC| Kushwaha
-  Incumbent Ward Parshad (2022-till now)
(Defeated Former Deputy Mayor, Pushpa Kushwaha by 198 votes)
-  His father Kameshwar Kushwaha served as JDU Sansthapak Sadasya & JDU Rajya Member and is now serving as Director of  Bihar Rajya Pul Nirman Nagar Limited since 2015 
- His mother served as Ward Parshad  (2002-2007)",,,,,,,,No,,,,
Bhojpur,Arrah NN,,Member,Prakash Kr. Sahni,,Late Dashrath Prasad,9117012615,35.0,,Mallah,EBC ,"Prakash Kr. Sahni  | Male | 35| EBC| Mallah
-Incumbent Defacto Ward Parshad (2022-till now)
-  BJP Matsya Jivi Prakosht  Zila Adhyaksh (2021-24)
- BJP Matsya Jivi Prakosht Yuva Zila Adhyaksh (2019-21)",,,,"Prakash Kr. Sahni  | Male | 35| EBC| Mallah
-Incumbent Defacto Ward Parshad (2022-till now)
-  BJP Matsya Jivi Prakosht  Zila Adhyaksh (2021-24)
- BJP Matsya Jivi Prakosht Yuva Zila Adhyaksh (2019-21)",,,,,,,,No,,,,
Bhojpur,Charpokhari,,Member,Shivjag Ram,,Late Ramjit Ram,8969317130.0,49.0,,Chamar,SC,"Shivjag Ram  | Male | 49| SC| Chamar
- Incumbent Defacto 2-term Sarpanch (2016-till now) 
- Government School Teacher  (Since 2005)",Busy,,,"Shivjag Ram  | Male | 49| SC| Chamar
- Incumbent Defacto 2-term Sarpanch (2016-till now) 
- Government School Teacher  (Since 2005)",,,,,,,,No,,,,
Bhojpur,Behea,,Member,Devpujan Ram,,Late Ram Naresh Ram,9939464921.0,72.0,,Chamar,SC,"Devpujan Ram | Male | 72| SC| Chamar
-Retired Inspector from Bihar government vigilance department",Call Connected,,Not Interested,"Devpujan Ram | Male | 72| SC| Chamar
-Retired Inspector from Bihar government vigilance department",,,,,,,,No,,,,
Bhojpur,Udwantnagar,,Member,Bhai Birendar Shah,,Late Bhagwan Shah,9470449601.0,35.0,,Kanu ,EBC,"Bhai Birendar Shah | Male | 35| EBC| Kanu
- Incumbent Mukhiya Chote Sasaram 
- Mukhiya Runnerup in 2016",,,,"Bhai Birendar Shah | Male | 35| EBC| Kanu
- Incumbent Mukhiya Chote Sasaram 
- Mukhiya Runnerup in 2016",,,,,,,,No,,,,
Bhojpur,Gadhani,,Member,Mohammad Aslam,,Late Mohammad Islam,9507818802.0,50.0,,Ansari, Minority,"Mohammad Aslam | Male | 50 | Minority|  Muslim (Ansari)
- Defacto Ward parsad 
- Dealer
- 2016 Up Pramukh Defecto
- ALL INDIA FOOTBALL PLAYER
-Cecretry of Garahni football Team
- Member of saskt sthai Samiti
- Deputy Chairman of Bhojpur Football Association
- Ex- bhojpur Football Team Captain
",,,,"Mohammad Aslam | Male | 50 | Minority|  Muslim (Ansari)
- Defacto Ward parsad 
- Dealer
- 2016 Up Pramukh Defecto
- ALL INDIA FOOTBALL PLAYER
-Cecretry of Garahni football Team
- Member of saskt sthai Samiti
- Deputy Chairman of Bhojpur Football Association
- Ex- bhojpur Football Team Captain
",,,,,,,,No,,,,
Bhojpur,Arrah NN,,Member,Arvind Kumar Pandey,,Chandra Kishor Pandey,8102817009,40.0,,Brahmin,General ,"Arvind Kumar Pandey | Male | 40| GEN| Brahmin
- Renowned Criminal Lawyer (Ara Civil Court)
- 5 term Bar Association Joint Secretary (2015-till now)
- Lok Adalat Member (Zila Vidhik Sewa Pradhikar)
- Former Atal Sena Zila Adhyaksh (2014-2019)",,,,"Arvind Kumar Pandey | Male | 40| GEN| Brahmin
- Renowned Criminal Lawyer (Ara Civil Court)
- 5 term Bar Association Joint Secretary (2015-till now)
- Lok Adalat Member (Zila Vidhik Sewa Pradhikar)
- Former Atal Sena Zila Adhyaksh (2014-2019)",,,,,,,,No,,,,
Bhojpur,Koilwar,,Member,Sonu Kumar,,Late Shiv Aasre Ram,8804832352.0,32.0,,Dushad,SC,"Saroj Kumar | Male | 32 | SC | Dushad
-Incumbent Sarpanch of Gidha Panchayat
- Former District VP of LJP Chatra",Call Connected,No,No,"Saroj Kumar | Male | 32 | SC | Dushad
-Incumbent Sarpanch of Gidha Panchayat
- Former District VP of LJP Chatra",,,,,,,,No,,,,
Bhojpur,Arrah NN,,Member,Rahul Chaurasia,,Vijay Kumar,8541967490.0,29.0,,Chaurasia,EBC,"Rahul Chaurasia | Male | 29| EBC | Chaurasia
 - Incumbent Defacto Ward Parshad (2022-till now) 
 - Grandson of Laxman Chaurasia (1st Mayor of Ara Nagar Nigam and also served as Nagar Adhyaksh of RJD) 
 - Owns Chaurasia Rest House",,,,"Rahul Chaurasia | Male | 29| EBC | Chaurasia
 - Incumbent Defacto Ward Parshad (2022-till now) 
 - Grandson of Laxman Chaurasia (1st Mayor of Ara Nagar Nigam and also served as Nagar Adhyaksh of RJD) 
 - Owns Chaurasia Rest House",,,,,,,,No,,,,
Bhojpur,Udwantnagar,,Member,Saroj Kumar,,Shivadhar Paswan,9471685508.0,39.0,,Dusadh,SC,"Saroj Kumar | Male | 39 | SC | Paswan
-Incumbent Sarpanch (2016-Present)
-Brother LJP Zila Up- Adhyaksh (2020- Present)",Busy,,,"Saroj Kumar | Male | 39 | SC | Paswan
-Incumbent Sarpanch (2016-Present)
-Brother LJP Zila Up- Adhyaksh (2020- Present)",,,,,,,,No,,,,
Bhojpur,Piro,,Member,Bhim Kumar Gupta,,Dhanjee Sah ,9525301974.0,33.0,,Teli,EBC,"Bhim Kumar Gupta | Male | 33 | EBC| Teli
- 2 term Incumbent Defacto Mukhiya (2016-till now)
- 2 Pharmacy Shops at Piro 
- RMP Doctor",,,,"Bhim Kumar Gupta | Male | 33 | EBC| Teli
- 2 term Incumbent Defacto Mukhiya (2016-till now)
- 2 Pharmacy Shops at Piro 
- RMP Doctor",,,,,,,,No,,,,
Bhojpur,Jagdishpur,,Member,Nandji Singh,,Late Muneshwar Singh,9341484249.0,62.0,,Yadav,OBC ,"Nandji Singh | Male | 62| OBC| Yadav
- Former CPI(ML) District Secretary (1990 to 1995)
Ex Zila Parishad Vice Chairman(2006 to 2008)
Ex Zila Parishad 2006 to 2011
Ex RJD District Pradhan Mahasachiv(2004 to 2007)
Member of Shanti Shamiti ",Call Connected,Yes,Yes,"Nandji Singh | Male | 62| OBC| Yadav
- Former CPI(ML) District Secretary (1990 to 1995)
Ex Zila Parishad Vice Chairman(2006 to 2008)
Ex Zila Parishad 2006 to 2011
Ex RJD District Pradhan Mahasachiv(2004 to 2007)
Member of Shanti Shamiti ",,,,,,,,Jagdishpur_7,,,,
Bhojpur,Jagdishpur,,Member,Kapil Singh,,Ramchandra Singh,8084523639.0,54.0,,Rajput,General,"Kapil Singh | Male | 54| GEN| Rajput
- 2 term Incumbent Defacto Ward Parshad (2022-till now)
- Joint Secretary of Sahbad Heroes Ara Football Club
- His team won the state-level tournament in Khagaria in 2006 & he was goalkeeper at that time.",,,,"Kapil Singh | Male | 54| GEN| Rajput
- 2 term Incumbent Defacto Ward Parshad (2022-till now)
- Joint Secretary of Sahbad Heroes Ara Football Club
- His team won the state-level tournament in Khagaria in 2006 & he was goalkeeper at that time.",,,,,,,,No,,,,
Bhojpur,Arrah,,Member,Mirtunjay Bhardwaj,,Shri Shiyamdhar Bhardwaj,9234270666.0,51.0,,Rajput,General,"Mirtunjay Bhardwaj | Male | 51| GEN| Rajput
-Bihar Pradesh Maha Sachiv Shiv Sena (2014-18)
-MLA Contestant shiv sena from Brahara constituency (2015).",,,,"Mirtunjay Bhardwaj | Male | 51| GEN| Rajput
-Bihar Pradesh Maha Sachiv Shiv Sena (2014-18)
-MLA Contestant shiv sena from Brahara constituency (2015).",,,,,,,,No,,,,
Bhojpur,Shahpur,,Member,Sheo Kumar Sah ,,Late Ramnath Shah,8757590219.0,51.0,,Teli,EBC,"Sheo Kumar Sah | Male | 51| EBC| Teli
-RJD Vyawsayi Prakosht District President  (2024 - till now)
-RJD EBC Cell District President ( 2021-2023)
-District President of Tailik Sahu Samaj, Bhojpur (2018 - till now)",Call Connected,No,No,"Sheo Kumar Sah | Male | 51| EBC| Teli
-RJD Vyawsayi Prakosht District President  (2024 - till now)
-RJD EBC Cell District President ( 2021-2023)
-District President of Tailik Sahu Samaj, Bhojpur (2018 - till now)",,,,,,,,No,,,,
Bhojpur,Gadhani,,Member,Sunay Kumar Parmar alias Bablu Singh,,Late Anandeshwari Prasad Singh,9007937281.0,48.0,,Rajput,General," Sunay Kumar Parmar | Male | 48| GEN| Rajput
- Former Block Pramukh (2011-16)
-Incumbent Vice-Chairman of Nagar Panchayat (2022-till now).
 -JDU Zila General Secretary (2011-16).  ",,,," Sunay Kumar Parmar | Male | 48| GEN| Rajput
- Former Block Pramukh (2011-16)
-Incumbent Vice-Chairman of Nagar Panchayat (2022-till now).
 -JDU Zila General Secretary (2011-16).  ",,,,,,,,No,,,,
Bhojpur,Udwantnagar,,Member,Munna Paswan,,Late Bhukan Paswan,7050291276.0,46.0,,Dusadh,SC,"Munna Paswan | Male | 46| SC| Dushad
- Incumbent defacto Block Pramukh (2021- till now)
- Ex CPI(ML) district committee member 
- Active in politics since 2005",Not Received ,,,"Munna Paswan | Male | 46| SC| Dushad
- Incumbent defacto Block Pramukh (2021- till now)
- Ex CPI(ML) district committee member 
- Active in politics since 2005",,,,,,,,No,,,,
Bhojpur,Jagdishpur,,Member,Krishna Kumar,,Gopal Sah,8709514862.0,40.0,,Teli,EBC,"Krishna Kumar| Male | 40| EBC | Teli
- 2 term Incumbent defacto BDC (2021-till now)
-Businessman (Refined oil distributor)",Call Connected,Yes,,"Krishna Kumar| Male | 40| EBC | Teli
- 2 term Incumbent defacto BDC (2021-till now)
-Businessman (Refined oil distributor)",,,,,,,,Jagdishpur_7,,,,
Bhojpur,Arrah,,Member,Surendra Singh,,Late Ramayan Singh,8210074963.0,56.0,,Rajput,General,"Surendra Singh | Male | 56 | GEN | Rajput
- 4 term Incumbent BDC (2001-2016), (2021-till now)
- Block Up-Pramukh Runner-Up (2021)
- Belongs to the village of famous Mathematician Vasishth Narayan Singh (Basantpur)",,,,"Surendra Singh | Male | 56 | GEN | Rajput
- 4 term Incumbent BDC (2001-2016), (2021-till now)
- Block Up-Pramukh Runner-Up (2021)
- Belongs to the village of famous Mathematician Vasishth Narayan Singh (Basantpur)",,,,,,,,No,,,,
Bhojpur,Piro,,Member,Suryanath Singh,,Late Narayan Singh,8083106073,51.0,,Kushwaha,OBC ,"Suryanath Singh | Male | 56 | OBC | Kushwaha
- Ex-Sarpanch (2016)
- Former Block President of Koiri MahaSangh",,,,"Suryanath Singh | Male | 56 | OBC | Kushwaha
- Ex-Sarpanch (2016)
- Former Block President of Koiri MahaSangh",,,,,,,,No,,,,
Bhojpur,Sandesh,,Member,Rahul Kr Gupta,,Ram Ashish Gupta,9835617766.0,45.0,,Kanu ,EBC,"Rahul Kr Gupta | Male | 45 | EBC | Kanu
- Ex Defacto Mukhiya 2016-21
- Mukhiya Runner 2021
- Ex News Reporter Dainik Hindustan
- Father Contested MP Election in 2014",,,,"Rahul Kr Gupta | Male | 45 | EBC | Kanu
- Ex Defacto Mukhiya 2016-21
- Mukhiya Runner 2021
- Ex News Reporter Dainik Hindustan
- Father Contested MP Election in 2014",,,,,,,,No,,,,
Bhojpur,Piro,,Member,Jitendra Kr Rai alias  Jitendra Tilath,,Lalan Kr Rai,7091166442.0,49.0,,Bhumihar,General,"Jitendra Kumar Singh | Male | 49 | General | Bhumihar
-Defacto Sarpanch (2016-21)
-Mukhiya Runner 2016
-Defacto Ex BDC",Call Connected,Yes,Yes,"- His father was  Mukhiya Contestant in 2021 and 2011
- His father was  Sarpanch in 2006
- His father runs his own shop 
- Govt. Employee (Block me)",,,,,,,JSP,No,,Yes,Active,
Bhojpur,Shahpur,,Member,Laxman Ojha,,Baliram ojha,9798270008.0,40.0,,Brahmin,General,"laxman Ojha| 40 | Male| Gen| Bramhin
-Incumbent BDC(2021-PRESENT)
-BDC Runner UP (2016-2021)
-Ward Member (2011-2016)
",,,,"laxman Ojha| 40 | Male| Gen| Bramhin
-Incumbent BDC(2021-PRESENT)
-BDC Runner UP (2016-2021)
-Ward Member (2011-2016)
",,,,,,,,No,,,,
Bhojpur,Bihiya,,Member,Situ Kumar Rajak,,Chitranjan Rajak,7070813470.0,25.0,,Dhobi,SC ,"Situ Kr Rajak|Male| 25| EBC| Dhobi
-Incumbent  De-facto Sarpanch (2021)
-Vice President SB College  (2016)



",Call Connected,No,,"Situ Kr Rajak|Male| 25| EBC| Dhobi
-Incumbent  De-facto Sarpanch (2021)
-Vice President SB College  (2016)



",,,,,,,,No,,,,
Bhojpur,Shahpur,,Member,Sreeram Yadav,,Late Baliram Yadav,9709767070.0,58.0,,Yadav,OBC ,"Shree ram Yadav| 58 | Male | OBC | Yadav
-Ex BDC(2016-2021)
-BDC Runner UP (2021)



",,,,"Shree ram Yadav| 58 | Male | OBC | Yadav
-Ex BDC(2016-2021)
-BDC Runner UP (2021)



",,,,,,,,No,,,,
Bhojpur,Arrah NN,,Member,Prayag Yadav,,Late Rameshwar yadav,6299832157.0,50,,Yadav,OBC ,"Prayag Yadav | 50| Male | OBC | Yadav
- Ward Commissioner 2022- till now
His Father was 4 times Ward Commissioner  (1984- 2010)",,,,"Prayag Yadav | 50| Male | OBC | Yadav
- Ward Commissioner 2022- till now
His Father was 4 times Ward Commissioner  (1984- 2010)",,,,,,,,No,,,,
Bhojpur,Udwantnagar,,Member,Vikash Kr Sinha,,Kiran Prasad,7633817300.0,42.0,,Kayasth,General,"Vikash Sinha | Male | 42|  Gen| Kayasth
- Former Block VP of INC
- Incumbent Up- Mukhiya 2021)
- Her wife is also Ward Member
- Did MBA and Btech (Also Run PK Youth Club)",,,,"Vikash Sinha | Male | 42|  Gen| Kayasth
- Former Block VP of INC
- Incumbent Up- Mukhiya 2021)
- Her wife is also Ward Member
- Did MBA and Btech (Also Run PK Youth Club)",,,,,,,,No,,,,
Bhojpur,Barhara,,Member,Sanjay Singh ,,Late Radha Saran Singh,9162200064.0,50.0,,Rajput,General,"Sanjay Singh| Male| 50| Rajput| Gen
-Former Mukhiya (2016-2021)
-3 Time consecutive Up-mukhiya, 
-Owner of JK & Dalmia cement CNF
- Owner of Shopping Mall 
- Planning to Contest for Vidhan Sabha 2025",Busy,,,"Sanjay Singh| Male| 50| Rajput| Gen
-Former Mukhiya (2016-2021)
-3 Time consecutive Up-mukhiya, 
-Owner of JK & Dalmia cement CNF
- Owner of Shopping Mall 
- Planning to Contest for Vidhan Sabha 2025",,,,,,,,No,,,,
Bhojpur,Shahpur,,Member,Juganu Devi,,"Late, Vashisht Prasad Aka Mantu Sunar",9334675563.0,45.0,,Sonar,OBC ,"Juganu Devi | 45| Female | OBC | Sonar
- Incumbent Shahpur NP Chairman (2022)
- 3 Time Incumbent Ward member of Shahpur NP (2012-2022)",,,,"Juganu Devi | 45| Female | OBC | Sonar
- Incumbent Shahpur NP Chairman (2022)
- 3 Time Incumbent Ward member of Shahpur NP (2012-2022)",,,,,,,,No,,,,
,,,,,,,,,,,,,,,,,,,,,,,,,,,,
,,,,,,,,,,,,,,,,,,,,,,,,,,,,
,,,,,,,,,,,,,,,,,,,,,,,,,,,,
,,,,,,,,,,,,,,,,,,,,,,,,,,,,
,,,,,,,,,,,,,,,,,,,,,,,,,,,,
,,,,,,,,,,,,,,,,,,,,,,,,,,,,
,,,,,,,,,,,,,,,,,,,,,,,,,,,,
,,,,,,,,,,,,,,,,,,,,,,,,,,,,
,,,,,,,,,,,,,,,,,,,,,,,,,,,,
,,,,,,,,,,,,,,,,,,,,,,,,,,,,
,,,,,,,,,,,,,,,,,,,,,,,,,,,,
,,,,,,,,,,,,,,,,,,,,,,,,,,,,
,,,,,,,,,,,,,,,,,,,,,,,,,,,,
,,,,,,,,,,,,,,,,,,,,,,,,,,,,
,,,,,,,,,,,,,,,,,,,,,,,,,,,,
,,,,,,,,,,,,,,,,,,,,,,,,,,,,
,,,,,,,,,,,,,,,,,,,,,,,,,,,,
,,,,,,,,,,,,,,,,,,,,,,,,,,,,
,,,,,,,,,,,,,,,,,,,,,,,,,,,,
,,,,,,,,,,,,,,,,,,,,,,,,,,,,
,,,,,,,,,,,,,,,,,,,,,,,,,,,,
,,,,,,,,,,,,,,,,,,,,,,,,,,,,
,,,,,,,,,,,,,,,,,,,,,,,,,,,,
,,,,,,,,,,,,,,,,,,,,,,,,,,,,
,,,,,,,,,,,,,,,,,,,,,,,,,,,,
,,,,,,,,,,,,,,,,,,,,,,,,,,,,
,,,,,,,,,,,,,,,,,,,,,,,,,,,,
,,,,,,,,,,,,,,,,,,,,,,,,,,,,
,,,,,,,,,,,,,,,,,,,,,,,,,,,,
,,,,,,,,,,,,,,,,,,,,,,,,,,,,
,,,,,,,,,,,,,,,,,,,,,,,,,,,,
,,,,,,,,,,,,,,,,,,,,,,,,,,,,
,,,,,,,,,,,,,,,,,,,,,,,,,,,,
,,,,,,,,,,,,,,,,,,,,,,,,,,,,
,,,,,,,,,,,,,,,,,,,,,,,,,,,,
,,,,,,,,,,,,,,,,,,,,,,,,,,,,
,,,,,,,,,,,,,,,,,,,,,,,,,,,,
,,,,,,,,,,,,,,,,,,,,,,,,,,,,
,,,,,,,,,,,,,,,,,,,,,,,,,,,,
,,,,,,,,,,,,,,,,,,,,,,,,,,,,
,,,,,,,,,,,,,,,,,,,,,,,,,,,,
,,,,,,,,,,,,,,,,,,,,,,,,,,,,
,,,,,,,,,,,,,,,,,,,,,,,,,,,,
,,,,,,,,,,,,,,,,,,,,,,,,,,,,
,,,,,,,,,,,,,,,,,,,,,,,,,,,,
,,,,,,,,,,,,,,,,,,,,,,,,,,,,
,,,,,,,,,,,,,,,,,,,,,,,,,,,,
,,,,,,,,,,,,,,,,,,,,,,,,,,,,
,,,,,,,,,,,,,,,,,,,,,,,,,,,,
,,,,,,,,,,,,,,,,,,,,,,,,,,,,
,,,,,,,,,,,,,,,,,,,,,,,,,,,,
,,,,,,,,,,,,,,,,,,,,,,,,,,,,
,,,,,,,,,,,,,,,,,,,,,,,,,,,,
,,,,,,,,,,,,,,,,,,,,,,,,,,,,
,,,,,,,,,,,,,,,,,,,,,,,,,,,,
,,,,,,,,,,,,,,,,,,,,,,,,,,,,
,,,,,,,,,,,,,,,,,,,,,,,,,,,,
,,,,,,,,,,,,,,,,,,,,,,,,,,,,
,,,,,,,,,,,,,,,,,,,,,,,,,,,,
,,,,,,,,,,,,,,,,,,,,,,,,,,,,
,,,,,,,,,,,,,,,,,,,,,,,,,,,,
,,,,,,,,,,,,,,,,,,,,,,,,,,,,
,,,,,,,,,,,,,,,,,,,,,,,,,,,,
,,,,,,,,,,,,,,,,,,,,,,,,,,,,
,,,,,,,,,,,,,,,,,,,,,,,,,,,,
,,,,,,,,,,,,,,,,,,,,,,,,,,,,
,,,,,,,,,,,,,,,,,,,,,,,,,,,,
,,,,,,,,,,,,,,,,,,,,,,,,,,,,
,,,,,,,,,,,,,,,,,,,,,,,,,,,,
,,,,,,,,,,,,,,,,,,,,,,,,,,,,
,,,,,,,,,,,,,,,,,,,,,,,,,,,,
,,,,,,,,,,,,,,,,,,,,,,,,,,,,
,,,,,,,,,,,,,,,,,,,,,,,,,,,,
,,,,,,,,,,,,,,,,,,,,,,,,,,,,
,,,,,,,,,,,,,,,,,,,,,,,,,,,,
,,,,,,,,,,,,,,,,,,,,,,,,,,,,
,,,,,,,,,,,,,,,,,,,,,,,,,,,,
,,,,,,,,,,,,,,,,,,,,,,,,,,,,
,,,,,,,,,,,,,,,,,,,,,,,,,,,,
,,,,,,,,,,,,,,,,,,,,,,,,,,,,
,,,,,,,,,,,,,,,,,,,,,,,,,,,,
,,,,,,,,,,,,,,,,,,,,,,,,,,,,
,,,,,,,,,,,,,,,,,,,,,,,,,,,,
,,,,,,,,,,,,,,,,,,,,,,,,,,,,
,,,,,,,,,,,,,,,,,,,,,,,,,,,,
,,,,,,,,,,,,,,,,,,,,,,,,,,,,
,,,,,,,,,,,,,,,,,,,,,,,,,,,,
,,,,,,,,,,,,,,,,,,,,,,,,,,,,
,,,,,,,,,,,,,,,,,,,,,,,,,,,,
,,,,,,,,,,,,,,,,,,,,,,,,,,,,
,,,,,,,,,,,,,,,,,,,,,,,,,,,,
,,,,,,,,,,,,,,,,,,,,,,,,,,,,
,,,,,,,,,,,,,,,,,,,,,,,,,,,,
,,,,,,,,,,,,,,,,,,,,,,,,,,,,
,,,,,,,,,,,,,,,,,,,,,,,,,,,,
,,,,,,,,,,,,,,,,,,,,,,,,,,,,
,,,,,,,,,,,,,,,,,,,,,,,,,,,,
,,,,,,,,,,,,,,,,,,,,,,,,,,,,
,,,,,,,,,,,,,,,,,,,,,,,,,,,,
,,,,,,,,,,,,,,,,,,,,,,,,,,,,
,,,,,,,,,,,,,,,,,,,,,,,,,,,,
,,,,,,,,,,,,,,,,,,,,,,,,,,,,
,,,,,,,,,,,,,,,,,,,,,,,,,,,,
,,,,,,,,,,,,,,,,,,,,,,,,,,,,
,,,,,,,,,,,,,,,,,,,,,,,,,,,,
,,,,,,,,,,,,,,,,,,,,,,,,,,,,
,,,,,,,,,,,,,,,,,,,,,,,,,,,,
,,,,,,,,,,,,,,,,,,,,,,,,,,,,
,,,,,,,,,,,,,,,,,,,,,,,,,,,,
,,,,,,,,,,,,,,,,,,,,,,,,,,,,
,,,,,,,,,,,,,,,,,,,,,,,,,,,,
,,,,,,,,,,,,,,,,,,,,,,,,,,,,
,,,,,,,,,,,,,,,,,,,,,,,,,,,,
,,,,,,,,,,,,,,,,,,,,,,,,,,,,
,,,,,,,,,,,,,,,,,,,,,,,,,,,,
,,,,,,,,,,,,,,,,,,,,,,,,,,,,
,,,,,,,,,,,,,,,,,,,,,,,,,,,,
,,,,,,,,,,,,,,,,,,,,,,,,,,,,
,,,,,,,,,,,,,,,,,,,,,,,,,,,,
,,,,,,,,,,,,,,,,,,,,,,,,,,,,
,,,,,,,,,,,,,,,,,,,,,,,,,,,,
,,,,,,,,,,,,,,,,,,,,,,,,,,,,
,,,,,,,,,,,,,,,,,,,,,,,,,,,,
,,,,,,,,,,,,,,,,,,,,,,,,,,,,
,,,,,,,,,,,,,,,,,,,,,,,,,,,,
,,,,,,,,,,,,,,,,,,,,,,,,,,,,
,,,,,,,,,,,,,,,,,,,,,,,,,,,,
,,,,,,,,,,,,,,,,,,,,,,,,,,,,
,,,,,,,,,,,,,,,,,,,,,,,,,,,,
,,,,,,,,,,,,,,,,,,,,,,,,,,,,
,,,,,,,,,,,,,,,,,,,,,,,,,,,,
,,,,,,,,,,,,,,,,,,,,,,,,,,,,
,,,,,,,,,,,,,,,,,,,,,,,,,,,,
,,,,,,,,,,,,,,,,,,,,,,,,,,,,
,,,,,,,,,,,,,,,,,,,,,,,,,,,,
,,,,,,,,,,,,,,,,,,,,,,,,,,,,
,,,,,,,,,,,,,,,,,,,,,,,,,,,,
,,,,,,,,,,,,,,,,,,,,,,,,,,,,
,,,,,,,,,,,,,,,,,,,,,,,,,,,,
,,,,,,,,,,,,,,,,,,,,,,,,,,,,
,,,,,,,,,,,,,,,,,,,,,,,,,,,,
,,,,,,,,,,,,,,,,,,,,,,,,,,,,
,,,,,,,,,,,,,,,,,,,,,,,,,,,,
,,,,,,,,,,,,,,,,,,,,,,,,,,,,
,,,,,,,,,,,,,,,,,,,,,,,,,,,,
,,,,,,,,,,,,,,,,,,,,,,,,,,,,
,,,,,,,,,,,,,,,,,,,,,,,,,,,,
,,,,,,,,,,,,,,,,,,,,,,,,,,,,
,,,,,,,,,,,,,,,,,,,,,,,,,,,,
,,,,,,,,,,,,,,,,,,,,,,,,,,,,
,,,,,,,,,,,,,,,,,,,,,,,,,,,,
,,,,,,,,,,,,,,,,,,,,,,,,,,,,
,,,,,,,,,,,,,,,,,,,,,,,,,,,,
,,,,,,,,,,,,,,,,,,,,,,,,,,,,
,,,,,,,,,,,,,,,,,,,,,,,,,,,,
,,,,,,,,,,,,,,,,,,,,,,,,,,,,
,,,,,,,,,,,,,,,,,,,,,,,,,,,,
,,,,,,,,,,,,,,,,,,,,,,,,,,,,
,,,,,,,,,,,,,,,,,,,,,,,,,,,,
,,,,,,,,,,,,,,,,,,,,,,,,,,,,
,,,,,,,,,,,,,,,,,,,,,,,,,,,,
,,,,,,,,,,,,,,,,,,,,,,,,,,,,
,,,,,,,,,,,,,,,,,,,,,,,,,,,,
,,,,,,,,,,,,,,,,,,,,,,,,,,,,
,,,,,,,,,,,,,,,,,,,,,,,,,,,,
,,,,,,,,,,,,,,,,,,,,,,,,,,,,
,,,,,,,,,,,,,,,,,,,,,,,,,,,,
,,,,,,,,,,,,,,,,,,,,,,,,,,,,
,,,,,,,,,,,,,,,,,,,,,,,,,,,,
,,,,,,,,,,,,,,,,,,,,,,,,,,,,
,,,,,,,,,,,,,,,,,,,,,,,,,,,,
,,,,,,,,,,,,,,,,,,,,,,,,,,,,
,,,,,,,,,,,,,,,,,,,,,,,,,,,,
,,,,,,,,,,,,,,,,,,,,,,,,,,,,
,,,,,,,,,,,,,,,,,,,,,,,,,,,,
,,,,,,,,,,,,,,,,,,,,,,,,,,,,
,,,,,,,,,,,,,,,,,,,,,,,,,,,,
,,,,,,,,,,,,,,,,,,,,,,,,,,,,
,,,,,,,,,,,,,,,,,,,,,,,,,,,,
,,,,,,,,,,,,,,,,,,,,,,,,,,,,
,,,,,,,,,,,,,,,,,,,,,,,,,,,,
,,,,,,,,,,,,,,,,,,,,,,,,,,,,
,,,,,,,,,,,,,,,,,,,,,,,,,,,,
,,,,,,,,,,,,,,,,,,,,,,,,,,,,
,,,,,,,,,,,,,,,,,,,,,,,,,,,,
,,,,,,,,,,,,,,,,,,,,,,,,,,,,
,,,,,,,,,,,,,,,,,,,,,,,,,,,,
,,,,,,,,,,,,,,,,,,,,,,,,,,,,
,,,,,,,,,,,,,,,,,,,,,,,,,,,,
,,,,,,,,,,,,,,,,,,,,,,,,,,,,
,,,,,,,,,,,,,,,,,,,,,,,,,,,,
,,,,,,,,,,,,,,,,,,,,,,,,,,,,
,,,,,,,,,,,,,,,,,,,,,,,,,,,,
,,,,,,,,,,,,,,,,,,,,,,,,,,,,
,,,,,,,,,,,,,,,,,,,,,,,,,,,,
,,,,,,,,,,,,,,,,,,,,,,,,,,,,
,,,,,,,,,,,,,,,,,,,,,,,,,,,,
,,,,,,,,,,,,,,,,,,,,,,,,,,,,
,,,,,,,,,,,,,,,,,,,,,,,,,,,,
,,,,,,,,,,,,,,,,,,,,,,,,,,,,
,,,,,,,,,,,,,,,,,,,,,,,,,,,,
,,,,,,,,,,,,,,,,,,,,,,,,,,,,
,,,,,,,,,,,,,,,,,,,,,,,,,,,,
,,,,,,,,,,,,,,,,,,,,,,,,,,,,
,,,,,,,,,,,,,,,,,,,,,,,,,,,,
,,,,,,,,,,,,,,,,,,,,,,,,,,,,
,,,,,,,,,,,,,,,,,,,,,,,,,,,,
,,,,,,,,,,,,,,,,,,,,,,,,,,,,
,,,,,,,,,,,,,,,,,,,,,,,,,,,,
,,,,,,,,,,,,,,,,,,,,,,,,,,,,
,,,,,,,,,,,,,,,,,,,,,,,,,,,,
,,,,,,,,,,,,,,,,,,,,,,,,,,,,
,,,,,,,,,,,,,,,,,,,,,,,,,,,,
,,,,,,,,,,,,,,,,,,,,,,,,,,,,
,,,,,,,,,,,,,,,,,,,,,,,,,,,,
,,,,,,,,,,,,,,,,,,,,,,,,,,,,
,,,,,,,,,,,,,,,,,,,,,,,,,,,,
,,,,,,,,,,,,,,,,,,,,,,,,,,,,
,,,,,,,,,,,,,,,,,,,,,,,,,,,,
,,,,,,,,,,,,,,,,,,,,,,,,,,,,
,,,,,,,,,,,,,,,,,,,,,,,,,,,,
,,,,,,,,,,,,,,,,,,,,,,,,,,,,
,,,,,,,,,,,,,,,,,,,,,,,,,,,,
,,,,,,,,,,,,,,,,,,,,,,,,,,,,
,,,,,,,,,,,,,,,,,,,,,,,,,,,,
,,,,,,,,,,,,,,,,,,,,,,,,,,,,
,,,,,,,,,,,,,,,,,,,,,,,,,,,,
,,,,,,,,,,,,,,,,,,,,,,,,,,,,
,,,,,,,,,,,,,,,,,,,,,,,,,,,,
,,,,,,,,,,,,,,,,,,,,,,,,,,,,
,,,,,,,,,,,,,,,,,,,,,,,,,,,,
,,,,,,,,,,,,,,,,,,,,,,,,,,,,
,,,,,,,,,,,,,,,,,,,,,,,,,,,,
,,,,,,,,,,,,,,,,,,,,,,,,,,,,
,,,,,,,,,,,,,,,,,,,,,,,,,,,,
,,,,,,,,,,,,,,,,,,,,,,,,,,,,
,,,,,,,,,,,,,,,,,,,,,,,,,,,,
,,,,,,,,,,,,,,,,,,,,,,,,,,,,
,,,,,,,,,,,,,,,,,,,,,,,,,,,,
,,,,,,,,,,,,,,,,,,,,,,,,,,,,
,,,,,,,,,,,,,,,,,,,,,,,,,,,,
,,,,,,,,,,,,,,,,,,,,,,,,,,,,
,,,,,,,,,,,,,,,,,,,,,,,,,,,,
,,,,,,,,,,,,,,,,,,,,,,,,,,,,
,,,,,,,,,,,,,,,,,,,,,,,,,,,,
,,,,,,,,,,,,,,,,,,,,,,,,,,,,
,,,,,,,,,,,,,,,,,,,,,,,,,,,,
,,,,,,,,,,,,,,,,,,,,,,,,,,,,
,,,,,,,,,,,,,,,,,,,,,,,,,,,,
,,,,,,,,,,,,,,,,,,,,,,,,,,,,
,,,,,,,,,,,,,,,,,,,,,,,,,,,,
,,,,,,,,,,,,,,,,,,,,,,,,,,,,
,,,,,,,,,,,,,,,,,,,,,,,,,,,,
,,,,,,,,,,,,,,,,,,,,,,,,,,,,
,,,,,,,,,,,,,,,,,,,,,,,,,,,,
,,,,,,,,,,,,,,,,,,,,,,,,,,,,
,,,,,,,,,,,,,,,,,,,,,,,,,,,,
,,,,,,,,,,,,,,,,,,,,,,,,,,,,
,,,,,,,,,,,,,,,,,,,,,,,,,,,,
,,,,,,,,,,,,,,,,,,,,,,,,,,,,
,,,,,,,,,,,,,,,,,,,,,,,,,,,,
,,,,,,,,,,,,,,,,,,,,,,,,,,,,
,,,,,,,,,,,,,,,,,,,,,,,,,,,,
,,,,,,,,,,,,,,,,,,,,,,,,,,,,
,,,,,,,,,,,,,,,,,,,,,,,,,,,,
,,,,,,,,,,,,,,,,,,,,,,,,,,,,
,,,,,,,,,,,,,,,,,,,,,,,,,,,,
,,,,,,,,,,,,,,,,,,,,,,,,,,,,
,,,,,,,,,,,,,,,,,,,,,,,,,,,,
,,,,,,,,,,,,,,,,,,,,,,,,,,,,
,,,,,,,,,,,,,,,,,,,,,,,,,,,,
,,,,,,,,,,,,,,,,,,,,,,,,,,,,
,,,,,,,,,,,,,,,,,,,,,,,,,,,,
,,,,,,,,,,,,,,,,,,,,,,,,,,,,
,,,,,,,,,,,,,,,,,,,,,,,,,,,,
,,,,,,,,,,,,,,,,,,,,,,,,,,,,
,,,,,,,,,,,,,,,,,,,,,,,,,,,,
,,,,,,,,,,,,,,,,,,,,,,,,,,,,
,,,,,,,,,,,,,,,,,,,,,,,,,,,,
,,,,,,,,,,,,,,,,,,,,,,,,,,,,
,,,,,,,,,,,,,,,,,,,,,,,,,,,,
,,,,,,,,,,,,,,,,,,,,,,,,,,,,
,,,,,,,,,,,,,,,,,,,,,,,,,,,,
,,,,,,,,,,,,,,,,,,,,,,,,,,,,
,,,,,,,,,,,,,,,,,,,,,,,,,,,,
,,,,,,,,,,,,,,,,,,,,,,,,,,,,
,,,,,,,,,,,,,,,,,,,,,,,,,,,,
,,,,,,,,,,,,,,,,,,,,,,,,,,,,
,,,,,,,,,,,,,,,,,,,,,,,,,,,,
,,,,,,,,,,,,,,,,,,,,,,,,,,,,
,,,,,,,,,,,,,,,,,,,,,,,,,,,,
,,,,,,,,,,,,,,,,,,,,,,,,,,,,
,,,,,,,,,,,,,,,,,,,,,,,,,,,,
,,,,,,,,,,,,,,,,,,,,,,,,,,,,
,,,,,,,,,,,,,,,,,,,,,,,,,,,,
,,,,,,,,,,,,,,,,,,,,,,,,,,,,
,,,,,,,,,,,,,,,,,,,,,,,,,,,,
,,,,,,,,,,,,,,,,,,,,,,,,,,,,
,,,,,,,,,,,,,,,,,,,,,,,,,,,,
,,,,,,,,,,,,,,,,,,,,,,,,,,,,
,,,,,,,,,,,,,,,,,,,,,,,,,,,,
,,,,,,,,,,,,,,,,,,,,,,,,,,,,
,,,,,,,,,,,,,,,,,,,,,,,,,,,,
,,,,,,,,,,,,,,,,,,,,,,,,,,,,
,,,,,,,,,,,,,,,,,,,,,,,,,,,,
,,,,,,,,,,,,,,,,,,,,,,,,,,,,
,,,,,,,,,,,,,,,,,,,,,,,,,,,,
,,,,,,,,,,,,,,,,,,,,,,,,,,,,
,,,,,,,,,,,,,,,,,,,,,,,,,,,,
,,,,,,,,,,,,,,,,,,,,,,,,,,,,
,,,,,,,,,,,,,,,,,,,,,,,,,,,,
,,,,,,,,,,,,,,,,,,,,,,,,,,,,
,,,,,,,,,,,,,,,,,,,,,,,,,,,,
,,,,,,,,,,,,,,,,,,,,,,,,,,,,
,,,,,,,,,,,,,,,,,,,,,,,,,,,,
,,,,,,,,,,,,,,,,,,,,,,,,,,,,
,,,,,,,,,,,,,,,,,,,,,,,,,,,,
,,,,,,,,,,,,,,,,,,,,,,,,,,,,
,,,,,,,,,,,,,,,,,,,,,,,,,,,,
,,,,,,,,,,,,,,,,,,,,,,,,,,,,
,,,,,,,,,,,,,,,,,,,,,,,,,,,,
,,,,,,,,,,,,,,,,,,,,,,,,,,,,
,,,,,,,,,,,,,,,,,,,,,,,,,,,,
,,,,,,,,,,,,,,,,,,,,,,,,,,,,
,,,,,,,,,,,,,,,,,,,,,,,,,,,,
,,,,,,,,,,,,,,,,,,,,,,,,,,,,
,,,,,,,,,,,,,,,,,,,,,,,,,,,,
,,,,,,,,,,,,,,,,,,,,,,,,,,,,
,,,,,,,,,,,,,,,,,,,,,,,,,,,,
,,,,,,,,,,,,,,,,,,,,,,,,,,,,
,,,,,,,,,,,,,,,,,,,,,,,,,,,,
,,,,,,,,,,,,,,,,,,,,,,,,,,,,
,,,,,,,,,,,,,,,,,,,,,,,,,,,,
,,,,,,,,,,,,,,,,,,,,,,,,,,,,
,,,,,,,,,,,,,,,,,,,,,,,,,,,,
,,,,,,,,,,,,,,,,,,,,,,,,,,,,
,,,,,,,,,,,,,,,,,,,,,,,,,,,,
,,,,,,,,,,,,,,,,,,,,,,,,,,,,
,,,,,,,,,,,,,,,,,,,,,,,,,,,,
,,,,,,,,,,,,,,,,,,,,,,,,,,,,
,,,,,,,,,,,,,,,,,,,,,,,,,,,,
,,,,,,,,,,,,,,,,,,,,,,,,,,,,
,,,,,,,,,,,,,,,,,,,,,,,,,,,,
,,,,,,,,,,,,,,,,,,,,,,,,,,,,
,,,,,,,,,,,,,,,,,,,,,,,,,,,,
,,,,,,,,,,,,,,,,,,,,,,,,,,,,
,,,,,,,,,,,,,,,,,,,,,,,,,,,,
,,,,,,,,,,,,,,,,,,,,,,,,,,,,
,,,,,,,,,,,,,,,,,,,,,,,,,,,,
,,,,,,,,,,,,,,,,,,,,,,,,,,,,
,,,,,,,,,,,,,,,,,,,,,,,,,,,,
,,,,,,,,,,,,,,,,,,,,,,,,,,,,
,,,,,,,,,,,,,,,,,,,,,,,,,,,,
,,,,,,,,,,,,,,,,,,,,,,,,,,,,
,,,,,,,,,,,,,,,,,,,,,,,,,,,,
,,,,,,,,,,,,,,,,,,,,,,,,,,,,
,,,,,,,,,,,,,,,,,,,,,,,,,,,,
,,,,,,,,,,,,,,,,,,,,,,,,,,,,
,,,,,,,,,,,,,,,,,,,,,,,,,,,,
,,,,,,,,,,,,,,,,,,,,,,,,,,,,
,,,,,,,,,,,,,,,,,,,,,,,,,,,,
,,,,,,,,,,,,,,,,,,,,,,,,,,,,
,,,,,,,,,,,,,,,,,,,,,,,,,,,,
,,,,,,,,,,,,,,,,,,,,,,,,,,,,
,,,,,,,,,,,,,,,,,,,,,,,,,,,,
,,,,,,,,,,,,,,,,,,,,,,,,,,,,
,,,,,,,,,,,,,,,,,,,,,,,,,,,,
,,,,,,,,,,,,,,,,,,,,,,,,,,,,
,,,,,,,,,,,,,,,,,,,,,,,,,,,,
,,,,,,,,,,,,,,,,,,,,,,,,,,,,
,,,,,,,,,,,,,,,,,,,,,,,,,,,,
,,,,,,,,,,,,,,,,,,,,,,,,,,,,
,,,,,,,,,,,,,,,,,,,,,,,,,,,,
,,,,,,,,,,,,,,,,,,,,,,,,,,,,
,,,,,,,,,,,,,,,,,,,,,,,,,,,,
,,,,,,,,,,,,,,,,,,,,,,,,,,,,
,,,,,,,,,,,,,,,,,,,,,,,,,,,,
,,,,,,,,,,,,,,,,,,,,,,,,,,,,
,,,,,,,,,,,,,,,,,,,,,,,,,,,,
,,,,,,,,,,,,,,,,,,,,,,,,,,,,
,,,,,,,,,,,,,,,,,,,,,,,,,,,,
,,,,,,,,,,,,,,,,,,,,,,,,,,,,
,,,,,,,,,,,,,,,,,,,,,,,,,,,,
,,,,,,,,,,,,,,,,,,,,,,,,,,,,
,,,,,,,,,,,,,,,,,,,,,,,,,,,,
,,,,,,,,,,,,,,,,,,,,,,,,,,,,
,,,,,,,,,,,,,,,,,,,,,,,,,,,,
,,,,,,,,,,,,,,,,,,,,,,,,,,,,
,,,,,,,,,,,,,,,,,,,,,,,,,,,,
,,,,,,,,,,,,,,,,,,,,,,,,,,,,
,,,,,,,,,,,,,,,,,,,,,,,,,,,,
,,,,,,,,,,,,,,,,,,,,,,,,,,,,
,,,,,,,,,,,,,,,,,,,,,,,,,,,,
,,,,,,,,,,,,,,,,,,,,,,,,,,,,
,,,,,,,,,,,,,,,,,,,,,,,,,,,,
,,,,,,,,,,,,,,,,,,,,,,,,,,,,
,,,,,,,,,,,,,,,,,,,,,,,,,,,,
,,,,,,,,,,,,,,,,,,,,,,,,,,,,
,,,,,,,,,,,,,,,,,,,,,,,,,,,,
,,,,,,,,,,,,,,,,,,,,,,,,,,,,
,,,,,,,,,,,,,,,,,,,,,,,,,,,,
,,,,,,,,,,,,,,,,,,,,,,,,,,,,
,,,,,,,,,,,,,,,,,,,,,,,,,,,,
,,,,,,,,,,,,,,,,,,,,,,,,,,,,
,,,,,,,,,,,,,,,,,,,,,,,,,,,,
,,,,,,,,,,,,,,,,,,,,,,,,,,,,
,,,,,,,,,,,,,,,,,,,,,,,,,,,,
,,,,,,,,,,,,,,,,,,,,,,,,,,,,
,,,,,,,,,,,,,,,,,,,,,,,,,,,,
,,,,,,,,,,,,,,,,,,,,,,,,,,,,
,,,,,,,,,,,,,,,,,,,,,,,,,,,,
,,,,,,,,,,,,,,,,,,,,,,,,,,,,
,,,,,,,,,,,,,,,,,,,,,,,,,,,,
,,,,,,,,,,,,,,,,,,,,,,,,,,,,
,,,,,,,,,,,,,,,,,,,,,,,,,,,,
,,,,,,,,,,,,,,,,,,,,,,,,,,,,
,,,,,,,,,,,,,,,,,,,,,,,,,,,,
,,,,,,,,,,,,,,,,,,,,,,,,,,,,
,,,,,,,,,,,,,,,,,,,,,,,,,,,,
,,,,,,,,,,,,,,,,,,,,,,,,,,,,
,,,,,,,,,,,,,,,,,,,,,,,,,,,,
,,,,,,,,,,,,,,,,,,,,,,,,,,,,
,,,,,,,,,,,,,,,,,,,,,,,,,,,,
,,,,,,,,,,,,,,,,,,,,,,,,,,,,
,,,,,,,,,,,,,,,,,,,,,,,,,,,,
,,,,,,,,,,,,,,,,,,,,,,,,,,,,
,,,,,,,,,,,,,,,,,,,,,,,,,,,,
,,,,,,,,,,,,,,,,,,,,,,,,,,,,
,,,,,,,,,,,,,,,,,,,,,,,,,,,,
,,,,,,,,,,,,,,,,,,,,,,,,,,,,
,,,,,,,,,,,,,,,,,,,,,,,,,,,,
,,,,,,,,,,,,,,,,,,,,,,,,,,,,
,,,,,,,,,,,,,,,,,,,,,,,,,,,,
,,,,,,,,,,,,,,,,,,,,,,,,,,,,
,,,,,,,,,,,,,,,,,,,,,,,,,,,,
,,,,,,,,,,,,,,,,,,,,,,,,,,,,
,,,,,,,,,,,,,,,,,,,,,,,,,,,,
,,,,,,,,,,,,,,,,,,,,,,,,,,,,
,,,,,,,,,,,,,,,,,,,,,,,,,,,,
,,,,,,,,,,,,,,,,,,,,,,,,,,,,
,,,,,,,,,,,,,,,,,,,,,,,,,,,,
,,,,,,,,,,,,,,,,,,,,,,,,,,,,
,,,,,,,,,,,,,,,,,,,,,,,,,,,,
,,,,,,,,,,,,,,,,,,,,,,,,,,,,
,,,,,,,,,,,,,,,,,,,,,,,,,,,,
,,,,,,,,,,,,,,,,,,,,,,,,,,,,
,,,,,,,,,,,,,,,,,,,,,,,,,,,,
,,,,,,,,,,,,,,,,,,,,,,,,,,,,
,,,,,,,,,,,,,,,,,,,,,,,,,,,,
,,,,,,,,,,,,,,,,,,,,,,,,,,,,
,,,,,,,,,,,,,,,,,,,,,,,,,,,,
,,,,,,,,,,,,,,,,,,,,,,,,,,,,
,,,,,,,,,,,,,,,,,,,,,,,,,,,,
,,,,,,,,,,,,,,,,,,,,,,,,,,,,
,,,,,,,,,,,,,,,,,,,,,,,,,,,,
,,,,,,,,,,,,,,,,,,,,,,,,,,,,
,,,,,,,,,,,,,,,,,,,,,,,,,,,,
,,,,,,,,,,,,,,,,,,,,,,,,,,,,
,,,,,,,,,,,,,,,,,,,,,,,,,,,,
,,,,,,,,,,,,,,,,,,,,,,,,,,,,
,,,,,,,,,,,,,,,,,,,,,,,,,,,,
,,,,,,,,,,,,,,,,,,,,,,,,,,,,
,,,,,,,,,,,,,,,,,,,,,,,,,,,,
,,,,,,,,,,,,,,,,,,,,,,,,,,,,
,,,,,,,,,,,,,,,,,,,,,,,,,,,,
,,,,,,,,,,,,,,,,,,,,,,,,,,,,
,,,,,,,,,,,,,,,,,,,,,,,,,,,,
,,,,,,,,,,,,,,,,,,,,,,,,,,,,
,,,,,,,,,,,,,,,,,,,,,,,,,,,,
,,,,,,,,,,,,,,,,,,,,,,,,,,,,
,,,,,,,,,,,,,,,,,,,,,,,,,,,,
,,,,,,,,,,,,,,,,,,,,,,,,,,,,
,,,,,,,,,,,,,,,,,,,,,,,,,,,,
,,,,,,,,,,,,,,,,,,,,,,,,,,,,
,,,,,,,,,,,,,,,,,,,,,,,,,,,,
,,,,,,,,,,,,,,,,,,,,,,,,,,,,
,,,,,,,,,,,,,,,,,,,,,,,,,,,,
,,,,,,,,,,,,,,,,,,,,,,,,,,,,
,,,,,,,,,,,,,,,,,,,,,,,,,,,,
,,,,,,,,,,,,,,,,,,,,,,,,,,,,
,,,,,,,,,,,,,,,,,,,,,,,,,,,,
,,,,,,,,,,,,,,,,,,,,,,,,,,,,
,,,,,,,,,,,,,,,,,,,,,,,,,,,,
,,,,,,,,,,,,,,,,,,,,,,,,,,,,
,,,,,,,,,,,,,,,,,,,,,,,,,,,,
,,,,,,,,,,,,,,,,,,,,,,,,,,,,
,,,,,,,,,,,,,,,,,,,,,,,,,,,,
,,,,,,,,,,,,,,,,,,,,,,,,,,,,
,,,,,,,,,,,,,,,,,,,,,,,,,,,,
,,,,,,,,,,,,,,,,,,,,,,,,,,,,
,,,,,,,,,,,,,,,,,,,,,,,,,,,,
,,,,,,,,,,,,,,,,,,,,,,,,,,,,
,,,,,,,,,,,,,,,,,,,,,,,,,,,,
,,,,,,,,,,,,,,,,,,,,,,,,,,,,
,,,,,,,,,,,,,,,,,,,,,,,,,,,,
,,,,,,,,,,,,,,,,,,,,,,,,,,,,
,,,,,,,,,,,,,,,,,,,,,,,,,,,,
,,,,,,,,,,,,,,,,,,,,,,,,,,,,
,,,,,,,,,,,,,,,,,,,,,,,,,,,,
,,,,,,,,,,,,,,,,,,,,,,,,,,,,
,,,,,,,,,,,,,,,,,,,,,,,,,,,,
,,,,,,,,,,,,,,,,,,,,,,,,,,,,
,,,,,,,,,,,,,,,,,,,,,,,,,,,,
,,,,,,,,,,,,,,,,,,,,,,,,,,,,
,,,,,,,,,,,,,,,,,,,,,,,,,,,,
,,,,,,,,,,,,,,,,,,,,,,,,,,,,
,,,,,,,,,,,,,,,,,,,,,,,,,,,,
,,,,,,,,,,,,,,,,,,,,,,,,,,,,
,,,,,,,,,,,,,,,,,,,,,,,,,,,,
,,,,,,,,,,,,,,,,,,,,,,,,,,,,
,,,,,,,,,,,,,,,,,,,,,,,,,,,,
,,,,,,,,,,,,,,,,,,,,,,,,,,,,
,,,,,,,,,,,,,,,,,,,,,,,,,,,,
,,,,,,,,,,,,,,,,,,,,,,,,,,,,
,,,,,,,,,,,,,,,,,,,,,,,,,,,,
,,,,,,,,,,,,,,,,,,,,,,,,,,,,
,,,,,,,,,,,,,,,,,,,,,,,,,,,,
,,,,,,,,,,,,,,,,,,,,,,,,,,,,
,,,,,,,,,,,,,,,,,,,,,,,,,,,,
,,,,,,,,,,,,,,,,,,,,,,,,,,,,
,,,,,,,,,,,,,,,,,,,,,,,,,,,,
,,,,,,,,,,,,,,,,,,,,,,,,,,,,
,,,,,,,,,,,,,,,,,,,,,,,,,,,,
,,,,,,,,,,,,,,,,,,,,,,,,,,,,
,,,,,,,,,,,,,,,,,,,,,,,,,,,,
,,,,,,,,,,,,,,,,,,,,,,,,,,,,
,,,,,,,,,,,,,,,,,,,,,,,,,,,,
,,,,,,,,,,,,,,,,,,,,,,,,,,,,
,,,,,,,,,,,,,,,,,,,,,,,,,,,,
,,,,,,,,,,,,,,,,,,,,,,,,,,,,
,,,,,,,,,,,,,,,,,,,,,,,,,,,,
,,,,,,,,,,,,,,,,,,,,,,,,,,,,
,,,,,,,,,,,,,,,,,,,,,,,,,,,,
,,,,,,,,,,,,,,,,,,,,,,,,,,,,
,,,,,,,,,,,,,,,,,,,,,,,,,,,,
,,,,,,,,,,,,,,,,,,,,,,,,,,,,
,,,,,,,,,,,,,,,,,,,,,,,,,,,,
,,,,,,,,,,,,,,,,,,,,,,,,,,,,
,,,,,,,,,,,,,,,,,,,,,,,,,,,,
,,,,,,,,,,,,,,,,,,,,,,,,,,,,
,,,,,,,,,,,,,,,,,,,,,,,,,,,,
,,,,,,,,,,,,,,,,,,,,,,,,,,,,
,,,,,,,,,,,,,,,,,,,,,,,,,,,,
,,,,,,,,,,,,,,,,,,,,,,,,,,,,
,,,,,,,,,,,,,,,,,,,,,,,,,,,,
,,,,,,,,,,,,,,,,,,,,,,,,,,,,
,,,,,,,,,,,,,,,,,,,,,,,,,,,,
,,,,,,,,,,,,,,,,,,,,,,,,,,,,
,,,,,,,,,,,,,,,,,,,,,,,,,,,,
,,,,,,,,,,,,,,,,,,,,,,,,,,,,
,,,,,,,,,,,,,,,,,,,,,,,,,,,,
,,,,,,,,,,,,,,,,,,,,,,,,,,,,
,,,,,,,,,,,,,,,,,,,,,,,,,,,,
,,,,,,,,,,,,,,,,,,,,,,,,,,,,
,,,,,,,,,,,,,,,,,,,,,,,,,,,,
,,,,,,,,,,,,,,,,,,,,,,,,,,,,
,,,,,,,,,,,,,,,,,,,,,,,,,,,,
,,,,,,,,,,,,,,,,,,,,,,,,,,,,
,,,,,,,,,,,,,,,,,,,,,,,,,,,,
,,,,,,,,,,,,,,,,,,,,,,,,,,,,
,,,,,,,,,,,,,,,,,,,,,,,,,,,,
,,,,,,,,,,,,,,,,,,,,,,,,,,,,
,,,,,,,,,,,,,,,,,,,,,,,,,,,,
,,,,,,,,,,,,,,,,,,,,,,,,,,,,
,,,,,,,,,,,,,,,,,,,,,,,,,,,,
,,,,,,,,,,,,,,,,,,,,,,,,,,,,
,,,,,,,,,,,,,,,,,,,,,,,,,,,,
,,,,,,,,,,,,,,,,,,,,,,,,,,,,
,,,,,,,,,,,,,,,,,,,,,,,,,,,,
,,,,,,,,,,,,,,,,,,,,,,,,,,,,
,,,,,,,,,,,,,,,,,,,,,,,,,,,,
,,,,,,,,,,,,,,,,,,,,,,,,,,,,
,,,,,,,,,,,,,,,,,,,,,,,,,,,,
,,,,,,,,,,,,,,,,,,,,,,,,,,,,
,,,,,,,,,,,,,,,,,,,,,,,,,,,,
,,,,,,,,,,,,,,,,,,,,,,,,,,,,
,,,,,,,,,,,,,,,,,,,,,,,,,,,,
,,,,,,,,,,,,,,,,,,,,,,,,,,,,
,,,,,,,,,,,,,,,,,,,,,,,,,,,,
,,,,,,,,,,,,,,,,,,,,,,,,,,,,
,,,,,,,,,,,,,,,,,,,,,,,,,,,,
,,,,,,,,,,,,,,,,,,,,,,,,,,,,
,,,,,,,,,,,,,,,,,,,,,,,,,,,,
,,,,,,,,,,,,,,,,,,,,,,,,,,,,
,,,,,,,,,,,,,,,,,,,,,,,,,,,,
,,,,,,,,,,,,,,,,,,,,,,,,,,,,
,,,,,,,,,,,,,,,,,,,,,,,,,,,,
,,,,,,,,,,,,,,,,,,,,,,,,,,,,
,,,,,,,,,,,,,,,,,,,,,,,,,,,,
,,,,,,,,,,,,,,,,,,,,,,,,,,,,
,,,,,,,,,,,,,,,,,,,,,,,,,,,,
,,,,,,,,,,,,,,,,,,,,,,,,,,,,
,,,,,,,,,,,,,,,,,,,,,,,,,,,,
,,,,,,,,,,,,,,,,,,,,,,,,,,,,
,,,,,,,,,,,,,,,,,,,,,,,,,,,,
,,,,,,,,,,,,,,,,,,,,,,,,,,,,
,,,,,,,,,,,,,,,,,,,,,,,,,,,,
,,,,,,,,,,,,,,,,,,,,,,,,,,,,
,,,,,,,,,,,,,,,,,,,,,,,,,,,,
,,,,,,,,,,,,,,,,,,,,,,,,,,,,
,,,,,,,,,,,,,,,,,,,,,,,,,,,,
,,,,,,,,,,,,,,,,,,,,,,,,,,,,
,,,,,,,,,,,,,,,,,,,,,,,,,,,,
,,,,,,,,,,,,,,,,,,,,,,,,,,,,
,,,,,,,,,,,,,,,,,,,,,,,,,,,,
,,,,,,,,,,,,,,,,,,,,,,,,,,,,
,,,,,,,,,,,,,,,,,,,,,,,,,,,,
,,,,,,,,,,,,,,,,,,,,,,,,,,,,
,,,,,,,,,,,,,,,,,,,,,,,,,,,,
,,,,,,,,,,,,,,,,,,,,,,,,,,,,
,,,,,,,,,,,,,,,,,,,,,,,,,,,,
,,,,,,,,,,,,,,,,,,,,,,,,,,,,
,,,,,,,,,,,,,,,,,,,,,,,,,,,,
,,,,,,,,,,,,,,,,,,,,,,,,,,,,
,,,,,,,,,,,,,,,,,,,,,,,,,,,,
,,,,,,,,,,,,,,,,,,,,,,,,,,,,
,,,,,,,,,,,,,,,,,,,,,,,,,,,,
,,,,,,,,,,,,,,,,,,,,,,,,,,,,
,,,,,,,,,,,,,,,,,,,,,,,,,,,,
,,,,,,,,,,,,,,,,,,,,,,,,,,,,
,,,,,,,,,,,,,,,,,,,,,,,,,,,,
,,,,,,,,,,,,,,,,,,,,,,,,,,,,
,,,,,,,,,,,,,,,,,,,,,,,,,,,,
,,,,,,,,,,,,,,,,,,,,,,,,,,,,
,,,,,,,,,,,,,,,,,,,,,,,,,,,,
,,,,,,,,,,,,,,,,,,,,,,,,,,,,
,,,,,,,,,,,,,,,,,,,,,,,,,,,,
,,,,,,,,,,,,,,,,,,,,,,,,,,,,
,,,,,,,,,,,,,,,,,,,,,,,,,,,,
,,,,,,,,,,,,,,,,,,,,,,,,,,,,
,,,,,,,,,,,,,,,,,,,,,,,,,,,,
,,,,,,,,,,,,,,,,,,,,,,,,,,,,
,,,,,,,,,,,,,,,,,,,,,,,,,,,,
,,,,,,,,,,,,,,,,,,,,,,,,,,,,
,,,,,,,,,,,,,,,,,,,,,,,,,,,,
,,,,,,,,,,,,,,,,,,,,,,,,,,,,
,,,,,,,,,,,,,,,,,,,,,,,,,,,,
,,,,,,,,,,,,,,,,,,,,,,,,,,,,
,,,,,,,,,,,,,,,,,,,,,,,,,,,,
,,,,,,,,,,,,,,,,,,,,,,,,,,,,
,,,,,,,,,,,,,,,,,,,,,,,,,,,,
,,,,,,,,,,,,,,,,,,,,,,,,,,,,
,,,,,,,,,,,,,,,,,,,,,,,,,,,,
,,,,,,,,,,,,,,,,,,,,,,,,,,,,
,,,,,,,,,,,,,,,,,,,,,,,,,,,,
,,,,,,,,,,,,,,,,,,,,,,,,,,,,
,,,,,,,,,,,,,,,,,,,,,,,,,,,,
,,,,,,,,,,,,,,,,,,,,,,,,,,,,
,,,,,,,,,,,,,,,,,,,,,,,,,,,,
,,,,,,,,,,,,,,,,,,,,,,,,,,,,
,,,,,,,,,,,,,,,,,,,,,,,,,,,,
,,,,,,,,,,,,,,,,,,,,,,,,,,,,
,,,,,,,,,,,,,,,,,,,,,,,,,,,,
,,,,,,,,,,,,,,,,,,,,,,,,,,,,
,,,,,,,,,,,,,,,,,,,,,,,,,,,,
,,,,,,,,,,,,,,,,,,,,,,,,,,,,
,,,,,,,,,,,,,,,,,,,,,,,,,,,,
,,,,,,,,,,,,,,,,,,,,,,,,,,,,
,,,,,,,,,,,,,,,,,,,,,,,,,,,,
,,,,,,,,,,,,,,,,,,,,,,,,,,,,
,,,,,,,,,,,,,,,,,,,,,,,,,,,,
,,,,,,,,,,,,,,,,,,,,,,,,,,,,
,,,,,,,,,,,,,,,,,,,,,,,,,,,,
,,,,,,,,,,,,,,,,,,,,,,,,,,,,
,,,,,,,,,,,,,,,,,,,,,,,,,,,,
,,,,,,,,,,,,,,,,,,,,,,,,,,,,
,,,,,,,,,,,,,,,,,,,,,,,,,,,,
,,,,,,,,,,,,,,,,,,,,,,,,,,,,
,,,,,,,,,,,,,,,,,,,,,,,,,,,,
,,,,,,,,,,,,,,,,,,,,,,,,,,,,
,,,,,,,,,,,,,,,,,,,,,,,,,,,,
,,,,,,,,,,,,,,,,,,,,,,,,,,,,
,,,,,,,,,,,,,,,,,,,,,,,,,,,,
,,,,,,,,,,,,,,,,,,,,,,,,,,,,
,,,,,,,,,,,,,,,,,,,,,,,,,,,,
,,,,,,,,,,,,,,,,,,,,,,,,,,,,
,,,,,,,,,,,,,,,,,,,,,,,,,,,,
,,,,,,,,,,,,,,,,,,,,,,,,,,,,
,,,,,,,,,,,,,,,,,,,,,,,,,,,,
,,,,,,,,,,,,,,,,,,,,,,,,,,,,
,,,,,,,,,,,,,,,,,,,,,,,,,,,,
,,,,,,,,,,,,,,,,,,,,,,,,,,,,
,,,,,,,,,,,,,,,,,,,,,,,,,,,,
,,,,,,,,,,,,,,,,,,,,,,,,,,,,
,,,,,,,,,,,,,,,,,,,,,,,,,,,,
,,,,,,,,,,,,,,,,,,,,,,,,,,,,
,,,,,,,,,,,,,,,,,,,,,,,,,,,,
,,,,,,,,,,,,,,,,,,,,,,,,,,,,
,,,,,,,,,,,,,,,,,,,,,,,,,,,,
,,,,,,,,,,,,,,,,,,,,,,,,,,,,
,,,,,,,,,,,,,,,,,,,,,,,,,,,,
,,,,,,,,,,,,,,,,,,,,,,,,,,,,
,,,,,,,,,,,,,,,,,,,,,,,,,,,,
,,,,,,,,,,,,,,,,,,,,,,,,,,,,
,,,,,,,,,,,,,,,,,,,,,,,,,,,,
,,,,,,,,,,,,,,,,,,,,,,,,,,,,
,,,,,,,,,,,,,,,,,,,,,,,,,,,,
,,,,,,,,,,,,,,,,,,,,,,,,,,,,
,,,,,,,,,,,,,,,,,,,,,,,,,,,,
,,,,,,,,,,,,,,,,,,,,,,,,,,,,
,,,,,,,,,,,,,,,,,,,,,,,,,,,,
,,,,,,,,,,,,,,,,,,,,,,,,,,,,
,,,,,,,,,,,,,,,,,,,,,,,,,,,,
,,,,,,,,,,,,,,,,,,,,,,,,,,,,
,,,,,,,,,,,,,,,,,,,,,,,,,,,,
,,,,,,,,,,,,,,,,,,,,,,,,,,,,
,,,,,,,,,,,,,,,,,,,,,,,,,,,,
,,,,,,,,,,,,,,,,,,,,,,,,,,,,
,,,,,,,,,,,,,,,,,,,,,,,,,,,,
,,,,,,,,,,,,,,,,,,,,,,,,,,,,
,,,,,,,,,,,,,,,,,,,,,,,,,,,,
,,,,,,,,,,,,,,,,,,,,,,,,,,,,
,,,,,,,,,,,,,,,,,,,,,,,,,,,,
,,,,,,,,,,,,,,,,,,,,,,,,,,,,
,,,,,,,,,,,,,,,,,,,,,,,,,,,,
,,,,,,,,,,,,,,,,,,,,,,,,,,,,
,,,,,,,,,,,,,,,,,,,,,,,,,,,,
,,,,,,,,,,,,,,,,,,,,,,,,,,,,
,,,,,,,,,,,,,,,,,,,,,,,,,,,,
,,,,,,,,,,,,,,,,,,,,,,,,,,,,
,,,,,,,,,,,,,,,,,,,,,,,,,,,,
,,,,,,,,,,,,,,,,,,,,,,,,,,,,
,,,,,,,,,,,,,,,,,,,,,,,,,,,,
,,,,,,,,,,,,,,,,,,,,,,,,,,,,
,,,,,,,,,,,,,,,,,,,,,,,,,,,,
,,,,,,,,,,,,,,,,,,,,,,,,,,,,
,,,,,,,,,,,,,,,,,,,,,,,,,,,,
,,,,,,,,,,,,,,,,,,,,,,,,,,,,
,,,,,,,,,,,,,,,,,,,,,,,,,,,,
,,,,,,,,,,,,,,,,,,,,,,,,,,,,
,,,,,,,,,,,,,,,,,,,,,,,,,,,,
,,,,,,,,,,,,,,,,,,,,,,,,,,,,
,,,,,,,,,,,,,,,,,,,,,,,,,,,,
,,,,,,,,,,,,,,,,,,,,,,,,,,,,
,,,,,,,,,,,,,,,,,,,,,,,,,,,,
,,,,,,,,,,,,,,,,,,,,,,,,,,,,
,,,,,,,,,,,,,,,,,,,,,,,,,,,,
,,,,,,,,,,,,,,,,,,,,,,,,,,,,
,,,,,,,,,,,,,,,,,,,,,,,,,,,,
,,,,,,,,,,,,,,,,,,,,,,,,,,,,
,,,,,,,,,,,,,,,,,,,,,,,,,,,,
,,,,,,,,,,,,,,,,,,,,,,,,,,,,
,,,,,,,,,,,,,,,,,,,,,,,,,,,,
,,,,,,,,,,,,,,,,,,,,,,,,,,,,
,,,,,,,,,,,,,,,,,,,,,,,,,,,,
,,,,,,,,,,,,,,,,,,,,,,,,,,,,
,,,,,,,,,,,,,,,,,,,,,,,,,,,,
,,,,,,,,,,,,,,,,,,,,,,,,,,,,
,,,,,,,,,,,,,,,,,,,,,,,,,,,,
,,,,,,,,,,,,,,,,,,,,,,,,,,,,
,,,,,,,,,,,,,,,,,,,,,,,,,,,,
,,,,,,,,,,,,,,,,,,,,,,,,,,,,
,,,,,,,,,,,,,,,,,,,,,,,,,,,,
,,,,,,,,,,,,,,,,,,,,,,,,,,,,
,,,,,,,,,,,,,,,,,,,,,,,,,,,,
,,,,,,,,,,,,,,,,,,,,,,,,,,,,
,,,,,,,,,,,,,,,,,,,,,,,,,,,,
,,,,,,,,,,,,,,,,,,,,,,,,,,,,
,,,,,,,,,,,,,,,,,,,,,,,,,,,,
,,,,,,,,,,,,,,,,,,,,,,,,,,,,
,,,,,,,,,,,,,,,,,,,,,,,,,,,,
,,,,,,,,,,,,,,,,,,,,,,,,,,,,
,,,,,,,,,,,,,,,,,,,,,,,,,,,,
,,,,,,,,,,,,,,,,,,,,,,,,,,,,
,,,,,,,,,,,,,,,,,,,,,,,,,,,,
,,,,,,,,,,,,,,,,,,,,,,,,,,,,
,,,,,,,,,,,,,,,,,,,,,,,,,,,,
,,,,,,,,,,,,,,,,,,,,,,,,,,,,
,,,,,,,,,,,,,,,,,,,,,,,,,,,,
,,,,,,,,,,,,,,,,,,,,,,,,,,,,
,,,,,,,,,,,,,,,,,,,,,,,,,,,,
,,,,,,,,,,,,,,,,,,,,,,,,,,,,
,,,,,,,,,,,,,,,,,,,,,,,,,,,,
,,,,,,,,,,,,,,,,,,,,,,,,,,,,
,,,,,,,,,,,,,,,,,,,,,,,,,,,,
,,,,,,,,,,,,,,,,,,,,,,,,,,,,
,,,,,,,,,,,,,,,,,,,,,,,,,,,,
,,,,,,,,,,,,,,,,,,,,,,,,,,,,
,,,,,,,,,,,,,,,,,,,,,,,,,,,,
,,,,,,,,,,,,,,,,,,,,,,,,,,,,
,,,,,,,,,,,,,,,,,,,,,,,,,,,,
,,,,,,,,,,,,,,,,,,,,,,,,,,,,
,,,,,,,,,,,,,,,,,,,,,,,,,,,,
,,,,,,,,,,,,,,,,,,,,,,,,,,,,
,,,,,,,,,,,,,,,,,,,,,,,,,,,,
,,,,,,,,,,,,,,,,,,,,,,,,,,,,
,,,,,,,,,,,,,,,,,,,,,,,,,,,,
,,,,,,,,,,,,,,,,,,,,,,,,,,,,
,,,,,,,,,,,,,,,,,,,,,,,,,,,,
,,,,,,,,,,,,,,,,,,,,,,,,,,,,
,,,,,,,,,,,,,,,,,,,,,,,,,,,,
,,,,,,,,,,,,,,,,,,,,,,,,,,,,
,,,,,,,,,,,,,,,,,,,,,,,,,,,,
,,,,,,,,,,,,,,,,,,,,,,,,,,,,
,,,,,,,,,,,,,,,,,,,,,,,,,,,,
,,,,,,,,,,,,,,,,,,,,,,,,,,,,
,,,,,,,,,,,,,,,,,,,,,,,,,,,,
,,,,,,,,,,,,,,,,,,,,,,,,,,,,
,,,,,,,,,,,,,,,,,,,,,,,,,,,,
,,,,,,,,,,,,,,,,,,,,,,,,,,,,
,,,,,,,,,,,,,,,,,,,,,,,,,,,,
,,,,,,,,,,,,,,,,,,,,,,,,,,,,
,,,,,,,,,,,,,,,,,,,,,,,,,,,,
,,,,,,,,,,,,,,,,,,,,,,,,,,,,
,,,,,,,,,,,,,,,,,,,,,,,,,,,,
,,,,,,,,,,,,,,,,,,,,,,,,,,,,
,,,,,,,,,,,,,,,,,,,,,,,,,,,,
,,,,,,,,,,,,,,,,,,,,,,,,,,,,
,,,,,,,,,,,,,,,,,,,,,,,,,,,,
,,,,,,,,,,,,,,,,,,,,,,,,,,,,
,,,,,,,,,,,,,,,,,,,,,,,,,,,,
,,,,,,,,,,,,,,,,,,,,,,,,,,,,
,,,,,,,,,,,,,,,,,,,,,,,,,,,,
,,,,,,,,,,,,,,,,,,,,,,,,,,,,
,,,,,,,,,,,,,,,,,,,,,,,,,,,,
,,,,,,,,,,,,,,,,,,,,,,,,,,,,
,,,,,,,,,,,,,,,,,,,,,,,,,,,,
,,,,,,,,,,,,,,,,,,,,,,,,,,,,
,,,,,,,,,,,,,,,,,,,,,,,,,,,,
,,,,,,,,,,,,,,,,,,,,,,,,,,,,
,,,,,,,,,,,,,,,,,,,,,,,,,,,,
,,,,,,,,,,,,,,,,,,,,,,,,,,,,
,,,,,,,,,,,,,,,,,,,,,,,,,,,,
,,,,,,,,,,,,,,,,,,,,,,,,,,,,
,,,,,,,,,,,,,,,,,,,,,,,,,,,,
,,,,,,,,,,,,,,,,,,,,,,,,,,,,
,,,,,,,,,,,,,,,,,,,,,,,,,,,,
,,,,,,,,,,,,,,,,,,,,,,,,,,,,
,,,,,,,,,,,,,,,,,,,,,,,,,,,,
,,,,,,,,,,,,,,,,,,,,,,,,,,,,
,,,,,,,,,,,,,,,,,,,,,,,,,,,,
,,,,,,,,,,,,,,,,,,,,,,,,,,,,
,,,,,,,,,,,,,,,,,,,,,,,,,,,,
,,,,,,,,,,,,,,,,,,,,,,,,,,,,
,,,,,,,,,,,,,,,,,,,,,,,,,,,,
,,,,,,,,,,,,,,,,,,,,,,,,,,,,
,,,,,,,,,,,,,,,,,,,,,,,,,,,,
,,,,,,,,,,,,,,,,,,,,,,,,,,,,
,,,,,,,,,,,,,,,,,,,,,,,,,,,,
,,,,,,,,,,,,,,,,,,,,,,,,,,,,
,,,,,,,,,,,,,,,,,,,,,,,,,,,,
,,,,,,,,,,,,,,,,,,,,,,,,,,,,
,,,,,,,,,,,,,,,,,,,,,,,,,,,,
,,,,,,,,,,,,,,,,,,,,,,,,,,,,
,,,,,,,,,,,,,,,,,,,,,,,,,,,,
,,,,,,,,,,,,,,,,,,,,,,,,,,,,
,,,,,,,,,,,,,,,,,,,,,,,,,,,,
,,,,,,,,,,,,,,,,,,,,,,,,,,,,
,,,,,,,,,,,,,,,,,,,,,,,,,,,,
,,,,,,,,,,,,,,,,,,,,,,,,,,,,
,,,,,,,,,,,,,,,,,,,,,,,,,,,,
,,,,,,,,,,,,,,,,,,,,,,,,,,,,
,,,,,,,,,,,,,,,,,,,,,,,,,,,,
,,,,,,,,,,,,,,,,,,,,,,,,,,,,
,,,,,,,,,,,,,,,,,,,,,,,,,,,,
,,,,,,,,,,,,,,,,,,,,,,,,,,,,
,,,,,,,,,,,,,,,,,,,,,,,,,,,,
,,,,,,,,,,,,,,,,,,,,,,,,,,,,
,,,,,,,,,,,,,,,,,,,,,,,,,,,,
,,,,,,,,,,,,,,,,,,,,,,,,,,,,
,,,,,,,,,,,,,,,,,,,,,,,,,,,,
,,,,,,,,,,,,,,,,,,,,,,,,,,,,
,,,,,,,,,,,,,,,,,,,,,,,,,,,,
,,,,,,,,,,,,,,,,,,,,,,,,,,,,
,,,,,,,,,,,,,,,,,,,,,,,,,,,,
,,,,,,,,,,,,,,,,,,,,,,,,,,,,
,,,,,,,,,,,,,,,,,,,,,,,,,,,,
,,,,,,,,,,,,,,,,,,,,,,,,,,,,
,,,,,,,,,,,,,,,,,,,,,,,,,,,,
,,,,,,,,,,,,,,,,,,,,,,,,,,,,
,,,,,,,,,,,,,,,,,,,,,,,,,,,,
,,,,,,,,,,,,,,,,,,,,,,,,,,,,
,,,,,,,,,,,,,,,,,,,,,,,,,,,,
,,,,,,,,,,,,,,,,,,,,,,,,,,,,
,,,,,,,,,,,,,,,,,,,,,,,,,,,,
,,,,,,,,,,,,,,,,,,,,,,,,,,,,
,,,,,,,,,,,,,,,,,,,,,,,,,,,,
,,,,,,,,,,,,,,,,,,,,,,,,,,,,
,,,,,,,,,,,,,,,,,,,,,,,,,,,,
,,,,,,,,,,,,,,,,,,,,,,,,,,,,
,,,,,,,,,,,,,,,,,,,,,,,,,,,,
,,,,,,,,,,,,,,,,,,,,,,,,,,,,
,,,,,,,,,,,,,,,,,,,,,,,,,,,,
,,,,,,,,,,,,,,,,,,,,,,,,,,,,
,,,,,,,,,,,,,,,,,,,,,,,,,,,,
,,,,,,,,,,,,,,,,,,,,,,,,,,,,
,,,,,,,,,,,,,,,,,,,,,,,,,,,,
,,,,,,,,,,,,,,,,,,,,,,,,,,,,
,,,,,,,,,,,,,,,,,,,,,,,,,,,,
,,,,,,,,,,,,,,,,,,,,,,,,,,,,
,,,,,,,,,,,,,,,,,,,,,,,,,,,,
,,,,,,,,,,,,,,,,,,,,,,,,,,,,
,,,,,,,,,,,,,,,,,,,,,,,,,,,,
,,,,,,,,,,,,,,,,,,,,,,,,,,,,
,,,,,,,,,,,,,,,,,,,,,,,,,,,,
,,,,,,,,,,,,,,,,,,,,,,,,,,,,
,,,,,,,,,,,,,,,,,,,,,,,,,,,,
,,,,,,,,,,,,,,,,,,,,,,,,,,,,
,,,,,,,,,,,,,,,,,,,,,,,,,,,,
,,,,,,,,,,,,,,,,,,,,,,,,,,,,
,,,,,,,,,,,,,,,,,,,,,,,,,,,,
,,,,,,,,,,,,,,,,,,,,,,,,,,,,
,,,,,,,,,,,,,,,,,,,,,,,,,,,,
,,,,,,,,,,,,,,,,,,,,,,,,,,,,
,,,,,,,,,,,,,,,,,,,,,,,,,,,,
,,,,,,,,,,,,,,,,,,,,,,,,,,,,
,,,,,,,,,,,,,,,,,,,,,,,,,,,,
,,,,,,,,,,,,,,,,,,,,,,,,,,,,
,,,,,,,,,,,,,,,,,,,,,,,,,,,,
,,,,,,,,,,,,,,,,,,,,,,,,,,,,
,,,,,,,,,,,,,,,,,,,,,,,,,,,,
,,,,,,,,,,,,,,,,,,,,,,,,,,,,
,,,,,,,,,,,,,,,,,,,,,,,,,,,,
,,,,,,,,,,,,,,,,,,,,,,,,,,,,
,,,,,,,,,,,,,,,,,,,,,,,,,,,,
,,,,,,,,,,,,,,,,,,,,,,,,,,,,
,,,,,,,,,,,,,,,,,,,,,,,,,,,,
,,,,,,,,,,,,,,,,,,,,,,,,,,,,
,,,,,,,,,,,,,,,,,,,,,,,,,,,,
,,,,,,,,,,,,,,,,,,,,,,,,,,,,
,,,,,,,,,,,,,,,,,,,,,,,,,,,,
,,,,,,,,,,,,,,,,,,,,,,,,,,,,
,,,,,,,,,,,,,,,,,,,,,,,,,,,,
,,,,,,,,,,,,,,,,,,,,,,,,,,,,
,,,,,,,,,,,,,,,,,,,,,,,,,,,,
,,,,,,,,,,,,,,,,,,,,,,,,,,,,
,,,,,,,,,,,,,,,,,,,,,,,,,,,,
,,,,,,,,,,,,,,,,,,,,,,,,,,,,
,,,,,,,,,,,,,,,,,,,,,,,,,,,,
,,,,,,,,,,,,,,,,,,,,,,,,,,,,
,,,,,,,,,,,,,,,,,,,,,,,,,,,,
,,,,,,,,,,,,,,,,,,,,,,,,,,,,
,,,,,,,,,,,,,,,,,,,,,,,,,,,,
,,,,,,,,,,,,,,,,,,,,,,,,,,,,
,,,,,,,,,,,,,,,,,,,,,,,,,,,,
,,,,,,,,,,,,,,,,,,,,,,,,,,,,
,,,,,,,,,,,,,,,,,,,,,,,,,,,,
,,,,,,,,,,,,,,,,,,,,,,,,,,,,
,,,,,,,,,,,,,,,,,,,,,,,,,,,,
,,,,,,,,,,,,,,,,,,,,,,,,,,,,
,,,,,,,,,,,,,,,,,,,,,,,,,,,,
,,,,,,,,,,,,,,,,,,,,,,,,,,,,
,,,,,,,,,,,,,,,,,,,,,,,,,,,,
,,,,,,,,,,,,,,,,,,,,,,,,,,,,
,,,,,,,,,,,,,,,,,,,,,,,,,,,,
,,,,,,,,,,,,,,,,,,,,,,,,,,,,
,,,,,,,,,,,,,,,,,,,,,,,,,,,,
,,,,,,,,,,,,,,,,,,,,,,,,,,,,
,,,,,,,,,,,,,,,,,,,,,,,,,,,,
,,,,,,,,,,,,,,,,,,,,,,,,,,,,
,,,,,,,,,,,,,,,,,,,,,,,,,,,,
,,,,,,,,,,,,,,,,,,,,,,,,,,,,
,,,,,,,,,,,,,,,,,,,,,,,,,,,,
,,,,,,,,,,,,,,,,,,,,,,,,,,,,
