Zone,District,PC,AC,Block,Panchayat,ZP Seat Number,Seat Reservation Status,ZP Chairman,ZP Vice Chairman,Probable ZP Candidate Name,Contact No,Category,Caste,Age,Brief Profile,JS Designation,Recommendation Source Categories,Remarks,PK Feedback,,Current Designation,,,
Champaran,East Champaran,2. Paschim Champaran,10. Raxaul,Raxaul,,Raxaul_1,Backward Class (Others),Mamta Rai,,Brahmanand Prasad,9473290500.0,EBC,Kanu,51.0,"-Contested the 2021 Zila Parishad election from Area No. 1, securing 5,700 votes.
-Finished as the runner-up in the 2011 Mukhiya elections.
-Founder of Lotus Public School, located in Raxaul.",,Onboarded,,,,Onboarded ZP,,,1.0
Champaran,East Champaran,2. Paschim Champaran,10. Raxaul,Raxaul,,Raxaul_1,Backward Class (Others),Mamta Rai,,Bipin Kumar,9504436646.0,EBC,Badhai,33.0,"-Contested the Zila Parishad (ZP) election in 2021, securing the runner-up position.
-Finished as the runner-up in the 2016 Mukhiya elections.",,Onboarded ,,,,Onboarded ZP,,,2.0
Champaran,East Champaran,2. Paschim Champaran,10. Raxaul,Raxaul,,Raxaul_1,Backward Class (Others),Mamta Rai,,Mohammad Nabihasan,9955937898.0,EBC,Muslim,56.0,"Incumbent ZP, Receieved 12600 votes, won by 4700 votes
In 2016, Contested ZP election, Received 8600 votes, lost by 200 votes",,Incumbent ZP,As per Bhuvan Patel he worked against the party during the AE,,He will come and meet PK>,,,,3.0
Champaran,East Champaran,2. Paschim Champaran,10. Raxaul,Raxaul,,Raxaul_1,Backward Class (Others),Mamta Rai,,Suman Patel (Bhuvan Patel's wife),7091014182.0,OBC,Kurmi,40.0,Incumbent Mukhiya,9801407494.0,Sangathan,"she will fight, if it is ladies seat",,,,,,4.0
Champaran,East Champaran,2. Paschim Champaran,10. Raxaul,Raxaul,,Raxaul_1,Backward Class (Others),Mamta Rai,,Chanchal ray ,9905191275.0,,,,"pacs adhyaksh 
zp candidate ",,New Name (Recommendation),by Amir bhai ,,,,,,5.0
Champaran,East Champaran,2. Paschim Champaran,10. Raxaul,Raxaul,,Raxaul_2,Unreserved (Mahila),Mamta Rai,,Sunita Devi,9199237628.0,General,SAH,47.0,"Incumbent ZP, JSP Inclination",,Incumbent ZP,"As per Bhuvan Patel, She has BJP inclination and allegedly hold post in BJP at Prakhand level",,,,,,1.0
Champaran,East Champaran,2. Paschim Champaran,10. Raxaul,Raxaul,,Raxaul_2,Unreserved (Mahila),Mamta Rai,,Shahana Khatun,9546151515.0,Minority,Muslim,46.0,"ZP 1ST RUNNER UP SECURED 8600 VOTES 
READY TO MEET PK
PREVIOUSLY INCLINED TO RJD BUT NOW READY TO CONTEST WITH SUPPORT OF JSP",,1st Runnerup,,,,,,,2.0
Champaran,East Champaran,2. Paschim Champaran,10. Raxaul,Raxaul,,Raxaul_2,Unreserved (Mahila),Mamta Rai,,Naseem Akhtar,,,,,,,,,,,,,,3.0
Champaran,East Champaran,2. Paschim Champaran,10. Raxaul,Raxaul,,Raxaul_2,Unreserved (Mahila),Mamta Rai,,,,,,,,,,,,,,,,4.0
Champaran,East Champaran,2. Paschim Champaran,10. Raxaul,Raxaul,,Raxaul_2,Unreserved (Mahila),Mamta Rai,,,,,,,,,,,,,,,,5.0
Champaran,East Champaran,2. Paschim Champaran,11. Sugauli,Ramgarhwa,,Ramgarhwa_3,Unreserved (Mahila),Mamta Rai,,Anchala Devi,8789352996.0,OBC,Kalwar,44.0,"-Incumbent 3 Consecutive Terms PACS Adhyaksh, 2014 To Till Date
-Former BJP Zila Sahkarita Prakosht, Adhyaksh, 2014 To 2024
-Cloth Merchant
 Vyasayi Prakosht ke Zila Adhyaksh",व्यावसायिक प्रकोष्ठ अध्यक्ष,Sangathan,,,,व्यावसायिक प्रकोष्ठ अध्यक्ष,,,1.0
Champaran,East Champaran,2. Paschim Champaran,11. Sugauli,Ramgarhwa,,Ramgarhwa_3,Unreserved (Mahila),Mamta Rai,,Vyas Giri Shankar,7764056740.0,OBC,Goswami,64.0,- Runner Up Zp - 1900 votes,BSC Member,Sangathan,"Sound old but interested to fight, Maidan bna rahe hai aisa bola inhone",,,,,,2.0
Champaran,East Champaran,2. Paschim Champaran,11. Sugauli,Ramgarhwa,,Ramgarhwa_3,Unreserved (Mahila),Mamta Rai,,Bablu Singh/Pooja singh,,,,,,,,,,,,,,3.0
Champaran,East Champaran,2. Paschim Champaran,11. Sugauli,Ramgarhwa,,Ramgarhwa_3,Unreserved (Mahila),Mamta Rai,,,,,,,,,,,,,,,,4.0
Champaran,East Champaran,2. Paschim Champaran,11. Sugauli,Ramgarhwa,,Ramgarhwa_3,Unreserved (Mahila),Mamta Rai,,,,,,,,,,,,,,,,5.0
Champaran,East Champaran,2. Paschim Champaran,11. Sugauli,Ramgarhwa,,Ramgarhwa_4,Unreserved (Mahila),Mamta Rai,,Nasima Khatun (Winner),9771009941.0,General,Muslim,30.0,"Incumbent ZP, JSP Inclination",,Incumbent ZP,,,,,,,1.0
Champaran,East Champaran,2. Paschim Champaran,11. Sugauli,Ramgarhwa,,Ramgarhwa_4,Unreserved (Mahila),Mamta Rai,,Mohd Amnulalah,9471695786.0,Minority,Muslim,42.0,"- ZP (2016)
- Runner up zp (2021)",BSC Member,Sangathan,he will fight if seat will be GEN in delimitation,,,,,,2.0
Champaran,East Champaran,2. Paschim Champaran,11. Sugauli,Ramgarhwa,,Ramgarhwa_4,Unreserved (Mahila),Mamta Rai,,Gaurav Raj (Recommendation of Purnima Bharti),8252411115.0,OBC,Goswami,34.0,-Ex Defacto Mukhiya Runner Up (lost by ~20 votes),,Sangathan Dump,,,,,,,3.0
Champaran,East Champaran,2. Paschim Champaran,11. Sugauli,Ramgarhwa,,Ramgarhwa_4,Unreserved (Mahila),Mamta Rai,,,,,,,,,,,,,,,,4.0
Champaran,East Champaran,2. Paschim Champaran,11. Sugauli,Ramgarhwa,,Ramgarhwa_4,Unreserved (Mahila),Mamta Rai,,,,,,,,,,,,,,,,5.0
Champaran,East Champaran,2. Paschim Champaran,11. Sugauli,Sugauli,,Sugauli_5,Unreserved (Mahila),Mamta Rai,,Imtiyaz Alam,9661139072.0,Minority,Muslim,47.0,Fough ZP election From last 2 teerms,Ex Prakhand Upadyaksh,Sangathan,,,,,,,1.0
Champaran,East Champaran,2. Paschim Champaran,11. Sugauli,Sugauli,,Sugauli_5,Unreserved (Mahila),Mamta Rai,,Vijay Kumar Sahani,9142901177 / 9507624625,EBC,Mallah,37.0,"Vijay Kumar Sahani | Male | 37 | EBC | Mallah | Former Defacto ZP Contestant

-Former Defacto(Wife)ZP Contestant, 2021, Got 4500 Votes
-Runs a Aryan Emergency Hospital, Sugauli
-Film Producer & Actor
-Social Worker(Provide Health Benefits to Needy at Very Low Cost)",,ACC,,,,,,,2.0
Champaran,East Champaran,2. Paschim Champaran,11. Sugauli,Sugauli,,Sugauli_5,Unreserved (Mahila),Mamta Rai,,Om Prakash Singh ,,,,71.0,"
- Retd Officer Supdt of Indian Army
Present Post:  Sarpanch Sukulpakar panchayat sah prakhand adhyaksh sarpanch sangh Sugauli",,New Name (Recommendation),,,,,,,3.0
Champaran,East Champaran,2. Paschim Champaran,11. Sugauli,Sugauli,,Sugauli_5,Unreserved (Mahila),Mamta Rai,,Vijay Kumar Sahani,9142901177.0,EBC,MALLAH,37.0,"Vijay Kumar Sahani | Male | 37 | EBC | Mallah | Former Defacto ZP Contestant

-Former Defacto(Wife)ZP Contestant, 2021, Got 4500 Votes
-Runs a Aryan Emergency Hospital, Sugauli
-Film Producer & Actor
-Social Worker(Provide Health Benefits to Needy at Very Low Cost)",ACC,ACC,AGAR GEN SEAT V RAHA TO YE LADEGA ,,,ACC,,,4.0
Champaran,East Champaran,2. Paschim Champaran,11. Sugauli,Sugauli,,Sugauli_5,Unreserved (Mahila),Mamta Rai,,,,,,,,,,,,,,,,5.0
Champaran,East Champaran,2. Paschim Champaran,11. Sugauli,Sugauli,,Sugauli_6,Backward Class (Mahila),Mamta Rai,,Shri Sandeep Mishra,7991131424.0,General,Brahmin,34.0,"- Former Block President of JS Sugauli
- Social Worker
- BDC runner-up 2016",जिला उपाध्यक्ष,Sangathan,,,,जिला उपाध्यक्ष,,,1.0
Champaran,East Champaran,2. Paschim Champaran,11. Sugauli,Sugauli,,Sugauli_6,Backward Class (Mahila),Mamta Rai,,Ijaz-ul-Haq,8809126792.0,EBC,Muslim,33.0,"- Incubment De-facto ZP, Sugauli
- Contested the ZP elections for the first time and won - His late Sister contested for ZP in the year 2016 and was runner up",DSC Member,Sangathan,,,,,,,2.0
Champaran,East Champaran,2. Paschim Champaran,11. Sugauli,Sugauli,,Sugauli_6,Backward Class (Mahila),Mamta Rai,,Putul Chaurasia,7667927266.0,,,,,,,She said - She has not thought of fighting ZP election.,,,,,,3.0
Champaran,East Champaran,2. Paschim Champaran,11. Sugauli,Sugauli,,Sugauli_6,Backward Class (Mahila),Mamta Rai,,,,,,,,,,,,,,,,4.0
Champaran,East Champaran,2. Paschim Champaran,11. Sugauli,Sugauli,,Sugauli_6,Backward Class (Mahila),Mamta Rai,,,,,,,,,,,,,,,,5.0
Champaran,East Champaran,3. Purvi Champaran,14. Govindganj,Paharpur,,Paharpur_7,,Mamta Rai,,Nagma Khatun/Ashmohamad Ansari,7296040674.0,EBC,Muslim,50.0,Incumbent ZP,,Incumbent ZP,Ready to Meet PK,,,,,,1.0
Champaran,East Champaran,3. Purvi Champaran,14. Govindganj,Paharpur,,Paharpur_7,,Mamta Rai,,Mukhdev Mishra,9471026019.0,General,Bhumihar,65.0,"Contested ZP 2006-2011
-Former RJD District General Secretary
His wife contested ZP election in 2001",Prakhand Abhiyan Samiti Sanyojak,Sangathan Dump,he will contest if the delimitation is in favour,,,सदस्य,,,2.0
Champaran,East Champaran,3. Purvi Champaran,14. Govindganj,Paharpur,,Paharpur_7,,Mamta Rai,,Tejnarayan Prasad,9576891188.0,EBC,Bania/Kanu,52.0,"INCUMBENT ZP, Won by-election in 2023, Received 7200 votes
 Fought ZP election in 2021, Received 6200 votes, Lost by 700
2011 to 2016, He was BDC
He did not fight election in 2021 due to reservation
",,"1st Runnerup, Incumbent ZP",,,,,,,3.0
Champaran,East Champaran,3. Purvi Champaran,14. Govindganj,Paharpur,,Paharpur_7,,Mamta Rai,,Zahir Ansari,8877884960.0,Minority,Ansari,36.0,"Winner of 2021 ZP elections, currently his ZP status is doubtful due to a discrepency in documentations.",BSC Member,Sangathan Dump,,,,,,,4.0
Champaran,East Champaran,3. Purvi Champaran,14. Govindganj,Paharpur,,Paharpur_7,,Mamta Rai,,Md Nasurudin Golden,918877131395.0,EBC,MANSURI,26.0,"MD NASURUDIN GOLDEN | EBC | MANSURI | 26
INCUMBENT PACS 
WANT TO CONTEST ZP",ACC ONLINE,Online ACC,,,,ACC Online,,,5.0
Champaran,East Champaran,3. Purvi Champaran,14. Govindganj,Paharpur,,Paharpur_8,Backward Class (Others),Mamta Rai,,Suryamukhi Devi/Ramashish Kumar Gupta,9431253015.0,OBC,Rauniyar,48.0,"-Contested the 2021 ZP elections from Harshidhi 17, securing a strong total of 5,900 votes.
In 2016 , contested ZP, Received 4800 votes
-A relative newcomer to public life, with no prior active involvement in politics before the 2021 election cycle.",,Onboarded ,,,,Onboarded ZP,,,1.0
Champaran,East Champaran,3. Purvi Champaran,14. Govindganj,Paharpur,,Paharpur_8,Backward Class (Others),Mamta Rai,,Ahmad Hussain Ansari,9801719783.0,EBC,Muslim,47.0,"Incumbent ZP, received 6400 votes, won by 600 votes
Contested ZP in 2016, Received 4800, lost by 500 votes",,Onboarded ,,,Want to meet Prashant ,,,,2.0
Champaran,East Champaran,3. Purvi Champaran,14. Govindganj,Paharpur,,Paharpur_8,Backward Class (Others),Mamta Rai,,,,,,,,,,,,,,,,3.0
Champaran,East Champaran,3. Purvi Champaran,14. Govindganj,Paharpur,,Paharpur_8,Backward Class (Others),Mamta Rai,,,,,,,,,,,,,,,,4.0
Champaran,East Champaran,3. Purvi Champaran,14. Govindganj,Paharpur,,Paharpur_8,Backward Class (Others),Mamta Rai,,,,,,,,,,,,,,,,5.0
Champaran,East Champaran,3. Purvi Champaran,14. Govindganj,Areraj,,Areraj_9,Unreserved (Mahila),Mamta Rai,,Krishna Kant Mishra/ Madhu Mishra,9473016774.0,General,Brahmin,63.0,"-Former 3 Terms ZP Member(2001 To 2016)
-Former Janta Dal Pradesh sachiv(1990 To 1994)
-Formwer RJD Pradesh Sachiv(1998 To 2005)
-Jan Suraaj Zila Sanghtan Mahasachiv
-Agriculture",राज्य सलाहकार समिति ,Sangathan,,,,राज्य सलाहकार समिति ,,,1.0
Champaran,East Champaran,3. Purvi Champaran,14. Govindganj,Areraj,,Areraj_9,Unreserved (Mahila),Mamta Rai,,Rajesh Kumar Urf Rajan Rai,7488462401.0,General,Bhumihar,51.0,"-Former RJD District General Secretary(2005 to 2009
-Former 2 Terms Defacto ZP Contestant(2021, got 3501 votes & 2016 , got 6500 Votes)
-Jan Suraaj District Committee Member
-Agriculture
-Social Worker(Provide Financaial Support to more than 144  Poor Patients
-Provide Financial Help to Students and Farmer",,ACC,HE WIL HELP TO IDENTIFY SC OR EBC CANDIDATE AFTER 17TH SEP,,,ACC,,,2.0
Champaran,East Champaran,3. Purvi Champaran,14. Govindganj,Areraj,,Areraj_9,Unreserved (Mahila),Mamta Rai,,Sibu None,919507658542.0,General,BRAHMIN,33.0,"Sibu None | GEN | BRAHMIN | 33 
ZP CONTENTENT ",ACC ONLINE,Online ACC,,,,ACC Online,,,3.0
Champaran,East Champaran,3. Purvi Champaran,14. Govindganj,Areraj,,Areraj_9,Unreserved (Mahila),Mamta Rai,,,,,,,,,,,,,,,,4.0
Champaran,East Champaran,3. Purvi Champaran,14. Govindganj,Areraj,,Areraj_9,Unreserved (Mahila),Mamta Rai,,,,,,,,,,,,,,,,5.0
Champaran,East Champaran,3. Purvi Champaran,14. Govindganj,Areraj,,Areraj_10,Unreserved (Other),Mamta Rai,,"Shailendra Kumar Mishra ""Pappu Mishra""",7903772699.0,General,Brahmin,46.0,"-Incumbnet 3 Consecutive times ZP (2011 to Till date)
-Former ZP Contsetant(2006) , got 3981 votes
-Former Mukhiya Contestant(2001), got 911 votes
-Former NCP Zila Mahasachiv(2011 to 2022)
-Former NCP Zila Sachiv(2008 to 2010)
-Former NCP Prakhand Adhyaksh(2003 to 2005)
-Jan Suraaj Pradesh Ahiyaan Samiti Sadasya",राज्य सलाहकार समिति ,Sangathan,,,,राज्य सलाहकार समिति ,,,1.0
Champaran,East Champaran,3. Purvi Champaran,14. Govindganj,Areraj,,Areraj_10,Unreserved (Other),Mamta Rai,,Ishwarchand Mishra,8709829078.0,General,Brahmin,47.0,Incumbent ZP,,Incumbent ZP,,,,,,,2.0
Champaran,East Champaran,3. Purvi Champaran,14. Govindganj,Areraj,,Areraj_10,Unreserved (Other),Mamta Rai,,Ramsurat Paswan,8809589862.0,SC,DUSADH,30.0,"ZP Contestent -2021
Social Worker Since 8 Years.",BSC Member,Sangathan,,,,,,,3.0
Champaran,East Champaran,3. Purvi Champaran,14. Govindganj,Areraj,,Areraj_10,Unreserved (Other),Mamta Rai,,"Sunil Kumar ""Babar"" Singh",9771925819/9199992593,General,Rajput,49.0,"- ZP Runner Up in 2021 elections, Areraj (10) & secured 5086 votes
- Ex Mukhiya of Sareya Panchayat (2016-21)
- His father continuously served as the GP's Mukhiya for 27 years. - His grandfather had also been Mukhiya of the GP. - Financially very strong, owns a total of six chimnies.",DSC Member,Sangathan Dump,,,,,,,4.0
Champaran,East Champaran,3. Purvi Champaran,14. Govindganj,Areraj,,Areraj_10,Unreserved (Other),Mamta Rai,,,,,,,,,,,,,,,,5.0
Champaran,East Champaran,2. Paschim Champaran,12. Narkatiya,Adapur,,Adapur_11,Unreserved (Mahila),Mamta Rai,,Umravati Devi,9110027893.0,General,kurmi,50.0,ready to meet . also agree with prashant's views ,,Incumbent ZP,,,,,,,1.0
Champaran,East Champaran,2. Paschim Champaran,12. Narkatiya,Adapur,,Adapur_11,Unreserved (Mahila),Mamta Rai,,Rajketu Prasad Yadav,7277020887.0,OBC,YADAV,37.0,"Zp Runner Up (Got 1600 Votes ) -2021 (E.No-11)
Village Practioner Since -2007",BSC Member,Sangathan,,,,,,,2.0
Champaran,East Champaran,2. Paschim Champaran,12. Narkatiya,Adapur,,Adapur_11,Unreserved (Mahila),Mamta Rai,,Madan Shah,9472274986.0,EBC,KANU,48.0,"- ZP contestant in 2021.
- Ex JDU Vice block president.
- Businessman (Electronics shops)",BSC Member,Sangathan,,,,,,,3.0
Champaran,East Champaran,2. Paschim Champaran,12. Narkatiya,Adapur,,Adapur_11,Unreserved (Mahila),Mamta Rai,,Naseem Akhtar,9771074444.0,Minority,Muslim,52.0,Defecto Zp 2016 to 2021 and 2006 to 2011,Sangathan Zila Upadhyaksh,Sangathan,,,,,,,4.0
Champaran,East Champaran,2. Paschim Champaran,12. Narkatiya,Adapur,,Adapur_11,Unreserved (Mahila),Mamta Rai,,,,,,,,,,,,,,,,5.0
Champaran,East Champaran,2. Paschim Champaran,12. Narkatiya,Adapur,,Adapur_12,Unreserved (Mahila),Mamta Rai,,Shri Pradeep Kumar,9955499731.0,General,Bhumihar,38.0,"He will contest the Zila Parishad election if the seat is not reserved, and if he gets responsibility from the party.
ACC
""Pradeep Kumar| Male | 38 | General | Bhumihar | Businessman

-Jansuraaj Block President of Adapur Block
-Completed 2K Jansuraaj members 
-Grand Father Late Bhagat Singh was JP senani & Contested MLA on CPI Ticket in 2000
-Business ( Tool Parts Distributers)""",जिला उपाध्यक्ष,"Sangathan, ACC",,,,Vidhan Sabha Sanyojak,,,1.0
Champaran,East Champaran,2. Paschim Champaran,12. Narkatiya,Adapur,,Adapur_12,Unreserved (Mahila),Mamta Rai,,Ruvi Devi,9852617140.0,General,Bhumihar,45.0,"INCUMBENT ZP SECURED 7151 VOTES 
SUPPOTER JS 
READY TO MEET PK 
WANT TO CONTEST WITH JS",,Incumbent ZP,,,,,,,2.0
Champaran,East Champaran,2. Paschim Champaran,12. Narkatiya,Adapur,,Adapur_12,Unreserved (Mahila),Mamta Rai,,Sujeet Kumar,8892985159.0,EBC,KANU,35.0,"Sujeet Kumar | Male | 35 | EBC | Kanu | Businessman

-Businessman(Dairy Products Manufacturer, Nepal)
-Jan Suraaj Anumandal Media Prabhari
-Social Worker",ACC,ACC,,,,ACC,,,3.0
Champaran,East Champaran,2. Paschim Champaran,12. Narkatiya,Adapur,,Adapur_12,Unreserved (Mahila),Mamta Rai,,Sudesh Mahto,9097399069.0,OBC,KUSHWAHA ,43.0,"Sudesh Mahto | 43 | OBC | Kushwaha |Male| 9097399069
JSP Prakhand mahamantri 
- Two times defacto Mukhiya 2006 & 2016
- His wife is Aasha worker from 2006""-",EMC,EMC,,,,EMC,,,4.0
Champaran,East Champaran,2. Paschim Champaran,12. Narkatiya,Adapur,,Adapur_12,Unreserved (Mahila),Mamta Rai,,,,,,,,,,,,,,,,5.0
Champaran,East Champaran,3. Purvi Champaran,16. Kalyanpur,Kotwa,,Kotwa_13,SC (Other),Mamta Rai,,Arun Kushwaha,8084696006.0,OBC,Kushwaha,40.0,"- Social worker, good holds on koiri community
- His father was LJP(R) District Vice-president
- His father was Mukhiya in 2001
- His father was Mukhiya runner-up in 2006",सदस्य,Sangathan,,,,सदस्य,,,1.0
Champaran,East Champaran,3. Purvi Champaran,16. Kalyanpur,Kotwa,,Kotwa_13,SC (Other),Mamta Rai,,Krishna Baitha,9939796284.0,SC,Dhobi,49.0,"- Runner-up 2021 ZP Candidate from Kotwa Block, secured 4977 votes
- Defacto Up-Mukhiya 2006-11 Jasauli GP
- One of the tallest SC leader in the Block        ",Prakhand upadhyaksh,Sangathan,,,,,,,2.0
Champaran,East Champaran,3. Purvi Champaran,16. Kalyanpur,Kotwa,,Kotwa_13,SC (Other),Mamta Rai,,Mukesh Das,8969257976.0,SC,Patwa/Pan Samaj,36.0,"2021: ZP 4th runner-up | received 2372 votes | among 20 candidates
- Running his own hardware shop",BSC Member,Sangathan,,,,,,,3.0
Champaran,East Champaran,3. Purvi Champaran,16. Kalyanpur,Kotwa,,Kotwa_13,SC (Other),Mamta Rai,,MANOJ PASWAN,7645910026.0,SC,DUSHADH,39.0,"INCUMBENT ZP 
MAIN MAN IS MANAGER YADAV (9934188783)",,Incumbent ZP,,,,,,,4.0
Champaran,East Champaran,3. Purvi Champaran,16. Kalyanpur,Kotwa,,Kotwa_13,SC (Other),Mamta Rai,,,,,,,,,,,,,,,,5.0
Champaran,East Champaran,3. Purvi Champaran,16. Kalyanpur,Kotwa,,Kotwa_14,Backward Class (Others),Mamta Rai,,KB Singh,9661218808.0,General,Bhumihar,45.0,"-Former Block President for the Kalyanpur block under the Jan Suraaj (JS) party.
-Finished as the runner-up in the 2006 Mukhiya elections.",,Onboarded ,,,,Onboarded ZP,,,1.0
Champaran,East Champaran,3. Purvi Champaran,16. Kalyanpur,Kotwa,,Kotwa_14,Backward Class (Others),Mamta Rai,,Sambhu Thakur,9006994383 // 8825141780,EBC,Nai,53.0,"ZP RUNNER UP SECURED 8800 VOTES 
MANAGER YADAV (9934188783) IS THE MAIN MAN FOR KOTWA 13 AND 14 
ANYHOW HE WILL CONTEST REGARDLESS OF RESERVATION .",,1st Runnerup,,,,,,,2.0
Champaran,East Champaran,3. Purvi Champaran,16. Kalyanpur,Kotwa,,Kotwa_14,Backward Class (Others),Mamta Rai,,Satyanarayan Yadav,9430234543.0,OBC,Yadav,53.0,"Satyanarayan Yadav | Male | 53 | OBC | Yadav | Former Mukhiya
-Former 3 Consecutive Terms Mukhiya(2001 to 2016)
-Former RJD Zila Mahasachiv(2014 to 2017)
-Former RJD Member 2005 to 2020)
-Jan Suraaj State Core Committee Member",ACC,ACC,,,,ACC,,,3.0
Champaran,East Champaran,3. Purvi Champaran,16. Kalyanpur,Kotwa,,Kotwa_14,Backward Class (Others),Mamta Rai,,Mantosh Kumar Sahni,8651165020.0,EBC,MALLAH,39.0,"Mantosh Kumar Sahni| Male | 39| EBC | Mallah | JDU Sate General Secretary

BAMS MS
-Owner of Urmila Sewa Hospital
-Jansuraaj State Executive Member
-JDU State General Secratory, EBC Cell( 2022-23)
-JDU District Executive Member
-JDU District President EBC Cell ( 2019-23)
-LJP Block President ( 2006-2008)
-LJP District Youth President ( 2011-14)

",ACC,ACC,,,,Vidhan Sabha Sanyojak,,,4.0
Champaran,East Champaran,3. Purvi Champaran,16. Kalyanpur,Kotwa,,Kotwa_14,Backward Class (Others),Mamta Rai,,,,,,,,,,,,,,,,5.0
Champaran,East Champaran,3. Purvi Champaran,15. Kesaria,Sangrampur,,Sangrampur_15,Unreserved (Mahila),Mamta Rai,,Sadaf Khanam,9939677186.0,General,Muslim,23.0, 3 times winner highly influencial  ,,Incumbent ZP,,,,,,,1.0
Champaran,East Champaran,3. Purvi Champaran,15. Kesaria,Sangrampur,,Sangrampur_15,Unreserved (Mahila),Mamta Rai,,Anamika Singh,9525210352 // 8210129400,General,Bhumihar,52.0,"ZP RUNNER UP LOST BY 225 VOTES 
SUPPOTER OF JS 
WANTS TO MEET PRASHANT AND VERY WELL PREPARED FOR ELECTION",,Runnerup ZP,,,,,,,2.0
Champaran,East Champaran,3. Purvi Champaran,15. Kesaria,Sangrampur,,Sangrampur_15,Unreserved (Mahila),Mamta Rai,,Mohammed Raza Khan,9939838181.0,General,PATHAN,36.0,"-2021 ZP Contested,secured 2000 votes.
-",BSC Member,Sangathan Dump,,,,,,,3.0
Champaran,East Champaran,3. Purvi Champaran,15. Kesaria,Sangrampur,,Sangrampur_15,Unreserved (Mahila),Mamta Rai,,,,,,,,,,,,,,,,4.0
Champaran,East Champaran,3. Purvi Champaran,15. Kesaria,Sangrampur,,Sangrampur_15,Unreserved (Mahila),Mamta Rai,,,,,,,,,,,,,,,,5.0
Champaran,East Champaran,3. Purvi Champaran,15. Kesaria,Sangrampur,,Sangrampur_16,Unreserved (Other),Mamta Rai,,Shri Ravi Kumar Pandey,6200299850.0,General,Brahmin,38.0,"-Contested the 2021 Zila Parishad (ZP) elections, securing a total of 2,590 votes.
-Founder of Sanskar Vidyapeeth.",जिला सचिव,Sangathan,,,,जिला सचिव,,,1.0
Champaran,East Champaran,3. Purvi Champaran,15. Kesaria,Sangrampur,,Sangrampur_16,Unreserved (Other),Mamta Rai,,Shri Amit Kumar Singh alias Amit Anal,7004930035.0,General,Bhumihar,45.0,"Contested ZP in 2021, Received 6000 votes, lost by 221 votes
- 2001 Father was former ward member of ward 05.",सदस्य,Sangathan,,,,सदस्य,,,2.0
Champaran,East Champaran,3. Purvi Champaran,15. Kesaria,Sangrampur,,Sangrampur_16,Unreserved (Other),Mamta Rai,,Manish Ram,,,,,,,,,,,,,,3.0
Champaran,East Champaran,3. Purvi Champaran,15. Kesaria,Sangrampur,,Sangrampur_16,Unreserved (Other),Mamta Rai,,Ashok Hazra,7322041286.0,SC ,DUSADH,60.0,"- Former BDC 2001-2005
-ZP Contestant 2021
-BJP Kisan Prakosht Dist. Adhyaksh 2005-2011
-JDU Dist. Dalist Prakosht Adhyaksh 2019-2020",DSC Member,Sangathan Dump,,,,,,,4.0
Champaran,East Champaran,3. Purvi Champaran,15. Kesaria,Sangrampur,,Sangrampur_16,Unreserved (Other),Mamta Rai,,,,,,,,,,,,,,,,5.0
Champaran,East Champaran,3. Purvi Champaran,13. Harsidhi,Harsidhi,,Harsidhi_17,Unreserved (Mahila),Mamta Rai,,Suryamukhi Devi,9431253015.0,OBC,Gupta,52.0,"ZP RUNNERUP SECORED 9700 VOTES IN 2021
CONTRACTOR
FERTILIZER SHOP
JS SUPPOTER
WANTS TO MEET PK",,1st Runnerup,,,,Onboarded ZP,,,1.0
Champaran,East Champaran,3. Purvi Champaran,13. Harsidhi,Harsidhi,,Harsidhi_17,Unreserved (Mahila),Mamta Rai,,Manoj Ram,9801446500.0,SC,Ravidas,39.0,"-Incumbent Block Pramukh (2021 To Till Date)
-Incumbent Panchayat Samiti(2021 To Till Date)
-Former Mukhiya (2011 To 2016)
-Former Mukhiya Contestant(2006), Got 1600 Votes
-Former RJD Media Prabhari(2012 To 2023)
-Jan Suraaj State Core Commitee Member
-Working as a Press Reporter(2010 To Till Date)
-Chemist""",,"""Sangathan, ACC""",,,,ACC,,,2.0
Champaran,East Champaran,3. Purvi Champaran,13. Harsidhi,Harsidhi,,Harsidhi_17,Unreserved (Mahila),Mamta Rai,,Uttam Sahni,9546698610.0,EBC,MALLAH,30.0,"Uttam Sahni | EBC | MALLAH | 30
ZP CANDIDATE 
HE IS PREPARING WELL FOR ELECTION",ACC ONLINE,Online ACC,PRIORITY ,,,,,,3.0
Champaran,East Champaran,3. Purvi Champaran,13. Harsidhi,Harsidhi,,Harsidhi_17,Unreserved (Mahila),Mamta Rai,,Ratish Kumar Singh,8789130258.0,General,Rajpoot,48.0,Ex-Pacs Adhyaskh ,,New Name (Recommendation),,,,,,,4.0
Champaran,East Champaran,3. Purvi Champaran,13. Harsidhi,Harsidhi,,Harsidhi_17,Unreserved (Mahila),Mamta Rai,,,,,,,,,,,,,,,,5.0
Champaran,East Champaran,3. Purvi Champaran,13. Harsidhi,Harsidhi,,Harsidhi_18,,Mamta Rai,,Shri Sundaram Kushwaha,9006993779.0,OBC,Kushwaha,,"
-JS Block President (2022-2024)
-Ex Up-Block Pramukh, Harsidhi Block (2009-11)
-Zila Parishad Candidate in 2011 ,2016, and 2021elections.
-Runner up in 2016 and 2021 elections",जिला उपाध्यक्ष,Sangathan,,,,जिला उपाध्यक्ष,,,1.0
Champaran,East Champaran,3. Purvi Champaran,13. Harsidhi,Harsidhi,,Harsidhi_18,,Mamta Rai,,Mala Giri/Rohit Giri,7903177378.0,EBC,Goswami,47.0,"3rd time ZP 
Contested ZP Chairman election against Gappu Rai (with help of Jansuraaj)",,Incumbent ZP,,,,,,,2.0
Champaran,East Champaran,3. Purvi Champaran,13. Harsidhi,Harsidhi,,Harsidhi_18,,Mamta Rai,,राम जनम राम,919631058695.0,SC,RAVIDAS,47.0,"राम जनम राम | SC | RAVIDAS | 47 
3 TIMES INCUMBENT MUKHIYA 
ZP TO BE CONTESTED ",ACC ONLINE,Online ACC,,,,ACC Online,,,3.0
Champaran,East Champaran,3. Purvi Champaran,13. Harsidhi,Harsidhi,,Harsidhi_18,,Mamta Rai,,Sheela Kumari/Awadhesh Kumar,8210265655/8969680570,SC,RAVIDAS,43.0,"Awadhesh Kumar | 43 | SC | Ravidas | Former Panchayat Samiti Member

-Former Panchayat Samiti Member(2011 To 2016)
-Former Block Parmukh(2011 To 2016)
-Former Defacto Mukhiya(2016 To 2021)
-",ACC,ACC,,,,ACC,,,4.0
Champaran,East Champaran,3. Purvi Champaran,13. Harsidhi,Harsidhi,,Harsidhi_18,,Mamta Rai,,,,,,,,,,,,,,,,5.0
Champaran,East Champaran,3. Purvi Champaran,13. Harsidhi,Harsidhi,,Harsidhi_19,Unreserved (Other),Mamta Rai,,Razia Khatun,6209373255.0,Minority,Muslim,34.0,"-Incumbent Panchayat Samiti Sadasya(2021 to Till Date)
-Former RJD Prakhand Adhyaksh Mahila Prakosht(2021 to 2022)
-Ex Jan Suraaj Mahila Anumandal Adhyaksh
-Working as a Jeevika CM

",,Onboarded ,,,,Vidhan Sabha Sanyojak,,,1.0
Champaran,East Champaran,3. Purvi Champaran,13. Harsidhi,Harsidhi,,Harsidhi_19,Unreserved (Other),Mamta Rai,,Abhishek Kumar,8709106026.0,General,Bhumihar,43.0,"Faught ZP election in 2011, 2016 and 2021 and secured 4300, 5700 and 3200 votes. 
He owns a Messy Fergusion tractor agency.",Prakhand upadhyaksh,Sangathan,,,,,,,2.0
Champaran,East Champaran,3. Purvi Champaran,13. Harsidhi,Harsidhi,,Harsidhi_19,Unreserved (Other),Mamta Rai,,Achal Gupta,6201845488.0,EBC,Baniya,32.0,"- Defacto ZP member, Harsidhi (19)
- His Mother was ZP in 2016 to 21 from an area no 19. 
- His father was POC at that time. His father died in 2020. 
- After he took charge of the family legacy and fought and won again in 2021. 
- Secretary, Nav Yuvak Samaj Sevak Sangathan, Harsidhi ",Zila Sachiv,Sangathan,,,,सदस्य,,,3.0
Champaran,East Champaran,3. Purvi Champaran,13. Harsidhi,Harsidhi,,Harsidhi_19,Unreserved (Other),Mamta Rai,,Sanjeet Sharma,9304219948.0,EBC,Lohar,31.0,"Fought ZP election in 2021 and secured 2800 votes from an area no 19.
He has led multiple protests many times for roads, hospitals and better schooling.",BSC Member,Sangathan,,,,,,,4.0
Champaran,East Champaran,3. Purvi Champaran,13. Harsidhi,Harsidhi,,Harsidhi_19,Unreserved (Other),Mamta Rai,,Kamlesh Kant Giri,7543942104.0,EBC,Giri,52.0,"-Former BJP Yuva Mahamantri(2010 To 2024)
-Jan Suraaj State Core Committee Member
-Runs a Imperishable Security Services
-Contractor(Civil)",,ACC,,,,ACC,,,5.0
Champaran,East Champaran,3. Purvi Champaran,13. Harsidhi,Turkaulia,,Turkaulia_20,SC (Mahila),Mamta Rai,,Rinki Devi,8340791005.0,SC,Paswan,35.0,"-She was 2021 ZP Runner- up Candidate.
-She secured 7000 votes acquiring 2nd position.
-She is very vocal about women issues.
-Her family owns Arti Photo Studio and has a Youtube chanel with 20,000 subscribers. The family has PDS dealership too.",,Sangathan,,,,,,,1.0
Champaran,East Champaran,3. Purvi Champaran,13. Harsidhi,Turkaulia,,Turkaulia_20,SC (Mahila),Mamta Rai,,Jitender Chaudhary,8210036630.0,SC,Paasi,,"- He is a school teacher and Husband of Nitu Chaudhry. 
- She contested ZP 2021 elections (ZP 20) and secured third place in her very first election.",,Sangathan,,,,,,,2.0
Champaran,East Champaran,3. Purvi Champaran,13. Harsidhi,Turkaulia,,Turkaulia_20,SC (Mahila),Mamta Rai,,Akhtar Hussian,9304529507.0,EBC,Muslim,50.0,"Contested ZP election in 2011, lost by 123 votes
Contested ZP election in 2016, lost by very thin margin
",,ZP Contestant,"He is not in Jansuraj, but he can be brought in the party. He is associated with RJD.",,,,,,3.0
Champaran,East Champaran,3. Purvi Champaran,13. Harsidhi,Turkaulia,,Turkaulia_20,SC (Mahila),Mamta Rai,,,,,,,,,,,,,,,,4.0
Champaran,East Champaran,3. Purvi Champaran,13. Harsidhi,Turkaulia,,Turkaulia_20,SC (Mahila),Mamta Rai,,,,,,,,,,,,,,,,5.0
Champaran,East Champaran,3. Purvi Champaran,13. Harsidhi,Turkaulia,,Turkaulia_21,Unreserved (Mahila),Mamta Rai,,Shri Sanjeev Verma,9472275569.0,,,,,जिला सचिव,Sangathan,,,,जिला सचिव,,,1.0
Champaran,East Champaran,3. Purvi Champaran,13. Harsidhi,Turkaulia,,Turkaulia_21,Unreserved (Mahila),Mamta Rai,,Sudha Verma,8409481249 / 9122406321,General,Kayasth,50.0,"-Contested ZP elections in 2021, received 3900 votes
-Retired Professor of Music at Sugauli College.
-Vocal about issues of Women in society and women empowerment.",Ex Prakhand Mahila Adhyaksh,Sangathan,"Depends on the delimitation, gen seats: he will fight, mahila seat: His wife",,,ACC,,,2.0
Champaran,East Champaran,3. Purvi Champaran,13. Harsidhi,Turkaulia,,Turkaulia_21,Unreserved (Mahila),Mamta Rai,,Seela Devi/Awdhesh Ram,,,,,,,,,,,,,,3.0
Champaran,East Champaran,3. Purvi Champaran,13. Harsidhi,Turkaulia,,Turkaulia_21,Unreserved (Mahila),Mamta Rai,,BEENA VISHWAKARMA W/O श्री अभय शर्मा,7250749767.0,EBC,LOHAR,46.0,"Abhay Kumar| 46| Male| EBC| Lohar
- Ex RJD Pradesh Maha Sachiv - Lawyer by profession - Ex Mukhiya Sangh Adhyaksh, Turkauliya (2016-21)
- His uncle contested for MP elections",महामंत्री,Sangathan,,,,महामंत्री,,,4.0
Champaran,East Champaran,3. Purvi Champaran,13. Harsidhi,Turkaulia,,Turkaulia_21,Unreserved (Mahila),Mamta Rai,,,,,,,,,,,,,,,,5.0
Champaran,East Champaran,2. Paschim Champaran,12. Narkatiya,Banjariya,,Banjariya_22,Unreserved (Other),Mamta Rai,,Ozair Anjum,9430075008.0,Minority,minority,60.0,"- Ex-ZP Member (2011-16) from Banjaria(Area No.22)
- contested ZP election from 2001 - 2016
- Bureau Chief, Quami Tanzeem(Urdu Newspaper)",BSC Member,Sangathan,,,,,,,1.0
Champaran,East Champaran,2. Paschim Champaran,12. Narkatiya,Banjariya,,Banjariya_22,Unreserved (Other),Mamta Rai,,Dinesh Prasad,8084724838.0,EBC,TELI,50.0,"- ZP Contestant( 2016- Runner Up , 2021-3rd) and secured around 4000 votes
- Contested Mukhiya Elections in 2001 from Rohiniya Panchayat and Panchayat Samiti in 2006",Prakhand upadhyaksh,Sangathan,,,,,,,2.0
Champaran,East Champaran,2. Paschim Champaran,12. Narkatiya,Banjariya,,Banjariya_22,Unreserved (Other),Mamta Rai,,Naseem Akhtar,7480838743.0,Minority,Muslim,30.0,"Active In Gp Politics Since -5 Years 
Doing Campaign For  Incumbent Zp Tauseef Ur Rahman
Motivated For Jansuraaj",BSC Member,Sangathan,,,,,,,3.0
Champaran,East Champaran,2. Paschim Champaran,12. Narkatiya,Banjariya,,Banjariya_22,Unreserved (Other),Mamta Rai,,Sinki Devi/Ajay Kumar,8797408536.0,EBC,Mallah,28.0,"-Incumbent Panchayat Samiti (2021 To Till Date)
-Brick Klin Business
-Works for Women Empowerment",,,,,,ACC,,,4.0
Champaran,East Champaran,2. Paschim Champaran,12. Narkatiya,Banjariya,,Banjariya_22,Unreserved (Other),Mamta Rai,,Md Tauseefur Rahman,7688861296.0,General,Sheikh,28.0,"-Incumbent ZP Member, 2021 To Till Date, Got 5080 Votes
-Grand Father was 2 Terms Mukhiya 
-Former AAP Block Coordinator, 2014 To 2016
-Jan Suraaj Youth District President
-Director Of a Private School, Rahman International School
-Vice President Of HAVO Organisation",,,,,,ACC,,,5.0
Champaran,East Champaran,2. Paschim Champaran,12. Narkatiya,Banjariya,,Banjariya_23,Unreserved (Other),Mamta Rai,,Baibhab Suman,6202235205.0,General,lala,30.0,-ZP contestant in 2021 got 1.5k votes,BSC Member,Sangathan,,,,,,,1.0
Champaran,East Champaran,2. Paschim Champaran,12. Narkatiya,Banjariya,,Banjariya_23,Unreserved (Other),Mamta Rai,,Dr. Md. Umesh Akhtar,8709228912.0,Minority,Muslim,57.0,"- Ex-ZP Member (2001-06) from Area no.23
- ZP Runner-Up in ZP elections 2016 & 2021
-BAMS Doctor",DSC Member,Sangathan,,,,,,,2.0
Champaran,East Champaran,2. Paschim Champaran,12. Narkatiya,Banjariya,,Banjariya_23,Unreserved (Other),Mamta Rai,,Zafir Azad ,9708045226.0,Minority,Muslim,52.0,"-Incumbent 2 Term Block Pramukh 
-Incumbent 3rd Term BDC (2016-Till Date)
-Prominent Businessman ( Real State, Construction and Brics Factory)
-His sister in law Tanya Praveen Incumbent Mukhiya and awardee by President Of India in 2023.
-Father late Izhar Hussain was Former Mukhiya (1977-2000)
-His cousin brother Faisal Rehman was Ex MLA from Dhaka assembly
-Former RJD Member ( 2000-2014)
-Former BJP Member (2014-2021)
""",ACC,,,,,ACC,,,3.0
Champaran,East Champaran,2. Paschim Champaran,12. Narkatiya,Banjariya,,Banjariya_23,Unreserved (Other),Mamta Rai,,Rajeev Kumar,9470641441.0,EBC,Teli,37.0,"-Former Mukhiya Contestant, 2016 , Got 1200 Votes
-Former ASA Yuva Morcha Zila Adhyaksh, 2024 To 2025
-Former BJP Zila Mahamantri, 
-Former JDU Zila Yuva Adhyaksh
-Owns a Marriage Hall & Hotels
-Food Grain and Animal Feed Agency",ACC,,,,,ACC,,,4.0
Champaran,East Champaran,2. Paschim Champaran,12. Narkatiya,Banjariya,,Banjariya_23,Unreserved (Other),Mamta Rai,,,,,,,,,,,,,,,,5.0
Champaran,East Champaran,2. Paschim Champaran,12. Narkatiya,Chawradano,,Chawradano_24,Backward Class (Others),Mamta Rai,,Rameshwar Pandit,9504960873.0,EBC,Kumhar,42.0,"-Contested the ZP election for the first time, securing a notable 5,000 votes.
-Operates as an independent political figure with no current affiliations to any political party.
-Professionally engaged in the fish farming (pisciculture) business.
-Actively preparing and ready to contest in the upcoming elections.",,Onboarded ,,,,Onboarded ZP,,,1.0
Champaran,East Champaran,2. Paschim Champaran,12. Narkatiya,Chawradano,,Chawradano_24,Backward Class (Others),Mamta Rai,,"Bablu Kumar ""Santosh Prasad""",9631936019.0,EBC,TELI ,45.0,"-He contested ZP elections in 2011 but lost. 
-In 2016 ZP elections, he emerged as the runner-up and lost by 30 votes. 
-In 2021 ZP elections, he got 4200 votes but lost. 
-He also runs a hardware shop “Ashok Hardware” on Gudri Bazar Road
- Incumbent Congress block president",Prakhand upadhyaksh,Sangathan,,,,,,,2.0
Champaran,East Champaran,2. Paschim Champaran,12. Narkatiya,Chawradano,,Chawradano_24,Backward Class (Others),Mamta Rai,,Rakesh Kumar Ram,919661520509.0,SC,Ravidas,32.0,Contested Ward Sadasya Election in 2021 and won,,Online ACC,,,,ACC Online,,,3.0
Champaran,East Champaran,2. Paschim Champaran,12. Narkatiya,Chawradano,,Chawradano_24,Backward Class (Others),Mamta Rai,,,,,,,,,,,,,,,,4.0
Champaran,East Champaran,2. Paschim Champaran,12. Narkatiya,Chawradano,,Chawradano_24,Backward Class (Others),Mamta Rai,,,,,,,,,,,,,,,,5.0
Champaran,East Champaran,2. Paschim Champaran,12. Narkatiya,Chawradano,,Chawradano_25,Unreserved (Other),Mamta Rai,,Harendra Prasad Yadav,9631681986.0,OBC,Yadav,62.0,"-Former State Committee Office Bearer for the Communist Party of India (Marxist-Leninist) or CPI(ML).
-Three-time runner-up in the Zila Parishad (ZP) elections from the Chauradano (Ward No. 25) constituency, securing the second position in 2011, 2016, and 2021 (with 6,500 votes in the most recent contest).
-Actively associated with the Champaran Kisan Sangharsh Morcha.",जिला सलाहकार समिति,Sangathan,,,,जिला सलाहकार समिति,,,1.0
Champaran,East Champaran,2. Paschim Champaran,12. Narkatiya,Chawradano,,Chawradano_25,Unreserved (Other),Mamta Rai,,Intakhab Alam,9939927760.0,General,MUSLIM,52.0,"ZP RUNNER UP SECURED 8000+ VOTES IN 2021 
ACTIVE IN POLITICS 
READY TO MEET PK AND SUPPOTER JSP",,1st Runnerup,,,,,,,2.0
Champaran,East Champaran,2. Paschim Champaran,12. Narkatiya,Chawradano,,Chawradano_25,Unreserved (Other),Mamta Rai,,Rakesh Prashad Shah,8084322263.0,EBC,Teli,40.0,"ZP RUNNER UP SECURED 4300 VOTES IN 2021 
ACTIVE IN POLITICS 
",,New Name (Recommendation),,,,,,,3.0
Champaran,East Champaran,2. Paschim Champaran,12. Narkatiya,Chawradano,,Chawradano_25,Unreserved (Other),Mamta Rai,,Mohan Ram,,SC,Chamar,,,,,,,,,,,4.0
Champaran,East Champaran,2. Paschim Champaran,12. Narkatiya,Chawradano,,Chawradano_25,Unreserved (Other),Mamta Rai,,,,,,,,,,,,,,,,5.0
Champaran,East Champaran,3. Purvi Champaran,19. Motihari,Motihari,,Motihari_26,Unreserved (Other),Mamta Rai,,Badare Aalam,9507663610.0,Minority,Muslim,48.0,"-Contested the 2021 ZP election, securing 1400 votes.
-Contested the 2016 elections, securing 3,700 votes 
-Currently associated with the Jan Suraaj party and actively managed/supported Afaq Ahmad's election campaign.
-Served as the District Youth Vice President for the Rashtriya Janata Dal (RJD) from 1995 to 2020.",,Onboarded ,,,,Onboarded ZP,,,1.0
Champaran,East Champaran,3. Purvi Champaran,19. Motihari,Motihari,,Motihari_26,Unreserved (Other),Mamta Rai,,Santosh Kumar,8651212381.0,EBC ,TELI,47.0,"- Defacto ZP from 26 ZP area, won with margin of 1350 votes
- Runs a organisation named as Lakhaura Samaj Seva Sansthan
INCUMBENT",DSC Member,Sangathan,,,,,,,2.0
Champaran,East Champaran,3. Purvi Champaran,19. Motihari,Motihari,,Motihari_26,Unreserved (Other),Mamta Rai,,Kameshwar Sah,9711776261.0,OBC,KALWAR,50.0,"-ZP in 2021
He is handling real estate business in Delhi and Bihar from last 22 years
",BSC Member,Sangathan,,,,Onboarded ZP,,,3.0
Champaran,East Champaran,3. Purvi Champaran,19. Motihari,Motihari,,Motihari_26,Unreserved (Other),Mamta Rai,,Mohammad Nazim,9897283686.0,Minority,Muslim,35.0,"Runner Up  ZP election in 2016 & in 2021 and got 1000 votes in 2021 election.
- B.Tech graduate in Computer Science  from Aligarh Muslim University 
- PDS dealer and handles real estate business in Motihari
- He is founder and runs ""Lakhaura Social Welfare Organisation""",BSC Member,Sangathan,,,,,,,4.0
Champaran,East Champaran,3. Purvi Champaran,19. Motihari,Motihari,,Motihari_26,Unreserved (Other),Mamta Rai,,,,,,,,,,,,,,,,5.0
Champaran,East Champaran,3. Purvi Champaran,19. Motihari,Motihari,,Motihari_27,SC (Mahila),Mamta Rai,,Seetaa Raani,9199896886.0,sc,,33.0,Incombent ZP,,"Onboarded , Incumbent ZP",,,,Onboarded ZP,,,1.0
Champaran,East Champaran,3. Purvi Champaran,19. Motihari,Motihari,,Motihari_27,SC (Mahila),Mamta Rai,,Ram Vinay Das,9931247631.0,EBC,Tatwa,40.0,"in 2021, Runner up Zp, received 6000 votes, lost by 157 votes
Won ZP election in 2016, received 6500 votes",Ex-Zila Upadhyaksh,,,,,,,,2.0
Champaran,East Champaran,3. Purvi Champaran,19. Motihari,Motihari,,Motihari_27,SC (Mahila),Mamta Rai,,Abhinash Singh Rathor,6202883301.0,General,,,,,,,,,,,,3.0
Champaran,East Champaran,3. Purvi Champaran,19. Motihari,Motihari,,Motihari_27,SC (Mahila),Mamta Rai,,,,,,,,,,,,,,,,4.0
Champaran,East Champaran,3. Purvi Champaran,19. Motihari,Motihari,,Motihari_27,SC (Mahila),Mamta Rai,,,,,,,,,,,,,,,,5.0
Champaran,East Champaran,3. Purvi Champaran,19. Motihari,Motihari,,Motihari_28,SC (Other),Mamta Rai,,Anmol Kumar,9576021221.0,SC,Ravidas,38.0,"-Former Zila Parishad (ZP) member representing Area No. 28 from 2016 to 2021.
-Finished as the runner-up in the 2021 Zila Parishad (ZP) elections, securing 4,400 votes.",,Onboarded ,,,,Onboarded ZP,,,1.0
Champaran,East Champaran,3. Purvi Champaran,19. Motihari,Motihari,,Motihari_28,SC (Other),Mamta Rai,,Umesh Ram,9142878053.0,SC,Ravidas,45.0,"-Contested the 2021 elections, securing the 3rd position with a total of 3,345 votes.
-Currently serving as the Panchayat President (Panchayat Adhyaksh) for the Jan Suraaj party.",,Onboarded ,,,,Onboarded ZP,,,2.0
Champaran,East Champaran,3. Purvi Champaran,19. Motihari,Motihari,,Motihari_28,SC (Other),Mamta Rai,,Prem Kishore Giri,9931399022.0,obc,Atithi,45.0,"Ex ZP (2011-2016), ZP seat reserved in 2016
-Ex-Sarpanch (2006-2011)
-Runner Up Mukhiya Candidate 2016 lost by 300 votes",DSC Member,Sangathan,,,,,,,3.0
Champaran,East Champaran,3. Purvi Champaran,19. Motihari,Motihari,,Motihari_28,SC (Other),Mamta Rai,,,,,,,,,,,,,,,,4.0
Champaran,East Champaran,3. Purvi Champaran,19. Motihari,Motihari,,Motihari_28,SC (Other),Mamta Rai,,,,,,,,,,,,,,,,5.0
Champaran,East Champaran,3. Purvi Champaran,19. Motihari,Pipra Kothi,,Pipra Kothi_29,Unreserved (Mahila),Mamta Rai,,Neetu Gupta,7633071633.0,General,,,"her son is hospitalised in Chandigarh rn in critical condition, otherwise she is ready to meet",,,,,,,,,1.0
Champaran,East Champaran,3. Purvi Champaran,19. Motihari,Pipra Kothi,,Pipra Kothi_29,Unreserved (Mahila),Mamta Rai,,Vibha Sharma,7542816555.0,General,Bhumihar,55.0,"Vibha Sharma | Female | 55 | Geenral | Bhumihar | Incumbent ZP

-Incumbent 2 consecutive terms ZP (2016 to till date)
-Former 2 times Panchayat Samiti(2006 to 2016)
-Former Block Pramukh(2006 to 2011)
Former BJP Mahila Cell Zila Adhyaksh(2008 to 2020)
-Jan Suraaj Zila  Mahila Adhyaksh",ACC,Sangathan,,,,राज्य सलाहकार समिति ,,,2.0
Champaran,East Champaran,3. Purvi Champaran,19. Motihari,Pipra Kothi,,Pipra Kothi_29,Unreserved (Mahila),Mamta Rai,,Dr. Dinesh Kumar Nishad,9128295004.0,EBC,MALLAH,42.0,"-Ex State Secretary RLSP 
-RJD District Labour Union President (2018-20)
 -Ex-JDU Youth president Pipra Kothi block (2007-09)
-Two Times ZP candidate (2011, 2021) got more than 1500 votes.
-BAMS Doctor runs private Hospital in Kesaria & Motihari as well.",Prakhand Pravakta,Sangathan Dump,HE IS VERY TRUSTED AND DEDICATED TOWARDS PARTY . INKO PRIORITY PE RAKHNA CHAHIYE.,,,,,,3.0
Champaran,East Champaran,3. Purvi Champaran,19. Motihari,Pipra Kothi,,Pipra Kothi_29,Unreserved (Mahila),Mamta Rai,,Shailendra Kumar Manjhi,7061805681.0,SC,MUSAHAR,36.0,ZP Contestant 2016 from Motihari Block 2016 received 2756 votes,BSC Member,Sangathan Dump,,,,,,,4.0
Champaran,East Champaran,3. Purvi Champaran,19. Motihari,Pipra Kothi,,Pipra Kothi_29,Unreserved (Mahila),Mamta Rai,,,,,,,,,,,,,,,,5.0
Champaran,East Champaran,3. Purvi Champaran,15. Kesaria,Kesaria,,Kesaria_30,Backward Class (Mahila),Mamta Rai,,Parvez Alam,8709207062.0,Minority,Muslim,40.0,"-EX-JDU State General Secreatary,Minority cell (2019-2021) Ex-JDU YouthGeneralSecretary(2017-2019) -ZP Runner up 2021 & 2016, Kesaria",DSC Member,Sangathan,,,,,,,1.0
Champaran,East Champaran,3. Purvi Champaran,15. Kesaria,Kesaria,,Kesaria_30,Backward Class (Mahila),Mamta Rai,,Rinku Kumari,8298394403.0,SC,,26.0,"INCUMBENT ZP 
PREVIOUSLY  HIS HUSBAND CONTESTED VIDHAN SHABHA ELECTION FROM VIP 
ALSO HE WAS ALLIEND WITH LJP 
BUT NOW HE WANT TO JOIN JS AND ALSO READY TO MEET PK",,Incumbent ZP,,,,,,,2.0
Champaran,East Champaran,3. Purvi Champaran,15. Kesaria,Kesaria,,Kesaria_30,Backward Class (Mahila),Mamta Rai,,Ram Sharan Yadav,9934269922.0,OBC,Yadav,70.0,Vhidhansabha Contestent from Kesharia Vidhansabha ,,ACC,PK Recommended Name,,,ACC,,,3.0
Champaran,East Champaran,3. Purvi Champaran,15. Kesaria,Kesaria,,Kesaria_30,Backward Class (Mahila),Mamta Rai,,,,,,,,,,,,,,,,4.0
Champaran,East Champaran,3. Purvi Champaran,15. Kesaria,Kesaria,,Kesaria_30,Backward Class (Mahila),Mamta Rai,,,,,,,,,,,,,,,,5.0
Champaran,East Champaran,3. Purvi Champaran,15. Kesaria,Kesaria,,Kesaria_31,Unreserved (Mahila),Mamta Rai,,Sumit Singh,9546495229.0,General,Rajput,30.0,"-BJP Vidhan Sabha Prabhari 2020
-BJP District Prashikshan Pramukh
-Wife, Soumya Raj received 2000 votes, second runner-up in 2021 ZP elections",Prakhand yuva Adhyaksh,Sangathan,,,,,,,1.0
Champaran,East Champaran,3. Purvi Champaran,15. Kesaria,Kesaria,,Kesaria_31,Unreserved (Mahila),Mamta Rai,,Jamshed Khan,7372064769.0,Minority,Muslim,,"Jamshed Khan| 45| Male| Minority

Incumbent three terms Defacto Sarpanch(2006, 11, and 2021)
-Former BDC(2001-2006)
-ZP contestant, secured 3000 Votes(2016)",Sangathan Zila Mahasachiv,Sangathan,,,,सदस्य,,,2.0
Champaran,East Champaran,3. Purvi Champaran,15. Kesaria,Kesaria,,Kesaria_31,Unreserved (Mahila),Mamta Rai,,Ruvi devi,9934797482.0,General,Rajput,52.0,"""Ruvi Devi | Female | 51 | General | Rajput | ZP Contestant

-Former ZP Contestant, 2021 , Got 4500 Votes
-Former RJD Mahila Cell, Pradesh Mahamantri, 2021 To 2025
-Former RJD Rajya Parishad Member, 2023 To 2025
-Former RJD Election Incharge, 2020 Assembly Election
-Director Of Delhi Public School, Kesariya
-Social Worker""",ACC,ACC,Is baar bhi chunav Ladengi.,,,ACC,,,3.0
Champaran,East Champaran,3. Purvi Champaran,15. Kesaria,Kesaria,,Kesaria_31,Unreserved (Mahila),Mamta Rai,,,,,,,,,,,,,,,,4.0
Champaran,East Champaran,3. Purvi Champaran,15. Kesaria,Kesaria,,Kesaria_31,Unreserved (Mahila),Mamta Rai,,,,,,,,,,,,,,,,5.0
Champaran,East Champaran,3. Purvi Champaran,16. Kalyanpur,Kalyanpur,,Kalyanpur_32,Unreserved (Other),Mamta Rai,,Sanjay Mehta,9546575127.0,EBC,NONIYA,42.0,"Sanjay Mehta|42|EBC| Noniya

-EX Zila Upadhyaksha EBC Prakostha JDU (2020-2022)
EX General Secretary from 2017-2020
-ZP Runner UP",Sangathan Zila Adhyaksh,Sangathan,,,,,,,1.0
Champaran,East Champaran,3. Purvi Champaran,16. Kalyanpur,Kalyanpur,,Kalyanpur_32,Unreserved (Other),Mamta Rai,,Lakhindra Sahni,8084259282.0,EBC,Mallah ,47.0,"- ZP runner-up 2021
- Former 3rd terms JDU District General Secretary 2016, 2018 and 2021",BSC Member,Sangathan,"If the seat will GEN, he wil fight ZP. Otherwise Mukhiya",,,,,,2.0
Champaran,East Champaran,3. Purvi Champaran,16. Kalyanpur,Kalyanpur,,Kalyanpur_32,Unreserved (Other),Mamta Rai,,Rajkumar Giri,918603134091.0,General,Goswami,29.0,"""Rajkumar Giri | 29 | Male | — | Goswami
Mukhiya Runner-Up — 2021 | 2nd Position
Lost by Just 350 Votes
Strong Electoral Performance & Grassroots Connect
Young Goswami Leader with Local Political Influence""",ACC,ACC,Chuna ke liye ready hai.,,,ACC Online,,,3.0
Champaran,East Champaran,3. Purvi Champaran,16. Kalyanpur,Kalyanpur,,Kalyanpur_32,Unreserved (Other),Mamta Rai,,,,,,,,,,,,,,,,4.0
Champaran,East Champaran,3. Purvi Champaran,16. Kalyanpur,Kalyanpur,,Kalyanpur_32,Unreserved (Other),Mamta Rai,,,,,,,,,,,,,,,,5.0
Champaran,East Champaran,3. Purvi Champaran,16. Kalyanpur,Kalyanpur,,Kalyanpur_33,SC (Mahila),Mamta Rai,,Anil Kumar Kushwaha,7209369701.0,OBC,Kushwaha,54.0,"-Served as the Janata Dal (United) or JD(U) District Organization Secretary (Zila Sanghatan Sachiv) from 2019 to 2022.
-Served as the JD(U) District Youth Secretary (Zila Yuva Sachiv) from 2013 to 2018.
-Served as the JD(U) District Youth General Secretary (Zila Yuva Mahasachiv) from 2008 to 2012.
-Former Samta Party District Youth General Secretary (Zila Yuva Mahasachiv) from 2000 to 2007.
-Former Samta Party Block General Secretary (Prakhand Mahasachiv) from 1995 to 2000.
-Began his political journey as a member of the Communist Party of India (CPI) from 1990 to 1993.
-Currently serving as the District Organization President (Zila Sanghatan Adhyaksh) for the Jan Suraaj party.
-Practicing Advocate at the Motihari Court.
-Contested the Bar Council Member elections in 2024, securing 594 votes.",,Onboarded ,,,,ACC,,,1.0
Champaran,East Champaran,3. Purvi Champaran,16. Kalyanpur,Kalyanpur,,Kalyanpur_33,SC (Mahila),Mamta Rai,,Anita Devi 1 (Munna Paswan),9507901625.0,SC,Dusadh,37.0,"Incumbent ZP, JSP",DSC Member,"Incumbent ZP, Sangathan Dump",,,,,,,2.0
Champaran,East Champaran,3. Purvi Champaran,16. Kalyanpur,Kalyanpur,,Kalyanpur_33,SC (Mahila),Mamta Rai,,Thakur Avinash Singh,9006041500.0,General,Bhumihar,40.0,"Incumbent BDC since 2016
Contested ZP election in 2016, received 2997 votes, lost by 123 votes",सदस्य,Sangathan,,,,सदस्य,,,3.0
Champaran,East Champaran,3. Purvi Champaran,16. Kalyanpur,Kalyanpur,,Kalyanpur_33,SC (Mahila),Mamta Rai,,,,,,,,,,,,,,,,4.0
Champaran,East Champaran,3. Purvi Champaran,16. Kalyanpur,Kalyanpur,,Kalyanpur_33,SC (Mahila),Mamta Rai,,,,,,,,,,,,,,,,5.0
Champaran,East Champaran,3. Purvi Champaran,16. Kalyanpur,Kalyanpur,,Kalyanpur_34,Unreserved (Mahila),Mamta Rai,,Shri Ashok Ram,9931706025.0,SC,Chamar,52.0,"- Former Vidhansabha Prabhari (Kalyanpur, Kesariya), Bahujan Samaj Party, 2000-2010
- Former Pradesh Upsaadakshya, Bahujan Samaj Party, 2005
- Pradesh Upadhyaksha, Loktantrik Samta Party, 2011-2013 (Under Upendra Kushwaha)
- Pradesh Adhyaksha, Samajwadi Party Anusuchi Jati-Janajati, 2015-2024",अम्बेडकर मंच अध्यक्ष,Sangathan,,,,अम्बेडकर मंच अध्यक्ष,,,1.0
Champaran,East Champaran,3. Purvi Champaran,16. Kalyanpur,Kalyanpur,,Kalyanpur_34,Unreserved (Mahila),Mamta Rai,,Shahid Raza,7294963390.0,Minority,Muslim,34.0,-Ex- Minority Chunav Prabhari of Incumbent MLA- Salini Mishra - Ex- GM of Central Co-Operative Bank - Sister was ZP in 2011 from Kalyanpur - Mechanical Engineer.,Sanghatan Zila Mahasachiv,Sangathan,,,,,,,2.0
Champaran,East Champaran,3. Purvi Champaran,16. Kalyanpur,Kalyanpur,,Kalyanpur_34,Unreserved (Mahila),Mamta Rai,,Aditya Kumar,9525061888.0,General,Bhumihar,35.0,"- He contested ZP 2016 election and secured 4800 votes.
- In 2021 Zila Parisad election and secured 6500 votes.
- Former District Adhyaksh, Youth Congress.",DSC Member,"""Sangathan Dump, Runnerup ZP""",,,,,,,3.0
Champaran,East Champaran,3. Purvi Champaran,16. Kalyanpur,Kalyanpur,,Kalyanpur_34,Unreserved (Mahila),Mamta Rai,,Md. Shabir Dahilal,9931535006.0,Minority,Muslim,36.0,"Md. Shabir Dahilal | 36 | Male | Minority | Muslim
Scrap Dealer — Established Business Network
Strong Local Political Legacy — 2006 ZP Winner in Family (Aunt)
Established Community Connect & Grassroots Influence",DSC Member,"""ACC, Incumbent ZP""",Ladne ke liye ready hai.,,,,,,4.0
Champaran,East Champaran,3. Purvi Champaran,16. Kalyanpur,Kalyanpur,,Kalyanpur_34,Unreserved (Mahila),Mamta Rai,,,,,,,,,,,,,,,,5.0
Champaran,East Champaran,3. Purvi Champaran,17. Pipra,Chakia (Pipra),,Chakia (Pipra)_35,Unreserved (Other),Mamta Rai,,Sanjay Yadav,9934292160.0,OBC,Yadav ,41.0," -2006 Runner-up ZP (lost by 200 votes).
",Prakhand upadhyaksh,Sangathan,,,,,,,1.0
Champaran,East Champaran,3. Purvi Champaran,17. Pipra,Chakia (Pipra),,Chakia (Pipra)_35,Unreserved (Other),Mamta Rai,,Vinod Singh,7070138282.0,General,Rajput,54.0,"In 2021, ZP Runnerup, received 2900 lost by 1700 votes",,,,,,,,,2.0
Champaran,East Champaran,3. Purvi Champaran,17. Pipra,Chakia (Pipra),,Chakia (Pipra)_35,Unreserved (Other),Mamta Rai,,Chhotelal Paswan,8434925031.0,SC,PASWAN,41.0,"Chhotelal Paswan | 41 | Male | SC | Paswan
-Political Worker
-Mukhiya Runner Up (2021) secured 1298 votes
-Elder brother was Panchayat Samiti Member (2016)
-Jan Suraaj Anumandal Sachiv (2024)",EMC,EMC,,,,EMC,,,3.0
Champaran,East Champaran,3. Purvi Champaran,17. Pipra,Chakia (Pipra),,Chakia (Pipra)_35,Unreserved (Other),Mamta Rai,,Alok yadav,919122816253.0,OBC,Yadav ,50.0,"Alok Yadav | — | Male | — | Yadav
Chakia Block President
Mukhiya Election Contestant — 3 Times
Strong Electoral Experience & Grassroots Political Presence",,ACC,Party help karega to ldenge nhi to mukhiya ka ldenge.,,,ACC Online,,,4.0
Champaran,East Champaran,3. Purvi Champaran,17. Pipra,Chakia (Pipra),,Chakia (Pipra)_35,Unreserved (Other),Mamta Rai,,,,,,,,,,,,,,,,5.0
Champaran,East Champaran,3. Purvi Champaran,17. Pipra,Chakia (Pipra),,Chakia (Pipra)_36,Unreserved (Other),Mamta Rai,,Dinesh Pathak,7209367221.0,General,Brahmin,62.0,"Dinesh Pathak | Male | 62 | General | Brahmin | MLA Contestant
-Former MLA Contestant, Pipra 2010, Got 5000 Votes
-Former BJP Pradesh Karyasamiti Sadasya(1980 to 2010)
-Former BJP Motihari Loksabha Chunaav Prabhari(1989)
-Former BJP  Assembly Election Prabhari(2005)",ACC,ACC,,,,Vidhan Sabha Sanyojak,,,1.0
Champaran,East Champaran,3. Purvi Champaran,17. Pipra,Chakia (Pipra),,Chakia (Pipra)_36,Unreserved (Other),Mamta Rai,,Umesh Sah,9955969375.0,,,49.0,"-Former Block Vice Chief (Up-Pramukh) of Chakia, serving from 2011 to 2016.
-Served two consecutive terms as a Block Development Committee (BDC) member from 2011 to 2021.
-Contested the 2021 Zila Parishad (ZP) election, securing 1,000 votes.",,Onboarded ,,,,Onboarded ZP,,,2.0
Champaran,East Champaran,3. Purvi Champaran,17. Pipra,Chakia (Pipra),,Chakia (Pipra)_36,Unreserved (Other),Mamta Rai,,Krishna Gupta,9204339871.0,OBC,"Baniya
(Kalwar)",32.0,,Zila Yuva Upadhyaksh,Sangathan,,,,,,,3.0
Champaran,East Champaran,3. Purvi Champaran,17. Pipra,Chakia (Pipra),,Chakia (Pipra)_36,Unreserved (Other),Mamta Rai,,Vikaram Singh,8294218007.0,General,Bhumihar,40.0,"""-Former ZP -Akhil Bhartiya Bhojpuri Sahitya Sammelan Chaudhry Kanhaiya Prasad Singh Prasad Award
-Bhikhari thkur award liberal Foundation 2021""",,Sangathan Dump,Chunav ka tayari kar rhe hai.,,,,,,4.0
Champaran,East Champaran,3. Purvi Champaran,17. Pipra,Chakia (Pipra),,Chakia (Pipra)_36,Unreserved (Other),Mamta Rai,,,,,,,,,,,,,,,,5.0
Champaran,East Champaran,3. Purvi Champaran,17. Pipra,Chakia (Pipra),,Chakia (Pipra)_37,Unreserved (Other),Mamta Rai,,Randhir Kumar,8084282920.0,General,Kayasth,52.0," -former Panchayat samiti sadassya 2016 
-Former PACS sachiv in 2011
-2021 ",,Onboarded ,,,,Onboarded ZP,,,1.0
Champaran,East Champaran,3. Purvi Champaran,17. Pipra,Chakia (Pipra),,Chakia (Pipra)_37,Unreserved (Other),Mamta Rai,,Lav Kishor Nishad,9472222974.0,EBC,Mallah,50.0,"-Former ASA Party Rashtriya Upadhyaksh, 2024 To 2025
-Former BJP East Champaran Parbhari, 2023 To 2024
-Former JDU Zila Sachiv
-Former JDU Pradesh Upadhyaksh
-Former JDU District Incharge",,ACC,,,,ACC,,,2.0
Champaran,East Champaran,3. Purvi Champaran,17. Pipra,Chakia (Pipra),,Chakia (Pipra)_37,Unreserved (Other),Mamta Rai,,,,,,,,,,,,,,,,3.0
Champaran,East Champaran,3. Purvi Champaran,17. Pipra,Chakia (Pipra),,Chakia (Pipra)_37,Unreserved (Other),Mamta Rai,,,,,,,,,,,,,,,,4.0
Champaran,East Champaran,3. Purvi Champaran,17. Pipra,Chakia (Pipra),,Chakia (Pipra)_37,Unreserved (Other),Mamta Rai,,,,,,,,,,,,,,,,5.0
Champaran,East Champaran,4. Sheohar,18. Madhuban,Pakridayal,,Pakridayal_38,Unreserved (Other),Mamta Rai,,Naseem Akhtar,7015539256.0,Minority,Muslim,39.0,"-Entered politics for the first time in 2021, having never contested any elections prior to that.
-Contested the 2021 Zila Parishad (ZP) elections, securing the 4th position with a total of 1,750 votes.
-Currently aligned with the Jan Suraaj party for the upcoming elections.
-Professionally engaged in the dairy business.",,Onboarded ,,,,Onboarded ZP,,,1.0
Champaran,East Champaran,4. Sheohar,18. Madhuban,Pakridayal,,Pakridayal_38,Unreserved (Other),Mamta Rai,,Anita Devi,8210156768.0,,,,"Incumbent ZP, JSP",,Incumbent ZP,,,,ACC,,,2.0
Champaran,East Champaran,4. Sheohar,18. Madhuban,Pakridayal,,Pakridayal_38,Unreserved (Other),Mamta Rai,,Manoj Singh,9709488880.0,General,Rajput,48.0,"Manoj Singh | Male | 48 | General | Rajput | ZP Contestant
-Former ZP Contesatnt(2021)
-Manager at India Tools Financial Services
-Jan Suraaj Zila Sanghatan Mahasachiv
-Social Worker
-",ACC,ACC,"If seat will not fall in reserve category in delimitation, he will figt",,,ACC,,,3.0
Champaran,East Champaran,4. Sheohar,18. Madhuban,Pakridayal,,Pakridayal_38,Unreserved (Other),Mamta Rai,,Vijay kumar Singh,8210156768.0,General,Bhumihar,63.0,"""Vijay Kumar Singh | Male | 61 | General | Bhumihar | Incumbent Mukhiya

-Incumbent 2 Terms ZP(2016 To Till Now)
-Former Mukhiya(2001 To 2016)
-Jan Suraaj State Core Committee Member""",ACC,ACC,Chunav ladenge.,,,ACC,,,4.0
Champaran,East Champaran,4. Sheohar,18. Madhuban,Pakridayal,,Pakridayal_38,Unreserved (Other),Mamta Rai,,,,,,,,,,,,,,,,5.0
Champaran,East Champaran,4. Sheohar,18. Madhuban,Pakridayal,,Pakridayal_39,Unreserved (Other),Mamta Rai,,Bhagwan Saah,9065630281.0,EBC,teli,47.0,"-ZP runner-up in 2006 and 2021
-currently serving as the District Vice President of the Aam Aadmi Party (AAP)",,Onboarded ,,,,Onboarded ZP,,,1.0
Champaran,East Champaran,4. Sheohar,18. Madhuban,Pakridayal,,Pakridayal_39,Unreserved (Other),Mamta Rai,,Baliram Sahani URF Chulahi sahani,8292755267.0,EBC,MALLAH,46.0,"ZP RUNNER UP 
SECURED 3184 VOTES
PREVIOUSLY BLOCK MATASYA JEEW MINISTER
PROMINANT FACE IN HIS AREA 
READY TO CONTEST WITH SUPPORT OF JS 
WANT TO MEET PK",,Runnerup ZP,,,,,,,2.0
Champaran,East Champaran,4. Sheohar,18. Madhuban,Pakridayal,,Pakridayal_39,Unreserved (Other),Mamta Rai,,Madan Lal Chaudhary/Meena devi,9471876200.0,OBC,Kalwar,72.0,"""Madan Lal Chaudhary | 60| Male| OBC| Kalwar

RJD Pradesh Mahasachiv of Vyavasayik Prakoshth from 2020- present.
Congress Zila Upadhyaksh from 1990-95.
- ZP Conyeatant and secured 1200 votes in 2001.
- ZP Conyeatant and secured 200 votes in 2006.
- ZP Conyeatant and secured 2600 votes in 2011.
- ZP Conyeatant and secured 3500 votes in 2016..
- Mukhiya Contestant and secured 888 votes in 2021.
- He belongs to the Landlord's Family.
- Congrace Vice President Pakaridyal from 1985-90""""""",,"""Onboarded, Sangathan""",chunav khud bhi ladte hai apne patni ko bhi ladate hai.,,,,,,3.0
Champaran,East Champaran,4. Sheohar,18. Madhuban,Pakridayal,,Pakridayal_39,Unreserved (Other),Mamta Rai,,,,,,,,,,,,,,,,4.0
Champaran,East Champaran,4. Sheohar,18. Madhuban,Pakridayal,,Pakridayal_39,Unreserved (Other),Mamta Rai,,,,,,,,,,,,,,,,5.0
Champaran,East Champaran,4. Sheohar,18. Madhuban,Phenhara,,Phenhara_40,Unreserved (Other),Mamta Rai,,Shri Dr. Rambali Paswan,6201370756.0,SC,Paswan,,"Rambali Paswan|54| Male| SC|Paswan

- Former 2-time Block Pramukh (2006-11) (2011- 16)
 - Former 2-time BDC from Mankarwa GP (2006-11) (2011-16)
 - Dhaka Shikshak Prakosht Sangathan Sachiv (2017- 20)
 - First Ayurvedic Doctor of Phenhara Block (BAMS)
 - Runs three nursing hospitals",जिला उपाध्यक्ष,Sangathan,,,,जिला सलाहकार समिति,,,1.0
Champaran,East Champaran,4. Sheohar,18. Madhuban,Phenhara,,Phenhara_40,Unreserved (Other),Mamta Rai,,Rishu Kumar Singh,9939176911.0,General,Rajput,31.0,"-Zila Parishad (ZP) Runner-up in the 2016 and 2021 elections, securing 1,800 and 3,300 votes, respectively 
-Defecto Panchayat samiti",,Onboarded ,,,,Onboarded ZP,,,2.0
Champaran,East Champaran,4. Sheohar,18. Madhuban,Phenhara,,Phenhara_40,Unreserved (Other),Mamta Rai,,Dodo Pandey Alias Arvind Pandey,7250277427.0,General,Brahmin,34.0,"In 2021, contested ZP election, receieved 3900 votes, lost by 997 votes
He did Padyatra with Prashant in 3 district- East Champaran, Sitamadhi and Madhubani
Ex-JSP Zila Sachiv",,Sangathan,,,,Onboarded ZP,,,3.0
Champaran,East Champaran,4. Sheohar,18. Madhuban,Phenhara,,Phenhara_40,Unreserved (Other),Mamta Rai,,Mukhatar Alam,9934272213.0,EBC,MUSLIM,44.0,"Mukhatar Alam | 44 | Minority | Muslim | Phenera Prakhand Pravakta | 9934272213
-Sarpanch Contestant 2021
-Mukhiya Contestant 2011
-PACS Contestant 2009
-Former JDU Prakhand Adhyaksh 2016-2020
-Former JDU Zila Sachiv 2009",EMC,EMC,,,,EMC,,,4.0
Champaran,East Champaran,4. Sheohar,18. Madhuban,Phenhara,,Phenhara_40,Unreserved (Other),Mamta Rai,,,,,,,,,,,,,,,,5.0
Champaran,East Champaran,4. Sheohar,20. Chiraia,Chiraiya,,Chiraiya_41,Backward Class (Mahila),Mamta Rai,,Shri Vinod Prasad,9955641128.0,EBC,Teli,46.0,"- Ex Sarpanch (2006-2011)
- Zila Adhyaksh of Sarpanch Sangh  (2006-2011)
- State Secretary of  Bihar Sarpanch Sangh  (2006-2011)
- Director of Champaran Krishak Producer Co. Ltd an FPO
-  Mukhiya Runner Up, 2011 elections
- Mukhiya seat reserved  since 2016.",किसान अध्यक्ष,Sangathan,,,,किसान अध्यक्ष,,,1.0
Champaran,East Champaran,4. Sheohar,20. Chiraia,Chiraiya,,Chiraiya_41,Backward Class (Mahila),Mamta Rai,,Kundan Yadav,9431222349.0,OBC,YADAV,35.0,ZP contestant from Chiraiya in 2011,BSC Member,Sangathan,,,,,,,2.0
Champaran,East Champaran,4. Sheohar,20. Chiraia,Chiraiya,,Chiraiya_41,Backward Class (Mahila),Mamta Rai,,Shehnaaz Begum,8709424844.0,Minority,Muslim,33.0,"Incumbent ZP, ready to meet PK",,Incumbent ZP,"Currently in Calcutta, heart surgery
ready to meet PK",,,,,,3.0
Champaran,East Champaran,4. Sheohar,20. Chiraia,Chiraiya,,Chiraiya_41,Backward Class (Mahila),Mamta Rai,,Sachin Yadav,9507441474.0,OBC,Yadav,36.0,Incumbent Mukhiya since 2016,,,"PK Recommended Name/
He said he will think after Parisiman and roster",,,ACC,,,4.0
Champaran,East Champaran,4. Sheohar,20. Chiraia,Chiraiya,,Chiraiya_41,Backward Class (Mahila),Mamta Rai,,,,,,,,,,,,,,,,5.0
Champaran,East Champaran,4. Sheohar,20. Chiraia,Chiraiya,,Chiraiya_42,Unreserved (Mahila),Mamta Rai,,Archana Singh/Bachha Kumar  Singh,9546668849.0,General,Rajput,42.0,"-Currently serves as the Director of the GP Trauma Centre.
-Founder Member of the Champaran Seva Sangh, establishing and overseeing the organization's initiatives dedicated to community welfare and social service.
-Contested the 2021 Zila Parishad (ZP) elections, securing the runner-up position with 1,300 votes.",,Onboarded ,,,,Onboarded ZP,,,1.0
Champaran,East Champaran,4. Sheohar,20. Chiraia,Chiraiya,,Chiraiya_42,Unreserved (Mahila),Mamta Rai,,Jiya Lal Yadav,9110175212.0,OBC,Yadav,45.0,"- Journalist Hindustan/ Reporter since 2000
- Director DPS School Mirpur
- 3 times ZP Candidate (46-Ghorasahan2011, 2016 & 42-Chiraiya, 2021)",EX Prakhand Mukhya Prawakta/ Upadhyaksh,Sangathan,,,,,,,2.0
Champaran,East Champaran,4. Sheohar,20. Chiraia,Chiraiya,,Chiraiya_42,Unreserved (Mahila),Mamta Rai,,,,,,,,,,,,,,,,3.0
Champaran,East Champaran,4. Sheohar,20. Chiraia,Chiraiya,,Chiraiya_42,Unreserved (Mahila),Mamta Rai,,,,,,,,,,,,,,,,4.0
Champaran,East Champaran,4. Sheohar,20. Chiraia,Chiraiya,,Chiraiya_42,Unreserved (Mahila),Mamta Rai,,,,,,,,,,,,,,,,5.0
Champaran,East Champaran,4. Sheohar,20. Chiraia,Chiraiya,,Chiraiya_43,Backward Class (Others),Mamta Rai,,Naseem Akhtar,6200063813.0,General,MUSLIM,,"ZP RUNNER UP 
2016 HE WAS WON ZP ELECTION
2021 SECURED 2ND POSITION WITH 10799 VOTES
READY TO CONTEST ELECTION WITH JS SUPPORT 
READY TO MEET PK",,1st Runnerup,,,,,,,1.0
Champaran,East Champaran,4. Sheohar,20. Chiraia,Chiraiya,,Chiraiya_43,Backward Class (Others),Mamta Rai,,Munna Singh,9973087187.0,General,Bhumihar,47.0,"2001 to 2021 Mukhiya of Ruphara Panchayat
In 2021, he lost Mukhiya election, received 1500 votes
He has influenced PACS election ",,Recommendation Source Categories,,,,,,,2.0
Champaran,East Champaran,4. Sheohar,20. Chiraia,Chiraiya,,Chiraiya_43,Backward Class (Others),Mamta Rai,,Md Meraj,9031845435.0,,,,,,,,,,,,,3.0
Champaran,East Champaran,4. Sheohar,20. Chiraia,Chiraiya,,Chiraiya_43,Backward Class (Others),Mamta Rai,,Pawan Das Mukhiya,9748940148.0,,EBC,,,,,,,,,,,4.0
Champaran,East Champaran,4. Sheohar,20. Chiraia,Chiraiya,,Chiraiya_43,Backward Class (Others),Mamta Rai,,,,,,,,,,,,,,,,5.0
Champaran,East Champaran,2. Paschim Champaran,12. Narkatiya,Bankatwa,,Bankatwa_44,Unreserved (Other),Mamta Rai,,Rambabu Prasad,9162648059.0,EBC,vaysa(rauniyar),65.0,"ZP Runner Up of Seat number 44 of 2021
ZP runner up of 2011 and 2016 3900
Prominent businessman(petrol pump, water plant)",,Onboarded ,,,,Onboarded ZP,,,1.0
Champaran,East Champaran,2. Paschim Champaran,12. Narkatiya,Bankatwa,,Bankatwa_44,Unreserved (Other),Mamta Rai,,Vikas Kumar Gupta,9431204875.0,OBC,Baniya,33.0,"- He is Ex-ZP(2016) and 2 time ZP runner up (2011 & 2021)
- He is former Yuva Pradesh Secretary LJP (2015-18)",DSC Member,Sangathan,,,,,,,2.0
Champaran,East Champaran,2. Paschim Champaran,12. Narkatiya,Bankatwa,,Bankatwa_44,Unreserved (Other),Mamta Rai,,Shankar Prasad Gupta,9973248948.0,EBC,KANU,50.0,"-He was elected Zila Parishad twice (2001-06) and (2011-16) -Contested in 2016 but lost by few votes
-In 2016, he stood as the ZP runner-up
-Did not contest in 2021 due to financial constraints",BSC-Member,Sangathan,,,,,,,3.0
Champaran,East Champaran,2. Paschim Champaran,12. Narkatiya,Bankatwa,,Bankatwa_44,Unreserved (Other),Mamta Rai,,,,,,,,,,,,,,,,4.0
Champaran,East Champaran,2. Paschim Champaran,12. Narkatiya,Bankatwa,,Bankatwa_44,Unreserved (Other),Mamta Rai,,,,,,,,,,,,,,,,5.0
Champaran,East Champaran,2. Paschim Champaran,12. Narkatiya,Bankatwa,,Bankatwa_45,Unreserved (Other),Mamta Rai,,Mahendra Kumar Rai,9430647127.0,OBC,Yadav,50.0,"-Ex Zila Parishad (ZP) member from 2006 to 2011.
-Former Mukhiya from 2016 to 2021, 
-securing a 3rd position with 4294 votes in the election.
-Ex District Steering Committee (DSC) Member of the Jan Suraaj party.
-4-day Padyatra with Prashant Kishor to connect with grassroots voters.
",,Onboarded ,,,,Onboarded ZP,,,1.0
Champaran,East Champaran,2. Paschim Champaran,12. Narkatiya,Bankatwa,,Bankatwa_45,Unreserved (Other),Mamta Rai,,Lal Babu Prasad 1,9471025030.0,OBC,YADAV,52.0,,,,,,,,,,2.0
Champaran,East Champaran,2. Paschim Champaran,12. Narkatiya,Bankatwa,,Bankatwa_45,Unreserved (Other),Mamta Rai,,,,,,,,,,,,,,,,3.0
Champaran,East Champaran,2. Paschim Champaran,12. Narkatiya,Bankatwa,,Bankatwa_45,Unreserved (Other),Mamta Rai,,,,,,,,,,,,,,,,4.0
Champaran,East Champaran,2. Paschim Champaran,12. Narkatiya,Bankatwa,,Bankatwa_45,Unreserved (Other),Mamta Rai,,,,,,,,,,,,,,,,5.0
Champaran,East Champaran,4. Sheohar,21. Dhaka,Ghorasahan,,Ghorasahan_46,Unreserved (Other),Mamta Rai,,Kundan Gupta,9507511667.0,EBC,Teli,26.0,"Contested Student Union election in 2022 in Ptana University
From CRJD",,Onboarded,He will come and meet Prashant and will join JS.,,,,,,1.0
Champaran,East Champaran,4. Sheohar,21. Dhaka,Ghorasahan,,Ghorasahan_46,Unreserved (Other),Mamta Rai,,Mantesh Kumar,917643086298.0,EBC,Naai,24.0,"Mantesh Kumar | 24 | Male | EBC | Thakur
Active Jan Suraaj Worker — Participated in Padyatra
Strong Grassroots Political Engagement
Medicine Home Delivery Business",ACC,"""Sangathan, ACC""",Active hai chunav ldenge.,,,ACC Online,,,2.0
Champaran,East Champaran,4. Sheohar,21. Dhaka,Ghorasahan,,Ghorasahan_46,Unreserved (Other),Mamta Rai,,Pawan Singh,9931636256.0,General,Rajput,62.0,"-Congress Seva Dal Prakhand Adhyaksh from 1982-1992.
-Anchal Sachiv of  CPI 2003-22.
-Jila Up Sachiv of CPI 2023-24.
-In 2006, he contestant ZP from Ghorsahan.",Sangathan Zila Mahasachiv,,Not found him strong enough,,,जिला उपाध्यक्ष,,,3.0
Champaran,East Champaran,4. Sheohar,21. Dhaka,Ghorasahan,,Ghorasahan_46,Unreserved (Other),Mamta Rai,,Avinash Kumar,7209911640.0,,,,,,,,,,,,,4.0
Champaran,East Champaran,4. Sheohar,21. Dhaka,Ghorasahan,,Ghorasahan_46,Unreserved (Other),Mamta Rai,,,,,,,,,,,,,,,,5.0
Champaran,East Champaran,4. Sheohar,21. Dhaka,Ghorasahan,,Ghorasahan_47,Unreserved (Mahila),Mamta Rai,,Jai Mangal Prasad Kushwaha,7992278120.0,OBC,Kushwaha,55.0,"-Jansuraaj State Executive Member 
-Jansuraaj District Prabhari Sitamarhi Sheohar
-Incumbent De-facto Mukhiya ( Munni Devi Doughter In Law)
-Former Mukhiya (2006-2011)
-Independent MLA Contested  in 2010 got 5000 Votes 
-Former Samta Party Block President ( youth 1995)
-JDU EX- District general sec. ( 2010)
-Former RLSP District President ( 2017-2021)
-Active Social Worker ",किसान प्रकोष्ठ प्रभारी,Sangathan,,,,किसान प्रकोष्ठ प्रभारी,,,1.0
Champaran,East Champaran,4. Sheohar,21. Dhaka,Ghorasahan,,Ghorasahan_47,Unreserved (Mahila),Mamta Rai,,Jawed Ansari,9939900305.0,OBC,Muslim,45.0,"- Run a CSC centre 
- Social worker 
- strong hold in Youth",सदस्य,Sangathan,,,,सदस्य,,,2.0
Champaran,East Champaran,4. Sheohar,21. Dhaka,Ghorasahan,,Ghorasahan_47,Unreserved (Mahila),Mamta Rai,,Arvind kumar Paswan,8541894057.0,SC,Dusadh (Paswan),27.0,"- Defacto Ward Member 
- Social worker
- Ex panchayat Adhyaksha LJP",सदस्य,Sangathan,,,,सदस्य,,,3.0
Champaran,East Champaran,4. Sheohar,21. Dhaka,Ghorasahan,,Ghorasahan_47,Unreserved (Mahila),Mamta Rai,,,,,,,,,,,,,,,,4.0
Champaran,East Champaran,4. Sheohar,21. Dhaka,Ghorasahan,,Ghorasahan_47,Unreserved (Mahila),Mamta Rai,,,,,,,,,,,,,,,,5.0
Champaran,East Champaran,4. Sheohar,21. Dhaka,Dhaka,,Dhaka_48,Backward Class (Mahila),Mamta Rai,,Gopal Singh (L B Prasad Recommendations),7004544394.0,EBC,Chunau,45.0,"Contested Vice Chairman Election in Dhaka, Receieved 1842 votes
In 2018, Contested Ward election and won, receieved 245 votes",,,,,,,,,1.0
Champaran,East Champaran,4. Sheohar,21. Dhaka,Dhaka,,Dhaka_48,Backward Class (Mahila),Mamta Rai,,Pushpa Devi,6206525839.0,SC,,,"ZP RUNNER UP 
2016 2ND POSITION LOST BY 300 VOTES
2021 SECURED 5064 VOTES 
READY TO CONTEST WITH SUPPORT OF JS",,Runnerup ZP,,,,,,,2.0
Champaran,East Champaran,4. Sheohar,21. Dhaka,Dhaka,,Dhaka_48,Backward Class (Mahila),Mamta Rai,,Manish kumar,9304398020.0,General,BRAHMIN,29.0,"Manish Kumar | Male | 29 | General | Brahmin | Businessman

-Founding Member of Jansuraaj ( 2022)
-Prominent Businessman ( Real State, Construction)
-Social Worker ( Running Old Age Ashram)
",ACC,ACC,,,,ACC,,,3.0
Champaran,East Champaran,4. Sheohar,21. Dhaka,Dhaka,,Dhaka_48,Backward Class (Mahila),Mamta Rai,,सौरभ कुमार सिंह,917277587048.0,General,Rajput,30.0,"PSaurabh Kumar Singh | 30 | Male | — | —
Active in Panchayat Elections
Strong Grassroots Political Engagement
Medicine Wholesale Business",ACC,"""Sangathan, ACC""",,,,ACC Online,,,4.0
Champaran,East Champaran,4. Sheohar,21. Dhaka,Dhaka,,Dhaka_48,Backward Class (Mahila),Mamta Rai,,,,,,,,,,,,,,,,5.0
Champaran,East Champaran,4. Sheohar,21. Dhaka,Dhaka,,Dhaka_49,Unreserved (Mahila),Mamta Rai,,Tabassum Jahan // ELAL AHAMAD,9199907830 // 8002760786,General,MUSLIM,46.0,"ZP RUNNERUP
LOST BY 196 VOTES IN 2021
JS SUPPOTER
READY TO MEET PK",,1st Runnerup,,,,,,,1.0
Champaran,East Champaran,4. Sheohar,21. Dhaka,Dhaka,,Dhaka_49,Unreserved (Mahila),Mamta Rai,,Shahjaha Khaatoon //मंजूर आलम खान,7481818175/ 7980906840,General,MUSLIM,46.0,"INCUMBENT ZP 
BUISNESSMAN ELECTRONIC AGENCY 
READY TO CONTEST WITH SUPPORT OF JS 
READY TO MEET WITH PK",,Incumbent ZP,,,,,,,2.0
Champaran,East Champaran,4. Sheohar,21. Dhaka,Dhaka,,Dhaka_49,Unreserved (Mahila),Mamta Rai,,Seema Devi,7870921554.0,General,Kaystha,45.0,"Seema Devi | 45 | Female | General | Kaystha
Strong Financial & Community Service Connect
Associated with State Bank of India, Dhaka — Supports Needy People Through Loan Facilitation
Political Family Connect — Brother-in-Law Contested ZP Election (2016)
Strong Social Standing & Grassroots Presence",,Sangathan,Seat coniferm hone par ldengi.,,,,,,3.0
Champaran,East Champaran,4. Sheohar,21. Dhaka,Dhaka,,Dhaka_49,Unreserved (Mahila),Mamta Rai,,,,,,,,,,,,,,,,4.0
Champaran,East Champaran,4. Sheohar,21. Dhaka,Dhaka,,Dhaka_49,Unreserved (Mahila),Mamta Rai,,,,,,,,,,,,,,,,5.0
Champaran,East Champaran,4. Sheohar,21. Dhaka,Dhaka,,Dhaka_50,Unreserved (Other),Mamta Rai,,Chandan Jha,7004729712.0,General,Brahmin,35.0,Businessman/Government Contractor,सदस्य,Sangathan,,,,सदस्य,,,1.0
Champaran,East Champaran,4. Sheohar,21. Dhaka,Dhaka,,Dhaka_50,Unreserved (Other),Mamta Rai,,Dr. Sheikh Mansoor Alam,9939903492.0,Minority,Muslim,39.0,"- He is a Doctor and runs a clinic in Dhaka
- Fought ZP election in 2021 and lost by 300 votes - Good and clean image among the people",BSC Member,Sangathan,Said he will fight but also depends on delemitatioin,,,,,,2.0
Champaran,East Champaran,4. Sheohar,21. Dhaka,Dhaka,,Dhaka_50,Unreserved (Other),Mamta Rai,,Vijay Kumar Singh,9939151505.0,General,Rajput,58.0,Mukhiya 2006-16,New Name (Wants to join the party with few other supporter),New Name (Recommendation),Wants to join the party with few other supporter,,,,,,3.0
Champaran,East Champaran,4. Sheohar,21. Dhaka,Dhaka,,Dhaka_50,Unreserved (Other),Mamta Rai,,,,,,,,,,,,,,,,4.0
Champaran,East Champaran,4. Sheohar,21. Dhaka,Dhaka,,Dhaka_50,Unreserved (Other),Mamta Rai,,,,,,,,,,,,,,,,5.0
Champaran,East Champaran,4. Sheohar,20. Chiraia,Patahi,,Patahi_51,Unreserved (Mahila),Mamta Rai,,Shyam Sundar Singh,9771604245.0,General,Bhumihar,51.0,"-Currently serving as the de facto Zila Parishad member following the 2021 elections.
-Professionally engaged in the pharmaceutical sector, operating a medicine franchise.
-Serves as the District Vice President  for the Jan Suraaj party.
-Formally declared his intent to contest the upcoming Assembly elections under the Jan Suraaj banner by depositing the designated fee of ₹21,000.",ACC,"Onboarded, ACC",,,,ACC,,,1.0
Champaran,East Champaran,4. Sheohar,20. Chiraia,Patahi,,Patahi_51,Unreserved (Mahila),Mamta Rai,,Vivek Dwivedi,9507572751.0,General,Brahmin,28.0,"ZP Runner up 2021 Lost by thin Margin
Owner of School in Patahi
Have good influence in every community in Patahi",DSC Member,Sangathan,,,,,,,2.0
Champaran,East Champaran,4. Sheohar,20. Chiraia,Patahi,,Patahi_51,Unreserved (Mahila),Mamta Rai,,Ram kishor mehta,7250076400.0,EBC,Khatri,29.0,"Ram Kishor Mehta | 29 | Male | EBC | Khatri
ZP Candidate — 2021
ZP Contestant — 2026
Strong Social Standing & Community Connect
Young Leader with Established Electoral Experience",DSC Member,Sangathan,Chunav ladne ke liye ready hai.,,,,,,3.0
Champaran,East Champaran,4. Sheohar,20. Chiraia,Patahi,,Patahi_51,Unreserved (Mahila),Mamta Rai,,"
Anand Mohan",9779001063.0,OBC,GIRI,29.0,"Anand Mohan| Male | 28 | OBC | Giri | Advocate

-Jan Suraaj Pakridyal Anumandal Youth President
-Advocate at Patna High Court
-Farmer ( Agriculture & fish 11 Acre land) ",ACC,ACC,,,,ACC,,,4.0
Champaran,East Champaran,4. Sheohar,20. Chiraia,Patahi,,Patahi_51,Unreserved (Mahila),Mamta Rai,,,,,,,,,,,,,,,,5.0
Champaran,East Champaran,4. Sheohar,20. Chiraia,Patahi,,Patahi_52,Unreserved (Other),Mamta Rai,,Niraj Jha,8521285104.0,General,Brahmin,33.0,"Niraj Jha| 33| Male | General| Brahmin
- Jan Suraaj Zila Upadhyaksh.
- 2016 ZP Contestant got around 1100 votes, winner got 1450 votes.
Businessman (Chirag Agarbatti Business)",,Onboarded ,,,,Onboarded ZP,,,1.0
Champaran,East Champaran,4. Sheohar,20. Chiraia,Patahi,,Patahi_52,Unreserved (Other),Mamta Rai,,Raghib Ahsan,9123278732.0,Minority,Muslim,40.0,"ZP Runner Up
His Father served as Up Pramukh ",Prakhand Mahasachiv,Sangathan,,,,,,,2.0
Champaran,East Champaran,4. Sheohar,20. Chiraia,Patahi,,Patahi_52,Unreserved (Other),Mamta Rai,,,,,,,,,,,,,,,,3.0
Champaran,East Champaran,4. Sheohar,20. Chiraia,Patahi,,Patahi_52,Unreserved (Other),Mamta Rai,,,,,,,,,,,,,,,,4.0
Champaran,East Champaran,4. Sheohar,20. Chiraia,Patahi,,Patahi_52,Unreserved (Other),Mamta Rai,,,,,,,,,,,,,,,,5.0
Champaran,East Champaran,4. Sheohar,18. Madhuban,Madhuban,,Madhuban_53,SC (Other),Mamta Rai,,Dinesh Raam,9576531097.0,SC,Ravidas,41.0,"2021 ZP Runner Up, Receievd 2500 votes
ZP contestant 2016, 2011 & 2006
Mother BDC Contestant 2001
Former BSP Vidhansabha Prabhari 2020
Former JDU Prakhand Yuva Adhyaksh 2010-12",,Onboarded ,,,,Onboarded ZP,,,1.0
Champaran,East Champaran,4. Sheohar,18. Madhuban,Madhuban,,Madhuban_53,SC (Other),Mamta Rai,,Nand Kishore Baithaa,9546011018.0,SC,Dhobi,54.0,"ZP RUNNER UP 
SECURED 4793 VOTES 
HIS SON HAS MEDICAL AGENCY IN DELHI 
AND ONE SON HAS GITI, CEMENT , SAND, AND OTHER BUILDING MATERIAL AGENCY 
READY TO CONTEST WITH SUPPORT OF JS AND WANT TO MEET",,Runnerup ZP,,,,,,,2.0
Champaran,East Champaran,4. Sheohar,18. Madhuban,Madhuban,,Madhuban_53,SC (Other),Mamta Rai,,श्री खूब लाल राम,9472323181.0,SC,Ravidas,61.0,"""Former ZP 2001-2006
Prominent SC Leader""",,Sangathan Dump,,,,अम्बेडकर मंच प्रभारी,,,3.0
Champaran,East Champaran,4. Sheohar,18. Madhuban,Madhuban,,Madhuban_53,SC (Other),Mamta Rai,,,,,,,,,,,,,,,,4.0
Champaran,East Champaran,4. Sheohar,18. Madhuban,Madhuban,,Madhuban_53,SC (Other),Mamta Rai,,,,,,,,,,,,,,,,5.0
Champaran,East Champaran,4. Sheohar,18. Madhuban,Madhuban,,Madhuban_54,Unreserved (Mahila),Mamta Rai,,Shyamnandan Yadav,7992237414.0,obc,yadav,,he want to contest but waiting for parishiman ,सदस्य,Sangathan,,,,सदस्य,,,1.0
Champaran,East Champaran,4. Sheohar,18. Madhuban,Madhuban,,Madhuban_54,Unreserved (Mahila),Mamta Rai,,Amit Bhushan,7004707757.0,,,,"-ZP Contestant from Madhuban and secured 2nd position
in 2021.
-Secretary of Rashtriya Yuva Kalyan Morcha since 2019
-Former Sanghatan Zila Adhyaksha Youth Pakdidayal Sanghatan Zila",सदस्य,Sangathan,,,,सदस्य,,,2.0
Champaran,East Champaran,4. Sheohar,18. Madhuban,Madhuban,,Madhuban_54,Unreserved (Mahila),Mamta Rai,,Ragho Sah,8340239240.0,EBC,Teli,52.0,"""-BDC Contestant 2021 received 350 votes
-BDC Contestant  2016
- Elder brother Ajay Kr Sah 2021 ZP Contestant Tetaria """,,Sangathan Dump,Ready hai chunav ladne ke liye.,,,,,,3.0
Champaran,East Champaran,4. Sheohar,18. Madhuban,Madhuban,,Madhuban_54,Unreserved (Mahila),Mamta Rai,,,,,,,,,,,,,,,,4.0
Champaran,East Champaran,4. Sheohar,18. Madhuban,Madhuban,,Madhuban_54,Unreserved (Mahila),Mamta Rai,,,,,,,,,,,,,,,,5.0
Champaran,East Champaran,3. Purvi Champaran,17. Pipra,Tetariya,,Tetariya_55,Backward Class (Mahila),Mamta Rai,,Akabri Khatun/Shamshul Hodda,7256018350.0,Minority,muslim,38.0,"-Currently serving as the de facto Zila Parishad (ZP) member.
- State Executive Committee Member (Pradesh Karyakarini Sadasya).

-Fielded her sister as a candidate in the 2016 elections, where she narrowly lost the contest by a margin of just 300 votes.",DSC Member,"Onboarded, Sangathan Dump",,,,Onboarded ZP,,,1.0
Champaran,East Champaran,3. Purvi Champaran,17. Pipra,Tetariya,,Tetariya_55,Backward Class (Mahila),Mamta Rai,,Shivani Kumari/Praveen Kumar,9717090800.0,EBC,Chaurasia,30.0,"ZP RUNNER UP SECURED 6000+ VOTES IN LAST ELECTION 2021
CONSTRUCTION WORK",,1st Runnerup,,,,,,,2.0
Champaran,East Champaran,3. Purvi Champaran,17. Pipra,Tetariya,,Tetariya_55,Backward Class (Mahila),Mamta Rai,,Shankar Sahani,8789013833.0,EBC,Mallah,42.0,"-Mukhiya Runner up 2011 got 173 less votes
-ZP Runner up 2021 received 1800 lee votes",BSC Member,Sangathan Dump,,,,,,,3.0
Champaran,East Champaran,3. Purvi Champaran,17. Pipra,Tetariya,,Tetariya_55,Backward Class (Mahila),Mamta Rai,,Ranjan Bharti,9430440337.0,OBC,GOSWAMI,54.0,"Ranjan Bharti | Male | 54 | OBC | Goswami | Former JDU Mahasachiv

-Former JDU Mahasachiv(2020 To 2025)
-Former Samta Party Zila Mahasachiv(1995 to 2003)
-Farmer
-Social Worker",ACC,ACC,,,,ACC,,,4.0
Champaran,East Champaran,3. Purvi Champaran,17. Pipra,Tetariya,,Tetariya_55,Backward Class (Mahila),Mamta Rai,,,,,,,,,,,,,,,,5.0
Champaran,East Champaran,3. Purvi Champaran,17. Pipra,Mehsi,,Mehsi_56,Unreserved (Other),Mamta Rai,,Gyasuddin,8292118507.0,Minority,Muslim,28.0,"
ZP Runner Up 2021, Received 960 votes 
Runs Nurshing Home in Mehsi 
",,Onboarded ,,,,Onboarded ZP,,,1.0
Champaran,East Champaran,3. Purvi Champaran,17. Pipra,Mehsi,,Mehsi_56,Unreserved (Other),Mamta Rai,,Jayant Kumar,8210103869.0,General,Bhumihar,34.0,- Contested PACS election (lost by ~17 votes),,Sangathan Dump,,,,PRI Applicants,,,2.0
Champaran,East Champaran,3. Purvi Champaran,17. Pipra,Mehsi,,Mehsi_56,Unreserved (Other),Mamta Rai,,Amit kumar,917209322384.0,OBC,Yadav,31.0,"""Amit Kumar | 31 | Male | OBC | Yadav
Jan Suraaj — Associated Since Inception
Strong Political Legacy — Father Contested ZP Election
Family Political Legacy — Father Was CPI(M) District Secretary
Young Yadav Leader with Strong Political Background
Established Grassroots & Organizational Connect""",,ACC,Chunav ladne ke liye ready hai.,,,ACC Online,,,3.0
Champaran,East Champaran,3. Purvi Champaran,17. Pipra,Mehsi,,Mehsi_56,Unreserved (Other),Mamta Rai,,,,,,,,,,,,,,,,4.0
Champaran,East Champaran,3. Purvi Champaran,17. Pipra,Mehsi,,Mehsi_56,Unreserved (Other),Mamta Rai,,,,,,,,,,,,,,,,5.0
Champaran,East Champaran,3. Purvi Champaran,17. Pipra,Mehsi,,Mehsi_57,SC (Other),Mamta Rai,,Deepak Ram,7759886980.0,SC,Ravidas,28.0,"Medical Practioner, Founder President of Son of Chamar and ZP contestant
got 2nd position in last election",BSC Member,Sangathan,,,,,,,1.0
Champaran,East Champaran,3. Purvi Champaran,17. Pipra,Mehsi,,Mehsi_57,SC (Other),Mamta Rai,,Ramvinaya Paswan,9304853878.0,SC,Paswan,35.0,"ZP RUNNER UP SECURTED 7149 VOTES
HE IS A CONTRACTOR
WANT TO CONTEST WITH SUPPORTOF JS
READY TOMEET PK",,Runnerup ZP,,,,,,,2.0
Champaran,East Champaran,3. Purvi Champaran,17. Pipra,Mehsi,,Mehsi_57,SC (Other),Mamta Rai,,Sunil kr,916202101348.0,OBC,Yadav,54.0,"Sunil Kumar | 54 | Male | OBC | Yadav
Joined Jan Suraaj — 2025
20+ Years of Political Experience with RJD
Former RJD Leader — Block to District Level
Strong Yadav Community Connect
Extensive Grassroots Political Experience",,ACC,Chunav ladne ke liye ready hai.,,,ACC Online,,,3.0
Champaran,East Champaran,3. Purvi Champaran,17. Pipra,Mehsi,,Mehsi_57,SC (Other),Mamta Rai,,,,,,,,,,,,,,,,4.0
Champaran,East Champaran,3. Purvi Champaran,17. Pipra,Mehsi,,Mehsi_57,SC (Other),Mamta Rai,,,,,,,,,,,,,,,,5.0
Champaran,Bagaha,1. Valmiki Nagar,1. Valmiki Nagar,Bagaha-II,,Bagaha-II_1,ST (Other),Nirbhay Kumar Mahato,Renu Devi,Shambhu Kaji,8210570770.0,ST,Tharu,50.0,"-Finished as the runner-up in the 2021 Zila Parishad elections, securing  6,000 votes and narrowly missing victory by a slim margin of just 500 votes.
-his wife is serving two consecutive terms as a Ward Member and Up-Mukhiya  following the 2016 and 2021 elections.
",,Onboarded ,,,,Onboarded ZP,,,1.0
Champaran,Bagaha,1. Valmiki Nagar,1. Valmiki Nagar,Bagaha-II,,Bagaha-II_1,ST (Other),Nirbhay Kumar Mahato,Renu Devi,Surendra Chaudhari,7367812074.0,ST,Tharu,,,,New Name (Recommendation),,,,जिला उपाध्यक्ष,,,2.0
Champaran,Bagaha,1. Valmiki Nagar,1. Valmiki Nagar,Bagaha-II,,Bagaha-II_1,ST (Other),Nirbhay Kumar Mahato,Renu Devi,,,,,,,,,,,,,,,3.0
Champaran,Bagaha,1. Valmiki Nagar,1. Valmiki Nagar,Bagaha-II,,Bagaha-II_1,ST (Other),Nirbhay Kumar Mahato,Renu Devi,,,,,,,,,,,,,,,4.0
Champaran,Bagaha,1. Valmiki Nagar,1. Valmiki Nagar,Bagaha-II,,Bagaha-II_1,ST (Other),Nirbhay Kumar Mahato,Renu Devi,,,,,,,,,,,,,,,5.0
Champaran,Bagaha,1. Valmiki Nagar,1. Valmiki Nagar,Bagaha-II,,Bagaha-II_2,ST (Mahila),Nirbhay Kumar Mahato,Renu Devi,Chandrama Devi / Sheshnath Chaudhari,7733817252.0,ST,Tharu,45.0,Incumbent ZP,,"Sangathan, Incumbent ZP",,,,,,,1.0
Champaran,Bagaha,1. Valmiki Nagar,1. Valmiki Nagar,Bagaha-II,,Bagaha-II_2,ST (Mahila),Nirbhay Kumar Mahato,Renu Devi,Uday Prakash Chaudhary,7061190426.0,OBC,Kurmi,46.0,"He was the Mukhiya from 2016-2021. 
In 2021 elections he lost the election by 5 votes. Received 1265 votes",सदस्य,Sangathan,,,,सदस्य,,,2.0
Champaran,Bagaha,1. Valmiki Nagar,1. Valmiki Nagar,Bagaha-II,,Bagaha-II_2,ST (Mahila),Nirbhay Kumar Mahato,Renu Devi,,,,,,,,,,,,,,,3.0
Champaran,Bagaha,1. Valmiki Nagar,1. Valmiki Nagar,Bagaha-II,,Bagaha-II_2,ST (Mahila),Nirbhay Kumar Mahato,Renu Devi,,,,,,,,,,,,,,,4.0
Champaran,Bagaha,1. Valmiki Nagar,1. Valmiki Nagar,Bagaha-II,,Bagaha-II_2,ST (Mahila),Nirbhay Kumar Mahato,Renu Devi,,,,,,,,,,,,,,,5.0
Champaran,Bagaha,1. Valmiki Nagar,1. Valmiki Nagar,Bagaha-II,,Bagaha-II_3,Unreserved (Other),Nirbhay Kumar Mahato,Renu Devi,Ajay Patel,6206753990.0,OBC,Kurmi,37.0,"-Contested the 2021 Zila Parishad (ZP) elections, finishing as the runner-up after securing a total of 3,100 votes.
-Professionally established as a businessman engaged in the timber and wood industry.",सदस्य,Onboarded ,,,,सदस्य,,,1.0
Champaran,Bagaha,1. Valmiki Nagar,1. Valmiki Nagar,Bagaha-II,,Bagaha-II_3,Unreserved (Other),Nirbhay Kumar Mahato,Renu Devi,Krishn Kumar Singh,8084870215.0,General,Rajput,49.0,"-Contested the election, securing a total of 2,701 votes and losing the contest by a margin of 618 votes.
-Professionally established as a practicing advocate at the Patna High Court.",,Onboarded ,,,,Onboarded ZP,,,2.0
Champaran,Bagaha,1. Valmiki Nagar,1. Valmiki Nagar,Bagaha-II,,Bagaha-II_3,Unreserved (Other),Nirbhay Kumar Mahato,Renu Devi,Saket Kumar Pathak,9931056819.0,General,Brahmin,,"-Incumbent RJD Zila Upadhyaksh
-3 Times MLA Contestant, Belongs to Land Lord Family
-Ex Ziladhyaksh - Hindu Yuva Vahini
-Ex-Zila Adhyaksh - Vishva Hindu Parishad
-Ex- Parshad of Ward3, Unopposed Zila Yojna Samiti",सदस्य,Sangathan,,,,सदस्य,,,3.0
Champaran,Bagaha,1. Valmiki Nagar,1. Valmiki Nagar,Bagaha-II,,Bagaha-II_3,Unreserved (Other),Nirbhay Kumar Mahato,Renu Devi,Naveen Chandra Oraon,9973240324.0,ST,Sarna Tribe,35.0,"Defacto Incumbent ZP

Contested 2021 ZP election, Received 3500 votes, won by 282 votes
",,Incumbent ZP,,,,,,,4.0
Champaran,Bagaha,1. Valmiki Nagar,1. Valmiki Nagar,Bagaha-II,,Bagaha-II_3,Unreserved (Other),Nirbhay Kumar Mahato,Renu Devi,Harendra Gond,9631723761.0,ST,Gond Tribe,58.0,"-Incumbent BDC 2021
-Pramukh Contestant 2021
Contested Mukhiya Election in 2016
Contested Mukhiya Election in 2011, lost by 150 votes",सदस्य,Sangathan,,,,सदस्य,,,5.0
Champaran,Bagaha,1. Valmiki Nagar,1. Valmiki Nagar,Bagaha-II,,Bagaha-II_4,Unreserved (Other),Nirbhay Kumar Mahato,Renu Devi,Man Singh,9113722629.0,General,Chanau,38.0,"-His father was Former Mukhiya
-His brother was Ward member
-Former JSP Vidhan Sabha Prabhari
-Businessman",,"Onboarded , Sangathan",,,,Onboarded ZP,,,1.0
Champaran,Bagaha,1. Valmiki Nagar,1. Valmiki Nagar,Bagaha-II,,Bagaha-II_4,Unreserved (Other),Nirbhay Kumar Mahato,Renu Devi,Brijbihari Yadav,9661178537.0,OBC,Yadav,59.0,-Incumbent ZP member(2021) -Runner up ZP membar (2011 & 2016),,Incumbent ZP,,,,,,,2.0
Champaran,Bagaha,1. Valmiki Nagar,1. Valmiki Nagar,Bagaha-II,,Bagaha-II_4,Unreserved (Other),Nirbhay Kumar Mahato,Renu Devi,,,,,,,,,,,,,,,3.0
Champaran,Bagaha,1. Valmiki Nagar,1. Valmiki Nagar,Bagaha-II,,Bagaha-II_4,Unreserved (Other),Nirbhay Kumar Mahato,Renu Devi,,,,,,,,,,,,,,,4.0
Champaran,Bagaha,1. Valmiki Nagar,1. Valmiki Nagar,Bagaha-II,,Bagaha-II_4,Unreserved (Other),Nirbhay Kumar Mahato,Renu Devi,,,,,,,,,,,,,,,5.0
Champaran,Bagaha,1. Valmiki Nagar,4. Bagaha,Bagaha-I,,Bagaha-I_5,SC (Mahila),Nirbhay Kumar Mahato,Renu Devi,Manju Devi / Ram adhar Ram,9199748940.0,SC,Ravidas,45.0,"-Contested the Zila Parishad  election, securing the 3rd position with a total of 3,705 votes.
-Served as a BDC member from 2016-2021.
-Contested the 2014 PACS election, narrowly missing victory by a razor-thin margin of just 3 votes.
",,Onboarded ,,,,Onboarded ZP,,,1.0
Champaran,Bagaha,1. Valmiki Nagar,4. Bagaha,Bagaha-I,,Bagaha-I_5,SC (Mahila),Nirbhay Kumar Mahato,Renu Devi,Kesomati Devi / Virendra Ram,7004138319.0,SC,Ravidas,50.0,"Incumbent ZP 
Contested 2021 ZP election, Received 4710 votes, won by 670 votes",,Incumbent ZP,,,,,,,2.0
Champaran,Bagaha,1. Valmiki Nagar,4. Bagaha,Bagaha-I,,Bagaha-I_5,SC (Mahila),Nirbhay Kumar Mahato,Renu Devi,Ramu Chaudhari,8292851933.0,EBC,Noonia,42.0,"In 2011, Contested ZP election, Received 5200 votes, but lost
In 2016, ZP seat got reserve, hence he contested Mukhiya election and won
In 2021, Contested Mukhiya election but lost",कर्पूरी मंच अध्यक्ष,Sangathan,He will fight if seat does not get reserved to SC.,,,कर्पूरी मंच अध्यक्ष,,,3.0
Champaran,Bagaha,1. Valmiki Nagar,4. Bagaha,Bagaha-I,,Bagaha-I_5,SC (Mahila),Nirbhay Kumar Mahato,Renu Devi,Jitendra Kumar,9955032708.0,OBC,Yadav,36.0,"In 2021, Mukhiya Runner Up, receeived 900 votes, lost by 82 votes
In 2016, Won Mukhiya election",EMB,,,,,Vidhan Sabha Sanyojak,,,4.0
Champaran,Bagaha,1. Valmiki Nagar,4. Bagaha,Bagaha-I,,Bagaha-I_5,SC (Mahila),Nirbhay Kumar Mahato,Renu Devi,,,,,,,,,,,,,,,5.0
Champaran,Bagaha,1. Valmiki Nagar,4. Bagaha,Bagaha-I,,Bagaha-I_6,Unreserved (Mahila),Nirbhay Kumar Mahato,Renu Devi,,,,,,,,,,,,,,,1.0
Champaran,Bagaha,1. Valmiki Nagar,4. Bagaha,Bagaha-I,,Bagaha-I_6,Unreserved (Mahila),Nirbhay Kumar Mahato,Renu Devi,,,,,,,,,,,,,,,2.0
Champaran,Bagaha,1. Valmiki Nagar,4. Bagaha,Bagaha-I,,Bagaha-I_6,Unreserved (Mahila),Nirbhay Kumar Mahato,Renu Devi,Sonu Kumar Yadav/ Ragani Kumari,8709393080.0,OBC,Yadav,30.0,Incumbent ZP,,Incumbent ZP,,,,,,,3.0
Champaran,Bagaha,1. Valmiki Nagar,4. Bagaha,Bagaha-I,,Bagaha-I_6,Unreserved (Mahila),Nirbhay Kumar Mahato,Renu Devi,Sikandra Chaudhary,8521063537.0,EBC,Nonia,49.0,"ZP Runner UP in 2021, received 4200 votes, lost by 2000 votes
ZP in 2016, received 9000 votes 
ZP in 2011, Received 19000 votes
Contested ZP Chairperson election, lost by 2 votes
ZP Runner up in 2006 election, lost by 640 votess",,New Name (Recommendation),,,,,,,4.0
Champaran,Bagaha,1. Valmiki Nagar,4. Bagaha,Bagaha-I,,Bagaha-I_6,Unreserved (Mahila),Nirbhay Kumar Mahato,Renu Devi,,,,,,,,,,,,,,,5.0
Champaran,Bagaha,1. Valmiki Nagar,4. Bagaha,Bagaha-I,,Bagaha-I_7,Unreserved (Mahila),Nirbhay Kumar Mahato,Renu Devi,Sagir Mia,7909047508.0,EBC,Muslim,40.0,,,,,,,,,,1.0
Champaran,Bagaha,1. Valmiki Nagar,4. Bagaha,Bagaha-I,,Bagaha-I_7,Unreserved (Mahila),Nirbhay Kumar Mahato,Renu Devi,Kashi Baitha,9955388838.0,SC,Dhobi,54.0,"Incumbent Zila Adhyaksh JSP
- Currently, He is the District Coordinator for Balmiki Vikas Manch
- In 1991 he joined CPIM and held the post of District Committee Member.
- 1997-1998 he was Anchal President, Sikta.
- In 2007, he left CPIM and joined BSP
- In 2008, then became Zila Sachiv of BSP.
- In 2011, won ZP elections from the General seat",,Sangathan,,,,अध्यक्ष,,,2.0
Champaran,Bagaha,1. Valmiki Nagar,4. Bagaha,Bagaha-I,,Bagaha-I_7,Unreserved (Mahila),Nirbhay Kumar Mahato,Renu Devi,Vinod Paswan,8292055862.0,EBC,Paswan/ Dusadh,52.0,"JSP Koshadhyaksh, EX-Vidhansabha Prabhari
Mukhiya Runner up, received 700 votes
Mukhiya Runner up 2016, Received 400 votes
2001, He was ZP Pratinidhi
MP Pratinidhi in 2009
",JSP Koshadhyaksh,Sangathan,,,,कोषाध्यक्ष सह कार्यालय प्रभारी,,,3.0
Champaran,Bagaha,1. Valmiki Nagar,4. Bagaha,Bagaha-I,,Bagaha-I_7,Unreserved (Mahila),Nirbhay Kumar Mahato,Renu Devi,,,,,,,,,,,,,,,4.0
Champaran,Bagaha,1. Valmiki Nagar,4. Bagaha,Bagaha-I,,Bagaha-I_7,Unreserved (Mahila),Nirbhay Kumar Mahato,Renu Devi,,,,,,,,,,,,,,,5.0
Champaran,Bagaha,1. Valmiki Nagar,1. Valmiki Nagar,Piprasi,,Piprasi_8,Unreserved (Other),Nirbhay Kumar Mahato,Renu Devi,Dhaneshwar Yadav,9161266899.0,OBC,Yadav,38.0,Incombent ZP,,,,,,,,,1.0
Champaran,Bagaha,1. Valmiki Nagar,1. Valmiki Nagar,Piprasi,,Piprasi_8,Unreserved (Other),Nirbhay Kumar Mahato,Renu Devi,Chandrabhanu Kushwaha,9721218161.0,OBC,Koiri,55.0,"Won ZP election in 2011
From 2016 he started supporting Manoj Kushwaha, a relative of him ",,,,,,,,,2.0
Champaran,Bagaha,1. Valmiki Nagar,1. Valmiki Nagar,Piprasi,,Piprasi_8,Unreserved (Other),Nirbhay Kumar Mahato,Renu Devi,Reyaz Ansari,9005365542.0,EBC,Muslim,,He is a dummy candidate of Dhaneshwar Yadav,,,,,,,,,3.0
Champaran,Bagaha,1. Valmiki Nagar,1. Valmiki Nagar,Piprasi,,Piprasi_8,Unreserved (Other),Nirbhay Kumar Mahato,Renu Devi,Chhagun Ram,,SC,Chamar,,,,,,,,,,,4.0
Champaran,Bagaha,1. Valmiki Nagar,1. Valmiki Nagar,Piprasi,,Piprasi_8,Unreserved (Other),Nirbhay Kumar Mahato,Renu Devi,,,,,,,,,,,,,,,5.0
Champaran,Bagaha,1. Valmiki Nagar,1. Valmiki Nagar,Madhubani,,Madhubani_9,Unreserved (Mahila),Nirbhay Kumar Mahato,Renu Devi,Ratan Kumar Nishad,9695439738.0,EBC,Bind,31.0,"a) Current Profile He did his graduation from Bageshwari Devi Collage, UP in 2019. In 2020, he did B.EI.Ed from IGNOU. Presently, he operates a private coaching center i.e. Ideal Coaching Center in Madhubani. 
b) SocioPolitical Brief In 2021, he started his own Coaching center & currently more than 200 students are registered up to 10th standard. According to him, Education Facilities in the block are in poor condition since it is far from Bettiah & the Nitish Govt has not taken proper steps to improve the educational facilities. He is well aware of PK through Facebook & Twitter. 
c)Financial Activity He is economically stable & the majority of his income comes from the teaching profession. His father is a farmer & has been earning from the agricultural sector. 
d)Area | Community influence As he is a welleducated person from the Mallah community & has a good social & political understanding. He has been also providing guidance to the young generation for a better outcome.
",सदस्य,Sangathan,,,,सदस्य,,,1.0
Champaran,Bagaha,1. Valmiki Nagar,1. Valmiki Nagar,Madhubani,,Madhubani_9,Unreserved (Mahila),Nirbhay Kumar Mahato,Renu Devi,Ajay Kumar Ram,9576787400.0,SC,Ravidas,35.0,"He is a graduate & painting artist, he contested ZP election from area number-9 in year 2021 & got 2967 Votes.
-2 terms his father contested Mukhiya election", EX Sangathan Zila Sachiv,Sangathan,,,,,,,2.0
Champaran,Bagaha,1. Valmiki Nagar,1. Valmiki Nagar,Madhubani,,Madhubani_9,Unreserved (Mahila),Nirbhay Kumar Mahato,Renu Devi,Dhananjay Pandey,9572462364.0,General,Brahmain,41.0,"Defacto ZP Runner UP 2021, Received 2400 votes
Contested Vidhan Sabha Election in 2015, received 4700 votes from Shiv Sena 
",,New Name (Recommendation),,,,,,,3.0
Champaran,Bagaha,1. Valmiki Nagar,1. Valmiki Nagar,Madhubani,,Madhubani_9,Unreserved (Mahila),Nirbhay Kumar Mahato,Renu Devi,,,,,,,,,,,,,,,4.0
Champaran,Bagaha,1. Valmiki Nagar,1. Valmiki Nagar,Madhubani,,Madhubani_9,Unreserved (Mahila),Nirbhay Kumar Mahato,Renu Devi,,,,,,,,,,,,,,,5.0
Champaran,Bagaha,1. Valmiki Nagar,1. Valmiki Nagar,Bhitaha,,Bhitaha_10,Unreserved (Mahila),Nirbhay Kumar Mahato,Renu Devi,Gyanti Devi / Shushil Sharma,9523572645.0,EBC,Lohar,56.0,"Incumbent defacto ZP since 2016
Won ZP election in 2026 by Receiving 6200 Votes
Won ZP election by Receiving 4200 Votes
Fought ZP Election in 2011, Recieved 1400 Votes",,Onboarded ,,,,,,,1.0
Champaran,Bagaha,1. Valmiki Nagar,1. Valmiki Nagar,Bhitaha,,Bhitaha_10,Unreserved (Mahila),Nirbhay Kumar Mahato,Renu Devi,Samsun Nesha / Junaid,9621756240.0,General,Muslim,39.0,"ZP Runner UP in 2021, Received 2400 votes, lost by 2600 votes
ZP Runner UP in 2016, Received 6482 votes, lost by 63 votes
His younger brother fought BDC election and lost by 35 votes",,Onboarded,,,,,,,2.0
Champaran,Bagaha,1. Valmiki Nagar,1. Valmiki Nagar,Bhitaha,,Bhitaha_10,Unreserved (Mahila),Nirbhay Kumar Mahato,Renu Devi,Suresh Gupta ,7052141017.0,EBC,Teli,62.0,"In 2021, contested Mukhiya election, received 800 votes
Contested ZP election in 2006 from Madhubani Seat
Contested Vidhansabha Election in 2000",Sadasya,Sangathan,,,,सदस्य,,,3.0
Champaran,Bagaha,1. Valmiki Nagar,1. Valmiki Nagar,Bhitaha,,Bhitaha_10,Unreserved (Mahila),Nirbhay Kumar Mahato,Renu Devi,Jamalluddin Ansari,7250084300.0,EBC,Mulsim,33.0,"He was Journalist since 2010
He fought Mukhiya Election in 2021, lost by thin margin.",,,"PK Recommended/He is Focusing on Mukhiya. If seats get reserved, he will fight BDC for Pramkukh. Fighting ZP will be the last option.",,,,,,4.0
Champaran,Bagaha,1. Valmiki Nagar,1. Valmiki Nagar,Bhitaha,,Bhitaha_10,Unreserved (Mahila),Nirbhay Kumar Mahato,Renu Devi,,,,,,,,,,,,,,,5.0
Champaran,Bagaha,1. Valmiki Nagar,1. Valmiki Nagar,Thakrahan,,Thakrahan_11,Unreserved (Other),Nirbhay Kumar Mahato,Renu Devi,Dr. Nizamuddin Ali,8400077679.0,EBC,Muslim,57.0,"Won BDC Election in 2001
In 2006, contested ZP election, Received 1450 votes (4th Place)
In 2011, won Sarpanch Election, Received 900 votes
In 2016, contested Mukhiya Election, Received 200 votes
In 2021, again contested Mukhiya election and lost.",जिला उपाध्यक्ष,Sangathan,,,,जिला उपाध्यक्ष,,,1.0
Champaran,Bagaha,1. Valmiki Nagar,1. Valmiki Nagar,Thakrahan,,Thakrahan_11,Unreserved (Other),Nirbhay Kumar Mahato,Renu Devi,Sandhya Devi,6200796715.0,SC,Ravidas,30.0,"Incumbent BDC, Receieved 900 votes, won by 250 votes
Incumbent JSP Mahila Prakhand Adhyaskh
Her Husband is Zila Mahasachiv of JSP ",Mahila Prakhand Adhyaskh,Sangathan,,,,,,,2.0
Champaran,Bagaha,1. Valmiki Nagar,1. Valmiki Nagar,Thakrahan,,Thakrahan_11,Unreserved (Other),Nirbhay Kumar Mahato,Renu Devi,,,,,,,,,,,,,,,3.0
Champaran,Bagaha,1. Valmiki Nagar,1. Valmiki Nagar,Thakrahan,,Thakrahan_11,Unreserved (Other),Nirbhay Kumar Mahato,Renu Devi,,,,,,,,,,,,,,,4.0
Champaran,Bagaha,1. Valmiki Nagar,1. Valmiki Nagar,Thakrahan,,Thakrahan_11,Unreserved (Other),Nirbhay Kumar Mahato,Renu Devi,,,,,,,,,,,,,,,5.0
Champaran,Bettiah,1. Valmiki Nagar,5. Lauriya,Jogapatti,,Jogapatti_12,Unreserved (Mahila),Nirbhay Kumar Mahato,Renu Devi,Anil Yadav,8709584214.0,OBC,Yadav,34.0,"3rd position in Sarpanch, vote received 532",,,,,,,,,1.0
Champaran,Bettiah,1. Valmiki Nagar,5. Lauriya,Jogapatti,,Jogapatti_12,Unreserved (Mahila),Nirbhay Kumar Mahato,Renu Devi,Amit Singh,7762962805.0,,,,,,,,,,,,,2.0
Champaran,Bettiah,1. Valmiki Nagar,5. Lauriya,Jogapatti,,Jogapatti_12,Unreserved (Mahila),Nirbhay Kumar Mahato,Renu Devi,Sunita Devi / Santosh Kumar Rao,9801222600.0,General,,35.0,Incumbent ZP ,Zila  Upadhyaksh,Incumbent ZP,,,,,,,3.0
Champaran,Bettiah,1. Valmiki Nagar,5. Lauriya,Jogapatti,,Jogapatti_12,Unreserved (Mahila),Nirbhay Kumar Mahato,Renu Devi,Acchelal Raj ,7004242147.0,,,,,,,,,,,,,4.0
Champaran,Bettiah,1. Valmiki Nagar,5. Lauriya,Jogapatti,,Jogapatti_12,Unreserved (Mahila),Nirbhay Kumar Mahato,Renu Devi,,,,,,,,,,,,,,,5.0
Champaran,Bettiah,1. Valmiki Nagar,5. Lauriya,Jogapatti,,Jogapatti_13,Unreserved (Mahila),Nirbhay Kumar Mahato,Renu Devi,Ravi Prakash,9145552414.0,OBC,Kurmi,32.0,"-Currently serving as the District Youth President (Zila Yuva Adhyaksh) for Bettiah.
- his grandfather PACS election in 2014.
-Actively involved in the agricultural sector, specializing in bio-farming and organic farming initiatives.
-Holds a professional degree with a Bachelor in Hotel Management.


",युवा अध्यक्ष,Sangathan,,,,युवा अध्यक्ष,,,1.0
Champaran,Bettiah,1. Valmiki Nagar,5. Lauriya,Jogapatti,,Jogapatti_13,Unreserved (Mahila),Nirbhay Kumar Mahato,Renu Devi,Barister Yadav/ Kailashi devi,8084093691.0,OBC,Yadav,52.0,Incumbent Defacto ZP,,Incumbent ZP,,,,,,,2.0
Champaran,Bettiah,1. Valmiki Nagar,5. Lauriya,Jogapatti,,Jogapatti_13,Unreserved (Mahila),Nirbhay Kumar Mahato,Renu Devi,Shri Krishna Bind,6205744783.0,EBC,Bind,50.0,"-He is a former MLA Candidate from Bettiah AC in 2005,
- 2001- 2006 Mukhiya -2011 -2016 Mukhiya",कर्पूरी मंच Prabhari,Sangathan,,,,कर्पूरी मंच,,,3.0
Champaran,Bettiah,1. Valmiki Nagar,5. Lauriya,Jogapatti,,Jogapatti_13,Unreserved (Mahila),Nirbhay Kumar Mahato,Renu Devi,"Rantosh kumar Kushwaha
Vikai Mahato Kushwaha",6202460713.0,OBC,Kushwaha,37.0,"Vikai Mahato Kushwaha | Male | 64 | OBC | Kushwaha | Former ZP 

-Former ZP Member, 2016 to 2021
- Contested ZP election in 2021 but lost
-Former JDU Sansad Pratinidhi, 2006 To 2022
-Former Congress Zila Sachiv, 2000 To 2005
-Former Samta Party Block President, 1995 To 1997
-Former Jan Suraaj Zila Adhyaksh
-Gram Raksha Dal Zila Adhyaksh, 1994 To 2004",Ex. Zila Adhyaksh ,ACC,"Is bar apne beta (Rantosh ) ko chunav ladwayenge .
Rantosh ji 2016 zp election se active hain politics me ",,,राज्य सलाहकार समिति ,,,4.0
Champaran,Bettiah,1. Valmiki Nagar,5. Lauriya,Jogapatti,,Jogapatti_13,Unreserved (Mahila),Nirbhay Kumar Mahato,Renu Devi,,,,,,,,,,,,,,,5.0
Champaran,Bettiah,1. Valmiki Nagar,5. Lauriya,Jogapatti,,Jogapatti_14,Backward Class (Others),Nirbhay Kumar Mahato,Renu Devi,Shri Madan Kushwaha,9934742128.0,,,,"INC Pradesh Upadhyaksh (Kisan Morcha)
- Working in INC since 1984
- Ex INC delegate 
- Rajya Parishad Sadasy RLSP
- Jila Adhyaksh (Kisan Cell RLSP)
- ZP runner 2021
- Ex Vidhayak Pratinidhi of Vishwamohan Sharma",किसान अध्यक्ष,Sangathan,,,,किसान अध्यक्ष,,,1.0
Champaran,Bettiah,1. Valmiki Nagar,5. Lauriya,Jogapatti,,Jogapatti_14,Backward Class (Others),Nirbhay Kumar Mahato,Renu Devi,Dr. Kodo Hawari,9113742302.0,,,,"- Incumbent Vidhansabha Prabhari of Lauriya Vidhansabha of Jan Suraaj Party.
- Former Anumandal Sanyojak Sangthan Zila Bettiah (2023-24)
- Former Prakhand Adhyaksh of Yogappatti Block (2023-24)
- B.U.M.S. Degree in Medical.
- Former Panchayat Adhyaksh (2015-19)
- Takniki Prakoshtha Pradesh Sachiv (2019-21)""",जिला सचिव,Sangathan,,,,जिला सचिव,,,2.0
Champaran,Bettiah,1. Valmiki Nagar,5. Lauriya,Jogapatti,,Jogapatti_14,Backward Class (Others),Nirbhay Kumar Mahato,Renu Devi,Lalbabu Chaudhari,6280782823.0,,,37.0,"He is incumbent ZP
He also contested ZP Vice-Chairperson election from JSP support",,,,,,,,,3.0
Champaran,Bettiah,1. Valmiki Nagar,5. Lauriya,Jogapatti,,Jogapatti_14,Backward Class (Others),Nirbhay Kumar Mahato,Renu Devi,,,,,,,,,,,,,,,4.0
Champaran,Bettiah,1. Valmiki Nagar,5. Lauriya,Jogapatti,,Jogapatti_14,Backward Class (Others),Nirbhay Kumar Mahato,Renu Devi,,,,,,,,,,,,,,,5.0
Champaran,Bettiah,1. Valmiki Nagar,5. Lauriya,Lauriya,,Lauriya_15,Unreserved (Mahila),Nirbhay Kumar Mahato,Renu Devi,Ashutosh Mal /Krishna Devi,9798511122.0,OBC,Sathwar,40.0,"His Mother is Incumbent ZP, Received 12000 Votes
His father was Mukhiya from 2001-2006
His father is 4 times PACs Adhyaksh
Delhi Khalsa college President 2011
He looks upon his parent politics and runs his own hotel in Lauria
He is in JS. He was also Jansuraj Zila Sachiv of West Champarn 
",EX जिला सचिव,Incumbent ZP,,,,,,,1.0
Champaran,Bettiah,1. Valmiki Nagar,5. Lauriya,Lauriya,,Lauriya_15,Unreserved (Mahila),Nirbhay Kumar Mahato,Renu Devi,Muninder Tripathi,7292801026.0,General,Brahmin,52.0,"He won the Zila Parishad election in 2016. 
His wife, Mamta Devi, was elected Pramukh in 2016 and 2011. 
He was elected as a BDC member in 2001.
He was previously involved in the liquor business across Bihar.
 He currently owns a petrol pump and is engaged in the transportation business, with around 25 vehicles.",,Onboarded,,,,,,,2.0
Champaran,Bettiah,1. Valmiki Nagar,5. Lauriya,Lauriya,,Lauriya_15,Unreserved (Mahila),Nirbhay Kumar Mahato,Renu Devi,,,,,,,,,,,,,,,3.0
Champaran,Bettiah,1. Valmiki Nagar,5. Lauriya,Lauriya,,Lauriya_15,Unreserved (Mahila),Nirbhay Kumar Mahato,Renu Devi,,,,,,,,,,,,,,,4.0
Champaran,Bettiah,1. Valmiki Nagar,5. Lauriya,Lauriya,,Lauriya_15,Unreserved (Mahila),Nirbhay Kumar Mahato,Renu Devi,,,,,,,,,,,,,,,5.0
Champaran,Bettiah,1. Valmiki Nagar,5. Lauriya,Lauriya,,Lauriya_16,Unreserved (Mahila),Nirbhay Kumar Mahato,Renu Devi,Nesar Ahmad,9934506278.0,,Muslim,,"He is defacto ZP Runner up, Received 3015 votes,lost by 29 votes
HE runs common Service Centre (Cooperative Society)",,Onboarded ,He will meet on next Monday (,,,,,,1.0
Champaran,Bettiah,1. Valmiki Nagar,5. Lauriya,Lauriya,,Lauriya_16,Unreserved (Mahila),Nirbhay Kumar Mahato,Renu Devi,Ajay Thakur,8541072580.0,General,Brahmin,39.0,"JSP Vidhansabha Sanyojak 
In 2016, contested Vidhansabha Election from Shiv Sena, Received 12380 votes
",Vidhan Sabha Sanyojak,Sangathan,He may also fight ZP Chairman,,,Vidhan Sabha Sanyojak,,,2.0
Champaran,Bettiah,1. Valmiki Nagar,5. Lauriya,Lauriya,,Lauriya_16,Unreserved (Mahila),Nirbhay Kumar Mahato,Renu Devi,Mainejar Yadav / कुलपति देवी,9939970503.0,OBC,Yadav,45.0,"Defacto Incumbent ZP 
Former Mukhiya 2011-2016
Conested PACs election in 2006 and lost by 6 voes",,Incumbent ZP,,,,,,,3.0
Champaran,Bettiah,1. Valmiki Nagar,5. Lauriya,Lauriya,,Lauriya_16,Unreserved (Mahila),Nirbhay Kumar Mahato,Renu Devi,,,,,,,,,,,,,,,4.0
Champaran,Bettiah,1. Valmiki Nagar,5. Lauriya,Lauriya,,Lauriya_16,Unreserved (Mahila),Nirbhay Kumar Mahato,Renu Devi,,,,,,,,,,,,,,,5.0
Champaran,Bettiah,1. Valmiki Nagar,5. Lauriya,Lauriya,,Lauriya_17,Unreserved (Other),Nirbhay Kumar Mahato,Renu Devi,Kalim Gaffar,9934842422.0,General,Muslim,60.0,Incombent ZP,,Incumbent ZP,,,,,,,1.0
Champaran,Bettiah,1. Valmiki Nagar,5. Lauriya,Lauriya,,Lauriya_17,Unreserved (Other),Nirbhay Kumar Mahato,Renu Devi,Md Zama ,9716172647.0,General,Muslim,45.0,"Incumbent BDC and UP_Pramukh 
His father was also UP-Pramukh fpr 3 times
His younger brother is also UP-Pramukh from differnt Block
He is directly associated with Afaaq Ahmad Sahab",,Onboarded,,,,,,,2.0
Champaran,Bettiah,1. Valmiki Nagar,5. Lauriya,Lauriya,,Lauriya_17,Unreserved (Other),Nirbhay Kumar Mahato,Renu Devi,,,,,,,,,,,,,,,3.0
Champaran,Bettiah,1. Valmiki Nagar,5. Lauriya,Lauriya,,Lauriya_17,Unreserved (Other),Nirbhay Kumar Mahato,Renu Devi,,,,,,,,,,,,,,,4.0
Champaran,Bettiah,1. Valmiki Nagar,5. Lauriya,Lauriya,,Lauriya_17,Unreserved (Other),Nirbhay Kumar Mahato,Renu Devi,,,,,,,,,,,,,,,5.0
Champaran,Bagaha,1. Valmiki Nagar,2. Ramnagar,Ramnagar,,Ramnagar_18,SC (Mahila),Nirbhay Kumar Mahato,Renu Devi,Kishori Devi/Jogi Manjhi,9771113553.0,ST,Mushahar,45.0,"-Currently serving as the incumbent BDC member, following the 2021 elections where he secured 1,868 votes.
-Previously contested the 2016 BDC elections, narrowly missing victory by a razor-thin margin of just 5 votes.
-Recognized as a socially and politically active individual within the constituency.",,Onboarded ,,,,Onboarded ZP,,,1.0
Champaran,Bagaha,1. Valmiki Nagar,2. Ramnagar,Ramnagar,,Ramnagar_18,SC (Mahila),Nirbhay Kumar Mahato,Renu Devi,Mohammad Eklakh,8651712755.0,General,Muslim,33.0,"-Bihar Pradesh Mahasachiv (2015-21) from JAP party from Tirhut Zone
-National Human Rights Vice-Adhyaksh of West Champaran (2020- Current)
-Owns a medical shop in Ramnagar
-Manpower supply office to provide services to foreign country""",सदस्य,Sangathan,,,,सदस्य,,,2.0
Champaran,Bagaha,1. Valmiki Nagar,2. Ramnagar,Ramnagar,,Ramnagar_18,SC (Mahila),Nirbhay Kumar Mahato,Renu Devi,Abhay Paswan,7320060186.0,SC,Paswan/Dusadh,34.0,"ZP Runner up, received 4472 from seat no 19",,Sangathan,Recomemnded by Sangathan ,,,जिला उपाध्यक्ष,,,3.0
Champaran,Bagaha,1. Valmiki Nagar,2. Ramnagar,Ramnagar,,Ramnagar_18,SC (Mahila),Nirbhay Kumar Mahato,Renu Devi,Sahodri Devi,7366817340.0,SC,Chamar,60.0,"Assembly Contituency Contestednt in 2010
ZP in 2001
BDC in 2015",,Sangathan,PK Recommended Name,,,राज्य सलाहकार समिति ,,,4.0
Champaran,Bagaha,1. Valmiki Nagar,2. Ramnagar,Ramnagar,,Ramnagar_18,SC (Mahila),Nirbhay Kumar Mahato,Renu Devi,,,,,,,,,,,,,,,5.0
Champaran,Bagaha,1. Valmiki Nagar,2. Ramnagar,Ramnagar,,Ramnagar_19,SC (Other),Nirbhay Kumar Mahato,Renu Devi,Birendra Kumar,8294310476.0,SC,Ravidas,29.0,"Incubment ZP 
",,Onboarded ,,,,ACC,,,1.0
Champaran,Bagaha,1. Valmiki Nagar,2. Ramnagar,Ramnagar,,Ramnagar_19,SC (Other),Nirbhay Kumar Mahato,Renu Devi,Ajay Dwivedi,9128358103.0,General,Brahmin,38.0," Former Block Adhyaksh JDU and Social Worker
He belongs to a middle class family and associated with JDU since long but left the party as of now. He was Block Adhyaksh of JDU from 2013-2016. He remains very active in the social and political field. His sister in law is currently Block Pramukh of Ramnagar. He is a well educated and usually engages in the social services in the area.",सदस्य,Sangathan,,,,सदस्य,,,2.0
Champaran,Bagaha,1. Valmiki Nagar,2. Ramnagar,Ramnagar,,Ramnagar_19,SC (Other),Nirbhay Kumar Mahato,Renu Devi,Shri Pappu Kumar Ranjan,7352708507.0,SC,Chamar,35.0,"ZP Runner up 2021, received 5300, lost by 475
ZP in 2016, Received 8400, won by 1500
Lok Sabha Prabhari JSP",राज्य सलाहकार समिति ,Sangathan,,,,Vidhan Sabha Sanyojak,,,3.0
Champaran,Bagaha,1. Valmiki Nagar,2. Ramnagar,Ramnagar,,Ramnagar_19,SC (Other),Nirbhay Kumar Mahato,Renu Devi,,,,,,,,,,,,,,,4.0
Champaran,Bagaha,1. Valmiki Nagar,2. Ramnagar,Ramnagar,,Ramnagar_19,SC (Other),Nirbhay Kumar Mahato,Renu Devi,,,,,,,,,,,,,,,5.0
Champaran,Bagaha,1. Valmiki Nagar,2. Ramnagar,Gaunaha,,Gaunaha_20,SC (Mahila),Nirbhay Kumar Mahato,Renu Devi,Bachhi Devi/Anil,8757785999.0,SC,Ravidas,45.0,"-Contested the 2021 ZP elections, securing a strong total of 6,500 votes and narrowly missing victory by a slim margin of just 200 votes.
-Previously contested the 2016 Zila Parishad (ZP) elections, where he garnered a solid base of 5,500 votes.
-Professionally established in the scrap management and recycling business .",,Onboarded ,,,,Onboarded ZP,,,1.0
Champaran,Bagaha,1. Valmiki Nagar,2. Ramnagar,Gaunaha,,Gaunaha_20,SC (Mahila),Nirbhay Kumar Mahato,Renu Devi,Abhijay Singh,9123240831.0,General,Rajput,36.0,"Mother was Mukhiya,
Grandfather was Mukhiya
Chachi Pramukh",जिला महामंत्री ,Sangathan,,,,महामंत्री,,,2.0
Champaran,Bagaha,1. Valmiki Nagar,2. Ramnagar,Gaunaha,,Gaunaha_20,SC (Mahila),Nirbhay Kumar Mahato,Renu Devi,Barister Prashad Yadav,9661468816.0,OBC,Yadav,43.0,"BDC Runner Up in 2021 election, lost by 7 votes
BDC winner in 2016, received 1200 vores
Prakhand Adhyaksh Kishan Prakoshth JSP",,Sangathan,,,,सदस्य,,,3.0
Champaran,Bagaha,1. Valmiki Nagar,2. Ramnagar,Gaunaha,,Gaunaha_20,SC (Mahila),Nirbhay Kumar Mahato,Renu Devi,,,,,,,,,,,,,,,4.0
Champaran,Bagaha,1. Valmiki Nagar,2. Ramnagar,Gaunaha,,Gaunaha_20,SC (Mahila),Nirbhay Kumar Mahato,Renu Devi,,,,,,,,,,,,,,,5.0
Champaran,Bagaha,1. Valmiki Nagar,2. Ramnagar,Gaunaha,,Gaunaha_21,ST (Other),Nirbhay Kumar Mahato,Renu Devi,Shri Abdul Sattar,7488995241.0,OBC,Muslim,55.0,"-Started political journey in 1989 supporting VP Singh.
-Ran for Mukhiya position since 2001, never joined a party.
-Ex-Block Pramukh of Gaunaha in 2011, now a businessman.
-Contested ZP elections 2016 (did'nt Won)
-Close to former Bihar minister Bholaram Toofani.
-Financially strong, owns brick kiln, poultry farm, and bike showroom.",जिला सलाहकार समिति,Sangathan,Dusre seat se Ladaya jaye ,,,जिला सलाहकार समिति,,,1.0
Champaran,Bagaha,1. Valmiki Nagar,2. Ramnagar,Gaunaha,,Gaunaha_21,ST (Other),Nirbhay Kumar Mahato,Renu Devi,Purnmasi Majhi,8987341229.0,SC,Manjhi,62.0,"Contested 2001 Mukhiya Election, lost
Ex JSP Anumandal Upadhyaksh
EX JSP Pradesh Sachiv Sangathan",जिला सलाहकार समिति,Sangathan,,,,जिला सलाहकार समिति,,,2.0
Champaran,Bagaha,1. Valmiki Nagar,2. Ramnagar,Gaunaha,,Gaunaha_21,ST (Other),Nirbhay Kumar Mahato,Renu Devi,Kanaiya Thakur,9973272714.0,SC,Nai,43.0,"Sarpanch Runner Up in 2021
ZP Runner UP in 2016
Sarpanch Runner UP in 2011
Mukhiya Runner UP in 2006
Mukhiya Runner UP in 2001",प्रखंड महामंत्री ,Sangathan,,,,,,,3.0
Champaran,Bagaha,1. Valmiki Nagar,2. Ramnagar,Gaunaha,,Gaunaha_21,ST (Other),Nirbhay Kumar Mahato,Renu Devi,Sambhu Prasad,9113443700.0,ST,Gond,44.0,"Defacto ZP Runner UP in 2021, received 14000 votes
Contested Parliamentry Election from Valmikinagar Constituency, received 10000 votes",Member,New Name (Recommendation),"He is in Jansuraaj, but not happy the way Party is functioning, especially the behaviour of Prashant. He feels that he is not being regarded, despite doing all necessary requirements. He says, people calls to meet but do not give respect. ",,,सदस्य,,,4.0
Champaran,Bagaha,1. Valmiki Nagar,2. Ramnagar,Gaunaha,,Gaunaha_21,ST (Other),Nirbhay Kumar Mahato,Renu Devi,,,,,,,,,,,,,,,5.0
Champaran,Bettiah,1. Valmiki Nagar,3. Narkatiaganj,Narkatiaganj,,Narkatiaganj_22,SC (Other),Nirbhay Kumar Mahato,Renu Devi,Arman Alam,8210815670.0,,Mulsim,30.0,He is son of Incumbent ZP of ZP area 23,,Onboarded,,,,,,,1.0
Champaran,Bettiah,1. Valmiki Nagar,3. Narkatiaganj,Narkatiaganj,,Narkatiaganj_22,SC (Other),Nirbhay Kumar Mahato,Renu Devi,Poonam Devi/Rajeshwar Ram,7564088650.0,SC,Chamar,,"- Incumbent ZP
- His father was CPIM Zila Adhyaksh
- His father was former Sarpanch 2000-2005",,Onboarded ,,,,,,,2.0
Champaran,Bettiah,1. Valmiki Nagar,3. Narkatiaganj,Narkatiaganj,,Narkatiaganj_22,SC (Other),Nirbhay Kumar Mahato,Renu Devi,Sumit Vidrohi,,,,,,,,,,,,,,3.0
Champaran,Bettiah,1. Valmiki Nagar,3. Narkatiaganj,Narkatiaganj,,Narkatiaganj_22,SC (Other),Nirbhay Kumar Mahato,Renu Devi,Sunny Dubey ,,,,,,,,,,,,,,4.0
Champaran,Bettiah,1. Valmiki Nagar,3. Narkatiaganj,Narkatiaganj,,Narkatiaganj_22,SC (Other),Nirbhay Kumar Mahato,Renu Devi,,,,,,,,,,,,,,,5.0
Champaran,Bettiah,1. Valmiki Nagar,3. Narkatiaganj,Narkatiaganj,,Narkatiaganj_23,Backward Class (Mahila),Nirbhay Kumar Mahato,Renu Devi,Saifulla Shah/Arbun Nesha,9973018432.0,,Muslim,50.0,"Incumbent ZP, Received 7700 votes
Contested 2016 ZP election, received 3500 votes",,Incumbent ZP,,,,,,,1.0
Champaran,Bettiah,1. Valmiki Nagar,3. Narkatiaganj,Narkatiaganj,,Narkatiaganj_23,Backward Class (Mahila),Nirbhay Kumar Mahato,Renu Devi,Shri Raghavendra Pathak,8709992540.0,General,Brahmin,68.0,- He is a retired lecturer from Zoology. - He is very influential in the public administration domain. - He helped farmers of his village (Langda) to open the canal for irrigation. - He is impressed by the idea of the Jan Suraaj Movement and wants to be a part of it.,Sangathan Prabhari,Sangathan,,,,संगठन विस्तारक,,,2.0
Champaran,Bettiah,1. Valmiki Nagar,3. Narkatiaganj,Narkatiaganj,,Narkatiaganj_23,Backward Class (Mahila),Nirbhay Kumar Mahato,Renu Devi,Need one Candidate ,,,,,,,,,,,,,,3.0
Champaran,Bettiah,1. Valmiki Nagar,3. Narkatiaganj,Narkatiaganj,,Narkatiaganj_23,Backward Class (Mahila),Nirbhay Kumar Mahato,Renu Devi,,,,,,,,,,,,,,,4.0
Champaran,Bettiah,1. Valmiki Nagar,3. Narkatiaganj,Narkatiaganj,,Narkatiaganj_23,Backward Class (Mahila),Nirbhay Kumar Mahato,Renu Devi,,,,,,,,,,,,,,,5.0
Champaran,Bettiah,1. Valmiki Nagar,3. Narkatiaganj,Narkatiaganj,,Narkatiaganj_24,SC (Other),Nirbhay Kumar Mahato,Renu Devi,Raja ram Manjhi,7070406588.0,SC,Manjhi,60.0,"Former Middle School Headmaster
3,066 Votes in 2021 ZP Election
Former LJP Vice President
Supported 60+ Mahadalit employment opportunities
Strong Grassroots Connect
Clean & Positive Image
Experienced, Accessible & People-Centric Leader.
",,Runnerup ZP,abhi kisi party me nhi hai lakin jansuraaj se bahut prabhavit hai Jan suraaj party join karna chahte hai.,bahut positive hai lakin abhi party join nhi kiye hai .,,,,,1.0
Champaran,Bettiah,1. Valmiki Nagar,3. Narkatiaganj,Narkatiaganj,,Narkatiaganj_24,SC (Other),Nirbhay Kumar Mahato,Renu Devi,Rajendra /Diesel Ram,9939893298.0,SC,,,,,,,,,,,,2.0
Champaran,Bettiah,1. Valmiki Nagar,3. Narkatiaganj,Narkatiaganj,,Narkatiaganj_24,SC (Other),Nirbhay Kumar Mahato,Renu Devi,Suresh Ram,96661138139.0,SC,,,Incumbent ZP,,,,,,,,,3.0
Champaran,Bettiah,1. Valmiki Nagar,3. Narkatiaganj,Narkatiaganj,,Narkatiaganj_24,SC (Other),Nirbhay Kumar Mahato,Renu Devi,Sima Thakur,8252599316.0,EBC,Nai,43.0,"Sima Thakur | 43 | Female | EBC | Nai
-She contested MLA election in 2020 from Lauriya constituency and secured 15464 votes from Jaan Adhikar Party 
-ZP election contested from Narkatiyaganj 2016
-2 times Ward member from Ward no 6.",,EMC,"JSP ke sath judi hui hai,
JSP zila karyakarni sadsay btti hai",,,EMC,,,4.0
Champaran,Bettiah,1. Valmiki Nagar,3. Narkatiaganj,Narkatiaganj,,Narkatiaganj_24,SC (Other),Nirbhay Kumar Mahato,Renu Devi,,,,,,,,,,,,,,,5.0
Champaran,Bettiah,1. Valmiki Nagar,3. Narkatiaganj,Narkatiaganj,,Narkatiaganj_25,Unreserved (Other),Nirbhay Kumar Mahato,Renu Devi,Subhash Yadav,9771230499.0,,Yadav,39.0,"- He is ZP Contetant of Area No. 25 and got 6238 Votes and he holds the second position.
- He is into business under which he runs 3 trucks all over India.
- He is also into farming activity.
",,Onboarded ,On Priority PK eeting ,,,Onboarded ZP,,,1.0
Champaran,Bettiah,1. Valmiki Nagar,3. Narkatiaganj,Narkatiaganj,,Narkatiaganj_25,Unreserved (Other),Nirbhay Kumar Mahato,Renu Devi,Santosh Kumar Sah,7779992963.0,,,,He is an incumbent Mukhiya from Rajpur Tumkadiya.,सदस्य,Sangathan,,,,सदस्य,,,2.0
Champaran,Bettiah,1. Valmiki Nagar,3. Narkatiaganj,Narkatiaganj,,Narkatiaganj_25,Unreserved (Other),Nirbhay Kumar Mahato,Renu Devi,Bhikhari Manjhi,6201865318.0,,,,"- Former Mukhiya (2011-16)
- District Office Bearer of RJD (2008-13)
- Rajya Parishad member of RJD (2013-18)
-Has a strong hold over Musahar community in his area.",सदस्य,Sangathan,,,,सदस्य,,,3.0
Champaran,Bettiah,1. Valmiki Nagar,3. Narkatiaganj,Narkatiaganj,,Narkatiaganj_25,Unreserved (Other),Nirbhay Kumar Mahato,Renu Devi,,,,,,,,,,,,,,,4.0
Champaran,Bettiah,1. Valmiki Nagar,3. Narkatiaganj,Narkatiaganj,,Narkatiaganj_25,Unreserved (Other),Nirbhay Kumar Mahato,Renu Devi,,,,,,,,,,,,,,,5.0
Champaran,Bettiah,1. Valmiki Nagar,9. Sikta,Mainatand,,Mainatand_26,Backward Class (Mahila),Nirbhay Kumar Mahato,Renu Devi,Asha Devi / Akhileshwar Prashad,7488679469.0,,Samri vaishya,46.0,"Akhileshwar Prashad Alias Jhunnu | 41 | EBC | Rauniyar |

- Two Times Incumbent Defacto ZP (2016 - Present)
- Contested MLA election from Bhartiye Panchayat Party secured 3312 votes.",,Incumbent ZP,,,,ACC,,,1.0
Champaran,Bettiah,1. Valmiki Nagar,9. Sikta,Mainatand,,Mainatand_26,Backward Class (Mahila),Nirbhay Kumar Mahato,Renu Devi,Abarun Nesha,7050210489.0,,Muslim,,,,1st Runnerup,,,,,,,2.0
Champaran,Bettiah,1. Valmiki Nagar,9. Sikta,Mainatand,,Mainatand_26,Backward Class (Mahila),Nirbhay Kumar Mahato,Renu Devi,Need to identify One Name ,,,,,,,,,,,,,,3.0
Champaran,Bettiah,1. Valmiki Nagar,9. Sikta,Mainatand,,Mainatand_26,Backward Class (Mahila),Nirbhay Kumar Mahato,Renu Devi,,,,,,,,,,,,,,,4.0
Champaran,Bettiah,1. Valmiki Nagar,9. Sikta,Mainatand,,Mainatand_26,Backward Class (Mahila),Nirbhay Kumar Mahato,Renu Devi,,,,,,,,,,,,,,,5.0
Champaran,Bettiah,1. Valmiki Nagar,9. Sikta,Mainatand,,Mainatand_27,Backward Class (Others),Nirbhay Kumar Mahato,Renu Devi,Akhileshwar Prasad,6206086483.0,EBC,Samri vaishya,46.0,- ZP Contestent 2021 and 3rd Secured 3700 Votes,,Onboarded ,,,,Onboarded ZP,,,1.0
Champaran,Bettiah,1. Valmiki Nagar,9. Sikta,Mainatand,,Mainatand_27,Backward Class (Others),Nirbhay Kumar Mahato,Renu Devi,Shri Ram Kumar,6205178967.0,SC,Chamar,28.0,Incumbent ZP,,,,,,,,,2.0
Champaran,Bettiah,1. Valmiki Nagar,9. Sikta,Mainatand,,Mainatand_27,Backward Class (Others),Nirbhay Kumar Mahato,Renu Devi,Need to identify One Name ,,,,,,,,,,,,,,3.0
Champaran,Bettiah,1. Valmiki Nagar,9. Sikta,Mainatand,,Mainatand_27,Backward Class (Others),Nirbhay Kumar Mahato,Renu Devi,,,,,,,,,,,,,,,4.0
Champaran,Bettiah,1. Valmiki Nagar,9. Sikta,Mainatand,,Mainatand_27,Backward Class (Others),Nirbhay Kumar Mahato,Renu Devi,,,,,,,,,,,,,,,5.0
Champaran,Bettiah,1. Valmiki Nagar,9. Sikta,Sikta,,Sikta_28,Backward Class (Others),Nirbhay Kumar Mahato,Renu Devi,Shri Ramayan Ram,7033643402.0,,,,"-Social Worker
-Coordinator of Balthar Case",अम्बेडकर मंच अध्यक्ष,Sangathan,,,,अम्बेडकर मंच अध्यक्ष,,,1.0
Champaran,Bettiah,1. Valmiki Nagar,9. Sikta,Sikta,,Sikta_28,Backward Class (Others),Nirbhay Kumar Mahato,Renu Devi,Krishndev Prasad alias Guddu,9801112432.0,EBC,Barai,35.0,"- ZP Contestent 2021 and Secured 5800 Votes
His mother won BDC Election in 2016
Quail Bird Business ",,Onboarded ,,,,Onboarded ZP,,,2.0
Champaran,Bettiah,1. Valmiki Nagar,9. Sikta,Sikta,,Sikta_28,Backward Class (Others),Nirbhay Kumar Mahato,Renu Devi,नुर मोहम्मद अंसारी,7739973340.0,Minority,Muslim,75.0,Incumbent ZP,,,,,,,,,3.0
Champaran,Bettiah,1. Valmiki Nagar,9. Sikta,Sikta,,Sikta_28,Backward Class (Others),Nirbhay Kumar Mahato,Renu Devi,Rupesh Singh,7739120577.0,General,Rajput,35.0,"Rupesh Singh | 35 | Male | Rajput | General

Former BJP Zila Pravakta
His uncle is Mukhiya Ashok Kumar. He is Chatra Sangh Adhyaksh KCTC College.",Zila Sachiv,EMC,Either ZP or Mukhiya depnds on res.,,,EMC,,,4.0
Champaran,Bettiah,1. Valmiki Nagar,9. Sikta,Sikta,,Sikta_28,Backward Class (Others),Nirbhay Kumar Mahato,Renu Devi,,,,,,,,,,,,,,,5.0
Champaran,Bettiah,1. Valmiki Nagar,9. Sikta,Sikta,,Sikta_29,Backward Class (Mahila),Nirbhay Kumar Mahato,Renu Devi,Qamarul Huda / Shahida Khatun,9798216107.0,Minority,Muslim,38.0,Incumben ZP,,Onboarded ,,,,ACC,,,1.0
Champaran,Bettiah,1. Valmiki Nagar,9. Sikta,Sikta,,Sikta_29,Backward Class (Mahila),Nirbhay Kumar Mahato,Renu Devi,Tetari Devi 1,9661030435.0,SC,,,,,1st Runnerup,,,,,,,2.0
Champaran,Bettiah,1. Valmiki Nagar,9. Sikta,Sikta,,Sikta_29,Backward Class (Mahila),Nirbhay Kumar Mahato,Renu Devi,,,,,,,,,,,,,,,3.0
Champaran,Bettiah,1. Valmiki Nagar,9. Sikta,Sikta,,Sikta_29,Backward Class (Mahila),Nirbhay Kumar Mahato,Renu Devi,,,,,,,,,,,,,,,4.0
Champaran,Bettiah,1. Valmiki Nagar,9. Sikta,Sikta,,Sikta_29,Backward Class (Mahila),Nirbhay Kumar Mahato,Renu Devi,,,,,,,,,,,,,,,5.0
Champaran,Bettiah,2. Paschim Champaran,7. Chanpatia,Chanpatia,,Chanpatia_30,Unreserved (Other),Nirbhay Kumar Mahato,Renu Devi,Jaswant Jadhav,9771181975.0,,,,"-Sarpanch Runner up (2016,2021)
- Practising Allopathy
-Runs Medical camp at free of cost.
-Socially and politically active.",सदस्य,Sangathan,,,,,,,1.0
Champaran,Bettiah,2. Paschim Champaran,7. Chanpatia,Chanpatia,,Chanpatia_30,Unreserved (Other),Nirbhay Kumar Mahato,Renu Devi,Jagarnath prasad Yadav,9955308043.0,OBC ,Yadav,55.0,"Incumbent ZP
Former defacot ZP 2011 (Wife)
contested ZP election in 2016 and lost by some votes
He was the District Secretary of the All India Kisan Sabha from the CPI(M) party.",,Incumbent ZP,,,,,,,2.0
Champaran,Bettiah,2. Paschim Champaran,7. Chanpatia,Chanpatia,,Chanpatia_30,Unreserved (Other),Nirbhay Kumar Mahato,Renu Devi,Chandra mohan Tiwari ,,,,,,,,,,,,,,3.0
Champaran,Bettiah,2. Paschim Champaran,7. Chanpatia,Chanpatia,,Chanpatia_30,Unreserved (Other),Nirbhay Kumar Mahato,Renu Devi,Need one Name ,,,,,,,,,,,,,,4.0
Champaran,Bettiah,2. Paschim Champaran,7. Chanpatia,Chanpatia,,Chanpatia_30,Unreserved (Other),Nirbhay Kumar Mahato,Renu Devi,,,,,,,,,,,,,,,5.0
Champaran,Bettiah,2. Paschim Champaran,7. Chanpatia,Chanpatia,,Chanpatia_31,Backward Class (Mahila),Nirbhay Kumar Mahato,Renu Devi,Anita Devi,7765001366.0,OBC,Giri,50.0,"
ZP Runner Up 2021, Receieved 4500 votes
Study non- matric 
Farming 30 bigha zameen",,,,,,Onboarded ZP,,,1.0
Champaran,Bettiah,2. Paschim Champaran,7. Chanpatia,Chanpatia,,Chanpatia_31,Backward Class (Mahila),Nirbhay Kumar Mahato,Renu Devi,Nashim Ahmad ,9931234115.0,,Muslim,32.0,Defacto Incumbent ZP ,,Onboarded ,,,,,,,2.0
Champaran,Bettiah,2. Paschim Champaran,7. Chanpatia,Chanpatia,,Chanpatia_31,Backward Class (Mahila),Nirbhay Kumar Mahato,Renu Devi,Jawahir Sah ,,,,,,,Incumbent ZP,,,,,,,3.0
Champaran,Bettiah,2. Paschim Champaran,7. Chanpatia,Chanpatia,,Chanpatia_31,Backward Class (Mahila),Nirbhay Kumar Mahato,Renu Devi,Adv Prem Kumar,9472960349.0,General,Kayasth ,53.0,"Adv Prem Kumar | Kayasth | 53 | General | 
Former Sarpanch
Incumbent Bihar Sarpanch Sangh Sachiv 2021 - Current 
Former Sarpanch sangh zila mahasachiv 2016 - 2021
Former Sarpanch Sangh Prakhand Adhyaksh Chanpatia.",Prakhand Mukhya Pravakta,EMC,,,,EMC,,,4.0
Champaran,Bettiah,2. Paschim Champaran,7. Chanpatia,Chanpatia,,Chanpatia_31,Backward Class (Mahila),Nirbhay Kumar Mahato,Renu Devi,,,,,,,,,,,,,,,5.0
Champaran,Bettiah,2. Paschim Champaran,7. Chanpatia,Chanpatia,,Chanpatia_32,Unreserved (Other),Nirbhay Kumar Mahato,Renu Devi,Naveen Kumar Dubey,9470634399.0,General,Brahmin,38.0,"ZP 1st Runner UP, Received 3368 votes, lost by 700 votes",,Onboarded ,,,,,,,1.0
Champaran,Bettiah,2. Paschim Champaran,7. Chanpatia,Chanpatia,,Chanpatia_32,Unreserved (Other),Nirbhay Kumar Mahato,Renu Devi,,,,,,,,,,,,,,,2.0
Champaran,Bettiah,2. Paschim Champaran,7. Chanpatia,Chanpatia,,Chanpatia_32,Unreserved (Other),Nirbhay Kumar Mahato,Renu Devi,Saurabh Tiwari,9234932052.0,,,,,,Sangathan,Nahi Ladenge,,,उपाध्यक्ष,,,3.0
Champaran,Bettiah,2. Paschim Champaran,7. Chanpatia,Chanpatia,,Chanpatia_32,Unreserved (Other),Nirbhay Kumar Mahato,Renu Devi,Ejaj Hussain,9199560775.0,General,Muslim,68.0,"Incumbent Ward Parshad from Bettiah, ward 32",,Sangathan,PK Recommended ,,,राज्य सलाहकार समिति ,,,4.0
Champaran,Bettiah,2. Paschim Champaran,7. Chanpatia,Chanpatia,,Chanpatia_32,Unreserved (Other),Nirbhay Kumar Mahato,Renu Devi,Reena Devi,"8002936117
8757576117",General,,53.0," Brahmin | 53 | General
- Former ZP Member (2011 -2016) Secured 5500 votes
- Former JDU State Committee Member (2015 -2018)
- Former BJP District Mahamantri (2019-2022)
- Former ZP Runner Up 2016, secured 4300 votes",SWG Mahila,Sangathan,,,,EMC,,,5.0
Champaran,Bettiah,2. Paschim Champaran,6. Nautan,Bairia,,Bairia_33,Unreserved (Mahila),Nirbhay Kumar Mahato,Renu Devi,Awadesh Kumar sinha,9709840433 / 9006441012,,,,,,,,,,,,,1.0
Champaran,Bettiah,2. Paschim Champaran,6. Nautan,Bairia,,Bairia_33,Unreserved (Mahila),Nirbhay Kumar Mahato,Renu Devi,,,,,,,,,,,,,,,2.0
Champaran,Bettiah,2. Paschim Champaran,6. Nautan,Bairia,,Bairia_33,Unreserved (Mahila),Nirbhay Kumar Mahato,Renu Devi,Brij Kishore Ram ,9708853928.0,,,,,,,BDC ladenge ,,,,,,3.0
Champaran,Bettiah,2. Paschim Champaran,6. Nautan,Bairia,,Bairia_33,Unreserved (Mahila),Nirbhay Kumar Mahato,Renu Devi,Awadhesh Bind ,9709840433.0,OBC,Nishad,52.0,"2006 ZP Contested, Won
2011 ZP, lost by 650
2016, 8000 votes in ZP
2021 ZP Election Contested, lost to Amar Yadav",,,Ummid Kam Hai /lad bhi sakte hai,,,,,,4.0
Champaran,Bettiah,2. Paschim Champaran,6. Nautan,Bairia,,Bairia_33,Unreserved (Mahila),Nirbhay Kumar Mahato,Renu Devi,,,,,,,,,,,,,,,5.0
Champaran,Bettiah,2. Paschim Champaran,6. Nautan,Bairia,,Bairia_34,Unreserved (Mahila),Nirbhay Kumar Mahato,Renu Devi,Khushbu Pravin,8809974635.0,Minority,Muslim,33.0,"ZP Runner Up 2021, Received 4262
BDC Runner Up 2021
PACS Runner up in 2019 and 2024, lost by 2 and 30 votes respectively.",,Onboarded ,,,,Onboarded ZP,,,1.0
Champaran,Bettiah,2. Paschim Champaran,6. Nautan,Bairia,,Bairia_34,Unreserved (Mahila),Nirbhay Kumar Mahato,Renu Devi,Vidhyawati Kumari/Sanjay Kr Shah,9939700006.0,EBC,Teli,40.0,Incumbent ZP,,Onboarded ,,,,,,,2.0
Champaran,Bettiah,2. Paschim Champaran,6. Nautan,Bairia,,Bairia_34,Unreserved (Mahila),Nirbhay Kumar Mahato,Renu Devi,Santosh Mishra,9631499834.0,General,Brahmin,52.0,"Fought PACS Election
Ex-JSP Vidhan Sabha Prabhari ",,Sangathan,,,,जिला सचिव,,,3.0
Champaran,Bettiah,2. Paschim Champaran,6. Nautan,Bairia,,Bairia_34,Unreserved (Mahila),Nirbhay Kumar Mahato,Renu Devi,,,,,,,,,,,,,,,4.0
Champaran,Bettiah,2. Paschim Champaran,6. Nautan,Bairia,,Bairia_34,Unreserved (Mahila),Nirbhay Kumar Mahato,Renu Devi,,,,,,,,,,,,,,,5.0
Champaran,Bettiah,2. Paschim Champaran,6. Nautan,Nautan,,Nautan_35,Unreserved (Other),Nirbhay Kumar Mahato,Renu Devi,Manoj Kumar Kushwaha,9472054287.0,OBC,Kushwaha,,Incumbent ZP,JDU,,,,,,,,1.0
Champaran,Bettiah,2. Paschim Champaran,6. Nautan,Nautan,,Nautan_35,Unreserved (Other),Nirbhay Kumar Mahato,Renu Devi,Vijay Yadav,9708749680.0,,,,,,,,,,,,,2.0
Champaran,Bettiah,2. Paschim Champaran,6. Nautan,Nautan,,Nautan_35,Unreserved (Other),Nirbhay Kumar Mahato,Renu Devi,,,,,,,,,,,,,,,3.0
Champaran,Bettiah,2. Paschim Champaran,6. Nautan,Nautan,,Nautan_35,Unreserved (Other),Nirbhay Kumar Mahato,Renu Devi,Bikai Mahto ,9973550481.0,,,,,,,He said he will fight Mukhiya Election. But he said he will talk to Prashant,,,जिला सलाहकार समिति,,,4.0
Champaran,Bettiah,2. Paschim Champaran,6. Nautan,Nautan,,Nautan_35,Unreserved (Other),Nirbhay Kumar Mahato,Renu Devi,,,,,,,,,,,,,,,5.0
Champaran,Bettiah,2. Paschim Champaran,6. Nautan,Nautan,,Nautan_36,Unreserved (Other),Nirbhay Kumar Mahato,Renu Devi,Ramu Sahni,8084321443.0,EBC,Mallah,48.0,"ZP Runner Up 2021, Received 6000 votes, 2nd position
ZP Runner Up 2026, Receieved 5500 votes 
ZP Runner up 2011
Runs Cloth Shop Business 
He is active member of Jansuraj",,Onboarded ,,,,Onboarded ZP,,,1.0
Champaran,Bettiah,2. Paschim Champaran,6. Nautan,Nautan,,Nautan_36,Unreserved (Other),Nirbhay Kumar Mahato,Renu Devi,Shrimati Poonam Devi,9973399078/8102628049,,,,"2016: First time Sarpanch election winner
2021: Re-elected Sarpanch consecutively",सदस्य,Sangathan,,,,सदस्य,,,2.0
Champaran,Bettiah,2. Paschim Champaran,6. Nautan,Nautan,,Nautan_36,Unreserved (Other),Nirbhay Kumar Mahato,Renu Devi,Madhu Devi,9006456567.0,SC,Chamar,52.0,,,Sangathan,Ready to fight,,,राज्य सलाहकार समिति ,,,3.0
Champaran,Bettiah,2. Paschim Champaran,6. Nautan,Nautan,,Nautan_36,Unreserved (Other),Nirbhay Kumar Mahato,Renu Devi,,,,,,,,,,,,,,,4.0
Champaran,Bettiah,2. Paschim Champaran,6. Nautan,Nautan,,Nautan_36,Unreserved (Other),Nirbhay Kumar Mahato,Renu Devi,,,,,,,,,,,,,,,5.0
Champaran,Bettiah,2. Paschim Champaran,6. Nautan,Nautan,,Nautan_37,Unreserved (Mahila),Nirbhay Kumar Mahato,Renu Devi,Ranjana Singh/Upendra Singh,7033029777.0,General,Rajput,41.0,"-Contested the 2021 ZP elections, securing a total of 4,100 votes.
-Has been actively associated with the Bharatiya Janata Party (BJP) as a party worker .
-Had a direct meeting with Prashant Kishor (PK) during his visit to Vaishali.",,Onboarded ,,,,Onboarded ZP,,,1.0
Champaran,Bettiah,2. Paschim Champaran,6. Nautan,Nautan,,Nautan_37,Unreserved (Mahila),Nirbhay Kumar Mahato,Renu Devi,Ajay Kumar Yadav,8292015099.0,OBC,Yadav,30.0,"Contested Mukhiya election in 2021, received 975, lost by 253 votes
JDU Pradesh Mahasachiv",,,,,,,,,2.0
Champaran,Bettiah,2. Paschim Champaran,6. Nautan,Nautan,,Nautan_37,Unreserved (Mahila),Nirbhay Kumar Mahato,Renu Devi,,,,,,,,,,,,,,,3.0
Champaran,Bettiah,2. Paschim Champaran,6. Nautan,Nautan,,Nautan_37,Unreserved (Mahila),Nirbhay Kumar Mahato,Renu Devi,,,,,,,,,,,,,,,4.0
Champaran,Bettiah,2. Paschim Champaran,6. Nautan,Nautan,,Nautan_37,Unreserved (Mahila),Nirbhay Kumar Mahato,Renu Devi,,,,,,,,,,,,,,,5.0
Champaran,Bettiah,2. Paschim Champaran,7. Chanpatia,Majhaulia,,Majhaulia_39,Unreserved (Other),Nirbhay Kumar Mahato,Renu Devi,Arun Kushwaha,8084696006.0,,,,"- Social worker, good holds on koiri community
- His father was LJP(R) District Vice-president
- His father was Mukhiya in 2001
- His father was Mukhiya runner-up in 2006",सदस्य,Sangathan,,,,सदस्य,,,1.0
Champaran,Bettiah,2. Paschim Champaran,7. Chanpatia,Majhaulia,,Majhaulia_39,Unreserved (Other),Nirbhay Kumar Mahato,Renu Devi,Ashish Bhatt,8340618990.0,OBC,Brahm Bhatt,40.0,- Incumbent Mukhiya from Dhokraha (2016-till now),सदस्य,Sangathan,,,,सदस्य,,,2.0
Champaran,Bettiah,2. Paschim Champaran,7. Chanpatia,Majhaulia,,Majhaulia_39,Unreserved (Other),Nirbhay Kumar Mahato,Renu Devi,रामधनी पटेल,"6200804511
9576363822",OBC,Kurmi,61.0,"- Incumbent ZP, 2021
- ZP runner up ,2016
- BJP Mandal Adhyaksh ,2010-2016
- Zila Karyasamiti Sadsay",,Incumbent ZP,,,,,,,3.0
Champaran,Bettiah,2. Paschim Champaran,7. Chanpatia,Majhaulia,,Majhaulia_39,Unreserved (Other),Nirbhay Kumar Mahato,Renu Devi,,,,,,,,,,,,,,,4.0
Champaran,Bettiah,2. Paschim Champaran,7. Chanpatia,Majhaulia,,Majhaulia_39,Unreserved (Other),Nirbhay Kumar Mahato,Renu Devi,,,,,,,,,,,,,,,5.0
Champaran,Bettiah,2. Paschim Champaran,7. Chanpatia,Majhaulia,,Majhaulia_40,Unreserved (Other),Nirbhay Kumar Mahato,Renu Devi,Saurabh Ranjan,8229084125.0,OBC,Yadav,33.0,"He is first ZP runner up, received 4345 votes, lost bt 1800 votes
IT Cell Zila aAdhyaksh RLJP
He has a clinic named Sarashwati Life Care. He is also a parcitionr there.
He was also accosiated with BJP. ",,Runnerup ZP,,,,,,,1.0
Champaran,Bettiah,2. Paschim Champaran,7. Chanpatia,Majhaulia,,Majhaulia_40,Unreserved (Other),Nirbhay Kumar Mahato,Renu Devi,Ahasan Ahmad,8084580134.0,General,Muslim,51.0,"3rd zp runnerup, received 3100 vores
RJD Zila Mahasachiv ",,Runnerup ZP,,,,,,,2.0
Champaran,Bettiah,2. Paschim Champaran,7. Chanpatia,Majhaulia,,Majhaulia_40,Unreserved (Other),Nirbhay Kumar Mahato,Renu Devi,Md. Fakhrul Hassan,8102951214.0,Minority,Muslim,60.0,"- Former ZP in 2016
Contested 3terms ZP in 2021, 2011 & 2006",Ex. Prakhand Adhyaksh,Sangathan,"Name given by Dheeraj Tiwari (Bettiah Vidhan sabha sanjojak)
Inke anusar ye prakhand adhyaksh rah chuke hain.",,,,,,3.0
Champaran,Bettiah,2. Paschim Champaran,7. Chanpatia,Majhaulia,,Majhaulia_40,Unreserved (Other),Nirbhay Kumar Mahato,Renu Devi,,,,,,,,,,,,,,,4.0
Champaran,Bettiah,2. Paschim Champaran,7. Chanpatia,Majhaulia,,Majhaulia_40,Unreserved (Other),Nirbhay Kumar Mahato,Renu Devi,,,,,,,,,,,,,,,5.0
Champaran,Bettiah,2. Paschim Champaran,7. Chanpatia,Majhaulia,,Majhaulia_41,Unreserved (Mahila),Nirbhay Kumar Mahato,Renu Devi,Kishor Paswan,8651658072.0,SC,Paswan/ Dusadh,60.0,"Won BDC in 2001
Won PACS election in 2005
Won ZP election in 2011
Lost Mukhiya Election in 2016",सदस्य,Sangathan,,,,सदस्य,,,1.0
Champaran,Bettiah,2. Paschim Champaran,7. Chanpatia,Majhaulia,,Majhaulia_41,Unreserved (Mahila),Nirbhay Kumar Mahato,Renu Devi,Neetu Ojha / Pradeep Ojha,8210063963.0,General,Brahmin,38.0,"""In 2016, Defacto ZP Runner UP, received 6670
In 2021, Defacto ZP Runner UP, Received 5200, lost by 600
JDU Pradesh Sangathan Sachiv""",,Runnerup ZP,,,,,,,2.0
Champaran,Bettiah,2. Paschim Champaran,7. Chanpatia,Majhaulia,,Majhaulia_41,Unreserved (Mahila),Nirbhay Kumar Mahato,Renu Devi,,,,,,,,,,,,,,,3.0
Champaran,Bettiah,2. Paschim Champaran,7. Chanpatia,Majhaulia,,Majhaulia_41,Unreserved (Mahila),Nirbhay Kumar Mahato,Renu Devi,,,,,,,,,,,,,,,4.0
Champaran,Bettiah,2. Paschim Champaran,7. Chanpatia,Majhaulia,,Majhaulia_41,Unreserved (Mahila),Nirbhay Kumar Mahato,Renu Devi,,,,,,,,,,,,,,,5.0
Champaran,Bettiah,2. Paschim Champaran,7. Chanpatia,Majhaulia,,Majhaulia_42,Unreserved (Other),Nirbhay Kumar Mahato,Renu Devi,Dr Hamid Ali,8757546254.0,General,Muslim,45.0,"ZP Runner Up, Received 3600 votes
Contested ZP in 2016, received 2000 votes 
Contested MLA election from Nautan Seat, 1200 votes",,ZP Contestant,,,,,,,1.0
Champaran,Bettiah,2. Paschim Champaran,7. Chanpatia,Majhaulia,,Majhaulia_42,Unreserved (Other),Nirbhay Kumar Mahato,Renu Devi,Pintu kumar,6205653124.0,EBC,Mallah,25.0,"VIP IT Cell Zila Adhyaksh
Businessman",,,,,,,,,2.0
Champaran,Bettiah,2. Paschim Champaran,7. Chanpatia,Majhaulia,,Majhaulia_42,Unreserved (Other),Nirbhay Kumar Mahato,Renu Devi,Sandeep Kumar Tiwari,8002725215.0,General,Brahmin,39.0,"- Contested ZP election in 2021 and got 3881 votes (3rd rank)
-Contested ZP election in 2016
- He is the Founder and Chairman of Manav Kalyan Seva Trust. Through the trust, around 15 marriages of poor and needy girls are arranged every year.",,ZP Contestant,"Name given by Dheeraj Tiwari (Bettiah vidhan sabha sanyojak)
Ye PK se milne ke liye taiyar hai or ZP ka election bhi JSP ke sath ladega par ek bar ye apne team or apne logo se discusion kr ke confirm krega",,,,,,3.0
Champaran,Bettiah,2. Paschim Champaran,7. Chanpatia,Majhaulia,,Majhaulia_42,Unreserved (Other),Nirbhay Kumar Mahato,Renu Devi,लालू यादव,"9801682300
7979749629",OBC,Yadav,41.0,"- Incumbent ZP ,2021
- RJD Kisan prakosth zila adhyaksh,2022-2024
- He is engaged in business owns a hardware store dealing in cement,steel rods, aggregates,and other construction matterials.
-He is also involved in the transportation business and four trucks and one JCB machine",Ex. zila yuva adhyaksh,Incumbent ZP,Name given by Dheeraj Tiwari (Bettiah vidhan sabha sanyojak),,,,,,4.0
Champaran,Bettiah,2. Paschim Champaran,7. Chanpatia,Majhaulia,,Majhaulia_42,Unreserved (Other),Nirbhay Kumar Mahato,Renu Devi,,,,,,,,,,,,,,,5.0
Saran,Saran,19. Maharajganj,113. Ekma,Lahladpur,,Lahladpur_1,Backward Class (Others),Jayamitra Devi,,Shri Neeraj Kumar Tiwari,7370900837.0,General,Brahmin,38.0,"- Mukhiya Runner 
 up 2011, 2016
- Running Door to Door Campaign
 and activaly Pramote Jan Suraaj",जिला उपाध्यक्ष,Sangathan,,,,जिला उपाध्यक्ष,,,1.0
Saran,Saran,19. Maharajganj,113. Ekma,Lahladpur,,Lahladpur_1,Backward Class (Others),Jayamitra Devi,,Nagnarayan Prasad,9931250368.0,OBC,Kushwaha,54.0,"Nag Narayan Prasad | 54| OBC| Kushwaha
-Former RLSP National GeneralSecretary Close aide of Upendra Kushwaha.
-Worked in many district for Party Organization. -Influential businessman of Janta Bazaar in Lahladpur Prakhand.
-Strong hold in Kushwaha Community.",जिला सलाहकार समिति,Sangathan,,,,जिला सलाहकार समिति,,,2.0
Saran,Saran,19. Maharajganj,113. Ekma,Lahladpur,,Lahladpur_1,Backward Class (Others),Jayamitra Devi,,Rajan Prasad,9123436336.0,EBC,Teli,60.0,"-Director of Swami Vivekanand Vidyapeeth School, -Bihar Pradesh Teli Sahu Sabha Upayukt, -General Secretary of Bihar Vaish Maha Samellan for 4 terms,
 - Ex JDU Mahasachiv and Vyasaye Prakosh Upadyaksh (2009-2017), -Ex ZP contestant 2006 and 2011, -1995 MLA contestant Janta Party","Vyavsayik Prakoshth
State Vice President",Sangathan,,,,"Vyavsayik Prakoshth
State Vice President",,,3.0
Saran,Saran,19. Maharajganj,113. Ekma,Lahladpur,,Lahladpur_1,Backward Class (Others),Jayamitra Devi,,Ashraf Raza Khan,7004667658.0,Minority,Muslim,48.0,"-Former CPIM Zila Sachiv in Saran District. 
-Started political career as a Student leader in SFI from Rajendra College.
-Former District President of SFI.
-Worked in Three Districts for Left Party Organizations. Contested BDC and ZP but lost",Minority Prakoshth State Vice President,Sangathan,,,,Minority Prakoshth State Vice President,,,4.0
Saran,Saran,19. Maharajganj,113. Ekma,Lahladpur,,Lahladpur_1,Backward Class (Others),Jayamitra Devi,,Shri Dinesh Mahto,9572486414.0,EBC,Nishad,40.0,,सदस्य,Sangathan,Agar Seat EBC Ka hua toh hm Jrur Ldenge or Agar SC hua toh hmare ki log ladenge ,,,सदस्य,,,5.0
Saran,Saran,19. Maharajganj,113. Ekma,Lahladpur,,Lahladpur_1,Backward Class (Others),Jayamitra Devi,,Butai Chaudhary,9065333647/7545967454,SC,Pasi,60.0,"- Social Worker
Former ZP 2006- 11 ",,,,,,सदस्य,,,
Saran,Saran,19. Maharajganj,114. Manjhi,Baniapur,,Baniapur_2,Unreserved (Other),Jayamitra Devi,,Tuntun Singh / Suresh Singh ,9973558644.0,OBC,Kurmi,41.0,Incumbent ZP 2021 and secure 7699 votes                                                                                                                    -Hardware shop in Puchhri Market,,Incumbent ZP,,,,Onboarded ZP,,,1.0
Saran,Saran,19. Maharajganj,114. Manjhi,Baniapur,,Baniapur_2,Unreserved (Other),Jayamitra Devi,,AKbar Mukhiya,7070746387.0,EBC,Mansuri,48.0,"- Social Worker
Former Mukhiya 2015 ",,,,,,,,,2.0
Saran,Saran,19. Maharajganj,114. Manjhi,Baniapur,,Baniapur_2,Unreserved (Other),Jayamitra Devi,,,,,,,,,,,,,,,,3.0
Saran,Saran,19. Maharajganj,114. Manjhi,Baniapur,,Baniapur_2,Unreserved (Other),Jayamitra Devi,,,,,,,,,,,,,,,,4.0
Saran,Saran,19. Maharajganj,114. Manjhi,Baniapur,,Baniapur_2,Unreserved (Other),Jayamitra Devi,,Nirmala Devi/Upendra Kumar Yadav,9006666491.0,OBC,Yadav,45.0,-ZP Contestent 2021 and secure 4900 votes                                                                                                                    -ZP Contest 2016 and secure 3300 votes                                                                                                 -Fertilizer Business                                                                                             -Social Worker,,Onboarded ,,,,Onboarded ZP,,,5.0
Saran,Saran,19. Maharajganj,114. Manjhi,Baniapur,,Baniapur_3,Unreserved (Mahila),Jayamitra Devi,,Rajesh Singh,9955815613.0,General,Rajput,54.0,"-ZP Contestent 2021 and secure 3400 votes     
-Rental Bussiness
-Landlord",,,,,,,,,1.0
Saran,Saran,19. Maharajganj,114. Manjhi,Baniapur,,Baniapur_3,Unreserved (Mahila),Jayamitra Devi,,,,,,,,,,,,,,,,2.0
Saran,Saran,19. Maharajganj,114. Manjhi,Baniapur,,Baniapur_3,Unreserved (Mahila),Jayamitra Devi,,,,,,,,,,,,,,,,3.0
Saran,Saran,19. Maharajganj,114. Manjhi,Baniapur,,Baniapur_3,Unreserved (Mahila),Jayamitra Devi,,Om Prakash Giri,8521408832.0,OBC,Goswami,55.0,-Ex ZP (2016-21) -Mukhiya (2006-16) -PACS Adhyaksh from last 3 terms.,DSC Member,Sangathan Dump,Phle tha bad me BJP chla gya tha ,,,,,,4.0
Saran,Saran,19. Maharajganj,114. Manjhi,Baniapur,,Baniapur_3,Unreserved (Mahila),Jayamitra Devi,,Jai Prakash Sharma,7488396132.0,EBC,Badhai,54.0,-ZP runner up (2011 & 16) with 5000+ votes both time.,DSC Member,Sangathan Dump,agr Party Bolegi toh fight krenge,,,,,,5.0
Saran,Saran,19. Maharajganj,114. Manjhi,Baniapur,,Baniapur_4,Unreserved (Mahila),Jayamitra Devi,,Abdul Mannan Khan,7543856648.0,Minority,Muslim,63.0,,अल्पसंख्यक प्रकोष्ठ प्रभारी,Sangathan,,,,अल्पसंख्यक प्रकोष्ठ प्रभारी,,,1.0
Saran,Saran,19. Maharajganj,114. Manjhi,Baniapur,,Baniapur_4,Unreserved (Mahila),Jayamitra Devi,,,,,,,,,,,,,,,,2.0
Saran,Saran,19. Maharajganj,114. Manjhi,Baniapur,,Baniapur_4,Unreserved (Mahila),Jayamitra Devi,,,,,,,,,,,,,,,,3.0
Saran,Saran,19. Maharajganj,114. Manjhi,Baniapur,,Baniapur_4,Unreserved (Mahila),Jayamitra Devi,,,,,,,,,,,,,,,,4.0
Saran,Saran,19. Maharajganj,114. Manjhi,Baniapur,,Baniapur_4,Unreserved (Mahila),Jayamitra Devi,,,,,,,,,,,,,,,,5.0
Saran,Saran,19. Maharajganj,114. Manjhi,Baniapur,,Baniapur_5,Unreserved (Mahila),Jayamitra Devi,,Rajendra Singh,"9661647043
6200636848",General,Rajput,64.0,- Business,Vidhan Sabha Sanyojak,Sangathan,,,,Vidhan Sabha Sanyojak,,,1.0
Saran,Saran,19. Maharajganj,114. Manjhi,Baniapur,,Baniapur_5,Unreserved (Mahila),Jayamitra Devi,,Sabita Soni,9631852012.0,OBC,Sonar,39.0,"
  -ZP Contestent 2021 and got 3030                                                                                                                                                        - Run Furniture Business",,Onboarded ,,,,Onboarded ZP,,,2.0
Saran,Saran,19. Maharajganj,114. Manjhi,Baniapur,,Baniapur_5,Unreserved (Mahila),Jayamitra Devi,,Geetu Singh,9905202675.0,General,Rajput,42.0,-Incumbent ZP 2021 and secure 9215 votes                                                                                                                    -ZP Contest 2016 and secure 10008 votes                                                                                                 -Fertilizer Business                                                                                             -Social Worker,,Onboarded ,Kedar Singh ka admi h ,,,Onboarded ZP,,,3.0
Saran,Saran,19. Maharajganj,114. Manjhi,Baniapur,,Baniapur_5,Unreserved (Mahila),Jayamitra Devi,,Virendra Ram ,9006748996.0,SC,Chamar,32.0,"- Former Ward Sadsya  2021
- Social Worker
Petrol Pump Owner",,,Rajendra Singh ji ne Nam Diya h agr SC Hua toh ,,,,,,4.0
Saran,Saran,19. Maharajganj,114. Manjhi,Baniapur,,Baniapur_5,Unreserved (Mahila),Jayamitra Devi,,,,,,,,,,,,,,,,5.0
Saran,Saran,19. Maharajganj,113. Ekma,Ekma,,Ekma_6,Unreserved (Mahila),Jayamitra Devi,,Indu Devi,8083841763.0,General,Rajput,44.0,"""
    -Incumbment ZP 2021 and Secure 9987 Shop                                                                            - Reebok , Adidas Shop                                                                                         - Patanjali Whole shop                                                                                                                - Furniture Wholesale Shop                                                                           - Egg Poultry Farm    ",,Onboarded ,,,,Onboarded ZP,,,1.0
Saran,Saran,19. Maharajganj,113. Ekma,Ekma,,Ekma_6,Unreserved (Mahila),Jayamitra Devi,,Ravi Kumar Dubey,7367029963.0,General,Brahmin,31.0,,सदस्य,Sangathan,,,,सदस्य,,,2.0
Saran,Saran,19. Maharajganj,113. Ekma,Ekma,,Ekma_6,Unreserved (Mahila),Jayamitra Devi,,Guddu Kumar,9504347747.0,SC,Paswan,35.0,Incumbment Sarpanch 2021,सदस्य,Sangathan,,,,सदस्य,,,3.0
Saran,Saran,19. Maharajganj,113. Ekma,Ekma,,Ekma_6,Unreserved (Mahila),Jayamitra Devi,,,,,,,,,,,,,,,,4.0
Saran,Saran,19. Maharajganj,113. Ekma,Ekma,,Ekma_6,Unreserved (Mahila),Jayamitra Devi,,,,,,,,,,,,,,,,5.0
Saran,Saran,19. Maharajganj,113. Ekma,Ekma,,Ekma_7,Unreserved (Other),Jayamitra Devi,,Satyendra Singh,9934610285.0,General,Rajput,50.0,"Winner ZP By election 2013 
2016 ZP contestent and got 3rd ranked 
2021 ZP Candidate and secured 1700 Votes",,Onboarded ,,,,Onboarded ZP,,,1.0
Saran,Saran,19. Maharajganj,113. Ekma,Ekma,,Ekma_7,Unreserved (Other),Jayamitra Devi,,Rakesh Kumar Singh,9234304655.0,General,Rajput,47.0,"Rakesh Kumar Singh | Male | 47 | General | Rajput | LJP Pardesh Upadhyaksh
-Former LJP Pradesh Upadhyaksh, 2010 To 2015
-Former ZP Contestant, 2021, Runner Up 
-Former Mukhiya Contestant, 2016, 3rd Position
-Director Of MSVN Kids Play School",ACC,Sangathan Dump,He is new our party ,,,ACC,,,3.0
Saran,Saran,19. Maharajganj,113. Ekma,Ekma,,Ekma_7,Unreserved (Other),Jayamitra Devi,,Chandan Kumar,9619495572.0,General,Bhumihar,40.0,"-Btech from NIT Mizoram and professionally he is an electrical engineer.
-Works as a freelancer for MNC. Lives in Ekma. 
-Mother Kumud Devi was BDC from 2011-2016.
- Mother contested the election of ZP in 2016 and was runner-up.(Lost by319 votes)
- Father is a retired government teacher and was the leader of the Teacher Association.",BSC Member,Sangathan Dump,Mata ji ladengi chunab ,,,,,,4.0
Saran,Saran,19. Maharajganj,113. Ekma,Ekma,,Ekma_7,Unreserved (Other),Jayamitra Devi,,,,SC,,,,,,,,,,,,5.0
Saran,Saran,19. Maharajganj,113. Ekma,Ekma,,Ekma_8,Unreserved (Mahila),Jayamitra Devi,,Shri Rajesh Giri,9955636530.0,General,,,Sarpanch Sang Adhyksh,जिला सचिव,Sangathan,,,,जिला सचिव,,,1.0
Saran,Saran,19. Maharajganj,113. Ekma,Ekma,,Ekma_8,Unreserved (Mahila),Jayamitra Devi,,Veena Devi ,8434476870.0,OBC,Yadav,54.0,"Former ZP Contestant, 2021, Runner Up ( 3000)",,"Survey, Runnerup ZP",,,,,,,2.0
Saran,Saran,19. Maharajganj,113. Ekma,Ekma,,Ekma_8,Unreserved (Mahila),Jayamitra Devi,,Neetu Kiran ,,General,Bhumihar,45.0,"Former ZP Contestant, 2021, Runner Up ( 5537)",,,,,,,,,3.0
Saran,Saran,19. Maharajganj,113. Ekma,Ekma,,Ekma_8,Unreserved (Mahila),Jayamitra Devi,,,,SC,,,,,,,,,,,,4.0
Saran,Saran,19. Maharajganj,113. Ekma,Ekma,,Ekma_8,Unreserved (Mahila),Jayamitra Devi,,,,,,,,,,,,,,,,5.0
Saran,Saran,19. Maharajganj,113. Ekma,Manjhi,,Manjhi_9,Unreserved (Mahila),Jayamitra Devi,,Abishek tiwari,9015113024.0,General,Brahmin,35.0,"सचिव 
 Mukhia 2nd runner up and secure 1800
Politically very Active person Run Private school in kolkata  and villages",,Onboarded ,,,,Vidhan Sabha Sanyojak,,,1.0
Saran,Saran,19. Maharajganj,113. Ekma,Manjhi,,Manjhi_9,Unreserved (Mahila),Jayamitra Devi,,Jagmohan Singh,9471419666.0,General,Rajput,60.0,"-Former ZP from 2011 to 2016.
-Former JDU District VP since 2020.",DSC Member,"Onboarded , Sangathan Dump",,,,,,,2.0
Saran,Saran,19. Maharajganj,113. Ekma,Manjhi,,Manjhi_9,Unreserved (Mahila),Jayamitra Devi,,Mithelesh Yadav,9931344626.0,obc,yadav,38.0,"-Z.P Contestant 2021
-Admission consultant
-School Owner",,,,,,,,,3.0
Saran,Saran,19. Maharajganj,113. Ekma,Manjhi,,Manjhi_9,Unreserved (Mahila),Jayamitra Devi,,,,,,,,,,,,,,,,4.0
Saran,Saran,19. Maharajganj,113. Ekma,Manjhi,,Manjhi_9,Unreserved (Mahila),Jayamitra Devi,,,,,,,,,,,,,,,,5.0
Saran,Saran,19. Maharajganj,113. Ekma,Manjhi,,Manjhi_10,Unreserved (Mahila),Jayamitra Devi,,Kanti Devi,8083603672.0,,,,,,Incumbent ZP,,,,,,,1.0
Saran,Saran,19. Maharajganj,113. Ekma,Manjhi,,Manjhi_10,Unreserved (Mahila),Jayamitra Devi,,Smita Singh,9973500095.0,General,Rajput,36.0,"Former ZP Contestant, 2021, Runner Up ( 3100)",,"Survey, Runnerup ZP",,,,,,,2.0
Saran,Saran,19. Maharajganj,113. Ekma,Manjhi,,Manjhi_10,Unreserved (Mahila),Jayamitra Devi,,Pratima Devi,9801270415.0,OBC,Kalwar,58.0,"Former ZP Contestant, 2021, Runner Up ( 3400)
former Defecto   ZP ( 2011,2016)",,1st Runnerup,,,,,,,3.0
Saran,Saran,19. Maharajganj,113. Ekma,Manjhi,,Manjhi_10,Unreserved (Mahila),Jayamitra Devi,,Shree Bhagwan Chaudhary,9065552585.0,SC,Pasi,65.0,-,,,Smita Singh ji ka recomandation,,,,,,4.0
Saran,Saran,19. Maharajganj,113. Ekma,Manjhi,,Manjhi_10,Unreserved (Mahila),Jayamitra Devi,,,,,,,,,,,,,,,,5.0
Saran,Saran,19. Maharajganj,113. Ekma,Manjhi,,Manjhi_11,Unreserved (Other),Jayamitra Devi,,Raghuvansh Singh,9934660971.0,,,,,,Incumbent ZP,,,,,,,1.0
Saran,Saran,19. Maharajganj,113. Ekma,Manjhi,,Manjhi_11,Unreserved (Other),Jayamitra Devi,,Bachcha Ram,9973398615.0,SC,Chamar,40.0,"""-Former Mukhiya from 2016 to 2021.
-His Nephew and Daughter-in-law are Professor in JNU and his brother is retired from SI.
-One of the Most educated Schedule caste family in Saran District.""",जिला अंबेडकर मंच महामंत्री,Sangathan,,,,जिला अंबेडकर मंच महामंत्री,,,2.0
Saran,Saran,19. Maharajganj,113. Ekma,Manjhi,,Manjhi_11,Unreserved (Other),Jayamitra Devi,,Pankaj Rai,9546514611.0,OBC,Yadav,42.0,"Former ZP Contestant, 2021, Runner Up ( 5531)",,Runnerup ZP,,,,,,,3.0
Saran,Saran,19. Maharajganj,113. Ekma,Manjhi,,Manjhi_11,Unreserved (Other),Jayamitra Devi,,अमित प्रकाश,7061536785.0,SC,Chamar,35.0,"-ZP 2nd Runner up in 2011 and got around 1400 votes
 -Lost the 2016 BDC election by 17 votes of dautpur panchayat.
 -Lost the 2021 BDC election by 110 votes.",,,,,,,,,4.0
Saran,Saran,19. Maharajganj,113. Ekma,Manjhi,,Manjhi_11,Unreserved (Other),Jayamitra Devi,,,,,,,,,,,,,,,,5.0
Saran,Saran,19. Maharajganj,113. Ekma,Manjhi,,Manjhi_12,Unreserved (Mahila),Jayamitra Devi,,Bandana Kumari,9510469055.0,,,,,,Incumbent ZP,,,,,,,1.0
Saran,Saran,19. Maharajganj,113. Ekma,Manjhi,,Manjhi_12,Unreserved (Mahila),Jayamitra Devi,,Chandrakala Devi,8002685193.0,General,Rajput,45.0,"Former ZP Contestant, 2021, Runner Up ( 2713)",,Runnerup ZP,,,,,,,2.0
Saran,Saran,19. Maharajganj,113. Ekma,Manjhi,,Manjhi_12,Unreserved (Mahila),Jayamitra Devi,,Vinod Majhi,7903801688.0,SC,Ram,42.0,Incumbent Pacs President,,Sangathan,,,,,,,3.0
Saran,Saran,19. Maharajganj,113. Ekma,Manjhi,,Manjhi_12,Unreserved (Mahila),Jayamitra Devi,,Rishu Singh,9113439369.0,General,Rajput,30.0,"Former ZP Contestant, 2021, Runner Up ( 300)",,Sangathan Dump,,,,,,,4.0
Saran,Saran,19. Maharajganj,113. Ekma,Manjhi,,Manjhi_12,Unreserved (Mahila),Jayamitra Devi,,,,,,,,,,,,,,,,5.0
Saran,Saran,20. Saran,118. Chapra,Revelganj,,Revelganj_13,Backward Class (Others),Jayamitra Devi,,Liyakat Allie,9931480754.0,Minority,Muslim,60.0,"
-ZP contestent 2021 and secured 3353 votes ",,Onboarded ,,,,Onboarded ZP,,,1.0
Saran,Saran,,118. Chapra,Revelganj,,Revelganj_13,Backward Class (Others),Jayamitra Devi,,Shanti Devi / Madan Prasad Kushwaha,9934742128.0,OBC,Kushwaha,50.0,"-INC Pradesh Upadhyaksh (Kisan Morcha)
- Working in INC since 1984
- Ex INC delegate 
- Rajya Parishad Sadasy RLSP
- Jila Adhyaksh (Kisan Cell RLSP)
- ZP runner 2021
- Ex Vidhayak Pratinidhi of Vishwamohan Sharma
- zp 2011 5916  2021 3190 4th ",किसान अध्यक्ष,Sangathan,,,,किसान अध्यक्ष,,,2.0
Saran,Saran,20. Saran,118. Chapra,Revelganj,,Revelganj_13,Backward Class (Others),Jayamitra Devi,,Ajay Kumar Sah,9693983879.0,EBC,,,,सदस्य,Sangathan,,,,सदस्य,,,3.0
Saran,Saran,20. Saran,118. Chapra,Revelganj,,Revelganj_13,Backward Class (Others),Jayamitra Devi,,,,SC,,,,,,,,,,,,4.0
Saran,Saran,20. Saran,118. Chapra,Revelganj,,Revelganj_13,Backward Class (Others),Jayamitra Devi,,,,,,,,,,,,,,,,5.0
Saran,Saran,20. Saran,118. Chapra,Chhapra,,Chhapra_14,SC (Mahila),Jayamitra Devi,,Babita Devi/Shila ram,7319892618.0,SC,Ravidas,39.0,"
-ZP contestent 2021 and got 3600 votes",,Onboarded ,,,,Onboarded ZP,,,1.0
Saran,Saran,20. Saran,118. Chapra,Chhapra,,Chhapra_14,SC (Mahila),Jayamitra Devi,,Gunja Devi,9102304838.0,SC,Baheliya,32.0,"
-ZP contestent 2021 and got 5977 votes",,,,,,,,,2.0
Saran,Saran,20. Saran,118. Chapra,Chhapra,,Chhapra_14,SC (Mahila),Jayamitra Devi,,,,,,,,,,,,,,,,3.0
Saran,Saran,20. Saran,118. Chapra,Chhapra,,Chhapra_14,SC (Mahila),Jayamitra Devi,,,,,,,,,,,,,,,,4.0
Saran,Saran,20. Saran,118. Chapra,Chhapra,,Chhapra_14,SC (Mahila),Jayamitra Devi,,,,,,,,,,,,,,,,5.0
Saran,Saran,20. Saran,118. Chapra,Chhapra,,Chhapra_15,SC (Other),Jayamitra Devi,,Prem Kumar Ranjan,9162205764.0,,,,,,Incumbent ZP,,,,,,,1.0
Saran,Saran,20. Saran,118. Chapra,Chhapra,,Chhapra_15,SC (Other),Jayamitra Devi,,Puja Kumari,7070099855.0,SC,Paswan,36.0,"
-ZP contestent 2021 and got 4020 votes",,,,,,,,,2.0
Saran,Saran,20. Saran,118. Chapra,Chhapra,,Chhapra_15,SC (Other),Jayamitra Devi,,,,General,,,,,,,,,,,,3.0
Saran,Saran,20. Saran,118. Chapra,Chhapra,,Chhapra_15,SC (Other),Jayamitra Devi,,,,,,,,,,,,,,,,4.0
Saran,Saran,20. Saran,118. Chapra,Chhapra,,Chhapra_15,SC (Other),Jayamitra Devi,,,,,,,,,,,,,,,,5.0
Saran,Saran,20. Saran,118. Chapra,Chhapra,,Chhapra_16,Unreserved (Mahila),Jayamitra Devi,,Usha Devi / Rajdeo Singh,8789027090.0,General,Rajput,31.0,-ZP contestent 2021 and got 2000 votes,,Runnerup ZP,,,,,,,1.0
Saran,Saran,20. Saran,118. Chapra,Chhapra,,Chhapra_16,Unreserved (Mahila),Jayamitra Devi,,Nilima Singh,8789709684.0,General,Rajput,43.0,"
-ZP contestent 2021 and got 6778 votes",,Runnerup ZP,,,,,,,2.0
Saran,Saran,20. Saran,118. Chapra,Chhapra,,Chhapra_16,Unreserved (Mahila),Jayamitra Devi,,,,,SC,,,,,,,,,,,3.0
Saran,Saran,20. Saran,118. Chapra,Chhapra,,Chhapra_16,Unreserved (Mahila),Jayamitra Devi,,,,,,,,,,,,,,,,4.0
Saran,Saran,20. Saran,118. Chapra,Chhapra,,Chhapra_16,Unreserved (Mahila),Jayamitra Devi,,,,,,,,,,,,,,,,5.0
Saran,Saran,19. Maharajganj,114. Manjhi,Jalalpur,,Jalalpur_17,SC (Other),Jayamitra Devi,,Abhay Tarkeshwar Raam,7858031327.0,SC,Ravidas,57.0,Incumbment ZP from two tems 2016-2021 and secure 10135 and 6180 votes respectively                       -Fish Farm Business                                                    -Family members are in Govt Job,,Incumbent ZP,,,,Onboarded ZP,,,1.0
Saran,Saran,19. Maharajganj,114. Manjhi,Jalalpur,,Jalalpur_17,SC (Other),Jayamitra Devi,,Gauri Shankar,9546735823.0,EBC,Baniya,60.0,"- Actively associated with the Bharatiya Janata Party (BJP).
- Contested the 2021 Mukhiya elections, securing a total of 265 votes.",,Onboarded ,,,,Onboarded ZP,,,2.0
Saran,Saran,19. Maharajganj,114. Manjhi,Jalalpur,,Jalalpur_17,SC (Other),Jayamitra Devi,,Prahalad Prasad,9801028832.0,SC,Ravidas,55.0,"
-ZP contestent 2021 and got 5300 votes",,Runnerup ZP,Chunab jan Suraaj ke sahyog se ldenge prashant jee se milkar ,,,,,,3.0
Saran,Saran,19. Maharajganj,114. Manjhi,Jalalpur,,Jalalpur_17,SC (Other),Jayamitra Devi,,,,,,,,,,,,,,,,4.0
Saran,Saran,19. Maharajganj,114. Manjhi,Jalalpur,,Jalalpur_17,SC (Other),Jayamitra Devi,,,,,,,,,,,,,,,,5.0
Saran,Saran,19. Maharajganj,114. Manjhi,Jalalpur,,Jalalpur_18,Backward Class (Mahila),Jayamitra Devi,,Kiran Devi,7979869079.0,EBC,Teli,48.0,Incumbent ZP 2021 and secure 11700                                -Family member in Politics i.e. Up-Mukhiya and Ward                                                                                     -Wholesale Kirana shop in Jalalpur Market,,Incumbent ZP,,,,Onboarded ZP,,,1.0
Saran,Saran,19. Maharajganj,114. Manjhi,Jalalpur,,Jalalpur_18,Backward Class (Mahila),Jayamitra Devi,,Rinku Devi,8287814950.0,,,,,,Runnerup ZP,,,,,,,2.0
Saran,Saran,19. Maharajganj,114. Manjhi,Jalalpur,,Jalalpur_18,Backward Class (Mahila),Jayamitra Devi,,,,,,,,,,,,,,,,3.0
Saran,Saran,19. Maharajganj,114. Manjhi,Jalalpur,,Jalalpur_18,Backward Class (Mahila),Jayamitra Devi,,,,,,,,,,,,,,,,4.0
Saran,Saran,19. Maharajganj,114. Manjhi,Jalalpur,,Jalalpur_18,Backward Class (Mahila),Jayamitra Devi,,,,,,,,,,,,,,,,5.0
Saran,Saran,20. Saran,117. Marhaura,Nagra,,Nagra_19,Unreserved (Mahila),Jayamitra Devi,,Naveen Kumar Singh alias Abhay Singh,9570756851.0,General,Rajput,,," राज्य सलाहकार समिति में आने वाले सारण क्षेत्र (सारण, सिवान एवं गोपालगंज)",Incumbent ZP,,,,राज्य सलाहकार समिति ,,,1.0
Saran,Saran,20. Saran,117. Marhaura,Nagra,,Nagra_19,Unreserved (Mahila),Jayamitra Devi,,Prabhat Kumar Giri,9911571863.0,General,Brahmin,,"- MP contestant from Saran PC ( 2019 & 2024 )
- MLA Contestant from Marhaura AC",सदस्य,Sangathan,,,,सदस्य,,,2.0
Saran,Saran,20. Saran,117. Marhaura,Nagra,,Nagra_19,Unreserved (Mahila),Jayamitra Devi,,Raj Nandan Prasad Yadav (Police Rai),9334764590.0,OBC,,,,राज्य सलाहकार,Sangathan,,,,राज्य सलाहकार,,,3.0
Saran,Saran,20. Saran,117. Marhaura,Nagra,,Nagra_19,Unreserved (Mahila),Jayamitra Devi,,,,SC,,,,,,,,,,,,4.0
Saran,Saran,20. Saran,117. Marhaura,Nagra,,Nagra_19,Unreserved (Mahila),Jayamitra Devi,,,,,,,,,,,,,,,,5.0
Saran,Saran,20. Saran,117. Marhaura,Marhaurah,,Marhaurah_20,Unreserved (Other),Jayamitra Devi,,Munna Sinha,9162889932.0,General,Bhumihar,39.0,"
-ZP Runner up 2021 and got 7516 votes ",सदस्य,Onboarded ,,,,सदस्य,,,1.0
Saran,Saran,20. Saran,117. Marhaura,Marhaurah,,Marhaurah_20,Unreserved (Other),Jayamitra Devi,,Jai Ram Rai,9572608555 / 6206844945,,,,,ओबीसी प्रकोष्ठ प्रभारी,Sangathan,,,,ओबीसी प्रकोष्ठ प्रभारी,,,2.0
Saran,Saran,20. Saran,117. Marhaura,Marhaurah,,Marhaurah_20,Unreserved (Other),Jayamitra Devi,,,,SC,,,,सदस्य,,,,,,,,3.0
Saran,Saran,20. Saran,117. Marhaura,Marhaurah,,Marhaurah_20,Unreserved (Other),Jayamitra Devi,,,,,,,,,,,,,,,,4.0
Saran,Saran,20. Saran,117. Marhaura,Marhaurah,,Marhaurah_20,Unreserved (Other),Jayamitra Devi,,,,,,,,,,,,,,,,5.0
Saran,Saran,20. Saran,117. Marhaura,Marhaurah,,Marhaurah_21,Unreserved (Other),Jayamitra Devi,,,,,,,,,,,,,,,,1.0
Saran,Saran,20. Saran,117. Marhaura,Marhaurah,,Marhaurah_21,Unreserved (Other),Jayamitra Devi,,Ashwani Kumar,9939643600.0,OBC,Yadav,50.0,"
-ZP Runner Up 2021 and secured 8700 vote",,Onboarded ,,,,Onboarded ZP,,,2.0
Saran,Saran,20. Saran,117. Marhaura,Marhaurah,,Marhaurah_21,Unreserved (Other),Jayamitra Devi,,Ajit Singh,9110122972.0,General,Rajput,40.0,Ex Block Cordinaator,,Sangathan,,,,,,,3.0
Saran,Saran,20. Saran,117. Marhaura,Marhaurah,,Marhaurah_21,Unreserved (Other),Jayamitra Devi,,Prakash Singh,7905622412/9060889614,General,Rajput,50.0,,,Sangathan,,,,सदस्य,,,4.0
Saran,Saran,20. Saran,117. Marhaura,Marhaurah,,Marhaurah_21,Unreserved (Other),Jayamitra Devi,,,,SC,,,,,,,,,,,,5.0
Saran,Saran,20. Saran,117. Marhaura,Marhaurah,,Marhaurah_22,Backward Class (Others),Jayamitra Devi,,M. Ilyas Ansari,8002545657.0,Minority,Ansari,,,Anumandal Padadhikari,Incumbent ZP,"He is with js, decide to contests after delimitation ",,,,,,1.0
Saran,Saran,20. Saran,117. Marhaura,Marhaurah,,Marhaurah_22,Backward Class (Others),Jayamitra Devi,,Khurshid Alam,9430004254/7520296660,,,,ZP runnerup,,1st Runnerup,,,,,,,2.0
Saran,Saran,20. Saran,117. Marhaura,Marhaurah,,Marhaurah_22,Backward Class (Others),Jayamitra Devi,,,,General,,,,,,,,,,,,3.0
Saran,Saran,20. Saran,117. Marhaura,Marhaurah,,Marhaurah_22,Backward Class (Others),Jayamitra Devi,,,,,,,,,,,,,,,,4.0
Saran,Saran,20. Saran,117. Marhaura,Marhaurah,,Marhaurah_22,Backward Class (Others),Jayamitra Devi,,,,,,,,,,,,,,,,5.0
Saran,Saran,19. Maharajganj,116. Taraiya,Taraiya,,Taraiya_23,Unreserved (Other),Jayamitra Devi,,Satendra Sahni,7352043944.0,EBC,Malaha,,"- 2 Time MLA candidate & 1 Time MP candidate - JDU Jalshramik Prakosth State President; Sangathan Prabhari (Siwan District)
 - anti-PN Singh; was in jail for 6 years in a fake murder case - acquitted in appeal
 - Engineer from ISM Dhanbad",कर्पूरी मंच अध्यक्ष,Sangathan,,,,कर्पूरी मंच अध्यक्ष,,,1.0
Saran,Saran,19. Maharajganj,116. Taraiya,Taraiya,,Taraiya_23,Unreserved (Other),Jayamitra Devi,,,,,,,,,,,,,,,,2.0
Saran,Saran,19. Maharajganj,116. Taraiya,Taraiya,,Taraiya_23,Unreserved (Other),Jayamitra Devi,,Uday Pratap Singh,9304156321.0,General,Rajput,52.0,"

-Former Mukhiya Contestant, 2006, 
-Former Panchayat Samiti(2011 To 2016)
-Jan Suraaj Abhiyaan Samiti Sadasya
-Jan Suraaj Prakahnd Sah Sanyojak
",,Onboarded ,,,,ACC,,,3.0
Saran,Saran,19. Maharajganj,116. Taraiya,Taraiya,,Taraiya_23,Unreserved (Other),Jayamitra Devi,,,,,,,,,,,,,,,,4.0
Saran,Saran,19. Maharajganj,116. Taraiya,Taraiya,,Taraiya_23,Unreserved (Other),Jayamitra Devi,,,,,,,,,,,,,,,,5.0
Saran,Saran,19. Maharajganj,116. Taraiya,Taraiya,,Taraiya_24,Backward Class (Others),Jayamitra Devi,,Anand Mohan alias Guard Sahab,6206667541.0,,,,"Anand Mohan ""Guard Sahib""|61|General|Rajput

- Current BDC Member - Retired railway serviceman",अध्यक्ष,Sangathan,,,,अध्यक्ष,,,1.0
Saran,Saran,19. Maharajganj,116. Taraiya,Taraiya,,Taraiya_24,Backward Class (Others),Jayamitra Devi,,Vinod Manjhi,9097925005.0,SC,,,- Mukhiya Taraiya panchayat (2016-2021) - Runner-up Mukhiya (2021) Got 1685 votes and lose by 25 votes - Strong SC Face in block.,अम्बेडकर मंच अध्यक्ष,Sangathan,,,,अम्बेडकर मंच अध्यक्ष,,,2.0
Saran,Saran,19. Maharajganj,116. Taraiya,Taraiya,,Taraiya_24,Backward Class (Others),Jayamitra Devi,,Jwala Prasaad,7765999810.0,EBC,Teli,40.0,"
- ZP runner up 2021 and secured 5100 votes",,Onboarded ,,,,Onboarded ZP,,,3.0
Saran,Saran,19. Maharajganj,116. Taraiya,Taraiya,,Taraiya_24,Backward Class (Others),Jayamitra Devi,,Dipender Kumar Saah,7667185766.0,OBC,Kaanu,42.0,"
   -ZP Contestent 2021 and got 2411                                                                              - Social Worker and farmer",,Onboarded ,,,,Onboarded ZP,,,4.0
Saran,Saran,19. Maharajganj,116. Taraiya,Taraiya,,Taraiya_24,Backward Class (Others),Jayamitra Devi,,Shri Bhagwan Gupta,6299724148.0,EBC,Kanu,50.0,"- ZP (2016-2021) 
- ZP contestant 2021 , Mukhiya Contestant 2001  
- JDU Prakhand Adhayaksh (2001-2005) ",,"Sangathan, Sangathan Dump",,,,,,,5.0
Saran,Saran,19. Maharajganj,116. Taraiya,Isuapur,,Isuapur_25,Unreserved (Other),Jayamitra Devi,,Chhavinath Singh,6201151677.0,,,,,,Incumbent ZP,,,,,,,1.0
Saran,Saran,19. Maharajganj,116. Taraiya,Isuapur,,Isuapur_25,Unreserved (Other),Jayamitra Devi,,Faiz Ahmad,9113717009/9939454973,,,,,मीडिया प्रभारी,Sangathan,,,,मीडिया प्रभारी,,,2.0
Saran,Saran,19. Maharajganj,116. Taraiya,Isuapur,,Isuapur_25,Unreserved (Other),Jayamitra Devi,,,,,,,,,,,,,,,,3.0
Saran,Saran,19. Maharajganj,116. Taraiya,Isuapur,,Isuapur_25,Unreserved (Other),Jayamitra Devi,,,,,,,,,,,,,,,,4.0
Saran,Saran,19. Maharajganj,116. Taraiya,Isuapur,,Isuapur_25,Unreserved (Other),Jayamitra Devi,,,,,,,,,,,,,,,,5.0
Saran,Saran,19. Maharajganj,116. Taraiya,Isuapur,,Isuapur_26,Unreserved (Mahila),Jayamitra Devi,,Shri Mithilesh Singh,9315492609.0,General,,,,जिला सचिव,Sangathan,,,,जिला सचिव,,,1.0
Saran,Saran,19. Maharajganj,116. Taraiya,Isuapur,,Isuapur_26,Unreserved (Mahila),Jayamitra Devi,,Rajesh Bind,9852024676.0,EBC,Bind,40.0,"Prakhand Mahasachiv 
- Male Area Committee Member. (2009-2013)
- JDU Prakhand President. (2013-2014)
- Booth Prabhari Gopalganj. (2014-2015)
- VIP District Vice President.",,Onboarded ,,,,EMC,,,2.0
Saran,Saran,19. Maharajganj,116. Taraiya,Isuapur,,Isuapur_26,Unreserved (Mahila),Jayamitra Devi,,Sandhya Devi / Parikshit Shah,9801148691.0,,Kanu,50.0,"-Contested the 2021 ZP elections, securing a total of 2,600 votes.
-Previously contested the BDC elections, securing 800 votes.",,Onboarded ,,,,Onboarded ZP,,,3.0
Saran,Saran,19. Maharajganj,116. Taraiya,Isuapur,,Isuapur_26,Unreserved (Mahila),Jayamitra Devi,,Ali Asgar asarfi,9934434570.0,,,,,Vidhan Sabha Sanyojak,Sangathan,,,,Vidhan Sabha Sanyojak,,,4.0
Saran,Saran,19. Maharajganj,116. Taraiya,Isuapur,,Isuapur_26,Unreserved (Mahila),Jayamitra Devi,,,,,,,,,,,,,,,,5.0
Saran,Saran,19. Maharajganj,115. Baniapur,Mashrakh,,Mashrakh_27,Backward Class (Mahila),Jayamitra Devi,,Kaimun Nisha,7857051157.0,Minority,Muslim,45.0,"
-ZP Contestent 2021 and got 5400 votes and secured 2nd rank",,Onboarded ,,,,Onboarded ZP,,,1.0
Saran,Saran,19. Maharajganj,115. Baniapur,Mashrakh,,Mashrakh_27,Backward Class (Mahila),Jayamitra Devi,,,,,,,,,,,,,,,,2.0
Saran,Saran,19. Maharajganj,115. Baniapur,Mashrakh,,Mashrakh_27,Backward Class (Mahila),Jayamitra Devi,,,,,,,,,,,,,,,,3.0
Saran,Saran,19. Maharajganj,115. Baniapur,Mashrakh,,Mashrakh_27,Backward Class (Mahila),Jayamitra Devi,,,,,,,,,,,,,,,,4.0
Saran,Saran,19. Maharajganj,115. Baniapur,Mashrakh,,Mashrakh_27,Backward Class (Mahila),Jayamitra Devi,,,,,,,,,,,,,,,,5.0
Saran,Saran,19. Maharajganj,115. Baniapur,Mashrakh,,Mashrakh_28,Unreserved (Mahila),Jayamitra Devi,,Anand Kumar Singh,7481990767.0,,,,"-Assembly Contested in 2020 got 3200 votes.
-His Mother was BDC Runner up in 2021.
-Zila Upadhyaksh of Yuva Morcha BJP in 2017-19
-Occupation: Ayurved Medicines Distributer
-Education: Intermediate",युवा प्रकोष्ठ प्रभारी,Sangathan,,,,युवा प्रकोष्ठ प्रभारी,,,1.0
Saran,Saran,19. Maharajganj,115. Baniapur,Mashrakh,,Mashrakh_28,Unreserved (Mahila),Jayamitra Devi,,Kiran Devi,9430047795.0,,,,,,"1st Runnerup, Runnerup",,,,,,,2.0
Saran,Saran,19. Maharajganj,115. Baniapur,Mashrakh,,Mashrakh_28,Unreserved (Mahila),Jayamitra Devi,,Rajesh,,,,,,,,,,,,,,3.0
Saran,Saran,19. Maharajganj,115. Baniapur,Mashrakh,,Mashrakh_28,Unreserved (Mahila),Jayamitra Devi,,,,,,,,,,,,,,,,4.0
Saran,Saran,19. Maharajganj,115. Baniapur,Mashrakh,,Mashrakh_28,Unreserved (Mahila),Jayamitra Devi,,,,,,,,,,,,,,,,5.0
Saran,Saran,19. Maharajganj,116. Taraiya,Panapur,,Panapur_29,Unreserved (Other),Jayamitra Devi,,,,,,,,,,,,,,,,1.0
Saran,Saran,19. Maharajganj,116. Taraiya,Panapur,,Panapur_29,Unreserved (Other),Jayamitra Devi,,,,,,,,,,,,,,,,2.0
Saran,Saran,19. Maharajganj,116. Taraiya,Panapur,,Panapur_29,Unreserved (Other),Jayamitra Devi,,,,,,,,,,,,,,,,3.0
Saran,Saran,19. Maharajganj,116. Taraiya,Panapur,,Panapur_29,Unreserved (Other),Jayamitra Devi,,Shailendra Kumar Singh,6200524852.0,General,Rajput,37.0,"
- ZP runner up 2021 and secured 3159 votes",,Onboarded ,,,,Onboarded ZP,,,4.0
Saran,Saran,19. Maharajganj,116. Taraiya,Panapur,,Panapur_29,Unreserved (Other),Jayamitra Devi,,Narendra Singh,9931494512.0,General,Rajput,65.0,"
 -ZP Contestent 2021 and got 2879",,Onboarded ,,,,Onboarded ZP,,,5.0
Saran,Saran,19. Maharajganj,116. Taraiya,Panapur,,Panapur_30,Unreserved (Other),Jayamitra Devi,,Abhishek Ranjan Singh,9470062111.0,General,Rajput,38.0,"
 ZP runner up 2021 and secured 5300 votes",,Onboarded ,,,,Onboarded ZP,,,1.0
Saran,Saran,19. Maharajganj,116. Taraiya,Panapur,,Panapur_30,Unreserved (Other),Jayamitra Devi,,Arvind Kumar Singh,7654831922.0,General,Rajput,49.0,"
  -ZP Contestent 2021 and got 3118",,Onboarded ,,,,Onboarded ZP,,,2.0
Saran,Saran,19. Maharajganj,116. Taraiya,Panapur,,Panapur_30,Unreserved (Other),Jayamitra Devi,,,,,,,,,,,,,,,,3.0
Saran,Saran,19. Maharajganj,116. Taraiya,Panapur,,Panapur_30,Unreserved (Other),Jayamitra Devi,,,,,,,,,,,,,,,,4.0
Saran,Saran,19. Maharajganj,116. Taraiya,Panapur,,Panapur_30,Unreserved (Other),Jayamitra Devi,,,,,,,,,,,,,,,,5.0
Saran,Saran,20. Saran,120. Amnour,Amnour,,Amnour_31,Unreserved (Mahila),Jayamitra Devi,,Kuldeep Mahaseth,9939248080.0,OBC,Suri,50.0,"

- 2021 ZP Candidate got around 4000 votes.
- Former JS District Spokesperson.",मुख्य प्रवक्ता,Sangathan,,,,Onboarded ZP,,,1.0
Saran,Saran,20. Saran,120. Amnour,Amnour,,Amnour_31,Unreserved (Mahila),Jayamitra Devi,,Kuldeep Mahaseth,9472400777.0,,,,"
Kuldeep Mahaseth |43| OBC | Suri

- ZP runner up in 2016
- ZP Runner up got 3853 votes in 2021
- Working in Parbhat Khabar from last 25 years as Editor , - Runs garment shop and owner of two Bank CSP",मुख्य प्रवक्ता,Sangathan,,,,मुख्य प्रवक्ता,,,2.0
Saran,Saran,20. Saran,120. Amnour,Amnour,,Amnour_31,Unreserved (Mahila),Jayamitra Devi,,"Amarendra Kumar ""Munna Baitha""",9065435243.0,SC,Dusadh,45.0,"-Ex Zp 2011-2016 (11,500 votes) -Former RJD District Dalit Prakosth Vice President .",Block Prabhari,Sangathan Dump,,,,,,,3.0
Saran,Saran,20. Saran,120. Amnour,Amnour,,Amnour_31,Unreserved (Mahila),Jayamitra Devi,,Arvind Ram,9931759287.0,SC,Ravidas,47.0,"- Contested ZP in 2021 
- Contested Mukhiya in 2016 
- Practising for Ayurved in local 
- Well known face in Block  ",BSC Member,Sangathan Dump,,,,,,,4.0
Saran,Saran,20. Saran,120. Amnour,Amnour,,Amnour_31,Unreserved (Mahila),Jayamitra Devi,,,,,,,,,,,,,,,,5.0
Saran,Saran,20. Saran,120. Amnour,Amnour,,Amnour_32,Unreserved (Other),Jayamitra Devi,,Alok Rai,8294609624.0,,,,,,Incumbent ZP,,,,,,,1.0
Saran,Saran,20. Saran,120. Amnour,Amnour,,Amnour_32,Unreserved (Other),Jayamitra Devi,,Rahul Kumar,9142972354.0,,,,,,1st Runnerup,,,,,,,2.0
Saran,Saran,20. Saran,120. Amnour,Amnour,,Amnour_32,Unreserved (Other),Jayamitra Devi,,,,,,,,,,,,,,,,3.0
Saran,Saran,20. Saran,120. Amnour,Amnour,,Amnour_32,Unreserved (Other),Jayamitra Devi,,,,,,,,,,,,,,,,4.0
Saran,Saran,20. Saran,120. Amnour,Amnour,,Amnour_32,Unreserved (Other),Jayamitra Devi,,,,,,,,,,,,,,,,5.0
Saran,Saran,20. Saran,120. Amnour,Amnour,,Amnour_33,Unreserved (Other),Jayamitra Devi,,Poonam Rai,9973349031.0,,,,ZP runnerup,,Onboarded ,,,,,,,1.0
Saran,Saran,20. Saran,120. Amnour,Amnour,,Amnour_33,Unreserved (Other),Jayamitra Devi,,Avinash Singh,6202049279.0,General,Rajput,40.0,- ZP runner from Amnour Part 3 got 2500 votes,BSC Member,Sangathan Dump,,,,,,,2.0
Saran,Saran,20. Saran,120. Amnour,Amnour,,Amnour_33,Unreserved (Other),Jayamitra Devi,,Pawan Kumar Bhagat,9471875711.0,EBC,Nonia,50.0,"-Consested ZP in 2021 (2493 votes)
-Chachi contested Mukhiya in 2016 (523 votes) 
- BJP Mandal Yuva Adhyksh ( 2019-2021)",,Sangathan Dump,,,,PRI Applicants,,,3.0
Saran,Saran,20. Saran,120. Amnour,Amnour,,Amnour_33,Unreserved (Other),Jayamitra Devi,,,,,,,,,,,,,,,,4.0
Saran,Saran,20. Saran,120. Amnour,Amnour,,Amnour_33,Unreserved (Other),Jayamitra Devi,,,,,,,,,,,,,,,,5.0
Saran,Saran,20. Saran,120. Amnour,Maker,,Maker_34,SC (Other),Jayamitra Devi,,Rampukar Mehta,6299231250.0,EBC,Nonia,60.0," 

- Former 2 Term Mukhiya since 2011 to 2021
- Former 2 Term Assembly Contestant (2015- 10200 Votes & 2020-7200 Votes)
-Former RJD EBC Cell Pradesh Mahasachiv(2016 to 2020)
Defacto Mukhiya (2006-2011) 
-Former CPI Member(1973 to 2016)
", राज्य सलाहकार समिति ,Sangathan,,,,राज्य सलाहकार,,,1.0
Saran,Saran,20. Saran,120. Amnour,Maker,,Maker_34,SC (Other),Jayamitra Devi,,Shri Sunit Sharma,7324025191.0,,,,"EX BJYM Block President 
Bajrang dal Block President ",सदस्य,Sangathan,,,,सदस्य,,,2.0
Saran,Saran,20. Saran,120. Amnour,Maker,,Maker_34,SC (Other),Jayamitra Devi,,,,,,,,,,,,,,,,3.0
Saran,Saran,20. Saran,120. Amnour,Maker,,Maker_34,SC (Other),Jayamitra Devi,,,,,,,,,,,,,,,,4.0
Saran,Saran,20. Saran,120. Amnour,Maker,,Maker_34,SC (Other),Jayamitra Devi,,,,,,,,,,,,,,,,5.0
Saran,Saran,20. Saran,120. Amnour,Parsa,,Parsa_35,Unreserved (Other),Jayamitra Devi,,Chandradev Singh,8294650404.0,,,,,सदस्य,Sangathan,,,,सदस्य,,,1.0
Saran,Saran,20. Saran,120. Amnour,Parsa,,Parsa_35,Unreserved (Other),Jayamitra Devi,,,,,,,,,,,,,,,,2.0
Saran,Saran,20. Saran,120. Amnour,Parsa,,Parsa_35,Unreserved (Other),Jayamitra Devi,,,,,,,,,,,,,,,,3.0
Saran,Saran,20. Saran,120. Amnour,Parsa,,Parsa_35,Unreserved (Other),Jayamitra Devi,,,,,,,,,,,,,,,,4.0
Saran,Saran,20. Saran,120. Amnour,Parsa,,Parsa_35,Unreserved (Other),Jayamitra Devi,,,,,,,,,,,,,,,,5.0
Saran,Saran,20. Saran,120. Amnour,Parsa,,Parsa_36,Unreserved (Other),Jayamitra Devi,,Pankaj Kumar,8002293382.0,OBC,Yadav,32.0,EX ZP in 2001,,Runnerup ZP,,,,,,,1.0
Saran,Saran,20. Saran,120. Amnour,Parsa,,Parsa_36,Unreserved (Other),Jayamitra Devi,,Rita Devi,7903448219.0,OBC,Yadav,46.0,"
-ZP contestent 2021 and secure 3848 Votes",,Onboarded ,,,,Onboarded ZP,,,2.0
Saran,Saran,20. Saran,120. Amnour,Parsa,,Parsa_36,Unreserved (Other),Jayamitra Devi,,,,,,,,,,,,,,,,3.0
Saran,Saran,20. Saran,120. Amnour,Parsa,,Parsa_36,Unreserved (Other),Jayamitra Devi,,,,,,,,,,,,,,,,4.0
Saran,Saran,20. Saran,120. Amnour,Parsa,,Parsa_36,Unreserved (Other),Jayamitra Devi,,,,,,,,,,,,,,,,5.0
Saran,Saran,20. Saran,119. Garkha,Garkha,,Garkha_37,SC (Mahila),Jayamitra Devi,,Atul Pratap Singh,9113116168.0,General,,,"-Founder and President JP Sangh(2019)
-Vice-president Rojgar Kranti Sangh-(Marhoura Sugar Mill).
-Famous for his work with Sugarcane producing farmers and their fight for Marhaura Sugar Mill.",कोषाध्यक्ष सह कार्यालय प्रभारी,Sangathan,,,,कोषाध्यक्ष सह कार्यालय प्रभारी,,,1.0
Saran,Saran,20. Saran,119. Garkha,Garkha,,Garkha_37,SC (Mahila),Jayamitra Devi,,Sonu Kumar Rai,9973300565.0,OBC,Yadav,40.0,,सदस्य,Sangathan,,,,सदस्य,,,2.0
Saran,Saran,20. Saran,119. Garkha,Garkha,,Garkha_37,SC (Mahila),Jayamitra Devi,,,,,,,,,,,,,,,,3.0
Saran,Saran,20. Saran,119. Garkha,Garkha,,Garkha_37,SC (Mahila),Jayamitra Devi,,,,,,,,,,,,,,,,4.0
Saran,Saran,20. Saran,119. Garkha,Garkha,,Garkha_37,SC (Mahila),Jayamitra Devi,,,,,,,,,,,,,,,,5.0
Saran,Saran,20. Saran,119. Garkha,Garkha,,Garkha_38,Backward Class (Mahila),Jayamitra Devi,,Manohar Ram,9931341636.0,SC,Ravidas,35.0,"
-ZP Contestant
-Jansuraaj District Youth President
-Defacto (Kiran Kumari) Zila Parishad Runner-up (2021, 8227 votes)
-Former BJP Block President SC Cell
-Former RJD Block President SC Cell"," राज्य सलाहकार समिति में आने वाले सारण क्षेत्र (सारण, सिवान एवं गोपालगंज)",Sangathan,,,,Candidate,,,1.0
Saran,Saran,20. Saran,119. Garkha,Garkha,,Garkha_38,Backward Class (Mahila),Jayamitra Devi,,Munister Prasad Sah,8789828951.0,,,,"-Sitting Pradesh Treasure and District Adhyaksh of Informal Education Organisation (2006-present). -2 times BDC from Kothia GP.
-ZP contestant, secured 3300 votes (2021).",सदस्य,Sangathan,,,,सदस्य,,,2.0
Saran,Saran,20. Saran,119. Garkha,Garkha,,Garkha_38,Backward Class (Mahila),Jayamitra Devi,,,,,,,,,,,,,,,,3.0
Saran,Saran,20. Saran,119. Garkha,Garkha,,Garkha_38,Backward Class (Mahila),Jayamitra Devi,,,,,,,,,,,,,,,,4.0
Saran,Saran,20. Saran,119. Garkha,Garkha,,Garkha_38,Backward Class (Mahila),Jayamitra Devi,,,,,,,,,,,,,,,,5.0
Saran,Saran,20. Saran,119. Garkha,Garkha,,Garkha_39,SC (Mahila),Jayamitra Devi,,Shri Ranjit Singh,7273009507.0,General,,,"- he started his politics from student's life
- 1987-2000- RJD Member
- From 2014- 2015, District Member of BJP
- Founder Member and ex- District Secretary of Jantantrik Vikas Party
- former LJP District Secretary and Prakhand Adhyaksh -former JDU Prakhand Adhyaksh",जिला सचिव,Sangathan,,,,जिला सचिव,,,1.0
Saran,Saran,20. Saran,119. Garkha,Garkha,,Garkha_39,SC (Mahila),Jayamitra Devi,,,,,,,,,,,,,,,,2.0
Saran,Saran,20. Saran,119. Garkha,Garkha,,Garkha_39,SC (Mahila),Jayamitra Devi,,,,,,,,,,,,,,,,3.0
Saran,Saran,20. Saran,119. Garkha,Garkha,,Garkha_39,SC (Mahila),Jayamitra Devi,,,,,,,,,,,,,,,,4.0
Saran,Saran,20. Saran,119. Garkha,Garkha,,Garkha_39,SC (Mahila),Jayamitra Devi,,,,,,,,,,,,,,,,5.0
Saran,Saran,20. Saran,121. Parsa,Dariapur,,Dariapur_40,Unreserved (Mahila),Jayamitra Devi,,Preeti Raj,8292025109.0,,,,,,Incumbent ZP,,,,,,,1.0
Saran,Saran,20. Saran,121. Parsa,Dariapur,,Dariapur_40,Unreserved (Mahila),Jayamitra Devi,,Murli Devi,7277351716.0,,,,,,1st Runnerup,,,,,,,2.0
Saran,Saran,20. Saran,121. Parsa,Dariapur,,Dariapur_40,Unreserved (Mahila),Jayamitra Devi,,,,,,,,,,,,,,,,3.0
Saran,Saran,20. Saran,121. Parsa,Dariapur,,Dariapur_40,Unreserved (Mahila),Jayamitra Devi,,,,,,,,,,,,,,,,4.0
Saran,Saran,20. Saran,121. Parsa,Dariapur,,Dariapur_40,Unreserved (Mahila),Jayamitra Devi,,,,,,,,,,,,,,,,5.0
Saran,Saran,20. Saran,121. Parsa,Dariapur,,Dariapur_41,Unreserved (Other),Jayamitra Devi,,Munna Kumar Sharma,9525387173.0,EBC,Nai,37.0,"
-ZP contestent 2021 and secure 3952 Votes
-ZP contestant  2016 and secure 3300",,Onboarded ,,,,Onboarded ZP,,,1.0
Saran,Saran,20. Saran,121. Parsa,Dariapur,,Dariapur_41,Unreserved (Other),Jayamitra Devi,,Sujeet Kumar Mishra,7903817545.0,General,Brahmin,40.0,"- ZP Runnerup 2021 ( 1500 Votes)
- Running CSC",BSC Member,Sangathan Dump,,,,,,,2.0
Saran,Saran,20. Saran,121. Parsa,Dariapur,,Dariapur_41,Unreserved (Other),Jayamitra Devi,,Ritesh Sharma,9748093439.0,General,Bhumihar,41.0,"- 
- Running CSC",,Sangathan,,,,,,,3.0
Saran,Saran,20. Saran,121. Parsa,Dariapur,,Dariapur_41,Unreserved (Other),Jayamitra Devi,,,,,,,,,,,,,,,,4.0
Saran,Saran,20. Saran,121. Parsa,Dariapur,,Dariapur_41,Unreserved (Other),Jayamitra Devi,,,,,,,,,,,,,,,,5.0
Saran,Saran,20. Saran,121. Parsa,Dariapur,,Dariapur_42,Backward Class (Others),Jayamitra Devi,,Arun Mehta,6206402874.0,,,,,किसान प्रकोष्ठ अध्यक्ष,Sangathan,,,,किसान प्रकोष्ठ अध्यक्ष,,,1.0
Saran,Saran,20. Saran,121. Parsa,Dariapur,,Dariapur_42,Backward Class (Others),Jayamitra Devi,,Jafar Ikbal,8002185889.0,Minority,Muslim,45.0,"
 -Incumbment ZP 2021 and got 6236",,Incumbent ZP,,,,Onboarded ZP,,,2.0
Saran,Saran,20. Saran,121. Parsa,Dariapur,,Dariapur_42,Backward Class (Others),Jayamitra Devi,,,,,,,,,,,,,,,,3.0
Saran,Saran,20. Saran,121. Parsa,Dariapur,,Dariapur_42,Backward Class (Others),Jayamitra Devi,,,,,,,,,,,,,,,,4.0
Saran,Saran,20. Saran,121. Parsa,Dariapur,,Dariapur_42,Backward Class (Others),Jayamitra Devi,,,,,,,,,,,,,,,,5.0
Saran,Saran,20. Saran,121. Parsa,Dariapur,,Dariapur_43,Unreserved (Other),Jayamitra Devi,,Arun Kumar Giri,6204059270.0,General,Brahmin,49.0,-ZP Runner up 2021 and secure vote 2617 votes                                                                   -Quality Manager at Hindustam Chemical Fertilizer,,Onboarded ,,,,Onboarded ZP,,,1.0
Saran,Saran,20. Saran,121. Parsa,Dariapur,,Dariapur_43,Unreserved (Other),Jayamitra Devi,,Golok Bihari Sharan Singh,9162623670.0,,,,,,Incumbent ZP,,,,,,,2.0
Saran,Saran,20. Saran,121. Parsa,Dariapur,,Dariapur_43,Unreserved (Other),Jayamitra Devi,,,,,,,,,,,,,,,,3.0
Saran,Saran,20. Saran,121. Parsa,Dariapur,,Dariapur_43,Unreserved (Other),Jayamitra Devi,,,,,,,,,,,,,,,,4.0
Saran,Saran,20. Saran,121. Parsa,Dariapur,,Dariapur_43,Unreserved (Other),Jayamitra Devi,,,,,,,,,,,,,,,,5.0
Saran,Saran,20. Saran,122. Sonepur,Dighwara,,Dighwara_44,Unreserved (Mahila),Jayamitra Devi,,Shri Ram Babu Rai,9473383871.0,,,,"- Former INC Prakhand Adhyaksh 2005-2010.
- Former RJD Member 2013-2021.",जिला उपाध्यक्ष,Sangathan,,,,जिला उपाध्यक्ष,,,1.0
Saran,Saran,20. Saran,122. Sonepur,Dighwara,,Dighwara_44,Unreserved (Mahila),Jayamitra Devi,,Satyendra Prasad,7903924374.0,SC,Dusadh,49.0,"Former Mukhiya

-Former Mukhiya(2016 To 2021)
-Former Mukhiya Contestant(2021), Got 1189 Votes
-Former LJP SC Cell Pradesh Upadhyaksh(2007 To 2015)
-Jan Suraaj State Core Committee Member",State Ambedkar Manch Vice President,Sangathan,,,,State Ambedkar Manch Vice President,,,2.0
Saran,Saran,20. Saran,122. Sonepur,Dighwara,,Dighwara_44,Unreserved (Mahila),Jayamitra Devi,,Janardan Singh Chauhan,9135094100.0,General,Rajput,55.0,"
-Ex ZP (2016–2021)
-Ex Block Pramukh (2001–2006)
-ZP Contestant (2021, secured 5700 votes, 3rd position)
-BJP Zila Karyasamiti Member (2006–2016)",,Onboarded ,,,,Onboarded ZP,,,3.0
Saran,Saran,20. Saran,122. Sonepur,Dighwara,,Dighwara_44,Unreserved (Mahila),Jayamitra Devi,,Nandlal Mahto,9679685899.0,EBC,Nonia,55.0,"-He contested for ZP for the first time in 2000 and secured 4500~ votes but lost by few votes margin. 
-In 2006, He secured 6500~ but lost by 150~ votes for the same post. 
-He was an active member of RJD till 2010",BSC Member,Sangathan Dump,,,,,,,4.0
Saran,Saran,20. Saran,122. Sonepur,Dighwara,,Dighwara_44,Unreserved (Mahila),Jayamitra Devi,,Amita Sahani,9006860992.0,EBC,Sahani,,,"State Mahila
Vice President",Sangathan,,,,"State Mahila
Vice President",,,5.0
Saran,Saran,20. Saran,122. Sonepur,Sonepur,,Sonepur_45,Backward Class (Mahila),Jayamitra Devi,,Saroj Gupta,7667507771.0,,,,"Saroj Gupta l 57 l OBC l Sonar

- Rashtiya mahasachiv LJP (P) (2017-2024)
- LJP Pradesh Sachiv (2012-17)
- Zila Adhyaksh Ati Pichhda Prakoshth LJP (2007-12)
- BJP Sanghatan Mantri - 1996- 2001
- Mukhiya contestant 2006",जिला सचिव,Sangathan,,,,व्यवसायिक प्रकोष्ठ प्रभारी,,,1.0
Saran,Saran,20. Saran,122. Sonepur,Sonepur,,Sonepur_45,Backward Class (Mahila),Jayamitra Devi,,,,,,,,,,,,,,,,2.0
Saran,Saran,20. Saran,122. Sonepur,Sonepur,,Sonepur_45,Backward Class (Mahila),Jayamitra Devi,,,,,,,,,,,,,,,,3.0
Saran,Saran,20. Saran,122. Sonepur,Sonepur,,Sonepur_45,Backward Class (Mahila),Jayamitra Devi,,,,,,,,,,,,,,,,4.0
Saran,Saran,20. Saran,122. Sonepur,Sonepur,,Sonepur_45,Backward Class (Mahila),Jayamitra Devi,,,,,,,,,,,,,,,,5.0
Saran,Saran,20. Saran,122. Sonepur,Sonepur,,Sonepur_46,Unreserved (Mahila),Jayamitra Devi,,Shri Bharat Singh,9006707449.0,General,,,"-He was elected as Sarpanch in 2021
-He was elected as Sarpanch Sangha Adhyaksha in 2021
-He retired from the job of postmaster in 2017
-He has also taken part in JP Movement",जिला सचिव,Sangathan,,,,जिला सचिव,,,1.0
Saran,Saran,20. Saran,122. Sonepur,Sonepur,,Sonepur_46,Unreserved (Mahila),Jayamitra Devi,,,,,,,,,,,,,,,,2.0
Saran,Saran,20. Saran,122. Sonepur,Sonepur,,Sonepur_46,Unreserved (Mahila),Jayamitra Devi,,,,,,,,,,,,,,,,3.0
Saran,Saran,20. Saran,122. Sonepur,Sonepur,,Sonepur_46,Unreserved (Mahila),Jayamitra Devi,,,,,,,,,,,,,,,,4.0
Saran,Saran,20. Saran,122. Sonepur,Sonepur,,Sonepur_46,Unreserved (Mahila),Jayamitra Devi,,,,,,,,,,,,,,,,5.0
Saran,Saran,20. Saran,122. Sonepur,Sonepur,,Sonepur_47,Unreserved (Other),Jayamitra Devi,,Bhola Kumar Sharma,7004247352/8825324221,OBC,Lohar,38.0,"-ZP Runner up 2021 and secure 6200  votes 
-Electric business",,Onboarded ,,,,,,,1.0
Saran,Saran,20. Saran,122. Sonepur,Sonepur,,Sonepur_47,Unreserved (Other),Jayamitra Devi,,Sushil Kumar Rai,9835498025.0,,,58.0,"-ZP Runner up 2021 and secure 9045  votes 
-",,1st Runnerup,,,,,,,2.0
Saran,Saran,20. Saran,122. Sonepur,Sonepur,,Sonepur_47,Unreserved (Other),Jayamitra Devi,,,,,,,,,,,,,,,,3.0
Saran,Saran,20. Saran,122. Sonepur,Sonepur,,Sonepur_47,Unreserved (Other),Jayamitra Devi,,,,,,,,,,,,,,,,4.0
Saran,Saran,20. Saran,122. Sonepur,Sonepur,,Sonepur_47,Unreserved (Other),Jayamitra Devi,,,,,,,,,,,,,,,,5.0
Saran,Siwan,18. Siwan,106. Ziradei,Nautan,,Nautan_1,Backward Class (Mahila),Sangeeta Devi,Chandtara Khatun,Bebi Devi,9931218760.0,EBC,Teli,34.0,- Incumbent  ZP and secured 20000 votes in 2021,,Onboarded ,,,,Onboarded ZP,,,1.0
Saran,Siwan,18. Siwan,106. Ziradei,Nautan,,Nautan_1,Backward Class (Mahila),Sangeeta Devi,Chandtara Khatun,Kishnath Paswan,9161948142.0,SC,Dusadh,,"Mukhiya Contestant 2021, 2016
Defacto BDC - 2016
Ward Sadasya - 2006
Former member of CPI(ML) ",जिला कर्पूरी मंच महामंत्री,Sangathan,,,,जिला कर्पूरी मंच महामंत्री,,,2.0
Saran,Siwan,18. Siwan,106. Ziradei,Nautan,,Nautan_1,Backward Class (Mahila),Sangeeta Devi,Chandtara Khatun,JaiPrakash Singh,9973228602.0,General,Rajput,42.0,"- Contenious Third Times Pacs Member.
-2009 To Present.
Highly Active In Panchayat Politics",,,,,,,,,3.0
Saran,Siwan,18. Siwan,106. Ziradei,Nautan,,Nautan_1,Backward Class (Mahila),Sangeeta Devi,Chandtara Khatun,Jitender Dubey,7319663770.0,General,Brahmin,,"-Former Mukhiya 2 time 2016 and 2006. 
- Father was also Mukhiya for 20 year from 1970 to 1990",,,,,,जिला उपाध्यक्ष,,,4.0
Saran,Siwan,18. Siwan,106. Ziradei,Nautan,,Nautan_1,Backward Class (Mahila),Sangeeta Devi,Chandtara Khatun,,,,,,,,,,,,,,,5.0
Saran,Siwan,18. Siwan,106. Ziradei,Mairwa,,Mairwa_2,ST (Other),Sangeeta Devi,Chandtara Khatun,Professor Dinesh Kumar Yadav,7004656426.0,OBC,Yadav,58.0,"Dinesh Kumar Yadav | Male | 58 | OBC | Yadav | Teacher

-Principal MS College, Mairwa
-Provide Free Education To Poors Students",महामंत्री,Sangathan,,,,महामंत्री,,,1.0
Saran,Siwan,18. Siwan,106. Ziradei,Mairwa,,Mairwa_2,ST (Other),Sangeeta Devi,Chandtara Khatun,Vinay Kumar Tiwari,7488119477.0,General,Brahmin,35.0,"- Want to fight OF Zp In the Next election
- Owner of City Tect Construction Company In New Delhi.
- OCity mandapam Marriage Hall
",,New Name (Recommendation),,,,,,,2.0
Saran,Siwan,18. Siwan,106. Ziradei,Mairwa,,Mairwa_2,ST (Other),Sangeeta Devi,Chandtara Khatun,जुगल राम,9955257129.0,SC,Chamar,,Ex Sarpanch- Prominent Name in Dalit,जिला सलाहकार समिति,Sangathan,,,,जिला सलाहकार समिति,,,3.0
Saran,Siwan,18. Siwan,106. Ziradei,Mairwa,,Mairwa_2,ST (Other),Sangeeta Devi,Chandtara Khatun,Vijay Ram,9162111065.0,SC,Chamar,,"-2 times Sarpanch of Semra Panchayat(2016-current)
-Served as Panchayat Samiti of Semra Panchayat(2001-2006)
-Renowned Social Worker in Mairwa and nearby blocks.",,,,,,,,,4.0
Saran,Siwan,18. Siwan,106. Ziradei,Mairwa,,Mairwa_2,ST (Other),Sangeeta Devi,Chandtara Khatun,,,,,,,,,,,,,,,5.0
Saran,Siwan,18. Siwan,106. Ziradei,Ziradei,,Ziradei_3,Backward Class (Others),Sangeeta Devi,Chandtara Khatun,Vinod Kumar Singh,8292482316.0,General,Rajput,52.0,"ZP Contestant, Former Mukhiya Contestant, Former ASA Party Pradesh Parvakta and Pradesh Upadhyaksh, Advocate at Civil Court , Siwan",मुख्य प्रवक्ता,Sangathan,,,,मुख्य प्रवक्ता,,,1.0
Saran,Siwan,18. Siwan,106. Ziradei,Ziradei,,Ziradei_3,Backward Class (Others),Sangeeta Devi,Chandtara Khatun,Vikas Kumar Singh,8757343181.0,General,Rajput,41.0,"- 2021 Mukhiya Election Runner Up
- His Father Pacs President (1998 to 2018)",,Sangathan,,,,,,,2.0
Saran,Siwan,18. Siwan,106. Ziradei,Ziradei,,Ziradei_3,Backward Class (Others),Sangeeta Devi,Chandtara Khatun,Dr.Satish Kumar,9709834344.0,SC,Harijan,31.0,"-Former Mukhiya Contestant(2016), got 3245 votes
-Former BSP Prakhand Adhyaksh(2016 to 2022)
-Jan Suraaj State Youth working Committee
-Member of Buddha Foundation Trust ",,,,,,ACC,,,3.0
Saran,Siwan,18. Siwan,106. Ziradei,Ziradei,,Ziradei_3,Backward Class (Others),Sangeeta Devi,Chandtara Khatun,Rameshwar Ray,9955045818.0,General,Rajput,57.0,"- Incumbent Mukhiya. ( 2021- Present)       
- Former two time Mukhiya ( 2001, 2006)   
-  Former President of DAV College Student Union ",,,,,,,,,4.0
Saran,Siwan,18. Siwan,106. Ziradei,Ziradei,,Ziradei_3,Backward Class (Others),Sangeeta Devi,Chandtara Khatun,Anil Singh,9771640780.0,General,Rajput,52.0,"Prakhand Up-Pramukh 2021.
Ziradei Block",,,,,,,,,5.0
Saran,Siwan,18. Siwan,106. Ziradei,Ziradei,,Ziradei_4,Backward Class (Mahila),Sangeeta Devi,Chandtara Khatun,"Gayatri Gupta 
Chadan Prasad",9162910535.0,EBC,Nonia,38.0,-ZP 2nd runner up 2021 and secured 6091 votes,Onboardrd,"Sangathan, Onboarded",,,,,,,1.0
Saran,Siwan,18. Siwan,106. Ziradei,Ziradei,,Ziradei_4,Backward Class (Mahila),Sangeeta Devi,Chandtara Khatun,Arun Singh,8235868560.0,General,Rajput,52.0,"- Ward Sadasya Winner 
Social Worker",सदस्य,Sangathan,,,,सदस्य,,,2.0
Saran,Siwan,18. Siwan,106. Ziradei,Ziradei,,Ziradei_4,Backward Class (Mahila),Sangeeta Devi,Chandtara Khatun,,,,,,,,,,,,,,,3.0
Saran,Siwan,18. Siwan,106. Ziradei,Ziradei,,Ziradei_4,Backward Class (Mahila),Sangeeta Devi,Chandtara Khatun,,,,,,,,,,,,,,,4.0
Saran,Siwan,18. Siwan,106. Ziradei,Ziradei,,Ziradei_4,Backward Class (Mahila),Sangeeta Devi,Chandtara Khatun,,,,,,,,,,,,,,,5.0
Saran,Siwan,18. Siwan,107. Darauli,Guthani,,Guthani_5,Unreserved (Other),Sangeeta Devi,Chandtara Khatun,Chhotelal Yadav,7079983019.0,OBC,Yadav,39.0,-Incumbent ZP and secured 7600 votes in 2021,,Onboarded ,,,,Onboarded ZP,,,1.0
Saran,Siwan,18. Siwan,107. Darauli,Guthani,,Guthani_5,Unreserved (Other),Sangeeta Devi,Chandtara Khatun,Minhaj Asgar Khan,9838990249.0,Minority,Minority,55.0,"2021 Sarpanch runner-up by 38 votes;
Secretary, Sohagra Mandir Trust;
Founder, Lok Tarang Foundation Trust;
Adhyaksh, Rashtriya Kalakar Association;
Gorakhpur Mandal Mahasachiv, JDU",सदस्य,Sangathan,,,,सदस्य,,,2.0
Saran,Siwan,18. Siwan,107. Darauli,Guthani,,Guthani_5,Unreserved (Other),Sangeeta Devi,Chandtara Khatun,Sanjay Prasad,9006907476.0,SC,Chamar,50.0,"- ZP-Runner-up in 2011 (Runner-up - 4000+ votes) on Reserved seat
- ZP-contestant in 2016 (General Seat - 2739 , 3rd ( Lost by 102 votes)
- Zp-contestant in 2021 (General Seats - 2000 votes)
",,,,,,,,,3.0
Saran,Siwan,18. Siwan,107. Darauli,Guthani,,Guthani_5,Unreserved (Other),Sangeeta Devi,Chandtara Khatun,Akshay Lal Gond,8969225673.0,ST,Gond,30.0,"- Former MLA Candidate from Ziradei ( 2020)        
- District President of Swatranta Samaj Party.    
  - Known Youth Face in Ziradei and Darauli Vidhan Sabha ",,,,,,,,,4.0
Saran,Siwan,18. Siwan,107. Darauli,Guthani,,Guthani_5,Unreserved (Other),Sangeeta Devi,Chandtara Khatun,,,,,,,,,,,,,,,5.0
Saran,Siwan,18. Siwan,107. Darauli,Guthani,,Guthani_6,Unreserved (Mahila),Sangeeta Devi,Chandtara Khatun,"Alok Kumar Rai ""Rantu Rai""",8207801644.0,General,Bhumihar,34.0,"- ZP runnerup in 2021
- Former District JDU youth Adhyaksh 2021-2023
- Prominent youth politician and social worker in the district.",DSC Member,Sangathan,,,,,,,1.0
Saran,Siwan,18. Siwan,107. Darauli,Guthani,,Guthani_6,Unreserved (Mahila),Sangeeta Devi,Chandtara Khatun,Pinkesh Kumar Singh,9939996246.0,General,Bhumihar,38.0,"Contractor
Faimly members are in PRI",DSC Member,Sangathan,,,,Vidhan Sabha Sanyojak,,,2.0
Saran,Siwan,18. Siwan,107. Darauli,Guthani,,Guthani_6,Unreserved (Mahila),Sangeeta Devi,Chandtara Khatun,,,,,,,,,,,,,,,3.0
Saran,Siwan,18. Siwan,107. Darauli,Guthani,,Guthani_6,Unreserved (Mahila),Sangeeta Devi,Chandtara Khatun,,,,,,,,,,,,,,,4.0
Saran,Siwan,18. Siwan,107. Darauli,Guthani,,Guthani_6,Unreserved (Mahila),Sangeeta Devi,Chandtara Khatun,,,,,,,,,,,,,,,5.0
Saran,Siwan,18. Siwan,107. Darauli,Darauli,,Darauli_7,SC (Mahila),Sangeeta Devi,Chandtara Khatun,Raghavendra Kharwar,9973591700.0,ST,Gond,41.0,"- Prominent leader from the ST community.
-ZP candidate (2011) got more than 4300 votes",DSC Member,Sangathan,,,,,,,1.0
Saran,Siwan,18. Siwan,107. Darauli,Darauli,,Darauli_7,SC (Mahila),Sangeeta Devi,Chandtara Khatun,Kumari Shashibala,8084855354.0,SC,Chamar,26.0,-ZP  runner up 2021 and secured 6327 votes,,1st Runnerup,,,,,,,2.0
Saran,Siwan,18. Siwan,107. Darauli,Darauli,,Darauli_7,SC (Mahila),Sangeeta Devi,Chandtara Khatun,Raghavendra Kumar,9973591700.0,General,Brahmin,40.0,"- 2-time Mukhiya (2016-2021)(2021-Present)
-Prominent Brahmin leader from the Darauli assembly",,,,,,,,,3.0
Saran,Siwan,18. Siwan,107. Darauli,Darauli,,Darauli_7,SC (Mahila),Sangeeta Devi,Chandtara Khatun,Dilip Singh,8969383760.0,General,Rajput,69.0,"- 3 Term mukhiya (2021,2011,2006)
-Belongs to a very political family 
-His father served as a Mukhiya from 1968-2000. ",,,,,,,,,4.0
Saran,Siwan,18. Siwan,107. Darauli,Darauli,,Darauli_7,SC (Mahila),Sangeeta Devi,Chandtara Khatun,,,,,,,,,,,,,,,5.0
Saran,Siwan,18. Siwan,107. Darauli,Darauli,,Darauli_8,Backward Class (Mahila),Sangeeta Devi,Chandtara Khatun,Shri Arbind Pandey,8873869093.0,General,Brahmin,50.0,"Arvind Pandey | 50 | Male | General | Brahmin

- De facto Mukhiya of Krishnapalli Panchayat (2021) 
Renowned Social worker of Darauli assembly
- Former MLC representative of Tunna Pandey",जिला सचिव,Sangathan,,,,जिला सचिव,,,1.0
Saran,Siwan,18. Siwan,107. Darauli,Darauli,,Darauli_8,Backward Class (Mahila),Sangeeta Devi,Chandtara Khatun,Phulmati Devi,"9149985835
8797870384",OBC,Rajbhar,51.0,ZP Contestent 2021 and got votes 5600 and Ranked 3,,Onboarded ,,,,,,,2.0
Saran,Siwan,18. Siwan,107. Darauli,Darauli,,Darauli_8,Backward Class (Mahila),Sangeeta Devi,Chandtara Khatun,,,,,,,,,,,,,,,3.0
Saran,Siwan,18. Siwan,107. Darauli,Darauli,,Darauli_8,Backward Class (Mahila),Sangeeta Devi,Chandtara Khatun,,,,,,,,,,,,,,,4.0
Saran,Siwan,18. Siwan,107. Darauli,Darauli,,Darauli_8,Backward Class (Mahila),Sangeeta Devi,Chandtara Khatun,,,,,,,,,,,,,,,5.0
Saran,Siwan,18. Siwan,107. Darauli,Andar,,Andar_9,Unreserved (Other),Sangeeta Devi,Chandtara Khatun,Abishek tiwari,9015113024.0,General,Brahmin,32.0,"Abhishek Kumar Tiwari | Male | 32 | General | Mukhiya Contestant

-Former Mukhiya Contestant(2016 & 2021)
-Property Dealer
-Runs a Private School Jagat lal Town School and BPSC Coaching Centre
-Secretary of Asha a Ray of Hope, NGO
-Provide Free coaching to poor student",,Onboarded ,,,,Vidhan Sabha Sanyojak,,,1.0
Saran,Siwan,18. Siwan,107. Darauli,Andar,,Andar_9,Unreserved (Other),Sangeeta Devi,Chandtara Khatun,Rajan Kumar Singh,9973635035.0,General,Rajput,35.0,-ZP 2nd runner up 2021 and secured 2616 votes,Onboardrd,Onboarded,,,,,,,2.0
Saran,Siwan,18. Siwan,107. Darauli,Andar,,Andar_9,Unreserved (Other),Sangeeta Devi,Chandtara Khatun,Keval Ram,9304629917.0,SC,Ram,37.0,"-ZP contestant (2021) and came 2nd
-Runs a studio at Asaon bazaar",,,,,,,,,3.0
Saran,Siwan,18. Siwan,107. Darauli,Andar,,Andar_9,Unreserved (Other),Sangeeta Devi,Chandtara Khatun,,,,,,,,,,,,,,,4.0
Saran,Siwan,18. Siwan,107. Darauli,Andar,,Andar_9,Unreserved (Other),Sangeeta Devi,Chandtara Khatun,,,,,,,,,,,,,,,5.0
Saran,Siwan,18. Siwan,107. Darauli,Andar,,Andar_10,Unreserved (Other),Sangeeta Devi,Chandtara Khatun,Shambhu Yadav,8579927981.0,OBC,Yadav,48.0,-ZP runner up 2021 and secured 3100 votes,,Onboarded ,PK Meeting,,,Onboarded ZP,,,1.0
Saran,Siwan,18. Siwan,107. Darauli,Andar,,Andar_10,Unreserved (Other),Sangeeta Devi,Chandtara Khatun,Ajamay Kumar ,8084434841.0,General,Rajput,53.0,-ZP 2nd runner up 2021 and secured 2969 votes,,,,,,PRI Applicants,,,2.0
Saran,Siwan,18. Siwan,107. Darauli,Andar,,Andar_10,Unreserved (Other),Sangeeta Devi,Chandtara Khatun,,,,,,,,,,,,,,,3.0
Saran,Siwan,18. Siwan,107. Darauli,Andar,,Andar_10,Unreserved (Other),Sangeeta Devi,Chandtara Khatun,,,,,,,,,,,,,,,4.0
Saran,Siwan,18. Siwan,107. Darauli,Andar,,Andar_10,Unreserved (Other),Sangeeta Devi,Chandtara Khatun,,,,,,,,,,,,,,,5.0
Saran,Siwan,18. Siwan,108. Raghunathpur,Hussainganj,,Hussainganj_11,Unreserved (Mahila),Sangeeta Devi,Chandtara Khatun,Binda Devi/Rajesh Yadav,7775926175.0,OBC,Yadav,30.0,"-ZP Contestent 2021 and got 3122 votes , Run A1 Chlid school in Siwan",,Onboarded ,,,,Onboarded ZP,,,1.0
Saran,Siwan,18. Siwan,108. Raghunathpur,Hussainganj,,Hussainganj_11,Unreserved (Mahila),Sangeeta Devi,Chandtara Khatun,Harilal Gupta,9934088857.0,EBC,Bania,45.0,"- Two time Defacto ZP Member of Area number 11 of Siwan since from 2016 to till date. 
 - Former Sarpanch of Habibnagar Panchayat.    
 - Owns a Cloth Shop in siwan town  and a Petrol Pump in Habibnagar.",,Incumbent ZP,hmare sath h bhut mzoobuti ke sath ,,,,,,2.0
Saran,Siwan,18. Siwan,108. Raghunathpur,Hussainganj,,Hussainganj_11,Unreserved (Mahila),Sangeeta Devi,Chandtara Khatun,Imarunallah Ansari,9631114786.0,Minority,OBC,40.0,"-Ex ZP 2011
-ZP Runner Up 2016
-ZP Runner Up  2021
-Former dist Youth President of RJD 2012-2014
-Former  Gen. Sec. of RJD 2019-2021",,,,,,Onboarded ZP,,,3.0
Saran,Siwan,18. Siwan,108. Raghunathpur,Hussainganj,,Hussainganj_11,Unreserved (Mahila),Sangeeta Devi,Chandtara Khatun,,,,,,,,,,,,,,,4.0
Saran,Siwan,18. Siwan,108. Raghunathpur,Hussainganj,,Hussainganj_11,Unreserved (Mahila),Sangeeta Devi,Chandtara Khatun,,,,,,,,,,,,,,,5.0
Saran,Siwan,18. Siwan,108. Raghunathpur,Hussainganj,,Hussainganj_12,Unreserved (Mahila),Sangeeta Devi,Chandtara Khatun,Guinya Devi / Sujeet Sharma,9931411295.0,EBC,Lohar,50.0,ZP Contestent 2021 and got votes 3912 and Ranked 3  -Former ZP 2016  -Ex Sarpanch from 2006-2016                                                                                                                                                                                                                                                                                                       -Husband Actor in Bhojpuri Film Industry,,Onboarded ,PK Meeting,,,Onboarded ZP,,,1.0
Saran,Siwan,18. Siwan,108. Raghunathpur,Hussainganj,,Hussainganj_12,Unreserved (Mahila),Sangeeta Devi,Chandtara Khatun,Rakia Parveen,9631114786.0,Minority,Muslim,38.0,"-ZP runner up 2021 and secured 4400 votes
- Former ZP (2011)",,Onboarded ,,,,Onboarded ZP,,,2.0
Saran,Siwan,18. Siwan,108. Raghunathpur,Hussainganj,,Hussainganj_12,Unreserved (Mahila),Sangeeta Devi,Chandtara Khatun,Imaranullah Anasari,9631114786.0,Minority,Muslim,40.0,"-Ex ZP 2011
-ZP Runner Up 2016
-ZP Runner Up  2021
-Former dist Youth President of RJD 2012-2014
-Former  Gen. Sec. of RJD 2019-2021",,,,,,Onboarded ZP,,,3.0
Saran,Siwan,18. Siwan,108. Raghunathpur,Hussainganj,,Hussainganj_12,Unreserved (Mahila),Sangeeta Devi,Chandtara Khatun,Bullet Sharma,9931411295.0,EBC,Sharma,46.0,"- ZP runner-up in 2021 lost by 296 votes against Anita Devi.
-ZP(2016-21)
- Two-term Sarpanch from( 2006-2011)(2011- 2016).
- State Vice President and District President of lohar kalyan samiti.
-Former Dist. President of BJP ST Cell.",,,,,,Onboarded ZP,,,4.0
Saran,Siwan,18. Siwan,108. Raghunathpur,Hussainganj,,Hussainganj_12,Unreserved (Mahila),Sangeeta Devi,Chandtara Khatun,Lal Chand Ram,8210120135.0,SC,Ram,73.0,"-Ex BSF
-EX Parmukh 2016
-ZP Runner Up 2021
-Former Dist President of BJP 
-Block President of RJD",,,,,,,,,5.0
Saran,Siwan,18. Siwan,108. Raghunathpur,Hasan Pura,,Hasan Pura_13,Unreserved (Mahila),Sangeeta Devi,Chandtara Khatun,Sambhu Yadav,9771090320.0,OBC,Yadav,54.0,"-Defacto ZP(2016-2021) and runner up ZP elecions(2021) from Area no. 13
-2 time Mukhiya (2001-2011)
-Prakhand Adhyaksh of Kisan Salahkar samiti(2007-2021)
-Father was mukhiya of Hassanpura panchayat from 1973-2001 and zila bisutri member from INC from 1991-2001",EX Zila Upadhyaksh JSP,Sangathan,,,,,,,1.0
Saran,Siwan,18. Siwan,108. Raghunathpur,Hasan Pura,,Hasan Pura_13,Unreserved (Mahila),Sangeeta Devi,Chandtara Khatun,Sarik Imam,9955074900.0,Minority,Muslim,34.0,"- Former RJD Block Adhyaksh ( 2018 to 2023)
- Big Minority Name in Hasanpura Block",,1st Runnerup,,,,,,,2.0
Saran,Siwan,18. Siwan,108. Raghunathpur,Hasan Pura,,Hasan Pura_13,Unreserved (Mahila),Sangeeta Devi,Chandtara Khatun,Anup Yadav,9608810571.0,OBC,Yadav,51.0,"- Incumbent Mukhiya ( 2021-till date )
-Mukhiya 2003-06
-In 2003, the Mukhiya won the by-election unopposed.
- His father was also the Mukhiya from 2001 to 2003.
-His grandfather father was also the Mukhiya from 1978 to 2000.
- Could not contest elections due to reservation. ( 2011 &2016)
-His wife is a BPSC teacher",,,,,,,,,3.0
Saran,Siwan,18. Siwan,108. Raghunathpur,Hasan Pura,,Hasan Pura_13,Unreserved (Mahila),Sangeeta Devi,Chandtara Khatun,Shambhu Yadav,9771090320.0,OBC,Yadav,54.0,"-Defacto ZP(2016-2021) and runner up ZP elecions(2021) from Area no. 13
-2 time Mukhiya (2001-2011)
-Prakhand Adhyaksh of Kisan Salahkar samiti(2007-2021)
-Father was mukhiya of Hassanpura panchayat from 1973-2001 and zila bisutri member from INC from 1991-2001",,,,,,,,,4.0
Saran,Siwan,18. Siwan,108. Raghunathpur,Hasan Pura,,Hasan Pura_13,Unreserved (Mahila),Sangeeta Devi,Chandtara Khatun,Assaudin Khan,9576593091.0,Minority,General,38.0,"-3 Time Incumbent Mukhiya 2011,2016,2021
-Ex Vice Presiddent of RJD 2018-2022
-Ex Mukhiya Sangh Adhyaksh 2011.",,,,,,,,,5.0
Saran,Siwan,18. Siwan,108. Raghunathpur,Hasan Pura,,Hasan Pura_14,Unreserved (Mahila),Sangeeta Devi,Chandtara Khatun,Hasmuddin Khan,6206976618.0,Minority,Muslim,65.0,"""- Former JDU Pradesh Upadhyaksh of Minority wing in 2022
- Former JDU Pradesh Mahasaciv in 2004
- Contested MLC election in 2007 got 700 votes secured third position 
- Contested ZP election in 2021 got 5200 votes lost by 122""",State General Secretary,Sangathan,,,,State General Secretary,,,1.0
Saran,Siwan,18. Siwan,108. Raghunathpur,Hasan Pura,,Hasan Pura_14,Unreserved (Mahila),Sangeeta Devi,Chandtara Khatun,"Poonam Devi/
Nagendra Kushwaha ",8002453161.0,OBC,Kushwaha,36.0,ZP contestent 2021 and got 3709 votes and secured 3rd rank.,Onboardrd,Onboarded,,,,,,,2.0
Saran,Siwan,18. Siwan,108. Raghunathpur,Hasan Pura,,Hasan Pura_14,Unreserved (Mahila),Sangeeta Devi,Chandtara Khatun,,,,,,,,,,,,,,,3.0
Saran,Siwan,18. Siwan,108. Raghunathpur,Hasan Pura,,Hasan Pura_14,Unreserved (Mahila),Sangeeta Devi,Chandtara Khatun,,,,,,,,,,,,,,,4.0
Saran,Siwan,18. Siwan,108. Raghunathpur,Hasan Pura,,Hasan Pura_14,Unreserved (Mahila),Sangeeta Devi,Chandtara Khatun,,,,,,,,,,,,,,,5.0
Saran,Siwan,18. Siwan,105. Siwan,Siwan,,Siwan_15,Unreserved (Mahila),Sangeeta Devi,Chandtara Khatun,Madhuri Singh Kushwaha,8130254298.0,OBC,Kushwaha,33.0,"Madhuri Singh Kushwaha | Female | 33 | OBC | Kushwaha | ZP Contestant

-Former ZP Contestant, 2021, Got 7062 Votes
-Former PACS Contestant, 2019
-Jan Suraaj State Core Commiitte Member
-Husband Runs Water Purifier Plant
-Social Worker",,ACC,,,,ACC,,,1.0
Saran,Siwan,18. Siwan,105. Siwan,Siwan,,Siwan_15,Unreserved (Mahila),Sangeeta Devi,Chandtara Khatun,,,General,,,Runner UP,,,Gen Candidate me Runnerup nam nhi h ,,,,,,2.0
Saran,Siwan,18. Siwan,105. Siwan,Siwan,,Siwan_15,Unreserved (Mahila),Sangeeta Devi,Chandtara Khatun,,,,,,,,,,,,,,,3.0
Saran,Siwan,18. Siwan,105. Siwan,Siwan,,Siwan_15,Unreserved (Mahila),Sangeeta Devi,Chandtara Khatun,,,,,,,,,,,,,,,4.0
Saran,Siwan,18. Siwan,105. Siwan,Siwan,,Siwan_15,Unreserved (Mahila),Sangeeta Devi,Chandtara Khatun,,,,,,,,,,,,,,,5.0
Saran,Siwan,18. Siwan,105. Siwan,Siwan,,Siwan_16,SC (Mahila),Sangeeta Devi,Chandtara Khatun,Seema Devi,8051920726.0,SC,Dusadh,32.0,"-ZP Contestent 2021 and secure 2971 votes                                                                                    -ZP Contestent 2016 and secure 4500 votes ,                          -Sarpanch contestent 2011 and defeated by 3 vote only                                                                                      -Local Medical Practioner",,Onboarded ,,,,Onboarded ZP,,,1.0
Saran,Siwan,18. Siwan,105. Siwan,Siwan,,Siwan_16,SC (Mahila),Sangeeta Devi,Chandtara Khatun,Pinky devi,9572511101.0,SC,Ravidas,34.0,"Pinky Devi | 38 | Female | SC | Chamar

- Former ZP from area no. 16
- ZP Runnerup in 2021
- Medical Practitioner
- Her husband runs a private school
- Her father-in-law was the tall political leader of the BSP party",,Sangathan Dump,Rohit Kumar,,,EMC,,,2.0
Saran,Siwan,18. Siwan,105. Siwan,Siwan,,Siwan_16,SC (Mahila),Sangeeta Devi,Chandtara Khatun,Munna kumar Paswan,9771708831.0,SC,Paswan,,"""- Two time Mukhiya(2016-Present) - Former Block Treasurer of Mukhiya Sangh - Dalit Activist""",,,,,,,,,3.0
Saran,Siwan,18. Siwan,105. Siwan,Siwan,,Siwan_16,SC (Mahila),Sangeeta Devi,Chandtara Khatun,,,,,,,,,,,,,,,4.0
Saran,Siwan,18. Siwan,105. Siwan,Siwan,,Siwan_16,SC (Mahila),Sangeeta Devi,Chandtara Khatun,,,,,,,,,,,,,,,5.0
Saran,Siwan,18. Siwan,105. Siwan,Barharia,,Barharia_17,Backward Class (Others),Sangeeta Devi,Chandtara Khatun,Sujeet Kumar Sharma,9801050327.0,EBC,Badhai,34.0,ZP contestent 2021 and got 4200 votes and secured 3rd rank.,,Onboarded ,,,,Onboarded ZP,,,1.0
Saran,Siwan,18. Siwan,105. Siwan,Barharia,,Barharia_17,Backward Class (Others),Sangeeta Devi,Chandtara Khatun,Govinda Kumar Soni,8789270069.0,OBC ,Sonar,28.0,"Govinda Kumar Soni | Male | 28 | OBC | Sonar | Businessman

-Jewellary Shop
-Former BJP Parkhand Upadhyaksh, 2018 To 2021
-Jan Suraaj Zila Sachiv",,ACC,,,,ACC,,,2.0
Saran,Siwan,18. Siwan,105. Siwan,Barharia,,Barharia_17,Backward Class (Others),Sangeeta Devi,Chandtara Khatun,Zulfekar Ahmad Urf Mitthu Babu,9955599482.0,Minority,Muslim,47.0,"Zulfiqar Ahmad | Male | 47 | Minority | Ansari | Former ZP Member

-Former ZP Member, 2006 To 2011 , 2016 To 2021
-Former ZP Contestant, 2021, Got 4600 Votes
-Former Defacto ZP Contestant, 2021 , 3566 Votes
-Former Defacto ZP Contestant, 2016, 
-Former JDU Zila Upadhyaksh, 2007 To 2009
-Forme JDU Minority Cell District President, 2019 To 2021
-",,ACC,,,,ACC,,,3.0
Saran,Siwan,18. Siwan,105. Siwan,Barharia,,Barharia_17,Backward Class (Others),Sangeeta Devi,Chandtara Khatun,,,,,,,,,,,,,,,4.0
Saran,Siwan,18. Siwan,105. Siwan,Barharia,,Barharia_17,Backward Class (Others),Sangeeta Devi,Chandtara Khatun,,,,,,,,,,,,,,,5.0
Saran,Siwan,18. Siwan,105. Siwan,Barharia,,Barharia_18,Unreserved (Mahila),Sangeeta Devi,Chandtara Khatun,Babita Devi,9934604945.0,,,,-ZP contestent 2021 and secured 5000 votes,,Onboarded ,,,,Onboarded ZP,,,1.0
Saran,Siwan,18. Siwan,105. Siwan,Barharia,,Barharia_18,Unreserved (Mahila),Sangeeta Devi,Chandtara Khatun,"Mo. Ehtesham Haq ""Mini Neta""",9572345119.0,Minority,Muslim,46.0,"- Former ZP (2016-2021)
- District Adhyaksh of Yuva Janta Dal (1993-1994)
- Mahasachiv of Minority Wing in RJD(1994-1998)",,,,,,,,,2.0
Saran,Siwan,18. Siwan,105. Siwan,Barharia,,Barharia_18,Unreserved (Mahila),Sangeeta Devi,Chandtara Khatun,,,,,,,,,,,,,,,3.0
Saran,Siwan,18. Siwan,105. Siwan,Barharia,,Barharia_18,Unreserved (Mahila),Sangeeta Devi,Chandtara Khatun,,,,,,,,,,,,,,,4.0
Saran,Siwan,18. Siwan,105. Siwan,Barharia,,Barharia_18,Unreserved (Mahila),Sangeeta Devi,Chandtara Khatun,,,,,,,,,,,,,,,5.0
Saran,Siwan,18. Siwan,105. Siwan,Barharia,,Barharia_19,Unreserved (Mahila),Sangeeta Devi,Chandtara Khatun,Vasanti Devi,7667864286.0,OBC,Yadav,36.0,-ZP Runner Up 2021 and secured 4898 votes,,Onboarded ,,,,,,,1.0
Saran,Siwan,18. Siwan,105. Siwan,Barharia,,Barharia_19,Unreserved (Mahila),Sangeeta Devi,Chandtara Khatun,Santosh Yadav,9939066065.0,OBC,Yadav,40.0,"-Former up pramukh (2016-2021) -ZP runner up (2021),Got 3600 votes
- Former BDC from Nawalpur panchayat (2011-2021)",DSC Member,Sangathan,,,,,,,2.0
Saran,Siwan,18. Siwan,105. Siwan,Barharia,,Barharia_19,Unreserved (Mahila),Sangeeta Devi,Chandtara Khatun,,,,,,,,,,,,,,,3.0
Saran,Siwan,18. Siwan,105. Siwan,Barharia,,Barharia_19,Unreserved (Mahila),Sangeeta Devi,Chandtara Khatun,,,,,,,,,,,,,,,4.0
Saran,Siwan,18. Siwan,105. Siwan,Barharia,,Barharia_19,Unreserved (Mahila),Sangeeta Devi,Chandtara Khatun,,,,,,,,,,,,,,,5.0
Saran,Siwan,18. Siwan,105. Siwan,Barharia,,Barharia_20,Unreserved (Other),Sangeeta Devi,Chandtara Khatun,Ashiq Ali,8084542035.0,Minority,Muslim,30.0,-ZP contestent 2021 and secured 2066 votes ,सदस्य,Sangathan,,,,सदस्य,,,1.0
Saran,Siwan,18. Siwan,105. Siwan,Barharia,,Barharia_20,Unreserved (Other),Sangeeta Devi,Chandtara Khatun,Faheem Alam,9546717786.0,Minority,Muslim,41.0,-ZP contestent 2021 and secured 3700 votes and got 2nd rank,,Onboarded ,,,,Onboarded ZP,,,2.0
Saran,Siwan,18. Siwan,105. Siwan,Barharia,,Barharia_20,Unreserved (Other),Sangeeta Devi,Chandtara Khatun,,,,,,,,,,,,,,,3.0
Saran,Siwan,18. Siwan,105. Siwan,Barharia,,Barharia_20,Unreserved (Other),Sangeeta Devi,Chandtara Khatun,,,,,,,,,,,,,,,4.0
Saran,Siwan,18. Siwan,105. Siwan,Barharia,,Barharia_20,Unreserved (Other),Sangeeta Devi,Chandtara Khatun,,,,,,,,,,,,,,,5.0
Saran,Siwan,18. Siwan,110. Barharia,Pachrukhi,,Pachrukhi_21,Unreserved (Other),Sangeeta Devi,Chandtara Khatun,Narsingh Chauhan,9973418800.0,EBC,Nonia,52.0,"MLA Contestant
-Former MLA Contestant, 2010, Barharia, Independent, Got 3000 Votes
-Former MLA Contestant, Siwan, Gondwana Gadar Party, Got , 2000 Votes
-Former LJP, EBC Cell Zila Adhayksh, 2010 To 2015
-Sister In Law is Pancahyat Samiti 2 Terms
-Jan Suraaj Anumandal Sanghatan Mahasachiv",जिला कर्पूरी मंच महामंत्री,Sangathan,,,,जिला कर्पूरी मंच महामंत्री,,,1.0
Saran,Siwan,18. Siwan,110. Barharia,Pachrukhi,,Pachrukhi_21,Unreserved (Other),Sangeeta Devi,Chandtara Khatun,Jitendra Singh,9934405043.0,,,,,सदस्य,Sangathan,,,,सदस्य,,,2.0
Saran,Siwan,18. Siwan,110. Barharia,Pachrukhi,,Pachrukhi_21,Unreserved (Other),Sangeeta Devi,Chandtara Khatun,Animesh Raman,7990722144.0,General,Brahmin,28.0,- ZP Contestant from Pachrukhi ( Secured 3331 vote) -His Grandfather Late Abhay Pandey is Former Runner Up MLA Candidate from Ziradei in 1984 as a Independent Candidate. - Owner of CSP ( AAA Online Service),,Sangathan,,,,,,,3.0
Saran,Siwan,18. Siwan,110. Barharia,Pachrukhi,,Pachrukhi_21,Unreserved (Other),Sangeeta Devi,Chandtara Khatun,,,,,,,,,,,,,,,4.0
Saran,Siwan,18. Siwan,110. Barharia,Pachrukhi,,Pachrukhi_21,Unreserved (Other),Sangeeta Devi,Chandtara Khatun,,,,,,,,,,,,,,,5.0
Saran,Siwan,18. Siwan,110. Barharia,Pachrukhi,,Pachrukhi_22,Unreserved (Other),Sangeeta Devi,Chandtara Khatun,Ram Pratap Mahto,9534074275.0,EBC,Nonia,32.0,"-Successfully managed Mukhiya elections (2016, 2021) and Ward elections (2016).
By profession he is farmer 
-Vidhan sabhaa prabhari for last 2 years in JSP",,Onboarded ,,,,Vidhan Sabha Sanyojak,,,1.0
Saran,Siwan,18. Siwan,110. Barharia,Pachrukhi,,Pachrukhi_22,Unreserved (Other),Sangeeta Devi,Chandtara Khatun,Jakir Hussen,9199202050.0,Minority,Minority,42.0,-ZP 2nd runner up 2021 and secured 5262 votes,,Onboarded,,,,,,,2.0
Saran,Siwan,18. Siwan,110. Barharia,Pachrukhi,,Pachrukhi_22,Unreserved (Other),Sangeeta Devi,Chandtara Khatun,Motilal Singh,9279811924.0,General,,,"Former ZP Runner Up Urmila Devi 2021
",सदस्य,Sangathan Dump,,,,सदस्य,,,3.0
Saran,Siwan,18. Siwan,110. Barharia,Pachrukhi,,Pachrukhi_22,Unreserved (Other),Sangeeta Devi,Chandtara Khatun,,,,,,,,,,,,,,,4.0
Saran,Siwan,18. Siwan,110. Barharia,Pachrukhi,,Pachrukhi_22,Unreserved (Other),Sangeeta Devi,Chandtara Khatun,,,,,,,,,,,,,,,5.0
Saran,Siwan,18. Siwan,110. Barharia,Pachrukhi,,Pachrukhi_23,Unreserved (Other),Sangeeta Devi,Chandtara Khatun,Mahatab Ali,9905622820.0,Minority,Muslim,51.0,"-Two time Contested ZP election runnerup 2016 & 2021
-Runs coaching -Social worker",,Onboarded ,,,,Onboarded ZP,,,1.0
Saran,Siwan,18. Siwan,110. Barharia,Pachrukhi,,Pachrukhi_23,Unreserved (Other),Sangeeta Devi,Chandtara Khatun,Jai Karan Mahato,7549316423.0,EBC,Nonia,45.0,"-Former ZP (2016-21)got more than 7000 votes
-ZP runnerup in (2021)
-Former Block Secretary of CPI(ML) (2015-19)
-  Barhariya Vidhansabha Secretary of CPI (ML) in the 2020 assembly election
-Prominent Nonia Name",,Onboarded ,,,,Onboarded ZP,,,2.0
Saran,Siwan,18. Siwan,110. Barharia,Pachrukhi,,Pachrukhi_23,Unreserved (Other),Sangeeta Devi,Chandtara Khatun,Punyadev Prasad,9801174963.0,EBC,Nonia,65.0,"-Zila Sangathan Mantri of RJD Labour Cell in 2009-16
Contested zp election 2006
-Block Secretary of CPIML 
-Now he is with Jan Suraaj",जिला सलाहकार समिति,Sangathan,,,,जिला सलाहकार समिति,,,3.0
Saran,Siwan,18. Siwan,110. Barharia,Pachrukhi,,Pachrukhi_23,Unreserved (Other),Sangeeta Devi,Chandtara Khatun,"Poonam Kumari Singh/
Kuldeep Singh",9234251594.0,General,Rajput,36.0,"-Incumbent defacto ZP in 2021
- defacto ZP chairman contestant",,Incumbent ZP,,,,,,,4.0
Saran,Siwan,18. Siwan,110. Barharia,Pachrukhi,,Pachrukhi_23,Unreserved (Other),Sangeeta Devi,Chandtara Khatun,,,,,,,,,,,,,,,5.0
Saran,Siwan,18. Siwan,108. Raghunathpur,Raghunathpur,,Raghunathpur_24,SC (Other),Sangeeta Devi,Chandtara Khatun,Dharmendra Singh,7061882982.0,General,Rajput,53.0,"-Ward Runner Up 2011
-2 time Panch 2016,2021
-Ex Up Sarpanch of his Panchayat in 2016.",सदस्य,Sangathan,,,,सदस्य,,,1.0
Saran,Siwan,18. Siwan,108. Raghunathpur,Raghunathpur,,Raghunathpur_24,SC (Other),Sangeeta Devi,Chandtara Khatun,Jay Prakash Singh,7750000496.0,OBC,Kurmi,50.0,"- BDC (2006) , won by around 500 votes securing around 1700 votes
- ZP contestant 2011,1st runner up and lost by just 11 votes - After that seats got reserved so didnt contest elections
- Renowned businessman in Raghunathpur and nearby blocks. """,DSC Member,Sangathan Dump,,,,,,,2.0
Saran,Siwan,18. Siwan,108. Raghunathpur,Raghunathpur,,Raghunathpur_24,SC (Other),Sangeeta Devi,Chandtara Khatun,Sandeep Singh ,6206622174.0,General,Rajput,34.0,"- Active in Block Politics 
- Social Worker",,,,,,,,,3.0
Saran,Siwan,18. Siwan,108. Raghunathpur,Raghunathpur,,Raghunathpur_24,SC (Other),Sangeeta Devi,Chandtara Khatun,,,,,,,,,,,,,,,4.0
Saran,Siwan,18. Siwan,108. Raghunathpur,Raghunathpur,,Raghunathpur_24,SC (Other),Sangeeta Devi,Chandtara Khatun,,,,,,,,,,,,,,,5.0
Saran,Siwan,18. Siwan,108. Raghunathpur,Raghunathpur,,Raghunathpur_25,SC (Other),Sangeeta Devi,Chandtara Khatun,Dharmnath Ram,7765095855.0,SC,Ravidas,46.0,"- 2 time ZP Runnerup (2016,2021)
- Secured 3200 votes in 2016 and 4000 votes in 2021
",BSC Member,Sangathan,,,,,,,1.0
Saran,Siwan,18. Siwan,108. Raghunathpur,Raghunathpur,,Raghunathpur_25,SC (Other),Sangeeta Devi,Chandtara Khatun,Anil Singh ,9771071531.0,General,Rajput,58.0,"- 2001 ZP Election Winner
- 2001 Mukhiya Election Winner
- He Resigned From Mukhiya
- 2006 ZP Election Winner
- He has a strong influence in the Raghunathpur Assembly constituency.",,Sangathan Dump,Need PK Meeting ,,,,,,2.0
Saran,Siwan,18. Siwan,108. Raghunathpur,Raghunathpur,,Raghunathpur_25,SC (Other),Sangeeta Devi,Chandtara Khatun,,,,,,,,,,,,,,,3.0
Saran,Siwan,18. Siwan,108. Raghunathpur,Raghunathpur,,Raghunathpur_25,SC (Other),Sangeeta Devi,Chandtara Khatun,,,,,,,,,,,,,,,4.0
Saran,Siwan,18. Siwan,108. Raghunathpur,Raghunathpur,,Raghunathpur_25,SC (Other),Sangeeta Devi,Chandtara Khatun,,,,,,,,,,,,,,,5.0
Saran,Siwan,18. Siwan,109. Daraundha,Siswan,,Siswan_26,Unreserved (Other),Sangeeta Devi,Chandtara Khatun,Priyanka Devi/Dilip Kumar,7482048429.0,General,Rajput,32.0,-ZP 2nd runner up 2021 and secured 3693 votes,Onboarded,Onboarded,,,,,,,1.0
Saran,Siwan,18. Siwan,109. Daraundha,Siswan,,Siswan_26,Unreserved (Other),Sangeeta Devi,Chandtara Khatun,Rajeshwar Yadav,9973549565.0,OBC,Yadav,54.0,-ZP runner up 2021 and secured 5546 votes,,Onboarded,"RJD ke Leader hai but 
Prasant Kishore ji Inspired hai",,,,,,2.0
Saran,Siwan,18. Siwan,109. Daraundha,Siswan,,Siswan_26,Unreserved (Other),Sangeeta Devi,Chandtara Khatun,,,,,,,,,,,,,,,3.0
Saran,Siwan,18. Siwan,109. Daraundha,Siswan,,Siswan_26,Unreserved (Other),Sangeeta Devi,Chandtara Khatun,,,,,,,,,,,,,,,4.0
Saran,Siwan,18. Siwan,109. Daraundha,Siswan,,Siswan_26,Unreserved (Other),Sangeeta Devi,Chandtara Khatun,,,,,,,,,,,,,,,5.0
Saran,Siwan,18. Siwan,109. Daraundha,Siswan,,Siswan_27,Backward Class (Mahila),Sangeeta Devi,Chandtara Khatun,Manish Tiwari,9523777685.0,General,Brahmin,32.0,"Incumbent ward Panch
-Active in Pncahayat Politics - block coordinator of Siswan prakhand",युवा प्रकोष्ठ अध्यक्ष,Sangathan,,,,युवा प्रकोष्ठ अध्यक्ष,,,1.0
Saran,Siwan,18. Siwan,109. Daraundha,Siswan,,Siswan_27,Backward Class (Mahila),Sangeeta Devi,Chandtara Khatun,"Shakuntala Devi/
Brajesh Sah
",9801814545.0,EBC,Teli,39.0,"-ZP 2nd runner up 2021 and secured 4416 votes.
",Onboarded,Onboarded,,,,,,,2.0
Saran,Siwan,18. Siwan,109. Daraundha,Siswan,,Siswan_27,Backward Class (Mahila),Sangeeta Devi,Chandtara Khatun,,,,,,,,,,,,,,,3.0
Saran,Siwan,18. Siwan,109. Daraundha,Siswan,,Siswan_27,Backward Class (Mahila),Sangeeta Devi,Chandtara Khatun,,,,,,,,,,,,,,,4.0
Saran,Siwan,18. Siwan,109. Daraundha,Siswan,,Siswan_27,Backward Class (Mahila),Sangeeta Devi,Chandtara Khatun,,,,,,,,,,,,,,,5.0
Saran,Siwan,18. Siwan,109. Daraundha,Daraundha,,Daraundha_28,Unreserved (Other),Sangeeta Devi,Chandtara Khatun,Anand Kumar Singh,7481990767.0,General,Rajput,35.0,"-Assembly Contested in 2020 got 3200 votes.
-His Mother was BDC Runner up in 2021.
-Zila Upadhyaksh of Yuva Morcha BJP in 2017-19
-Occupation: Ayurved Medicines Distributer
-Education: Intermediate",युवा प्रकोष्ठ प्रभारी,Sangathan,,,,युवा प्रकोष्ठ प्रभारी,,,1.0
Saran,Siwan,18. Siwan,109. Daraundha,Daraundha,,Daraundha_28,Unreserved (Other),Sangeeta Devi,Chandtara Khatun,Mohd. Haq,9939578770.0,Minority,Muslim,48.0,ZP runner up in 2021 got 3000+ votes -Incumbent Block President of Kisan Union,सदस्य,Sangathan,,,,,,,2.0
Saran,Siwan,18. Siwan,109. Daraundha,Daraundha,,Daraundha_28,Unreserved (Other),Sangeeta Devi,Chandtara Khatun,,,,,,,,,,,,,,,3.0
Saran,Siwan,18. Siwan,109. Daraundha,Daraundha,,Daraundha_28,Unreserved (Other),Sangeeta Devi,Chandtara Khatun,,,,,,,,,,,,,,,4.0
Saran,Siwan,18. Siwan,109. Daraundha,Daraundha,,Daraundha_28,Unreserved (Other),Sangeeta Devi,Chandtara Khatun,,,,,,,,,,,,,,,5.0
Saran,Siwan,18. Siwan,109. Daraundha,Daraundha,,Daraundha_29,Unreserved (Other),Sangeeta Devi,Chandtara Khatun,Surendra Rai,9934407819.0,OBC,Bhaant Brahman,59.0,"-ZP runner up 2021 and secured 2000 votes.
- Former ZP(2021)",,Onboarded ,,,,Onboarded ZP,,,1.0
Saran,Siwan,18. Siwan,109. Daraundha,Daraundha,,Daraundha_29,Unreserved (Other),Sangeeta Devi,Chandtara Khatun,Shri Vijay Giri,9661160014.0,OBC,Gosai,45.0,"-ZP runner-up 2021
-Tall leader of OBC Communities
-",जिला उपाध्यक्ष,Sangathan,,,,जिला उपाध्यक्ष,,,2.0
Saran,Siwan,18. Siwan,109. Daraundha,Daraundha,,Daraundha_29,Unreserved (Other),Sangeeta Devi,Chandtara Khatun,Hitesh Kumar,9931085370.0,OBC,Kurmi,48.0,"- ZP Runner Up 2021
- 2016 ZP Winner
- 2009 Packs President
-2001 BDC Winner",,Runnerup ZP,,,,,,,3.0
Saran,Siwan,18. Siwan,109. Daraundha,Daraundha,,Daraundha_29,Unreserved (Other),Sangeeta Devi,Chandtara Khatun,,,,,,,,,,,,,,,4.0
Saran,Siwan,18. Siwan,109. Daraundha,Daraundha,,Daraundha_29,Unreserved (Other),Sangeeta Devi,Chandtara Khatun,,,,,,,,,,,,,,,5.0
Saran,Siwan,18. Siwan,109. Daraundha,Daraundha,,Daraundha_30,Unreserved (Mahila),Sangeeta Devi,Chandtara Khatun,Vinay Kumar Singh,9955110052.0,General,Rajput,56.0,"-Incumbent 3 Term Panchayat Samiti,  2006,2011 & 2021 To Till Date
-Former Panchayat Samiti Contestant
-Former JDU Zila Upadhyaksh(2003 To 2024)
-Former Samta Party Member(1995 To 2001)
- Jan Suraaj Pradesh Karyasamiti Sadasya",,Onboarded ,,,,ACC,,,1.0
Saran,Siwan,18. Siwan,109. Daraundha,Daraundha,,Daraundha_30,Unreserved (Mahila),Sangeeta Devi,Chandtara Khatun,Anil Singh,6203495961,General,Rajput,55.0,"Ex- ZP 1995-2000, 2000-2005 2 Terms |  ZP 2001-06 | Follower of Prabhunath Singh | Apradhik 45-7 cases 302 - 5 cases pending | 1 murder accepted due to marriage pratishtha",,Sangathan,Agreed h lekin Crimnal cases h or bol rhe hain ki gen seat rha toh jrur ldenge,,,,,,2.0
Saran,Siwan,18. Siwan,109. Daraundha,Daraundha,,Daraundha_30,Unreserved (Mahila),Sangeeta Devi,Chandtara Khatun,,,,,,,,,,,,,,,3.0
Saran,Siwan,18. Siwan,109. Daraundha,Daraundha,,Daraundha_30,Unreserved (Mahila),Sangeeta Devi,Chandtara Khatun,,,,,,,,,,,,,,,4.0
Saran,Siwan,18. Siwan,109. Daraundha,Daraundha,,Daraundha_30,Unreserved (Mahila),Sangeeta Devi,Chandtara Khatun,,,,,,,,,,,,,,,5.0
Saran,Siwan,19. Maharajganj,112. Maharajganj,Maharajganj,,Maharajganj_31,SC (Other),Sangeeta Devi,Chandtara Khatun,Suresh Kumar Sah,9199162090.0,EBC ,Kanu,43.0,"Suresh Sah | 43| EBC | Kanu | Ex Mukhiya

Jansuraaj state working Committee Member
-Former 2 term Mukhiya ( 2011-2021)
-Mukhiya Runner Up in 2021 got 1960 votes 
-Businessman ( Farmer, Rice Mill,& Flor Mill)",संसदीय क्षेत्र चुनाव प्रभारी,Sangathan,,,,संसदीय क्षेत्र चुनाव प्रभारी,,,1.0
Saran,Siwan,19. Maharajganj,112. Maharajganj,Maharajganj,,Maharajganj_31,SC (Other),Sangeeta Devi,Chandtara Khatun,Umesh Baithaa,9939499147.0,SC,Baitha,46.0,- ZP Runner Up 2021 and Got 2488 Votes,,,,,,,,,2.0
Saran,Siwan,19. Maharajganj,112. Maharajganj,Maharajganj,,Maharajganj_31,SC (Other),Sangeeta Devi,Chandtara Khatun,,,,,,,,,,,,,,,3.0
Saran,Siwan,19. Maharajganj,112. Maharajganj,Maharajganj,,Maharajganj_31,SC (Other),Sangeeta Devi,Chandtara Khatun,,,,,,,,,,,,,,,4.0
Saran,Siwan,19. Maharajganj,112. Maharajganj,Maharajganj,,Maharajganj_31,SC (Other),Sangeeta Devi,Chandtara Khatun,,,,,,,,,,,,,,,5.0
Saran,Siwan,19. Maharajganj,112. Maharajganj,Maharajganj,,Maharajganj_32,Backward Class (Others),Sangeeta Devi,Chandtara Khatun,Haruni Mahto,7258881122.0,EBC,Nonia,70.0,"- Two time ZP ( 2011-16) ( 2021- Present)
- Majdoor Union Adhyaksh 1996- 2008( Coal Mine Dhanbad)
- His son is Doctor at AIIMS Delhi.",जिला सलाहकार समिति ,Sangathan,,,,जिला सलाहकार समिति,,,1.0
Saran,Siwan,19. Maharajganj,112. Maharajganj,Maharajganj,,Maharajganj_32,Backward Class (Others),Sangeeta Devi,Chandtara Khatun,Yogendra Rai,6266954471.0,OBC,Yadav,51.0,"-Incumbent Up Pramukh(2024 To Till Date)
-Incumbent BDC Member 2021 to Till Date)",,Onboarded ,,,,ACC,,,2.0
Saran,Siwan,19. Maharajganj,112. Maharajganj,Maharajganj,,Maharajganj_32,Backward Class (Others),Sangeeta Devi,Chandtara Khatun,,,,,,,,,,,,,,,3.0
Saran,Siwan,19. Maharajganj,112. Maharajganj,Maharajganj,,Maharajganj_32,Backward Class (Others),Sangeeta Devi,Chandtara Khatun,,,,,,,,,,,,,,,4.0
Saran,Siwan,19. Maharajganj,112. Maharajganj,Maharajganj,,Maharajganj_32,Backward Class (Others),Sangeeta Devi,Chandtara Khatun,,,,,,,,,,,,,,,5.0
Saran,Siwan,19. Maharajganj,111. Goriakothi,Goriakothi,,Goriakothi_33,Unreserved (Mahila),Sangeeta Devi,Chandtara Khatun,Zulfequar Ali ,8825364029.0,Minority,Muslim,46.0,"Er. Zulfequar Ali | Male | 46 | Minority | Sheikh | Mukhiya Contestant

-Former Mukhiya Contestant, 2021 & 2016, Runner Upo Both Times
-Businessman(Poultry Farm)
-B.tech(Mechanical) & M.tech(IT)

",,ACC,,,,ACC,,,1.0
Saran,Siwan,19. Maharajganj,111. Goriakothi,Goriakothi,,Goriakothi_33,Unreserved (Mahila),Sangeeta Devi,Chandtara Khatun,Nausad,9801111900.0,Minority,Muslim,49.0,-ZP contestent 2021 and secured 2000 votes and got 4th rank,,Onboarded ,,,,Onboarded ZP,,,2.0
Saran,Siwan,19. Maharajganj,111. Goriakothi,Goriakothi,,Goriakothi_33,Unreserved (Mahila),Sangeeta Devi,Chandtara Khatun,,,,,,,,,,,,,,,3.0
Saran,Siwan,19. Maharajganj,111. Goriakothi,Goriakothi,,Goriakothi_33,Unreserved (Mahila),Sangeeta Devi,Chandtara Khatun,,,,,,,,,,,,,,,4.0
Saran,Siwan,19. Maharajganj,111. Goriakothi,Goriakothi,,Goriakothi_33,Unreserved (Mahila),Sangeeta Devi,Chandtara Khatun,,,,,,,,,,,,,,,5.0
Saran,Siwan,19. Maharajganj,111. Goriakothi,Goriakothi,,Goriakothi_34,Backward Class (Others),Sangeeta Devi,Chandtara Khatun,Sandeep Sharma,8002845749.0,EBC,Badai,36.0,- Prominent Advocate in Siwan Sadar / AISF President of patna University,सदस्य,Sangathan,,,,सदस्य,,,1.0
Saran,Siwan,19. Maharajganj,111. Goriakothi,Goriakothi,,Goriakothi_34,Backward Class (Others),Sangeeta Devi,Chandtara Khatun,Azazul Huck,9661948761.0,Minority,Muslim,42.0,-ZP contestent 2021 and secured 2900 votes and got 4th rank,,Onboarded ,,,,Onboarded ZP,,,2.0
Saran,Siwan,19. Maharajganj,111. Goriakothi,Goriakothi,,Goriakothi_34,Backward Class (Others),Sangeeta Devi,Chandtara Khatun,Ranjan Tiwari,9798987463.0,General,Brahmin,38.0,"- 2016 to 2021 his Mukhiya Winner
- Active In Block Level Politics
- Social Worker
",Vidhan Sabha Sanyojak,Sangathan,,,,Vidhan Sabha Sanyojak,,,3.0
Saran,Siwan,19. Maharajganj,111. Goriakothi,Goriakothi,,Goriakothi_34,Backward Class (Others),Sangeeta Devi,Chandtara Khatun,,,,,,,,,,,,,,,4.0
Saran,Siwan,19. Maharajganj,111. Goriakothi,Goriakothi,,Goriakothi_34,Backward Class (Others),Sangeeta Devi,Chandtara Khatun,,,,,,,,,,,,,,,5.0
Saran,Siwan,19. Maharajganj,111. Goriakothi,Goriakothi,,Goriakothi_35,Unreserved (Other),Sangeeta Devi,Chandtara Khatun,Kanhaiya Kumar Yadav,9905257803.0,OBC,Yadav,29.0,-ZP contestent 2021 and secured 5702 votes and got 3rd rank,,Onboarded ,,,,Onboarded ZP,,,1.0
Saran,Siwan,19. Maharajganj,111. Goriakothi,Goriakothi,,Goriakothi_35,Unreserved (Other),Sangeeta Devi,Chandtara Khatun,Aazad Khaan,9955672193.0,Minority,Muslim,50.0,-ZP contestent 2021 and secured 3404 votes and got 4th rank,,Onboarded,,,,,,,2.0
Saran,Siwan,19. Maharajganj,111. Goriakothi,Goriakothi,,Goriakothi_35,Unreserved (Other),Sangeeta Devi,Chandtara Khatun,,,,,,,,,,,,,,,3.0
Saran,Siwan,19. Maharajganj,111. Goriakothi,Goriakothi,,Goriakothi_35,Unreserved (Other),Sangeeta Devi,Chandtara Khatun,,,,,,,,,,,,,,,4.0
Saran,Siwan,19. Maharajganj,111. Goriakothi,Goriakothi,,Goriakothi_35,Unreserved (Other),Sangeeta Devi,Chandtara Khatun,,,,,,,,,,,,,,,5.0
Saran,Siwan,19. Maharajganj,111. Goriakothi,Lakri Nabiganj,,Lakri Nabiganj_36,Unreserved (Mahila),Sangeeta Devi,Chandtara Khatun,"
Monu Kumar Singh",7979985162.0,General,Rajput,31.0,"-Jansuraaj ACC Member
-Former Gan Suraksha party State Vice President(2019 to 2024)
-Director of Sonu & Monu Engineer Pvt Ltd
-Director of Abhimanyu Social welfare foundation
-MP Contestant but reject the Nomination",,ACC,,,,ACC,,,1.0
Saran,Siwan,19. Maharajganj,111. Goriakothi,Lakri Nabiganj,,Lakri Nabiganj_36,Unreserved (Mahila),Sangeeta Devi,Chandtara Khatun,Narayan Singh,9572414235.0,General,Rajput,46.0,"- 2001 ZP Winner 
- 2011 ZP Winner",,Onboarded,,,,Onboarded ZP,,,2.0
Saran,Siwan,19. Maharajganj,111. Goriakothi,Lakri Nabiganj,,Lakri Nabiganj_36,Unreserved (Mahila),Sangeeta Devi,Chandtara Khatun,,,,,,,,,,,,,,,3.0
Saran,Siwan,19. Maharajganj,111. Goriakothi,Lakri Nabiganj,,Lakri Nabiganj_36,Unreserved (Mahila),Sangeeta Devi,Chandtara Khatun,,,,,,,,,,,,,,,4.0
Saran,Siwan,19. Maharajganj,111. Goriakothi,Lakri Nabiganj,,Lakri Nabiganj_36,Unreserved (Mahila),Sangeeta Devi,Chandtara Khatun,,,,,,,,,,,,,,,5.0
Saran,Siwan,19. Maharajganj,111. Goriakothi,Lakri Nabiganj,,Lakri Nabiganj_37,Unreserved (Other),Sangeeta Devi,Chandtara Khatun,Md. Samiullah,9955285736.0,Minority,Muslim,68.0,-ZP Contestent 2021 and secured 5200 votes and got 2nd rank,,Onboarded ,,,,Onboarded ZP,,,1.0
Saran,Siwan,19. Maharajganj,111. Goriakothi,Lakri Nabiganj,,Lakri Nabiganj_37,Unreserved (Other),Sangeeta Devi,Chandtara Khatun,Ramayan Singh,9572414235.0,General,Rajput,64.0,ZP Contestent 2021 and got votes 3984 and Ranked 3,,Onboarded ,,,,Onboarded ZP,,,2.0
Saran,Siwan,19. Maharajganj,111. Goriakothi,Lakri Nabiganj,,Lakri Nabiganj_37,Unreserved (Other),Sangeeta Devi,Chandtara Khatun,,,,,,,,,,,,,,,3.0
Saran,Siwan,19. Maharajganj,111. Goriakothi,Lakri Nabiganj,,Lakri Nabiganj_37,Unreserved (Other),Sangeeta Devi,Chandtara Khatun,,,,,,,,,,,,,,,4.0
Saran,Siwan,19. Maharajganj,111. Goriakothi,Lakri Nabiganj,,Lakri Nabiganj_37,Unreserved (Other),Sangeeta Devi,Chandtara Khatun,,,,,,,,,,,,,,,5.0
Saran,Siwan,19. Maharajganj,111. Goriakothi,Basantpur,,Basantpur_38,Unreserved (Mahila),Sangeeta Devi,Chandtara Khatun,Shri Ajit Mishra,7250256424.0,General,Brahmin,,"-2 time Ex Panch 2011,2016
-Incubment Ward Member 2021",जिला उपाध्यक्ष,Sangathan,,,,जिला उपाध्यक्ष,,,1.0
Saran,Siwan,19. Maharajganj,111. Goriakothi,Basantpur,,Basantpur_38,Unreserved (Mahila),Sangeeta Devi,Chandtara Khatun,Raghuvar Prasad Singh,8934917116.0,General,Rajput,62.0,"- Retired from UP State Bridge Corporation 
- Active In Poltics",जिला किसान प्रकोष्ठ महामंत्री,Sangathan,,,,जिला किसान प्रकोष्ठ महामंत्री,,,2.0
Saran,Siwan,19. Maharajganj,111. Goriakothi,Basantpur,,Basantpur_38,Unreserved (Mahila),Sangeeta Devi,Chandtara Khatun,"Pooja Devi
Mahendra Prasad ",8969456852.0,EBC,Atwa,35.0,-ZP Contestent 2021 and got 3711 votes,,Onboarded ,,,,Onboarded ZP,,,3.0
Saran,Siwan,19. Maharajganj,111. Goriakothi,Basantpur,,Basantpur_38,Unreserved (Mahila),Sangeeta Devi,Chandtara Khatun,,,,,,,,,,,,,,,4.0
Saran,Siwan,19. Maharajganj,111. Goriakothi,Basantpur,,Basantpur_38,Unreserved (Mahila),Sangeeta Devi,Chandtara Khatun,,,,,,,,,,,,,,,5.0
Saran,Siwan,19. Maharajganj,112. Maharajganj,Bhagwanpur Hat,,Bhagwanpur Hat_39,Unreserved (Other),Sangeeta Devi,Chandtara Khatun,Vinod Kumar Sinh,9931644398.0,General,Rajput,56.0,"-ZP runner up 2021 and got 4700 votes
2006 - Mukhiya Winner
2001 - Mukhiya Winner",,Onboarded ,,,,Onboarded ZP,,,1.0
Saran,Siwan,19. Maharajganj,112. Maharajganj,Bhagwanpur Hat,,Bhagwanpur Hat_39,Unreserved (Other),Sangeeta Devi,Chandtara Khatun,Niraj Kumar Singh,9304394892.0,General,Rajput,34.0,"-ZP 3rd runner up 2021 and got 2402 votes
",,Onboarded,,,,,,,2.0
Saran,Siwan,19. Maharajganj,112. Maharajganj,Bhagwanpur Hat,,Bhagwanpur Hat_39,Unreserved (Other),Sangeeta Devi,Chandtara Khatun,,,,,,,,,,,,,,,3.0
Saran,Siwan,19. Maharajganj,112. Maharajganj,Bhagwanpur Hat,,Bhagwanpur Hat_39,Unreserved (Other),Sangeeta Devi,Chandtara Khatun,,,,,,,,,,,,,,,4.0
Saran,Siwan,19. Maharajganj,112. Maharajganj,Bhagwanpur Hat,,Bhagwanpur Hat_39,Unreserved (Other),Sangeeta Devi,Chandtara Khatun,,,,,,,,,,,,,,,5.0
Saran,Siwan,19. Maharajganj,112. Maharajganj,Bhagwanpur Hat,,Bhagwanpur Hat_40,Unreserved (Other),Sangeeta Devi,Chandtara Khatun,Shekhar Singh,9264173317.0,General,Rajput,35.0,"-Previously associated with JDU, Uncle satyadeo prasad singh is uncle , BJP block yuva vp",जिला युवा प्रकोष्ठ महामंत्री,Sangathan,,,,जिला युवा प्रकोष्ठ महामंत्री,,,1.0
Saran,Siwan,19. Maharajganj,112. Maharajganj,Bhagwanpur Hat,,Bhagwanpur Hat_40,Unreserved (Other),Sangeeta Devi,Chandtara Khatun,Babban Tiwari,9931790179.0,General,Bhumihar,68.0,"Babban Tiwari | 68 | Male | General | Bhumihar

-PACS Chairman(1992-Current)
-Vyapar Mandal Adhyaksh(2019-Current)
-Prominent Bhumihar face in Maharajganj Assembly.",State Kisan Vice President,Sangathan,,,,State Kisan Vice President,,,2.0
Saran,Siwan,19. Maharajganj,112. Maharajganj,Bhagwanpur Hat,,Bhagwanpur Hat_40,Unreserved (Other),Sangeeta Devi,Chandtara Khatun,Khusbu Kumari,9693684776/9006886007,,,32.0,- ZP Runner Up 2021,,Runnerup ZP,,,,,,,3.0
Saran,Siwan,19. Maharajganj,112. Maharajganj,Bhagwanpur Hat,,Bhagwanpur Hat_40,Unreserved (Other),Sangeeta Devi,Chandtara Khatun,,,,,,,,,,,,,,,4.0
Saran,Siwan,19. Maharajganj,112. Maharajganj,Bhagwanpur Hat,,Bhagwanpur Hat_40,Unreserved (Other),Sangeeta Devi,Chandtara Khatun,,,,,,,,,,,,,,,5.0
Saran,Siwan,19. Maharajganj,112. Maharajganj,Bhagwanpur Hat,,Bhagwanpur Hat_41,Unreserved (Mahila),Sangeeta Devi,Chandtara Khatun,Munna Khatun,9661129283.0,Minority,Muslim,38.0,ZP Contestent 2021 and secure 2700 votes                                          -ZP Contestent 2016 and secure 3700 votes                                        -ZP Contestent 2011 and secure 2700 votes                        -ZP Contestent 2006 and secure 2350 votes                           -Medical Practioner,,Runnerup ZP,,,,Onboarded ZP,,,1.0
Saran,Siwan,19. Maharajganj,112. Maharajganj,Bhagwanpur Hat,,Bhagwanpur Hat_41,Unreserved (Mahila),Sangeeta Devi,Chandtara Khatun,Upendra Singh,9801042225.0,General,Bhumihar,52.0,"Upendra singh | 52 | Male | General | Bhumihar

-Former Zp(2016- 2021 ) 
-Runnerup ZP(2021)
-Former Block Pramukh (2001-2006)- 
-Director of RK B.ed College",अध्यक्ष,Sangathan,,,,अध्यक्ष,,,2.0
Saran,Siwan,19. Maharajganj,112. Maharajganj,Bhagwanpur Hat,,Bhagwanpur Hat_41,Unreserved (Mahila),Sangeeta Devi,Chandtara Khatun,,,,,,,,,,,,,,,3.0
Saran,Siwan,19. Maharajganj,112. Maharajganj,Bhagwanpur Hat,,Bhagwanpur Hat_41,Unreserved (Mahila),Sangeeta Devi,Chandtara Khatun,,,,,,,,,,,,,,,4.0
Saran,Siwan,19. Maharajganj,112. Maharajganj,Bhagwanpur Hat,,Bhagwanpur Hat_41,Unreserved (Mahila),Sangeeta Devi,Chandtara Khatun,,,,,,,,,,,,,,,5.0
Saran,Gopalganj,17. Gopalganj (SC),103. Bhore,Kataiya,,Kataiya_1,Unreserved (Other),Amit Rai ,,Vinay Tiwari,9955885061.0,General,Brahmin,47.0,"-Incumbent ZP 2021 and secure 8059 votes 
-ZP Runner-up 2016 and secure 6040 votes
-Former Up-Pramukh (2011-2016)
-Former BDC (2006-2011)",,Onboarded,Pk with meeing,,,Onboarded ZP,,,1.0
Saran,Gopalganj,17. Gopalganj (SC),103. Bhore,Kataiya,,Kataiya_1,Unreserved (Other),Amit Rai ,,Nand ji Ram,6206120459.0,SC,Ravidas,55.0,"-Former Mukhiya (2011-2016)
-Runner-up Mukhiya (2006) Lost By 4 votes
-Businessman – Gas Agency Owner",,New Name (Recommendation),vijay tiwari ji ke madhyam se nam mila hai,,,,,,2.0
Saran,Gopalganj,17. Gopalganj (SC),103. Bhore,Kataiya,,Kataiya_1,Unreserved (Other),Amit Rai ,,Manoj Biatha,9881194712.0,SC,Dhobi,49.0,"-Former MLA Contestant, 2020 JAP, got 4321 Votes
-Former JAP Secretary(2020 to 2022)
- Software Engineer(works in England, Sweden, Finland and Many Other foreign Countries)",ACC,ACC,,,,ACC,,,3.0
Saran,Gopalganj,17. Gopalganj (SC),103. Bhore,Kataiya,,Kataiya_1,Unreserved (Other),Amit Rai ,,,,,,,,,,,,,,,,4.0
Saran,Gopalganj,17. Gopalganj (SC),103. Bhore,Kataiya,,Kataiya_1,Unreserved (Other),Amit Rai ,,,,,,,,,,,,,,,,5.0
Saran,Gopalganj,17. Gopalganj (SC),103. Bhore,Kataiya,,Kataiya_2,Unreserved (Other),Amit Rai ,, Geeta Divedi,7893602498.0,General,Brahmin,53.0,"-Runner-up PACs 2024 secure 236 votes
-Poetess of Hindi and Bhojpuri Literature
-Hosted the Ram Jamutsav event at Tulsi Vatika Ayodhya (2024)
-Husband : AirForce  ",जिला उपाध्यक्ष,Sangathan,,,,जिला उपाध्यक्ष,,,1.0
Saran,Gopalganj,17. Gopalganj (SC),103. Bhore,Kataiya,,Kataiya_2,Unreserved (Other),Amit Rai ,,Amit Kumar,9931982654.0,General,Bhumihar,46.0,"-Incumbent ZP 2021 and secure 10337 votes.
  -Former ZP (2016–2021)
-Former ZP (2011–2016)
-Businessman – Petrol Pump Owner, Bus Owner, and Brick Kiln Owner",,Incumbent ZP,Pk with meeting,,,,,,2.0
Saran,Gopalganj,17. Gopalganj (SC),103. Bhore,Kataiya,,Kataiya_2,Unreserved (Other),Amit Rai ,,Shobha Jaiswal,9546339355.0,,,,,"जिला पिछड़ा
प्रकोष्ठ महामंत्री",Sangathan,,,,"जिला पिछड़ा
प्रकोष्ठ महामंत्री",,,3.0
Saran,Gopalganj,17. Gopalganj (SC),103. Bhore,Kataiya,,Kataiya_2,Unreserved (Other),Amit Rai ,,,,,,,,,,,,,,,,4.0
Saran,Gopalganj,17. Gopalganj (SC),103. Bhore,Kataiya,,Kataiya_2,Unreserved (Other),Amit Rai ,,,,,,,,,,,,,,,,5.0
Saran,Gopalganj,17. Gopalganj (SC),102. Kuchaikote,Panchdeori,,Panchdeori_3,Unreserved (Mahila),Amit Rai ,, Brajkishore Dubey,9939674137.0,General,Brahmin,48.0,"-President, Gopalganj District Sarpanch Association (2021–Present)
-Runner-up Sarpanch (2016)
-Occupation: Agriculture – 12 Bighas of Farmland",जिला उपाध्यक्ष,Sangathan,Agar mahila seat hoga to inke wife ladengi,,,जिला उपाध्यक्ष,,,1.0
Saran,Gopalganj,17. Gopalganj (SC),102. Kuchaikote,Panchdeori,,Panchdeori_3,Unreserved (Mahila),Amit Rai ,,ASMA Khatoon/Lal Md Ansari,9661687787.0,EBC,Muslim,30.0,"-Incumbent BDC 2021
-ZP Contest 2016 (3600 Votes)
-Family: Former Sister-in-law Ward Member (2011–2016)
-Occupation: Wall Painting Contractor",,Onboarded ,,,,Onboarded ZP,,,2.0
Saran,Gopalganj,17. Gopalganj (SC),102. Kuchaikote,Panchdeori,,Panchdeori_3,Unreserved (Mahila),Amit Rai ,, Virendra Rai,8210252020.0,General,Bhumihar,53.0,"
- Former Block President of JD(U) from 1997-2007. 
- Zila Mahamantri of the JD(U) Party from 2007-2011.  
- Former president of Zila 20 sootri Karyakaram of Gopalganj District.  ",महामंत्री,Sangathan,Mukhiya Reserve hoga ,,,महामंत्री,,,3.0
Saran,Gopalganj,17. Gopalganj (SC),102. Kuchaikote,Panchdeori,,Panchdeori_3,Unreserved (Mahila),Amit Rai ,,Sangeeta Devi,9572426771.0,SC,Dhobi,38.0,"wife of Upendra Baitha|38|SC|Dhobi
She won the Sarpanch election for the 2nd time consecutively
i.e in 2016 & 2021.
She is very active and vocal women.""",EMC,Sangathan,Inke Ladka se bat hua tha,,,EMC,,,4.0
Saran,Gopalganj,17. Gopalganj (SC),102. Kuchaikote,Panchdeori,,Panchdeori_3,Unreserved (Mahila),Amit Rai ,,Sunita Kushwaha ,,,,,,,,,,,,,,5.0
Saran,Gopalganj,17. Gopalganj (SC),102. Kuchaikote,Panchdeori,,Panchdeori_4,Unreserved (Mahila),Amit Rai ,,Dr Babu Lal Kushwaha,9006740255.0,OBC,Kuswaha,40.0,"Dr babu lal kushwaha | 40 | OBC | Kushwaha | प्रखण्ड अध्यक्ष पंचदेवरी | 9006740255
-Ex BJP Mandal Upadyaksh 2024-2025.
-Ex Mahamantri 2021-2024.
- Defacto sarpanch 2016-2021.
- BHMS at Jamuhna Bazar&Panchdewari.
",EMC,Sangathan,,,,EMC,,,
Saran,Gopalganj,17. Gopalganj (SC),103. Bhore,Bijaipur,,Bijaipur_4,SC (Mahila),Amit Rai ,,Rina Devi/Nand ji Manjh,9065032851.0,SC,Dusadh,40.0,"-ZP Contestent (2021 ) secure 2717 Votes 3rd Rank
-Former ZP (2016-2021) and secure 5189 votes
-Former BDC (2011-2016)
-Occupation: Gov. Teacher",,Onboarded ,,,,Onboarded ZP,,,1.0
Saran,Gopalganj,17. Gopalganj (SC),103. Bhore,Bijaipur,,Bijaipur_4,SC (Mahila),Amit Rai ,,Asarfi Devi,8651362237.0,SC,,60.0,"-ZP Contest 2021 (4861 Votes 3rd Rank)
-ZP Contest 2016 (3800 Votes 4th Rank)
-Former Ward Member 2011
-Businessman – Medical Shop Owner",,Runnerup ZP,,,,,,,2.0
Saran,Gopalganj,17. Gopalganj (SC),103. Bhore,Bijaipur,,Bijaipur_4,SC (Mahila),Amit Rai ,,Ranjan Kumar ,7481904881.0,ST,Gond,33.0,"-Incumbent Ward Member (2021)
-Father : Runner-up Mukhiya 2011
-Businessman – Fertilizer Dealer",Parkhand maha mantri in Bijaipur,Sangathan,Referred by: Viklash Dubey,,,,,,3.0
Saran,Gopalganj,17. Gopalganj (SC),103. Bhore,Bijaipur,,Bijaipur_4,SC (Mahila),Amit Rai ,,,,,,,,,,,,,,,,4.0
Saran,Gopalganj,17. Gopalganj (SC),103. Bhore,Bijaipur,,Bijaipur_4,SC (Mahila),Amit Rai ,,,,,,,,,,,,,,,,5.0
Saran,Gopalganj,17. Gopalganj (SC),103. Bhore,Bijaipur,,Bijaipur_5,Unreserved (Other),Amit Rai ,, Vikas Dubey,9878642721.0,General,Brahmin,43.0,"-Sales Manager at Automobile Industry
-Social Worker",जिला सचिव,Sangathan,,,,जिला सचिव,,,1.0
Saran,Gopalganj,17. Gopalganj (SC),103. Bhore,Bijaipur,,Bijaipur_5,Unreserved (Other),Amit Rai ,,Girish Kumar Raay,8603105151.0,General,Bhumihar,48.0,"-ZP Runner-up (2021) - Secured 4,204 votes
-Runner-up Mukhiya 2016
-Former BDC (2011 - 2016)
-Former Mukhiya (2001 - 2006)
-Occupation: Farmer – Owns 18 acres of agricultural land
",,Runnerup ZP,,,,,,,2.0
Saran,Gopalganj,17. Gopalganj (SC),103. Bhore,Bijaipur,,Bijaipur_5,Unreserved (Other),Amit Rai ,,Nagendra Kushwaha,9006070090.0,OBC,Kuswaha,39.0,"-Runner-up BDC (2021)
-Occupation: Medical Practitioner",Prakhand Adhyaksh,Sangathan,,,,,,,3.0
Saran,Gopalganj,17. Gopalganj (SC),103. Bhore,Bijaipur,,Bijaipur_5,Unreserved (Other),Amit Rai ,,,,,,,,,,,,,,,,4.0
Saran,Gopalganj,17. Gopalganj (SC),103. Bhore,Bijaipur,,Bijaipur_5,Unreserved (Other),Amit Rai ,,,,,,,,,,,,,,,,5.0
Saran,Gopalganj,17. Gopalganj (SC),103. Bhore,Bhorey,,Bhorey_6,Backward Class (Mahila),Amit Rai ,,Md. Firoz Alam,9708094157.0,EBC,Muslim,46.0," -Runner-up BDC (2021) Lost by 4 votes
-Former BDC (2016-2021)
-Mother: Former BDC (2011-2016)
-Former PACs President position for 15 years.
-Former RJD Block President, Minority Wing.",सदस्य,Sangathan,,,,सदस्य,,,1.0
Saran,Gopalganj,17. Gopalganj (SC),103. Bhore,Bhorey,,Bhorey_6,Backward Class (Mahila),Amit Rai ,,Kaushal Kumar,,General,,,,,,,,,,,,2.0
Saran,Gopalganj,17. Gopalganj (SC),103. Bhore,Bhorey,,Bhorey_6,Backward Class (Mahila),Amit Rai ,,Raju Prasad alias Raju Baitha,9199320663.0,SC,Dhobi,49.0,,अम्बेडकर मंच प्रभारी,Sangathan,,,,अम्बेडकर मंच प्रभारी,,,3.0
Saran,Gopalganj,17. Gopalganj (SC),103. Bhore,Bhorey,,Bhorey_6,Backward Class (Mahila),Amit Rai ,,Dinesh Baitha,9973397258.0,SC,Dhobi,41.0,"Dinesh Baitha | 41 | Male | ST | Baitha
-Incumbent BDC (2021 Till Date)
-Former Block Pramukh (2016)",EMC,Sangathan,,,,EMC,,,4.0
Saran,Gopalganj,17. Gopalganj (SC),103. Bhore,Bhorey,,Bhorey_6,Backward Class (Mahila),Amit Rai ,,Rajendra Ram,9708702647.0,SC,Ravidas,40.0,"Rajendra Ram | 9708702647 | SC | CHAMAR
 -Three time BDC 
-Former Zila Sachiv JSP",EMC,Sangathan,,,,EMC,,,5.0
Saran,Gopalganj,17. Gopalganj (SC),103. Bhore,Bhorey,,Bhorey_7,Backward Class (Mahila),Amit Rai ,,Krishnawti Devi/Lal Babu Prasad,6202221215/9708890933,EBC,Khatik,45.0,"-Incumbent Sarpanch (2021)
-Defacto Sarpanch (2016-2021) 
 -Defacto Mukhiya 2011- 2016 
-Runner-up Mukhiya (2006-11)
- State & District Adhyaksh Khatik Sangh 2015
-RJD district secretary EBC Cell 2004- 2007 
- RJD Kisan Morcha District Adhyaksh 2017- 2018 
- INC District General Secretary 2013- 2014",कर्पूरी मंच अध्यक्ष,Sangathan,,,,कर्पूरी मंच अध्यक्ष,,,1.0
Saran,Gopalganj,17. Gopalganj (SC),103. Bhore,Bhorey,,Bhorey_7,Backward Class (Mahila),Amit Rai ,,Jayamala Devi / Arvind Sah,6200549049.0,EBC,Sah,37.0,"-ZP Contest 2021 (4962 Votes 5th Rank)
-ZP Contest 2016 ( 5660 Votes 3rd Rank)
-Businessman – Fertilizer and Seed Shop Owner",,Runnerup ZP,,,,Onboarded ZP,,,2.0
Saran,Gopalganj,17. Gopalganj (SC),103. Bhore,Bhorey,,Bhorey_7,Backward Class (Mahila),Amit Rai ,,Shudheer Kumar,7091824425.0,EBC,Teli,33.0,"-BDC Runner-up 2021 
-Former Ward Member (2016-21)",जन सुराज प्रखंड प्रवक्ता,Sangathan,,,,,,,3.0
Saran,Gopalganj,17. Gopalganj (SC),103. Bhore,Bhorey,,Bhorey_7,Backward Class (Mahila),Amit Rai ,,,,,,,,,,,,,,,,4.0
Saran,Gopalganj,17. Gopalganj (SC),103. Bhore,Bhorey,,Bhorey_7,Backward Class (Mahila),Amit Rai ,,,,,,,,,,,,,,,,5.0
Saran,Gopalganj,17. Gopalganj (SC),104. Hathua,Phulwariya,,Phulwariya_8,Unreserved (Other),Amit Rai ,,Abhishek Kumar,8809092991.0,OBC,Yadav,27.0,"-ZP Contestent 2021 and secure 3600 votes  
-Political Activist and Farmer",,Onboarded ,,,,Onboarded ZP,,,1.0
Saran,Gopalganj,17. Gopalganj (SC),104. Hathua,Phulwariya,,Phulwariya_8,Unreserved (Other),Amit Rai ,,Upender Singh,9939939082.0,OBC,Kushwaha,48.0,"-ZP Runner-up (2021) - Secured 3675 votes
-Former Ward Member (2006-2011)
-Father : Former Up-Mukhiya (2001-2001)
-Businessman – Wholesale Clothing Dealer",,Runnerup ZP,,,,,,,2.0
Saran,Gopalganj,17. Gopalganj (SC),104. Hathua,Phulwariya,,Phulwariya_8,Unreserved (Other),Amit Rai ,,Abhishek Kumar Singh,8969459887.0,General,Bhumihar,38.0,"""-ZP Contendor in 2021; bagged 3400 votes
Farmer Leader
-He is Distict Committee member in BJP""",,Sangathan,,,,,,,3.0
Saran,Gopalganj,17. Gopalganj (SC),104. Hathua,Phulwariya,,Phulwariya_8,Unreserved (Other),Amit Rai ,,,,,,,,,,,,,,,,4.0
Saran,Gopalganj,17. Gopalganj (SC),104. Hathua,Phulwariya,,Phulwariya_8,Unreserved (Other),Amit Rai ,,,,,,,,,,,,,,,,5.0
Saran,Gopalganj,17. Gopalganj (SC),104. Hathua,Phulwariya,,Phulwariya_9,Unreserved (Mahila),Amit Rai ,,Rukhsana Khatun,9931432907.0,Minority,Muslim,34.0,"- Defacto Former Mukhiya Runner Up(2021)
- JSP Zila Uppadhiyks
- Former JSP Anumandal Mahila  Adhiyakas.
- Former Mahila Perkhand Adhiyaks.",JSP Zila Uppadhiyks,Sangathan,,,,EMC,,,1.0
Saran,Gopalganj,17. Gopalganj (SC),104. Hathua,Phulwariya,,Phulwariya_9,Unreserved (Mahila),Amit Rai ,,Vivek Pandey ,,,,,,,Runnerup ZP,Vivek Pandey ji ki maa chunab ladti h  ,,,,,,2.0
Saran,Gopalganj,17. Gopalganj (SC),104. Hathua,Phulwariya,,Phulwariya_9,Unreserved (Mahila),Amit Rai ,,Ram Bhagat ,8130827460.0,,,,,,Sangathan,,,,ACC,,,3.0
Saran,Gopalganj,17. Gopalganj (SC),104. Hathua,Phulwariya,,Phulwariya_9,Unreserved (Mahila),Amit Rai ,,,,,,,,,,,,,,,,4.0
Saran,Gopalganj,17. Gopalganj (SC),104. Hathua,Phulwariya,,Phulwariya_9,Unreserved (Mahila),Amit Rai ,,,,,,,,,,,,,,,,5.0
Saran,Gopalganj,17. Gopalganj (SC),102. Kuchaikote,Kuchaikote,,Kuchaikote_10,Unreserved (Mahila),Amit Rai ,,Akhilesh Devi,9931908825.0,General,Bhumihar,45.0,-ZP Runner-up 2021 and secure 7500 Votes,,Onboarded ,,,,Onboarded ZP,,,1.0
Saran,Gopalganj,17. Gopalganj (SC),102. Kuchaikote,Kuchaikote,,Kuchaikote_10,Unreserved (Mahila),Amit Rai ,,Sabana Praveen/Abdul Kalam,9939458087.0,EBC,Muslim,38.0,"-Incumbent ZP 2021 and secure 8100 Votes
 - ZP Runner-up 2016 and secure 6500 votes",,Onboarded ,,,,Onboarded ZP,,,2.0
Saran,Gopalganj,17. Gopalganj (SC),102. Kuchaikote,Kuchaikote,,Kuchaikote_10,Unreserved (Mahila),Amit Rai ,,Ushaa Devi/Yugal Kisor Pandey,9939454257.0,General,Brahmin,45.0,"-ZP Contestent 2021 and secure 3019 Votes 6th Rank
-ZP Contestent 2016 and secure 3800 votes 3rd Rank
-Runner-up Mukhiya 2011
-Businessman – Private School Owner",,Onboarded ,,,,Onboarded ZP,,,3.0
Saran,Gopalganj,17. Gopalganj (SC),102. Kuchaikote,Kuchaikote,,Kuchaikote_10,Unreserved (Mahila),Amit Rai ,,,,,,,,,,,,,,,,4.0
Saran,Gopalganj,17. Gopalganj (SC),102. Kuchaikote,Kuchaikote,,Kuchaikote_10,Unreserved (Mahila),Amit Rai ,,,,,,,,,,,,,,,,5.0
Saran,Gopalganj,17. Gopalganj (SC),102. Kuchaikote,Kuchaikote,,Kuchaikote_11,Unreserved (Mahila),Amit Rai ,,Mukesh Choubey,8851413917.0,General,Brahmin,30.0,-Businessman – Astrologer,Vidhan Sabha Sanyojak,Sangathan,Mukhiya Ka chunav ladna chahte,,,Vidhan Sabha Sanyojak,,,1.0
Saran,Gopalganj,17. Gopalganj (SC),102. Kuchaikote,Kuchaikote,,Kuchaikote_11,Unreserved (Mahila),Amit Rai ,,Dr. Raza Hussain,8709243821/ 8002934710,OBC,Muslim,30.0,-Occupation: General Physician (Doctor),युवा प्रकोष्ठ अध्यक्ष,Sangathan,,,,,,,2.0
Saran,Gopalganj,17. Gopalganj (SC),102. Kuchaikote,Kuchaikote,,Kuchaikote_11,Unreserved (Mahila),Amit Rai ,,,,,,,,,,,,,,,,3.0
Saran,Gopalganj,17. Gopalganj (SC),102. Kuchaikote,Kuchaikote,,Kuchaikote_11,Unreserved (Mahila),Amit Rai ,,,,,,,,,,,,,,,,4.0
Saran,Gopalganj,17. Gopalganj (SC),102. Kuchaikote,Kuchaikote,,Kuchaikote_11,Unreserved (Mahila),Amit Rai ,,,,,,,,,,,,,,,,5.0
Saran,Gopalganj,17. Gopalganj (SC),102. Kuchaikote,Kuchaikote,,Kuchaikote_12,ST (Other),Amit Rai ,,Lal Babu Sah,9661028447.0,ST,Gond,45.0,"-ZP Contestent 2021 and secure 5160 votes 3rd Rank
-Former ZP (2016-2021)
-Runner-up PACs (2010)
-Businessman – Pipeline Construction Contractor",,Runnerup ZP,GEN. bhi hoga to ye chunav ladenge,,,Onboarded ZP,,,1.0
Saran,Gopalganj,17. Gopalganj (SC),102. Kuchaikote,Kuchaikote,,Kuchaikote_12,ST (Other),Amit Rai ,,Tej Prataap Saah,9852730272.0,ST,Gond,31.0,"-ZP Runner-up (2021) secure 5983 votes
-He is Contractor in the Construction Sector",,Runnerup ZP,,,,,,,2.0
Saran,Gopalganj,17. Gopalganj (SC),102. Kuchaikote,Kuchaikote,,Kuchaikote_12,ST (Other),Amit Rai ,,Deepak Giri,9570444512.0,General,Brahmin,38.0,"-Runner-up Sarpanch 2021
-SFI Candidate – Student Union Election, RBC College, West Bengal (2007)",ACC Online,Online ACC,,,,ACC Online,,,3.0
Saran,Gopalganj,17. Gopalganj (SC),102. Kuchaikote,Kuchaikote,,Kuchaikote_12,ST (Other),Amit Rai ,,,,,,,,,,,,,,,,4.0
Saran,Gopalganj,17. Gopalganj (SC),102. Kuchaikote,Kuchaikote,,Kuchaikote_12,ST (Other),Amit Rai ,,,,,,,,,,,,,,,,5.0
Saran,Gopalganj,17. Gopalganj (SC),101. Gopalganj,Uchkagaon,,Uchkagaon_14,Unreserved (Other),Amit Rai ,,Amla Rai,9801228913.0,General,Rajput,70.0,"- Former Defacto ZP (2006- 2011)
-  Former Mukhiya (1978- 2000)
- Former JSP Zila Uppadhiyks",- Former JSP Zila Uppadhiyks.,Sangathan,"PK se Meeting Krana hai .
His family is expected to contest the upcoming election.",,,,,,1.0
Saran,Gopalganj,17. Gopalganj (SC),101. Gopalganj,Uchkagaon,,Uchkagaon_14,Unreserved (Other),Amit Rai ,,Ansar Allie,9931370896.0,General,Muslim,36.0,"-ZP Contest 2021 (3833 Votes 3rd Rank)
-ZP Contest 2016 (3600 Votes 4th Rank)
-Businessman – Private School Owner and SBI Bank CFC Operator",,Runnerup ZP,,,,,,,2.0
Saran,Gopalganj,17. Gopalganj (SC),101. Gopalganj,Uchkagaon,,Uchkagaon_14,Unreserved (Other),Amit Rai ,,Mani bhushan ,,,,,,,,Raja Hussain ,,,,,,3.0
Saran,Gopalganj,17. Gopalganj (SC),101. Gopalganj,Uchkagaon,,Uchkagaon_14,Unreserved (Other),Amit Rai ,,,,,,,,,,,,,,,,4.0
Saran,Gopalganj,17. Gopalganj (SC),101. Gopalganj,Uchkagaon,,Uchkagaon_14,Unreserved (Other),Amit Rai ,,,,,,,,,,,,,,,,5.0
Saran,Gopalganj,17. Gopalganj (SC),102. Kuchaikote,Kuchaikote,,Kuchaikote_13,Unreserved (Other),Amit Rai ,,Meera Devi,8002641171.0,SC,Dhobi,50.0,- Incumbent ZP 2021 and secure 6818 votes,सदस्य,Onboarded ,,,,सदस्य,,,1.0
Saran,Gopalganj,17. Gopalganj (SC),102. Kuchaikote,Kuchaikote,,Kuchaikote_13,Unreserved (Other),Amit Rai ,,Vindu Devi,6203870104.0,SC,Baitha,49.0,"-ZP Contestent 2021 and secure 5929 votes 4th Rank
 -ZP Runner-up 2016 and secure 6860 votes 
-ZP Contestent 2011 secure 5633 votes 3rd Rank
-Occupation: Farmer",,Onboarded ,Pk with Meeting,,,Onboarded ZP,,,2.0
Saran,Gopalganj,17. Gopalganj (SC),102. Kuchaikote,Kuchaikote,,Kuchaikote_13,Unreserved (Other),Amit Rai ,,,,,,,,,,,,,,,,3.0
Saran,Gopalganj,17. Gopalganj (SC),102. Kuchaikote,Kuchaikote,,Kuchaikote_13,Unreserved (Other),Amit Rai ,,,,,,,,,,,,,,,,4.0
Saran,Gopalganj,17. Gopalganj (SC),102. Kuchaikote,Kuchaikote,,Kuchaikote_13,Unreserved (Other),Amit Rai ,,,,,,,,,,,,,,,,5.0
Saran,Gopalganj,17. Gopalganj (SC),101. Gopalganj,Uchkagaon,,Uchkagaon_15,SC (Other),Amit Rai ,,Jeevdhan manjhi,9955248944.0,SC,Mushar,46.0,"- 2 Times ZP 2006- 2016
- Strong hold among SC Community as represented them in many agitation in front of district administration for them",,Sangathan Dump,,,,,,,1.0
Saran,Gopalganj,17. Gopalganj (SC),101. Gopalganj,Uchkagaon,,Uchkagaon_15,SC (Other),Amit Rai ,,Digvijaya Kumar,7254944500.0,SC,Dhobi,45.0,"-ZP Runner-up (2021) secure 4454 votes
- Former ZP (2011-2016)
-Former ZP (2006-2011)
-Contested the 2010 Assembly Election from Garib Janta Dal and secured 4,500 votes",,Runnerup ZP,Will contest the upcoming Zila Parishad election from Hathua-16.,,,,,,2.0
Saran,Gopalganj,17. Gopalganj (SC),101. Gopalganj,Uchkagaon,,Uchkagaon_15,SC (Other),Amit Rai ,,Mohan Kumar Gupta,9931982209.0,EBC,Gupta,47.0,"""- He was Zila Parishad from 2006 to 2011.
- He was Ex -Mukhiya of Line Bazar Panchayat (2011-16).
- Runner-up in the 2016 mukhiya election he secured 1343 Votes.""",,Sangathan,,,,,,,3.0
Saran,Gopalganj,17. Gopalganj (SC),101. Gopalganj,Uchkagaon,,Uchkagaon_15,SC (Other),Amit Rai ,,,,,,,,,,,,,,,,4.0
Saran,Gopalganj,17. Gopalganj (SC),101. Gopalganj,Uchkagaon,,Uchkagaon_15,SC (Other),Amit Rai ,,,,,,,,,,,,,,,,5.0
Saran,Gopalganj,17. Gopalganj (SC),104. Hathua,Hathua,,Hathua_16,Backward Class (Others),Amit Rai ,,Ramdarshan Prasaad / Munna Kinnr,9572017643.0,,,46.0,"-Incumbent ZP 2021 and secure 14028 votes.
  -Former Zila Parishad Member (2016–2021)
-Former Zila Parishad Member (2011–2016)
-ZP Runner-up 2006
-Contested the 2020 Assembly Election as an LJP candidate and secured 11,000 votes
-Businessman – Runs an Orchestra and Dance Group",,Runnerup ZP,,,,,,,1.0
Saran,Gopalganj,17. Gopalganj (SC),104. Hathua,Hathua,,Hathua_16,Backward Class (Others),Amit Rai ,,Pramod Kumar Saah,9973460941.0,EBC,Kanu,34.0,"-Runner-up ZP (2021) secure 7253 Votes
-Runner-up ZP (2016)
-Businessman - Construction Materials Dealer",,Runnerup ZP,,,,Onboarded ZP,,,2.0
Saran,Gopalganj,17. Gopalganj (SC),104. Hathua,Hathua,,Hathua_16,Backward Class (Others),Amit Rai ,,Prince Kumar ,7782003640.0,OBC,Kuswaha,25.0,,ACC Online,Online ACC,,,,ACC Online,,,3.0
Saran,Gopalganj,17. Gopalganj (SC),104. Hathua,Hathua,,Hathua_16,Backward Class (Others),Amit Rai ,,,,,,,,,,,,,,,,4.0
Saran,Gopalganj,17. Gopalganj (SC),104. Hathua,Hathua,,Hathua_16,Backward Class (Others),Amit Rai ,,,,,,,,,,,,,,,,5.0
Saran,Gopalganj,17. Gopalganj (SC),104. Hathua,Hathua,,Hathua_17,Backward Class (Mahila),Amit Rai ,,Shamimun Khaatoon/Hasmuddin ,9006055952.0,Minority,Muslim,31.0,"-Incumbent ZP 2021 and Secure 7000 Votes 
-ZP Contestent 2016 and secure 3061 votes  
 -Run three Branch of Goal coaching Centre  -Working in Vittrahit college",DSC Member,"Onboarded, Sangathan",,,,Onboarded ZP,,,1.0
Saran,Gopalganj,17. Gopalganj (SC),104. Hathua,Hathua,,Hathua_17,Backward Class (Mahila),Amit Rai ,,Sareeta Kumri,9939994027.0,EBC,Baniya,33.0,"-ZP Runner-up 2021 secure 6869 votes
-Profession: Singer
-Family Background: Three brothers – one Doctor, one Engineer, and one Teacher",,Runnerup ZP,,,,,,,2.0
Saran,Gopalganj,17. Gopalganj (SC),104. Hathua,Hathua,,Hathua_17,Backward Class (Mahila),Amit Rai ,,,,,,,,,,,,,,,,3.0
Saran,Gopalganj,17. Gopalganj (SC),104. Hathua,Hathua,,Hathua_17,Backward Class (Mahila),Amit Rai ,,,,,,,,,,,,,,,,4.0
Saran,Gopalganj,17. Gopalganj (SC),104. Hathua,Hathua,,Hathua_17,Backward Class (Mahila),Amit Rai ,,,,,,,,,,,,,,,,5.0
Saran,Gopalganj,17. Gopalganj (SC),104. Hathua,Hathua,,Hathua_18,Unreserved (Other),Amit Rai ,,Rajak raushan ,8292906930.0,,,,,,New Name (Recommendation),,,,,,,1.0
Saran,Gopalganj,17. Gopalganj (SC),104. Hathua,Hathua,,Hathua_18,Unreserved (Other),Amit Rai ,,Sambhoo Rai,9801031510.0,General,Rajput,54.0,"-Former ZP (2011-2016)
- Former ZP (2006- 2011)
- Brother was three term Mukhiya
-Owns multiple business and landlord",DSC Member,Sangathan Dump,,,,,,,2.0
Saran,Gopalganj,17. Gopalganj (SC),104. Hathua,Hathua,,Hathua_18,Unreserved (Other),Amit Rai ,,Sandeep kumar sah,9967330994.0,EBC,Kanu,32.0,,ACC Online,Online ACC,,,,ACC Online,,,3.0
Saran,Gopalganj,17. Gopalganj (SC),104. Hathua,Hathua,,Hathua_18,Unreserved (Other),Amit Rai ,,,,,,,,,,,,,,,,4.0
Saran,Gopalganj,17. Gopalganj (SC),104. Hathua,Hathua,,Hathua_18,Unreserved (Other),Amit Rai ,,,,,,,,,,,,,,,,5.0
Saran,Gopalganj,17. Gopalganj (SC),101. Gopalganj,Thawe,,Thawe_19,Unreserved (Mahila),Amit Rai ,,Shri Zulfikar Ahmad,9939665819.0,Minority,Muslim,,He had been Pacs preseident for two times 2004-2014 and one time BDC 2006-2011 and Up mukhiya for one time from Inderabdullah panchayat.,जिला सचिव,Sangathan,,,,जिला सचिव,,,1.0
Saran,Gopalganj,17. Gopalganj (SC),101. Gopalganj,Thawe,,Thawe_19,Unreserved (Mahila),Amit Rai ,,Shambhu Paswan,9822050840.0,,,,,सदस्य,Sangathan,,,,सदस्य,,,2.0
Saran,Gopalganj,17. Gopalganj (SC),101. Gopalganj,Thawe,,Thawe_19,Unreserved (Mahila),Amit Rai ,,Noorbegam,9472007786.0,General,Muslim,39.0,"-ZP Runner-up 2021 secure 10932 votes
-Contested the 2005 Assembly Election as a Rashtriya Jan Jagran Party candidate and secured 4,500 votes
-Occupation: Agriculture",,Runnerup ZP,,,,,,,3.0
Saran,Gopalganj,17. Gopalganj (SC),101. Gopalganj,Thawe,,Thawe_19,Unreserved (Mahila),Amit Rai ,,,,,,,,,,,,,,,,4.0
Saran,Gopalganj,17. Gopalganj (SC),101. Gopalganj,Thawe,,Thawe_19,Unreserved (Mahila),Amit Rai ,,,,,,,,,,,,,,,,5.0
Saran,Gopalganj,17. Gopalganj (SC),101. Gopalganj,Gopalganj,,Gopalganj_20,Unreserved (Mahila),Amit Rai ,,Rajinder Singh,9969020000.0,General,Rajput,55.0,"Rajendra Singh | 55 | Male | General | Rajput

-Retired Senior Officer, MTNL Mumbai
-Director, Gopalganj Kishan Foundation Championing rural development, sustainable agriculture, and farmer empowerment.  
-Honored by the Cabinet Minister– Recognized for pioneering efforts in Rural Haat Development for grassroots economic upliftment.  
-Corona Apda Nayak Award Awarded by the State Government for exceptional leadership and public service during the COVID-19 crisis.  
-Awarded by Bihar Kisan Samman (2021) Felicitated by Hon’ble CM Nitish Kumar and Agriculture Minister for outstanding contribution to farmers’ welfare in Bihar.  """,किसान प्रकोष्ठ प्रभारी,Sangathan,,,,किसान प्रकोष्ठ प्रभारी,,,1.0
Saran,Gopalganj,17. Gopalganj (SC),101. Gopalganj,Gopalganj,,Gopalganj_20,Unreserved (Mahila),Amit Rai ,,Radha Raman Mishra,9431217011.0,General,Rajput,55.0,"Radha Raman Mishra | 55 | Male | General | Brahmin

- 4 Terms Mukhiya
- Kisan Shri awardee
- Former INC Block President",राज्य सलाहकार समिति,Sangathan,,,,राज्य सलाहकार,,,2.0
Saran,Gopalganj,17. Gopalganj (SC),101. Gopalganj,Gopalganj,,Gopalganj_20,Unreserved (Mahila),Amit Rai ,,Om Prakash Pandit,9006670269.0,EBC,Kumhar,,"Om Prakash Pandit | 64 | Male | EBC | Kumhar

- District Adhyaksh of Kumhar Sangh- Retd. Teacher",राज्य सलाहकार समिति,Sangathan,,,,राज्य सलाहकार समिति,,,3.0
Saran,Gopalganj,17. Gopalganj (SC),101. Gopalganj,Gopalganj,,Gopalganj_20,Unreserved (Mahila),Amit Rai ,,Reetaa Devi/Pradeep Singh,8804503919.0,General,Rajput,35.0,"-Incumbent ZP 2021 and Secure 8282 Vote       
- Memeber BJP District Youth Committee
- Businessman – Property Dealer in Lucknow",,Sangathan Dump,,,,Onboarded ZP,,,4.0
Saran,Gopalganj,17. Gopalganj (SC),101. Gopalganj,Gopalganj,,Gopalganj_20,Unreserved (Mahila),Amit Rai ,,Anand Kumar,9631258845.0,EBC,Nonia,35.0,"Anand Kumar | 35 | Male | EBC | Nonia
-Defacto BDC Runner Up (lost by few votes)
-Former BJYM VP (2014-2022)
-Former RJD Youth Wing Sachiv",EMC,Sangathan,,,,EMC,,,5.0
Saran,Gopalganj,17. Gopalganj (SC),101. Gopalganj,Gopalganj,,Gopalganj_21,Unreserved (Other),Amit Rai ,,Shri Jag Narayan Singh,9934895809.0,General,Rajput,,- Mukhiya Contestant 2001                                                                                              - 2010 MLA Candidate                                                                                                                                                                      - JDU block President Kisan Prakosht,जिला उपाध्यक्ष,Sangathan,,,,जिला उपाध्यक्ष,,,1.0
Saran,Gopalganj,17. Gopalganj (SC),101. Gopalganj,Gopalganj,,Gopalganj_21,Unreserved (Other),Amit Rai ,,Shambhu Singh,9955031663.0,General,Rajput,55.0,"-Former ZP (2006-2011)
-Contested the 2010 Assembly Election as an Independent candidate
-Father: Pacs Adhyaksh since (2002-09)
-Businessman – Banquet Hall and Tent Business",DSC Member,Sangathan,"His son, Rupak Kumar, will contest the upcoming ZP election",,,Onboarded ZP,,,2.0
Saran,Gopalganj,17. Gopalganj (SC),101. Gopalganj,Gopalganj,,Gopalganj_21,Unreserved (Other),Amit Rai ,,Mukesh Singh,6200365003.0,General,Rajput,37.0,"Mukesh Singh | Male | 38| General | Rajput
-Defacto Ex BDC (2016-2021)
-BDC 2nd Runner Up (2021)
-Former BJP Active Member
-Civil Contractor",EMC,Sangathan,,,,EMC,,,3.0
Saran,Gopalganj,17. Gopalganj (SC),101. Gopalganj,Gopalganj,,Gopalganj_21,Unreserved (Other),Amit Rai ,,,,,,,,,,,,,,,,4.0
Saran,Gopalganj,17. Gopalganj (SC),101. Gopalganj,Gopalganj,,Gopalganj_21,Unreserved (Other),Amit Rai ,,,,,,,,,,,,,,,,5.0
Saran,Gopalganj,17. Gopalganj (SC),100. Barauli,Manjha,,Manjha_22,SC (Other),Amit Rai ,,Shri Ranjit Yadav,9801004513.0,OBC,Yadav,,"Ranjeet Kr Yadav|32|Male|OBC| Yadav
- EX RJD Siwan sadar mahasachiv 2020-2024
- Defacto ZP contestant 2011 secured 1300 votes.
- He runs 5 SChools at Gopalgunj & Siwan dists.",जिला सचिव,Sangathan,,,,जिला सचिव,,,1.0
Saran,Gopalganj,17. Gopalganj (SC),100. Barauli,Manjha,,Manjha_22,SC (Other),Amit Rai ,,Bubbon Raam,9931977103.0,SC,Ravidas,46.0,ZP Contestent 2021 and secure 3700 votes,,Onboarded ,,,,Onboarded ZP,,,2.0
Saran,Gopalganj,17. Gopalganj (SC),100. Barauli,Manjha,,Manjha_22,SC (Other),Amit Rai ,,Awadhesh Manjhi,8002499188.0,SC,Manjhi,51.0,"- ZP from seat no 12 Manjha Block.
- Mukhiya Contestant in 2016
- Influential figure from Dusadh Community",,Incumbent ZP,,,,,,,3.0
Saran,Gopalganj,17. Gopalganj (SC),100. Barauli,Manjha,,Manjha_22,SC (Other),Amit Rai ,,Sujeet Kumar Ram,9905662091.0,SC,Ravidas,46.0,,सदस्य,Sangathan,,,,सदस्य,,,4.0
Saran,Gopalganj,17. Gopalganj (SC),100. Barauli,Manjha,,Manjha_22,SC (Other),Amit Rai ,,,,,,,,,,,,,,,,5.0
Saran,Gopalganj,17. Gopalganj (SC),100. Barauli,Manjha,,Manjha_23,Unreserved (Mahila),Amit Rai ,,Jai Karan Mahato,7549316423.0,EBC,Nonia,45.0,"-Former ZP (2016-21)got more than 7000 votes
-ZP runnerup in (2021)
-Former Block Secretary of CPI(ML) (2015-19)
-  Barhariya Vidhansabha Secretary of CPI (ML) in the 2020 assembly election
-Prominent Nonia Name",,Runnerup ZP,Gopalganj ka data h,,,Onboarded ZP,,,1.0
Saran,Gopalganj,17. Gopalganj (SC),100. Barauli,Manjha,,Manjha_23,Unreserved (Mahila),Amit Rai ,,Mahatab Ali,9905622820.0,Minority,Muslim,51.0,"-Two time Contested ZP election runnerup 2016 & 2021
-Runs coaching -Social worker",Zila Adhiyaks Minority,Sangathan,Gopalganj ka data h,,,Onboarded ZP,,,2.0
Saran,Gopalganj,17. Gopalganj (SC),100. Barauli,Manjha,,Manjha_23,Unreserved (Mahila),Amit Rai ,,Awdhesh Singh,8084558252.0,,Turha,41.0,"-ZP Runner- up in 2016 and got 3700 votes
-Former De facto Mukhiya 2006- 2011
-Businessman – Property Dealer and Car Garage Owner in Saudi Arabia
- District Adhyaksh Turaha Sangh",DSC Member,Sangathan Dump,Gopalganj ka data h,,,,,,3.0
Saran,Gopalganj,17. Gopalganj (SC),100. Barauli,Manjha,,Manjha_23,Unreserved (Mahila),Amit Rai ,,,,,,,,,,,,,,,,4.0
Saran,Gopalganj,17. Gopalganj (SC),100. Barauli,Manjha,,Manjha_23,Unreserved (Mahila),Amit Rai ,,,,,,,,,,,,,,,,5.0
Saran,Gopalganj,17. Gopalganj (SC),100. Barauli,Manjha,,Manjha_24,Unreserved (Mahila),Amit Rai ,,Nitu Pathak\ Sanjeev Kumar Pathak,7004952492.0,General,Brahmin,39.0,"
-Anganwadi Sevika
-ZP Contestant (2021 got approx 1600 votes)
-Runs SN Public School (around 400 students)",,Onboarded ,,,,EMC,,,1.0
Saran,Gopalganj,17. Gopalganj (SC),100. Barauli,Manjha,,Manjha_24,Unreserved (Mahila),Amit Rai ,,Noor Shamaa,9801854690.0,General,Muslim,35.0,"-ZP Runner-up 2021 Sucere 5276 Votes
-Occupation: Dentist Doctor & Agriculture",,Runnerup ZP,,,,,,,2.0
Saran,Gopalganj,17. Gopalganj (SC),100. Barauli,Manjha,,Manjha_24,Unreserved (Mahila),Amit Rai ,,Balwan bhaita,9934264737.0,SC,Dhobi,34.0,"Balwan Baitha|36|Male|SC|Dhobi

-Former LJP Prkahand Adyaksh
-Incumbent UpMukhiya.",EMC,Sangathan,,,,EMC,,,3.0
Saran,Gopalganj,17. Gopalganj (SC),100. Barauli,Manjha,,Manjha_24,Unreserved (Mahila),Amit Rai ,,,,,,,,,,,,,,,,4.0
Saran,Gopalganj,17. Gopalganj (SC),100. Barauli,Manjha,,Manjha_24,Unreserved (Mahila),Amit Rai ,,,,,,,,,,,,,,,,5.0
Saran,Gopalganj,17. Gopalganj (SC),99. Baikunthpur,Barauli,,Barauli_25,Unreserved (Mahila),Amit Rai ,,Faiz Ahmad,9939454973.0,General,Muslim,38.0,"Faiz Ahmad | Male | 36 | Minority | Sheikh | Incumbent Defacto ZP

-Infacto Defacto ZP(2021 to till Date)
-Former JDU Rajya Parishad Sadasya(2018 to 2021)
-Foremr JDU District Spokesperson(2015 to 2018)
-JDU Youth District Convenor(2013 to 2015)
-Director of BBC Mission Public School
-Chairman of Falak womens Cricket Academy
-Secretary of District Womens Football and Tennis Ball Assocaition",Media Parbhari,Sangathan,,,,Onboarded ZP,,,1.0
Saran,Gopalganj,17. Gopalganj (SC),99. Baikunthpur,Barauli,,Barauli_25,Unreserved (Mahila),Amit Rai ,,Manoj Singh ,9875605126.0,General,Rajput,55.0,"""- Zp runner up in 2021
- Incumbent PACS President 2019
- Defacto BDC of Kalyanpur Panchyat 2016- 2021""",,Sangathan,,,,,,,2.0
Saran,Gopalganj,17. Gopalganj (SC),99. Baikunthpur,Barauli,,Barauli_25,Unreserved (Mahila),Amit Rai ,,Vijay Pratap Singh,,,,,,,,,,,,,,3.0
Saran,Gopalganj,17. Gopalganj (SC),99. Baikunthpur,Barauli,,Barauli_25,Unreserved (Mahila),Amit Rai ,,Raju Singh,,,,,,,,,,,,,,4.0
Saran,Gopalganj,17. Gopalganj (SC),99. Baikunthpur,Barauli,,Barauli_25,Unreserved (Mahila),Amit Rai ,,,,,,,,,,,,,,,,5.0
Saran,Gopalganj,17. Gopalganj (SC),99. Baikunthpur,Barauli,,Barauli_26,Backward Class (Others),Amit Rai ,,Yogendra Chaudhary,9771507458.0,General,Bhumihar,52.0,"
- Sarpanch from 2006 to Present
- Panel Lok Adviser in Lok Adalat from 2013 to continue
- Former Block RJD Spokesperson from 2000-05
 - Former MLA Representative of Baikunthpur Assembly (Devdatt Ray)
-DSC Member",ओबीसी प्रकोष्ठ अध्यक्ष,Sangathan,,,,ओबीसी प्रकोष्ठ अध्यक्ष,,,1.0
Saran,Gopalganj,17. Gopalganj (SC),99. Baikunthpur,Barauli,,Barauli_26,Backward Class (Others),Amit Rai ,,Nirgun Manjhi,9572237663.0,SC,,,,अम्बेडकर मंच अध्यक्ष,Sangathan,,,,अम्बेडकर मंच अध्यक्ष,,,2.0
Saran,Gopalganj,17. Gopalganj (SC),99. Baikunthpur,Barauli,,Barauli_26,Backward Class (Others),Amit Rai ,,Ranjeet Yadav,8700742363.0,OBC,Yadav,29.0,"- Active in Youth politics
- Preparing for upcoming ZP election.
- Runs a transport business",,Onboarded ,,,,Onboarded ZP,,,3.0
Saran,Gopalganj,17. Gopalganj (SC),99. Baikunthpur,Barauli,,Barauli_26,Backward Class (Others),Amit Rai ,,Arun kumar Prasad,7070757592.0,EBC,Dhanuk,36.0,"Arun Kumar Prasad | 36 | Male | EBC | Dhanuk
-Mukhiya Contestant
-Former Mukhiya Contestant (2016)
-Mobiliser ",EMC,Sangathan,,,,EMC,,,4.0
Saran,Gopalganj,17. Gopalganj (SC),99. Baikunthpur,Barauli,,Barauli_26,Backward Class (Others),Amit Rai ,,,,,,,,,,,,,,,,5.0
Saran,Gopalganj,17. Gopalganj (SC),99. Baikunthpur,Barauli,,Barauli_27,Backward Class (Others),Amit Rai ,,Dharmendra Kumar Pandit,"8084192441
9693726609",EBC,Kumhar,40.0,"Dharmendra Kumar Pandit | Male | 40 | EBC | Kumhar | Incumbent ZP

-Incumbent ZP , 2021 To Till Date , Got 8825 Votes
-Former ZP Contestant, 2016 , Got 3100 Votes
-Former Panchayat Samiti, 2011 To 2016
-Former BDC, 2011 o 2016
-Former Jan Suraaj Block Incharge and Anumandal Adhyaksh
-Businessman(Aanchal Furniture, Aanchal Sweets & Prince Mineral Water)",जिला सचिव,"Sangathan, Incumbent ZP",,,,Vidhan Sabha Sanyojak,,,1.0
Saran,Gopalganj,17. Gopalganj (SC),99. Baikunthpur,Barauli,,Barauli_27,Backward Class (Others),Amit Rai ,,MD.Mahtab Alam,7250076786.0,Minority,Muslim,35.0,"- Two times ZP Runner up
- In 2021, he got 3000 Votes.
- Block Sec of RJD youth wing.",,Onboarded ,,,,Onboarded ZP,,,2.0
Saran,Gopalganj,17. Gopalganj (SC),99. Baikunthpur,Barauli,,Barauli_27,Backward Class (Others),Amit Rai ,,Upendra Tiwari,6299186025.0,General,Brahmin,49.0,,जन सुराज पदयात्री /चुनाव प्रभारी,Sangathan,,,,,,,3.0
Saran,Gopalganj,17. Gopalganj (SC),99. Baikunthpur,Barauli,,Barauli_27,Backward Class (Others),Amit Rai ,,,,,,,,,,,,,,,,4.0
Saran,Gopalganj,17. Gopalganj (SC),99. Baikunthpur,Barauli,,Barauli_27,Backward Class (Others),Amit Rai ,,,,,,,,,,,,,,,,5.0
Saran,Gopalganj,17. Gopalganj (SC),99. Baikunthpur,Sidhwaliya,,Sidhwaliya_28,Unreserved (Mahila),Amit Rai ,,Mohan Prasad Saw,8961161741.0,EBC,Baniya,,"Mohan Prashad Saav | Male | 59 | EBC | Kanu

- 2 times Mukhiya 2006- 2016
- MLA Candidate 
- State General Secretary All India Kanu Mahasabha
- EBC leader.",जिला सलाहकार समिति ,Sangathan,,,,जिला सलाहकार समिति,,,1.0
Saran,Gopalganj,17. Gopalganj (SC),99. Baikunthpur,Sidhwaliya,,Sidhwaliya_28,Unreserved (Mahila),Amit Rai ,,Shri Ashok Singh,9006673304.0,,,,"- Contested the Mukhiya elections in 2016,has a good influence in 8 panchayats in the Sidhwalia block.",जिला सचिव,Sangathan,,,,जिला सचिव,,,2.0
Saran,Gopalganj,17. Gopalganj (SC),99. Baikunthpur,Sidhwaliya,,Sidhwaliya_28,Unreserved (Mahila),Amit Rai ,,Ganesh Rai,9939856281.0,OBC,Yadav,45.0,"- 2nd Consecutive Term as Defacto ZP and contesting since 2006
- Dentist by Profession
- Strong Yadav face in Sidhwalia block",,Onboarded ,,,,Onboarded ZP,,,3.0
Saran,Gopalganj,17. Gopalganj (SC),99. Baikunthpur,Sidhwaliya,,Sidhwaliya_28,Unreserved (Mahila),Amit Rai ,,Shyam Nandan Singh Yadav,7061948996.0,OBC,Yadav,50.0,"- He is contested for ZP in 2021 (3000 votes)
- Former block Adhyaksh of the BJP.
- Worked for BJP at different level for over 3 decades",,"Onboarded , Incumbent ZP",,,,Onboarded ZP,,,4.0
Saran,Gopalganj,17. Gopalganj (SC),99. Baikunthpur,Sidhwaliya,,Sidhwaliya_28,Unreserved (Mahila),Amit Rai ,,,,,,,,,,,,,,,,5.0
Saran,Gopalganj,17. Gopalganj (SC),99. Baikunthpur,Sidhwaliya,,Sidhwaliya_29,Unreserved (Other),Amit Rai ,,Jyoti Bhushan Kunwar,9955735476.0,General,Rajput,32.0,-Incumbent ZP 2021 and secure 5710 votes                                                              -Student Union Adhyaksh 2019 in Kamla Rai College Gopalganj,,Onboarded ,,,,Onboarded ZP,,,1.0
Saran,Gopalganj,17. Gopalganj (SC),99. Baikunthpur,Sidhwaliya,,Sidhwaliya_29,Unreserved (Other),Amit Rai ,,Arjun Sahani,8229887708.0,OBC,Nishad,39.0,-ZP Contestent 2021 and Secure 4974 votes                                                                                                            - Mukhiya Contestent 2016 and secure 265 votes                                                                                                             - Wholesale Hardware business,,Onboarded ,,,,Onboarded ZP,,,2.0
Saran,Gopalganj,17. Gopalganj (SC),99. Baikunthpur,Sidhwaliya,,Sidhwaliya_29,Unreserved (Other),Amit Rai ,,Munna Alam,9661021651.0,General,Muslim,45.0,"Munna Alam | Male | 43 | Minority | Muslim
-Mukhiya Runner Up (2021)
-Businessman (furniture plywood timber logistics complex)
-Prakhand Secretary Mosques Association Sidwaliya",EMC,Sangathan,,,,EMC,,,3.0
Saran,Gopalganj,17. Gopalganj (SC),99. Baikunthpur,Sidhwaliya,,Sidhwaliya_29,Unreserved (Other),Amit Rai ,,Parshuram Singh,8294263811.0,General,Rajput,60.0,"Parshuram Singh | 60 | Male | General | Rajput
-Incumbent BDC (2021 got 1423 votes)
-Former ZP Contestant (2001 lost by 300 votes)
-PACS Contestant (2009 lost by 11 votes)
-Mukhiya Contestant (2016 lost by 250 votes)
-BJP Mandal Mahamantri (2013-2022)
-Joined Jan Suraaj (2022)
-Current Prakhand Adhyaksh Sidwaliya",EMC,Sangathan,,,,Vidhan Sabha Sanyojak,,,4.0
Saran,Gopalganj,17. Gopalganj (SC),99. Baikunthpur,Sidhwaliya,,Sidhwaliya_29,Unreserved (Other),Amit Rai ,,,,,,,,,,,,,,,,5.0
Saran,Gopalganj,17. Gopalganj (SC),99. Baikunthpur,Baikunthpur,,Baikunthpur_30,Unreserved (Other),Amit Rai ,,Abdul Jabar Ali,9771875297.0,Minority,Muslim,37.0,"-ZP Contested 2021 and secure 4,027 votes 3rd Rank
-Former RJD Block Secretary.
-Businessmen: Engaged Real Estate .",,Onboarded ,,,,Onboarded ZP,,,1.0
Saran,Gopalganj,17. Gopalganj (SC),99. Baikunthpur,Baikunthpur,,Baikunthpur_30,Unreserved (Other),Amit Rai ,,Mohan Singh,9771554230.0,General,Bhumihar,46.0,"-ZP Runner-up 2021 secure 5209 votes
-Contested the 2015 Assembly Election as an Independent candidate 3,500 votes 
-Occupation: Farmer & Social Worker",,Runnerup ZP,,,,,,,2.0
Saran,Gopalganj,17. Gopalganj (SC),99. Baikunthpur,Baikunthpur,,Baikunthpur_30,Unreserved (Other),Amit Rai ,,Nagendra Thakur,7250061011.0,obc,nai,45.0,"-Former mukhiya 2011-2016
-contractor bijli vibhag",,,,,,,,,3.0
Saran,Gopalganj,17. Gopalganj (SC),99. Baikunthpur,Baikunthpur,,Baikunthpur_30,Unreserved (Other),Amit Rai ,,Abhinav singh,8809680238.0,General,Rajpur,30.0,"-Runner-up BDC 2021 Lost by 3 votes
-Former Ward Member 2016-21
-Former Up-mukhiya 2016-21
",ACC Online,Online ACC,,,,ACC Online,,,4.0
Saran,Gopalganj,17. Gopalganj (SC),99. Baikunthpur,Baikunthpur,,Baikunthpur_30,Unreserved (Other),Amit Rai ,,,,,,,,,,,,,,,,5.0
Saran,Gopalganj,17. Gopalganj (SC),99. Baikunthpur,Baikunthpur,,Baikunthpur_31,Unreserved (Other),Amit Rai ,,Surendra Rai,9939944911.0,OBC,Yadav,51.0,"2021: Lost ZP election by 319 votes.
2001, 2006 & 2011: Elected as Mukhiya.",,Onboarded ,,,,Onboarded ZP,,,1.0
Saran,Gopalganj,17. Gopalganj (SC),99. Baikunthpur,Baikunthpur,,Baikunthpur_31,Unreserved (Other),Amit Rai ,,Sanjay Singh,9973333570.0,General,Rajput,48.0,"-ZP Contested 2021 secure 4589 votes 3rd Rank
-ZP Runner-up 2016 secure 6700 votes
-ZP Runner-up 2011 Lost by 56 votes
-ZP Contested 2006  3rd Rank
-Runner-up Mukhiya 2001
-Occupation: Farmer",,Runnerup ZP,,,,,,,2.0
Saran,Gopalganj,17. Gopalganj (SC),99. Baikunthpur,Baikunthpur,,Baikunthpur_31,Unreserved (Other),Amit Rai ,,Abhishek pandey,9582114493.0,General,Brahmin,,,ACC Online,Online ACC,,,,ACC Online,,,3.0
Saran,Gopalganj,17. Gopalganj (SC),99. Baikunthpur,Baikunthpur,,Baikunthpur_31,Unreserved (Other),Amit Rai ,,,,,,,,,,,,,,,,4.0
Saran,Gopalganj,17. Gopalganj (SC),99. Baikunthpur,Baikunthpur,,Baikunthpur_31,Unreserved (Other),Amit Rai ,,,,,,,,,,,,,,,,5.0
Saran,Gopalganj,17. Gopalganj (SC),99. Baikunthpur,Baikunthpur,,Baikunthpur_32,Unreserved (Other),Amit Rai ,,Asfaq Ahmed,9431803786.0,Minority,Muslim,54.0,"Ashfaque Ahmad | Male | 54 | Minority | Sheikh | Incumbnet ZP

-Incumbent ZP Member(2021 To Till Date)
-Jan Suraaj Zila Anumandal Mahasachiv
-Farming, Poultry farm and Goat Farm
",,Incumbent ZP,,,,ACC,,,1.0
Saran,Gopalganj,17. Gopalganj (SC),99. Baikunthpur,Baikunthpur,,Baikunthpur_32,Unreserved (Other),Amit Rai ,,Indra Bahadur Aka Bhanu Mishra,9939431609.0,General,Brahmin,62.0,"-Former Congress Zila Mantri & President (2001-2006)
-Former Congress Zila  Maha Mantri ( 2011)
-Jansuraaj Founder Member
-Former BDC ( 2001-2006)
-Zila Parishad Runner Up (2021)",EMC,"Onboarded , Sangathan",,,,ACC,,,2.0
Saran,Gopalganj,17. Gopalganj (SC),99. Baikunthpur,Baikunthpur,,Baikunthpur_32,Unreserved (Other),Amit Rai ,,Sanjay Singh,9199343025.0,General,rajput,46.0,"-social worker
-landlord",सदस्य,Sangathan,,,,सदस्य,,,3.0
Saran,Gopalganj,17. Gopalganj (SC),99. Baikunthpur,Baikunthpur,,Baikunthpur_32,Unreserved (Other),Amit Rai ,,,,,,,,,,,,,,,,4.0
Saran,Gopalganj,17. Gopalganj (SC),99. Baikunthpur,Baikunthpur,,Baikunthpur_32,Unreserved (Other),Amit Rai ,,,,,,,,,,,,,,,,5.0
Sahabad,Buxar,33. Buxar,200. Buxar,Chausa,,Chausa_1,SC (Mahila),Vidya Bharti,,Shri Nillu Kharwar,9308785382 \7488699026,EBC,Kharwar,55.0,"Shri Nillu Kharwar | 55 | EBC | Kharwar
Contest 2006 ZP election (3rd position)
Contest 2011 ZP election
Postman by profession",कर्पूरी मंच अध्यक्ष,Frontals,,,,कर्पूरी मंच अध्यक्ष,,,1.0
Sahabad,Buxar,33. Buxar,200. Buxar,Chausa,,Chausa_1,SC (Mahila),Vidya Bharti,,Arvind Prasad Gupta,9117900576.0,EBC," Teli

",54.0,"Arvind Prasad Gupta | Male | 54 | EBC | Teli

-Two term Mukhiya 2021 & 2016
-ZP runner 2011 lost by few votes
-Socially & Politically active at block Level.",Zila Upadhyaksh,Sangathan Dump,,,,Zila Upadhyaksh,,,2.0
Sahabad,Buxar,33. Buxar,200. Buxar,Chausa,,Chausa_1,SC (Mahila),Vidya Bharti,,Sanjay rai,8709300450.0,General,Bhumihar,55.0,"Sanjay Rai | 55 | General | Bhumihar

- Former Mukhiya for two terms (2006–2016).
- Former JDU Jila Upadhyaksh.
- Currently associated with Jan Suraj.
- Full-time social worker and farmer by profession.",,,,,,,,,3.0
Sahabad,Buxar,33. Buxar,200. Buxar,Chausa,,Chausa_1,SC (Mahila),Vidya Bharti,,Shashikant Dubey,6202642002.0,General,Brahmin,27.0,"

-Incubment UP Pramukh
-Ex BJP Yuwa Prakosth Vice President
-Socially & Politically active at Block & District Level(During Covid Period)",JS Member,Sangathan,,,,Member,,,4.0
Sahabad,Buxar,33. Buxar,200. Buxar,Chausa,,Chausa_1,SC (Mahila),Vidya Bharti,,Veer Bahadaur Singh,8002065742.0,OBC,Yadav,40.0,"Veer Bhadur Singh| Male| 40| OBC| Yadav
                                                                                                                                                                                                                                                                             Incumbent Sarpanch 2021
- Sarpanch Sangh Block Vice-President 2021
- Pashu Tikakarini Sangh Chausa President 
-Prominent Advocate",,,,,,Member,,,5.0
Sahabad,Buxar,33. Buxar,202. Rajpur,Rajpur,,Rajpur_2,Unreserved (Mahila),Vidya Bharti,,Surendra Paswan,9801131181.0,SC,Paswan,56.0,"-JS Zila Abhiyan Samiti Sanyojak 2025
-Former BDC (2016-2021)
-ZP Runner-up 2011 & 2006
-LJP Zila Maha Sachiv (2000-2005)
-Zila Upadhyaksh Samta Party (1993-2000)",राज्य सलाहकार समिति,Sangathan,,,,राज्य सलाहकार समिति,,,1.0
Sahabad,Buxar,33. Buxar,202. Rajpur,Rajpur,,Rajpur_2,Unreserved (Mahila),Vidya Bharti,,Neelam Devi,9801621948.0,General,Rajput,40.0,"Neelam Devi (Wife of Sunil Singh) | 40 | Gen | Rajput
Incumbent ZP (1st Time Contest)
Full-time Politics & Social Worker
Inclination towards Jan Suraj",,Incumbent ZP,Want to meet PK,,,,,,2.0
Sahabad,Buxar,33. Buxar,202. Rajpur,Rajpur,,Rajpur_2,Unreserved (Mahila),Vidya Bharti,,Hareram Singh,6203532522.0,OBC,Kushwaha,44.0,"- ZP Contestant -2021 ( got 2688  votes)
- Studio Bussiness 
- Strong Hold on youth and Kushwaha Voters """,,Sangathan Dump,,,,Member,,,3.0
Sahabad,Buxar,33. Buxar,202. Rajpur,Rajpur,,Rajpur_2,Unreserved (Mahila),Vidya Bharti,,Hareram Singh,6203532522.0,OBC,Kushwaha,44.0,"Hareram Singh| 44| Male| OBC| Kushwaha

- ZP Contestant -2021 ( got 2688  votes)
- Studio Bussiness 
- Strong Hold on youth and Kushwaha Voters ",,,,,,Member,,,4.0
Sahabad,Buxar,33. Buxar,202. Rajpur,Rajpur,,Rajpur_2,Unreserved (Mahila),Vidya Bharti,,Rajesh Kumar Singh,9060025311.0,OBC,Yadav,35.0,"Rajesh Kumar Singh| 35| OBC| Yadav| 

- Mukhiya Sangh Prakhand Adhyaksh
- Incumbent Defacto Mukhiya (2021)
- Prominent Figure in block level politics
- Contested Election in front of several terms mukhiya and ZP Winner
",,,,,,Member,,,5.0
Sahabad,Buxar,33. Buxar,202. Rajpur,Rajpur,,Rajpur_3,Unreserved (Mahila),Vidya Bharti,,Raushan Pandey,7488933663.0,General,Brahmin,40.0,"Raushan Pandey | 40 | Gen | Brahmin
Social Worker | Good influence in the area",,New Name (Recommendation),Ref by Bhim ram(Sangathan Zila Mahasachiv),,,,,,1.0
Sahabad,Buxar,33. Buxar,202. Rajpur,Rajpur,,Rajpur_3,Unreserved (Mahila),Vidya Bharti,,Jhabbu Paswan,6205490513.0,sc,Doosad,40.0,"Jhabbu Paswan | 40 | SC | Dusadh

- Incumbent Panchayat Samiti Member since 2021
- Former Jan Suraj Member, associated since 2022
- Farmer by profession",Js member,New Name (Recommendation),Ref by Dhananjay paswan 9334451998,,,,,,2.0
Sahabad,Buxar,33. Buxar,202. Rajpur,Rajpur,,Rajpur_3,Unreserved (Mahila),Vidya Bharti,,Manoj Kumar Kamkar,9135991570.0,Ebc,Kamkar,50.0,"""Manoj Kumar Kamkar | Male | 50 | EBC | Kamkar

- Defacto Block Pramukh from Rajpur (2024-Present) 
- Defacto Two term BDC (2016 & 2021)
- Defacto Mukhiya Runner-up 2006""",Dsc member,Sangathan,,,,Zila Sachiv,,,3.0
Sahabad,Buxar,33. Buxar,202. Rajpur,Rajpur,,Rajpur_3,Unreserved (Mahila),Vidya Bharti,,,,,,,,,,,,,,,,4.0
Sahabad,Buxar,33. Buxar,202. Rajpur,Rajpur,,Rajpur_3,Unreserved (Mahila),Vidya Bharti,,Abhishek Singh,9142717737.0,General,Rajput,31.0,"-Aligned with JS
-Pradesh Yuva Upadhyaksha LJP 2022-24 (Resigned from Party)
-LJP(R) Zila Yuwa Adhyaksh 2019-22
-Chhatra Sangh leader in 2014 (Ara)",,Onboarded,,,,EMC,,,5.0
Sahabad,Buxar,33. Buxar,202. Rajpur,Rajpur,,Rajpur_4,Unreserved (Mahila),Vidya Bharti,,Amit Kumar Singh,7004255744.0,OBC,Yadav,30.0,"Amit Kumar Singh| 27| Male| OBC| Yadav

- ZP RunnerUp (Got 8000 Votes)
- Runs Glorious Public School
- His Father is Mukhiya From 2001 Onwards
- Actively Worked in BSP ",,,,,,Member,,,1.0
Sahabad,Buxar,33. Buxar,202. Rajpur,Rajpur,,Rajpur_4,Unreserved (Mahila),Vidya Bharti,,Mauli Devi,9304050491/8252091901,General,Mahila,,,,"Onboarded , Incumbent ZP",,,,,,,2.0
Sahabad,Buxar,33. Buxar,202. Rajpur,Rajpur,,Rajpur_4,Unreserved (Mahila),Vidya Bharti,,Amit Kumar Singh,7004255744.0,OBC,Yadav,27.0,"Amit Kumar Singh| 27| Male| OBC| Yadav

- ZP RunnerUp (Got 8000 Votes)
- Runs Glorious Public School
- His Father is Mukhiya From 2001 Onwards
- Actively Worked in BSP ",JS Member,Sangathan,,,,Member,,,3.0
,,,,,,,,,,,,,,,,,,,,,,,,
Sahabad,Buxar,33. Buxar,202. Rajpur,Rajpur,,Rajpur_4,Unreserved (Mahila),Vidya Bharti,,Dharmendra Kumar Pandey,"9113722594
9801804139",General,Brahamin,52.0,"- ZP Contestent -2021 (2432 Votes)
- Z.P Contestant (2016)
- Zila Parishad Won (2011)
- Wife was mukhiya Representative when elected mukhiya was in jail (2001-2006)
""",,Runnerup,,,,Member,,,4.0
Sahabad,Buxar,33. Buxar,202. Rajpur,Rajpur,,Rajpur_4,Unreserved (Mahila),Vidya Bharti,,Jaishnakar Singh,6207193929.0,OBC,Yadav,40.0,"Radhika Devi | Female | 40 | OBC | Yadav

- Incumbent Ward Member 
- BDC  Runner Up in (2006, 2011, 2016) Lost every election with short margin
- Participated in the Tarari by-election campaign, passionately supporting Jansuraj",ओबीसी प्रकोष्ठ अध्यक्ष,Frontals,,,,ओबीसी प्रकोष्ठ अध्यक्ष,,,5.0
Sahabad,Buxar,33. Buxar,202. Rajpur,Itarhi,,Itarhi_5,Backward Class (Others),Vidya Bharti,,Sudhaa Devi,9234351306.0,obc,Baniya,44.0,"Sudha Devi | Female | 44 | OBC | Baniya

ZP Runner-up – 2021 | ZP Winner – 2016
2011 Mukhiya Runner-up – lost by 11 votes
2006 Sarpanch Winner",JS Member,1st Runnerup,,,,Member,,,1.0
Sahabad,Buxar,33. Buxar,202. Rajpur,Itarhi,,Itarhi_5,Backward Class (Others),Vidya Bharti,,Ummat rasul,"9661245933/
9934667654",Minority,Muslim,50.0,"- BDC from 2011 to 2016. 
- ZP Runner up in 2016 and 2021
- Secretary of his village mosque committee",,,,,,Member,,,
Sahabad,Buxar,33. Buxar,202. Rajpur,Itarhi,,Itarhi_5,Backward Class (Others),Vidya Bharti,,Vikash Chaudhari,9973459877.0,ebc,mallah,40.0,"Vikash Chaudhary | 40 | EBC | Mallah
2021 ZP Election – Secured 5,000 votes
2009 PACS Election – Runner-up
Profession – Business",,Runnerup ZP,,,,,,,2.0
Sahabad,Buxar,33. Buxar,202. Rajpur,Itarhi,,Itarhi_5,Backward Class (Others),Vidya Bharti,,Sambhu paswan,7079878522.0,sc,doosad,,,,,,,,,,,3.0
Sahabad,Buxar,33. Buxar,202. Rajpur,Itarhi,,Itarhi_5,Backward Class (Others),Vidya Bharti,,Vidyanand Verma,9708025494.0,EBC,Sonar,45.0,"- ⁠Ex-Mukhiya (2016).
- ⁠Mukhiya runner up 2021
- ⁠Former BDC (2011).",,,,,,,,,
Sahabad,Buxar,33. Buxar,202. Rajpur,Itarhi,,Itarhi_5,Backward Class (Others),Vidya Bharti,,Md Arman,9523956088.0,obc,Muslim,29.0,"Md. Arman | 29 | OBC | Muslim
Incumbent ZP
Secured 8,479 votes and won by 3,000 votes
Business by profession",,Incumbent ZP,meet for Prashant,,,,,,4.0
Sahabad,Buxar,33. Buxar,202. Rajpur,Itarhi,,Itarhi_5,Backward Class (Others),Vidya Bharti,,Ummat rasul,9661245933.0,Minority,Muslim,50.0,"Ummat Rasul| 50| Male| Minority| Muslim

-Z.P Runner Up (2021) ( Got 3228 Votes)
- EX BDC (2016, 2011)
- Former Jila Upadhyaksh in Yuva Rashtriya Janta Dal (2012-2014)",BSC Member,Frontals,,,,EMC,,,5.0
Sahabad,Buxar,33. Buxar,202. Rajpur,Itarhi,,Itarhi_6,SC (Other),Vidya Bharti,,Ajit Samrat,7564965327.0,Obc,baniya,28.0,"Ajit Samrat| Male | 28| OBC| Roniyar

- Former  Zila Prabhari & State Commitee Member of Akhil Bhartiya Parivar Party
- Runs an organization named 'Yatha Sambhav Seva Sansthan', which does social work in the region. About 500 people are its members.
- Brothers in Railway & ISRO
- Father retired from Army",युवा प्रकोष्ठ अध्यक्ष,Frontals,,,,युवा प्रकोष्ठ अध्यक्ष,,,1.0
Sahabad,Buxar,33. Buxar,202. Rajpur,Itarhi,,Itarhi_6,SC (Other),Vidya Bharti,,Jai Shankar Singh,6207193929.0,General,bhumihar,45.0,"""Radhika Devi Wife of Jaishankar singh | Female | 40 | OBC | Yadav

- Incumbent Ward Member 
- BDC  Runner Up in (2006, 2011, 2016) Lost every election with short margin
- Participated in the Tarari by-election campaign, passionately supporting Jansuraj""",,ACC,,,,ओबीसी प्रकोष्ठ अध्यक्ष,,,2.0
Sahabad,Buxar,33. Buxar,202. Rajpur,Itarhi,,Itarhi_6,SC (Other),Vidya Bharti,,Sunil kumar,8969411058.0,SC,Paswan,40.0,"Sunil Kumar | 40 | SC | Paswan
2021 ZP Election – 3rd Runner-up
2015 ZP Election – 2nd Runner-up
Profession – Sports Organiser
Strong hold among youth
Politically strong family background",,New Name (Recommendation),Asha devi mahila jila adhyaksh recommended,,,महिला प्रकोष्ठ अध्यक्ष,,,3.0
Sahabad,Buxar,33. Buxar,202. Rajpur,Itarhi,,Itarhi_6,SC (Other),Vidya Bharti,,Vijaynand Verma,9708025494.0,General,Kayasth,56.0,"Vijaynand Verma | 56 | GEN | Kayasth

- BDC Runner-up – 2021, lost by 7 votes
- Uncle – Former Mukhiya for 20 years
- Former Kary Samiti Sadasya, BJP
- Currently associated with Jan Suraj",Dsc member,Sangathan,,,,Sanghatan Zila Sachive,,,4.0
Sahabad,Buxar,33. Buxar,202. Rajpur,Itarhi,,Itarhi_6,SC (Other),Vidya Bharti,,Manoj Kumar Ojha,9113121688.0,General,Brahmin,58.0,"Manoj Kumar Ojha| 56| Male| Gen| Brahmin

- Zila Mahasacheev INC (2013-2023)
- Itarhi Prakahand Adhyaksh INC (2012-2013)
- Mukhiya Runnerup (2001, 2006, 2011)
- Father Was Mukhiya ( 1977-1990)
- Grand Father Was Mukhiya ( 1954-1977)",,,,,,Member,,,
Sahabad,Buxar,33. Buxar,202. Rajpur,Itarhi,,Itarhi_6,SC (Other),Vidya Bharti,,Diwakar Singh,7368812700.0,General,Rajput,55.0,"Diwakar Rai|Male|49| General| Rajput 

- Incumbent mukhiya sangh prakhand adhyaksh (Itarhi)
- Former Defacto mukhiya (Father 2016)
- Make his own candidate mukhiya on SC seat (Krishna Ram) 2011
- Pradesh Mahasacheev HAM (Kishan Prakostha 2011-15)
- Prepared for MLA Candidature from Dinara Vidhansabha (2015)
- Former Defacto BDC 2006 (Mother)
- Former Defacto Mukhiya 2001 (Brother)",,,,,,Member,,,
Sahabad,Buxar,33. Buxar,202. Rajpur,Itarhi,,Itarhi_6,SC (Other),Vidya Bharti,,Arvind Kumar Pathak,9430951610.0,General,Brahmin,55.0,"Arvind Kumar Pathak| 55| Male| Gen| Brahmin

- Zila Sangathan Sachiv (INC- 2012-2015)
- Former BLO in INC Jila Adhyaksh Election
- Conducted Zila Adhyaksh Election INC
- Former State Core Committe Memeber INC
- Contested Mukhiya Election (2011 Lost)
- Active in PRI Election ",,,,,,Member,,,
,,33. Buxar,202. Rajpur,Itarhi,,Itarhi_6,SC (Other),#N/A,,Sudha Devi,9234351306.0,EBC,KANU,47.0,"Sudha Devi|Female|47|EBC|Kanu

- Former ZP (2016-2021)
- ZP Contestant in 2021 Election 
- Former District President of JDU Women Wing (2019-2021)
- Former Sarpanch and Sarpanch Sangh District President (2006-2011) ",,,,,,Member,,,
Sahabad,Buxar,33. Buxar,202. Rajpur,Itarhi,,Itarhi_6,SC (Other),Vidya Bharti,,Vishwamitra Chaubey 'Munna Chaubey',7979939052.0,General,Brahmin,56.0,"Munna Chaubey | 56 | General | Brahmin

- Incumbent Mukhiya, serving since 2021
- Mukhiya election Runner-up in 2016, lost by 52 votes
- PACS election Runner-up in 2015, lost by 2 votes
- Associated with Jan Suraj for the past 3 years
- Jila Adhyaksh, Mukhiya Sangh
- Profession: Farme",Zila Upadhyaksh,Sangathan,,,,Zila Upadhyaksh,,,5.0
Sahabad,Buxar,33. Buxar,200. Buxar,Buxar,,Buxar_7,Unreserved (Mahila),Vidya Bharti,,Ansu Devi / Dharmraj Singh,6204715132.0,General,Rajput,51.0,"-ZP Contest 2021 (4142 votes, 4th position)
-ZP Contest 2016
-Former Mukhiya 2011-16",,Onboarded,,,,Onboarded ZP,,,1.0
Sahabad,Buxar,33. Buxar,200. Buxar,Buxar,,Buxar_7,Unreserved (Mahila),Vidya Bharti,,Dhanji upadhaya,6307650377.0,General,Brahmin,38.0,"Dhanji Pandey | 38 | General | Brahmin

- Associated with Jan Suraj since the Padyatra.
- Contractor by profession.",Member,New Name (Recommendation),"Ref by -Shriman ji 
9102331855",,,,,,2.0
Sahabad,Buxar,33. Buxar,200. Buxar,Buxar,,Buxar_7,Unreserved (Mahila),Vidya Bharti,,Ravi Bhushan Paswan,8340449453.0,SC,Dusadh,42.0,"-LJP Prakhand Adshyakh
-Mukhiya Winner from 2016-2021
-BDC Winner From 2011-2016",,,,,,Zila Sachiv,,,3.0
Sahabad,Buxar,33. Buxar,200. Buxar,Buxar,,Buxar_7,Unreserved (Mahila),Vidya Bharti,,,,,,,,,,,,,,,,4.0
Sahabad,Buxar,33. Buxar,200. Buxar,Buxar,,Buxar_7,Unreserved (Mahila),Vidya Bharti,,Mamata Kumari,8102882230.0,,,,,,Incumbent ZP,,,,,,,5.0
Sahabad,Buxar,33. Buxar,200. Buxar,Buxar,,Buxar_8,Backward Class (Others),Vidya Bharti,,Nagendra Prajapati,9199020272.0,Ebc,Prajapati,60.0,"Nagendra Prajapati | Male | 60 | EBC | Prajapati

- Incumbent Mukhiya, lead by 1500 votes.
- Runner-Up Mukhiya (2016).
- Former BDC (2011).
- Ward Member (2006).
- Zila Kosha adhyksha of Prajapati Samaj. JDU Prakhand Adhyaksh. JDU vishusutri member.",Advisory Committee/LS Prabahri,Sangathan,,,,सलाहकार समिति,,,1.0
Sahabad,Buxar,33. Buxar,200. Buxar,Buxar,,Buxar_8,Backward Class (Others),Vidya Bharti,,Krishna kumar Shah,7209208436.0,OBC,Vaishya baniya,56.0,"Krishna Kumar Shah|56|Male|OBC|Vaishya Baniya

-ZP contestent 2011
-Mukhiya contestent 2006
- Businessman (wholesale of Clothes)
- Fully onboarded of Jan Suraaj and worked in Bye-Election",,,,,,,,,
Sahabad,Buxar,33. Buxar,200. Buxar,Buxar,,Buxar_8,Backward Class (Others),Vidya Bharti,,Banarsi Bihari Tiwari,7488980166.0,General,Brahmin,30.0,"Banarsi Bihari Tiwari | 30 | General | Brahmin

- Incumbent Ward Councillor (2021).
- Ward Mahasangh Prakhand Adhyaksh (2022).
- Jila Adhyaksh (2023).
- Runs a Farmer Producer Organisation (FPO).
- Actively involved in social work and charity, particularly supporting farmers.
- Provides farmer training, including natural/organic farming practices.
- Pursuing LLB.
- Comes from a strong political/social family background and has good local influence.",Jila Upadhyaksh yuva,Sangathan,"""Ref by -Shriman ji 
9102331855""",,,Zika committee member,,,2.0
Sahabad,Buxar,33. Buxar,200. Buxar,Buxar,,Buxar_8,Backward Class (Others),Vidya Bharti,,Ravi Bhushan Paswan,8340449453.0,Sc,Doosad,40.0,"Ravi Bhusan Paswan | 40 | SC | Doosad

- Former Mukhiya (2016–2021)
- Former BDC (2011–2016)
- Contested Mukhiya election in 2021; Runner-up, lost by a narrow margin
- Former Prakhand Adhyaksh, LJP
- Currently associated with Jan Suraj",Dsc member,Sangathan,,,,Zila Sachiv,,,3.0
Sahabad,Buxar,33. Buxar,200. Buxar,Buxar,,Buxar_8,Backward Class (Others),Vidya Bharti,,Jai Prakash Ram,6204530144.0,SC,Chamar,50.0,"- Incumbent De facto Mukhiya.
- 2016 (GEN)& 2021.
- Zila Sachiv - BSP (2012-14)",,,,,,Member,,,
Sahabad,Buxar,33. Buxar,200. Buxar,Buxar,,Buxar_8,Backward Class (Others),Vidya Bharti,,Niranjan Kumar Pathak,9006134877.0,General,Brahmin,43.0,"-Property Dealer
-Actively Participate in MLA Election",,,,,,Sanghatan Zila Sachiv,,,4.0
Sahabad,Buxar,33. Buxar,200. Buxar,Buxar,,Buxar_8,Backward Class (Others),Vidya Bharti,,Arun Kumar Singh,9006573156.0,OBC,Kushwaha,70.0,"-Ex Mukhiya in 2001 later on seat become Harjan
-Later on Join Communist Party,Help to win 2 MLA,s
-Later on Join CONGRESS Party
-Curreently inclined towards Jan Surraj",,,,,,Member,,,
Sahabad,Buxar,33. Buxar,200. Buxar,Buxar,,Buxar_8,Backward Class (Others),Vidya Bharti,,Rajesh Yadav,9693717846.0,OBC,Yadav,40.0,"Rajesh Yadav|Male|52|OBC|Yadav

- Five Times Incumbent Ward Parshad of Buxar Nagar Parishad - 2002 - Present
 - He owns Krinshna Traders & property dealing business.                                                                                                                                       - He is mobiliser of Yadav, EBC & Mallah Community.            ",,,,,,Member,,,
Sahabad,Buxar,33. Buxar,200. Buxar,Buxar,,Buxar_8,Backward Class (Others),Vidya Bharti,,Harindra Rai,8210451920.0,General,Bhumihar,55.0,"-Ex Mukhiya 2006
-Incumbent Buxar Pramukh till 2011 ",,,,,,Member,,,
Sahabad,Buxar,33. Buxar,200. Buxar,Buxar,,Buxar_8,Backward Class (Others),Vidya Bharti,,"Sanjay Kumar Rai
(Munna Rai)",9546383202.0,General,Bhumihar,45.0,"Sanjay Kumar Rai (Munna Rai) | Male | 45 |Gen | Bhumihar

- Former De facto BDC (2001 & 2006).
- Block Pramukh (2006).",,,,,,Member,,,
Sahabad,Buxar,33. Buxar,200. Buxar,Buxar,,Buxar_8,Backward Class (Others),Vidya Bharti,,Dharmendra Kumar Thakur,7488277724.0,Ebc,Nai,45.0,"Dharmendra Kumar Thakur | 45 | EBC | Nai
Incumbent Zila Parishad | Secured 9,046 votes, won by 2,843 votes
Contested 2015 ZP election – lost by 164 votes
Two-time Mukhiya runner-up (2005, 2010)",,Incumbent ZP,Want to meet PK,,,,,,5.0
Sahabad,Buxar,33. Buxar,199. Brahampur,Simri,,Simri_9,Unreserved (Mahila),Vidya Bharti,,Shri Kameshwar Ojha,9968037479.0,General,Brahmin,68.0,"Kameshwar Ojha | Male | 68 | General | Brahmin | Retired Govt Employee

-Retired Additional Registrar, Central Govt 
-Social Worker",Advisory Committee/LS Prabahri,Sangathan,,,,सलाहकार समिति,,,1.0
Sahabad,Buxar,33. Buxar,199. Brahampur,Simri,,Simri_9,Unreserved (Mahila),Vidya Bharti,,,,,,,,,,,,,,,,2.0
Sahabad,Buxar,33. Buxar,199. Brahampur,Simri,,Simri_9,Unreserved (Mahila),Vidya Bharti,,Prem Sagar Kuwar,9973091171.0,General,Bhumihar,52.0,-Incumbent Mukhiya ,,,Parisiman dekh rahe hai,,,Zila Upadhyaksh,,,3.0
Sahabad,Buxar,33. Buxar,199. Brahampur,Simri,,Simri_9,Unreserved (Mahila),Vidya Bharti,,,,,,,,,,,,,,,,4.0
Sahabad,Buxar,33. Buxar,199. Brahampur,Simri,,Simri_9,Unreserved (Mahila),Vidya Bharti,,,,,,,,,,,,,,,,5.0
Sahabad,Buxar,33. Buxar,199. Brahampur,Simri,,Simri_10,Unreserved (Other),Vidya Bharti,,Ramanuj Upadhyay,7979749596.0,General,Brahmin,54.0,"-Incumbent Defacto Mukhiya (Mother Hiramuni Devi) -2021
-JS Anumandal Upadhyaksh Dumraon 2025
-Prominent Businessman (Surya Fueels Pvt LTD.)
-Director of Coal Brics Industree ( Bengal & Bihar)
-Social worker (working in the Health Sector) ",,Sangathan,,,,Vidhan Sabha Sanyojak,,,1.0
Sahabad,Buxar,33. Buxar,199. Brahampur,Simri,,Simri_10,Unreserved (Other),Vidya Bharti,,Bharat Kumar Mishra,9431452406.0,General,Brahmin,51.0,"Bharat Kumar Mishra | 51 | Gen | Brahmin
Incumbent ZP 2011
Contested 2021 ZP election – 2nd runner up Secured 7,500 votes
Farmer by profession",,1st Runnerup,,,,,,,2.0
Sahabad,Buxar,33. Buxar,199. Brahampur,Simri,,Simri_10,Unreserved (Other),Vidya Bharti,,Kedaar yadav,9631853866.0,Obc,Yadav,60.0,"Kedar Yadav | 60 | OBC | Yadav

- Incumbent Zila Parishad member since 2021
- Former Zila Parishad member – 2001 and 2016
- Contested Assembly elections twice(Brahampur)
- Farmer by profession",,Incumbent ZP,Ref by Vimal Gond	8651540201,,,,,,3.0
Sahabad,Buxar,33. Buxar,199. Brahampur,Simri,,Simri_10,Unreserved (Other),Vidya Bharti,,Akshay  Yadav,9939590796 / 9123441789,OBC,Yadav,55.0,"-ZP Chairman 2013-2016
-Former ZP 2011-2016
-ZP Runner Up (2001,2006,2016,2021)",,,,,,,,,4.0
Sahabad,Buxar,33. Buxar,199. Brahampur,Simri,,Simri_10,Unreserved (Other),Vidya Bharti,,Kamlesh Bari,9931836318.0,EBC,Bari,49.0,"Kamlesh Bari|Male|59|EBC|Bari -Former Mukhiya 2006-2011 - Former Sarpanch 2011-16 -Sarpanch Runner-up 2016  with ""Manavar Ansari | 30| Muslim| 9122226616 - Zila Parishad Runner-up 2021 - Zila Parishad Runner-up 2016 - Prominent Businessman Of Dumraon Anumandal""",,,,,,Sangathan Zila Sachiv,,,5.0
Sahabad,Buxar,33. Buxar,199. Brahampur,Simri,,Simri_11,Unreserved (Other),Vidya Bharti,,Kamal Vas Kunwar,7654256242.0,General,Bhumihar,67.0,"
3-time former ZP
Incumbent ZP
Famous Bhojpuri singer by profession
Strong hold in the area",,"Incumbent ZP, Onboarded",,,,,,,1.0
Sahabad,Buxar,33. Buxar,199. Brahampur,Simri,,Simri_11,Unreserved (Other),Vidya Bharti,,Prem Prakash Dubey,9031237911.0,General,Brahmin,45.0,"Prem Prakash Dubey (Pinku Dubey) | 45 | Gen | Brahmin
Contest 2021 ZP Election
Social Worker ",,New Name (Recommendation),,,,,,,2.0
Sahabad,Buxar,33. Buxar,199. Brahampur,Simri,,Simri_11,Unreserved (Other),Vidya Bharti,,Gandhi Singh Yadav,8651968251.0,OBC,Yadav,38.0,"-ZP Runner up 2021 (6322 votes)
-ZP Contest 2016 (~3500 votes, 4th position)
-Presently in RJD (Former Prakhand Adhyaksh)",,Onboarded,,,,Onboarded ZP,,,3.0
Sahabad,Buxar,33. Buxar,199. Brahampur,Simri,,Simri_11,Unreserved (Other),Vidya Bharti,,,,,,,,,,,,,,,,
Sahabad,Buxar,33. Buxar,199. Brahampur,Simri,,Simri_11,Unreserved (Other),Vidya Bharti,,Sushil Srivastava,7909060977.0,General,Kayasth,55.0,"Sushil Srivastava|Male|55|General|Kayasth

-EX Block Pramukh (2016 to 2018)
-Three term BDC (2006- 11, 2011- 16, 2016- 21)
- Comes from Kayasth Community but got votes from all community.
-2021 election lost by only 49 votes",Dsc member,Sangathan Dump,,,,Sangathan Zila Kisan Adhyaksh,,,5.0
Sahabad,Buxar,33. Buxar,199. Brahampur,Chakki,,Chakki_12,Unreserved (Other),Vidya Bharti,,Ananth Narayan Tiwari,9304245649.0,General,Brahmin,64.0,"-ZP contest 2021 (988 votes, 9th position)
-Advocate by profession (Practice in Dumraon)
-LLB, MA
-Aligned with JS (Former Mukhya Pravakta)",,Onboarded ,,,,EMC,,,1.0
Sahabad,Buxar,33. Buxar,199. Brahampur,Chakki,,Chakki_12,Unreserved (Other),Vidya Bharti,,Dharmendra Pandey,9939871916.0,General,Brahmin,54.0,"Dharmendra Pandey| Male| 54| Gen| Brahmin
 
- Former Zila Upadhayaksh of BJP (2016 - 24)
- Former Mandal President of BJP
- Former District GS of BJYM",Brahampur vidhan sabha chunav prabhari,"Vidhan Sabha prabhari, Sangathan",,,,EMC,,,2.0
Sahabad,Buxar,33. Buxar,199. Brahampur,Chakki,,Chakki_12,Unreserved (Other),Vidya Bharti,,,,,,,,,,,,,,,,3.0
Sahabad,Buxar,33. Buxar,199. Brahampur,Chakki,,Chakki_12,Unreserved (Other),Vidya Bharti,,,,,,,,,,,,,,,,4.0
Sahabad,Buxar,33. Buxar,199. Brahampur,Chakki,,Chakki_12,Unreserved (Other),Vidya Bharti,,,,,,,,,,,,,,,,5.0
Sahabad,Buxar,33. Buxar,199. Brahampur,Brahmpur,,Brahmpur_13,Unreserved (Mahila),Vidya Bharti,,Bebi Devi / Ashok Yadav,9006491091.0,OBC,Yadav,40.0,"Baban Yadav | 40 | OBC | Yadav
Incumbent ZP
Contested 2016 ZP election, lost by 700 votes
Social worker by profession",,Onboarded ,,,,Onboarded ZP,,,1.0
Sahabad,Buxar,33. Buxar,199. Brahampur,Brahmpur,,Brahmpur_13,Unreserved (Mahila),Vidya Bharti,,Raghubar Singh,9831068166.0,General,Rajput,62.0,"""Raghubar Singh | Male | 61 | General | Rajput | Retired SBI Employee

-Retired SBI General Manager in 2024 from Kolkata
-Up Maha Sachiv of SBI Staff Association (2017-2024)
-Mukhya Koshadhyaksh of SBI 2018 to 2024""",,ACC,,,,महामंत्री,,,2.0
Sahabad,Buxar,33. Buxar,199. Brahampur,Brahmpur,,Brahmpur_13,Unreserved (Mahila),Vidya Bharti,,Sashi Bhusan Singh,9934228791.0,General,Rajput,55.0,"Sashi Bhusan Singh | 55 | Gen | Rajput
Former Mukhiya (2016)
Nagar Panchayat Chairman (2022)
Family background politically strong
Uncle – Markand Singh, Former ZP
Brother – Chandra Bhusan Singh, Former Nagar Panchayat Deputy Chairman",,New Name (Recommendation),Ref by jila adhyakash,,,ACC,,,3.0
Sahabad,Buxar,33. Buxar,199. Brahampur,Brahmpur,,Brahmpur_13,Unreserved (Mahila),Vidya Bharti,,Anil Kumar,8271672896.0,Sc,Doosad,50.0,"""Anil Kumar | Male | 40 | SC | Dusadh

 - Incumbent two times Mukhiya ( in general Seat ) - 2016 and 2021
-Former Member of BSP District working Committee - 2018 - 2020
""",Js Member,Sangathan,,,,Member,,,4.0
Sahabad,Buxar,33. Buxar,199. Brahampur,Brahmpur,,Brahmpur_13,Unreserved (Mahila),Vidya Bharti,,,,,,,,,,,,,,,,5.0
Sahabad,Buxar,33. Buxar,199. Brahampur,Brahmpur,,Brahmpur_14,Backward Class (Mahila),Vidya Bharti,,Manju Devi,6201500517.0,OBC,Chandravanshi,50.0,"Manju Devi | Female | 50 | EBC | Chandra Vanshi
Jivika Member
2021 ZP Election Contestant | Got 5,000 Votes",,Runnerup ZP,,,,,,,1.0
Sahabad,Buxar,33. Buxar,199. Brahampur,Brahmpur,,Brahmpur_14,Backward Class (Mahila),Vidya Bharti,,Raushan kumar,916200875619.0,General,Rajput ,24.0,"- Politically & Socially Active 
- Rasitya Yuva Chhaatra Shakti Sangh Sangathan: Since 20215 to 6 thousand member 
- Incumbent Adhyaksh & Chhatra Neta 
- Anchor Bhojpuri and Hindi 
- M.A Geography VKSU ",,ACC,,,,,,,2.0
Sahabad,Buxar,33. Buxar,199. Brahampur,Brahmpur,,Brahmpur_14,Backward Class (Mahila),Vidya Bharti,,Ravi ranjan singh,9939591174.0,Obc,Yadav,40.0,"Ravi Ranjan Singh | 40 | OBC | Yadav

- Former Sarpanch – 2 terms (2006, 2011)
- Associated with Jan Suraj since 2021
- Singer by profession",Dsc member,Sangathan,,,,,,,3.0
Sahabad,Buxar,33. Buxar,199. Brahampur,Brahmpur,,Brahmpur_14,Backward Class (Mahila),Vidya Bharti,,Mohan Prasad,9576131340.0,Sc,Doosad,50.0,"""Mohan Prasad | Male | 48 | SC | Dusadh

- Former 2 term Zila Parishad  2006  2011
- RJD Zila Sachiv 2005-2016
- Member in LJP  2016-2023
- Runner up in Mukhiya 2021""",Js Member,Sangathan,,,,Member,,,4.0
Sahabad,Buxar,33. Buxar,199. Brahampur,Brahmpur,,Brahmpur_14,Backward Class (Mahila),Vidya Bharti,,Sushil Srivastav,7909060977.0,General,Kasyath,52.0,"Sushil Srivastava|Male|55|General|Kayasth

-EX Block Pramukh (2016 to 2018)
-Three term BDC (2006- 11, 2011- 16, 2016- 21)
- Comes from Kayasth Community but got votes from all community.
-2021 election lost by only 49 votes",,,,,,Sangathan Zila Kisan Adhyaksh,,,5.0
Sahabad,Buxar,33. Buxar,201. Dumraon,Chougain,,Chougain_15,Unreserved (Other),Vidya Bharti,,Amresh Ram,9430694806.0,Sc,Chamar,49.0,"Amresh Ram | 49 | SC | Chamar
Contest Mukhiya Election – 2006 (3rd Position)
Former Ward Parshad – 2 Times
Event Planner by Profession
Strong Hold in the Block",,New Name (Recommendation),Ref by Dhirendra yadav (prakhand president) 9279701126,,,,,,1.0
Sahabad,Buxar,33. Buxar,201. Dumraon,Chougain,,Chougain_15,Unreserved (Other),Vidya Bharti,,,,,,,,,,,,,,,,2.0
Sahabad,Buxar,33. Buxar,201. Dumraon,Chougain,,Chougain_15,Unreserved (Other),Vidya Bharti,,,,,,,,,,,,,,,,3.0
Sahabad,Buxar,33. Buxar,201. Dumraon,Chougain,,Chougain_15,Unreserved (Other),Vidya Bharti,,,,,,,,,,,,,,,,4.0
Sahabad,Buxar,33. Buxar,201. Dumraon,Chougain,,Chougain_15,Unreserved (Other),Vidya Bharti,,,,,,,,,,,,,,,,5.0
Sahabad,Buxar,33. Buxar,201. Dumraon,Dumraon,,Dumraon_16,Backward Class (Mahila),Vidya Bharti,,Sohan Gupta,9934453836.0,Ebc,Teli,35.0,"Sohan Gupta |Husband of Sushma gupta | Male | 35 | EBC | Teli
ZP Runner-up 2021 (4,131 votes) | Lost by 600 votes",,Runnerup ZP,Want to meet pk,,,,,,1.0
Sahabad,Buxar,33. Buxar,201. Dumraon,Dumraon,,Dumraon_16,Backward Class (Mahila),Vidya Bharti,,Bimla Devi,7870328714.0,EBC,Badhai,40.0,"Bimla Devi | 35 | EBC | Badhai
2021 ZP Runner-up | 2015 ZP Contestant
Husband: Zila Adhyaksh, Badhai Samaj",,Runnerup ZP,,,,,,,2.0
Sahabad,Buxar,33. Buxar,201. Dumraon,Dumraon,,Dumraon_16,Backward Class (Mahila),Vidya Bharti,,सुषमा गुप्ता,9934453836.0,,,,Zp 2021 Election 4152 Vote,,1st Runnerup,,,,,,,3.0
Sahabad,Buxar,33. Buxar,201. Dumraon,Dumraon,,Dumraon_16,Backward Class (Mahila),Vidya Bharti,,Deepak Kumar Yadav,6299268033.0,Obc,Yadav,33.0,"Deepak Kumar Yadav | 33 | OBC | Yadav

- Younger brother of the incumbent Block Pramukh
- Father served as Block Pramukh for 10 years
- Father and grandfather served multiple terms as Mukhiya
- Father is former Pradesh Mahasachiv, RJD
- Currently associated with Jan Suraj
- Runs a CBSE-affiliated 10+2 school with around 1,300 students
- Involved in mining and transportation businesses",EMC,Sangathan,,,,EMC,,,4.0
Sahabad,Buxar,33. Buxar,201. Dumraon,Dumraon,,Dumraon_16,Backward Class (Mahila),Vidya Bharti,,,,,,,,,,,,,,,,5.0
Sahabad,Buxar,33. Buxar,201. Dumraon,Dumraon,,Dumraon_17,SC (Other),Vidya Bharti,,Dhananjay Paswan,9334451988.0,SC,Paswan,42.0,"-Incumbent Defacto Block Pramukh: 2016- Onwards
-Former LJP(R), SC/ST Cell Pradesh Upadhyaksh, 2024 -25
-Former LJP(R), SC/ST Cell Pradesh Mahasachiv, 2023-24
-Former HAM Member, 2015-20
-Owns a Rice Mill Plant","राज्य सलाहकार समिति में आने वाले शाहाबाद क्षेत्र (बक्सर, कैमूर,रोहतास एवं भोजपुर)",Sangathan,,,,"राज्य सलाहकार समिति में आने वाले शाहाबाद क्षेत्र (बक्सर, कैमूर,रोहतास एवं भोजपुर)",,,1.0
Sahabad,Buxar,33. Buxar,201. Dumraon,Dumraon,,Dumraon_17,SC (Other),Vidya Bharti,,Munna Prasad,8787041583.0,Ebc,Tatwa,48.0,"""Munna Prasad | Male | 48 | EBC | Tatva

- Incumbent Zila Parishad 2021 and won with 8000 votes margin 
- ZP Runner-up 2016 and got 4000 votes
- Mukhiya Contestant and lost by 30 votes. 
",,"Sangathan, Incumbent ZP",,,,Zila Upadhyaksh,,,2.0
Sahabad,Buxar,33. Buxar,201. Dumraon,Dumraon,,Dumraon_17,SC (Other),Vidya Bharti,,ददन प्रसाद आजाद,6201043950.0,,,,Contest zp election 2021 secured 3200 votes,,1st Runnerup,,,,,,,3.0
Sahabad,Buxar,33. Buxar,201. Dumraon,Dumraon,,Dumraon_17,SC (Other),Vidya Bharti,,,,,,,,,,,,,,,,4.0
Sahabad,Buxar,33. Buxar,201. Dumraon,Dumraon,,Dumraon_17,SC (Other),Vidya Bharti,,,,,,,,,,,,,,,,5.0
Sahabad,Buxar,33. Buxar,201. Dumraon,Nawanagar,,Nawanagar_18,Unreserved (Other),Vidya Bharti,,Dr. Santosh Kumar Gupta,9507875733.0,Ebc,Halwai,32.0,"""Dr. Santosh Kumar Gupta | Male | 32 |EBC| Halwai

- His sister-in-law was Mukhiya (Sandhya Gupta) from Atimi 2016-2021
- Work with Dr. SK Patel for BJP in Varanasi
- Former BJP Supporter
- He runs a Clinic.""",Nawanagar Prakhand yuva Adhyaksh,Sangathan,,,,Nawanagar Prakhand yuva Adhyaksh,,,1.0
Sahabad,Buxar,33. Buxar,201. Dumraon,Nawanagar,,Nawanagar_18,Unreserved (Other),Vidya Bharti,,Ramji Tiwari,9939217267.0,General,Brahamin,52.0,"Ramji Tiwari | Male | 52 | General | Brahmin

- 2 terms Mukhiya 2001, 2016 
- ZP Member 2006
- ZP Runner-up 2011
- Mukhiya Runner-up 2021",Zila Upadhyaksh,Sangathan,,,,,,,2.0
Sahabad,Buxar,33. Buxar,201. Dumraon,Nawanagar,,Nawanagar_18,Unreserved (Other),Vidya Bharti,,,,,,,,,,,,,,,,3.0
Sahabad,Buxar,33. Buxar,201. Dumraon,Nawanagar,,Nawanagar_18,Unreserved (Other),Vidya Bharti,,Md.Salim,8873208445.0,OBC,Minority,40.0,"-Congress Prakhand Adshyakh
-Contest 2016 BDCElection
-Loss 2021 BDC Election by 100 Votes
-Currently Working with Prakhand Pramukh",,,,,,Member,,,4.0
Sahabad,Buxar,33. Buxar,201. Dumraon,Nawanagar,,Nawanagar_18,Unreserved (Other),Vidya Bharti,,Kushum Devi,7870870035.0,Obc,Yadav,40.0,"Kusum Devi (Wife of Munna Yadav) | 40 | OBC | Yadav
2001 Zila Parishad Upadhyaksh
2016 former ZP
incumbent ZP
Social Worker",,Incumbent ZP,Want to meet PK,,,,,,5.0
Sahabad,Buxar,33. Buxar,201. Dumraon,Kesath,,Kesath_19,Unreserved (Other),Vidya Bharti,,Dhannajay Kumar Aarya,9102788811.0,EBC,Chandravanshi,50.0,"Dhananjay Kumar Arya | 50 | EBC | Chandrawanshi
2021 ZP Election Runner-up
2016 ZP Incumbent
Ex-Panchayat Samiti Member
Businessman (Gas Agency) by profession",jila vp,Sangathan,,,,Zila VP,,,1.0
Sahabad,Buxar,33. Buxar,201. Dumraon,Kesath,,Kesath_19,Unreserved (Other),Vidya Bharti,,Ramesh Prasad,8872697438.0,EBC,Bari,44.0,"Ramesh Prasad | Male | 55 | OBC | Bari

- Owner Of Pankaj Tailor Shop (e.g  Like Manyavar)
- He Has several Branches Of His Shop In Different Cities Of India ( Haryana, punjab, Chandigarh,Balia & Buxar)
- He Is renowned Businessman of Buxar district",,,,,,Sangathan Zila Upadhyaksh,,,2.0
Sahabad,Buxar,33. Buxar,201. Dumraon,Kesath,,Kesath_19,Unreserved (Other),Vidya Bharti,,,,,,,,,,,,,,,,3.0
Sahabad,Buxar,33. Buxar,201. Dumraon,Kesath,,Kesath_19,Unreserved (Other),Vidya Bharti,,,,,,,,,,,,,,,,4.0
Sahabad,Buxar,33. Buxar,201. Dumraon,Kesath,,Kesath_19,Unreserved (Other),Vidya Bharti,,,,,,,,,,,,,,,,5.0
Sahabad,Buxar,33. Buxar,201. Dumraon,Nawanagar,,Nawanagar_20,Unreserved (Other),Vidya Bharti,,Ramakant Sinh,9939599402.0,General,Rajput,48.0,"Ramakant Singh | 48 | Gen | Rajput
2021 ZP 2nd Runner-up | 2016 ZP Contest",,Runnerup ZP,,,,,,,1.0
Sahabad,Buxar,33. Buxar,201. Dumraon,Nawanagar,,Nawanagar_20,Unreserved (Other),Vidya Bharti,,Saroj Kumar Choubey ,9622105439.0,General,Brahmin,53.0,"Saroj Kumar Choubey | Male | 53 | General | Brahmin | Retired Army

-Retired Subedaar Indian Army
-Farmer
",,ACC,,,,ACC,,,2.0
Sahabad,Buxar,33. Buxar,201. Dumraon,Nawanagar,,Nawanagar_20,Unreserved (Other),Vidya Bharti,,Baljit Kumar Patel,9661423811.0,Ebc,Kurmi,45.0,,,Runnerup ZP,,,,,,,3.0
Sahabad,Buxar,33. Buxar,201. Dumraon,Nawanagar,,Nawanagar_20,Unreserved (Other),Vidya Bharti,,,,,,,,,,,,,,,,4.0
Sahabad,Buxar,33. Buxar,201. Dumraon,Nawanagar,,Nawanagar_20,Unreserved (Other),Vidya Bharti,,,,,,,,,,,,,,,,5.0
Sahabad,Rohtas,33. Buxar,210. Dinara,Dawath,,Dawath_1,Unreserved (Mahila),Poonam Bharti,,Shri Sunil Kumar Soni alias Sanju Soni,9955116120.0,OBC,Sonar,45.0,Jewellery shop. social worker,Ex. Jila Adhyaksh,Sangathan,he wanted to work at pradesh level.,,,व्यावसायिक प्रकोष्ठ अध्यक्ष,,,1.0
Sahabad,Rohtas,33. Buxar,210. Dinara,Dawath,,Dawath_1,Unreserved (Mahila),Poonam Bharti,,Manti Maurya,7488146604.0,OBC,Kushwaha,32.0,she is a former JDU Pradesh Sachiv. She is a runner up at 2022 Zila Parishad Election.,"not an active member of part yet, but want to join the party.",1st Runnerup,"Talked to Ravi Singh, he is Adhyaksh of Rohtas District, he confirms she is an active leader and will surely fight the election and we should move forward with it.",,,,,,2.0
Sahabad,Rohtas,33. Buxar,210. Dinara,Dawath,,Dawath_1,Unreserved (Mahila),Poonam Bharti,,,,,,,,,,,,,,,,3.0
Sahabad,Rohtas,33. Buxar,210. Dinara,Dawath,,Dawath_1,Unreserved (Mahila),Poonam Bharti,,,,,,,,,,,,,,,,4.0
Sahabad,Rohtas,33. Buxar,210. Dinara,Dawath,,Dawath_1,Unreserved (Mahila),Poonam Bharti,,,,,,,,,,,,,,,,5.0
Sahabad,Rohtas,33. Buxar,210. Dinara,Surajpura,,Surajpura_2,Unreserved (Mahila),Poonam Bharti,,Vikash Kr Yadav,9955006009.0,OBC,Yadav,50.0,"Zila Parishad from 2011-16
Runner up at 2021.
Member of RJD",,Runnerup ZP,"he is currently with RJD but not happy with party functioning, wants to meet me, he lives in Patna. he also wants to meet Prashant, i am hopeful of him joining Jan Suraj",,,,,,1.0
Sahabad,Rohtas,33. Buxar,210. Dinara,Surajpura,,Surajpura_2,Unreserved (Mahila),Poonam Bharti,,Urmila Devi / Ashok Yadav,7654448049.0,OBC,Yadav,52.0,"-ZP Contest 2021 (2844 votes, 4th Position)
-Independent (not associated with any party)
-Wife, Former Pramukh 2016
-Father, Former Pramukh 2011","not an active member of part yet, but want to join the party.",Onboarded ,there is a chance that surajpura prakhand can be moved for nagar panchayat election this time as it has already been moved to urban area.,,,Onboarded ZP,,,2.0
Sahabad,Rohtas,33. Buxar,210. Dinara,Surajpura,,Surajpura_2,Unreserved (Mahila),Poonam Bharti,,Mohammad Shamim,9576787664.0,EBC,Muslim,45.0,"Md Shamim | 45 | Male | Minority | Muslim
 -Incumbent Sarpanch Sangh Block Adhyaksh, 2021
 - Two terms Sarpanch, 2016 & 2021 - ZP runner up in 2011, secured 2000 votes
 - Up Mukhiya 2006
 - Rohtas Zila Sarpanch Sangh Legal Advisor (2021-2024)
 -Former Congress OBC Zila Adhyaksh, OBC cell from 2006-2011
 - Father was in Bihar Police",Block Prabhari,"Sangathan Dump, Onboarded","he will fight the election at any cost, if the seat get SC reserved then also he will give a candidate. he is so confident, he is 100% sure he will fight the election.",,,,,,3.0
Sahabad,Rohtas,33. Buxar,210. Dinara,Surajpura,,Surajpura_2,Unreserved (Mahila),Poonam Bharti,,,,,,,,,,,,,,,,4.0
Sahabad,Rohtas,33. Buxar,210. Dinara,Surajpura,,Surajpura_2,Unreserved (Mahila),Poonam Bharti,,,,,General,,,,,,,,,,,5.0
Sahabad,Rohtas,33. Buxar,210. Dinara,Dinara,,Dinara_3,Backward Class (Others),Poonam Bharti,,Dr. Ashok Kumar Singh / Rupesh Kumar Singh,6206085911/ 9572135911,,Rajput,75/48,"Dr Ashok Kumar Singh | Male | 75 | General | Rajput

- MLA Contestent karakat Constituency (1985, 1990)
- General Physician (1981- Present)
- IMA member (2001- 2004)
- Owns Hospital in Nasriganj. his son will fight the elction",सलाहकार समिति,Sangathan,"9572135911, rupesh kumar singh urf nikku. he has contested MLA election twice. called his sonu nikku who is going to fight the ZP election but he didnot recieve the call. call connected, ready to make 20 members committee.",,,,,,1.0
Sahabad,Rohtas,33. Buxar,210. Dinara,Dinara,,Dinara_3,Backward Class (Others),Poonam Bharti,,Janardan Kumar Chaudhary,9334040523.0,EBC,Nonia,36.0,"Runner up at 2021 election. lost by 500-600. Graduate, runs local clinic at panchayat.",he is in the party but doesnot any position holder,1st Runnerup,"he wants to fight election, runs a local clinic, not a doctor, may be practioner, seems enthustics for party and ZP election. can be helpful for party. ",,,,,,2.0
Sahabad,Rohtas,33. Buxar,210. Dinara,Dinara,,Dinara_3,Backward Class (Others),Poonam Bharti,,Ravi ranjan Singh,9801513036.0,General,Rajput,42.0,"Ravi Ranjan Singh | Male | 40 | General | Rajput | PACS Contestant

-Former PACS Contestant, 2014 Got 400 Votes
-Former ASA Party, Rashtriya Mahasachiv, 2024 To 2025
-Former JDU Pradesh Mahasachiv, 2005 To 2022",Zila Adhyaksh,Sangathan,"he wants to fight the election or if seat is reserved, he will probably file a dummy candidate.",,,अध्यक्ष,,,3.0
Sahabad,Rohtas,33. Buxar,210. Dinara,Dinara,,Dinara_3,Backward Class (Others),Poonam Bharti,,Janardhan Paswan,7870441517.0,SC,Dusadh,42.0,"Manoj Kumar Paswan | 44 | Male | SC | Dusadh

- Runner up ZP of Dinara in 2016 got 2700 votes
- Former LJP Dalit Sena District Vice President, Block (2000-2003)
- Former Ambedkar Kalyan Hostel Bikramganj Block President (2000-2003)",Sangathan Zila Upadhyaksh,Sangathan Dump,he is thinking of fighting the election if the seat get reserved.,,,Sangathan Zila Upadhyaksh,,,4.0
Sahabad,Rohtas,33. Buxar,210. Dinara,Dinara,,Dinara_3,Backward Class (Others),Poonam Bharti,,Santosh Kumar Kushwaha,9060012867.0,OBC,Kushwaha,48.0,"Santosh Kumar Kushwaha | 48 | Male | OBC | Kushwaha

- ZP runner up (2021)
- District working committee member- INC (2015- 20)",Prakhand Adhyaksh,Sangathan Dump,,,,,,,5.0
Sahabad,Rohtas,33. Buxar,210. Dinara,Dinara,,Dinara_4,SC (Other),Poonam Bharti,,Shri Kanhaiya Sharma,8084655201.0,EBC,Nai,65.0,"""Kanhaiya Sharma|Male| 65|Nai|
 
Former RJD EBC Cell State Secretary
Former Dalit sena Adhyaksh (Rohtas)
Former JDU District secretary
20 Sutri adhyaksh (Dinara) 
Independent MLA Contestant in 1990 (Got 3000 Vote)
ZP Contestant 2016 and 2021 (Got 3000 And 6500 Vote)""",Karpuri Manch Adhyaksh,Sangathan,Ashok Kumar Gupta has given a positive review of this person.,,,कर्पूरी मंच अध्यक्ष,,,1.0
Sahabad,Rohtas,33. Buxar,210. Dinara,Dinara,,Dinara_4,SC (Other),Poonam Bharti,,Gautam Kumar,6202476399.0,SC,Ravidas,29.0,"-ZP Contest 2021 (2533 votes, 5th position). PG in Economics from Veer Kumhar Singh University.
-Independent",he hasnot joined the party officially.,Onboarded ,"he wants to join the party, is an active politician, do social work, he has fought the last ZP election on crowd funding and has been vocal about dalit rights. he helps dalit children in studying.",,,Onboarded ZP,,,2.0
Sahabad,Rohtas,33. Buxar,210. Dinara,Dinara,,Dinara_4,SC (Other),Poonam Bharti,,Vikash Pandey/ Kriti Pandey,9006340078.0,General,Brahmin,45.0,"Current BDC
JSP anumandal Adhyaksh
Lost Mukhiya Election 2021",Anumandal Adhyaksh,Recommendation Source Categories,"Kanhaiya kumar(karpuri manch Adhyaksh) has recommended his name, currently he is dealer of sarkari ypjana, so his wife will fight the election. ",,,Sangathan Zila Adhyaksh,,,3.0
Sahabad,Rohtas,33. Buxar,210. Dinara,Dinara,,Dinara_4,SC (Other),Poonam Bharti,,Ajay Kumar Ravi,9122017951.0,SC,Ravidas,49.0,"-ZP Contest 2021 (3086 votes, 4th Position)
-Presently in CPI ML",,Onboarded,,,,Onboarded ZP,,,4.0
Sahabad,Rohtas,33. Buxar,210. Dinara,Dinara,,Dinara_4,SC (Other),Poonam Bharti,,,,,,,,,,,,,,,,5.0
Sahabad,Rohtas,33. Buxar,210. Dinara,Dinara,,Dinara_5,SC (Other),Poonam Bharti,,Virendra Kumar,9973228016.0,SC,Ravidas,56.0,"Runner up for Mukhiya in 2001
Mukhiya in 2006
Runner up in 2016, 2021. lost the elections by 500 votes.",he hasnot joined the party officially.,1st Runnerup,"whatever happens after Parshimn, he is going to fight the election, either himself or giving another candidate. he is dreaming of Vidhansabha 2030 election",,,,,,1.0
Sahabad,Rohtas,33. Buxar,210. Dinara,Dinara,,Dinara_5,SC (Other),Poonam Bharti,,Mintesh Kumar,6201438542.0,SC,Paswan,40.0,"-ZP Contest 2021, got 5327 votes (4th Position)
-Independent",he hasnot joined the party officially.,Onboarded,"sanjay jaiswal is a close associate of him, sanjay jaiswal is the candidate of JS from Dinara Assembly constituency. his candidature needed to be confirmed by Sanjay Jaiswal once.",,,,,,2.0
Sahabad,Rohtas,33. Buxar,210. Dinara,Dinara,,Dinara_5,SC (Other),Poonam Bharti,,Bimla Devi,9939306954.0,EBC,Nonia,55.0,"Bimla Devi | Female | 55 | EBC | Noniya - 3 term ZP runner up-2006, 2011, 2016",Sangathan Zila Upadhyaksh,Sangathan Dump,"she will decide after delimitation,",,,,,,3.0
Sahabad,Rohtas,33. Buxar,210. Dinara,Dinara,,Dinara_5,SC (Other),Poonam Bharti,,,,,,,,,,,,,,,,4.0
Sahabad,Rohtas,33. Buxar,210. Dinara,Dinara,,Dinara_5,SC (Other),Poonam Bharti,,,,,,,,,,,,,,,,5.0
Sahabad,Rohtas,34. Sasaram (SC),209. Kargahar,Kochas,,Kochas_6,Backward Class (Others),Poonam Bharti,,Ashutosh Tiwari,9801670293.0,General,Brahmin ,40.0,"Ashutosh Kumar Tiwari | Male | 40 | General | Brahmin 

- BJP Kisan Mandal Adhyaksha (2016-2019)
- BJP Mandal Adhyaksha (2013-2016)
"" Conducted 600 Sabha During Vistar Campaigh
Zila Chunav Prabhari
Online Registration""",EMC,"""Sangathan, Sangathan Dump""",He is waiting for roster but he is active in JSP and wants to contest election with JSP,,,EMC,,,1.0
Sahabad,Rohtas,34. Sasaram (SC),209. Kargahar,Kochas,,Kochas_6,Backward Class (Others),Poonam Bharti,,Vinay Kumar Pal,9123107434.0,EBC,Pal,48.0,Incumbent Zila Parshad,he wants to join the party officially.,"Sangathan, Incumbent ZP","ashok kumar gupta has given a good feedback about vinay ji. he will for sure give his candidate if the seat get reserved for SC, if case of seat going unreserved, he will fight the election.",,,,,,2.0
Sahabad,Rohtas,34. Sasaram (SC),209. Kargahar,Kochas,,Kochas_6,Backward Class (Others),Poonam Bharti,,Naseem Ahmed,9931270039.0,Minority,Muslim,35.0,"-ZP Runner up 2021 (11696 votes)
-Brother of Shamim Ahmed JS Senior Leader
-Brother's wife, Incumbent Nagar Panchayat Adhyaksh",,1st Runnerup,,,,Onboarded ZP,,,3.0
Sahabad,Rohtas,34. Sasaram (SC),209. Kargahar,Kochas,,Kochas_6,Backward Class (Others),Poonam Bharti,,Gulshan Kumar / Punam Devi,6287108180.0,OBC,Baniya,28.0,"-ZP Contest 2021 (4289 votes, 4th position)
-Mother Punam Devi Former ZP Upadhyaksh (2 times ZP, 2006-2016)",,Onboarded ZP,,,,Onboarded ZP,,,4.0
Sahabad,Rohtas,34. Sasaram (SC),209. Kargahar,Kochas,,Kochas_6,Backward Class (Others),Poonam Bharti,,,,,,,,,,,,,,,,5.0
Sahabad,Rohtas,34. Sasaram (SC),209. Kargahar,Kochas,,Kochas_7,Unreserved (Mahila),Poonam Bharti,,Jag Mohan Singh/ Sushama Devi,9955624045.0,OBC,yadav,63/31,"he was Mukhiya in 2001-06
his father was also a Mukhiya.
fought last 2 ZP election, was runner up both the time.",,Runnerup ZP,"his bahu fought the last election as the seat was reserved for women. his father was friend was friend of Prashant's father, he follows party and wants to join the party.",,,,,,1.0
Sahabad,Rohtas,34. Sasaram (SC),209. Kargahar,Kochas,,Kochas_7,Unreserved (Mahila),Poonam Bharti,,Vivek kr Kushwaha,6205378944.0,OBC,Kushwaha,35.0,"Runner up ZP Election 2021,
secured 5th rank, got 5000 votes
He is a contractor",he wants to join the party officially.,Runnerup,"he will fight the election, there is a chance this seat will become nagar panchayat.",,,,,,2.0
Sahabad,Rohtas,34. Sasaram (SC),209. Kargahar,Kochas,,Kochas_7,Unreserved (Mahila),Poonam Bharti,,Manoj Kumar,9334313561.0,SC,Chamar,44.0,Mukhiya Runner up in 2016 and 2021,,EMC,,,,EMC,,,3.0
Sahabad,Rohtas,34. Sasaram (SC),209. Kargahar,Kochas,,Kochas_7,Unreserved (Mahila),Poonam Bharti,,,,,,,,,,,,,,,,4.0
Sahabad,Rohtas,34. Sasaram (SC),209. Kargahar,Kochas,,Kochas_7,Unreserved (Mahila),Poonam Bharti,,,,,,,,,,,,,,,,5.0
Sahabad,Rohtas,34. Sasaram (SC),209. Kargahar,Kargahar,,Kargahar_8,SC (Mahila),Poonam Bharti,,Sanjay Baitha/ Hevanti Devi,9110173732.0,SC,Dhobi,50/46,he fought the Zila Parishad election in 2021 for the first time secures 2nd position with 10000 votes,Jan Suraj VidhanSabha Prabhari,1st Runnerup,he is already a member of party and wants to fight Jan Suraj election. ,,,Sangathan Zila Abhiyan Samiti Sanyojak,,,1.0
Sahabad,Rohtas,34. Sasaram (SC),209. Kargahar,Kargahar,,Kargahar_8,SC (Mahila),Poonam Bharti,,Indu Devi / Jaiprakash Paswan,8757583983.0,SC,Paswan,30.0,"-ZP Contest 2021 (3546 votes, 4th position)
-Independent",,Onboarded ,,,,Onboarded ZP,,,2.0
Sahabad,Rohtas,34. Sasaram (SC),209. Kargahar,Kargahar,,Kargahar_8,SC (Mahila),Poonam Bharti,,Surendra Tiwari,6204452013.0,General,Brahmin,55.0," Surendra Tiwari | Male | 55 | General |  Brahmin

- ZP Runner up 2021, 2016, 2011
- Dainik Jagaran Reporter since 2000 
- Brahman Ekta Manch Pradesh Adhyaksh since 2022
- Upadhyaksh International Patrakar Union of India-Nepal Kala Sanskriti Manch
- He was running a School (1998-2002) in Kochas Block
- Provided free education for 4 years in Prathamik Vidyalaya
",BSC Member,Sangathan Dump,he will give a candidate if the seat is unreserved.,,,Member,,,3.0
Sahabad,Rohtas,34. Sasaram (SC),209. Kargahar,Kargahar,,Kargahar_8,SC (Mahila),Poonam Bharti,,,,,,,,,,,,,,,,4.0
Sahabad,Rohtas,34. Sasaram (SC),209. Kargahar,Kargahar,,Kargahar_8,SC (Mahila),Poonam Bharti,,,,,,,,,,,,,,,,5.0
Sahabad,Rohtas,34. Sasaram (SC),209. Kargahar,Kargahar,,Kargahar_9,Backward Class (Others),Poonam Bharti,,Gufran Raain,9523286597.0,EBC,Muslim,30.0,"-ZP Contest 2021 got 4046 votes (3rd Position)
-Aligned with JS
-Former JS Anumandal Yuva Sachiv 2025",,Onboarded ,,,,Onboarded ZP,,,1.0
Sahabad,Rohtas,34. Sasaram (SC),209. Kargahar,Kargahar,,Kargahar_9,Backward Class (Others),Poonam Bharti,,Mahabir Sah,9006199207.0,EBC,Halwai,49.0,Incumbent ZP,,Incumbent ZP,"he is an incumbent ZP, wife is mukhiya, he has also fought dinara assembly election from BSP ticket. ready to join the party and work with us.",,,Member,,,2.0
Sahabad,Rohtas,34. Sasaram (SC),209. Kargahar,Kargahar,,Kargahar_9,Backward Class (Others),Poonam Bharti,,Arjun Prasad Gupta,8084831084.0,EBC,Halwai,55.0,"Arjun Prasad Gupta | Male | 55 | EBC | Halwai | 

- LJP Atipichda Prakosth Zila Adhayaksha - 2012-16
- LJP Prakhand Adhayaksha 2002-12
- Vaisya Samaj Prakhand Adhayaksha 2004- Present 
- Kanu Haluwai Samaj Sangathan Adhayaksha 2004- Present
- Sarpanch Runnerup 2021
",,"Sangathan Dump, ""Sangathan, Incumbent ZP""",,,,Sangathan Zila Mahasachiv,,,3.0
Sahabad,Rohtas,34. Sasaram (SC),209. Kargahar,Kargahar,,Kargahar_9,Backward Class (Others),Poonam Bharti,,Dev Vansh Ram,8292278868.0,SC,Chamar,,,recommended by Vinod Tiwari LS Prabhari.,Sangathan,,,,,,,4.0
Sahabad,Rohtas,34. Sasaram (SC),209. Kargahar,Kargahar,,Kargahar_9,Backward Class (Others),Poonam Bharti,,,,,,,,,,,,,,,,5.0
Sahabad,Rohtas,34. Sasaram (SC),209. Kargahar,Kargahar,,Kargahar_10,Unreserved (Mahila),Poonam Bharti,,Satyam Pandey,8340153663.0,General,Brahmin,27.0,"-Jan Suraaj Zila Yuva Adhyaksh 2025
 -Former Congress Yuva Zila Karyakari Adhyaksh (2022 To 2025); 
Former Congress Zila Upadhyaksh (2019 To 2022); 
Former NSUI Sachiv (2018 To 2019); 
Former Student Union President S.N College NSUI (2018 To 2019);",,Sangathan,,,,EMC,,,1.0
Sahabad,Rohtas,34. Sasaram (SC),209. Kargahar,Kargahar,,Kargahar_10,Unreserved (Mahila),Poonam Bharti,,Reena Devi,7870171306.0,General,Rajput,38.0,"Runner up at Zila Parishad in 2021(secured more than 5500 vote and at 4th position, the margin between her and the winner is 1500 votes)
Owns Beauty Parlour
Mahilla Prakosth Zila Adhyaksh of LJP.
Husband is contractor at Electricity board",,Runnerup ZP,She is ready to contest the election and join our party. i feel she is an independent women and shoukd be treated with respect and honoured properly.,,,,,,2.0
Sahabad,Rohtas,34. Sasaram (SC),209. Kargahar,Kargahar,,Kargahar_10,Unreserved (Mahila),Poonam Bharti,,Md Zaved Alam alias Jugnoo alam,9905526203.0,EBC,Muslim,28.0,"Md Zaved Alam alias Jugnoo alam | Male | 28 | Minority | Muslim | 9905526203|

ZP election contestants 2021  Got 5248 Votes
Businessman ( Fish Supplier)
Education Intermediate",Sangathan Zila Sachiv,Sangathan Dump,,,,Sangathan Zila Sachiv,,,3.0
Sahabad,Rohtas,34. Sasaram (SC),209. Kargahar,Kargahar,,Kargahar_10,Unreserved (Mahila),Poonam Bharti,,,,,,,,,,,,,,,,4.0
Sahabad,Rohtas,34. Sasaram (SC),209. Kargahar,Kargahar,,Kargahar_10,Unreserved (Mahila),Poonam Bharti,,,,,,,,,,,,,,,,5.0
Sahabad,Rohtas,34. Sasaram (SC),207. Chenari,Sheosagar,,Sheosagar_11,Backward Class (Mahila),Poonam Bharti,,Shri Dhananjay Sharma,9430229612.0,EBC,Nai,54.0,"Runner up in Mukhiya election 2006
winner of Panchayat Smiti in 2011 & 2016.
Lost the Sarpanch Election in 2021",,Onboarded,"he will fight the election at any cost, is a member of our party and have desire to fight 2030 elections.",,,कर्पूरी मंच प्रभारी,,,1.0
Sahabad,Rohtas,34. Sasaram (SC),207. Chenari,Sheosagar,,Sheosagar_11,Backward Class (Mahila),Poonam Bharti,,Sangeeta Devi / Manoj Kumar,8809622326.0,EBC,Chandravanshi,42.0,"-ZP Contest 2021 (2999 votes, Last position)
-Mukhiya Contest 2011
-Active in Caste Politics",,Onboarded,,,,EMC,,,2.0
Sahabad,Rohtas,34. Sasaram (SC),207. Chenari,Sheosagar,,Sheosagar_11,Backward Class (Mahila),Poonam Bharti,,Rohit Pandey,6202379502.0,General,Brahmin,35.0,Sangh Parivar member from 2010-2020. BJP Mahamantri from 2017 to 2018. Joined Jansuraj on 2 october 2022. also joined baat bihar ki. kshetriya yuva prabhari in 2025. currently sangharsh vahini pradesh upadhyaksh.,Sangharsh Vahini Pradesh Upadhyaksh,New Name (Recommendation),He wants to fight the election. his name is recommended by Narendra Kumar Rai who was a journalist and currently Jan Suraaj Vichar Manch Zila Adhyaksh.,,,Zila Sachiv,,,3.0
Sahabad,Rohtas,34. Sasaram (SC),207. Chenari,Sheosagar,,Sheosagar_11,Backward Class (Mahila),Poonam Bharti,,Vinay Singh,8757556181.0,General,Singh,50.0,"-Incumbent Up Pramukh (2021 To Till date)
-Incumbent Panchayat Samiti Sadasya(2021 To Till date)
-Former RJD Pradesh Mahasachiv(2017 to 2021)
-Foremr RJD Pradesh Samiti Sadasya(2016 to 2017)
-Former Rohtas Truck Operator sangh Zila Adhyaksh(2008 To Till date)
-Jan Suraaj Pradesh Karya Samiti Sadasya",,Sangathan,he will contest chairman.,,,"राज्य सलाहकार समिति में आने वाले शाहाबाद क्षेत्र (बक्सर, कैमूर,रोहतास एवं भोजपुर)",,,4.0
Sahabad,Rohtas,34. Sasaram (SC),207. Chenari,Sheosagar,,Sheosagar_11,Backward Class (Mahila),Poonam Bharti,,Raghubir Rai,8539018895.0,ST,Rajwad,40.0,"Raghubir Rai|Male|40|ST|Rajwad
-Zila Ward Sachiv 
-former LJP DSC Member.",,EMC,,,,EMC,,,5.0
Sahabad,Rohtas,34. Sasaram (SC),207. Chenari,Sheosagar,,Sheosagar_12,SC (Mahila),Poonam Bharti,,,,,,,,,,,,,,,,1.0
Sahabad,Rohtas,34. Sasaram (SC),207. Chenari,Sheosagar,,Sheosagar_12,SC (Mahila),Poonam Bharti,,Kavita Devi/ Ramayan Ram,6207535126.0,SC,Ravidas,47.0,"BDC 2006-11
2 times mukhiya runners ups.
Runner up at 2021 Zila Parishad.
Kavita Devi was Panchayat smiti Adhyaksh from 2006-11.
he was MLA representative from 2005-10.
he is currently MP pratinidhi of Manoj Ram.",,Runnerup ZP,"he is happy with Prashant Politics, want to support party, happy to join the part. he feels like Prashant is the only candidate to become chief minister.",,,,,,2.0
Sahabad,Rohtas,34. Sasaram (SC),207. Chenari,Sheosagar,,Sheosagar_12,SC (Mahila),Poonam Bharti,,Vinay Kumar Singh,917903068256.0,General,Rajput,52.0,"- Incumbent Block Parmukh 
Won the Truck union election in 2007
Panchayat Smiti 2021(uppramukh)
Transport Business.",ACC,ACC,,,,,,,3.0
Sahabad,Rohtas,34. Sasaram (SC),207. Chenari,Sheosagar,,Sheosagar_12,SC (Mahila),Poonam Bharti,,Raju Baitha,9153148868.0,SC,Dhobi,39.0,"Raju Baitha | Male | 39 | SC | Dhobi | Incumbent Defacto BDC

-Incumbentt Defacto BDC, 2021 to Till Date
-Former Mukhiya Contestant(2010), Got 980 Votes
-Former Congress Member(2010 to 2024)
-Former CPI Zila Sachiv(2000 to 2010)
-Iincumbent Member of Rohtas Truck Association
-Jan Suraaj State Working Committee Member
-Jan Suraaj Anumandal Upadhyaksh",,Sangathan,,,,EMC,,,4.0
,,,,,,Sheosagar_12,SC (Mahila),#N/A,,Raushan kumar,8084511103.0,EBC,Nonia,29.0,"Former BJP Prakhand Committe Member
His father fought Panchayat Smiti, Ward Parishad & Pramukh",,EMC,,,,,,,
Sahabad,Rohtas,34. Sasaram (SC),207. Chenari,Sheosagar,,Sheosagar_12,SC (Mahila),Poonam Bharti,,Sanjay pandey,7369975232.0,General,Brahmin,55.0,"Former Panchyat adakshya BJP(1999-2001)
-Former Zila maha sachiv LJP(R)..
3 times runner up at Panchayat Smiti",,EMC,,,,Prakhand Abhiyan Samiti Sanyojak,,,5.0
Sahabad,Rohtas,34. Sasaram (SC),207. Chenari,Chenari,,Chenari_13,Unreserved (Mahila),Poonam Bharti,,Ritesh Bahadur Ram,9905882277.0,SC,Ravidas,28.0,"-ZP Contestant, 2021, Runner Up
-Former BJP SC Cell Block President
-Social Worker",,1st Runnerup,,,,Onboarded ZP,,,1.0
Sahabad,Rohtas,34. Sasaram (SC),207. Chenari,Chenari,,Chenari_13,Unreserved (Mahila),Poonam Bharti,,Dhirendra Chaubey,9801513391.0,General,Brahmin,53.0,"ZP Contestant, 2021, 5th runner up
Mukhiya runner up by 35 votes in 2011
he is a business man, owns two rice mills.
also in Construction business, professionaly a contractor",he is a member of party,Runnerup ZP,he calls himself star prachark of party in 2025 assembly election. seems influrntial and also seems economically sounded as he has multi business. ,,,,,,2.0
Sahabad,Rohtas,34. Sasaram (SC),207. Chenari,Chenari,,Chenari_13,Unreserved (Mahila),Poonam Bharti,,Sunil Rajak,7979817896.0,SC,Dhobi,50.0," Sunil Rajak | Male | 50 | SC | Dhobi | Former ZP 

-Former ZP , 2006 To 2011
-Former ASA Party, Rashtriya Upadhyaksh, 2024 To 2025
- Former BJP Zila  Parbhari, SC Cell, 2022 To 2024
-Former JDU Chenari Vidhansabha Prabhari, 2020 To 2021
-Former JDU Rajya Parishad Sadasya , 2015 To 2017
-Former JDU Zila Mahasachiv, 2013 To 2014
-Former JDU Pradhan Mahasachiv, SC Cell, 2010 To 2013
-Incumbent All India Dhobi Mahasangh Upadhyaksh, 2020 To Till Date",,Onboarded ,,,,Vidhan Sabha Sanyojak,,,3.0
Sahabad,Rohtas,34. Sasaram (SC),207. Chenari,Chenari,,Chenari_13,Unreserved (Mahila),Poonam Bharti,,Suryadev Paal,9934979584.0,EBC,Pal,53.0,"Runner up at ZP election in 2021. got 2200 votes, 1500 less votes than winner.",,Runnerup ZP,He is interested to join our party. this seat has 7 to 8 candidates who has got vote around 2200-3500 votes each. Seems interested and politically aware.,,,,,,4.0
Sahabad,Rohtas,34. Sasaram (SC),207. Chenari,Chenari,,Chenari_13,Unreserved (Mahila),Poonam Bharti,,Sarwan Kumar,7079587593.0,OBC,Kalwar,33.0,"Sarwan Kumar | Male | 33 | OBC | Jaiswal | 7079587593 | Mukhiya Runner Up 

-Mukhiya runner Up 2021
- Incumbent Yuva Club Adhyaksh Telari
- Bussinessman
- Politically Active With Leaders
- Youth Leader
",,EMC,he will fight the election from any seat of chennari either supported by party or not.,,,,,,5.0
Sahabad,Rohtas,34. Sasaram (SC),207. Chenari,Chenari,,Chenari_14,Unreserved (Other),Poonam Bharti,,"Vijay Kumar 
Sharma",9905357092.0,EBC,Nai,60.0,"Vijay Kumar Sharma | Male | 60 | EBC | Nai 

- Incumbent ZP South Chenari (2021)- by 1000 votes
- Zila Adhyaksh (HAM)- 2013-14

",Zila Upadhyaksh,Sangathan Dump,he will fight this seat at any cost.,,,Zila Upadhyaksh,,,1.0
Sahabad,Rohtas,34. Sasaram (SC),207. Chenari,Chenari,,Chenari_14,Unreserved (Other),Poonam Bharti,,Inderjeet Singh,8271148737.0,OBC,Kushwaha,58.0,"Inderjeet Singh | 58 | Male | OBC | Kushwaha

- Former Zp 2016-2021
-Zp Runner Up-2021 Got -2700 votes""        
        ZP Runner Up",Zila Sachiv,Sangathan Dump,,,,Zila Sachiv,,,2.0
Sahabad,Rohtas,34. Sasaram (SC),207. Chenari,Chenari,,Chenari_14,Unreserved (Other),Poonam Bharti,,Dr. Shivmuni Prasad,9123149529.0,SC,Chamar,55.0,"Dr. Shivmuni Prasad || 55 || Male || Chamar || Doctor
 |9123149529 |
 - ZP Winner 2011-2016
 - BSP Prades Sachiv 2011-2012
 - BSP Distrct G.Secratary 2006-2007
 - BSP Prakhand Adhyaksh (Sheosagar) 1998-2000- Owns a Petrol Pump and a General Physician Clinic.",Block Prabhari,Sangathan Dump,"he wasnot thinking of contesting this time, because of sest being reserved for women but if the seat will not be reserved, then he will fight.",,,,,,3.0
Sahabad,Rohtas,34. Sasaram (SC),207. Chenari,Chenari,,Chenari_14,Unreserved (Other),Poonam Bharti,,Bhola Prasad Chaudhary,9955085452.0,SC,Pasi,54.0,"Bhola Prasad Chaudhary | Male | 54 | SC | Pasi | Incumbent Defacto Mukhiya

-Incumbent 4 Terms Defacto Mukhiya, 2006 To till Date
-Former BDC , 2001 To 2006",ACC,ACC,,,,ACC,,,4.0
Sahabad,Rohtas,34. Sasaram (SC),207. Chenari,Chenari,,Chenari_14,Unreserved (Other),Poonam Bharti,,Prithvi Singh,6203140048.0,General,Rajput,37.0,"PACs Winner 2016
PACs Runnerup 2021",,Sangathan,,,,PRI Applicants,,,5.0
Sahabad,Rohtas,34. Sasaram (SC),208. Sasaram,Sasaram,,Sasaram_15,SC (Mahila),Poonam Bharti,,Shri Pappu Nataraj,7061199644.0,SC,Nat,52.0,,Ambedkar Manch Prabhari,Sangathan,,,,अम्बेडकर मंच प्रभारी,,,1.0
Sahabad,Rohtas,34. Sasaram (SC),208. Sasaram,Sasaram,,Sasaram_15,SC (Mahila),Poonam Bharti,,Neha Kumari (Natraz),9334000498.0,SC,Nat,27.0,"-JS Candidate Chenari AC 2025
-Incumbent 2 Consecutive Terms ZP, 2016 To Till Date
-Former JDU Zila Mahila Adhyaksh, 2022 To 2024
-Social Worker",Advisory Committee/LS Prabahri,Sangathan,,,,"राज्य सलाहकार समिति में आने वाले शाहाबाद क्षेत्र (बक्सर, कैमूर,रोहतास एवं भोजपुर)",,,2.0
Sahabad,Rohtas,34. Sasaram (SC),208. Sasaram,Sasaram,,Sasaram_15,SC (Mahila),Poonam Bharti,,Rajesh Kumar,8540855070.0,General,Brahmin,48.0,"""Rajesh Kumar | male | 48 | Gen | Brahmin 
-Former Defacto Mukhiya 2016
- JSP Anumandal Adhyaksh 
Jansuraaj Padyatri """,,Sangathan,,,,Vidhan Sabha Sanyojak,,,3.0
Sahabad,Rohtas,34. Sasaram (SC),208. Sasaram,Sasaram,,Sasaram_15,SC (Mahila),Poonam Bharti,,,,,,,,,,,,,,,,4.0
Sahabad,Rohtas,34. Sasaram (SC),208. Sasaram,Sasaram,,Sasaram_15,SC (Mahila),Poonam Bharti,,,,,,,,,,,,,,,,5.0
Sahabad,Rohtas,34. Sasaram (SC),208. Sasaram,Sasaram,,Sasaram_16,Unreserved (Mahila),Poonam Bharti,,Ravindra Singh / Mamta Devi,8507210556.0,General,Rajput,52.0,"-Incumbent ZP 2021
-Former ZP Runner-up 2011
-Former ZP Winner 2006
-Active in Panchayat Politics, Ward, Panch, Mukhiya Election
--Active in politics since 2001

-Former Zila Upadhyaksh 2025
-aligned with JS since 2023",,Onboarded ,,,,Onboarded ZP,,,1.0
Sahabad,Rohtas,34. Sasaram (SC),208. Sasaram,Sasaram,,Sasaram_16,Unreserved (Mahila),Poonam Bharti,,Chandravati Devi,7488484032.0,OBC,Yadav,55.0,Lost the mukhiya election,,Sangathan Dump,,,,,,,2.0
Sahabad,Rohtas,34. Sasaram (SC),208. Sasaram,Sasaram,,Sasaram_16,Unreserved (Mahila),Poonam Bharti,,Thakur Prasad Gupta/ Vikash Kumar,9934504261.0,EBC,Kanu,68/32,"Thakur Prasad Gupta| Male | 68| EBC | Kanu | MLA Contestant

-Jansuraaj State Executive Member
-BSP State Secretary EBC Cell (2002)
-JDU State Secretary EBC Cell (2011- 15)
-MLA Contested on BSP ticket Got 15000 Votes ( 2000)
-ZP Runner Up got 3800 votes ( 2011)
",ACC,Sangathan Dump,Thakur prasad Gupta will give all his support to Vikash Kumar.,,,राज्य सलाहकार समिति,,,3.0
Sahabad,Rohtas,34. Sasaram (SC),208. Sasaram,Sasaram,,Sasaram_16,Unreserved (Mahila),Poonam Bharti,,Laxman Ram,9431843804.0,SC,Chamaar,55.0,"Laxman Ram | Male | 55 | SC | Chamar 

- Two term Former Mukhiya (2011,2006)
- ZP runner up got 4500 vote. (2021)
- 2nd  Mukhiya Runner Up on General Seat (2016)
- Active member of BJP (Till 2021)
",Sangathan Zila Sachiv,Sangathan Dump,he will make his brother's wife fight the election.,,,Sangathan Zila Sachiv,,,4.0
Sahabad,Rohtas,34. Sasaram (SC),208. Sasaram,Sasaram,,Sasaram_16,Unreserved (Mahila),Poonam Bharti,,,,,,,,,,,,,,,,5.0
Sahabad,Rohtas,35. Karakat,211. Nokha,Nokha,,Nokha_17,Unreserved (Other),Poonam Bharti,,Baljeet Kumar Singh Yadav,7079793790.0,OBC,yadav,,,,,,,,युवा प्रकोष्ठ अध्यक्ष,,,1.0
Sahabad,Rohtas,35. Karakat,211. Nokha,Nokha,,Nokha_17,Unreserved (Other),Poonam Bharti,,Krishna Murari Mishra,8340745166.0,General,Brahmin,40.0,"-Incumbent ZP 2021
-Currently in JS (Joined JS in 2024)
-JS Vidhansabha Prabhari 2025 Nokha AC and Probable ACC
",,,,,,Vidhan Sabha Sanyojak,,,2.0
Sahabad,Rohtas,35. Karakat,211. Nokha,Nokha,,Nokha_17,Unreserved (Other),Poonam Bharti,,,,,,,,,,,,,,,,3.0
Sahabad,Rohtas,35. Karakat,211. Nokha,Nokha,,Nokha_17,Unreserved (Other),Poonam Bharti,,,,,,,,,,,,,,,,4.0
Sahabad,Rohtas,35. Karakat,211. Nokha,Nokha,,Nokha_17,Unreserved (Other),Poonam Bharti,,,,,,,,,,,,,,,,5.0
Sahabad,Rohtas,35. Karakat,211. Nokha,Nokha,,Nokha_18,Unreserved (Other),Poonam Bharti,,Sikandra Kumar,8340518491.0,EBC,Nonia,30.0,"-Defecto PACS Adhyaksh 2014 till now 
- He is a famous YouTuber
-First Time Candidate in 2026",,Onboarded,,,,,,,1.0
Sahabad,Rohtas,35. Karakat,211. Nokha,Nokha,,Nokha_18,Unreserved (Other),Poonam Bharti,,Vishal Kumar,9136194132.0,General,Rajput,32.0,"Persuing Ph.D. in Public Administration from Veer Kumbar Singh University.
Runner up at 2021 ZP election. 
Contractor and owns a private limited company(Sevarth Security Services and Managment Private Limited)
co-convenor in Delhi Pradesh Assembly Election
Pradesh Sah Prabhari BJYM in Chattisgarh",,1st Runnerup,he is currently in BJP but wants to meet Prashant and hope to join JSP. we need to arrange a meeting around 4-5 sept of him with Prashant.,,,,,,2.0
Sahabad,Rohtas,35. Karakat,211. Nokha,Nokha,,Nokha_18,Unreserved (Other),Poonam Bharti,,,,,,,,,,,,,,,,3.0
Sahabad,Rohtas,35. Karakat,211. Nokha,Nokha,,Nokha_18,Unreserved (Other),Poonam Bharti,,,,,,,,,,,,,,,,4.0
Sahabad,Rohtas,35. Karakat,211. Nokha,Nokha,,Nokha_18,Unreserved (Other),Poonam Bharti,,,,,,,,,,,,,,,,5.0
Sahabad,Rohtas,35. Karakat,213. Karakat,Sanjhouli,,Sanjhouli_19,Unreserved (Other),Poonam Bharti,,Surendra Singh Yadav,8540040421.0,OBC,Yadav,51.0,"-ZP contestant in 2021 (3666 votes, 3rd Position)",,Onboarded ,,,,Onboarded ZP,,,1.0
Sahabad,Rohtas,35. Karakat,213. Karakat,Sanjhouli,,Sanjhouli_19,Unreserved (Other),Poonam Bharti,,Anil Kumar,7909026044.0,SC,Ravidas,52.0,-ZP contested in 2021 and secured 3066 votes (4th Position),,Runnerup ZP,,,,Onboarded ZP,,,2.0
Sahabad,Rohtas,35. Karakat,213. Karakat,Sanjhouli,,Sanjhouli_19,Unreserved (Other),Poonam Bharti,,,,,,,,,,,,,,,,3.0
Sahabad,Rohtas,35. Karakat,213. Karakat,Sanjhouli,,Sanjhouli_19,Unreserved (Other),Poonam Bharti,,,,,,,,,,,,,,,,4.0
Sahabad,Rohtas,35. Karakat,213. Karakat,Sanjhouli,,Sanjhouli_19,Unreserved (Other),Poonam Bharti,,,,,,,,,,,,,,,,5.0
Sahabad,Rohtas,35. Karakat,213. Karakat,Bikramganj,,Bikramganj_20,Unreserved (Other),Poonam Bharti,,Prabhash Chandra Singh,7352308320.0,General,Rajput,45.0,"""Incumbent Zila Parshad
secured 11000 votes, won by more than 1000 votes.
Runner up in 2016 ZP election buy 1500 votes.
Joined JS in 2024""",,Onboarded,,,,,,,1.0
Sahabad,Rohtas,35. Karakat,213. Karakat,Bikramganj,,Bikramganj_20,Unreserved (Other),Poonam Bharti,,Abhishek Kumar,8789230904.0,General,Brahmin,28.0,"-ZP Contest 2021 (2999 votes, 3rd Position)",,Runnerup ZP,,,,Onboarded ZP,,,2.0
Sahabad,Rohtas,35. Karakat,213. Karakat,Bikramganj,,Bikramganj_20,Unreserved (Other),Poonam Bharti,,Ritesh Ranjan Tiwari,7011902577.0,General,Brahmin,32.0,"--ZP Contest 2021 (4th Position, 2770 votes)
-Currently in the LJP District Vice President",,Runnerup ZP,,,,Onboarded ZP,,,3.0
Sahabad,Rohtas,35. Karakat,213. Karakat,Bikramganj,,Bikramganj_20,Unreserved (Other),Poonam Bharti,,Chandan Kumar,6205905536.0,General,Brahmin,32.0,"Chandan Kumar | Male | 32 | General | Brahmin | ZP Contestant

-Former ZP Contestant, 2021, got 14581 votes
-Father Deomuni Mishra Contested Loksabha, Bikramganj  in 1992, Independent, Got 311 Votes
-Teacher at a Private School.",ACC,ACC,,,,ACC,,,4.0
Sahabad,Rohtas,35. Karakat,213. Karakat,Bikramganj,,Bikramganj_20,Unreserved (Other),Poonam Bharti,,,,,,,,,,,,,,,,5.0
Sahabad,Rohtas,35. Karakat,213. Karakat,Bikramganj,,Bikramganj_21,Unreserved (Other),Poonam Bharti,,Pinky Kumari / Bablu Kumar,7463996181.0,SC,Paswan,42.0,"-ZP Contest 2021 (3706 Votes, 4th Position)
-ZP Contest 2016 (lost by 500 votes)
-Presently Member of CPI ML (Former District Committee Member)
-Former RYA inqlab Sabha Rohtas Head",,,,,,Onboarded ZP,,,1.0
Sahabad,Rohtas,35. Karakat,213. Karakat,Bikramganj,,Bikramganj_21,Unreserved (Other),Poonam Bharti,,Asha Devi / Umesh Yadav,7488105365.0,OBC,Yadav,36.0,"-ZP Contest 2021, Secured 3304 Votes (4th Position)
-Presently independent",,,,,,Onboarded ZP,,,2.0
Sahabad,Rohtas,35. Karakat,213. Karakat,Bikramganj,,Bikramganj_21,Unreserved (Other),Poonam Bharti,,,,,,,,,,,,,,,,3.0
Sahabad,Rohtas,35. Karakat,213. Karakat,Bikramganj,,Bikramganj_21,Unreserved (Other),Poonam Bharti,,,,,,,,,,,,,,,,4.0
Sahabad,Rohtas,35. Karakat,213. Karakat,Bikramganj,,Bikramganj_21,Unreserved (Other),Poonam Bharti,,,,,,,,,,,,,,,,5.0
Sahabad,Rohtas,35. Karakat,213. Karakat,Karakat,,Karakat_22,Unreserved (Other),Poonam Bharti,,Alok Ashwarya (Alok Singh),8709348646.0,General,Rajput,35.0,"-Joined JS in 2024 (very active in the AC election for JS)
-Advocate by profession
- Social worker & RTI activist 
-Grandfather was a judge in the Patna High Court ",,Onboarded ,,,,EMC,,,1.0
Sahabad,Rohtas,35. Karakat,213. Karakat,Karakat,,Karakat_22,Unreserved (Other),Poonam Bharti,,Sudheer Kumar,9123184674.0,General,Rajput,31.0,"runner up in 2021 ZP election, secures 4th position.
Business of Transport.
also do sell and purchase of Old Vehicles.
also organises Cricket tournament all across Bihar",he wants to join the party,Runnerup ZP,"he looks young and dynamics, has economic support and good business. ready to work with us, will be helpful for us. will fight the election for sure.",,,,,,2.0
Sahabad,Rohtas,35. Karakat,213. Karakat,Karakat,,Karakat_22,Unreserved (Other),Poonam Bharti,,,,,,,,,,,,,,,,3.0
Sahabad,Rohtas,35. Karakat,213. Karakat,Karakat,,Karakat_22,Unreserved (Other),Poonam Bharti,,,,,,,,,,,,,,,,4.0
Sahabad,Rohtas,35. Karakat,213. Karakat,Karakat,,Karakat_22,Unreserved (Other),Poonam Bharti,,,,,,,,,,,,,,,,5.0
Sahabad,Rohtas,35. Karakat,213. Karakat,Karakat,,Karakat_23,Unreserved (Other),Poonam Bharti,,Brijesh kr Singh urf Raju Singh,9835087843.0,General,Rajput,59.0,"Former JDU Member. 
Runner Up At ZP election in 2021 by 150 votes.
Electronic Scooty and E-rickshaw showroom",,Runnerup ZP,"he wants to join Jansuraj and work with us. he is definetly going to fight this election, lost last 2 elections by margin of 400 in 2016 and by 150 in 2021. has resigned from all posts of JDU.",,,,,,1.0
Sahabad,Rohtas,35. Karakat,213. Karakat,Karakat,,Karakat_23,Unreserved (Other),Poonam Bharti,,Raghav Singh,9060298181.0,General,Rajput,27.0,"- BJP Prakhand Yuva President 
- 2021 BDC Runner Up Got -245 Votes 
Brother fought ZP election in 2021, 3rd runner up, got 4600 votes.
His dummy man is also Mukhiya
MBA from Amity University
",Prakhand Mahadhyaksh,Sangathan,"his whole family is in politics, he is for sure going to fight this time, despite of seat getting reserved. his whole family is with JSP and he ia ACC from karakat seat in 2025.",,,EMC,,,2.0
Sahabad,Rohtas,35. Karakat,213. Karakat,Karakat,,Karakat_23,Unreserved (Other),Poonam Bharti,,,,,,,,,,,,,,,,3.0
Sahabad,Rohtas,35. Karakat,213. Karakat,Karakat,,Karakat_23,Unreserved (Other),Poonam Bharti,,,,,,,,,,,,,,,,4.0
Sahabad,Rohtas,35. Karakat,213. Karakat,Karakat,,Karakat_23,Unreserved (Other),Poonam Bharti,,,,,,,,,,,,,,,,5.0
Sahabad,Rohtas,35. Karakat,213. Karakat,Karakat,,Karakat_24,Unreserved (Other),Poonam Bharti,,Ritesh kumar Singh,9934896598.0,General,Rajput,44.0,"-Incumbent ZP 2021
-Veterinary Doctor by Profession",,Onboarded ,,,,Onboarded ZP,,,1.0
Sahabad,Rohtas,35. Karakat,213. Karakat,Karakat,,Karakat_24,Unreserved (Other),Poonam Bharti,,Sarbjit Kumar,8863812589.0,OBC,Yadav,37.0,"Former ZIla Parishad in 2011.
member of BJP 2012-13
Her wife also fought the last ZP election from Nasriganj Seat securing 3500 votes.
he lost last ZP election.",,Runnerup ZP,"he and his wife, both will for sure fight the election from any seat of Karakat.",,,,,,2.0
Sahabad,Rohtas,35. Karakat,213. Karakat,Karakat,,Karakat_24,Unreserved (Other),Poonam Bharti,,Roshan kumar Singh,+917004905783,,,,"Privet Job
Grandfather was a ZP winner from 2001 to 2021; he won't be competing anymore—someone else from the family will take his place.",,Online ACC Registrartion,,,,,,,3.0
Sahabad,Rohtas,35. Karakat,213. Karakat,Karakat,,Karakat_24,Unreserved (Other),Poonam Bharti,,,,,,,,,,,,,,,,4.0
Sahabad,Rohtas,35. Karakat,213. Karakat,Karakat,,Karakat_24,Unreserved (Other),Poonam Bharti,,,,,,,,,,,,,,,,5.0
Sahabad,Rohtas,35. Karakat,211. Nokha,Nasriganj,,Nasriganj_25,Unreserved (Mahila),Poonam Bharti,,Kaanti Devi/ Mahesh Chaudhary,7033655060.0,SC,Pasi,51/47,"BDC 2006-16
2016 ZP Runner up
2021 ZP Runner up
Prakhand Adhyaksh LJP 1994-2025
 Sachiv of AS College Student Union Vikramganj. ",,Runnerup ZP,he is ready to join the party. has a long history of politics. he is a dalit who fights on general seat. will meet Prashant after Rakshabandhan.,,,,,,1.0
Sahabad,Rohtas,35. Karakat,211. Nokha,Nasriganj,,Nasriganj_25,Unreserved (Mahila),Poonam Bharti,,Seema Devi/Amit Kumar,9572287294.0,OBC,Yadav,41/38,"Runner up at 2021 ZP election.
his Uncle was Vaypar Mandal Adhyaksh.( Chandra Deep Singh)",,Runnerup ZP,hw wants to join our party and contest elections according to party advice. he will for sure fight the ZP election.,,,,,,2.0
Sahabad,Rohtas,35. Karakat,211. Nokha,Nasriganj,,Nasriganj_25,Unreserved (Mahila),Poonam Bharti,,,,,,,,,,,,,,,,3.0
Sahabad,Rohtas,35. Karakat,211. Nokha,Nasriganj,,Nasriganj_25,Unreserved (Mahila),Poonam Bharti,,,,,,,,,,,,,,,,4.0
Sahabad,Rohtas,35. Karakat,211. Nokha,Nasriganj,,Nasriganj_25,Unreserved (Mahila),Poonam Bharti,,,,,,,,,,,,,,,,5.0
Sahabad,Rohtas,35. Karakat,211. Nokha,Nasriganj,,Nasriganj_26,Unreserved (Mahila),Poonam Bharti,,Rita Kumari,8863812589.0,OBC,Yadav,34.0,"her husband is a former ZP in 2011.
Runner up at 2021 ZP election.",,Runnerup ZP,,,,,,,1.0
Sahabad,Rohtas,35. Karakat,211. Nokha,Nasriganj,,Nasriganj_26,Unreserved (Mahila),Poonam Bharti,,,,,,,,,,,,,,,,2.0
Sahabad,Rohtas,35. Karakat,211. Nokha,Nasriganj,,Nasriganj_26,Unreserved (Mahila),Poonam Bharti,,,,,,,,,,,,,,,,3.0
Sahabad,Rohtas,35. Karakat,211. Nokha,Nasriganj,,Nasriganj_26,Unreserved (Mahila),Poonam Bharti,,,,,,,,,,,,,,,,4.0
Sahabad,Rohtas,35. Karakat,211. Nokha,Nasriganj,,Nasriganj_26,Unreserved (Mahila),Poonam Bharti,,,,,,,,,,,,,,,,5.0
Sahabad,Rohtas,33. Buxar,202. Rajpur,Rajpur,,Rajpur_27,Unreserved (Other),Poonam Bharti,,Ajay Kumar Dubey,9006095862.0,General,Brahmin,45.0,"-Two Times ZP Contested 
-2021, 4th Position (2499 votes)
-2016 Lost by 100 votes (Runner-up)

-Presently in INC, but he wants to join JS",,Onboarded ,,,,Onboarded ZP,,,1.0
Sahabad,Rohtas,33. Buxar,202. Rajpur,Rajpur,,Rajpur_27,Unreserved (Other),Poonam Bharti,,Shri Hareram Paswan,8252405673.0,SC,Pasi,40.0,he is present committe member of panchayat samiti sadasya,,Sangathan,,,,अम्बेडकर मंच अध्यक्ष,,,2.0
Sahabad,Rohtas,33. Buxar,202. Rajpur,Rajpur,,Rajpur_27,Unreserved (Other),Poonam Bharti,,,,,,,,,,,,,,,,3.0
Sahabad,Rohtas,33. Buxar,202. Rajpur,Rajpur,,Rajpur_27,Unreserved (Other),Poonam Bharti,,,,,,,,,,,,,,,,4.0
Sahabad,Rohtas,33. Buxar,202. Rajpur,Rajpur,,Rajpur_27,Unreserved (Other),Poonam Bharti,,,,,,,,,,,,,,,,5.0
Sahabad,Rohtas,35. Karakat,212. Dehri,Akorhigola,,Akorhigola_28,Unreserved (Mahila),Poonam Bharti,,Sanjay Singh,8539018079.0,General,Rajput,55.0,"Fought Mukhiya Election in 2001.(lost)
Fought MLA Electio independently from Dehri in 2010
Social Worker.
Double MA from BHU",willing to join us,Vidhan Sabha prabhari,"economically  not well, has always fought the election through crowd funding. he will fight the election at any cost.",,,,,,1.0
Sahabad,Rohtas,35. Karakat,212. Dehri,Akorhigola,,Akorhigola_28,Unreserved (Mahila),Poonam Bharti,,,,,,,,,,,,,,,,2.0
Sahabad,Rohtas,35. Karakat,212. Dehri,Akorhigola,,Akorhigola_28,Unreserved (Mahila),Poonam Bharti,,,,,,,,,,,,,,,,3.0
Sahabad,Rohtas,35. Karakat,212. Dehri,Akorhigola,,Akorhigola_28,Unreserved (Mahila),Poonam Bharti,,,,,,,,,,,,,,,,4.0
Sahabad,Rohtas,35. Karakat,212. Dehri,Akorhigola,,Akorhigola_28,Unreserved (Mahila),Poonam Bharti,,,,,,,,,,,,,,,,5.0
Sahabad,Rohtas,35. Karakat,212. Dehri,Dehri,,Dehri_29,SC (Other),Poonam Bharti,,Anil Kumar Vishwash,8789338012.0,SC,Paswan,45.0,-ZP runner-up in 2021 and secured 11847 votes,,Onboarded ,,,,Onboarded ZP,,,1.0
Sahabad,Rohtas,35. Karakat,212. Dehri,Dehri,,Dehri_29,SC (Other),Poonam Bharti,,Dr. Indreshwar Kumar/ Ranju Devi,9939765617.0,SC,Chamar,54.0,"His wife Ranju Devi was chairperson Zila Parishad from 2011-16.
Has done Ph.D from Patna University.
NSUI Presdient of Patna University during his college time.
owns a gas agency.
",,Runnerup ZP,"he seems person with high moral values. can be useful for us. seems hesitant at first but when if we approach respectfully and make him feel important, he will be a good asset. he will fight the election at any cost.",,,,,,2.0
Sahabad,Rohtas,35. Karakat,212. Dehri,Dehri,,Dehri_29,SC (Other),Poonam Bharti,,Vinit kumar,917082153046.0,OBC ,Yadav ,32.0,,,Online ACC Registrartion,,,,,,,3.0
Sahabad,Rohtas,35. Karakat,212. Dehri,Dehri,,Dehri_29,SC (Other),Poonam Bharti,,Sindhu Kumari,7633829470.0,EBC,Chandravanshi,35.0,"Sindhu Kumari | 34 |EBC(Kahar) 
Contested Ward Election (2021, 1st Runner-up)
Graduate in History, RK Singh College
PGDCA – Magla University, Delhi
Diploma in Library SCience – Subharti University, Delhi
Prakhand Coordinator, KYP (2020–2023)
Panchayat Prerak, Adult Education (2011–2018)
Worked in Survey Project (TB Awareness)
ICT Instructor, Rama Rani +2 (Dec 2023–Jun 2024)",,Sangathan,"she is a well educated women, a candidate from backward caste, suited as per our ideologgy.",,,EMC,,,4.0
Sahabad,Rohtas,35. Karakat,212. Dehri,Dehri,,Dehri_29,SC (Other),Poonam Bharti,,,,,,,,,,,,,,,,5.0
Sahabad,Rohtas,35. Karakat,212. Dehri,Dehri,,Dehri_30,Unreserved (Other),Poonam Bharti,,Dhananjay Kumar Singh,9934238967.0,OBC,Yadav,45.0,"-Incumbent PACS President 2021
-ZP Runner up 2021
-Former ZP 2016-21
-Wife Former ZP 2011-16
-Presently in JS (Joined in 2025)",,Onboarded,,,,Onboarded ZP,,,1.0
Sahabad,Rohtas,35. Karakat,212. Dehri,Dehri,,Dehri_30,Unreserved (Other),Poonam Bharti,,डॉ शैलेश कुमार सागर,917070066396.0,SC,Rajwar,46.0,,,Online ACC Registrartion,,,,,,,2.0
Sahabad,Rohtas,35. Karakat,212. Dehri,Dehri,,Dehri_30,Unreserved (Other),Poonam Bharti,,Jaya Kumar Singh,9199900788.0,General,Rajput,,"His wife Mrs Anuradha Devi is Mukhiya from Rasoolpur Panchayat
Financially & Publically Bold",,EMC,,,,,,,3.0
Sahabad,Rohtas,35. Karakat,212. Dehri,Dehri,,Dehri_30,Unreserved (Other),Poonam Bharti,,,,,,,,,,,,,,,,4.0
Sahabad,Rohtas,35. Karakat,212. Dehri,Dehri,,Dehri_30,Unreserved (Other),Poonam Bharti,,,,,,,,,,,,,,,,5.0
Sahabad,Rohtas,34. Sasaram (SC),208. Sasaram,Tilouthu,,Tilouthu_31,Backward Class (Mahila),Poonam Bharti,,Shri Shyamlal Paswan,9546114018.0,SC,pasi,69.0,"Mukhiya (2006-11)
Dianara Prakhand Mukhiya Sangh Adhyaksh(2006-11)
Matasya Adhyaksh(from last 10 years)
also fought MLC election in 2010 ",,Onboarded,"his family will fight the election, if the seat get reserved, he will make a dummy EBC candidate fight in his place.",,,सलाहकार समिति,,,1.0
Sahabad,Rohtas,34. Sasaram (SC),208. Sasaram,Tilouthu,,Tilouthu_31,Backward Class (Mahila),Poonam Bharti,,Kumar Ravi Ranjan,9934060241.0,General,Rajput ,50.0,"Kumar Ravi Ranjan | Male | 50 | General | Rajput
- Incumbent PACS Adhyaksh (2021- present)
- Largest Katla Fish producer of the district.
- Founder of 'Panchvan Vikas Morcha', 2012
- Filed more than 100 RTI till date",Sangathan Zila Kisan Adhyaksh,Sangathan Dump,"He contributed to party through Padyatri , Vichar Manch , Digital Yodha , Zila Sangathan .
He wants to contest zp election with JSP.",,,State Kisan Vice President,,,2.0
Sahabad,Rohtas,34. Sasaram (SC),208. Sasaram,Tilouthu,,Tilouthu_31,Backward Class (Mahila),Poonam Bharti,,Doma Sah,9939490822.0,EBC,Teli,70.0,"Doma Sah | Male | 65 | EBC | Teli

- Incumbent Defacto ZP (2021)
- First ZP Runner Up (2016)
- Grandfather was Mukhiya (1978 to 2001)",Zila Upadhyaksh,Sangathan Dump,"he will not contest election, nor do anyone from his family, but he will give us a candidate from his own caste who will contest with JSP as ZP",,,सलाहकार समिति,,,3.0
Sahabad,Rohtas,34. Sasaram (SC),208. Sasaram,Tilouthu,,Tilouthu_31,Backward Class (Mahila),Poonam Bharti,,Archana Kumari,9006052568.0,EBC,Teli,39.0,"Archana Kumari | Female | 39 | EBC | Tanti | Former Mukhiya

-Former Mukhiya, 2016 To 2021
-Former Mukhiya Contestant, 2021, Got 1056 Votes, Runner Up
-Former Defacto Mukhiya Contestant, 2006 & 2011
-Social Worker",ACC,ACC,ZP Election ke liye lgatar active hai,,,ACC,,,4.0
Sahabad,Rohtas,34. Sasaram (SC),208. Sasaram,Tilouthu,,Tilouthu_31,Backward Class (Mahila),Poonam Bharti,,,,,,,,,,,,,,,,5.0
Sahabad,Rohtas,34. Sasaram (SC),207. Chenari,Rohtas,,Rohtas_32,Backward Class (Mahila),Poonam Bharti,,Balram Singh,7979994576.0,General,Rajput,48.0,"-Brother PACS President 2024
-Former PACS President Contest 2019
-Wants to contest for the first time in ZP in 2026 

-Currently in JS (Probable Prakhand Adyaksh)
-Joined JS in 2023
-Former BJP Mandal Mahamantri 2011-2016",,Onboarded ,,,,Onboarded ZP,,,1.0
Sahabad,Rohtas,34. Sasaram (SC),207. Chenari,Rohtas,,Rohtas_32,Backward Class (Mahila),Poonam Bharti,,Sanoj Kumar Singh,8651492864.0,EBC,Chandravanshi,34.0,"Sanoj Kumar Singh| Male | 35 | Male | EBC | Chandravanshi Incumbent defacto ZP (Wife - Kanchan Singh)(2021-Till Now).
 - Ex ZP contestent 2016
 - Ex Sarpanch (2011-16).
 Independent Lok Sabha nomination 2024- Karakat seat- nomination rejected.",Block Prabhari,Sangathan Dump,he will fight if the seat is reserved for EBC.,,,,,,2.0
Sahabad,Rohtas,34. Sasaram (SC),207. Chenari,Rohtas,,Rohtas_32,Backward Class (Mahila),Poonam Bharti,,Ram Lakhan Paswan,9934411699.0,SC,Dusadh,56.0,"Ram Lakhan Paswan | 56 | Male | SC | Dusadh
 - Former ZP (2011-16) - District committee member CPI (ML)(2009-24)
 - Prakhand Sachiv Rohtas CPI (ML) 2014-19
 - Patthar Katti Sangh Zila Sachiv (1999-2004) - Labour Union leader Rihand Project- 19",Block Prabhari,Sangathan Dump,hw ill fight the election if the seat is reserved for SC,,,,,,3.0
Sahabad,Rohtas,34. Sasaram (SC),207. Chenari,Rohtas,,Rohtas_32,Backward Class (Mahila),Poonam Bharti,,Vijay Bahadur,9507998257.0,SC,Ravidas,54.0,"Vijay Bahadur | Male | 53 | SC | Ravidas | ZP Contestant

-Former ZP Contestant, 2021, Runner Up
-Former BJP SC Cell Block President
-Social Worker",State Committee,Sangathan Dump,he wants to meet prashant and will fight the election if the seat is reserved,,,ACC,,,4.0
Sahabad,Rohtas,34. Sasaram (SC),207. Chenari,Rohtas,,Rohtas_32,Backward Class (Mahila),Poonam Bharti,,,,,,,,,,,,,,,,5.0
Sahabad,Rohtas,Rohtas,Rohtas,Nauhatta,,Nauhatta_33,SC (Other),Poonam Bharti,,Ram Prasad bind,9708824334.0,EBC,Bind,50.0,"-JSP Block Prabhari 2025
-Former ZP 2011-2016
-Former Mukhiya 2001-2006
-RJD former Zila Mahasachiv",,Onboarded ,,,,Onboarded ZP,,,1.0
Sahabad,Rohtas,Rohtas,Rohtas,Nauhatta,,Nauhatta_33,SC (Other),Poonam Bharti,,Ram Pravesh Paswan,9006644787.0,SC,Paswan,51.0,"Ram Pravesh Paswan | Male | 51 | SC | Paswan 

- Incumbent Block Sarpanch Sangh Adhyaksh
- Incumbent first term Sarpanch (2021-now) margin- 904 votes.
- Sansad Pratinidhi (Sasaram)
- ZP runner-up (2001-06)
-Son is in (IFS),Posted in Rajgir",Sangathan Zila Sachiv,Sangathan Dump,,,,Sangathan Zila Sachiv,,,2.0
Sahabad,Rohtas,Rohtas,Rohtas,Nauhatta,,Nauhatta_33,SC (Other),Poonam Bharti,,Shri Nagendra Prasad Patel,9546485720.0,,,,,,,,,,ओबीसी प्रकोष्ठ अध्यक्ष,,,3.0
Sahabad,Rohtas,Rohtas,Rohtas,Nauhatta,,Nauhatta_33,SC (Other),Poonam Bharti,,Ganesh Paswan,9060797665.0,SC,Paswan,50.0,"Ganesh Paswan | 50 | Paswan | Male

- Contested for MLA election- Rashtra Sewa Dal- Chenari- 2020 secured 629 votes.
- Contested for ZP- Nawhatta seat- 2011 & 2021 secured 3000 votes both the time.",Prakhand Mukhya Pravakta,Sangathan Dump,"he has left the party but is ready to be back if party supports him for ZP, he will fight at any cost.",,,,,,4.0
Sahabad,Rohtas,Rohtas,Rohtas,Nauhatta,,Nauhatta_33,SC (Other),Poonam Bharti,,,,,,,,,,,,,,,,5.0
Sahabad,Kaimur (Bhabhua),33. Buxar,203. Ramgarh,Durgawati,,Durgawati_1,SC (Other),Rinki Singh,Punam Devi,मिथिलेश पासवान,6204427880.0,,,,Incumbent ZP,,Incumbent ZP,1.0,,,,,,5.0
Sahabad,Kaimur (Bhabhua),33. Buxar,203. Ramgarh,Durgawati,,Durgawati_1,SC (Other),Rinki Singh,Punam Devi,Shashikant Kumar,9631491485.0,SC,Ravidas,41.0,"- Presently in Bhim Army
Runner ZP 2021: Secured 3197
-Member  RJD 
- Farming ",,Onboarded ,1.0,,,Onboarded ZP,,,1.0
Sahabad,Kaimur (Bhabhua),33. Buxar,203. Ramgarh,Durgawati,,Durgawati_1,SC (Other),Rinki Singh,Punam Devi,Ramraj Raam / Tara Devi,9955741089.0,SC,Ravidas,50.0,"-ZP Contest 2021 (5855 votes, 3rd position)
-Wife ZP Winner 2016
-MLA Contest in 2015 BSP
-MLA Contest 2005 SP

- Associated with JS
-Local level Doctor by Profession",,Onboarded ,1.0,,,Onboarded ZP,,,2.0
Sahabad,Kaimur (Bhabhua),33. Buxar,203. Ramgarh,Durgawati,,Durgawati_1,SC (Other),Rinki Singh,Punam Devi,Imran Khan,9654004786.0,,,,"        ""Imran Khan | Male |35 | Muslim |
-Secretary Youth Congress Delhi Pradesh
-State President INC Warriors, Bihar
-Zonal Head AMP (Association of Muslim Professionals)""   
- ZP runner-up 2021     ",,"Runnerup, EMC",,,,EMC,,,3.0
Sahabad,Kaimur (Bhabhua),33. Buxar,203. Ramgarh,Durgawati,,Durgawati_1,SC (Other),Rinki Singh,Punam Devi,Sunil Paswan,6205003237.0,SC,Dusadh,48.0,"""- Z.p contestant for 2 times- 2021 11k+ vote
-Had crucial role during Crona period, sensitized whole village """,,Sangathan Dump,,,,DSC Member,,,4.0
Sahabad,Kaimur (Bhabhua),33. Buxar,203. Ramgarh,Durgawati,,Durgawati_1,SC (Other),Rinki Singh,Punam Devi,Nitu pandey w/f Om Prakash Pandey,7985930677.0,General,Brahman,48.0,-Farmer,,,,,,,,,
Sahabad,Kaimur (Bhabhua),33. Buxar,203. Ramgarh,Durgawati,,Durgawati_2,Unreserved (Other),Rinki Singh,Punam Devi,Pradeep Singh,9113466184.0,OBC,Yadav,,"Secured 5902
ZP Chairman 2006-11 ",,"Runnerup ZP, Onboarded",1.0,,,,,,1.0
Sahabad,Kaimur (Bhabhua),33. Buxar,203. Ramgarh,Durgawati,,Durgawati_2,Unreserved (Other),Rinki Singh,Punam Devi,Vikash Pandey,8707520280.0,,,,"Zp contestant ( 3269 votes )
Incumbent BJP Mandal Adhyaksh
Former BJP Yuva morcha Adhyaksh",,Runnerup ZP,"Want to Join with his team in Patna and contest ZP election with JS 

Need Intervention",,,,,,2.0
Sahabad,Kaimur (Bhabhua),33. Buxar,203. Ramgarh,Durgawati,,Durgawati_2,Unreserved (Other),Rinki Singh,Punam Devi,Bhai Chand Rawat,9006262195.0,SC,Ravidas,46.0,"Bhai Chand Rawat | 46 | Male | SC | Chamar
-Former Mukhiya of Dharhar Panchayat, 2016
- Contested ZP election end up 2nd with 7.2k in 2011.",,Sangathan Dump,,,,,,,3.0
Sahabad,Kaimur (Bhabhua),33. Buxar,203. Ramgarh,Durgawati,,Durgawati_2,Unreserved (Other),Rinki Singh,Punam Devi,चन्द्रशेखर सिंह,9661493283.0,,,,ZP Contestant ( 2491 Votes ),,ZP Contestant,1.0,,,,,,4.0
Sahabad,Kaimur (Bhabhua),33. Buxar,203. Ramgarh,Durgawati,,Durgawati_2,Unreserved (Other),Rinki Singh,Punam Devi,,,,,,,,,,,,,,,5.0
Sahabad,Kaimur (Bhabhua),33. Buxar,203. Ramgarh,Ramgarh,,Ramgarh_3,Unreserved (Mahila),Rinki Singh,Punam Devi,,,,,,,,,,,,,,,1.0
Sahabad,Kaimur (Bhabhua),33. Buxar,203. Ramgarh,Ramgarh,,Ramgarh_3,Unreserved (Mahila),Rinki Singh,Punam Devi,Animesh harshvardhan,9801127442.0,,,,,,PRI Form,,,,PRI Applicants,,,2.0
Sahabad,Kaimur (Bhabhua),33. Buxar,203. Ramgarh,Ramgarh,,Ramgarh_3,Unreserved (Mahila),Rinki Singh,Punam Devi,श्री मो. अलीमुद्दीन खान,9708280787.0,Minority,Muslim,64.0,"Md. Alimuddin Khan | 64 | Male | Minority | Muslim
- Member of Bhabhua Vyapar Mandal since 2012 (Unopposed), Nagar Upadhyaksh PDS Bhabhua; Runs 3 PDS Store.
- Incumbent De-facto Ward Councillor from Ward no. 15 as daughter Neha Khatun is the De-jure ward councillor; He himself was Ward Councillor from 2012 to 2017
- Ex-RJD Member 2006-2022; Minority Cell President 2006-2011.",सलाहकार समिति,Sangathan,,,,सलाहकार समिति,,,3.0
Sahabad,Kaimur (Bhabhua),33. Buxar,203. Ramgarh,Ramgarh,,Ramgarh_3,Unreserved (Mahila),Rinki Singh,Punam Devi,,,,,,,,,,,,,,,4.0
Sahabad,Kaimur (Bhabhua),33. Buxar,203. Ramgarh,Ramgarh,,Ramgarh_3,Unreserved (Mahila),Rinki Singh,Punam Devi,,,,,,,,,,,,,,,5.0
Sahabad,Kaimur (Bhabhua),33. Buxar,203. Ramgarh,Nuaon,,Nuaon_4,Unreserved (Mahila),Rinki Singh,Punam Devi,Shri Dinbandhu Singh,9006213555.0,General,Rajput,,"• Sarpanch Sang District President From (2021-Present).
• Incumbent Sarpanch of  Panjrao Panchayat From (2021-Present).
• Former RJD Block President of Nuaon from (2004-2020)
• His Daughter Inlaw Two  Terms Mukhiya of Panjrao Panchayat from (2006-2011),(2011-2016)
• His Uncle Had The Mukhiya of Panjrao Panchayat For 25 Years.",ओबीसी प्रकोष्ठ अध्यक्ष,Sangathan,,,,ओबीसी प्रकोष्ठ अध्यक्ष,,,1.0
Sahabad,Kaimur (Bhabhua),33. Buxar,203. Ramgarh,Nuaon,,Nuaon_4,Unreserved (Mahila),Rinki Singh,Punam Devi,"Savita Devi 
Satendar singh Maurya ",7765966770.0,OBC,Kushwaha,35.0,"ZP Runner Up : Secured 3207 
- Asha worker 2011-onwards",,Onboarded ,1.0,,,Onboarded ZP,,,2.0
Sahabad,Kaimur (Bhabhua),33. Buxar,203. Ramgarh,Nuaon,,Nuaon_4,Unreserved (Mahila),Rinki Singh,Punam Devi,Rtd.Haji Seraj Ansari,7759994930.0,Minority,Muslim,51.0,"Haji Siraj Ansari|51|Male|Minority Muslim|
-Retired Army Personnel.
-He Graduated in Political Science with English.
-He Served The Veer Hamid Regiment for 18 Years as a Havaldar.
-He Served The BMP16 Crack Regiment for 2 Years as a Constable.
-He is Currently Posted at Ramgarh PNB Bank as a Cashier.
-He Was a Candidate for The National Congress Party Ticket 
 in Ramgarh Assembly 2010, He Got 1000 Votes & Lost The 
Election.
-He Contested the ZP Election from Nuaon Block in 2011 and got 6700 Votes
 & Lost The Election
-His Wife Shahnaz Begum Contested Mukhiya Election of 
Taraitha Panchayat from 2016 & 2021 and Lost The Both Election,
in The Last Election, She Got 761 Votes.",,Sangathan Dump,1.0,,,Member,,,3.0
Sahabad,Kaimur (Bhabhua),33. Buxar,203. Ramgarh,Nuaon,,Nuaon_4,Unreserved (Mahila),Rinki Singh,Punam Devi,,,,,,,,,,,,,,,4.0
Sahabad,Kaimur (Bhabhua),33. Buxar,203. Ramgarh,Nuaon,,Nuaon_4,Unreserved (Mahila),Rinki Singh,Punam Devi,,,,,,,,,,,,,,,5.0
Sahabad,Kaimur (Bhabhua),34. Sasaram (SC),204. Mohania,Kudra,,Kudra_5,Unreserved (Mahila),Rinki Singh,Punam Devi,Harendra Singh,919999143044.0,General,Rajput ,38.0,"- Master in Business Admistration 2012 BIMTEC
- Hold Law Degree from Shersah University,Sasaram 2022
-Assistance VP at  HDFC Life Leading North Region 
- His father: Surendra Prasad Singh is a Laywer   
-  """,,ACC,He is new in Politics but want to contest ZP Election with JSP and want to continue his poltical journery through ZP election ,,,,,,1.0
Sahabad,Kaimur (Bhabhua),34. Sasaram (SC),204. Mohania,Kudra,,Kudra_5,Unreserved (Mahila),Rinki Singh,Punam Devi,DHIRENDRA BHARTI,+917209530875,SC,Ram ,32.0,"- Mukhiya runner up 2021 2nd runner Up
- Garment shop and kirana shop 
",,ACC,,,,,,,2.0
Sahabad,Kaimur (Bhabhua),34. Sasaram (SC),204. Mohania,Kudra,,Kudra_5,Unreserved (Mahila),Rinki Singh,Punam Devi,Rameshwar Ram,9661859384.0,SC,Chamar,54.0,"Rameshwar Ram | 54 | Male | SC | Chamar
-Former Mukhiya of Bahera Panchayat(2006-11)
-Runner-up in BDC Election in 2001
-Was associated with BSP(1987-2000)
-His son is constable in BP",,Survey,Ye abhi apne party me nhi hai lakin judne ke liye ready hai .,,,Member,,,3.0
Sahabad,Kaimur (Bhabhua),34. Sasaram (SC),204. Mohania,Kudra,,Kudra_5,Unreserved (Mahila),Rinki Singh,Punam Devi,,,,,,,,,,,,,,,4.0
Sahabad,Kaimur (Bhabhua),34. Sasaram (SC),204. Mohania,Kudra,,Kudra_5,Unreserved (Mahila),Rinki Singh,Punam Devi,,,,,,,,,,,,,,,5.0
Sahabad,Kaimur (Bhabhua),34. Sasaram (SC),204. Mohania,Kudra,,Kudra_6,Unreserved (Mahila),Rinki Singh,Punam Devi,Shri Dr. Mrigendra Tiwari,9576255125.0,General,Brahmin,,"Dr. Mrigendra Tiwari | 40 | Male | General | Brahmin 

-Former INC Kaimur District Kisan President (2012-24). 
-Former INC Kaimur District Secretary. 
- Former INC Kudra Block President. 
-Former General Secretary Student Union, Sampoorna Nand Sanskrit University, Varanasi(2005-07).
-Former NSUI General Secretary, Varanasi (2003-05).",किसान प्रकोष्ठ अध्यक्ष,Sangathan,,,,किसान प्रकोष्ठ अध्यक्ष,,,1.0
Sahabad,Kaimur (Bhabhua),34. Sasaram (SC),204. Mohania,Kudra,,Kudra_6,Unreserved (Mahila),Rinki Singh,Punam Devi,Shri Praveen Kumar Singh,8340420377.0,General,Rajput,,"""Praveen Kumar Singh | 33 | Male | General | Rajput 

- Former BJP Youth Kudra Block President (2019-2021).
- Runner up of Sarpanch Election in 2021 & gots 870 votes. 
- Businessman transport and contractor.

""",,Sangathan,,,,युवा प्रकोष्ठ अध्यक्ष,,,2.0
Sahabad,Kaimur (Bhabhua),34. Sasaram (SC),204. Mohania,Kudra,,Kudra_6,Unreserved (Mahila),Rinki Singh,Punam Devi,"Vandana Kumari / Arvind Kumar Singh

",9771784516.0,OBC,Kushwaha,40.0,"-ZP Runner up 2021 (9562 votes)
-Mukhiya Contest 2016 (4th position)
-Independent",,Onboarded ,1.0,,,Onboarded ZP,,,3.0
Sahabad,Kaimur (Bhabhua),34. Sasaram (SC),204. Mohania,Kudra,,Kudra_6,Unreserved (Mahila),Rinki Singh,Punam Devi,Shila Kumari / Janardan Paswan,6204499110.0,SC,Paswan,35.0,"-ZP contest 2021 (1725 votes, 5th position)
-associated with JS",,Onboarded ,,,,ACC,,,4.0
Sahabad,Kaimur (Bhabhua),34. Sasaram (SC),204. Mohania,Kudra,,Kudra_6,Unreserved (Mahila),Rinki Singh,Punam Devi,,,,,,,,,,,,,,,5.0
Sahabad,Kaimur (Bhabhua),34. Sasaram (SC),204. Mohania,Mohania,,Mohania_7,Unreserved (Other),Rinki Singh,Punam Devi,Haricharan Thakur,8873943770.0,EBC,Nai,49.0,"Haricharan Thakur | 49 | Male | EBC | Nai

-Contested ZP Election in 2016 from Chainpur and secured 2200 votes.
-BSP Chainpur Assembly Prabhari(2010-2016).
-BSP District Vice President (2016-2019).
-BSP District Koshadhyaksh (2019-2024).",,Sangathan Dump ,,,,EMC,,,1.0
Sahabad,Kaimur (Bhabhua),34. Sasaram (SC),204. Mohania,Mohania,,Mohania_7,Unreserved (Other),Rinki Singh,Punam Devi,Pramaan Chaudhary,8002446762.0,SC," Pasi
",,"Pramaan Chaudhary | 45 | Male | SC | Pasi
-2 times former Mukhiya of Bhokhari Panchayat(2006-16)
-Former RJD Block Adhyaksh(2015)
-His father was ward member(2001-06)
-After 2016, Bhokri seat became reserved for EBC",,Sangathan Dump ,,,,Zila Sachiv,,,2.0
Sahabad,Kaimur (Bhabhua),34. Sasaram (SC),204. Mohania,Mohania,,Mohania_7,Unreserved (Other),Rinki Singh,Punam Devi,प्रमोद कुमार सिंह,9431484316.0,,,,"Secured 5902
ZP Chairman 2006-11 ",,,1.0,,,Onboarded ZP,,,3.0
Sahabad,Kaimur (Bhabhua),34. Sasaram (SC),204. Mohania,Mohania,,Mohania_7,Unreserved (Other),Rinki Singh,Punam Devi,,,,,,,,,,,,,,,4.0
Sahabad,Kaimur (Bhabhua),34. Sasaram (SC),204. Mohania,Mohania,,Mohania_7,Unreserved (Other),Rinki Singh,Punam Devi,,,,,,,,,,,,,,,5.0
Sahabad,Kaimur (Bhabhua),34. Sasaram (SC),204. Mohania,Mohania,,Mohania_8,Unreserved (Other),Rinki Singh,Punam Devi,Shri Dayanand Ram,9955511134.0,,,,"Dayanand Ram | 64| Male | Chammar
 - Two-term Ex Mukhiya from General seat ( 2011, 2016)
 - Wife Geeta Tyagi Z.P runnerup from Mohania bhaag 2, lost by 200 votes ( 2011 )
 - Block Sanyojak, BJP ( 2010-2012)
 - Birha singer",सलाहकार समिति,Sangathan,,,,सलाहकार समिति,,,1.0
Sahabad,Kaimur (Bhabhua),34. Sasaram (SC),204. Mohania,Mohania,,Mohania_8,Unreserved (Other),Rinki Singh,Punam Devi,Shri Dr. S. N. Chaubey,9507810151.0,,,,"Dr. SN Chaubey | 40 | Male | General | Brahmin 

-Former BSP mandal  Coordinator Allahabad(2008-14) (During this tenure 8 MLAs of BSP won the assembly elections).
-Former NSUI District Coordinator Allahabad(2003-08).
-Former BJP Mandal Adhyaksh(Mohania)(2014-16).
-PhD in Education from Shri Satya Sai University Bhopal.
-Professor cum Principal in Different Colleges(2020-23).",मुख्य प्रवक्ता,Sangathan,,,,मुख्य प्रवक्ता,,,2.0
Sahabad,Kaimur (Bhabhua),34. Sasaram (SC),204. Mohania,Mohania,,Mohania_8,Unreserved (Other),Rinki Singh,Punam Devi,Shatrunjay Kumar Singh,9955800599.0,,,,,,Incumbent ZP,,,,,,,3.0
Sahabad,Kaimur (Bhabhua),34. Sasaram (SC),204. Mohania,Mohania,,Mohania_8,Unreserved (Other),Rinki Singh,Punam Devi,Umesh Pandey,7372839423.0,,,,,,Vidhan Sabha prabhari,,,,Vidhan Sabha Sanyojak,,,4.0
Sahabad,Kaimur (Bhabhua),34. Sasaram (SC),204. Mohania,Mohania,,Mohania_8,Unreserved (Other),Rinki Singh,Punam Devi,Vijay Shankar Singh,9546513935.0,OBC,Yadav,45.0,"Vijay Shankar Singh Yadav | 45 | Male | OBC | Yadav
Former two terms Mukhiya from 2006 - 2016
DM Awarded Best Mukhiya for contribution he did in MNREGA",,Sangathan Dump,,,,Zila Upadhyaksh,,,5.0
Sahabad,Kaimur (Bhabhua),34. Sasaram (SC),204. Mohania,Mohania,,Mohania_9,Unreserved (Mahila),Rinki Singh,Punam Devi,Shrimati Aarti Kumari,9546783472.0,,,,"Arti Kumari | 29 | Female | SC | Chamar

- Former District President of AAP Women Wing 2020 - 2024.
- Director of T.O.P English School Mohania.",महिला प्रकोष्ठ अध्यक्ष,Sangathan,,,,महिला अध्यक्ष,,,1.0
Sahabad,Kaimur (Bhabhua),34. Sasaram (SC),204. Mohania,Mohania,,Mohania_9,Unreserved (Mahila),Rinki Singh,Punam Devi,Pushpa Devi / Sanjay Singh,9834337038.0,General,Rajput,51.0,"-ZP Contest 2021, Runner up
-Brother Contest Mukhiya, PACS",,Onboarded ,,,,Onboarded ZP,,,2.0
Sahabad,Kaimur (Bhabhua),34. Sasaram (SC),204. Mohania,Mohania,,Mohania_9,Unreserved (Mahila),Rinki Singh,Punam Devi,Geeta Devi,7909040971.0,,,,"Geeta Pasi | 45 | Pasi | Female
- Incumbent Zila Parishad from Mohania Block. 
-Actively involved in Politics since 2005. 
-Z.P from Mohania -2021 (General seat)
-Lost Z.P Election by 300 votes - 2016 (General seat ) 
-Z.P From Mohania-2011 to2016 ( Reserved Seat)
-Maha Sachiv Congress Committee, Kaimur- 2011-2013
-Zila Adhiyaksh  RJD - 2005-2010 (Women)
-Adhiyaksh Pasi Samaj (Woman) - 2012 
","राज्य सलाहकार समिति में आने वाले शाहाबाद क्षेत्र (बक्सर, कैमूर,रोहतास एवं भोजपुर)",Sangathan,,,,"राज्य सलाहकार समिति में आने वाले शाहाबाद क्षेत्र (बक्सर, कैमूर,रोहतास एवं भोजपुर)",,,3.0
Sahabad,Kaimur (Bhabhua),34. Sasaram (SC),204. Mohania,Mohania,,Mohania_9,Unreserved (Mahila),Rinki Singh,Punam Devi,DIGVIJAY PRATAP SINGH,6393103475.0,,,,,,PRI Form,1.0,,,PRI Applicants,,,4.0
Sahabad,Kaimur (Bhabhua),34. Sasaram (SC),204. Mohania,Mohania,,Mohania_9,Unreserved (Mahila),Rinki Singh,Punam Devi,,,,,,,,,,,,,,,5.0
Sahabad,Kaimur (Bhabhua),34. Sasaram (SC),205. Bhabua,Bhabua,,Bhabua_10,Backward Class (Others),Rinki Singh,Punam Devi,Budhadev Ram ,9631364875.0,,,,"Budhadev Ram  | Male | 59 | SC | Chamar | Incumbent Defacto Mukhiya

-Incumbent Defacto Mukhiya(2021 To Till Date)
-Former 2 Consecutive Terms Sarpanch(2006 To 2016)
-Former Mukhiya Contestant(2001 & 2016)
-Former Congress Member(2005 To 2024)
-Former BSP Member(2001 To 2005)
-",,ACC,IF pk will ensure him  he will definitely contest the election ( Angry due to ticket distribution ),,,ACC,,,
Sahabad,Kaimur (Bhabhua),34. Sasaram (SC),205. Bhabua,Bhabua,,Bhabua_10,Backward Class (Others),Rinki Singh,Punam Devi,Pradeep Gupta,7044176554.0,EBC,Bania (Teli),44.0,"-Incumbent ZP 2021-26 
-ZP Runner-up in 2016
-Presently in RJD",,Incumbent ZP,,,,Onboarded ZP,,,1.0
Sahabad,Kaimur (Bhabhua),34. Sasaram (SC),205. Bhabua,Bhabua,,Bhabua_10,Backward Class (Others),Rinki Singh,Punam Devi,Krishna Nand Tiwary,9060875917.0,,,,"Krishna Nand Tiwary | Male | 54 | Gen | Brahmin
-Former  BJP zila upaadhyaksh 2019-2022
-JSP Vidhan Shabha Prabhari 
-Former  Mukhia 2006 
-2 times De- facto Mukhia 2011 and 2016.",,"Vidhan Sabha prabhari, EMC",Committee done,,,Vidhan Sabha Sanyojak,,,3.0
Sahabad,Kaimur (Bhabhua),34. Sasaram (SC),205. Bhabua,Bhabua,,Bhabua_10,Backward Class (Others),Rinki Singh,Punam Devi,Iltaf Ali,6205000139.0,Minority,Muslim,,"-Member Vyapaar Mandal 2012-17
-ZP Contestant 2021 ( 2523 Votes )",,"Sangathan Dump, Runnerup ZP, EMC",,,,EMC,,,4.0
Sahabad,Kaimur (Bhabhua),34. Sasaram (SC),205. Bhabua,Bhabua,,Bhabua_10,Backward Class (Others),Rinki Singh,Punam Devi,Shri Amod Kumar Bind,9801017883.0,,,,,,Sangathan,,,,कर्पूरी मंच अध्यक्ष,,,2.0
Sahabad,Kaimur (Bhabhua),34. Sasaram (SC),205. Bhabua,Bhabua,,Bhabua_10,Backward Class (Others),Rinki Singh,Punam Devi,Chotelal Ram,9905206954.0,,,,"Chotelal Ram | 42 | SC | Chamar
- Former 2 times BDC Member
- Former BSP Zila Sachiv ( 2020 - 24)
- JSP DSC Member",,,,,,EMC,,,5.0
Sahabad,Kaimur (Bhabhua),34. Sasaram (SC),205. Bhabua,Bhabua,,Bhabua_11,Backward Class (Mahila),Rinki Singh,Punam Devi,Meena Devi,8651209062.0,,,,Incumbent ZP ,,Incumbent ZP,1.0,,,,,,1.0
Sahabad,Kaimur (Bhabhua),34. Sasaram (SC),205. Bhabua,Bhabua,,Bhabua_11,Backward Class (Mahila),Rinki Singh,Punam Devi,कौशल्या देवी,9661826659.0,,,,Zp Contestant ( 1383 Votes ),,ZP Contestant,1.0,,,,,,2.0
Sahabad,Kaimur (Bhabhua),34. Sasaram (SC),205. Bhabua,Bhabua,,Bhabua_11,Backward Class (Mahila),Rinki Singh,Punam Devi,,,,,,,,,,,,,,,3.0
Sahabad,Kaimur (Bhabhua),34. Sasaram (SC),205. Bhabua,Bhabua,,Bhabua_11,Backward Class (Mahila),Rinki Singh,Punam Devi,,,,,,,,,,,,,,,4.0
Sahabad,Kaimur (Bhabhua),34. Sasaram (SC),205. Bhabua,Bhabua,,Bhabua_11,Backward Class (Mahila),Rinki Singh,Punam Devi,,,,,,,,,,,,,,,5.0
Sahabad,Kaimur (Bhabhua),34. Sasaram (SC),205. Bhabua,Bhabua,,Bhabua_12,Unreserved (Other),Rinki Singh,Punam Devi,अभिशेक तिवारी,7903977822.0,,,,ZP Contestant ( 2968 votes ),,ZP Contestant,1.0,,,,,,4.0
Sahabad,Kaimur (Bhabhua),34. Sasaram (SC),205. Bhabua,Bhabua,,Bhabua_12,Unreserved (Other),Rinki Singh,Punam Devi,Shri Ram Pyare Singh,7258892419.0,General,Rajput,,"Ram Pyare Singh | 61 | Male | OBC | Kurmi

- Worked as Sachiv of Block at different Blocks in Kaimur including Ramgarh, Nuaon, Kudra, Mohania, Adhaura.
Was inclined with RJD as supporter",सलाहकार समिति,Sangathan,,,,सलाहकार समिति,,,1.0
Sahabad,Kaimur (Bhabhua),34. Sasaram (SC),205. Bhabua,Bhabua,,Bhabua_12,Unreserved (Other),Rinki Singh,Punam Devi,Shri Imtiyaz Ansari,9229501255.0,Minority,Muslim,,-District GeneralSecretery AIMIM 2023-25,अल्पसंख्यक प्रकोष्ठ अध्यक्ष,Sangathan,,,,अल्पसंख्यक प्रकोष्ठ अध्यक्ष,,,2.0
Sahabad,Kaimur (Bhabhua),34. Sasaram (SC),205. Bhabua,Bhabua,,Bhabua_12,Unreserved (Other),Rinki Singh,Punam Devi,Kapil Mooni Pandeya,8210389878.0,General,Brahmin,45.0,"ZP Runner Up Secured 2623
-  ZP Runner Up 2011 ( Bhabhua -1 ) 
- Congress Youth Dist president2010-16
- Congress Kisan Zila Adhyaksh 2016-20 
",,Onboarded ,1.0,,,Onboarded ZP,,,3.0
Sahabad,Kaimur (Bhabhua),34. Sasaram (SC),205. Bhabua,Bhabua,,Bhabua_12,Unreserved (Other),Rinki Singh,Punam Devi,Harinandan Prassad,9334802004.0,,,,,,New Name (Recommendation),Recommended by ,,,,,,5.0
Sahabad,Kaimur (Bhabhua),34. Sasaram (SC),205. Bhabua,Bhabua,,Bhabua_12,Unreserved (Other),Rinki Singh,Punam Devi,Prasun Kumar Tiwari,8789502228.0,General,Brahmin,,"BJP Leader (2016-2025)
-Petrol Pump Owner
-His is Chairman",,,,,,,,,
Sahabad,Kaimur (Bhabhua),34. Sasaram (SC),206. Chainpur,Chainpur,,Chainpur_13,Backward Class (Others),Rinki Singh,Punam Devi,Shri Anil Kumar Singh,9931024211.0,General,Rajput,,"Anil Kumar Singh | 59 | Male | OBC | Kurmi

- Previously Vyapar Mandal Adhyaksh from Chainpur (2011-2022).
- Two times Mukhiya from Sikaandarpur Panchayat (2001-2006, 2011-16).
- BJP Prakhand Adhyaksh (2006-12).
- BJP Panchyati Raj Prakosth Jila Adhyaksh (2003-06).
- Father was Mukhiya from 1962-1967.
- Grandfather Lt. Lalji SIngh was Sarpanch from 1952-57.",अध्यक्ष,Sangathan,,,,अध्यक्ष,,,1.0
Sahabad,Kaimur (Bhabhua),34. Sasaram (SC),206. Chainpur,Chainpur,,Chainpur_13,Backward Class (Others),Rinki Singh,Punam Devi,Yugal Kishor Upadhayay,9470611662.0,General,Brahmin,45.0,"-Incumbent PCAS adhyaksh 2024
-Mukhiya runner-up 2021
-former Mukhiya 2001,
-Defecto Mukhiya 2011,

--Currently BJP Zila Upadhyaksh 2023",,Onboarded ,1.0,,,Onboarded ZP,,,2.0
Sahabad,Kaimur (Bhabhua),34. Sasaram (SC),206. Chainpur,Chainpur,,Chainpur_13,Backward Class (Others),Rinki Singh,Punam Devi,Raam Ekbal Prasaad,9608736787.0,EBC,Bind,52.0,"ZP Runner Up :Secure 3227
- Two term Former Mukhiya 2006-11 , 2011-16
- JDU Pardesh Mahasachiv 2020-23
- JDU EBC ZIla Adhyaksh EBC 
- JSP Zila Abhiyan Samiti Sanyojak ",,Onboarded ,,,,ACC,,,3.0
Sahabad,Kaimur (Bhabhua),34. Sasaram (SC),206. Chainpur,Chainpur,,Chainpur_13,Backward Class (Others),Rinki Singh,Punam Devi,Md Tabrez,7484911786.0,Minority,Muslim,,"Md Tabrez | 37 | Male | Min 
Own 70 bigha land 
Active in Politics, his brother is Mukhiya 
Preparing for ZP Election 
 ",,Sangathan Dump,,,,,,,4.0
Sahabad,Kaimur (Bhabhua),34. Sasaram (SC),206. Chainpur,Chainpur,,Chainpur_13,Backward Class (Others),Rinki Singh,Punam Devi,Uttam Singh Patel,6204416183.0,OBC ,Kurmi,,"Uttam Singh Patel |Male| 30|OBC |Kurmi
- Incumnbent De-facto Mukhia 
- Former Mukhia 2016-2021
- willing to contest ZP Election",,,,,,EMC,,,5.0
Sahabad,Kaimur (Bhabhua),34. Sasaram (SC),206. Chainpur,Chainpur,,Chainpur_13,Backward Class (Others),Rinki Singh,Punam Devi,Kashi Prashad,9430261349.0,SC,Chammar,65.0,"-Mukhiya Runner up 2016
-ZP Runner up  from Mohnia Bhag-2 in 2011
-His Son Incumbent Mukhiya of Chauri Panchayt
-His Father is One of The Famous Pahelwan of Bihar.",,Sangathan Dump,,,,,,,
Sahabad,Kaimur (Bhabhua),34. Sasaram (SC),206. Chainpur,Chainpur,,Chainpur_14,SC (Other),Rinki Singh,Punam Devi,Sajid Parvej,9199212737.0,Minority,Muslim,55.0,"Sajid Parvez | 55 |Male  | Minority | Muslim 
ZP Runner up in 2001
-ZP Contest in 2006
-Janta Dal Nagar Adhayaksh 1997-98
-His Brother Two Time Mukhiya of Chainpur Panchayt 2011 and 2016.
-His Father was also Mukhiya 1978-2000
-Education- MA History and LLB from Patna University.
",,Sangathan Dump ,,,,EMC,,,1.0
Sahabad,Kaimur (Bhabhua),34. Sasaram (SC),206. Chainpur,Chainpur,,Chainpur_14,SC (Other),Rinki Singh,Punam Devi,Rampyare Ram,9661721694.0,SC,Ravidas,53.0,"-Incumbent BDC of Badhauna Panchayat and Block Pramukh of Chainpur. (2021- Present)
- BSP Yuva Zila Adhyaksh in 1995.
-Two time ZP Runner up 2001 and 2016 Panchayat elections.
-Ex sarpanch 2011 to 2016.
-Great Influence in Harijan Cast.",,Sangathan Dump,,,,,,,3.0
Sahabad,Kaimur (Bhabhua),34. Sasaram (SC),206. Chainpur,Chainpur,,Chainpur_14,SC (Other),Rinki Singh,Punam Devi,Nandan Kumar Paswan,9006938114.0,,,,ZP RUnnerup ( 4136 Votes ),,Runnerup ZP,1.0,,,,,,2.0
Sahabad,Kaimur (Bhabhua),34. Sasaram (SC),206. Chainpur,Chainpur,,Chainpur_14,SC (Other),Rinki Singh,Punam Devi,Kirpa Shankar Ray(Rajbhar),8603183827.0,EBC,Rajwar,54.0,"Kirpa Shankar Ray(Rajbhar) | 54 | Male | EBC | Rajbhar
ZP Runner up 2016 (3600 votes), -EBC Seat Reserved
ZP Runner up 2021 (3700 votes),
Mukhiya Runner UP (2006 &2011),
",,Sangathan Dump,,,,Zila Upadhyaksh,,,4.0
Sahabad,Kaimur (Bhabhua),34. Sasaram (SC),206. Chainpur,Chainpur,,Chainpur_14,SC (Other),Rinki Singh,Punam Devi,Lorik Pahalwan,7870949398.0,SC,Chammar,56.0,"Lorik Pahalwan | 55 | SC | Chamar | 7870949398
- He served as JAP District President of SC Cell from 2013 to 2024
- He served as BSP Block President from 1995 to 2001
- He contested for ZP in 2006 and was Runner Up
- He has good influnce in Community",,Sangathan Dump,,,,,,,5.0
Sahabad,Kaimur (Bhabhua),34. Sasaram (SC),206. Chainpur,Chainpur,,Chainpur_14,SC (Other),Rinki Singh,Punam Devi,Mahendra Pal,8539059665.0,OBC," Gaderi
",55.0,"Mahendra Pal| 55 | Male | OBC | Gaderi
Contested ZP in 2011, Got 3000 votes.
Contested Mukhiya election in 2016
",,Sangathan Dump,,,,Zila Sachiv,,,
Sahabad,Kaimur (Bhabhua),34. Sasaram (SC),206. Chainpur,Chand,,Chand_15,SC (Other),Rinki Singh,Punam Devi,Pawan Kumar,6352182803.0,SC,Ravidas,40.0,"-Sarpanch runner-up 2021

- JSP Prakhand Upadhyaksh 2025
-former BSP member till 2024

--RMP doctor by profession",,Onboarded ,1.0,,,Onboarded ZP,,,1.0
Sahabad,Kaimur (Bhabhua),34. Sasaram (SC),206. Chainpur,Chand,,Chand_15,SC (Other),Rinki Singh,Punam Devi,Sweta Singh Maurya,7488420450.0,OBC,Kushwaha,38.0,"ZP Contestent 2021
Maha Mantri Main Wing -BJP 2021
Maha Mantri 2010
BJP(2009-2025)",,Runnerup ZP,,,,EMC,,,2.0
Sahabad,Kaimur (Bhabhua),34. Sasaram (SC),206. Chainpur,Chand,,Chand_15,SC (Other),Rinki Singh,Punam Devi,Moti Ram,"8210007184
9955283115",,,,,,Runnerup ZP,1.0,,,,,,3.0
Sahabad,Kaimur (Bhabhua),34. Sasaram (SC),206. Chainpur,Chand,,Chand_15,SC (Other),Rinki Singh,Punam Devi,Ramdulari Devi,9430261349.0,,,,,,New Name (Recommendation),1.0,,,,,,4.0
Sahabad,Kaimur (Bhabhua),34. Sasaram (SC),206. Chainpur,Chand,,Chand_15,SC (Other),Rinki Singh,Punam Devi,,,,,,,,,,,,,,,5.0
Sahabad,Kaimur (Bhabhua),34. Sasaram (SC),206. Chainpur,Chand,,Chand_16,Unreserved (Other),Rinki Singh,Punam Devi,Vivek Tiwari,9415562831.0,,,,,,Vidhan Sabha prabhari,,,,Vidhan Sabha Sanyojak,,,1.0
Sahabad,Kaimur (Bhabhua),34. Sasaram (SC),206. Chainpur,Chand,,Chand_16,Unreserved (Other),Rinki Singh,Punam Devi,Bijay Singh,6394493137.0,,,,,,"ZP Contestant, Runnerup ZP",1.0,,,,,,2.0
Sahabad,Kaimur (Bhabhua),34. Sasaram (SC),206. Chainpur,Chand,,Chand_16,Unreserved (Other),Rinki Singh,Punam Devi,Rohit Kumar Singh,6201152101.0,,,,,,"ZP Contestant, Runnerup ZP",1.0,,,,,,3.0
Sahabad,Kaimur (Bhabhua),34. Sasaram (SC),206. Chainpur,Chand,,Chand_16,Unreserved (Other),Rinki Singh,Punam Devi,Shamsad Ansari,9631986868.0,Minority,Muslim,50.0,"- RJD Block Upadhyaksh (1995-2010)
-  Two Time Mukhiya Runner Up 2001 and 2021
-Two Time Contest ZP Election 2006 and 2011
- ",,,,,,,,,4.0
Sahabad,Kaimur (Bhabhua),34. Sasaram (SC),206. Chainpur,Chand,,Chand_16,Unreserved (Other),Rinki Singh,Punam Devi,,,,,,,,,,,,,,,5.0
Sahabad,Kaimur (Bhabhua),34. Sasaram (SC),206. Chainpur,Adhaura,,Adhaura_17,ST (Other),Rinki Singh,Punam Devi,Raj kumar  Singh,6202281510.0,ST,Kharwar,,"-He is incumbent ZP from Adhaura block.
-Lost ZP election to Doma Singh kharwar by 229 votes.
-Founding memeber of Adivasi Sangathan(45 Members).
-Professionally he is a doctor and runs a hospital in Bhagwanpur.
-Owns 22 acres of land.",,"Incumbent ZP, Sangathan Dump",,,,,,,1.0
Sahabad,Kaimur (Bhabhua),34. Sasaram (SC),206. Chainpur,Adhaura,,Adhaura_17,ST (Other),Rinki Singh,Punam Devi,Santosh Kumar Bind,8809390853.0,EBC,Bind,50.0,"-ZP Contest in 2021 got 1800 Votes
-Four Time Mukhiya Contest From Kuddi Panchayat 2001, 2006, 2011, 2016
-BSP Vidhansabha Adhayaksh (2020-21) ",,,,,,,,,2.0
Sahabad,Kaimur (Bhabhua),34. Sasaram (SC),206. Chainpur,Adhaura,,Adhaura_17,ST (Other),Rinki Singh,Punam Devi,,,,,,,,,,,,,,,3.0
Sahabad,Kaimur (Bhabhua),34. Sasaram (SC),206. Chainpur,Adhaura,,Adhaura_17,ST (Other),Rinki Singh,Punam Devi,,,,,,,,,,,,,,,4.0
Sahabad,Kaimur (Bhabhua),34. Sasaram (SC),206. Chainpur,Adhaura,,Adhaura_17,ST (Other),Rinki Singh,Punam Devi,,,,,,,,,,,,,,,5.0
Sahabad,Kaimur (Bhabhua),24. Begusarai,142. Bachhwara,Bhagwanpur,,Bhagwanpur_18,SC (Mahila),Rinki Singh,Punam Devi,Anita Devi / Bajarang Paswan,6203021875.0,SC,Dushad,36.0,"Secured :2892
Father Runner  2001",,Onboarded ,1.0,,,Onboarded ZP,,,1.0
Sahabad,Kaimur (Bhabhua),24. Begusarai,142. Bachhwara,Bhagwanpur,,Bhagwanpur_18,SC (Mahila),Rinki Singh,Punam Devi,मुस्कान कुमारी,7739460209.0,,,,"He fight in two Zp Seats In 2021 1st chayanpur (Vote 8500)
2nd Bhagwanpur (Vote 7500 )",,1st Runnerup,1.0,,,,,,2.0
Sahabad,Kaimur (Bhabhua),24. Begusarai,142. Bachhwara,Bhagwanpur,,Bhagwanpur_18,SC (Mahila),Rinki Singh,Punam Devi,Bajrang Paswan,9939338147.0,SC,Dusadh,27.0,"-Contested in 2021 ZP election but could not manage to win.
-Got 3000 votes and stand out at 5th runner up position.",,Sangathan Dump,,,,,,,3.0
Sahabad,Kaimur (Bhabhua),24. Begusarai,142. Bachhwara,Bhagwanpur,,Bhagwanpur_18,SC (Mahila),Rinki Singh,Punam Devi,Gunja Kumari,7369817491.0,SC,Dusadh,35.0,"""Secured 4358
2016 Secured """,,Survey,Abhi kisi party me nhi hai lakin join hona chahte hai.,,,Onboarded ZP,,,4.0
Sahabad,Kaimur (Bhabhua),24. Begusarai,142. Bachhwara,Bhagwanpur,,Bhagwanpur_18,SC (Mahila),Rinki Singh,Punam Devi,,,,,,,,,,,,,,,5.0
Sahabad,Kaimur (Bhabhua),34. Sasaram (SC),205. Bhabua,Rampur,,Rampur_19,SC (Mahila),Rinki Singh,Punam Devi,,,,,,,,,,,,,,,1.0
Sahabad,Kaimur (Bhabhua),34. Sasaram (SC),205. Bhabua,Rampur,,Rampur_19,SC (Mahila),Rinki Singh,Punam Devi,Ramji Paswan,8084145566.0,SC,Paswan,,"Ramji Paswan | Male | 60 | SC | Paswan 
 -Defecto Sarpanch 1978-2000
- former LJP zila upadhyaksh 2014-2022
- Mukhiya runner-up 2001, 2006, and 2011
-ZP Contestant 2021",,EMC,,,,EMC,,,2.0
Sahabad,Kaimur (Bhabhua),34. Sasaram (SC),205. Bhabua,Rampur,,Rampur_19,SC (Mahila),Rinki Singh,Punam Devi,Kumari Shisham,8002401734.0,,,,ZP Contestant ( 3720 votes ),,ZP Contestant,1.0,,,,,,4.0
Sahabad,Kaimur (Bhabhua),34. Sasaram (SC),205. Bhabua,Rampur,,Rampur_19,SC (Mahila),Rinki Singh,Punam Devi,Kusum Devi,8789978743.0,,,,ZP Contestant ( 1376 votes ),,ZP Contestant,1.0,,,,,,5.0
Sahabad,Kaimur (Bhabhua),34. Sasaram (SC),205. Bhabua,Rampur,,Rampur_19,SC (Mahila),Rinki Singh,Punam Devi,Sita Ram,7667253183.0,,,,,,Sangathan Dump,,,,PRI Applicants,,,3.0
Sahabad,Bhojpur,32. Arrah,198. Shahpur,Shahpur,,Shahpur_1,Unreserved (Mahila),Asha Devi,,Shri Shyamnandan Ojha,9572075150.0,General,Brahmin,,"""Shri Shyamnandan Ojha | Male | 65 | General | Brahmin | Salahkar Samiti

 ZP Contestant, 2021 — 4,900 votes
 Two-time De-facto ZP Runner-Up, Shahpur Paschimi
 Trustee, KOB College, Sahjouli
 Member, Rajya Karya Samiti, Bihar Madhyamik Shikshak Sangh, 2009–2015
 District Karya Samiti, Shikshak Sangh, 2000–2009
 Anumandal Sachiv, Shikshak Sangh, 1990–2000
 Block Sachiv, Madhyamik Shiksha Sangh, 1980–1990
 District Mahamantri, Youth Congress Committee, 1980s
Retired High School Teacher
""",सलाहकार समिति,Sangathan,,,,सलाहकार समिति,,,1.0
Sahabad,Bhojpur,32. Arrah,198. Shahpur,Shahpur,,Shahpur_1,Unreserved (Mahila),Asha Devi,,Krishna Devi / Pramod Kumar Ojha,9955430605.0,General,Brahmin,40.0,"Krishna Devi | Female | 40 | General | Brahmin | Incumbent ZP Member

- Incumbent ZP Member, 2021: Secured 6,544 votes
- Former ZP Member, 2016 : Secured 3,369 votes
- BJP District Committee Member
- Husband: Pramod Kumar Ojha
",,Onboarded ,,,,Onboarded ZP,,,2.0
Sahabad,Bhojpur,32. Arrah,198. Shahpur,Shahpur,,Shahpur_1,Unreserved (Mahila),Asha Devi,,Kavita Mishra / Vinay Mishra,8825173391.0,General,Brahmin,40.0,"Kavita Mishra | Female | 40 | General | Brahmin | ZP Runner-Up

- ZP Runner-Up, 2021: Secured 2,241 votes
- Retired from CRPF
- Husband: Vinay Mishra
",Zila Prabhari ,Sangathan Dump,,,,EMC,,,3.0
Sahabad,Bhojpur,32. Arrah,198. Shahpur,Shahpur,,Shahpur_1,Unreserved (Mahila),Asha Devi,,Sarita Ojhaa / Praveen Kumar Ojha,7739367166/7759853146,General,Brahmin,45.0,"Sarita Ojhaa | Female | 45 | General | Brahmin | ZP Contestant

 ZP Contestant, 2021: Secured 4,900 votes, 3rd Position
 Associated with Jan Suraaj (JS)
Husband: Praveen Kumar Ojha
",,Runnerup ZP,,,,,,,4.0
Sahabad,Bhojpur,32. Arrah,198. Shahpur,Shahpur,,Shahpur_1,Unreserved (Mahila),Asha Devi,,,,,,,,,,,,,,,,5.0
Sahabad,Bhojpur,32. Arrah,198. Shahpur,Shahpur,,Shahpur_2,Unreserved (Mahila),Asha Devi,,"Kiran Tiwari  
Pankaj Tiwari (Dever)",9304232026.0,General,Brahmin,35.0,"Kiran Tiwari | Female | 35 | General | Brahmin | ZP Runner-Up

- ZP Runner-Up, 2021: Secured 8,172 votes
- Independent (not associated with any party)
- Dever: Pankaj Tiwari
",,Runnerup ZP,,,,Onboarded ZP,,,1.0
Sahabad,Bhojpur,32. Arrah,198. Shahpur,Shahpur,,Shahpur_2,Unreserved (Mahila),Asha Devi,,"Baby Tripathi
Saroj Tripathi",7004793716.0,General,Brahmin,35.0,"Baby Tripathi | Female | 35 | General | Brahmin | ZP Contestant

- ZP Contestant, 2021: Secured 8,800 votes
- Social Worker
- Husband: Saroj Tripathi",ACC,ACC,,,,ACC,,,2.0
Sahabad,Bhojpur,32. Arrah,198. Shahpur,Shahpur,,Shahpur_2,Unreserved (Mahila),Asha Devi,,"Meena Devi
Shivji Yadav",6200881447.0,OBC ,Yadav ,,"Four time ZP Member 2001, 2006, 2016, 2021
Incumbent Zp 2021-Onwards : Secured 8570 Votes
Former ZP 2016-21 : Secured 7709 Votes",,Incumbent ZP,,,,,,,3.0
Sahabad,Bhojpur,32. Arrah,198. Shahpur,Shahpur,,Shahpur_2,Unreserved (Mahila),Asha Devi,,,,,,,,,,,,,,,,4.0
Sahabad,Bhojpur,32. Arrah,198. Shahpur,Shahpur,,Shahpur_2,Unreserved (Mahila),Asha Devi,,,,,,,,,,,,,,,,5.0
Sahabad,Bhojpur,32. Arrah,198. Shahpur,Shahpur,,Shahpur_3,Unreserved (Other),Asha Devi,,Devakinandan Yadav,9801623431.0,OBC,Yadav,35.0,"-ZP Contest in 2021 (3757 votes, 4th position)
-First-time Candidate in 2021",,Onboarded ,,,,Onboarded ZP,,,1.0
Sahabad,Bhojpur,32. Arrah,198. Shahpur,Shahpur,,Shahpur_3,Unreserved (Other),Asha Devi,,Kaushal Kumar Singh,8578957501.0,General,Rajput,40.0,"-Former BJP Prakhand Mahamantri (2021-2024)
-Former ZP Runner up got 5943 votes in 2021
-Distributor of Seed and fertilizer in Bhojpur district""",Sangathan Zila Mahasachiv,Sangathan,,,,EMC,,,2.0
Sahabad,Bhojpur,32. Arrah,198. Shahpur,Shahpur,,Shahpur_3,Unreserved (Other),Asha Devi,,Krisna Kumar Singh,9241157617.0,General,Rajput,38.0,"- Incumbent Defacto(Mother-Shushila Devi) ZP Member(2021)
-Father 2 Terms Mukhiya(2001 to 2011)
-Jan Suraaj Yuva Pradesh Mahasachiv
""",Jan Suraaj Yuva Pradesh Mahasachiv,"""Sangathan, ACC""","He is planning to Contest ZP Election From two ZP Area 
From ZP Area Sahpur 3 his Mother Shushila Devi 
and His Wife Preeti Singh Will contest from ZP Area Bihiya 5.",,,ACC,,,3.0
Sahabad,Bhojpur,32. Arrah,198. Shahpur,Shahpur,,Shahpur_3,Unreserved (Other),Asha Devi,,Ashish kumar,8102256766.0,General,Bhumihar,40.0,"-Incumbent Up Mukhiya
-Business",,,,,,Sangathan Zila Upadhyaksh,,,4.0
Sahabad,Bhojpur,32. Arrah,198. Shahpur,Shahpur,,Shahpur_3,Unreserved (Other),Asha Devi,,,,,,,,,,,,,,,,5.0
Sahabad,Bhojpur,32. Arrah,198. Shahpur,Bihiya,,Bihiya_4,Unreserved (Mahila),Asha Devi,,Rekha Devi / Kishun Kumar Yadav,9934624354.0,OBC,Yadav,40.0,"-ZP Contest 2021 (2404 Votes, 4th Position)
-Presently in the JJD District President 2025",,Onboarded ,,,,Onboarded ZP,,,1.0
Sahabad,Bhojpur,32. Arrah,198. Shahpur,Bihiya,,Bihiya_4,Unreserved (Mahila),Asha Devi,,Nidhi Ojha,9473081598.0,General,Brahmin,,,,Runnerup ZP,,,,,,,2.0
Sahabad,Bhojpur,32. Arrah,198. Shahpur,Bihiya,,Bihiya_4,Unreserved (Mahila),Asha Devi,,Nand Kumar Ojha,7004170080.0,General,Brahmin,58.0,"""-Ex-ZP (2011-16) - 2 term PACS President (1998-2004)
 -ZP Runner-up(2021) 6700 votes
 - Agricultural allied business""",Block Prabhari ,Sangathan Dump,,,,,,,3.0
Sahabad,Bhojpur,32. Arrah,198. Shahpur,Bihiya,,Bihiya_4,Unreserved (Mahila),,,Arun Paswan,7463039351.0,SC,Paswan,46.0,ZP Contenstant 2021 got 1796 votes,,,,,,,,,
Sahabad,Bhojpur,32. Arrah,198. Shahpur,Bihiya,,Bihiya_4,Unreserved (Mahila),Asha Devi,,Chandan Thakur,+917070639659,OBC ,Nai ,26.0,Social Worker , JSP Karpuri Manch zila upadhyaksh ,Sangathan,,,,,,,4.0
Sahabad,Bhojpur,32. Arrah,198. Shahpur,Bihiya,,Bihiya_4,Unreserved (Mahila),Asha Devi,,Utpal None,919523491385.0,General,Brahmin,40.0,"-Contrator
-Engineer",,,,,,,,,5.0
Sahabad,Bhojpur,32. Arrah,198. Shahpur,Bihiya,,Bihiya_5,SC (Other),Asha Devi,,Paras Yadav,8809552477.0,OBC ,Yadav ,60.0,"Current profile - he is a Zila Parishad  Contestant from area no 5 in Behea block.

Socio Political - He did his matriculation. he aligned with CPI ML. In 2006 he contested for ZP, 1100 votes secured, 3rd position. In 2011 he contested for ZP, 1200 votes secured, 3rd position

Community Impact - He stayed Osai Panchayat. He was retired Army from the post of Nayak Subedar. Good vote bank in Behea block.

Financial - He is a retired Army.

Criminal Activities - NA

""",BSC Member ,Sangathan Dump,,,,,,,1.0
Sahabad,Bhojpur,32. Arrah,198. Shahpur,Bihiya,,Bihiya_5,SC (Other),Asha Devi,,Vinay Sharma,7091649565.0,EBC ,Nai,,,Karpuri Manch Zila adhyaksh,Sangathan,,,,कर्पूरी मंच अध्यक्ष,,,2.0
Sahabad,Bhojpur,32. Arrah,198. Shahpur,Bihiya,,Bihiya_5,SC (Other),Asha Devi,,,,,,,,,,,,,,,,3.0
Sahabad,Bhojpur,32. Arrah,198. Shahpur,Bihiya,,Bihiya_5,SC (Other),Asha Devi,,,,,,,,,,,,,,,,4.0
Sahabad,Bhojpur,32. Arrah,198. Shahpur,Bihiya,,Bihiya_5,SC (Other),Asha Devi,,,,,,,,,,,,,,,,5.0
Sahabad,Bhojpur,32. Arrah,197. Jagdishpur,Jagdishpur,,Jagdishpur_6,Backward Class (Others),Asha Devi,,Narender Pratap Singh,8986142865.0,OBC,Yadav ,40.0,"""Contestent Independent M.L.A election from Jagdispur(2020)
- Up-Mukhiya 2016-21 
- Incumbent Ward Sangh Adhyaksh of Bhojpur District : 2016- Onwards""",Jagdispur Anumdal Yuva President,Sangathan,,,,EMC,,,1.0
Sahabad,Bhojpur,32. Arrah,197. Jagdishpur,Jagdishpur,,Jagdishpur_6,Backward Class (Others),Asha Devi,,Maya Kumari,8252197753.0,OBC,Yadav ,38.0,"-Teacher
-Business",,,,,,,,,2.0
Sahabad,Bhojpur,32. Arrah,197. Jagdishpur,Jagdishpur,,Jagdishpur_6,Backward Class (Others),Asha Devi,,Mohammad Rahimuddin Warsi,8873951766.0,Minority,Muslim,60.0,"Secured : 3460
- JDU Minority Cell State Vice President ",,Runnerup ZP,,,,,,,3.0
Sahabad,Bhojpur,32. Arrah,197. Jagdishpur,Jagdishpur,,Jagdishpur_6,Backward Class (Others),Asha Devi,,,,,,,,,,,,,,,,4.0
Sahabad,Bhojpur,32. Arrah,197. Jagdishpur,Jagdishpur,,Jagdishpur_6,Backward Class (Others),Asha Devi,,,,,,,,,,,,,,,,5.0
Sahabad,Bhojpur,32. Arrah,197. Jagdishpur,Jagdishpur,,Jagdishpur_7,Unreserved (Mahila),Asha Devi,,Hirajharo Devi,9939899453.0,,,,,,Runnerup ZP,,,,,,,1.0
Sahabad,Bhojpur,32. Arrah,197. Jagdishpur,Jagdishpur,,Jagdishpur_7,Unreserved (Mahila),Asha Devi,,Krishna Kumar,8709514862.0,EBC,TELI,40.0,"Krishna Kumar| Male | 40| EBC | Teli
- 2 term Incumbent defacto BDC (2021-till now)
-Businessman (Refined oil distributor)",,,,,,Member,,,2.0
Sahabad,Bhojpur,32. Arrah,197. Jagdishpur,Jagdishpur,,Jagdishpur_7,Unreserved (Mahila),Asha Devi,,Nandji Singh,9341484249.0,OBC,Yadav,62.0,"Nandji Singh | Male | 62| OBC| Yadav
- Former CPI(ML) District Secretary (1990 to 1995)
Ex Zila Parishad Vice Chairman(2006 to 2008)
Ex Zila Parishad 2006 to 2011
Ex RJD District Pradhan Mahasachiv(2004 to 2007)
Member of Shanti Shamiti ",,,,,,Member,,,3.0
Sahabad,Bhojpur,32. Arrah,197. Jagdishpur,Jagdishpur,,Jagdishpur_7,Unreserved (Mahila),Asha Devi,,,,,,,,,,,,,,,,4.0
Sahabad,Bhojpur,32. Arrah,197. Jagdishpur,Jagdishpur,,Jagdishpur_7,Unreserved (Mahila),Asha Devi,,,,,,,,,,,,,,,,5.0
Sahabad,Bhojpur,32. Arrah,197. Jagdishpur,Jagdishpur,,Jagdishpur_8,Backward Class (Others),Asha Devi,,"Aashaa Kumari
Virendra Samarat ",7004572942.0,OBC ,Yadav,52.0,"- ZP Runner Up 2021: Secured 3000 Vote
- Mukhiya Runner Up  
- Runs a Hospital named Samarat Hospital 
- Education - BMS ",,Runnerup ZP,,,,,,,1.0
Sahabad,Bhojpur,32. Arrah,197. Jagdishpur,Jagdishpur,,Jagdishpur_8,Backward Class (Others),Asha Devi,,Nagarseth Kumar Singh,9110126522.0,EBC,Chandravanshi,46.0,"2021 ZP Runner Up Secured 4653
2016 Mukhiya Runner Up
Former JDU EBC Prakhand Adhyash ",,Runnerup ZP,,,,,,,2.0
Sahabad,Bhojpur,32. Arrah,197. Jagdishpur,Jagdishpur,,Jagdishpur_8,Backward Class (Others),Asha Devi,,Amit Choubey,7761880338.0,General ,Brahmin,42.0,"Amit Choubey| Male | 42 | General | Brahmin 

- Zila Prabhari AAP 2015-2021
-Actively involved in District Politics",,,,,,Zila Sachiv,,,3.0
Sahabad,Bhojpur,32. Arrah,197. Jagdishpur,Jagdishpur,,Jagdishpur_8,Backward Class (Others),Asha Devi,,,,,,,,,,,,,,,,4.0
Sahabad,Bhojpur,32. Arrah,197. Jagdishpur,Jagdishpur,,Jagdishpur_8,Backward Class (Others),Asha Devi,,,,,,,,,,,,,,,,5.0
Sahabad,Bhojpur,32. Arrah,195. Agiaon,Garhani,,Garhani_9,Unreserved (Mahila),Asha Devi,,Rajkumari Devi,7319654841.0,EBC ,Kumhara ,49.0,"
- Ex ZP from Garhani Block in 2009 by-election 
- ZP Runner up from Garhani Block in 2016
- RLSP Zila Mahila Adhyaksh (2014-2017)
- JDU Zila Sacheev (2006-2012)",Zila Mahila Adhyaksh,Sangathan,Helped in Making PLC Card For JSP,,,EMC,,,1.0
Sahabad,Bhojpur,32. Arrah,195. Agiaon,Garhani,,Garhani_9,Unreserved (Mahila),Asha Devi,,Vimal Singh,919955133357.0,OBC ,Yadav ,34.0,"-Former Prakhand Pramukh (2021-May 2024)
- Incumbent BDC (2021-till now)
-Owns a poultry farm.",Sanghatan Zila Sachiv,Sangathan,,,,Sanghatan Zila Sachiv,,,2.0
Sahabad,Bhojpur,32. Arrah,195. Agiaon,Garhani,,Garhani_9,Unreserved (Mahila),Asha Devi,,,,,,,,,,,,,,,,3.0
Sahabad,Bhojpur,32. Arrah,195. Agiaon,Garhani,,Garhani_9,Unreserved (Mahila),Asha Devi,,,,,,,,,,,,,,,,4.0
Sahabad,Bhojpur,32. Arrah,195. Agiaon,Garhani,,Garhani_9,Unreserved (Mahila),Asha Devi,,,,,,,,,,,,,,,,5.0
Sahabad,Bhojpur,32. Arrah,195. Agiaon,Charpokhari,,Charpokhari_10,SC (Mahila),Asha Devi,,Shri Kamleshwar Mishra,8789593736.0,General,Brahmin,,"-Former Mukhiya 2011-2011, Koyal Panchayat
- Former PACS 2009",महामंत्री,Sangathan,,,,महामंत्री,,,1.0
Sahabad,Bhojpur,32. Arrah,195. Agiaon,Charpokhari,,Charpokhari_10,SC (Mahila),Asha Devi,,Sweety Mishra ,9155217543.0,General,Brahmin,,"
- Incumbent PACS member -Former seceratory of student union in 2005 at Jag Jivan College Ara
-Her sister in law was former ward sadasya from Nagri panchayat",Sangathan Zila Mahila Adhyaksh,Sangathan,,,,EMC,,,2.0
Sahabad,Bhojpur,32. Arrah,195. Agiaon,Charpokhari,,Charpokhari_10,SC (Mahila),Asha Devi,,Bishnu shanker पाण्डेय,+919835250562,General,Brahmin,57.0,"-Senior Advocate
-Ex Sarpanch",,,,,,,,,3.0
Sahabad,Bhojpur,32. Arrah,195. Agiaon,Charpokhari,,Charpokhari_10,SC (Mahila),Asha Devi,,,,,,,,,,,,,,,,4.0
Sahabad,Bhojpur,32. Arrah,195. Agiaon,Charpokhari,,Charpokhari_10,SC (Mahila),Asha Devi,,,,,,,,,,,,,,,,5.0
Sahabad,Bhojpur,32. Arrah,194. Arrah,Piro,,Piro_11,Unreserved (Mahila),Asha Devi,,"Shoshila Devi 
 Munna Ram ",8579911578.0,SC,Ravidas,48.0,"ZP Contested in 2021 got 2694 Votes
Former Mukhiya 2016
CPI ML Prakhand Sachiv ",,Onboarded ,,,,Onboarded ZP,,,1.0
Sahabad,Bhojpur,32. Arrah,194. Arrah,Piro,,Piro_11,Unreserved (Mahila),Asha Devi,,Bevi Devi / Sunil Singh,6200782854.0,General,Rajput,43.0,"Former ZP 2016-21
ZP Runner Up 2021 Secured 7178 
- Former Defacto Mukhiya  2011-16
Former JDU Dist Vice President 2022-2025
Incumbent 20 Sutri",BSC Member ,Sangathan Dump,,,,Onboarded ZP,,,2.0
Sahabad,Bhojpur,32. Arrah,194. Arrah,Piro,,Piro_11,Unreserved (Mahila),Asha Devi,,Arvind Singh,8709041613.0,General,Rajput,48.0,"Current Profile- He is Incumbent PACs President from Tar Panchayat (2009- till now).
Socio-political- Has an educational background of Graduation. He is three times PACS President from Tar Panchayat. He first time contested for the PACS President election in 2009 and won it. He again contested and won the PACS president both in 2014 and 2019 respectively. His father Late, Baleswar Rai was Mukhiya from Tar Gram panchayat for 23 years from 1978 to 2000, and again from 2001 to 2003. His sister-in-law Baby Devi was Mukhiya from 2006-2016 and ZP from 2016-2021.
Financial Activity-He is a landlord owning land and runs poultry farm.
Area Impact: He comes from a very respectable family and has a hold at the block level politics.",BSC Member ,Sangathan Dump,He had worked in Bankipur ByPoll in ward 19 ,,,,,,3.0
Sahabad,Bhojpur,32. Arrah,194. Arrah,Piro,,Piro_11,Unreserved (Mahila),Asha Devi,,Upendar Rahi Choudhary,6299664133.0,EBC,Mallah,46.0,"Upendar Rahi Choudhary | EBC | Mallah | 46 | EX Zila Parishad | 9155340359 

- Ex ZP 2011-16; 14,000 votes. 
  -LJP Prakhand adhiyaksha then LJP Zila Upadhiyaksh in 2008, 
-LJP Zila adhiyaksh in (2013-2018) (Youth Wing).
-Organize state level (cricket,volleyball and football) tournaments and matches.
- Own a big fish farm in Sandesh Block
",,,x,,,Zila Upadhyaksh,,,4.0
Sahabad,Bhojpur,32. Arrah,194. Arrah,Piro,,Piro_11,Unreserved (Mahila),Asha Devi,,,,,,,,,,,,,,,,5.0
Sahabad,Bhojpur,32. Arrah,194. Arrah,Piro,,Piro_12,Unreserved (Mahila),Asha Devi,,Sarita Devi / Munna Paswan,8809245320.0,SC,Paswan,45.0,"ZP Runner Up 2021: Secured 1196
- Former Defacto mukhiya 2006-11
-associated with JS
- BSC Member 

",Prakhand Mahasachiv,Sangathan Dump,,,,Onboarded ZP,,,1.0
Sahabad,Bhojpur,32. Arrah,194. Arrah,Piro,,Piro_12,Unreserved (Mahila),Asha Devi,,Madan Singh,9006636891.0,OBC,Yadav,54.0,"1. - Current profile:- Defacto ZP Runner Up Zone No. - 12 & Ex ZP
 2. -Socio-political Brief:- He first contested election of Mukhiya in 2011 from  Kothua Panchayat & was 1st runnerup. Again in 2016, his wife Asha Devi contested election of Z.P. from Zone No. - 12 & won the same. In 2021 again his wife contested for Z.P. from Zone No. - 12 & was 1st Runner up. He was also R.J.D. Block Chairperson from 2009-11. He is also Election In-charge of RJD Tarari Assembly. Also having own land property at HasanBazar on which he is running RJD office.
3. -Educational profile:- Inter
 4. -Financial strength:- Strong
5. -Crime history:-nil
 6. -Area/community influence:- District",BSC Member ,Sangathan Dump,,,,,,,2.0
Sahabad,Bhojpur,32. Arrah,194. Arrah,Piro,,Piro_12,Unreserved (Mahila),Asha Devi,,,,,,,,,,,,,,,,3.0
Sahabad,Bhojpur,32. Arrah,194. Arrah,Piro,,Piro_12,Unreserved (Mahila),Asha Devi,,,,,,,,,,,,,,,,4.0
Sahabad,Bhojpur,32. Arrah,194. Arrah,Piro,,Piro_12,Unreserved (Mahila),Asha Devi,,,,,,,,,,,,,,,,5.0
Sahabad,Bhojpur,32. Arrah,194. Arrah,Piro,,Piro_13,Backward Class (Mahila),Asha Devi,,"Manmati Devi / Ram Sanjiwan Chaudhary
(Sasur)",9507228792.0,EBC,Nonia,61.0,"Current Profile: He is Zila Parishad 2nd runner up from area no. 13
Socio-political: He has educational background of BA. He first time contested for BDC election from Katar panchayat in 2001 and won the same. Then, he contested for Mukhiya election from Katar panchayat in 2006. He then contested for PACS election in 2009 & won the same. In 2016, her daughter in law Manmati Devi contested for Zila Parishad but she lost it. In 2021, she contested again for zila parishad and came as 2nd runner up with total 6987 votes. He has good political acumen and greatly respected in his community.
Financial Activity: He is small businessman and farmer. 
Area Impact: He has hold at the block level and very respectable person in whole block.
",BSC Member ,Sangathan Dump,,,,Onboarded ZP,,,1.0
Sahabad,Bhojpur,32. Arrah,194. Arrah,Piro,,Piro_13,Backward Class (Mahila),Asha Devi,,Shiv Sagar Kushwaha,9708875287.0,Piro,,,"Shiv Sagar Singh | 61 | Male | OBC | Kushwaha

- District President of Ward Sangh, Bhojpur (2016- Present)
-Former District Secretary at Koiri Mahasangh
-Up Mukhiya (2016-Present)
 - AIINA NEWS - Editorial board (2018-2023)",ओबीसी प्रकोष्ठ अध्यक्ष,Sangathan,,,,ओबीसी प्रकोष्ठ अध्यक्ष,,,2.0
Sahabad,Bhojpur,32. Arrah,194. Arrah,Piro,,Piro_13,Backward Class (Mahila),Asha Devi,,,,,,,,,,,,,,,,3.0
Sahabad,Bhojpur,32. Arrah,194. Arrah,Piro,,Piro_13,Backward Class (Mahila),Asha Devi,,,,,,,,,,,,,,,,4.0
Sahabad,Bhojpur,32. Arrah,194. Arrah,Piro,,Piro_13,Backward Class (Mahila),Asha Devi,,,,,,,,,,,,,,,,5.0
Sahabad,Bhojpur,32. Arrah,196. Tarari,Tarari,,Tarari_14,Unreserved (Other),Asha Devi,,Reeta Devi / Sanjay Kumar Sharma,9308834034.0,General,Bhumihar,50.0,"-ZP Contest 2021 (3158 Votes, 3rd Position)
-ZP Contest 2016
-Currently in JDU (Advisory Committee)",,Onboarded ,,,,Onboarded ZP,,,1.0
Sahabad,Bhojpur,32. Arrah,196. Tarari,Tarari,,Tarari_14,Unreserved (Other),Asha Devi,,Kunwar Bahadur Singh,9572166621.0,General,Rajput,62.0,"Kunwar Bahadur Singh | Male| 63| GEN| Rajput
- Incumbent Sarpanch (2021-till now) 
- Ex-BDC (2011-2016).  
- ZP Runner-Up, 2016  ",BSC Member ,Sangathan Dump,,,,Member,,,2.0
Sahabad,Bhojpur,32. Arrah,196. Tarari,Tarari,,Tarari_14,Unreserved (Other),Asha Devi,,Satyanarayan Shah,9801404641.0,OBC ,Teli,56.0,"
Current Profile- He is a Social worker from Jethwar panchayat. 

Socio-Political- In 1989, he started local politics with Janata Dal. He contested the BDC election for the first time in 2001(Defacto) which he won. In 2016, he contested the Mukhiya election in which he was runner-up. In 2021, he contested the Mukhiya election in which he got 420 votes and stood 4th. He was RJD Block General Secretary from 2013 to 2016. He was RJD Block President from 2016 to 2019. He is preparing to contest the ZP election.

Education Profile- He has graduated from Jain College Ara. 

Financial strength- He is economically average and does farming. 


Crime History- NA 

Area/Community Influence- He has a good hold in the Vaishya community at the block level.",BSC Member ,Sangathan Dump,,,,,,,3.0
Sahabad,Bhojpur,32. Arrah,196. Tarari,Tarari,,Tarari_14,Unreserved (Other),Asha Devi,,Dadan Paswan,7256995332.0,SC,Dushad ,45.0,"Current Profile- He is a political activist from Bihta Panchayat. 

Socio-Political- He is associated with CPI-ML. He contested the ZP election from West in 2011 in which he got 3700 votes and lost by 137 votes. His economic condition is average. 

Financial strength- He does farming and is involved in the sand business. 

Crime History- A murder case is going on against him. 

Education Profile- He is literate. 

Area/ Community influence- He has influence on the lower castes even outside the Panchayat.",BSC Member ,Sangathan Dump,,,,,,,4.0
Sahabad,Bhojpur,32. Arrah,196. Tarari,Tarari,,Tarari_14,Unreserved (Other),Asha Devi,,Anand ji singh Yadav,7488547001.0,OBC ,Yadav ,54.0,"Anand Singh Yadav | Male | 54 | OBC | Yadav

-RJD block president 1995-2013
-2001 Mukhiya Runnerup",,,,,,Sangathan Zila Upadhyaksh,,,5.0
Sahabad,Bhojpur,32. Arrah,196. Tarari,Tarari,,Tarari_15,Unreserved (Other),Asha Devi,,Jamaluddin Ansari,6299899632.0,Minority,Muslim,52.0,"-ZP Contest 2021 (4071 Votes, 4th Position)
- 
-CPI ML State Committee Member 2018- onwards
- Trari prakhand Akhil bhartiya kisan mahasabha secretry 
- Zila Vice- secretary ",,Onboarded ,,,,Onboarded ZP,,,1.0
Sahabad,Bhojpur,32. Arrah,196. Tarari,Tarari,,Tarari_15,Unreserved (Other),Asha Devi,,Shyam Bihari Ram,8651726742.0,SC,Dushad,51.0,"- 3 term Incumbent Sarpanch (2011-till now).
- LJP Kisan Prakosht Block Adhyaksh (2016-2019).
- Contested ZP election, 2011 ",BSC Member ,Sangathan Dump,He is ready to contest with JSP But confused about parishiman and reservation ,,,,,,2.0
Sahabad,Bhojpur,32. Arrah,196. Tarari,Tarari,,Tarari_15,Unreserved (Other),Asha Devi,,Ajit Yadav,9508605276.0,OBC ,Yadav ,40.0,"Ajit Yadav | male | 40 | OBC | Yadav |
- former defecto ZP 
- former RJD DSC member 
land lord ",,EMC,,,,EMC,,,3.0
Sahabad,Bhojpur,32. Arrah,196. Tarari,Tarari,,Tarari_15,Unreserved (Other),Asha Devi,,,,,,,,,,,,,,,,4.0
Sahabad,Bhojpur,32. Arrah,196. Tarari,Tarari,,Tarari_15,Unreserved (Other),Asha Devi,,,,,,,,,,,,,,,,5.0
Sahabad,Bhojpur,32. Arrah,196. Tarari,Tarari,,Tarari_16,Unreserved (Other),Asha Devi,,Rajendra Rai,8709019228.0,General,,,,,Runnerup ZP,,,,,,,1.0
Sahabad,Bhojpur,32. Arrah,196. Tarari,Tarari,,Tarari_16,Unreserved (Other),Asha Devi,,,,,,,,,,,,,,,,2.0
Sahabad,Bhojpur,32. Arrah,196. Tarari,Tarari,,Tarari_16,Unreserved (Other),Asha Devi,,,,,,,,,,,,,,,,3.0
Sahabad,Bhojpur,32. Arrah,196. Tarari,Tarari,,Tarari_16,Unreserved (Other),Asha Devi,,,,,,,,,,,,,,,,4.0
Sahabad,Bhojpur,32. Arrah,196. Tarari,Tarari,,Tarari_16,Unreserved (Other),Asha Devi,,,,,,,,,,,,,,,,5.0
Sahabad,Bhojpur,32. Arrah,196. Tarari,Sahar,,Sahar_17,Unreserved (Other),Asha Devi,,"Vimal kishore
Mawaur",7903862145.0,General,Bhumihar,44.0,"1.Current Profile:  Ex De facto Pramukh from Sahar Block and  ZP Runner up seat no 17.


2.Socio Political: His mother contested the BDC election in 2016 and emerged victorious. In 2018, he contested the Pramukh election following a motion of no confidence against the incumbent Pramukh, and he won. He contested the ZP election twice, in 2016 and 2021, but unfortunately, he lost both times. In the 2021 ZP election, he secured 5026 votes, securing the second position.

3.Educational :Graduation 

4.Financial Strenght : He runs a medical and stationery shop in Sahar market.

5.Area Cummunity Influence: Panchayat and Block| 

6.Criminal Case (If Any):NA

7.Reason For Recomendation:He is a very active leader at the block level and is highly popular among all communities in the block.",BSC Member ,Sangathan Dump,,,,,,,1.0
Sahabad,Bhojpur,32. Arrah,196. Tarari,Sahar,,Sahar_17,Unreserved (Other),Asha Devi,,Ritesh kumar,918676042928.0,General,Bhumihar,32.0,"- Worked in Tarari Bypoll
- Former BJP Yuva Morcha Ahdyaksh 2009-12
- BJP Yuva Prakhad Morcha 2013-17
- RK SIngh Pratinidhi Sahar Block 
",,,- Inclined towards incumbent ZP Ghanshyam Rai from Sahar 18 ,,,,,,2.0
Sahabad,Bhojpur,32. Arrah,196. Tarari,Sahar,,Sahar_17,Unreserved (Other),Asha Devi,,,,,,,,,,,,,,,,3.0
Sahabad,Bhojpur,32. Arrah,196. Tarari,Sahar,,Sahar_17,Unreserved (Other),Asha Devi,,,,,,,,,,,,,,,,4.0
Sahabad,Bhojpur,32. Arrah,196. Tarari,Sahar,,Sahar_17,Unreserved (Other),Asha Devi,,,,,,,,,,,,,,,,5.0
Sahabad,Bhojpur,32. Arrah,196. Tarari,Sahar,,Sahar_18,Unreserved (Other),Asha Devi,,Meena Kumari / Ghanshyam ,"9572010262/
9709696118",General,Bhumihar,56.0,"
Ghanshyam Roy | Male | 56 | General | Bhumihar | Defacto ZP 

-Incumbent ZP Member (2021 to till Date)
-Former ZP Member(2011 To 2016)
-Former ZP Contestant(2001), Got 5600 Votes
-Former BJP Sanyajok ZP Prakosht(2020 To 2023)
-Former BJP Member(2000 to 2024)
-Jan Suraaj State Core Committee Member",ACC,"""ACC, Incumbent ZP""",,,,,,,1.0
Sahabad,Bhojpur,32. Arrah,196. Tarari,Sahar,,Sahar_18,Unreserved (Other),Asha Devi,,Mahendra Prasad,9708841380.0,EBC ,Teli,51.0,"1.Current Profile : He is an  Incumbent Mukhiya and Ex de-facto ZP

2.Socio Political Brief : He has been involved in politics since 1990.
-His wife contested and won the Zila Parishad election in Sahar in 2006.
-He  contested  Mukhiya  Election 2021 and won 
-In 1994, he served as the Janta Dal Yuva president of Bhojpur.
-In 1998, he was the block spokesperson of the Rashtriya Janata Dal (RJD).

3.Educational Background: He holds a graduate degree from Magadh University, Patna.

4.Financial Strenght :His financial strength is considered average, as he owns a hardware shop located at Khera Chowk.

5.Area Cummunity Influence: Panchayat and as well as Block| his influenced on Teli community as well as 

6.Criminal Case (If Any):NIL

7.Reason for Recommendation: Although he currently aligns with RJD as a block spokesperson, he expresses a keen interest in supporting Jan Suraaj to the best of his ability.",BSC Member ,Sangathan Dump,,,,,,,2.0
Sahabad,Bhojpur,32. Arrah,196. Tarari,Sahar,,Sahar_18,Unreserved (Other),Asha Devi,,Deepak kumar,7667040551.0,General,Bhumihar,36.0,"1.CURRENT PROFILE :  He is de facto Runner-up BDC of Baruhi  Panchyat 
                                                                                                                                                                                                                                                                                                                      2.SOCIO POLITICAL : He has been active in politics since 2011. He contested the election in 2021 as a BDC and secured 636 votes, placing in the second position. In 2016, he contested the ZP election and received 3800 votes, being defeated by only 250 votes. In 2011, he also contested the BDC election and was the runner-up at that time. .

3. EDUCATION :Intermediate 
                                                                                                                                                                                                                                                                                                                                                   4.FINANCIAL STRENGTH : He is involve in sand mining business.
                                                                                                                                                                                                                                                                                                                                                                                                                                                                                                                                                                                                                                    5.CRIMINAL CASE :  NA

6. REASON FOR RECOMENDATION- He is interested in jan suraaj and interested to meet Pk.",BSC Member ,Sangathan Dump,,,,,,,3.0
Sahabad,Bhojpur,32. Arrah,196. Tarari,Sahar,,Sahar_18,Unreserved (Other),Asha Devi,,Satish Sharma,9708000924.0,OBC ,Badhai,38.0,"1. CURRENT PROFILE: He is an Ex-Mukhiya of Perhap Panchayat and Director of Krishna Global School.

 2. SOCIO-POLITICAL BRIEF:He has been active in politics since2011. He contested the election for Mukhiya in 2016 and he won the election after that he contested for ZP in 2021 and he secured 3700 votes.He was PACS member in 2014. He is running  a Krishna Global School.

3. HIGHEST EDUCATION: Graduation
4.FINANCIAL STRENGTH :Good

 6. AREA OF INFLUENCE- 
 7. REASON FOR RECOMENDATION:He want to meet PK .",BSC Member ,Sangathan Dump,,,,,,,4.0
Sahabad,Bhojpur,32. Arrah,196. Tarari,Sahar,,Sahar_18,Unreserved (Other),Asha Devi,,,,,,,,,,,,,,,,5.0
Sahabad,Bhojpur,32. Arrah,195. Agiaon,Agiaon,,Agiaon_19,Unreserved (Other),Asha Devi,,Anil Kumar Singh,9661401494 / 9135844554,OBC ,Yadav,50.0,"3 term ZP Runnerup (2011- 6700 votes)(2016 - 9400 votes)(2021- 11547 votes)
-Incumbent District Dairy Sangh Adgyaksh Ara
-Former Army Subedar
",Block Prabhari ,Sangathan Dump,,,,,,,1.0
Sahabad,Bhojpur,32. Arrah,195. Agiaon,Agiaon,,Agiaon_19,Unreserved (Other),Asha Devi,,Priyanka Kumari ,,,,,,,,,,,,,,2.0
Sahabad,Bhojpur,32. Arrah,195. Agiaon,Agiaon,,Agiaon_19,Unreserved (Other),Asha Devi,,,,,,,,,,,,,,,,3.0
Sahabad,Bhojpur,32. Arrah,195. Agiaon,Agiaon,,Agiaon_19,Unreserved (Other),Asha Devi,,,,,,,,,,,,,,,,4.0
Sahabad,Bhojpur,32. Arrah,195. Agiaon,Agiaon,,Agiaon_19,Unreserved (Other),Asha Devi,,,,,,,,,,,,,,,,5.0
Sahabad,Bhojpur,32. Arrah,195. Agiaon,Agiaon,,Agiaon_20,Backward Class (Others),Asha Devi,,Vishnu Mohan,6201593120.0,EBC,Kahar,55.0,"Current profile:- He is Panchayat Sachiv Pawar 

2-Socio-political Brief:- He contested for BDC election in 2016 and won by 748 votes. He then contested for Zila Parishad election in 2021 and was 1st runner-up by receiving 9168 votes. He is an active commrade of CPI(ML) from 1989. He is Zila Khet Majdoor Sangathan member and he is also a Block Committee member.
 3-Educational profile:- He completed his matriculation in 1986.
 4-Financial strength:- (weak) He has a shoe shop and his children are involved in small business 
5-Crime history:-NA 
6-Area/community influence:-He has good influence in his block because he is associated with CPI(ML) from the past 25 years
 7-Reason for recommendation:- He is committed to CPI(ML) but he want his son to join Jan Suraj""",BSC Member ,Sangathan Dump,,,,Onboarded ZP,,,1.0
Sahabad,Bhojpur,32. Arrah,195. Agiaon,Agiaon,,Agiaon_20,Backward Class (Others),Asha Devi,,"Manju Kumari Gupta
Nandji Sah",9708106285.0,EBC ,Teli,57.0,"- Incumbent ZP (2016- till now)
- Jeevika CM. - Actively works for women's hygiene
- His husband is a government School teacher teaches 100 students as a tution teacher free of cost",,Onboarded,,,,,,,2.0
Sahabad,Bhojpur,32. Arrah,195. Agiaon,Agiaon,,Agiaon_20,Backward Class (Others),Asha Devi,,,,,,,,,,,,,,,,3.0
Sahabad,Bhojpur,32. Arrah,195. Agiaon,Agiaon,,Agiaon_20,Backward Class (Others),Asha Devi,,,,,,,,,,,,,,,,4.0
Sahabad,Bhojpur,32. Arrah,195. Agiaon,Agiaon,,Agiaon_20,Backward Class (Others),Asha Devi,,,,,,,,,,,,,,,,5.0
Sahabad,Bhojpur,32. Arrah,192. Sandesh,Udwantnagar,,Udwantnagar_21,SC (Mahila),Asha Devi,,Rekha Kumari / Ritesh Kumar,7903149306.0,SC,Paswan,32.0,"-ZP Runner-Up 2021 got 6259 votes
-Co-owner (Sanchalak) of Jagriti Hospital, Ara 
-She organises free medical camps quarterly in Bhojpur district",Zila Sachiv ,Sangathan,,,,Onboarded ZP,,,1.0
Sahabad,Bhojpur,32. Arrah,192. Sandesh,Udwantnagar,,Udwantnagar_21,SC (Mahila),Asha Devi,,Devanti Devi / NandJi Kumar,6201156214.0,SC,Paswan,46.0,"-ZP Contest 2021
-ZP Contest 2016
-ZP Contest 2001

-Advocate in Civil Court Ara",,Onboarded ,,,,Onboarded ZP,,,2.0
Sahabad,Bhojpur,32. Arrah,192. Sandesh,Udwantnagar,,Udwantnagar_21,SC (Mahila),Asha Devi,,Saraswati Devi / Sanjay Paswan,9304303472.0,SC,Paswan,38.0,"-ZP Contest 2021
-ZP Contest 2016

-JS Member",BSC Member ,Sangathan Dump,,,,Onboarded ZP,,,3.0
Sahabad,Bhojpur,32. Arrah,192. Sandesh,Udwantnagar,,Udwantnagar_21,SC (Mahila),Asha Devi,,Langath Nath Pandey,8789049224.0,General,Brahmin,45.0,"-District Coordinator, Dost Education (2022–Present)
-State Master Trainer, ARC (2011–Present)
-Father contested MP (1984, 19,876 votes) & MLA (1985, 8,000 votes)
-District Program Coordinator, Going to SChool (Bihar Govt.), Bhojpur (2013–2016)
-Shahabad Regional Coordinator, PHAI Foundation (2018)",JS Member,Sangathan Dump,Founder Member of JSP,,,PRI Applicants,,,4.0
Sahabad,Bhojpur,32. Arrah,192. Sandesh,Udwantnagar,,Udwantnagar_21,SC (Mahila),Asha Devi,,Pratirodh Kumar,8340737504.0,SC,Ravidas,35.0,"Pratirodh Kumar | Male | 35 | SC | Ravidas
- Block Pramukh Runner-up, 2021 (Toss)
- Incumbent BDC (2021-till now)
- His father was an Ex-ZP (2001-2006)
- Freedom Employability Facilitator (NGO)
-Runs free computer training centres in Udwantnagar and Ara.",BSC Member ,Sangathan Dump,,,,,,,5.0
Sahabad,Bhojpur,32. Arrah,192. Sandesh,Udwantnagar,,Udwantnagar_22,SC (Other),Asha Devi,,Ajay Kumar,9934900517.0,,,,,,Runnerup ZP,,,,,,,1.0
Sahabad,Bhojpur,32. Arrah,192. Sandesh,Udwantnagar,,Udwantnagar_22,SC (Other),Asha Devi,,Mubarak Hussain,8709863891.0,Minority,Muslim,45.0,"-Former Zila parishad (2011-2016)
 -BJP Zila Adhyaksh Alpsankhyak Morcha (2012-2015)
 -Incumbent Sarpanch(2016 till date)
 -ZP Runner up 2006",Block Prabhari ,Sangathan Dump,,,,,,,2.0
Sahabad,Bhojpur,32. Arrah,192. Sandesh,Udwantnagar,,Udwantnagar_22,SC (Other),Asha Devi,,Radheshyam singh urf Shyam singh,+917542969750,General,Rajput,28.0,"-CONTRACTOR
-Business",,,,,,,,,3.0
Sahabad,Bhojpur,32. Arrah,192. Sandesh,Udwantnagar,,Udwantnagar_22,SC (Other),Asha Devi,,,,,,,,,,,,,,,,4.0
Sahabad,Bhojpur,32. Arrah,192. Sandesh,Udwantnagar,,Udwantnagar_22,SC (Other),Asha Devi,,,,,,,,,,,,,,,,5.0
Sahabad,Bhojpur,32. Arrah,193. Barhara,Ara,,Ara_23,Unreserved (Other),Asha Devi,,Harendra Tiwari,9334109975.0,General,Brahmin,41.0,"-ZP Contest 2021 (4000 votes)
-Associated with JS

-Thekedar",,Onboarded ,,,,Onboarded ZP,,,1.0
Sahabad,Bhojpur,32. Arrah,193. Barhara,Ara,,Ara_23,Unreserved (Other),Asha Devi,,Ritesh Kumar Singh,9162553889.0,,,,4900.0,,Runnerup ZP,Highly Active,,,,,,2.0
Sahabad,Bhojpur,32. Arrah,193. Barhara,Ara,,Ara_23,Unreserved (Other),Asha Devi,,,,,,,,,,,,,,,,3.0
Sahabad,Bhojpur,32. Arrah,193. Barhara,Ara,,Ara_23,Unreserved (Other),Asha Devi,,,,,,,,,,,,,,,,4.0
Sahabad,Bhojpur,32. Arrah,193. Barhara,Ara,,Ara_23,Unreserved (Other),Asha Devi,,,,,,,,,,,,,,,,5.0
Sahabad,Bhojpur,32. Arrah,193. Barhara,Ara,,Ara_24,Unreserved (Mahila),Asha Devi,,Chote Pandey,9162904421.0,General,Brahmin,45.0,"Chote Pandey | 45 | Male  |General | Brahmin

- Incumbent Sarpanch Sangh Prakhand Sacheev for consecutive 2 terms 2016 till date 
- Up Mukhiya 2011-2016
-PACS  2009 -2014",,Onboarded ,,,,Sanghatan Zila Abhiyan samiti sanyojak,,,1.0
Sahabad,Bhojpur,32. Arrah,193. Barhara,Ara,,Ara_24,Unreserved (Mahila),Asha Devi,,Usha Kumari / Ranjay Kumar,7461013285/9576465788,OBC,Yadav,32.0,"-ZP Contest 2021 (5027 Votes, 3rd Position)
-Associated with RJD",,Runnerup ZP,,,,,,,2.0
Sahabad,Bhojpur,32. Arrah,193. Barhara,Ara,,Ara_24,Unreserved (Mahila),Asha Devi,,Nitu Kumari / Chandan Pandey ,8409444831.0,General,Brahmin,35.0,"
-ZP Contest 2021 (4725 votes, 4th position) 
-General Sec. National Sports Authority (Working in Nagpur)
-Former BJYM Adhyaksh ARA
",,Runnerup ZP,,,,Onboarded ZP,,,3.0
Sahabad,Bhojpur,32. Arrah,193. Barhara,Ara,,Ara_24,Unreserved (Mahila),Asha Devi,,Anju Devi / Raghupati Singh,9801165707.0,General,Rajput,43.0,"-ZP Contest 2021
-Former ZP 2021

-Not associated with any party",BSC Member ,Sangathan Dump,,,,Onboarded ZP,,,4.0
Sahabad,Bhojpur,32. Arrah,193. Barhara,Ara,,Ara_24,Unreserved (Mahila),Asha Devi,,Abhay Singh ,9304170116.0,General,Rajput,53.0,"
- 2 term Incumbent Mukhiya (2016 - Present)
- Former BJP Pradesh Karya Samiti Sadasya (2013-2021).
-District Mukhiya Sangh Secretary (2016-till now) 
-Awarded as Best Performing Mukhiya by CM Nitish Kumar in 2017.
-Ex Minning engineer (L&T)
- Runs ITI College, a plastic factory and a hotel.",Zila Adhyaksh ,Sangathan,,,,,,,5.0
Sahabad,Bhojpur,32. Arrah,193. Barhara,Ara,,Ara_25,Unreserved (Other),Asha Devi,,Pramod Kumar Singh,9304902546.0,OBC,Kushwaha,55.0,"-ZP Contest 2021 (4103 Votes, 5th Position)
-ZP Contest 2016 (lost by 46 Votes)
-Independent (Not associated with any Party)",,Runnerup ZP,,,,Onboarded ZP,,,1.0
Sahabad,Bhojpur,32. Arrah,193. Barhara,Ara,,Ara_25,Unreserved (Other),Asha Devi,,Anil Kumar Ram,7323920517.0,SC,Ravidas,56.0,"- 2 term defacto BDC (2011-2016)
- Ex-ZP Runner-up (2016) (Lost by 32 votes)
- Dalit Sena Vice-President (2020-2022)",Sanghatan Zila mahasachiv,Sangathan Dump,He is waiting for Reservation but ready to contest ZP election with jsp ,,,Onboarded ZP,,,2.0
Sahabad,Bhojpur,32. Arrah,193. Barhara,Ara,,Ara_25,Unreserved (Other),Asha Devi,,Binod Kumar Sharma ,9801678852.0,OBC,,62.0,"- Social work 
- Active in religious event 
-  Former SHO Thana Prabhari Dhanbad : Retr 2023",,,"- helping student book distribution 
- Bujurug Samaran Samaroh in his panchayat ( three years ) ",,,,,,3.0
Sahabad,Bhojpur,32. Arrah,193. Barhara,Ara,,Ara_25,Unreserved (Other),Asha Devi,,,,,,,,,,,,,,,,4.0
Sahabad,Bhojpur,32. Arrah,193. Barhara,Ara,,Ara_25,Unreserved (Other),Asha Devi,,,,,,,,,,,,,,,,5.0
Sahabad,Bhojpur,32. Arrah,193. Barhara,Barhara,,Barhara_26,Unreserved (Mahila),Asha Devi,,Nisha Devi / Rajesh Yadav,9572720093.0,OBC,Yadav,35.0,"-ZP Runner up 2021 (13222 votes) 
-Former ZP 2016
-Aligned with JS in 2024 and also Probable ACC of JS",,Runnerup ZP,,,,Onboarded ZP,,,1.0
Sahabad,Bhojpur,32. Arrah,193. Barhara,Barhara,,Barhara_26,Unreserved (Mahila),Asha Devi,,Sugriv Sah,9060657407.0,EBC,Teli,52.0,"""1-Current profile:- ex mukhiya of Kavaspur 2011-2016 
2-Socio-political Brief:- Sugriv Shah has been active in panchayat politics since 2001 when he was a part of movement for pipa bridge construction. He actively participated and led the movement in khavaspur. This translated to 2006 ZP representation from his side and people voted for him but could not win. . In 2011 he fought for Mukhiya and won. 
3-Educational profile:- Non Matric
4-Financial strength:- average
5-Crime history:-nil
6-Area/community influence:-Khavaspur
7-Reason for recommendation:- """,BSC Member,Sangathan Dump,,,,,,,2.0
Sahabad,Bhojpur,32. Arrah,193. Barhara,Barhara,,Barhara_26,Unreserved (Mahila),Asha Devi,,Vijay Pandey ,9431006473.0,General,Brahmin,58.0,"-  Former two times Mukhiya 2001-06 , 2016-21",,Onboarded,Ref - Saurabh Yadav ,,,,,,3.0
Sahabad,Bhojpur,32. Arrah,193. Barhara,Barhara,,Barhara_26,Unreserved (Mahila),Asha Devi,,Chhotelal Gupta,+918697176971,EBC,Kanu,59.0,-Fashion Designer,,,,,,,,,4.0
Sahabad,Bhojpur,32. Arrah,193. Barhara,Barhara,,Barhara_26,Unreserved (Mahila),Asha Devi,,Sunny Kr Singh,8083200840.0,General,Rajput,39.0,"Sunny Kr Singh | Male | 39| GEN| Rajput
-Incumbent Defacto Mukhiya (2021-Till)
- Former Mukhiya 2011-2015 (2016-2021)
- Member of NYK",,,,,,Member,,,5.0
Sahabad,Bhojpur,32. Arrah,193. Barhara,Barhara,,Barhara_27,Backward Class (Mahila),Asha Devi,,"Ajay Narayan Yadav 
Malti Devi ",9905319038.0,OBC,Yadav,53.0,-Ex MLA contestant 2015 from BSP party (2531)votes. -Former Zp 2016,Gen Sec,Sangathan Dump,,,,,,,1.0
Sahabad,Bhojpur,32. Arrah,193. Barhara,Barhara,,Barhara_27,Backward Class (Mahila),Asha Devi,,Rajkumar Sah,9631726132.0,EBC,Teli,58.0,"Current Profile: De- facto Ex- ZP (wife), 2016. 
Socio-political profile- Contested in the 2021 
ZP elections from seat number 27 of Barhara but lost
Profession: Owner of a medical store in Simeriya Bazaar.
Criminal Case: NA
Reason For Recommendation: He comes from a small community
which needs representation.",BSC Member ,Sangathan Dump,,,,,,,2.0
Sahabad,Bhojpur,32. Arrah,193. Barhara,Barhara,,Barhara_27,Backward Class (Mahila),Asha Devi,,Sanjeet Sah ,7903589005.0,EBC ,Tatma ,32.0,Socially Active ,,Onboarded,,,,,,,3.0
Sahabad,Bhojpur,32. Arrah,193. Barhara,Barhara,,Barhara_27,Backward Class (Mahila),Asha Devi,,Jai Shankar Prasad Rai,6205596964.0,OBC,Yadav,42.0,"Jai Shankar Prasad Rai | Male | 42| OBC| Yadav
- 2 term Ex-Mukhiya (2011-2021)
- Mukhiya Runner-up (2021)
-Played a pivotal role in the 2015 general election and helped RJD win Barhara.",,,,,,Member,,,4.0
Sahabad,Bhojpur,32. Arrah,193. Barhara,Barhara,,Barhara_27,Backward Class (Mahila),Asha Devi,,,,,,,,,,,,,,,,5.0
Sahabad,Bhojpur,32. Arrah,193. Barhara,Barhara,,Barhara_28,Unreserved (Other),Asha Devi,,Ameet Kumar Tiwari,8804049015.0,General,Brahmin,,"Ameet Kumar Tiwari | Male | General | Brahmin | ZP Contestant

 ZP Contestant, 2021 — 2,923 votes, 5th Position
",,Runnerup ZP,,,,Onboarded ZP,,,1.0
Sahabad,Bhojpur,32. Arrah,193. Barhara,Barhara,,Barhara_28,Unreserved (Other),Asha Devi,,Nirmal Singh Sakarvar,6299381426.0,General,Rajput ,57.0,"Nirmal Singh Sakarvar | Male | 57 | General | Rajput | BSC Member

 Former ZP Runner-Up, 2001
Uncle: Former Mukhiya, 1998–2004
 Agricultural Allied Business
 Former JDU Bihar Pradesh Rajnitik Salahkar
 Rashtriya Kunwar Sena Sangathan: Rashtriya Adhyaksh, 2013–Onwards
",BSC Member ,Sangathan Dump,,,,Member,,,2.0
Sahabad,Bhojpur,32. Arrah,193. Barhara,Barhara,,Barhara_28,Unreserved (Other),Asha Devi,,,,,,,,,,,,,,,,3.0
Sahabad,Bhojpur,32. Arrah,193. Barhara,Barhara,,Barhara_28,Unreserved (Other),Asha Devi,,,,,,,,,,,,,,,,4.0
Sahabad,Bhojpur,32. Arrah,193. Barhara,Barhara,,Barhara_28,Unreserved (Other),Asha Devi,,,,,,,,,,,,,,,,5.0
Sahabad,Bhojpur,32. Arrah,192. Sandesh,Koilwar,,Koilwar_29,SC (Other),Asha Devi,,Ammon Shakti,7494087612.0,SC,Ravidas,45.0,"Ammon Shakti | Male | 45 | SC | Ravidas | ZP Contestant

 ZP Contestant, 2021 — 2,769 votes, 5th Position
 Mukhiya Election Contestant, 2016
 Associated with Jan Suraaj (JS), 2024
 Chef at a local café
",,,,,,Onboarded ZP,,,1.0
Sahabad,Bhojpur,32. Arrah,192. Sandesh,Koilwar,,Koilwar_29,SC (Other),Asha Devi,,Kaushlendra kumar singh,919939405995.0,General,Rajput ,38.0,"Kaushlendra Kumar Singh | Male | 38 | General | Rajput | Sangathan Zila Upadhyaksh / Vidhan Sabha Prabhari

 Sangathan Zila Upadhyaksh
 Vidhan Sabha Prabhari
 Co-founder of Farmer for Forest (NGO)
 Ex-Project Manager, J-PAL
 HR Assistant Manager, Rural Shores Business Pvt. Ltd.
","Sangathan Zila Upadhyaksh 
Vidhan Sabha Prabhari ",Sangathan,,,,Sangathan Zila Upadhyaksh,,,2.0
Sahabad,Bhojpur,32. Arrah,192. Sandesh,Koilwar,,Koilwar_29,SC (Other),Asha Devi,,SanGram Singh,8936810889.0,General,Rajput ,51.0,"- Incumbient BDC (2021- present)
- Active jdu member block (2005)
- Family relation with pawan singh.",,,,,,Prakhand Abhiyan samiti  Sanyojak,,,3.0
Sahabad,Bhojpur,32. Arrah,192. Sandesh,Koilwar,,Koilwar_29,SC (Other),Asha Devi,,Anju Devi,8850040015.0,General,Rajput ,42.0,"Anju Devi  | Feale| 42 | GEN | Brahmin
- Incumbent BDC (2021-till now)
- Actively works on women's empowerment and hygiene.
(weekly distribute Sanitary pads in nearby panchayats)
- She is a very vocal lady and does her politics all by herself.",,,,,,Member,,,4.0
Sahabad,Bhojpur,32. Arrah,192. Sandesh,Koilwar,,Koilwar_29,SC (Other),Asha Devi,,,,,,,,,,,,,,,,5.0
Sahabad,Bhojpur,32. Arrah,192. Sandesh,Koilwar,,Koilwar_30,Backward Class (Mahila),Asha Devi,,Anwari Begum / Md Shanawaj (Son),8084881525.0,Minority,Muslim,65 / 30,"Anwari Begum | Female | 65 | Minority | Muslim | ZP Contestant
 ZP Contestant, 2021
 ZP Contestant, 2016
 Son: Md Shanawaj, 30
 Independent (not associated with any party)
",,Runnerup ZP,,,,Onboarded ZP,,,1.0
Sahabad,Bhojpur,32. Arrah,192. Sandesh,Koilwar,,Koilwar_30,Backward Class (Mahila),Asha Devi,,Paridhi Gupta,8210772092.0,EBC ,Teli ,29.0,"Paridhi Gupta | Female | 29 | EBC | Teli | Incumbent ZP Member

 Incumbent ZP Member, 2021 To Till Date
 Mother, Sheela Gupta, was ZP Member, 2016 To 2021
 Jan Suraaj State Committee Member
 Social Worker",ACC,"""ACC, Incumbent ZP""",,,,EMC,,,2.0
Sahabad,Bhojpur,32. Arrah,192. Sandesh,Koilwar,,Koilwar_30,Backward Class (Mahila),Asha Devi,,Kundan kumar,917024290634,General ,Rajput,36.0,-Private job,,,,,,,,,3.0
Sahabad,Bhojpur,32. Arrah,192. Sandesh,Koilwar,,Koilwar_30,Backward Class (Mahila),Asha Devi,,,,,,,,,,,,,,,,4.0
Sahabad,Bhojpur,32. Arrah,192. Sandesh,Koilwar,,Koilwar_30,Backward Class (Mahila),Asha Devi,,,,,,,,,,,,,,,,5.0
Sahabad,Bhojpur,32. Arrah,192. Sandesh,Sandesh,,Sandesh_31,Unreserved (Mahila),Asha Devi,,Samir Kumar Yadav ,6205096419.0,OBC,Yadav,30.0,"Samir Kumar Yadav | Male | 30 | OBC | Yadav | BSC Member

 ZP Contestant, 2021
 Former Sarpanch, 2016
 Independent (not associated with any party)
",BSC Member ,Sangathan Dump,,,,Onboarded ZP,,,1.0
Sahabad,Bhojpur,32. Arrah,192. Sandesh,Sandesh,,Sandesh_31,Unreserved (Mahila),Asha Devi,,Priyanka Devi / Sonu Gupta,9931021260.0,OBC,Sudhi,31.0,"Priyanka Devi | Female | 31 | OBC | Sudhi | BSC Member
 Former BSC Member
 ZP Contestant, 2021
 Husband: Kshetriya Prabhari, BJP (Vyapar Prakosth), 2026
 Pradesh Karyasamiti Member
",BSC Member ,Sangathan Dump,,,,Onboarded ZP,,,2.0
Sahabad,Bhojpur,32. Arrah,192. Sandesh,Sandesh,,Sandesh_31,Unreserved (Mahila),Asha Devi,,Vimla Devi / Adv Surendra Prasad Singh,9931224889.0,General,Rajput,50.0,"Vimla Devi | Female | 50 | General | Rajput | Former BSC Member

 Former BSC Member
 ZP Contestant, 2021 — 5,602 votes, 5th Position
 Independent (not associated with any party)
",BSC Member ,Sangathan Dump,,,,Onboarded ZP,,,3.0
Sahabad,Bhojpur,32. Arrah,192. Sandesh,Sandesh,,Sandesh_31,Unreserved (Mahila),Asha Devi,,Sonia Singh,9693010158.0,General,Rajput,36.0,"Soniya singh | Female | 36 | General | Rajput | Former Panchayat Samiti

-Former Panchayat Samiti, 2011 To 2016
-Former Mukhiya Contestant, 2021, Runner Up
-Businesswoman(Ladies Garments Shop)
-Social Worker",महिला प्रकोष्ठ अध्यक्ष,Sangathan,,,,महिला अध्यक्ष,,,4.0
Sahabad,Bhojpur,32. Arrah,192. Sandesh,Sandesh,,Sandesh_31,Unreserved (Mahila),Asha Devi,,,,,,,,,,,,,,,,5.0
