Zonal,District,Lok Sabha,Number,LS,Assembly,Anumandal,Panchayat,Block,Type,Priority,LS Priority,Photo,Name,Activation Status,Mobile Number,Father's Name,Profile,Category,Caste,,Candidate Strength,Previous Designation,Calling Status,Calling Confirmation Status,JSPT Remark,POC,Follow Up Calling Status,Office Confirmation,Need Assistance,"Vill- Raima
Landmark- Netaji Chowk 
Panchayat- Mukhiyapatti
Block- Madhwapur 
District - Madhubani 
",Inaugaration Date,Remarks,Youth Club Confirmation,Youth Club Co ordinator,Remarks,Office Image,Image,Date,,,,Calling Status,Ready to Contest Elections withn JSP,ZP Seat Number,Remarks,,,,,,,,,,
Ibtesham,Sitamarhi,4. Sheohar,4.0,Sheohar,Belsand,,,,Sanyojak,1.0,,,Aparna Singh,,8756735380.0,,"Aparna Singh | Female |32 | General | Rajput
-Incumbent Mukhiya (2021 Till)
-Father-in-law Shyambabu Singh was Mukhiya (2016-2021)
-Jan Suraaj Zila Karyawahak Samiti Member",General,Rajput,,,ACC,Call Connected,Confirmed,,,No Incoming,,,,,,,,,,,,,,,,,,,,,,,,,,,,
Ibtesham,Sitamarhi,4. Sheohar,4.0,Sheohar,Belsand,Bcha ka tabiyat thik nahi hai hum nahi ja paenge,,,Yuva,2.0,,,Saurav Kumar,,8340356015.0,Bindeshwar Sah,"Saurav Kumar| 8340356015 | Male | 39 | EBC  | Kanu    
-3 Terms Ward Councillor
-Block Adhyaksh Labour Union
-District Secretary Labour Union""",EBC,Kanu,,,,Call Connected,Confirmed,"thoda bahut busy rahte hain , belsand me jimmedari le sakte hain",Abhay,Call Connected,Yes,,"Vill-
Landmark-
Panchayat-
Block-
District -
",,mujhe jankari nahi hai,Yes,,,,,,,,,,,,,,,,,,,,,,
Ibtesham,Sitamarhi,4. Sheohar,4.0,Sheohar,Belsand,raste me hain abhi,,,Member,3.0,,,Raghunath Sahani,,9430807579.0,,Raghunath Sahani |Male | 38 | EBC | Mallah Incumbent Mukhiya,EBC,Sahni,,,BSC Member,Busy,,ghar pe nhi hai bad me baat kijiega,Abhay,Call Connected,Yes,Yes,"Vill-Bansi Pachara
Landmark- Rajkiyay Madhya Vidyalaya 
Panchayat-Sonbarsa
Block- Taryani
District -Sitamarhi
",,date decide nahi kiye h,Yes,,2 din me select karke bata denge,,,,,,,,,,,,,,,,,,,,
Ibtesham,Sitamarhi,4. Sheohar,4.0,Sheohar,Belsand,30 min me pahuch jaege,,belsand,Yuva,4.0,,,Noor Mohammad,,9570956207.0,Mohammad Aizazul Haq,"Noor Mohammad  | 35 | Male | Minority  | Muslim 
-Two time Up Sarpanch( 2016-2021)
Two time Ward Sadasya(2006 & 2011)",Minority,Muslim,,,,Call Connected,Confirmed,haa sath me kaam karege,Abhay,Not Received,Yes,,"Vill-
Landmark-
Panchayat-
Block-
District -
",,,Yes,,,,,,,,,,,,,,,,,,,,,,
Ibtesham,Sitamarhi,4. Sheohar,4.0,Sheohar,Belsand,Nhi aa payenge patna me hain,,parsauni,Member,5.0,,,Manoj Pandey,,9955415981.0,Basawan Pandey,"Manoj Pandey | Male | 52 | General | Bhumihar
-2 times Runner up Mukhiya",General,Brahmin,,,Prakhand Adhyaksh,Call Connected,Confirmed,"JSke saath hai hum, or aage bhi kam karege hum",Abhay,Call Connected,Yes,Yes,"Vill-Pathaur
Landmark-Jhanda Chowk
Panchayat-Pathaur
Block-Parsauni
District -Sitamarhi",2026-08-15 00:00:00,,Yes,,baat karke batayenge,,,,,,,,,,,,,,,,,,,,
Ibtesham,Sitamarhi,4. Sheohar,4.0,Sheohar,Belsand,,,,Member,Released,,,Nehal Ahmed,,9934489549.0,,"Nehal Ahmed | Male | 42 | Minority | Muslim
Incumbent Mukhiya",Minority,Muslim,,,BSC Member,Not Received,,,,,,,,,,,,,,,,,,,,,,,,,,,,,,,,
Ibtesham,Sitamarhi,4. Sheohar,4.0,Sheohar,Belsand,,,,,SC/OBC,,,,,,,,,,,,,,,,,,,,,,,,,,,,,,,,,,,,,,,,,,,,,
Ibtesham,Sitamarhi,4. Sheohar,4.0,Sheohar,Riga,15 mint me pahuch rhe hai 2 log hai sath me,,,Sanyojak,1.0,,,Sikandar Mahato,,7485024856.0,Ramchandra Mahto,"Sikandar Mahato | Male | EBC | Mahato
-District General Secretary Nishad Vikas Sangh
-MLA Contestant (2010)",EBC,Mallah,,,DSC Member,Call Connected,,Ready to work at Vidhan Sabha level,Amitabh,Not Received,Yes,,"Vill-
Landmark-
Panchayat-
Block-
District -
",,,Yes,,"abhi sabha nhi karuga main, man abhi khul ke samarthan nhi dena chah raha hu meri patni ko abhi chunao larna hai RJD wale chetra me",,,,,,,,,,,,,,,,,,,,
Ibtesham,Sitamarhi,4. Sheohar,4.0,Sheohar,Riga,,,,Member,2.0,,,Arun Thakur,,7070007462.0,,- 2x Mukhiya Runner up in 2016 and 2021,,,,,Prakhand Adhyaksh,,,,Amitabh,Not Received,Yes,,"Vill-
Landmark-
Panchayat-
Block-
District -
",,,Yes,,"nhi ho paega, q k ab yha utna prachaar ni hota hai, sansadhan milega to hi ho paega, chunao prabhandhan samiti me hai humko is bt ki jankari b nhi hai",,,,,,,,,,,,,,,,,,,,
Ibtesham,Sitamarhi,4. Sheohar,4.0,Sheohar,Riga,30 min me pahuch jaege,,suppi,Mahila,3.0,,,Geeta Devi,,8797257423.0,Dashayi Paswan,"Geeta devi | Female|37 | SC | 8797257423 
BDC Runner-up
- Running a CSC centre",SC,,,,Block Member,Not Received,,,Amitabh,Call Connected,Yes,,"Vill-
Landmark-
Panchayat-
Block-
District -
",,will tlk later about ofc opening,Yes,,sambhav ni hoga,,,,,,,,,,,,,,,,,,,,
Ibtesham,Sitamarhi,4. Sheohar,4.0,Sheohar,Riga,1 bje bole the hmko gopal bhai,,suppi,Sanyojak,4.0,,,Aditya Mohan Singh,,9771543678.0,Krishan Mohan Singh,"Aditya Mohan Singh | Male | General
-Ex District President BJP
- Incumbent ZP ",General,,,,,Call Connected,Confirmed,Ready to work at any post of JS,,Busy,,,,,,,,,,,,,,,,,,,,,,,,,,,,
Ibtesham,Sitamarhi,4. Sheohar,4.0,Sheohar,Riga,,,,Yuva,5.0,,,Jivachh Kumar,,,,"Jivachh Kumar | Male | 27 | OBC | Yadav | Teacher

-Runs a Private Coaching Center
-BDC Contested Got 2nd Position
-Member Of State Youth Club karywahak Commitee ( 25 Members )
-Working as a LIC Agent",OBC,Yadav,,,,,,,,,,,,,,,,,,,,,,,,,,,,,,,,,,,,
Ibtesham,Sitamarhi,4. Sheohar,4.0,Sheohar,Riga,,,,Sanyojak,Released,,,Birendra Yadav,,7004939395.0,Late Ramchandra Rai,"Vijendra Kumar | 7004939395 | 55 | Male | OBC | Yadav
- Pradesh Mahasachiv, Bihar Congress Committee (2013–2020)
- Mukhiya (2006–2011; 2021–Present)
- Mukhiya Sangh Zila Karyawahak Adhyaksha
- BDC (2016–2021) – Lost Block Pramukh election by 2 votes
- PACS Adhyaksh (Since 2009) ye bhi dalo",OBC,Yadav,,,DSC Member,,Confirmed,,,,,,,,,,,,,,,,,,,,,,,,,,,,,,,
Ibtesham,Sheohar,4. Sheohar,4.0,Sheohar,Sheohar,,,,Sanyojak,1.0,,,Ramvinay Kunwar,,9128792899/9801586068,,"Ramvinay Kuwar | Male | General
-Incumbent Zila Adhyaksh Panch and Sarpanch
-Incumbent Defacto Sarpanch (2011 2016 2021 unopposed)
-Earlier associated with RJD in support of Raghunath Jha",General,,,,Zila Upadhyaksh,Call Connected,,Ready to Work dedicately,,,,,,,,,,,,,,,,,,,,,,,,,,,,,,
Ibtesham,Sheohar,4. Sheohar,4.0,Sheohar,Sheohar,,,Sheohar,,1.0,,,Sanjay Singh,,,,,,Rajput,,,,,,,,,,,,,,,,,,,,,,,,,,,,,,,,,,,,
Ibtesham,Sheohar,4. Sheohar,4.0,Sheohar,Sheohar,,,,Sanyojak,1.0,,,Manorma Trivedi,,Aditya dev trivedi,,"Manorma Trivedi | Female | Gen |Brahmin
- BJP District VP Mahila Morcha
- Member of Zila Vikaas Samanvay, Nigrani Samiti
- Three Times ZP Runner Up
2011,( 2800 Votes)2016 ( 6728 votes) and 2021( 7750 votes)",General,Brahmin,,,,,,,,Number Missing,,,,,,,,,,,,,,,,,,,,,,,,,,,,
Ibtesham,Sheohar,4. Sheohar,4.0,Sheohar,Sheohar,,,,,2.0,,,,,,,,,,,,,,,,,,,,,,,,,,,,,,,,,,,,,,,,,,,,,
Ibtesham,Sheohar,4. Sheohar,4.0,Sheohar,Sheohar,,,,Sanyojak,2.0,,,Sudhir Kumar,,9525847700.0,Hari Narayan Prashad,"Sudhir Kumar | 39 | Male | OBC | Bania | Businessman
-Cosmetic Business
-Jan Suraaj Zila Sachiv
-Social Worker
-Jila Mahasachiv Sheohar Jan Jagran Munch
-Incumbent Zila Adhyaksh Kamlapuri Vaishya Sangh
-Participated in movements like Rail Lao Andolan and establishment of Degree College and Govt Bus Service
-Former District Youth Secretary AAP",OBC,Baniya,,,Zila Sachiv,Call Connected,Confirmed,Ready to be as a member,,Not Received,,,,,,,,,,,,,,,,,,,,,,,,,,,,
Ibtesham,Sheohar,4. Sheohar,4.0,Sheohar,Sheohar,,,,,3.0,,,Ram Vinay Kunwar,,9801586068.0,,Present SARPANCH ADHAYAKSH THREE TIMES ADHAYAKSH ZILA SARPANCH SANGH,,Rajput,,,,,,,,,,,,,,,,,,,,,,,,,,,,,,,,,,,,
Ibtesham,Sheohar,4. Sheohar,4.0,Sheohar,Sheohar,,,,Mahila,3.0,,,Puja kumari,,6280214340.0,,"Puja Kumari | Female |28 | SC | Dusadh
- Incumbent BDC
- RJD pradesh Atipichda praksosht adhyaksh - 2015-2019
-Mother in law was mukhiya in 2016
- Husband work in Central bureau of government",SC,Dusadh,,,,Call Connected,Confirmed,"- she sound very active, vocal 
she can work in sheohar and belsand
- She is from belsand but lives in sheohar 
- she is ready to work in bohat the assembly, but her preference is sheohar",,Call Connected,Need to take followup,,,,,Need to take followup,,btate hai thora samay diie,,,,,,,,,,,,,,,,,,,,
Ibtesham,Sheohar,4. Sheohar,4.0,Sheohar,Sheohar,,,,,4.0,,,Ruby Jha,,9199371740.0,,"Ruby Jha | 9199371740 | EBC | Kanu
CM of Jeevika, with more than 150 women in her group",,,,,,,,,,,,,,,,,,,,,,,,,,,,,,,,,,,,,,
Ibtesham,Sheohar,4. Sheohar,4.0,Sheohar,Sheohar,,,,Member,4.0,,,Ravindra Mahto,,9798351081.0,Late Keshar Mahto,"Ravindra Mahto | 45 | OBC | Kushwaha
Former Panchayat Samiti from Kamrauli panchayat",OBC,Kushwaha,,,prakhand adhyaksh,Call Connected,Confirmed,ha sath me jur ke kam karege,Amitabh,Switch Off,Yes,Yes,"Vill- kamroli
Landmark- middle school
Panchayat- kamroli
Block- piprahee
District - shivhar
",2026-06-30 00:00:00,,Yes,"deepan kumar/ 
9942802426","hm kisi samiti me hai ya nhi hmko jankari nhi hai , chunao me bahut man hani hua candidate bt ni krta hai aapka kbhi b call ka response ni deta hai",,,,,,,,,,,,,,,,,,,,
Ibtesham,Sheohar,4. Sheohar,4.0,Sheohar,Sheohar,,,,,5.0,,,Prithvinath Baitha,,9523208839.0,,"Prithvinath Baitha | 9523208839 | SC | Dhobi
",,,,,,,,,,,,,,,,,,,,,,,,,,,,,,,,,,,,,,
Ibtesham,Sheohar,4. Sheohar,4.0,Sheohar,Sheohar,,,,Yuva,5.0,,,Pankaj Kumar,,7294102139.0,Late Ram Ganesh Sah,"Pankaj Kumar | 7294102139  |32 | Male |EBC | Kanu        

- Incumbent Mukhiya
 - Mukhiya Sangh District Secretary Mukhiya Ruuner-up got 1377 votes lost by 97 votes
-District Secrectory of Byahut Community",EBC,Kanu,,,,Call Connected,Confirmed,ha bilkul karege,,,,,,,,,,,,,,,,,,,,,,,,,,,,,,
Ibtesham,Sheohar,4. Sheohar,4.0,Sheohar,Sheohar,,,,Member,6.0,,,Alok Kumar Singh Alias Bihari,,9472281718.0,,"Parkhand Maha  Sachiv in  Congress  Social  Worker  from  2005 to 2010 jdu yuwa adhayaksh
red cross  koshaa adhayaksh from 2013 to till now  ",,,,,,not reacable,,,,Call Connected,Need to take followup,,,,,Need to take followup,,,,,,,,,,,,,,,,,,,,,,
Ibtesham,Sheohar,4. Sheohar,4.0,Sheohar,Sheohar,,,,Mahila,7.0,,,Sharmila Kumari,,6200428098.0,Dinesh Kumar Singh,"Sharmila Devi | 40 | General | Rajput
- Former BJP Mandal Mahila President from (2017 to 24)
- Jeevika Head of 7 Panchayats
- Approx 5k Mahilas are under her",General,Rajput,,,prakhand mahila adhyaksh,Call Connected,Confirmed,ha kam kr sakte hai hum is pad pe,,,,,,,,,,,,,,,,,,,,,,,,,,,,,,
Ibtesham,Sheohar,4. Sheohar,4.0,Sheohar,Sheohar,,,,Member,8.0,,,Sanjay Jha,,9973761316.0,,"Sanjay Jha | 34 | General | Brahmin 
Father was Block RJD",General,Brahmin,,,BSC Member,Call Connected,Confirmed,"Vidhan sabha star pe hi kam karege isse neeche nhi,",,,,,,,,,,,,,,,,,,,,,,,,,,,,,,
Ibtesham,Sheohar,4. Sheohar,4.0,Sheohar,Sheohar,,,,Yuva,9.0,,,Ajeet Kumar aka Chhotu,,7870023565.0,,"Ajeet Kumar aka Chhotu | 7870023565 |40 | Male | General | Kayasth        

-Incumbent Defacto Three Terms PACs (2019;2014;2009)
-His elder brother is Manager in Cooperative and younger brother is Engineer and himself has Rice and Wheat Factory""",General,Kayasth,,,Zila Abhiyaan Samiti Member,Call Connected,Confirmed,zila abhiyan samiti member hai vo mgr vidhansabha star pe b kam karne ko ready hai,,,,,,,,,,,,,,,,,,,,,,,,,,,,,,
Ibtesham,Sitamarhi,5. Sitamarhi,5.0,Sitamarhi,Bajpatti,1 kaam aa gya hai dekhte hai time milega to jaenge,,,Sanyojak,1.0,,,Sahabuddin,Active,9123105609.0,Md. Madsir,"Sahabuddin  | 9123105609 | Minority | Muslim
        
- Anumandal Upadhyaksh-Pupri        
-Three Times Defacto Mukhiya
-(2001,2006,2021)",Minority,Muslim,,,,Call Connected,Confirmed,Post diya jaye to Kaam Karne ke liye ready hain,Amitabh,Busy,Yes,,"Vill-
Landmark-
Panchayat-
Block-
District -
",,,Yes,,200 logo tak sambhav hai,,,,,,,,,,,,,,,,,,,,
Ibtesham,Sitamarhi,5. Sitamarhi,5.0,Sitamarhi,Bajpatti,Aj nhi aa paege tabeyt tthik nhi,,Nanpur,Member,2.0,,,Rajdev Prashad,,9507133187.0,Ram lagan Prasad,"Rajdev Prashad | 35 | OBC | Shivhar Baniya | Prakhand Farmer President | 9507133187
-PACS PRESIDENT 
Mukhiya Runner-up 2016
- Runner-up cooperative bank member election",OBC,Shivhar Baniya,,,,Not Received,,,Amitabh,Busy,Yes,,"Vill-
Landmark-
Panchayat-
Block-
District -
",,,Yes,,ni kr paege pichli br ka paisa nhi mila h,,,,,,,,,,,,,,,,,,,,
Ibtesham,Sitamarhi,5. Sitamarhi,5.0,Sitamarhi,Bajpatti,,,,Sanyojak,3.0,,,Kaushal Yadav,Active,"7633929916
9431636935",Late Shivsaran Ray,"Kaushal Kishor Yadav| 62| OBC| Yadav
- Former 2 times ZP (2011-16) from Bajpatti
- His wife served as ZP in 2001-2006 - ZP Runnerup 2021""
9431636935",OBC,Yadav,,,,Call Connected,Confirmed,Post lene ke liye taiyar hain or kaam bhi karenge,,,,,,,,,,,,,,,,,,,,,,,,,,,,,,
Ibtesham,Sitamarhi,5. Sitamarhi,5.0,Sitamarhi,Bajpatti,Not Answered,,,Member,4.0,,,Vinay Singh,Active,8294372421.0,Mahendra Narayan singh,"Vinay Kumar | GEN | Bhumihar | Male
Vinay singh
Sarpanch Runner-up 2021
Social worker 
Buisnessman ",GEN,Bhumihar,,,Prakhand Abhiyaaan Samiti Sanyojak,Call Connected,Confirmed,ha sath hai JS ke,Amitabh,Not Received,Yes,,"Vill-
Landmark-
Panchayat-
Block-
District -
",,,Yes,,200-250 logo tak ka sambhav hai,,,,,,,,,,,,,,,,,,,,
Ibtesham,Sitamarhi,5. Sitamarhi,5.0,Sitamarhi,Bajpatti,,,,Mahila,5.0,,,Bindu Devi,,"9955293909, 7352387839",Rajendra Sah,"Bindu Devi | 47 | EBC | Kanu | Female
-BDC Runnerup(2021)
Adithi NGO (Panchayat Head)
Panch(2011)
Ward Member (2006)
-BDC Candidate(2016)",EBC,Kanu,,,Block Member,Call Connected,,She is not at home,Amitabh,Call Connected,Yes,,"Vill- 
Landmark-
Panchayat-
Block-
District -
",,,Yes,,ni bta sakte abhi,,,,,,,,,,,,,,,,,,,,
Ibtesham,Sitamarhi,5. Sitamarhi,5.0,Sitamarhi,Bajpatti,Not Answered,,,Yuva,6.0,,,Md. Sahabuddin,,9625755798.0,Md. Haroon,"Md. Sahabuddin | 9625755798 |34| Minority | Muslim

- Incumbent Sarpanch Sangh Adhyaksh (Bajpatti Block)
- Incumbent Sarpanch of Madaripur Panchayat (2021)
- Runner-up Mukhiya from Madaripur Panchayat (2016 - Lost by 35 votes)
- B.Tech from Jamia Milia (Civil Engineer)
- Worked 2 years in Dubai & 2 Years in Singapore as SIte Engineer
- Currently Pursuing LLB",Minority,Muslim,,,DSC Member,Switch Off,,,Amitabh,Not Received,Yes,,"Vill-
Landmark-
Panchayat-
Block-
District -
",,,Yes,,ni ho paega,,,,,,,,,,,,,,,,,,,,
Ibtesham,Sitamarhi,5. Sitamarhi,5.0,Sitamarhi,Bathnaha (SC),Reached in 30 mints,,,Sanyojak,1.0,,,Rajesh Ram,Active,7372870402.0,Shri Mukhlal Ram,"Rajesh Ram | 36 | Male | SC | Chamar
-Incumbent Defacto ZP Member (2021 Till Date)
-Former Mukhiya Contestant (2011 Runner Up)
-Former RJD Sangathan Prabhari (2024-2025)
-Agriculture",SC,Chamar,,,ACC,Call Connected,Confirmed,"Ready to work with JS dedicately,  Chunav  bhi ladna chahte hain , majorganj  4 no. se",Amitabh,Call Connected,Yes,Yes,"Vill- CHAINPUR
Landmark- KHIRWA CHAINPUR
Panchayat- KHIRWA
Block- NAZARGANJ
District - SITAMDHI
",2026-05-30 00:00:00,,Yes,"SANTOSH RAM
",SANTOSH RAM KA NO NHI HAI INKE PAS,,,,,,,,,,,,,,,,,,,,
Ibtesham,Sitamarhi,5. Sitamarhi,5.0,Sitamarhi,Bathnaha (SC),Hum patna aa gye hai sarita ji pahuch gayi hongi,,,Mahila,2.0,,,Sarita Devi,,9939783517.0,Awadhesh Prashad Singh,"Sarita devi | 9939783517 | 57| EBC | Kanu 
-Former Sarpanch (2006-2011)
- Mukhiya 2nd Runnerup - 2016",EBC,Kanu,,,Block Member,Not Received,,,Amitabh,Not Received,Yes,Yes,"Vill- RATANPUR
Landmark- CHHOTAN JI NETA
Panchayat- RATANPUR
Block- MEJARGANJ
District - SITAMDHI
",2026-07-05 00:00:00,,Yes,"VICKY KUMAR/ KULLU KUMAR
9891330493","sambhav nhi hai, doori ke karan",,,,,,,,,,,,,,,,,,,,
Ibtesham,Sitamarhi,5. Sitamarhi,5.0,Sitamarhi,Bathnaha (SC),busy,,,Member,3.0,,,Anjani Singh Appu,Active,9801268941.0,Late Ramashrey Singh,"Anjani Singh Appu  |45| General | Bhumihar
Upblock Pramukh",General,Bhumihar,,,DSC Member,Call Connected,Confirmed,Sanyojak Bana sakte hain,Amitabh,Call Connected,Yes,,"Vill- 
Landmark-
Panchayat-
Block-
District -
",,MEETING M BAITHE HUE HAI/ BAT KRTE,Yes,,abhi to samay nhi hai,,,,,,,,,,,,,,,,,,,,
Ibtesham,Sitamarhi,5. Sitamarhi,5.0,Sitamarhi,Bathnaha (SC),,,,,4.0,,,Praveen Kumar,,9113352682.0,,,,,,,,,,,,,,,,,,,,,,,,,,,,,,,,,,,,,,,,
Ibtesham,Sitamarhi,5. Sitamarhi,5.0,Sitamarhi,Bathnaha (SC),,,,Member,5.0,,,Lakhindar Singh,Active,9771780410.0,Late Jogendra Singh,"Lakhindar Singh | 9771780410 | General | Rajput
Former Mukhiya",General,Rajput,,,Prakhand Adhyaksh,Call Connected,Confirmed,Kaam Karne ke liye taiyar hain,,,,,,,,,,,,,,,,,,,,,,,,,,,,,,
Ibtesham,Sitamarhi,5. Sitamarhi,5.0,Sitamarhi,Bathnaha (SC),,,,Sanyojak,Released,,,Sunil Paswan,,9162138159.0,Sunil Paswan,"Sunil Paswan | Male | 29 | SC | Paswan | 9162138159
-Incumbent Defacto Panchayat Samiti

-Incumbent Defacto Panchayat Samiti Sadasya, 2021 to Till Date
-Former Mukhiya Contestant(2011)
-Former BJP Panchayat Prabhari (2018 to 2020)
-Former RJD Prakahnd Mahasachiv(2012 to 2017)",SC,Paswan,,,Prakhand Mahila Adhyaksh,Call Connected,Confirmed,,,,,,,,,,,,,,,,,,,,,,,,,,,,,,,
Ibtesham,Sitamarhi,5. Sitamarhi,5.0,Sitamarhi,Bathnaha (SC),,,,Sanyojak,Released,,,Nawal Kishore Chaudhary,,9955912873.0,Late Ramnandan Chaudhary,"Nawal Kishore Chaudhary | 9955912873 | SC | Pasi
Doctor; Director YK Chaudhary Memorial Hospital Sitamarhi; Ayurved Doctor; District Chairman Akhil Bhartiya Pasi Samaj (2010-Till); Member BAMCEF; Founder YK Chaudhary Memorial Welfare Society",SC,Pasi,,,,,Confirmed,,,,,,,,,,,,,,,,,,,,,,,,,,,,,,,
Ibtesham,Sitamarhi,5. Sitamarhi,5.0,Sitamarhi,Parihar,1 hour me pahuch jaenge,,,Sanyojak,1.0,,,Kudush Nut,Active,7762961330.0,Islam Nut,"Kudush Nut | Male | ST | Nut
-Incumbent Zila Parishad
-Jan Suraaj District Secretary
-Former BSP District Mahasachiv (2021-2022)
-Former ZP Runner Up (2016)
-ZP Contestant 2011 (3rd position 2750 votes)",Minority,ST,,,Zila Sachiv,Call Connected,Confirmed,Ready to take position,Amitabh,Busy,Yes,,"Vill-
Landmark-
Panchayat-
Block-
District -
",,,Yes,,sambhav nhi hai hm bht baithak krwa chuke hai,,,,,,,,,,,,,,,,,,,,
Ibtesham,Sitamarhi,5. Sitamarhi,5.0,Sitamarhi,Parihar,busy,,,Sanyojak,3.0,,,Imteyaz Javed Akhtar Urf Pyare,,9470038356.0,Late Abdul Mannan,"Imteyaz Javed Akhtar Urf Pyare | Male | Minority | Sheikh
-Former Pramukh (2003-2006)
-Former Panchayat Samiti Sadasya (2001-2006)
-Former JDU Prakhand Mahasachiv (2010-2014)
-Former RJD District President (1997-1999)
-Former Janta Dal District President (1994-1997)
-Former Congress Block Youth President (1985-1988)
-Jan Suraaj State Working Committee Member",Minority,Sheikh,,,DSC Member,Call Connected,Confirmed,,,Busy,,,,,,,,,,,,,,,,,,,,,,,,,,,,
Ibtesham,Sitamarhi,5. Sitamarhi,5.0,Sitamarhi,Parihar,Not Answered,,,Member,4.0,,,Mukesh Sah,Active,8409363248.0,Ram namdan Mahto,"Mukesh Sah | 40 | EBC | Teli 
Prakhand Adakshya
Ex Mukhiya,
 Ex Prakhand Mukhiya
 Sangh Adakshya",EBC,Teli,,,BSC Member,Call Connected,Confirmed,Ready to take position,,Not Reachable,,,,,,,,,,,,,,,,,,,,,,,,,,,,
Ibtesham,Sitamarhi,5. Sitamarhi,5.0,Sitamarhi,Parihar,12:30  bje pahuchenge,,Parihar,Mahila,5.0,,,Anita Sinha,,6207548131.0,Krishna Kumar Singh,"Anita Singh| Female | 44 | OBC | Koeri  

-ZP Contestant
-Jansuraaj Founder Member
-Former Zila Parishad Runner Up in 2011 Got 3660 Votes
-Running Kirana Wholesale Shop and Coaching Centre
 
",OBC,Koeri,,,,Call Connected,Confirmed,,Anjali,Call Connected,No,,"Vill-
Landmark-
Panchayat-
Block-
District -
",,office nhi kholna chahti hain.,Yes,,bht zda door hai sitamarhi hmare yha se,,,,,,,,,,,,,,,,,,,,
Ibtesham,Sitamarhi,5. Sitamarhi,5.0,Sitamarhi,Parihar,Not Answered,,,Sanyojak,Released,,,Nand Kishore Gupta,,9661202082.0,Late  Ramchander Gupta,"Loksabha Contestant

-Jansuraaj State Executive Member
-Jansuraaj District Abhiyan Samiti Member ( 2022)
-Independent MP Contested in 2014 (Got 6588 Votes)
-District President of  Bihar State Jeewika Cadre Sangh (In Present)
-Cheif Spokes Person of Bihar State Jeewika Cadre Sangh 
-Former JDU District Active Member ( 2003-2005) 
-2 Term Sarpanch Runner Up ( 2006 & 2021)
-Mukhiya Runner Up ( 2016)",OBC,Suri Baniya,,,,,,,Anjali,Switch Off,Yes,,"Vill-
Landmark-
Panchayat-
Block-
District -
",,,Yes,,dekha jaega sathiyo s bt vichar kr k hi bolege,,,,,,,,,,,,,,,,,,,,
Ibtesham,Sitamarhi,5. Sitamarhi,5.0,Sitamarhi,Parihar,,,,Member,Released,,,Gopal Jha,,9661196511.0,Late Pandit Bajju Kant jha,"Gopal Jha | 9661196511 | General | Brahmin
Ex Mukhiya Sangh Adakshya 
Son Of Ex Prakhand Pramukh
Good Hold In Society",General,Brahmin,,,DSC Member,,,,,,,,,,,,,,,,,,,,,,,,,,,,,,,,,
Ibtesham,Sitamarhi,5. Sitamarhi,5.0,Sitamarhi,Runnisaidpur,,,,Sanyojak,1.0,,,Vijay Kumar Sah,,9905268268.0,,"Vijay Kumar Sah | Male | EBC | Kanu
-Former MLA Contestant 2015 Independent (7800 votes)
-Former Mukhiya Contestant 2021
-Former ZP Member (2011-2016)
-Former BJP Zila Sanyojak and Pradesh Karyakarini Sadasya (2021-2024)
-Incumbent Kanu Kalyan Mahasabha Upadhyaksh (2012 Till)
-Property Dealer",EBC,Kanu,,,ACC,Call Connected,,Busy will call later,,Not Received,,,,,,,,,,,,,,,,,,,,,,,,,,,,
Ibtesham,Sitamarhi,5. Sitamarhi,5.0,Sitamarhi,Runnisaidpur,busy,,,Member,2.0,,,Sarfaraz Anjum,,8292970530.0,Noman Anjum,"Sarfaraz Annum | 52 | Minority | Muslim 
 Runner up ZP in 2021.
-RLSP Generalsec. for 7 years.(2013-2020)
Late Ram ",Minority,Muslim,,,DSC Member,Not Received,,,,Not Received,,,,,,,,,,,,,,,,,,,,,,,,,,,,
Ibtesham,Sitamarhi,5. Sitamarhi,5.0,Sitamarhi,Runnisaidpur,,,,Member,3.0,,,Bipin Kumar Srivastava,,9123252491.0,,"Bipin Kumar Srivastava  | GEN | kayast | Male
Mandal Adhyaksh, BJP (2020–2022)
District President, BJP Intellectual Cell (2022–2024)
Currently practicing at the District Court
",GEN,Kayastha,,,,Call Connected,Confirmed,"Ready hai aur thoda sansadhan chahiye hoga ,",,Not Received,,,,,,,,,,,,,,,,,,,,,,,,,,,,
Ibtesham,Sitamarhi,5. Sitamarhi,5.0,Sitamarhi,Runnisaidpur,12:30  bje pahuchenge,,Runnisaidpur,Member,4.0,,,Bindeswar Ram,,9229901069.0,Late Dhanushdhari ram,"
Bindeswar Ram | 62 | SC | Chamar 
*Runner-up in Mukhiya election (2000)*

*Joined CPI(M) in 2002 as Maha Dalit Sanjhyak*

*Switched to BJP in 2005 as Maha Dalit Adhyaksh*

*Associated with Jan Suraaj in 2024*

",SC,Chamar,,,Prakhand Member,not reacable,,,Anjali,Switch Off,Yes,,"Vill-
Landmark-
Panchayat-
Block-
District -
",,,Yes,,sambhav hai mgr apne chetra me 200 log tak ka,,,,,,,,,,,,,,,,,,,,
Ibtesham,Sitamarhi,5. Sitamarhi,5.0,Sitamarhi,Runnisaidpur,Not Received,,,Mahila,5.0,,,Shobha Rani,,8271703635.0,,"Shobha Rani | 62 | General | Bhumihar | Female 
Former ZP Member (2001-2006); Former BJP District Vice President (1992-1997); Jan Suraaj Anumandal Samiti Sadasya; Lawyer District Court; Retired Govt Teacher",General,Bhumihar,,,ACC,,Confirmed,,,Not Reachable,,,,,,,,,,,,,,,,,,,,,,,,,,,,
Ibtesham,Sitamarhi,5. Sitamarhi,5.0,Sitamarhi,Runnisaidpur,,,,,6.0,,,Dr Manoj Kumar Sharma,,9576986673.0,,,,,,,,,,,,,,,,,,,,,,,,,,,,,,,,,,,,,,,,
Ibtesham,Sitamarhi,5. Sitamarhi,5.0,Sitamarhi,Runnisaidpur,,,,Member,Released,,,Jeevach Sah,,8002379759.0,,Prakhand Upadhyaksh in BJP,,,,,Prakhand Member,Call Connected,Confirmed,,,,,,,,,,,,,,,,,,,,,,,,,,,,,,,
Ibtesham,Sitamarhi,5. Sitamarhi,5.0,Sitamarhi,Sitamarhi,,,,Sanyojak,1.0,,,Jilani Khan,,9708146109.0,,"Jilani Khan | Male | Minority
-Businessman
-Former RJD State Secretary
-Former Zila Adhyaksh RJD (1995)
-Cooperative Panchayat Adhyaksh (3 terms 2001-2018)
-Former District Minority Cell President
-Former RJD Pradesh Sachiv
-Strong hold in Muslim community
-Owns automobile business (JK Automobile)
-Positive public perception and influence in Nagar Nigam
-Interested in Jan Suraaj and wants to meet Prashant Kishor",Minority,Muslim,,,,Call Connected,Confirmed,,Anjali,Switch Off,Yes,,"Vill-
Landmark-
Panchayat-
Block-
District -
",,,Yes,,,,,,,,,,,,,,,,,,,,,,
Ibtesham,Sitamarhi,5. Sitamarhi,5.0,Sitamarhi,Sitamarhi,,,,Member,2.0,,,Ram Sharnagat Singh,,9430657676.0,,"Ram Sharnagat Singh | 62 | General | Bhumihar 
Retired SChool Teacher
Social Worker
Dedicated to Jan Suraaj.
Good Reputation in his Panchayat ",General,Bhumihar,,,Prakhand Upadhyaksh,Not Received,,,Anjali,Not Received,Yes,,"Vill-
Landmark-
Panchayat-
Block-
District -
",,,Yes,,,,,,,,,,,,,,,,,,,,,,
Ibtesham,Sitamarhi,5. Sitamarhi,5.0,Sitamarhi,Sitamarhi,,,,Mahila,3.0,,,Sulochana Devi,,8864049919.0,,"Sulochna Devi | Female | 50 |EBC| Kanu
-Mahila Adhyaksh in Janki Prakatya Trust
- Spokesperson in Mahila Sashakti Janki Asthan
- 200 woman to receive vocational training from the Mira Shukla NGO by the help of her",EBC,Kanu,,,,Call Connected,Confirmed,haa kam karege,,Not Received,,,,,,,,,,,,,,,,,,,,,,,,,,,,
Ibtesham,Sitamarhi,5. Sitamarhi,5.0,Sitamarhi,Sitamarhi,Will reach in 30 min,,,Member,4.0,,,Sanjay Yadav,,9934649538.0,Hardav Rai,"Sanjay Yadav | 40 | OBC | Yadav | Prakhand Kisan Adhyaksh | 9934649538
Incumbent PACS Adhyaksh",OBC,Yadav,,,,,,,Anjali,Call Connected,Yes,Yes,"Vill-Banchauri toli Malikana
Landmark- Near pani tanki
Panchayat-Rampur Parori
Block-Dumra
District -Sitamarhi
",,4 din baad baithak rkhe hain uske baad confirm karenge ki kis din opening hogi,Yes,,4 din baad baithak rkhe hain uske baad confirm karenge ki kis din opening hogi,,,,,,,,,,,,,,,,,,,,
Ibtesham,Sitamarhi,5. Sitamarhi,5.0,Sitamarhi,Sitamarhi,,,,,5.0,,,Prem Sahni,,9065758607.0,,,,,,,,,,,,,,,,,,,,,,,,,,,,,,,,,,,,,,,,
Ibtesham,Sitamarhi,5. Sitamarhi,5.0,Sitamarhi,Sitamarhi,,,,Member,Released,,,Narendra Pandey,,9523759956.0,Ramesh Pandey,"Narendra Pandey | 40 | General | Brahmin | Sanghatan Zila Mukhya Pravakta | 9523759956
- District Adhyaksh of All india Medical representative association",General,Brahmin,,,,,,,,,,,,,,,,,,,,,,,,,,,,,,,,,,,,
Ibtesham,Sitamarhi,5. Sitamarhi,5.0,Sitamarhi,Sitamarhi,,,,Member,Released,,,Brijesh Shah,,9708911273.0,," Brijesh Kumar Sah|41|Male|Kanu  
 9708911273
Fathers Yogendra Sah
Village : Govind Fanda
Panchayat: Maniyari
Qualification : 12th pass
Occupation : Road material supplier
Political Experience: 
* Vidhan Sabha Prabhari - Sitamarhi Sadar ( Jan Suraaj ).
* Strong hold in his community, can mobilise 500 people from his community.
* Helped Devendra Sah Winning MLC 2015 Sheohar and Sitamarhi.",EBC,Kanu,,,,Call Connected,Confirmed,jo b zimmedari party ke taraf se dia jaega usko poora karege,,,,,,,,,,,,,,,,,,,,,,,,,,,,,,
Ibtesham,Sitamarhi,5. Sitamarhi,5.0,Sitamarhi,Sursand,Not Received,,,Sanyojak,1.0,,,Nitish Kumar,,9837473848.0,Ramadhar Chaudhary,"Nitish Kumar | Male | General
-LPG Distributor
-Runs Petrol Pump
-Jan Suraaj Zila Sanyojak
-Jan Suraaj Abhiyaan Samiti Sadasya",General,Bhumihar,,,Abhiyan samiti,Call Connected,Confirmed,,,Not Received,,,,,,,,,,,,,,,,,,,,,,,,,,,,
Ibtesham,Sitamarhi,5. Sitamarhi,5.0,Sitamarhi,Sursand,Not Received,,,Member,2.0,,,Nagendar Jha,,9153124577.0,Late Dev Narayan Jha,"Nagendra Jha | GEN | Brahmin | Male 
Nagar  adhayaksh in  sursand from 12 years  also  central chunav parhari of member of parliment election in 2019",GEN,Brahmin,,,DSC Member,Call Connected,Confirmed,"Former JS AC Prabhari 
aage bhi sath jur ke kam krege",Anjali,Call Connected,Yes,Yes,"Vill-Sursand 
Landmark-Nrayani Hotel
Panchayat-Ward no .11
Block-Sursand
District -Sitamarhi
",,Abhi date deceide nhi kiye hain.,Yes,,kuch din baad hi bta payenge.,,,,,,,,,,,,,,,,,,,,
Ibtesham,Sitamarhi,5. Sitamarhi,5.0,Sitamarhi,Sursand,Not Received,,,Member,3.0,,,Ram Babu Singh,,8987098814.0,Late Adhik Naryan Singh,"Ram babu Singh | 52 | General | Rajput
""Former PACs President of Hariharpur(2011Present)
Close keen to Anand Mohan Singh
Also Ran for Parliamentary Elections in 1998""",General,Rajput,,,Kisan Adhyash,Switch Off,,"
Former JS AC Prabhari 
aage saath jur ke km krege",Anjali,Call Connected,Yes,Yes,"Vill-Hariharpur
Landmark- 
Panchayat-Hariharpur
Block-Sukri
District -Sitamarhi
",,Opening ka date final nhi kiye hain.,Yes,,4 din baad name no send karenge baat vichar krke.,,,,,,,,,,,,,,,,,,,,
Ibtesham,Sitamarhi,5. Sitamarhi,5.0,Sitamarhi,Sursand,,,,Mahila,4.0,,,Shail Devi,,9518193711.0,Chandeswar Saafi,"Shail Devi | 40 | SC | Dhobi | Female 
- Incumbent Mukhiya
- Mukhiya Runner-Up, 2016
- Aasha worker from 2006 to 2016",SC,Dhobi,,,Block Member,Call Connected,Not Confirmed,Bihar ke bahar hai,,Call Connected,No,,,,,No,,2 month tak abhi koi zimmedari nhi le paege,,,,,,,,,,,,,,,,,,,,
Ibtesham,Sitamarhi,5. Sitamarhi,5.0,Sitamarhi,Sursand,,,,,5.0,,,Raj Kumar Mahto,,9471668955.0,,,,,,,,,,,,,,,,,,,,,,,,,,,,,,,,,,,,,,,,
Ibtesham,Madhubani,6. Madhubani,6.0,Madhubani,Benipatti,,,,Sanyojak,1.0,,1.0,Md Parvej Alam,Active,9631329886.0,,"Pravej Alam | 48 | Male | Minority  | Sheikh

-Two Terms De facto Mukhiya of Meghbon (2001-06, 2021 to till now).
- Two Terms Panchayat Samiti Member 2006-16.
-PACS President of Meghbon since 2000 to Present
- Former Working District President of LJP Madhubani ( 2017 - 18)
- Former Nominated LJP District Minority President of Madhubani since 2022
- Maternal Grandfather was former Mukhiya of Meghban",Minority,Muslim,,Strong,Sangathan Zila Abhiyan Samiti Sanyojak,Call Connected,Confirmed,Ready to take poition and also suggested some name in their assembly,Anjali,Call Connected,Yes,Yes,"Vill- Najra
Landmark- Near Panchayat  bhagwan
Panchayat-Nagwas
Block-Beniipatti
District -Madhubani
",2026-06-29 00:00:00,Banner bs print krne ko diye hain monday ko office open ho jayega.,Yes,,kuch din baad hi bata payenge.,,,25/06/2026,,,,Call Connected,Not Interested,,,,,,,,,,,,
Ibtesham,Madhubani,6. Madhubani,6.0,Madhubani,Benipatti,,,,Member,2.0,,,Ashok Kumar Jha,Active,9204033817.0,,"Ashok Kumar Jha | Male | General | Brahmin
-Advocate at Sub Divisional Court and District Court Madhubani
-Farmer
-Provides legal aid to poor clients",Gen,Brahmin,,Strong,ACC,Call Connected,Confirmed,Recommendation from LSP and he want to do work at ac prabhari ',Anjali,Busy,Yes,,"Vill-
Landmark-
Panchayat-
Block-
District -
",,,Yes,,Jo zila adhyaksh hai unko bolie ye unki zimmedari hai or aise mere taraf se 100- 200 log rhenge baithak me,,,,,,,Not Received ,,,,,,,,,,,,,
Ibtesham,Madhubani,6. Madhubani,6.0,Madhubani,Benipatti,,,,Mahila,3.0,,,Sarita kumari thakur,Active,9162784506.0,Sanjay Kumar Sharma,"""Sarita Kumari Thakur | EBC | Nai

- BDC in Kaluahi block since 2021
- Pvt. Teacher and Runs Coaching Centres and contributing in  Reform of Education 
-""",EBC,Nai,,Moderate,,Not Connected,,,Anjali,No Incoming,Yes,,"Vill-
Landmark-
Panchayat-
Block-
District -
",,,Yes,,Nahi karwa paenge hum shadi me buzy hai abhi,,,,,,,Not Received ,,,,,,,,,,,,,
Ibtesham,Madhubani,6. Madhubani,6.0,Madhubani,Benipatti,,,,Member,4.0,,,Bablu Yadav,Active,7323969403.0,देव नारायण यादव,"""Bablu Yadav | OBC | Yadav | 
2nd Term De facto Mukhiya of Akaur GP. -Good hold among the Youth."" with ""Sarita Kumari Thakur | EBC | Nai - BDC in Kaluahi block since 2021 - Pvt. Teacher - Serves in Jeewika Activities""",OBC,Yadav,,Moderate,Zila Sachiv,Call Connected,Confirmed,,Anjali,Call Connected,Yes,,"Vill-
Landmark-
Panchayat-
Block-
District -
",,Busy hain baad me baat karenge.,Yes,,Jagah hai open ho jaega club or sabha host ke lie hum pehle bat kar lete hai sabse,,,,,,,Call Connected,Not Interested,,Contest in Mukhiya,,,,,,,,,,
Ibtesham,Madhubani,6. Madhubani,6.0,Madhubani,Benipatti,,,,Member,5.0,,,Brajesh paswan,,9931813732.0,,"Barjesh Paswan | Male | SC | Paswan
-Contested BDC from Ganguli Panchayat (2016)
",SC,Paswan,,Weak,Parkhand Kisan Adhyaksh,Call Connected,Confirmed,bilkul karege,Dhananjay,Not Received,Yes,,"Vill-
Landmark-
Panchayat-
Block-
District -
",,,Yes,,200-300 logo ki sabha hum Arrange karwa skte hai,,,,,,,Not Received ,,,,,,,,,,,,,
Ibtesham,Madhubani,6. Madhubani,6.0,Madhubani,Benipatti,,,,Released,Released,,,Deepak Bhandari,,8789440520.0,,He is sarpanch runner up in Arrer North,,,,,,,,,,,,,,,,,,,,,,,,,Not Received ,,,,,,,,,,,,,
Ibtesham,Madhubani,6. Madhubani,6.0,Madhubani,Benipatti,,,,Member,Released,,,Zubair Ahmad,,9973438871.0,,"Zubair Ahmad |63 | Minority| Muslim
- Defacto Zila Parishad 
- Member of Zila Utpadan samiti Madhubani
- Chairman of Kisan Salahakar Samiti बेनीपट्टी 
- 3 award winner - Kisan Shree, Zila Bhushan&  Kisan Abhinav Prize 
- Awarded by Honorable CM of Bihar
- Sewa Dal Prakhand Preident 2010 - 2015""",Minority,Muslim,,,,,,,,,,,,,,,,,,,,,,,Call Connected,Interested,5.0,,,,,,,,,,,
Ibtesham,Madhubani,6. Madhubani,6.0,Madhubani,Bisfi,,,श्री मनोज मिश्रा,Sanyojak,1.0,,1.0,Manoj Mishra*,Active,6206538051.0,,"Manoj Mishra | Male | General | Brahmin
-Ex Mukhiya (2016-2021)
-Mukhiya Contestant (2006 2011 2021)
-Associated with BJP as District Committee Member
-Active in Assembly Elections",General,Brahmin,,Strong,,Call Connected,Confirmed,"Ready to take Position , very Positive Towards JS",Dhananjay,Call Connected,Yes,Yes,"Vill-
Landmark-
Panchayat-
Block-
District -
",,"Location not decided yet, He will open office in this month, Will talk after 3-4 days",Yes,,4 baje tak Youth Club ka naam denge,,,,,,,Call Connected,Not Interested,,,,,,,,,,,,
Ibtesham,Madhubani,6. Madhubani,6.0,Madhubani,Bisfi,,,श्री मोहम्मद रिजवान सैफी,Member,2.0,,,Md Rizwan Saifi,Active,9267952883.0,अब्दुल राउफ,"Md Rizwan Saifi | Male | Minority
-Former District General Secretary INC (2002-2006)
-Former ZP Bisfi (2001-2006)
-ZP Rahika (2006-2011) and Runner Up (2011)
-ZP Bisfi Runner Up (2021 got 4384 votes)
-Father was Sarpanch (1978-2000)
-Business Building Material
-Faced interference in ZP election",Minority,Muslim,,Strong,Zila Upadhyaksh,Call Connected,Confirmed,,Dhananjay,Call Connected,Yes,,"Vill-
Landmark-
Panchayat-
Block-
District -
",,"Don't know yet, kindly coordinate with Ziladhyaksh after that he will decided",Yes,,Busy now CBL,,,,,,,Call Connected,Interested,11.0,Active Hokar Kam kar rhe hai,,,,,,,,,,
Ibtesham,Madhubani,6. Madhubani,6.0,Madhubani,Bisfi,,,श्री राम नरेश यादव,Member,3.0,,,Ram Naresh Yadav,,7280896824.0,,"Ram Naresh Yadav | Male | OBC | Yadav
-Two term Defacto Mukhiya (2006 2011 as Bhavi was Mukhiya)
-Private School Teacher",OBC,Yadav,,Strong,,Call Connected,Confirmed,,,,,,,,,,,,,,,,,,Wrong Number ,,,,,,,,,,,,,
Ibtesham,Madhubani,6. Madhubani,6.0,Madhubani,Bisfi,,,श्री आदित्य कुमार,Yuva,4.0,,1.0,Aditya Kumar,Active,7073105604.0,अशोक कुमार,"Aditya Kumar | 30 | SC |Chammar
""- Student Activist
- Active in block level politics 
- Also runs the centres (Mithila Arts)""",SC,Chammar,,Moderate,,Call Connected,Confirmed,Ready to worm in EMC,Dhananjay,Busy,Yes,,"Vill-
Landmark-
Panchayat-
Block-
District -
",,,Yes,,Mahasachiv ji ke sath mil kar humlog lge hue hai taiyari me,,,,,,,Call Connected,Interested,25.0,,,,,,,,,,,
Ibtesham,Madhubani,6. Madhubani,6.0,Madhubani,Bisfi,,,श्रीमती नीलू कुमारी,Mahila,5.0,,,Nilu Kumari*,Active,8651024545.0,,"Nilu Kumari | EBC | Kumhar
- Jeevika CM 2013-2020
- Enterpreneurial leadership
- Holds a good reputation and strong influence within her bLOCK , trusted by local people
Experienced in co-ordinating group meetings, awareness program",EBC,Kumhar,,Moderate,,Call Connected,Confirmed,,Dhananjay,Not Received,Yes,,"Vill-
Landmark-
Panchayat-
Block-
District -
",,,Yes,,Nahi karwa paenge hum shadi me buzy hai abhi,,,,,,,Call Connected,Not Interested,,,,,,,,,,,,
Ibtesham,Madhubani,6. Madhubani,6.0,Madhubani,Bisfi,,,,Released,Released,,,Vashisht Narayan Jha,,9470067184.0,,"Vashisht Narayan Jha  | 66 | Brahmin | 9470067184
-Incumbent Mukhiya(2021 To Till Date )
-Former Mukhiya(2006 To 2011)
-Former Congress Zila Upadhyaksh(2016 To 2022)
-Former Congress Member(1980 To 2022)
-Jan Suraaj Zila Adhyaksh""",General,Brahmin,,,Zila Adhyaksh,,,,,,,,,,,,,,,,,,,,Call Connected,Interested,13.0,"- Incumbent Mukhiya hai 
ZP ki bhi Teyari kar rhe hai.",,,,,,,,,,
Ibtesham,Madhubani,6. Madhubani,6.0,Madhubani,Harlakhi,,,,Sanyojak,1.0,,1.0,Hare Ram Thakur,Active,9470066401.0,,"Hare Ram Thakur | Male | General | Bhumihar 
-2 time Mukhiya (2006 -2016)
-BDC (2001 lost Pramukh election by 1 vote)
-Former District Adhyaksh AIKS
-District Council Member CPI",General,Bhumihar,,Strong,,,,,Dhananjay,Busy,Yes,,"Vill-
Landmark-
Panchayat-
Block-
District -
",,,Yes,,Abhi hum sabha host nahi kar skte hai future me kabhi zarurat pari to krenge or youth club open ho jaega jagah hai,,,,,,,Not Received ,,,,,,,,,,,,,
Ibtesham,Madhubani,6. Madhubani,6.0,Madhubani,Harlakhi,,,,Member,2.0,,,Niranjan Kumar Paswan,Active,9102603936.0,Late Prikshan Paswan,Ex- Mukhiya,SC,Dusadh,,,,,,,Dhananjay,Call Connected,Yes,,"Vill- Raima
Landmark- Netaji Chowk 
Panchayat- Mukhiyapatti 
Block- Madhwapur 
District - Madhubani 
",,Not decided yet,Yes,,,,Done,,,,,Call Connected,Not Interested,,,,,,,,,,,,
Ibtesham,Madhubani,6. Madhubani,6.0,Madhubani,Harlakhi,,,,Sanyojak,1.0,,,Prem Mandal,,9162574201.0,,"DR.Prem Kumar Mandal |  Male | 53 |  EBC | Dhanuk | Incumbent Mukhiya

-Doctor(BAMS)
-Incumbent Mukhiya(2021)
-District President, All India Dhanuk Unity Federation(2014-2023)
-Former Zila Parishad(2006 to 2011)
Former JDU Member(2006 to 2022)
",,,,,,,,,Dhananjay,,Yes,,"Vill-
Landmark-
Panchayat-
Block-
District -
",,,Yes,,Jagah hai open ho jaega club or sabha host ke lie hum pehle bat kar lete hai sabse,,,,,,,Not Received ,,,,,,,,,,,,,
Ibtesham,Madhubani,6. Madhubani,6.0,Madhubani,Harlakhi,,,Umgaon,,3.0,,,Md kalam nadaf,,9971873173.0,Md Hadees,,Minority,Muslim,,,,,,,,Not Received,,,,,,,,,,,,,,,Wrong Number ,,,,,,,,,,,,,
Ibtesham,Madhubani,6. Madhubani,6.0,Madhubani,Harlakhi,,,,Member,4.0,,,Veerkant Mishra,,9428054167.0,,Retired from Army,General,Brahmin,,Strong,,Call Connected,Confirmed,pehle bhi Mukhiya ke lie lare hue hai is bar bhi mukhiya ke pad par chunaav larne ke lie soche hai or jansuraaj me sakriya roop se the or aage bhi jo pad dia jaega usme apni bhumika nibhaenge,,Call Connected,,,,,,,,Tabiyat thik nhi hai Jan suraaj ke sath hain lekin Kaam nhi kar sakte,,,,,,,Call Connected,Not Interested,,,,,,,,,,,,
Ibtesham,Madhubani,6. Madhubani,6.0,Madhubani,Harlakhi,,,Benipatii,Mahila,5.0,,,Kailasha Devi,Active,7631456357.0,,"
- Jeevika CM
Former Ward Member 
- Her Husband  a businessman  ",SC,Dusadh,,,,,,,Dhananjay,,Yes,,"Vill-
Landmark-
Panchayat-
Block-
District -
",,,Yes,,Sabha host nahi kar skte ahi sabha me shamil ho jaenge,,Done,,,,,Call Connected,Not Interested,,,,,,,,,,,,
Ibtesham,Madhubani,6. Madhubani,6.0,Madhubani,Harlakhi,,,,Sanyojak,Released,,,Md Mustafa,,8974986786.0,,"""Mohammad Mustafa | 52 | Minority | Muslim | Male - Defacto Mukhiya (2021) - Owner of Global Heart Hospital with 8 ICU Bed, and 50 General Beds (also having health care business in Nagaland)
- Ex-RJD State Working Committee Member (2021-23)
- Ex-RJD District Gen Secretary RJD 2016-21, - Ex-RJD Block President, Bisfi (2010-16) - Organises Health Camp on a regular basis.""",Minority,Muslim,,,ACC,,,Ready to work at vidhan sabha EMC,,,,,,,,,,,,,,,,,Call Connected,Interested,1.0,,,,,,,,,,,
Ibtesham,Madhubani,6. Madhubani,6.0,Madhubani,Harlakhi,,,,Member,Released,,,Paltan Ram,,9122791505.0,,"Bahujan samajwadi party Zila upadhyaksh 2005 -2008
Former Vidhansabha candidate 2010
",SC,Ram,,,BSC Member,Call Connected,Not Confirmed,madhubani lok sabha chetra ka zimmedari milega to hi krege ni to nhi karege magar sansadhan chahie wrna hum ni jurna chahte hai,,,,,,,,,,,,,,,,,Call Connected,Interested,1.0,,,,,,,,,,,
Ibtesham,Darbhanga,6. Madhubani,6.0,Madhubani,Jale,,,श्री मोहम्मद शफीउल्लाह चमन,Sanyojak,1.0,,1.0,Md Shafiullah Chaman,Active,7903552107.0,Md. Hamidullaha,"Md Shafiullah | 39 | Male | Minority | Sheikh | Mukhiya
-Incumbent Mukhiya (2021 Till Date)
-Businessman (Dental Hospital and Director of Hitech Group of Industries)
-Jan Suraaj State Working Committee Member",Minority,Muslim,,Strong,BSC Member,Call Connected,Confirmed,,,Call Connected,,,,,,Yes,,Mukhiya Chunav Ki Wajah se abhi post nhi lena chahte hain,,,,,,,,,,,,,,,,,,,,
Ibtesham,Darbhanga,6. Madhubani,6.0,Madhubani,Jale,,,श्री विभूति नारायण सिंह,Sanyojak,2.0,,1.0,Vibuti Narayan Singh,,9263698521.0,,"Businessman

-Founder and CEO Of  KCS Consultancy Services, UAE
-Engineer
-Social Worker",General,Rajput,,Strong,,Switch Off,,,,Switch Off,,,,,,,,,,,,,,,,,,,,,,,,,,,,
Ibtesham,Darbhanga,6. Madhubani,6.0,Madhubani,Jale,,,,Member,3.0,,,Anil Ray,Active,8178046397.0,Late. Raj Narayan Ray,"Anil Ray | 8178046397 | General | Bhumihar
- He is a two time Up-Sarpanch 2016 - 2021 
- MA in Political Science in 1993
- Businessman ",General,Bhumihar,,,,,,,,Call Connected,No,,,,,No,,Post nhi lena chahte lekin Jan Suraaj se Jude rahenge,,,,,,,,,,,,,,,,,,,,
Ibtesham,Darbhanga,6. Madhubani,6.0,Madhubani,Jale,,,,Member,4.0,,,Mahesh Ram,,9870214235.0,,"Mahesh Ram | 48 | SC | Chamar | Panchayat Adhyaksh | 9870214235
-  BDC Winner 2016
 -Ex BDC (2011)
",SC,Dusadh,,Strong,,,,,,Wrong Number,,,,,,,,Mahesh nam ka koi vyakti nhi hai yha hum hardev ram,,,,,,,,,,,,,,,,,,,,
Ibtesham,Darbhanga,6. Madhubani,6.0,Madhubani,Jale,,,श्रीमती शीला देवी,Mahila,5.0,,,Sheela Devi,,9570638752.0,Ram Sakal Bhagat,"Sheela Devi | 40 | EBC | Chaurasiya | Female
- Former ZP, 2016
- ZP Runner-up 2021
- Her Husband is a Doctor by Profession
- Her Father Agua Baba is the famous Kabir Sant",EBC,Chaurasiya,,Strong,,,,,,Call Connected,No,,,,,No,,possible nhi ghr me beti ki shadi hai is lie sabha possible nhi,,,,,,,,,,,,,,,,,,,,
Ibtesham,Darbhanga,6. Madhubani,6.0,Madhubani,Jale,,,,Member,Released,,,Shiv Bodhan Sahu,,9971002749.0,LATE KISHORI SAHU,"Shiv Bodhan Sahu | 32 | EBC | Teli | Male 
Loksabha Contestant

-Former Loksabha Contestant, 2024, Madhubani, Independent, Got 13370 Votes
-Former ZP Contestant, 2021, Runner Up, Got 2606 Votes
-Former Bhartiya Janta Yuva Morcha IT Cell Sah Sanyojak, 2023 To 2024
-Former State Spokesperson, BJP, Bihar
-Former Zila Prabhari, North West Delhi, BJP, 2017 To 2020 
-Former Assistant Director, Aakash Institute
-Jan Suraaj Yuva Rajya Karyakarini Sadasya",EBC,Teli,,,,Call Connected,Confirmed,,,,,,,,,,,,,,,,,,,,,,,,,,,,,,,
Ibtesham,Darbhanga,6. Madhubani,6.0,Madhubani,Jale,,,,Member,Released,,,Anil Ram,,8002315989.0,,"Anil ram |Male| Sc |Chamar
-Ex Mukhiya (2016-2021)
-Ex-Defacto Panchayat Samiti (2006-11)
-Ex BSP MLA candidate, 2010 (got ~3k Votes)",SC,Chamar,,,SC Zila Sanyojak,Call Connected,Confirmed,,,,,,,,,,,,,,,,,,,,,,,,,,,,,,,
Ibtesham,Darbhanga,6. Madhubani,6.0,Madhubani,Jale,,,,Yuva,Released,,,Samiullah Ashraf  urf Nirale,,8789548733,,"Samiullah Ashraf Urf Nirale | 39 | Male | Minority | Sheikh
-Incumbent Mukhiya and Block Mukhiya Sangh Upadhyaksh (2021)
-Former Sarpanch (2016-2021)
-Former JDU Zila Mahasachiv (2015-2018)
-Former JDU Singhwara Prakhand Prabhari (2015-2018)",Minority,Sheikh,,,Zila Upadhyaksh,Call Connected,Confirmed,,,,,,,,,,,,,,,,,,,,,,,,,,,,,,,
Ibtesham,Darbhanga,6. Madhubani,6.0,Madhubani,Jale,,,,Released,Released,,,Ranjeet Thakur,,9122305469.0,Late Ramakant Thakur,"Ranjeet Thakur | Male | General | Thakur
-Ex Mukhiya Kamtaul GP (2 times)
-PACS Adhyaksh (2011-15)
-Mukhiya (2011-16 and 2016-21)
-Chairman RU (2021 Kamtaul Nagar Panchayat)
-Businessman (Rice)",General,Bhumihar,,,BSC Member,Call Connected,Confirmed,,,,,,,,,,,,,,,,,,,,,,,,,,,,,,,
Ibtesham,Darbhanga,6. Madhubani,6.0,Madhubani,Keoti,,,श्री भोला साहू,Sanyojak,1.0,,1.0,Bhola Sahu,Active,8051836463.0,Late Nageshwar Sahu,"Bhola Sahu | Male | OBC | Sahu
-MLA Contestant
-Jan Suraaj District Vice President
-Former Block Sachiv Jan Suraaj
-Former Independent MLA Contestant 2020
-Former BJP Member
-Farmer (5 acre land)",OBC,Teli,,Strong,Zila Upadhyaksh,Call Connected,Confirmed,He want to contest PRI Election but  ready to work as EMC,Dhananjay,Call Connected,Yes,,"Vill-
Landmark-
Panchayat-
Block-
District -
",,"Not decided yet, will give details after 2 days",Yes,,hm keoti me rehte hai distance ke wajah se possible nhi,,,,,,,,,,,,,,,,,,,,
Ibtesham,Darbhanga,6. Madhubani,6.0,Madhubani,Keoti,,,श्री वसीम अहमद,Yuva,2.0,,,Wasim Ahmed,,9525816021.0,Nasim  Ahmad,"Wasim Ahmed | 38 | Male | Minority
-Mukhiya Runner Up (2021)
-Prominent Businessman
-District Distributor of Ultratech Cement and Kay2 Steel
-Father was State Congress Working Committee Member",Minority,Muslim,,Strong,,Wrong Number,,,,Call Connected,No,,,,,No,,team kr paegi akely mere lie possible nhi,,,,,,,,,,,,,,,,,,,,
Ibtesham,Darbhanga,6. Madhubani,6.0,Madhubani,Keoti,,,श्रीमती रूबी झा,Mahila,3.0,,,Rubi Jha,,8969302220.0,,"Rubi Jha | Female | 45| General | Brahmin
- Former Jan Suraaj Prakhand Upadhyaksh 
-Contested BDC 2016
- Former Ward Member 
-ASHA Worker
",General,Brahmin,,Strong,Prakhand Upadhyaksh,Call Connected,Confirmed,,Dhananjay,Call Connected,Yes,,"Vill-
Landmark-
Panchayat-
Block-
District -
",,"Mother in law is died , She will open office in his village at Dura Dalan , Will contact after 2-3 days",Yes,,distance zda hai possible nhi,,,,,,,,,,,,,,,,,,,,
Ibtesham,Darbhanga,6. Madhubani,6.0,Madhubani,Keoti,,,श्री कौशल किशोर,Member,4.0,,,Kaushal Kishor,,9852737721.0,Late Bhola Yadav,"Kaushal Kishor | Male | OBC |Yadav
-Contested ZP (2021 secured 4800 votes)
-Former BJP Member
-Businessman",OBC,Yadav,,Moderate,Zila Upadhyaksh,Call Connected,Confirmed,jo bhi zimmedari di jaegi krege kaam active ho kar karenge,Insha,Not Received,Yes,,"Vill-
Landmark-
Panchayat-
Block-
District -
",,,Yes,,possible hai 200-300 logo ki sabha vistar se baat kr lege is vishay me Aram se,,,,,,,,,,,,,,,,,,,,
Ibtesham,Darbhanga,6. Madhubani,6.0,Madhubani,Keoti,,,श्री विजय झा,Member,5.0,,,Vijay Jha,,9472804046.0,Late Dilat Jha,"Vijay Jha | 9472804046 | Gen | Brahmin
Incumbent Sarpanch Chacha Pachadi",Gen,Brahmin,,Strong,Prakhand Mukhya Pravkata/ Upadhyaksh,Not Received,,,,,,,,,,,,,,,,,,,,,,,,,,,,,,,,
Ibtesham,Darbhanga,6. Madhubani,6.0,Madhubani,Keoti,,,,Released,Released,,,Ram Nath Sehni,,8340374287.0,Late Amiri Sahni,"Ram Nath Sahni | Male | EBC | Sahni
-Former Mukhiya of Banauli Panchayat",EBC,Mallah,,,DSC Member,Call Connected,Confirmed,zarur kaam krenge,,,,,,,,,,,,,,,,,,,,,,,,,,,,,,
Ibtesham,Madhubani,6. Madhubani,6.0,Madhubani,Madhubani,,,,Sanyojak,1.0,,,Jatadhar Paswan,,9430988178.0,,"-Former Block Pramukh  -Rahika 
-Bihar Natya Parishad - Founder
-Honoured By Padam Vibhushan ",SC,Dusadh,,,,,,,Insha,Call Connected,No,No,"Vill-
Landmark-
Panchayat-
Block-
District -
",,Not ready to open the office and he is out of station,No,,Ap Adhyaksh ji ko bolie sabha wo arrange karwaenge humlog sahyog kar denge sath me,,,,,,,Not Received ,,,,,,,,,,,,,
Ibtesham,Madhubani,6. Madhubani,6.0,Madhubani,Madhubani,,,,Sanyojak,2.0,,,Dipak Sah*,,7488997105.0,,"Dipak Sah | EBC | Teli 
-He is incumbent Up Pramukh of Pandaul Block
-Adhyaksh of Social Justice & Welfare
-Skill Development Trainer of Genetic Resource
- He is Very active socially. He helped many marginalized people during Covid and Flood effected areas. -He won BDC election on Non reserved seat
-He is actively participate in all the activities related to Jan Suraaj.",EBC,Teli,,Strong,,Call Connected,Confirmed,Ready to work in EMC,Insha,Not Received,Yes,,"Vill-
Landmark-
Panchayat-
Block-
District -
",,,Yes,,hum apne taraf se jitna log hoga Sahyog krenge lekin itni badi meeting hum akele organize nahi kar skte hai zila me sabhi logo se bat chal rahi hai iske baare me,,,,,,,Call Connected,Interested,26.0,- ZP Ka  Seat No. 26 Se Teyari Kar Rhe Hai.,,,,,,,,,,
Ibtesham,Madhubani,6. Madhubani,6.0,Madhubani,Madhubani,,,,Member,3.0,,1.0,Krishna Nand Mishra,,8298225496.0,,"Krishna Nand Mishra | 8298225496 | General | Brahmin


-Dharmik Ekta Trust (Loksabha Prabhari) 2022 to 2024
-Grand Father(Chaturanand Mishra was MP from Madhubani, 1996 to 1998",General,Brahmin,,Strong,,,,,Insha,Call Connected,No,,"Vill-
Landmark-
Panchayat-
Block-
District -
",,Not ready to open office,No,,Abhi hum sabha host nahi kar skte hai future me kabhi zarurat pari to krenge or youth club open ho jaega jagah hai,,,,,,,Call Connected,Not Interested,,,,,,,,,,,,
Ibtesham,Madhubani,6. Madhubani,6.0,Madhubani,Madhubani,,,,Member,4.0,,,Manish Manas,,9599750998.0,,"Manish Manas | Gen | Brahmin  
He Owns a Two  private School 
-Want to Contest ZP Election
-Iitian ",General,Brahmin,,Strong,,,,,Insha,Call Connected,Yes,Yes,"Vill- (town)
Landmark-Neelam Cinema hall
Panchayat-
Block-Raika
District -Madhubani
",,Jb yaha se jit jaye tb office khul jayga,Yes,,Find then give,,,,,,,Call Connected,Not Interested,,,,,,,,,,,,
Ibtesham,Madhubani,6. Madhubani,6.0,Madhubani,Madhubani,,,,Mahila,5.0,,,Meenu devi,,8969500449.0,,"Meenu Devi | GEN | Brahmin
- EX BDC in 2016
- BDC Runner up in 2021
Contested PACS Secured 433 Votes ",General,Brahmin,,Moderate,,Call Connected,Confirmed,Ready to work,,Switch Off,,,,,,,,,,,,,,,Not Received ,,,,,,,,,,,,,
Ibtesham,Madhubani,6. Madhubani,6.0,Madhubani,Madhubani,,,,Sanyojak,Released,,,Shamsul Haque Khan,,8292974301.0,,Block Pramukh Rahika (2001-06); Congress Jila Sangathan Mahasachiv (2012-Present),Minority,Muslim,,,,,,,,,,,,,,,,,,,,,,,Call Connected,Not Interested,,,,,,,,,,,,
Ibtesham,Madhubani,6. Madhubani,6.0,Madhubani,Madhubani,,,,Sanyojak,Released,,,Sarfaraz Alam,,9709888802.0,,"Former Loksabha Contestant; 
Incumbent Jan Suraaj District Vice President; 
Independent LS Contestant Madhubani 2024 (4623 Votes); Dentist; Conducting Free Dental Checkup Monthly",Minority,Muslim,,,Zila Upadhyaksh,,,,,,,,,,,,,,,,,,,,Call Connected,Interested,27.0,,,,,,,,,,,
Ibtesham,Madhubani,7. Jhanjharpur,7.0,Jhanjharpur,Babubarhi,,,,Sanyojak,1.0,,,Ram Narayan Pandit,,9631285429.0,Late. Ramvriksha Pandit,"Ram Narayan Pandit | Male |66 |EBC |Kumhar
-Former ZP (2011)
-Former District Vice President of JD-U
-Former Anumandal Adhyaksh",OBC,Suri,,Strong,Sangathan Zila Upadhyaksh,Call Connected,Confirmed,zaroor karege,Insha,Call Connected,No,No,"Vill-
Landmark-
Panchayat-
Block-
District -
",,Not ready to open office,,,"11/06/2026
Baithak Karne ke liye bole hain",,,,,,,Call Connected,Dicey,,,,,,,,,,,,
Ibtesham,Madhubani,7. Jhanjharpur,7.0,Jhanjharpur,Babubarhi,,,Babubarhi,Member,2.0,,,Rajesh Kumar Rai,,7903975768.0,,"EBC Sanyojak - JSP 
Former BDC 
",Gen,Bhumihar,,Moderate,,,,,Insha,,Yes,,"Vill-
Landmark-
Panchayat-
Block-
District -
",,,Yes,,,,,,,,,Call Connected,Not Interested,,Contest in Mukhiya,,,,,,,,,,
Ibtesham,Madhubani,7. Jhanjharpur,7.0,Jhanjharpur,Babubarhi,,,,Mahila,3.0,,,Renu devi,,9199407446.0,,"Renu Devi | Female | EBC | Badhai 
-Jeevika CM since 2016
-Connected with 350 families
Former RJD Member 
Planning to Contest ZP ",EBC,Badhai,,Moderate,,Call Connected,Confirmed,,,Call Connected,No,,,,,No,,Hum apke party me nahi rehna chhate hai mere pass itna time nahi rehta hai,,,,,,,Call Connected,Not Interested,,,,,,,,,,,,
Ibtesham,Madhubani,7. Jhanjharpur,7.0,Jhanjharpur,Babubarhi,,,,Yuva,4.0,,,Vijay Paswan,,8521855612.0,Ram Gulam Paswan,"Vijay Paswan | Male | SC | Paswan
-De facto PACS Prabandhan Samiti Sadasya",SC,Dusadh,,Moderate,,Call Connected,Confirmed,agree,Insha,Call Connected,Yes,,"Vill-
Landmark-
Panchayat-
Block-
District -
",After 2 months,,Yes,,Sabha host nahi kar skte hai youth club open ho jaega,,,,,,,Call Connected,Interested,34.0,,,,,,,,,,,
Ibtesham,Madhubani,7. Jhanjharpur,7.0,Jhanjharpur,Babubarhi,,,,Member,5.0,,,Ram Dayal Yadav,,7992337018.0,रामदेव यादव,"Ram Dayal Yadav | 7992337018 | OBC | Yadav
Incumbent PACS 2014- Current 
Former Ward Member 2001
Runner up Sarpanch 2006",OBC,Yadav,,Strong,,Call Connected,Confirmed,,Insha,Not Received,Yes,,"Vill-
Landmark-
Panchayat-
Block-
District -
",,,Yes,,Mujhe jo upar se aadesh milega hum krenge or apne taraf se hum 100 logo ko le kar ja skte hai,,,,,,,Not Received ,,,,,,,,,,,,,
Ibtesham,Madhubani,7. Jhanjharpur,7.0,Jhanjharpur,Babubarhi,,,,Sanyojak,Released,,,Sunil Mandal,,9939653035.0,Late. Dev Sundar Mandal,"""Sunil Mandal | 46 | Dhanuk| Male District Gen Secretary, RJD Ex EBC Wing Zila Adhyaksh 2004-07
 ZP Runner Babubarhi""",EBC,Dhanuk,,,Sangathan Zila Adhyaksh,,Confirmed,,,,,,,,,,,,,,,,,,,,,,,,,,,,,,,
Ibtesham,Madhubani,7. Jhanjharpur,7.0,Jhanjharpur,Babubarhi,,,,Sanyojak,Released,,,Ajit Kumar Roy,,9955738398.0,Ganga Rai,"Ajit Kumar Roy | 9955738398 | Ajit Kumar Roy | 47 | Male | EBC | Amat 
-Former Mukhiya (2016-2021)
-Jansuraaj Block General secratory
-Mukhiya Runner Up - 2021
-Former PACS Contestant, 2009
-Former JDU District Vice President EBC Cell ( 2019-2023)
-JDU Sewa Dal District President ( 2016-2019)
-Jan Suraaj Sanghatan Mahasachiv
-Jan Suraaj Block working Committee Member",EBC,Amat,,,Sangathan Zila Upadhyaksh,,Confirmed,,,,,,,,,,,,,,,,,,,,,,,,,,,,,,,
Ibtesham,Jhanjharpur,7. Jhanjharpur,7.0,Jhanjharpur,Jhanjharpur,,,श्री राजेश कुमार झा,Sanyojak,1.0,,,Rajesh Kumar Jha,,8882915559.0,,"Rajesh Kr Jha |45 | Male | General| Brahmin

-Distric President Congress Sevadal.
-Shri Jha's father served as the chairman 
of Jhanjharpur Nagar Parishad from 2002 to 2007, and also served as District President of the Congress Party.
-Belongs to a Prominent Brahminfamily.",Gen,Brahmin,,Strong,,Call Connected,Confirmed,inki sahmati hai puri tarah se,,Not Received,,,,,,,,,,,,,,,,,,,,,,,,,,,,
Ibtesham,Jhanjharpur,7. Jhanjharpur,7.0,Jhanjharpur,Jhanjharpur,,,श्री पवन ठाकुर,Yuva,2.0,,,Pawan Thakur,,8709143329.0,,"Pawan Thakur | 50 |OBC | Sonar 

- Former Mukhiya 2011
- Former Block President JD(U) 2012-2014",OBC,Sonar,,Moderate,Zila Upadhyaksh,Call Connected,Confirmed,,Insha,Call Connected,Yes,,"Vill-
Landmark-
Panchayat-
Block-
District -
",,He have no space in his house,Yes,,Think then give the name,,,,,,,,,,,,,,,,,,,,
Ibtesham,Jhanjharpur,7. Jhanjharpur,7.0,Jhanjharpur,Jhanjharpur,,,,,3.0,,,Nutan Devi,,9534154041.0,,"Nutan Devi
2 terms Sarpanch(2006 and 2011)
Her Husband is Consecutive 2 term Sarpanch (2016 and 2021)",,,,,,,,,,,,,,,,,,,,,,,,,,,,,,,,,,,,,,
Ibtesham,Jhanjharpur,7. Jhanjharpur,7.0,Jhanjharpur,Jhanjharpur,,,श्री दिलीप चौधरी,Member,4.0,,,Dileep Chaudhary,,8210219774.0,,"- Former RJD youth Secretary (2016-2019)
-Former BJP Prakhand Sachiv ",EBC,Kewat,,Strong,,Call Connected,Confirmed,,Insha,Not Received,Yes,,"Vill-
Landmark-
Panchayat-
Block-
District -
",,I called him 4 times and every time he cut my call,Yes,,Hum sabha pura host nahi kar skte hai 50-100 logo ko hum le kar ja skte hai,,,,,,,,,,,,,,,,,,,,
Ibtesham,Jhanjharpur,7. Jhanjharpur,7.0,Jhanjharpur,Jhanjharpur,,,श्रीमती वैदेही ठाकुर,Mahila,5.0,,,Vaidehi Thakur,,8298653315.0,,"Vaidehi Thakur | Female | EBC| Thakur

Jeevika CM (Community Mobilizer)
-Former  Mahila Prakhand Adhyaksh
",Gen,Bhumihar,,,,Call Connected,Confirmed,Ready to Take responsibility,,,,,,,,,,,,,,,,,,,,,,,,,,,,,,
Ibtesham,Jhanjharpur,7. Jhanjharpur,7.0,Jhanjharpur,Jhanjharpur,,,,Member,Released,,,Lalan Kamat,,9572909602.0,,"Lallan Kamat | 54 | Kewat | Male
-Incumbent 4th Term Sarpanch 2006, 2011, 2016, 2021
-Sarpanch Sangh District Vice President from 2021 to Till Date
-Sarpanch sangh Adhyaksha-Prakhand of From 2016 to till date 
-State Secretary of Akhil Bhartiya Kaiwart Kalyan Samiti
-Former District Secretary of RJD ( 2016 to 2019)
-Former Prakhand President of RJD (2010 to 2016)
-Former Prakhand GeneralSecretary of RJD (2008 to 2010)",EBC,Kewat,,,Prakhand Prabhari,Call Connected,Confirmed,jo bhi zimmedari milegi kam karne ko ready hai,Insha,Call Connected,Yes,,"Vill-
Landmark-
Panchayat-
Block-
District -
",,He is not ready but suggest someone else name (Gopal Yadav- 7004956915),Yes,,Sabha host nahi kar skte hai shamil ho jaenge hum,,,,,,,,,,,,,,,,,,,,
Ibtesham,Madhubani,7. Jhanjharpur,7.0,Jhanjharpur,Khajauli,,,श्री सचिन सिंह,Sanyojak,1.0,,1.0,Sachin Singh,,9835042037.0,,"Sachin Singh | Male | General | Rajput
-Incumbent Panchayat Samiti (2016 Till Date)
-Former Prakhand Pramukh (2016-2021)
-Former BJP Working Committee Member
-Director Real Estate Company
-Jan Suraaj State Working Committee Member",General,Rajput,,Strong,ACC,Call Connected,Confirmed,Inko BP ka chunav ladna hai aur kam krne ke liye tayyar hain thoda sa samay kam de payenge lekin chiunav type ki chijo me kam karenge,Karan,Not Received,Yes,,"Vill-
Landmark-
Panchayat-
Block-
District -
",,,Yes,,Club open ho jaega or sabha ka hum dekhte hai bt karke sabse btaenge,,,,,,,,,,,,,,,,,,,,
Ibtesham,Madhubani,7. Jhanjharpur,7.0,Jhanjharpur,Khajauli,,,श्रीमती रूपम कुमारी,Mahila,2.0,,,Rupam Kumari,,8210891948.0,राज कुमार सलहइता,"Rupam Kumari | 31| Female |OBC | Yadav

-Incumbent Mukhiya(2021 to Till Date)
-Incumbent District Mukhiya Sangh President
-Mother in Law Late Amla Devi former mukhiya (2016-2021)
-",OBC,Yadav,,Strong,ACC,Call Connected,Confirmed,,Karan,Call Connected,Yes,,"Vill-
Landmark-
Panchayat-
Block-
District -
",,Someone else pickup,Yes,,200 logo ki sabha hum apne taraf se karwa skte hai,,,,,,,,,,,,,,,,,,,,
Ibtesham,Madhubani,7. Jhanjharpur,7.0,Jhanjharpur,Khajauli,,,श्रीमती रीता सिंह,Mahila,3.0,,,Rita Singh,,7061165785.0,विजय कुमार सिंह,"Rita Singh | Vijay Singh |61 | Female | General | Rajput
-Former ZP (2001)
-Former INC District Mahila VP (2001-2011)
-Former ZP Contestant (2006 lost by 80 votes)
-BIGF District Trainer (2007-2010)
-Jan Suraaj Zila Mahila VP",General,राजपूत,,Strong,Sangathan Zila Mahila Adhyaksh,Call Connected,Confirmed,,,Call Connected,Need to take followup,,,,,Need to take followup,,Youth club ke lie hum jagah dekh kar apko batate hai or hum sabha host nahi kar skte hai,,,,,,,,,,,,,,,,,,,,
Ibtesham,Madhubani,7. Jhanjharpur,7.0,Jhanjharpur,Khajauli,,,श्री रामहर्ष राय,Member,4.0,,,Ramharsh Rai,,9771367638.0,गिरेन्द्र राय,"Ramharsh Rai | 35| General | Bhumihar 
- Defacto Mukhiya Contestant 2021.
- Former RJD BSC Member.",General,Bhumihar,,Moderate,Sangathan Zila Karyalay Prabhari,Call Connected,Confirmed,PK Se mile hai kl aur post k liye hi pk se milne aye the,Karan,Switch Off,Yes,,"Vill-
Landmark-
Panchayat-
Block-
District -
",,,Yes,,Itni badi sabha hum akele nahi host kar paenge,,,,,,,,,,,,,,,,,,,,
Ibtesham,Madhubani,7. Jhanjharpur,7.0,Jhanjharpur,Khajauli,,,श्री कुमार चाणक्य आलोक,Yuva,5.0,,,Kumar Chanakya Alok,,7079986549.0,,"Kumar Chanakya Alok | 35 | Male | EBC | Kanu | Entrepreneur
-CEO Swachhtech Industries
-Father is Incumbent Sarpanch (2021 Till Date)
-President Bihar Udyami Manch
-Received Achiever Award by Industrial Minister Bihar (2022)
-B.Tech ECE",EBC,Kanu,,Strong,,Call Connected,Confirmed,,Karan,Switch Off,Yes,,"Vill-
Landmark-
Panchayat-
Block-
District -
",,,Yes,,"hum sabha me shamil ho jaenge kuch logo ke sath sahyog kar denge host nahi kar skte hai""",,,,,,,,,,,,,,,,,,,,
Ibtesham,Madhubani,7. Jhanjharpur,7.0,Jhanjharpur,Khajauli,,,,Sanyojak,Released,,,Brajesh Raut,,9430949708.0,,"Brajesh Raut | 9430949708 | Bania | MLA Contestant

-Former MLA Contestant, 2010, Got 1000 votes, 2015, Got 2500 Votes & 2020, got 2500 Votes , Khajauli Constituency
-Former ZP Member ,2011 to 2016
-Former ZP Contestant ,2006
-Former LJP Business Cell District President(2004 to 2009)""",OBC,Bania,,,ACC,,Confirmed,,,,,,,,,,,,,,,,,,,,,,,,,,,,,,,
Ibtesham,Jhanjharpur,7. Jhanjharpur,7.0,Jhanjharpur,Laukaha,,,Laukahi,Sanyojak,1.0,,,Yugam Yadav,,9931069356.0,Shri Satyanarayan Yadav,"Yugam Kumar Yadav | 42 | Male | OBC| Yadav 

-Ex. Zila Sanyojak BJP IT Cell
-Ex. Mandal Mahamantri BJP",OBC,Yadav,,Strong,,,,,,,,,,,,,,,,,,,,,,,,,,,,,,,,,,
Ibtesham,Jhanjharpur,7. Jhanjharpur,7.0,Jhanjharpur,Laukaha,,,,Member,2.0,,,Rajesh Chand,,6200295481.0,,"Rajesh Chand | Male | OBC | Yadav
-Ex Defacto Block Pramukh (2010-2011)
-Incumbent Defacto BDC
-3 term BDC",OBC,Yadav,,Strong,,,,,Karan,Call Connected,Yes,,"Vill-
Landmark-
Panchayat-
Block-
District -
",,"Today famliy Function
 me  Hai log dekhne ke liye aane wale the aaiye ge tab to OR  jo codinater the youth club ke liye to kishar prbhari  me chale gaye ",Yes,,Hum bahar hai silligori ke taraf islie hum sabha host nahi kar skte hai agar ghar aa gaye to sabha me shamil ho jaenge,,,,,,,,,,,,,,,,,,,,
Ibtesham,Jhanjharpur,7. Jhanjharpur,7.0,Jhanjharpur,Laukaha,,,,Member,3.0,,,Dr Farooq Dilkash,,9931404944.0,,"Writer/Poet
Social Woker",Minority,Muslim,,Strong,,,,,,Call Connected,Need to take followup,,,,,Need to take followup,,Youth club ke lie dekhte hai jagah fir batate hai apko or sabha host nahi kar skte hai shamil ho jaenge meeting me,,,,,,,,,,,,,,,,,,,,
Ibtesham,Jhanjharpur,7. Jhanjharpur,7.0,Jhanjharpur,Laukaha,,,,Yuva,4.0,,,Ravindra Kumar Mandal,,9199246194.0,,"Ravindra Kumar Mandal | 41 | EBC | Dhanuk | Acc Prabhari | 9572950829
Attached with Kisan Union in Laukahi",EBC,Dhanuk,,Moderate,,,,,Karan,Call Connected,Yes,,"Vill-
Landmark-
Panchayat-
Block-
District -
",,Hame jankari nahi mila tha abhi pata chala to bataye ge Thoda samay de dijiy,Yes,,Youth club open ho jaega jagah hai lekin hum sabha host nhi kar skte hai time nikaal ke shamil ho jaenge,,,,,,,,,,,,,,,,,,,,
Ibtesham,Jhanjharpur,7. Jhanjharpur,7.0,Jhanjharpur,Laukaha,,,Laukahi,Mahila,5.0,,,Manisha Devi,,9955119442.0,Chandrabhushan Jhan Alias Raghav Ji,"Manisha Devi | 49 | GEN | Brahmin
- Incumbent Mukhiya of Bangama South 
- Mukhiya Runner up in 2016, lost by only 30 votes
-Currently she is single Brahmin Mukhiya in Laukaha Constituency
- Big Business Owner(Hero Agency, marketing complex in Laukahi and Nirmali)
- Her Daughter is Doctor (Completed MBBS in 2024)",General,Brahmin,,,Sangathan Zila Mahila Adhyaksh,Call Connected,Confirmed,Ready to work at vidhan,,,,,,,,,,,,,,,,,,,,,,,,,,,,,,
Ibtesham,Jhanjharpur,7. Jhanjharpur,7.0,Jhanjharpur,Laukaha,,,,Mahila,5.0,,,Anju Singh,,6207278675.0,विशाल सिंह,"Anju Singh | 32 | General | Rajput
Private Teacher - SN Public School 
- Prakhand Upadhyaksh     - JSP
   ""Club Coordinaor
Women Influencer & Mobiizer""",General,Rajput,,Moderate,,Call Connected,Confirmed,Jimmedari nibhayengi ye positive hain,Karan,Not Received,Yes,,"Vill-
Landmark-
Panchayat-
Block-
District -
",,,Yes,,Youth club open ho jaega jagah hai lekin hum sabha host nhi kar skte hai time nikaal ke shamil ho jaenge meeting me,,,,,,,,,,,,,,,,,,,,
Ibtesham,Jhanjharpur,7. Jhanjharpur,7.0,Jhanjharpur,Laukaha,,,,Yuva,Released,,,Md Sahnawaz,,8864067050,,"Md Sahnawaz | 37 | Male | Minority | Muslim
- JS Social Media Prabhari at block level
-  BDC Runner up in 2021
- Resigned from the Government Teacher.
- Active in jan suraj last 2 years.",Minority,Muslim,,,,,Confirmed,Youth Frontal Dist youth adhyakash,,,,,,,,,,,,,,,,,,,,,,,,,,,,,,
Ibtesham,Jhanjharpur,7. Jhanjharpur,7.0,Jhanjharpur,Phulparas,,,,Sanyojak,1.0,,1.0,Mahesh Mahan,,"9296481259
8709762647",,"Mahesh Mahan | 44 | Prakhand Mahamantri | 6260630620
His Father was a MLA Candidate 
Prominent Leader of Chaupal community 
 ",SC,Chaupal,,Moderate,,,,,Karan,Not Received,Yes,,"Vill-
Landmark-
Panchayat-
Block-
District -
",,,Yes,,Sabha host nahi kar skte hai youth club open ho jaega,,,,,,,,,,,,,,,,,,,,
Ibtesham,Jhanjharpur,7. Jhanjharpur,7.0,Jhanjharpur,Phulparas,,,,Member,2.0,,,Deepak Kumar jha,,8457412041.0,Ramesh Kumar Jha,"Deepak Kumar jha | 52 | General | Brahmin | Sanghathan Zila Kisan Adhiyaks | 7250308753

Incumbent 2 terms PACS President of Chikna Panchayat Ghoghardiha Prakhand
- Ex defato Up Mukhiya 2011-2016",General,Bhumihar,,Moderate,,,,,,Wrong Number,,,,,,,,,,,,,,,,,,,,,,,,,,,,
Ibtesham,Jhanjharpur,7. Jhanjharpur,7.0,Jhanjharpur,Phulparas,,,,Member,3.0,,,Pankaj Kumar Singh,,9939255290.0,Sushil Kumar Singh,"Pankaj Kumar Singh  | 9939255290 | General | Rajput
",General,Rajput,,Weak,,,,,,Call Connected,Need to take followup,,,,,Need to take followup,,,,,,,,,,,,,,,,,,,,,,
Ibtesham,Jhanjharpur,7. Jhanjharpur,7.0,Jhanjharpur,Phulparas,,,,Member,4.0,,,Kamal Dev Yadav,,7250055074.0,स्व. सीता राम यादव,"Kamal Dev Yadav | 7250055074 | OBC | Yadav
Former Upmukhiya 
Former Prakhand Adyaksh JDU
Former BDC  Contestant ",OBC,Yadav,,Moderate,,,,,Karan,Call Connected,Yes,,"Vill- Fulpras
Landmark-NH 57 Sahid Prameshwar Chouk
Panchayat-Fulpras  NP 
Block- Fulpras
District - Madhubani 
",,opening date bata dege abhi fix nahi huaa hai,Yes,,Youth club open ho jaega lekin hum sabha host nahi kar skte hai mera heart ka operation hua hai shamil ho jaenge hum sabha me,,,,,,,,,,,,,,,,,,,,
Ibtesham,Jhanjharpur,7. Jhanjharpur,7.0,Jhanjharpur,Phulparas,,,,Mahila,5.0,,,Runa Kumari,,6200704373.0,शिव शंकर कामत,"Runa Kumari | Female | EBC | Kevat
-""BDC Runner Up 2016
-2 time Ward Member
Ex- Prakhand Adyaksh of LJP""",EBC,Kewat,,Moderate,,Call Connected,,,,Call Connected,Need to take followup,,,,,Need to take followup,,Youth club ke lie hum jagah dekh kar apko batate hai or hum sabha host nahi kar skte hai,,,,,,,,,,,,,,,,,,,,
Ibtesham,Jhanjharpur,7. Jhanjharpur,7.0,Jhanjharpur,Phulparas,,,,Sanyojak,1 option,,,JK Mishra,,6202468693.0,,"""Business Woman

-M.D of  VMP Sports India Pvt. Ltd
-M.D Of Agro Pvt. Ltd
-Manpower Housekeeping Service Provider
-Director Of Behtar Jeevan Foundation, NGO
-Social Worker""",General,Brahmin,,Strong,ACC,,,,Karan,,Yes,,"Vill-
Landmark-
Panchayat-
Block-
District -
",,,Yes,,Youth club open ho jaega  or sabha me hum shamil ho jaenge host nahi kar skte hai puri sabha,,,,,,,,,,,,,,,,,,,,
Ibtesham,Jhanjharpur,7. Jhanjharpur,7.0,Jhanjharpur,Phulparas,,,,Sanyojak,Released,,,Raj Narayana Yadav,,8292536811.0,Late. Jhola Yadav,"Male | 63 | OBC | Yadav | RJD State Working Committee Member, Retd Govt Teacher (2007–2022), Former BRC Goghardiha, Jansuraaj Anumandal Pulparas President",OBC,Yadav,,,Sangathan Zila Adhyaksh,,Confirmed,,,,,,,,,,,,,,,,,,,,,,,,,,,,,,,
Ibtesham,Jhanjharpur,7. Jhanjharpur,7.0,Jhanjharpur,Rajnagar (SC),,,डॉ. सुरेंद्र दास,Sanyojak,1.0,,1.0,Dr Surendra Das,,9931633111.0,,"Dr Surendra Das | Male | SC
-Former ZP Rajnagar (2001-2006)
-Assistant Professor BSJ College
-District Vice President SC ST Karmchari Sangh
-BSP District President SC Cell",SC,Chamar,,Strong,ACC,Call Connected,Confirmed,haa kar sakte hai magar hum processor bhi hai to dono kam ko hi dekhn chahte hai is hisab se zimmedari dijiega ke dono nibha sake,Karan,Call Connected,Yes,,"Vill-
Landmark-
Panchayat-
Block-
District -
",,lage huye hai bahut jald opening kara dege,Yes,,100-200 tak hum sabha apne taraf se krwa skte hai or youth club open ho jaega jagah hai,,,,,,,,,,,,,,,,,,,,
Ibtesham,Jhanjharpur,7. Jhanjharpur,7.0,Jhanjharpur,Rajnagar (SC),,,श्री विजय मिश्रा,Member,2.0,,,Vijay Mishra,,7426841387.0,Late. Lakshman Mishra,"Vijay Mishra | 31 | General | Brahmin | Abhiyan Samiti Sanyojak | 8210162032
Vijay Mishra | 41 | Male | General| Brahmin.    
 
- Retired from Merchant Navy ",General,Brahmin,,Strong,,,,,Karan,Switch Off,Yes,,"Vill-
Landmark-
Panchayat-
Block-
District -
",,,Yes,,Club open ho jaega or sabha ka hum dekhte hai bt karke sabse btaenge,,,,,,,,,,,,,,,,,,,,
Ibtesham,Jhanjharpur,7. Jhanjharpur,7.0,Jhanjharpur,Rajnagar (SC),,,Ram dev yadav,Member,3.0,,,Manishankar Yadav s/o Ram dev Yadav,,7667457844.0,,"Manishankar Yadav | 44 | Male | OBC| Yadav
- Former Defacto Mukhiya runner-up 2016 and 2021",OBC,Yadav,,Strong,,Call Connected,Confirmed,haa bilkul tyyar hai,,,,,,,,,,,,,,,,,,,,,,,,,,,,,,
Ibtesham,Jhanjharpur,7. Jhanjharpur,7.0,Jhanjharpur,Rajnagar (SC),,,श्रीमती कांति कश्यप,Mahila,4.0,,,Kanti Kashyap,,6201121676.0,स्व. महेंद्र पासवान,"Kanti Kashyap | 32 | SC | Paswan
- Social Activist, since 2025
- Her Father was Sarpanch for 3 times; 2006, 2011 & 2020
- Her Father was Former ZP, 2001
- Her Father was LJP SC/ST Cell District President",SC,Paswan,,Strong,,Call Connected,Confirmed,,Karan,Not Received,Yes,,"Vill-
Landmark-
Panchayat-
Block-
District -
",,,Yes,,100-200 tak hum kar skte hai lekin uske lie bhi sadhan ka suvidha chaie logo ko le kar jane me,,,,,,,,,,,,,,,,,,,,
Ibtesham,Jhanjharpur,7. Jhanjharpur,7.0,Jhanjharpur,Rajnagar (SC),,,,Yuva,5.0,,,Imtiyaz khan,,9931597585.0,,"""Imtiyaz Khan | 43 | Male | Minority| Muslim

- - Samiti Runner Up and RJD Prakhand Adhyaksh in 2017 to 2019",Minority,Muslim,,Moderate,,Not Received,,,Karan,Call Connected,Yes,,"Vill-Chichree kanubo 
Landmark-Mointoll
Panchayat-Chichree Kanubo 
Block-Rajnagar 
District - Madhubani 
",,"Opening date Not fix 
Youth Club ki jankari mujhe nahi mila tha ",Yes,,hum abhi haryana me hai ghar par rehte to sabha host kar skte the,,,,,,,,,,,,,,,,,,,,
Ibtesham,Jhanjharpur,7. Jhanjharpur,7.0,Jhanjharpur,Rajnagar (SC),,,,Sanyojak,1.0,,,Laxmi Paswan,,9060583096‬,,"Laxmi Paswan | 36 | Female | SC | Paswan
-Social Worker helping Dalits get government benefits
-Works for education of poor children",,,,,,Call Connected,Confirmed,Party bhot naraj hai koi bhi role/post ko Occupy nhi krna chhati hai but JS Party ke saath hain.,,Not Received,,,,,,,,,,,,,,,,,,,,,,,,,,,,
Ibtesham,Jhanjharpur,7. Jhanjharpur,7.0,Jhanjharpur,Rajnagar (SC),,,,Sanyojak,Released,,,Lakshmi Kumari,,9060583096.0,,Social Worker helping Dalits in Govt Benefits & Education,,,,,ACC,,,,,,,,,,,,,,,,,,,,,,,,,,,,,,,,,
Ibtesham,Jhanjharpur,7. Jhanjharpur,7.0,Jhanjharpur,Rajnagar (SC),,,,Mahila,Released Mahila Mahamantri,,,Laxmi Chaudhary,,6202681460.0,Vinod Chaudhary,"Laxmi Devi | 51 | Female |EBC| Kevat 

- Former District Vice-President of JDU
- ZP Runner up in 2011 (Secured 5865 votes)
- Former District GS of JDU
- Founding member of the Samta Party
- Daughter-in-law of Former Socialist MLC Surya Narayan Chaudhary",EBC,Kevat,,,Zila Mahila Adhyaksh,Call Connected,Not Confirmed,kuch din phle hi parmandal adhyaksh bnaya gaya hai to is pad pe ni jur sakege,,,,,,,,,,,,,,,,,,,,,,,,,,,,,,
Ibtesham,Darbhanga,14. Darbhanga,14.0,Darbhanga,Alinagar,,,,Sanyojak,1.0,,1.0,Nihal Nath Chaudhary,Active,8676862588.0,Shree Radha Kant Choudhary,"Nihal Nath Choudhary | 45 | Male | General | Brahmin
-Runs Accountant Firm for 23 years
-B.Com
-Jan Suraaj Zila Spokesperson
-Author (Novel Writer)",General,Brahmin,,Strong,DSC Member,Call Connected,Confirmed,,Ketan,Switch Off,Yes,,"Vill-
Landmark-
Panchayat-
Block-
District -
",,,,,,,,,,,,,,,,,,,,,,,,,
Ibtesham,Darbhanga,14. Darbhanga,14.0,Darbhanga,Alinagar,,,,Member,2.0,,,Jay Prakash Singh,,9709950554.0,Ram chandra singh,"Jay Prakash Singh | Male | General | Rajput
-Former ZP Contestant (2016 got 4205 votes)
-Civil Contractor
-Social Worker (organises Durga Puja and helps poor)",General,Rajput,,Moderate,BSC Member,Call Connected,Confirmed,"Ready to work ,",,Not Received,,,,,,,,,,,,,,,,,,,,,,,,,,,,
Ibtesham,Darbhanga,14. Darbhanga,14.0,Darbhanga,Alinagar,,,,Member,3.0,,,Md Hazrat,,8091662184.0,Md Ahiya,"Md Hazrat | Male| Minority | Muslim
ZP contestants 2021
Mukhiya Contestants, 2016 ",Minority,Muslim,,Moderate,,Call Connected,Confirmed,jansuraak ke lie sakriya roop se kam kie hai or aage bhi jo kaam ya pad dia jaega usko puri imandari se krenge,,,,,,,,,,,,,,,,,,,,,,,,,,,,,,
Ibtesham,Darbhanga,14. Darbhanga,14.0,Darbhanga,Alinagar,,,,Yuva,4.0,,,Abhinandan Kumar Deb,Active,9199717218.0,Banarasi Lal Deo,"Abhinandan Kumar Deb | 38 | Male| EBC | Deohar

- Mukhiya Runner  (2021) Lost by 21 votes 
- Former BDC 2016
- Used to be involved in student politics through ABVP",EBC,Deohar,,Strong,Sangathan Zila Yuva Adhyaksh,Call Connected,Confirmed,,Ketan,Not Received,Yes,Yes,"Vill-
Landmark-
Panchayat-
Block-
District -
",,,Yes,,,,,,,,,,,,,,,,,,,,,,
Ibtesham,Darbhanga,14. Darbhanga,14.0,Darbhanga,Alinagar,,,,Member,5.0,,1.0,Hari Prakash,Active,9832071378.0,Badri Sinha,"Hari Prakash | Male | General
-Social Activist
-Ward Election Runner Up",Gen,Kayastha,,,BSC Member,Call Connected,Confirmed,Ready to work in EMC,,,,,,,,,,,,,,,,,,,,,,,,,,,,,,
Ibtesham,Darbhanga,14. Darbhanga,14.0,Darbhanga,Alinagar,,,,Mahila,6.0,,,Kranti Devi,,7079897116.0,Indrakant Singh,"Kranti Devi | 30 | Female | OBC | Kurmi
-District Mahila President Bhartiya Jan Jagaran Party",OBC,Kurmi,,Moderate,Prakhand Upadhyaksh,Call Connected,,,Ketan,Call Connected,Yes,Yes,"Vill- Sakatpur
Landmark-Sakatpur Market 
Panchayat- Pokhar bira
Block- Tadi
District - Darbhanga ",,Sunday ko,Yes,"8757151692 
इन्द्र कान्त सिंह",,,,,,,,,,,,,,,,,,,,,
Ibtesham,Darbhanga,14. Darbhanga,14.0,Darbhanga,Alinagar,,,,Member,Released,,,Manoj Choudhary,,9931938634.0,,"2 times Mukhiya Contestants , Social Activists , Good hold in his community.",,,,,,Not Received,,,,,,,,,,,,,,,,,,,,,,,,,,,,,,,,
Ibtesham,Darbhanga,14. Darbhanga,14.0,Darbhanga,Bahadurpur,,,,Sanyojak,1.0,,1.0,Amir Haider,Active,7715828589,Mohammad Anees Haider,"""Amir Haider | 40 | Male | Minority | Sheikh
- Businessman, having businesses in Saudi Arabia and Hyderabad - His father was Mukhiya (2001-2006)
- He is very active and participating in padyatra since last 1.5 years
- He is a cousin to Ali Ashraf Fatmi (Ex-MP Darbhanga)""",Minority,Muslim,,Strong,Zila Adhyaksh,Call Connected,Confirmed,,Ketan,Not Received,Yes,,"Vill-
Landmark-
Panchayat-
Block-
District -
",,,Yes,,unke swagat ke hi tyyari me lge hue hai dekhte hai kya kr pate h,,,,,,,,,,,,,,,,,,,,
Ibtesham,Darbhanga,14. Darbhanga,14.0,Darbhanga,Bahadurpur,,,,Member,2.0,,,Bharat Yadav,,9798201867,,"ASA Rashtriya Mahaschiv

-Former ASA Party, Rashtriya Mahaschiv & Zila Adhyaksh, 2024 To 2025
-Former Mithila Rashtra Sangharsh Samiti Kosha Adhyaksh
-Mithila University 4th Grade Workers Union President, 2020 To 2023
-Social Worker",OBC,Yadav,,,,,,,,,,,,,,,,,,,,,,,,,,,,,,,,,,,,
Ibtesham,Darbhanga,14. Darbhanga,14.0,Darbhanga,Bahadurpur,,,,Member,3.0,,,Moni Pathak,Active,6206049343,,"Incumbent BDC - 
Incumbent Uppramukh 
LL.B",General,Brahmin,,,,Call Connected,,Kuch der me baat karengi,,,,,,,,,,,,,,,,,,,,,,,,,,,,,,
Ibtesham,Darbhanga,14. Darbhanga,14.0,Darbhanga,Bahadurpur,,,,Member,4.0,,,Mangal Pradeep,,7982112894,Naresh Kumar Datta,"Enterpreneur

-BJP District Coordinator young Professional cell ( 2020-24)
-Honor by Yashashvi kisan award by Dainik Jagran
-Director of Navtrista India OPC Pvt Ltd
-Board of Director of Manigachimidas Food processing Unit
-Post Graduate",General,Kaysth,,,,Call Connected,Confirmed,Jila adhyaksh se discuss kar ke Post lenge,,,,,,,,,,,,,,,,,,,,,,,,,,,,,,
Ibtesham,Darbhanga,14. Darbhanga,14.0,Darbhanga,Bahadurpur,,,,Sanyojak,6.0,,,Vijay Singh,,7295033839.0,Late Dharmi Prasad Singh,"Vijay Singh | 7295033839 | 45 | Gen | Rajput | 2 times Ex Block Up Pramukh , 2 times Panchayat Samiti, Renowned Businessmen of Building material business
 -",General,Rajput,,,,,,,,Call Connected,,,,,,,,,,,,,,,,,,,,,,,,,,,,
Ibtesham,Darbhanga,14. Darbhanga,14.0,Darbhanga,Bahadurpur,,,,Zila Adyaksh,Released,,,Nirmal Kumar,,9031266926.0,Late Ram snehi Mishra,"Nirmal Kumar | 9031266926 | General | Bhumihar
Businessman

-Former Congress Member(2017 To 2020)
-Buisnessman
-Agriculture",General,Bhumihar,,,Prakhand Mukhya Pravkata/ Upadhyaksh,,,,,,,,,,,,,,,,,,,,,,,,,,,,,,,,,
Ibtesham,Darbhanga,14. Darbhanga,14.0,Darbhanga,Bahadurpur,,,,Yuva,Released,,,Ramakant Sah,Active,9110137157,Shri Raghunath Sah,"Ramakant Sah | EBC  |Teli
Mukhiya runner-up
Former Prakhand Upadhyaksh- JSP",EBC,Teli,,Moderate,Prakhand Upadhyaksh,Call Connected,Confirmed,Ready to take any position at JS ],Ketan,Call Connected,Yes,Yes,"Vill-
Landmark-
Panchayat-
Block-
District -
",,27 ko baat krte he aapse,Yes,,,,,,,,,,,,,,,,,,,,,,
Ibtesham,Darbhanga,14. Darbhanga,14.0,Darbhanga,Bahadurpur,,,,Yuva,Released,,,Saket Suman,,7091932911.0,Late Shivshankar choudhary,"Saket Suman | 7091932911 | Male 

10 Years working experience in Accounts and finance, 
Self Practitioner RAMS, Associates, 
Semi qualified C.A.",General,Bhumihar,,,BSC Member,Call Connected,Confirmed,,,,,,,,,,,,,,,,,,,,,,,,,,,,,,,
Ibtesham,Darbhanga,14. Darbhanga,14.0,Darbhanga,Benipur,,,,Sanyojak,1.0,,1.0,Lal Babu Yadav,,"9142201127
8298624563",,"Lal Babu Yadav | 9142201127|OBC| Yadav
""Former Mukhiya
-Former 2 Consecutive Terms  Mukhiya, 2011 To 2021
-Former Mukhiya Sangh Adhyaksh, 2016 to 2021
-Former Mukhiya Contestant, 2001 & 2006, Runner Up Both Times
-Former RJD Member, 1997 To 2022
-Former SP , Block President, 1990 To 1993""",OBC,Yadav,,Strong,,Call Connected,Confirmed,"Ready to work , and is saying called so many times by teams but havent given any post to him",,Not Received,,,,,,,,,,,,,,,,,,,,,,,,,,,,
Ibtesham,Darbhanga,14. Darbhanga,14.0,Darbhanga,Benipur,,,,Sanyojak,2.0,,1.0,Kamlesh Kumar Jha,,9911624829.0,,"Kamlesh Kumar Jha | Male | 46 | General | Brahmin | Teacher
""Teacher

-Director Of Private School, Guru Bhayi Smart School,  Benipur
-Runs a Coaching Centre Guru Bhai Coaching Institute, Benipur
-Trustee Of Guru Bhai Foundation
-Social Worker""",General,Brahmin,,,ACC,Call Connected,Confirmed,,,Not Received,,,,,,,,,,,,,,,,,,,,,,,,,,,,
Ibtesham,Darbhanga,14. Darbhanga,14.0,Darbhanga,Benipur,,,,Member,3.0,,,Prasoon Jha,Active,9934778546.0,Samarkanth jha,"Prasoon Jha | Male | General | Brahmin
- He was the  2 times  Defacto Chairman  from Nagar parishad. - Ex Election Incharge of RJD for Two Assembly.  - Ex JDU Block President. 
-Ex Prakhand Adhyaksh",General,Brahmin,,Strong,Prakhand Adhyaksh,Call Connected,Confirmed,,Ketan,Call Connected,Yes,,"Vill-
Landmark-
Panchayat-
Block-
District -
",,mere pass yesa koi jgh nhi he dekhte he Prakhand Adhyaksh se baat krta hu me,Yes,,distance zda h,,,,,,,,,,,,,,,,,,,,
Ibtesham,Darbhanga,14. Darbhanga,14.0,Darbhanga,Benipur,,,,Mahila,4.0,,,Sablo Khatoon,,8757159643.0,Heera,"Sablo Khatoon  | 8757159643 | Minority | Muslim
""- ZP runner-up (2016)
-Former BDC Member (2006 to 2011)
-Former Ward Member (2001 to 2006)""",Minority,Muslim,,Strong,Sangathan Zila Mahila Adhyaksh,Call Connected,Confirmed,"thoda naraj hain inko candidate ki taraf se koi support ni mila election men ,  aur koi financial support ni mila koi",,Call Connected,Need to take followup,,,,,Need to take followup,,,,,,,,,,,,,,,,,,,,,,
Ibtesham,Darbhanga,14. Darbhanga,14.0,Darbhanga,Benipur,,,,Member,5.0,,,Lal Bahadur Sahani,Active,8521062332.0,Late Bahur Sahni,"Former  Mukhiya from Pohaddi West  (2006 to 2011). 
 Mukhiya Runner-up in 2011. 
Seat Reserve will Contest in 2026 
 ",EBC,Mallah,,Strong,,,,,Ketan,Not Received,Yes,Yes,"Vill-
Landmark-
Panchayat-
Block-
District -
",,,Yes,,,,,,,,,,,,,,,,,,,,,,
Ibtesham,Darbhanga,14. Darbhanga,14.0,Darbhanga,Benipur,,,,Member,Released,,,Rajeev Singh,,9113412767.0,,"Former Mukhiya - Sher Bijuliya 
Mukhiya Contested 2011 ",General,Rajput,,Strong,,,,,Ketan,Not Received,Yes,,"Vill-
Landmark-
Panchayat-
Block-
District -
",,,Yes,,Thora pahle bolte to sambhav tha,,,,,,,,,,,,,,,,,,,,
Ibtesham,Darbhanga,14. Darbhanga,14.0,Darbhanga,Darbhanga,,,,Sanyojak,1.0,,1.0,Kanhaiya Deo,Active,9431451095.0,Purushottam Prasad Deo Saroj,"-Jan 2024 Retired-(Bihar Education Service)
-In-charge Principal - Teacher Training College, District Institute of Education and Training (D.I.E.T), Block Institute of Education and Training (B.I.E.T)
-In-charge Principal - District School / Buniyadi Vidyalaya",General,Bhumihar,,,,,,,Ketan,Switch Off,Yes,Yes,"Vill-
Landmark-
Panchayat-
Block-
District -
",,incoming call,Yes,,,,,,,,,,,,,,,,,,,,,,
Ibtesham,Darbhanga,14. Darbhanga,14.0,Darbhanga,Darbhanga,,,,Sanyojak,2.0,,,Pawan Chaudhary,,9431253076.0,Late Sarv Narayan Chaudhary,"Pawan Chaudhary | 58 | Male | General | Brahmin
-  2 Terms Former Mukhiya (2006 - 11, 2011-16) 
- Mukhiya Sangh District President (2006 - 11) 
- Bar Association Secretary (1992 - 1996) 
- 3 times Congress working committee President 
- Former Youth Congress District President 
- Former Seva Dal District President 
-Dealer Association District President 1990 - 1994",General,Brahmin,,Strong,,,,,,Not Connected,,,,,,,,,,,,,,,,,,,,,,,,,,,,
Ibtesham,Darbhanga,14. Darbhanga,14.0,Darbhanga,Darbhanga,,,,Yuva,3.0,,,Vinod Sahni,Active,9123488650.0,Late Bahadur Sahni,"Vinod Sahni | Male | EBC | Sahni
-Social Activist
- Former BDC",EBC,Mallah,,Moderate,,Call Connected,Confirmed,,Ketan,Call Connected,Yes,Yes,"Vill-
Landmark-
Panchayat-
Block-
District -
",,jagah nhi he mere paas,Yes,,Agree hain lekin kuch time chahiye ta ke Soch samjh ke sari chiz ko kar sake,,,,,,,,,,,,,,,,,,,,
Ibtesham,Darbhanga,14. Darbhanga,14.0,Darbhanga,Darbhanga,,,,Mahila,4.0,,,Meenakshi Kumari,,7066722479.0,Suman Kumar Chaudhary,"Meenakshi Kumari | Female | Yadav
-Owner Bright Future Place School (2016)
-Runs two kids schools
-Husband works as Manager in MNC",General,Brahmin,,Moderate,Prakhand Mahila Adhyaksh,Call Connected,Confirmed,Option ho sakti hai,Ketan,Call Connected,Yes,,"Vill-
Landmark-
Panchayat-
Block-
District -
",,Jagah nhi he,Yes,,ni possible nhi,,,,,,,,,,,,,,,,,,,,
Ibtesham,Darbhanga,14. Darbhanga,14.0,Darbhanga,Darbhanga,,,,Member,5.0,,,Vishwambhar Paswan,Active,7667437775.0,Late Shiwaji Paswan,"Vishwambhar Paswan | 7667437775 | SC | Paswan
- EX ward parshad ward 23
social worker 
active in politics""",SC,Paswan,,Moderate,Prakhand Abhiyaan Samiti sanyojak,Call Connected,Confirmed,jansuraaj ke lie,Ketan,Not Received,Yes,,"Vill-
Landmark-
Panchayat-
Block-
District -
",,,Yes,,itta jldi me toushkil h hmko to bola b ni k PK aa rhe hai,,,,,,,,,,,,,,,,,,,,
Ibtesham,Darbhanga,14. Darbhanga,14.0,Darbhanga,Darbhanga,,,,,Released,,,Shoaib Ahmed Khan,,8002970477.0,,"Shoaib Ahmed Khan | 52 | Male | Minority | Pathan
-Former Vice President Wajib Adhikar Party",Minority,Muslim,,,DSC Member,Call Connected,Confirmed,Ready to work,,,,,,,,,,,,,,,,,,,,,,,,,,,,,,
Ibtesham,Darbhanga,14. Darbhanga,14.0,Darbhanga,Darbhanga,,,,,Released,,,Pratyush Purvey,,,,,,,,,,,,,,,,,,,,,,,,,,,,,,,,,,,,,,,,,,
Ibtesham,Darbhanga,14. Darbhanga,14.0,Darbhanga,Darbhanga,,,,,Released,,,Shambhu Sah,,7352280565.0,,"""Shambhu Sah  | 7352280565 | Male | 37 | EBC  | Teli 

- Former Block Pramukh (2021-2023)
- Incumbent BDC (2021)
- BDC (2016)
- Former Panchayat Adhyaksh, BJP (2016-21)
- Former Zila Mahamantri, EBC Morcha, BJP (2021-23)""""""",EBC,Teli,,,,Call Connected,Confirmed,Zaroor kaam krenge,,,,,,,,,,,,,,,,,,,,,,,,,,,,,,
Ibtesham,Darbhanga,14. Darbhanga,14.0,Darbhanga,Darbhanga,,,,,Released,,,Faiz Mohammad,,8804376786.0,Late Md. Ayub,"Faiz Mohammad | 41 | Minority | Muslim

 - Incumbent Sarpanch
- Sarpanch Sang President (2021- Present)
- Sarpanch Sangh Dist Spokeperson
- Panchayat from which he comes has a Population of 21k Muslims.",Minority,Sheikh,,,,,,,,Call Connected,,,,,,,,Jila Committee,,,,,,,,,,,,,,,,,,,,
Ibtesham,Darbhanga,14. Darbhanga,14.0,Darbhanga,Darbhanga Rural,,,,Sanyojak,1.0,,,Rekha Devi,,9939052087 / 9135862998,,"Rekha Devi | Female | EBC | Dhanuk
-Two term Mukhiya (2016-2022)
-Former Panchayat Samiti Member (2011-2016)
-Husband is Government Teacher",EBC,Dhanuk,,Strong,,Call Connected,Confirmed,,,Not Received,,,,,,,,,,,,,,,,,,,,,,,,,,,,
Ibtesham,Darbhanga,14. Darbhanga,14.0,Darbhanga,Darbhanga Rural,,,,Sanyojak,2.0,,,Md Aqib Nazer,,7730031415.0,,"Md Aqib Nazer | 31 | Male | Minority | Sheikh
-Former MANUU Hyderabad Student Union Vice President (2015-2016)
-Businessman
-Jan Suraaj State Working Committee Member",Minority,Muslim,,,DSC Member,Call Connected,Confirmed,,,,,,,,,,,,,,,,,,,,,,,,,,,,,,,
Ibtesham,Darbhanga,14. Darbhanga,14.0,Darbhanga,Darbhanga Rural,,,,Sanyojak,3.0,,,Kedar Sah,,9110124768.0,,"Kedar Sah | Male | OBC | Sah
-Former 3 term Mukhiya (2006-2021)
-Director Apolla International School
-Real Estate Business
-Owns Market Complex
-Jan Suraaj State Working Committee Member",OBC,Teli,,,Zila Upadhyaksh,Call Connected,Confirmed,,,,,,,,,,,,,,,,,,,,,,,,,,,,,,,
Ibtesham,Darbhanga,14. Darbhanga,14.0,Darbhanga,Darbhanga Rural,,,,Yuva,4.0,,1.0,Prashant Kumar,,8882292213.0,Randhir kumar singh,"Prashant Kumar | 36 | Male | General | Rajput
-Defacto ZP Candidate
-Former JDU Sewa Dal President
-Former JDU Yuva Mahasachiv
-Former JDU Block Vice President",GEN,Rajput,,Strong,DSC Member,Call Connected,Confirmed,haa bilkul kam karege sath me jo b zimmedari milegi,Ketan,Call Connected,Yes,,"Vill-
Landmark-
Panchayat-
Block-
District -
",,Jagah to he lekin abhi me bohot busy hu 1 month ke liye Patna me hu,Yes,,ni ho paegi,,,,,,,,,,,,,,,,,,,,
Ibtesham,Darbhanga,14. Darbhanga,14.0,Darbhanga,Darbhanga Rural,,,,Member,5.0,,,Madni Wadood,Active,8521493558.0,Late Abdul Wadood,"Madni Wadood | 8521493558 | Minority | Muslim
Former Sarpanch, 
ex ZP contestant",Minority,Muslim,,,Sanghatan Zila Upadhyaksh,,,,Manisha,Call Connected,Yes,,"Vill-
Landmark-
Panchayat-
Block-
District -
",,"1,2 din mai bata denge",Yes,,,,,,,,,,,,,,,,,,,,,,
Ibtesham,Darbhanga,14. Darbhanga,14.0,Darbhanga,Darbhanga Rural,,,,,Released,,,Noorul Huda,,9934669941.0,,"Incumbent Mukhiya

-Incumbent Mukhiya(2021 to Till Date)
-Former ZP Contestant(2006 & 2011)
-Former MLC Contestant, Darbhanga , 2009 , got 1210 Votes
-Former JDU Member(2009 to 2023)
-Former RJD Member(2000 to 2008)
-Jan Suraaj Prakhand Prabhari
-Brick Klin  Business
-Hardware and Welding Business
-Runs a Nursing Home",Minority,Muslim,,,,,,,,,,,,,,,,,,,,,,,,,,,,,,,,,,,,
Ibtesham,Darbhanga,14. Darbhanga,14.0,Darbhanga,Gaura Bauram,,,,Sanyojak,1.0,,1.0,Dr Md Iftekhar Alam,Active,8340339009,,"Dr Md Iftekhar Alam | 47 | Male | Minority | Sheikh
-Former 2 term ZP Contestant (2016 got 1800 votes 2021 got 1200 votes)
-Former Congress Youth General Secretary (2009-2010)
-Runs Dental Clinic
-BDS
-Jan Suraaj State Core Committee Member and Prakhand Prabhari",Minority,Muslim,,Strong,,Call Connected,Confirmed,,Manisha,Call Connected,Yes,,"Vill-
Landmark-
Panchayat-
Block-
District -
",,29 /06/26 call back kijiye,Yes,,baat kar ke tab batayenge,,,,,,,,,,,,,,,,,,,,
Ibtesham,Darbhanga,14. Darbhanga,14.0,Darbhanga,Gaura Bauram,,,,Target List,2.0,,,Devkant Sahani,,8969797208.0,," Devkant Sahni |55| Male | EBC |Mallah 
-Former De-facto ZP Member (2006-11) 
-De-facto Mukhiya (2021- till date)
- Former RJD Zila Sachiv (2018 - 2019) 
-Former RJD Block President (2008 - 2018)",EBC,Mallah,,,,Call Connected,Confirmed,thoda samay chahiye sochne ke liye uske baad jawab denge kaam karne ke liye taiyar hain,,,,,,,,,,,,,,,,,,,,,,,,,,,,,,
Ibtesham,Darbhanga,14. Darbhanga,14.0,Darbhanga,Gaura Bauram,,,,Member,3.0,,,Akhtar Ali,Active,9162931100.0,Abdul Rajjak,"Akhtar Ali | 9162931100 | Gen | Shaikh
- UP Pramukh
- Incumbent BDC
- Mukhiya Candidate 2016""",Gen,Shaikh,,,Sanghatan Zila Kisan Adhyaksh,Call Connected,Confirmed,Phle bhi kaam kiye hain ab bhi kaam karenge,Manisha,Call Connected,Yes,Yes,"Vill-
Landmark-
Panchayat-
Block-
District -
",,4 baje bat kriyega busy hai,Yes,,,,,,,,,,,,,,,,,,,,,,
Ibtesham,Darbhanga,14. Darbhanga,14.0,Darbhanga,Gaura Bauram,,,,Member,4.0,,,Chano Devi,,8292632221.0,Veervar Sahoo,"Chano Devi | 8292632221 | EBC | Teli
Incumbent Panchayat Samiti",EBC,Teli,,,Sangthan Zila Mahasachiv,Call Connected,Confirmed,Phle bhi bahut kaam ki hui hain aage bhi karengi,,,,,,,,,,,,,,,,,,,,,,,,,,,,,,
Ibtesham,Darbhanga,14. Darbhanga,14.0,Darbhanga,Gaura Bauram,,,,Yuva,5.0,,,Jeevan Mukhiya,,7988592613.0,Raju Mukhiya,"Jeevan Mukhiya | 33 | Male | EBC | Mallah
-Son of Ex Mukhiya (2006-2016)
-Active in RJD youth politics since 2014
-Sangathan collaborator
-Rural education advocate
-Former BJP Prakhand Upadhyaksh (2020-2022)",EBC,Mallah,,Moderate,,Call Connected,Confirmed,pehle bhi kie hai aage bhi jo bhi zimmedari di jaegi us par sakriye rhenge,Manisha,Call Connected,Need to take followup,,"Vill-
Landmark-
Panchayat-
Block-
District -
",,,Yes,,distance bht zda h 40km possible nhi,,,,,,,,,,,,,,,,,,,,
Ibtesham,Muzaffarpur,15. Muzaffarpur,15.0,Muzaffarpur,Aurai,,,,Sanyojak,1.0,,,Manish Kumar alias Baba,,7549665172.0,Surendra prasad singh,,General,Bhumihar,,,,,,,,,,,,,,,,,,,,,,,,,,,,,,,,,,,,
Ibtesham,Muzaffarpur,15. Muzaffarpur,15.0,Muzaffarpur,Aurai,,,Zila Sachiv,Member,2.0,,,Md. Saifi*,,9693393926.0,स्व. मोहम्मद शोएब,"Md. Saifi | Male | 45 | Minority

-Block President
 -Former Independent MLA contestant in 2015; secured 4th position.
 -His father was a Cooperative Chairman and **JDU Zila Upadhyaksha**.
",Minority,Muslim,,,,Call Connected,Confirmed,Actively Working  work with JSP at any Level,Manisha,Call Connected,Yes,Yes,"Vill- madhuvan
Landmark- madhuvan bazar
Panchayat- bangav north
Block- baispatti
District - sitamadhi
",15/07/2026,,Yes,"VISHAL KUMAR
7258915340
",100-150 log mere taraf se rhenge,,,,,,,,,,,,,,,,,,,,
Ibtesham,Muzaffarpur,15. Muzaffarpur,15.0,Muzaffarpur,Aurai,,,,Member,2.0,,,Abinash Jha,,8588888212.0,,"Abinash Jha | Male | 38 | General |  Brahmin | Entrepreneur

-Runs a Hotel in Nainital
-Real Estate Consultant
-Runs a BPO also
-Prominent Social Worker(Community Services During Durga Puja, Provide Medical Assistance to Needy Ones)
-Arranged Food For Stray Animals and Provide Vetanary Services Also",General,Brahmin,,,,,,,,,,,,,,,,,,,,,,,,,,,,,,,,,,,,
Ibtesham,Muzaffarpur,15. Muzaffarpur,15.0,Muzaffarpur,Aurai,,,,Member,3.0,,,Md Qamar Alam Tamanna,,9801661959.0,Md Kasim Ali,"Md Qamar Alam Tamanna | Minority | Minority
Mukhiya

-Former 2 Terms Mukhiya, 2001 To 2006 & 2011 To 2016
-Former Mukhiya Contestant, 2021 , 2016 & 2006, Got 904, 905 & 901 Votes
-Former BJP Member, 1995 To 2022
-Former BJP MLA Representative, 2010 - 2015
-Jan Suraaj Zila Abhiyaan Sanyojak",Minority,Minority,,,,Call Connected,Confirmed,He is ready to take poition,Manisha,Call Connected,Yes,Yes,"Vill- MISHRAULIYA
Landmark- AIRTEL TOWER
Panchayat- BHALURA
Block- ARAI
District - MUZZAFARPUR
",2026-08-15 00:00:00,,Yes,,YOUTH CLUB K LIYE INSE BAT KRKE BTAENGE,,,,,,,,,,,,,,,,,,,,
Ibtesham,Muzaffarpur,15. Muzaffarpur,15.0,Muzaffarpur,Aurai,,,,Member,3.0,,,Fahad Azam*,,9934207299.0,,"Fahad Azam | 42 | Male | Minority | Muslim
-Incumbent Sarpanch and Sarpanch Sangh Prakhand President (Katra)
-District Spokesperson Sarpanch Sangh
-Former JDU Youth President Katra",Minority,Muslim,,,Former Zila Abhiyan Samiti Sanyojak From JS,Busy,,,,Call Connected,Need to take followup,,,,,Need to take followup,,Hum sabha host nahi karwa skte hai or youth club ke lie hum bata denge apko,,,,,,,,,,,,,,,,,,,,
Ibtesham,Muzaffarpur,15. Muzaffarpur,15.0,Muzaffarpur,Aurai,,,,Mahila,3.0,,,Pooja Gupta*,,9709623882.0,Santosh Gupta,"Pooja Gupta | Male | 40 | OBC | Kanu

- JSP State Core Committee Member.
- His mother-in-law served as JDU Zila Mahasachiv for 15 years and was also Zila Adhyaksh of the Vaisya community.
- Active in local social and political activities in the region.
- Associated with organizational and community outreach work within JSP.
- Former Ward Sadasya.
",OBC,Baniya,,,,Call Connected,Confirmed,Actively Working  work with JSP,Manisha,Call Connected,Need to take followup,,"Vill-
Landmark-
Panchayat-
Block-
District -
",,,Yes,,Youth club open ho jaega dikkat nahi hai lekin sabha host nahi ho paega hum sabha me apne taraf se kuch logo ke sath shamil ho jaenge,,,,,,,,,,,,,,,,,,,,
Ibtesham,Muzaffarpur,15. Muzaffarpur,15.0,Muzaffarpur,Aurai,,,,Mahila,4.0,,,Indu kunwar,,9709623882.0,Santosh Gupta,"Indu Kunwar | 43 | Female | EBC | Kanu
-Former Zila Parishad (2011-2016 got 16000 votes second highest in Bihar)
-Former JDU District General Secretary Muzaffarpur (2019-2022)
-District Vice Adhyaksh Kanu Samaj
-Mother Sumitra Devi was 3 term Mukhiya (2001-2016)
-Father was Director Bhumi Vikas Bank for 25 years",EBC,Kanu,,,DSC Member,Call Connected,Confirmed,jo bhi zimmedari milegi jansuraaj ke taraf se usko sakriya ho kar krenge kishan adyaksh ka member bhi banaya gya hai mujhe,Rahul,Not Received,Yes,,"Vill-
Landmark-
Panchayat-
Block-
District -
",,,Yes,,Youth club open ho jaega dikkat nahi hai lekin sabha host nahi ho paega hum sabha me apne taraf se kuch logo ke sath shamil ho jaenge,,,,,,,,,,,,,,,,,,,,
Ibtesham,Muzaffarpur,15. Muzaffarpur,15.0,Muzaffarpur,Aurai,,,,Member,4.0,,,Mani Bhushan Singh*,,6200364572.0,,"Mani Bhushan Singh | 45 | Gen | Bhumihar

- Former JSP Club coordinator.
- Wants to contest ZP.
- Former Independent MLA contestant in 2021 and received 10k votes.
",General,Bhumihar,,,,Call Connected,Confirmed,,Rahul,Call Connected,Yes,,"Vill-Bisanpur Jagdish 
Landmark-Kamlu Singh ji ka Dhaba
Panchayat-Awri
Block-Awarai
District -Muzzfarpur 
",,2 din baad lga denge banner,Yes,Md.Musaid :- 8252008112,hum apne taraf se 100 log tak le kar ja skte hai pehle bhi bht bar hum sabha host kie the,,,,,,,,,,,,,,,,,,,,
Ibtesham,Muzaffarpur,15. Muzaffarpur,15.0,Muzaffarpur,Aurai,,,,,5.0,,,Gap,,,,,,,,,,,,,,,,,,,,,,,,,,,,,,,,,,,,,,,,,,
Ibtesham,Muzaffarpur,15. Muzaffarpur,15.0,Muzaffarpur,Aurai,,,,Member,5.0,,,Pankaj Kumar Singh*,,9934953114.0,Late Ishwar Das,"Pankaj Kumar Singh|52|
-  Former JSP DSC member 
- Working in JSP for 2 years. ",General,Bhumihar,,,,Call Connected,Confirmed,,Rahul,Call Connected,Yes,,"Vill- Rajkhand 
Landmark-Akka Bazar
Panchayat- Rajkand North
Block- Aurai
District -Muzzfarpur 
",,Banner nhi lagaye h avi lga denge,Yes,,Sabha host nahi kar skte hai sahyog krenge jitna ho paega humse or youth club open ho jaega jagah hai,,,,,,,,,,,,,,,,,,,,
Ibtesham,Muzaffarpur,15. Muzaffarpur,15.0,Muzaffarpur,Aurai,,,,Sanyojak,Released,,,Pramod Kumar Chaudhary,,9934960655.0,पृथ्वी चंद चौधरी,"Pramod Kumar Chaudhary | 55 | Male | OBC | Kalwar
-Incumbent ZP (2021 Till Date)
-Former Mukhiya Contestant (2011)
-Jaiswal Chaurasi Sangh Adhyaksh
-Founder Subhash Chandra Bose Yuva Sangh",OBC,Kalwar,,,Zila Upadhyaksh,Call Connected,Confirmed,Ashok Singh has convinced him to take responsibility,Rahul,Call Connected,Yes,,"Vill-
Landmark-
Panchayat-
Block-
District -
",,he is not agree,Yes,,Hum sabha host nahi kar skte hai or iske bare me mujhe 20-25 call aa gaya hai hum 1 hi bat kitne logo ko btae aplog apna system shi krie pehle,,,,,,,,,,,,,,,,,,,,
Ibtesham,Muzaffarpur,15. Muzaffarpur,15.0,Muzaffarpur,Bochaha (SC),,,,Sanyojak,1.0,,1.0,Rajgir Ram,,"9801732596
9955973913",,"Rajgir Ram | Male | SC | Ram
-Former ZP Contestant (2011 2016 2021)
-Former Defacto ZP (2001-2006)
-Former BJP Media Prabhari",SC,Ram,,,,Call Connected,,"32 Minapur ZP Laqdenge 

Pk se khud bat hui hai aur puri dedication karenge 
Dilip se bhi inke bete se bat hui h tayyat\r gh",Rahul,Not Received,Yes,,"Vill-
Landmark-
Panchayat-
Block-
District -
",,,Yes,,sabha ke bare me hi discuss kar rhe hai humlog batate hai apko sblog se bat kar ke,,,,,,,,,,,,,,,,,,,,
Ibtesham,Muzaffarpur,15. Muzaffarpur,15.0,Muzaffarpur,Bochaha (SC),,,,Member,2.0,,,Kundan Singh,,9931967886.0,Late Nand Kishore Prashad Singh,"Kundan Singh | General | Rajput
Former  two term Mukhiya runner-up 
Pacs chairman .",General,Rajput,,,Prakhand Adhyaksh,Busy,,,Rahul,Not Received,Yes,,"Vill-Kodariya
Landmark-Kodariya kacahari
Panchayat-Harper
Block-meenapur 
District -Muzzfarpur 
",,,Yes,,200-300 logo tak ka sabha hum karwa skte hai,,,,,,,,,,,,,,,,,,,,
Ibtesham,Muzaffarpur,15. Muzaffarpur,15.0,Muzaffarpur,Bochaha (SC),,,,Member,2.0,,,Nitishwar Kumar,,9934988413.0,Late Ramshobhit Rai,"Nitishwar Kumar | 9934988413 | OBC | Yadav
- District vice President of  Congress  
- Former Mukhiya of Sahila Rampur (2011-2016)
- Mukhiya runnerup in 2021",OBC,Yadav,,,Prakhand Adhyaksh,Switch Off,,,Rahul,Call Connected,Yes,,"Vill-Shahidarampur
Landmark-Ram Shovit ray Dharam saala
Panchayat-Shahila rampur 
Block-Gochaha
District -Muzzfarpur 
",,"office ja jagah de diye h ab aap log banner lagaiye, Ac lagaiye ,pankha lagayi jo krna h aa kr khud kriye",Yes,,Hum zila Adyaksh hai hum hi yaha saara intezaam dekh rhe hai,,,,,,,,,,,,,,,,,,,,
Ibtesham,Muzaffarpur,15. Muzaffarpur,15.0,Muzaffarpur,Bochaha (SC),,,,Mahila,3.0,,,Geeta Devi,,Rajgeer ram number  denge,,Former ZP,,,,,,,,,,,,,,,,,,,,,,,,,,,,,,,,,,,,,,
Ibtesham,Muzaffarpur,15. Muzaffarpur,15.0,Muzaffarpur,Bochaha (SC),,,,,3.0,,,Rekha Devi,,7061155119.0,विपिन पासवान,Former ZP,,,,,,,,,,,,,,,,,,,,,,,,,,,,,,,,,,,,,,
Ibtesham,Muzaffarpur,15. Muzaffarpur,15.0,Muzaffarpur,Bochaha (SC),,,,Member,3.0,,,Md Aslam,,,Late Mansoor Alam,,Minority,Muslim,,,Prakhand Abhiyaan Samiti Member,Not Received,,,,,,,,,,,,,,,,,,,,,,,,,,,,,,,,
Ibtesham,Muzaffarpur,15. Muzaffarpur,15.0,Muzaffarpur,Bochaha (SC),,,,Member,4.0,,,Devendra Sahni,,9973200107.0,,"   Male        50        EBC        Mallah
- Incumbent Sarpanch",,,,,,,,Need Intervatio,,,,,,,,,,,,,,,,,,,,,,,,,,,,,,
Ibtesham,Muzaffarpur,15. Muzaffarpur,15.0,Muzaffarpur,Bochaha (SC),,,,Member,5.0,,,Narendra Jha,,9471667251/ 9546361851,Late Akhileshwar Jha,"52	General	Brahamin	""Dist Co Ordinator of BJP
PACS President (2009-19) """,,,,,,,,Need Intervatio,,,,,,,,,,,,,,,,,,,,,,,,,,,,,,
Ibtesham,Muzaffarpur,15. Muzaffarpur,15.0,Muzaffarpur,Gaighat,,,,Sanyojak,1.0,,,Manish Bharadwaj,,7004543534.0,,"Manish Bharadwaj | Male | General | Brahmin 
-Former Mukhiya",General,Brahmin,,,,Not Received,,,Rahul,Call Connected,Yes,,"Vill-
Landmark-
Panchayat-
Block-
District -
",,yeh bol rhe h zila Adhayakh ji se baat kr lene k liye iss wisay me,Yes,,100-200 tak ka hum sabha karwa skte hai,,,,,,,,,,,,,,,,,,,,
Ibtesham,Muzaffarpur,15. Muzaffarpur,15.0,Muzaffarpur,Gaighat,,,,Member,2.0,,,Pankaj Das,,9934453596.0,Late Ishwar Das,"Pankaj Das | Male | General
-Former 2 term Mukhiya",General,,,,DSC Member,,,,Rahul,Call Connected,Yes,,"Vill-
Landmark-
Panchayat-
Block-
District -
",,bina address bataye call disconnected kr diye,Yes,,Club open ho jaega lekin hum sabha host nahi kar paenge shamil ho jaenge,,,,,,,,,,,,,,,,,,,,
Ibtesham,Muzaffarpur,15. Muzaffarpur,15.0,Muzaffarpur,Gaighat,,,,Member,3.0,,,Vipin Ram,,9771760785.0,Laxman Ram,"Vipin Ram | Male | 48 | SC | Chamar

-Former Runner-up in Mukhiya election (2021), lost by 3 votes.
-Former Runner-up in Mukhiya election (2015) , lost by 20 votes.
- Ward Winner in 2010.
- Panch Winner in 2005.
",SC,Chamar,,,,Call Connected,Confirmed,Actively Working  work with JSP and khud Mukhia ka election ldna chahte hai,Rahul,Not Received,Yes,,"Vill-
Landmark-
Panchayat-
Block-
District -
",,,Yes,,Club open ho jaega lekin hum sabha host nahi kar paenge shamil ho jaenge,,,,,,,,,,,,,,,,,,,,
Ibtesham,Muzaffarpur,15. Muzaffarpur,15.0,Muzaffarpur,Gaighat,,,,Member,4.0,,,Shashi Bhushan Kunwar,,9693982195.0,,,,,,,,Not Received,,,Rahul,Call Connected,Yes,,"Vill-
Landmark-
Panchayat-
Block-
District -
",,call disconnected,Yes,,,,,,,,,,,,,,,,,,,,,,
Ibtesham,Muzaffarpur,15. Muzaffarpur,15.0,Muzaffarpur,Gaighat,,,,Mahila,5.0,,,Shahzadi Fatima,,7903146190.0,,"Sayada Shahzadi Fatima | 38  | Minority | Muslim | Female | 7903146190

- Prominent social and political figure, known for her work as a panchayat samiti member in the Bandra Panchayat
- ⁠Active in politics since 2011 when she was elected as a panchayat samiti member 1st Time.
- Reelected as BDC in 2016, winning by a narrow margin of 13 votes. - Her popularity grew even further in 2021
- ⁠Won Election again in 2021 
- ⁠She is an Active member in party from 2 years",Minority,Muslim,,,,,,,Rahul,Call Connected,Yes,,"Vill-Bandrah
Landmark-indian Petrol pump 
Panchayat-Bandrah
Block-Bandrah
District -Muzzfarpur 
",,3-4 din me banner lag jayega,Yes,Abdul Rahaman :- 9653682743,Club open ho jaega lekin hum sabha host nahi kar paenge shamil ho jaenge,,,,,,,,,,,,,,,,,,,,
Ibtesham,Muzaffarpur,15. Muzaffarpur,15.0,Muzaffarpur,Gaighat,,,,,Sahni,,,,,,,,,,,,,,,,,,,,,,,,,,,,,,,,,,,,,,,,,,,,,
Ibtesham,Muzaffarpur,15. Muzaffarpur,15.0,Muzaffarpur,Kurhani,,,,Sanyojak,1.0,,,Jitendra Kumar,,9771205234.0,Late Sita Ram Parsad,"Jitendra Kumar |Male | OBC|Kushwaha
His brother Sanjay Kumar Kushwaha was BDC from 2016 to 2021. He is an Advocate for Patna High Court and Contractor
His run by Saket Multi Specialist Hospital at Anis Bagh Patna.
And
Runs his own form Jai Mata Di. Pvt.Ltd",OBC,Kushwaha,,,SCM,,,,,Busy,,,,,,,,,,,,,,,,,,,,,,,,,,,,
Ibtesham,Muzaffarpur,15. Muzaffarpur,15.0,Muzaffarpur,Kurhani,,,,Member,2.0,,,Ashok Kumar Gupta,,9525999889.0,,"MLA Contestant

-Former MLA Contestant, Kurhani, Independent(6000 Votes)
-Hotel and Land Broker
-Vaishya Community Zila Adhyaksh",OBC,Baniya,,,,Call Connected,Confirmed,"Ready to take any rsponsibility , dedicately",Rahul,Not Received,Yes,,"Vill-
Landmark-
Panchayat-
Block-
District -
",,,Yes,,Hum UP me hai abhi to sabha host nahi kar skte hai koshish krege ki sabha me shaml ho jae,,,,,,,,,,,,,,,,,,,,
Ibtesham,Muzaffarpur,15. Muzaffarpur,15.0,Muzaffarpur,Kurhani,,,Block Adhyaksh,Member,2.0,,,Amit Kumar Nirala,,9661300687.0,Narendra  Prashad,"Amit Kumar Nirala | 9661300687 | General | Kayasth
One times Bdc 2016-2021 
 Contested Mukhiya election in 2021 and got 1008 votes
 Ex Yuva Jdu prakhand vice president 2020-2022""",General,Kayasth,,,,Busy,,,Rahul,Call Connected,Yes,,"Vill-
Landmark-
Panchayat-
Block-
District -
",,he is allready open panchayat karyalay (Mahant Manyari),Yes,,Bahut jagah hai Youth club open ho jaega lekin sabha host nahi kar skte hai,,,,,,,,,,,,,,,,,,,,
Ibtesham,Muzaffarpur,15. Muzaffarpur,15.0,Muzaffarpur,Kurhani,,,,Member,3.0,,,Ejaz Ahmad,,9433389857.0,Iltaf Hussain,"Ejaz ahmad | Son of Iltaf Hussain | 45 | 9433389857 | Minority | GP- Chitrauli

- Graduate in Science from Callcutta University .
- He is the owner of Daily Mart grocery mall in Maripur.
- Runs Manjil Paharpur Foundation in his village which works for the education of poor children.
- His Father was Mukhiya 2011""",Minority,Muslim,,,,,,,Rahul,Call Connected,Yes,,"Vill-
Landmark-
Panchayat-
Block-
District -
",,He is allready open panchayat karyalay,Yes,,Hum sabha me apne taraf se koshish kar rhe hai jyada se jyada logo ko le kar jane i lekin hum host nahi kar skte hai sabha,,,,,,,,,,,,,,,,,,,,
Ibtesham,Muzaffarpur,15. Muzaffarpur,15.0,Muzaffarpur,Kurhani,,,Block Adhyaksh,Member,3.0,,,Roshan jha,,9905234094.0,,"Anubrath (Urf roshan jha) | Rajkumar jha dinkar | 36 | brahman | 9905234094 | 

- contested ZP in 2016, lose by 500 votes
- ward member 2011,
- contested ward member in 2021 and lose by 5 voted
- graduate",General,Brahmin,,,prakhand upadhyaksh,,,,Rahul,Call Connected,Yes,,"Vill-
Landmark-
Panchayat-
Block-
District -
",,He is allready open panchayat karyalay,Yes,,Humlog abhi meeting kar ke hi aaye hai saara intezaam chal raha hai yaha ho jaega,,,,,,,,,,,,,,,,,,,,
Ibtesham,Muzaffarpur,15. Muzaffarpur,15.0,Muzaffarpur,Kurhani,,,,Member,4.0,,,Usha Singh,,9470038560.0,Late. Sanjeev Kumar,"Usha Singh| 48 | Male | OBC | Kushwaha

-HPGVSS Sachiv 2021 
- Incumbent Panchayat Samiti Sadasya 1396 Votes
2016 - Panchayat Samiti Sadasya 1295Votes and Up-Block Pramukh",OBC,Kushwaha,,,,,,RJD-Candidate,,Call Connected,Need to take followup,,,,,Need to take followup,,Hum apko batate hai jagah dekh kar Youth club ke lie  or sabha host nahi kar skte hai hum shamil ho jaenge,,,,,,,,,,,,,,,,,,,,
Ibtesham,Muzaffarpur,15. Muzaffarpur,15.0,Muzaffarpur,Kurhani,,,Block kisan Adhyaksh,Member,4.0,,,Amarjeet singh,,7634041366.0,Rajdev singh,"Amarjeet singh | 7634041366 | OBC | Kushwaha
""2021 - Ward Mem
  2021 - Prakhand Member LJP party. 
 2016 - Sarpanch runnre-up""",OBC,Kushwaha,,,prakhand upadhyaksh,,,,Rahul,Call Connected,Yes,,"Vill-
Landmark-
Panchayat-
Block-
District -
",,he is allready open panchayat karyalay (Mahant Manyari),Yes,,Ho jaega,,,,,,,,,,,,,,,,,,,,
Ibtesham,Muzaffarpur,15. Muzaffarpur,15.0,Muzaffarpur,Kurhani,,,,Mahila,5.0,,,Indubala Devi,,9973657796.0,Pramod Kumar,"Indubala Devi | 9973657796 | SC  | Tanti

- Joined Mahila Samakhya; trained women in gender education
- Worked in Mahila Vibhag under Mahila Krishi Sangathan
- Member of Naari Adalat (monthly sitting on 20th, Ladaura)
- Recently started Lok Bhartiya with TATA Trust
- Runs sewing & vocational training centre for women empowerment
- Focused on skill development and women franchise building at panchayat level
 - BA in Home Science from Mahila Mahavidyalaya MDDM (1989)",SC,Tanti,,,jila upadhyaksh,,,,Shipra,Call Connected,Yes,,"Vill-
Landmark-
Panchayat-
Block-
District -
",,,Yes,,Youth Club open ho jaega lekin hum sabha host nahi kar skte hai,,,,,,,,,,,,,,,,,,,,
Ibtesham,Muzaffarpur,15. Muzaffarpur,15.0,Muzaffarpur,Muzaffarpur,,,,Sanyojak,1.0,,,Rakesh Kumar,,9431239380.0,,"Rakesh Kumar | 41 | Male | EBC | Teli
-Former Mayor Muzaffarpur (2021-2022)
-Mayor Contestant (2022 got 32000 votes)
-Former Ward Councillor (2017-2022)
-Businessman (Shopping Complex and Marble)",EBC,Teli,,,ACC,Call Connected,Confirmed,He is Ready to work for Vidhan Sabha  / Need to verify,,Not Received,,,,,,,,,,,,,,,,,,,,,,,,,,,,
Ibtesham,Muzaffarpur,15. Muzaffarpur,15.0,Muzaffarpur,Muzaffarpur,,,,Member,2.0,,,Arvind Pandey,,9031151433.0,,"Arvind Pandey | General | Brahmin
Former Yuva Adhyaksh of Janta Party in 1977
 - Contested Ward Parshad two times
 - Invoved in Social activism and worked with multiple NGOs
",General,Brahmin,,,JS Member,,,,,Call Connected,,,,,,,,"CBL , Busy now",,,,,,,,,,,,,,,,,,,,
Ibtesham,Muzaffarpur,15. Muzaffarpur,15.0,Muzaffarpur,Muzaffarpur,,,,Sanyojak,2.0,,,Umesh Sah,,8235616311.0,Durkheli Sah,"Male | 41 | OBC | Bania | Incumbent ZP (2021-Till Date, 9047 Votes) | Former Ward Member (2016-2021, 345 Votes) | Former Ward Member Contestant (2011, 275 Votes) | Jan Suraaj Anumandal Upadhyaksh",OBC,Bania,,,,,,,,Call Connected,Need to take followup,,,,,Need to take followup,,Hum bad me apko batate hai,,,,,,,,,,,,,,,,,,,,
Ibtesham,Muzaffarpur,15. Muzaffarpur,15.0,Muzaffarpur,Muzaffarpur,,,,Member,3.0,,,Ajay kumar urf Mintu,,7004581596.0,,"
Ajay kumar urf Mintu | SC  | Paswan
- Contested Ward Parishad Election (2022) – Ward No. 26
- Pradesh Mahasachiv, Sabrna Morcha (since 1999)
-  Chunav Prabhari, Chitragupta Association (2 terms)
-Social Worker
",SC,Paswan,,,,,,,Shipra,Not Received,Yes,,"Vill-
Landmark-
Panchayat-
Block-
District -
",,,Yes,,Youth club open ho jaega or sabha host krne ke lie 1 doctor saheb hai hum unse bat kr ke btate hai apko wo pehle bhi sabha karwae hai,,,,,,,,,,,,,,,,,,,,
Ibtesham,Muzaffarpur,15. Muzaffarpur,15.0,Muzaffarpur,Muzaffarpur,,,,Member,4.0,,,Dr Amit Kumar Das,,7781025444.0,,"Dr Amit Kumar Das | Male | 49 | General | Kayastha | Doctor

-Runs a Private Hospital
-MBBS and MD 
-Social Worker(Organised Free Health camp for Poors",,,,,candidate,Call Connected,Confirmed,,,,,,,,,,,,,,,,,,,,,,,,,,,,,,,
Ibtesham,Muzaffarpur,15. Muzaffarpur,15.0,Muzaffarpur,Muzaffarpur,,,,Mahila,4.0,,,Priya Shrivastav,,7766826487.0,Sameer Kumar,"Priya Shrivastav        | General        | Kayastha
- Education: PHD in Botany
- Was general secretary of ABVP in college
- Does social work which includes education and provision of books for children. She also helps women secure jobs",General,Kayastha,,,,,,,Shipra,Call Connected,Yes,Yes,"Vill-
Landmark- Chhata chouk
Panchayat- NP-27
Block-Musahari
District -Muzaffarpur
",,,Yes,,Sabha krwana possible nahi hai lekin hum shamil honge,,,,,,,,,,,,,,,,,,,,
Ibtesham,Muzaffarpur,15. Muzaffarpur,15.0,Muzaffarpur,Muzaffarpur,,,,,5.0,,,Noor Jahan Biwi,,8292949277.0,Md Mumtaj,,,,,,,,,,,,,,,,,,,,,,,,,,,,,,,,,,,,,,,
Ibtesham,Muzaffarpur,15. Muzaffarpur,15.0,Muzaffarpur,Sakra (SC),,,,Sanyojak,1.0,,,Krishna Prasad Ram,,9006200249,,"Krishna Prasad Ram  45 Male |SC| Chamar
Incumbent Defacto Mukhiya

-Incumbent Defacto Mukhiya , 2021 To Till Date
-Former Mukhiya Contesatant, 2016, Runner Up 
-Former Panchayat Samiti Contestant, 2001, Runner Up
-Former JDU Zila Adhyaksh, SC Cell, 2022 To 2024
-Former BJP Kisan Morcha Prakhand Adhyaksh, 2016 To 2020
-Farmer",SC,Chamar,,,,Call Connected,Confirmed,He is ready to take position / NeedIntervation,,,,,,,,,,,,,,,,,,,,,,,,,,,,,,
Ibtesham,Muzaffarpur,15. Muzaffarpur,15.0,Muzaffarpur,Sakra (SC),,,,Member,2.0,,,Virendar rai*,,9142416438 9431238909,,"Virendar rai | OBC | Yadav
- Adhyaksh of Bihar Kisan Morcha and Bhartiya Kisan Union
- Chairman of Tirhut Dairy Sangh, Bihar, 1983 Chairman of Sudha Dairy Cooperative from 1983 to 2018
- Participant in the JP movement, 1970s
- PACS Adhyaksh, 2010",OBC,Yadav,,,Pradesh core community member,,,,Shipra,Call Connected,Yes,,"Vill-
Landmark-
Panchayat-
Block-
District -
",,,Yes,,Club open ho jaega jagah hai or sabha nahi host ho paega,,,,,,,,,,,,,,,,,,,,
Ibtesham,Muzaffarpur,15. Muzaffarpur,15.0,Muzaffarpur,Sakra (SC),,,,Member,3.0,,,Prem Chandra Das,,9973225693.0,Lt Rampalak Das,"Prem Chandra Das* | 9973225693 | SC | Dushad
- 2 terms Mukhiya Contestant 2016, 2021
 - Ward Panch 2011
 - Pacs Member 2009
 - BDC Member 2001
 - Youth Club Member",SC,Dushad,,,block upadhyaksh,,,,,Not Reachable,,,,,,,,,,,,,,,,,,,,,,,,,,,,
Ibtesham,Muzaffarpur,15. Muzaffarpur,15.0,Muzaffarpur,Sakra (SC),,,,Member,3.0,,,Ram Prakash Gupta*,,9117324953.0,Lt. Janki Raman Sah,"Prabhari - Ram prakash gupta| 34 | EBC | Kanu| 

- Defecto Mukhiya runner- up - 2021
- Runnerup sarpanch 2016
- Block upadhyaksh in JDU ( 2018 - 2020) 
- Medical consultant
- Youth club coordinator 
- Social activist.",EBC,Kanu,,,,,,,Shipra,Call Connected,Yes,,"Vill-विशनपुर बधनगरी
Landmark-NH-28
Panchayat-विशनपुर
Block-सकरा
District -मुजफ्फरपुर	
",21/06/26,,Yes,,Hum Zila Upadhyaksh hai abhi 100-200 logo ki Sabha karwa skte hai hum agar kabhi jarurat pari to,,,,,,,,,,,,,,,,,,,,
Ibtesham,Muzaffarpur,15. Muzaffarpur,15.0,Muzaffarpur,Sakra (SC),,,,Mahila,4.0,,,Rubi kumari,,6206142826.0,Ravindra Kumar,"Rubi kumari  |EBC        | Lohar
- Former Block Mahila Adhyaksh -JSP
 Jeevika CM District Facilitator and awarded for her service at District Level
 - Invited by Giriraj Singh to attend the 26th January function in the Red Fort Delhi
 - BDC Contested 2011",EBC,Lohar,,,Block mahila Adhyaksh,Call Connected,Confirmed,,,,,,,,,,,,,,,,,,,,,,,,,,,,,,,
Ibtesham,Muzaffarpur,15. Muzaffarpur,15.0,Muzaffarpur,Sakra (SC),,,,,5.0,,,Gap,,,,,,,,,,,,,,,,,,,,,,,,,,,,,,,,,,,,,,,,,,
Ibtesham,Muzaffarpur,15. Muzaffarpur,15.0,Muzaffarpur,Sakra (SC),,,,Mahila,5.0,,,Sandhaya Devi*,,9576742031.0,बलिराम गुप्ता,"Sandhaya | Female |30 | OBC | Kanu 
- Working in JSP for 2 Year",OBC,Kanu,,,,Call Connected,Not Confirmed,Active but Apne Husband se puch kr btayegi ki  panchayati committee me kaam kregi ya nhi,,Call Connected,Need to take followup,,,,,Need to take followup,,Club ke lie husband se puchna prega puch kar bata denge or sabha host nahi kar skte hai,,,,,,,,,,,,,,,,,,,,
Ibtesham,Muzaffarpur,15. Muzaffarpur,15.0,Muzaffarpur,Sakra (SC),,,,Member,6.0,,,Kaifi Hasan*,,927928712.0,,Kaifi Hasan	927928712 Minority | Muslim,Minority,Muslim,,,,Wrong Number,,9 digit number,,Number Missing,,,,,,,,,,,,,,,,,,,,,,,,,,,,
Ibtesham,Muzaffarpur,16. Vaishali,16.0,Vaishali,Baruraj,,,,Sanyojak,1.0,,,Manoj Kumar Pandey,,9955536077.0,Maheshwar Pandey,"Manoj Kumar Pandey | 54 | Male | General | Brahmin 
-Jan Suraaj District Vice President
-Former BJP Pradesh Committee Member (2015-2018)
-CSC Association Bihar Adhyaksh (2017)
-Founder Member JDS Muzaffarpur",General,Brahmin,,,Dist Vice President,Call Connected,,"Ready to work deidicately , jo jimmedari milegi puri tarah karenge",Shipra,Call Connected,Yes,,"Vill-जसौली
Landmark-मंगलम विद्यापीठ
Panchayat-जसौली
Block-मोतीपुर        
District -मुजफ्फरपुर
",21/06/26,,Yes,,Humlog sabha ki taiyari me lage hue hai ho jaega or youth club opn ho jaega jagah hai,,,,,,,,,,,,,,,,,,,,
Ibtesham,Muzaffarpur,16. Vaishali,16.0,Vaishali,Baruraj,,,,Member,2.0,,,Lal Babu Kumar Mahto,,9832120006.0,Dasrath Mahto,"Lal Babu Kumar Mahto | 9832120006 | EBC  | Noniya
-Incumbent Sarpanch. -Medical Practioner. -His Father Three time ZP Runner Up.",EBC,Noniya,,,Prakhand Adyaksh,Call Connected,Confirmed,pehle bhi prakhand adyaksh the aage bhi jo zimmedari djiega usko sakriya roop se nibhaenge,Shipra,Call Connected,Yes,,"Vill-श्री रामपुर
Landmark-श्री रामपुर चौक
Panchayat-रामपुर भेडि़याही
Block-मोतीपुर
District -मुजफ्फरपुर
",25/06/26,,Yes,,Sabha host karwa ske hai hum Sarpanch hai,,,,,,,,,,,,,,,,,,,,
Ibtesham,Muzaffarpur,16. Vaishali,16.0,Vaishali,Baruraj,,,,Member,3.0,,,Hiralal Kharia,,8809630850.0,,"Hiralal Kharia | 35 | Male | EBC | Nonia
-Incumbent 2 term Mukhiya (2016 Till Date)
-Former MLA Contestant (2015 Independent got 2200 votes, 2020 BSP got 23000 votes)
-Former JDU Pradesh EBC Cell Upadhyaksh (2024-2025)
-Civil Contractor",EBC,Nonia,,,ACC,Call Connected,,Little bit busy in Panchayat Election but ready to work  for Election Related work,Shipra,Call Connected,Yes,,"Vill-
Landmark-
Panchayat-
Block-
District -
",,BUSY,Yes,,"Shamil ho jaege hum lekin Sabha host karwana to possible nahi hai,  youth club open ho jaega",,,,,,,,,,,,,,,,,,,,
Ibtesham,Muzaffarpur,16. Vaishali,16.0,Vaishali,Baruraj,,,,Yuva,4.0,,,Kameshwar Kumar,,9137203705.0,,"Kameshwar Kumar | General | Rajput
- 2 times Panchayat Samiti.",General,Rajput,,,Prakhand Mahasachiv,Call Connected,Confirmed,pehle bhi sakriya rhe hai aage bhi jo zimmedari di jaegi usko sakriye ho kar krege,Shipra,Switch Off,Yes,,"Vill-
Landmark-
Panchayat-
Block-
District -
",,,Yes,,Youth club open ho jaega jagah hai lekin sabha hum host nahi kar skte hai sabha me apne taraf se 50 logo ko hum le kar jaenge,,,,,,,,,,,,,,,,,,,,
Ibtesham,Muzaffarpur,16. Vaishali,16.0,Vaishali,Baruraj,,,,Mahila,5.0,,,Shobha Bhawani,,9661124362.0,,"Shobha Bhawani  | OBC | Kurmi
-Ex BDC 2016-21.
- Former Prakhand Mahila President",OBC,Kurmi,,,Prakhand Mahila President,Call Connected,Confirmed,jo bhi zimmedari djiega hum immandari se nibhaenge,Shipra,Not Received,Yes,,"Vill-
Landmark-
Panchayat-
Block-
District -
",,,Yes,,300 logo tak ka hum sabha karwa skte hai or youth club open ho jaega,,,,,,,,,,,,,,,,,,,,
Ibtesham,Muzaffarpur,16. Vaishali,16.0,Vaishali,Baruraj,,,,Member,5.0,,,Md Noorujjma,,9572580956.0,,"
Panchayat Samiti Election 2021: Contested, received 970 votes, Runner-up
RJD Prakhand Vice President: 2013–2017
Business
Auto Parts Shop,
Medical Store",Minority,Muslim,,,Prakhand Upadhyaksh,,,,Shipra,Call Connected,Yes,,"Vill-
Landmark-
Panchayat-
Block-
District -
",,,Yes,,Youth club open ho jaega leki sabha hum host krenge agar mujhe  kharcha dia jaega,,,,,,,,,,,,,,,,,,,,
Ibtesham,Muzaffarpur,16. Vaishali,16.0,Vaishali,Kanti,Zila Sachiv,,,Sanyojak,1.0,,,Radha Raman Sharma,,9661220311.0,Umashankar Prasad,"Radha Raman Sharma | 45 | Male | General | Bhumihar
-Big landlord and businessman
-Two time runner up PACS President
-Owns litchi orchard
-Owns multiple retail stores",General,Bhumihar,,,Prakhand Abhiyaan Samiti sanyojak,Call Connected,Confirmed,"Ready to work , previously he was much active , he was little bit upset but ready to work dedicately",Shipra,Call Connected,Yes,,"Vill-
Landmark-
Panchayat-शाहपुर
Block-काँटी	
District -मुजफ्फरपुर	
",,,Yes,,BUSY,,,,,,,,,,,,,,,,,,,,
Ibtesham,Muzaffarpur,16. Vaishali,16.0,Vaishali,Kanti,Zila Mahila Sachiv,,,Mahila,2.0,,,Mamta Devi,,9934211144.0,Premchandra Thakur,"Mamta Devi  | 9934211144 | General | Bhumihar
""- Two Times Bdc (2006-2011), (2016-2021) 
- Jdu Mahila Cell Vice District President (2016 -2018)
""",General,Bhumihar,,,,Call Connected,Confirmed,Jo bhi jimmedari milegi karengi,,Call Connected,Need to take followup,,,,,Need to take followup,,Sabha host nahi kar skte hai hum or youth ke lie hu  jagah final kar ke btate hai apko,,,,,,,,,,,,,,,,,,,,
Ibtesham,Muzaffarpur,16. Vaishali,16.0,Vaishali,Kanti,Block Adhyaksh,,,Member,2.0,,,Vinay Sharma,,6206213047.0,Vinay Sharma,"Vinay Sharma | EBC	 | Lohar
He is the former Sarpanch and two times ex UpSarpanch
",EBC,Lohar,,,BSC Member,Call Connected,Confirmed,Thik hai,Shipra,Switch Off,Yes,,"Vill-
Landmark-
Panchayat-
Block-
District -
",,,Yes,,Youth Club open ho jaega,,,,,,,,,,,,,,,,,,,,
Ibtesham,Muzaffarpur,16. Vaishali,16.0,Vaishali,Kanti,,,,Member,3.0,,,MD. Arif,,98567432145.0,," Prakhand Sarpanch Sangh Adhyaksh
 Zila Sarpanch Sangh Upadhyaksh
 Incumbent Sarpanch
 Big Businessman (Owner – Udam Furniture, Narsanda)
",,,,,,,,,,,,,,,,,,,,,,,,,,,,,,,,,,,,,,
Ibtesham,Muzaffarpur,16. Vaishali,16.0,Vaishali,Kanti,Block Adhyaksh,,,Member,3.0,,,Birendra Ram,,8292477390.0,Late Sukhdev Ram,"Birendra Kumar | 51 | Chamar
 - Kanti Dalit sena Prakhand Adhyaksh 1990-2000
 - BJP Yuva Morcha Prakhand Adhyaksh 2000- 2002 - BSP - 2014 Pradesh Mahasachiv 2002 - Zila adhyaksh Anusuchit wing 2014 - RJD Pradesh shChamarik prakost mahasachiv",SC,Chamar,,,,,,,Shipra,Not Received,Yes,,"Vill-
Landmark-
Panchayat-
Block-
District -
",,,Yes,,Youth Club open ho jaega,,,,,,,,,,,,,,,,,,,,
Ibtesham,Muzaffarpur,16. Vaishali,16.0,Vaishali,Kanti,,,,Mahila,4.0,,,Asha Devi,,8789659249.0,,"Asha Devi | OBC  | Kurmi
-He is a UP block Pramukh of Kanti block
 -He was Panchayat Samiti Sadasya from 2016 till 2021",OBC,Kurmi,,,Prakhand Mahila Adhyaksh,,,,,,,,,,,,,,,,,,,,,,,,,,,,,,,,,
Ibtesham,Muzaffarpur,16. Vaishali,16.0,Vaishali,Kanti,,,,Yuva,5.0,,,Shri Rajiv kr. Mahto,,8877848419.0,,"Shri Rajiv kr. Mahto		8877848419	45	-Done PG in Hematology, -Runs Veena Bhawani Blood Center in Maa Janki Hospital, Muzaffarpur, -Owns OM Charitable Blood Center in Noida -Runs All India Veena Shakti Foundation (for blood Donation )
",,,,,,,,,,,,,,,,,,,,,,,,,,,,,,,,,,,,,,
Ibtesham,Muzaffarpur,16. Vaishali,16.0,Vaishali,Minapur,,,,Sanyojak,1.0,,,Tej Narayan Sahni,,9470038173.0,Late Dulaar Sahni,"Tej Narayan Sahni | 54 | Male | EBC | Mallah
-Defacto ZP
-Incumbent ZP Member (2021 Till Date)
-Former Panchayat Samiti (2010-2016)
-Former UP Pramukh Contestant (2011)
-Former Mukhiya Contestant (2001)
-Former JDU Pradesh Mahasachiv (2011-2024)
-Former JDU Member (2003-2024)
-Former Samta Party Member (1993-2003)
-Former IPF Member (1985-1993)",EBC,Mallah,,,Sangathan Zila Mahasachiv,Call Connected,,Ready to  work,,Call Connected,,,,,,,,Tabiyat thik hai paani chad raha hai,,,,,,,,,,,,,,,,,,,,
Ibtesham,Muzaffarpur,16. Vaishali,16.0,Vaishali,Minapur,,,,Member,2.0,,,Sanjay Jha,,8235945047.0,,,General,Brahmin,,,,,,,,Call Connected,Need to take followup,,,,,Need to take followup,,Batate hai apko jagah dekh kar club ke lie,,,,,,,,,,,,,,,,,,,,
Ibtesham,Muzaffarpur,16. Vaishali,16.0,Vaishali,Minapur,,,,Member,3.0,,,Balwant Kumar,,9431813378.0,,Zila Kisan Adhyaksh,,,,,,,,,,Call Connected,,,,,,,,,,,,,,,,,,,,,,,,,,,,
Ibtesham,Muzaffarpur,16. Vaishali,16.0,Vaishali,Minapur,,,,Member,3.0,,,Chandeshwar Prasad,,9905244576.0,Shri Bijli Shah,"Chandeshwar Prasad | EBC | Teli
- 2021 Mukhiya first runner-up
- Former two times mukhiya (2011,2016)",EBC,Teli,,,Prakhand  Adhyaksh,Call Connected,Confirmed,jo bhi jimeddari milegi wo pura krenge,Shipra,Not Received,Yes,,"Vill-
Landmark-
Panchayat-
Block-
District -
",,,Yes,,Hum sabha me shamil ho jaege host nahi kar skte hai,,,,,,,,,,,,,,,,,,,,
Ibtesham,Muzaffarpur,16. Vaishali,16.0,Vaishali,Minapur,,,,Mahila,4.0,,,Kumari Jotsana,,7979040358.0,,"Kumari Jyotsna l Late Dr Krishnandan Verma l F l 64 l Gen l Kayasth l  7979040358

-Minapur Vidhansabha Prabhari
-Enrolled Advocate in Patna HC
-Social Worker
-SCM( Mahila),Jan Suraj 
-Constitution Committee Member, Jan Suraj 
-Pradesh Karyasamiti Sadasya, Sampark Vibhag(RSS)(2021-2023)
-Bihar Rajya Nideshak,Yuva Karyakram Khel Mantralaya,GOI,(2019-2021)
-Deputy Director,Dist Youth Officer(1988-2009)
-State Project Coordinator,UN (1996-2003)
-Chairman,Central Working Sexual Harrasment Committee(2019-2021)
-Ast Administrator,High School Mahdaiya,Minapur(1985-1988",General,Kayasth,,,Vidhansabha Prabhari,Not Connected,,,,Call Connected,Need to take followup,,,,,Need to take followup,,Hum apko bata denge ghar par bat kar ke youth club ke bare me,,,,,,,,,,,,,,,,,,,,
Ibtesham,Muzaffarpur,16. Vaishali,16.0,Vaishali,Minapur,,,,Member,5.0,,,Ram Rekha Rai,,9905218744.0,,"Ram Rekha Rai	OBC	Yadav
-Defacto  Mukhiya (2016,2006)
-Defacto Mukhiya Contestant (2021) (721 votes)",OBC,Yadav,,,Prakhand  Kishan Adhykash,Call Connected,Confirmed,hm khud bhi chunav ladte hai and kaam krne ko ready hai,,,,,,,,,,,,,,,,,,,,,,,,,,,,,,
Ibtesham,Muzaffarpur,16. Vaishali,16.0,Vaishali,Minapur,,,,Sanyojak,Released,,,Dilip Kumar,,8210610415.0,,"Dilip Kumar | Male | OBC
-Former JDU State General Secretary (2014-2018)
-Jan Suraaj State Working Committee Member
-Farmer (Honey Production)",OBC,,,,ACC,Call Connected,,Bahut hi dedicated hai ichhuk hai,,,,,,,,,,,,,,,,,,,,,,,,,,,,,,
Ibtesham,Muzaffarpur,16. Vaishali,16.0,Vaishali,Paroo,,,,Sanyojak,1.0,,,Ranu Nilam Shankar,,8709588927.0,Gyan Shanker,"Ranu Nilam Shankar | 49 | Male | General | Bhumihar
-Former MLA Contestant (2020 JAP got 800 votes)
-Former JAP Pradesh Mahasachiv (2017-2024)
-Jan Suraaj Zila Upadhyaksh",General,Bhumihar,,,DSC Member,Call Connected,,Ready To work,Shipra,Call Connected,Yes,,"Vill-
Landmark-
Panchayat-
Block-
District -
",,,Yes,,Sabha ke bare me mujhe koi jankari nahi di gayi hai to itna jaldi hum host nahi kar skte hai shamil ho jaege or youth club open ho jaega jagah hai,,,,,,,,,,,,,,,,,,,,
Ibtesham,Muzaffarpur,16. Vaishali,16.0,Vaishali,Paroo,,,,Yuva,2.0,,,Nikhil Nishant,,9006247080/9128281437,,"Nikhil Nishant | 38 | Male | General | Bhumihar

-He is a first runner in Zila Parshad election from Ar.13 against Shankar Rai and polled around 5k votes
-He runs two small schools one in Jafarpur and one in Laloo Chappra",,,,,,,,,,,,,,,,,,,,,,,,,,,,,,,,,,,,,,
Ibtesham,Muzaffarpur,16. Vaishali,16.0,Vaishali,Paroo,,,,Member,2.0,,,Mohammad Shahzad Alam,,7250446344.0,Md Rahmtullah,"Mohammad Shahzad Alam | 7250446344 | Minority  | Muslim
-Defacto ZP runner-up in 2021 from the 16th ZP constituency.
- Zila Mahasachiv of JDU MinorityCell from 2016 to 2021. 
- ZP runner-up in 2016 from the 16th ZP constituency.",Minority,Muslim,,,JS Member,,,,Shipra,Busy,Yes,,"Vill-
Landmark-
Panchayat-
Block-
District -
",,,Yes,,Youth club open ho jaega jagah hai sabha host nahi kar skte ahi shamil ho jaenge,,,,,,,,,,,,,,,,,,,,
Ibtesham,Muzaffarpur,16. Vaishali,16.0,Vaishali,Paroo,,,,Mahila,3.0,,,Seema Devi,,9934607257.0,Surender Rajak,"Seema Devi | 9934607257 | SC  | Dhobhi
- Former Zila Parshad - 2011
- Strong Hold in  Dhobi Community
- Husband is government teacher",SC,Dhobhi,,,,,,,,Call Connected,Need to take followup,,,,,Need to take followup,,Apko bata enge hum pehle ghar par bat kar lete hai or sabha me sahyog kar denge host nahi kar skte hai sabha ko,,,,,,,,,,,,,,,,,,,,
Ibtesham,Muzaffarpur,16. Vaishali,16.0,Vaishali,Paroo,,,,Member,4.0,,,Binda sahni,,8292556707.0,,Mukhiya Contestant,,,,,Ranjana,,,,,,,,,,,,,,,,,,,,,,,,,,,,,,,,,
Ibtesham,Muzaffarpur,16. Vaishali,16.0,Vaishali,Paroo,,,,,4.0,,,Ajay Paswan,,8252606278.0,Rajal Paswan,"Ajay Paswan | 8252606278 | SC  | Paswan 
MLA Contestant 2020
 - Ward Sadasya 
 - BDC Runner up",SC,Paswan,,,Prakhand Upadhyaksh,Switch Off,,,,No Incoming,,,,,,,,,,,,,,,,,,,,,,,,,,,,
Ibtesham,Muzaffarpur,16. Vaishali,16.0,Vaishali,Paroo,,,,Member,5.0,,,Mahindra Ram,,9801212323.0,,"53
• Samiti Runner-up 2016
• Ex Mukhiya contestant 2 term 
• Former PACS",,,,,Shatrughan Sahni,,,,,,,,,,,,,,,,,,,,,,,,,,,,,,,,,
Ibtesham,Muzaffarpur,16. Vaishali,16.0,Vaishali,Paroo,,,,Member,5.0,,,Jugal Kishore,,9304590025.0,Ram Vinod Singh,"Amod Kumar Sharma | 44 | EBC | Nai | DSC Member | 9304364900
- He is a first time Mukhiya from Saraiya GP and polled 2859 votes out of 5388 total votes polled.
 - He belongs to one of the most prominent Nai family; His first-uncle Dr. Nardev Shastri was Vice-Chancellor and Adhyakshial Awardee by Pratibha Patil in 2008.
 - His brother is serving as Commandant in Indian Navy. He owns business in Arunanchal Pradesh and younger brother is govt. teacher.
 - He had contested Mukhiya election in 2011 and lost by a thin margin and then again in 2016 he lost by 450 votes and came 2nd runner.",EBC,Nai,,,,,,,,Call Connected,Need to take followup,,,,,Need to take followup,,Zila Adhyaksh ko bolie sabha host akrne humlog apna pura sahyog kr denge,,,,,,,,,,,,,,,,,,,,
Ibtesham,Muzaffarpur,16. Vaishali,16.0,Vaishali,Paroo,,,,Member,5.0,,,Arjun Singh,,8969866251.0,,Rajput,,,,,Block Adhyaksh,,,,,,,,,,,,,,,,,,,,,,,,,,,,,,,,,
Ibtesham,Muzaffarpur,16. Vaishali,16.0,Vaishali,Paroo,,,,Member,5.0,,,Gautam Yadav,,7352849581.0,,,,,,,Ranjana,,,,,,,,,,,,,,,,,,,,,,,,,,,,,,,,,
Ibtesham,Muzaffarpur,16. Vaishali,16.0,Vaishali,Paroo,,,,Sanyojak,Released,,,Ranjana Kumari,,9241512833.0,Late Balbir Dhari Singh,"Ranjana Kumari | 47 | Female | General | Bhumihar
-Businesswoman
-Jan Suraaj District Secretary
-Former State President Mahila Azaad Adhikar Sena (2022-2024)
-Owner Aadya Complex Market",General,Bhumihar,,,Zila Sachiv,,,,,,,,,,,,,,,,,,,,,,,,,,,,,,,,,
Ibtesham,Muzaffarpur,16. Vaishali,16.0,Vaishali,Sahebganj,,,,Sanyojak,1.0,,,Thakur Hari Kishore Singh,,9431266413.0,,"Thakur Hari Kishore Singh | 64 | Male | General | Rajput
-Former MLA Contestant (2005 LJP got 7000 votes)
-Former JDU Pradesh Mahasachiv (2014-2022)
-Former LJP Pradesh Mahasachiv (2005-2014)
-Former Bihar Peoples Party Pradesh Adhyaksh (1993-2005)
-Former Congress Zila 20 Sutri Sadasya (1985-1993)",General,Rajput,,,ACC,Call Connected,Confirmed,Ready to Work  Dedicately,,Not Received,,,,,,,,,,,,,,,,,,,,,,,,,,,,
Ibtesham,Muzaffarpur,16. Vaishali,16.0,Vaishali,Sahebganj,,,,Mahila,2.0,,,Shalina Devi,,9939125839.0,,"2 Times Panchayat Samiti 
Former RJD member 
Social Worker",SC,Chamar,,,Prakhand Mahila Adhyaksh,Call Connected,Confirmed,Niche Level Pr Kam Kregi,,Not Received,,,,,,,,,,,,,,,,,,,,,,,,,,,,
Ibtesham,Muzaffarpur,16. Vaishali,16.0,Vaishali,Sahebganj,,,,Member,3.0,,,Awadhesh Kushwaha,,9798630981.0,,"Awadhesh Kushwaha | Male | 45 | OBC | Koeri
-JDU pravakta 2015-16
-Muzaffer Karyalay prabhari 2016-19
-Mass communication 
-Participated In sadasyata abhiyan And awarded By State 2018 ",OBC,Kushwaha,,,,Call Connected,Confirmed,Bahjt active ni hai lekin hari kishore ji prefer kar rhe hain,Shipra,Call Connected,Yes,,"Vill-
Landmark-
Panchayat-
Block-
District -
",,NOT READY TO OPEN OFFICE,Yes,,Youth club open ho jaega jagah hai sabha host nahi kar skte ahi shamil ho jaenge,,,,,,,,,,,,,,,,,,,,
Ibtesham,Muzaffarpur,16. Vaishali,16.0,Vaishali,Sahebganj,zila Upadhyaksh,,,Member,4.0,,,Ram Ikbal Patel,,9931974859.0,,JDU Prakhand Adhyaksh,,,,,,,,,,Call Connected,,,,,,,,,,,,,,,,,,,,,,,,,,,,
Ibtesham,Muzaffarpur,16. Vaishali,16.0,Vaishali,Sahebganj,,,,Member,5.0,,,Devrat kumar*,,9471955108.0,,"Devrat kumar | 32 | General | Bhumihar | Nagar Yuva Adykash | 9471955108
JS member until 2 year
Ward parshad 2nd runnerup 
Business- Real Stat And agri",General,Bhumihar,,,,not reacable,,,,,,,,,,,,,,,,,,,,,,,,,,,,,,,,
Ibtesham,Muzaffarpur,16. Vaishali,16.0,Vaishali,Sahebganj,,,,Member,5.0,,,Jitendra Sahni,,9934479086.0,,,,,,,,,,,,Call Connected,,,,,,,,,,,,,,,,,,,,,,,,,,,,
Ibtesham,Muzaffarpur,16. Vaishali,16.0,Vaishali,Sahebganj,,,,Sanyojak,State Level,,,Dr Meera Kaumudi,,7992325717.0,,"Dr Meera Kaumudi | Female | General
-Former MLA Contestant (2020 Plurals Party got 5000 votes)
-Former ZP Contestant (2016 got 4000 votes)
-Former BJP Mahila Morcha Pradesh Upadhyaksh (1995-2019)
-Former Plurals Party Pradesh Adhyaksh (2020-2024)
-Retired Headmaster Govt School
-Awarded multiple honours
-President NGO Aparajita and Shraddha (1997 Till Date)",General,,,,DSC Member,Call Connected,,"Ready to Work  , but prefer to work at State Level",,,,,,,,,,,,,,,,,,,,,,,,,,,,,,
Ibtesham,Vaishali,16. Vaishali,16.0,Vaishali,Vaishali,,,महुआ,Yuva,1.0,,,Kanhai Jha,,9631823523.0,Harendra Kumar Jha,"Kanhai Jha | Male | General | Brahmin|37
-Defacto Sarpanch (2021)
-Father 2 term Sarpanch (2011 2016)
-Runs Dr Lal Path Lab Agency since 2019
-B.Com BSc MLT
-Secretary Madan Mohan Malviya Organisation
-District Coordinator Kanhai Sewa Sansthan working against child marriage",General,Brahmin,,,Assembly Prabhari,Call Connected,,Agreed,,,,,,,,,,,,Done,,,,,,,,,,,,,,,,,,
Ibtesham,Vaishali,16. Vaishali,16.0,Vaishali,Vaishali,,Vaishali,वैशाली,,2.0,,,Kiran Kumari,,9934107648.0,Murari Singh,Age 52,,,,,,Call Connected,,,,,,,,,,,,,,,,,,,,,,,,,,,,,,,,
Ibtesham,Vaishali,16. Vaishali,16.0,Vaishali,Vaishali,,Chak alah dad,वैशाली,,3.0,,,Kishore Kunal,,9709780906.0,Bhairav Bhagat,Age 31,OBC,Kushwaha,,,,Call Connected,,,,,,,,,,,,,,,,,,,,,,,,,,,,,,,,
Ibtesham,Vaishali,16. Vaishali,16.0,Vaishali,Vaishali,,,महुआ,,4.0,,,Raju Patel,,9709327122.0,Surendra Patel,Age-25,,,,,,Call Connected,,,,,,,,,,,,,,,,,,,,,,,,,,,,,,,,
Ibtesham,Vaishali,16. Vaishali,16.0,Vaishali,Vaishali,,,पटेढ़ी बेलसर,,5.0,,,Mustaqeem Alam,,9798663717.0,Md Nisaar Ali,Age-26,,,,,,Call Connected,,,,,,,,,,,,,,,,,,,,,,,,,,,,,,,,
Zonal,District,Lok Sabha,Number,LS,Assembly,Anumandal,Panchayat,Block,Type,Priority,LS Priority,Photo,Name,Review,Mobile Number,Father's Name,Profile,Category,Caste,Attendance Remarks,Candidate Strength,Previous Designation,Calling Status,Calling Confirmation Status,Remark,POC,Calling Status,Office Status,Need Assistance,Office Location,Inaugration Date,Remarks,Youth Club Status,Youth Club Co ordinator,Remarks,Office Image,Image,,,,,,,,,,,,,,,,,,
Shivam,Vaishali,21. Hajipur (SC),21.0,Hajipur (SC),Hajipur,,,,Sanyojak,1.0,,Neet to intervene THV,Upendra Kumar Sharma,absent,9525492892.0,lt. rm vriksha singh,"Upendra Kumar Sharma | Male | 46 | General | Bhumihar | MLA Contestant 

-Former MLA Contestant, 2020, Warisnagar, Independent, Got 8540 Votes
-Buisnessman(Tobacco)
-Social Worker",General,Bhumihar,bhojpur gaye the. THV Se bar krne pr Ready hain,Strong,,Call Connected,Confirmed,Agreed,Abhay,,Yes,Yes,Loma gram,,jagah hai office khul jaega,Need to take followup,,yuva dekhne ke lie samay lgega hm bta dege nam apko,,,,,,,,,,,,,,,,,,,,
Shivam,Vaishali,21. Hajipur (SC),21.0,Hajipur (SC),Hajipur,,,,Sanyojak,2.0,1.0,,Rakesh Ranjan Yadav,present,7004600335.0,Dineshwar prasad singh,"Rakesh Ranjan Yadav | 49| M| OBC | Yadav | 

-General Secretary of JDU 1996-2012
Participated in Anna Movement 
Prakhand Sanyojak of AAP later became Jila Sanyojak 
 - was Anumandal Adhyaksha of JS 
Election Agent of JS Candidate ",OBC,Yadav,,Strong,,Call Connected,Confirmed,Agreed,,Call Connected,Yes,Yes,"Dayalpur ghamoli , dayalpur",,"9798959711
Gaurav Kumar ",Need to take followup,"9798959711
Gaurav Kumar ",Uske paas pool hai shaam tak bataega,,,,,,,,,,,,,,,,,,,,
Shivam,Vaishali,21. Hajipur (SC),21.0,Hajipur (SC),Hajipur,,,,Yuva,3.0,,,Vinod Paswan,absent,9934284088.0,,"- Incumbent BDC (2021)
- 2 Terms Panch (2006 & 2011)
- Has hold on 6-8 BDCs of Hajipur
- Former BJP Mandal Vice President (2012-16)""",SC,paswan,,Moderate,,Call Connected,Confirmed,Agreed,Abhay,,,,,,kuch din ka samay dijie soch k btaege,,,,,,,,,,,,,,,,,,,,,,,
Shivam,Vaishali,21. Hajipur (SC),21.0,Hajipur (SC),Hajipur,,,,Mahila,4.0,2.0,,Nikita Shrivastav,present,7859060179.0,,"NIKITA SHRIVASTAV | |26| GEN| 

Was member Swanyam sahayata Samuh (NGO)
Strong hold in women ",General,Kayasth,,Strong,,Call Connected,Confirmed,Agreed,,Call Connected,Yes,Yes,,,"Office k lie jagah h , apne awas pe hi kholengi",Need to take followup,,"Shaam me bataengi ,",,,,,,,,,,,,,,,,,,,,
Shivam,Vaishali,21. Hajipur (SC),21.0,Hajipur (SC),Hajipur,,,,Member,5.0,3.0,,Manoj Kumar,Present,7870753455.0,,"Manoj Kumar | Male|50| SC| PASI 

- was member of Trade Union 
- Vidhansabha Sanyojan of Congress 2015
",SC,Pasi,,Moderate,,Call Connected,Confirmed,,,Call Connected,Yes,Yes,Hatsarganj Ward 7,,,Need to take followup,,jb tak chitthi ni milegi tab tak ni number de paege kisi ka,,,,,,,,,,,,,,,,,,,,
Shivam,Vaishali,21. Hajipur (SC),21.0,Hajipur (SC),Lalganj,,,,Mahila,1.0,1.0,,Alka Singh,Absent,9525003435.0,,"- Ex Mahila Zila Adhyaksh Jan suraaj
-Incumbent Mukhiya (2021).
-Former BDC & Block Pramukh runner-up (2016); lost by only 1 vote.
-Vocal and active in politics.
-Her mother-in-law was Sarpanch (2006 & 2011).
-Her uncle was Zila Parishad member (2006).""
She belongs to Bhumihar caste",General,Bhumihar,"Free nhi thi ,  ab aage aayengi",Strong,,Call Connected,Confirmed,,Abhay,,,,,,,,,,,,,,,,,,,,,,,,,,,,,
Shivam,Vaishali,21. Hajipur (SC),21.0,Hajipur (SC),Lalganj,,,,Vistarak,2.0,1.0,,Sanjay panday,Present,9525483233.0,sri nand kishore pandey,"Sanjay panday| Bhumihar| Age 52|
He contested Nagar parishad election in 2022 and was runner up.
He was vidhan sabha prabhari of jan surraj in lalganj assembly.",General,Bhumihar,,Moderate,,Call Connected,Confirmed,He agreed and alsopotove for jan surraj .,Abhay,,Yes,Yes,NP,,hn ho jaega,Need to take followup,,bad me bta dege abhi shadi me vyast hai,,,,,,,,,,,,,,,,,,,,
Shivam,Vaishali,21. Hajipur (SC),21.0,Hajipur (SC),Lalganj,,,,Yuva,3.0,,,Nanhe Khan,Absent,9708019953.0,,He was NP Chairman 3rd runner up in 2022 securing 2500+ votes.,Minority,Muslim,"57y , Driver nhi aaya tha",Moderate,,Call Connected,Confirmed,He agreed and told that Pk said something and do something,Abhay,,,,,,,,,,,,,,,,,,,,,,,,,,,,,
Shivam,Vaishali,21. Hajipur (SC),21.0,Hajipur (SC),Lalganj,,,,,4.0,3.0,,Subodh Sah,Present,9507886179.0,,"Subodh Sah | 47 | EBC | Kanu | 

- Was Runner up of Panchayat Samiti 
                 -District Mahasachiv of Jan Adhikari Party (2016- 2022) 
- Block Mahasachiv of JSP  ",EBC,Kanu,,,,,,,,,,,,,,,,,,,,,,,,,,,,,,,,,,,,
Shivam,Vaishali,21. Hajipur (SC),21.0,Hajipur (SC),Lalganj,,,,Sanyojak,5.0,5.0,,Rajnarayan Rajak,Absent,8294961292.0,lt. maheshwar rajak,"Twice incumbent ward panch from ward 13
  BDC in 2011 
ZP 2nd runner up
 Zila Sachiv of Dalit Sena, LJP",SC,dhobi,,Moderate,,Call Connected,Confirmed,Agreed through LSP,Abhay,,Yes,Yes,paora madan singh,,jagah hai khol dege,Yes,vidya nanad sahni 8651541885,,,,,,,,,,,,,,,,,,,,,
Shivam,Vaishali,21. Hajipur (SC),21.0,Hajipur (SC),Lalganj,,AnwarPur,Lalganj,Mahila,6.0,,,Meenita Devi,Absent,7280080200.0,,"- Jeevika CM (2010-till)
She belongs to kurmi caste",OBC,Tatwa,,Weak,,Call Connected,Confirmed,Agreed and she was prakhand mahila adkshya,Abhay,,,,,,not reachable,,,,,,,,,,,,,,,,,,,,,,,
Shivam,Vaishali,21. Hajipur (SC),21.0,Hajipur (SC),Lalganj,,,,Yuva,8.0,,,Dhirendra Kumar Mahto,Absent,8210890035.0,,"Dhirendra Kumar | Male | 38 | EBC | Nonia | Retired Indian Army

-Proprietor Of New Life Hospital
-Retired Indian Army Naik
-Social Worker(Free OPD & Free Defence Physical Academy Training)",EBC,Nonia,"जिला se koi call nahi aaya , aapke kahane se nhi aa jayenge",Moderate,,Call Connected,Confirmed,Agreed,Abhay,,,,,,phone pe hi digital sab kam nhi hota hai zmeeni str pe Kam nhi hota hai JS me,,,,,,,,,,,,,,,,,,,,,,,
Shivam,Vaishali,21. Hajipur (SC),21.0,Hajipur (SC),Mahnar,,,,Sanyojak,1.0,,Neet to intervene THV,Amar Singh,Absent,9905205933.0,lt. rajendra singh,"
- State Convenor of Abhiyan Samiti JSP.
-Teacher and founder of Adarsh Tarun Foundation, which provides free classes to Aspirants for government jobs.""
He belongs to kurmi caste",OBC,kurmi,baakipur me lage hai,Strong,,Call Connected,Confirmed,Agreed,Abhay,,Yes,Yes,basantpur,,jagah hai magar bht gao ka ilaka hai,Need to take followup,,yuv club k lie insan dhundna hoga,,,,,,,,,,,,,,,,,,,,
Shivam,Vaishali,21. Hajipur (SC),21.0,Hajipur (SC),Mahnar,,Basudevpur Chandel,Mahnar,Yuva,2.0,1.0,,Mohan Kumar,Present,8676999777.0,,"Mohan Kumar | 38| Tatwa | EBC
Former ZP 2nd runner up in 2021
He was Jan surraj Anumandal Yuwa Adkshya",EBC,Tatma,,Moderate,,,,,,Not Received,,,,,,,,,,,,,,,,,,,,,,,,,,,,
Shivam,Vaishali,21. Hajipur (SC),21.0,Hajipur (SC),Mahnar,Mahua,Khopi,Jamdaha,Mahila,3.0,3.0,,Rina sah,Present,7631142973.0,yogi sah,"-She is consectutive ward for 2 terms since 2016.
Jila General Yuwa secretary of congress from 2010 to 2016
Jila khel adkshya of Congress from 2016 to 2023
She is actively participating all the activities of jan surraj for the last 1 year.
She belongs to teli caste",EBC,teli kanu,"Present , 40y",Moderate,,Call Connected,Confirmed,,,Call Connected,Yes,Yes,kopi,,jagah hai magar saman bhej dijiega,No,,ni ho paega ye sb to,,,,,,,,,,,,,,,,,,,,
Shivam,Vaishali,21. Hajipur (SC),21.0,Hajipur (SC),Mahnar,,,,Sanyojak,4.0,1.0,,"
Praveen Kumar Singh",Absent,8235755634.0,,"Praveen Kumar Singh |57 | Male | Rajput | General 
| Ajay Bharat Party National Spokesperson
Ritered Teacher 
Own a College 

-Jansuraaj Mehnar Sangathan Zila Adyakash
-Former Ajay Bharat Party state Maha Mantri & National Spokeperson ( 2000-2003)
-Farmer ( 7 Acre land) ",General,Rajput,,Strong,,,,,,Call Connected,,,,,,,,NEED INTERVENTION OF PK & HARSHVARDHAN JII,,,,,,,,,,,,,,,,,,,,
Shivam,Vaishali,21. Hajipur (SC),21.0,Hajipur (SC),Mahnar,,,,Yuva,5.0,,,Sanjeev Kumar,Absent,9801118291.0,sone lalram,"Sanjeev Kumar |age 37| SC
Incumbent Sarpanch
He was prakhand Adkshya of  jan surraj of youth cell from jandaha block.",SC,chamar,,Moderate,,Call Connected,Confirmed,Agreed,Abhay,,Yes,Yes,mukundpur bhat,,,Need to take followup,,time lgega lrka ka nam number dene me hmoo,,,,,,,,,,,,,,,,,,,,
Shivam,Vaishali,21. Hajipur (SC),21.0,Hajipur (SC),Mahua,,,,Sanyojak,1.0,1.0,,Manoj Kumar Yadav,Absent,9472000700.0,,"Manoj Kumar Yadav | Male | 55 | OBC | Yadav | ZP Upadhyaksh

-Incumbent ZP Upadhyaksh(2023 To Till Date)
-Incument ZP (2021 To Till date)
-Former Mukhiya (2001 to 2006)
-Former LJP Karyasamiti Member(2007 to 2008)
-Former RJD Zila Mahasachiv(1999 to 2003)
-Former Janta Dal Prakhand Upadhyaksh(1996 to 1999) ",OBC,Yadav,not responding,,,Call Connected,,call after sometimes.,,,,,,,,,,,,,,,,,,,,,,,,,,,,,,
Shivam,Vaishali,21. Hajipur (SC),21.0,Hajipur (SC),Mahua,,,,Member,2.0,,,Dhananjay Singh,,9686520528.0,,By Profession He is Engineer ( IT Industry 14 Year ). Turned Businessman and Politician,GEN,Rajput,,,,,,,,,,,,,,,,,,,,,,,,,,,,,,,,,,,,
Shivam,Vaishali,21. Hajipur (SC),21.0,Hajipur (SC),Mahua,,,,Mahila,3.0,3.0,,Sanju Devi,Present,9199772135.0,,"Sanju Devi | 9199772135 | 47 | EBC | Nai

- Former 2 Consecutive Terms Mukhiya , 2006 to 2016
- Former Defacto Mukhiya, 2001 To 2006
- Former Deacto ZP Member, 2006 To 2011
- Former Govt. School Principal(VRS Reitired)
- Jan Suraaj Mahila State Working Committee
- Jan Suraaj Vidhansabha Coordinator
-  Former Jan Suraaj Block President
- Husband is Jan Suraaj Core Commitee Member
- Owns a Petrol Pump",EBC,nai,,Strong,,Call Connected,Confirmed,Agreed,,Call Connected,,,,,panchayat chunao ke bad hikoi kam karege,,,,,,,,,,,,,,,,,,,,,,,
Shivam,Vaishali,21. Hajipur (SC),21.0,Hajipur (SC),Mahua,,Hasanpur osti,Mahua,Member,4.0,4.0,,Md Sadik,Present,6203196051.0,,Former Mukhiya election contestant,Minority,Muslim,,,,Call Connected,Confirmed,,,,,,,,,,,,,,,,,,,,,,,,,,,,,,,
Shivam,Vaishali,21. Hajipur (SC),21.0,Hajipur (SC),Mahua,,Rasulpur mubarak,Mahua,Member,5.0,2.0,,Poonam Choudhary,Absent,9508405449.0,,"Poonam Choudhary | SC | 38
Mukhkiya runner up in 2016 and 2021
Prakhand Mahila adkshya of jan surraj from Mahua block
Women influencer and leads the jivika related womens",SC,,,,,Call Connected,Confirmed,Agreed,,,,,,,,,,,,,,,,,,,,,,,,,,,,,,
Shivam,Vaishali,21. Hajipur (SC),21.0,Hajipur (SC),Raghopur,,,,Sanyojak,1.0,1.0,,Chanchal Singh,Absent,8809087215.0,ram vilas singh,Male | 37 | Rajput | Former State Gen Secretary JD(U) Vyawasayik Prakosth 2014-2023 | Hotel & Real Estate Business | Convenor JD(U) Adhikar Rally | Contractor Namami Gange Project Sonpur & Simariya Ghat | Market Complex Mayaram Pethiya Bidupur | 4-5 Multistorey Buildings Hajipur | Hotel Business New Delhi,General,Rajput,switch off,Strong,,Call Connected,,Agreed,Amitabh,,Yes,Yes,sahbullapur dhabauli,,jagah hai saman magar bhejna hoga,Need to take followup,,samay dijie koi lrke ko khoj k nam number dete h,,,,,,,,,,,,,,,,,,,,
Shivam,Vaishali,21. Hajipur (SC),21.0,Hajipur (SC),Raghopur,,,,Sanyojak,2.0,,,Meghnath Paswan,,9955007892.0,Late Jawahar Bhagat,,,,,,,,,,,,,,,,,,,,,,,,,,,,,,,,,,,,,,,
Shivam,Vaishali,21. Hajipur (SC),21.0,Hajipur (SC),Raghopur,,,,Member,3.0,,,Bindeshwar Das,Absent,7257925048.0,,"- Sarpanch 2016, 2021
- Mukhiya 2011
- BJP Ex Maha Mantri
He Belongs to SC community",SC,,,Strong,,Call Connected,Confirmed,He agreed,Amitabh,,,,,,"mere pass time nhi rhta hai, mera nam mt rakhie",,,,,,,,,,,,,,,,,,,,,,,
Shivam,Vaishali,21. Hajipur (SC),21.0,Hajipur (SC),Raghopur,,,,Sanyojak,4.0,,,Satish Kumar Yadav,,,Late Lal Babu Ray,"Defacto UpMukhiya 
",OBC,YADAV,,,,,,,,,,,,,,,,,,,,,,,,,,,,,,,,,,,,
Shivam,Vaishali,21. Hajipur (SC),21.0,Hajipur (SC),Raghopur,,rajashank,Bidyupur,Mahila,5.0,,,Asha kumari,,8540816745.0,,"3 timesIncumbent ward member,
Former BDC contested
-worked in JDU Mahila sangathan 
She comes from Yadav caste.",OBC,yadav,,Weak,,Call Connected,,Agreed,Amitabh,,,,,,19 Tarik ko call kijiye fr btaege  q k abhi meri training chl rhi h,,,,,,,,,,,,,,,,,,,,,,,
Shivam,Vaishali,21. Hajipur (SC),21.0,Hajipur (SC),Raja Pakar (SC),,,,Sanyojak,1.0,3.0,,Mukesh Kumar,Present,9798627352.0,sri deendayal ram,"Mukesh Kumar | Male | 43 | SC | Ravidas | Former Mukhiya

-Former 3 Consecutive Terms Mukhiya(2006 to 2022)
-Former JDU Mahadalit Cell State Secretary(2017 to 2018)
-Former JDU District Secretary(2015 to 2016)
-Former JDU Active Member(2005 to 2024)
-",SC,Ravidas,,Moderate,,Call Connected,Confirmed,Highly active and ready to take any responsibility for jan suraaj,Amitabh,,Yes,Yes,birai,,jagah hai photo mil gai h,Need to take followup,,youth club k lie logo ko khojna hoga,,,,,,,,,,,,,,,,,,,,
Shivam,Vaishali,21. Hajipur (SC),21.0,Hajipur (SC),Raja Pakar (SC),,,,Member,2.0,,,Md. Naseem Alam,Present,8100433475.0,abdul kayyum," - Retired from Indian National Army in 2007
- Former Prakhand Pramukh from 2019-21
  - Former Panchayat Samiti Member (2016)
- Former Sarpanch from (2011)
  - Runner-up Panchayat Samiti Member in 2021 election
 - Businessman",Minority,Musli,,Moderate,,Call Connected,Confirmed,Agreed,Anjali,Call Connected,Yes,No,sahdei buzurg,,Unke pass office open krne ke liye koi place nhi hai baat vichar karke batayenge.,Yes,,Baat vichar karke confirm karenge.,,,,,,,,,,,,,,,,,,,,
Shivam,Vaishali,21. Hajipur (SC),21.0,Hajipur (SC),Raja Pakar (SC),,,,Sanyojak,3.0,,,Mahant Akhileshwar Paswan,Present,8578948039.0,sakaldeep paswan,"Mahant Akhileshwar Paswan | Male | 50 | SC | Dusadh | Mukhiya Contesatnt

-Former Mukhiya Contestant, 2016 , Got 812 Votes
-Former Panchayat Samiti Contestant, 2011, Got 756 Votes
-Former LJP, Block President, 2007 To 2022
-Former LJP Dalit Sena , Zila Adhyaksh, 2014 To 2015
-Akhil Bhartiya Kabir Vichar Manch Pardesh Adhyaksh
-Jan Suraaj State Working Committee Member",SC,Dusadh,present,Weak,,Call Connected,Confirmed,Agreed,Amitabh,,Yes,Yes,baikunthpur,,nam mera aage ja chuka hai is committe ke lie phle hi,Need to take followup,,thora time dijie hmko,,,,,,,,,,,,,,,,,,,,
Shivam,Vaishali,21. Hajipur (SC),21.0,Hajipur (SC),Raja Pakar (SC),,,,Sanyojak,4.0,,,Avinash Kumar	,Present,9594373013.0,,"Contested ZP Election - 2001 He was vidhan sabha prabhari from Raja Pakar. He comes from Bhumihar caste with ""ihar caste""",GEN,Bhumihar,present,Moderate,,Call Connected,Confirmed,He also got call from kisan cells. He told that pk will decide what best for him,Amitabh,,,,,,pradesh karyakarni me nam dia gya hai phle hi doosre pad pehai hum,,,,,,,,,,,,,,,,,,,,,,,
Shivam,Vaishali,21. Hajipur (SC),21.0,Hajipur (SC),Raja Pakar (SC),,,,Mahila,5.0,,,Pinky Kumari,Absent,9534199835 /9162750074,sri rajgir pandit,"- 2 times Ward Member Incumbent
- LJP(R) Prakhand Adhyaksh
- Been with Jan Suraj Since Yatra Days
She belong to Kumhar (EBC) Community.",EBC,kumhar,,Moderate,,Call Connected,Confirmed,Agreed,Amitabh,,No,,bisanpura,,mere ghr me jagah nhi h 2 room hai bs jisme poori family rehti hai,No,,,,,,,,,,,,,,,,,,,,,,
Shivam,Rosera,22. Ujiarpur,22.0,Ujiarpur,Bibhutipur,,,,Sanyojak,1.0,,,Bishwanath Choudhary,,9934273373.0,,"Bishwanath Choudhary alias Tufan Choudhary|69|Male|General|Bhumihar
9934273373
-2020 AE contestant 12000 votes.
-Ex Block president BJP 
-BJP Jila mantri 
- Bissutri Adhyaksh
-Active in politics since JP Movement.",GEN,Bhumihar,,,,Wrong Number,Not Confirmed,,,,,,,,,,,,,,,,,,,,,,,,,,,,,,,
Shivam,Rosera,22. Ujiarpur,22.0,Ujiarpur,Bibhutipur,,,,Sanyojak,2.0,,,Shivdani Prasad Singh,,6200645851.0,,"Ex Mukhiya for three terms 2001 to 2015
RJD Jila mahasachiv from 2005 to 2010
He belongs to Bhumihar caste",GEN,Bhunihar,garmi ki wajah se nhi aaye,Strong,coming,Call Connected,Confirmed,Agreed and excited to take responsibility,Anjali,Call Connected,Yes,Yes,,,Unke pass office open krne ke liye koi place nhi hai baat vichar karke batayenge.,Yes,,Baat vichar karke confirm karenge.,,,,,,,,,,,,,,,,,,,,
Shivam,Rosera,22. Ujiarpur,22.0,Ujiarpur,Bibhutipur,,,,Yuva,3.0,,,Sujit Chaudhary,,"9801298215/
 6200397344",,"Sujit Chaudhary| 32| Male| SC| Pasi

 - Incumbent Samiti (2021)
 - Former Runner Up Samiti (2016)
 - Former Ward Member (2011)
 - Prakhand Adyaksh Dalit Sena",SC,Pasi,emergency work,Moderate,coming seat no 38,Call Connected,Confirmed,Agreed,Anjali,Call Connected,No,No,,,Other party supporter.,No,Niraj kr- 9708773962,Other party supporter.,,,,,,,,,,,,,,,,,,,,
Shivam,Rosera,22. Ujiarpur,22.0,Ujiarpur,Bibhutipur,,,,Member,4.0,,,Vandana Kumari,,6201865907.0,,"Vandana Kumari | 44 | Gen. | Bhumihar | Female

-2 Consecutive term Sarpanch (2016 & 2021)
-Sarpanch Sang treasurer Adhyaksha.",GEN,Bhunihar,Surpanch ke kaam me peresaan thi,Moderate,coming,Call Connected,Confirmed,Pooja ke wajah se nhi aa paege,Anjali,Switch Off,,,,,joined BJP,,,,,,,,,,,,,,,,,,,,,,,
Shivam,Rosera,22. Ujiarpur,22.0,Ujiarpur,Bibhutipur,,,,Sanyojak,5.0,,,Mahendra Mahto,,9708051428.0,,"Mahendra Mahto | 56 | Male | OBC| Kushwaha

-2 term Defacto Mukhiya (2016-till now).
-Former JDU Prakhand committee member.(2010-2021)
-One of the prominent name in kushwaha community.",OBC,Kushwaha,block meeting  me the,Strong,coming,Call Connected,Confirmed,Agreed,Anjali,Call Connected,No,No,,,Office ke liye place nhi hai unke ghar pr,No,pankaj thakur 6200833031,,,,,,,,,,,,,,,,,,,,,
Shivam,Samastipur,22. Ujiarpur,22.0,Ujiarpur,Mohiuddinnagar,,,,Sanyojak,1.0,,,Anil Kumar Singh,,7091448818.0,lt. vishvanath singh,"Anil Kumar Singh |  40  |  Male  |   General  |  Rajput |  7091448818   |   Former ZP Member, Former 2 Consecutive Terms ZP Member, 2011 To 2021, Former ZP Upadhyaksh, 2016 To 2021, Former ZP Contestant, 2021 , Got 2900 Votes, Former BJP Panchayti Raj Cell, Pradesh Prabhari, 2011 To 2023, Jan Suraaj Prakhand Parbhari, Jan Suraaj State Working Committee Member, Contractor",General,Rajput,"in patna for protest ,",Strong,coming,Call Connected,Confirmed,agreed,Anjali,Call Connected,Yes,Yes,"Vill- Rasalpur
Landmark-
Panchayat- Dharmipatti east
Block-Mohanpur
District -Samastipur
",,One week baad date confirm karenge.,Yes,Ankit kr- 9525119262,nam number de dege,,,,,,,,,,,,,,,,,,,,
Shivam,Samastipur,22. Ujiarpur,22.0,Ujiarpur,Mohiuddinnagar,,,,Yuva,2.0,,,Hemant Kumar Mantu,,9939999558.0,shri dhani lal ray,"Hemant Kumar Mantu | Male | 37 | OBC | Yadav 
9939999558
- District President of Yuva Morcha of AAP (2018 - 2024)
- Defacto PACs President 2019
- Former Block President of AAP (2013 - 2018).
- Contested for ZP from ZP seat no. 18 in 2016 and 2021 and secured 2786 votes.
- Contested for BDC in 2011 but lost the election.",OBC,Yadav,was busy in work,Moderate,coming,Call Connected,Confirmed,Agreed but name is taken by mahila team,Anjali,Switch Off,Yes,Yes,,,"ZP chunao hm larege hum, chahte h k JS sadhan sansadhan de hmko chunao k samay",Need to take followup,Priyesh kr- 7549648608,log hai nazar me hmare hm number de dege bad me,,,,,,,,,,,,,,,,,,,,
Shivam,Samastipur,22. Ujiarpur,22.0,Ujiarpur,Mohiuddinnagar,,,,Mahila,3.0,,,Anita Rai,,6203966197.0,,"Anita Rai | 6203966197 | 55 | OBC | Yadav
- Former Pramukh - Patori block (2001-2005)
- Acive in RJD since 22 years as a block, district president as well as in state core committee

- Fought mukhia election 2021 got 950 votes, lost by 150",OBC,Yadav,,Strong,Not received,Call Connected,Confirmed,agreed,Anjali,Call Connected,Yes,Yes,"Vill- Saksalem
Landmark-
Panchayat- Saksalem
Block-Patori
District -Samastipur
",,One week baad date confirm karenge.,Yes,,,,,,,,,,,,,,,,,,,,,,
Shivam,Samastipur,22. Ujiarpur,22.0,Ujiarpur,Mohiuddinnagar,,,,Sanyojak,4.0,,,Rajesh Ram,,9771374236.0,shri munshi lal ram,"Rajesh Ram | 49 | SC| Ram | Male

- De-facto ZP- 2021 (wife- Kiran Kumari, votes- 5795, margin- 3199 against Nutan Devi)
- Former Mukhiya- 2011.
- Former Sarpanch- 2006.
- Former RJD Zila Adhyakash (Dalit Prakosth) - 2004-06.
- Associated with 'Mithila Dalit Sansthan' (2017-till now),
-His father was a Central Gov. Employee (MES).
- His grand-father was Former Sarpanch 27 years 1979-2006""",SC,Ram,present,Strong,coming,Call Connected,Confirmed,Agreed and she will contest mukhiya election this time,Anjali,Call Connected,No,No,,,Time nhi hai election ki tayari me lge hue hain.,No,,,,,,,,,,,,,,,,,,,,,,
Shivam,Samastipur,22. Ujiarpur,22.0,Ujiarpur,Mohiuddinnagar,,,,Mahila,5.0,,,Manti devi,,"8507427819,  8877552342",,"Manti devi | 48 | OBC| Kurmi 
- ZP 3rd Runner up in 2006 (4800)- ZP Runner up in 2011 (6200)- Mukhiya Contestant in 2016 and Mukhiya Runner up
 in 2021- Founder of Mahila Samudaya AshChamar NGO since 2000",OBC,Kurmi,Tabiyat kharab hy,Moderate,not well,Call Connected,Confirmed,He agreed,Anjali,Call Connected,,,,,Call back later.,,,,,,,,,,,,,,,,,,,,,,,
Shivam,Samastipur,22. Ujiarpur,22.0,Ujiarpur,Morwa,,,,Sanyojak,1.0,,Inse bat kar lena chunav ladna hai inhe,Dharam Nath Sah,,9871140181.0,,"Dharam Nath Sah | Male | 40 | EBC | Kanu | Defacto Mukhiya Contestant 

-Former Defacto(Wife) Mukhiya Contestant (2016-375 Votes & 2021-1560)
-Member of All India SC/ST Railway Employee Association(2006 to Till Date)
-JS PK Youth Club President
",EBC,Kanu,Wife ki tabiyat kharab hai,Moderate,coming,Call Connected,Confirmed,,Anjali,Call Connected,No,No,"Vill- 
Landmark-
Panchayat-
Block-
District -
",,Time nhi hai election ki tayari me lge hue hain.or unka khud ka club hai .,Yes,Dharam Nath Sah 9871140181,"hum youthclub coordinator hai, hm chahte hai wapis open ho",,,,,,,,,,,,,,,,,,,,
Shivam,Samastipur,22. Ujiarpur,22.0,Ujiarpur,Morwa,,,,Sanyojak,2.0,,,Abhimanyu Kumar,,6207883700.0,sri ram narayan mishra,"Abhimanyu Kumar  | Male | 50 | General | Bhumihar | Former Ward Parshad
-Former Ward Parshad , 2001 To 2006
-Former Defacto Nagar Parishad, Patori Contestant, 2022
Former BJP Vidhansabha Parbhari, Drabhanga, 2014 To 2015
-Former BJP Vidhansabha Prabhari, Phulpras, 2013 To 2014
-Former BJP Prakhand Upadhyaksh, 2007 To 2012
-Former BJP Zila Mantri, 2009 To 2012
-Former BJP Mandal Adhyaksh, 2006 To 2009
Jan Suraaj Nagar Adhyaksh ",GEN,Bhumihar,Present,Moderate,coming,,,,Anjali,Call Connected,Yes,Yes,"Vill- Ward no. 25
Landmark- Near Hanuman Nagar 
Panchayat-N P Ward no . 25
Block-Patori
District - Samastipur
",,1 table 4 chair chahiye hoga .,Yes,,4din samay dijie,,,,,,,,,,,,,,,,,,,,
Shivam,Samastipur,22. Ujiarpur,22.0,Ujiarpur,Morwa,,,,Yuva,3.0,,,Pankaj Kumar,,6287874760.0,,"Pankaj Kumar | Male | 30 | OBC | Yadav | 6287874760 

|Incumbent Defacto(Mother) Panchayat Samiti , 2021 To Till Date , Got 2730 Votes, Incumbent Block Pramukh, 2021 To Till Date, Father Is 5 Consecutive Terms  PACS President, 2002 To Till Date, Father Is Vyapar Mandal Adhyaksh , Patepur, Former RJD , Student Wing State Vice President, 2018 To 2023, Durga Puja Samiti Adhyaksh, Patepur, Director Of Inter College, Ganesh Rai Inter College, Construction Material Business",OBC,Yadav,"emergency work aa gya tha so ,",Moderate,busy,Call Connected,Confirmed,,Anjali,Out of Network,,,,,,,,,,,,,,,,,,,,,,,,,,,,
Shivam,Samastipur,22. Ujiarpur,22.0,Ujiarpur,Morwa,,,,Mahila,4.0,,,Sandhya Bharti,,9905373531.0,,"Sandhya Bharti | 39 | OBC| Kushwaha
- 1st Runner-up from ZP seat no. 18 and secured 5378 votes.
- Trustee of ""Manju Samaj Kalyan Seva"" (2018 - till now). - Father is also a PACs Adhyaksh (2014-till now).",OBC,Kushwaha,Present,Strong,coming,Call Connected,Confirmed,He told me that he know the vidhan sabha and ready to take any responsibility.,Anjali,Call Connected,No,No,,,Wah rent pr rhti hain unke pass koi place nhi hai office ke liye.,,rohit - 9430614490,,,,,,,,,,,,,,,,,,,,,
Shivam,Samastipur,22. Ujiarpur,22.0,Ujiarpur,Morwa,,,,Member,5.0,,,Ram Babu Pandit,,8651388305.0,,"Ram Babu Pandit | 48 | Male |EBC| Kumahar

- 2 term Sarpanch (2016, 2021)
- Strong Hold inEBCCommunity
- Private Contractor ",EBC,Kumhar,,,,,,,,Not Received,,,,,,,,,,,,,,,,,,,,,,,,,,,,
Shivam,Vaishali,22. Ujiarpur,22.0,Ujiarpur,Patepur (SC),,,,Sanyojak,2.0,,Need to Intervene THV,Santosh Kumar jha,,7352937687.0,lt. baban jha,"- Retired Sub Inpector
- He joined Bihar Police Service in 1976 and retired in 2010 as a Sub Inspector.
- He has a 10 acre of land and getting the pension.
 ",GEN,Brahmin,Present,Moderate,,Call Connected,,Agreed,Insha,Call Connected,Yes,Yes,Village- post mlpur Thana - Patepur Block- Patepur District  Vaishali landmark- SBI ke samne me Ghr hai main road pe,,malapur,Need to take followup,"Rupesh Kumar tiwari 
7654242188",Jb kit jayga tb khul jayga aaj jayga to aaj hi khol denge,,,,,,,,,,,,,,,,,,,,
Shivam,Vaishali,22. Ujiarpur,22.0,Ujiarpur,Patepur (SC),,,,Member,3.0,,,Ratnesh Singh,,9905092949.0,,"- Contested Mukhiya(2011, 2016)
- Her husband was defacto Sarpanch in 2006",,,Present,,,,,,,,,,,,,,,,,,,,,,,,,,,,,,,,,,,
Shivam,Vaishali,22. Ujiarpur,22.0,Ujiarpur,Patepur (SC),,,,Member,4.0,,,Ehsan Ali,,9973185819.0,,"He has won the ward member election by 34 votes, he has good political knowledge.
  Professional or Social Achievements: He has been socially active in panchayat and also he has been doing social activites.",Minority,,Present,,,,,,,,,,,,,,,,,,,,,,,,,,,,,,,,,,,
Shivam,Vaishali,22. Ujiarpur,22.0,Ujiarpur,Patepur (SC),,,,Sanyojak,5.0,,,Rajiv Kumar Singh,,8579847144.0,SHIV SHANKAR MISHRA,"- ZP Contestant of 2016 (1st Runner up, got 4600 votes)
- Prakhand President of JD(U) (2005-15)
He belongs to Bhumihar caste",GEN,Bhumihar,emergency work,Moderate,,Call Connected,Confirmed,,Insha,Not Received,Yes,Yes,Bagopur narsanda,,mera nam dia gya hai aage is pad k lie bahut phle bt hui hai,Yes,"Bhola das
7479459646",,,,,,,,,,,,,,,,,,,,,
Shivam,Samastipur,22. Ujiarpur,22.0,Ujiarpur,Sarairanjan,,,,Vistarak,1.0,,,Sajan Kumar Mishra,,9955238981.0,,"Sajan Kumar Mishra | Male | 64 | General | Brahmin | MLA Contestant
9955238981
-Former MLA Contestant, 2005, Sarairanjan Constituency , LJP , 2005, Got 29000 Votes
-Former 2 Terms PACS President, 2007 To2014
-Former Mukhiya, 2001 To 2006
-Former Defacto Mukhiya, 2008 To 2016
-Former JDU Farmer Cell Pradesh Mahasachiv, 2007
-Former RJD State Spokesperson, 2020 To 2024
-Father was 4 Terms MLA, 1967, 1969 , 1972, 1980
-Father was Bhavan Nirman and Awas Mantri from 1990 To 1995",GEN,Brahmin,,,,,,,,,,,,,,,,,,,,,,,,,,,,,,,,,,,,
Shivam,Samastipur,22. Ujiarpur,22.0,Ujiarpur,Sarairanjan,,,,Yuva,2.0,,,Rakesh Kumar Sah,,8340742276.0,,"Rakesh Kumar Sah | Male | 28 | EBC | Kanu | JAP District Youth Member

-Jansuraaj Block Coordinator
-Former AAP District Youth member (2018-20)
--Former JAP District Youth member (2020-23)
-Director of AR Diagnostic",EBC,Kanu,Present,Moderate,,Call Connected,Confirmed,Agreed,,Call Connected,No,,,,zila mahadachiv hai abhi hum,,,,,,,,,,,,,,,,,,,,,,,
Shivam,Samastipur,22. Ujiarpur,22.0,Ujiarpur,Sarairanjan,,,,Yuva,3.0,,,Raj Kumar Parsad,,8969667731.0,,"*Raj Kumar Prasad । 40 । Teli ।EBC। 8969667731* 

- Prakhand Sarpanch Sangh Adyaksh
- Incumbent Sarpanch
- Prominent Businessman""",EBC,Teli,,Moderate,coming,Call Connected,Confirmed,agreed,Insha,Not Received,,,,,not reachable,,,,,,,,,,,,,,,,,,,,,,,
Shivam,Samastipur,22. Ujiarpur,22.0,Ujiarpur,Sarairanjan,,,,Mahila,4.0,,,Chandra kala Sah,,9798921524.0,,she was mahila Prakhand adkshya of vidhyapati nagar blocks,EBC,Teli,,,,,,,Insha,Call Connected,No,,,,commitee me nam mt jorie mera jinko ticket die vo milne b ni ae hm log s or bik gae,,,Health issue,,,,,,,,,,,,,,,,,,,,
Shivam,Samastipur,22. Ujiarpur,22.0,Ujiarpur,Sarairanjan,,,,Yuva,5.0,,,Sujit kumar,,6203576291.0,rajeshwar rai,"Former sarpanch 2016 to 2021
He was Prakhand Media prabhari of Jan suraaj
He was Jan surraj vidhan sabha sanyojak
He belongs to Yadav caste",OBC,Yadav,,Moderate,out of station in kolkatra,Call Connected,Confirmed,Agrred and ready to make carder,Insha,Not Received,Yes,Yes,dansara,,,Need to take followup,chandan sah 7256008894,kal btaege nam,,,,,,,,,,,,,,,,,,,,
Shivam,Samastipur,22. Ujiarpur,22.0,Ujiarpur,Ujiarpur,,,,Sanyojak,1.0,,,Rajeev Kumar Pandey,,8084073339.0,lt. mohan prasad,"Rajeev Kumar Pandey | Male | 56 | General | Bhumihar | BJP Prakhand Sanyojak
8084073339
-Former BJP Prakhand Sanyojak(1994 to 2022)
-Former ABVP Sanghatan Prabhari(1988 to 1993)
-Former 2 Terms Mukhiya Contestant(2001 , got 785 Votes & 2006 , Got 898 Votes
-Former TD Inetr College Prabhari (1990 to 1991)
-Prominnet Social Worker(Plays an Inportant role in  Building govt School )
-Jan Suraaj Sanghatan Mahasachiv",General,Brahmin,not so free will talk later,Moderate,switch off,Call Connected,Confirmed,,Insha,Not Received,Yes,Yes,harpur rewari,,,Need to take followup,gautam das 9708300783,kuch din me de dege,,,,,,,,,,,,,,,,,,,,
Shivam,Samastipur,22. Ujiarpur,22.0,Ujiarpur,Ujiarpur,,,,Mahila,2.0,,,Rinki Paswan,,9507448946.0,,"Rinki Paswan | 9507448946 | Female | 38 | SC | Paswan | Incumbent Panchayat Samiti

-Incumbent 2 Consecutive Terms Panchayat Samiti(2016 to Till Date)
-Former Block Pramukh(2016 To 2021)
-Former RLSP Pradesh Schiv Mahila Cell(2016 To 2019)
-Jan Suraaj Zila Mahila Adhyaksh",SC,Dusadh,Patna me hai .,Strong,Not received,Call Connected,Confirmed,,Insha,,,,,,,,,,,,,,,,,,,,,,,,,,,,,
Shivam,Samastipur,22. Ujiarpur,22.0,Ujiarpur,Ujiarpur,,,,Member,3.0,,,Pawan Singh,,"9931964310
9399968141",,"-4 times Incumbent Panchayat Samiti
-Up-pramukhrunner up 2016(lost by 1 vote)
-Former Zila Mahamantri , BJP
He belongs to Rajput castre
",General,Rajput,Panchayat me kisi ka accident ho gya isi wajah  se nhi aaye,Strong,Coming,Call Connected,Confirmed,He agrees and was anumandal upadkshya of Jan surraj.,Karan,,,,,,,,,,,,,,,,,,,,,,,,,,,,,
Shivam,Samastipur,22. Ujiarpur,22.0,Ujiarpur,Ujiarpur,,,,Member,4.0,,,Vijay Kumar,,6202448936.0,,"Vijay Kumar| 51| OBC| Yadav Male
-Former 2 times Mukhiya (2016, 2001)
-Former Zila Sachiv, RJD (2016-2018)
- Former BJP Vidhan Sabha Prabhari (2019)
-Father was PACS Adhyaksh for 10 years.",OBC,Yadav,Dost ki patni expire ho gye,Strong,Coming,Call Connected,Confirmed,He agrees and told that he can positively contribute since he has panchayati election experience. He just sad that he didnot get any recognisation even after attending all meetings,Karan,,,,,,JS chor chuke h hum,,,,,,,,,,,,,,,,,,,,,,,
Shivam,Samastipur,22. Ujiarpur,22.0,Ujiarpur,Ujiarpur,,,,Member,5.0,,,Birendra Das Paan,,7631822704.0,,"Birendar Das Pan| 49| SC| Pan| male
- District Adhyaksh of ""Pan Chaupal Bunkar Mahadalit Sangh"" (20`6- 2024)
- Viashy Dalit Pichda Manch Pradesh Mahasachiv (2022-2024)
-Rashtriye Pichda Dalit Mahasangh Zila Upadhyaksh (2024)
- Businessman
- Graduated
- Very close to incumbent ZP Hemlata Kumari",SC,Paan,,Moderate,Coming,Not Received,,Agreed and sad that he is not getting much information about jan surraj now,Karan,,,,,,,,,,,,,,,,,,,,,,,,,,,,,
Shivam,Darbhanga,23. Samastipur (SC),23.0,Samastipur (SC),Hayaghat,,,,Member,1.0,1.0,,Pratibha Singh,,9892227992.0,,"Pratibha Singh | 59 | Female | General | Rajput | BMC Contestant

-Former Bombay Municipal Councilor Contestant , 2017 
-Former Congress Zila Sachiv, 2017 To 2020
-Former Congress Delegeate, 2020 To 2025
-Director Of Pratibha Bihar Acdemy School
-Social Workier",GEN,Rajput,,Strong,,Call Connected,Confirmed,,Karan,,,,,,,,,,,,,,,,,,,,,,,,,,,,,
Shivam,Darbhanga,23. Samastipur (SC),23.0,Samastipur (SC),Hayaghat,,,,,2.0,,,Vijay Kumar Singh,,7295033839.0,,"Male | 45 | General | Rajput; Ex Block Up Pramukh (2011, 2016); Panchayat Samiti (2 times); Building Material Businessman",GEN,Rajput,,Strong,,Call Connected,Confirmed,He agreed,Karan,,,,,,,,,,,,,,,,,,,,,,,,,,,,,
Shivam,Darbhanga,23. Samastipur (SC),23.0,Samastipur (SC),Hayaghat,,,Hayaghat,Member,3.0,,,Dinesh Bhagat,,9801017583.0,Ramlakhan Bhagat,"Serving as the President of PACS continuously since 2019.
•Contested the Zila Parishad election in 2001 and 2016.
•Since 2018, District President of ATMA (Agricultural Technology Management Agency) from Darbhanga.
•Member of the governing body under the Department of Agriculture, Government of Bihar.
•In 2018, he was the sole representative selected from Bihar to attend a NABARD conference held in Lucknow, where he was also honored.
•In 2017, participated in a mango farming conference from 6 states held in Bengal, and he was awarded the 2nd prize by the Government of West Bengal.
He belongs to EBC (Badai) Caste",EBC,Badhayi,,Moderate,,Call Connected,Confirmed,,Karan,,Yes,Yes,,,office ke lie jagah hai office khul jaega Ghar me,Need to take followup,,2 din k bad call kijiega sanchalk k nm de dege,,,,,,,,,,,,,,,,,,,,
Shivam,Darbhanga,23. Samastipur (SC),23.0,Samastipur (SC),Hayaghat,,,,Mahila,4.0,,,Shaheen khatoon,,8757529098.0,md. yasin,"Shaheen khatoon | Minority | Muslim 
- Runner-up ward Councillor in  2022 Nagar Nikay election (1200) vote
- Respected Muslim Chaudhuri family . 
- Her husband was a senior LJP leader who was very close to Ram Vilas Paswan.",Minority,Muslim,,Moderate,,Call Connected,Confirmed,He agreed,Karan,,Yes,Yes,station ke pass,,jagah hi open ho jaega,Need to take followup,,saam ko full detail dete hai,,,,,,,,,,,,,,,,,,,,
Shivam,Darbhanga,23. Samastipur (SC),23.0,Samastipur (SC),Hayaghat,,,Baheri,Member,5.0,,,Dilip Paswan,,9472802205.0,Arjun Paswan,Former Zila Parishad Since 2011 to 2016,SC,Dusadh,,Strong,,Call Connected,Confirmed,he agreed,Karan,,Yes,Yes,,,sabhi emc se baat karke decision lenge..,Need to take followup,,phle bt hogi baki logo se tb hi bta paege hum,,,,,,,,,,,,,,,,,,,,
Shivam,Samastipur,23. Samastipur (SC),23.0,Samastipur (SC),Kalyanpur (SC),,,,Sanyojak,1.0,1.0,,Ram Balak Paswan,,9934263549.0,lt. brahamdev paswan,"Ram Balak Paswan | Male | 61 | SC | Paswan | Incumbent Deputy Mayor
9934263549
-Incumbent Deputy Mayor (2023 To Till Date)
-Mahamantri Rameshwar Jute Mill Staff and workers Sangh 
-Jan Suraaj State Core Committee Member
-Former BJP SC Cell Pradesh Upadhyaksh(2018 To 2021)
-Former JDU SC Cell Pradesh Adhyaksh(2010 to 2013)
-Former Janta Dal Zila Mahasachiv(1984 To 1989)
-Former ZP Contestant(2016), Got 7342 Votes
-Former MLA Contestant(2015), Independent, Kalyanpur, Got 5600 Votes
 ",SC,Dusadh,Present,Strong,coming,Call Connected,Confirmed,Agreed,,Call Connected,Yes,Yes,nagar panchayat ward 8,,office hai khula hm photo de dege apko,Yes,santosh - 8651410233,,,,,,,,,,,,,,,,,,,,,
Shivam,Samastipur,23. Samastipur (SC),23.0,Samastipur (SC),Kalyanpur (SC),,,,Member,2.0,,,Prafhul Kumar Jha,,9905998487.0,,"""Prafhul Kumar Jha| 30| Gen| Brahmin

- Planning to contest the sarpanch election 
- Have a strong influence among youth 
- Run youtube channel to promote his social work """,GEN,Brahmin,Present,,,,,Zonal Prabhari,Karan,,,,,,,,,,,,,,,,,,,,,,,,,,,,,
Shivam,Samastipur,23. Samastipur (SC),23.0,Samastipur (SC),Kalyanpur (SC),,,,Sanyojak,3.0,,,Mona Parshad Urf Sundeshwar Ram,,9686397198,,"Amona Parshad | Male | 56 | SC | Chamar | MLA Contestant

-Former MLA Contestant, LJP, 2020, Kalyanpur Constituency, Got 26000 Votes
-Former LJP Member, 2020 To 2020
-Former BJP District Mahamantri, 2020 To 2022
-Former BJP SC Cell District President, 2017 To 2020
-Jan Suraaj State Core Committe Member",SC,Chamar,IN Bengluru,,,Not Received,,,Karan,,,,,,,,,,,,,,,,,,,,,,,,,,,,,
Shivam,Samastipur,23. Samastipur (SC),23.0,Samastipur (SC),Kalyanpur (SC),,,,Mahila,4.0,,,Devrani Jha,,9939465266.0,pappu jha,"Devrani Jha | 45| Gen| Brahmin
- Mahila Adhyaksh Congress Zila Committee ( 2014-23)
- Vidhan Sabha Prabhari Mahila Morcha Congress (2022-24)
- Actively engaged with Jeevika Group across the kalyanpur vidhansabha
- Her father in law was Secretary in Congress Zila Committee - Her son closely work with Maheswar Hazari",GEN,Brahman,Beti ke shaadi,Strong,coming,Call Connected,Confirmed,Agreed,Karan,,Yes,Yes,,,Ghar me jagah hai aa k ghr me space dekh lijie,Need to take followup,,lrke kanam dene k lie thora time lgega,,,,,,,,,,,,,,,,,,,,
Shivam,Samastipur,23. Samastipur (SC),23.0,Samastipur (SC),Kalyanpur (SC),,,,Sanyojak,5.0,,,Subhash Sahni,,9934748077.0,Subhash sahani,"- Former Sarpanch Sangh Adhyaksh of Kalyanpur block (2006-11)
- Former 1st runner up Zila Parishad in 2011 election. - Former Zila Karyakarani Sabha Adhyaksh of RJD for 10 year (2006-2015)
- Former VIP Vidhan sabha Prabhri (2016-2020)
-Former 2 times Sarpanch of Purushottampur Panchayat (2006-16).
He belongs to Mallah caste",EBC,Mallah,,Moderate,Coming,Call Connected,Confirmed,Agreed,Karan,,Yes,Yes,,,chennai aae hue hai eye ka checkup karwane wapis bihar lautne me samay lgega hmko office or club open ho jaega mgr time lgega abhi kafi,Need to take followup,,chennai s wapic laut k hi bta paege,,,,,,,,,,,,,,,,,,,,
Shivam,Darbhanga,23. Samastipur (SC),23.0,Samastipur (SC),Kusheshwar Asthan (SC),,,Kusheshwar Asthan east,Sanyojak,1.0,1.0,,Shatrudhan Paswan,,9006547727.0,Shri Nathuni Paswan,"Shatrudhan Paswan | Male | 50 | SC | Paswan | Incumbent Nagar Panchayat Chairman

-Incumbent Nagar Panchayat Chairman , 2022 To Till Date
-Former Mukhiya Contestant, 2011 & 2016 got 
-Former RJD Member 2019 To 2025
-Former LJP Member 2003 To 2019
-",SC,Dusadh,,Strong,,Call Connected,Confirmed,He agreed and told that he will contest mukhiya election becuase seat is going to be unreserved.,Ketan,,,,,,abhi court me hai 5bje k bad bt kijiega,,,,,,,,,,,,,,,,,,,,,,,
Shivam,Darbhanga,23. Samastipur (SC),23.0,Samastipur (SC),Kusheshwar Asthan (SC),,,Kusheshwar Asthan,Yuva,2.0,,,Indrakant Paswan,,8051233441.0,Jay Krishna Paswan,"Consecutively two times sarpanch and sarpanch sangh prakhand adkshya since 2016.
He was DSC member and vidhan sabha prabhari.",SC,Dusadh,,Moderate,,Call Connected,Confirmed,,Ketan,,Yes,Yes,"Ghordaud , post chigri , kusheshwar sthan darbhanga",,apne ghar pe hi,Yes,"Surendra Paswaan 
9122692930","PC on Live , kal shaam me call karna hai ..",,,,,,,,,,,,,,,,,,,,
Shivam,Darbhanga,23. Samastipur (SC),23.0,Samastipur (SC),Kusheshwar Asthan (SC),,,Kusheshwar Sthan,Mahila,3.0,,,Anita Devi,,7480093463.0,स्व. रमाकांत राय,"Anita Devi |40 | Teli | EBC
-Mukhiya Runner up, 2021
- JDU Block Mahila President 2016 - 2024",EBC,Teli,,Moderate,,Call Connected,,,Ketan,,Yes,Yes,bargau,,office k lie jagah hai Ghar me lekin saman bhejna hoga,Need to take followup,,"financial weak , need proper assistance , mobilisation capacity strong",,,,,,,,,,,,,,,,,,,,
Shivam,Darbhanga,23. Samastipur (SC),23.0,Samastipur (SC),Kusheshwar Asthan (SC),,,Kusheshwar Sthan,Sanyojak,4.0,,,Dhurv pathak,,9153330700.0,राधा कृष्ण पाठक,"ZP runner up in 2021
He Prakhand pravkta of Jan surraj
He belongs to Brahmin caste",GEN,Brahmin,,Moderate,,Call Connected,Confirmed,She agreed and ready to take responsibilty  but sad because candidate didnot give respect,,Call Connected,,,,,"out of station , 
will talk next month",,,,,,,,,,,,,,,,,,,,,,,
Shivam,Darbhanga,23. Samastipur (SC),23.0,Samastipur (SC),Kusheshwar Asthan (SC),,,,Yuva,5.0,,,Nawal Kishor rai,,8002128310.0,,"Former mukhiya from 2016 to 2021
Mukhiya runner up in 2021
Zila Upadkshaya of Jan surraj
He belongs to kurmi caste ( OBC)",OBC,Kurmi,,Moderate,,Call Connected,Confirmed,Agreed and devoted to jan surraj,,,,,,,,,,,,,,,,,,,,,,,,,,,,,,
Shivam,Rosera,23. Samastipur (SC),23.0,Samastipur (SC),Rosera (SC),,,,Sanyojak,1.0,1.0,,Rohit Kumar,,9999764059.0,,"Rohit Kumar | Male | 27 | SC | Dusadh | Incumbent Mukhiya| 9999764059

-Incumbent Mukhiya, 2021 To Till Date 
-Social Worker 
-Jan Suraaj Yuva Anumandal Adhyaksh",SC,Dusadh,busy in patna protest,Strong,,Call Connected,Confirmed,most devoted jan surraji,Ketan,,,,,,Mera nam mt rakhiega is committe me hm abhi panchayat chunao me apna samay dege kyu k Mera base isi se hai to hm direct abhi panchayat me samay dege ho sake to chunao b lare,,,,,,,,,,,,,,,,,,,,,,,
Shivam,Rosera,23. Samastipur (SC),23.0,Samastipur (SC),Rosera (SC),,,,Mahila,2.0,,,Anisha Kumari,,8252042945.0,,"- She is a very famous face in the women's community 
- Her Sister is the incumbent ZP from Chhourahi Block Begusarai
- She is very active for Jan Suraj 
- She wants to participate in the PRI election. 
- Her family is politically very strong 
- Businesswomen",,,,Weak,,Call Connected,Confirmed,He agreed,Ketan,,,,,,invalid number,,,,,,,,,,,,,,,,,,,,,,,
Shivam,Rosera,23. Samastipur (SC),23.0,Samastipur (SC),Rosera (SC),,,,Sanyojak,3.0,,,Manish Sahni,,9122247192.0,sankar sahani,"- LJP MLA Contestant From Hasanpur Against Tej Pratap(10000 Votes)
- Founding Member of VIP Party
- Three Terms Defacto Ward Commissioner (2011, 2016, 2021)",EBC,Mallah,,Moderate,,,,,Ketan,,Yes,Yes,NP,,jagah ni h ghr me offc k lie kisi or k ghr pekholna hoga,Yes,Manish Sahni-9122247192,self,,,,,,,,,,,,,,,,,,,,
Shivam,Rosera,23. Samastipur (SC),23.0,Samastipur (SC),Rosera (SC),,,,Sanyojak,4.0,,,Chathneshwar roy,,9006184026.0,,"- Former Defacto Block Pramukh (2016)
- Defacto Incumbent Up-Pramukh
- Three Term Defacto Samiti(2011,2016,2021)
- Incumbent Mukhiya
He belongs to bhumihar caste",GEN,Bhumihar,,Strong,,,,,Ketan,,,,,,,,,,,,,,,,,,,,,,,,,,,,,
Shivam,Rosera,23. Samastipur (SC),23.0,Samastipur (SC),Rosera (SC),,,,Member,5.0,,,Amarjeet Yadav,,8210713076.0,kusum lal yadav,"Amarjeet Yadav | 44 | OBC| Yadav | male
 -3 term Defacto Sarpanch (2011, 2016 ,2021)
-Former RJD Prakhand Yuva Adhyaksh (2009-2015)",OBC,Yadav,,Moderate,,Call Connected,Not Confirmed,He wants to be in district or state committee,Ketan,,Yes,Yes,mahra,,office khul jaega saman milega to,Yes,Amarjeet Yadav-8210713076,self,,,,,,,,,,,,,,,,,,,,
Shivam,Samastipur,23. Samastipur (SC),23.0,Samastipur (SC),Samastipur,,,,Sanyojak,1.0,1.0,,Tarkeshwar Nath Gupta,,9113383326.0,lt. Ram Narayan Prasad gupta,"Tarkeshwar Nath Gupta | Male | 55 | OBC | Bania | Chairman Nagar Nigam
9113383326
-Former Chairman Samastipur Nagar Nigam, 2017 To 2022
-Former Ward Councilor, 2017 to 2022
-Former  Defacto Ward Councilor, 2012 To 2017
-Former RJD Zila Upadhyaksh(2018 To 2022)
-Former RJD Member(1997 To 2022)
-Jan Suraaj Pradesh Karyasamiti Sadasya",OBC,Bania,Present,Moderate,coming,Call Connected,Confirmed,"He didnot get the ticket so, he is sad but agreed to committee. He also told that people wanted to be hin in Jila committee and but he dont want that.",Ketan,,Yes,Yes,"nagar nigam, chini mil chauk",,office khol dete jagah h,Need to take followup,,bad me bta dege,,,,,,,,,,,,,,,,,,,,
Shivam,Samastipur,23. Samastipur (SC),23.0,Samastipur (SC),Samastipur,,,,Yuva,2.0,,,Manish Bharti,,7323012029.0,NP BHARTI,"

26 | OBC- Defacto ZP runnerup 2016 and 2021
- Former Student leader in SSC
- Running a campaign to restore a temple which aims at restoring and conserving Mithila Art and architecture 
He belongs to Giri caste",OBC,GIRI,Ranchi,Moderate,coming,Call Connected,Confirmed,He agreed and wanted to contest ZP election,Ketan,,Yes,Yes,hakimabad,,office khol dege jagah h,Yes,Manish Bharti-7323012029,self,,,,,,,,,,,,,,,,,,,,
Shivam,Samastipur,23. Samastipur (SC),23.0,Samastipur (SC),Samastipur,,,,Member,3.0,,,Kiran Singh,,9931245453.0,," Adhyaksh of Samastipur BAR Council for 2 Terms (2019 till now)
- Ex Samta Party District Adhyaksh - MLA Contestant from Kalyanpur AC (1995) -
 Prominent civil advocate of district",GEN,Rajput,abhi court me hy,,,Call Connected,Confirmed,,Ketan,,,,,,,,,,,,,,,,,,,,,,,,,,,,,
Shivam,Samastipur,23. Samastipur (SC),23.0,Samastipur (SC),Samastipur,,,,Member,4.0,,,Parvinder Sahni,,9507424824.0,sri lal babu sahani,"Parvinder Sahni l35l Mallah lEBCl
BDC Runner up (2021), lost by just 12 votes
JDU block Adhyaksh (2021-24)
His Father Was BDC(2001-2006)",EBC,Mallah,,Moderate,,Call Connected,Confirmed,He agreed and will contest BDC election,Ketan,,Yes,Yes,dojha dih,,,Need to take followup,santosh sahani,Rahul kushwaha- ko hm poora list bna k diaa haii unsse le lijie lisst rahul kushwaha ka number zila pravakta se maang lijie,,,,,,,,,,,,,,,,,,,,
Shivam,Samastipur,23. Samastipur (SC),23.0,Samastipur (SC),Samastipur,,,,Sanyojak,5.0,,,Shiv kumar Chaudhary,,9631340115.0,,"
- Ex JDU District Adhyaksh of Intellectual wing -
 Ex Member of Visutri - Ex Secratery of Bihar University Student Union 
- Advocate and PIL Activist",SC,,,,,Call Connected,Not Confirmed,,Manisha,Not Received,,,,,,,,,,,,,,,,,,,,,,,,,,,,
Shivam,Samastipur,23. Samastipur (SC),23.0,Samastipur (SC),Warisnagar,,,,Mahila,1.0,1.0,,Priyanka Kumari,,9661113367.0,,"Priyanka Kumari | Female | 33 | EBC | Mallah | Incumbent ZP

-Incumbent 2 Consecutive Terms ZP , 2016 To Till date
-Former VIP Zila Upadhyaksh, 2018 To 2021
-Former JDU Zila Mahasachiv, 2022 To 2023
-Jan Suraaj Anumandal Mahila Adhyaksh",EBC,Mallah,Present,Strong,coming,Call Connected,Confirmed,Agreed and wanted to contest ZP election.  He last zp nomination was cancelled.,Manisha,Call Connected,Yes,Yes,,,inke awas p hi,Need to take followup,,Milkar Youth ka naam de denge.,,,,,,,,,,,,,,,,,,,,
Shivam,Samastipur,23. Samastipur (SC),23.0,Samastipur (SC),Warisnagar,,,,Sanyojak,2.0,,,Mahesh Kumar,,9570600616.0,,"Mahesh Kumar|Male|41|OBC| Yadav|Businessman

-Prominent Businessman
-Director at NGO(carrier education & Development
-AGRO based Industry (PGRL Industries LTD.)
-Director at Carrier Public school
-Director at Carrier  Computer Center
-PK Youth Club Coordinator",OBC,Yadav,,,,Call Connected,Confirmed,Agreed,,,,,,,,,,,,,,,,,,,,,,,,,,,,,,
Shivam,Samastipur,23. Samastipur (SC),23.0,Samastipur (SC),Warisnagar,,,,Mahila,3.0,,,Parvati Devi,,7764933049.0,ram chandra mandal,"Parvati Devi | 7764933049 | 36| OBC | Kurmi

-BJP Mahila Morcha Prakhand Adhyaksh
(2012-2023)
- Former Vishwa Hindu Raksha Sangthan Zila Adhyaksh(2017-2021) 
-Jeevika SHG Village Organization president",OBC,Kurmi,Present,Moderate,Coming,Call Connected,Confirmed,He and vidhan sabha sanyojak and wanted to contest election . He also agreed for chunav prabhandan samiti,Manisha,Call Connected,Yes,Yes,,,,Need to take followup,,soch k bataege hum,,,,,,,,,,,,,,,,,,,,
Shivam,Samastipur,23. Samastipur (SC),23.0,Samastipur (SC),Warisnagar,,,,Sanyojak,4.0,,,Fazzle Alam,,9939143422.0,,"- Mukhiya runner up in 2021
- RMP Doctor since 8 years ",Minority,Muslim,,Moderate,Coming,Call Connected,Confirmed,Agreed,Manisha,Call Connected,Need to take followup,,,,abhi zila upadyaksh hai hum,,,,,,,,,,,,,,,,,,,,,,,
Shivam,Samastipur,23. Samastipur (SC),23.0,Samastipur (SC),Warisnagar,,,,Sanyojak,5.0,,,Ram Balihari Paswan,,6299921019.0,,"Ram Balihari Paswan | 56|Sc
- Former JDU'S District GeneralSecretary (2014)
- Founding Member Of LJP
- Former LJP Prakhand President (2000-2014)
- Former Mukhiya Runner Up (2001, 2011) ",SC,Dusadh,,Moderate,Coming,Call Connected,Confirmed,,Manisha,,,,,,incoming facility not available,,,,,,,,,,,,,,,,,,,,,,,
Shivam,Begusarai,24. Begusarai,24.0,Begusarai,Bachhwara,,,,Sanyojak,1.0,1.0,,Bipin Kumar Choudhary,Final,9570100017.0,shri janardan chaudhary,"Male | 49 | General | Bhumihar 
- Jansuraaj State Working Committee Member - Incumbent Jansuraaj Anumandal Teghra President - Former Zila Parishad (2011–2016) - Former PACS President (2009–2014) - Former Congress District Vice President (2018–2022)",GEN,Bhumihar,Not Present he is out of bihar,Strong,,Call Connected,Confirmed,Agreed and wanted to contest from seat no 4,Manisha,,Yes,Yes,banwaripur,,office ke lie jagah hai ho jaega 15 tak delhi me hai uske bad sb kr dege,Need to take followup,,bihar aaege to is chiz pe charcha karege,,,,,,,,,,,,,,,,,,,,
Shivam,Begusarai,24. Begusarai,24.0,Begusarai,Bachhwara,,,,Yuva,2.0,2.0,,Rajeev Paswan,To be Consider,8210401100.0,shiv ji paswan,"Rajeev Paswan| 38| SC
Incument Mukhiya from 2016
Jan surraj  district youth president",SC,Dusadh,YES,Strong,,Call Connected,Confirmed,By LSP,Manisha,,Yes,Yes,govindpur 1,,jagah hai office ke lie,Yes,Rajeev Paswan - 8210401100,press confrence ke lie agree hai,,,,,,,,,,,,,,,,,,,,
Shivam,Begusarai,24. Begusarai,24.0,Begusarai,Bachhwara,,,,Member,3.0,3.0,,Dolly kumari,,9263853161.0,ravi shankar kumar,"Dolly Kumari| 35|
She Contested MLA eelction in 2025 
she owns macrofinance business.",OBC,Yadav,YES,Moderate,,Call Connected,Confirmed,By LSP,Manisha,,Yes,Yes,rani 3,,ghr me jagah hai,Need to take followup,,dekhna hoga,,,,,,,,,,,,,,,,,,,,
Shivam,Begusarai,24. Begusarai,24.0,Begusarai,Bachhwara,,,,Mahila,4.0,,,Saraswati Devi,,8271976562.0,rm sagar thakur,"Saraswati Devi| 40| Nai |EBC
Incumbent BDC
She was block  Mahila adkshya of Jan surraj
She belongs to nai (EBC) Community",EBC,Nai,YES,Moderate,,Call Connected,Confirmed,,Manisha,,Yes,Yes,bachhwara,,jagah hai office khul jaega,Need to take followup,,pta kar k btaege apko,,,,,,,,,,,,,,,,,,,,
Shivam,Begusarai,24. Begusarai,24.0,Begusarai,Bachhwara,,,,Member,5.0,5.0,,Vijay Shankar Das,,8789151459.0,,"Vijay Shankar Das | 47| Dussad| SC
Former BDC from 2011 to 2016
ZP runner up in 2016 and got 12000 votes
He belobgs to Dussad caste (SC)",SC,Dusadh,NO,Strong,,Call Connected,Confirmed,He agreed and will contest from seat no 2.,Manisha,,,,,,,,,,,,,,,,,,,,,,,,,,,,,
Shivam,Begusarai,24. Begusarai,24.0,Begusarai,Bakhri (SC),,,,Sanyojak,1.0,,Need to call,Gautam sada,,7368989881.0,,"""MLA Contestant

- Former MLA Contestant, 2010, Bakhri Constituency, Congress, got 11773 Votes
- Former ZP Contestant(2021), Got 2970 Votes
- Former BJP Pradesh Chetriya Prabhari(2022 to 2024)
- Former BJP Zila Upadhyaksh(2019 To 2022)
- Former Congress SC Cell Pradesh Upadhyaksh(2015 to 2019)
- Former Congress Pradesh Sachiv, (2012 To 2015)
- Labour Contractor""",SC,Mushahar,"NO , out of BIHAR",Moderate,,,,BY LSP,Manisha,,,,,,not reachable,,,,,,,,,,,,,,,,,,,,,,,
Shivam,Begusarai,24. Begusarai,24.0,Begusarai,Bakhri (SC),,,,Member,1.0,,,Awanish Kumar,,9709711080.0,,"Awanish Kumar | Male | 46 | SC | Dusadh | Incumbent Mukhiya

-Incumbent Mukhiya, 2021 To Till Date
-Former Mukhiya Contestant, 2016, Runner Up
Former Panchayat samiti Contestant, 2011, Runner Up
-Jan Suraaj Block President
-Social Worker",SC,Dusadh,NO,,,,,,,,,,,,,,,,,,,,,,,,,,,,,,,,,,,
Shivam,Begusarai,24. Begusarai,24.0,Begusarai,Bakhri (SC),,,,Sanyojak,1.0,,,Dr Sanjay Kumar Urf Sanjay Paswan,,7766018644.0,,"Dr Sanjay Kumar | Male | 41 | Sc | Paswan | Doctor

-Runs a Private Clinic and Physician at Sadar Hospital
-Director of Amira Hospital
-Jan Suraaj District Spokesperson
-Jan Suraaj Constitution Assembly Member",SC,Dusadh,"NO , out of BIHAR",Strong,,Call Connected,Confirmed,Not intested to contest the election,Manisha,,,,,,,,,,,,,,,,,,,,,,,,,,,,,
Shivam,Begusarai,24. Begusarai,24.0,Begusarai,Bakhri (SC),,,,Yuva,2.0,2.0,,Dev Prakash,,8579878485.0,,"- He served as the District Vice President of the VIP (Vikassheel Insaan Party) from 2024 to 2025
He is National Sachiv of  Bhartiya Matshya samiti.
- He operates fish farming over 100 acres.
- He is the SBI CSP District Coordinator for Samastipur and Kishanganj.
He belongs to Mallah caste (EBC)",EBC,Mallah,YES,Strong,,Call Connected,Confirmed,He Agreed,Manisha,Switch Off,Yes,Yes,,,,,,,,,,,,,,,,,,,,,,,,,,
Shivam,Begusarai,24. Begusarai,24.0,Begusarai,Bakhri (SC),,,,Yuva,3.0,3.0,,Ankul Singh,,6200547996.0,ghanshyam prasad singh,"Ankul Singh | Rajput | 38
Former PACs President
Jan surraj Anumnadal Yuwa President 
He was jan surraj Vidhan sabha prabhari
- He contested the Pax election and lost by just 8 votes.
- He has been a JS member since the beginning.
- He is a popular young face among Muslims, Rajputs, Koeri, Yadavs, and Das communities.
- He has been working as a property dealer for the past 11 years.",Gen,Rajput,YES,Moderate,,,,BY LSP,Rahul,,Yes,Yes,NP bakhri,,samaan ki kmi hai vo bhejwa dijie office khul jaega,Yes,Ankul Singh - 6200547996,,,,,,,,,,,,,,,,,,,,,
Shivam,Begusarai,24. Begusarai,24.0,Begusarai,Bakhri (SC),,,,Mahila,4.0,4.0,,Neel Kamal Kumari,,7545808402.0,,"Neel Kamal Kumari| 43| Paswan|SC
- Incumbent  Mukhiya 
- She is associated with Jeevika self-help groups.
- She is a prominent female figure in Dandari block.
She is paswan by caste ,",SC,Dusadh,YES,Strong,,Call Connected,,Not intested to contest the election,Rahul,,Yes,Yes,,,later,No,,,,,,,,,,,,,,,,,,,,,,
Shivam,Begusarai,24. Begusarai,24.0,Begusarai,Bakhri (SC),,,,Sanyojak,5.0,,,Ram Balak Sahani,,9199225183.0,,"- Two-Term Former sarpanch (2011& 2016)
- Block President Of Matsya Sahyog Sangathan (2015-2020)
He belongs to Mallah caste (EBC)",EBC,Mallah,"NO , out of BIHAR",Moderate,,Not Received ,,,Rahul,,,,,,,,,,,,,,,,,,,,,,,,,,,,,
Shivam,Begusarai,24. Begusarai,24.0,Begusarai,Bakhri (SC),,,,Member,5.0,5.0,,Alok Kumar,,8102251240.0,,"- He has been the youth club coordinator from the beginning with Jansuraaj
- He is a businessman and owns a water plant.
- He is a young leader from the Bhumihar community.",GEN,Bhumihar,YES,Moderate,,Call Connected,Confirmed,He agreed,Rahul,,Yes,Yes,,,will provide later,Yes,Alok Kumar - 8102251240,ready for activation,,Done,,,,,,,,,,,,,,,,,,
Shivam,Begusarai,24. Begusarai,24.0,Begusarai,Begusarai,,,,Sanyojak,1.0,,,Babita Devi,,7482818324.0,shankar singh,"Babita Devi |45 |Rajput | Former Director Co-operative Bank

- Former Director Co-operative Bank Begusarai (2021-23)
- Two term PACS Pesident (2014-Current)
- Former Sarpanch (2006-2011)
- Renowned Political Family and Father was Mukhiya for 30yrs""",Gen,Rajput,YES,Strong,,Call Connected,Confirmed,Ready to contest ZP election,Rahul,,Yes,Yes,bhawanandpur,,jagah h office k lie,Need to take followup,,samay dijie hmko nam number de dege hm,,Done,,,,,,,,,,,,,,,,,,
Shivam,Begusarai,24. Begusarai,24.0,Begusarai,Begusarai,,,,Mahila,2.0,,,Meena Devi,,8298123065.0,vishvanath singh,"age -62 |Former two times BDC from 2006 to 2016.
Former Pramukh from 2021 to 2023.
She belongs to koire caste.",OBC,Kushwaha,YES,Strong,,Call Connected,Confirmed,Agreed,Rahul,,Yes,Yes,jagdar,,jagah hai kursi tablebhej dijiega,No,,,,,,,,,,,,,,,,,,,,,,
Shivam,Begusarai,24. Begusarai,24.0,Begusarai,Begusarai,,,,Mahila,3.0,,,Rita Singh,,9470040904.0,,"Rita Singh | Female | 61 | EBC | Dhanuk | JDU District President

-Jan Suraaj State Executive Commitee member
-Former Block Pramukh From Sadar Block (2011-2016)
-Former JDU Nagar President (2018-2019)
-Former JDU District President ( Samaj Sudhar Vahini) 2019-2020
-Running Dairy Farm ",EBC,Dhanuk,YES,Strong,,Call Connected,Confirmed,She agreed and will contest pramukh election.,Rahul,,,,,,,,,,,,,,,,,,,,,,,,,,,,,
Shivam,Begusarai,24. Begusarai,24.0,Begusarai,Begusarai,,,,Yuva,4.0,,,Ranjeet Kumar,,7992361831.0,,"Ranjeet Kumar | Male | 50 | General | Bhumihar | Swaraj India District President

- Former Swaraj India Distrcit President(2017 to 2024)
- Former Swaraj India National Steering Committee (2015 to 2017)
- Former JDU Chikitsa Prakosht Zila Sachiv(2014 to 2015)
- Former AAP Sah sanyojak Zila(2013 to 2014)",GEN,Bhumihar,YES,Moderate,,Call Connected,Confirmed,Agreed,Rahul,,,,,,,,,,,,,,,,,,,,,,,,,,,,,
Shivam,Begusarai,24. Begusarai,24.0,Begusarai,Begusarai,,,,Member,5.0,,,Dr. Ashalam,,9534386385.0,,"Dr. Md . Aslam| 40| Minority
His mother was Foremr BDC from 2016-2021
Owner and Director of Janta Hospital",Minority,Muslim,YES,Moderate,,,,Coming,Rahul,,,,,,,,,,,,,,,,,,,,,,,,,,,,,
Shivam,Begusarai,24. Begusarai,24.0,Begusarai,Cheria-Bariarpur,,,,Sanyojak,1.0,2.0,,Ravi Roshan,,9110078840.0,vijay krishna mahto,"Ravi Roshan | Male | OBC | 34 |Kushwaha | Businessman

-Businessman
-Runs a Indian Oil Petrol Pump
-Brick Factory
-Jan Suraaj Youth divisional President",OBC,Kushwaha,"NO, father is admit in patna",Strong,,Call Connected,Confirmed,He agreed and devoted to jan surraj  & released is DSC,Rahul,,Yes,Yes,amari,,jagah hai ghr me offc k lie,Need to take followup,,nam number kl de dege,,,,,,,,,,,,,,,,,,,,
Shivam,begusarai,24. Begusarai,24.0,Begusarai,Cheria-Bariarpur,,,,Sanyojak,2.0,1.0,,Dr Mrityunjay Kumar,,9006147912.0,ashok kumar chaudhary,"Doctor

-SMO Sadar Hospital, Begusarai
-Former SR. Resident AIIMS Patna
- Social Worker(Health Awareness, Organise Health Camps, Tree Plantation)
- Grand Father Ram Narayan Chaudhary was Freedom Fighter and MLA , Socialist Party, 1951, Cheria Bariarpur)
- Grand Mother Chandrbhanu Devi was MP, Congress  ,Balia , 1980 To 1985
-",General,Bhumihar,YES,,,,,Coming,Rahul,,Yes,,shri pur,,rajya salahkar samiti me hum shamil hai phle se hi agar apko isme b nam rakhna hai to rakh lijie,,,,,,,,,,,,,,,,,,,,,,,
Shivam,Begusarai,24. Begusarai,24.0,Begusarai,Cheria-Bariarpur,,,,Member,3.0,5.0,,Dr Lukman Hakim,,7979908128.0,,"
- BAMS Doctor 
- Ex-Prakhand President MinorityCell  JD(U). 
",Minority,Muslim,YES,,,Call Connected,,"Age 70 ho gya hai , es liye election nhi lad payenge",Rahul,,,,,,anumandal me hmko pad mila hua hai,,,,,,,,,,,,,,,,,,,,,,,
Shivam,Begusarai,24. Begusarai,24.0,Begusarai,Cheria-Bariarpur,,,,Member,4.0,3.0,,Anil Singh,,7549869251.0,,"- 3 Tmes Former Sarpanch (2006 and 2016)
 - Defecto - Sarpanch (2011)
He belongs to Bhumihar caste",General,Bhumihar,NO,Strong,,Wrong Number ,,,Rahul,,Yes,,,,,,,,,,,,,,,,,,,,,,,,,,,
Shivam,Begusarai,24. Begusarai,24.0,Begusarai,Cheria-Bariarpur,,,,Mahila,5.0,4.0,,Rukmini Devi,,"8757569383/
7631018105",lt. ramadir singh,"Rukmini Devi | 8757569383/ 7631018105 | 45 | General | Bhumihar

- District Secreatary of Saksharta Abhiyan (2018-2024)
- Block Secreatary  of  Saksharta Abhiyan (2000-18)
- Strong Hold in Women's of District ",General,Bhumihar,YES,Moderate,,Call Connected,Not Confirmed,Not interested to contest ZP elecion,Rahul,,Need to take followup,Yes,manjhaul 2,,office ke lie vichar vimarsh karege fr btaege,,,,,,,,,,,,,,,,,,,,,,,
Shivam,Begusarai,24. Begusarai,24.0,Begusarai,Matihani,,,,Sanyojak,1.0,,,Amrish Kumar,,7903611084.0,,Income tax advocate,,,,,,Call Connected,,Not interested to contest ZP elecion,,,,,,,,,,,,,,,,,,,,,,,,,,,,,,
Shivam,Begusarai,24. Begusarai,24.0,Begusarai,Matihani,,,,Member,2.0,4.0,,Sankar Pandit,,7545916345.0,,"-Three times Sarpanch (2006, 2016, 2021- present)
-CPI shakha mantri(2004-2015)
He belongs to EBC  caste (Kumhar)",EBC,Kumhar,Present,Strong,,Call Connected,Confirmed,Not interested to contest ZP elecion,Shipra,,,,,,,,,,,,,,,,,,,,,,,,,,,,,
Shivam,Begusarai,24. Begusarai,24.0,Begusarai,Matihani,,,,Member,3.0,2.0,,Gulab Kumar,,9905098048.0,,,,,NO,,,,,,Shipra,,,,,,,,,,,,,,,,,,,,,,,,,,,,,
Shivam,Begusarai,24. Begusarai,24.0,Begusarai,Matihani,,sonapur,matihani,Mahila,4.0,3.0,,Bindu Kumarui,,7903739589.0,swaraj kishore singh,"ACC Candidate 2020;Elected for Plurals Party, KV Barauni Staff Nurse 2015-2019, Bajaj Insurance 2007 current
She belongs to Bhumihar caste",General,Bhumihar,Present,Moderate,,Call Connected,,will confirm within 2 hrs.,Shipra,Call Connected,Yes,Yes,sonapur,,office k lie jagah hai,No,,khojna hoga aisa koi ni h nazar me,,,,,,,,,,,,,,,,,,,,
Shivam,Begusarai,24. Begusarai,24.0,Begusarai,Matihani,,,,Member,5.0,5.0,,Md Karimuddin,,9546648615.0,,"Md Karimuddin | Md Kabiruddin | 62 | Minority| Muslim
-Ex Defacto BDC (2016-2021)
-Dist. Secretary of INC (1990-2022)
-Member of Beesutri Sangh of block(1980-1990)
-Mukhiya Runner-up(2001,2006 and 2011)",Minority,Muslim,Present,Strong,,Call Connected,Not Confirmed,He agreed,Shipra,,,,,,cal after 6 pm,,,,,,,,,,,,,,,,,,,,,,,
Shivam,Begusarai,24. Begusarai,24.0,Begusarai,Sahebpur Kamal,,,,Sanyojak,1.0,1.0,,Umesh Mahto,,7549643329.0,,Incumbent ZP,EBC,Mahto,He was in Hospital,Strong,,Call Connected,Confirmed,Agreed,Shipra,,,,,,call back later,,,,,,,,,,,,,,,,,,,,,,,
Shivam,Begusarai,24. Begusarai,24.0,Begusarai,Sahebpur Kamal,,,,Mahila,2.0,1.0,,Sunaina Devi,,9931646371.0,Bipin Ray,"Sunayana Devi | Female | 58 | General | Bhumihar | Former Panchayat Samiti

-Former Panchayat Samiti(2001 to 2011)
-All India Yuva Federation Sachiv(1995 to 2007) 
-Former Communist Party Zila Sachiv(2008 to 2013)
-Former CPI member (1995 to 2023)
-Jansuraaj Mahila Anumandal Adhyaksh",General,bhumihar,YES,Strong,,Call Connected,Confirmed,She is confirmed by LS Prabhari,Shipra,,Yes,Yes,tajpur,,ghar me jagah hai saman dena hoga,No,,,,,,,,,,,,,,,,,,,,,,
Shivam,Begusarai,24. Begusarai,24.0,Begusarai,Sahebpur Kamal,,,,Member,3.0,4.0,,Randhir Kumar,,9709765302.0,pratap rajak,"""Randhir Kumar|34|Dhobi|Male
- Incumbent De-facto Sarpanch (2021)
- Zila Up-adhyaksh BJP SC/ST cell (2017-2020)
- Prakhand Adhyaksh BJP SC/ST (2014-2017)
- Prominent and emerging leader in Dhobi Community in Begusarai""",SC,Dhobi,YES,Strong,,Call Connected,Confirmed,,Shipra,,Yes,Yes,chauki,,jagah hai bhut hm panchayat ke jan pratinidhi hai vartaman me sarpanch hai,Need to take followup,,bhut log hai hmare anchayat me ap thora time dijie hum nam number dete hai apko,,,,,,,,,,,,,,,,,,,,
Shivam,Begusarai,24. Begusarai,24.0,Begusarai,Sahebpur Kamal,,,,Member,4.0,3.0,,Ghulam Sarwar,,9470051486.0,,"He was civil enginner in Oman and then in bombay.
He left mumbai in 2018 and settled permentaly in his panchyat.
He was also minority vidhan sabha sanyojak of jan surraj.
Businessman",Minority,Muslim,YES,Moderate,,Call Connected,Confirmed,Contest Mukhiya election,Shipra,,,,,,"zila mahasachiv hai abhi hum , to or koi zimmedari hum nhi le sakege",,,,,,,,,,,,,,,,,,,,,,,
Shivam,Begusarai,24. Begusarai,24.0,Begusarai,Sahebpur Kamal,,,,Yuva,5.0,5.0,,Ravi Kant Kumari Singh,,8405827299 / 75049386232,shri kamal nayan pratap singh,""" 
2015- Present -RTI Activist - since 2015
Pacs Prabandhak - 2016
Prakhand Cordinator of Litracy Moment - 1995-2005
Very well-known activist and Hold in all community of Sahebpur Kamal block""
He belongs to kurmi caste",General,Rajput,YES,Moderate,,Call Connected,Confirmed,Agreed,Shipra,,Yes,Yes,sabdalpur,,,Need to take followup,,,,,,,,,,,,,,,,,,,,,,
Shivam,Begusarai,24. Begusarai,Teghra,Sanyojak,Teghra,,,Ranjeet Kumar,Sanyojak,1.0,,,Ranjeet Kumar,7508105466.0,7508105466.0,Call Connected,"Ranjeet Kumar | Male | 48 | General | Bhumihar | Retired IAF Officer

-Former Wing Commander at Indian Airforce in 2023
-Campaigned for CPI Candidate from Begusarai in Loksabha Election 2024
-Campaigned for Darbhanga MLC Election in 2014 & 2020 for BJP Candidate(Father In Law)
-NDA Qualified",General,Bhumihar,Present,Strong,,Call Connected,Confirmed,,,,,,,,,,,,,,,,,,,,,,,,,,,,,,,
Shivam,Begusarai,24. Begusarai,24.0,Begusarai,Teghra,,,,Yuva,2.0,,,Md. Rizwan Usmani,,9971931042.0,Md. Usman,"Md. Rizwan Usmani | 9971931042 | Male | 38 | Minority | Raeen |incumbent ward parshad Defacto Ward Councilor, Former AAP member, Social Worker(Participated in Anna Aandolan), Businessman(Cloth Merchant)",Minority,Muslim,YES,Moderate,,Call Connected,Confirmed,He agreed,Shipra,,Yes,Yes,NP,,office already open hai hmara,Need to take followup,,log hai apko hm nam bta dege,,,,,,,,,,,,,,,,,,,,
Shivam,Begusarai,24. Begusarai,24.0,Begusarai,Teghra,,,,Mahila,3.0,,,Sangeeta Kumari,,9835330870.0,,"Sangeeta Kumari | 9835330870 | 35 | OBC | Kurmi

-Incumbent Ward parishad Barauni NP
-Former JS Mahila Sanyojak, Teghra Assembly
She is also mahila block president of jan surraj",OBC,Kurmi,YES,Moderate,,Call Connected,Confirmed,He agreed,Shipra,,,,,,,,,,,,,,,,,,,,,,,,,,,,,
Shivam,Begusarai,24. Begusarai,24.0,Begusarai,Teghra,,,Malhipur,Member,4.0,,,Shyam Kumar,,9354546390.0,amar singh,"Incumbent Sarpanch 
Ex BJP Mandal Yuva Adayksh",General,Rajput,YES,,,,,By LSP,Shipra,,Yes,Yes,NP,,office k lie jagah hai,Need to take followup,,yuvao ka nam number bad m de dege,,,,,,,,,,,,,,,,,,,,
Shivam,Begusarai,24. Begusarai,24.0,Begusarai,Teghra,,,Malhipur Dakshin,Member,5.0,,,Ramasharya Nishad,,7258085614.0,,"
Incumbent Mukhiya 
He belobgs to  sahini caste .
",EBC,Mallah,NO OUT OF BIHAR,Moderate,,,,,Shipra,,,,,,not reachable,,,,,,,,,,,,,,,,,,,,,,,
Zonal,District,Lok Sabha,Number,LS,Assembly,Anumandal,Panchayat,Block,Type,Activation Status,Priority,LS Priority,Photo,Name,,Mobile Number,Father  Name,Profile,Category,Caste,,Candidate Strenth,Previous Designation,Calling Status,Calling Confirmation Status,JSPT Remark,POC,Calling Status,Office Status,Need Assistance,Office Location,Inaugration Date,Remarks,Youth Club Status,Youth Club Co ordinator,Remarks,Office Image,Image,Adab calliing,Status,Agreed For Office,,,,,,,,,,,,,,
Adab,Rosera,25. Khagaria,25.0,Khagaria,Hasanpur,,,Bhitan,,,1.0,,,Amarjit Yadav,,8676061266,vidya sagar yadav,"Education-, BED, seatED, school, jamindar, koching Centare head, business man, big family, block - bithan",OBC,Yadav,,,,,,,,,,,,,,,,,,,,,,,,,,,,,,,,,,,
Adab,Rosera,25. Khagaria,25.0,Khagaria,Hasanpur,,,Hasanpur,,,2.0,,,Umesh Kumar,,7488205388.0,Pitamber,"sarpanch, jivika block head",,,,,,,,,,,,,,,,,,,,,,,,,,,,,,,,,,,,,
Adab,Rosera,25. Khagaria,25.0,Khagaria,Hasanpur,,,bhitan,Member,,3.0,,,Baiju Sahani,,7903633592.0,,"Baiju Sahani | 40 | EBC | Mallah | Prakhand upadityakah | 7903633592
- 4 Terms BDC Member from 2001 to 2021 - Former Prakhand Upramukh(2016)",,,,,,,,,,,,,,,,,,,,,,,,,,,,,,,,,,,,,
Adab,Rosera,25. Khagaria,25.0,Khagaria,Hasanpur,,,Singhiya,,,4.0,,,Alok Singh,,9471050300.0,,,,,,,,,,,,,,,,,,,,,,,,,,,,,,,,,,,,,,,
Adab,Rosera,25. Khagaria,25.0,Khagaria,Hasanpur,,,Hasanpur,Sanyojak,,5.0,,,Indu Gupta,,9215398572,,"Indu Gupta | Female | 39 | EBC | Teli | Former Bhartiya Lokhit Party 
-Former Bhartiya Lokhit Party(2024 To 2025)
-Former BJP Kisan Morcha Sadasya(2019 To 2024)
-Former BJP Pradesh Pravakta(2015 To 2019)
-Former BJP Karyakarini Sadasya (2010 To 2015)
-Jan Suraaj Mahila Parkahnd Adhyaksh",,,,,,,,,,,,,,,,,,,,,,,,,,,,,,,,,,,,,
,,,,,,,,,,,,,,,,,,,,,,,,,,,,,,,,,,,,,,,,,,,,,,,,,,,,,,,
,,,,,,,,,,,,,,,,,,,,,,,,,,,,,,,,,,,,,,,,,,,,,,,,,,,,,,,
,,,,,,,,,,,,,,,,,,,,,,,,,,,,,,,,,,,,,,,,,,,,,,,,,,,,,,,
,,,,,,,,,,,,,,,,,,,,,,,,,,,,,,,,,,,,,,,,,,,,,,,,,,,,,,,
,,,,,,,,,,,,,,,,,,,,,,,,,,,,,,,,,,,,,,,,,,,,,,,,,,,,,,,
,,,,,,,,,,,,,,,,,,,,,,,,,,,,,,,,,,,,,,,,,,,,,,,,,,,,,,,
,,,,,,,,,,,,,,,,,,,,,,,,,,,,,,,,,,,,,,,,,,,,,,,,,,,,,,,
,,,,,,,,,,,,,,,,,,,,,,,,,,,,,,,,,,,,,,,,,,,,,,,,,,,,,,,
,,,,,,,,,,,,,,,,,,,,,,,,,,,,,,,,,,,,,,,,,,,,,,,,,,,,,,,
,,,,,,,,,,,,,,,,,,,,,,,,,,,,,,,,,,,,,,,,,,,,,,,,,,,,,,,
,,,,,,,,,,,,,,,,,,,,,,,,,,,,,,,,,,,,,,,,,,,,,,,,,,,,,,,
,,,,,,,,,,,,,,,,,,,,,,,,,,,,,,,,,,,,,,,,,,,,,,,,,,,,,,,
,,,,,,,,,,,,,,,,,,,,,,,,,,,,,,,,,,,,,,,,,,,,,,,,,,,,,,,
,,,,,,,,,,,,,,,,,,,,,,,,,,,,,,,,,,,,,,,,,,,,,,,,,,,,,,,
,,,,,,,,,,,,,,,,,,,,,,,,,,,,,,,,,,,,,,,,,,,,,,,,,,,,,,,
,,,,,,,,,,,,,,,,,,,,,,,,,,,,,,,,,,,,,,,,,,,,,,,,,,,,,,,
,,,,,,,,,,,,,,,,,,,,,,,,,,,,,,,,,,,,,,,,,,,,,,,,,,,,,,,
,,,,,,,,,,,,,,,,,,,,,,,,,,,,,,,,,,,,,,,,,,,,,,,,,,,,,,,
,,,,,,,,,,,,,,,,,,,,,,,,,,,,,,,,,,,,,,,,,,,,,,,,,,,,,,,
,,,,,,,,,,,,,,,,,,,,,,,,,,,,,,,,,,,,,,,,,,,,,,,,,,,,,,,
,,,,,,,,,,,,,,,,,,,,,,,,,,,,,,,,,,,,,,,,,,,,,,,,,,,,,,,
,,,,,,,,,,,,,,,,,,,,,,,,,,,,,,,,,,,,,,,,,,,,,,,,,,,,,,,
,,,,,,,,,,,,,,,,,,,,,,,,,,,,,,,,,,,,,,,,,,,,,,,,,,,,,,,
,,,,,,,,,,,,,,,,,,,,,,,,,,,,,,,,,,,,,,,,,,,,,,,,,,,,,,,
,,,,,,,,,,,,,,,,,,,,,,,,,,,,,,,,,,,,,,,,,,,,,,,,,,,,,,,
,,,,,,,,,,,,,,,,,,,,,,,,,,,,,,,,,,,,,,,,,,,,,,,,,,,,,,,
,,,,,,,,,,,,,,,,,,,,,,,,,,,,,,,,,,,,,,,,,,,,,,,,,,,,,,,
,,,,,,,,,,,,,,,,,,,,,,,,,,,,,,,,,,,,,,,,,,,,,,,,,,,,,,,
,,,,,,,,,,,,,,,,,,,,,,,,,,,,,,,,,,,,,,,,,,,,,,,,,,,,,,,
,,,,,,,,,,,,,,,,,,,,,,,,,,,,,,,,,,,,,,,,,,,,,,,,,,,,,,,
,,,,,,,,,,,,,,,,,,,,,,,,,,,,,,,,,,,,,,,,,,,,,,,,,,,,,,,
,,,,,,,,,,,,,,,,,,,,,,,,,,,,,,,,,,,,,,,,,,,,,,,,,,,,,,,
,,,,,,,,,,,,,,,,,,,,,,,,,,,,,,,,,,,,,,,,,,,,,,,,,,,,,,,
,,,,,,,,,,,,,,,,,,,,,,,,,,,,,,,,,,,,,,,,,,,,,,,,,,,,,,,
,,,,,,,,,,,,,,,,,,,,,,,,,,,,,,,,,,,,,,,,,,,,,,,,,,,,,,,
,,,,,,,,,,,,,,,,,,,,,,,,,,,,,,,,,,,,,,,,,,,,,,,,,,,,,,,
,,,,,,,,,,,,,,,,,,,,,,,,,,,,,,,,,,,,,,,,,,,,,,,,,,,,,,,
,,,,,,,,,,,,,,,,,,,,,,,,,,,,,,,,,,,,,,,,,,,,,,,,,,,,,,,
,,,,,,,,,,,,,,,,,,,,,,,,,,,,,,,,,,,,,,,,,,,,,,,,,,,,,,,
,,,,,,,,,,,,,,,,,,,,,,,,,,,,,,,,,,,,,,,,,,,,,,,,,,,,,,,
,,,,,,,,,,,,,,,,,,,,,,,,,,,,,,,,,,,,,,,,,,,,,,,,,,,,,,,
,,,,,,,,,,,,,,,,,,,,,,,,,,,,,,,,,,,,,,,,,,,,,,,,,,,,,,,
,,,,,,,,,,,,,,,,,,,,,,,,,,,,,,,,,,,,,,,,,,,,,,,,,,,,,,,
,,,,,,,,,,,,,,,,,,,,,,,,,,,,,,,,,,,,,,,,,,,,,,,,,,,,,,,
,,,,,,,,,,,,,,,,,,,,,,,,,,,,,,,,,,,,,,,,,,,,,,,,,,,,,,,
,,,,,,,,,,,,,,,,,,,,,,,,,,,,,,,,,,,,,,,,,,,,,,,,,,,,,,,
,,,,,,,,,,,,,,,,,,,,,,,,,,,,,,,,,,,,,,,,,,,,,,,,,,,,,,,
,,,,,,,,,,,,,,,,,,,,,,,,,,,,,,,,,,,,,,,,,,,,,,,,,,,,,,,
,,,,,,,,,,,,,,,,,,,,,,,,,,,,,,,,,,,,,,,,,,,,,,,,,,,,,,,
,,,,,,,,,,,,,,,,,,,,,,,,,,,,,,,,,,,,,,,,,,,,,,,,,,,,,,,
,,,,,,,,,,,,,,,,,,,,,,,,,,,,,,,,,,,,,,,,,,,,,,,,,,,,,,,
,,,,,,,,,,,,,,,,,,,,,,,,,,,,,,,,,,,,,,,,,,,,,,,,,,,,,,,
,,,,,,,,,,,,,,,,,,,,,,,,,,,,,,,,,,,,,,,,,,,,,,,,,,,,,,,
,,,,,,,,,,,,,,,,,,,,,,,,,,,,,,,,,,,,,,,,,,,,,,,,,,,,,,,
,,,,,,,,,,,,,,,,,,,,,,,,,,,,,,,,,,,,,,,,,,,,,,,,,,,,,,,
,,,,,,,,,,,,,,,,,,,,,,,,,,,,,,,,,,,,,,,,,,,,,,,,,,,,,,,
,,,,,,,,,,,,,,,,,,,,,,,,,,,,,,,,,,,,,,,,,,,,,,,,,,,,,,,
,,,,,,,,,,,,,,,,,,,,,,,,,,,,,,,,,,,,,,,,,,,,,,,,,,,,,,,
,,,,,,,,,,,,,,,,,,,,,,,,,,,,,,,,,,,,,,,,,,,,,,,,,,,,,,,
,,,,,,,,,,,,,,,,,,,,,,,,,,,,,,,,,,,,,,,,,,,,,,,,,,,,,,,
,,,,,,,,,,,,,,,,,,,,,,,,,,,,,,,,,,,,,,,,,,,,,,,,,,,,,,,
,,,,,,,,,,,,,,,,,,,,,,,,,,,,,,,,,,,,,,,,,,,,,,,,,,,,,,,
,,,,,,,,,,,,,,,,,,,,,,,,,,,,,,,,,,,,,,,,,,,,,,,,,,,,,,,
,,,,,,,,,,,,,,,,,,,,,,,,,,,,,,,,,,,,,,,,,,,,,,,,,,,,,,,
,,,,,,,,,,,,,,,,,,,,,,,,,,,,,,,,,,,,,,,,,,,,,,,,,,,,,,,
,,,,,,,,,,,,,,,,,,,,,,,,,,,,,,,,,,,,,,,,,,,,,,,,,,,,,,,
,,,,,,,,,,,,,,,,,,,,,,,,,,,,,,,,,,,,,,,,,,,,,,,,,,,,,,,
,,,,,,,,,,,,,,,,,,,,,,,,,,,,,,,,,,,,,,,,,,,,,,,,,,,,,,,
,,,,,,,,,,,,,,,,,,,,,,,,,,,,,,,,,,,,,,,,,,,,,,,,,,,,,,,
,,,,,,,,,,,,,,,,,,,,,,,,,,,,,,,,,,,,,,,,,,,,,,,,,,,,,,,
,,,,,,,,,,,,,,,,,,,,,,,,,,,,,,,,,,,,,,,,,,,,,,,,,,,,,,,
,,,,,,,,,,,,,,,,,,,,,,,,,,,,,,,,,,,,,,,,,,,,,,,,,,,,,,,
,,,,,,,,,,,,,,,,,,,,,,,,,,,,,,,,,,,,,,,,,,,,,,,,,,,,,,,
,,,,,,,,,,,,,,,,,,,,,,,,,,,,,,,,,,,,,,,,,,,,,,,,,,,,,,,
,,,,,,,,,,,,,,,,,,,,,,,,,,,,,,,,,,,,,,,,,,,,,,,,,,,,,,,
,,,,,,,,,,,,,,,,,,,,,,,,,,,,,,,,,,,,,,,,,,,,,,,,,,,,,,,
,,,,,,,,,,,,,,,,,,,,,,,,,,,,,,,,,,,,,,,,,,,,,,,,,,,,,,,
,,,,,,,,,,,,,,,,,,,,,,,,,,,,,,,,,,,,,,,,,,,,,,,,,,,,,,,
,,,,,,,,,,,,,,,,,,,,,,,,,,,,,,,,,,,,,,,,,,,,,,,,,,,,,,,
,,,,,,,,,,,,,,,,,,,,,,,,,,,,,,,,,,,,,,,,,,,,,,,,,,,,,,,
,,,,,,,,,,,,,,,,,,,,,,,,,,,,,,,,,,,,,,,,,,,,,,,,,,,,,,,
,,,,,,,,,,,,,,,,,,,,,,,,,,,,,,,,,,,,,,,,,,,,,,,,,,,,,,,
,,,,,,,,,,,,,,,,,,,,,,,,,,,,,,,,,,,,,,,,,,,,,,,,,,,,,,,
,,,,,,,,,,,,,,,,,,,,,,,,,,,,,,,,,,,,,,,,,,,,,,,,,,,,,,,
,,,,,,,,,,,,,,,,,,,,,,,,,,,,,,,,,,,,,,,,,,,,,,,,,,,,,,,
,,,,,,,,,,,,,,,,,,,,,,,,,,,,,,,,,,,,,,,,,,,,,,,,,,,,,,,
,,,,,,,,,,,,,,,,,,,,,,,,,,,,,,,,,,,,,,,,,,,,,,,,,,,,,,,
,,,,,,,,,,,,,,,,,,,,,,,,,,,,,,,,,,,,,,,,,,,,,,,,,,,,,,,
,,,,,,,,,,,,,,,,,,,,,,,,,,,,,,,,,,,,,,,,,,,,,,,,,,,,,,,
,,,,,,,,,,,,,,,,,,,,,,,,,,,,,,,,,,,,,,,,,,,,,,,,,,,,,,,
,,,,,,,,,,,,,,,,,,,,,,,,,,,,,,,,,,,,,,,,,,,,,,,,,,,,,,,
,,,,,,,,,,,,,,,,,,,,,,,,,,,,,,,,,,,,,,,,,,,,,,,,,,,,,,,
,,,,,,,,,,,,,,,,,,,,,,,,,,,,,,,,,,,,,,,,,,,,,,,,,,,,,,,
,,,,,,,,,,,,,,,,,,,,,,,,,,,,,,,,,,,,,,,,,,,,,,,,,,,,,,,
,,,,,,,,,,,,,,,,,,,,,,,,,,,,,,,,,,,,,,,,,,,,,,,,,,,,,,,
,,,,,,,,,,,,,,,,,,,,,,,,,,,,,,,,,,,,,,,,,,,,,,,,,,,,,,,
,,,,,,,,,,,,,,,,,,,,,,,,,,,,,,,,,,,,,,,,,,,,,,,,,,,,,,,
,,,,,,,,,,,,,,,,,,,,,,,,,,,,,,,,,,,,,,,,,,,,,,,,,,,,,,,
,,,,,,,,,,,,,,,,,,,,,,,,,,,,,,,,,,,,,,,,,,,,,,,,,,,,,,,
,,,,,,,,,,,,,,,,,,,,,,,,,,,,,,,,,,,,,,,,,,,,,,,,,,,,,,,
,,,,,,,,,,,,,,,,,,,,,,,,,,,,,,,,,,,,,,,,,,,,,,,,,,,,,,,
,,,,,,,,,,,,,,,,,,,,,,,,,,,,,,,,,,,,,,,,,,,,,,,,,,,,,,,
,,,,,,,,,,,,,,,,,,,,,,,,,,,,,,,,,,,,,,,,,,,,,,,,,,,,,,,
,,,,,,,,,,,,,,,,,,,,,,,,,,,,,,,,,,,,,,,,,,,,,,,,,,,,,,,
,,,,,,,,,,,,,,,,,,,,,,,,,,,,,,,,,,,,,,,,,,,,,,,,,,,,,,,
,,,,,,,,,,,,,,,,,,,,,,,,,,,,,,,,,,,,,,,,,,,,,,,,,,,,,,,
,,,,,,,,,,,,,,,,,,,,,,,,,,,,,,,,,,,,,,,,,,,,,,,,,,,,,,,
,,,,,,,,,,,,,,,,,,,,,,,,,,,,,,,,,,,,,,,,,,,,,,,,,,,,,,,
,,,,,,,,,,,,,,,,,,,,,,,,,,,,,,,,,,,,,,,,,,,,,,,,,,,,,,,
,,,,,,,,,,,,,,,,,,,,,,,,,,,,,,,,,,,,,,,,,,,,,,,,,,,,,,,
,,,,,,,,,,,,,,,,,,,,,,,,,,,,,,,,,,,,,,,,,,,,,,,,,,,,,,,
,,,,,,,,,,,,,,,,,,,,,,,,,,,,,,,,,,,,,,,,,,,,,,,,,,,,,,,
,,,,,,,,,,,,,,,,,,,,,,,,,,,,,,,,,,,,,,,,,,,,,,,,,,,,,,,
,,,,,,,,,,,,,,,,,,,,,,,,,,,,,,,,,,,,,,,,,,,,,,,,,,,,,,,
,,,,,,,,,,,,,,,,,,,,,,,,,,,,,,,,,,,,,,,,,,,,,,,,,,,,,,,
,,,,,,,,,,,,,,,,,,,,,,,,,,,,,,,,,,,,,,,,,,,,,,,,,,,,,,,
,,,,,,,,,,,,,,,,,,,,,,,,,,,,,,,,,,,,,,,,,,,,,,,,,,,,,,,
,,,,,,,,,,,,,,,,,,,,,,,,,,,,,,,,,,,,,,,,,,,,,,,,,,,,,,,
,,,,,,,,,,,,,,,,,,,,,,,,,,,,,,,,,,,,,,,,,,,,,,,,,,,,,,,
,,,,,,,,,,,,,,,,,,,,,,,,,,,,,,,,,,,,,,,,,,,,,,,,,,,,,,,
,,,,,,,,,,,,,,,,,,,,,,,,,,,,,,,,,,,,,,,,,,,,,,,,,,,,,,,
,,,,,,,,,,,,,,,,,,,,,,,,,,,,,,,,,,,,,,,,,,,,,,,,,,,,,,,
,,,,,,,,,,,,,,,,,,,,,,,,,,,,,,,,,,,,,,,,,,,,,,,,,,,,,,,
,,,,,,,,,,,,,,,,,,,,,,,,,,,,,,,,,,,,,,,,,,,,,,,,,,,,,,,
,,,,,,,,,,,,,,,,,,,,,,,,,,,,,,,,,,,,,,,,,,,,,,,,,,,,,,,
,,,,,,,,,,,,,,,,,,,,,,,,,,,,,,,,,,,,,,,,,,,,,,,,,,,,,,,
,,,,,,,,,,,,,,,,,,,,,,,,,,,,,,,,,,,,,,,,,,,,,,,,,,,,,,,
,,,,,,,,,,,,,,,,,,,,,,,,,,,,,,,,,,,,,,,,,,,,,,,,,,,,,,,
,,,,,,,,,,,,,,,,,,,,,,,,,,,,,,,,,,,,,,,,,,,,,,,,,,,,,,,
,,,,,,,,,,,,,,,,,,,,,,,,,,,,,,,,,,,,,,,,,,,,,,,,,,,,,,,
,,,,,,,,,,,,,,,,,,,,,,,,,,,,,,,,,,,,,,,,,,,,,,,,,,,,,,,
,,,,,,,,,,,,,,,,,,,,,,,,,,,,,,,,,,,,,,,,,,,,,,,,,,,,,,,
,,,,,,,,,,,,,,,,,,,,,,,,,,,,,,,,,,,,,,,,,,,,,,,,,,,,,,,
,,,,,,,,,,,,,,,,,,,,,,,,,,,,,,,,,,,,,,,,,,,,,,,,,,,,,,,
,,,,,,,,,,,,,,,,,,,,,,,,,,,,,,,,,,,,,,,,,,,,,,,,,,,,,,,
,,,,,,,,,,,,,,,,,,,,,,,,,,,,,,,,,,,,,,,,,,,,,,,,,,,,,,,
,,,,,,,,,,,,,,,,,,,,,,,,,,,,,,,,,,,,,,,,,,,,,,,,,,,,,,,
,,,,,,,,,,,,,,,,,,,,,,,,,,,,,,,,,,,,,,,,,,,,,,,,,,,,,,,
,,,,,,,,,,,,,,,,,,,,,,,,,,,,,,,,,,,,,,,,,,,,,,,,,,,,,,,
,,,,,,,,,,,,,,,,,,,,,,,,,,,,,,,,,,,,,,,,,,,,,,,,,,,,,,,
,,,,,,,,,,,,,,,,,,,,,,,,,,,,,,,,,,,,,,,,,,,,,,,,,,,,,,,
,,,,,,,,,,,,,,,,,,,,,,,,,,,,,,,,,,,,,,,,,,,,,,,,,,,,,,,
,,,,,,,,,,,,,,,,,,,,,,,,,,,,,,,,,,,,,,,,,,,,,,,,,,,,,,,
,,,,,,,,,,,,,,,,,,,,,,,,,,,,,,,,,,,,,,,,,,,,,,,,,,,,,,,
,,,,,,,,,,,,,,,,,,,,,,,,,,,,,,,,,,,,,,,,,,,,,,,,,,,,,,,
,,,,,,,,,,,,,,,,,,,,,,,,,,,,,,,,,,,,,,,,,,,,,,,,,,,,,,,
,,,,,,,,,,,,,,,,,,,,,,,,,,,,,,,,,,,,,,,,,,,,,,,,,,,,,,,
,,,,,,,,,,,,,,,,,,,,,,,,,,,,,,,,,,,,,,,,,,,,,,,,,,,,,,,
,,,,,,,,,,,,,,,,,,,,,,,,,,,,,,,,,,,,,,,,,,,,,,,,,,,,,,,
,,,,,,,,,,,,,,,,,,,,,,,,,,,,,,,,,,,,,,,,,,,,,,,,,,,,,,,
,,,,,,,,,,,,,,,,,,,,,,,,,,,,,,,,,,,,,,,,,,,,,,,,,,,,,,,
,,,,,,,,,,,,,,,,,,,,,,,,,,,,,,,,,,,,,,,,,,,,,,,,,,,,,,,
,,,,,,,,,,,,,,,,,,,,,,,,,,,,,,,,,,,,,,,,,,,,,,,,,,,,,,,
,,,,,,,,,,,,,,,,,,,,,,,,,,,,,,,,,,,,,,,,,,,,,,,,,,,,,,,
,,,,,,,,,,,,,,,,,,,,,,,,,,,,,,,,,,,,,,,,,,,,,,,,,,,,,,,
,,,,,,,,,,,,,,,,,,,,,,,,,,,,,,,,,,,,,,,,,,,,,,,,,,,,,,,
,,,,,,,,,,,,,,,,,,,,,,,,,,,,,,,,,,,,,,,,,,,,,,,,,,,,,,,
,,,,,,,,,,,,,,,,,,,,,,,,,,,,,,,,,,,,,,,,,,,,,,,,,,,,,,,
,,,,,,,,,,,,,,,,,,,,,,,,,,,,,,,,,,,,,,,,,,,,,,,,,,,,,,,
,,,,,,,,,,,,,,,,,,,,,,,,,,,,,,,,,,,,,,,,,,,,,,,,,,,,,,,
,,,,,,,,,,,,,,,,,,,,,,,,,,,,,,,,,,,,,,,,,,,,,,,,,,,,,,,
,,,,,,,,,,,,,,,,,,,,,,,,,,,,,,,,,,,,,,,,,,,,,,,,,,,,,,,
,,,,,,,,,,,,,,,,,,,,,,,,,,,,,,,,,,,,,,,,,,,,,,,,,,,,,,,
,,,,,,,,,,,,,,,,,,,,,,,,,,,,,,,,,,,,,,,,,,,,,,,,,,,,,,,
,,,,,,,,,,,,,,,,,,,,,,,,,,,,,,,,,,,,,,,,,,,,,,,,,,,,,,,
,,,,,,,,,,,,,,,,,,,,,,,,,,,,,,,,,,,,,,,,,,,,,,,,,,,,,,,
,,,,,,,,,,,,,,,,,,,,,,,,,,,,,,,,,,,,,,,,,,,,,,,,,,,,,,,
,,,,,,,,,,,,,,,,,,,,,,,,,,,,,,,,,,,,,,,,,,,,,,,,,,,,,,,
,,,,,,,,,,,,,,,,,,,,,,,,,,,,,,,,,,,,,,,,,,,,,,,,,,,,,,,
,,,,,,,,,,,,,,,,,,,,,,,,,,,,,,,,,,,,,,,,,,,,,,,,,,,,,,,
,,,,,,,,,,,,,,,,,,,,,,,,,,,,,,,,,,,,,,,,,,,,,,,,,,,,,,,
,,,,,,,,,,,,,,,,,,,,,,,,,,,,,,,,,,,,,,,,,,,,,,,,,,,,,,,
,,,,,,,,,,,,,,,,,,,,,,,,,,,,,,,,,,,,,,,,,,,,,,,,,,,,,,,
,,,,,,,,,,,,,,,,,,,,,,,,,,,,,,,,,,,,,,,,,,,,,,,,,,,,,,,
,,,,,,,,,,,,,,,,,,,,,,,,,,,,,,,,,,,,,,,,,,,,,,,,,,,,,,,
,,,,,,,,,,,,,,,,,,,,,,,,,,,,,,,,,,,,,,,,,,,,,,,,,,,,,,,
,,,,,,,,,,,,,,,,,,,,,,,,,,,,,,,,,,,,,,,,,,,,,,,,,,,,,,,
,,,,,,,,,,,,,,,,,,,,,,,,,,,,,,,,,,,,,,,,,,,,,,,,,,,,,,,
,,,,,,,,,,,,,,,,,,,,,,,,,,,,,,,,,,,,,,,,,,,,,,,,,,,,,,,
,,,,,,,,,,,,,,,,,,,,,,,,,,,,,,,,,,,,,,,,,,,,,,,,,,,,,,,
,,,,,,,,,,,,,,,,,,,,,,,,,,,,,,,,,,,,,,,,,,,,,,,,,,,,,,,
,,,,,,,,,,,,,,,,,,,,,,,,,,,,,,,,,,,,,,,,,,,,,,,,,,,,,,,
,,,,,,,,,,,,,,,,,,,,,,,,,,,,,,,,,,,,,,,,,,,,,,,,,,,,,,,
,,,,,,,,,,,,,,,,,,,,,,,,,,,,,,,,,,,,,,,,,,,,,,,,,,,,,,,
,,,,,,,,,,,,,,,,,,,,,,,,,,,,,,,,,,,,,,,,,,,,,,,,,,,,,,,
,,,,,,,,,,,,,,,,,,,,,,,,,,,,,,,,,,,,,,,,,,,,,,,,,,,,,,,
,,,,,,,,,,,,,,,,,,,,,,,,,,,,,,,,,,,,,,,,,,,,,,,,,,,,,,,
,,,,,,,,,,,,,,,,,,,,,,,,,,,,,,,,,,,,,,,,,,,,,,,,,,,,,,,
,,,,,,,,,,,,,,,,,,,,,,,,,,,,,,,,,,,,,,,,,,,,,,,,,,,,,,,
,,,,,,,,,,,,,,,,,,,,,,,,,,,,,,,,,,,,,,,,,,,,,,,,,,,,,,,
,,,,,,,,,,,,,,,,,,,,,,,,,,,,,,,,,,,,,,,,,,,,,,,,,,,,,,,
,,,,,,,,,,,,,,,,,,,,,,,,,,,,,,,,,,,,,,,,,,,,,,,,,,,,,,,
,,,,,,,,,,,,,,,,,,,,,,,,,,,,,,,,,,,,,,,,,,,,,,,,,,,,,,,
,,,,,,,,,,,,,,,,,,,,,,,,,,,,,,,,,,,,,,,,,,,,,,,,,,,,,,,
,,,,,,,,,,,,,,,,,,,,,,,,,,,,,,,,,,,,,,,,,,,,,,,,,,,,,,,
,,,,,,,,,,,,,,,,,,,,,,,,,,,,,,,,,,,,,,,,,,,,,,,,,,,,,,,
,,,,,,,,,,,,,,,,,,,,,,,,,,,,,,,,,,,,,,,,,,,,,,,,,,,,,,,
,,,,,,,,,,,,,,,,,,,,,,,,,,,,,,,,,,,,,,,,,,,,,,,,,,,,,,,
,,,,,,,,,,,,,,,,,,,,,,,,,,,,,,,,,,,,,,,,,,,,,,,,,,,,,,,
,,,,,,,,,,,,,,,,,,,,,,,,,,,,,,,,,,,,,,,,,,,,,,,,,,,,,,,
,,,,,,,,,,,,,,,,,,,,,,,,,,,,,,,,,,,,,,,,,,,,,,,,,,,,,,,
,,,,,,,,,,,,,,,,,,,,,,,,,,,,,,,,,,,,,,,,,,,,,,,,,,,,,,,
,,,,,,,,,,,,,,,,,,,,,,,,,,,,,,,,,,,,,,,,,,,,,,,,,,,,,,,
,,,,,,,,,,,,,,,,,,,,,,,,,,,,,,,,,,,,,,,,,,,,,,,,,,,,,,,
,,,,,,,,,,,,,,,,,,,,,,,,,,,,,,,,,,,,,,,,,,,,,,,,,,,,,,,
,,,,,,,,,,,,,,,,,,,,,,,,,,,,,,,,,,,,,,,,,,,,,,,,,,,,,,,
,,,,,,,,,,,,,,,,,,,,,,,,,,,,,,,,,,,,,,,,,,,,,,,,,,,,,,,
,,,,,,,,,,,,,,,,,,,,,,,,,,,,,,,,,,,,,,,,,,,,,,,,,,,,,,,
,,,,,,,,,,,,,,,,,,,,,,,,,,,,,,,,,,,,,,,,,,,,,,,,,,,,,,,
,,,,,,,,,,,,,,,,,,,,,,,,,,,,,,,,,,,,,,,,,,,,,,,,,,,,,,,
,,,,,,,,,,,,,,,,,,,,,,,,,,,,,,,,,,,,,,,,,,,,,,,,,,,,,,,
,,,,,,,,,,,,,,,,,,,,,,,,,,,,,,,,,,,,,,,,,,,,,,,,,,,,,,,
,,,,,,,,,,,,,,,,,,,,,,,,,,,,,,,,,,,,,,,,,,,,,,,,,,,,,,,
,,,,,,,,,,,,,,,,,,,,,,,,,,,,,,,,,,,,,,,,,,,,,,,,,,,,,,,
,,,,,,,,,,,,,,,,,,,,,,,,,,,,,,,,,,,,,,,,,,,,,,,,,,,,,,,
,,,,,,,,,,,,,,,,,,,,,,,,,,,,,,,,,,,,,,,,,,,,,,,,,,,,,,,
,,,,,,,,,,,,,,,,,,,,,,,,,,,,,,,,,,,,,,,,,,,,,,,,,,,,,,,
,,,,,,,,,,,,,,,,,,,,,,,,,,,,,,,,,,,,,,,,,,,,,,,,,,,,,,,
,,,,,,,,,,,,,,,,,,,,,,,,,,,,,,,,,,,,,,,,,,,,,,,,,,,,,,,
,,,,,,,,,,,,,,,,,,,,,,,,,,,,,,,,,,,,,,,,,,,,,,,,,,,,,,,
,,,,,,,,,,,,,,,,,,,,,,,,,,,,,,,,,,,,,,,,,,,,,,,,,,,,,,,
,,,,,,,,,,,,,,,,,,,,,,,,,,,,,,,,,,,,,,,,,,,,,,,,,,,,,,,
,,,,,,,,,,,,,,,,,,,,,,,,,,,,,,,,,,,,,,,,,,,,,,,,,,,,,,,
,,,,,,,,,,,,,,,,,,,,,,,,,,,,,,,,,,,,,,,,,,,,,,,,,,,,,,,
,,,,,,,,,,,,,,,,,,,,,,,,,,,,,,,,,,,,,,,,,,,,,,,,,,,,,,,
,,,,,,,,,,,,,,,,,,,,,,,,,,,,,,,,,,,,,,,,,,,,,,,,,,,,,,,
,,,,,,,,,,,,,,,,,,,,,,,,,,,,,,,,,,,,,,,,,,,,,,,,,,,,,,,
,,,,,,,,,,,,,,,,,,,,,,,,,,,,,,,,,,,,,,,,,,,,,,,,,,,,,,,
,,,,,,,,,,,,,,,,,,,,,,,,,,,,,,,,,,,,,,,,,,,,,,,,,,,,,,,
,,,,,,,,,,,,,,,,,,,,,,,,,,,,,,,,,,,,,,,,,,,,,,,,,,,,,,,
,,,,,,,,,,,,,,,,,,,,,,,,,,,,,,,,,,,,,,,,,,,,,,,,,,,,,,,
,,,,,,,,,,,,,,,,,,,,,,,,,,,,,,,,,,,,,,,,,,,,,,,,,,,,,,,
,,,,,,,,,,,,,,,,,,,,,,,,,,,,,,,,,,,,,,,,,,,,,,,,,,,,,,,
,,,,,,,,,,,,,,,,,,,,,,,,,,,,,,,,,,,,,,,,,,,,,,,,,,,,,,,
,,,,,,,,,,,,,,,,,,,,,,,,,,,,,,,,,,,,,,,,,,,,,,,,,,,,,,,
,,,,,,,,,,,,,,,,,,,,,,,,,,,,,,,,,,,,,,,,,,,,,,,,,,,,,,,
,,,,,,,,,,,,,,,,,,,,,,,,,,,,,,,,,,,,,,,,,,,,,,,,,,,,,,,
,,,,,,,,,,,,,,,,,,,,,,,,,,,,,,,,,,,,,,,,,,,,,,,,,,,,,,,
,,,,,,,,,,,,,,,,,,,,,,,,,,,,,,,,,,,,,,,,,,,,,,,,,,,,,,,
,,,,,,,,,,,,,,,,,,,,,,,,,,,,,,,,,,,,,,,,,,,,,,,,,,,,,,,
,,,,,,,,,,,,,,,,,,,,,,,,,,,,,,,,,,,,,,,,,,,,,,,,,,,,,,,
,,,,,,,,,,,,,,,,,,,,,,,,,,,,,,,,,,,,,,,,,,,,,,,,,,,,,,,
,,,,,,,,,,,,,,,,,,,,,,,,,,,,,,,,,,,,,,,,,,,,,,,,,,,,,,,
,,,,,,,,,,,,,,,,,,,,,,,,,,,,,,,,,,,,,,,,,,,,,,,,,,,,,,,
,,,,,,,,,,,,,,,,,,,,,,,,,,,,,,,,,,,,,,,,,,,,,,,,,,,,,,,
,,,,,,,,,,,,,,,,,,,,,,,,,,,,,,,,,,,,,,,,,,,,,,,,,,,,,,,
,,,,,,,,,,,,,,,,,,,,,,,,,,,,,,,,,,,,,,,,,,,,,,,,,,,,,,,
,,,,,,,,,,,,,,,,,,,,,,,,,,,,,,,,,,,,,,,,,,,,,,,,,,,,,,,
,,,,,,,,,,,,,,,,,,,,,,,,,,,,,,,,,,,,,,,,,,,,,,,,,,,,,,,
,,,,,,,,,,,,,,,,,,,,,,,,,,,,,,,,,,,,,,,,,,,,,,,,,,,,,,,
,,,,,,,,,,,,,,,,,,,,,,,,,,,,,,,,,,,,,,,,,,,,,,,,,,,,,,,
,,,,,,,,,,,,,,,,,,,,,,,,,,,,,,,,,,,,,,,,,,,,,,,,,,,,,,,
,,,,,,,,,,,,,,,,,,,,,,,,,,,,,,,,,,,,,,,,,,,,,,,,,,,,,,,
,,,,,,,,,,,,,,,,,,,,,,,,,,,,,,,,,,,,,,,,,,,,,,,,,,,,,,,
,,,,,,,,,,,,,,,,,,,,,,,,,,,,,,,,,,,,,,,,,,,,,,,,,,,,,,,
,,,,,,,,,,,,,,,,,,,,,,,,,,,,,,,,,,,,,,,,,,,,,,,,,,,,,,,
,,,,,,,,,,,,,,,,,,,,,,,,,,,,,,,,,,,,,,,,,,,,,,,,,,,,,,,
,,,,,,,,,,,,,,,,,,,,,,,,,,,,,,,,,,,,,,,,,,,,,,,,,,,,,,,
,,,,,,,,,,,,,,,,,,,,,,,,,,,,,,,,,,,,,,,,,,,,,,,,,,,,,,,
,,,,,,,,,,,,,,,,,,,,,,,,,,,,,,,,,,,,,,,,,,,,,,,,,,,,,,,
,,,,,,,,,,,,,,,,,,,,,,,,,,,,,,,,,,,,,,,,,,,,,,,,,,,,,,,
,,,,,,,,,,,,,,,,,,,,,,,,,,,,,,,,,,,,,,,,,,,,,,,,,,,,,,,
,,,,,,,,,,,,,,,,,,,,,,,,,,,,,,,,,,,,,,,,,,,,,,,,,,,,,,,
,,,,,,,,,,,,,,,,,,,,,,,,,,,,,,,,,,,,,,,,,,,,,,,,,,,,,,,
,,,,,,,,,,,,,,,,,,,,,,,,,,,,,,,,,,,,,,,,,,,,,,,,,,,,,,,
,,,,,,,,,,,,,,,,,,,,,,,,,,,,,,,,,,,,,,,,,,,,,,,,,,,,,,,
,,,,,,,,,,,,,,,,,,,,,,,,,,,,,,,,,,,,,,,,,,,,,,,,,,,,,,,
,,,,,,,,,,,,,,,,,,,,,,,,,,,,,,,,,,,,,,,,,,,,,,,,,,,,,,,
,,,,,,,,,,,,,,,,,,,,,,,,,,,,,,,,,,,,,,,,,,,,,,,,,,,,,,,
,,,,,,,,,,,,,,,,,,,,,,,,,,,,,,,,,,,,,,,,,,,,,,,,,,,,,,,
,,,,,,,,,,,,,,,,,,,,,,,,,,,,,,,,,,,,,,,,,,,,,,,,,,,,,,,
,,,,,,,,,,,,,,,,,,,,,,,,,,,,,,,,,,,,,,,,,,,,,,,,,,,,,,,
,,,,,,,,,,,,,,,,,,,,,,,,,,,,,,,,,,,,,,,,,,,,,,,,,,,,,,,
,,,,,,,,,,,,,,,,,,,,,,,,,,,,,,,,,,,,,,,,,,,,,,,,,,,,,,,
,,,,,,,,,,,,,,,,,,,,,,,,,,,,,,,,,,,,,,,,,,,,,,,,,,,,,,,
,,,,,,,,,,,,,,,,,,,,,,,,,,,,,,,,,,,,,,,,,,,,,,,,,,,,,,,
,,,,,,,,,,,,,,,,,,,,,,,,,,,,,,,,,,,,,,,,,,,,,,,,,,,,,,,
,,,,,,,,,,,,,,,,,,,,,,,,,,,,,,,,,,,,,,,,,,,,,,,,,,,,,,,
,,,,,,,,,,,,,,,,,,,,,,,,,,,,,,,,,,,,,,,,,,,,,,,,,,,,,,,
,,,,,,,,,,,,,,,,,,,,,,,,,,,,,,,,,,,,,,,,,,,,,,,,,,,,,,,
,,,,,,,,,,,,,,,,,,,,,,,,,,,,,,,,,,,,,,,,,,,,,,,,,,,,,,,
,,,,,,,,,,,,,,,,,,,,,,,,,,,,,,,,,,,,,,,,,,,,,,,,,,,,,,,
,,,,,,,,,,,,,,,,,,,,,,,,,,,,,,,,,,,,,,,,,,,,,,,,,,,,,,,
,,,,,,,,,,,,,,,,,,,,,,,,,,,,,,,,,,,,,,,,,,,,,,,,,,,,,,,
,,,,,,,,,,,,,,,,,,,,,,,,,,,,,,,,,,,,,,,,,,,,,,,,,,,,,,,
,,,,,,,,,,,,,,,,,,,,,,,,,,,,,,,,,,,,,,,,,,,,,,,,,,,,,,,
,,,,,,,,,,,,,,,,,,,,,,,,,,,,,,,,,,,,,,,,,,,,,,,,,,,,,,,
,,,,,,,,,,,,,,,,,,,,,,,,,,,,,,,,,,,,,,,,,,,,,,,,,,,,,,,
,,,,,,,,,,,,,,,,,,,,,,,,,,,,,,,,,,,,,,,,,,,,,,,,,,,,,,,
,,,,,,,,,,,,,,,,,,,,,,,,,,,,,,,,,,,,,,,,,,,,,,,,,,,,,,,
,,,,,,,,,,,,,,,,,,,,,,,,,,,,,,,,,,,,,,,,,,,,,,,,,,,,,,,
,,,,,,,,,,,,,,,,,,,,,,,,,,,,,,,,,,,,,,,,,,,,,,,,,,,,,,,
,,,,,,,,,,,,,,,,,,,,,,,,,,,,,,,,,,,,,,,,,,,,,,,,,,,,,,,
,,,,,,,,,,,,,,,,,,,,,,,,,,,,,,,,,,,,,,,,,,,,,,,,,,,,,,,
,,,,,,,,,,,,,,,,,,,,,,,,,,,,,,,,,,,,,,,,,,,,,,,,,,,,,,,
,,,,,,,,,,,,,,,,,,,,,,,,,,,,,,,,,,,,,,,,,,,,,,,,,,,,,,,
,,,,,,,,,,,,,,,,,,,,,,,,,,,,,,,,,,,,,,,,,,,,,,,,,,,,,,,
,,,,,,,,,,,,,,,,,,,,,,,,,,,,,,,,,,,,,,,,,,,,,,,,,,,,,,,
,,,,,,,,,,,,,,,,,,,,,,,,,,,,,,,,,,,,,,,,,,,,,,,,,,,,,,,
,,,,,,,,,,,,,,,,,,,,,,,,,,,,,,,,,,,,,,,,,,,,,,,,,,,,,,,
,,,,,,,,,,,,,,,,,,,,,,,,,,,,,,,,,,,,,,,,,,,,,,,,,,,,,,,
,,,,,,,,,,,,,,,,,,,,,,,,,,,,,,,,,,,,,,,,,,,,,,,,,,,,,,,
,,,,,,,,,,,,,,,,,,,,,,,,,,,,,,,,,,,,,,,,,,,,,,,,,,,,,,,
,,,,,,,,,,,,,,,,,,,,,,,,,,,,,,,,,,,,,,,,,,,,,,,,,,,,,,,
,,,,,,,,,,,,,,,,,,,,,,,,,,,,,,,,,,,,,,,,,,,,,,,,,,,,,,,
,,,,,,,,,,,,,,,,,,,,,,,,,,,,,,,,,,,,,,,,,,,,,,,,,,,,,,,
,,,,,,,,,,,,,,,,,,,,,,,,,,,,,,,,,,,,,,,,,,,,,,,,,,,,,,,
,,,,,,,,,,,,,,,,,,,,,,,,,,,,,,,,,,,,,,,,,,,,,,,,,,,,,,,
,,,,,,,,,,,,,,,,,,,,,,,,,,,,,,,,,,,,,,,,,,,,,,,,,,,,,,,
,,,,,,,,,,,,,,,,,,,,,,,,,,,,,,,,,,,,,,,,,,,,,,,,,,,,,,,
,,,,,,,,,,,,,,,,,,,,,,,,,,,,,,,,,,,,,,,,,,,,,,,,,,,,,,,
,,,,,,,,,,,,,,,,,,,,,,,,,,,,,,,,,,,,,,,,,,,,,,,,,,,,,,,
,,,,,,,,,,,,,,,,,,,,,,,,,,,,,,,,,,,,,,,,,,,,,,,,,,,,,,,
,,,,,,,,,,,,,,,,,,,,,,,,,,,,,,,,,,,,,,,,,,,,,,,,,,,,,,,
,,,,,,,,,,,,,,,,,,,,,,,,,,,,,,,,,,,,,,,,,,,,,,,,,,,,,,,
,,,,,,,,,,,,,,,,,,,,,,,,,,,,,,,,,,,,,,,,,,,,,,,,,,,,,,,
,,,,,,,,,,,,,,,,,,,,,,,,,,,,,,,,,,,,,,,,,,,,,,,,,,,,,,,
,,,,,,,,,,,,,,,,,,,,,,,,,,,,,,,,,,,,,,,,,,,,,,,,,,,,,,,
,,,,,,,,,,,,,,,,,,,,,,,,,,,,,,,,,,,,,,,,,,,,,,,,,,,,,,,
,,,,,,,,,,,,,,,,,,,,,,,,,,,,,,,,,,,,,,,,,,,,,,,,,,,,,,,
,,,,,,,,,,,,,,,,,,,,,,,,,,,,,,,,,,,,,,,,,,,,,,,,,,,,,,,
,,,,,,,,,,,,,,,,,,,,,,,,,,,,,,,,,,,,,,,,,,,,,,,,,,,,,,,
,,,,,,,,,,,,,,,,,,,,,,,,,,,,,,,,,,,,,,,,,,,,,,,,,,,,,,,
,,,,,,,,,,,,,,,,,,,,,,,,,,,,,,,,,,,,,,,,,,,,,,,,,,,,,,,
,,,,,,,,,,,,,,,,,,,,,,,,,,,,,,,,,,,,,,,,,,,,,,,,,,,,,,,
,,,,,,,,,,,,,,,,,,,,,,,,,,,,,,,,,,,,,,,,,,,,,,,,,,,,,,,
,,,,,,,,,,,,,,,,,,,,,,,,,,,,,,,,,,,,,,,,,,,,,,,,,,,,,,,
,,,,,,,,,,,,,,,,,,,,,,,,,,,,,,,,,,,,,,,,,,,,,,,,,,,,,,,
,,,,,,,,,,,,,,,,,,,,,,,,,,,,,,,,,,,,,,,,,,,,,,,,,,,,,,,
,,,,,,,,,,,,,,,,,,,,,,,,,,,,,,,,,,,,,,,,,,,,,,,,,,,,,,,
,,,,,,,,,,,,,,,,,,,,,,,,,,,,,,,,,,,,,,,,,,,,,,,,,,,,,,,
,,,,,,,,,,,,,,,,,,,,,,,,,,,,,,,,,,,,,,,,,,,,,,,,,,,,,,,
,,,,,,,,,,,,,,,,,,,,,,,,,,,,,,,,,,,,,,,,,,,,,,,,,,,,,,,
,,,,,,,,,,,,,,,,,,,,,,,,,,,,,,,,,,,,,,,,,,,,,,,,,,,,,,,
,,,,,,,,,,,,,,,,,,,,,,,,,,,,,,,,,,,,,,,,,,,,,,,,,,,,,,,
,,,,,,,,,,,,,,,,,,,,,,,,,,,,,,,,,,,,,,,,,,,,,,,,,,,,,,,
,,,,,,,,,,,,,,,,,,,,,,,,,,,,,,,,,,,,,,,,,,,,,,,,,,,,,,,
,,,,,,,,,,,,,,,,,,,,,,,,,,,,,,,,,,,,,,,,,,,,,,,,,,,,,,,
,,,,,,,,,,,,,,,,,,,,,,,,,,,,,,,,,,,,,,,,,,,,,,,,,,,,,,,
,,,,,,,,,,,,,,,,,,,,,,,,,,,,,,,,,,,,,,,,,,,,,,,,,,,,,,,
,,,,,,,,,,,,,,,,,,,,,,,,,,,,,,,,,,,,,,,,,,,,,,,,,,,,,,,
,,,,,,,,,,,,,,,,,,,,,,,,,,,,,,,,,,,,,,,,,,,,,,,,,,,,,,,
,,,,,,,,,,,,,,,,,,,,,,,,,,,,,,,,,,,,,,,,,,,,,,,,,,,,,,,
,,,,,,,,,,,,,,,,,,,,,,,,,,,,,,,,,,,,,,,,,,,,,,,,,,,,,,,
,,,,,,,,,,,,,,,,,,,,,,,,,,,,,,,,,,,,,,,,,,,,,,,,,,,,,,,
,,,,,,,,,,,,,,,,,,,,,,,,,,,,,,,,,,,,,,,,,,,,,,,,,,,,,,,
,,,,,,,,,,,,,,,,,,,,,,,,,,,,,,,,,,,,,,,,,,,,,,,,,,,,,,,
,,,,,,,,,,,,,,,,,,,,,,,,,,,,,,,,,,,,,,,,,,,,,,,,,,,,,,,
,,,,,,,,,,,,,,,,,,,,,,,,,,,,,,,,,,,,,,,,,,,,,,,,,,,,,,,
,,,,,,,,,,,,,,,,,,,,,,,,,,,,,,,,,,,,,,,,,,,,,,,,,,,,,,,
,,,,,,,,,,,,,,,,,,,,,,,,,,,,,,,,,,,,,,,,,,,,,,,,,,,,,,,
,,,,,,,,,,,,,,,,,,,,,,,,,,,,,,,,,,,,,,,,,,,,,,,,,,,,,,,
,,,,,,,,,,,,,,,,,,,,,,,,,,,,,,,,,,,,,,,,,,,,,,,,,,,,,,,
,,,,,,,,,,,,,,,,,,,,,,,,,,,,,,,,,,,,,,,,,,,,,,,,,,,,,,,
,,,,,,,,,,,,,,,,,,,,,,,,,,,,,,,,,,,,,,,,,,,,,,,,,,,,,,,
,,,,,,,,,,,,,,,,,,,,,,,,,,,,,,,,,,,,,,,,,,,,,,,,,,,,,,,
,,,,,,,,,,,,,,,,,,,,,,,,,,,,,,,,,,,,,,,,,,,,,,,,,,,,,,,
,,,,,,,,,,,,,,,,,,,,,,,,,,,,,,,,,,,,,,,,,,,,,,,,,,,,,,,
,,,,,,,,,,,,,,,,,,,,,,,,,,,,,,,,,,,,,,,,,,,,,,,,,,,,,,,
,,,,,,,,,,,,,,,,,,,,,,,,,,,,,,,,,,,,,,,,,,,,,,,,,,,,,,,
,,,,,,,,,,,,,,,,,,,,,,,,,,,,,,,,,,,,,,,,,,,,,,,,,,,,,,,
,,,,,,,,,,,,,,,,,,,,,,,,,,,,,,,,,,,,,,,,,,,,,,,,,,,,,,,
,,,,,,,,,,,,,,,,,,,,,,,,,,,,,,,,,,,,,,,,,,,,,,,,,,,,,,,
,,,,,,,,,,,,,,,,,,,,,,,,,,,,,,,,,,,,,,,,,,,,,,,,,,,,,,,
,,,,,,,,,,,,,,,,,,,,,,,,,,,,,,,,,,,,,,,,,,,,,,,,,,,,,,,
,,,,,,,,,,,,,,,,,,,,,,,,,,,,,,,,,,,,,,,,,,,,,,,,,,,,,,,
,,,,,,,,,,,,,,,,,,,,,,,,,,,,,,,,,,,,,,,,,,,,,,,,,,,,,,,
,,,,,,,,,,,,,,,,,,,,,,,,,,,,,,,,,,,,,,,,,,,,,,,,,,,,,,,
,,,,,,,,,,,,,,,,,,,,,,,,,,,,,,,,,,,,,,,,,,,,,,,,,,,,,,,
,,,,,,,,,,,,,,,,,,,,,,,,,,,,,,,,,,,,,,,,,,,,,,,,,,,,,,,
,,,,,,,,,,,,,,,,,,,,,,,,,,,,,,,,,,,,,,,,,,,,,,,,,,,,,,,
,,,,,,,,,,,,,,,,,,,,,,,,,,,,,,,,,,,,,,,,,,,,,,,,,,,,,,,
,,,,,,,,,,,,,,,,,,,,,,,,,,,,,,,,,,,,,,,,,,,,,,,,,,,,,,,
,,,,,,,,,,,,,,,,,,,,,,,,,,,,,,,,,,,,,,,,,,,,,,,,,,,,,,,
,,,,,,,,,,,,,,,,,,,,,,,,,,,,,,,,,,,,,,,,,,,,,,,,,,,,,,,
,,,,,,,,,,,,,,,,,,,,,,,,,,,,,,,,,,,,,,,,,,,,,,,,,,,,,,,
,,,,,,,,,,,,,,,,,,,,,,,,,,,,,,,,,,,,,,,,,,,,,,,,,,,,,,,
,,,,,,,,,,,,,,,,,,,,,,,,,,,,,,,,,,,,,,,,,,,,,,,,,,,,,,,
,,,,,,,,,,,,,,,,,,,,,,,,,,,,,,,,,,,,,,,,,,,,,,,,,,,,,,,
,,,,,,,,,,,,,,,,,,,,,,,,,,,,,,,,,,,,,,,,,,,,,,,,,,,,,,,
,,,,,,,,,,,,,,,,,,,,,,,,,,,,,,,,,,,,,,,,,,,,,,,,,,,,,,,
,,,,,,,,,,,,,,,,,,,,,,,,,,,,,,,,,,,,,,,,,,,,,,,,,,,,,,,
,,,,,,,,,,,,,,,,,,,,,,,,,,,,,,,,,,,,,,,,,,,,,,,,,,,,,,,
,,,,,,,,,,,,,,,,,,,,,,,,,,,,,,,,,,,,,,,,,,,,,,,,,,,,,,,
,,,,,,,,,,,,,,,,,,,,,,,,,,,,,,,,,,,,,,,,,,,,,,,,,,,,,,,
,,,,,,,,,,,,,,,,,,,,,,,,,,,,,,,,,,,,,,,,,,,,,,,,,,,,,,,
,,,,,,,,,,,,,,,,,,,,,,,,,,,,,,,,,,,,,,,,,,,,,,,,,,,,,,,
,,,,,,,,,,,,,,,,,,,,,,,,,,,,,,,,,,,,,,,,,,,,,,,,,,,,,,,
,,,,,,,,,,,,,,,,,,,,,,,,,,,,,,,,,,,,,,,,,,,,,,,,,,,,,,,
,,,,,,,,,,,,,,,,,,,,,,,,,,,,,,,,,,,,,,,,,,,,,,,,,,,,,,,
,,,,,,,,,,,,,,,,,,,,,,,,,,,,,,,,,,,,,,,,,,,,,,,,,,,,,,,
,,,,,,,,,,,,,,,,,,,,,,,,,,,,,,,,,,,,,,,,,,,,,,,,,,,,,,,
,,,,,,,,,,,,,,,,,,,,,,,,,,,,,,,,,,,,,,,,,,,,,,,,,,,,,,,
,,,,,,,,,,,,,,,,,,,,,,,,,,,,,,,,,,,,,,,,,,,,,,,,,,,,,,,
,,,,,,,,,,,,,,,,,,,,,,,,,,,,,,,,,,,,,,,,,,,,,,,,,,,,,,,
,,,,,,,,,,,,,,,,,,,,,,,,,,,,,,,,,,,,,,,,,,,,,,,,,,,,,,,
,,,,,,,,,,,,,,,,,,,,,,,,,,,,,,,,,,,,,,,,,,,,,,,,,,,,,,,
,,,,,,,,,,,,,,,,,,,,,,,,,,,,,,,,,,,,,,,,,,,,,,,,,,,,,,,
,,,,,,,,,,,,,,,,,,,,,,,,,,,,,,,,,,,,,,,,,,,,,,,,,,,,,,,
,,,,,,,,,,,,,,,,,,,,,,,,,,,,,,,,,,,,,,,,,,,,,,,,,,,,,,,
,,,,,,,,,,,,,,,,,,,,,,,,,,,,,,,,,,,,,,,,,,,,,,,,,,,,,,,
,,,,,,,,,,,,,,,,,,,,,,,,,,,,,,,,,,,,,,,,,,,,,,,,,,,,,,,
,,,,,,,,,,,,,,,,,,,,,,,,,,,,,,,,,,,,,,,,,,,,,,,,,,,,,,,
,,,,,,,,,,,,,,,,,,,,,,,,,,,,,,,,,,,,,,,,,,,,,,,,,,,,,,,
,,,,,,,,,,,,,,,,,,,,,,,,,,,,,,,,,,,,,,,,,,,,,,,,,,,,,,,
,,,,,,,,,,,,,,,,,,,,,,,,,,,,,,,,,,,,,,,,,,,,,,,,,,,,,,,
,,,,,,,,,,,,,,,,,,,,,,,,,,,,,,,,,,,,,,,,,,,,,,,,,,,,,,,
,,,,,,,,,,,,,,,,,,,,,,,,,,,,,,,,,,,,,,,,,,,,,,,,,,,,,,,
,,,,,,,,,,,,,,,,,,,,,,,,,,,,,,,,,,,,,,,,,,,,,,,,,,,,,,,
,,,,,,,,,,,,,,,,,,,,,,,,,,,,,,,,,,,,,,,,,,,,,,,,,,,,,,,
,,,,,,,,,,,,,,,,,,,,,,,,,,,,,,,,,,,,,,,,,,,,,,,,,,,,,,,
,,,,,,,,,,,,,,,,,,,,,,,,,,,,,,,,,,,,,,,,,,,,,,,,,,,,,,,
,,,,,,,,,,,,,,,,,,,,,,,,,,,,,,,,,,,,,,,,,,,,,,,,,,,,,,,
,,,,,,,,,,,,,,,,,,,,,,,,,,,,,,,,,,,,,,,,,,,,,,,,,,,,,,,
,,,,,,,,,,,,,,,,,,,,,,,,,,,,,,,,,,,,,,,,,,,,,,,,,,,,,,,
,,,,,,,,,,,,,,,,,,,,,,,,,,,,,,,,,,,,,,,,,,,,,,,,,,,,,,,
,,,,,,,,,,,,,,,,,,,,,,,,,,,,,,,,,,,,,,,,,,,,,,,,,,,,,,,
,,,,,,,,,,,,,,,,,,,,,,,,,,,,,,,,,,,,,,,,,,,,,,,,,,,,,,,
,,,,,,,,,,,,,,,,,,,,,,,,,,,,,,,,,,,,,,,,,,,,,,,,,,,,,,,
,,,,,,,,,,,,,,,,,,,,,,,,,,,,,,,,,,,,,,,,,,,,,,,,,,,,,,,
,,,,,,,,,,,,,,,,,,,,,,,,,,,,,,,,,,,,,,,,,,,,,,,,,,,,,,,
,,,,,,,,,,,,,,,,,,,,,,,,,,,,,,,,,,,,,,,,,,,,,,,,,,,,,,,
,,,,,,,,,,,,,,,,,,,,,,,,,,,,,,,,,,,,,,,,,,,,,,,,,,,,,,,
,,,,,,,,,,,,,,,,,,,,,,,,,,,,,,,,,,,,,,,,,,,,,,,,,,,,,,,
,,,,,,,,,,,,,,,,,,,,,,,,,,,,,,,,,,,,,,,,,,,,,,,,,,,,,,,
,,,,,,,,,,,,,,,,,,,,,,,,,,,,,,,,,,,,,,,,,,,,,,,,,,,,,,,
,,,,,,,,,,,,,,,,,,,,,,,,,,,,,,,,,,,,,,,,,,,,,,,,,,,,,,,
,,,,,,,,,,,,,,,,,,,,,,,,,,,,,,,,,,,,,,,,,,,,,,,,,,,,,,,
,,,,,,,,,,,,,,,,,,,,,,,,,,,,,,,,,,,,,,,,,,,,,,,,,,,,,,,
,,,,,,,,,,,,,,,,,,,,,,,,,,,,,,,,,,,,,,,,,,,,,,,,,,,,,,,
,,,,,,,,,,,,,,,,,,,,,,,,,,,,,,,,,,,,,,,,,,,,,,,,,,,,,,,
,,,,,,,,,,,,,,,,,,,,,,,,,,,,,,,,,,,,,,,,,,,,,,,,,,,,,,,
,,,,,,,,,,,,,,,,,,,,,,,,,,,,,,,,,,,,,,,,,,,,,,,,,,,,,,,
,,,,,,,,,,,,,,,,,,,,,,,,,,,,,,,,,,,,,,,,,,,,,,,,,,,,,,,
,,,,,,,,,,,,,,,,,,,,,,,,,,,,,,,,,,,,,,,,,,,,,,,,,,,,,,,
,,,,,,,,,,,,,,,,,,,,,,,,,,,,,,,,,,,,,,,,,,,,,,,,,,,,,,,
,,,,,,,,,,,,,,,,,,,,,,,,,,,,,,,,,,,,,,,,,,,,,,,,,,,,,,,
,,,,,,,,,,,,,,,,,,,,,,,,,,,,,,,,,,,,,,,,,,,,,,,,,,,,,,,
,,,,,,,,,,,,,,,,,,,,,,,,,,,,,,,,,,,,,,,,,,,,,,,,,,,,,,,
,,,,,,,,,,,,,,,,,,,,,,,,,,,,,,,,,,,,,,,,,,,,,,,,,,,,,,,
,,,,,,,,,,,,,,,,,,,,,,,,,,,,,,,,,,,,,,,,,,,,,,,,,,,,,,,
,,,,,,,,,,,,,,,,,,,,,,,,,,,,,,,,,,,,,,,,,,,,,,,,,,,,,,,
,,,,,,,,,,,,,,,,,,,,,,,,,,,,,,,,,,,,,,,,,,,,,,,,,,,,,,,
,,,,,,,,,,,,,,,,,,,,,,,,,,,,,,,,,,,,,,,,,,,,,,,,,,,,,,,
,,,,,,,,,,,,,,,,,,,,,,,,,,,,,,,,,,,,,,,,,,,,,,,,,,,,,,,
,,,,,,,,,,,,,,,,,,,,,,,,,,,,,,,,,,,,,,,,,,,,,,,,,,,,,,,
,,,,,,,,,,,,,,,,,,,,,,,,,,,,,,,,,,,,,,,,,,,,,,,,,,,,,,,
,,,,,,,,,,,,,,,,,,,,,,,,,,,,,,,,,,,,,,,,,,,,,,,,,,,,,,,
,,,,,,,,,,,,,,,,,,,,,,,,,,,,,,,,,,,,,,,,,,,,,,,,,,,,,,,
,,,,,,,,,,,,,,,,,,,,,,,,,,,,,,,,,,,,,,,,,,,,,,,,,,,,,,,
,,,,,,,,,,,,,,,,,,,,,,,,,,,,,,,,,,,,,,,,,,,,,,,,,,,,,,,
,,,,,,,,,,,,,,,,,,,,,,,,,,,,,,,,,,,,,,,,,,,,,,,,,,,,,,,
,,,,,,,,,,,,,,,,,,,,,,,,,,,,,,,,,,,,,,,,,,,,,,,,,,,,,,,
,,,,,,,,,,,,,,,,,,,,,,,,,,,,,,,,,,,,,,,,,,,,,,,,,,,,,,,
,,,,,,,,,,,,,,,,,,,,,,,,,,,,,,,,,,,,,,,,,,,,,,,,,,,,,,,
,,,,,,,,,,,,,,,,,,,,,,,,,,,,,,,,,,,,,,,,,,,,,,,,,,,,,,,
,,,,,,,,,,,,,,,,,,,,,,,,,,,,,,,,,,,,,,,,,,,,,,,,,,,,,,,
,,,,,,,,,,,,,,,,,,,,,,,,,,,,,,,,,,,,,,,,,,,,,,,,,,,,,,,
,,,,,,,,,,,,,,,,,,,,,,,,,,,,,,,,,,,,,,,,,,,,,,,,,,,,,,,
,,,,,,,,,,,,,,,,,,,,,,,,,,,,,,,,,,,,,,,,,,,,,,,,,,,,,,,
,,,,,,,,,,,,,,,,,,,,,,,,,,,,,,,,,,,,,,,,,,,,,,,,,,,,,,,
,,,,,,,,,,,,,,,,,,,,,,,,,,,,,,,,,,,,,,,,,,,,,,,,,,,,,,,
,,,,,,,,,,,,,,,,,,,,,,,,,,,,,,,,,,,,,,,,,,,,,,,,,,,,,,,
,,,,,,,,,,,,,,,,,,,,,,,,,,,,,,,,,,,,,,,,,,,,,,,,,,,,,,,
,,,,,,,,,,,,,,,,,,,,,,,,,,,,,,,,,,,,,,,,,,,,,,,,,,,,,,,
,,,,,,,,,,,,,,,,,,,,,,,,,,,,,,,,,,,,,,,,,,,,,,,,,,,,,,,
,,,,,,,,,,,,,,,,,,,,,,,,,,,,,,,,,,,,,,,,,,,,,,,,,,,,,,,
,,,,,,,,,,,,,,,,,,,,,,,,,,,,,,,,,,,,,,,,,,,,,,,,,,,,,,,
,,,,,,,,,,,,,,,,,,,,,,,,,,,,,,,,,,,,,,,,,,,,,,,,,,,,,,,
,,,,,,,,,,,,,,,,,,,,,,,,,,,,,,,,,,,,,,,,,,,,,,,,,,,,,,,
,,,,,,,,,,,,,,,,,,,,,,,,,,,,,,,,,,,,,,,,,,,,,,,,,,,,,,,
,,,,,,,,,,,,,,,,,,,,,,,,,,,,,,,,,,,,,,,,,,,,,,,,,,,,,,,
,,,,,,,,,,,,,,,,,,,,,,,,,,,,,,,,,,,,,,,,,,,,,,,,,,,,,,,
,,,,,,,,,,,,,,,,,,,,,,,,,,,,,,,,,,,,,,,,,,,,,,,,,,,,,,,
,,,,,,,,,,,,,,,,,,,,,,,,,,,,,,,,,,,,,,,,,,,,,,,,,,,,,,,
,,,,,,,,,,,,,,,,,,,,,,,,,,,,,,,,,,,,,,,,,,,,,,,,,,,,,,,
,,,,,,,,,,,,,,,,,,,,,,,,,,,,,,,,,,,,,,,,,,,,,,,,,,,,,,,
,,,,,,,,,,,,,,,,,,,,,,,,,,,,,,,,,,,,,,,,,,,,,,,,,,,,,,,
,,,,,,,,,,,,,,,,,,,,,,,,,,,,,,,,,,,,,,,,,,,,,,,,,,,,,,,
,,,,,,,,,,,,,,,,,,,,,,,,,,,,,,,,,,,,,,,,,,,,,,,,,,,,,,,
,,,,,,,,,,,,,,,,,,,,,,,,,,,,,,,,,,,,,,,,,,,,,,,,,,,,,,,
,,,,,,,,,,,,,,,,,,,,,,,,,,,,,,,,,,,,,,,,,,,,,,,,,,,,,,,
,,,,,,,,,,,,,,,,,,,,,,,,,,,,,,,,,,,,,,,,,,,,,,,,,,,,,,,
,,,,,,,,,,,,,,,,,,,,,,,,,,,,,,,,,,,,,,,,,,,,,,,,,,,,,,,
,,,,,,,,,,,,,,,,,,,,,,,,,,,,,,,,,,,,,,,,,,,,,,,,,,,,,,,
,,,,,,,,,,,,,,,,,,,,,,,,,,,,,,,,,,,,,,,,,,,,,,,,,,,,,,,
,,,,,,,,,,,,,,,,,,,,,,,,,,,,,,,,,,,,,,,,,,,,,,,,,,,,,,,
,,,,,,,,,,,,,,,,,,,,,,,,,,,,,,,,,,,,,,,,,,,,,,,,,,,,,,,
,,,,,,,,,,,,,,,,,,,,,,,,,,,,,,,,,,,,,,,,,,,,,,,,,,,,,,,
,,,,,,,,,,,,,,,,,,,,,,,,,,,,,,,,,,,,,,,,,,,,,,,,,,,,,,,
,,,,,,,,,,,,,,,,,,,,,,,,,,,,,,,,,,,,,,,,,,,,,,,,,,,,,,,
,,,,,,,,,,,,,,,,,,,,,,,,,,,,,,,,,,,,,,,,,,,,,,,,,,,,,,,
,,,,,,,,,,,,,,,,,,,,,,,,,,,,,,,,,,,,,,,,,,,,,,,,,,,,,,,
,,,,,,,,,,,,,,,,,,,,,,,,,,,,,,,,,,,,,,,,,,,,,,,,,,,,,,,
,,,,,,,,,,,,,,,,,,,,,,,,,,,,,,,,,,,,,,,,,,,,,,,,,,,,,,,
,,,,,,,,,,,,,,,,,,,,,,,,,,,,,,,,,,,,,,,,,,,,,,,,,,,,,,,
,,,,,,,,,,,,,,,,,,,,,,,,,,,,,,,,,,,,,,,,,,,,,,,,,,,,,,,
,,,,,,,,,,,,,,,,,,,,,,,,,,,,,,,,,,,,,,,,,,,,,,,,,,,,,,,
,,,,,,,,,,,,,,,,,,,,,,,,,,,,,,,,,,,,,,,,,,,,,,,,,,,,,,,
,,,,,,,,,,,,,,,,,,,,,,,,,,,,,,,,,,,,,,,,,,,,,,,,,,,,,,,
,,,,,,,,,,,,,,,,,,,,,,,,,,,,,,,,,,,,,,,,,,,,,,,,,,,,,,,
,,,,,,,,,,,,,,,,,,,,,,,,,,,,,,,,,,,,,,,,,,,,,,,,,,,,,,,
,,,,,,,,,,,,,,,,,,,,,,,,,,,,,,,,,,,,,,,,,,,,,,,,,,,,,,,
,,,,,,,,,,,,,,,,,,,,,,,,,,,,,,,,,,,,,,,,,,,,,,,,,,,,,,,
,,,,,,,,,,,,,,,,,,,,,,,,,,,,,,,,,,,,,,,,,,,,,,,,,,,,,,,
,,,,,,,,,,,,,,,,,,,,,,,,,,,,,,,,,,,,,,,,,,,,,,,,,,,,,,,
,,,,,,,,,,,,,,,,,,,,,,,,,,,,,,,,,,,,,,,,,,,,,,,,,,,,,,,
,,,,,,,,,,,,,,,,,,,,,,,,,,,,,,,,,,,,,,,,,,,,,,,,,,,,,,,
,,,,,,,,,,,,,,,,,,,,,,,,,,,,,,,,,,,,,,,,,,,,,,,,,,,,,,,
,,,,,,,,,,,,,,,,,,,,,,,,,,,,,,,,,,,,,,,,,,,,,,,,,,,,,,,
,,,,,,,,,,,,,,,,,,,,,,,,,,,,,,,,,,,,,,,,,,,,,,,,,,,,,,,
,,,,,,,,,,,,,,,,,,,,,,,,,,,,,,,,,,,,,,,,,,,,,,,,,,,,,,,
,,,,,,,,,,,,,,,,,,,,,,,,,,,,,,,,,,,,,,,,,,,,,,,,,,,,,,,
,,,,,,,,,,,,,,,,,,,,,,,,,,,,,,,,,,,,,,,,,,,,,,,,,,,,,,,
,,,,,,,,,,,,,,,,,,,,,,,,,,,,,,,,,,,,,,,,,,,,,,,,,,,,,,,
,,,,,,,,,,,,,,,,,,,,,,,,,,,,,,,,,,,,,,,,,,,,,,,,,,,,,,,
,,,,,,,,,,,,,,,,,,,,,,,,,,,,,,,,,,,,,,,,,,,,,,,,,,,,,,,
,,,,,,,,,,,,,,,,,,,,,,,,,,,,,,,,,,,,,,,,,,,,,,,,,,,,,,,
,,,,,,,,,,,,,,,,,,,,,,,,,,,,,,,,,,,,,,,,,,,,,,,,,,,,,,,
,,,,,,,,,,,,,,,,,,,,,,,,,,,,,,,,,,,,,,,,,,,,,,,,,,,,,,,
,,,,,,,,,,,,,,,,,,,,,,,,,,,,,,,,,,,,,,,,,,,,,,,,,,,,,,,
,,,,,,,,,,,,,,,,,,,,,,,,,,,,,,,,,,,,,,,,,,,,,,,,,,,,,,,
,,,,,,,,,,,,,,,,,,,,,,,,,,,,,,,,,,,,,,,,,,,,,,,,,,,,,,,
,,,,,,,,,,,,,,,,,,,,,,,,,,,,,,,,,,,,,,,,,,,,,,,,,,,,,,,
,,,,,,,,,,,,,,,,,,,,,,,,,,,,,,,,,,,,,,,,,,,,,,,,,,,,,,,
,,,,,,,,,,,,,,,,,,,,,,,,,,,,,,,,,,,,,,,,,,,,,,,,,,,,,,,
,,,,,,,,,,,,,,,,,,,,,,,,,,,,,,,,,,,,,,,,,,,,,,,,,,,,,,,
,,,,,,,,,,,,,,,,,,,,,,,,,,,,,,,,,,,,,,,,,,,,,,,,,,,,,,,
,,,,,,,,,,,,,,,,,,,,,,,,,,,,,,,,,,,,,,,,,,,,,,,,,,,,,,,
,,,,,,,,,,,,,,,,,,,,,,,,,,,,,,,,,,,,,,,,,,,,,,,,,,,,,,,
,,,,,,,,,,,,,,,,,,,,,,,,,,,,,,,,,,,,,,,,,,,,,,,,,,,,,,,
,,,,,,,,,,,,,,,,,,,,,,,,,,,,,,,,,,,,,,,,,,,,,,,,,,,,,,,
,,,,,,,,,,,,,,,,,,,,,,,,,,,,,,,,,,,,,,,,,,,,,,,,,,,,,,,
,,,,,,,,,,,,,,,,,,,,,,,,,,,,,,,,,,,,,,,,,,,,,,,,,,,,,,,
,,,,,,,,,,,,,,,,,,,,,,,,,,,,,,,,,,,,,,,,,,,,,,,,,,,,,,,
,,,,,,,,,,,,,,,,,,,,,,,,,,,,,,,,,,,,,,,,,,,,,,,,,,,,,,,
,,,,,,,,,,,,,,,,,,,,,,,,,,,,,,,,,,,,,,,,,,,,,,,,,,,,,,,
,,,,,,,,,,,,,,,,,,,,,,,,,,,,,,,,,,,,,,,,,,,,,,,,,,,,,,,
,,,,,,,,,,,,,,,,,,,,,,,,,,,,,,,,,,,,,,,,,,,,,,,,,,,,,,,
,,,,,,,,,,,,,,,,,,,,,,,,,,,,,,,,,,,,,,,,,,,,,,,,,,,,,,,
,,,,,,,,,,,,,,,,,,,,,,,,,,,,,,,,,,,,,,,,,,,,,,,,,,,,,,,
,,,,,,,,,,,,,,,,,,,,,,,,,,,,,,,,,,,,,,,,,,,,,,,,,,,,,,,
,,,,,,,,,,,,,,,,,,,,,,,,,,,,,,,,,,,,,,,,,,,,,,,,,,,,,,,
,,,,,,,,,,,,,,,,,,,,,,,,,,,,,,,,,,,,,,,,,,,,,,,,,,,,,,,
,,,,,,,,,,,,,,,,,,,,,,,,,,,,,,,,,,,,,,,,,,,,,,,,,,,,,,,
,,,,,,,,,,,,,,,,,,,,,,,,,,,,,,,,,,,,,,,,,,,,,,,,,,,,,,,
,,,,,,,,,,,,,,,,,,,,,,,,,,,,,,,,,,,,,,,,,,,,,,,,,,,,,,,
,,,,,,,,,,,,,,,,,,,,,,,,,,,,,,,,,,,,,,,,,,,,,,,,,,,,,,,
,,,,,,,,,,,,,,,,,,,,,,,,,,,,,,,,,,,,,,,,,,,,,,,,,,,,,,,
,,,,,,,,,,,,,,,,,,,,,,,,,,,,,,,,,,,,,,,,,,,,,,,,,,,,,,,
,,,,,,,,,,,,,,,,,,,,,,,,,,,,,,,,,,,,,,,,,,,,,,,,,,,,,,,
,,,,,,,,,,,,,,,,,,,,,,,,,,,,,,,,,,,,,,,,,,,,,,,,,,,,,,,
,,,,,,,,,,,,,,,,,,,,,,,,,,,,,,,,,,,,,,,,,,,,,,,,,,,,,,,
,,,,,,,,,,,,,,,,,,,,,,,,,,,,,,,,,,,,,,,,,,,,,,,,,,,,,,,
,,,,,,,,,,,,,,,,,,,,,,,,,,,,,,,,,,,,,,,,,,,,,,,,,,,,,,,
,,,,,,,,,,,,,,,,,,,,,,,,,,,,,,,,,,,,,,,,,,,,,,,,,,,,,,,
,,,,,,,,,,,,,,,,,,,,,,,,,,,,,,,,,,,,,,,,,,,,,,,,,,,,,,,
,,,,,,,,,,,,,,,,,,,,,,,,,,,,,,,,,,,,,,,,,,,,,,,,,,,,,,,
,,,,,,,,,,,,,,,,,,,,,,,,,,,,,,,,,,,,,,,,,,,,,,,,,,,,,,,
,,,,,,,,,,,,,,,,,,,,,,,,,,,,,,,,,,,,,,,,,,,,,,,,,,,,,,,
,,,,,,,,,,,,,,,,,,,,,,,,,,,,,,,,,,,,,,,,,,,,,,,,,,,,,,,
,,,,,,,,,,,,,,,,,,,,,,,,,,,,,,,,,,,,,,,,,,,,,,,,,,,,,,,
,,,,,,,,,,,,,,,,,,,,,,,,,,,,,,,,,,,,,,,,,,,,,,,,,,,,,,,
,,,,,,,,,,,,,,,,,,,,,,,,,,,,,,,,,,,,,,,,,,,,,,,,,,,,,,,
,,,,,,,,,,,,,,,,,,,,,,,,,,,,,,,,,,,,,,,,,,,,,,,,,,,,,,,
,,,,,,,,,,,,,,,,,,,,,,,,,,,,,,,,,,,,,,,,,,,,,,,,,,,,,,,
,,,,,,,,,,,,,,,,,,,,,,,,,,,,,,,,,,,,,,,,,,,,,,,,,,,,,,,
,,,,,,,,,,,,,,,,,,,,,,,,,,,,,,,,,,,,,,,,,,,,,,,,,,,,,,,
,,,,,,,,,,,,,,,,,,,,,,,,,,,,,,,,,,,,,,,,,,,,,,,,,,,,,,,
,,,,,,,,,,,,,,,,,,,,,,,,,,,,,,,,,,,,,,,,,,,,,,,,,,,,,,,
,,,,,,,,,,,,,,,,,,,,,,,,,,,,,,,,,,,,,,,,,,,,,,,,,,,,,,,
,,,,,,,,,,,,,,,,,,,,,,,,,,,,,,,,,,,,,,,,,,,,,,,,,,,,,,,
,,,,,,,,,,,,,,,,,,,,,,,,,,,,,,,,,,,,,,,,,,,,,,,,,,,,,,,
,,,,,,,,,,,,,,,,,,,,,,,,,,,,,,,,,,,,,,,,,,,,,,,,,,,,,,,
,,,,,,,,,,,,,,,,,,,,,,,,,,,,,,,,,,,,,,,,,,,,,,,,,,,,,,,
,,,,,,,,,,,,,,,,,,,,,,,,,,,,,,,,,,,,,,,,,,,,,,,,,,,,,,,
,,,,,,,,,,,,,,,,,,,,,,,,,,,,,,,,,,,,,,,,,,,,,,,,,,,,,,,
,,,,,,,,,,,,,,,,,,,,,,,,,,,,,,,,,,,,,,,,,,,,,,,,,,,,,,,
,,,,,,,,,,,,,,,,,,,,,,,,,,,,,,,,,,,,,,,,,,,,,,,,,,,,,,,
,,,,,,,,,,,,,,,,,,,,,,,,,,,,,,,,,,,,,,,,,,,,,,,,,,,,,,,
,,,,,,,,,,,,,,,,,,,,,,,,,,,,,,,,,,,,,,,,,,,,,,,,,,,,,,,
