,,,,,,,,,,,,,,,,,,,,,,,
,,,,,,,,,,,,,,,,,,,,,,,
Zone,District,PC,AC,Block,Panchayat,ZP Seat Number,In Final Candidate List,Runnerup ZP Name,Runnerup ZP Number,Tentatative Reservation Status ,ZP to Contest,Secured Votes ,Current Party Inclination,Want To Contest With JSP ,PK Meeting Status,Tentatative Date,Calling Status,POC,Remark,Remark,,,
Champaran,East Champaran,2. Paschim Champaran,10. Raxaul,Raxaul,"Bhelahi, Harnahi, Laxmipur Laxmanwa, Noneya Dih, Pantoka, Purandra, Siswa",Raxaul_1,No,सुरेश प्रसाद,9431233252.0,General,,,,,,,Switch Off,Sakshi,,,,,
Champaran,East Champaran,2. Paschim Champaran,10. Raxaul,Raxaul,"Dhangarhwa Kaurihar, Hardiya, Jokiyari, Lawkaria, Palanwa Jagdhar, Parsauna Tapsi",Raxaul_2,Raxaul_2,शहाना खातुन,9546151515.0,EBC,Yes,8600.0,RJD,Yes,Yes,2 Spetember,Call Connected,Sakshi,,He wants to meet september 1st week,,,
Champaran,East Champaran,2. Paschim Champaran,11. Sugauli,Ramgarhwa,"Amodei, Bela, Champapur, Murla, Patani, Ramgarhwa, Shiv Nagar, Tola Brita Baria",Ramgarhwa_2,No,कविता सिंह,9661590788.0,,,,,,,,Not Received ,Sakshi,,,,,
Champaran,East Champaran,2. Paschim Champaran,11. Sugauli,Ramgarhwa,"Adh Kaparia, Ahiraulia, Dhanhar Dihuli, Jaitapur, Pakhnahia, Raghunathpur, Sakrar, Singasani",Ramgarhwa_3,No,नुसरत जहाँ,7004342759.0,General,Yes,5000.0,Independent,Dicey,Yes,,Call Connected,Sakshi,,Date not confirm,,,
Champaran,East Champaran,2. Paschim Champaran,11. Sugauli,Ramgarhwa,Singasani,Ramgarhwa_4,No,सोनाली कुमारी,9162722652.0,,,,,,,,No Incoming ,Sakshi,,,,,
Champaran,East Champaran,2. Paschim Champaran,11. Sugauli,Sugauli,"Baghi, Karamwa Raghunathpur, Mali, Mansingha North, Mansingha South, Pajiyarwa, Shirpur North, Sukul Pakar",Sugauli_5,No,उर्मिला देवी,7004190217 // 9006415997,General,Yes,5600.0,Independent,Dicey,Yes,,Call Connected,Sakshi,,Date not confirm,,,
Champaran,East Champaran,2. Paschim Champaran,11. Sugauli,Sugauli,"Bhargawan, Bhataha, Chhapara Basas North, Chhapara Basas South, Fulwaria, Sirpur South, Suganw North, Suganw South",Sugauli_6,No,रूबी कुमारी,8709901635 // 9931408072,,Yes,4312.0,Independent,Dicey,Yes,,Call Connected,Sakshi,,"Date not confirm to meet .
He wants to meet PK but he will let it be known later whether he will join the party.",,,
Champaran,East Champaran,3. Purvi Champaran,14. Govindganj,Paharpur,"Kamal Pipra, Kotwa, Majhariya, Nawadih, Sareya East, Sareya West, Sonwal, Tejpurwa",Paharpur_7,Paharpur_7,तेजनारायन प्रसाद,9576891188.0,,Yes,6200.0,JSP,,,,Call Connected,Sakshi,,,,,
Champaran,East Champaran,3. Purvi Champaran,14. Govindganj,Paharpur,"Balua, Mankararya, Narawbhar, Noneya North, Noneya South, Parsauni, Siswa East, Siswa West",Paharpur_8,No,रीचा कुमारी,8292480411.0,,,,,,,,Call Connected,Sakshi,,"His voice was breaking up , so i asked his to step aside while talking , he disconnected the call and didn;t answer when i called  back ",,,
Champaran,East Champaran,3. Purvi Champaran,14. Govindganj,Areraj,"Babhnauli, Chaita Chintamanpur, Mamarkha, Mamarkha Tola Bhaiya, Manguraha, Pipra, Radhiya",Areraj_9,Areraj_9,मधू मिश्रा,9473016774.0,,,,,,,,No Incoming ,Sakshi,,,,,
Champaran,East Champaran,3. Purvi Champaran,14. Govindganj,Areraj,"Bahadurpur, Chatia Barharwa, Misraulia, Mura, Nagdaha, Nawada, Sareya",Areraj_10,No,सुनील कुमार सिंह,9771925819.0,General,Yes,5600.0,JSP,Yes,Yes,2026-08-26 00:00:00,Call Connected,Sakshi,,He is associated with JSP,,,
Champaran,East Champaran,2. Paschim Champaran,12. Narkatiya,Adapur,"Andhara, Barwa, Bhawanipur, Dubahan, Gamharia, Lakshmipur Pokhariya, Majhariya, Nakardei",Adapur_11,No,तनजीला खातून,9431281922.0,,,,,,,,Not Received ,Sakshi,,,,,
Champaran,East Champaran,2. Paschim Champaran,12. Narkatiya,Adapur,"Auraiya, Bakhari, Belwa, Bherihari, Harpur, Koraiya, Murtiya, Shyampur, Sirsiya Kala",Adapur_12,No,शबनम खातून,9631874678.0,,,,,,,,Switch Off,Sakshi,,,,,
Champaran,East Champaran,3. Purvi Champaran,16. Kalyanpur,Kotwa,"Ahiraulia, Barharwa Kala East, Barharwa Kala West, Dumra, Jasauli, Kararia, Machargawa",Kotwa_13,Kotwa_13,कृष्णा बैठा,9939796284.0,EBC,Yes,5977.0,JSP,Yes,Yes,1sept ,Call Connected,Sakshi,,He wants to meet september 1st week,,,
Champaran,East Champaran,3. Purvi Champaran,16. Kalyanpur,Kotwa,"Bathna, Bhopatpur North, Bhopatpur South, Gopi Chapara, Jagiranha, Jasauli Patti, Kotwa, Maharani Bhopat, Pokhara",Kotwa_14,Kotwa_14,सम्भू ठाकुर,9006994383 // 8825141780,General,Yes,8800.0,Independent,Yes,Yes,1sept ,Call Connected,Sakshi,,He wants to meet september 1st week,,,
Champaran,East Champaran,3. Purvi Champaran,15. Kesaria,Sangrampur,"Bariaria North, Madhubani East, Madhubani North, Madhubani South, Madhubani West, Sangrampur East, Sangrampur West",Sangrampur_15,Sangrampur_15,अनामिका सिंह,9525210352 // 8210129400,,,LOST BY 225,,,,,Call Connected,Sakshi,,call back later,,,
Champaran,East Champaran,3. Purvi Champaran,15. Kesaria,Sangrampur,"Bariaria South, Bariaria Tola Rajpur, Barwa, Bhatwaliya, Bhawanipur North, Bhawanipur South, Dumariya",Sangrampur_16,Sangrampur_16,अमित कुमार सिंह,7004930035.0,General,Yes,5000.0,JSP,Yes,Yes,2026-08-24 00:00:00,Call Connected,Sakshi,,"He is coming to patna on Aug 22nd and will stay until Aug 24th , he wants to schedule a meeting during these three days.",,,
Champaran,East Champaran,3. Purvi Champaran,13. Harsidhi,Harsidhi,"Bariyadih, Harsidhi Pakariya, Kanchedwa, Panapur Ranjita, Sonbarsha, Yodo Pur",Harsidhi_17,Paharpur_8,सूर्यमुखी देवी,9431253015.0,,,9700.0,,,,,Not Received ,Sakshi,,,,,
Champaran,East Champaran,3. Purvi Champaran,13. Harsidhi,Harsidhi,"Charrahiya, Ghiwadharh, Kritpur, Math Lohiyar, Matiyariya, Ujjain Lohiyar",Harsidhi_18,No,मेहरून नेशा,7903441371.0,EBC,Yes,7987.0,JSP,Yes,Yes,2026-08-26 00:00:00,Call Connected,Sakshi,,He wants to meet in this month,,,
Champaran,East Champaran,3. Purvi Champaran,13. Harsidhi,Harsidhi,"Bhada, Gai Ghat, Harpur Rai, Jaga Pakar, Manikpur, Murar Pur, Olanha Mehta Tola",Harsidhi_19,No,उमेश कुमार सिंह,9525657235.0,EBC,Yes,3000.0,HAM,No,No,,Call Connected,Sakshi,,,,,
Champaran,East Champaran,3. Purvi Champaran,13. Harsidhi,Turkaulia,"Belwa Narirawa, Bijulpur, Charganha, Jaisinghpur East, Jaisinghpur North, Jaisinghpur South, Sapahi, Turkaulia West",Turkaulia_20,No,[सुमित्रा देवी] or [रिंकी देवी],[9470284843 // 8340246727] or  [8340791005],,,,,,,,No Incoming ,Sakshi,,,,,
Champaran,East Champaran,3. Purvi Champaran,13. Harsidhi,Turkaulia,"Madhopur Madhumalti, Madhrupur, Sankar Saraiya South, Shankar Saraiya North, Turkaulia East, Turkaulia Middle",Turkaulia_21,No,रुखसाना खातुन,9934084099.0,,,,,,,,Not Received ,Sakshi,,,,,
Champaran,East Champaran,2. Paschim Champaran,12. Narkatiya,Banjariya,"Fulwar North, Fulwar South, Janarwa, Pachrukha East, Pachrukha Middle, Pachrukha West, Rohiniya",Banjariya_22,No,कृष्णा कुमार कश्यप,9504358199.0,"General, General Mahila",Yes,4400.0,Independent,Yes,Yes,2026-09-01 00:00:00,Call Connected,Sakshi,,He wants to meet september 1st week,,,
Champaran,East Champaran,2. Paschim Champaran,12. Narkatiya,Banjariya,"Ajgari, Chailanha, Semra Tola Bhola, Siswa East, Siswa West",Banjariya_23,No,मोहम्मद उमेश अख्तर,8709228912 // 7033418906,,,,,,,,Not Received ,Sakshi,,,,,
Champaran,East Champaran,2. Paschim Champaran,12. Narkatiya,Chawradano,"Bhelwa, Darpa, Ekdari, Khairwa, Kudarkat, Mahuawa, Purainiya, Tinkoni",Chawradano_24,No,रामकृपाल ठाकुर,9113120176.0,General,Yes,8000.0,Independent,Dicey,Dicey,,Call Connected,Sakshi,,,,,
Champaran,East Champaran,2. Paschim Champaran,12. Narkatiya,Chawradano,"Bhatanahiya, Hiramani, Jitpur, Juafar, Narkatia, Pakaria, Rampur",Chawradano_25,Chawradano_25,इनताखाब आलम,9939927760.0,,,,,,,,Not Received ,Sakshi,,,,,
Champaran,East Champaran,3. Purvi Champaran,19. Motihari,Motihari,"Barwa, Dhurwa Lakhaura, Jhitkahia, Kataha, Nawrangia, Ramgarhwa",Motihari_26,No,मोतीलाल सहनी 1,9431811931 // 7367811388,General,Yes,3015.0,Independent,Dicey,Yes,,Call Connected,Sakshi,,He wants to meet next month  but he not confirm any date,,,
Champaran,East Champaran,3. Purvi Champaran,19. Motihari,Motihari,"Gorhwa, Ram Singh Chhatauni, Rulahi",Motihari_27,No,चिंता कुमारी,9931247631 // 9852973710,,,,,,,,Not Received ,Sakshi,,,,,
Champaran,East Champaran,3. Purvi Champaran,19. Motihari,Motihari,"Bardaha, Basman Pur, Dhekhahan North, Dhekhahan West, Madhubani Ghat, Sirsa Mal, Tikuliya",Motihari_28,No,राजेश कुमार पासवान,9939420994 // 9525995312,General,Yes,4500.0,JSP,Yes,Yes,2026-08-26 00:00:00,Call Connected,Sakshi,,,,,
Champaran,East Champaran,3. Purvi Champaran,19. Motihari,Pipra Kothi,"Dhekhan South, Panditpur, Salempur, Suraypur, Tikaita Gobindpur, Veer Chapra",Pipra Kothi_29,No,किरण देवी,8969953401.0,EBC,Yes,6500.0,JDU,Dicey,Yes,2026-08-26 00:00:00,Call Connected,Sakshi,,,,,
Champaran,East Champaran,3. Purvi Champaran,15. Kesaria,Kesaria,"Bairia, Husani North, Husani South, Kesaria West, Khijaripur Benipur, Rampur Khajuria, Sarotar East, Sarotar West, Sebhuapur",Kesaria_30,Kesaria_30,शबनम प्रवीण,8709207062.0,,,10356.0,,,,,Not Received ,Sakshi,,,,,
Champaran,East Champaran,3. Purvi Champaran,15. Kesaria,Kesaria,"Bathna, Dhekahan, Gonchhi Kushar, Kadhan, Mathya, Sundarpur East, Sundarpur West, Tajpur Pathkauliya",Kesaria_31,No,रूबी सिंह,9973557277.0,General,Yes,4208.0,JSP,Yes,Yes,2026-08-26 00:00:00,Call Connected,Sakshi,,,,,
Champaran,East Champaran,3. Purvi Champaran,16. Kalyanpur,Kalyanpur,"Gariba, Kalyanpur, Koyla Belwa, Parsauni Wazid, Patna, Rajpur, Siswa Kharar",Kalyanpur_32,No,चंद्रमा देवी,not available,,,,,,,,Number Missing,Sakshi,,,,,
Champaran,East Champaran,3. Purvi Champaran,16. Kalyanpur,Kalyanpur,"Barharwa Mahanand, Brindavan, Darmaha, Dilawarpur, Pakri Dixit, Raghunathpur, Sambhu Chak, Siswa Sob",Kalyanpur_33,No,रिंकी कुमारी,9525394055.0,SC,,3519.0,Independent,Yes,Yes,,Call Connected,Mehdi,,i will informe you later,,,
Champaran,East Champaran,3. Purvi Champaran,16. Kalyanpur,Kalyanpur,"Bakhari, Bans Ghat, Bhuwan Chhapra, Mani Chapra, Medan Sirsiya, North Gawandhara, Pipra Khem, Shitalpur, South Gawandara",Kalyanpur_34,No,सुमन देवी,7250167980 // 7488742469,,,,,,,,Not Received ,Mehdi,,,,,
Champaran,East Champaran,3. Purvi Champaran,17. Pipra,Chakia (Pipra),"Bherkhia, Chintamanpur, Harpur, Jamunia, Kuwar Pur, Ramgarh Mahuawa",Chakia (Pipra)_35,No,श्रीबाबू प्रसाद यादव,9934710915.0,,,,,,,,Call Connected,Mehdi,,I will call you later,,,
Champaran,East Champaran,3. Purvi Champaran,17. Pipra,Chakia (Pipra),"Hardia Bad, Kuria, Madhuban Vediban, Madhurapur, Sagar, Vishunpura",Chakia (Pipra)_36,No,साधु यादव,9934840699.0,SC,Yes,5300.0,RJD,Dicey,Yes,,Call Connected,Mehdi,,I will call you later,,,
Champaran,East Champaran,3. Purvi Champaran,17. Pipra,Chakia (Pipra),"Baisaha, Barmadiya, Chak Bara, Mahuawa",Chakia (Pipra)_37,No,नवलकिशोर प्रसाद यादव,9931534728.0,General,Yes,3400.0,RJD,Yes,Yes,29.0,Call Connected,Mehdi,,,,,
Champaran,East Champaran,4. Sheohar,18. Madhuban,Pakridayal,"Ajgarwa Sisahani, Barka Gaon, Dhanaujee",Pakridayal_38,Pakridayal_38,मनोज कुमार सिंह,9709488880.0,General,Yes,2800.0,JSP,Yes,Yes,,Call Connected,Mehdi,,out of bihar,,,
Champaran,East Champaran,4. Sheohar,18. Madhuban,Pakridayal,"Chaita, Chorma, Rajepur Nawada, Siraha, Sundarpatti, Tharwitia",Pakridayal_39,No,सरीता देवी,9473050864.0,,,,,,,,Call Connected,Mehdi,,He is busy right now,,,
Champaran,East Champaran,4. Sheohar,18. Madhuban,Phenhara,"Bara Parsoni, Khan Pipra, Madhubani, Mankarwa, Phanhara, Rupauliya",Phenhara_40,Phenhara_40,अरविन्द कुमार पाण्डेय,7250277427.0,General,Yes,2900.0,BJP,Yes,Yes,,Call Connected,Mehdi,,He is busy right now he will meet next month,,,
Champaran,East Champaran,4. Sheohar,20. Chiraia,Chiraiya,"Dipahi Dharharwa, Khora, Madhopur, Mahuawa East, Mahuawa West, Mishrauliya, Rampur North, Rampur South, Saraigadh",Chiraiya_41,No,निर्मा देवी,9608662037.0,General,Yes,5700.0,JSP,Yes,Yes,,Call Connected,Mehdi,,i will informe you later,,,
Champaran,East Champaran,4. Sheohar,20. Chiraia,Chiraiya,"Bara Jairam, Khartari East, Khartari Middle, Khartari West, Madhubani, Meerpur, Raghopur",Chiraiya_42,No,मंजू देवी 2,9931675380.0,,,9200.0,,,,,Call Connected,Mehdi,,Informe you later,,,
Champaran,East Champaran,4. Sheohar,20. Chiraia,Chiraiya,"Haraj Noorullah Pur, Harnaraina, Pakri Kapoor, Parewa, Roophara, Semra, Sirauna",Chiraiya_43,Chiraiya_43,नसीम अख्तर,6200063813.0,,,,RJD,,,,Switch Off,Mehdi,,,,,
Champaran,East Champaran,2. Paschim Champaran,12. Narkatiya,Bankatwa,"Bijbani East, Bijbani North, Bijbani South, Jhanjhara, Jitpur",Bankatwa_44,Bankatwa_44,रामबाबू प्रसाद,9162648059.0,,,,,,,,Busy,Mehdi,,,,,
Champaran,East Champaran,2. Paschim Champaran,12. Narkatiya,Bankatwa,"Bankatwa, Golapakaria, Inarwa Phulwar, Nimoia East, Nimoia West",Bankatwa_45,No,राकेश कुमार यादव,9304647474.0,,,,,,,,Switch Off,Mehdi,,,,,
Champaran,East Champaran,4. Sheohar,21. Dhaka,Ghorasahan,"Baghahi Bhelwa, Gurmiya, Kadamawa, Laukhan, Purnahiya, Vijayee",Ghorasahan_46,No,किशोरी देवी 1,8757481402 or 9262777250,,,,,,,,Not Received ,Mehdi,,,,,
Champaran,East Champaran,4. Sheohar,21. Dhaka,Ghorasahan,"Barwa Kala, Bishunpur, Ghorasahan North, Ghorasahan South, Jharokhar, Kawaiya, Samanpur, Shripur",Ghorasahan_47,No,रेखा देवी 1,6287211022 or 9123414909 or  9955553211 or,,No,1600.0,,,,,Call Connected,Mehdi,,,,,
Champaran,East Champaran,4. Sheohar,21. Dhaka,Dhaka,"Gawandari, Ghai, Gurhanwa, Jatwaliya, Jhauaram, Karsahiya, Khadua Chainpur, Telhara Kala",Dhaka_48,No,चन्दा देवी,9798373782.0,,,,,,,,Switch Off,Mehdi,,,,,
Champaran,East Champaran,4. Sheohar,21. Dhaka,Dhaka,"Balua Gowabari, Barharwa Fateh Mohammed, Chandanbara, Fulwariya, Jamua, Karamwa, Malkaunia, Parari",Dhaka_49,Dhaka_49,तबसुम जहां,9199907830 // 8002760786,,,,,,,,Not Received ,Mehdi,,,,,
Champaran,East Champaran,4. Sheohar,21. Dhaka,Dhaka,"Barharwa Lakhansen, Barharwa Siwan, Bhagwanpur, Bhandar, Dalpat Bishunpur, Jhitkahi, Pach Pakari",Dhaka_50,No,मोहम्मद शमीम,9472810006 // 9801850786,SC,Yes,8700.0,RJD,Yes,Yes,27.0,Call Connected,Mehdi,,,,,
Champaran,East Champaran,4. Sheohar,20. Chiraia,Patahi,"Bakane Kala, Balua Zulfakarabad, Bara Shankar, Nanfarwa, Parsauni Kapoor, Patahi East, Patahi West, Saria Gopal",Patahi_51,No,अनिता देवी,7371009147 // 9142074260,,,,,,,,Wrong Number ,Mehdi,,,,,
Champaran,East Champaran,4. Sheohar,20. Chiraia,Patahi,"Bakhri, Belahi Ram, Betauna, Devapur, Gonahi, Jihuli North, Padumker",Patahi_52,No,अमित कुमार चौहान,8083214333.0,"General, General Mahila",Yes,4362.0,JSP,Yes,Yes,,Call Connected,Mehdi,,Will confirm you tomorrow,,,
Champaran,East Champaran,4. Sheohar,18. Madhuban,Madhuban,"Bhalwa, Dulma, Madhuban North, Madhuban South, Nawrangia Madhopur, Rupni, Talimpur",Madhuban_53,No,अनिल कुमार,9934882183.0,,,,,,,,No Incoming ,Mehdi,,,,,
Champaran,East Champaran,4. Sheohar,18. Madhuban,Madhuban,"Bajit Par, Garahia, Karisna Nagra, Koilahara, Koria Kajraha, Sawagia",Madhuban_54,No,मीना यादव,9934672171.0,SC,Yes,5450.0,Independent,Yes,Yes,,Call Connected,Mehdi,,,,,
Champaran,East Champaran,3. Purvi Champaran,17. Pipra,Tetariya,"Bahuara Gopi Singh, Gheghawa, Khothiya, Madhuban Vrit, Meghua, Narhan Panapur, Punas Lahladpur, Semrahan, Tetaria",Tetariya_55,Tetariya_55,शिवानी कुमारी,9717090800.0,,,6000.0,,,,,Not Received ,Mehdi,,,,,
Champaran,East Champaran,3. Purvi Champaran,17. Pipra,Mehsi,"Bakhari, Harpur Nag, Katahan, Parsauni Dewajit, Partapur",Mehsi_56,No,नूरेन आलम,8340778743 // 9135122067,,,,,,,,Busy,Mehdi,,,,,
Champaran,East Champaran,3. Purvi Champaran,17. Pipra,Mehsi,"Bhimal Pur, Bhurkurwa, Jhitkahiya, Kathia Hariram, Mirjapur, Muhamadpur, Nonimal, Rajepur",Mehsi_57,No,दीपक राम,8235354748.0,SC,Yes,8200.0,,Yes,,,Call Connected,Mehdi,,,,,
Champaran,Bagaha,1. Valmiki Nagar,1. Valmiki Nagar,Bagaha-II,"Balmiki Nagar, Champapur Gonauli, Harna Tanr, Laxmipur Rampurwa, Naurangiya Dardri, Santpur Sohriya",Bagaha-II_1,No,शंभू काजी,7569572802.0,,,,,,,,Switch Off,Mehdi,,,,,
Champaran,Bagaha,1. Valmiki Nagar,1. Valmiki Nagar,Bagaha-II,"Bakuli Pachgawa, Balua Chhatraul, Belahawa Madanpur, Bharchhi, Devariya Taruanwa, Jimari Nautanwa, Mahuawa Katharwa",Bagaha-II_2,No,सिंधु देवी,9934207994.0,,,,,,,,Not Received ,Mehdi,,,,,
Champaran,Bagaha,1. Valmiki Nagar,1. Valmiki Nagar,Bagaha-II,"Bairagi Sonbarsa, Binwaliya Bodsar, Dholbajwa Laxmipur, Mangalpur Awsani, Nayagaon Rampur, Semara Kathkuiya, Yamunapur Tarbalia",Bagaha-II_3,Bagaha-II_3,अजय पटेल,6206753990.0,EBC,Yes,3100.0,Independent,Yes,Yes,2026-09-02 00:00:00,Call Connected,Mehdi,,,,,
Champaran,Bagaha,1. Valmiki Nagar,1. Valmiki Nagar,Bagaha-II,"Bairati Bariyarwa, Borwal Narwal, Chamwaliya, Kharhat Trivawni, Paikwaliya Marjadpur",Bagaha-II_4,No,ममता देवी,6299057190.0,,,,,,,,Not Received ,Mehdi,,,,,
Champaran,Bagaha,1. Valmiki Nagar,4. Bagaha,Bagaha-I,"Bargawn, Bhairoganj, Bhaisahi Padar Khap, Chakhni Rajwatiya, Mahipur Bhathaura, Mehura, Nadda, Parsa Banchahari, Singari Pipariya",Bagaha-I_5,No,इन्दु देवी,8294710977.0,,,,,,,,Not Reachable,Mehdi,,,,,
Champaran,Bagaha,1. Valmiki Nagar,4. Bagaha,Bagaha-I,"Bansgawn Manjhariya, Chandra Pur Ratwal, Chautarwa Lagunaha, Hardi Nadawa, Kolahua Chautarwa, Raibari Mahuawa, Salaha Bariyarwa, Siswa Basantpur",Bagaha-I_6,No,पूनम कुमारी,8750733844.0,,Yes,6400.0,Independent,Dicey,No,,Call Connected,Mehdi,,,,,
Champaran,Bagaha,1. Valmiki Nagar,4. Bagaha,Bagaha-I,"Baswariya, Bibi Bankatwa, Chandraha Rupbaliya, Inglisiya, Majhauwa, Patilar, Tesrahiya Bathuwariya",Bagaha-I_7,No,आभा मिश्रा,8084084169.0,,,,,,,,Not Received ,Mehdi,,,,,
Champaran,Bagaha,1. Valmiki Nagar,1. Valmiki Nagar,Piprasi,"Balua, Dumri Bhagarawa, Dumri Muradih, Majharia, Piprasi, Sauraha, Semra Labedaha",Piprasi_8,No,संदेश कुमार यादव,7320811106.0,,Yes,4000.0,,,,,Call Connected,Mehdi,,Not Interested,,,
Champaran,Bagaha,1. Valmiki Nagar,1. Valmiki Nagar,Madhubani,"Barwa, Chiurahi, Daunaha, Dhanaha, Kathar, Khotahawa, Madhua, Madhubani, Sisai, Tamkuha",Madhubani_9,No,गायत्री देवी,7766986710.0,SC,Yes,3900.0,RJD,Dicey,Dicey,,Call Connected,Mehdi,,,,,
Champaran,Bettiah,2. Paschim Champaran,8. Bettiah,Bettiah,"Ahwar Majhariya, Banuchhapar, Barwat Pasrain, Barwat Sena, Gonauli, Pipra Pakari, Purbi Kargahia",Bettiah_,Areraj_9,मधू मिश्रा,9473016774.0,,,,,,,,No Incoming ,Dev,,,,,
Champaran,Bagaha,1. Valmiki Nagar,1. Valmiki Nagar,Bhitaha,"Bhuidharwa, Chilwania, Dihi Pakri, Hathuahwa, Khairawa, Machha, Manpur, Persawna, Semarbari",Bhitaha_10,Bhitaha_10,समसुन नेशा,9621756240.0,General,,6485.0,Independent,Yes,Yes,After 26 Aug,Call Connected,Dev,,,,,
Champaran,Bagaha,1. Valmiki Nagar,1. Valmiki Nagar,Thakrahan,"Dhumnagar, Harpur, Jagiraha, Koirpatti, Motipur, Srinagar, Thakraha",Thakrahan_11,No,शशि प्रताप तिवारी,"9546066074
8840824307",,,,,,,,Call Connected,Dev,,Call Back Later,,,
Champaran,Bettiah,1. Valmiki Nagar,5. Lauriya,Jogapatti,"Hathia, Khutwaniya Jaralpur, Nawalpur, Piprahia, Siswa Bairagi, Siswa Bhumihar, Siswa Mangalpur",Jogapatti_12,No,खुशबु राज,7004015034.0,,,,,,,,Not Reachable,Dev,,,,,
Champaran,Bettiah,1. Valmiki Nagar,5. Lauriya,Jogapatti,"Baluwa Bhawanipur, Barwaojha, Choumukha, Donwar, Fatehpur, Machher Gawan",Jogapatti_13,No,रुकसाना खातून,8002222566.0,,No,5000.0,Independent,,,,Call Connected,Dev,,,,,
Champaran,Bettiah,1. Valmiki Nagar,5. Lauriya,Jogapatti,"Bagahi Puraina, Bahuarwa, Basopatti, Bhawanipur, Dhadhawa, Dumri, Pipra Nawrangia",Jogapatti_14,No,गौरव कुमार,7563800421.0,,,,,,,,Busy,Dev,,,,,
Champaran,Bettiah,1. Valmiki Nagar,5. Lauriya,Lauriya,"Baswaria Paraou Tola, Belwa Lakhanpur, Kataiya, Lauriya, Mathia, Pakri Marriha, Siswania",Lauriya_15,No,सोनी देवी,"9905875723
7739093308",,No,,,,,,Call Connected,Dev,,,,,
Champaran,Bettiah,1. Valmiki Nagar,5. Lauriya,Lauriya,"Bagahi-Baswaria, Deurwa, Dhobni, Gobraura, Gonauli-Dumra, Lakar-Sisai, Telpur",Lauriya_16,Lauriya_16,आमना खातुन,9934506278.0,General,Yes,3500.0,Independent,Yes,Yes,Date Not Confirm,Call Connected,Dev,,,,,
Champaran,Bettiah,1. Valmiki Nagar,5. Lauriya,Lauriya,"Bahuarwa, Basant Pur, Daniyal Parsauna, Dhamaura, Dhobni-Dharampur, Sathi, Shiopur Satwaria",Lauriya_17,No,अमृतमा प्रकाश,9430692057.0,,,,,,,,Not Reachable,Dev,,,,,
Champaran,Bagaha,1. Valmiki Nagar,2. Ramnagar,Ramnagar,"Bagahi, Bankatwa Karmahiya, Bhawal, Gud-Gudi, Khatauri, Manchangwa, Naurangia Done, Parsauni, Sonkhar",Ramnagar_18,No,अमृता देवी,9693762942.0,General,Yes,,Independent,,,,Call Connected,Dev,,,,,
Champaran,Bagaha,1. Valmiki Nagar,2. Ramnagar,Ramnagar,"Dainmarwa, Dhokraha, Jogia, Mahui, Mathia, Sabeya, Sapahi-Madhubani, Sohsa, Taulaha",Ramnagar_19,Ramnagar_19,पप्पू कुमार रंजन,7352708507.0,General,Yes,5600.0,Independent,Yes,Yes,After 26 Aug,Call Connected,Dev,,,,,
Champaran,Bagaha,1. Valmiki Nagar,2. Ramnagar,Gaunaha,"Belsandi, Belwa, Daraul, Lachhnauta, Madhopur, Mahui, Matiariya, Mehnaul, Shitthi",Gaunaha_20,Gaunaha_20,बची देवी,8757785999.0,,Yes,,,,,,Call Connected,Dev,,Call Back Later,,,
Champaran,Bagaha,1. Valmiki Nagar,2. Ramnagar,Gaunaha,"Bajra, Bhitiharwa, Dhamaura, Dhanauji, Domath, Gaunaha, Jamunia, Majharia, Rupwalia",Gaunaha_21,Gaunaha_21,अंजु कुमारी गोंड,9113443700.0,,Yes,,,Yes,,,Call Connected,Dev,,Call Back Later,,,
Champaran,Bettiah,1. Valmiki Nagar,3. Narkatiaganj,Narkatiaganj,"Binbaliya, Chamua, Dumariya, Gokhula, Hardi Tedha, Manwa Parsi, Serahawa",Narkatiaganj_22,No,नगीना पासवान,9931752956.0,,Yes,,,,,,Call Connected,Dev,,Call Back Later,,,
Champaran,Bettiah,1. Valmiki Nagar,3. Narkatiaganj,Narkatiaganj,"Banbariya, Dhumnagar, Keshariya, Kukura, Kundilpur, Nautanwa, Shikarpur, Sugauli",Narkatiaganj_23,No,खैतुल्लाह खातून,"9939057262
9473300262",,No,6700.0,Independent,,,,Call Connected,Dev,,Mukhiya,,,
Champaran,Bettiah,1. Valmiki Nagar,3. Narkatiaganj,Narkatiaganj,"Bhasurari, Kehuniya Roari, Paroraha, Purainiya Harsari, Rajpur Tumkadiya, Rakhahi, Semari",Narkatiaganj_24,No,पूनम बैठा,6207232005.0,,,,,,,,Call Connected,Dev,,Call Back After 5 Pm,,,
Champaran,Bettiah,1. Valmiki Nagar,3. Narkatiaganj,Narkatiaganj,"Barwa Barauli, Bhabhata, Bheriharwa, Maldahiya Pokharia, Somgarh",Narkatiaganj_25,Narkatiaganj_25,सुभाष यादव,9771230499.0,,Yes,6200.0,Independent,Yes,Yes,After 01 Sep,Call Connected,Dev,,,,,
Champaran,Bettiah,1. Valmiki Nagar,9. Sikta,Mainatand,"Barwa, Bhangaha, Chowhata, Damarapur, Inarwa, Pirari, Rampur, Sakraul",Mainatand_26,Mainatand_26,अबरुन नेशा,7050210489.0,,Yes,6354.0,Independent,Yes,Yes,After 27 Aug,Call Connected,Dev,,,,,
Champaran,Bettiah,1. Valmiki Nagar,9. Sikta,Mainatand,"Bastha, Lakshmipur, Madhuri, Mahuawa Sagrauwa, Mainatand, Purainiya, Sukhlahi, Tola Chaparia",Mainatand_27,No,अजमुल होदा अंसारी,9661155029.0,,,,,,,,Busy,Dev,,,,,
Champaran,Bettiah,1. Valmiki Nagar,9. Sikta,Sikta,"Balthar, Behara, Dhankutwa, Gaucharii, Jhakhra Baisakhwa, Parsouni, Shikar Pur, Sikta",Sikta_28,No,शब्बीर अनवर,"7277252093
6205073714",,,,,,,,Switch Off,Dev,,,,,
Champaran,Bettiah,1. Valmiki Nagar,9. Sikta,Sikta,"Jagarnath Pur, Kathia Mathia, Maswas, Puraina, Sargatia, Sirisiya, Sugaha Bhawanipur, Suryapur",Sikta_29,Sikta_29,तेतरी देवी 1,9661030435.0,SC,Yes,9500.0,Independent,Yes,Yes,Date Not Confirm,Call Connected,Dev,,,,,
Champaran,Bettiah,2. Paschim Champaran,7. Chanpatia,Chanpatia,"Bakulahar, Bankat Puraina, Bhaisahi Pokharia, Gidha, Jaitia, Kharg Pokharia, Mushahari Senwaria, Uttari Ghogha",Chanpatia_30,No,शेख सउद,8002748981.0,,,,,,,,Busy,Dev,,,,,
Champaran,Bettiah,2. Paschim Champaran,7. Chanpatia,Chanpatia,"Auraiya, Chargaha, Chuhari, Kurwa Mathia, Pashchmi Turhapatti, Purbi Turha Patti, Sirisiya, Tunia Bishunpur",Chanpatia_31,No,मंजु गुप्ता,9576322551.0,,,,,,,,No Incoming ,Dev,,,,,
Champaran,Bettiah,2. Paschim Champaran,7. Chanpatia,Chanpatia,"Bettiah Dih, Dakshini Ghogha, Gurwalia, Lakhaura, Lalgarh, Lohiariya, Mahana Kuli, Ranipur Rampurwa",Chanpatia_32,Chanpatia_32,नवीन कुमार दूबे,9470634399.0,General,Yes,3500.0,Independent,Yes,Yes,Date Not Confirm,Call Connected,Dev,,,,,
Champaran,Bettiah,2. Paschim Champaran,6. Nautan,Bairia,"Bagahi Baghamberpur, Baijua, Dakshini Patjirawa, Malahi Balua, Miyapur, Pakhnaha Dumariya, Tadhwa Nandpur, Uttari Patjirawa",Bairia_33,No,उरप्रमीला देवी,9097659600.0,,Yes,12000.0,Independent,Dicey,Dicey,,Call Connected,Dev,,,,,
Champaran,Bettiah,2. Paschim Champaran,6. Nautan,Bairia,"Bagahi Ratanpur, Bairiya, Bathna, Bhitaha, Fuliyakhar, Laukariya, Siswa Saraiya, Suryapur, Tumkariya",Bairia_34,No,कंचन सिंह,"7654712564
7488692729",,,,,,,,Not Received ,Dev,,,,,
Champaran,Bettiah,2. Paschim Champaran,6. Nautan,Nautan,"Baikunthwa, Dhum Nagar, Jamuniya, Khadda, Pakariya, Sansaraiya",Nautan_35,No,नवल किशोर पाठक,8084505004.0,,,,,,,,No Incoming ,Dev,,,,,
Champaran,Bettiah,2. Paschim Champaran,6. Nautan,Nautan,"Bardaha, Gahiri, Jagdishpur, Jhakhara, Pashchimi Nautan, Purbi Nautan, Uttari Telua",Nautan_36,Nautan_36,रामू सहनी,8084321443.0,General,Yes,6000.0,Independent,Yes,Yes,After 27 Aug,Call Connected,Dev,,,,,
Champaran,Bettiah,2. Paschim Champaran,6. Nautan,Nautan,"Bhagwanpur, Dabariya, Dakshini Teluha, Mangalpur Gudaria, Mangalpur Kala, Shioraj Pur, Shyampur Kotaraha",Nautan_37,Nautan_37,रंजना सिंह,7033029777.0,,,,,,,,Not Received ,Dev,,,,,
Champaran,Bettiah,2. Paschim Champaran,7. Chanpatia,Majhaulia,"Barwa Semraghat, Chanain Bandh, Dhokraha, Madhopur, Mahnagani, Majharia Sekh, Ratanmala, Sariswa",Majhaulia_39,No,फरमान मंसुरी,8709662162.0,,,,,,,,Wrong Number ,Dev,,,,,
Champaran,Bettiah,2. Paschim Champaran,7. Chanpatia,Majhaulia,"Bahuarwa, Dumri, Gudra, Harpur Gadhwa, Mahnwa Rampurwa, Nautan Khurd, Parsa",Majhaulia_40,Majhaulia_40,शौरभ रंजन,8229084125.0,General,Yes,4500.0,Independent,Yes,Yes,After 27 Aug,Call Connected,Dev,,,,,
Champaran,Bettiah,2. Paschim Champaran,7. Chanpatia,Majhaulia,"Ahwar Kudia, Amawa Majhar, Baithania Bhanachak, Bishambharpur, Jawkatia, Majhaulia, Ramnagar Bankat",Majhaulia_41,Majhaulia_41,नीतू ओझा,8210063963.0,General,Yes,7436.0,Independent,Yes,Yes,After 27 Aug,Call Connected,Dev,,,,,
Champaran,Bettiah,2. Paschim Champaran,7. Chanpatia,Majhaulia,"Bakharia, Karamwa, Lalsaraia, Mohaddipur, Rajabhar, Rulhi, Senuaria",Majhaulia_42,No,किरण देवी,"8969809081
9801157759",,Yes,4800.0,Independent,Dicey,Dicey,,Call Connected,Dev,,,,,
Saran,Saran,19. Maharajganj,113. Ekma,Lahladpur,"Banpura, Basahi, Dandaspur, Dayalpur, Kataiya, Kishunpur Lauwar, Mirzapur, Purushotampur",Lahladpur_1,No,Laxman Sah,7484095690.0,General,Yes,7000.0,JSP,Yes,Yes,,Call Connected,sakshi,,Kabhi bhi milne ke liye ready h,#N/A,,
Saran,Saran,19. Maharajganj,114. Manjhi,Baniapur,"Baniapur, Kanhauli Manohar, Karahi, Laua Kala, Manikpura, Saraya",Baniapur_2,No,Jamadar Rai,8511362216.0,General,Yes,,JSP,Dicey,Yes,28th Aug,Call Connected,sakshi,,,#N/A,,
Saran,Saran,19. Maharajganj,114. Manjhi,Baniapur,"Bhushaw, Harpur, Karah, Paigambar Pur, Pithauri",Baniapur_3,No,Rajeswari Devi,9934085651.0,General,Yes,4300.0,JSP,Yes,Yes,2nd September,Call Connected,sakshi,,He wants to meet September 1st week,#N/A,,
Saran,Saran,19. Maharajganj,114. Manjhi,Baniapur,"Bedauli, Dhangahra, Dhawri, Goapiparpanti, Manopali, Sahajitpur, Satua, Sisai",Baniapur_4,No,Namrata Raj,9934746637.0,,Yes,9000.0,JDU,Dicey,Yes,,Call Connected,sakshi,,"He is currently in Indore , he will call when he comes to Patna",#N/A,,
Saran,Saran,19. Maharajganj,114. Manjhi,Baniapur,"Bhithi Sahabuddin, Kamta, Maricha, Pirauta Khas, Ramdhnaw, Suraudha",Baniapur_5,No,Priti Singh,7070074509.0,General,Dicey,,,,,,Call Connected,sakshi,,"She says that her father-in-law in politics. She is not, so she can't provide any information.",,,
Saran,Saran,19. Maharajganj,113. Ekma,Ekma,"Asahani, Atarsan, Banpura, Bina Lal Ka Rampur, Deopura, Pachua, Rasulpur",Ekma_6,No,Kaushalaya Devi,9955550270.0,,,,,,,,Switch Off,sakshi,,,,,
Saran,Saran,19. Maharajganj,113. Ekma,Ekma,"Aamdadhi, Hussepur, Chanchaura, Mane",Ekma_7,No,Rupesh Singh,8002323237/9708202662,,,,,,,,Switch Off,sakshi,,,,,
Saran,Saran,19. Maharajganj,113. Ekma,Ekma,"Baliya, Dakhin Parsa, Eksar, Fuchati Kala, Nawada, Parsa Purvi, Parsa Utari",Ekma_8,No,Bebi Devi,6202747620.0,,,,,,,,Not Received ,sakshi,,,,,
Saran,Saran,19. Maharajganj,113. Ekma,Manjhi,"Bhagauna Nachap, Bhalua Bujurg, Cheful, Mahamadpur, Matiyar, Mobarakpur",Manjhi_9,No,Nikita Kumari,9931681561.0,,,,,,,,Busy,sakshi,,,,,
Saran,Saran,19. Maharajganj,113. Ekma,Manjhi,"Bareja, Dumari, Ghorhat, Gobarahi, Shitalpur, Tajpur",Manjhi_10,No,Bindu Devi,7739259495.0,,,,,,,,No Incoming ,sakshi,,,,,
Saran,Saran,19. Maharajganj,113. Ekma,Manjhi,"Bangara, Daudpur, Enaitpur, Jaitpur, Madan Sath, Nasira",Manjhi_11,Manjhi_11,Pankaj Rai,9546514611.0,,,,,,,,Not Received ,sakshi,,,,,
Saran,Saran,19. Maharajganj,113. Ekma,Manjhi,"Baleshara, Kauru Dhauru, Leguar, Marahan, Sonbarsa",Manjhi_12,No,Punam Singh,9939782327.0,,,,,,,,Switch Off,sakshi,,,,,
Saran,Saran,20. Saran,118. Chapra,Revelganj,"Dakniwari Chakki, Diliya Rahim Pur, Inai, Kachanar, Khairwar, Mohabbat Parsa, Mukrera, Sitab Diyara, Tekniwas",Revelganj_13,No,Shiv Ji Shah,9934094069.0,,,,,,,,Busy,sakshi,,,,,
Saran,Saran,20. Saran,118. Chapra,Chhapra,"Fakuli, Karinga, Mauna, Naini, Sandha, Tenua",Chhapra_14,Chhapra_14,Gunja Devi,9102304838.0,,,,,,,,Call Connected,sakshi,,Call back later,,,
Saran,Saran,20. Saran,118. Chapra,Chhapra,"Badalu Tola, Bishunpura, Chirand, Khalpura Bala, Lohari, Maharajganj, Purbari Telpa, Sherpur Gheghata",Chhapra_15,No,Ramkishor Manjhi,8294686088.0,,,,,,,,Not Received ,sakshi,,,,,
Saran,Saran,20. Saran,118. Chapra,Chhapra,"Barhara Mahaji, Bhairopur Nizamat, Dumari, Dumari, Dumari, Dumari, Jalalpur, Kotawa Patti Rampur, Musepur, Raipur Bingawan",Chhapra_16,Chhapra_16,Nilama Singh,8789709684.0,,,,,,,,Not Received ,sakshi,,,,,
Saran,Saran,19. Maharajganj,114. Manjhi,Jalalpur,"Bhat Kesar, Bishunpura, Kishunpur, Kumna, Madho Pur, Nawada, Rampur Nur Nagar, Sakardih",Jalalpur_17,Jalalpur_17,Prahalad Prasad,9801028832.0,General,Yes,6100.0,CPI,No,Yes,,Call Connected,sakshi,,He hasn't confirm the meeting date,,,
Saran,Saran,19. Maharajganj,114. Manjhi,Jalalpur,"Anawal, Ashok Nagar, Deuria, Rewari, Samahuta, Sanwari",Jalalpur_18,Jalalpur_18,Rinku Devi,8287814950.0,,,,,,,,Not Received ,sakshi,,,,,
Saran,Saran,20. Saran,117. Marhaura,Nagra,"Aphaur, Dhupnagar Dhobwal, Dumari, Jagadishpur, Kadipur, Khaira, Koreya, Nagra, Takiya, Tujarpur",Nagra_19,No,Babita Kumar,7992323669.0,,Yes,,JSP,Dicey,Yes,,Call Connected,sakshi,,"She doesn't remember how many votes she received and  
she is currently in Delhi , she said she would come whenever she is called , after September.",#N/A,,
Saran,Saran,20. Saran,117. Marhaura,Marhaurah,"Agahara, Bahuwara Patti, Gaura, Hathisar, Narhar Pur, Rampur, Rasulpur",Marhaurah_20,Marhaurah_20,Munna Singh,9162889932.0,General,Yes,7516.0,Independent,Yes,,,Call Connected,sakshi,,,9162889932,,
Saran,Saran,20. Saran,117. Marhaura,Marhaurah,"Awari, Bhawalpur, Hasanpura, Nautan, Salimapur, Shilhauri, Tejpurwa",Marhaurah_21,Marhaurah_21,Ashwani Kumar,9939643600.0,,,,,,,,Not Received ,sakshi,,,,"Highly active, waiting for roaster",
Saran,Saran,20. Saran,117. Marhaura,Marhaurah,"Bardahia, Bhualpur, Israuli, Madhopur, Mirzapur, Mubarakpur, Olhanpur",Marhaurah_22,Marhaurah_22,Khurshid Alam,9430004254/7520296660,General,Yes,4969.0,JSP,Yes,Yes,2026-09-01 00:00:00,Call Connected,sakshi,Highly Active,He wants to meet September 1st week,9430004254/7520296660,,
Saran,Saran,19. Maharajganj,116. Taraiya,Taraiya,"Bhatgai, Chanchaliya, Dumari, Madhopur, Narayanpur, Pachraur",Taraiya_23,No,Reema Singh,9939985321.0,,Yes,,Independent,Dicey,,,Call Connected,sakshi,,"Whatever political decisions are made, her father-in-law takes them. She has no idea about politics.",#N/A,,
Saran,Saran,19. Maharajganj,116. Taraiya,Taraiya,"Bhagwatpur, Chainpur, Deodhi, Pachbhinda, Pokherara, Saraiya Ratnakar, Taraiya",Taraiya_24,Taraiya_24,Jwala Parsad,7765999810.0,,,,,,,,Not Received ,sakshi,,,,,
Saran,Saran,19. Maharajganj,116. Taraiya,Isuapur,"Datara Parsauli, Issuapur, Lauwa, Ramchaura, Rampur Atauli, Sahawa",Isuapur_25,No,Pramod Kumar Ojha,8920210716.0,,,,,,,,Not Received ,sakshi,,,,,
Saran,Saran,19. Maharajganj,116. Taraiya,Isuapur,"Aatanagar, Agauthar Sundar, Chakahan, Chhapia, Jaithar, Kerawa, Nipaniya",Isuapur_26,No,Baby Singh,9546727197.0,,,,,,,,Not Received ,sakshi,,,,,
Saran,Saran,19. Maharajganj,115. Baniapur,Mashrakh,"Arana, Bangra, Chand Kudariya, Dumarsan, Karan Kudariya, Kawalpura",Mashrakh_27,Mashrakh_27,Kaimun Nisha,7857051157.0,Mahila,Yes,6100.0,JSP,Yes,Yes,,Call Connected,sakshi,Highly Active,He wants to meet September 2nd week,7857051157,,
Saran,Saran,19. Maharajganj,115. Baniapur,Mashrakh,"Baharuli, Durgauli, Gangauli, Jajauli, Khajuri, Madarpur, Nawada, Semari, Sonauli",Mashrakh_28,Mashrakh_28,Kiran Devi,9430047795.0,General,Yes,8000.0,JSP,Yes,Yes,,Call Connected,sakshi,Highly Active,He wants to meet September 1st week,9430047795,,
Saran,Saran,19. Maharajganj,116. Taraiya,Panapur,"Belor, Chakiya, Dhenuki, Satjora, Totaha Jagatpur",Panapur_29,Panapur_29,Shailendra Singh,6200524852.0,General,Yes,3100.0,Independent,Yes,Yes,,Call Connected,sakshi,Highly Active,He wants to meet September 2nd week,6200524852,,
Saran,Saran,19. Maharajganj,116. Taraiya,Panapur,"Bakwa, Basahiya, Bhoraha, Kondha, Mahmad Pur, Rasauli",Panapur_30,Panapur_30,Abhishek Ranjan Singh,9470062111.0,,,,,,,,Call Connected,sakshi,,He disconnected the call because he is out of bihar. He talk to me tomorrow,,,
Saran,Saran,20. Saran,120. Amnour,Amnour,"Amnour Harnarayan, Amnour Kalyan, Basantpur, Dharahara Khurd, Dharahara Khurd, Dharmpur Jafar, Dhorlahi Khaithal",Amnour_31,No,Aishwarya Bharti / Arjun  Ram,8292948897.0,SC,Yes,4500.0,BSP,Yes,Yes,,Call Connected,sakshi,Highly Active,He wants to meet September 2nd week,#N/A,,
Saran,Saran,20. Saran,120. Amnour,Amnour,"Apahar, Husepur, Manorpur Jhakhari, Rasulpur, Shekhpura, Tarwar",Amnour_32,Amnour_32,Rahul Kumar,9142972354.0,General,Yes,1000.0,Independent,Yes,Yes,,Call Connected,sakshi,Waiting for roaster,He wants to meet September 2nd week,9142972354,,
Saran,Saran,20. Saran,120. Amnour,Amnour,"Katasa, Koreya, Madarpur, Paiga Mitrasen, Parsa, Raipura",Amnour_33,Amnour_33,Poonam Rai,9973349031.0,,,,,,,,Not Received ,sakshi,,,,,
Saran,Saran,20. Saran,120. Amnour,Maker,"Bagha Kol, Bhatha, Fulbaria, Kaituka Lachhi, Kaituka Nandan, Maker, Pirmaker, Tara Amanaur",Maker_34,No,Ashok Paswan,6200996894.0,,,,,,,,Not Received ,sakshi,,,,,
Saran,Saran,20. Saran,120. Amnour,Parsa,"Bheldi, Chandpura, Pachalakh, Pacharukhi, Saguni, Sobhepur",Parsa_35,No,Chhoti Kumari,9801616066/9931530209,,No,,,,,,Call Connected,sakshi,,Not interested .,,,
Saran,Saran,20. Saran,120. Amnour,Parsa,"Anajani, Anayan, Bahamardar, Bali Gawan, Banauta, Marar, Parsauna",Parsa_36,No,Angoori Khatoon,9007407028.0,,,,,,,,No Incoming ,sakshi,,,,,
Saran,Saran,20. Saran,119. Garkha,Garkha,"Bajit Pur, Ferusa, Mahamda, Makim Pur, Motirajpur, Pirauna, Sadh Pur, Sargatti",Garkha_37,No,Gudiya Devi,94708246910.0,,,,,,,,Not Received ,sakshi,,,,,
Saran,Saran,20. Saran,119. Garkha,Garkha,"Garkha, Hasan Pura, Kothia, Mahamad Pur, Mirpur Juara, Mithe Pur, Ram Pur",Garkha_38,No,Shakila Khatoon,9546650230.0,,,,,,,,Busy,sakshi,,,,,
Saran,Saran,20. Saran,119. Garkha,Garkha,"Itwa, Jalal Basant, Kudarbadha, Mauzam Pur, Mirza Pur, Narao, Pachpatia, Sripal Basant",Garkha_39,No,Kiran Kumar,8797561960.0,General,Yes,8400.0,JSP,Dicey,,,Call Connected,sakshi,,Not interested,#N/A,,
Saran,Saran,20. Saran,121. Parsa,Dariapur,"Fatehpur Chain, Hariharpur, Paratappur, Piraridih, Vishambharpur",Dariapur_40,No,Rinki Devi,7371981597.0,SC,Yes,900.0,JSP,Yes,Yes,2026-09-01 00:00:00,Call Connected,sakshi,,He wants to meet September 1st week,#N/A,,
Saran,Saran,20. Saran,121. Parsa,Dariapur,"Akabarpur, Bela, Kakarhat, Mujauna",Dariapur_41,Dariapur_41,Munna Kumar Sharma,9525387173.0,,,,,,,,Not Received ,Mehdi,,,,,
Saran,Saran,20. Saran,121. Parsa,Dariapur,"Hussepur, Dariapur, Jitwarpur, Mahmadpur, Natha Chhapra, Sajuannupur Matihar, Sutihar",Dariapur_42,No,Bacchu Parsad Biru,6200807679.0,,No,,,,,,Call Connected,Mehdi,,,,,
Saran,Saran,20. Saran,121. Parsa,Dariapur,"Barwe, Darihara, Harana, Magarpal, Manpura",Dariapur_43,No,Sunita Devi,9798505404.0,,,,,,,,Call Connected,Mehdi,,she is in hospital,,,
Saran,Saran,20. Saran,122. Sonepur,Dighwara,"Akilpur, Barua, Basti Jalal, Haraji, Jhauwa, Kuraiya, Manupur, Rampur Ami, Sitalpur, Trilok Chak",Dighwara_44,No,Radhika Devi,9097962648.0,,,,,,,,Not Reachable,Mehdi,,,,,
Saran,Saran,20. Saran,122. Sonepur,Sonepur,"Chatur Pur, Dumari Bujurg, Gopal Pur, Govind Chak, Hasilpur, Nayagaon, Permanand Pur, Rasulpur",Sonepur_45,No,Rita Devi,6207116493.0,,,,,,,,Call Connected,Mehdi,,Not Interested,,,
Saran,Saran,20. Saran,122. Sonepur,Sonepur,"Bharpura, Dudhaila, Jahagir Pur, Kalyan Pur, Kasamar, Kharika, Shaidpur, Sikarpur",Sonepur_46,No,Poonam Devi,9931817157.0,,,,,,,,Busy,Mehdi,,,,,
Saran,Saran,20. Saran,122. Sonepur,Sonepur,"Gangajal, Nagarmira, Sabalpur Middle, Sabalpur Pachami, Sabalpur Purbi, Sabalpur Utri, Sahapur Diara",Sonepur_47,Sonepur_47,Sushil Kumar Rai,9835498025.0,General,Yes,9000.0,JSP,Yes,Dicey,,Call Connected,Mehdi,,,9835498025,,
Saran,Saran,20. Saran,121. Parsa,Dariapur,Khanpur,"Dariapur_40, 41",No,,,,,,,,,,,sakshi,,,,,
Saran,Saran,19. Maharajganj,115. Baniapur,Mashrakh,Mashrakh NP,Mashrakh_,No,,,,,,,,,,,sakshi,,,,,
Saran,Siwan,18. Siwan,106. Ziradei,Mairwa,"Babhanauli, Bargaon, Barka Manjha, English, Kabir Pur, Muriyari, Semara, Sewatapur",Mairwa_2,No,Upendra Shah Gond,9546814950/7667471906,General,Yes,10000.0,CPI,Dicey,No,,Call Connected,Mehdi,,,,,
Saran,Siwan,18. Siwan,106. Ziradei,Nautan,"Angouta, Gambhirpur, Khalawa, Khap Banakat, Mathia, Murarpatti, Narakatia, Nautan, Semaria",Nautan_2,No,Sohali Devi,9006455986.0,,,,,,,,Not Received ,Mehdi,,,,,
Saran,Siwan,18. Siwan,106. Ziradei,Ziradei,"Akolhi, Chandpali, Chhotaka Manjha, Hasua, Jamapur, Thepaha, Titara, Ziradei",Ziradei_3,No,Abdul Rizwan,9431043998.0,,,,,,,,Not Received ,Mehdi,,,,,
Saran,Siwan,18. Siwan,106. Ziradei,Ziradei,"Badhenya, Bharauli, Chandauli Gangauli, Garar, Majhwalia, Miya Ke Bhatkan, Narendrapur, Sakara",Ziradei_4,No,Durgawati Devi,6202805887/9661640501,,,,,,,,Call Connected,Mehdi,,will call you later,,,
Saran,Siwan,18. Siwan,107. Darauli,Guthani,"Belaur, Chitakhal, Padari, Sohagara, Sonahula, Tadawa Khurd",Guthani_5,No,Samarjeet Singh,9199868309.0,,,,,,,,Not Received ,Mehdi,,,,,
Saran,Siwan,18. Siwan,107. Darauli,Guthani,"Balua, Barpalia, Biswar, Jataur",Guthani_6,Darauli_7,Poonam Devi,8084855354.0,,,,,,,,Call Connected,Mehdi,,,,,
Saran,Siwan,18. Siwan,107. Darauli,Darauli,"Balahun, Chakari, Daraili Mathia, Don Bujurg, Harnatar, Karom, Sarharwa, Sarna",Darauli_7,Darauli_7,Kumari Shashibala,8084855354.0,General,Yes,7000.0,Independent,Yes,Yes,2026-09-10 00:00:00,Call Connected,Mehdi,,,,,
Saran,Siwan,18. Siwan,107. Darauli,Darauli,"Amarpur, Belaon, Darauli, Dumrahar Bujurg, Kashila Pachbenia, Krishnapali, Kumhati Bhitauli, Tiyar",Darauli_8,No,Shanti Devi,9801789591.0,,,,,,,,Call Connected,Mehdi,,Will call you later,,,
Saran,Siwan,18. Siwan,107. Darauli,Andar,"Arakpur, Asaon, Manpur Pateji, Patar, Sahasaraon",Andar_9,No,Kashi Chaudhary,9955888931.0,,,,,,,,Call Connected,Mehdi,,network issue,,,
Saran,Siwan,18. Siwan,107. Darauli,Andar,"Balia, Bhawrajpur, Jaijor, Jamalpur/Majirasapur, Khedhay",Andar_10,Andar_10,Ajmay Kumar,8084434841.0,,,,,,,,Not Received ,Mehdi,,,,,
Saran,Siwan,18. Siwan,108. Raghunathpur,Hussainganj,"Chanp, Chapia Bujurg, Habib Nagar, Machakana, Madkan, Pakwaliya, Sidhwal",Hussainganj_11,No,Sushila Devi,8709881911.0,,,,,,,,Call Connected,Mehdi,,,,,
Saran,Siwan,18. Siwan,108. Raghunathpur,Hussainganj,"Badram, Baghauni, Chhata, Hathaura, Khanpur Khairati, Kharsanda, Paschimi Harihans, Purvi Harihans",Hussainganj_12,Hussainganj_11,Rakia Praveen,9631114786.0,EBC,Yes,4000.0,RJD,Dicey,Yes,2026-09-01 00:00:00,Call Connected,Sakshi,,He wants to meet September 1st week,,,
Saran,Siwan,18. Siwan,108. Raghunathpur,Hasan Pura,"Gaighat, Sahuli, Sheikhpura, Telkathu",Hasan Pura_13,Hasan Pura_13,Bubun Devi,9771090320.0,General,Yes,5700.0,INC,Yes,Yes,2026-09-01 00:00:00,Call Connected,Sakshi,He wants to meet September 1st week,Her husband has joined the INC but she also wants to contest the election representing the JSP,,,
Saran,Siwan,18. Siwan,108. Raghunathpur,Hasan Pura,"Harpura Kotwa, Laheji, Mandrapali, Pakari, Phalpura, Piyaur, Rajanpura, Usari Buzurg, Hasanpura NP",Hasan Pura_14,No,Subeh Tara Khatoon / Hasmuddin Khan,9576561471.0,,Yes,4032.0,JSP,Yes,Yes,,Call Connected,Sakshi,Kal patna aa rhe h party ke kaam se,Yeh Zila ke Mahasachiv h JSP me,,,
Saran,Siwan,18. Siwan,105. Siwan,Siwan,"Baghra, Bhanta Pokhar, Chanaur, Dhanauti, Makariar, Pithauri, Ramapali, Sarabe, Siari",Siwan_15,No,Syed Bano,9431043998.0,,,,,,,,Not Received ,Sakshi,,,,,
Saran,Siwan,18. Siwan,105. Siwan,Siwan,"Baletha, Barhan, Jiyaen, Karan Pura, Mahuari, Nathu Chhap, Orma Makund, Pachlakhi, Sarsar, Tanrwa",Siwan_16,No,Hemanti Devi,9939589130.0,,,,,,,,Not in Use,Sakshi,,,,,
Saran,Siwan,18. Siwan,105. Siwan,Barharia,"Aurae, Kailgarh Uttar, Kaligarh Dakhin, Lakari, Rasulpur, Sundarpur",Barharia_17,No,Touheed Alam,9931982438/7372896526,,,,,,,,Not Received ,Sakshi,,,,,
Saran,Siwan,18. Siwan,105. Siwan,Barharia,"Hathgai, Koerigawan, Kurwan, Madhopur, Nawalpur, Padarauna Khurd, Tetahali",Barharia_18,Barharia_18,Babita Devi,9934604945.0,,,,,,,,Switch Off,Sakshi,,,,,
Saran,Siwan,18. Siwan,105. Siwan,Barharia,"Bhamopali, Bhopatpur, Chauki Hasan, Hariharpur Lalgarh, Rachhopali, Rampur, Sikandarpur",Barharia_19,Barharia_19,Basanti Devi,7667864286.0,,,,,,,,Call Connected,Sakshi,Inko kuch nhi pta h inke husband se baat krne ke baad details pta chlega,,,,
Saran,Siwan,18. Siwan,110. Barharia,Pachrukhi,"Gopalpur, Jasauli, Makhanupur, Pachrukhi, Sarauti, Shambhopur, Supauli",Pachrukhi_20,No,Ramakant Singh,9934684829.0,,,,,,,,Not Received ,Sakshi,,,,,
Saran,Siwan,18. Siwan,105. Siwan,Barharia,"Bahadurpur, Bahuara Kadir, Balapur, Bhaluara, Dindayalpur, Hardobara, Lakari Dargah, Pakari, Sadarpur",Barharia_20,Barharia_20,Faheed Alam,9546717786.0,,,,,,,,Call Connected,Sakshi,Another person received the call,,,,
Saran,Siwan,18. Siwan,110. Barharia,Pachrukhi,"Bhatwaliya, Bindusar Bujurg, Mahuari, Papaur, Ukhai",Pachrukhi_21,No,Shailendra Mishra,7250652789.0,,No,,,,,,Call Connected,Sakshi,Not interested,,,,
Saran,Siwan,18. Siwan,110. Barharia,Pachrukhi,"Bharatpura, Hardiya, Pipra, Sahlour, Surbala, Tarwara",Pachrukhi_22,No,Triloki Kumar Singh,9708798083/7903493195,,Yes,4119.0,BJP,No,No,,Call Connected,Sakshi,Not interested,,,,
Saran,Siwan,18. Siwan,108. Raghunathpur,Raghunathpur,"Chakari, Gopi Patiaon, Karsar, Khujwan, Kushahara, Phulwaria, Rajpur, Santhi",Raghunathpur_24,No,Manoj Baitha,9931863873.0,,Yes,,CPI(M),No,No,,Call Connected,Sakshi,Not interested,,,,
Saran,Siwan,18. Siwan,108. Raghunathpur,Raghunathpur,"Badua, Dighwalia, Gabhirar, Narhan, Nikhti Kala, Panjwar, Raghunath Pur, Tari",Raghunathpur_25,No,Nagenddra Manjhi,NA,,,,,,,,Number Missing,Sakshi,,,,,
Saran,Siwan,18. Siwan,109. Daraundha,Siswan,"Bakhari, Bhikhpur, Chainpur Mubarakpur, Gangpur Siswan, Nayagaon, Rampur, Siswa Kala",Siswan_26,Siswan_26,Rajeswar Yadav,9973549565.0,,,,,,,,Not Received ,Sakshi,,,,,
Saran,Siwan,18. Siwan,109. Daraundha,Siswan,"Baghauna, Bhagar, Ghurghat, Gyaspur, Kachnar, Ramgarh",Siswan_27,No,Prabha Devi,9661748780.0,,,,,,,,Call Connected,Sakshi,Not interested,When heard the name of JSP he disconnected the call,,,
Saran,Siwan,18. Siwan,109. Daraundha,Daraundha,"Harsar, Karsaut, Kathua Sarang Pur, Pakawalia, Pinarthu Khurd, Ramsapur",Daraundha_28,No,Anjali Singh,9304216139.0,,Yes,2222.0,Independent,Dicey,Dicey,,Call Connected,Sakshi,,,,,
Saran,Siwan,18. Siwan,109. Daraundha,Daraundha,"Bagaura, Chherahi, Jalalpur, Korari Kala, Sirsawan",Daraundha_29,Daraundha_29,Hitesh Kumar,9931085370.0,General,Yes,5000.0,Independent,Yes,Yes,,Call Connected,Sakshi,,,,,
Saran,Siwan,18. Siwan,109. Daraundha,Daraundha,"Bal Bangara, Marasara, Pandeypur, Ramgadha, Rasulpur, Rukundipur",Daraundha_30,No,Shobha Devi,9955849492.0,,,,,,,,Call Connected,Sakshi,Not interested,When heard the name of JSP he disconnected the call,,,
Saran,Siwan,19. Maharajganj,112. Maharajganj,Maharajganj,"Balia, Hajpurwa, Madhopur, Pokhara, Sarangpur, Shivdah, Teghra, Tewtha",Maharajganj_31,No,Ajay Manjhi,9934417888.0,,,,,,,,Not Received ,Sakshi,,,,,
Saran,Siwan,19. Maharajganj,112. Maharajganj,Maharajganj,"Balau, Deoria, Jigarawa, Kasdeura, Paterha, Risaura, Sikatia, Takipur",Maharajganj_32,No,Amir Pal,9334857640.0,,,,,,,,,sakshi,,,,,
Saran,Siwan,19. Maharajganj,111. Goriakothi,Goriakothi,"Barhoga Pursotim, Goreyakothi, Hariharpur Kala, Hetimpur, Jamo, Mahamadpur, Majhawaliya",Goriakothi_33,No,Paspati Devi,9939497581.0,,,,,,,,,sakshi,,,,,
Saran,Siwan,19. Maharajganj,111. Goriakothi,Goriakothi,"Bhithi, Bindawal, Dudhara, Harpur, Mustafabad, Saidpura, Sarari Dakshin, Sarari Uttar",Goriakothi_34,No,Neeraj Kumar,9771907893.0,,,,,,,,No Incoming ,Dev,,,,,
Saran,Siwan,19. Maharajganj,111. Goriakothi,Goriakothi,"Ageyan, Karnpura, Lilaru Aurangabad, Sadipura, Sani Basantpur, Satwar, Sisai",Goriakothi_35,No,Shyam Kishor Tiwary,9123445612/7352703272,,Yes,6300.0,Independent,,,,Call Connected,Dev,,Call me Later,,,
Saran,Siwan,19. Maharajganj,111. Goriakothi,Lakri Nabiganj,"Baldiha, Bhada Khurd, Bhopatpur, Dumara, Khawashpur",Lakri Nabiganj_36,No,Kiran Devi,7250440834.0,,,,,,,,Call Connected,Dev,,Call me Later,,,
Saran,Siwan,19. Maharajganj,111. Goriakothi,Lakri Nabiganj,"Basauli, Gopalpur, Jagatpur, Lakari, Lakhanaura, Parauli",Lakri Nabiganj_37,Lakri Nabiganj_37,Md Samimullah,9955285736.0,General,Yes,7791.0,Independent,Yes,Yes,After 1 Sep,Call Connected,Dev,,,,,
Saran,Siwan,19. Maharajganj,111. Goriakothi,Basantpur,"Baiju Barhoga, Basaon, Kanhauli, Kumkumpur, Molana Pur, Rajapur, Sareyan Shrikant, Suryapura",Basantpur_38,No,Ranjni Kumari,6203130885.0,,,,,,,,Switch Off,Dev,,,,,
Saran,Siwan,19. Maharajganj,112. Maharajganj,Bhagwanpur Hat,"Bansohi, Barka Gaon, Kherwa, Mahamada, Morakhas, Sankar Pur, Saraya Parauli",Bhagwanpur Hat_39,Bhagwanpur Hat_39,Vinod Kumar Singh,9931644398.0,,,,,,,,Not Received ,Dev,,,,,
Saran,Siwan,19. Maharajganj,112. Maharajganj,Bhagwanpur Hat,"Balahan Arazi, Bhikhampur, Bithuna, Brahmasthan, Kauria, Mirjumala, Sahasaraon",Bhagwanpur Hat_40,Bhagwanpur Hat_40,Khusbu Kumari,9693684776/9006886007,General,Yes,3000.0,Independent,Yes,Yes,After 1 Sep,Call Connected,Dev,,,,,
Saran,Siwan,19. Maharajganj,112. Maharajganj,Bhagwanpur Hat,"Bilaspur, Gopalpur, Mahamadpur, Sagar Sultan Pur Dakshin, Sagar Sultan Pur Uttar, Sondhani",Bhagwanpur Hat_41,Bhagwanpur Hat_41,Munna Khatoon,9661129283.0,EBC,Yes,4400.0,Independent,Yes,Yes,After 26 Aug,Call Connected,Dev,,,,,
Saran,Gopalganj,17. Gopalganj (SC),103. Bhore,Kataiya,"Ameya, Bheriya, Gaura, Pat Khauli, Rudra Pur",Kataiya_1,No,Neeraj Kumar Singh Urf Mukul Rai,9771540130.0,General,Yes,,Independent,Yes,Yes,After 26 Aug,Call Connected,Dev,,,,,
Saran,Gopalganj,17. Gopalganj (SC),103. Bhore,Kataiya,"Baikunthpur, Bairiya, Belahi Khas, Karkataha, Parariya, Ram Das Bagahi",Kataiya_2,No,Ashwini Kumar Dwidedi,9708042914.0,EBC,Yes,8800.0,JSP,Yes,Yes,September 1st week ,Call Connected,sakshi,Highly Active,"He contested the ZP election for the first time in 2021. 
He works in construction. ",,,
Saran,Gopalganj,17. Gopalganj (SC),102. Kuchaikote,Panchdeori,"Bankatiya, Bhagwanpur, Khalganw, Kuisa Khurd, Magahiya, Mahuawa, Majhawalia, Semariya, Sikatiya",Panchdeori_3,No,Malta Devi,9708046126.0,General,Yes,10000.0,Independent,Yes,Yes,September 1st week ,Call Connected,sakshi,Highly Active,"She has been contesting the ZP election for the last two terms..
Her husband runs sugarcane business.",,,
Saran,Gopalganj,17. Gopalganj (SC),103. Bhore,Bijaipur,"Bandhaura Ghat, Belwa, Jagdishpur, Khiridih, Nautan, Pagra, Saropai",Bijaipur_4,No,Asharfi Devi,9122683069.0,General,Yes,5500.0,BJP,Dicey,Dicey,,Call Connected,sakshi,Waiting For Roster,"She has been contesting the ZP election for the last two terms.
Her son won the election of ward members in 2011.
His son runs a medical shop.
Son name - Bhupendra (bullet)",,,
Saran,Gopalganj,17. Gopalganj (SC),103. Bhore,Bijaipur,"Ahiyapur, Bharpurwa, Chaumukha, Kotia, Majhaulia, Musahari",Bijaipur_5,No,Asharfi Devi,9122683069.0,,,,,,,,,sakshi,,,,,
Saran,Gopalganj,17. Gopalganj (SC),103. Bhore,Bhorey,"Bhorey, Chakarwa Khas, Chhathianw, Dumer Narendra, Gopalapur, Hardiya, Koreya, Sisai",Bhorey_6,No,Usha Kumari,9801965758.0,,,,,,,,No Incoming ,sakshi,,,,,
Saran,Gopalganj,17. Gopalganj (SC),103. Bhore,Bhorey,"Bagahawa Mishra, Bankata Jagidari, Domanpur, Hussepur, Jagtouli, Kalyanpur, Khadahi, Lami Chour, Raqba",Bhorey_7,No,Leelawati Devi,9939315605.0,,Yes,7978.0,JDU,Dicey,,,Call Connected,sakshi,Waiting For Roster,He is on the bus so he didn't provide any details.,,,
Saran,Gopalganj,17. Gopalganj (SC),104. Hathua,Phulwariya,"Churamanchak, Kamlakant Karariya, Koila Deva, Manjha Gosai, Mazirwan Kala, Paikaulee Baddo",Phulwariya_8,Phulwariya_8,Upendra Singh,9939939082.0,General,Yes,3850.0,Independent,Dicey,Dicey,,Call Connected,sakshi,Highly Active,He has a massive wholesale textile business and his turnover runs into the crore.,,,
Saran,Gopalganj,17. Gopalganj (SC),104. Hathua,Phulwariya,"Bairagi Tola, Bathua Bazar, Chamari Patti, Fulwariya, Ganesh Dummar, Gidha",Phulwariya_9,No,Gayatri Devi,9955900292.0,,,,,,,,Call Connected,sakshi,,When heard the name of JSP he disconnected the call,,,
Saran,Gopalganj,17. Gopalganj (SC),102. Kuchaikote,Kuchaikote,"Ahirauli Dubauli, Badhara, Bankata, Bikrampur, Purkhas, Sangawadih, Semara, Sonhula Gokhul",Kuchaikote_10,Kuchaikote_10,Akhilesh Devi,9931908825.0,,Yes,,,,,,Call Connected,sakshi,,2hours baad baat krege,,,
Saran,Gopalganj,17. Gopalganj (SC),102. Kuchaikote,Kuchaikote,"Ahiyapur, Bantail, Bhopatapur, Dhodhawaliya, Matya Khas, Rampur Khareya, Uchakaganw",Kuchaikote_11,No,Khushbu Kumari,9431295051/9470614951,,,,,,,,Not Received ,sakshi,,,,,
Saran,Gopalganj,17. Gopalganj (SC),102. Kuchaikote,Kuchaikote,"Baliwan Sagar, Jalalpur, Kuchaikote, Mathiya Hardo, Salehpur, Sasamusa, Sisawa, Tola Sipaya",Kuchaikote_12,Kuchaikote_12,Tejpratap Shah,9852730272.0,"SC, General",Yes,6000.0,Independent,Yes,Yes,September 1st week,Call Connected,sakshi,Highly Active,"He has been contesting the ZP election for the last two terms..
He runs cloth shop. ",,,
Saran,Gopalganj,17. Gopalganj (SC),101. Gopalganj,Uchkagaon,"Bairia Durg, Chhotka Sankhe, Dahi Bhatta, Harpur, Nawada Parsauni, Parsauni Khash, Uchakaganw",Uchkagaon_14,No,Krishna Tiwary,9973267705.0,,Yes,4550.0,BJP,Dicey,Dicey,,Call Connected,sakshi,Waiting For Roster,PK se milne ke liye ready h,,,
Saran,Gopalganj,17. Gopalganj (SC),102. Kuchaikote,Kuchaikote,"Bakhari, Bangal Khand, Durg Mathihaniya, Kala Matihaniya, Khajuri, Mathihaniya Tiwari, Rampur Madho, Sirisiya",Kuchaikote_13,No,Kavita Devi,9162174517/9852312110,,,,,,,,Out Of Network,sakshi,,,,,
Saran,Gopalganj,17. Gopalganj (SC),101. Gopalganj,Uchkagaon,"Balesra, Jamsar, Jhirwan, Luhsi, Mahaicha, Shankhe Khash, Trilokpur",Uchkagaon_15,Uchkagaon_15,Digvijay Kumar Ram,7254944500.0,,,,,,,,No Incoming ,sakshi,,,,,
Saran,Gopalganj,17. Gopalganj (SC),104. Hathua,Hathua,"Ekdanga, Fatehpur, Khairatia, Kusaundhi, Line Bazar, Pach Phera, Semraw",Hathua_16,Hathua_16,Pramod Kumar Shah,9973460941.0,,,,,,,,Call Connected,sakshi,,Call back later,,,
Saran,Gopalganj,17. Gopalganj (SC),104. Hathua,Hathua,"Bari Ishar, Bari Rai Bhan, Chainpur, Kandhgopi, Machhagar Lachhiram, Singaha",Hathua_17,Hathua_17,Sarita Kumari,9939994027.0,General,Yes,7200.0,Independent,Yes,Yes,,Call Connected,sakshi,,"She contested the ZP election for the first time in 2021. 
She is a singer .",,,
Saran,Gopalganj,17. Gopalganj (SC),104. Hathua,Hathua,"Barua Kaparpura, Chhap, Jigana Jagarnath, Mati Hani Nain, Ratan Chak, Sohagpur, Sowreji",Hathua_18,No,Mukesh Kumar Pandey,9430232223.0,,,,,,,,Out Of Network,sakshi,,,,,
Saran,Gopalganj,17. Gopalganj (SC),101. Gopalganj,Thawe,"Barari Jagdish, Bidesi Tola, Brindaban, Dhatiwana, Ekderwan, Fulugani, Indarwa Abdullah, Jagmalwa, Lachhawar, Ramchandrapur, Semra",Thawe_19,Thawe_19,Noor Begum,9472007786.0,,,,,,,,Not Received ,sakshi,,,,,
Saran,Gopalganj,17. Gopalganj (SC),101. Gopalganj,Gopalganj,"Baraipatti, Basdila Khas, Bishunpur East, Bishunpur West, Chawraw, Ekderwa, Konhwa, Rampur Tengarahi, Yadopur",Gopalganj_20,No,Sunita Yadav,7903749518.0,,Yes,8142.0,RJD,No,No,,Call Connected,sakshi,,Mahila President of RJD,,,
Saran,Gopalganj,17. Gopalganj (SC),101. Gopalganj,Gopalganj,"Bhitbherwa, Jagiri Tola, Katgharwa, Khawajepur, Manikpur, Tirbirwa, Yadopur Dukhharan",Gopalganj_21,No,Shambhunath Prasad,7903309160.0,,,,,,,,Switch Off,sakshi,,,,,
Saran,Gopalganj,17. Gopalganj (SC),100. Barauli,Manjha,"Adma Pur, Bangra, Chhawahi Takki, Dewa Pur Shekh Pur Dil, Dewa Pur Shekh Pur Dil, Paithan Patti, Pratap Pur",Manjha_22,No,Shubhash Kumar,7739642002.0,,,,,,,,Not Received ,Mehdi,,,,,
Saran,Gopalganj,17. Gopalganj (SC),100. Barauli,Manjha,"Gousiya, Jagnnatha, Madhu Sarayain, Manjha Paschimi, Manjha Purabi, Nimuiyan, Sipah Khash",Manjha_23,No,Kamlawati Devi,9931423755/7739992087,,,,,,,,Not Received ,Mehdi,,,,,
Saran,Gopalganj,17. Gopalganj (SC),100. Barauli,Manjha,"Bathuan, Bhaisahin, Karan Pura, Koini, Puraina, Safapur, Shekh Parsa",Manjha_24,Manjha_24,Noor Shama,9801854690.0,SC,Yes,5300.0,Independent,Dicey,Dicey,,Call Connected,Mehdi,,,,,
Saran,Gopalganj,17. Gopalganj (SC),99. Baikunthpur,Barauli,"Devapur, Kahla, Kalyanpur, Mahadipur Pakariya, Mogal Biraicha, Nawada Chand, Sonbarsa",Barauli_25,No,Sudha Devi,8678829574.0,,,,,,,,Not Reachable,Mehdi,,,,,
Saran,Gopalganj,17. Gopalganj (SC),99. Baikunthpur,Barauli,"Bagegi, Batardeh, Hasanpur, Pipra, Rampur, Sadaua, Salempur East, Salempur West, Sarafra",Barauli_26,No,Dinesh Kumar Gupta,9504285218.0,,Yes,5000.0,Independent,Dicey,Dicey,,Call Connected,Mehdi,,Kisi nazdiki leader se milna chahte hai,,,
Saran,Gopalganj,17. Gopalganj (SC),99. Baikunthpur,Barauli,"Balsand, Bishunpura, Khajuria, Larauli, Madhopur, Mohammad Pur Nilami, Sareya Narender",Barauli_27,No,Md Mahtab Alam,9504285218.0,,,,,,,,,Mehdi,,,,,
Saran,Gopalganj,17. Gopalganj (SC),99. Baikunthpur,Sidhwaliya,"Bakharaur, Buchiya, Jalalpur, Lohijara, Sher, Supauli",Sidhwaliya_28,No,Mahdubala Devi,98922115184/8228060814,,,,,,,,Not Reachable,Mehdi,,,,,
Saran,Gopalganj,17. Gopalganj (SC),99. Baikunthpur,Sidhwaliya,"Amarpura, Budasi, Dumaria, Karasghat, Kashi Tengrahi, Kushahar, Mahamad Pur",Sidhwaliya_29,Sidhwaliya_29,Arjun Sahni,8229887708.0,SC,Yes,5000.0,JSP,Yes,Dicey,,Call Connected,Mehdi,,,,,
Saran,Gopalganj,17. Gopalganj (SC),99. Baikunthpur,Baikunthpur,"Azbi Nagar, Chamanpura, Dharambari, Hakam, Khara Azam, Parsauni, Rewathith",Baikunthpur_30,Baikunthpur_30,Mohan Singh,9771554230.0,Mahila,Yes,5200.0,Independent,Yes,Yes,,Call Connected,Mehdi,,I will inform you later,,,
Saran,Gopalganj,17. Gopalganj (SC),99. Baikunthpur,Baikunthpur,"Bandhauli Banaura, Bansghat Masuria, Chiutoha, Dighwa Dubaulli North, Dighwa Duhauli South, Shirsha Manpur, Usari",Baikunthpur_31,Baikunthpur_31,Surendra Rai,9939944911.0,SC,Yes,5700.0,JSP,Yes,Yes,2026-09-04 00:00:00,Call Connected,Mehdi,,,,,
Saran,Gopalganj,17. Gopalganj (SC),99. Baikunthpur,Baikunthpur,"Bakhari, Bangra, Fajulahpur, Gamhari, Hamidpur, Jagdishpur, Katalpur, Pyaripur",Baikunthpur_32,No,Ajay Prasad,9939836094.0,General,Yes,4600.0,JSP,Yes,Yes,2026-08-30 00:00:00,Call Connected,Mehdi,,,,,
Sahabad,Buxar,33. Buxar,200. Buxar,Chausa,"Banarpur, Chausa, Chunni, Dehari, Jalilpur, Paliya, Pawni, Rampur Kala, Sarenja, Sikraul",Chausa_1,No,पुनम देवी,"9525452956
7352140814",,,,,,,,Not Received ,Dev,,,,,
Sahabad,Buxar,33. Buxar,202. Rajpur,Rajpur,"Barupur, Dewarihya, Hethuan, Khiri, Mangraon, Nagpur, Rajpur",Rajpur_2,No,अंजनी देवी,9801876060.0,,Yes,6700.0,Independent,Yes,Yes,Befor 28 Aug,Call Connected,Dev,Waiting For Roster,3 time mukhiya,,,
Sahabad,Buxar,33. Buxar,202. Rajpur,Rajpur,"Akbarpur, Banni, Harpur, Kharahana, Rasen Kala, Tiyara",Rajpur_3,No,सविता देवी,7739922497.0,,,,,,,,No Incoming ,Dev,,,,,
Sahabad,Buxar,33. Buxar,202. Rajpur,Rajpur,"Dhansoi, Dulfa, Kaithhar, Kala, Matukipur, Samahuta, Sikathi",Rajpur_4,No,किरण कुमारी,NA,,,,,,,,Number Missing,Dev,,,,,
Sahabad,Buxar,33. Buxar,202. Rajpur,Itarhi,"Atrauna, Bijhaura, Chilhar, Hakimpur, Indaur, Kukudha, Unwas",Itarhi_5,No,सुधा देवी,9934357306.0,,,,,,,,Not Received ,Dev,,,,,
Sahabad,Buxar,33. Buxar,202. Rajpur,Itarhi,"Barka Gaon, Basao Kala, Basudhar, Bikram English, Harpur Jaipur, Harpur Jalwansi, Narayanpur",Itarhi_6,No,बरफी देवी,9608139267.0,,,,,,,,Switch Off,Dev,,,,,
Sahabad,Buxar,33. Buxar,200. Buxar,Buxar,"Boksa, Chhotka Nuaon, Jaso, Kamarpur, Karahansi, Mahadah, Nadaon, Pandeypatti",Buxar_7,No,कलावती देवी,7979755692.0,,No,,,,,,Call Connected,Dev,,,,,
Sahabad,Buxar,33. Buxar,200. Buxar,Buxar,"Ahirauli, Baruna, Churamanpur, Dalsagar, Jagdishpur, Khutahan, Sonbarsa, Umarpur",Buxar_8,No,रमेश कुमार गुप्ता,9097789217.0,General,Yes,7303.0,BJP,Dicey,Yes,,Call Connected,Dev,Highly Active,Zp 2021 Election 7303 Vote,,,
Sahabad,Buxar,33. Buxar,199. Brahampur,Simri,"Balihar, Dullahpur, Keshopur, Rajpur Kalan, Rajpur Kalan Parsanpah, Simri",Simri_9,No,सुनिता देवी,"9939590796
950738448",General,Yes,10500.0,Independent,Yes,Yes,Date not confirm,Call Connected,Dev,Highly Active,Zp 2021 Election 10500 Vote,,,
Sahabad,Buxar,33. Buxar,199. Brahampur,Simri,"Gangauli, Gayghat, Majhwari, Niyazipur, Parari, Rajapur, Sahiyar",Simri_10,No,भरत कुमार मिश्रा,"8210509212
94341452406",,,,,,,,Wrong Number ,Dev,,,,,
Sahabad,Buxar,33. Buxar,199. Brahampur,Simri,"Dhakaich, Dumri, Ekauna, Kathar, Kazipur, Kharhatanr, Paigambarpur",Simri_11,Simri_11,गाँधी सिंह यादव,8651968251.0,,,,,,,,Call Back Later,Dev,,,,,
Sahabad,Buxar,33. Buxar,199. Brahampur,Chakki,"Arak, Chakki, Chanda, Jawahi Diar",Chakki_12,No,फुला देवी,7004612390.0,,,,,,,,Not Received ,Dev,,,,,
Sahabad,Buxar,33. Buxar,199. Brahampur,Brahmpur,"Bairia, Gahauna, Gayaghat, Harnathpur, Mahuar, Nimej, North Nainijor, South Nainijor",Brahmpur_13,No,विजेता देवी,"7004645496
9934064544",,,,,,,,Not Received ,Dev,,,,,
Sahabad,Buxar,33. Buxar,199. Brahampur,Brahmpur,"Bagen, Bararhi, Bhadwar, Brahmpur, Ekrasi, Kaithi, Kant, Pokhraha, Raghunathpur, Yogia",Brahmpur_14,No,अनिता,9304582394.0,,,,,,,,Not Received ,Dev,,,,,
Sahabad,Buxar,33. Buxar,201. Dumraon,Chougain,"Chaugain, Khewali, Masahariya, Murar, Nachap",Chougain_15,No,दिनेश सिंह,9708253636.0,,,,,,,,Not Received ,Dev,,,,,
Sahabad,Buxar,33. Buxar,201. Dumraon,Dumraon,"Ariaon, Chhatanwar, Koransarai, Nandan, Lakhan Dihra, Nuaon, Sowan",Dumraon_16,Dumraon_16,सुषमा गुप्ता,9934453836.0,General,Yes,4152.0,Independent,Yes,Yes,Anytime,Call Connected,Dev,Highly Active,Zp 2021 Election 4152 Vote,,,
Sahabad,Buxar,33. Buxar,201. Dumraon,Dumraon,"Ataon, Bhojpur Jadid, Bhojpur Kadim, Chilhari, Kanjharua, Kasian, Kushalpur, Mathila, Mugaon",Dumraon_17,Dumraon_17,ददन प्रसाद आजाद,6201043950.0,,Yes,3200.0,Independent,Yes,Yes,Anytime,Call Connected,Dev,Highly Active,Zp 2021 Election 3200 Vote,,,
Sahabad,Buxar,33. Buxar,201. Dumraon,Nawanagar,"Atimi, Babu Ganj English, Belaon, Belhari, Bhadar, Karsar, Maniya, Sikraul",Nawanagar_18,No,कविलास सिंह,7678517788.0,,,,,,,,Switch Off,Dev,,,,,
Sahabad,Buxar,33. Buxar,201. Dumraon,Kesath,"Katiknar, Kesath, Rampur",Kesath_19,No,अमर कुमार,9471415255.0,,,,,,,,Not Reachable,Dev,,,,,
Sahabad,Buxar,33. Buxar,201. Dumraon,Nawanagar,"Giridhar Barao, Athar, Sonbarsa, Bhatuli, Nawanagar, Rupsagar, Waina, Parnampur",Nawanagar_20,No,सुशिला देवी,9576290307.0,,Yes,,BJP,No,No,,Call Connected,Dev,,BJP Candidate,,,
Sahabad,Rohtas,33. Buxar,210. Dinara,Dawath,"Babhnaul, Dawath, Dergaun, Gidha, Itwan, Jamsona, Sahi Naun, Semari, Usari",Dawath_1,Dawath_1,मान्ती मौर्या,7488146604.0,General,Yes,8000.0,Independent,Yes,Yes,Anytime,Call Connected,Dev,Highly Active,,,,
Sahabad,Rohtas,33. Buxar,210. Dinara,Surajpura,"Agrer Kala, Balihar, Gosal Dih, Siobahar, Suraj Pura",Surajpura_2,No,संध्या देवी,NA,,,,,,,,Number Missing,Dev,,,,,
Sahabad,Rohtas,33. Buxar,210. Dinara,Dinara,"Saiser, Bisikala, Medanipur, Lilwach, Bhui, Bhanpur, Bhara Sara",Dinara_3,Dinara_3,जनार्दन कुमार चौधरी,9334040523.0,General,Yes,8700.0,Independent,Yes,Yes,Anytime,Call Connected,Dev,Highly Active,Zp 2021 Election 8700 Vote,,,
Sahabad,Rohtas,33. Buxar,210. Dinara,Dinara,"Gunsej, Haribans Pur, Jam Rodh, Karahansi, Karanj, Maharodh, Rajpur, Tenuaj",Dinara_4,No,संगम कुमार,7903262522.0,,No,,,,,,Call Connected,Dev,,,,,
Sahabad,Rohtas,33. Buxar,210. Dinara,Dinara,"Sarawan, Balia, Chilhar Uwa, Arang, Akodha, Samhuti",Dinara_5,Dinara_5,विरेन्द्र कुमार,9973228016.0,,,,,,,,Call Back Later,Dev,,,,,
Sahabad,Rohtas,34. Sasaram (SC),209. Kargahar,Kochas,"Saraya, Kuchhila, Gara, Kapasiya, Kathrai, Laheri, Balathari, Chittaini",Kochas_6,Kochas_6,नसीम अहमद,9931270039.0,,,,,,,,Not Received ,Dev,,,,,
Sahabad,Rohtas,34. Sasaram (SC),209. Kargahar,Kochas,"Kanjar, Agarsi Dihra, Redia, Chitawn, Nauwan, Narwar",Kochas_7,No,सुनीता देवी,9110024220.0,,Yes,,,,,,Call Connected,Dev,,"He Busy Right Now 
",,,
Sahabad,Rohtas,34. Sasaram (SC),209. Kargahar,Kargahar,"Araruwa, Baksara, Bhokhari, Khaira Sahmal, Rivan, Shiwan, Thorson",Kargahar_8,No,हेवन्ती देवी,9110173722.0,,No,,,,,,Call Connected,Dev,,,,,
Sahabad,Rohtas,34. Sasaram (SC),209. Kargahar,Kargahar,"Babhani, Basdiha, Dumra, Kalyanpur, Kharari, Rampur",Kargahar_9,No,अहमद राइन,6203456225.0,,,,,,,,Busy,Dev,,,,,
Sahabad,Rohtas,34. Sasaram (SC),209. Kargahar,Kargahar,"Akodhi, Barahri, Kargahar, Rupaitha, Samardiha, Semari, Senduwar",Kargahar_10,No,सीमा कुमारी,"7294888833
7870985581",,No,,,,,,Call Connected,Dev,,,,,
Sahabad,Rohtas,34. Sasaram (SC),207. Chenari,Sheosagar,"Alampur, Karup, Konki, Mohammadpur, Nad, Raipur Chor, Sikraur, Ulho",Sheosagar_11,No,रिंकू देवी,9818327889.0,,,,,,,,Not Reachable,Mehdi,,,,,
Sahabad,Rohtas,34. Sasaram (SC),207. Chenari,Sheosagar,"Dumri, Konar, Sonhar, Shiv Sagar, Silari, Patadi, Paduri",Sheosagar_12,No,सुशीला देवी,9540333806.0,,,,,,,,Not Received ,Mehdi,,,,,
Sahabad,Rohtas,34. Sasaram (SC),207. Chenari,Chenari,"Khurmbad, Dehria, Fulwaria, Narayanpur, Naryana, Kenarkal",Chenari_13,No,प्रभा देवी,748870842.0,,,,,,,,Wrong Number ,Mehdi,,,,,
Sahabad,Rohtas,34. Sasaram (SC),207. Chenari,Chenari,"Peundi, Malipur, Ughani, Sarokhar, Deodihi",Chenari_14,No,मंगल राम,9006400316.0,,Dicey,3300.0,INC,,,,Call Connected,Mehdi,,,,,
Sahabad,Rohtas,34. Sasaram (SC),208. Sasaram,Sasaram,"Akasi, Gansadih, Karup, Mokar, Nahauna, Rampur, Samardiha",Sasaram_15,No,सीमा कुवर,9113176820.0,,,,,,,,Not Received ,Mehdi,,,,,
Sahabad,Rohtas,34. Sasaram (SC),208. Sasaram,Sasaram,"Darigaon, Karserua, Dhaudadh",Sasaram_16,Sasaram_16,चन्द्रावती देवी,7488484032.0,General,Yes,3280.0,Independent,Yes,Yes,,Call Connected,Mehdi,,ye party se judna chahte hai,,,
Sahabad,Rohtas,35. Karakat,211. Nokha,Nokha,"Dakhsni-Barao, Dharampura, Hathini, Nonsari, Sotwa, Utari Barao",Nokha_17,No,रवि शंकर सिंह,8084809320.0,,,,,,,,Call Connected,Mehdi,,,,,
Sahabad,Rohtas,35. Karakat,211. Nokha,Nokha,"Chanki, Chattona, Kadawa, Kuri, Modiha, Shrikhinda, Sisirita",Nokha_18,No,विशाल कुमार,"9136194132
8252597466",,Yes,5200.0,BJP,Dicey,Dicey,2026-09-07 00:00:00,Call Connected,Mehdi,,,,,
Sahabad,Rohtas,35. Karakat,213. Karakat,Sanjhouli,"Amaithi, Chandi English, Karmaini, Manjhauli, Sanjhauli, Udai Pur",Sanjhouli_19,No,दिनेश कुमार,8987265064.0,,,,,,,,Not Received ,Mehdi,,,,,
Sahabad,Rohtas,35. Karakat,213. Karakat,Karakat,"Munji, Karakat, Mutha, Jaishree, Bensagar, Amarkha, Gamharia",Karakat_22,No,रंजन कुमार सिंह,7992203774.0,,,,,,,,Switch Off,Mehdi,,,,,
Sahabad,Rohtas,35. Karakat,213. Karakat,Karakat,"Danwar, Sakla, Siksil, Sonbarsha, Kirhi, Manikparasi",Karakat_23,No,शतिष चन्द्र,9334384555.0,,,,,,,,Not Received ,Mehdi,,,,,
Sahabad,Rohtas,35. Karakat,213. Karakat,Karakat,"Gudhwal, Baradih, Amaona, Geo, Dhanhara, Sikariya",Karakat_24,No,गोरख सिंह,9431089118.0,,,,,,,,Call Connected,Mehdi,,Not Interested,,,
Sahabad,Rohtas,33. Buxar,202. Rajpur,Rajpur,"Barawn, Barna, Magarwalia, Parariya, Rajandih, Rajpur, Rotwan, Shiyawak",Rajpur_27,No,सुशीला देवी,7061539082.0,,,,,,,,Not Received ,Mehdi,,,,,
Sahabad,Rohtas,35. Karakat,212. Dehri,Akorhigola,"Akorhi, Bagha Khoh, Balegawan, Bank, Bararhi, Baruna, Biseni Kala, Chandi, Muriar, Pakaria, Tet Rarh",Akorhigola_28,No,नितू सिंह,8809770838.0,,,,,,,,Call Connected,Mehdi,,Not Interested,,,
Sahabad,Rohtas,35. Karakat,212. Dehri,Dehri,"Barawan, Berkap, Darihat, Gangauli, Jamuhar, Majhiawan, Pahleza",Dehri_29,Dehri_29,अनिल कुमार विश्‍वास,8789338012.0,,Yes,,,Dicey,,,Call Connected,Dev,,I will Call You Back,1.0,,
Sahabad,Rohtas,35. Karakat,212. Dehri,Dehri,"Bhaluari, Chaknaha, bhainsaha, Patpura, Dahaur, mathuri",Dehri_30,Dehri_30,धनन्जय कुमार सिंह,9934238967.0,,No,,,,,,Call Connected,Dev,,,,,
Sahabad,Rohtas,34. Sasaram (SC),208. Sasaram,Tilouthu,"Bhadokhra, Chandanpura, Chitauli, Hurka, Inderpuri, Kerpa, Ramdihra, Saraiya, Sewahi, Tilouthu East",Tilouthu_31,No,उरप्रमिला देवी,9199554276.0,,Yes,,,,,,Call Connected,Dev,,I will Call You Back,,,
Sahabad,Rohtas,34. Sasaram (SC),207. Chenari,Rohtas,"Baknaura, Banjari, Nawadih, Rasul Pur, Rohtas Garh, Samohta, Tumba",Rohtas_32,No,पुष्पा देवी,8877650042.0,,,,,,,,No Incoming ,Dev,,,,,
Sahabad,Rohtas,13. Madhepura,77. Mahishi,Nauhatta,"Bhadara, Daranagar, Jadunath Pur, Jainti Pur, Nauhatta, Pipardih, Shahpur, Tiara Khurd, Tilokhar, Tiura, Uli Banahi",Nauhatta_33,No,रमेन्द्र राम,9473034910.0,,,,,,,,Busy,Dev,,Disconnect The Call,,,
Sahabad,Kaimur (Bhabhua),33. Buxar,203. Ramgarh,Durgawati,"Chehariya, Dumari, Jewari, Kalyanpur, Khajura, Masaudha",Durgawati_1,No,राणा प्रताप,6205784803.0,,,,,,,,Call Connected,Dev,,He is Busy Right Now,,,
Sahabad,Kaimur (Bhabhua),33. Buxar,203. Ramgarh,Durgawati,"Awahriya, Chhaw, Dharhar, Karnpura, Khamidaura, Kharasara, Sawath",Durgawati_2,No,आनन्द कुमार सिंह,NA,,,,,,,,Number Missing,Dev,,,,,
Sahabad,Kaimur (Bhabhua),33. Buxar,203. Ramgarh,Ramgarh,"Ahiwas, Akorhi, Baraura, Deohalia, Mahuar, Masarhi, Narhan-Jamurana, Nonar, Ramgarh, Sadullahpur Darwan, Sahuka, Sijhua, Sisaura",Ramgarh_3,No,रिना देवी,9931415150.0,,,,,,,,Not Received ,Dev,,,,,
Sahabad,Kaimur (Bhabhua),33. Buxar,203. Ramgarh,Nuaon,"Akhini, Akolhi, Chandesh, Dumduma, Ewati, Kota, Mukhraon, Nuaon, Pajaraon, Taraitha",Nuaon_4,No,चन्दा गुप्ता,9565906993.0,,,,,,,,Not in Use,Dev,,,,,
Sahabad,Kaimur (Bhabhua),34. Sasaram (SC),204. Mohania,Kudra,"Chilbili, Deoradh Kala Khurd, Derwan, Meuda, Neoras, Pachpokhari, Sakri",Kudra_5,No,संध्या कुमारी,"9315331642
8076554677",,,,,,,,Not Received ,Dev,,,,,
Sahabad,Kaimur (Bhabhua),34. Sasaram (SC),204. Mohania,Kudra,"Bahera, Bhadaola, Ghataon, Kharahna, Salathua, Sasna, Siswar",Kudra_6,Kudra_6,वंदना कुमारी,9771784516.0,,Dicey,10000.0,Independent,Dicey,,,Call Connected,Dev,Waiting For Roster,ZP Election 2021 10000 votes,,,
Sahabad,Kaimur (Bhabhua),34. Sasaram (SC),204. Mohania,Mohania,"Akorhi, Akorhimela, Bamhaur Khas, Bharkhar, Usari",Mohania_7,Mohania_7,प्रमोद कुमार सिंह,9431484316.0,,Yes,21000.0,BJP,Yes,Yes,After 1 Sep,Call Connected,Dev,Highly Active,ZP Election 2021 21000 votes,,,
Sahabad,Kaimur (Bhabhua),34. Sasaram (SC),204. Mohania,Mohania,"Dandwas, Mujan, Badpar, Bukhari, Panapur, Bhagini",Mohania_8,No,सुनिल कुमार सिंह,9308217955.0,,,,,,,,Not Received ,Dev,,,,,
Sahabad,Kaimur (Bhabhua),34. Sasaram (SC),204. Mohania,Mohania,"Dadar, Belaunri, Katrakala, Sahbajpur, Ameth, Bhitti, Kathej",Mohania_9,Mohania_9,पुष्पा देवी,9834337038.0,,,,,,,,Out Of Network,Dev,,,,,
Sahabad,Kaimur (Bhabhua),34. Sasaram (SC),205. Bhabua,Bhabua,"Dihara, Kaithi, Manihari, Miria, Ratwar, Ruppur, Sonahan",Bhabua_10,No,दिनेश साह,9801589513.0,,Yes,7458.0,Independent,Dicey,Dicey,,Call Connected,Dev,Waiting For Roster,ZP Election 2021 7458 votes,,,
Sahabad,Kaimur (Bhabhua),34. Sasaram (SC),205. Bhabua,Bhabua,"Akhalashpur, Bahuan, Kurasan, Kohari, Mahuari, Ruiya, Sikathi, Dumraith",Bhabua_11,No,ज्ञान्ति कुमारी,"7903307173
7870291679",,,,,,,,Call Connected,Dev,,He is Busy Right Now,,,
Sahabad,Kaimur (Bhabhua),34. Sasaram (SC),205. Bhabua,Bhabua,"Betari, Dumdum, Jagebarawn, Mahuat, Miu-Sukharipur, Mokari, Sio",Bhabua_12,No,अजीत कुमार सिंह,9431058433.0,,,,,,,,Out Of Network,Dev,,,,,
Sahabad,Kaimur (Bhabhua),34. Sasaram (SC),206. Chainpur,Chainpur,"Amaon, Biur Manpur, Chainpur, Isiya, Jagariyan, Karjawn, Sikandarpur, Sirbit",Chainpur_13,No,रुकमणी देवी,9973015636.0,,,,,,,,Not Received ,Dev,,,,,
Sahabad,Kaimur (Bhabhua),34. Sasaram (SC),206. Chainpur,Chainpur,"Badhauna, Dumarkon, Madurna, Majhui, Merh, Nandgaon, Ramgarh, Udairampur",Chainpur_14,No,अलोक कुमार,"9065460222
9661261171",,,,,,,,Not Received ,Dev,,,,,
Sahabad,Kaimur (Bhabhua),34. Sasaram (SC),206. Chainpur,Chand,"Bharari Kala, Chauri, Dulahi, Lohdan, Shiwrampur, Sirhira, Soukhara",Chand_15,No,आलोक परमार सिंह,7979731320.0,,,,,,,,Not Received ,Dev,,,,,
Sahabad,Kaimur (Bhabhua),34. Sasaram (SC),206. Chainpur,Chand,"Biuri, Chand, Goin, Kuddi, Parhi",Chand_16,No,पुष्प कुमार सिंह,9771656951.0,,,,,,,,No Incoming ,Dev,,,,,
Sahabad,Kaimur (Bhabhua),34. Sasaram (SC),206. Chainpur,Adhaura,"Aathan, Adhaura, Babhani Kala, Barwan Kala, Chainpura, Dighar, Dumrawan, Jamuninar, Kolhua, Sarki, Sarodag",Adhaura_17,No,नगिना उराॅव,9430831520.0,,,,,,,,No Incoming ,Dev,,,,,
Sahabad,Kaimur (Bhabhua),24. Begusarai,142. Bachhwara,Bhagwanpur,"Bhagwanpur, Jaitpur, Kaser, Mokaram, Paharia, Parhauti, Ramgarh, Saraiya, Tori",Bhagwanpur_18,Bhagwanpur_18,मुस्कान कुमारी,7739460209.0,,Yes,8500 / 7500,Independent,Yes,Yes,Any time,Call Connected,Dev,Highly Active,"He fight in two Zp Seats In 2021 1st chayanpur (Vote 8500)
2nd Bhagwanpur (Vote 7500 )",,,
Sahabad,Kaimur (Bhabhua),34. Sasaram (SC),205. Bhabua,Rampur,"Amaon, Barkagaon, Belaon, Bhitaribandh, Jalalpur, Kharenda, Kurari, Pasain, Sabar",Rampur_19,Rampur_19,कुमारी शिशम,8002401734.0,,No,,,,,,Call Connected,Dev,,Not interested,,,
Sahabad,Bhojpur,32. Arrah,198. Shahpur,Shahpur,"Sahjawli, Dumariya, Mishrouliya, Lilari, Ratanpura, Pandeypur",Shahpur_1,No,परमिला देवी,7250653125.0,,,,,,,,Not Received ,Dev,,,,,
Sahabad,Bhojpur,32. Arrah,198. Shahpur,Shahpur,"Lalu Dera, Suhiya, Barishwan, Ojha Ke Simariya, Belawti, Hariharpur, Bahoranpur",Shahpur_2,Shahpur_2,किरणा तिवारी,9304232026.0,,,,,,,,Busy,Dev,,,,,
Sahabad,Bhojpur,32. Arrah,198. Shahpur,Shahpur,"Bhornpur, Damodarpur, Lachutola, Gura, Karja, Jhuaa Belwniya, Dumriya",Shahpur_3,Shahpur_3,कौशल कुमार सिंह,8578957501.0,General,Yes,6000.0,Independent,Yes,Yes,Anytime,Call Connected,Dev,Highly Active,,,,
Sahabad,Bhojpur,,,Bihiyon,"Fingi, Kalyanpur, Kateya, Ghagha, Pipra Jagdishpur, Doghra, Narayanpur, Belwana",Bihiyon_4,Bihiya_4,निधी ओझा,9473081598.0,General,Yes,4200.0,Independent,Yes,Yes,After 1 Sep,Call Connected,Dev,Highly Active,,,,
Sahabad,Bhojpur,,,Bihiyon,"Chakawath, Godharh Rudranagar, Kamariyawn, Majhauli, Osai, Ranisagar, Shiopur, Tiyar",Bihiyon_5,No,भूअर राम,6204366533.0,,,,,,,,Wrong Number ,Dev,,,,,
Sahabad,Bhojpur,26. Bhagalpur,156. Bhagalpur,Jagdishpur,"Basauna, Bichla Jangalmahal, Dalip Pur, Hetam Pur, Kakila, Shiv Pur, Uttar Daha",Jagdishpur_6,No,पिन्टु कुमार सिंह,7701878167.0,,,,,,,,Not in Use,Dev,,,,,
Sahabad,Bhojpur,26. Bhagalpur,156. Bhagalpur,Jagdishpur,"Barnaon, Bimawan, East Ayar, Hari Gaon, Kaura, Parasiya, West Ayar",Jagdishpur_7,Jagdishpur_7,हिराझरो देवी,9939899453.0,,Yes,7260.0,Independent,Dicey,Yes,Aftar 1 sep,Call Connected,Dev,,,,,
Sahabad,Bhojpur,26. Bhagalpur,156. Bhagalpur,Jagdishpur,"Babhniyawn, Chakwa, Dawan, Hardiya, Siyaruwa, Utarwari Jangal Mahal",Jagdishpur_8,No,मदन साह,9135874793.0,,,,,,,,Not in Use,Dev,,,,,
Sahabad,Bhojpur,32. Arrah,195. Agiaon,Garhani,"Bagawan, Baligaon, Barap, Baraura, Echari, Harpur, Kaup, Kurkuri",Garhani_9,No,रूपा कुमारी,9798060921.0,,,,,,,,Call Back Later,Dev,,,,,
Sahabad,Bhojpur,32. Arrah,195. Agiaon,Charpokhari,"Babubandh, Koel, Majhiya Awan, Malaur, Mukund Pur, Nagari, Pasaur, Semraon, Siyadih, Sonbersa, Thakuri",Charpokhari_10,No,शीला देवी,9155097526.0,,,,,,,,Not Received ,Dev,,,,,
Sahabad,Bhojpur,32. Arrah,194. Arrah,Piro,"Akaruan, Ayar, Baraon, Chhaurahi Jangal Mahal, Jamuaon, Jitaura Janalgal Malahal, Tar",Piro_11,Piro_11,बेवी देवी,6200782854.0,,,,,,,,Not Received ,Dev,,,,,
Sahabad,Bhojpur,32. Arrah,194. Arrah,Piro,"Agiaon, Amehata, Kahani Kala, Kothua, Lahthan, Rajeya, Tilath",Piro_12,Piro_12,उषा देवी,9006636891.0,,Yes,7600.0,Independent,Yes,Yes,After 1 Sep,Call Connected,Dev,Waiting For Roster,2016 Win Zp,,,
Sahabad,Bhojpur,32. Arrah,194. Arrah,Piro,"Bachari, Bhadsar, Katar, Katariya, Narayanpur, Nonar, Sukhrauli",Piro_13,No,अनिता देवी,"9931419282
7992211028",,Dicey,9000.0,Independent,Dicey,,,Call Connected,Dev,Waiting For Roster,,,,
Sahabad,Bhojpur,32. Arrah,196. Tarari,Tarari,"Badka Gaon, Basoori, Chakiya, Deo, Dumariyan, Kurmuri, Sikarhatta",Tarari_14,No,उदय प्रताप सिंह,"7992498116
9006314642",,,,,,,,Not Received ,Dev,,,,,
Sahabad,Bhojpur,32. Arrah,196. Tarari,Tarari,"Bhakura, Jethwar, Karath, Sedhan, Shankar Dih, Tarari",Tarari_15,No,शैलेन्द्र कुमार,"9431685260
7667949274",,,,,,,,Not Reachable,Dev,,,,,
Sahabad,Bhojpur,32. Arrah,196. Tarari,Tarari,"Bagar, Bihta, Imad Pur, Moap Kala, Moap Khurd, Panwari",Tarari_16,Tarari_16,राजेन्द्र राय,8709019228.0,,,,,,,,Switch Off,Dev,,,,,
Sahabad,Bhojpur,32. Arrah,195. Agiaon,Agiaon,"Baruna, Diliyan, Karbasin, Khopira, Narayan Pur, Pawana, Ratnarh",Agiaon_19,No,अनिल कुमार सिंह,"9661401494
9135844554",,,,,,,,Switch Off,Dev,,,,,
Sahabad,Bhojpur,32. Arrah,195. Agiaon,Agiaon,"Badgaon, Chasi, Kirkiri, Nanour, Pawar, Poswan, Sewatha, Agiaon",Agiaon_20,No,विष्णु मोहन,"6201593120
9801771272",EBC,Yes,12000.0,Independent,Yes,Yes,After 1 Sep,Call Connected,Dev,Highly Active,,,,
Sahabad,Bhojpur,32. Arrah,192. Sandesh,Udwantnagar,"Piania, Sarthua, Bakri, Belaur, Ekawana, Udwantnagar, Kasap, Kusumha, Piania, Sarthua",Udwantnagar_21,No,रेखा कुमारी,8709902078.0,,No,,,,,,Call Connected,Dev,,Not Interested,,,
Sahabad,Bhojpur,32. Arrah,192. Sandesh,Udwantnagar,"Aroura, Ashani, Bampali, Choti Sasaram, Karisath, Masadh, Nawada Ben, Sonpura",Udwantnagar_22,Udwantnagar_22,अजय कुमार,9934900517.0,,,,,,,,Busy,Dev,,,,,
Sahabad,Bhojpur,32. Arrah,193. Barhara,Ara,"Agarsanda, Basantpur, Dhamar, Ganghar, Ijari, Kajuria, Sundarpur Barja",Ara_23,Ara_23,रितेश कुमार सिंह,9162553889.0,General Mahila,Yes,4900.0,Independent,Yes,Yes,anytime,Call Connected,Dev,Highly Active,,,,
Sahabad,Bhojpur,32. Arrah,193. Barhara,Ara,"Baghipakar, Karari, Mahuli, Pirouta, Ramapur Sandia, Sanadiya",Ara_24,Ara_24,अंजु देवी,9801165707.0,,,,,,,,Out Of Network,Dev,,,,,
Sahabad,Bhojpur,32. Arrah,193. Barhara,Ara,"Bhkura, Daulatpur, Gothahula, Hasanpura, Jamira, Makhdumpur Dumra",Ara_25,No,दीपक कुमार सिंह,748858888.0,,,,,,,,Wrong Number ,Dev,,,,,
Sahabad,Bhojpur,32. Arrah,193. Barhara,Barhara,"Bakhora Pur, Barhara, Farna, Gazia Pur, Gundi East, Gundi West, Nathmal Pur, Nekham Tola",Barhara_27,No,लालती देवी,9835574363.0,,,,,,,,No Incoming ,Dev,,,,,
Sahabad,Bhojpur,32. Arrah,192. Sandesh,Sandesh,"Ahpura, Akhgaon, Baga, Chilhaus, Dihra, Jamuaon, Khandaul, Kori, Parura, Ramashand, Sandesh",Sandesh_31,No,पूनम सिंह,9110150188.0,,No,,,,,,Call Connected,Dev,,,,,
Mithilanchal,Madhubani,6. Madhubani,31. Harlakhi,Harlakhi,"Harlakhi, Borhar, Bisaul, Naharnia, Soth Gaon, Phulhar, Pipraun",Harlakhi_1,No,गीता देवी,7004025967.0,,,,,,,,Call Connected,Sakshi,,,This number is from Jamui,2026-08-26 00:00:00,
Mithilanchal,Madhubani,6. Madhubani,31. Harlakhi,Harlakhi,"Beta Parsa, Gangaur, Hisar, Jhitki, Kalna, Karuna, Kauha Barhi, Khirhar",Harlakhi_2,No,सरिता देवी,8825109049.0,General,Yes,12000.0,JSP,Yes,Yes,,Call Connected,Sakshi,,,Already meet with PK ,25th Aug,
Mithilanchal,Madhubani,6. Madhubani,31. Harlakhi,Madhwapur,"Madhwapur, Basuki Bihari North, Basuki Bihari South, Balba, Sahar North, Sahar South",Madhwapur_3,No,सवीता देवी,8507970497.0,,Yes,5934.0,CPI,Yes,Yes,,Call Connected,Sakshi,,Highly Active,September 1st week,25th Aug,
Mithilanchal,Madhubani,6. Madhubani,31. Harlakhi,Madhwapur,"Bisanpur, Mukhiapatti, Pihwara, Pirokhar, Salempur, Taraia, Uttra",Madhwapur_4,No,परवेज आलम,8405994555.0,Mahila,Yes,3464.0,Independent,Dicey,Dicey,,Call Connected,Sakshi,,,10 days me final kr dyge  JSP ke saath larna h ya nahi,25th Aug,
Mithilanchal,Madhubani,6. Madhubani,31. Harlakhi,Benipatti,"Barri, Bishunpur, Shahpur, Nagwas, Basaith, Pali",Benipatti_5,No,गीता देवी,9973694634.0,,Yes,5230.0,RJD,No,No,,Call Connected,Sakshi,,,Not interested ,2026-08-26 00:00:00,
Mithilanchal,Madhubani,6. Madhubani,31. Harlakhi,Benipatti,"Dhakjari, Parsauna, Kataia, Mohamadpur, Ganguli",Benipatti_6,No,श्वेता कुमारी,8409073348 / 8252727431,General,Yes,4600.0,JSP,Yes,Yes,,Call Connected,Sakshi,,,September 1st week,25th Aug,
Mithilanchal,Madhubani,6. Madhubani,31. Harlakhi,Benipatti,"Bishanpur, Dhakjari, Dhanga, Ganguli, Kapasia, Karhara, Kataia, Manpaur",Benipatti_7,No,राज कुमारी देवी,9006053865.0,,Dicey,5200.0,Independent,Dicey,Dicey,,Call Connected,Sakshi,,Waiting For Roster,,25th Aug,
Mithilanchal,Madhubani,6. Madhubani,31. Harlakhi,Benipatti,"Parkauli, Barhampura, Akaur, Manpaur, Nav Karhi, Arer North, Nagbas",Benipatti_8,No,विभा देवी,9006465374.0,,,,,,,,Call Connected,Sakshi,,,"Wrong no. 
This number is from Hussainganj",25th Aug,
Mithilanchal,Madhubani,6. Madhubani,31. Harlakhi,Benipatti,"Nagdah Balain, Kapasia, Mureth, Paraul, Parjuar, Dhanga, Arer South",Benipatti_9,No,अमोल देवी,8969485430.0,,,,,,,,No Incoming ,Sakshi,,,,25th Aug,
Mithilanchal,Madhubani,6. Madhubani,35. Bisfi,Bisfi,"Jagban East, Jagban West, Bisfi, Balha, Raghuli, Sadlapur, Chahuta",Bisfi_10,No,शीला देवी,6202984339.0,,,,,,,,Not Received ,Sakshi,,,,2026-08-26 00:00:00,
Mithilanchal,Madhubani,6. Madhubani,35. Bisfi,Bisfi,"Balha, Bhairba, Bhoj Pandaul, Bisfi, Chahuta, Jafra, Jagban East, Jagban West",Bisfi_11,No,गुनचा प्रवीण,7061596718 / 9123262843,General,Yes,3800.0,Independent,Dicey,Dicey,,Call Connected,Sakshi,,Waiting For Roster,,25th Aug,
Mithilanchal,Madhubani,6. Madhubani,35. Bisfi,Bisfi,"Bhairba, Rathaus, Nahas Rupauli North, Nahas Rupauli South, Parsauni North, Parsauni South",Bisfi_12,No,अजय साह,6205343268 / 7549569450,,,,,,,,No Incoming ,Sakshi,,,,25th Aug,
Mithilanchal,Madhubani,6. Madhubani,35. Bisfi,Bisfi,"Singaso, Singia East, Singia West, Sohas, Tisi Narsam North, Tisi Narsam South",Bisfi_13,No,गुलशन आरा,8448734419.0,,,,,,,,Not Received ,Sakshi,,,,2026-08-26 00:00:00,
Mithilanchal,Madhubani,7. Jhanjharpur,33. Khajauli,Basopatti,"Hathhapur Parsa, Kataia, Khona, Mahinath Pur, Marhiya, Phent, Selibeli, Siriyapur",Basopatti_14,No,मंजु देवी,9507900727.0,,Yes,10000.0,Independent,Yes,Yes,,Call Connected,Sakshi,,,September 2nd week,25th Aug,
Mithilanchal,Madhubani,7. Jhanjharpur,33. Khajauli,Basopatti,"Arghawa, Baso Patti East, Baso Patti West, Birpur, Chhatauni, Damu",Basopatti_15,No,मो नईमूल हक़,9939090548.0,,,,,,,,Call Connected,Sakshi,,,"Wrong No. 
This number is from Begusarai district",25th Aug,
Mithilanchal,Madhubani,7. Jhanjharpur,33. Khajauli,Jainagar,"Baira, Dullipatti, Jainagar Basti, Kharika, Parwa Belhi, Rajauli, Selra",Jainagar_16,No,रोशन खातून,7891508431.0,,Yes,7800.0,Independent,No,No,,Call Connected,Sakshi,,Waiting For Roster,,2026-08-26 00:00:00,
Mithilanchal,Madhubani,7. Jhanjharpur,33. Khajauli,Jainagar,"Belhi East, Belhi South, Belhi West, Bera, Deodha Middle, Deodha North, Deodha South, Dorbar",Jainagar_17,No,अरमाना खातुन,9871739857.0,,,,,,,,Not Received ,Sakshi,,,,2026-08-26 00:00:00,
Mithilanchal,Madhubani,6. Madhubani,32. Benipatti,Kaluahi,"Haripur North, Haripur South, Kalikapur, Karmauli, Loha, Madhepur, Malmal North, Malmal South, Narar West, Palimohan, Pursolia",Kaluahi_20,No,राज श्री किरण,8603337181 / 8987331925,,Yes,9100.0,CPI,Yes,Yes,September 2nd week,Call Connected,Sakshi,,,"She contested the Panchayat Samiti election in 2001.
She contested the ZP election in 2016
Runner up ZP  in 2021 ",2026-08-26 00:00:00,
Mithilanchal,Madhubani,7. Jhanjharpur,33. Khajauli,Khajauli,"Benta Kakarghati, Datuar, Kanhauli, Mahua Ekdara, Narar East, Rashidpur, Sarabe",Khajauli_21,No,राम औतार पासवान,8084775680.0,General,Yes,1463.0,Independent,Yes,Yes,20th Oct,Call Connected,Sakshi,,Highly Active,,2026-08-26 00:00:00,
Mithilanchal,Madhubani,7. Jhanjharpur,33. Khajauli,Khajauli,"Inrwa, Sukki, Khajauli, Bhakua, Chatra Goth North, Chatra Goth South, Chandra Dih",Khajauli_22,No,प्रमोद कुमार सिंह,9430583976 / 7909093554,,Yes,6700.0,Independent,Dicey,Dicey,,Call Connected,Sakshi,,Waiting For Roster,,2026-08-26 00:00:00,
Mithilanchal,Madhubani,6. Madhubani,35. Bisfi,Rahika,"Satlakha, Rahika, Saurath, Nazirpur, Jagatpur, Hussain Pur",Rahika_23,No,संजय कुमार चौधरी,8873555548.0,,,,,,,,Not Received ,Sakshi,,,,2026-08-26 00:00:00,
Mithilanchal,Madhubani,6. Madhubani,35. Bisfi,Rahika,"Izra, Malangia, Basauli, Kakraul North, Kakraul South",Rahika_24,No,वीना देवी,9955381777.0,,,,,No,No,,Call Connected,Sakshi,,,Bhut rudly baat kr rha,2026-08-26 00:00:00,
Mithilanchal,Madhubani,6. Madhubani,35. Bisfi,Rahika,"Balia, Khajuri, Laxmipur, Maksuda, Shambhuar, Sonaur, Sund",Rahika_25,No,अर्चना कुमारी,8581061727.0,,,,,,,,Wrong Number ,Sakshi,,,,2026-08-26 00:00:00,
Mithilanchal,Madhubani,6. Madhubani,36. Madhubani,Pandaul,"Shripurhati Middle, Sarishab Pahi East, Sarishab Pahi West",Pandaul_26,No,काजल कुमारी,9508192627 / 9110118410,,,,,,,,Not Received ,Sakshi,,,,2026-08-26 00:00:00,
Mithilanchal,Madhubani,6. Madhubani,36. Madhubani,Pandaul,"Salempur, Biraul, Belahi, Bhagwati Pur, Bhavani Pur, Bathne, Bhaur",Pandaul_27,No,मनोज कुमार चौधरी,9939043232 / 9430630426,,,,,,,,Not Received ,Sakshi,,,,2026-08-26 00:00:00,
Mithilanchal,Madhubani,6. Madhubani,36. Madhubani,Pandaul,"Sakri East, Sakri West, Bhawanipur, Salempur, Makrampur, Narpati Nagar",Pandaul_28,No,उर्मिला देवी,7250444827.0,EBC,Yes,7900.0,BJP,Dicey,Dicey,,Call Connected,Mehdi,,,,,
Mithilanchal,Madhubani,6. Madhubani,36. Madhubani,Pandaul,"Pandaul East, Pandaul Middle, Sarisaw Pahi East, Sarisaw Pahi West, Meghaul, Sankorth",Pandaul_29,No,भारत भूषण,6203010588.0,,Yes,5800.0,Independent,Dicey,Dicey,,Call Connected,Mehdi,,Waiting For Roster,,,
Mithilanchal,Darbhanga,6. Madhubani,87. Jale,Jale,"Reorha, Sahaspur, Yogiara, Bandhouli, Garri, Muraitha",Jale_1,No,आरती देवी,9661716640.0,,Yes,5000.0,CPI,Yes,Yes,2026-09-06 00:00:00,Call Connected,Mehdi,,,,,
Mithilanchal,Darbhanga,6. Madhubani,87. Jale,Jale,"Doghra, Radhi North, Radhi West, Ratanpur, Radhi South",Jale_2,No,अंगूरी खातुन,7870001978.0,General Mahila,Yes,4600.0,Independent,Yes,Yes,,Call Connected,Mehdi,,Highly Active,i will inform you later for meeting,,
Mithilanchal,Darbhanga,6. Madhubani,87. Jale,Jale,"Barampur (E), Brahmapur West, Dhadhiya",Jale_3,No,शिव बोधन साहू,8797072479.0,,No,,,,,,Call Connected,Mehdi,,,,2026-08-26 00:00:00,
Mithilanchal,Darbhanga,6. Madhubani,87. Jale,Jale,"Sahaspur, Yogiara, Garri",Jale_4,No,मीना देवी,9931515757.0,,,,,,,,Not Received ,Mehdi,,,,2026-08-26 00:00:00,
Mithilanchal,Darbhanga,6. Madhubani,86. Keoti,Singhwara,"Sanahpur, Rajo, Shankar Pur, Nista, Katka, Hariharpur (West)",Singhwara_5,No,कैसर आरा,7463853114.0,,,,,,,,No Incoming ,Mehdi,,,,,
Mithilanchal,Darbhanga,6. Madhubani,86. Keoti,Singhwara,"Arai Birdipur, Asthua, Banauli, Bharathi, Bharhulli, Bhawanipur",Singhwara_6,No,अखतरी खातून,91221795871 / 7481062188,,,,,,,,Call Connected,Mehdi,,,call you later,,
Mithilanchal,Darbhanga,6. Madhubani,86. Keoti,Singhwara,"Harpur, Kaligawn, Katassa, Madhopur Bastwara, Mankauli",Singhwara_7,No,कौशल किशोर,9852737721.0,General,Yes,4830.0,JSP,Yes,Yes,2026-09-03 00:00:00,Call Connected,Mehdi,,Highly Active,,,
Mithilanchal,Darbhanga,6. Madhubani,86. Keoti,Singhwara,"Rampura, Sadhwara, Simri, Tektar, Harihar Pur East",Singhwara_8,No,अशोक कुमार झा,NA,,,,,,,,,Mehdi,,,,,
Mithilanchal,Darbhanga,6. Madhubani,86. Keoti,Keotirunway,"Asraha, Bansara, Barahi, Bariaul, Chhachha Pachadhi, Chhatwan, Dighiyar",Keotirunway_9,No,रंजना चौधरी,9939236331.0,,Yes,9700.0,BJP,Dicey,Dicey,,Call Connected,Mehdi,,,,,
Mithilanchal,Darbhanga,6. Madhubani,86. Keoti,Keotirunway,"Jalwara, Karjapatti, Keoti, Khirma, Koila Asthan, Kothia",Keotirunway_10,No,मसर्रत परवीन,8581872745.0,,,,,,,,Not Received ,Mehdi,,,,2026-08-26 00:00:00,
Mithilanchal,Darbhanga,6. Madhubani,86. Keoti,Keotirunway,"Ladari, Lahwar, Lalganj, Madho Patti, Majhigama, Nanaura",Keotirunway_11,No,जूली देवी,9318328413.0,,,,,,,,Call Connected,Mehdi,,,wrong number,,
Mithilanchal,Darbhanga,6. Madhubani,86. Keoti,Keotirunway,"Naya Gaon East, Naya Gaon West, Paigambarpur, Pindaruch, Rajaura, Sarjapur, Shekhpur Dani",Keotirunway_12,No,मो0 समीउल्लाह खाँ,7324070036.0,,,,,,,,Not Received ,Mehdi,,,,2026-08-26 00:00:00,
Mithilanchal,Darbhanga,14. Darbhanga,82. Darbhanga Rural,Darbhanga,"Adalpur, Atihar, Balha, Basudeopur, Bhalpatti, Bijuli, Chhotaipatti, Dhoi",Darbhanga_13,No,निशात गौहर,7739105658.0,,,,,,,,Not Received ,Mehdi,,,,2026-08-26 00:00:00,
Mithilanchal,Darbhanga,14. Darbhanga,82. Darbhanga Rural,Darbhanga,"Dularpur, Ghorghatta, Kabirchak, Kansi, Kharua, Khutwara, Loam",Darbhanga_14,No,अर्चना कुमारी,8674803784/7903641942,,,,,,,,Switch Off,Mehdi,,,,,
Mithilanchal,Darbhanga,14. Darbhanga,82. Darbhanga Rural,Darbhanga,"Muria, Nainaghat, Ranipur, Sahbajpur, Saramahmad, Shisho East, Shisho West, Sonki",Darbhanga_15,No,फरहीन खातून,9835892064.0,General,Yes,8000.0,CPI(M),Dicey,No,,Call Connected,Mehdi,,Waiting For Roster,,,
Mithilanchal,Darbhanga,14. Darbhanga,85. Bahadurpur,Hanuman Nagar,"Araila, Dihlahi, Godai Patti, Gorhalla, Gorhiyari, Moro",Hanuman Nagar_16,No,त्रयम्बकेश्‍वर कुमार,9262752148 / 8987274546,,Yes,5600.0,RJD,No,,,Call Connected,Mehdi,,,,,
Mithilanchal,Darbhanga,14. Darbhanga,85. Bahadurpur,Hanuman Nagar,"Narsara, Neyam Chhatouna, Panchobh, Patori, Rampur Dih, Rupouli, Sinuara, Thalwara",Hanuman Nagar_17,No,शशिकांत प्रसाद,9204526925.0,,,,,,,,Call Connected,Mehdi,,,call you later,,
Mithilanchal,Darbhanga,23. Samastipur (SC),84. Hayaghat,Hayaghat,"Anand Pur Sahora, Chandan Patti, Ghosrama, Majhoulia, Malhi Patti North, Malhi Patti South",Hayaghat_18,No,नईम फातमा,8448427393.0,,Dicey,4000.0,Independent,Dicey,,,Call Connected,Mehdi,,,,,
Mithilanchal,Darbhanga,23. Samastipur (SC),84. Hayaghat,Hayaghat,"Mirja Pur, Pator, Pouram, Rasalpur, Shri Rampur, Sidhouli",Hayaghat_19,No,बीनीता देवी,8084179391.0,,,,BJP,,,,Call Connected,Mehdi,,,BJP supporter,,
Mithilanchal,Darbhanga,14. Darbhanga,83. Darbhanga,Bahadurpur,"Bahadurpur Dekuli, Bajid Pur, Baruara, Basat Pur, Biuni Andama, Darhar",Bahadurpur_20,No,गीता देवी,7488631944/7979061393,,Yes,18000.0,,,,,Call Connected,Mehdi,,,call you later,,
Mithilanchal,Darbhanga,14. Darbhanga,83. Darbhanga,Bahadurpur,"Ojhoul, Pirri, Premjiwar, Rambhadra Pur, Simra Nehal Pur, Taralahi, Tikapatti, Ughara, Ughra Mahapara",Bahadurpur_21,No,मंजू देवी,9304489456.0,,,,,,,,No Incoming ,Mehdi,,,,,
Mithilanchal,Darbhanga,14. Darbhanga,83. Darbhanga,Bahadurpur,"Dilabar Pur, Hari Patti, Jalwara, Khaira, Kharaj Pur, Kusothar, Maniyari, Meknabeda",Bahadurpur_22,No,शालिनी कुमारी,7883060001.0,,,,,,,,Wrong Number ,Mehdi,,,,,
Mithilanchal,Darbhanga,14. Darbhanga,80. Benipur,Baheri,"Jorja, Mithunia, Nimaithi, Paghari, Samadhpura, Susari Turki, Thathopur",Baheri_23,No,कुमार गौरव,7677554433.0,"General, General Mahila",Yes,8412.0,Independent,Yes,Yes,2026-09-06 00:00:00,Call Connected,Mehdi,,Waiting For Roster,,,
Mithilanchal,Darbhanga,14. Darbhanga,80. Benipur,Baheri,"Atahar North, Atahar South, Baghouni, Baligaon, Bhachhi, Bithouli",Baheri_24,No,कविता कुमारी,NA,,,,,,,,,Dev,,,,,
Mithilanchal,Darbhanga,14. Darbhanga,80. Benipur,Baheri,"Chakwa Bharwari, Dhanouli, Dohat Narain, Enai, Gangdah Sheoram",Baheri_25,No,कमलेश मंडल,9939894949.0,,Dicey,,,,,,Call Connected,Dev,,Waiting For Roster,,2026-08-26 00:00:00,
Mithilanchal,Darbhanga,14. Darbhanga,80. Benipur,Baheri,"Gujrouli Ramouli, Harhacha, Hathouri North, Hathouri South, Havidih North, Hawidih Middle, Hawidih South",Baheri_26,No,रेणु देवी 2,9771241015.0,,Yes,,,Dicey,,,Call Connected,Dev,,,He Is Busy Right Now  ,,
Mithilanchal,Darbhanga,23. Samastipur (SC),78. Kusheshwar Asthan,Biraul,"Akbarpur Benk, Arga Usari, Bairampur, Akbarpur Benk, Arga Usari, Bairampur, Bhawanipur, Biraul, Dekuli Jagnathpur, Dumari, Ganaura Tarwara",Biraul_27,No,अंजली देवी,8438770191.0,,,,,,,,Call Connected,Dev,,,Wrong Number,2026-08-26 00:00:00,
Mithilanchal,Darbhanga,23. Samastipur (SC),78. Kusheshwar Asthan,Biraul,"Itwa Shiv Nagar, Kahua, Kamarkala, Ladaho, Manor Bhauram, Neuri, Parri, Pataniya",Biraul_28,No,प्रमीला देवी,7303807636.0,General,Yes,4200.0,Independent,Yes,Yes,Aftar 1 Sep,Call Connected,Dev,,Highly Active,ZP Election Runner up 2021 Vote 4200,,
Mithilanchal,Darbhanga,23. Samastipur (SC),78. Kusheshwar Asthan,Biraul,"Pokhram North, Pokhram South, Ramnagar, Rohar Mahmuda, Sahasram, Saho, Sonpur Paghari, Supaul, Uchati",Biraul_29,No,रवीना खातुन,NA,,,,,,,,,Dev,,,,,
Mithilanchal,Darbhanga,14. Darbhanga,80. Benipur,Benipur,"Tarouni, Shivram, Batho Radhiyam, Devram Amethi, Haripur, Havi Bhouar, Sajhuar",Benipur_30,No,देवेन्द्र मंडल,9975790407.0,,,,,,,,Out Of Network,Dev,,,,2026-08-26 00:00:00,
Mithilanchal,Darbhanga,14. Darbhanga,80. Benipur,Benipur,"Madhopur Mahamdpur, Ramouli, Makram Pur, Nawada, Ganesh Banaul Balni",Benipur_31,No,राम कुमार झा,8521949444.0,,Yes,2850.0,Independent,Dicey,,,Call Connected,Dev,,Highly Active,2025 AC Tikat nhi milne se naraj h ,2026-08-26 00:00:00," 3 Time ZP Winner
(2006,2011,2016) & 2021 ZP Election Runner up 
2020 Benipur AC Election lose
"
Mithilanchal,Darbhanga,14. Darbhanga,80. Benipur,Benipur,"Jarison, Pohadi West, Mahinam, Sajaupura",Benipur_32,No,कीर्ति मोहन झा,9534655740.0,,,,,,,,Busy,Dev,,,Call Disconnect,2026-08-26 00:00:00,
Mithilanchal,Darbhanga,14. Darbhanga,82. Darbhanga Rural,Manigachhi,"Baghant, Balaur, Bazid Pur, Bhandarison, Bramhpur, Bramhpura Bhatpura, Chanaur, Gangauli Kanakpur",Manigachhi_33,No,बिन्देश्‍वर राम,9472818208 / 9905661600,,Yes,6000.0,Independent,Yes,Yes,Any Time,Call Connected,Dev,,Highly Active,"2016 ZP Election Runner up
2021 ZP Election Runner Up 
6000 Votes",2026-08-26 00:00:00,
Mithilanchal,Darbhanga,14. Darbhanga,82. Darbhanga Rural,Manigachhi,"Jagdishpur, Katma Bahaurawa, Maubehat, Nehara West, Nehra East, Paiktol Jatuka",Manigachhi_34,No,सुनिल कुमार झा,7004250059.0,,,,,,,,Call Connected,Dev,,,Wrong Number,2026-08-26 00:00:00,
Mithilanchal,Darbhanga,14. Darbhanga,82. Darbhanga Rural,Manigachhi,"Paithan Kabai, Raghopur East, Raghopur North, Raghopur South, Raghopur West, Raje, Tatuar, Ujan",Manigachhi_35,No,गौरव सुमन,965007413.0,,,,,,,,Call Connected,Dev,,,Wrong Number,2026-08-26 00:00:00,
Mithilanchal,Darbhanga,14. Darbhanga,81. Alinagar,Tardih,"Lagma, Mahthaur, Pokhar Bhinda, Ijarahta, Kathara, Bisahath Bathia, Sherpur Narayanpur",Tardih_36,No,रसीदा खातुन,9199429073.0,,No,,,,,,Call Connected,Dev,,,Mukhiya,,
Mithilanchal,Darbhanga,14. Darbhanga,81. Alinagar,Tardih,"Baika, Kaithwar, Kakodha, Kursomachota, Nadiami Kurson, Rajakhar War, Thengaha",Tardih_37,No,माधव झा,9931660461 / 6201744680,General,Yes,5000.0,BJP,Dicey,Yes,After 1 sep,Call Connected,Dev,,Waiting For Roster,BJP Supporter,,
Mithilanchal,Darbhanga,14. Darbhanga,80. Benipur,Alinagar,"Adhloam, Alinagar, Dhamura Dhamsain, Garoul, Hanuman Nagar",Alinagar_38,No,मो० रासीद,"7004895470
9472851438",,,,,,,,Busy,Dev,,,He Is Busy Right Now,2026-08-26 00:00:00,
Mithilanchal,Darbhanga,14. Darbhanga,80. Benipur,Alinagar,"Hariyath, Harsing Pur, Mohiudinpur Pakri, Moti Pur, Narma Navnagar, Tumaul Suhath Lahta",Alinagar_39,No,अरशद फारुकी,7360842760.0,General,Yes,4749.0,Independent,Dicey,Dicey,,Call Connected,Dev,,Waiting For Roster,,,
Mithilanchal,Darbhanga,14. Darbhanga,81. Alinagar,Ghanshyampur,"Kortho East, Kortho West, Pohadi Bela, Punhad, Salahpur Lagma, Tumoul",Ghanshyampur_40,No,नुतन देवी,8789233045.0,,,,,,,,Busy,Dev,,,Call Disconnect,2026-08-26 00:00:00,
Mithilanchal,Darbhanga,14. Darbhanga,81. Alinagar,Ghanshyampur,"Borhiab Inyatpur, Brahmpur Maswasi, Ganoun, Ghanshyampur, Jaideopatti",Ghanshyampur_41,No,चंदन कुमार ठाकुर,7903658072.0,General,Yes,4900.0,Independent,Yes,Yes,Aftar 1 Sep,Call Connected,Dev,,Highly Active,,,
Mithilanchal,Darbhanga,14. Darbhanga,79. Gaura Bauram,Kiratpur,"Jamalpur, Jhagarua Tarwara, Jhagrua, Khaisa Jamalpur, Kiratpur, Kuboul Dhagha, Narkatia Bhandara, Rasiari Pauni",Kiratpur_42,No,हीरा देवी,9939036676.0,,,,,,,,Switch Off,Dev,,,,2026-08-26 00:00:00,
Mithilanchal,Darbhanga,14. Darbhanga,79. Gaura Bauram,Gaurabauram,"Aadharpur, Aasi, Bagrasi, Bauram, Gaurabauram, Kanhai, Kasraur Basauli",Gaurabauram_43,No,मनोज कुमार साहनी,9525230571.0,General,Yes,7000.0,Independent,Dicey,,,Call Connected,Dev,,,,,
Mithilanchal,Darbhanga,14. Darbhanga,79. Gaura Bauram,Gaurabauram,"Kasraur Belwara, Kasraur Karkauli, Kumai Bhadaun, Mansara, Nadai, Nari",Gaurabauram_44,No,अलाउद्दीन राईन,9470403026.0,,,,,,,,Not in Use,Dev,,,,,
Mithilanchal,Darbhanga,23. Samastipur (SC),78. Kusheshwar Asthan,Kusheshwar Asthan,"Aurahi, Bhadahar, Harinagar, Beri, Masankhon, Hirni, Bisaharia Mohim Bujurg",Kusheshwar Asthan_45,No,मुरारी पासवान,8789947233 / 9162154547,General,Yes,3900.0,Independent,Yes,Yes,Any time,Call Connected,Dev,,Highly Active,,,
Mithilanchal,Darbhanga,23. Samastipur (SC),78. Kusheshwar Asthan,Kusheshwar Asthan,"Bargawn, Barna, Chigri Simraha, Dinmo, Gothani, Harauli, Pakahi Jhajhra",Kusheshwar Asthan_46,No,अशोक साहु,9801553019.0,,Yes,3200.0,Independent,Yes,Yes,Any time,Call Connected,Dev,,Highly Active,,,
Mithilanchal,Darbhanga,23. Samastipur (SC),78. Kusheshwar Asthan,Kusheshwar Asthan,"Bhindua, Itahar, K. Sthan (S), Kewatgama, Mahisauth, Sughrain, Tilkeshwar, Uijuwa Simartoka, Usari",Kusheshwar Asthan_47,No,ममता देवी,9304388891.0,,,,,,,,Not Received ,Dev,,,,2026-08-26 00:00:00,
Tirhut,Muzaffarpur,16. Vaishali,98. Sahebganj,Sahebganj,"Ahiyapur, Baidyanathpur, Bangra Nizamat, Basudeopur Sarai, Gulab Patti, Madhopur Hajari",Sahebganj_1,No,मनोज कुमार,9973656537.0,,,,,,,,Not Reachable,Sakshi,,,,2026-08-26 00:00:00,
Tirhut,Muzaffarpur,16. Vaishali,98. Sahebganj,Sahebganj,"Bishanpur Patti, Bishunpur Kalyan, Halimpur, Husepur, Husepur Rati, Paharpur Manorath, Roop Chapra",Sahebganj_2,No,फरहाना यास्‍मन,9572997439.0,,,,,,,,Not in Use,Sakshi,,,,2026-08-26 00:00:00,
Tirhut,Muzaffarpur,16. Vaishali,98. Sahebganj,Sahebganj,"Basatpur Chanpur, Gaura, Jagdishpur, Pakri Basarat, Prasauni Raisi, Rajepur, Rampur Asli, Saraiya",Sahebganj_3,No,चंदा देवी,9931472422.0,,No,5000.0,Independent,,,,Call Connected,Sakshi,,,Ishka baar koi chunav nahi larege,2026-08-26 00:00:00,
Tirhut,Muzaffarpur,16. Vaishali,96. Baruraj,Motipur,"Bansghat, Ebrahimpur, Kamalpur Bithroul, Korigama, Mahmadpur Mahmada, Mangurahatajpur, Parsouninath",Motipur_4,No,प्रतिभा प्रिया,8789487826.0,,Yes,7350.0,Independent,Dicey,Dicey,,Call Connected,Sakshi,,Waiting For Roster,,2026-08-26 00:00:00,
Tirhut,Muzaffarpur,16. Vaishali,96. Baruraj,Motipur,"Hardi, Harpur, Jasauli, Jatouliya, Pakari, Rampur Bheriyahi",Motipur_5,No,अनु देवी,9939458052.0,,,,,,,,Not Received ,Sakshi,,,,2026-08-26 00:00:00,
Tirhut,Muzaffarpur,16. Vaishali,96. Baruraj,Motipur,"Fateha, Harnahi, Jahangirpur, Pagahia, Thikaha",Motipur_6,No,रीना सिंहा,7654006364.0,,,,,,,,Call Connected,Sakshi,,,This number is from Supaul,2026-08-26 00:00:00,
Tirhut,Muzaffarpur,16. Vaishali,96. Baruraj,Motipur,"Bariyarpur [North], Bariyarpur [South], Bariyarpur [West], Bariyarpur[East], Barji, Kalyanpur Harouna",Motipur_7,No,पिंकी चौधरी,8789067814.0,General,Yes,1100.0,RJD,Dicey,Dicey,,Call Connected,Sakshi,,Waiting For Roster,,2026-08-26 00:00:00,
Tirhut,Muzaffarpur,16. Vaishali,96. Baruraj,Motipur,"Brahmpur Karman, Mahamadpur Balmi, Mahima Gopinathpur, Morsandi, Nariar, Patti Aswari",Motipur_8,No,विनय कुमार कुशवाहा,9939848697.0,,,,,,,,Switch Off,Sakshi,,,,2026-08-26 00:00:00,
Tirhut,Muzaffarpur,16. Vaishali,96. Baruraj,Paroo,"Baijalpur, Chand Kewari, Dharphari, Neknamepur, Pandeh, Usti",Paroo_9,No,सरोज देवी,9102660085.0,,,,,,,,Call Connected,Sakshi,,,Disconnected the call,2026-08-26 00:00:00,
Tirhut,Muzaffarpur,16. Vaishali,96. Baruraj,Paroo,"Chaki Sohagpur, Fatehabad, Ghayaspur, Jaimal Dumri, Kataru, Khutahin",Paroo_10,No,विक्रम कुमार,9631809817.0,General,Yes,5700.0,RJD,Dicey,Dicey,,Call Connected,Sakshi,,Highly Active,,2026-08-26 00:00:00,
Tirhut,Muzaffarpur,16. Vaishali,96. Baruraj,Paroo,"Anandpur Kharauni, Chintamanpur, Kamalpura, Mohabbatpur, Mohjamma, Paroo [N], Paroo [S]",Paroo_11,No,निशी शंकर,9162636060.0,,,,,,,,Call Connected,Sakshi,,,He is busy with other work  so he disconnected the call,2026-08-26 00:00:00,
Tirhut,Muzaffarpur,16. Vaishali,96. Baruraj,Paroo,"Bahdinpur, Bishanpur Saraiya, Chochahi Chapra, Deoria East, Deoria West, Jafarpur, Mangurahiyan",Paroo_12,No,किरण कुमारी देवी,9123184050.0,,,,,,,,Call Connected,Sakshi,,,This number is from Champaran,2026-08-26 00:00:00,
Tirhut,Muzaffarpur,16. Vaishali,96. Baruraj,Paroo,"Bajitpur, Bhagwanpur Simra, Jagdishpur Baya, Koria Nizamat, Laloo Chapra, Raghunathpur, Rampur Keso Urf Malahi",Paroo_13,No,शंकर महतो,9199943535/9430459672,,Yes,,BSP,No,,,Call Connected,Sakshi,,,Not interested,2026-08-26 00:00:00,
Tirhut,Muzaffarpur,16. Vaishali,97. Paroo,Saraiya,"Ambaratej Singh, Bakhra, Basaitha, Datapur Punch Bhinda, Madhaul, Marwapakar, Rewa Basantpur North, Rewa Basantpur South",Saraiya_14,No,इंदु देवी,8789045779.0,,,,,,,,Switch Off,Sakshi,,,,2026-08-26 00:00:00,
Tirhut,Muzaffarpur,16. Vaishali,97. Paroo,Saraiya,"Chakibrahim, Chakna, Gopinathpur Dokra, Kolhua, Manikpur, Rupauli, Saraiya",Saraiya_15,No,सरिता देवी,7739038303.0,General,Yes,9800.0,RJD,No,No,,Call Connected,Sakshi,,,,2026-08-26 00:00:00,
Tirhut,Muzaffarpur,16. Vaishali,97. Paroo,Saraiya,"Berua, Ginjas, Gorgamandih, Khaira, Ramkrishandu Biyahi, Repora Rampur Bali, Repura Rampur Bisnath",Saraiya_16,No,प्रभा देवी/ Kishor Kunal,9872484242.0,,,,,,,,Call Connected,Sakshi,,,yeh bole h direct PK se puch ligiye mere bare me,2026-08-26 00:00:00,
Tirhut,Muzaffarpur,16. Vaishali,97. Paroo,Saraiya,"Amaitha, Bahilwar Gobind, Bahilwara Rupnath South, Bahilwararupnath North, Gopi Dhanwat, Narngi Jiwnath, Pokhraira, Raja Rampur",Saraiya_17,No,सत्रुध्न सहनी,9430461513.0,General,Yes,10480.0,JSP,Yes,Yes,,Call Connected,Sakshi,,Highly Active,Date baad me btayege,2026-08-26 00:00:00,
Tirhut,Muzaffarpur,16. Vaishali,95. Kanti,Kanti,"Bahuaara, Bakatpur, Birpur, Fulkanhan Mani, Godai Fulkanhan, Jhitkahi Madhuban, Sain",Kanti_18,No,मकसूद आलम,8210512451.0,,,,,,,,Not Received ,Sakshi,,,,2026-08-26 00:00:00,
Tirhut,Muzaffarpur,16. Vaishali,95. Kanti,Kanti,"Dhamouli Ramnath West, Harchanda, Manikpur Narotam, Panapur Habeli, Sadatpur, Sherukahi",Kanti_19,No,भावना शाही/ Kripa Sahi,7667017178.0,,Yes,7500.0,INC,No,No,,Call Connected,Sakshi,,,JSP se abhi nahi jur skte h,2026-08-26 00:00:00,
Tirhut,Muzaffarpur,16. Vaishali,95. Kanti,Kanti,"Dadar Kolhuwa, Damodarpur, Dhamouli Ramnath East, Laskaripur, Madhopur Dulam Urf Dhelaha, Mustafapur, Paigamber Pur Kolhua, Shahpur",Kanti_20,No,संगीता देवी,9934811223.0,,Yes,7000.0,Independent,No,No,,Call Connected,Sakshi,,,Not interested,2026-08-26 00:00:00,
Tirhut,Muzaffarpur,16. Vaishali,95. Kanti,Marwan,"Barkagaon North, Barkagaon South, Gavasara, Jhakhada Shekh, Jiyan Khurd, Mohammadpur Subey, Raksa",Marwan_21,No,राम नरेश सहनी,9931991284.0,,Yes,8000.0,BJP,Yes,Yes,September 2nd week ,Call Connected,Sakshi,,,,2026-08-26 00:00:00,
Tirhut,Muzaffarpur,16. Vaishali,95. Kanti,Marwan,"Bhatauna, Karja Dih, Makdumpur Kodaria North, Mohammad Pur Khaje, Rupwara, Shubhankar Pur",Marwan_22,No,राहुल शाह,8210779329.0,General,Yes,8200.0,BJP,Dicey,Dicey,,Call Connected,Sakshi,,Waiting For Roster,Inko time chahiye thora decision lyne ke liye JSP se larege ya nahi,2026-08-26 00:00:00,
Tirhut,Muzaffarpur,15. Muzaffarpur,93. Kurhani,Kurhani,"Chhajan Harishankar West, Chhajan Harishanker East, Dubiahi, Kharauna Dih, Ladaura, Sumera",Kurhani_23,No,कृष्णा देवी,9709862799.0,,,,,,,,Switch Off,Sakshi,,,,2026-08-26 00:00:00,
Tirhut,Muzaffarpur,15. Muzaffarpur,93. Kurhani,Kurhani,"Bangra Bansidhar, Chandra Hati, Fakuli, Kishunpur Balaur, Kishunpur Mohni, Kurahni, Rajla",Kurhani_24,No,इन्दु कुमारी देवी,9199577161.0,General,Yes,9800.0,Independent,Yes,Yes,September 2nd week ,Call Connected,Sakshi,,Waiting For Roster,,2026-08-26 00:00:00,
Tirhut,Muzaffarpur,15. Muzaffarpur,93. Kurhani,Kurhani,"Basouli, Chadhua, Chakiya, Dariyapur Kafen, Jamaharua, Kermadih, Mohammadpur Mobarak",Kurhani_25,No,तबस्‍सुम अजीज,9304006019.0,,Dicey,4500.0,JSP,Dicey,Dicey,,Call Connected,Sakshi,,Waiting For Roster,,2026-08-26 00:00:00,
Tirhut,Muzaffarpur,15. Muzaffarpur,93. Kurhani,Kurhani,"Amarakh, Balaurdih, Chainpur Wazid, Chhitrauli, Harishankar Maniyari, Mahant Maniyari, Raghunathpur Madhuban, Ratnauli, Shakri Saraiya, Sonwarsa, Turki",Kurhani_26,No,अंगूरी खातून,9934363664.0,,,,,,,,Switch Off,Sakshi,,,,2026-08-26 00:00:00,
Tirhut,Muzaffarpur,15. Muzaffarpur,93. Kurhani,Kurhani,"Akhtiyarpur Paraiya, Harpur Balra, Jagarnathpur, Kinaroo, Kishunpur Madhuban, Pakhahin, Shahpur Mircha",Kurhani_27,No,कुमारी कमला,9818883411.0,,Dicey,8900.0,Independent,Dicey,Dicey,,Call Connected,Sakshi,,Waiting For Roster,Inko time chahiye thora decision lyne ke liye JSP se larege ya nahi,2026-08-26 00:00:00,
Tirhut,Muzaffarpur,15. Muzaffarpur,94. Muzaffarpur,Mushahari,"Abdul Nagar Urf Madhopur, Bhikhanpura, Jamala Bad, Jhapaha, Shahbazpur, Sherpur",Mushahari_28,No,ईन्द्रा देवी,9934290406.0,,Yes,7000.0,LJP,Dicey,Dicey,,Call Connected,Sakshi,,Waiting For Roster,Inko time chahiye thora decision lyne ke liye JSP se larege ya nahi,2026-08-26 00:00:00,
Tirhut,Muzaffarpur,15. Muzaffarpur,94. Muzaffarpur,Mushahari,"Bhagwanpur, Madhubani, Maijhauli Khetal, Patahin, Rohua, Shekhpur",Mushahari_29,No,कुमोद पासवान,8002572131.0,,,,,,,,Call Back Letar,Sakshi,,,,2026-08-26 00:00:00,
Tirhut,Muzaffarpur,15. Muzaffarpur,94. Muzaffarpur,Mushahari,"Kanauli Bishundat, Manika Harikesh, Manika Vishnudut Chand, Mushahari Radha Nagar, Rajwara Bhagwan, Susta, Taraura",Mushahari_30,No,अमित कुमार,9905685347.0,,No,8500.0,RJD,,,,Call Connected,Sakshi,,,Ish baar chunav nahi lrege,2026-08-26 00:00:00,
Tirhut,Muzaffarpur,15. Muzaffarpur,94. Muzaffarpur,Mushahari,"Baikatpur, Bara Jagarnath, Chhapra Megh, Dumri, Narauli, Prahladpur",Mushahari_31,No,चन्द्रकेश चौधरी,9934659196/8084643666,,,,,,,,Switch Off,Sakshi,,,,2026-08-26 00:00:00,
Tirhut,Muzaffarpur,16. Vaishali,90. Minapur,Minapur,"Chatursi, Ghosaut, Harser, Paigambarpur, Panapur, Piprahan Asli",Minapur_32,No,जगदीश प्रसाद गुप्ता,7033040777.0,,,,,,,,No Incoming ,Sakshi,,,,2026-08-26 00:00:00,
Tirhut,Muzaffarpur,16. Vaishali,90. Minapur,Minapur,"Bara Bharti, Chand Parna, Jamin Mathiya, Mahdeiya, Raghopur",Minapur_33,No,संगीता देवी,6204633428/8969682113,,,,,,,,Switch Off,Mehdi,,,,2026-08-26 00:00:00,
Tirhut,Muzaffarpur,16. Vaishali,90. Minapur,Minapur,"Belahi Lachhi, Harka Man Shahi, Nandna, Raghai, Rani Khaira Urf Banua, Turki East, Turki West",Minapur_34,No,अजीत कुमार,9934479071/7479983784,,,,,,,,Call Connected,Mehdi,,,Right now he is in juloos ,2026-08-26 00:00:00,
Tirhut,Muzaffarpur,16. Vaishali,90. Minapur,Minapur,"Ali Neora, Dharampur, Gorigama, Koili, Madaripur Karn, Majhouliya, Minapur, Muksudpur, Tengrari",Minapur_35,No,मोहम्मद सदरुल खाँ,7781836498/9939282810,,,,,,,,Not Received ,Mehdi,,,,2026-08-26 00:00:00,
Tirhut,Muzaffarpur,16. Vaishali,90. Minapur,Bochahan,"Jhapha, Narkatiya, Narma, Rampur Jaipal, Sahila Rampur, Sharfuddinpur",Bochahan_36,No,निक्की कुमारी,9934890625.0,,,,,,,,Not Received ,Mehdi,,,,2026-08-26 00:00:00,
Tirhut,Muzaffarpur,16. Vaishali,90. Minapur,Bochahan,"Garhan, Karanpur North, Karanpur South, Lohsari, Majhauli, Patiyasha, Unsar",Bochahan_37,No,दीप माला देवी,9117611806.0,,,,,,,,Not Received ,Mehdi,,,,2026-08-26 00:00:00,
Tirhut,Muzaffarpur,16. Vaishali,90. Minapur,Bochahan,"Adigopalpur, Balthi Rasulpur, Bhutane, Deogan, Kafain Choudhri, Maidapur, Vishunpur Jagdish",Bochahan_38,No,एहसान अहमद,9471668185/8210022062,,,,,,,,Not Received ,Mehdi,,,,2026-08-26 00:00:00,
Tirhut,Muzaffarpur,15. Muzaffarpur,89. Aurai,Aurai,"Bharathua, Dharharwa, Ghanshyampur, Janadh Jiwajor Beni, Maheshwara, Mathurapur Bujurg, Nayagaon, Rajkhand North, Rajkhand South, Sarhachiya",Aurai_39,No,पम्मी देवी,8709597816.0,,Yes,10000.0,Independent,Dicey,,,Call Connected,Mehdi,,,,2026-08-26 00:00:00,
Tirhut,Muzaffarpur,15. Muzaffarpur,89. Aurai,Aurai,"Amnaur, Atrar, Babhangama, Bhadai, Bishunpur Umapath Basant, Dih Jiwar, Paramjivwar Tarajiwar, Sahila Balli",Aurai_40,No,पूनम देवी,9708710236.0,,Yes,,JSP,,,,Call Connected,Mehdi,,,Husband aaenge to baat kra denge,2026-08-26 00:00:00,
Tirhut,Muzaffarpur,15. Muzaffarpur,89. Aurai,Aurai,"Alampur Simri, Aurai, Bhalura, Bishunpur Gokhul, Khetalpur, Rampur Shambhuta, Ratwara Bindwara Deoriya Pashchim, Ratwara Bindwara Deoriya Purvi",Aurai_41,No,नुरजबी,9006696767.0,,,,,,,,Not Received ,Mehdi,,,,2026-08-26 00:00:00,
Tirhut,Muzaffarpur,15. Muzaffarpur,88. Gaighat,Katra,"Berai North, Berai South, Dhanaur, Hathauri, Katra, Madhepura, Shivdas Pur",Katra_42,No,लालबाबू,9931669690.0,General,Yes,6000.0,JSP,Yes,Yes,,Call Connected,Mehdi,,,Zila Adhyakchh Minority,2026-08-26 00:00:00,
Tirhut,Muzaffarpur,15. Muzaffarpur,88. Gaighat,Katra,"Jajuar East, Jajuar Middle, Jajuara West, Katai, Lakhan Pur, Nagwara, Pahsaul",Katra_43,No,सुधीर कुमार गुप्ता,9955435778/9576726261,,,,,,,,Call Connected,Mehdi,,,vyast hai abhee,2026-08-26 00:00:00,
Tirhut,Muzaffarpur,15. Muzaffarpur,88. Gaighat,Katra,"Bandhpura, Bansghatta, Barari, Bel Pakauna, Changel, Khangura Dih, Sonpur, Tehwara",Katra_44,No,जावेद अहमद,9771096545.0,,,,,,,,Not Received ,Mehdi,,,,2026-08-26 00:00:00,
Tirhut,Muzaffarpur,15. Muzaffarpur,88. Gaighat,Gaighat,"Baghakhal, Bakhari, Berua, Boaridih, Dahila-Patsharma, Loma, Maithi, Ramnagar",Gaighat_45,No,गुड़िया खातुन,6200096476.0,,,,,,,,Wrong Number ,Mehdi,,,,2026-08-26 00:00:00,
Tirhut,Muzaffarpur,15. Muzaffarpur,88. Gaighat,Gaighat,"Jamalpur Kodai, Jarang East, Jarang West, Kamartho, Kanta Pir Roucha (South), Kanta Pirauchha (North), Laxman Nagar, Mahamadpur Sura",Gaighat_46,No,मीना देवी,9162687316.0,,Yes,10300.0,Independent,Yes,Yes,,Call Connected,Mehdi,,,ek do dino me bta denge,2026-08-26 00:00:00,
Tirhut,Muzaffarpur,15. Muzaffarpur,88. Gaighat,Gaighat,"Balaur Nidhi, Baruari, Kewatsa, Ladaur, Shiv Daha, Susta",Gaighat_47,No,इन्दु रानी,9934207690.0,,,,,,,,Busy,Mehdi,,,,2026-08-26 00:00:00,
Tirhut,Muzaffarpur,15. Muzaffarpur,88. Gaighat,Bandra,"Badgaon, Nunfara, Rampur Dayal, Simra Chak Srinath, Sundarpur Ratwara, Tepri Urf Hasan Nagar",Bandra_48,No,अशोक कुमार सिंह,9931991960.0,,,,,,,,Not Received ,Mehdi,,,,2026-08-26 00:00:00,
Tirhut,Muzaffarpur,15. Muzaffarpur,88. Gaighat,Bandra,"Bandra, Hatha, Munni Baingari, Mutlupur, Patsara, Pirapur",Bandra_49,No,सुरेन्द्र कुमार,6202572851.0,SC,Yes,7000.0,Independent,Dicey,,,Call Connected,Mehdi,,,Baad me btaenge abhee busy hai,2026-08-26 00:00:00,
Tirhut,Muzaffarpur,15. Muzaffarpur,92. Sakra,Muraul,"Bidya Jhap, Bishunpur Bakhri, Bishunpur Sriram, Harsinghpur Loutan, Itha Rasulpur, Mira Pur, Mohammadpur Badal, Pilkhi Gay Patti, Sadikpur Mural",Muraul_50,No,कुमारी वीणा,8541983247.0,,,,,,,,Not Reachable,Mehdi,,,,2026-08-26 00:00:00,
Tirhut,Muzaffarpur,15. Muzaffarpur,92. Sakra,Sakra,"Bariyarpur, Beruadih, Gaurihan Khalik Nagar, Marwan Urf Ajijragar, Paigamberpur, Rampur Krishna, Rampur Mani",Sakra_51,No,मोहम्मद कलाम अहमद,8340538327.0,,,,,,,,Not Received ,Mehdi,,,,2026-08-26 00:00:00,
Tirhut,Muzaffarpur,15. Muzaffarpur,92. Sakra,Sakra,"Baji Bujurg, Bharthipur, Bishanpur Baghnagari, Jagdishpur Baghnagri, Kateshar, Majhaulia, Rajapakar, Rupanpatti Mathura",Sakra_52,No,चक्रधर पासवान,9470029252.0,,Yes,6500.0,RJD,Yes,Yes,,Call Connected,Mehdi,,,baad me bta denge,2026-08-26 00:00:00,
Tirhut,Muzaffarpur,15. Muzaffarpur,92. Sakra,Sakra,"Faridpur Sakra, Gannipur Bejha, Machhahi, Raghunathpur Donma, Sakra Wajid, Sarmastpur, Sirajabad",Sakra_53,No,रीता कुमारी,9728279498.0,,,,,,,,Not Reachable,Mehdi,,,,2026-08-26 00:00:00,
Tirhut,Muzaffarpur,15. Muzaffarpur,92. Sakra,Sakra,"Chandanpatti, Dihuli Ishaque, Dubahan Bujurg, Harlochanpur, Mishraulia, Keshopur",Sakra_54,No,रविन्द्र कुमार राय,9931208977/6204562549,,,,,,,,Call Connected,Mehdi,,,Not interested,2026-08-26 00:00:00,
Tirhut,Sitamarhi,4. Sheohar,23. Riga,Bairgania,"Akhta Pashchimi (Chakwa), Belganj, Jamua, Musachak, Nandwara, Pachtaki Yadu, Parsauni, Patahi",Bairgania_1,No,फिरदौस खातुन,9470422965/9955037160,,,,,,,,No Incoming ,Mehdi,,,,2026-08-26 00:00:00,
Tirhut,Sitamarhi,4. Sheohar,23. Riga,Suppi,"Akhta Poorav, Akhta Uttar, Babhangama, Barhaharwa, Maniyari, Sasaula",Suppi_2,No,ताजुद्दीन हैदर खाँ,6202222363/9430678950,,No,,,,,,Call Connected,Mehdi,,,,2026-08-26 00:00:00,
Tirhut,Sitamarhi,4. Sheohar,23. Riga,Suppi,"Gharwara, Harpur Pipra, Kothia Rai, Mohani Mandal, Naraha",Suppi_3,No,अमरेन्द्र कुमार,9431262951/7870848637,,Yes,4100.0,Independent,Yes,Dicey,,Call Connected,Mehdi,,,Riga chini meel manager,2026-08-26 00:00:00,
Tirhut,Sitamarhi,5. Sitamarhi,24. Bathnaha,Majorganj,"Bahera, Basabitta, Dumari Kala, Khairwa, Kuari Madan, Majorganj, Pachaharwa, Ratanpur",Majorganj_4,No,रेणु देवी,8409024904/7050685265,,,,,,,,Not Reachable,Mehdi,,,,2026-08-26 00:00:00,
Tirhut,Sitamarhi,4. Sheohar,23. Riga,Riga,"Bulakipur, Ganeshpur Babhangama, Kusumari, Posua Patania, Riga First, Riga Second, Sahbajpur, Sirahi",Riga_5,No,तेतरी देवी,6204716006/82942556.3,,,,,,,,Call Connected,Mehdi,,,Not interested,2026-08-26 00:00:00,
Tirhut,Sitamarhi,4. Sheohar,23. Riga,Riga,"Anahari, Bhagwanpur, Bhawdepur, Mehasia, Pakri Mathwa, Rewasi, Sirauli First, Sirauli Second",Riga_6,No,अंजु कुमारी,7070263993/8873655301,,,,,,,,Not Received ,Mehdi,,,,2026-08-26 00:00:00,
Tirhut,Sitamarhi,4. Sheohar,30. Belsand,Parsauni,"Dema, Gisara, Kathaur, Madanpur, Parsauni Khirodhar, Parsauni Mailwar, Parsurampur",Parsauni_7,No,श्वेता जायसवाल,9973609331.0,,Dicey,,Independent,,,,Call Connected,Mehdi,,,2026-09-06 00:00:00,2026-08-26 00:00:00,
Tirhut,Sitamarhi,4. Sheohar,30. Belsand,Belsand,"Bhandari, Chandauli, Dumra, Jaffarpur, Kansar, Lohasi, Pachnaur, Patahi, Sauli Rupauli",Belsand_8,No,ममता देवी,8969385865.0,General,Yes,7600.0,JSP,Yes,Yes,,Call Connected,Mehdi,,,purv prakhand kosadhyach ,2026-08-26 00:00:00,
Tirhut,Sitamarhi,5. Sitamarhi,29. Runnisaidpur,Runnisaidpur,"Balua, Barheta, Bengahi Ramnagar, Bilandpur, Giddha Fulwariya, Mahesha Farakpur, Mahindwara, Sirkhiriya",Runnisaidpur_9,No,गौतम कुमार,7782855858/9572997410,,,,,,,,Not Received ,Mehdi,,,,2026-08-26 00:00:00,
Tirhut,Sitamarhi,5. Sitamarhi,29. Runnisaidpur,Runnisaidpur,"Athari, Gangwara Buzurg, Gurudah Urf Gausnagar, Kharka, Madhaul Shani, Morsand, Olipur Sarhachiya, Tilak Tajpur",Runnisaidpur_10,No,इन्द्राणी राय,9471027369/9431475505,,Yes,6700.0,RJD,Dicey,Dicey,,Call Connected,Mehdi,,,4 time contest 2time winner 1time zp chairman 2016,2026-08-26 00:00:00,
Tirhut,Sitamarhi,5. Sitamarhi,29. Runnisaidpur,Runnisaidpur,"Baghari, Deona Buzurg, Rain Bishuni, Runni Saidpur Dakshini, Runni Saidpur Madhya, Runni Saidpur Uttar, Thumma, Tikauli",Runnisaidpur_11,No,सिन्धु देवी,9801788287/9934203621,,Dicey,3200.0,Independent,Yes,Yes,Any Time,Call Connected,Dev,,Waiting For Roster,,2026-08-26 00:00:00,
Tirhut,Sitamarhi,5. Sitamarhi,29. Runnisaidpur,Runnisaidpur,"Bahilwara Urf Garha, Belahi Nilkanth, Dhanukhi, Kauriya Lalpur, Mahisar, Manik Chauk Dakshini, Manik Chauk Pashchimi, Manik Chauk Uttari, Prem Nagar",Runnisaidpur_12,No,पिंकी कुमारी,7250126037.0,,No,,,,,,Call Connected,Dev,,,Mukhiya,2026-08-26 00:00:00,
Tirhut,Sitamarhi,5. Sitamarhi,28. Sitamarhi,Dumra,"Azamgarh, Chak Rajopatti, Kumhara Bishanpur, Madhuban, Paroha, Punaura Purvi",Dumra_13,No,कविता कुमारी,9934847460/9110186005,,Yes,5500.0,Independent,Yes,Yes,Any Time,Call Connected,Dev,,Highly Active,,2026-08-26 00:00:00,
Tirhut,Sitamarhi,5. Sitamarhi,28. Sitamarhi,Dumra,"Bariyarpur, Bhasar Machhaha Dakshini, Bhasar Machhaha Uttari, Bhoop Bhairo, Madhopur Raushan, Mehsaul Purvi, Mishraulia",Dumra_14,No,प्रवीण कुमार,9113352682.0,,Yes,,,Yes,Yes,,Call Connected,Dev,,,,2026-08-26 00:00:00,
Tirhut,Sitamarhi,5. Sitamarhi,28. Sitamarhi,Dumra,"Berwas, Bishanpur, Hari Chhapra, Lagma, Methaura, Mirzapur, Muradpur",Dumra_15,No,अब्दुल अजीज अंसारी,9546455794/7250204388,,,,,,,,Call Back Letar,Dev,,,,2026-08-26 00:00:00,
Tirhut,Sitamarhi,5. Sitamarhi,28. Sitamarhi,Dumra,"Mehsaul Gote, Mehsaul Pashchim, Punaura Pashchim, Rampur Parori, Ranjeetpur Pashchim, Ranjeetpur Purvi, Rasalpur, Khairwa",Dumra_16,No,इन्द्रा देवी,9835075925/7903206653,,,,,,,,Busy,Dev,,,Call Disconnect,2026-08-26 00:00:00,
Tirhut,Sitamarhi,5. Sitamarhi,24. Bathnaha,Bathanaha,"Bairaha Barahi Jiwa, Bathanaha Pashchimi, Bathnaha Purvi, Harpur Bhalaha, Kamaldah, Pandaul Urf Panth Pakar, Rapauli Rupahara",Bathanaha_17,No,हरिन्द्र चौधरी,8210907088.0,SC,Yes,3900.0,Independent,Yes,Yes,Any Time,Call Connected,Dev,,Highly Active,,2026-08-26 00:00:00,
Tirhut,Sitamarhi,5. Sitamarhi,24. Bathnaha,Bathanaha,"Bakhari, Dayanchhapra, Digghi, Harnahiya, Mahuawa, Majhauliya, Matiyar Kala, Maudah, Naraha, Ranauli, Sahiyara, Shahpur Shitalpatti, Singrahiya, Turkauliya",Bathanaha_19,No,ईश्‍वर पंडित,9199670326.0,,,,,,,,Busy,Dev,,,,2026-08-26 00:00:00,
Tirhut,Sitamarhi,5. Sitamarhi,24. Bathnaha,Sonbarsa,"Bishunpur Adhar, Bishunpur Gonahi, Ghurghura Hanumannagar, Madhesara, Madhiya, Singhwahini",Sonbarsa_20,No,मोद नारायण साह,8651607872.0,,Yes,5500.0,Independent,Yes,Yes,Any Time,Call Connected,Dev,,Highly Active,,2026-08-26 00:00:00,
Tirhut,Sitamarhi,5. Sitamarhi,24. Bathnaha,Sonbarsa,"Jainagar, Marpa, Pipra Parsain, Purandaha Rajawara Pashchim, Purandaha Rajawara Purvi",Sonbarsa_21,No,इन्दु देवी,9031703928/8521687228,,,,,,,,Busy,Dev,,,,2026-08-26 00:00:00,
Tirhut,Sitamarhi,5. Sitamarhi,24. Bathnaha,Sonbarsa,"Bagaha, Bhaluaha, Bhutahi, Dostiya, Indarwa, Kachaur, Kanhauli, Khap Khopraha, Sonbarsa",Sonbarsa_22,No,मनतोरिया देवी,6201492301/8809973541,,No,,,,,,Call Connected,Dev,,,,2026-08-26 00:00:00,
Tirhut,Sitamarhi,5. Sitamarhi,25. Parihar,Parihar,"Bathuara, Baya, Bherrahiya, Dhanaha, Khairwa Malah, Naranga Dakshini, Naranga Uttari",Parihar_23,No,बैधनाथ बैठा,9939059649/9955984554,,No,,,,,,Call Connected,Dev,,,mukhiya,2026-08-26 00:00:00,
Tirhut,Sitamarhi,5. Sitamarhi,25. Parihar,Parihar,"Bela Machhpakauni, Betaha, Bishanpur, Jagdar, Kanhawa, Lahuria, Parsa",Parihar_24,No,शिवचन्द्र मंडल,9771223495/8873547737,,Yes,7200.0,Independent,Yes,Yes,Any Time,Call Connected,Dev,,Waiting For Roster,,2026-08-26 00:00:00,
Tirhut,Sitamarhi,5. Sitamarhi,25. Parihar,Parihar,"Dharharwa, Mahadeopatti, Parihar Dakshini, Parihar Uttari, Sirsiya, Sutihara",Parihar_25,No,धनीराम पाल,8210379139/9525744859,,,,,,,,Not Received ,Dev,,,,2026-08-26 00:00:00,
Tirhut,Sitamarhi,5. Sitamarhi,25. Parihar,Parihar,"Baburban, Barahi, Manikpur Mushaharniya, Manpaur, Pipra Bishan Pur, Prasandi, Koiriya Pipra",Parihar_26,No,अभिषेक सिंह,9525777728/9169172672,,Yes,3600.0,Independent,Yes,Yes,Any Time,Call Connected,Dev,,Highly Active,,2026-08-26 00:00:00,
Tirhut,Sitamarhi,5. Sitamarhi,26. Sursand,Sursand,"Amana, Baghadi, Banauli, Birrakh, Kadarwana, Kumma, Malahi, Maruki, Pathanpura, Radhaur",Sursand_27,No,कामिनी देवी,7050669586.0,,,,,,,,No Incoming ,Dev,,,,2026-08-26 00:00:00,
Tirhut,Sitamarhi,5. Sitamarhi,26. Sursand,Sursand,"Dadhawari, Diwari Matauna, Koriyahi, Shrikhandi Bhitta Pashchimi, Sri Khandi Bhitta Purvi",Sursand_28,No,कविता कुमारी,7488337409.0,,Yes,5000.0,Independent,Dicey,Dicey,,Call Connected,Dev,,Waiting For Roster,,2026-08-26 00:00:00,
Tirhut,Sitamarhi,5. Sitamarhi,27. Bajpatti,Bajpatti,"Bajitpur, Barri Fulwariya, Harpurwa, Madhuban Basaha Pashchimi, Madhuban Basaha Purvi, Patdaura",Bajpatti_29,No,तारिक अनवर,7217833519.0,General,Yes,3400.0,Independent,Yes,Yes,Any Time,Call Connected,Dev,,Highly Active,,2026-08-26 00:00:00,
Tirhut,Sitamarhi,5. Sitamarhi,27. Bajpatti,Bajpatti,"Bachopatti Narha, Bajpatti, Bangaon Uttari, Madhurapur, Pachra Nimahi, Piprarhi, Rasalpur",Bajpatti_30,No,मोहम्मद फरमान,9431429131.0,,Yes,5300.0,Independent,Yes,Yes,Any Time,Call Connected,Dev,,Highly Active,,2026-08-26 00:00:00,
Tirhut,Sitamarhi,5. Sitamarhi,27. Bajpatti,Bajpatti,"Bangaon Dakshini, Belahiya, Humayunpur, Madaripur, Madhopur, Ratwara",Bajpatti_31,No,आयशा नाज,7631981320/7631955592,,,,,,,,Switch Off,Dev,,,,2026-08-26 00:00:00,
Tirhut,Sitamarhi,5. Sitamarhi,26. Sursand,Choraut,"Barri Behta, Bhantawari, Choraut Pashchim, Choraut Purvi, Choraut Uttar, Parigama, Yadupatti",Choraut_32,No,मनोज पूर्वे,9967028601.0,,,,,,,,Busy,Dev,,,Call Disconnect,2026-08-26 00:00:00,
Tirhut,Sitamarhi,5. Sitamarhi,26. Sursand,Pupri,"Awapur Dakshini, Awapur Uttari, Bajitpur Baura, Bhitha Dharampur, Hardiya, Harihar Pur, Jhajhihat",Pupri_33,No,श्रीनाथ राय,9470434774.0,,,,,,,,No Incoming ,Dev,,,,2026-08-26 00:00:00,
Tirhut,Sitamarhi,5. Sitamarhi,26. Sursand,Pupri,"Bachharpur, Balha Maksudan, Gangti, Garha, Ram Nagar Bedaul",Pupri_34,No,मो. अमजद अली,9534790333.0,,,,,,,,Call Back Letar,Dev,,,He Is Not At Home Right Now,2026-08-26 00:00:00,
Tirhut,Sitamarhi,5. Sitamarhi,27. Bajpatti,Nanpur,"Bahera Zahidpur, Bhadiyan, Dorpur, Janipur, Koili, Majhaur, Nanpur Dakshini, Nanpur Uttari, Sirsi",Nanpur_35,No,अंजली कुमारी,9471922204.0,,Yes,,,No,,,Call Connected,Dev,,,,2026-08-26 00:00:00,
Tirhut,Sitamarhi,5. Sitamarhi,27. Bajpatti,Nanpur,"Bath Asli, Birar, Dadri, Gaura, Gauri, Kauriya Raipur, Mohini, Pandaul Buzurg",Nanpur_36,No,रूमाना अख्तर,8789842128.0,,,,,,,,Not Received ,Dev,,,,2026-08-26 00:00:00,
Tirhut,Sitamarhi,5. Sitamarhi,27. Bajpatti,Bokhra,"Bajitpur Bhaur, Bokhra, Kharka Basant Dakshini, Kharka Basant Uttari, Kurhar",Bokhra_37,No,पार्वती देवी,9430262456.0,,Yes,3450.0,Independent,Dicey,Dicey,,Call Connected,Dev,,Waiting For Roster,,2026-08-26 00:00:00,
Tirhut,Sitamarhi,5. Sitamarhi,27. Bajpatti,Bokhra,"Banaul, Budhnagara, Chakauti, Madhusudanpur Dumri Urf Mahisautha, Pokhraira, Singhachauri",Bokhra_38,No,मो. कलाम खान,7739044878.0,General,Yes,4384.0,Independent,Yes,Yes,Any Time,Call Connected,Dev,,Highly Active,,2026-08-26 00:00:00,
Tirhut,Sheohar,4. Sheohar,22. Sheohar,Purnahiya,"Abhirajpur Bairiya, Adouri, Bakhar Chandiha, Barahi Jagdish, Basant Jagjiwan, Basantpatti, Dostiya, Kolhua Thikha",Purnahiya_1,No,गौरी शंकर राम,9523942058.0,,Yes,6500.0,Independent,Yes,Yes,Any Time,Call Connected,Dev,,Highly Active,,2026-08-26 00:00:00,
Tirhut,Sheohar,4. Sheohar,22. Sheohar,Piprahi,"Amba Kala (N), Amba Kala (S), Basahia Shekh, Belawa, Dhankaul, Kamrauli, Kuama, Mesaudha, Minapur Balha, Mohanpur, Parsauni Baij",Piprahi_2,No,निलम देवी,7667836151.0,,,,,,,,Not Received ,Dev,,,,2026-08-26 00:00:00,
Tirhut,Sheohar,4. Sheohar,22. Sheohar,Sheohar,"Chamanpur, Khairwadarp, Kushahar, Sarsaula Khurd, Sugia, Taj Pur",Sheohar_3,No,नेसांत प्रवीन,9097370666.0,,,,,,,,Not Received ,Dev,,,,2026-08-26 00:00:00,
Tirhut,Sheohar,4. Sheohar,22. Sheohar,Sheohar,"Harnahi, Malipokhar Bhinda, Mathurapur Kahtarwa, Mirzapur Dhobahi",Sheohar_4,No,सुलेखा देवी,8541081551/9431254433,,Dicey,6300.0,Independent,Dicey,Dicey,,Call Connected,Dev,,"Waiting For Roster, Highly Active","ZP Election 2006 Runner Up
ZP Election 2011 Runner Up
ZP Election 2016 Winner 
Dumri & Sheohar Zp Seats
ZP Eection 2021 Runner Up 6300 Votes
",2026-08-26 00:00:00,
Tirhut,Sheohar,4. Sheohar,22. Sheohar,Dumari Katsari,"Jahangirpur, Mahmadpur Katsari",Dumari Katsari_5,No,मनोरमा त्रिवेदी,9934501206.0,,Dicey,,,Yes,,,Call Connected,Dev,,,"Her husband is very unwell. If he recovers and his health improves, she will contest the election.",2026-08-26 00:00:00,
