District,Block,Panchayat,In Final Candidates List,Name,Father/Husband's Name,Contact No.,Category,Caste,Age,Profile,Current JS Designation Final,Calling Status,Remarks,Ready to Contest Elections withn JSP,Gender,In Final Candidates List,ZP Seat Number,PRI TO CONTEST,Ready to make 20 Committee,ZP Status,,,,,
East Champaran,Sangrampur,,Sangrampur_16,Ravi Pandey,बच्चालाल पांडेय,6200299850.0,General,Brahmin,40.0,"         -Zp contestant in 2021.
-Founder of Sanskar Vidhyapeeth.",Prakhand Mahasachiv,,,,male,,,,,,,,,,
West Champaran,Chanpatia,Tunia Bishunpur,No,Mansoor Alam,अजीज मियांं,6200312829.0,OBC,Muslim,50.0,"-ZP Runner Up
- Former ZP (2016-2021)
- Former ZP runnerup (2001)",DSC Member,,,,Male,,,,,,,,,,
West Champaran,Chanpatia,Tunia Bishunpur,No,Mansoor Alam,अजीज मियांं,6200312829.0,OBC,Muslim,50.0,"-ZP Runner Up
- Former ZP (2016-2021)
- Former ZP runnerup (2001)",DSC Member,,,,Male,,,,,,,,,,
East Champaran,Sugauli,,No,Ajit Sahni,Awadh Kishore Sahani,6201710523.0,EBC,Mallah,36.0,"- ZP Contestent 2021 -Doctor in Sugauli
-His uncle is former Mukhiya",Zila Upadhyaksh,,"his brother Vijay sahani will contest
9142901177
sugauli 5",,Male,,,,,,,,,,
East Champaran,Sugauli,,No,Ajit Sahni,अवध किशोर सहनी,6201710523.0,EBC,Mallah,36.0,- ZP runner up (2021),BSC Member,,,,,,,,,,,,,,
West Champaran,Majhauliya,Nautan Khurd,No,Deepaknath Pandey,Damodar Pandey,6202198788.0,General,Brahmin,36.0,"-ZP Contested-2021
-Run Cyber Cafe",Prakhand Upadhyaksh,,,,Male,,,,,,,,,,
West Champaran,Majhauliya,Nautan Khurd,No,Deepaknath Pandey,Damodar Pandey,6202198788.0,General,Brahmin,,"-ZP Contested-2021
-Run Cyber Cafe",Prakhand Upadhyaksh,,,,Male,,,,,,,,,,
West Champaran,Majhaulia,Nautan Khurd,No,Deepaknath Pandey,Damodar Pandey,6202198788.0,General,Brahmin,36.0,"-ZP Contested-2021
-Run Cyber Cafe",Prakhand Upadhyaksh,,,,Male,,,,,,,,,,
East Champaran,Sangrampur,BHAWANIPUR NORTH,No,Omkar Prasad,स्व. पुण्यदेव प्रसाद,6203249086.0,OBC,Kalwar,58.0,"Omkar Prasad|स्वर्गीय पुण्यदेव प्रसाद ||OBC|Kalwar |Sangrampur - Won the Mukhiya election in 2021 by 1200 votes (total votes secured 2851)
- Contested the ZP elections in 2006 and secured 2nd with 3990 votes and lost by just 190 votes
- Runner-up in the Mukhiya election in 2016
- Big dealer & distributor of  cloth business",DSC Member,Not Received ,,,Male,,,,,,,,,,
West Champaran,Nautan,Purvi Nautan,No,Awadh Kishor Yadav,Ramnath Yadav,6203759658.0,OBC,Yadav,30.0,"- He contested the 2021 PRI elections for ZP and finished in 4th position with 3855 votes from area no. 36.
 - He runs a School in his area.",BSC Member,,,,Male,,,,,,,,,,
West Champaran,Nautan,Purvi Nautan,No,Awadh Kishor Yadav,Ramnath Yadav,6203759658.0,OBC,Yadav,30.0,"- He contested the 2021 PRI elections for ZP and finished in 4th position with 3855 votes from area no. 36.
 - He runs a School in his area.",BSC Member,,,,Male,,,,,,,,,,
West Champaran,jogapatti,,No,Santosh Ansari,सिराजुल अंसारी,6205140363.0,EBC,Ansari,32.0,"a)Current Profile- He was the ZP election candidate in the year 2021. He is also a businessman and has a bike showroom in his area. b)Socio-Political Brief- He was a working professional and worked at NTPC from 2011-2016. He also contested the ZP election in 2021 but couldn't manage to win the election. He has business in Bike sales and Purchases in Bettiah, Sanichari, Lauriya, and Ramnagar. c)Financial Activities- He is dependent on agriculture and has a business of Bike sales and Purchases. d)Area/Community Influence- He was the ZP election candidate and is working for the betterment of society and has a lot of Influence in Barwajha panchayat and nearby areas.
e)Criminal Case (if any)- He has a clean image with no criminal charges in his name.
f)Public Perception- He is a young and enthusiastic person who has the potential to work for the betterment of the society. g)Recent Activities- NA
h)Remarks- He is aware of PK and wants to work for the Jan Suraaj Abhiyaan.",DSC Member,,,,Male,,,,,,,,,,
West Champaran,jogapatti,,No,Santosh Ansari,सिराजुल अंसारी,6205140363.0,EBC,Ansari,32.0,"a)Current Profile- He was the ZP election candidate in the year 2021. He is also a businessman and has a bike showroom in his area. b)Socio-Political Brief- He was a working professional and worked at NTPC from 2011-2016. He also contested the ZP election in 2021 but couldn't manage to win the election. He has business in Bike sales and Purchases in Bettiah, Sanichari, Lauriya, and Ramnagar. c)Financial Activities- He is dependent on agriculture and has a business of Bike sales and Purchases. d)Area/Community Influence- He was the ZP election candidate and is working for the betterment of society and has a lot of Influence in Barwajha panchayat and nearby areas.
e)Criminal Case (if any)- He has a clean image with no criminal charges in his name.
f)Public Perception- He is a young and enthusiastic person who has the potential to work for the betterment of the society. g)Recent Activities- NA
h)Remarks- He is aware of PK and wants to work for the Jan Suraaj Abhiyaan.",DSC Member,,,,Male,,,,,,,,,,
West Champaran,Mainatand,Madhuri,Mainatand_27,Shriram Kumar,Suresh Sah,6205178967.0,EBC,Turaha,26.0,"- His mother remained mukhiya for two Terms.
- He is the incumbent ZP from Madhuri panchayat",BSC Member,,,,Male,,,,,,,,,,
West Champaran,Mainatand,Madhuri,Mainatand_27,Shriram Kumar,Suresh Sah,6205178967.0,EBC,Turaha,26.0,"- His mother remained mukhiya for two Terms.
- He is the incumbent ZP from Madhuri panchayat",BSC Member,,,,Male,,,,,,,,,,
Saran,Dariyapur,,No,उपेन्द्र कुमार राय,ज्ञानचंद राय,6205732327.0,OBC,Yadav,,"-He has been active in politics for 15 years,
- In 2006  his mother contested for Mukhiya, got 897 votes and secured 3rd position.
 -In 2017 he was ward sachiv and was selected as Prakhand Adhyakshya of the ward sachiv adhyakshya again in 2022 again he was selected as adhyakshya of ward sachiv Sangh
- In 2021 his wife contested for Zp and got 1850 votes and secured 3rd position in the counting list",Prakhand upadhyaksh,,,,Male,,,,,,,,,,
Saran,Dariyapur,,No,उपेन्द्र कुमार राय,ज्ञानचंद राय,6205732327.0,OBC,Yadav,,"-He has been active in politics for 15 years,
- In 2006  his mother contested for Mukhiya, got 897 votes and secured 3rd position.
 -In 2017 he was ward sachiv and was selected as Prakhand Adhyakshya of the ward sachiv adhyakshya again in 2022 again he was selected as adhyakshya of ward sachiv Sangh
- In 2021 his wife contested for Zp and got 1850 votes and secured 3rd position in the counting list",Prakhand Upadhyaksh,,,,Male,,,,,,,,,,
West Champaran,,Bagaha 2,Bagaha-II_3,Ajay Patel,शिवनाथ पटेल,6206753990.0,OBC,Kurmi,34.0,- He was the ZP Contestant & runner-up in 2021 panchayat elections.,DSC Member,,,,Male,,,,,,,,,,
West Champaran,,Bagaha 2,Bagaha-II_3,Ajay Patel,Shivnath Patel,6206753990.0,OBC,Kurmi,33.0,He was the ZP Contestant & runner-up in 2021 panchayat elections.,BSC Member,,,,Male,,,,,,,,,,
West Champaran,,Lauriya,No,Shamshad Ali,Late. Mansoor Ali,6207539935.0,,,,"Shamshad Ali |55| Male | Minority | Muslim

-Former ZP (2006-2011).
- Former Mukhiya(2016-2021).
- District Adhyaksh Nsui(1994).",Sangathan Zila Mahasachiv,,,,,,,,,,,,,,
West Champaran,,Lauriya,No,Shamshad Ali,Late. Mansoor Ali,6207539935.0,Minority,Muslim,55.0,"Shamshad Ali |55| Male | Minority | Muslim

-Former ZP (2006-2011).
- Former Mukhiya(2016-2021).
- District Adhyaksh Nsui(1994).",Sangathan Zila Mahasachiv,,,,,,,,,,,,,,
West Champaran,,Lauria,No,Shamshad Ali,Late. Mansoor Ali,6207539935.0,,,,"Shamshad Ali |55| Male | Minority | Muslim

-Former ZP (2006-2011).
- Former Mukhiya(2016-2021).
- District Adhyaksh Nsui(1994).",Sangathan Zila Mahasachiv,,,,,,,,,,,,,,
West Champaran,,Nautan,No,Dev kumar sahani,Ram ashrya sahani,6209709851.0,Mallah,EBC,50.0,"- Zp Contestant
- Contested for ZP elections in 2021 and lost
",BSC Member,,,,Male,,,,,,,,,,
West Champaran,,Nautan,No,Dev kumar sahani,Ram ashrya sahani,6209709851.0,Mallah,EBC,50.0,"- Zp Contestant
- Contested for ZP elections in 2021 and lost
",BSC Member,,,,Male,,,,,,,,,,
Saran,,,Maker_34,Ram Pukar Mehta,Satyanarayan Mehta,6299231250.0,EBC,Noniya,59.0,"-2 term Mukhiya from 2011-2021.
-Contested MLA election 2015(6600 votes), 2020(1500 votes).
-ZP contestant from Dariyapur seat no. 42 and got 3200 votes. 
-Former RJD EBC cell district president.",SCC-Member,,,,Male,,,,,,,,,,
Saran,,Taraiya,Taraiya_24,Shri Bhagwan Gupta,Late Asarti Lal,6299724148.0,EBC,Kanu,,"- ZP (2016-2021) 
- ZP contestant 2021 , Mukhiya Contestant 2001  
- JDU Prakhand Adhayaksh (2001-2005) ",Chief Spokeperson and Vice President,,,,Male,,,,,,,,,,
Saran,,Lahladpur,Lahladpur_1,अशरफ राजा खान,स्व. मोहम्मद कुद्दोस खान,7004667658.0,,,,"-Former CPIM Zila Sachiv in Saran District. 
-Started political career as a Student leader in SFI from Rajendra College.
-Former District President of SFI.
-Worked in Three Districts for Left Party Organizations. Contested BDC and ZP but lost",Sangathan Zila Mahasachiv,,,,,,,,,,,,,,
Saran,,Lahladpur,Lahladpur_1,अशरफ राजा खान,स्व. मोहम्मद कुद्दोस खान,7004667658.0,Minority,Muslim,45.0,"-Former CPIM Zila Sachiv in Saran District. 
-Started political career as a Student leader in SFI from Rajendra College.
-Former District President of SFI.
-Worked in Three Districts for Left Party Organizations. Contested BDC and ZP but lost",Sangathan Zila Mahasachiv,,,,Male,,,,,,,,,,
Gopalganj,,Manjha,Manjha_24,Nitu Pathak,Sanjeev Pathak,7004952492.0,General,Brahmin,40.0,"Anganwadi Sevika
- She contested ZP election in 2021 and secured around 1600 votes
- She runs SN Public SChool (Around 400 students)
",Prakhand Upadhyaksh,,,,Female,,,,,,,,,,
Gopalganj,,Manjha,Manjha_24,Nitu Pathak,Sanjeev Pathak,7004952492.0,General,Brahmin,40.0,"Anganwadi Sevika
- She contested ZP election in 2021 and secured around 1600 votes
- She runs SN Public SChool (Around 400 students)
",Prakhand Upadhyaksh,,,,Female,,,,,,,,,,
West Champaran,,Mainatand,Mainatand_26,Rehmatullah Ansari,Mohammad Serajul Ansari,7050210489.0,Minority,Muslim,40.0,"- Contested ZP elections from Area 26 and finished 2nd with 6366 votes
- He is a farmer by profession and is politically very active in the panchayat
- Secured second position through only a one-month campaign. He is a contractor of PR projects and also runs a furniture shop in Inawara Bazaar. ",BSC Member,,,,Male,,,,,,,,,,
West Champaran,,Mainatand,Mainatand_26,Rehmatullah Ansari,Mohammad Serajul Ansari,7050210489.0,Minority,Muslim,40.0,"- Contested ZP elections from Area 26 and finished 2nd with 6366 votes
- He is a farmer by profession and is politically very active in the panchayat
- Secured second position through only a one-month campaign. He is a contractor of PR projects and also runs a furniture shop in Inawara Bazaar. ",BSC Member,,,,Male,,,,,,,,,,
East Champaran,Chakia,,Chakia (Pipra)_35,विनोद सिंह,अखिलेश्वर प्रसाद सिंह,7070138282.0,General,Rajput,55.0,- ZP contested in 2011 and secured 2470 votes.,Prakhand Abhiyan Samiti Sanyojak,,,,Male,,,,,,,,,,
Saran,Garkha,,No,Ujjawal Kumar Kundan alias Mantu Sharma,Late. Devi Dayal Sharma,7070517025.0,EBC,Lohar,48.0,"-Former District Adhyaksh Jantantrik Vikas Party(2018-21).
-ZP runner-up, secured 7186 votes & ended up on 2nd position(2016)",DSC Member,,,,Male,,,,,,,,,,
Saran,Garkha,,No,Ujjawal Kumar Kundan alias Mantu Sharma,Late Devidayal Sharma,7070517025.0,EBC,Lohar,,"- ZP Runnerup in 2016 
-  Dist President Jantantrik Vikash Party ( 2018 to present )",Prakhand Mukhya Pravkata/upadhyaksh,,,,Male,,,,,,,,,,
Siwan,Maharajganj,,No,माया सिन्हा,जावेद रहमान,7250636630.0,Minority,भूमिहार,56.0,"- Ex ZP Member (2001 - 06)
- BJP District Adhyaksh of Women Cell ( 2006 -09)
-Professor, Basantpur College",DSC Member,,,,Female,,,,,,,,,,
,Nalanda,,No,Anil Kumar,,7261898056.0,OBC,Kurmi,49.0,"Anil Kumar | Male | 49 | OBC | Kurmi | Former Defacto ZP

-Former Defacto ZP, 2016 To 2021
-Former Defacto ZP Contestant, 2021
-Former Yuva Janta Dal Parkahnd Adhyaksh, 1996 to 1997
-Former RJD Yuva Parkhand  Adhyaksh , 1997 To 2001
-Former RJD Yuva Zila Upadyaksh, 2001 To 2015
",ACC,,,,Male,,,,,,,,,,
West Champaran,Ramnagar,,Ramnagar_18,Abhay Paswan,Ramdev Paswan,7320060186.0,,,,"Abhay Paswan | 40 | Male | SC | Dusadh

- ZP runner up (2021) Secured 4472 votes.
- Ex  Prakhand Adhyaksh Ramnagar Block of Jan Suraaj.",Sangathan Zila Yuva Adhyaksh,,,,,,,,,,,,,,
West Champaran,Ramnagar,,Ramnagar_18,Abhay Paswan,रामदेव पासवान,7320060186.0,SC,Dusad,32.0,- Zp runner up in 2021 - Prominent SC leader in his community,DSC Member,,,,Male,,,,,,,,,,
West Champaran,Ramnagar,,Ramnagar_18,Abhay Paswan,Ramdev Paswan,7320060186.0,SC,Dusadh,40.0,"ZP runner up (2021)
Secured 4472 votes",Prakhand Abhiyan samiti Sanyojak,,,,Male,,,,,,,,,,
West Champaran,Ramnagar,,Ramnagar_18,Abhay Kumar Paswan,,7320060186.0,SC,Paswan,33.0,"Abhay Kumar Paswanc | Male | 33 |  SC | Paswan | ZP Contestant

- Former Zila Parishad Contestent (2021), 4472 Votes
-Dairy Farm",ACC,,,,Male,,,,,,,,,,
Saran,,,No,Rajendra Prasad Rai,स्व ब्रज नंदन राय,7321021073.0,OBC,Yadav,62.0,"- Two time ZP. (2006-16)
- Former ZP Chairman.
- Social activist.",SCC-Member,,,,Male,,,,,,,,,,
Bhojpur,Ara,,Ara_25,Anil Kumar Ram,Ram Lal Ram,7323920517.0,,,,"Anil Kumar Ram | 56 | Male  | SC | Ravidas

- 2 term defacto BDC (2011-2016)
- Ex-ZP Runner-up (2016) (Lost by 32 votes)
- Dalit Sena Vice-President (2020-2022)",Sangathan Zila Mahasachiv,,,,,,,,,,,,,,
Bhojpur,Ara,,Ara_25,Anil Kumar Ram,Ram Lal Ram,7323920517.0,SC," Ravidas
",56.0,"Anil Kumar Ram | 56 | Male  | SC | Ravidas

- 2 term defacto BDC (2011-2016)
- Ex-ZP Runner-up (2016) (Lost by 32 votes)
- Dalit Sena Vice-President (2020-2022)",Sangathan Zila Mahasachiv,,,,Male,,,,,,,,,,
West Champaran,Ramnagar,,Ramnagar_19,Pappu Kumar,Dhrup Ram,7352708507.0,SC,Chamar,35.0,- ZP Sadasya (2016),BSC Member,,,,Male,,,,,,,,,,
West Champaran,Ramnagar,,Ramnagar_19,Pappu Kumar Ranjan,,7352708507.0,SC,Ravidas,34.0,"Pappu Kumar Ranjan | Male | 34 | SC | Ravidas | Former ZP

-Former ZP, 2016 To 2021 , Got 8335 Votes
-Former ZP Contestant, Got 6035 Votes
-Former ZP Yojna Samiti Member, 2016 To 2021
-Mother Was Ward Member, 2001 To 2006
- Younger Sister is Incumbent Mukhiya, 2016 To Till Date
-Father In Law Was Mukhiya , 2016 To 2021 
-Contractor Civil",ACC,,,,Male,,,,,,,,,,
West Champaran,Narkatiaganj,,No,Abu Bakar,नूर आलम,7352771222.0,General,Shaikh,35.0,"ZP election contested in 2021 andsecured 4000 votes
- He runs a School { Katahri Public School }
-There are 950 students - Prominante face in Muslim community""",DSC Member,Call Connected,Congress party me hai .,Not Interested,Male,,17.0,,,,,,,,
West Champaran,Narkatiyaganj,,No,Abu Bakar,नूर आलम,7352771222.0,General,Shaikh,35.0,"ZP election contested in 2021 andsecured 4000 votes
- He runs a School { Katahri Public School }
-There are 950 students - Prominante face in Muslim community""",DSC Member,,,,Male,,,,,,,,,,
West Champaran,Chanpatia,,No,Chandra Mohan Tiwari,"Late Braj kishor
Tiwari",7352827422.0,General,Brahmin,55.0,"-ZP Runner up (2001)
- Deputy President of Bihar Pradesh Rajpatrik Karamchari Mahasangh & Kisan Vibhag Sangh
- Advocate & works in Bettiah court
-Younger brother is currently Sarpanch from Purbi Turahapati
-Good influence over a community and caste
- Good image in public as he is very polite and helpful for all community and caste",Prakhand Mahasachiv,,,,Male,,,,,,,,,,
West Champaran,Chanpatia,,No,Chandra Mohan Tiwari,,7352827422.0,General,Brahmin,58.0,"Chandra Mohan Tiwari | Male | 58 | General | Brahmin | Foremr ZP Contestant

-Former ZP Contestant(2001), Got 7000 Votes
-Former Congress District Committee Member(2006 to 2011)
-Former Congress District Youth Committee Member(1995 to 2001)
-Former NSUI District Vice President(1988 to 1995)
-Jan Suraaj Sanghtan Mahsachiv",ACC,,,,Male,,,,,,,,,,
West Champaran,Chanpatia,,No,Chandra Mohan Tiwari,"Late Braj kishor
Tiwari",7352827422.0,General,Brahmin,55.0,"-ZP Runner up (2001)
- Deputy President of Bihar Pradesh Rajpatrik Karamchari Mahasangh & Kisan Vibhag Sangh
- Advocate & works in Bettiah court
-Younger brother is currently Sarpanch from Purbi Turahapati
-Good influence over a community and caste
- Good image in public as he is very polite and helpful for all community and caste",Prakhand Mahasachiv,,,,Male,,,,,,,,,,
West Champaran,Chanpatia,,No,Chandra Mohan Tiwari,,7352827422.0,General,Brahmin,58.0,"Chandra Mohan Tiwari | Male | 58 | General | Brahmin | Foremr ZP Contestant

-Former ZP Contestant(2001), Got 7000 Votes
-Former Congress District Committee Member(2006 to 2011)
-Former Congress District Youth Committee Member(1995 to 2001)
-Former NSUI District Vice President(1988 to 1995)
-Jan Suraaj Sanghtan Mahsachiv",ACC,,,,Male,,,,,,,,,,
Siwan,Daraundha,,No,Dilip Kumar Ram,Late Ram Parojan Ram,7352855074.0,SC,Chamar,50.0,"-2 Term BDC runner-up 2016 and 2021
-Ex-JDU Jila Mahasachiv of SC/ST shell
-Mukhiya runner-up 2011 
-ZP runner-up (2006)",Prakhand Upadhyaksh,,,,Male,,,,,,,,,,
Siwan,Daraundha,,No,Dilip Kumar Ram,Late Ram Parojan Ram,7352855074.0,SC,Chamar,,"-2 Term BDC runner-up 2016 and 2021
-Ex-JDU Jila Mahasachiv of SC/ST shell
-Mukhiya runner-up 2011 
-ZP runner-up (2006)",Prakhand Upadhyaksh,,,,Male,,,,,,,,,,
West Champaran,Ramnagar,,Ramnagar_18,Sahodri Devi,गार्जन राम,7366817340.0,SC,Ram,50.0,"-Ex-ZP member associated with JAP (2001-2006)
-ZP Runner-up (2006)
-Joined JAP in 2012, left in 2015 due to ticket issues.
-Influential in 9 panchayats, particularly with women.
-Stable financial background from profitable agriculture.",DSC Member,,,,Female,,,,,,,,,,
West Champaran,Ramnagar,,Ramnagar_18,Sahodari Devi,,7366817340.0,SC,Chamar,72.0,"Sahodari Devi | Female | 72 | SC | Chamar | MLA Contestant

-Former MLA Contestant, 2010, Ramnagar Constituency, 29000 Votes
-Former ZP Member, 2001 To 2006
-Former ZP Contesatant, 2021, Got 5500 Votes
-Former BDC Contestant, 2016, Got 300 Votes
-Jan Suraaj Mahila Pradesh Upadhyaksh

",ACC,,,,Female,,,,,,,,,,
East Champaran,Kesaria,,Kesaria_31,Jamshed Khan,Late Mohibulla Khan,7372064769.0,,,,"Jamshed Khan| 45| Male| Minority

Incumbent three terms Defacto Sarpanch(2006, 11, and 2021)
-Former BDC(2001-2006)
-ZP contestant, secured 3000 Votes(2016)",Sangathan Zila Mahasachiv,,,,,,,,,,,,,,
East Champaran,Kesaria,,Kesaria_31,Jamshed Khan,Late Mohibulla Khan,7372064769.0,Minority,Minority,45.0,"Jamshed Khan| 45| Male| Minority

Incumbent three terms Defacto Sarpanch(2006, 11, and 2021)
-Former BDC(2001-2006)
-ZP contestant, secured 3000 Votes(2016)",Sangathan Zila Mahasachiv,,,,Male,,,,,,,,,,
East Champaran,Kesariya,,Kesaria_31,जमशेद खान,मोहिबुल्लाह खान,7372064769.0,Minority,Muslim,42.0,"-3rd time De-facto Sarpanch(2006, 11, and 2021)
-Former BDC(2001-2006)
-ZP contestant, secured 3000 Votes(2016)
-RJD ",Prakhand Adhyaksh,,,,male,,,,,,,,,,
Saran,गरखा,,No,Devendra Manjhi,,7481912720.0,SC,Dusadh,62.0,"-ZP contestant 2006 & 2011, secured 4370 & 5500 votes.
 -Worked as PA of ex- MLA Raghunandan Manjhi in 1980s.",Block Prabhari,,,,Male,,,,,,,,,,
Saran,Garkha,,No,Devendra Manjhi,Late. Mangal Ram,7481912720.0,SC,Dusadh,62.0,"-ZP contestant 2006 & 2011, secured 4370 & 5500 votes.
-Worked as PA of Raghunandan Manjhi in 1980s.",DSC Member,,,,Male,,,,,,,,,,
West Champaran,Chanpatia,,No,MD Salman Aziz,मंसूर आलम,7488138523.0,OBC,Muslim,28.0,- ZP runner up (2021),DSC Member,,,,Male,,,,,,,,,,
West Champaran,Chanpatia,,No,MD Salman Aziz,मंसूर आलम,7488138523.0,OBC,Muslim,28.0,- ZP runner up (2021),DSC Member,,,,Male,,,,,,,,,,
East Champaran,Areraj,,Areraj_9,Rajan Rai/ Rajesh rai,Late Uday Narayan Rai,7488462401.0,,,,"Rajan Rai|49| Male| Gen|Bhumihaar

- Social worker, Prominent Bhumihar name of the Assembly
- ZP Runner Up in 2016 elections
- Came 3rd in 2021 ZP elections
- Comes from one of the most politically active families of the block

OR

",Sangathan Zila Mahasachiv,,,,,,,,,,,,,,
East Champaran,Areraj,,Areraj_9,Rajan Rai,Late Uday Narayan Rai,7488462401.0,Gen,Bhumihaar,49.0,"Rajan Rai|49| Male| Gen|Bhumihaar

- Social worker, Prominent Bhumihar name of the Assembly
- ZP Runner Up in 2016 elections
- Came 3rd in 2021 ZP elections
- Comes from one of the most politically active families of the block

OR

",Sangathan Zila Mahasachiv,,,,Male,,,,,,,,,,
East Champaran,Areraj,,Areraj_9,Rajesh Kumar alias Rajan Rai,Late Uday Narayan Rai,7488462401.0,General,Bhumihar,49.0,"- Social worker, Prominent Bhumihar name of the Assembly
- ZP Runner Up in 2016 elections
- Came 3rd in 2021 ZP elections
- Comes from one of the most politically active families of the block",DSC Member,,,,Male,,,,,,,,,,
East Champaran,Govindganj,,Areraj_9,Rajesh Kumar Urf Rajan Rai,,7488462401.0,General,Bhumihar,51.0,"Rajesh Kumar Urf Rajan Rai | Male | 51 | General | Bhumihar |RJD District General Secretary

-Former RJD District General Secretary(2005 to 2009
-Former 2 Terms Defacto ZP Contestant(2021, got 3501 votes & 2016 , got 6500 Votes)
-Jan Suraaj District Committee Member
-Agriculture
-Social Worker(Provide Financaial Support to more than 144  Poor Patients
-Provide Financial Help to Students and Farmer",ACC,,,,Male,,,,,,,,,,
West Champaran,Mainatand,,Mainatand_26,Akhileshwar Prasad urf Jhunnu,Late. Hariraj Prasad,7488679469.0,,,,"Akhileshwar Prashad Alias Jhunnu | 41 | Male | EBC | Rauniyar 

- Two Times Incumbent Defacto ZP (2016 - Present).
- Contested MLA election from Bhartiye Panchayat Party secured 3312 votes.",Sangathan Zila Adhyaksh,,,,,,,,,,,,,,
West Champaran,Mainatand,,Mainatand_26,Akhileshwar Prasad urf Jhunnu,Late. Hariraj Prasad,7488679469.0,EBC,Rauniyar,41.0,"Akhileshwar Prashad Alias Jhunnu | 41 | Male | EBC | Rauniyar 

- Two Times Incumbent Defacto ZP (2016 - Present).
- Contested MLA election from Bhartiye Panchayat Party secured 3312 votes.",Sangathan Zila Adhyaksh,,,,,,,,,,,,,,
West Champaran,Sikta,,Mainatand_26,Akhileshwar Prasad,,7488679469.0,Samri Vaishya,"Incumbent Defacto ZP

-Former MLA Contestant, Sikta , Indepenndent, 2020, Got 3500 Votes
-Incumbent Defacto ZP, 2021 To Till Date
-Former ZP , 2016 To 2021
-Jan Suraaj Zila Sanghatan Adhyaksh",,"Akhileshwar Prasad | 50 | EBC | Samri Vaishya | Incumbent Defacto ZP

-Former MLA Contestant, Sikta , Indepenndent, 2020, Got 3500 Votes
-Incumbent Defacto ZP, 2021 To Till Date
-Former ZP , 2016 To 2021
-Jan Suraaj Zila Sanghatan Adhyaksh ",ACC,,,,50.0,,,,,,,,,,
West Champaran,Mainatand,,Mainatand_26,Akhileshwar Prasad urf Jhunnu,Late. Hariraj Prasad,7488679469.0,,,,"Akhileshwar Prashad Alias Jhunnu | 41 | Male | EBC | Rauniyar 

- Two Times Incumbent Defacto ZP (2016 - Present).
- Contested MLA election from Bhartiye Panchayat Party secured 3312 votes.",Sangathan Zila Adhyaksh,,,,,,,,,,,,,,
West Champaran,Sikta,,Mainatand_26,Akhileshwar Prasad,,7488679469.0,,,EBC,"Akhileshwar Prasad | 50 | EBC | Samri Vaishya | Incumbent Defacto ZP

-Former MLA Contestant, Sikta , Indepenndent, 2020, Got 3500 Votes
-Incumbent Defacto ZP, 2021 To Till Date
-Former ZP , 2016 To 2021
-Jan Suraaj Zila Sanghatan Adhyaksh ",ACC,,,,50.0,,,,,,,,,,
West Champaran,Bagaha 2,,No,Rajesh Oraon,स्व. बुन्नी उराँव,7488815103.0,ST,Uraon,43.0,"- He is Ex- Mukhiya 2011, - Ex-MLA candidate 2005 , ZP Runnerup 2016, Mukhiya Contestant 2021
- Former Adhyaksh of West Champaran Oraon Sangh 2002-2022
- In 2005, contested MLA Election from Ramnagar AC on SP ticket & scored 2735 votes, 7th position.",DSC Member,,,,Male,,,,,,,,,,
West Champaran,Bagaha 2,,No,Rajesh Uraon,Late Banni Mahto,7488815103.0,ST,Uraon,43.0,"- He is Ex- Mukhiya 2011, - Ex-MLA candidate 2005 , ZP Runnerup 2016, Mukhiya Contestant 2021
- Former President of West Champaran Oraon Sangh 2002-2022
- In 2005, contested MLA Election from Ramnagar AC on SP ticket & scored 2735 votes, 7th position.",Prakhand Pravkta,,,,Male,,,,,,,,,,
Siwan,Guthani,,No,"अंकेश राम ""शंभु राम""",स्व. शारदानंद राम,7520181610.0,SC,Chamar,32.0,"- ZP Runner Up Candidate from Guthni ( 2011) , ZP Contestant ( 2016) - Vice Chairman Contestant of Guthni Nagar Panchayat (2021) - Previously Associated with CPI( ML)",DSC Member,,,,Male,,,,,,,,,,
Siwan,Guthani,,No,Ankesh ram/Sambhu Ram,Lt Sharda Ram,7520181610.0,SC,,33.0,"Zp Runner up 2011-2016.
Zp 2nd runner up 2016-2021.
Vice chairman Contetstent Guthani nagar panchayat.",BSC Member,,,,Male,,,,,,,,,,
Siwan,,,Pachrukhi_23,Jai Karan Mahato,Dhuman Mahato,7549316423.0,,,,"Jai Karan Mahto | 45 | Male | EBC | Noniya 

-Former ZP (2016-21)got more than 7000 votes
-ZP runnerup in (2021)
-Former Block Secretary of CPI(ML) (2015-19)
-  Barhariya Vidhansabha Secretary of CPI (ML) in the 2020 assembly election
-Prominent Nonia Name",Zila Abhiyan Samiti Sanyojak,,,,,,,,,,,,,,
Siwan,Panchrukhi,,Pachrukhi_23,Jai Karan Mahato,Dhuman Mahato,7549316423.0,EBC,Noniya,45.0,"Jai Karan Mahto | 45 | Male | EBC | Noniya 

-Former ZP (2016-21)got more than 7000 votes
-ZP runnerup in (2021)
-Former Block Secretary of CPI(ML) (2015-19)
-  Barhariya Vidhansabha Secretary of CPI (ML) in the 2020 assembly election
-Prominent Nonia Name",Zila Abhiyan Samiti Sanyojak,,,,Male,,,,,,,,,,
West Champaran,Lauriya,,No,Nandkishor Paswan,Late Shankar Pashwan,7667153277.0,SC,Dusadh,24.0,"He is a currently Sarpanch of Belwa Lakhapur panchayat. Passed matriculation in 2015 and intermediate in 2017. Then Became Sarpanch for the first time in 2021 with 1074 votes.
He is planning to contest ZP elections in the next elections. (reserved seat)
Good hold in youth of the panchayat.",BSC Member,,,,Male,,,,,,,,,,
West Champaran,Lauriya,,No,Nandkishor Paswan,Late Shankar Pashwan,7667153277.0,SC,Dusadh,24.0,"He is a currently Sarpanch of Belwa Lakhapur panchayat. Passed matriculation in 2015 and intermediate in 2017. Then Became Sarpanch for the first time in 2021 with 1074 votes.
He is planning to contest ZP elections in the next elections. (reserved seat)
Good hold in youth of the panchayat.",BSC Member,,,,Male,,,,,,,,,,
Saran,Taraiya,,Taraiya_24,Dipendra Sah,Late Yogendra Prasad,7667185766.0,EBC,Kanu,,- ZP Contestant seat no.24 Taraiya,Abhiyan Sangogak,,,,Male,,,,,,,,,,
Siwan,Guthani,,No,सतीश चंद यादव,स्व. पृथ्वी चंद यादव,7667742237.0,OBC,Yadav,34.0,"De Facto Former ZP of Guthani
Prominent Travel Business Owner in Guthani Block
His father in law is a prominent social worker in Guthani, who has helped numerous girls with their marriages.",DSC Member,,,,Male,,,,,,,,,,
Siwan,Guthani,,No,Satish Chand Yadav,Lt Prithvi Chand Yadav,7667742237.0,OBC,Yadav,34.0,"De Facto Former ZP of Guthani
Prominent Travel Business Owner in Guthani Block
His father in law is a prominent social worker in Guthani, who has helped numerous girls with their marriages.",BSC Member,,,,Male,,,,,,,,,,
West Champaran,Sikta,,Sikta_28,Noor Mohammad,,7739973340.0,Minority,Muslim,68.0,"-Incumbent ZP (2021 till date)
 -Renowned Homeopathy Doctor",Block Prabhari,,,,Male,,,,,,,,,,
East Champaran,Mehsi,,Mehsi_57,Deepak Ram,Mahesh Ram,7759886980.0,SC,Ram,28.0,"Medical Practioner, Founder President of Son of Chamar and ZP contestant
got 2nd position in last election",BSC Member,,,,Male,,,,,,,,,,
Bhojpur,Sheikhpura,,No,Ajay Kumar,,7762969679.0,EBC,Nonia,55.0,"Ajay Kumar | Male | 55 | EBC | Nonia | Former MLA Contestant

-Jan Suraaj State Core Committee Member
-Former Assembly Election Contestant(JAP), 2020,got 3500 votes
-Former ZP Member (2016 to 2020)
-Former JAP EBC Cell Pradesh Adhyaksh(2020 to 2024)
-Former SP District President(2015 to 2017)
-Former District Planning Committe Member  ,Sheikhpura (2016 to 2020)",ACC,,,,Male,,,,,,,,,,
Saran,Chhapra Sadar,,No,Raj Kishor Mahato,Late Shivnath Mahato,7765088835.0,EBC,Dhanuk,,- ZP Contestant 2010,Prakhand upadhyaksh,,,,Male,,,,,,,,,,
Saran,Chhapra Sadar,,No,Raj Kishor Mahato,Late Shivnath Mahato,7765088835.0,EBC,Dhanuk,,- ZP Contestant 2010,Prakhand Upadhyaksh,,,,Male,,,,,,,,,,
West Champaran,Ramnagar,,No,Dharmendra ram,स्व. वृक्ष राम,7766850501.0,SC,Ravidas Chamar,38.0,"-His Wife Rina Devi has contested for Zilla Parishad(ZP) Elections 2021 and secured 2959 votes from Ramnagar Block, - He is an ex-ward member(2016-2021) of Sonkhar Panchayat.",DSC Member,,,,Male,,,,,,,,,,
West Champaran,Ramnagar,,No,Dharmendra ram,Late Vriksha Ram,7766850501.0,SC,Ravidas Chamar,38.0,"-His Wife Rina Devi has contested for Zilla Parishad(ZP) Elections 2021 and secured 2959 votes from Ramnagar Block, 
- He is an ex-ward member(2016-2021) of Sonkhar Panchayat.",BSC Member,,,,Male,,,,,,,,,,
Saran,Amnour,,No,संजीत सिंह,महेश सिंह,7779889227.0,,,,"-Chairman FPO Amnour since 2020
-General Secretary Bodh Vihar Mahila Vikas Sansatha since 2013.
-ZP contestant bhag-3 Amnour.",Sangathan Zila Mukhya Pravakta,,,,,,,,,,,,,,
Saran,Amnour,,No,संजीत सिंह,महेश सिंह,7779889227.0,General,भूमिहार,40.0,"-Chairman FPO Amnour since 2020
-General Secretary Bodh Vihar Mahila Vikas Sansatha since 2013.
-ZP contestant bhag-3 Amnour.",Sangathan Zila Mukhya Pravakta,,,,Male,,,,,,,,,,
West Champaran,Majhauliya,,No,Mohsin Alam,स्व. शेख मो. यूनुस,7781057505.0,Minority,Muslim,74.0,- He was the ZP Member Contestant in 2006 and 2011 and both times holds the second position. - He is into farming activity and is a Zamindar of the Panchayat. - He is a well-known and respected person in the Muslim and Hindu religions of the block.,DSC Member,,,,Male,,,,,,,,,,
West Champaran,Majhaulia,,No,Mohsin Alam,स्व. शेख मो. यूनुस,7781057505.0,Minority,Muslim,74.0,- He was the ZP Member Contestant in 2006 and 2011 and both times holds the second position. - He is into farming activity and is a Zamindar of the Panchayat. - He is a well-known and respected person in the Muslim and Hindu religions of the block.,DSC Member,,,,Male,,,,,,,,,,
West Champaran,Nautan,,No,Lalbabu Sahani,रोगी चौधरी,7781077783.0,EBC,Mallah,56.0,"He is the Ex- CPI- ML Leader Bihar state commetee Pravakta, ZP Runner up -2001 lost by 13 votes. Mukhiya Runner up- 2006",DSC Member,,,,Male,,,,,,,,,,
West Champaran,Nautan,,No,Lalbabu Sahani,रोगी चौधरी,7781077783.0,EBC,Mallah,56.0,"He is the Ex- CPI- ML Leader Bihar state commetee Pravakta, ZP Runner up -2001 lost by 13 votes. Mukhiya Runner up- 2006",DSC Member,,,,Male,,,,,,,,,,
Saran,Ishuapur,,No,बब्बन प्रसाद,स्व. गोरख राउत,7781907681.0,EBC,बिंद,,"-Ex Zila Sachiv Ati Pichda Prakosht JDU (2005-2021)
-ZP winner 2006 but due to re-elections he was runner up. 
-Strong hold among Bind community. ",Prakhand upadhyaksh,,,,Male,,,,,,,,,,
Saran,Ishuapur,,No,बब्बन प्रसाद,स्व. गोरख राउत,7781907681.0,EBC,बिंद,,"-Ex Zila Sachiv Ati Pichda Prakosht JDU (2005-2021)
-ZP winner 2006 but due to re-elections he was runner up. 
-Strong hold among Bind community. ",Prakhand Upadhyaksh,,,,Male,,,,,,,,,,
Saran,Mashrakh,,Mashrakh_27,Aslam Alam,Isha Miyan,7857051157.0,Minority,Muslim,38.0,-ZP runner up in 2021 got 4300+ vote,DSC Member,,,,Male,,,,,,,,,,
Saran,Mashrakh,,Mashrakh_27,Aslam Alam,Isa Miya,7857051157.0,Minority,Muslim,,"ZP runner up in 2021 got 4300+ vote
BDC 2011 - runner up",Pravkata,,,,Male,,,,,,,,,,
West Champaran,Narkatiaganj,,No,प्रदीप कुमार गौतम,हरेन्द्र हरिजन,7870517734.0,SC,Chammar,35.0,"- His father Harendra Harijan contested the ZP election 2  times (2021, 2016), Area No. 23.
- Harinder Harijan was the headmaster of a Middle School in Manwa Parsi Panchayat.
- He runs a Gas Agency named Ujjwal Bharat Gas Agency in Sikta.
- In the 2016 ZP election he was in second position and in 2021 he was in third position.
- His son Pradeep Kumar Gautam will contest for ZP Member election this time from Sikta Block. ",BSC Member,Out Of Network,,,Male,,,,,,,,,,
West Champaran,Narkatiyaganj,,No,प्रदीप कुमार गौतम,हरेन्द्र हरिजन,7870517734.0,SC,Chammar,35.0,"- His father Harendra Harijan contested the ZP election 2  times (2021, 2016), Area No. 23.
- Harinder Harijan was the headmaster of a Middle School in Manwa Parsi Panchayat.
- He runs a Gas Agency named Ujjwal Bharat Gas Agency in Sikta.
- In the 2016 ZP election he was in second position and in 2021 he was in third position.
- His son Pradeep Kumar Gautam will contest for ZP Member election this time from Sikta Block. ",BSC Member,,,,Male,,,,,,,,,,
Siwan,गोरियाकोठी,,No,Ram Dular Verma,,7903164910.0,OBC,Kushwaha,48.0,"- Ex District Convenor of JS Abhiyaan Samiti
 - Incumbent ZP of Goriyakothi (2021-Present)
 - Former Kisan Morcha District President JDU since 2021.
 - ZP Runner Up in 2016 got 6200 Votes.
 - Former RLSP District President and JDU Yuva Morcha President from 2006-07",Block Prabhari,,,,Male,,,,,,,,,,
Siwan,Goriakothi,,No,Ramdular Verma,,7903164910.0,OBC,Kushwaha,,"Ramdular Verma | Male | 49 | OBC | Kushwaha | Incumbentt ZP

-Incumbent Zila Parishad
-Former ZP Runner UP ( 10000 Votes in 2016)
-Former JDU District President ( Kisan cell 2020-2022)
-Former RLSP  District President (2018-2020)
-Former RLSP State Secratory (2014-2016)
-Jansuraaj Abhiyan Samiti District Coordinator
",ACC,,,,Male,,,,,,,,,,
Buxar,Biharsharif,,No,Binod Kumar,,7903228254.0,OBC,Kurmi,56.0,"Binod Kumar | Male | 56 | OBC | Kurmi | Incumbent Defacto ZP

-Incumbent Defacto ZP, 2021 To Till Date
-Former MLA Contestant, Harnaut Constituency , Independent, 1995
-Former Mukhiya , 2006 To 2011
-Former Mukhiya Contestant, 2001, 
-Former JDU Prakhand Adhyaksh, 2015 To 2022",ACC,,,,Male,,,,,,,,,,
West Champaran,Nautan,,No,Archana Devi,Ramesh chandra sinha,7903568151.0,Srivastav,Gen,50.0,"- Sarpanch contestant
- Contested for ZP elections in 2011 and lost by 1500 votes
- Contested for sarpanch elections in 2021 and lost",BSC Member,,,,Female,,,,,,,,,,
West Champaran,Nautan,,No,Archana Devi,Ramesh chandra sinha,7903568151.0,Srivastav,Gen,50.0,"- Sarpanch contestant
- Contested for ZP elections in 2011 and lost by 1500 votes
- Contested for sarpanch elections in 2021 and lost",BSC Member,,,,Female,,,,,,,,,,
Saran,Chhapra Sadar,,No,Kamlesh sah,Rajendra Prasad Gupta,7903735340.0,OBC,Bania,,"-PACS for consecutive two terms (2014 -current)
-Defeated the Amar Rai ( ZP Chairman ) candidate in 2014.",Abhiyaan Samiti Sanyojak,,,,Male,,,,,,,,,,
West Champaran,Nautan,,No,Vikas Kumar,Gopal Prasad,7979751588.0,OBC,Kanu,30.0,"- ZP contestant (2021)
- BA, B.ed from UP",BSC Member,,,,Male,,,,,,,,,,
West Champaran,Nautan,,No,Vikas Kumar,Gopal Prasad,7979751588.0,OBC,Kanu,30.0,"- ZP contestant (2021)
- BA, B.ed from UP",BSC Member,,,,Male,,,,,,,,,,
Siwan,Siwan Sadar,,Pachrukhi_21,अनिमेष रमण,अनिल कुमार पांडेय,7990722144.0,General,Brahmin,28.0,- ZP Contestant from Pachrukhi ( Secured 3331 vote) -His Grandfather Late Abhay Pandey is Former Runner Up MLA Candidate from Ziradei in 1984 as a Independent Candidate. - Owner of CSP ( AAA Online Service),DSC Member,,,,Male,,,,,,,,,,
Siwan,Siwan Sadar,,Pachrukhi_21,Animesh Raman,Anil Kumar Pandey,7990722144.0,General,Brahmin,29.0,"- Contested for ZP from Pachrukhi Block in 2021 and recieved 3300 votes
- Runs a CSC centre on hospital road,Siwan",BSC Member,,,,Male,,,,,,,,,,
Gopalganj,Sahebganj,,No,Dr Meera Kaumudi,,7992325717.0,OBC,Sonar,70.0,"Dr Meera Kaumudi | Female | 70 | OBC | Sonar | MLA Contestant

-Former MLA Contestant 2020 Plurals Party - 5000 votes
-Former ZP Contestant 2016- 4000 votes
-Former BJP Mahila Morcha Pradesh Upadhyaksh(1995 to 2019)
-Former Pradesh Adhyaksh of Plurals Party(2020 to 2024)
-Retired Head Master(Govt)
-Received Inkalabi Freedom Fighter  Bhuramal Sharma Smriti Samman-2014
-Received Lok Nayak Sant Tulsi Samman(2013)
-Received Saarthi awards by Vice Chancelor of Bihar University, 1997
-President of NGO Aparajita (1997 to Till Date)
-President of NGO Shraddha (1997 to Till Date)",ACC,,,,Female,,,,,,,,,,
West Champaran,Yogapatti,,No,Abulaish Mansuri,Md Gazi,7992444325.0,Minority,Muslim,29.0,"- Incumbet Defecto Mukhiya 
-His mother was 2 times Block Pramukh 2001,2011
- His father was ZP seat no 14",BSC Member,,,,Male,,,,,,,,,,
West Champaran,Yogapatti,,No,Abulaish Mansuri,Md Gazi,7992444325.0,Minority,Muslim,29.0,"- Incumbet Defecto Mukhiya 
-His mother was 2 times Block Pramukh 2001,2011
- His father was ZP seat no 14",BSC Member,,,,Male,,,,,,,,,,
West Champaran,Nautan,,No,Bandhu Nath Dubey,,8002071090.0,General,Brahmin,55.0,"Bandhu Nath Dubey | Male | 55 | General | Brahmin | MLA Contestant

-Former MLA Contested From Nautan Constituency (Feb 2005),Independent, Got 3rd Position with 8500 votes 
-Former ZP Member 2006 to 2011
-Jan Suraaj Block President",ACC,,,,Male,,,,,,,,,,
West Champaran,Nautan,,No,Bandhu Nath Dubey,,8002071090.0,General,Brahmin,55.0,"Bandhu Nath Dubey | Male | 55 | General | Brahmin | MLA Contestant

-Former MLA Contested From Nautan Constituency (Feb 2005),Independent, Got 3rd Position with 8500 votes 
-Former ZP Member 2006 to 2011
-Jan Suraaj Block President",ACC,,,,Male,,,,,,,,,,
West Champaran,Narkatiaganj,,No,Reena Devi,,8002174567.0,EBC,Kumhar,39.0,"Reena Devi | Female | 39 | EBC | Kumhar | Block Pramukh

-Former ZP Contesatnt 2021 To Till Date
-Former 2 Terms Panchayat Samiti (2016 To 2021)
-Former Block Pramukh(2016 To 2021)
-Former Ward Member, 2001 To 2006
-Former BJP Nagar Uapdhyaksh, Mahila Cell
-Former LJP Pradesh Upadhyaksh, Mahila Cell
-Jan Suraaj Mahila Zila Sanghatan Adhyaksh
",ACC,No Incoming ,,,Female,,,,,,,,,,
West Champaran,Narkatiaganj,,No,Reena Devi,,8002174567.0,EBC,Kumhar,39.0,"Reena Devi | Female | 39 | EBC | Kumhar | Block Pramukh

-Former ZP Contesatnt 2021 To Till Date
-Former 2 Terms Panchayat Samiti (2016 To 2021)
-Former Block Pramukh(2016 To 2021)
-Former Ward Member, 2001 To 2006
-Former BJP Nagar Uapdhyaksh, Mahila Cell
-Former LJP Pradesh Upadhyaksh, Mahila Cell
-Jan Suraaj Mahila Zila Sanghatan Adhyaksh
",ACC,,,,Female,,,,,,,,,,
Siwan,Maharajganj,,No,Sanjit Prasad,Awadhesh Prasad,8002425336.0,OBC,Kushwaha,37.0,"- Incumbent defacto Mukhiya
- ZP contestant (2011), lost by 135 votes
- In 2016 Mukhiya Runnerup, lost by 44 votes",BSC Member,,,,,,,,,,,,,,
East Champaran,Chakia,,No,"Vinod Singh
",Late Rajmangal Singh,8083792656.0,,,,"Vinod Singh | 55 | Male| General | Rajput 

- Prakhand Abhiyan Samiti Sanyojak
- Contested ZP elections in 2011, securing 2470 votes",Sangathan Zila Mukhya Pravakta,,,,,,,,,,,,,,
East Champaran,Chakia,,No,"Vinod Singh
",Late Rajmangal Singh,8083792656.0,Gen,Rajput,55.0,"Vinod Singh | 55 | Male| General | Rajput 

- Prakhand Abhiyan Samiti Sanyojak
- Contested ZP elections in 2011, securing 2470 votes",Sangathan Zila Abhiyan Samiti Sanyojak,,,,Male,,,,,,,,,,
Rohtas,Dinara,,Dinara_4,Kanhaiya Sharma,Late Babu Ram Sharma,8084655201.0,,,,"Kanhaiya Sharma|Male| 65|Nai|
 
Former RJD EBC Cell State Secretary
Former Dalit sena Adhyaksh (Rohtas)
Former JDU District secretary
20 Sutri adhyaksh (Dinara) 
Independent MLA Contestant in 1990 (Got 3000 Vote)
ZP Contestant 2016 and 2021 (Got 3000 And 6500 Vote)",Zila Abhiyan Samiti Sanyojak,,,,,,,,,,,,,,
Rohtas,Dinara,,Dinara_4,Kanhaiya Sharma,Late Babu Ram Sharma,8084655201.0,EBC,Nai,65.0,"Kanhaiya Sharma|Male| 65|Nai|
 
Former RJD EBC Cell State Secretary
Former Dalit sena Adhyaksh (Rohtas)
Former JDU District secretary
20 Sutri adhyaksh (Dinara) 
Independent MLA Contestant in 1990 (Got 3000 Vote)
ZP Contestant 2016 and 2021 (Got 3000 And 6500 Vote)",Zila Abhiyan Samiti Sanyojak,,,,Male,,,,,,,,,,
Rohtas,दिनारा,,Dinara_4,Kanhaiya Sharma,,8084655201.0,EBC,Nai,70.0,"Kanhaiya Sharma | 70 | Male | EBC | Nai
 -Ex RJD EBC Cell State Secretary- 2016-20
 -Former JDU District Secretary, 2000- 2001
 Former Dalit sena Zila Adhyaksh (Rohtas), 1993- 1994
 20 Sutri adhyaksh (Dinara) - 1993- 1999
 Independent MLA Contestant in 1990 (Got 3000 Vote)
 ZP Contestant 2016 and 2021 (Got 3000 And 6500 Vote respectively)
 Former BDC- 1978- 1982",Block Prabhari,,,,Male,,,,,,,,,,
East Champaran,Tetariya,,No,Shamshul Hoda,Md. Idhrish Ansari,8084708219.0,Minority,Muslim,43.0,- Incumbent defecto ZP- 2021,BSC Member,,,,Male,,,,,,,,,,
East Champaran,Banjariya,,Banjariya_22,Dinesh Prasad,Late Saral Shah,8084724838.0,EBC,Teli,50.0,"- ZP Contestant( 2016- Runner Up , 2021-3rd) and secured around 4000 votes
- Contested Mukhiya Elections in 2001 from Rohiniya Panchayat and Panchayat Samiti in 2006",Prakhand upadhyaksh,,,,Male,,,,,,,,,,
East Champaran,Banjariya,,Banjariya_22,Dinesh Prasad,Late Saral Shah,8084724838.0,EBC,Teli,,"- ZP Contestant( 2016- Runner Up , 2021-3rd) and secured around 4000 votes
- Contested Mukhiya Elections in 2001 from Rohiniya Panchayat and Panchayat Samiti in 2006",Prakhand Upadhyaksh,,,,Male,,,,,,,,,,
Siwan,,,Siwan_15,Madhuri Kushwaha,Arun Kumar Singh,8130254298.0,OBC,Kushwaha,36.0,"- ZP Runner Up
- Belongs to Prominent Kushwaha family of Siwan",SCC-Member,,,,Female,,,,,,,,,,
Siwan,Siwan,,Siwan_15,Madhuri Singh Kushwaha,,8130254298.0,OBC,Kushwaha,33.0,"Madhuri Singh Kushwaha | Female | 33 | OBC | Kushwaha | ZP Contestant

-Former ZP Contestant, 2021, Got 7062 Votes
-Former PACS Contestant, 2019
-Jan Suraaj State Core Commiitte Member
-Husband Runs Water Purifier Plant
-Social Worker",ACC,,,,Female,,,,,,,,,,
Siwan,guthni,,Guthani_6,Alok Kumar Rai ( Rantu Rai),Mohan Ji Rai,8207801644.0,General,Bhumihar,34.0,"- ZP runnerup in 2021
- Former District JDU youth president 2021-2023
- Prominent youth politician and social worker in the district.",Zila Upadhyaksh,,,,Male,,,,,,,,,,
Siwan,Guthani,,Guthani_6,"अलोक कुमार राय ""रंटू राय""",मोहन राय,8207801644.0,General,Bhumihaar,34.0,"- ZP runnerup in 2021
- Former District JDU youth Adhyaksh 2021-2023
- Prominent youth politician and social worker in the district.",DSC Member,,,,Male,,,,,,,,,,
East Champaran,Pakdidayal,,Pakridayal_38,Vijay Singh,Late Dinpheran Singh,8210156768.0,General,Bhumihar,59.0,"- Incumbent and 2 times ZP Member
- Was Mukhiya From 2001 to 2011. - His grandfather was freedom fighter and they recieved freedom fighter samman (some cash) from government.",DSC Member,,,,Male,,,,,,,,,,
East Champaran,Madhuban,,Pakridayal_38,Vijay Kumar Singh,,8210156768.0,General,Bhumihar,61.0,"Vijay Kumar Singh | Male | 61 | General | Bhumihar | Incumbent Mukhiya

-Incumbent 2 Terms ZP(2016 To Till Now)
-Former Mukhiya(2001 To 2016)
-Jan Suraaj State Core Committee Member",ACC,,,,Male,,,,,,,,,,
West Champaran,Bagaha 2,,Bagaha-II_1,Shambhu Kazi,भीकू काज़ी,8210570770.0,ST,Tharu,44.0,"Zp runner up 2021,(6000 votes)
- Wife two terms ward member and Upmukhiya(2016 & 2021)",DSC Member,,,,Male,,,,,,,,,,
West Champaran,Bagaha 2,,Bagaha-II_1,Shambhu Kazi,Late Vikhu Kazi,8210570770.0,ST,Tharu,50.0,"-Zp runner Up 2021,votes-6000
wife-incumbent ward and Up Mukhiya Of panchayat",BSC Member,,,,Male,,,,,,,,,,
West Champaran,Lauriya,,No,Saddam Hussain,Mauldin Miya,8210596061.0,Minority,Muslim,30.0,He is currently a ward member of ward number 13 for the second time. He has a good influence at the panchayat level. He supports Affaque Ahmed in the MLC elections and plans to run for the ZP elections.,BSC Member,,,,Male,,,,,,,,,,
West Champaran,Lauriya,,No,Saddam Hussain,Mauldin Miya,8210596061.0,Minority,Muslim,30.0,He is currently a ward member of ward number 13 for the second time. He has a good influence at the panchayat level. He supports Affaque Ahmed in the MLC elections and plans to run for the ZP elections.,BSC Member,,,,Male,,,,,,,,,,
East Champaran,Motihari NN,,No,Alok Kumar Shukla,Umesh Shukla,8210914115.0,General,Brahmin,38.0,"Incumbent PACs Adhyaksh 2019-Present
Comes from Influential Family
His Uncle Served as ZP & Mukhiya Prominent Business Man
- Has experience working between the farmers",DSC Member,,,,Male,,,,,,,,,,
East Champaran,Motihari NN,,No,Alok Kumar Shukla,Umesh Shukla,8210914115.0,General,Brahman,38.0,"- Uncle was Mukhiya and ZP, looked after his work 
- PACS Sachiv from his GP
- Has experience working between the farmers",BSC Member,,,,Male,,,,,,,,,,
Gopalganj,Kanti,,No,Umesh Sah,,8235616311.0,OBC,Bania,41.0,"Umesh Sah | Male | 41 | OBC | Bania | Incumbent ZP

-Incumbent ZP, 2021 To Till Date, Got 9047 Votes
-Former Ward Member, 2016 To 2021, Got 345 Votes
-Former Ward Member Contestant, 2011, Got 275 Votes
-Jan Suraaj Anumandal Upadhyaksh",ACC,,,,Male,,,,,,,,,,
West Champaran,Lauriya,,Narkatiaganj_24,Sima Thakur,मोहन ठाकुर,8252599316.0,EBC,Nai,42.0,"-She contested MLA election in 2015 from lauriya constituency and secured 16000 votes.
- ZP election contested from Narkatiyaganj 2006 - 2 times Ward parshad from Ward no 6 2007 till 2018",DSC Member,,,,Female,,,,,,,,,,
West Champaran,laurea,,Narkatiaganj_24,Sima Thakur,मोहन ठाकुर,8252599316.0,EBC,Nai,42.0,"-She contested MLA election in 2015 from lauriya constituency and secured 16000 votes.
- ZP election contested from Narkatiyaganj 2006 - 2 times Ward parshad from Ward no 6 2007 till 2018",DSC Member,,,,Female,,,,,,,,,,
East Champaran,Motihari,,No,Vijay Kumar Gupta,Lt. Narad Prasad,8252933627.0,EBC,Kanu,60.0,"2014 to 2024: Chakbandi court peshakar in Bihar Government
2007 to 2012: Ward Parsad of ward no. 38
2000 to 2009: East Champaran Kanu community district Adhyaksh
2002: ZP 3rd runner-up of constituency no. 26
2001 to present: Rickshaw Majdoor Union of District Adhyaksh",DSC Member,,,,Male,,,,,,,,,,
East Champaran,Motihari,,No,Vijay Kumar Gupta,Late Narad Prasad,8252933627.0,EBC,Kanu,60.0,"2014 to 2024: Chakbandi court peshakar in Bihar Government
2007 to 2012: Ward Parsad of ward no. 38
2000 to 2009: East Champaran Kanu community district president
2002: ZP 3rd runner-up of constituency no. 26
2001 to present: Rickshaw Majdoor Union of District President",BSC Member,,,,Male,,,,,,,,,,
East Champaran,Motihari NN,,No,Vijay Kumar Gupta,Lt. Narad Prasad,8252933627.0,EBC,Kanu,60.0,"2014 to 2024: Chakbandi court peshakar in Bihar Government
2007 to 2012: Ward Parsad of ward no. 38
2000 to 2009: East Champaran Kanu community district president
2002: ZP 3rd runner-up of constituency no. 26
2001 to present: Rickshaw Majdoor Union of District President",Prakhand  Upadhyaksh,,,,Male,,,,,,,,,,
East Champaran,Motihari NN,,No,Vijay Kumar Gupta,Lt. Narad Prasad,8252933627.0,EBC,Kanu,,"2014 to 2024: Chakbandi court peshakar in Bihar Government
2007 to 2012: Ward Parsad of ward no. 38
2000 to 2009: East Champaran Kanu community district president
2002: ZP 3rd runner-up of constituency no. 26
2001 to present: Rickshaw Majdoor Union of District President",Prakhand Upadhyaksh,,,,Male,,,,,,,,,,
East Champaran,Motihari,,No,Raju Baitha,Daroga Baitha,8271933225.0,SC,Dhobi,43.0,"Incumbent Mukhiya Mukhiya runner-up 2016
Former ZP runner-up 2011
NCDHR District Coordinator 2004 to 2020
Former Active member of CPI since 1995",DSC Member,,,,Male,,,,,,,,,,
East Champaran,Motihari,,No,Raju Baitha,Daroga Baitha,8271933225.0,OBC,Dhobi,43.0,"2021: Incumbent Mukhiya | received 1239 votes | won by 189 votes | among 6 candidates
2016: Mukhiya runner-up
2011: ZP runner-up
2004 to 2020: NCDHR District Coordinator
1995: Active member of CPI",BSC Member,,,,Male,,,,,,,,,,
Saran,Dariyapur,,No,मुनेश्वर गुप्ता,स्व. रीतलाल साह,8271974488.0,OBC,Sonar,,"Contested the MLA election  in 1995 from the Parsa AC seat and got 2000 votes 
businessman, He  has a business of gold in Kolkatta and Odisa
- Delegate of  All India Sonar Sangh
- active in politics he helps his villages MUkhiya and Zp in the last 2 elections, 
",Prakhand upadhyaksh,,,,Male,,,,,,,,,,
Saran,Dariyapur,,No,मुनेश्वर गुप्ता,स्व. रीतलाल साह,8271974488.0,OBC,Sonar,,"Contested the MLA election  in 1995 from the Parsa AC seat and got 2000 votes 
businessman, He  has a business of gold in Kolkatta and Odisa
- Delegate of  All India Sonar Sangh
- active in politics he helps his villages MUkhiya and Zp in the last 2 elections, 
",Prakhand Upadhyaksh,,,,Male,,,,,,,,,,
Siwan,Siwan Sadar,,No,सुगन मांझी,स्व. मंगल मांझी,8294269216.0,SC,Manjhi,55.0,"-Two time BDC runnerup 2016&2021
-Runnerup ZP 2011 -Ex Block Adhyaksh, BSP (2011-16)
- BSP District Working Committee Member",DSC Member,,,,Male,,,,,,,,,,
Siwan,Siwan Sadar,,No,Sugan Manjhi,Late Mangal Manjhi,8294269216.0,SC,Manjhi,55.0,"-Two time BDC runnerup 2016&2021
-Runnerup ZP 2011 ",BSC Member,,,,Male,,,,,,,,,,
Bhojpur,Sandesh,,No,Dr. Bimla Devi,Shri Suresh Prasad,8340139470.0,,,,"Dr. Bimla Devi | 46 | Female | EBC | Kahar 

- Gynaecologist  (Runs Shivkaushalya Hospital in Ara)
- RLSP Pradesh Upadhayaksh 2018-2023
- JDU Mahila wing Zila Adhyaksh 2007-2014
- Chandravanshi Samaj Rashtriya Upadhayaksh 2022 till date
- ZP Runner up in 2011 from Sandesh block


",Sangathan Zila Mahila Adhyaksh,,,,,,,,,,,,,,
Bhojpur,Sandesh,,No,Dr. Bimla Devi,Shri Suresh Prasad,8340139470.0,EBC,Kahar,46.0,"Dr. Bimla Devi | 46 | Female | EBC | Kahar 

- Gynaecologist  (Runs Shivkaushalya Hospital in Ara)
- RLSP Pradesh Upadhayaksh 2018-2023
- JDU Mahila wing Zila Adhyaksh 2007-2014
- Chandravanshi Samaj Rashtriya Upadhayaksh 2022 till date
- ZP Runner up in 2011 from Sandesh block


",Sangathan Zila Mahila Adhyaksh,,,,Male,,,,,,,,,,
Bhojpur,,,No,Dr. Bimla Devi,Suresh Kumar,8340139470.0,EBC,Kahar,50.0,"Dr Bimala Devi| 50 |Female| EBC | Kahar
 - Former RLSP Pradesh Upadhayaksh 2018-2023
 - Gynaecologist (Runs Shivkaushalya Hospital in Ara)
 - Former JDU Mahila wing Zila Adhyaksh 2007-2014
 - Chandravanshi Samaj Rashtriya Upadhayaksh 2022 till date
 - ZP Runner up in 2011 from Sandesh block""",SCC-Member,,,,Male,,,,,,,,,,
West Champaran,Madhubani,,No,Rajaram Chauhan,Late Sarju Chauhan,8340249841.0,EBC,Nonia,50.0," Mukhiya Contestant 2021
 ZP Contestant 2016",BSC Member,,,,Male,,,,,,,,,,
East Champaran,Pipra,,No,Radheshyam Prasad Yadav,,8340702883.0,OBC,Yadav,61.0,"Radheshyam Prasad Yadav | Male | 61 | OBC | Yadav | Former BJP Zila Karyasamiti Member

- Jan Suraaj Zila Sanghatan Mahasachiv
-Former BJP Zila Karyasamiti Member(2018 to 2024)
-Former BJP Zila Sanghatan Prabhari(2014 to 2018)
-Former BJP Mandal Mahamantri(2011 to 2013)
-Former BJP Prakhand Adhyaksh(1986 to 1998)
-Former BJP Member (1986 to 2024)
-Former Mukhiya(2001 to 2006)500 Votes
-Former ZP Runner up 2019, got 4",ACC,,,,Male,,,,,,,,,,
East Champaran,Turkaulia,,No,Sudha Verma,Sanjeev Verma,8409481249.0,,,,"Sudha Verma | 44 | Female| Gen| Kayastha 

ZP Contestant in 2021 from Piprakothi Retired Professor
Former VP of District Rotary Club
Comes from one of the prominent Kayasth Family in Motihari""",Sangathan Zila Mahila Adhyaksh,,,,,,,,,,,,,,
East Champaran,Turkaulia,,No,Sudha Verma,Sanjeev Verma,8409481249.0,General,Kayasth,44.0,"Sudha Verma | 44 | Female| Gen| Kayastha 

ZP Contestant in 2021 from Piprakothi Retired Professor
Former VP of District Rotary Club
Comes from one of the prominent Kayasth Family in Motihari""",Sangathan Zila Mahila Adhyaksh,,,,Female,,,,,,,,,,
East Champaran,Turkauliya,,No,Sudha Verma,Sanjeev Verma,8409481249.0,General,Kayastha,43.0,"-Contested ZP elections in 2021, received 3900 votes
-Retired Professor of Music at Sugauli College.
-Vocal about issues of Women in society and women empowerment.",Prakhand Mahila Adhyaksh,,,,,,,,,,,,,,
Saran,Manjhi,,No,गुड्डू सिंह,स्वर्गीय राम बहादुर सिंह,8507213933.0,General,राजपूत,,"- Defacto ZP contestant 2006 with over 2000 votes
 - Prominant Business Person 
 - Runs 3 Egg and Poultry farm",Prakhand upadhyaksh,,,,Male,,,,,,,,,,
Saran,Manjhi,,No,गुड्डू सिंह,स्वर्गीय राम बहादुर सिंह,8507213933.0,General,राजपूत,,"- Defacto ZP contestant 2006 with over 2000 votes
 - Prominant Business Person 
 - Runs 3 Egg and Poultry farm",Prakhand Upadhyaksh,,,,Male,,,,,,,,,,
West Champaran,Bettiah NN,,No,Rajkishor Mahto,Late Baldev Mahto,8507466086.0,EBC,Noniya,52.0,"-Ward Parshad from Ward no.36
-ZP runner-up from area no.38(2016)",BSC Member,,,,Male,,,,,,,,,,
West Champaran,Bettiah NN,,No,Rajkishor Mahto,Late Baldev Mahto,8507466086.0,EBC,Noniya,52.0,"-Ward Parshad from Ward no.36
-ZP runner-up from area no.38(2016)",BSC Member,,,,Male,,,,,,,,,,
East Champaran,Chakia,,No,Ranjit Mahato,Late Shankar Mahto,8521195680.0,EBC,Nonia,25.0,"Current Profile -ZP contested.
Socio-Political Brief- He contested the ZP election in 2010 and secured 2470 votes.
",BSC Member,,,,Male,,,,,,,,,,
Saran,लहलादपुर,,No,Lalit Tiwari,,8539958841.0,General,Brahmin,55.0,"-Ex-RJD District Working President, Ex ZP candidate from Baniyapur.
 - Brahman Sangh Member
 - Owner Of Cinema Hall in Ekma",Block Prabhari,,,,Male,,,,,,,,,,
Saran,Lahladpur,,No,Lalit Tiwari,Bageshwar Nath Tiwari,8539958841.0,General,Bhumihar,55.0,"-Ex-RJD District Working Adhyaksh, Ex ZP candidate from Baniyapur.",DSC Member,,,,Male,,,,,,,,,,
Saran,Ekma,,No,"
Laliteshwar Nath AKA Lalit Tiwari",,8539958841.0,General,Brahmin,66.0,"Laliteshwar Nath AKA Lalit Tiwari | Male | 66|  General | Brahmin | ZP Contestant

-Jan Suraaj State working Commitee member
-Former RJD District President Executive Committee
-Owner of Jai Shanar Cinema & Mall
-Former ZP Runner Up (2001)
-Former BJP Member",ACC,,,,Male,,,,,,,,,,
Bhojpur,Sahpur,,Shahpur_3,Kaushal Kumar Singh,Late Raj Nandan Singh,8578957501.0,,,,"Kaushal Kumar Singh | 40 | Male  | General | Rajput

-Former BJP Prakhand Mahamantri (2021-2024)
-Former ZP Runner up got 5943 votes in 2021
-Distributor of Seed and fertilizer in Bhojpur district",Sangathan Zila Mahasachiv,,,,,,,,,,,,,,
Bhojpur,Sahpur,,Shahpur_3,Kaushal Kumar Singh,Late Raj Nandan Singh,8578957501.0,General,Rajput,40.0,"Kaushal Kumar Singh | 40 | Male  | General | Rajput

-Former BJP Prakhand Mahamantri (2021-2024)
-Former ZP Runner up got 5943 votes in 2021
-Distributor of Seed and fertilizer in Bhojpur district",Sangathan Zila Mahasachiv,,,,Male,,,,,,,,,,
Gopalganj,Barauli,,No,Md. Alam,Babu Jan Miyan,8581018686.0,Minority,Muslim,44.0,"- ZP Candidate in 2021 and got 4167 votes 
-Former Sarpanch from 2011-21
- Former Ward Member from 2001-06",Prakhand Upadhyaksh,,,,Male,,,,,,,,,,
Gopalganj,Barauli,,No,Md. Alam,Babu Jan Miyan,8581018686.0,Minority,Muslim,,"- ZP Candidate in 2021 and got 4167 votes 
-Former Sarpanch from 2011-21
- Former Ward Member from 2001-06",Prakhand Upadhyaksh,,,,Male,,,,,,,,,,
Gopalganj,Baikunthpur,,No,Abdul Zabbar Ali,Md. Mustafa,8603997525.0,Minority,Muslim,35.0,- ZP 2nd runnerup and got around 4200 votes.,Prakhand Abhiyaan Samiti Member,,,,Male,,,,,,,,,,
East Champaran,Harsiddhi,,Harsidhi_19,Abhishek Kumar,Vijay Kumar Thakur,8709106026.0,OBC,Kushwaha,43.0,Faught ZP election in 2016 and 2021 and secured 4600 and 3200 votes. He owns a Messy Fergusion tractor agency.,Prakhand upadhyaksh,,,,male,,,,,,,,,,
East Champaran,Harsiddhi,,Harsidhi_19,Abhishek Kumar,Vijay Kumar Thakur,8709106026.0,OBC,Kushwaha,,Faught ZP election in 2016 and 2021 and secured 4600 and 3200 votes. He owns a Messy Fergusion tractor agency.,Prakhand Upadhyaksh,,,,male,,,,,,,,,,
West Champaran,Bettiah NN,,No,Ranjeeta Kumari,Nilmani Kumar,8709164043.0,OBC,Kushwaha,35.0,"-JDU Pradesh Sachiv Samaj Sudhar Senani Parkost(2021-2023)
-ZP Contestant-2011
-Very vocal",BSC Member,,,,Male,,,,,,,,,,
West Champaran,Bettiah NN,,No,Ranjeeta Kumari,Nilmani Kumar,8709164043.0,OBC,Kushwaha,35.0,"-JDU Pradesh Sachiv Samaj Sudhar Senani Parkost(2021-2023)
-ZP Contestant-2011
-Very vocal",BSC Member,,,,Male,,,,,,,,,,
West Champaran,,,No,Kamlesh Kumar,,8757546235.0,EBC,Kanu,46.0,"-Former ZP runner up (2016)
- Former Dist. Pramukh Sangh Adyaksh (2011-2016)
- Former Pramukh (2006-11)
- Former Mukhiya ( 2001-2006)
-Prominent Businessman",SCC-Member,,,,Male,,,,,,,,,,
Saran,Jalalpur,,No,Meera Kushwaha,स्व लक्ष्मण सिंह,8757763870.0,OBC,Kushwaha,,"- Ex UP Block Pramukh (2001 -2006)
Ex Bdc (2001-2006)
- Zp Runner up - 2006
Mukhiya Runner up - 2011, 2016 and 2021",BSC Member,,,,Male,,,,,,,,,,
Saran,Nagra,,No,Tarkeshwar Sharma,Chandradev Sharma,8757801646.0,EBC,Lohar,,"ZP Runner-up in 2021 Secured 400 vote
Brother war sarpanch runner-up ",Prakhand Yuva Adhyaksh,,,,Male,,,,,,,,,,
West Champaran,Sikta,,No,Nasiruddin Ansari,Shamshul Hoda,8757818518.0,Minority,Muslim,40.0,"- Contested ZP elections from area no. 28 and lost by 158 votes.
- Secured 5817 votes but lost the ZP elections.",BSC Member,,,,Male,,,,,,,,,,
West Champaran,Sikta,,No,Nasiruddin Ansari,Shamshul Hoda,8757818518.0,Minority,Muslim,40.0,"- Contested ZP elections from area no. 28 and lost by 158 votes.
- Secured 5817 votes but lost the ZP elections.",BSC Member,,,,Male,,,,,,,,,,
Kaimur,Durgawati,,No,Anand Singh,Babban Singh,8789024702.0,,,,"Anand Kumar Singh | 46 | Male | GEN | Rajput 
-  Former RJD Pradesh Mahasachiv (kisan wing) 2022 to 2024.
-  Former ZP from Durgawati( Bhag-1) 2011 to 2016. 
- ZP Runner-Up 2021 election,  lost by 90 votes Durgawati (part-2).
- RJD -  Zila Maha Sachiv.
- Lok Sabha parbhari Maharajganj 2024.
- Kaimur 2006- RJD Student Wing Adhyaksh. 
- Student Union President (ABVP)  P.G College,  Ghazipur.",Zila Adhyaksh,Call Connected,,,,,,,,,,,,,
Kaimur,Durgawati,,No,Anand Singh,Babban Singh,8789024702.0,General,Rajput,46.0,"Anand Kumar Singh | 46 | Male | GEN | Rajput 

-  Former RJD Pradesh Mahasachiv (kisan wing) 2022 to 2024.
-  Former ZP from Durgawati( Bhag-1) 2011 to 2016. 
- ZP Runner-Up 2021 election,  lost by 90 votes Durgawati (part-2).
- RJD -  Zila Maha Sachiv.
- Lok Sabha parbhari Maharajganj 2024.
- Kaimur 2006- RJD Student Wing Adhyaksh. 
- Student Union President (ABVP)  P.G College,  Ghazipur.",Zila Adhyaksh,Call Connected,,,Male,,,,,,,,,,
West Champaran,Ramnagar,,No,Karunesh Kumar,Ramchandra Ram,8809539455.0,SC,Chamar,30.0,"-2021- ZP contestant 
- Education - B.ED
M.ED",BSC Member,,,,Male,,,,,,,,,,
West Champaran,Gaunaha,,No,Ajay Kumar Paswan,Sudama Paswan,8809539455.0,SC,Dusadh,42.0,"-His father contested and won the 2001 Zila Parishad election.
-He contested 2009 PACS President election and won.  
-In 2016, His father Sudama Paswan contested the BDC election and won also contested and won Block Pramukh election.
- His wife contested and won the 2016 ZP election.
- His wife contested but lost the 2021 ZP election ",BSC Member,,,,Male,,,,,,,,,,
West Champaran,Chanpatia,,No,Sambhu Ram,Jaleshwar Raut,8809562235.0,SC,Dom,50.0,"- Former ZP(2011-2016)- MP Contestent from Gopalganj, got 5000 votes (2014)- Dalit activist and fights for rights of SC communities",Zila Sachiv,,,,,,,,,,,,,,
West Champaran,Chanpatia,,No,शंभू राम,जलेश्वर राउत,8809562235.0,SC,डोम,50.0,"- Former ZP(2011-2016)
- MP Contestent from Gopalganj, got 5000 votes (2014)
- Dalit activist and fights for rights of SC communities
-",DSC Member,,,,Male,,,,,,,,,,
West Champaran,Chanpatia,,No,शंभू राम,जलेश्वर राउत,8809562235.0,SC,डोम,50.0,"- Former ZP(2011-2016)
- MP Contestent from Gopalganj, got 5000 votes (2014)
- Dalit activist and fights for rights of SC communities
-",DSC Member,,,,Male,,,,,,,,,,
West Champaran,Narkatiaganj,,No,Reena Devi,Pradeep Kumar,8863859913.0,,,,"Reena Devi | 45 | Female | EBC | Kumhar

-She is Ex-Pramukh of Narkatiyaganj Block(2019-2010.
-She contested for ZP and secured third position with 3229 votes.
-She served as LJP Mahila zila upadhyaksh(2016-2020).
-She served as BJP mandal mahila Adyaksh(2015-2016).",Sangathan Zila Mahila Adhyaksh,Wrong Number ,,,,,,,,,,,,,
West Champaran,Narkatiaganj,,No,Reena Devi,Pradeep Kumar,8863859913.0,EBC,,45.0,"Reena Devi | 45 | Female | EBC | Kumhar

-She is Ex-Pramukh of Narkatiyaganj Block(2019-2010.
-She contested for ZP and secured third position with 3229 votes.
-She served as LJP Mahila zila upadhyaksh(2016-2020).
-She served as BJP mandal mahila Adyaksh(2015-2016).",Sangathan Zila Mahila Adhyaksh,,,,Female,,,,,,,,,,
West Champaran,Narkatiyaganj,,No,Reena Devi,Pradeep Kumar,8863859913.0,,,,"Reena Devi | 45 | Female | EBC | Kumhar

-She is Ex-Pramukh of Narkatiyaganj Block(2019-2010.
-She contested for ZP and secured third position with 3229 votes.
-She served as LJP Mahila zila upadhyaksh(2016-2020).
-She served as BJP mandal mahila Adyaksh(2015-2016).",Sangathan Zila Mahila Adhyaksh,,,,,,,,,,,,,,
Rohtas,नासरीगंज,,No,Saud Alam,,8873464354.0,Minority,Muslim,50.0,"Md. Saud Alam | 50 | Male | Minority | Muslim
 -AIMIM district presidents (2023-2024 ).
 -Azad Samaaj party District President(2020-23).
 -ZP contestant 2001 1st Runner up.
 -CPI(ML) member (1991-2009).",Block Prabhari,,,,Male,,,,,,,,,,
Kaimur,Mohania,,Mohania_7,Haricharan Thakur,Late. Kishori Thakur,8873943770.0,,,,"Haricharan Thakur | 49 | Male | EBC | Nai

-Contested ZP Election in 2016 from Chainpur and secured 2200 votes.
-BSP Chainpur Assembly Prabhari(2010-2016).
-BSP District Vice President (2016-2019).
-BSP District Koshadhyaksh (2019-2024).",Sangathan Zila Mahasachiv,,,,,,,,,,,,,,
Kaimur,Mohania,,Mohania_7,Haricharan Thakur,Late. Kishori Thakur,8873943770.0,EBC," Nai
",49.0,"Haricharan Thakur | 49 | Male | EBC | Nai

-Contested ZP Election in 2016 from Chainpur and secured 2200 votes.
-BSP Chainpur Assembly Prabhari(2010-2016).
-BSP District Vice President (2016-2019).
-BSP District Koshadhyaksh (2019-2024).",Sangathan Zila Mahasachiv,,,,Male,,,,,,,,,,
West Champaran,Nautan,,No,Madan Bhagat,Late Ramavatar Bhagat,8877882022.0,EBC,Chaurasiya,70.0,"- Vidhan Sabha (Nautan): 1995 (864 votes), 2005 (1352 votes)
- Lok Sabha (Bettiah): 1996 (1622 votes), 2006 (4157 votes)
- ZP (35): 2001 (3225 votes, lost), 2016 (lost), 2021 (lost). Wife: 2006 (7300 votes, runner-up), 2011 (12000 votes, won by 5000 votes), ZP (37) 2016 (lost)
- Writes songs, sings, and is an orator.",Prakhand Upadhyaksh,,,,Male,,,,,,,,,,
West Champaran,Nautan,,No,Madan Bhagat,Late Ramavatar Bhagat,8877882022.0,EBC,Chaurasiya,,"- Vidhan Sabha (Nautan): 1995 (864 votes), 2005 (1352 votes)
- Lok Sabha (Bettiah): 1996 (1622 votes), 2006 (4157 votes)
- ZP (35): 2001 (3225 votes, lost), 2016 (lost), 2021 (lost). Wife: 2006 (7300 votes, runner-up), 2011 (12000 votes, won by 5000 votes), ZP (37) 2016 (lost)
- Writes songs, sings, and is an orator.",Prakhand Upadhyaksh,,,,Male,,,,,,,,,,
West Champaran,Nautan,,No,Madan Bhagat,Late Ramavatar Bhagat,8877882022.0,EBC,Chaurasiya,70.0,"- Vidhan Sabha (Nautan): 1995 (864 votes), 2005 (1352 votes)
- Lok Sabha (Bettiah): 1996 (1622 votes), 2006 (4157 votes)
- ZP (35): 2001 (3225 votes, lost), 2016 (lost), 2021 (lost). Wife: 2006 (7300 votes, runner-up), 2011 (12000 votes, won by 5000 votes), ZP (37) 2016 (lost)
- Writes songs, sings, and is an orator.",Prakhand Upadhyaksh,,,,Male,,,,,,,,,,
West Champaran,Majhauliya,,No,Sheikh Mahbul Haq,Late Shaikh yasin,8969964018.0,Minority,Muslim,48.0,"-ZPs contestant lost-2011
-Mukhiya lost-2001",BSC Member,,,,Male,,,,,,,,,,
West Champaran,Majhaulia,,No,Sheikh Mahbul Haq,Late Shaikh yasin,8969964018.0,Minority,Muslim,48.0,"-ZPs contestant lost-2011
-Mukhiya lost-2001",BSC Member,,,,Male,,,,,,,,,,
Siwan,Raghunathpur,,No,Arshad Ali Siddiqui,Late Anwar Ali Siddiqui,9006010522.0,Minority,Muslim,64.0,"-Sarpanch of Kushara Panchayat(1975-2001)
-Owner of Guslahn e memorial school, Firozpur
",BSC Member,,,,Male,,,,,,,,,,
East Champaran,Kalyanpur,,Kalyanpur_33,Thakur Avinash Suman,,9006041500.0,General,Bhumihar,42.0,"Thakur Avinash Suman | Male | 42 | General | Bhumihar | Incumbent BDC

-Incumbent 2 Consecutive Terms BDC, 2016 To Till Date
-Former ZP Contestant, 2011, Got 3000 Votes
-Former Youth Congress Block President, 2008 To 2010
-Jan Suraaj Abhiyaan Sanyojak",ACC,,,,Male,,,,,,,,,,
West Champaran,Nautan,,Nautan_36,Madhu devi,स्व. चोकट साह,9006456567.0,EBC,Teli,51.0,"- Former Block Pramukh and Mukhiya of Chuhri Panchayat
- 2001-2006 - Mukhiya. - 2006- Block Pramukh. - District Pramukh Sangh Adhyaksh.
- 2016 - contested for ZP; received more than 7000 votes but lost the election. - Owns a Chimney in partnership, also runs a small factory of incense sticks and a PK papers company.
Owns agricultural land.",DSC Member,,,,Female,,,,,,,,,,
West Champaran,Nautan,,Nautan_36,Madhu devi,स्व. चोकट साह,9006456567.0,EBC,Teli,51.0,"- Former Block Pramukh and Mukhiya of Chuhri Panchayat
- 2001-2006 - Mukhiya. - 2006- Block Pramukh. - District Pramukh Sangh Adhyaksh.
- 2016 - contested for ZP; received more than 7000 votes but lost the election. - Owns a Chimney in partnership, also runs a small factory of incense sticks and a PK papers company.
Owns agricultural land.",DSC Member,,,,Female,,,,,,,,,,
Siwan,Hussainganj,,No,"राम सौरव ""नन्हें पांडेय""",बैजनाथ दास,9006820162.0,General,Brahmin,35.0,"-Two time BDC of his Panchayat( 2016-Present)
- Prominent Social Worker
-He is a Sang Sevak and joined RSS in 2014
-Closed with Anita Devi ZP",DSC Member,,,,Male,,,,,,,,,,
Siwan,Hussainganj,,No,Ram Saurav Alias Nannhe Panday,बैजनाथ दास,9006820162.0,General,Brahmin,,"-Two time BDC of his Panchayat( 2016-Present)
- Prominent Social Worker
-He is a Sang Sevak and joined RSS in 2014
-Closed with Anita Devi ZP",BSC Member,,,,Male,,,,,,,,,,
West Champaran,Lauriya,,No,Sunil Mal,,9006901904.0,OBC,Saithwar,56.0,"- Two term PAC's President(2014-present)
 - His son in Incumbent ZP Wife was 3 times Ex BDC Member ( 2001,2006,2011 )
 - Well Educated and Graduated from Cooperative College, Jamshedpur
 - Often he raise voice of farmers in issues related to crop",Block Prabhari,,,,Male,,,,,,,,,,
Siwan,Guthani,,Guthani_5,संजय कुमार,सीताराम प्रसाद,9006907476.0,SC,Chamar,40.0,"BDC-runner-up in 2006.
Zp runner-Up in 2011.
Zp-3rd Position in 2016.
Zp-contestant in 2021 Secured 2800 votes.",DSC Member,,,,Male,,,,,,,,,,
Siwan,Guthani,,Guthani_5,Sanjay Kumar,Shri Sita ram Prashad,9006907476.0,SC,Chamar,45.0,"-BDC-runner-up in 2006.
-Zp-contestant in 2011.
-Zp-contestant in 2016.
-Zp-contestant in 2021.",Prakhand Upadhyaksh,,,,Male,,,,,,,,,,
Siwan,Guthani,,Guthani_5,Sanjay Kumar,Shri Sita ram Prashad,9006907476.0,SC,Chamar,,"-BDC-runner-up in 2006.
-Zp-contestant in 2011.
-Zp-contestant in 2016.
-Zp-contestant in 2021.",Prakhand Upadhyaksh,,,,Male,,,,,,,,,,
West Champaran,Narkatiaganj,,No,प्रभु कुमार,स्व. बधु बैठा,9006999874.0,SC,Dhobi,42.0,"- He was ZP from 2006- 2011.
- He is a High School Teacher in Amolwa, Gaunaha. In 2010 he became Government Teacher.
- He contested for Assembly election in 2000 when Narkatiaganj was named as Shikarpur independently, he got 12009 votes.
- He did his LLB from Shri Krishna Law College.
- He contested for ZP in 2016 but lost and hold the second position with his brother's wife name Malti Devi as he became a government teacher in 2010.
-  His wife contested for the ZP election in 2021 named Poonam Baitha lost and holds the second position.
- He practiced law for 6 years from Bettiah Court.",BSC Member,Not Received ,,,Male,,,,,,,,,,
West Champaran,Narkatiyaganj,,No,प्रभु कुमार,स्व. बधु बैठा,9006999874.0,SC,Dhobi,42.0,"- He was ZP from 2006- 2011.
- He is a High School Teacher in Amolwa, Gaunaha. In 2010 he became Government Teacher.
- He contested for Assembly election in 2000 when Narkatiaganj was named as Shikarpur independently, he got 12009 votes.
- He did his LLB from Shri Krishna Law College.
- He contested for ZP in 2016 but lost and hold the second position with his brother's wife name Malti Devi as he became a government teacher in 2010.
-  His wife contested for the ZP election in 2021 named Poonam Baitha lost and holds the second position.
- He practiced law for 6 years from Bettiah Court.",BSC Member,Not Received ,,,Male,,,,,,,,,,
Saran,अमनौर,,Amnour_31,"Amarendra Kumar ""Munna Baitha""",,9065435243.0,SC,Dusadh,45.0,"-Ex Zp 2011-2016 (11,500 votes) -Former RJD District Dalit Prakosth Vice President .",Block Prabhari,,,,Male,,,,,,,,,,
Saran,Amnour,,Amnour_31,"Amrendra Kumar ""Munna Baitha""",Laal Dev Baitha,9065435243.0,SC,Dhobi,44.0,"-Ex Zp 2011-2016 (11,500 votes) - Former RJD District Dalit Prakosth Vice-Adhyaksh.",DSC Member,,,,Male,,,,,,,,,,
Saran,Taraiya,,No,Mohamad Usuf Raza,-MD. Saukat Ali,9102068846.0,EBC,Momin,,"-EX.Sarpanch
-Two time Runner up ZP Contender (2016)
-Runner Up sarpanch (2006)
- 12th passed ",BSC Member,,,,Male,,,,,,,,,,
Saran,Taraiya,,No,Aman Anshari,Saukat Ali,9102068846.0,OBC,Ansari,,"Ex. Contestenet ZP (2016)
-Ex Sarpanch (2011)
-Ex. Runner-up Sarpanch (2006)",BSC Member,,,,Male,,,,,,,,,,
Rohtas,Karaghar,,Kargahar_8,Sanjay Baitha,Late Ramdev Ram,9110173732.0,,,,"Sanjay Baitha | Male | 48 | SC | Dhobhi | 

Defacto ZP 2016, Manju Devi
-ZP Runner up 2021, got 10,000 Votes
Education-Intermediate -",Sangathan Zila Mukhya Pravakta,,,,,,,,,,,,,,
Rohtas,Karaghar,,Kargahar_8,Sanjay Baitha,Late Ramdev Ram,9110173732.0,SC,Dhobi,48.0,"Sanjay Baitha | Male | 48 | SC | Dhobhi | 

Defacto ZP 2016, Manju Devi
-ZP Runner up 2021, got 10,000 Votes
Education-Intermediate -",Sangathan Zila Abhiyan Samiti Sanyojak,,,,Male,,,,,,,,,,
East Champaran,Chiraya,,Chiraiya_42,Jiya Lal Yadav,Harishchand Prasad,9110175212.0,,,,"Jiya Lal Yadav | 45 | Male | OBC | Yadav

- Journalist Hindustan/ Reporter since 2000.
 - Director DPS School Mirpur.
 - 3 times ZP Candidate (46-Ghorasahan2011, 2016 & 42-Chiraiya, 2021).",Sangathan Zila Mukhya Pravakta,,,,,,,,,,,,,,
East Champaran,Chiraya,,Chiraiya_42,Jiya Lal Yadav,Harishchand Prasad,9110175212.0,OBC,Yadav,45.0,"Jiya Lal Yadav | 45 | Male | OBC | Yadav

- Journalist Hindustan/ Reporter since 2000.
 - Director DPS School Mirpur.
 - 3 times ZP Candidate (46-Ghorasahan2011, 2016 & 42-Chiraiya, 2021).",Sangathan Zila Mukhya Pravakta,,,,Male,,,,,,,,,,
East Champaran,Ghodasana,,Chiraiya_42,Jialal Prasad,Late Harishchandra Prasad,9110175212.0,OBC,Kushwaha,49.0,"ZP Contestent from Ghodasahan in 2011 & in 2016
Received More than 5000 Votes",DSC Member,,,,Male,,,,,,,,,,
East Champaran,Chiraiya,,Chiraiya_42,Jiya Lal Yadav,स्व. हरिश्चंद प्रसाद,9110175212.0,OBC,Yadav,45.0,"- Journalist Hindustan/ Reporter since 2000
- Director DPS School Mirpur
- 3 times ZP Candidate (46-Ghorasahan2011, 2016 & 42-Chiraiya, 2021)",Prakhand Mukhya Prawakta/ Upadhyaksh,,,,male,,,,,,,,,,
Saran,Garkha,,No,Satendra  Manjhi,Mahendar Manjhi,9113111436.0,SC,Dusadh,36.0,"Satendra Manjhi | s/o - Mahendar Manjhi | 36 | SC | Dusadh | Block- Garkha | 9113111436 
- Contested ZP Election in 2021 secured 3000 votes
- RJD Block Secretary in 2023 
- ",Sangathan Zila Sachiv,,,,,,,,,,,,,,
Saran,Garkha,,No,Satyendra Manjhi,Mahendra Manjhi,9113111436.0,SC,Dusadh,,"- Contested ZP Election in 2021 secured 3000 votes
- RJD Block Secretary in 2023 
- ",Abhiyan Samiti Sadasya,,,,Male,,,,,,,,,,
West Champaran,Lauriya,,No,Anil Kumar Thakur,Late Ram Narayan Thakur,9122424100.0,General,Brahmin,57.0,"- 2001 - ZP lost votes 2200
- 2006 - Lost Mukhiya elections and got 650 votes.  
- 2021 - Lost ZP elections and got 1800 votes. He also contested the election in 2006 and - 2011 for the Mukhiya Position and lost by 300 votes.
- He completed his MA in 1991, and BA in 1987 from Maharani Janki Kunwar College, Bettiah. He has been working as a journalist in Dainik Jagran since 2001.",BSC Member,,,,Male,,,,,,,,,,
West Champaran,Lauriya,,No,Anil Kumar Thakur,Late Ram Narayan Thakur,9122424100.0,General,Brahmin,57.0,"- 2001 - ZP lost votes 2200
- 2006 - Lost Mukhiya elections and got 650 votes.  
- 2021 - Lost ZP elections and got 1800 votes. He also contested the election in 2006 and - 2011 for the Mukhiya Position and lost by 300 votes.
- He completed his MA in 1991, and BA in 1987 from Maharani Janki Kunwar College, Bettiah. He has been working as a journalist in Dainik Jagran since 2001.",BSC Member,,,,Male,,,,,,,,,,
Siwan,Pacharukhi,,No,मोहम्मद कुतुबुद्दीन,मरहूम कमरूद्दीन,9122480080.0,Minority,Muslim,,"- Two times ZP runner-up 2016 and 2021-
- Former Mukhiya in from Pachrukhi 2011
- BJP Mandal Adyaksh EBC cell
- Owner of Amul Agency ",Prakhand Upadhyaksh,,,,Male,,,,,,,,,,
Siwan,Pacharukhi,,No,मोहम्मद कुतुबुद्दीन,मरहूम कमरूद्दीन,9122480080.0,Minority,Muslim,,"- Two times ZP runner-up 2016 and 2021-
- Former Mukhiya in from Pachrukhi 2011
- BJP Mandal Adyaksh EBC cell
- Owner of Amul Agency ",Prakhand Upadhyaksh,,,,Male,,,,,,,,,,
East Champaran,Patahi,,Patahi_52,Raghib Ahsan,Md Firoz alam,9123278732.0,Minority,Muslim,40.0,"ZP Runner Up
His Father served as Up Pramukh ",Prakhand Mahasachiv,,,,Male,,,,,,,,,,
East Champaran,Piprakothi,,Pipra Kothi_29,Dr. Dinesh Kumar Nishad,Ramniwas Chaudhary,9128295004.0,EBC,Mallah,42.0,"-Ex State Secretary RLSP 
-RJD District Labour Union President (2018-20)
 -Ex-JDU Youth president Pipra Kothi block (2007-09)
-Two Times ZP candidate (2011, 2021) got more than 1500 votes.
-BAMS Doctor runs private Hospital in Kesaria & Motihari as well.",Prakhand Pravakta,Call Connected,,,male,,,,,,,,,,
West Champaran,Majhauliya,,No,Dr. Nizamuddin,Late Zahiruddin,9128417403.0,Minority,Muslim,54.0,"He is Farmer and runs a school Yaseen International school. He contested the Mukhiya election in 2011 after that contested the ZP election and secure the second position consecutively till the last election in 2021. He is also involving the social activities like food distribution during covid and blankets in the winter season. He has a good image and influence in his area. He is well aware of PK's Initiatives and Jan Suraaj Abhiyaan and wants to become part of it. 
",BSC Member,,,,Male,,,,,,,,,,
West Champaran,Majhaulia,,No,Dr. Nizamuddin,Late Zahiruddin,9128417403.0,Minority,Muslim,54.0,"He is Farmer and runs a school Yaseen International school. He contested the Mukhiya election in 2011 after that contested the ZP election and secure the second position consecutively till the last election in 2021. He is also involving the social activities like food distribution during covid and blankets in the winter season. He has a good image and influence in his area. He is well aware of PK's Initiatives and Jan Suraaj Abhiyaan and wants to become part of it. 
",BSC Member,,,,Male,,,,,,,,,,
Kaimur,Bhabhua,,No,Braj Kishore Prasad,Late Ramanand Prasad,9128866437.0,EBC," Chandravanshi
",71.0,"Braj Kishore Prasad | 71 | Male | EBC | Chandravanshi
-Former De-facto Ward Parshad (2017-22) from ward number 2, wife Shakuntla Devi.
-Daughter in law Sangita was a ZP contestant.",Zila Sanrakshak,,,,Male,,,,,,,,,,
West Champaran,Narkatiaganj,,No,विश्वेश्वर राम,स्व. राम किशुन राम,9135815145.0,SC,Chammar,44.0,"2006 - Won BDC elections and got 800 votes
2011- Lost BDC elections by 100 votes.
2016 -  Contested ZP elections and got 2500 votes and finished on 3rd position.",BSC Member,Not Reachable,,,Male,,,,,,,,,,
West Champaran,Narkatiyaganj,,No,विश्वेश्वर राम,स्व. राम किशुन राम,9135815145.0,SC,Chammar,44.0,"2006 - Won BDC elections and got 800 votes
2011- Lost BDC elections by 100 votes.
2016 -  Contested ZP elections and got 2500 votes and finished on 3rd position.",BSC Member,,,,Male,,,,,,,,,,
Saran,Dariyapur,,Dariapur_43,Golok Bihari Sharan Singh,Surendra Mohan Singh,9162623670.0,General,Rajput,52.0,"- He is a ZP Member of seat No-4
-First time he contested for the Zp election and won.
- He is a Psychology Postgraduate and Teacher by profession
-He is the Director Of a private school in His Panchayat for the last 13 years.",DSC Member,,,,Male,,,,,,,,,,
Saran,Taraiya,,No,Dr Prateek Kumar,,9162624094.0,General,Rajput,44.0,"Dr Prateek Kumar | Male | 44 | General | Rajput | Doctor

-BDS Doctor
-Former Defacto ZP Member(2011 To 2016)
-Businessman(retail Outlet & Petrol Pump)
-Jan Suraaj Anumandal Upadhyaksh
-Runs a Dental Clinic",ACC,,,,Male,,,,,,,,,,
Kaimur,Chainpur,,Chainpur_14,Sajid Parvej,Late Amiruddin Ansari,9199212737.0,Minority," Muslim 
",62.0,"Sajid Parvez | 62 |Male  | Minority | Muslim 
ZP Runner up in 2001
-ZP Contest in 2006
-Janta Dal Nagar Adhayaksh 1997-98
-His Brother Two Time Mukhiya of Chainpur Panchayt 2011 and 2016.
-His Father was also Mukhiya 1978-2000
-Education- MA History and LLB from Patna University.
",Zila Sanrakshak,,,,Male,,,,,,,,,,
West Champaran,Ramnagar,,No,Rajesh Ram,Surendra Ram,9199445825.0,SC,Chamar,35.0,"- Contested in ZP 2016 ZP election.
_ Contested in 2021 ZP elections. ",BSC Member,,,,Male,,,,,,,,,,
West Champaran,Ramnagar,,No,Janardhan Kumar,Tata Ram,9199445825.0,SC,chamar,25.0,"- ZP Runner up (2021)
- Socially active individual",BSC Member,,,,Male,,,,,,,,,,
Gopalganj,Baikunthpur,,No,Madan Mahto,Late Jangali Mahto,9199548975.0,EBC,Noniya,52.0,"- Block Vice President, EBC cell, JDU 
- Incumbent Block Chairman, Fisheries Association. 
- ZP Runner Up,2016 election""",Prakhand Adhyaksh,,,,Male,,,,,,,,,,
West Champaran,Chanpatia,,Chanpatia_32,Azaz Hussain,,9199560775.0,Minority,Shaikh,67.0,"Azaz Hussain | Male | 67 | Minority | Shaikh | Former Assembly Contestant

-Incumbent Ward Councilor(2023 to Till Date)
-Former 2 Terms Mukhiya 2016 to 2021 & 2001 to 2006
-Former 2 Terms ZP Member 2006 to 2011 & 2016 to 2021)
-Former  Assembly Election Contestant Chanpatia in 2010 from BSP-21423 votes
",ACC,,,,Male,,,,,,,,,,
West Champaran,Chanpatia,,Chanpatia_32,Azaz Hussain,,9199560775.0,Minority,Shaikh,67.0,"Azaz Hussain | Male | 67 | Minority | Shaikh | Former Assembly Contestant

-Incumbent Ward Councilor(2023 to Till Date)
-Former 2 Terms Mukhiya 2016 to 2021 & 2001 to 2006
-Former 2 Terms ZP Member 2006 to 2011 & 2016 to 2021)
-Former  Assembly Election Contestant Chanpatia in 2010 from BSP-21423 votes
",ACC,,,,Male,,,,,,,,,,
West Champaran,Nautan,,No,Himanshu Kumar,Tulsi Prasad,9199919917.0,OBC,Koeri,35.0,- He conteated the 2021 PRI elections for ZP and finished in 5th position with 3332 votes from area no. 36.,BSC Member,,,,Male,,,,,,,,,,
West Champaran,Nautan,,No,Himanshu Kumar,Tulsi Prasad,9199919917.0,OBC,Koeri,35.0,- He conteated the 2021 PRI elections for ZP and finished in 5th position with 3332 votes from area no. 36.,BSC Member,,,,Male,,,,,,,,,,
Bhojpur,Lakhisarai,,No,Dr Dhirendra Prasad Singh,,9204521927.0,General,Rajput,70.0,"Dr Dhirendra Prasad Singh | Male | 70 | General | Rajput | Doctor

-Foremr Defacto ZP Contesatnt, 2006
-Father Late Yaduvansh Singh was MLA , RJD, 1995 To 2000
-Retired Medical Offficer, Bihar Govt.
-Runs a Private Clinic
-MBBS & MS
-Doctor",ACC,,,,Male,,,,,,,,,,
Saran,Parsa,,No,अरुण कुमार राय,Late Dharam Nath Rai,9263279541.0,OBC,Yadav,,"- Former Mukhiya, 2001-06 and  2006-2011.
- Father was a Mukhiya from Sobhepur Panchayat from 1978-2001.
- His Uncle, Bhishma Prasad Yadav has been a 3 time MLA from Marhaura.
--ZP runner-up, 2021, secured 3500 votes.",Prakhand Mukhya Pravkata/upadhyaksh,,,,Male,,,,,,,,,,
Saran,Parsa,,No,अरुण कुमार राय,Late Dharam Nath Rai,9263279541.0,OBC,Yadav,,"- Former Mukhiya, 2001-06 and  2006-2011.
- Father was a Mukhiya from Sobhepur Panchayat from 1978-2001.
- His Uncle, Bhishma Prasad Yadav has been a 3 time MLA from Marhaura.
--ZP runner-up, 2021, secured 3500 votes.
",Mukhya Pravkata,,,,Male,,,,,,,,,,
Saran,Parsa,,No,अरुण कुमार राय,स्व. धर्म नाथ राय,9263279541.0,OBC,यादव,,"- Former Mukhiya, 2001-06 and  2006-2011.
- Father was a Mukhiya from Sobhepur Panchayat from 1978-2001.
- His Uncle, Bhishma Prasad Yadav has been a 3 time MLA from Marhaura.
--ZP runner-up, 2021, secured 3500 votes.",BSC Member,,,,Male,,,,,,,,,,
West Champaran,Nautan,,No,Harilal chaudhary,Satyanarayan chaudhary,9304778070.0,Mallah,EBC,45.0,"- De facto ZP
- Involved in every ZP elections",BSC Member,,,,Male,,,,,,,,,,
West Champaran,Nautan,,No,Harilal chaudhary,Satyanarayan chaudhary,9304778070.0,Mallah,EBC,45.0,"- De facto ZP
- Involved in every ZP elections",BSC Member,,,,Male,,,,,,,,,,
Siwan,Nautan,,No,Sagir Ansari,Lt Riyaz Ahmad Ansari,9354315656.0,Minority,Muslim,," Mukhiya 3rd  Runner-up 2011
ZP Ru,nner-up 2016 
Secured 3600 Votes.
Run CSP Center In Khaap Bankat.
",BSC Member,,,,Male,,,,,,,,,,
West Champaran,Narkatiaganj NP,,No,दिनेश पाठक,स्व. जमुना पाठक,9430025066.0,General,Hindu,56.0,"- Head Clerk, NSS Mill, Narkatiaganj
- Father was two terms Ex-ZP Chairman, West Champaran
- Comes from highly influential family of Narkatiaganj",BSC Member,,,,Male,,,,,,,,,,
West Champaran,Narkatiaganj NP,,No,दिनेश पाठक,स्व. जमुना पाठक,9430025066.0,General,Hindu,56.0,"- Head Clerk, NSS Mill, Narkatiaganj
- Father was two terms Ex-ZP Chairman, West Champaran
- Comes from highly influential family of Narkatiaganj",BSC Member,,,,Male,,,,,,,,,,
East Champaran,Banjariya,,Banjariya_22,Ozair Anjum,Late Sajjad Hussain,9430075008.0,Muslim,Minority,60.0,"- Ex-ZP Member (2011-16) from Banjaria(Area No.22)
- contested ZP election from 2001 - 2016
- Bureau Chief, Quami Tanzeem(Urdu Newspaper)",BSC Member,,,,Male,,,,,,,,,,
West Champaran,Bettiah NN,,No,Dinesh Kumar Mishra,Late Shivshankar Mishra,9430898982.0,General,Brahmin,63.0,"-Advocate in Bettiah Court
-ZP Contestant-2016
",BSC Member,,,,Female,,,,,,,,,,
West Champaran,Bettiah NN,,No,Dinesh Kumar Mishra,Late Shivshankar Mishra,9430898982.0,General,Brahmin,63.0,"-Advocate in Bettiah Court
-ZP Contestant-2016
",BSC Member,,,,Female,,,,,,,,,,
Saran,Chhapra NN,,No,कविता सिंह,डॉ सत्यदेव सिंह,9431216324.0,,,,"Kavita Singh|52|General|Bhumihar

-Network Marketing for the last 19 years in AMWAY Network Marketing Company.
-District Adhyaksh of Mahila Sangh Bihar.
-Husband(Dr. Satayedav Singh), government doctor at Chhapra Sadar Hospital.
-Mother(Late Kamlawati Devi) former ZP from Masrakh block.
Father(Dr. Sita Ram Pandey) is also an MBBS doctor, serving at Masrakh for last more than 25 years.",Sangathan Zila Mahila Adhyaksh,,,,,,,,,,,,,,
Saran,Chhapra NN,,No,कविता सिंह,डॉ सत्यदेव सिंह,9431216324.0,General,,52.0,"Kavita Singh|52|General|Bhumihar

-Network Marketing for the last 19 years in AMWAY Network Marketing Company.
-District Adhyaksh of Mahila Sangh Bihar.
-Husband(Dr. Satayedav Singh), government doctor at Chhapra Sadar Hospital.
-Mother(Late Kamlawati Devi) former ZP from Masrakh block.
Father(Dr. Sita Ram Pandey) is also an MBBS doctor, serving at Masrakh for last more than 25 years.",Sangathan Zila Mahila Adhyaksh,,,,Female,,,,,,,,,,
East Champaran,Pakdidayal,,No,Santosh Kumar Singh,Late Narayanji Singh,9431467312.0,General,Rajput,39.0,"""- He is a 2 times Zila Parishad (2016 & 2021) from Pakridayal block, and a businessman (Owner of Petrol pump).
- Grand son of Gajadheesh who was MLA in 1952 and 1957.
- His mother was ZP in 2001 and 2006.""",DSC Member,,,,Male,,,,,,,,,,
Saran,Lahladpur,,No,Amit Kumar,Gautam Prasad,9431633992.0,EBC,Teli,38.0,"- Post Graduate in Journalism from Nalanda University
- ZP candidate in 2021, secured 5000 votes
-Journalist in Hindustan since 2005 in Lahladpur",DSC Member,,,,Male,,,,,,,,,,
Saran,Lahladpur,,No,Amit Kumar,Gautam Prsad,9431633992.0,EBC,Teli,,"-ZP 2nd Runnerup 2021, 
- Hindustan Correspondent from Lahladpur Block",BSC Member,,,,Male,,,,,,,,,,
West Champaran,Bettiah NN,,No,Ravi Kumar,Late Krishna Prasad,9431809600.0,EBC,Noniya,48.0,"- He contested for the ZP Member election from Chanpatiya ZP area no. 32.
 - He lost the election and holds the third position.
- He runs Pushpanjali Hotel and G. D Goenka School of Bettiah and Lalsaraiya.
- He is also a younger brother of Renu Devi (MLA Bettiah). ",BSC Member,,,,Male,,,,,,,,,,
West Champaran,Bettiah NN,,No,Ravi Kumar,Late Krishna Prasad,9431809600.0,EBC,Noniya,48.0,"- He contested for the ZP Member election from Chanpatiya ZP area no. 32.
 - He lost the election and holds the third position.
- He runs Pushpanjali Hotel and G. D Goenka School of Bettiah and Lalsaraiya.
- He is also a younger brother of Renu Devi (MLA Bettiah). ",BSC Member,,,,Male,,,,,,,,,,
Kaimur,Nalanda,,No,Kumari Poonam Sinha,,9431852762.0,OBC,Kurmi,47.0,"Kumari Poonam Sinha | Female | 47 | OBC | Kurmi | ZP Member

-Incumbent ZP Member(2021 to Till Date)
-Active Social Worker ( working on Environment, distributed 40 Thousand Plants & Health)
",ACC,,,,Female,,,,,,,,,,
Saran,Ishuapur,,No,मोहम्मद आलम,स्व. मोहम्मद अलाउद्दीन,9436733706.0,Minority,मुस्लिम,,"- De-facto ZP 2nd runner-up 2021 (approx 3500 votes),
- Organised several meetings of muslim leaders from different blocks for Jan Suraaj.
- Prominent face among Muslim and other communities. ",Vice President/Chief Spokesperson,,,,Male,,,,,,,,,,
Saran,Panapur,,No,Ranvijay Singh,नंदलाल सिंह,9437206400.0,General,Rajput,53.0,"-Ex- de-facto ZP in 2011-2016
-De-facto ZP candidate, received 1955 votes
-His father was Mukhiya for 23 years.
-MLA candidate in 2020, received approx 1068 votes
-His father Nandlal Singh was a Mukhiya from 1977-2001.
-Businessman- Hotels and Schools in Orissa & Multiple shops in Marhoura Anumandal",DSC Member,,,,Male,,,,,,,,,,
Saran,Panapur,,No,Ranvijay Singh,नंदलाल सिंह,9437206400.0,General,Rajput,,"-Ex- de-facto ZP in 2011-2016
-De-facto ZP candidate, received 1955 votes
-MLA candidate in 2020, received approx 1068 votes
-His father Nandlal Singh was a Mukhiya from 1977-2001.
-Businessman- Hotels and Schools in Orissa & Multiple shops in Marhoura Anumandal",BSC Member,,,,Male,,,,,,,,,,
East Champaran,Paharpur,,Paharpur_7,Mukhdev Mishra,स्व. राजवल्लभ मिश्रा,9471026019.0,General,Brahmin,62.0,"Former ZP 2006-2011
-Former RJD District General Secretary",DSC Member,,,,Male,,,,,,,,,,
East Champaran,Pahadpur,,Paharpur_7,Mukhdev Mishra,Late Rajvalaw Mishra,9471026019.0,General,Bhumihar,63.0,"Contested ZP 2006-2011
-Former RJD District General Secretary",Prakhand Abhiyan Samiti Sanyojak,,,,Male,,,,,,,,,,
West Champaran,Narkatiaganj,,No,Ratnesh Kumar Paswan,स्व. हीरा पासवान,9471870978.0,SC,दुसाध,50.0,"- Former Mukhiya (2011-2016)
- ZP runner up ( 2011, Got 5500 Votes)
- Businessman",DSC Member,Call Connected,Agar seat coniferm hua to ldenge,Dicey,Male,no,22.0,mukhiya,Yes,22 se tayari kar rahe hai.,,,,,
West Champaran,Narkatiaganj,,No,Ratnesh Kumar Paswan,Late Heera Paswan,9471870978.0,SC,Dusadh,48.0,"- Former Panchayat Samiti (2016)
- ZP runner up ( 2011, Got 5500 Votes)
Businessman ",Prakhand Abhiyan Samiti Member,,,,Male,,,,,,,,,,
West Champaran,Narkatiyaganj,,No,Ratnesh Kumar Paswan,स्व. हीरा पासवान,9471870978.0,SC,दुसाध,50.0,"- Former Mukhiya (2011-2016)
- ZP runner up ( 2011, Got 5500 Votes)
- Businessman",DSC Member,,,,Male,,,,,,,,,,
West Champaran,Gaunaha,,No,Ratnesh Kumar Paswan,Late Heera Paswan,9471870978.0,SC,Dusadh,52.0,"Social Worker.
ZP-2009 Secured 2nd position.
Give support to BDC and Mukhiya in 2011",BSC Member,,,,Male,,,,,,,,,,
West Champaran,Narkatiyaganj,,No,Ratnesh Kumar Paswan,Late Heera Paswan,9471870978.0,SC,Dusadh,48.0,"- Former Panchayat Samiti (2016)
- ZP runner up ( 2011, Got 5500 Votes)
Businessman ",Prakhand Abhiyan Samiti Member,,,,Male,,,,,,,,,,
Saran,Amnour,,Amnour_33,Pawan Kumar Bhagat,Dheerjanand Bhagat,9471875711.0,EBC,Nonia,27.0,"-Consested ZP in 2021 (2493 votes)
-Chachi contested Mukhiya in 2016 (523 votes) - BJP Mandal Yuva Adhyksh ( 2019-2021)",DSC Member,,,,Male,,,,,,,,,,
Saran,Amnour,,Amnour_33,Pawan Kumar Bhagat,Dheerjanand Bhagat,9471875711.0,EBC,Nonia,,"-Consested ZP in 2021 (2493 votes)
-Chachi contested Mukhiya in 2016 (523 votes) 
- BJP Mandal Yuva Adhyksh ( 2019-2021)",Prakhand Social Media Parvari,,,,Male,,,,,,,,,,
East Champaran,Pakdidayal,,Pakridayal_39,Madan Lal Chaudhary,Banwari Lal Chaudhary,9471876200.0,,,,"Madan Lal Chaudhary | 60| Male| OBC| Kalwar

RJD Pradesh Mahasachiv of Vyavasayik Prakoshth from 2020- present.
Congress Zila Upadhyaksh from 1990-95.
- ZP Conyeatant and secured 1200 votes in 2001.
- ZP Conyeatant and secured 200 votes in 2006.
- ZP Conyeatant and secured 2600 votes in 2011.
- ZP Conyeatant and secured 3500 votes in 2016..
- Mukhiya Contestant and secured 888 votes in 2021.
- He belongs to the Landlord's Family.
- Congrace Vice President Pakaridyal from 1985-90""",Sangathan Zila Kisan Adhyaksh,,,,,,,,,,,,,,
East Champaran,Pakdidayal,,Pakridayal_39,Madan Lal Chaudhary,Banwari Lal Chaudhary,9471876200.0,OBC,Kalwar,60.0,"Madan Lal Chaudhary | 60| Male| OBC| Kalwar

RJD Pradesh Mahasachiv of Vyavasayik Prakoshth from 2020- present.
Congress Zila Upadhyaksh from 1990-95.
- ZP Conyeatant and secured 1200 votes in 2001.
- ZP Conyeatant and secured 200 votes in 2006.
- ZP Conyeatant and secured 2600 votes in 2011.
- ZP Conyeatant and secured 3500 votes in 2016..
- Mukhiya Contestant and secured 888 votes in 2021.
- He belongs to the Landlord's Family.
- Congrace Vice President Pakaridyal from 1985-90""",Sangathan Zila Kisan Adhyaksh,,,,Male,,,,,,,,,,
East Champaran,Pakdidayal,,Pakridayal_39,Madan Mohan Lal Chaudhary,Late Banawari Lal Chaudhary,9471876200.0,OBC,Kalwar,62.0,"- RJD Pradesh Mahasachiv of Vyavasayik Prakoshth from 2020- present.
Congress Zila Upadhyaksh from 1990-95.
- ZP Conyeatant and secured 1200 votes in 2001.
- ZP Conyeatant and secured 200 votes in 2006.
- ZP Conyeatant and secured 2600 votes in 2011.
- ZP Conyeatant and secured 3500 votes in 2016..
- Mukhiya Contestant and secured 888 votes in 2021.
- He belongs to the Landlord's Family.
- Congrace Vice President Pakaridyal from 1985-90",Prakhand Mahasachiv,,,,male,,,,,,,,,,
Gopalganj,Baikunthpur,,No,Ashfaq Ahmad,Late Allim Hussai,9472011786.0,,,,"Ashfaque Ahmad | 50 | Male | Minority | Muslim

-Incumbent ZP From Baikunthpur
-Prominent Businessman, Including Real Estate.
-Strong hold at All Community.",Zila Abhiyan Samiti Sanyojak,,,,,,,,,,,,,,
Gopalganj,Baikunthpur,,No,Ashfaq Ahmad,स्व. आलिम हुसैन,9472011786.0,Minority,Muslim,50.0,"Ashfaque Ahmad | 50 | Male | Minority | Muslim

-Incumbent ZP From Baikunthpur
-Prominent Businessman, Including Real Estate.
-Strong hold at All Community.",Zila Abhiyan Samiti Sanyojak,,,,Male,,,,,,,,,,
West Champaran,Mainatand,,No,khurshed Alam,Late Abdul Aziz,9472052020.0,Minority,Muslim,54.0,khurshed Alam had contestant ZP election in 2000.He got vote 2500 in the election.Now he is have very good influence in society.He is a big contractor in West Champaran.,BSC Member,,,,Male,,,,,,,,,,
West Champaran,Mainatand,,No,khurshed Alam,Late Abdul Aziz,9472052020.0,Minority,Muslim,54.0,khurshed Alam had contestant ZP election in 2000.He got vote 2500 in the election.Now he is have very good influence in society.He is a big contractor in West Champaran.,BSC Member,,,,Male,,,,,,,,,,
East Champaran,Motihari NN,,No,Randheer Kumar Tyagi,Jai Mangal Prasad Yadav,9472093229.0,OBC,Yadav,42.0,"- Sarpanch runner-up in 2006 from Barwa kala Panchayat, Ghodasahan
- Mukhiya runner-up in 2011
-ZP runner-up in 2016 
- ZP runner-up in 2021
- Contested mayor election received 5000 votes in 2022
- Social Worker & Advocate",Prakhand Abhiyan Samiti Sanyojak,,,,Male,,,,,,,,,,
East Champaran,Madhuban,,Madhuban_53,Khoob Lal Ram,Ram Ratan Ram,9472323181.0,SC,Chamar,60.0,"Former ZP 2001-2006
Prominent SC Leader",DSC Member,,,,Male,,,,,,,,,,
Saran,Amnour,,Amnour_31,Kuldeep Mahaseth,स्व. पुरूषोत्तम प्रसाद,9472400777.0,OBC,सूरी,43.0,"
Kuldeep Mahaseth |43| OBC | Suri

- ZP runner up in 2016
- ZP Runner up got 3853 votes in 2021
- Working in Parbhat Khabar from last 25 years as Editor , - Runs garment shop and owner of two Bank CSP",Zila Mukhya Pravakta,,,,Male,,,,,,,,,,
West Champaran,Nautan,,No,Eid Mohmmad ahlam,Jana as md. alam,9472466896.0,Minority,Minority,44.0,"- Ex ZP
-Faced defeat in the Sarpanch elections of 2021.
-Emerged victorious in the ZP elections of 2001.",BSC Member,,,,Male,,,,,,,,,,
West Champaran,Nautan,,No,Eid Mohmmad ahlam,Jana as md. alam,9472466896.0,Minority,Minority,44.0,"- Ex ZP
-Faced defeat in the Sarpanch elections of 2021.
-Emerged victorious in the ZP elections of 2001.",BSC Member,,,,Male,,,,,,,,,,
West Champaran,Bagaha 2,,No,Dinesh Patwari,नंदलाल पटवारी,9472860517.0,ST,Tharu,48.0,"- ZP Contestant in 2021 elections
- Scored 5,390 votes.",DSC Member,,,,Male,,,,,,,,,,
Gopalganj,Barauli,,No,Narad Prasad,Late Shri Ram shah,9504966007.0,EBC,Kanu,47.0,"-Former BDC (2011-16)
-ZP Contestant (seat no. 27)- 4421 Votes on 3rd Position
-BJP Block Vice-president""",Prakhand Upadhyaksh,,,,Male,,,,,,,,,,
Gopalganj,Barauli,,No,Narad Prasad,Late Shri Ram shah,9504966007.0,EBC,Kanu,,"-Former BDC (2011-16)
-ZP Contestant (seat no. 27)- 4421 Votes on 3rd Position
-BJP Block Vice-president""",Prakhand Upadhyaksh,,,,Male,,,,,,,,,,
Gopalganj,Sidhwaliya,,No,Sarita Devi,Raju Kumar Singh,9507562989.0,General,Rajput,38.0,"- ZP from 2016 to 2021
- Runner-up ZP in 2021 with 4000 votes
- Runs Coaching Center in her Panchyat with 200 students on rolls",Prakhand Upadhyaksh,,,,Female,,,,,,,,,,
Gopalganj,Sidhwaliya,,No,Sarita Devi,Raju Kumar Singh,9507562989.0,General,Rajput,,"- ZP from 2016 to 2021
- Runner-up ZP in 2021 with 4000 votes
- Runs Coaching Center in her Panchyat with 200 students on rolls",Prakhand Upadhyaksh,,,,Female,,,,,,,,,,
West Champaran,Majhauliya,,No,Aftab Alam,Shaikh Haidar ali,9507755947.0,Minority,Muslim,55.0,"ZP Runner up - 2016
Mukhiya Runner Up -2001",BSC Member,,,,Male,,,,,,,,,,
West Champaran,Majhaulia,,No,Aftab Alam,Shaikh Haidar ali,9507755947.0,Minority,Muslim,55.0,"ZP Runner up - 2016
Mukhiya Runner Up -2001",BSC Member,,,,Male,,,,,,,,,,
Saran,Panapur,,No,रोज़ादीन मिया,मीरहसन मियां,9507953321.0,Minority,Muslim,45.0,"- Zp Runner 2021
- BDC Runner up 2016",Sangathan Zila Upadhyaksh,,,,Male,,,,,,,,,,
Saran,Panapur,,No,Rozadin Ansaari,Mirhasan Ansari,9507953321.0,Minority,Ansari,,": ZP runner up
: Active as social activist  ",BSC Member,,,,Male,,,,,,,,,,
East Champaran,Raxaul,,No,Suresh Patel,Late Rambahadur Patel,9523402871.0,EBC,Kanu,60.0,"BDC Contender -2001
ZP Runner Up -2011
Prakhand Mahasachiv JDU-2004-21",Prakhand upadhyaksh,,,,male,,,,,,,,,,
East Champaran,Raxaul,,No,Suresh Patel,Late Rambahadur Patel,9523402871.0,EBC,Kanu,,"BDC Contender -2001
ZP Runner Up -2011
Prakhand Mahasachiv JDU-2004-21",Prakhand Upadhyaksh,,,,male,,,,,,,,,,
West Champaran,Ramnagar,,No,Ram Lakhan Paswan,Bachan Paswan,9523630110.0,SC,dusadh,42.0,"- ZP Contestant (2021)
- BDC Runner up (2016)",BSC Member,,,,Male,,,,,,,,,,
West Champaran,Bagaha 2,,No,Ram Lakhan Paswan,Bachan Paswan,9523630110.0,SC,Dusadh,43.0,"43|Male | Dusadh | Ex BDC|Ex ZP Candidate
Education: Metric
Financial Status: Weak
Socio-political Brief:
He is into politics since 2000. Between 2000 and 2010, he was a Karyakarta in RJD. In 2010 he stood for BDC election and got 3rd position. After 2010 he joined Congress and tried his hand in Mukhiya election in 2015 (2nd position-by 18 votes). In 2021, he stood for Zila praishad election and got 3rd position. His wife is an Anganwadi Sahayika. He invested the money meant for Ambedkar statue into building a private coaching for Anath and marginalised children.",BSC Member,,,,Male,,,,,,,,,,
Siwan,Hussainganj,,No,नवाज अली,स्व. अली तेज साह,9525137512.0,Minority,Muslim,33.0,"-His Father was a Ex Sarpanch of Badram P anchayat 2006
-Social Activist.
-Property Delar
-Prominent Face Amongs Youth.
-He will Contest ZP Election of 2026",DSC Member,,,,Male,,,,,,,,,,
Siwan,Hussainganj,,No,नवाज अली,स्व. अली तेज साह,9525137512.0,Minority,Muslim,,"-His Father was a Ex Sarpanch of Badram P anchayat 2006
-Social Activist.
-Property Delar
-Prominent Face Amongs Youth.
-He will Contest ZP Election of 2026",Prakhand Abhiyaan Samiti Sadsya,,,,Male,,,,,,,,,,
Siwan,Guthani,,No,जनार्दन ओझा,स्व. बासु देव ओझा,9525973095.0,General,Brahamin,56.0,"Sarpanch of Guthani West from 2006 to 2011.
Held the position of BJP Block Treasurer from 2012 to 2022.
ZP Contestant Secured 1860 Votes.
Owns several shops in the Guthani Nagar Panchayat.",DSC Member,,,,Male,,,,,,,,,,
Siwan,Guthani,,No,Janardan Ojha,Lt basu Dev ojha,9525973095.0,General,Brahmin,,"Sarpanch of Guthani West from 2006 to 2011.
Held the position of BJP Block Treasurer from 2012 to 2022.
ZP Contestant Secured 1860 Votes.
Owns several shops in the Guthani Nagar Panchayat.",BSC Member,,,,Male,,,,,,,,,,
East Champaran,Kesariya,,Kesaria_31,सुमित सिंह,सुनील कुमार सिंह,9546495229.0,General,Rajput,30.0,"-BJP Vidhan Sabha Prabhari 2020
-BJP District Prashikshan Pramukh
-Wife, Soumya Raj received 2000 votes, second runner-up in 2021 ZP elections",Prakhand yuva Adhyaksh,,,,male,,,,,,,,,,
West Champaran,Mainatand,,No,Shakeel Ahmed,Safi Ahmed,9546949850.0,Minority,Muslim,31.0,"
- Contested, secured 3400 votes and lost ZP elections
- He is farmer by profession and is socially active in the panchayat",BSC Member,,,,Male,,,,,,,,,,
West Champaran,Mainatand,,No,Shakeel Ahmed,Safi Ahmed,9546949850.0,Minority,Muslim,31.0,"
- Contested, secured 3400 votes and lost ZP elections
- He is farmer by profession and is socially active in the panchayat",BSC Member,,,,Male,,,,,,,,,,
Siwan,Hussainganj,,No,Tanveer Ahmad,मशकूर अहमद,9570513434.0,Minority,Muslim,,"- Software Engineer, returned from Dubai
- Worked in a prominent MNC
-Political Aspirant for ZP, working on Ground for that",BSC Member,,,,Male,,,,,,,,,,
Gopalganj,Phulwariya,,No,Firoz Ansari,Abbas Ansari,9570651697.0,Minority,,31.0,"- He is ZP contestant  in 2021 and secured 3616 votes.
- Affiliated with RJD",Prakhand yuva Adhyaksh,,,,Male,,,,,,,,,,
West Champaran,Chanpatia,,No,Abdul Kudus Kuraishi,Late. Armal Kuraishi,9570708525.0,Minority,Muslim,54.0,"- Ex, Mukhiya of Jaitiya Panchayat (2016)
- Former BDC of Bankat Puraina Panchayat(2006)
- Mukhiya contestant in 2021
- BDC Runner-up (2011)
- ZP Runner-up (2001), got 3600 votes but lost by 167 votes",BSC Member,,,,Male,,,,,,,,,,
West Champaran,Chanpatia,,No,Abdul Kudus Kuraishi,Late. Armal Kuraishi,9570708525.0,Minority,Muslim,54.0,"- Ex, Mukhiya of Jaitiya Panchayat (2016)
- Former BDC of Bankat Puraina Panchayat(2006)
- Mukhiya contestant in 2021
- BDC Runner-up (2011)
- ZP Runner-up (2001), got 3600 votes but lost by 167 votes",BSC Member,,,,Male,,,,,,,,,,
Saran,Nagra,,Nagra_19,Navin Kumar Singh AKA Abhay Singh,Shivshankar Singh,9570756851.0,General,Bhumihar,,"-In 2001 He contested the ZP election and lose by 123 votes.
-In 2006 seat gets reserved.  His wife contested for ZP and lose by 300 votes.

",BSC Member,,,,Male,,,,,,,,,,
Saran,Marhaura,,Nagra_19,Naveen Kumar Singh,,9570756851.0,General,Bhumihar,54.0,"Naveen Kumar Singh | Male | 54 | General | Bhumihar | Defacto Incumbent ZP 

-Incumbent Defacto ZP Member(2021 to Till Date)
-Former Defacto ZP Member(2006 to 2016)
-Former JDU District President (2007 to 2010)
-Former Membr of Syndicate at JP University(2007 to 2010)
",ACC,,,,Male,,,,,,,,,,
West Champaran,Majhauliya,,No,Shabha Shankar Sah,Late Baliram Prasad,9572010451.0,OBC,Madhesiya Kanu,42.0,"- Contested ZP elections from area no. 40, and secured 3rd position with 3500 votes after Ziauddin(6100 votes) and Dr. Sourabh Kumar (4000 votes)",BSC Member,,,,Male,,,,,,,,,,
West Champaran,Majhaulia,,No,Shabha Shankar Sah,Late Baliram Prasad,9572010451.0,OBC,Madhesiya Kanu,42.0,"- Contested ZP elections from area no. 40, and secured 3rd position with 3500 votes after Ziauddin(6100 votes) and Dr. Sourabh Kumar (4000 votes)",BSC Member,,,,Male,,,,,,,,,,
Siwan,Siwan Sadar,,Siwan_16,Pinky devi,Rohit Kumar,9572511101.0,,,,"Pinky Devi | 38 | Female | SC | Chamar

- Former ZP from area no. 16
- ZP Runnerup in 2021
- Medical Practitioner
- Her husband runs a private school
- Her father-in-law was the tall political leader of the BSP party",Zila Mahila Adhyaksh,,,,,,,,,,,,,,
Siwan,Siwan Sadar,,Siwan_16,Pinky devi,Rohit Kumar,9572511101.0,SC,Chamar,38.0,"Pinky Devi | 38 | Female | SC | Chamar

- Former ZP from area no. 16
- ZP Runnerup in 2021
- Medical Practitioner
- Her husband runs a private school
- Her father-in-law was the tall political leader of the BSP party",Zila Mahila Adhyaksh,,,,Female,,,,,,,,,,
Saran,Marhaura,,No,Jayram Rai,LT. Hardev Rai,9572608554.0,OBC,Yadav,,"-MLA contestant in 2010 & 2015 and secured approx 5k votes
- ZP Contestant in 2016 & 2021 and stood second respectively 
- Brother of ex MLA Ram Parvesh Rai from Chhapra AC and ex- Zila Parishad Chairman
- Nephew is 2 times ZP from Marhaura Part1 & Vidhan Sabha contestant in 2020 with 3600 plus votes
- One brother is ex BDC Parmukh & Current PACS President",Prakhand Mahasachiv,,,,Male,,,,,,,,,,
West Champaran,Ramnagar,,No,Pradeep Sharma,रामबृक्ष शर्मा,9599256705.0,EBC,Badhai,53.0,"-Zila Adhyaksh, badhai Sangh
- ZP Contestant (2011)
- Active Social worker""",DSC Member,,,,Male,,,,,,,,,,
West Champaran,Ramnagar,,No,Pradeep Sharma,Late Ramvriksha Sharma,9599256705.0,EBC,Badhai,53.0,-He is the District President of Badhai Sangh. -Runner-up ZP Candidate from area no.19 and got 3200 votes in 2011.,Prakhand Adhyaksh,,,,Male,,,,,,,,,,
Kaimur,Chainpur,,Chainpur_13,Ram Ekbal Prasad Bind,Late Ram Nrayan Bind,9608736787.0,,,,"Ram Ekbal Prasad Bind | Male | 52 | EBC | Bind

- Former Two time Mukhiya (2006 & 2011).
- ZP Runner up (2021).
- JDU Pradesh Mahasachiv of EBC wing (2022-2023).
-JDU Zila Adhyaksh of EBC (2011-2022).",Zila Abhiyan Samiti Sanyojak,,,,,,,,,,,,,,
Kaimur,Chainpur,,Chainpur_13,Ram Ekbal Prasad Bind,Late Ram Nrayan Bind,9608736787.0,EBC," Bind
",52.0,"Ram Ekbal Prasad Bind | Male | 52 | EBC | Bind

- Former Two time Mukhiya (2006 & 2011).
- ZP Runner up (2021).
- JDU Pradesh Mahasachiv of EBC wing (2022-2023).
-JDU Zila Adhyaksh of EBC (2011-2022).",Zila Abhiyan Samiti Sanyojak,,,,Male,,,,,,,,,,
West Champaran,Piprasi,,No,Dhruv Kuswaha,स्व. सीता राम महतो,9628848588.0,OBC,Kuswaha,60.0,"- Defacto ZP (2001-06)
- PDS ration distributor since 1989",DSC Member,,,,Male,,,,,,,,,,
East Champaran,Adapur,,No,Iqbal Dewan,Late Majid Ahmed,9631874678.0,Minority,Muslim,56.0,"- Former ZP (2011-16)
- Ex State General Secreatry Minority Cell JDU
- Runner Up in ZP 2016, 2021 elections",BSC Member,Not Received ,,,male,,,,,,,,,,
East Champaran,Chawradano,,Chawradano_24,"बब्लू कुमार ""संतोष प्रसाद""",मदन मोहन प्रसाद,9631936019.0,EBC,Teli,45.0,"-He contested ZP elections in 2011 but lost. 
-In 2016 ZP elections, he emerged as the runner-up and lost by 30 votes. 
-In 2021 ZP elections, he got 4200 votes but lost. 
-He also runs a hardware shop “Ashok Hardware” on Gudri Bazar Road
- Incumbent Congress block president",Prakhand upadhyaksh,,,,male,,,,,,,,,,
East Champaran,Chawradano,,Chawradano_24,"बब्लू कुमार ""संतोष प्रसाद""",मदन मोहन प्रसाद,9631936019.0,EBC,Teli,,"-He contested ZP elections in 2011 but lost. 
-In 2016 ZP elections, he emerged as the runner-up and lost by 30 votes. 
-In 2021 ZP elections, he got 4200 votes but lost. 
-He also runs a hardware shop “Ashok Hardware” on Gudri Bazar Road
- Incumbent Congress block president",Prakhand Upadhyaksh,,,,male,,,,,,,,,,
West Champaran,Sikta,,Sikta_29,Ramashish Mukhiya,Lal Bahadur Mukhiya,9661030435.0,EBC,Bind,42.0,"-ZP Runner Up (7500votes)
-EBC Community Leader",Prakhand Upadhyaksh,,,,Male,,,,,,,,,,
West Champaran,Sikta,,Sikta_29,Ramashish Mukhiya,Lal Bahadur Mukhiya,9661030435.0,EBC,Bind,,"-ZP Runner Up (7500votes)
-EBC Community Leader",Prakhand Upadhyaksh,,,,Male,,,,,,,,,,
West Champaran,Sikta,,Sikta_29,Ramashish Mukhiya,Lal Bahadur Mukhiya,9661030435.0,EBC,Bind,42.0,"-ZP Runner Up (7500votes)
-EBC Community Leader",Prakhand Upadhyaksh,,,,Male,,,,,,,,,,
East Champaran,Sugauli,,Sugauli_5,Imtiyaz Ahmad,Mohammad Shaukat Ali,9661139072.0,Minority,Muslim,48.0,"- 2021 ZP Candidate, secured 4500+ votes
- International Human Rights Block President
- Ex- Block Vice President Youth Wing- RJD (2017-2021)",Prakhand Upadhyaksh,,,,,,,,,,,,,,
East Champaran,Sugauli,,Sugauli_5,Imtiyaz Ahmad,Mohammad Shaukat Ali,9661139072.0,Minority,Muslim,,"- 2021 ZP Candidate, secured 4500+ votes
- International Human Rights Block President
- Ex- Block Vice President Youth Wing- RJD (2017-2021)",Prakhand Upadhyaksh,,,,,,,,,,,,,,
West Champaran,Mainatand,,No,Ajmul Hoda,Anwarul Haque Ameen,9661155029.0,Minority,Muslim,42.0,"- 2021 - Lost ZP elections against Shri Ram by 2 votes
- 2011 - Contested Mukhiya elections and secured 1861 votes. Lost by 18 votes.
- 2006 - Lost Mukhiya elections",BSC Member,,,,Male,,,,,,,,,,
West Champaran,Mainatand,,No,Ajmul Hoda,Anwarul Haque Ameen,9661155029.0,Minority,Muslim,42.0,"- 2021 - Lost ZP elections against Shri Ram by 2 votes
- 2011 - Contested Mukhiya elections and secured 1861 votes. Lost by 18 votes.
- 2006 - Lost Mukhiya elections",BSC Member,,,,Male,,,,,,,,,,
West Champaran,Majhauliya,,No,Khurshid Alam,Late Abdul Hakim,9661415700.0,Minority,Muslim,38.0,"-Zp Contestant-2021
-To Educate poor Children
-",Prakhand Abhiyan Samiti Member,,,,Male,,,,,,,,,,
West Champaran,Majhaulia,,No,Khurshid Alam,Late Abdul Hakim,9661415700.0,Minority,Muslim,38.0,"-Zp Contestant-2021
-To Educate poor Children
-",Prakhand Abhiyan Samiti Member,,,,Male,,,,,,,,,,
East Champaran,Chakia NP,,No,Pawel Singh,Late Prof. Nagendra Prasad Singh,9661626161.0,General,Rajput,45.0,"-ZP Contested two terms.
- Prof. Nagendra Singh (Father) MLA contested (1995-2000)
- DTPT - NGO Director
- NCY President (Delhi)
- Humans Right RWA - President (Dehli)",BSC Member,,,,Male,,,,,,,,,,
West Champaran,Lauriya,,No,Ramdev Mahato,स्व. रघुनाथ महतो,9661632945.0,EBC,Noniya,72.0,"-Ex-Zila Parishad and MLA candidate, also a social activist.
-Actively involved in JP movement, went to jail for activism.
-Won ZP election from Bettiah independently.
-Now part of JDU but sees decline in Nitish Kumar's popularity.
-Comes from OBC background, well-connected across society.
-Effective in facilitating government projects, earning public respect.
-Family highly respected in Bettiah block.",DSC Member,,,,Male,,,,,,,,,,
West Champaran,laurea,,No,Ramdev Mahato,स्व. रघुनाथ महतो,9661632945.0,EBC,Noniya,72.0,"-Ex-Zila Parishad and MLA candidate, also a social activist.
-Actively involved in JP movement, went to jail for activism.
-Won ZP election from Bettiah independently.
-Now part of JDU but sees decline in Nitish Kumar's popularity.
-Comes from OBC background, well-connected across society.
-Effective in facilitating government projects, earning public respect.
-Family highly respected in Bettiah block.",DSC Member,,,,Male,,,,,,,,,,
East Champaran,Turkaulia,,No,Gopal Paswan,Late Gagan Paswan,9661792655.0,SC,Dushadh,50.0,"Former ZP 2016-2021
ZP Runner Up 2011 Lost by thin Margin",DSC Member,,,,Male,,,,,,,,,,
East Champaran,Turkauliya,,No,Gopal Paswan,Late. Gagan Paswan,9661792655.0,SC,Dusadh,52.0,"- ZP runner up 2006 and 2011
- Ex zila Parishad in 2016 
",Prakhand Mahasachiv,,,,,,,,,,,,,,
West Champaran,Sikta,,No,Jafiruddin,Late Bhulai Diwan,9708585944.0,Minority,Muslim,45.0,"- 2021 Election:In BDC  Secured 1156 votes, placed 2nd among 6 candidates, lost by 350 votes
- ZP (area 28) 2016: Secured 4655 votes, placed 3rd
- MLA 2006: Secured 2700 votes",BSC Member,,,,Male,,,,,,,,,,
West Champaran,Sikta,,No,Jafiruddin,Late Bhulai Diwan,9708585944.0,Minority,Muslim,45.0,"- 2021 Election:In BDC  Secured 1156 votes, placed 2nd among 6 candidates, lost by 350 votes
- ZP (area 28) 2016: Secured 4655 votes, placed 3rd
- MLA 2006: Secured 2700 votes",BSC Member,,,,Male,,,,,,,,,,
East Champaran,Motihari,,No,Alok Verma,Rakesh Kumar Verma,9708708400.0,General,Kayasth,34.0,-ZP Contestent (2021) with 1800 votes,Sangathan Zila Sachiv,,,,Male,,,,,,,,,,
West Champaran,Baria,,Bairia_33,Avadhesh Prasad,स्व. बैद्यनाथ प्रसाद,9709840433.0,EBC,बिन्द,50.0,"- Zp runner up (2011,2016,2021)
- Former ZP 2006",DSC Member,,,,Male,,,,,,,,,,
West Champaran,Bairia,,Bairia_33,Awadhesh Prasad,Late Baidyanath Prasad,9709840433.0,EBC,Bind,50.0,"- He has been contesting ZP since 2006 continuosly. In 2006 PRI, he got 6700 votes and won from area no. 34. From 2011 onwards, he has been contesting from area no. 33 against Amar Yadav. He got approx. 6500, 7500, and 10000 votes in 2011, 2016, and 2021 respectively.",BSC Member,,,,Male,,,,,,,,,,
Bhojpur,Munger,,No,Md Shahab Malik,,9709965906.0,Minority,Malik,62.0,"Md Shahab Malik | Male | 62 | Minority | Malik | ZP Contestant

-Former ZP Contestant(2007) , Got 7500 Votes
-Former RJD Zila Adhyaksh(2017 to 2023)
-Former RJD Member(1997 to 2023)
-Former Congress  Block President(1984 to 1996)
-Incumbent ITC TM Workers Union Mahamantri
-Jan Suraaj State Working Committee Member",ACC,,,,Male,,,,,,,,,,
Siwan,Hasanpura,,Hasan Pura_13,Sambhu Yadav,Late Ramnaresh Yadav,9771090320.0,OBC,Yadav,54.0,"-Defacto ZP(2016-2021) and runner up ZP elecions(2021) from Area no. 13
-2 time Mukhiya (2001-2011)
-Prakhand Adhyaksh of Kisan Salahkar samiti(2007-2021)
-Father was mukhiya of Hassanpura panchayat from 1973-2001 and zila bisutri member from INC from 1991-2001",Zila Upadhyaksh,,,,Male,,,,,,,,,,
Siwan,हसनपुरा,,Hasan Pura_13,Shambhu Yadav,,9771090320.0,OBC,Yadav,54.0,"-Defacto ZP(2016-2021) and runner up ZP elecions(2021) from Area no. 13
 -2 time Mukhiya (2001-2011)
 -Prakhand Adhyaksh of Kisan Salahkar samiti(2007-2021)
 -Father was mukhiya of Hassanpura panchayat from 1973-2001 and zila bisutri member from INC from 1991-2001",Block Prabhari,,,,Male,,,,,,,,,,
Siwan,Hasanpura,,Hasan Pura_13,शंभू यादव,स्व. रामनरेश यादव,9771090320.0,OBC,Yadav,54.0,"-Defacto ZP(2016-2021) and runner up ZP elecions(2021) from Area no. 13
-2 time Mukhiya (2001-2011)
-Prakhand Adhyaksh of Kisan Salahkar samiti(2007-2021)
-Father was mukhiya of Hassanpura panchayat from 1973-2001 and zila bisutri member from INC from 1991-2001",DSC Member,,,,Male,,,,,,,,,,
West Champaran,Narkatiaganj,,Narkatiaganj_25,सुभाष यादव,स्व. लक्ष्मण यादव,9771230499.0,OBC,Yadav,44.0,"- He is ZP Contetant of Area No. 25 and got 6238 Votes and he holds the second position.
- He is into business under which he runs 3 trucks all over India.
- He is also into farming activity.
",BSC Member,Number Missing,,,Male,,,,,,,,,,
West Champaran,Narkatiyaganj,,Narkatiaganj_25,सुभाष यादव,स्व. लक्ष्मण यादव,9771230499.0,OBC,Yadav,44.0,"- He is ZP Contetant of Area No. 25 and got 6238 Votes and he holds the second position.
- He is into business under which he runs 3 trucks all over India.
- He is also into farming activity.
",BSC Member,,,,Male,,,,,,,,,,
East Champaran,Patahi,,Patahi_51,Shyam Sundar Singh,Late. Ramlal Singh,9771604245.0,General,Bhumihar,47.0,"-Incumbent ZP
- Member of Swashtya Samiti ZP.",Zila Upadhyaksh,,,,Male,,,,,,,,,,
East Champaran,Chiraia,,Patahi_51,Shayam Sunder Singh,,9771604245.0,General,Bhumihar,51.0,"Shyam Sunder Singh | Male | 51 | General | Bhumihar | Incumbent Defacto ZP

-Incumbent Defacto ZP(2021)
-Medicine Franchise
-Jan Suraaj Zila Upadhyaksh",ACC,,,,Male,,,,,,,,,,
Gopalganj,Manjha,,No,Vikas Kumar Singh,Ramashankar Singh,9771637167.0,,,,"- Defacto ZP of Manjha Block
- Former District Vice President of RJD",SSC-Member,,,,,,,,,,,,,,
Gopalganj,,,No,Vikas Kumar Singh,Ramashankar Singh,9771637167.0,General,Rajput,39.0,"- Defacto ZP of Manjha Block
- Former District Vice President of RJD",SCC-Member,,,,Male,,,,,,,,,,
Gopalganj,Barauli,,No,Vikas Singh,,9771637167.0,General,Rajput,,"Vikas Singh | Male | 42 | General | Rajput | Incumbent Defacto ZP

-Incumbent Defacto ZP member, 2021 To Till Date
-Jan Suraaj Core Commiitte Member
-Jan Suraaj Zila Prabhari",ACC,,,,Male,,,,,,,,,,
East Champaran,fenhara,,No,Diwakar Tripathi,R. M. Tripathi,9771696611.0,,,,"Diwakar Tripathi | 57| Male| General| Brahmin

Mukhiya won with soft election in 2001.
- ZP Contestant and secured 1500 votes in 2021.
Retired SBI Area Manager of the North Bihar IN 2018.
- BJP Sangathan Mantri from1997- 2000.
- BJP Block Yuva Adhyaksh from 1994-1997.""",Sangathan Zila Mukhya Pravakta,,,,,,,,,,,,,,
East Champaran,fenhara,,No,Diwakar Tripathi,R. M. Tripathi,9771696611.0,General,Brahmin,57.0,"Diwakar Tripathi | 57| Male| General| Brahmin

Mukhiya won with soft election in 2001.
- ZP Contestant and secured 1500 votes in 2021.
Retired SBI Area Manager of the North Bihar IN 2018.
- BJP Sangathan Mantri from1997- 2000.
- BJP Block Yuva Adhyaksh from 1994-1997.""",Sangathan Zila Mukhya Pravakta,,,,Male,,,,,,,,,,
East Champaran,Phenhara,,No,Diwakar Tripathi,Late R.M Tripathi,9771696611.0,General,Brammin,53.0,"- Mukhiya won with soft election in 2001.
- ZP Contestant and secured 1500 votes in 2021.
Retired SBI Area Manager of the North Bihar IN 2018.
- BJP Sangathan Mantri from1997- 2000.
- BJP Block Youth President from 1994-1997.",Prakhand Mukhya Pravakta/ Upadhyaksh,,,,Male,,,,,,,,,,
East Champaran,Phenhara,,No,Diwakar Tripathi,Late R.M Tripathi,9771696611.0,General,Brammin,53.0,"- Mukhiya won with soft election in 2001.
- ZP Contestant and secured 1500 votes in 2021.
Retired SBI Area Manager of the North Bihar IN 2018.
- BJP Sangathan Mantri from1997- 2000.
- BJP Block Youth President from 1994-1997.",Prakhand Pravakta,,,,Male,,,,,,,,,,
East Champaran,Phenhara,,No,Diwakar Tripathi,Late R.M Tripathi,9771696611.0,General,Brammin,53.0,"- Mukhiya won with soft election in 2001.
- ZP Contestant and secured 1500 votes in 2021.
Retired SBI Area Manager of the North Bihar IN 2018.
- BJP Sangathan Mantri from1997- 2000.
- BJP Block Youth President from 1994-1997.",BSC Member,,,,Male,,,,,,,,,,
East Champaran,Pakdidayal,,No,Manoj Singh,Mr. Rajmangal Singh,9790488880.0,,,,"Manoj Singh|46| Male| General| Rajput

ZP Runner up 2021
-BJP panchyati raj prakost Jila Adhyakash 2018-2020
Prominent contractor and businessman 
Before Enter in Politics he Worked in Different Big Finance corporate Companies for 10 Years 
",Sangathan Zila Mahasachiv,,,,,,,,,,,,,,
East Champaran,Pakdidayal,,No,Manoj Singh,Mr. Rajmangal Singh,9790488880.0,General,Rajput,46.0,"Manoj Singh|46| Male| General| Rajput

ZP Runner up 2021
-BJP panchyati raj prakost Jila Adhyakash 2018-2020
Prominent contractor and businessman 
Before Enter in Politics he Worked in Different Big Finance corporate Companies for 10 Years 
",Sangathan Zila Mahasachiv,,,,Male,,,,,,,,,,
West Champaran,Sikta,,Sikta_29,Qamrul Hoda,Mishri Dewan,9798216107.0,Minority,Muslim,41.0,-Incumbent defacto zp,Zila Sachiv,,,,,,,,,,,,,,
West Champaran,Mainatand,,Sikta_29,Qamrul Hoda,स्व. मिश्राी दीवान,9798216107.0,Muslim,Shaikh,38.0,-Incumbent defacto zp,DSC Member,,,,Male,,,,,,,,,,
West Champaran,Sikta,,Sikta_29,Qamarul Hoda,Late Misri Dewan,9798216107.0,Minority,Muslim,37.0,"a) Current Profile- Kamrul Hoda's wife is currently the Zila Parshad due to his hardwork in the elctions. He did his Graduation from Motihari. He was active in political sphere during his college days in Motihari. 
 b) Socio-Political Brief- In 2011 & 2016 he contested for Mukhiya from Bhediharwa Panchayat of Sikta Block but lost the election. But in 2021 his wife contested for the first time in ZP elections & won by a good margin. Due to lack of money he himself with a team of 4-5 individuals continuously worked for more than 2 years & won the election with a very low budget. Previously, he has also been Prakhand Adhayaksh of Aam Aadmi Party for 2 years, He has been socially involved with the people & has protested for the Sukha Rahat funds in the past. Then recently he protested for the construction of road from Raxaul to Kathi Methi Chowk which was also in news.
 c) Financial Activities- He belongs from a middle class family but has the family support with good income from agricultural sector, He owns more tha 20 acres of land.
 d) Area | Community influence - He has good influence in the region as he is always available to the people & good hold over the Kurmi & Muslim   population in the region.
 e) Criminal Case - N/A
 f) Public Perception- People likes him as he has been involved in the developmental activities in the region.
 g)Recent Activities- He is very active in social gathering & public meeting.",BSC Member,,,,Male,,,,,,,,,,
West Champaran,Sikta,,Sikta_29,Qumarul Hoda,,9798216107.0,Minority,Sai,,"Qumarul Hoda | Male | 39 | Minority | Sai | Incumbent Defacto ZP 

-Incumbent Defacto ZP Member, 2021 To Till Date
-Former Defacto ZP Contestant, Got 4500 Votes
-Former Mukhiya Contestant, 2011, Got 500 Votes
-Former Congress Block Youth President, 2020 To 2021
-Jan Suraaj Zila Mahasachiv",ACC,,,,Male,,,,,,,,,,
West Champaran,Mainatand,,Sikta_29,Qamrul Hoda,स्व. मिश्राी दीवान,9798216107.0,Muslim,Shaikh,38.0,-Incumbent defacto zp,DSC Member,,,,Male,,,,,,,,,,
West Champaran,Sikta,,Sikta_29,Qamarul Hoda,Late Misri Dewan,9798216107.0,Minority,Muslim,37.0,"a) Current Profile- Kamrul Hoda's wife is currently the Zila Parshad due to his hardwork in the elctions. He did his Graduation from Motihari. He was active in political sphere during his college days in Motihari. 
 b) Socio-Political Brief- In 2011 & 2016 he contested for Mukhiya from Bhediharwa Panchayat of Sikta Block but lost the election. But in 2021 his wife contested for the first time in ZP elections & won by a good margin. Due to lack of money he himself with a team of 4-5 individuals continuously worked for more than 2 years & won the election with a very low budget. Previously, he has also been Prakhand Adhayaksh of Aam Aadmi Party for 2 years, He has been socially involved with the people & has protested for the Sukha Rahat funds in the past. Then recently he protested for the construction of road from Raxaul to Kathi Methi Chowk which was also in news.
 c) Financial Activities- He belongs from a middle class family but has the family support with good income from agricultural sector, He owns more tha 20 acres of land.
 d) Area | Community influence - He has good influence in the region as he is always available to the people & good hold over the Kurmi & Muslim   population in the region.
 e) Criminal Case - N/A
 f) Public Perception- People likes him as he has been involved in the developmental activities in the region.
 g)Recent Activities- He is very active in social gathering & public meeting.",BSC Member,,,,Male,,,,,,,,,,
West Champaran,Sikta,,Sikta_29,Qumarul Hoda,,9798216107.0,Minority,Sai,39.0,"Qumarul Hoda | Male | 39 | Minority | Sai | Incumbent Defacto ZP 

-Incumbent Defacto ZP Member, 2021 To Till Date
-Former Defacto ZP Contestant, Got 4500 Votes
-Former Mukhiya Contestant, 2011, Got 500 Votes
-Former Congress Block Youth President, 2020 To 2021
-Jan Suraaj Zila Mahasachiv",ACC,,,,Male,,,,,,,,,,
Siwan,Bhagwanpur Hat,,Bhagwanpur Hat_41,Upendra Singh,Late. Dharamdev Thakur,9801042225.0,,,,"Upendra singh | 52 | Male | General | Bhumihar

-Former Zp(2016- 2021 ) 
-Runnerup ZP(2021)
-Former Block Pramukh (2001-2006)- 
-Director of RK B.ed College",Sangathan Zila Adhyaksh,,,,,,,,,,,,,,
Siwan,Bhagwanpur Hat,,Bhagwanpur Hat_41,Upendra Singh,Late. Dharamdev Thakur,9801042225.0,General,Bhumihar,52.0,"Upendra singh | 52 | Male | General | Bhumihar

-Former Zp(2016- 2021 ) 
-Runnerup ZP(2021)
-Former Block Pramukh (2001-2006)- 
-Director of RK B.ed College",Sangathan Zila Adhyaksh,,,,Male,,,,,,,,,,
Siwan,Bhagwanpur Haat,,Bhagwanpur Hat_41,उपेंद्र सिंह,स्व. धरमदेव ठाकुर,9801042225.0,General,Bhumihar,52.0,"-Former ZP (2016-2021)
-Former Block Pramukh (2001-2006)
- Lost ZP 2021 by very less margin
-Director of RK B.ed College",DSC Member,,,,Male,,,,,,,,,,
Siwan,Bhagwanpurhat,,Bhagwanpur Hat_41,उपेन्द्र सिंह,Late Dharmdev Thakur,9801042225.0,General,Bhumihar,52.0,-Former ZP (2016-2021)-Former Block Pramukh (2001-2006)- Lost ZP 2021 by very less margin-Director of RK B.ed College,Prakhand Abhiyaan Samiti Sadsya,,,,,,,,,,,,,,
Siwan,Maharajganj,,Bhagwanpur Hat_41,Upendra Singh,,9801042225.0,General,Bhumihar,,"Upendra Singh | Male | 54 | General | Bhumihar | Former ZP Member

-Former ZP Member, 2016 To 2021
-Former ZP Contestant, 2021 , 2011 &2006, runner Up
-Former Up Pramukh, 2001 To 2006
-Former Panchayat Samiti, 2001 To 2006
-Director Of Acgarya Drone Gyan Niketan, and Teachers Training College, Degree College",ACC,,,,Male,,,,,,,,,,
Siwan,Goriyakothi,,No,शमीम अख्तर,स्व. विलायत मियां,9801052488.0,Minority,Muslim,32.0,"- ZP Runner-up (2021)
-Former Ward Member and Ward Sangh Zila Pravakta (2016-21)
- Running Rajendra Public School Since 2017",DSC Member,,,,Male,,,,,,,,,,
Siwan,Goriyakothi,,No,Samim Akhtar,Bilayat Miya,9801052488.0,Minority,Muslim,32.0,"- ZP Runner-up (2021)
-Former Ward Member and Ward Sangh Zila Pravakta (2016-21)
- Running Rajendra Public School Since 2017 ",Prakhand Mukhya Pravkata/Upadhyaksh,,,,Male,,,,,,,,,,
Buxar,Buxar,,Rajpur_2,Surendra Paswan,Ramvchan Paswan,9801131181.0,SC,Dusadh,58.0,"- ZP Runner-up (2006 & 2011) 
- ⁠BDC Runner-up (2016)
- Janta Dal Block Yuva Adhyaksh (1989-1993)
- Samta party Dalit Sena Block Adhyaksh (1993-1996)
1996 left the party 
- LJP Varisth Zila Upadhyaksh (2001-2019)
- Dalit adhikar manch (2019)
 
",Zila Abhiyan Samiti Sanyojak,,,,Male,,,,,,,,,,
Buxar,Buxar,,Rajpur_2,Surendra Paswan,Ramvchan Paswan,9801131181.0,General,Rajput,57.0,"- ZP Runner-up (2006 & 2011) 
- ⁠BDC Runner-up (2016)
- Janta Dal Block Yuva Adhyaksh (1989-1993)
- Samta party Dalit Sena Block Adhyaksh (1993-1996)
1996 left the party 
- LJP Varisth Zila Upadhyaksh (2001-2019)
- Dalit adhikar manch (2019)
 
",Zila Abhiyan Samiti Sanyojak,,,,Male,,,,,,,,,,
Buxar,Rajpur,,Rajpur_2,Surendra Paswan,Late Ram Bachan Paswan,9801131181.0,SC,Dusadh,56.0,"Surendra Passwan | Male | 56 | SC | Dusadh

- 2006 & 2011 - ZP Runner-up 
- former BDC (2016-2021)
- Zila Upadhyaksh Samta Party (1993-2000)
- LJP Zila Maha Sachiv (2000-2005)",Sangathan Zila Upadhyaksh,,,,Male,,,,,,,,,,
Siwan,Siwan Sadar,,No,दिलीप मांझी,स्व. चडिला मांझी,9801169666.0,SC,Paswan,58.0,"-Former Mukhiya (2016-2021). -Former ZP (2001-06) have defeated Sahabhuddin backed candidate and awarded as by DM - Independent Loksabha Contested from Gopalganj PC in 2019 and received 12766 votes - Pradesh Sachive, INC state working committee (2005-2008)
- His name was twice Published as an INC candidate from Mairwa in 2005 for AC and from Gopalganj in 2014 for PC but couldn't contested at the last moment -Former RJD Block Adhyaksh.(1998-2000) - He is a Contractor by profession",DSC Member,,,,Male,,,,,,,,,,
Siwan,Siwan Sadar,,No,Dilip Manjhi,Late Chadila Manjhi,9801169666.0,SC,Manjhi,54.0,"-Former Mukhiya (2016-2021).
-Former RJD Block President.
-Former ZP (2001-06).
-Lost Mukhiya election by few votes.

",BSC Member,,,,Male,,,,,,,,,,
Siwan,Pacharukhi,,Pachrukhi_23,पुण्यदेव प्रसाद,डॉ अलगू साह,9801174963.0,EBC,Nonia,,"-Zila Sangathan Mantri of RJD Labour Cell in 2009-16
Contested zp election 2006
-Block Secretary of CPIML 
-Now he is with Jan Suraaj",Prakhand Adhyaksh,,,,Male,,,,,,,,,,
Gopalganj,Kuchaikote,,No,Rajesh Prasad,Radha Mohan Prasad,9801497971.0,EBC,Sinduriya Baniya,47.0,"- He worked as District President of LJP Yuva Morcha from 2002-2012.
- He also contested the Zila Parishad elections 3 times in a row but he lost all the 3 elections by a very little margin in 2001 he got around 5,2023 votes in this election and lost this election by just 75 votes in 2006 he got 7,600 votes and lost the election by 72 votes.
- He was the runner-up Mukhiya candidate in 2016.
- His ZP nomination was canceled in 2011 for internal politics.
- His father Radha Mohan Prasad was Mukhiya 1976 to 2001. ",Prakhand Mukhya Pravakta,,,,,,,,,,,,,,
East Champaran,Paharpur,,Paharpur_8,Ahmed Hussain Ansari,Shahadat Hussain Ansari,9801719783.0,Minority,Muslim,46.0,"- He is the incumbent Zila Parishad, Paharpur(8) , secured 6500+ votes
- Contested 2016 ZP elections, stood 3rd as 5 Muslim candidates contested the election
- Has been active as social worker since last 20 years, working for Minorityand backward community",DSC Member,,,,Male,,,,,,,,,,
East Champaran,Pahadpur,,Paharpur_8,Ahmad Hussain Ansari,Shadat Ansari,9801719783.0,EBC,Ansari,45.0,Incumbent ZP (2021) and Contested ZP in 2016. Associated with JDU from 1990 to 2015,BSC Member,,,,Male,,,,,,,,,,
West Champaran,Narkatiaganj,,No,Rameshwar Ram,स्व. गुल्ली राम,9801789042.0,SC,Chamar,47.0,"- He was district Adhyaksh of BSP from 2007 to 2010
- He contested the ZP election in 2016 but lost by 200 votes",DSC Member,Busy,,,Male,,,,,,,,,,
West Champaran,Narkatiyaganj,,No,Rameshwar Ram,स्व. गुल्ली राम,9801789042.0,SC,Chamar,47.0,"- He was district Adhyaksh of BSP from 2007 to 2010
- He contested the ZP election in 2016 but lost by 200 votes",DSC Member,,,,Male,,,,,,,,,,
Siwan,Pacharukhi,,No,अवधेश यादव,स्व. पीताम्बर यादव,9810698029.0,OBC,Yadav,,"Zp runnerup - He is a recognised social worker and was very active with jan suraj.
- He has a good hold over community and is very influencial in local politics.
- He runs a wholesale medical distributorship and manage a good network 
among the health sector.",Prakhand Mahasachiv,,,,Male,,,,,,,,,,
Saran,Chhapra NN,,No,Sanjeev Ranjan,Late. Sahdev Ranjan,9835868833.0,EBC,Kanu,45.0,"-2016 ZP runner , 2021 ZP Runner up got 3853 votes
Has been 25 Years in Parbhat Khabar as editor , Runs garment shop and 2
Bank CSP .",DSC Member,,,,Male,,,,,,,,,,
Gopalganj,Thawe,,No,बलिराम शर्मा,स्व. राम नरेश शर्मा,9873553481.0,EBC,Lohar,44.0,- Ex ZP and ZP Runner up,Prakhand Abhiyan Samiti Sanyojak,,,,Male,,,,,,,,,,
East Champaran,Motihari NN,,No,Amrendra Kumar Singh urf Munna Singh,Lt. Raghvendra Narayan Singh,9905777622.0,Rajput,Rajput,51.0,"- Former JS Motihari NN Vice-president March 2024 to March 2025
 Defacto ZP runner-up 2021
His son was BJP Yuva Morcha Uttari Mandal President 2014 to 2019 
Renowned Businessman and landlord family of block ",Sangathan Zila Upadhyaksh,,,,General,,,,,,,,,,
East Champaran,Motihari,,No,Amrendra Singh (Urf. Munna Singh),Lt. Raghvendra Narayan Singh,9905777622.0,General,Rajput,51.0,"Defacto ZP runner-up 2021
His son was BJP Yuva Morcha Uttari Mandal Adhyaksh 2014 to 2019 Renowned Businessman and landlord family of block",DSC Member,,,,Male,,,,,,,,,,
East Champaran,Motihari NN,,No,Amrendra Singh (Urf. Munna Singh),Lt. Raghvendra Narayan Singh,9905777622.0,General,Rajput,51.0," Defacto ZP runner-up 2021
His son was BJP Yuva Morcha Uttari Mandal President 2014 to 2019 
Renowned Businessman and landlord family of block",Prakhand  Upadhyaksh,,,,Male,,,,,,,,,,
East Champaran,Motihari NN,,No,Amrendra Singh (Urf. Munna Singh),Lt. Raghvendra Narayan Singh,9905777622.0,General,Rajput,," Defacto ZP runner-up 2021
His son was BJP Yuva Morcha Uttari Mandal President 2014 to 2019 
Renowned Businessman and landlord family of block",Prakhand Upadhyaksh,,,,Male,,,,,,,,,,
Saran,Amnour,,No,Niraj Kr Ravi,Sunil Kumar,9931052439.0,OBC,Yadav,,"- 3 times defecto PACS Adhykash (2008 - current) 
- His father was 2 times ZP ( 2006-16) from Parsa .
- Contested Mukhiya in 2021 (got 700 votes )",Prakhand Mahasachiv,,,,Male,,,,,,,,,,
Siwan,Nautan,,Nautan_1,बेबी देवी,ज्योतिष कुमार,9931218760.0,EBC,Teli,30.0,"- Incumbent ZP from Nautan.
-Got highest votes as ZP member from Siwan.",DSC Member,,,,Female,,,,,,,,,,
Siwan,Nautan,,Nautan_1,Baby Devi,Guddu Kumar,9931218760.0,EBC,Teli,,"-Incumbent ZP in 2021
-Won By Highest margin in Siwan",Prakhand Mahila Adhyaksh,,,,Female,,,,,,,,,,
Saran,Taraiya,,No,Ravi prabhat & Guddu singh,Ramvinod singh,9931249891.0,General,Rajput,,"-Ex Zp Adayaksh (2016)
-Runner up ZP got 7000 (2021)
-Rlsp pradesh Mahasachiv(2018-2020)
-Ljp Pradesh Karyakarni ( present)
-Cuntruction company
-Graduate",BSC Member,,,,Male,,,,,,,,,,
Saran,Taraiya,,No,Ravi Prabhat Pankaj AKA Guddu Singh,,9931249891.0,General,Rajput,43.0,"Ravi Prabhat Pankaj AKA Guddu Singh | Male | 43 | General | Rajput | Former ZP

-Jansuraaj DSC Member
-Former Zila Parishad ( 2016-2021)
-Former Runner up Zila Parishad President In 2018 lost by 8 Votes
-Former RLSP State Secratory ( 2018-2019)",ACC,,,,Male,,,,,,,,,,
Saran,Garkha,,Garkha_38,मनोहर कुमार राम,धर्मनाथ राम,9931341636.0,,,,"Manohar Kumar Ram|34|SC|Chamar
-ZP Candidate from seat no.39, secured 8400 votes
- ⁠Joined BJP in 2011 as Youth Adhyaksh of SC Wing and stayed there till 2015
- ⁠Joined RJD in 2015 - ⁠Father also Contested ZP election twice in the year 2006 and 2011 from seat no. 38",Sangathan Zila Yuva Adhyaksh,,,,,,,,,,,,,,
Saran,Garkha,,Garkha_38,मनोहर कुमार राम,धर्मनाथ राम,9931341636.0,SC,Chamar,34.0,"Manohar Kumar Ram|34|SC|Chamar
-ZP Candidate from seat no.39, secured 8400 votes
- ⁠Joined BJP in 2011 as Youth Adhyaksh of SC Wing and stayed there till 2015
- ⁠Joined RJD in 2015 - ⁠Father also Contested ZP election twice in the year 2006 and 2011 from seat no. 38",Sangathan Zila Yuva Adhyaksh,,,,Male,,,,,,,,,,
Saran,Garkha,,Garkha_38,Manohar Kumar Ram,,9931341636.0,SC,Chammar,34.0,"Manohar Kumar Ram | Male | 34 | SC | Chammar | ZP Contestant

-Jansuraaj District Youth President 
-Defacto (Kiran Kumari) Zila Parishad Runner Up _in 2021 ( Got 8227 Votes )
-Former BJP Block President SC Cell
-Former RJD Block President SC Cell
",ACC,,,,Male,,,,,,,,,,
East Champaran,Motihari,,Motihari_28,Prem Kishore Giri,Late Ramadhar Giri,9931399022.0,OBC,Atithi,45.0,"Ex ZP (2011-2016), ZP seat reserved in 2016
-Ex-Sarpanch (2006-2011)
-Runner Up Mukhiya Candidate 2016 lost by 300 votes",DSC Member,,,,Male,,,,,,,,,,
East Champaran,Motihari,,Motihari_28,Prem Kishore Giri,Late Ramadhar Giri,9931399022.0,OBC,Atithi,45.0,"Ex ZP (2011-2016), ZP seat reserved in 2016
-Ex-Sarpanch (2006-2011)
-Runner Up Mukhiya Candidate 2016 lost by 300 votes ",BSC Member,,,,Male,,,,,,,,,,
Saran,Taraiya,,No,Amit Singh,Kameshewar Singh,9931426014.0,Gen,Rajput,,"- Zp runnerup from 2006 till Now 
- Businessman , LNT contractor ",BSC Member,,,,Male,,,,,,,,,,
West Champaran,Chanpatia,,No,Rameshwar Prasad,Late Laxmi Prasad,9931489083.0,EBC,Kanu,52.0,"- His wife Subhashini Devi contested the 2021 PRI elections for ZP but lost.
- His father was the Mukhiya of the Panchayat from 2001 to 2006. 
- His son named Lal Babu Kumar is the PACS President of the Panchayat.",BSC Member,,,,Male,,,,,,,,,,
West Champaran,Chanpatia,,No,Rameshwar Prasad,Late Laxmi Prasad,9931489083.0,EBC,Kanu,52.0,"- His wife Subhashini Devi contested the 2021 PRI elections for ZP but lost.
- His father was the Mukhiya of the Panchayat from 2001 to 2006. 
- His son named Lal Babu Kumar is the PACS President of the Panchayat.",BSC Member,,,,Male,,,,,,,,,,
Saran,Chhapra Sadar,,No,Rambha Kumari,Laxman Ram,9931509677.0,SC,Chamar,,"- Incumbent ZP
- Graduated
- Vocal for  women's development",Prakhand upadhyaksh,,,,Female,,,,,,,,,,
Saran,Chhapra Sadar,,No,Rambha Kumari,Laxman Ram,9931509677.0,SC,Chamar,,"- Incumbent ZP
- Graduated
- Vocal for  women's development",Prakhand Upadhyaksh,,,,Female,,,,,,,,,,
East Champaran,Ghodasahan,,Ghorasahan_46,Pawan Singh,Late Kapildev Singh,9931636256.0,,,,"Pawan Singh | 62 | Male |General | Rajput 

-Congress Seva Dal Prakhand Adhyaksh from 1982-1992.
-Anchal Sachiv of  CPI 2003-22.
-Jila Up Sachiv of CPI 2023-24.
-In 2006, he contestant ZP from Ghorsahan.",Sangathan Zila Mahasachiv,,,,,,,,,,,,,,
East Champaran,Ghodasahan,,Ghorasahan_46,Pawan Singh,Late Kapildev Singh,9931636256.0,General,Rajput,62.0,"Pawan Singh | 62 | Male |General | Rajput 

-Congress Seva Dal Prakhand Adhyaksh from 1982-1992.
-Anchal Sachiv of  CPI 2003-22.
-Jila Up Sachiv of CPI 2023-24.
-In 2006, he contestant ZP from Ghorsahan.",Sangathan Zila Mahasachiv,,,,Male,,,,,,,,,,
West Champaran,jogapatti,,No,Sachindra Pandey,Late. Ghanshyam Pandey,9931730553.0,OBC,Brahmin,53.0,"Sachindra Pandey | Male | 53| Gen | Brahmin

- 5 terms EX Mukhiya 2016, 2011, 2006, 2001, (1991-92)
- Mukhiya Sangh Pradesh Mahasachiv & Mukhiya Sangh Jila Adhyaksh (2016-21)
- Former District Mahasachiv Mukhiya Sangh & Prakhand Adhyaksh Mukhiya Sangh (2011-16)
- Mukhiya Sangh Prakhand Mahasachiv (2001-06)
- Father Late Ghanshyam Pandey was ZP Chairman(1985-1990), deputy chairman (1980-1985), Block Pramukh (1978-1980)
- Grandfather Late Brijkishor Pandey was Mukhiya (1969-76)
- Zila Congress Sewa Dal Adhyaksh (1991-96)
- INC District President (Kisan Cell) 1989-91
- INC Bihar Pradesh Congress working committee member (1996-2016)
- INC Zila Mahasachiv (1997-2010)
- Brother Sanjay Pandey 2 times BJP District President (2008-2014)",Zila Mahasachiv,,,,Male,,,,,,,,,,
West Champaran,Bagaha 2,,No,Sitaram Ram,बिमल राम,9931873874.0,SC,Chamar,46.0,He is husband of Gyanti Devi was ZP Member. He is also doing social work for the people in his area. He is a retired Head Master.,DSC Member,,,,Male,,,,,,,,,,
West Champaran,Bagaha 2,,No,Sitaram Ram,Shri Bimal Ram,9931873874.0,SC,Chamar,46.0," He is husband of Gyanti Devi was ZP Member. 
He is also doing social work for the people in his area. 
He is a retired Head Master.",BSC Member,,,,Male,,,,,,,,,,
Saran,Sonepur,,No,Manu Lal Bhagat,,9934017018.0,,,," Manu Lal Bhagat | Male | 45 | EBC | Paneri 

- Elected as Mukhiya from 2011-16 & 2016-2021
 -Mukhiya Runner-Up in 2021 
-defacto former ZP Contestant (4500 votes)
 -Defacto three terms PACS Adhyaksha",Sangathan Zila Adhyaksh,,,,,,,,,,,,,,
Saran,Sonepur,,No,Manu Lal Bhagat,,9934017018.0,EBC,Paneri,45.0," Manu Lal Bhagat | Male | 45 | EBC | Paneri 

- Elected as Mukhiya from 2011-16 & 2016-2021
 -Mukhiya Runner-Up in 2021 
-defacto former ZP Contestant (4500 votes)
 -Defacto three terms PACS Adhyaksha",Sangathan Zila Adhyaksh,,,,,,,,,,,,,,
Saran,Sonpur,,No,मनुलाल भगत,स्व. रामेश्वर भगत,9934017018.0,EBC,Paneri,,"- Elected as Mukhiya from 2011-16 & 2016-2021
 -Mukhiya Runner-Up in 2021 
-defacto former ZP Contestant (4500 votes)
 -Defacto three terms PACS Adhyaksha",Prakhand Adhyaksh,,,,Male,,,,,,,,,,
Saran,Sonepur,,No,Manulal Bhagat,,9934017018.0,EBC,Barai,51.0,"Manulal Bhagat | Male | 51 | EBC | Barai | Former Mukhiya

-Jansuraaj Block President of Sonepur Block
-Former 2 Term Mukhiya ( 2011-2021)
-ZP Runner Up By Election ( 2018) got 4953 votes
Mukhiya Runner up - ( 2021 got 1591 Votes)
-Former BJP Block Maha Mantri ( 2006-2009)
-BJP Kaushal Vikas Mantri Core Commitee Member ( 2014-2016)",ACC,,,,Male,,,,,,,,,,
West Champaran,jogapatti,,No,Bikai Mahato,स्व. सरयुग महत्तो,9934057781.0,OBC,Kushwaha,60.0,"- De fecto ZP member(2016)
- He was block Adhyaksh of Gram Raksha Dal
- Runner up Mukhiya(2006&2011) - Runner up De facto ZP Membar(2021)",DSC Member,,,,Male,,,,,,,,,,
West Champaran,Lauriya,,No,Vikai Mahato Kushwaha,,9934057781.0,OBC,Kushwaha,64.0,"Vikai Mahato Kushwaha | Male | 64 | OBC | Kushwaha | Former ZP 

-Former ZP Member, 2016 to 2021
-Former JDU Sansad Pratinidhi, 2006 To 2022
-Former Congress Zila Sachiv, 2000 To 2005
-Former Samta Party Block President, 1995 To 1997
-Former Jan Suraaj Zila Adhyaksh
-Gram Raksha Dal Zila Adhyaksh, 1994 To 2004",ACC,,,,Male,,,,,,,,,,
West Champaran,jogapatti,,No,Bikai Mahato,स्व. सरयुग महत्तो,9934057781.0,OBC,Kushwaha,60.0,"- De fecto ZP member(2016)
- He was block Adhyaksh of Gram Raksha Dal
- Runner up Mukhiya(2006&2011) - Runner up De facto ZP Membar(2021)",DSC Member,,,,Male,,,,,,,,,,
West Champaran,Lauriya,,No,Vikai Mahato Kushwaha,,9934057781.0,OBC,Kushwaha,64.0,"Vikai Mahato Kushwaha | Male | 64 | OBC | Kushwaha | Former ZP 

-Former ZP Member, 2016 to 2021
-Former JDU Sansad Pratinidhi, 2006 To 2022
-Former Congress Zila Sachiv, 2000 To 2005
-Former Samta Party Block President, 1995 To 1997
-Former Jan Suraaj Zila Adhyaksh
-Gram Raksha Dal Zila Adhyaksh, 1994 To 2004",ACC,,,,Male,,,,,,,,,,
Bhojpur,Koilwar,,No,Ganesh Prasad,Late Shivji Prasad,9934228648.0,EBC,"  Kahar

",71.0,"Ganesh Prasad | Male | 71 |EBC|  Kahar

- Former ZP (2006 & 2011) 
-Member of the Vish Sutriya Committee (2022-Till Now)
- Former Mukhiya (2001-06)
- Ex. RJD Zila Mahasachiv (2001-2006)
- Former JDU district President of Medical cell since 2006 to 2020
-In 1995, he established a Social Family Justice Committee opposing the then MLA, Raghuvendra Pratap Singh. ",Zila Sanrakshak,,,,Male,,,,,,,,,,
Gopalganj,Uchkagaon,,No,नेजामुद्दीन,सराफत हुसैन,9934259786.0,Minority,Muslim,40.0,"-He is the incumbent Mukhiya of Banki khal panchayat. (2021-present)
- His father was ZP from Uchkagaow from 2011-2016.
-He is Block Committee leader in JDU",Prakhand Upadhyaksh,,,,Male,,,,,,,,,,
Gopalganj,Uchkagaon,,No,नेजामुद्दीन,सराफत हुसैन,9934259786.0,Minority,Muslim,,"-He is the incumbent Mukhiya of Banki khal panchayat. (2021-present)
- His father was ZP from Uchkagaow from 2011-2016.
-He is Block Committee leader in JDU",Prakhand Upadhyaksh,,,,Male,,,,,,,,,,
East Champaran,Chakia,,Chakia (Pipra)_35,Sanjay Yadav,Late . Satyanarayan Prasad,9934292160.0,OBC,Yadav,41.0," -2006 Runner-up ZP (lost by 200 votes).
",Prakhand upadhyaksh,,,,Male,,,,,,,,,,
East Champaran,Chakia,,Chakia (Pipra)_35,Sanjay Yadav,Late . Satyanarayan Prasad,9934292160.0,OBC,Yadav,," -2006 Runner-up ZP (lost by 200 votes).
",Prakhand Upadhyaksh,,,,Male,,,,,,,,,,
Siwan,Goreyakoti,,No,Fakhruddin Ahmed,Mustakeem Miyan,9934433399.0,Minority,Muslim,39.0,"- He is Former ZP from Goriyakothi Block
- He contested ZP election in 2021 but lost by few votes and got 7000 votes
- He has a strong hold on muslim communities as well as on youth.",Zila Upadhyaksh,,,,Male,,,,,,,,,,
Siwan,Goriyakothi,,No,फखरुद्दीन अहमद,मुस्तकीम मियां,9934433399.0,Minority,Muslim,39.0,"- He is Former ZP from Goriyakothi Block
- He contested ZP election in 2021 but lost by few votes and got 7000 votes
- He has a strong hold on muslim communities as well as on youth.",DSC Member,,,,Male,,,,,,,,,,
Rohtas,Sasaram,,Sasaram_16,Thakur Prasad Gupta,,9934504261.0,EBC,Kanu,68.0,"Thakur Prasad Gupta| Male | 68| EBC | Kanu | MLA Contestant

-Jansuraaj State Executive Member
-BSP State Secretary EBC Cell (2002)
-JDU State Secretary EBC Cell (2011- 15)
-MLA Contested on BSP ticket Got 15000 Votes ( 2000)
-ZP Runner Up got 3800 votes ( 2011)
",ACC,,,,Male,,,,,,,,,,
West Champaran,Lauriya,,Lauriya_16,Nisaar Ahmad,Mohammad Nooman,9934506278.0,Minority,Muslim,38.0,"- 2021 - Lost ZP elections and secured 3300 votes
- He also runs a CSC at Siswania and helps labourers in registering and paper work with Building and other construction materials BOCW",BSC Member,,,,Male,,,,,,,,,,
West Champaran,Lauriya,,Lauriya_16,Nisaar Ahmad,Mohammad Nooman,9934506278.0,Minority,Muslim,38.0,"- 2021 - Lost ZP elections and secured 3300 votes
- He also runs a CSC at Siswania and helps labourers in registering and paper work with Building and other construction materials BOCW",BSC Member,,,,Male,,,,,,,,,,
Gopalganj,Kateya,,No,Rais Ahmad,Lt.Razi Ahmed,9934728286.0,Minority,Muslim,62.0,"2 times ZP Contestant in 2001 and 2006 getting 3500+ votes both times
Distt Minority President, SAMTA Party (1999-05)
His father was life-long sarpanch of the Panchayat till 2007.
Runs Makhtab SChool",Prakhand Mukhya Pravakta/Upadhyaksh,Call Connected,,Not Interested,Male,,,,,,,,,,
Saran,Chapra,,No,Kanhaiya Singh,,9934729523.0,General,Rajput,62.0,"Kanhaiya Singh | Male | 62 | General | Rajput | MLA Contestant

-Former MLA By Election Contestant, Chhapra, 2014, 30000 Votes, BJP
-Former MLA Contestant, 2015, Independent, 11000
-Former ZP (2001 To 2006)
-Former BJP Yuva Morcha Zila Adhyaksh(1992 To 1996)
-Former BJP  Zila Upadhyaksh (1996 to 2001)
-Former BJP Mahasachiv(2001 To 2005)
",ACC,,,,Male,,,,,,,,,,
Gopalganj,Bhorey,,No,Manzur Alam,Md Muazzam Miyan,9934821856.0,Minority,Ansari,56.0,"- Former BDC from 2011 to 2016
- Former Mukhiya Contender
- ZP contender 2021, secured 4965 votes.",Prakhand kisan Adhyaksh,,,,Male,,,,,,,,,,
Bhojpur,Munger,,No,Sanjay Kumar Singh,,9934843062.0,EBC,Dhanuk,52.0,"Sanjay Kumar Singh | Male | 52 | EBC | Dhanuk | Incumbent ZP Member

-Incumbent 3 Terms ZP member, 2011 to Till Date
-Former ZP Upadhyaksh, 2011 To 2016
-Former MLC Contestant, Independent, Munger , got 292 Votes",ACC,,,,Male,,,,,,,,,,
Siwan,Darauli,,No,अशोक राम,स्व. मैनेजर राम,9934899106.0,SC,Chamar,50.0,"- Former de facto Zila Parishad (2006-11), secured around 7000 votes and won by a margin of 1500 votes
- Runner up in 2021 ZP elections, secured around 6000 votes and lost by a margin of less than 500 votes
- Former BSP District Vice Adhyaksh (2009-15)
-He is a well-known Dalit activist from Darauli and Raghunathpur assembly",DSC Member,,,,Male,,,,,,,,,,
Siwan,Darauli,,No,अशोक राम,स्व. मैनेजर राम,9934899106.0,SC,Chamar,,"- Former de facto Zila Parishad (2006-11)
- secured around 7000 votes and won by a margin of 1500 votes
- Runner up in 2021 ZP elections, secured around 6000 votes and lost by a margin of less than 500 votes
- Former BSP District Vice President (2009-15)
-He is a well-known Dalit activist from Darauli and Raghunathpur assembly",Prakhand Abhiyaan Samiti  sanyojak,,,,Male,,,,,,,,,,
West Champaran,Narkatiaganj,,No,चन्द्र किशोर पासवान,स्व. बंधु पासवान,9934983373.0,SC,Dusadh,49.0,"-He contested ZP election in 2011,2016 & 2021",BSC Member,,,,Male,,,,,,,,,,
West Champaran,Narkatiyaganj,,No,चन्द्र किशोर पासवान,स्व. बंधु पासवान,9934983373.0,SC,Dusadh,49.0,"-He contested ZP election in 2011,2016 & 2021",BSC Member,,,,Male,,,,,,,,,,
Siwan,भगवानपुर हाट,,No,Uma Shankar Sahu,,9939328242.0,EBC,Teli,40.0,"JDU Student President of JP University (2004- 2010)
 Student General Secretary of JDU (2010-11)
 State secretary of JDU SC/ST cell (2012-14)
 ZP contestant 2016 JDU- Zila Mahasachiv 2020-22
 - Chief Indian Delegate of International Bhojpuri Conference, Mauritius
 - H.O.D of Zoology Dept at UR College, Rosra, Samastipur.
 - Awarded the Rashtriya Bhushan Award in the field of Literature
 - Head of India Media Association of Bihar
 - Chief Editor of Ravi Guru and Parizad Editorial. - Negotiator at Patna Radio station
 - Protested for the Bhojpuri language all over India
 - Has also worked as a theatre director and Artist. - Owner of Sahu Market, Bhagwanpur Haat",Block Prabhari,,,,Male,,,,,,,,,,
Siwan,Bhagwanpurhat,,No,Uma Shankar Prasad Sahu,Late Baccha Sah,9939328242.0,EBC,Teli,39.0,"- 2004- 2010- JDU Student President of JP University- 2010-11 - Student General Secretary of JDU- 2012-14- State secretary of JDU SC/ST cell - 2011- ZP Contestant (Secured 3rd position with 2500 votes)- 2016 - ZP Contestant (Secured 2700 votes)2020-22- JDU- Zila Mahasachiv- Chief Indian Delegate of International Bhojpuri Conference, Mauritius- H.O.D of Zoology Dept at UR College, Rosra, Samastipur.- Awarded the Rashtriya Bhushan Award in the field of Literature- Head of India Media Association of Bihar- Chief Editor of Ravi Guru and Parizad Editorial. - Negotiator of Patna Radia station- Protested for the Bhojpuri language all over India- Has also worked as a theatre director and Artist. - Owner of Sahu Market, Bhagwanpur Haat",BSC Member,,,,,,,,,,,,,,
East Champaran,Harsiddhi,,No,Dhurendra Sahani,Late Devraj Sahni,,EBC,Mallah,35.0,"He was defacto BDC from 2016 to 21. 
Also, was up-pramukh from 2018-21 of Harsiddhi block. 
His wife also fought ZP election and got 2540 votes from Harsiddhi area no. 17 
He is graduated from Political Science. ",BSC Member,Number Missing,,,Male,,,,,,,,,,
Siwan,,,No,Gajadhar Singh,Late Ganga singh,9939498320.0,OBC,Kurmi,55.0,"Gajadhar Singh 55|Kurmi | Male   

 -Former Three times ZP  from Pachrukhi (2016-2021) (2011-2016) (2001-2006)
 Serve in multiple post of RJD including RJD Pradesh Mahasachiv, Zila Mahasachiv, and Zila Upadhyaksh. 
- His uncle Indrasan Bhagat was 30 years Mukhiya of his Panchayat
-Most Prominent Kurmi name of the district.
- His son in law is seving DIG in Delhi",SCC-Member,,,,Male,,,,,,,,,,
West Champaran,Ramnagar,,No,Sharada Devi,Manager Baitha,9939752464.0,SC,Dhobi,50.0,She is a former ZP Candidate and Panchayat Samiti Member as well.,Prakhand Upadhyaksh,,,,Female,,,,,,,,,,
East Champaran,Kotwa,,Kotwa_13,कृष्णा बैठा,मनसुख बैठा,9939796284.0,SC,Dhobi,49.0,"- Runner-up 2021 ZP Candidate from Kotwa Block, secured 4977 votes
- Defacto Up-Mukhiya 2006-11 Jasauli GP
- One of the tallest SC leader in the Block        ",Prakhand upadhyaksh,,,,Male,,,,,,,,,,
East Champaran,Kotwa,,Kotwa_13,कृष्णा बैठा,मनसुख बैठा,9939796284.0,SC,Dhobi,,"- Runner-up 2021 ZP Candidate from Kotwa Block, secured 4977 votes
- Defacto Up-Mukhiya 2006-11 Jasauli GP
- One of the tallest SC leader in the Block        ",Prakhand Upadhyaksh,,,,Male,,,,,,,,,,
West Champaran,jogapatti,,No,Jang Bahadur Yadav,मुसाफिर यादव,9939844213.0,OBC,Yadav,64.0,"-Former mukhiya (2011-2021)of Sishwa Bairagi Panchayat.
-De facto ZP Membar(2016) From Bagaha Block. -His daughter in law also elected as Zila parishad in 2016 from Yogapatti block
-He is a well-respected farmer",DSC Member,,,,Male,,,,,,,,,,
West Champaran,jogapatti,,No,Jang Bahadur Yadav,मुसाफिर यादव,9939844213.0,OBC,Yadav,64.0,"-Former mukhiya (2011-2021)of Sishwa Bairagi Panchayat.
-De facto ZP Membar(2016) From Bagaha Block. -His daughter in law also elected as Zila parishad in 2016 from Yogapatti block
-He is a well-respected farmer",DSC Member,,,,Male,,,,,,,,,,
East Champaran,Dhaka,,Dhaka_50,Dr. Sheikh Mansoor Alam,Sheikh Abdur Rahman,9939903492.0,Minority,Muslim,36.0,"- He is a Doctor and runs a clinic in Dhaka
- Fought ZP election in 2021 and lost by 300 votes - Good and clean image among the people",DSC Member,,,,Male,,,,,,,,,,
East Champaran,Dhaka,,Dhaka_50,Sheakh Mansoor Alam,Late Sheakh Abdul Rehman,9939903492.0,Minority,Muslim,33.0,"-Rural Doctor and
 - ZP candidate IN 2021.
 - Busimessmen",BSC Member,,,,Male,,,,,,,,,,
Gopalganj,Manjha,,No,Shiakh Afgan Shah,Abdul Wahid Shah,9939939748.0,Minority,Muslim,53.0,"Sher Afgan Shah is the Sarpanch of Pratap Pur. He contested the election for the second time in 2021 and win it bagging 380 votes. Notably, he had lost the election in his first attempt. In addition, he has also contested for ZP in the year 2011. He is always available for medical help and has influence over the OBC and SC Communities of his Panchayat. He always remains cooperative whenever people consult him for any judicial assistance.",Prakhand Upadhyaksh,,,,Male,,,,,,,,,,
Gopalganj,Manjha,,No,Shiakh Afgan Shah,Abdul Wahid Shah,9939939748.0,Minority,Muslim,,"Sher Afgan Shah is the Sarpanch of Pratap Pur. He contested the election for the second time in 2021 and win it bagging 380 votes. Notably, he had lost the election in his first attempt. In addition, he has also contested for ZP in the year 2011. He is always available for medical help and has influence over the OBC and SC Communities of his Panchayat. He always remains cooperative whenever people consult him for any judicial assistance.",Prakhand Upadhyaksh,,,,Male,,,,,,,,,,
East Champaran,Motihari,,No,Bhikhari Baitha,Vishnu Dayal Baitha,9955053438.0,SC,Dhobi,53.0,"Contested ZP elections in 2016 and received 3200 votes (Second runner-up)
Served as the Mukhiya of Tikuliya Panchayat (2006-11)  but lost Mukhiya elections in 2011 by the margin of 100 votes .
-BJP Block President (SC) from  (2007-2020)",Prakhand upadhyaksh,,,,Male,,,,,,,,,,
East Champaran,Motihari,,No,Bhikhari Baitha,Vishnu Dayal Baitha,9955053438.0,SC,Dhobi,,"Contested ZP elections in 2016 and received 3200 votes (Second runner-up)
Served as the Mukhiya of Tikuliya Panchayat (2006-11)  but lost Mukhiya elections in 2011 by the margin of 100 votes .
-BJP Block President (SC) from  (2007-2020)",Prakhand Upadhyaksh,,,,Male,,,,,,,,,,
East Champaran,Dhaka,,No,Vidyapati Jha,Late Devki Nandan Jha,9955284360.0,General,Brahmin,56.0,"- Ex-Army personnel, Contested ZP elections in 2011
- Founder of Vidya Public School, awarded by Smriti Irani for his contribution in education sector. Respected in Hindu Muslim Community.",DSC Member,,,,Male,,,,,,,,,,
Saran,मकेर,,No,Devendra Sahni,,9955421134.0,EBC,Mallah,48.0,"Jal Shramik Prakosth State Vice President JDU (2019-2023)
 Ex. Defacto ZP in 2011 got the highest vote margin in Bihar ( won by 17,500 votes) Runner ZP in 2006 by 14 votes.",Block Prabhari,,,,Male,,,,,,,,,,
Saran,maker,,No,Rinki Sehni,Devendra Sehni,9955421134.0,EBC,Mallah,48.0,"Zila Parishad in 2011
- ZP Runnerup in 2006",DSC Member,,,,Female,,,,,,,,,,
East Champaran,Harsiddhi,,No,Himanshu Kumar,Jaipal Hazra,9955572729.0,SC,Dusadh,38.0,"Himanshu Kumar | 38 | Jaipal Hazra | SC, Dusad | 9955572729 | Post-Graduate from JNU
Attended UPSC interview in 2012
Mukhiya Candidate in 2021 elections
Contesting the upcoming ZP bye-election from area no. 18 of Harsiddhi",DSC Member,Busy,,,Male,,,,,,,,,,
East Champaran,Harsiddhi,,No,Himanshu Kumar Ranjan,Jaipal Hazra,9955572729.0,SC,Chamar,38.0,"Post-Graduate from JNU
Attended UPSC interview in 2012
Mukhiya Candidate in 2021 elections
Contesting the upcoming ZP bye-election  from area no. 18 of Harsiddhi",Prakhand Pravakta,Busy,,,male,,,,,,,,,,
West Champaran,Majhauliya,,No,Sunil Singh,चंदेश्वर सिंह,9955594295.0,General,Bhumihar,44.0,"Former ZP Member (2011-16)
Politically active and have a great hold on PRIs of his block",DSC Member,,,,Male,,,,,,,,,,
West Champaran,Majhaulia,,No,Sunil Singh,चंदेश्वर सिंह,9955594295.0,General,Bhumihar,44.0,"Former ZP Member (2011-16)
Politically active and have a great hold on PRIs of his block",DSC Member,,,,Male,,,,,,,,,,
East Champaran,Sangrampur,,No,Imtiaz Khan,Mirajudddin Khan,9955879277.0,Minority,Muslim,42.0,"Imtiaz Kahan| Mirajudddi Khan | Male| 42| Minority| Muslim| - 9955879277
2021 - ZP Contested , secured 2462 votes
-(2016-21) Former BDC .",DSC Member,No Incoming ,,,Male,,,,,,,,,,
East Champaran,Sangrampur,,No,Imtiaz  Khan,Late Mirajuddin Khan,9955879277.0,Minority,Muslim,42.0,"- Elected Panchayat Samiti in 2016-21
- In 2021, he contested the ZP elections and received 7700 votes (lost by 400 votes). About 6000 Hindus voted for him. 
-Has Baalu- Gitti business",Prakhand upadhyaksh,No Incoming ,,,male,,,,,,,,,,
East Champaran,Sangrampur,,No,Imtiaz  Khan,Late Mirajuddin Khan,9955879277.0,Minority,Muslim,,"- Elected Panchayat Samiti in 2016-21
- In 2021, he contested the ZP elections and received 7700 votes (lost by 400 votes). About 6000 Hindus voted for him. 
-Has Baalu- Gitti business",Prakhand Upadhyaksh,No Incoming ,,,male,,,,,,,,,,
Gopalganj,Phulwariya,,No,Nandji Singh,Late Ramnarayan Singh,9955900292.0,OBC,Koiri,55.0,"-ZP Runner up in 2021 election by securing 8000 votes. 
-He is a resident of Bairagi tola panchayat but managed to beacome two term Mukhiya of Gidha panchayat from 2006 to 2016
-In 2016 Mukhiya seat of Gidha panchayat was reserved so he contested election from Bathua Bazar panchayat and was runner-up by the margin of 60 votes. ",Prakhand Upadhyaksh,,,,Male,,,,,,,,,,
Gopalganj,Phulwariya,,No,Nandji Singh,Late Ramnarayan Singh,9955900292.0,OBC,Koiri,,"-ZP Runner up in 2021 election by securing 8000 votes. 
-He is a resident of Bairagi tola panchayat but managed to beacome two term Mukhiya of Gidha panchayat from 2006 to 2016
-In 2016 Mukhiya seat of Gidha panchayat was reserved so he contested election from Bathua Bazar panchayat and was runner-up by the margin of 60 votes. ",Prakhand Upadhyaksh,,,,Male,,,,,,,,,,
East Champaran,kesariya,,No,Lav Kumar Yadav,Ram Balak Yadav,9955968085.0,OBC,Yadav,60.0,"ZP Contestent from Kesaria with 4000 votes in 2011
ZP Contestent in 2001 with 3500 votes
-Retired prominent Teacher",DSC Member,,,,Male,,,,,,,,,,
East Champaran,Kesariya,,No,Luv Kumar Yadav,Late Ram Balak Prasad Yadav,9955968085.0,OBC,Yadav,50.0,"-Prakhand Nayak, 2006-11
-Wife contested ZP elections in 2006 and allegedly won but later reached a comrpmise due to Radha Mohan Singh's influence
-Government schoolteacher in High School Raghunathpur
-Postgraduate",BSC Member,,,,Male,,,,,,,,,,
West Champaran,Chanpatia,,No,Jawahir Sah,Late Bhairav Sah,9973029873.0,EBC,Turaha,48.0,"
- Ex ZP (2016-21), Runner -up of 2021 Zila Parishad, secured 10000+ votes",Zila Sachiv,,,,,,,,,,,,,,
West Champaran,Chanpatia,,No,Jawahir Sah,स्व. भैरव साह,9973029873.0,EBC,तुरहा,47.0,"-Former Zp runnerup (2021,lost by 500 Votes)
-former zp member (2016)",DSC Member,,,,Male,,,,,,,,,,
West Champaran,Chanpatia,,No,Jawahir Sah,स्व. भैरव साह,9973029873.0,EBC,तुरहा,47.0,"-Former Zp runnerup (2021,lost by 500 Votes)
-former zp member (2016)",DSC Member,,,,Male,,,,,,,,,,
West Champaran,Sikta,,No,Om Prakash Prasad,स्व. गौरी साह,9973235533.0,OBC,कानू,60.0,"- Former zp (2016)
- runner up in 2021
- Former BDC (2011)",DSC Member,,,,Male,,,,,,,,,,
West Champaran,Sikta,,No,Om Prakash Prasad,स्व. गौरी साह,9973235533.0,OBC,कानू,60.0,"- Former zp (2016)
- runner up in 2021
- Former BDC (2011)",DSC Member,,,,Male,,,,,,,,,,
Saran,Maker,,No,Shivchandra Ram,Late Sakrat Paswan,9973364740.0,SC,Dusadh,,"-ZP Contested in 2021 
PDS dealer 
- Leader of his Cast ",Prakhand upadhyaksh,,,,Male,,,,,,,,,,
Saran,Maker,,No,Shivchandra Ram,Late Sakrat Paswan,9973364740.0,SC,Dusadh,,"-ZP Contested in 2021 
PDS dealer 
- Leader of his Cast ",Prakhand Upadhyaksh,,,,Male,,,,,,,,,,
Siwan,Guthani,,No,Rajkumar Rajbhar,Late Gulli Rajbhar,9973432960.0,EBC,Rajbhar,,"-Mukhiya(2006-11,2011-16)
-ZP runner Up in 2016 PRI elections.
-Farmer leader",BSC Member,,,,Male,,,,,,,,,,
Saran,Taraiya,,No,Bhola Khan,Nasruddin Khan,9973917561.0,Minority,Muslim,,"- 2 Time BDC - ( 2011-2016, 2016-2021) - BDC Contestant 2021 and lose by 27 votes. - Played a Crucial role in Block Pramukh elections in 2011 & 2016. - Prominent face of Muslim - Closely Worked With Randheer Singh - Manage the MP Election campaign 2019 for RJD In Taraiya Assembly. - He Played an Important role in the victory of ZP member Harishankar Singh in 2021 .",Gen Secretary,,,,Male,,,,,,,,,,
Bhojpur,Jagdishpur,,No,Hulas Ram,Shivbhajan Ram,916204089217.0,SC," Ravidas
",65.0,"Hulas Ram | Male | 65 | SC | Ravidas

- 2nd Term Defacto incumbent mukhiya (2016-till now).
 - Former ZP (2011-16). 
 -Biggest Minority name in Shahpur Assembly.
 - Transport Bussiness, Dairy Farm.",Zila Sanrakshak,,,,Male,,,,,,,,,,
Bhojpur,Shahpur,,No,Md. Yunus Khan,Late Rafiq Khan,918825215967.0,Minority," Muslim
",65.0,"Md. Yunus Khan | Male | 65 | Minority | Muslim

- 2nd Term Defacto incumbent mukhiya (2016-till now).
 - Former ZP (2011-16). 
 -Biggest Minority name in Shahpur Assembly.
 - Transport Bussiness, Dairy Farm.",Zila Sanrakshak,,,,Male,,,,,,,,,,
Bhojpur,Agiaon,,No,Nandji Sah,shivjanan shah,919973964464.0,obc,Baniya,58.0," Nandji Sah | Male| 58| EBC| Teli
-Defacto ZP (2021-till now)
-Defacto ZP Runner up in 2016
-Government Teacher
- He teaches 250 students as a tuition teacher for free of cost in Ara and Agiaon",Sangathan Zila Upadhyaksh,,,,Male,,,,,,,,,,
Bhojpur,Agiaon,,No,Nandji Sah,Shivjanm Sah,919973964464.0,EBC,Teli,58.0," Nandji Sah | Male| 58| EBC| Teli
-Defacto ZP (2021-till now)
-Defacto ZP Runner up in 2016
-Government Teacher
- He teaches 250 students as a tuition teacher for free of cost in Ara and Agiaon",BSC Member,,,,,,,,,,,,,,
West Champaran,Majhaulia,,No,Deepaknath Pandey,Damodar Pandey,6202198788.0,General,Brahmin,36.0,"-ZP Contested-2021
-Run Cyber Cafe",Prakhand Upadhyaksh,,,,Male,,,,,,,,,,
Siwan,Hasanpura,,No,Hasmuddin Khan,,6206976618/ 9939696933,,,,"""- Former JDU Pradesh Upadhyaksh of Minority wing in 2022
- Former JDU Pradesh Mahasaciv in 2004
- Contested MLC election in 2007 got 700 votes secured third position 
- Contested ZP election in 2021 got 5200 votes lost by 122""",Zila Adhyaksh,,,,,,,,,,,,,,
Siwan,Daraundha,,No,Hasmuddin Khan,,6206976618/ 9939696933,Minority,Muslim,62.0,"""- Former JDU Pradesh Upadhyaksh of Minority wing in 2022
- Former JDU Pradesh Mahasaciv in 2004
- Contested MLC election in 2007 got 700 votes secured third position 
- Contested ZP election in 2021 got 5200 votes lost by 122""",Zila Adhyaksh,,,,Male,,,,,,,,,,
Gopalganj,Sidhwaliya,,No,Bhairav Singh,Late Chhattu Singh,7322064135 / 8873578047,General,Bhumihar,55.0,"- Former ZP (2016-2021)
- ZP contestant 2006 (lost by a margin of 92 votes), 2021 ZP (3rd no.)
- PACs committee member 10 member
 - Middle SChoolAdhyakshaa 2000-06
 - Mukhiya election 2001 contestant.",Prakhand Adhyaksh,,,,Male,,,,,,,,,,
East Champaran,,,No,Pappu Mishra,Late Surendra Mishra,79037 72699,,,,"Pappu Mishra| Male| General| Brahmin

Former  Zila Parishad from Areraj  (2016-21)
-ZP Runner Up 2016
-INC Block President 
-Former Zila Abhiyan Sayojak JS",Zila Mahasachiv,,,,,,,,,,,,,,
East Champaran,,,No,Pappu Mishra,Late Surendra Mishra,79037 72699,General,Brahmin,46.0,"Pappu Mishra| Male| General| Brahmin

Former  Zila Parishad from Areraj  (2016-21)
-ZP Runner Up 2016
-INC Block President 
-Former Zila Abhiyan Sayojak JS",Zila Mahasachiv,,,,Male,,,,,,,,,,
East Champaran,Chakia,,No,Jhaman Prasad Rai,Late Chhatu Rai,8507263242/7004411264,OBC,Yadav,51.0,"- Incumbent defacto Mukhiya
- ZP contestant (2011), lost by 135 votes
- In 2016 Mukhiya Runnerup, lost by 44 votes",BSC Member,,,,Male,,,,,,,,,,
West Champaran,Nautan,,No,Madan Bhagat,Late Ramavatar Bhagat,8877882022.0,EBC,Chaurasiya,70.0,"- Vidhan Sabha (Nautan): 1995 (864 votes), 2005 (1352 votes)
- Lok Sabha (Bettiah): 1996 (1622 votes), 2006 (4157 votes)
- ZP (35): 2001 (3225 votes, lost), 2016 (lost), 2021 (lost). Wife: 2006 (7300 votes, runner-up), 2011 (12000 votes, won by 5000 votes), ZP (37) 2016 (lost)
- Writes songs, sings, and is an orator.",Prakhand Upadhyaksh,,,,Male,,,,,,,,,,
Saran,Amnour,,Amnour_31,Kuldeep Mahaseth,स्व. पुरूषोत्तम प्रसाद,9472400777.0,,,,"
Kuldeep Mahaseth |43| OBC | Suri

- ZP runner up in 2016
- ZP Runner up got 3853 votes in 2021
- Working in Parbhat Khabar from last 25 years as Editor , - Runs garment shop and owner of two Bank CSP",Zila Mukhya Pravakta,,,,,,,,,,,,,,
West Champaran,Nautan,,No,Tarkeshwar Prasad,Late Radhakrishna Prasad,"9508778332, 8579875201",OBC,Koeri,54.0,"- Vidhan Sabha (Nautan): 1995 (864 votes), 2005 (1352 votes)
- Lok Sabha (Bettiah): 1996 (1622 votes), 2006 (4157 votes)
- ZP (35): 2001 (3225 votes, lost), 2016 (lost), 2021 (lost). Wife: 2006 (7300 votes, runner-up), 2011 (12000 votes, won by 5000 votes), ZP (37) 2016 (lost)
- Writes songs, sings, and is an orator.""",Prakhand Karyalay Prabhari,,,,Male,,,,,,,,,,
West Champaran,Nautan,,No,Tarkeshwar Prasad,Late Radhakrishna Prasad,"9508778332, 8579875201",OBC,Koeri,54.0,"- Vidhan Sabha (Nautan): 1995 (864 votes), 2005 (1352 votes)
- Lok Sabha (Bettiah): 1996 (1622 votes), 2006 (4157 votes)
- ZP (35): 2001 (3225 votes, lost), 2016 (lost), 2021 (lost). Wife: 2006 (7300 votes, runner-up), 2011 (12000 votes, won by 5000 votes), ZP (37) 2016 (lost)
- Writes songs, sings, and is an orator.""",Prakhand Karyalay Prabhari,,,,Male,,,,,,,,,,
Saran,Ishuapur,,No,कांति कुँवर,भागीरथ सिंह,"9546739560
9939742636",General,Rajput,,-ZP Runner Up(2005) sarpanch winner in 2011,BSC Member,,,,Female,,,,,,,,,,
West Champaran,Sikta,,Sikta_29,Ramashish Mukhiya,Lal Bahadur Mukhiya,9661030435.0,EBC,Bind,42.0,"-ZP Runner Up (7500votes)
-EBC Community Leader",Prakhand Upadhyaksh,,,,Male,,,,,,,,,,
West Champaran,Mainatand,,No,Hiraman Sah,Late Fagu Sah,9801692363 / 9661161293,EBC,Teli,52.0,ZP Contestant,Prakhand Upadhyaksh,,,,Male,,,,,,,,,,
West Champaran,Mainatand,,No,Hiraman Sah,Late Fagu Sah,9801692363 / 9661161293,EBC,Teli,,ZP Contestant,Prakhand Upadhyaksh,,,,Male,,,,,,,,,,
West Champaran,Mainatand,,No,Hiraman Sah,Late Fagu Sah,9801692363 / 9661161293,EBC,Teli,52.0,ZP Contestant,Prakhand Upadhyaksh,,,,Male,,,,,,,,,,
West Champaran,Mainatand,,No,Hiraman Sah,Late Fagu Sah,9801692363 / 9661161293,EBC,Teli,52.0,ZP Contestant,Prakhand Upadhyaksh,,,,Male,,,,,,,,,,
West Champaran,Lauriya,,No,Bablu Mishra,Late Ravindra Nath Mishra,9905875723/ 7739093308,General,Brahmin,41.0,"- 2021 - Runner-up in ZP elections and secured 7049 votes.
- 2006-2016 - Remained Sarpanch for straight two terms.
- He is a medical practitioner by profession and practices at Parsauni Chowk Majhaua.",BSC Member,,,,Male,,,,,,,,,,
West Champaran,Lauriya,,No,Bablu Mishra,Late Ravindra Nath Mishra,9905875723/ 7739093308,General,Brahmin,41.0,"- 2021 - Runner-up in ZP elections and secured 7049 votes.
- 2006-2016 - Remained Sarpanch for straight two terms.
- He is a medical practitioner by profession and practices at Parsauni Chowk Majhaua.",BSC Member,,,,Male,,,,,,,,,,
West Champaran,Ramnagar,,No,Sharada Devi,Manager Baitha,9939752464.0,SC,Dhobi,50.0,She is a former ZP Candidate and Panchayat Samiti Member as well.,Prakhand Upadhyaksh,,,,Female,,,,,,,,,,
Gopalganj,Sidhwaliya,,No,Ajay Prasad,Late Baban Prasad,99398 36094,OBC,Kurmi,49.0,"Ajay Prasad | 49 | Male | OBC | Kurmi

-Former 3-term Mukhiya (2001-2016)
-Former Prakhand Mukhiya Sangh Adyaksh (2006-2016)
-ZP Runner up-2021, lost by 144 votes (secured 4800 votes)
-Former JDU District Yuva Adyaksh (2009-2015)
",Sangathan Zila Mahasachiv,,,,Male,,,,,,,,,,
Saran,Madhaura,,No,Bhardul Prasad,Late Shishpal Mahto,9973573579/9304225036,,,,"- Dhanuk Sangh District Adhyaksh 2001-2021, 2023- till date
- 2 times Vidhan Sabha Candidate,
- Mukhiya runner-up, 2001 -ZP 2nd Runner-up
- 1988 to 1998 BSP district Adhyaksh,",Zila Sanrakshak,,,,,,,,,,,,,,
Saran,Madhaura,,No,Bhardul Prasad,Late Seesh Pal Mahto,9973573579/9304225036,EBC,,75.0,"- Dhanuk Sangh District Adhyaksh 2001-2021, 2023- till date
- 2 times Vidhan Sabha Candidate,
- Mukhiya runner-up, 2001 -ZP 2nd Runner-up
- 1988 to 1998 BSP district Adhyaksh,",Zila Sanrakshak,,,,Male,,,,,,,,,,
Saran,Ishuapur,,No,नीरज कुमार राय,मुखलाल राय,993483210.0,OBC,Yadav,,": ZP runner up and got 3000 votes 
: Running business",BSC Member,,,,Male,,,,,,,,,,
East Champaran,Motihari,,No,Kiran Singh,Pankaj Kumar Singh,6200495480.0,General,Rajput,50.0,"- ZP winner 2016, Turkauliya
-She served as Zila Adhyaksh (Mahila) of LJP from 2006-11
-Served as RJD's Pradesh Mahasachiv (Mahila) till 2016
-She is serving as Kshatriya Mahasabha Adhyaksh (District level organisation)",DSC Member,,,,Female,,,,,,,,,,
Saran,Jalalpur,,No,Imamuddin,स्व मो. सूलैमन,6200633548.0,Minority,Muslim,,"- Ex ZP Candidate From Jalalpur
- RJD ex Zila Maha sachiv",BSC Member,,,,Male,,,,,,,,,,
East Champaran,chawradano,,No,Atiur Rahman,Naimuddin Miya,6200792124.0,Minority,Muslim,32.0,"- Runner up ZP in 2021 (7335 votes)
- He was a ZP candidate in 2016 (2690 votes)",DSC Member,Not Reachable,,,Male,,,,,,,,,,
Saran,maker,,No,Ashok Paswan,Fudena Paswan,6200996894.0,SC,Dusadh,31.0,- ZP runner up in 2021,DSC Member,,,,Male,,,,,,,,,,
Saran,Garkha,,No,Upendra Gupta,Jay Prakash Sah,6201161454.0,OBC,Roniyar Baniya,43.0,"-ZP contestant in 2021, Secured 4700 Votes.
Father was Sarpanch in 2005",DSC Member,,,,Male,,,,,,,,,,
Siwan,Badhariya,,No,रेणु देवी,राजदीप तिवारी,6201171706.0,General,Brahmin,38.0,"- Two times ZP candidate (2016&2021)
- LJP District Adhyaksh Mahila Wing (2013-2015) & RLSP District Adhyaksh Mahila Wing (2016-2020)
- She is the Adhyaksh of Thakur Ankul Chand Satsang Sansthan",DSC Member,,,,Female,,,,,,,,,,
East Champaran,Ramgarhwa,,No,Vijender Kumar,Arjun bartiya,6201236039.0,General,Rajput,42.0,Current defacto  ZP and his mother was also zp in 2001,BSC Member,,,,,,,,,,,,,,
East Champaran,Piprakothi,,No,Lalu Manjhi,Late Gulli Manjhi,6201423203.0,SC,Musahar,37.0,"- District Adhyaksh of Musahar Vikas Manch since 2013
- Mukhiya Contestant 2016
- Mukhiya Contestant 2021
- ZP contestant 2011 elections, got 2800 votes
- Contested all election on General seat",DSC Member,Switch Off,,,Male,,,,,,,,,,
East Champaran,Harsidhi,,Harsidhi_19,Achal Gupta,Lt. Harishankar Sah,6201845488.0,EBC,Baniya,32.0,"- Defacto ZP member, Harsidhi (19)
- His Mother was ZP in 2016 to 21 from an area no 19. 
- His father was POC at that time. His father died in 2020. 
- After he took charge of the family legacy and fought and won again in 2021. 
- Secretary, Nav Yuvak Samaj Sevak Sangathan, Harsidhi ",Zila Sachiv,,,,Male,,,,,,,,,,
Saran,Amnour,,Amnour_33,Avinash Singh,Kameshwar Satyarthi,6202049279.0,General,Rajput,,- ZP runner from Amnour Part 3,BSC Member,,,,Male,,,,,,,,,,
East Champaran,Banjariya,,Banjariya_23,Baibhab Suman,Asumosdh Kumar Srivastav,6202235205.0,General,Lala,30.0,-ZP contestant in 2021 got 1.5k votes,BSC Member,,,,Male,,,,,,,,,,
East Champaran,Chakkia,,No,Vikram Singh,Prabhunath Singh,6202503365.0,General,Rajput,54.0,"- Currently, he is a government teacher.
-He is serving as Anumandal Adhyaksh in Siksha Sangh.
- He completed his Ph.D. in Bhojpuri from BRABU Muzaffarpur.
- He also published a Bhojpuri Book in 2020, which is now being used in BA/MA courses.
- His Uncle Nagendra Singh was elected ZP in 2001.",DSC Member,,,,Male,,,,,,,,,,
West Champaran,Ramnagar,,No,Vinay Sah,Madan Prasad,6202584960.0,EBC,Kanu,39.0,"- ZP Runner up (2011)
- ~ 7800 votes 
- Contested for PACS  (2014 & 2019",BSC Member,,,,Male,,,,,,,,,,
Siwan,Jiradei,,No,दुर्गावती देवी,डॉ. जी कुमार गौतम,6202805887.0,EBC,Teli,42.0,"-Former ZP( 2016). -ZP Runner up candidate ( 2021)
- Human Rights Commission Vice Adhyaksh
- Sahu Samaj district committee member
- His Husband is a Renowned Doctor in Ziradei Block",DSC Member,,,,Female,,,,,,,,,,
Siwan,Basantpur,,No,रजनी कुमारी,"रंजन सिंह ""विवेक""",6203130885.0,General,Rajput,26.0,"- Contestant ZP got 6552 votes and finished 2nd.
- District Adhyaksh Women Wing LJP and a Practioner Lawyer in Patna High Court",DSC Member,,,,Female,,,,,,,,,,
Siwan,Raghunathpur,,No,जेपी पांडेय,स्व. रघुनाथ पांडेय,6203485797.0,General,Brahmin,55.0,"Post Graduate from B.R Ambedkar University.
-Lok Sabha Indp. Contestent in 1989 got 10000 Votes.
-Ex ZP of Raghunathpur 2011",DSC Member,,,,Male,,,,,,,,,,
Siwan,Daraundha,,No,Anil Singh,Satnarayan Singh,6203495961.0,Gen,Rajput,47.0,"Ex- ZP 1995-2000, 2000-2005 2 Terms |  ZP 2001-06 | Follower of Prabhunath Singh | Apradhik 45-7 cases 302 - 5 cases pending | 1 murder accepted due to marriage pratishtha",BSC Member,,,,Male,,,,,,,,,,
Buxar,Rajpur,,Rajpur_2,Hareram Singh,Ramyash Singh,6203532522.0,OBC,Kushwaha,44.0,"Hareram Singh| 44| Male| OBC| Kushwaha

- ZP Contestant -2021 ( got 2688  votes)
- Studio Bussiness 
- Strong Hold on youth and Kushwaha Voters ",BSC Member,,,,,,,,,,,,,,
Saran,Sonepur,,No,Dr. Chandan Lal Mehta,Prabhulal Mehta,6203713197.0,OBC,Kushwaha,40.0,"-MBBS Doctor
-Former ZP
-Contested In 2020 AE, got 8500 votes.",DSC Member,,,,Male,,,,,,,,,,
Saran,Parsa,,No,Amit Singh,Shri Kapileshwar Singh,6204021045.0,General,Rajput,40.0,"- Current ZP 2nd time consicutively (2016-current)
- Prominant Businessman",DSC Member,,,,Male,,,,,,,,,,
West Champaran,Ramnagar,,No,Shambu Ram,Late Lagan Ram,6204296272.0,SC,Chamar,40.0,"- In 2021 he fought for ZP elections and scored 4877 votes.
-In 2016 he fought for BDC and scored 699 votes. 
- He was a Bojan Party panchayat Adhyaksh (1995-2005).",BSC Member,,,,Male,,,,,,,,,,
Rohtas,Kargahar,,Kargahar_8,Surendra Tiwari,Late Ram Bacchan Tiwari,6204452013.0,General,Brahmin,55.0," Surendra Tiwari | Male | 55 | General |  Brahmin

- ZP Runner up 2021, 2016, 2011
- Dainik Jagaran Reporter since 2000 
- Brahman Ekta Manch Pradesh Adhyaksh since 2022
- Upadhyaksh International Patrakar Union of India-Nepal Kala Sanskriti Manch
- He was running a School (1998-2002) in Kochas Block
- Provided free education for 4 years in Prathamik Vidyalaya
",BSC Member,,,,,,,,,,,,,,
Siwan,Guthani,,No,Saurabh Mishra/ Kittu Mishra,Sarvodaya Mishra,6204548980.0,General,Brahmin,24.0,ZP runner-up with 1312 votes,BSC Member,,,,Male,,,,,,,,,,
Saran,Isuapur,,No,Vishwanath Yadav,Devlal Prasad Yadav,6205804855.0,OBC,Yadav,66.0,"- ZP runeerup in 2021, 2016 &2011",DSC Member,,,,Male,,,,,,,,,,
Saran,Mashrakh,,No,Ajay Singh,Raj Narayan Singh,6206044970.0,GEN,Rajput,,"He is a Sarpanch. He is a block president of Sarpanch in Jajouli Block. He is also a president of Karyakari Sarpanch Sangh in distinct since March 2022. 
Socio-Political Brief- In 2016, He contested the ZP election and he was in 3rd position and got 2813 votes. In 2001, he also contested the Mukhiya election. In 2021, he won the election of Sarpanch and got 1500 votes. His mother was also a Sarpanch in 2011 and she got 1117 votes. His father was Head Master of the Middle School (Government School). ",BSC Member,,,,Male,,,,,,,,,,
Siwan,Andar,,No,Atul Kumar Singh,Late Vinay Kumar Singh,6206174749.0,General,Rajput,,-BDC of Patar Panchayat(2001-2011)-ZP runner up in 2021 elections-Acrive social worker,BSC Member,,,,Male,,,,,,,,,,
Gopalganj,Sahebganj,,No,Geeta Sahani,,6206428120.0,EBC,Mallah,58.0,"Geeta Sahani | Female | 58 | EBC | Mallah | ZP Contesatnt

-Former ZP Contestant, 2001 , 2006 & 2011, Runner Up all 3 Times
-Former Mukhiya Contestant, Runner Up 
-Former ASA Party Pradesh Upadhyaksh, 2024 To 2025
-Former BJP Member, 2023 To 2024
-Former JDU  Sharmaik Prakosht , Pradesh Upadhyaksh, 2010 To 2020
-Former Congress Pradesh Delegate 2009 To 2010
-Social Worker
",ACC,,,,Female,,,,,,,,,,
East Champaran,Dhaka,,No,Pushpa Devi,Badri Sharma,6206446377.0,OBC,Kalwar,63.0,"- Businesswoman
 - BJP Mahila Morcha Mandal Adhyaksh
 - Two Times ZP Contested in 2016 & 2021
 - She Lost the Both Election and Secured 2nd Position",BSC Member,,,,Female,,,,,,,,,,
Buxar,Dumraon,,No,Indrajeet Paswan,Bihari Paswan,6206457489.0,SC,Dusadh,50.0,"Indrajeeth Paswan | 50 | Male | SC | Dusadh

-ZP contestent 2016 & 2021 secured 1719 & 1934 respectively
-Ward 3 & 5 member 2006&2011  respectively
-LJP prakhand adhyaksh 2005-2010
-LJP Dist adyaksh Dalit prakost 2015-2018, resigned in 2023",BSC Member,,,,,,,,,,,,,,
Saran,Sonpur,,No,अमरेन्द्र चौरसिया,विशंभर प्रसाद चौरसिया,6207116493.0,EBC,Panhedi,,-ZP Runner Up from seat number 45,BSC Member,,,,Male,,,,,,,,,,
Gopalganj,Bhorey,,No,Sarfuddin Miya,Ismail Miya,6207481074.0,Minority,Muslim,50.0,He contested for ZP in 2021 from Bhore-6 (2400 votes). He contested for Mukhiya in 2001 and 2006. He is Dentist by profession.,BSC Member,,,,Male,,,,,,,,,,
Saran,Marhaura,,No,Md Iliyas Ansari,,6209545657.0,Minority,Ansari,39.0,"Md Iliyas Ansari | Male | 39 | Minority | Ansari | Incumbent ZP Member

-Incumbent ZP Member, 2021 To Till Date
-Jan Suraaj Prakahnd Prabhari
-Farmer",ACC,,,,Male,,,,,,,,,,
Bhojpur,Behea,,Barhara_28,Nirmal Singh Sakarvar,Tribhuvan Singh,6299381426.0,General,Rajput,60.0,"Nirmal Singh Sakarvar  | Male| 60| GEN| Rajput
-Ex-ZP (2011-16) 
- 2 term PACS President (1998-2004)
- Agricultural allied business ",BSC Member,,,,,,,,,,,,,,
Bhojpur,Sandesh,,Piro_11,Upendar Rahi Choudhary,Late Keshwar Choudhary,6299664133.0,EBC,Mallah,46.0,"Upendar Rahi Choudhary | EBC | Mallah | 46 | EX Zila Parishad | 9155340359 

- Ex ZP 2011-16; 14,000 votes. 
  -LJP Prakhand adhiyaksha then LJP Zila Upadhiyaksh in 2008, 
-LJP Zila adhiyaksh in (2013-2018) (Youth Wing).
-Organize state level (cricket,volleyball and football) tournaments and matches.
- Own a big fish farm in Sandesh Block
",Zila Upadhyaksh,,,,Male,,,,,,,,,,
West Champaran,Piprasi,,No,Jang Bahadur Patel,Late Chandrabali,6392153177.0,OBC,Kurmi,40.0,"a) Current Profile  Jang Bahadur Patel is the former ZP candidate in Piprasi Block. He is also a medical Whole saler. 
b) SocioPolitical Brief  He is active in politics since 2006. He contested as Panchayat Samiti member and won the election. In 2011, he filed his candidature as the ZP candidate but lost and secured second position. He did not fight further elections as the seat got reserved. Presently, he is the Prakhand Adhyaksha of JDU Kisan Prakoshtha. He spent his childhood in West Bengal as his father was employed in Coal India. He returned to Bihar with his family in 1990 and pursued his high school and further education here. He moved to Hyderabad later and worked as a field officer there.He again returned to Bihar in 1997 and did ITI course there. With the help of his close friend he started ITI. 
c) Financial Activity  Apart from medical wholesale and ITI institute he also owns 2 acres of farming land. 
d) Criminal Cases  NA 
e) Recent Activity  During covid, he provided medical assistance to the poor people at low cost. 
f) Public Perception  He has good image amongst the people of his Panchayat. There are very few people in his village as more educated as he, that's why his education helps him to earn lot respect and appreciation in the society. 
g) Area|Community Influence    He has good terms with the political leaders at the block and district level. He has strong hold over his community also. 
h) Remark  He is ready to join Jan Suraaj because he feels the change is the need of the hour in Bihar.",BSC Member,,,,Male,,,,,,,,,,
East Champaran,Chiraiya,,No,Dr. Sanjeev Kumar,Late Ramachandra,7004157070.0,EBC,Teli,37.0,"He has done B.A Veterinary. He has been also working under Krishi Kalyan Yojana as a Panchayat Technician hence, known in the entire block. He comes from a politically active family as his father had served as Panchayat Samiti for 10 years(2000-10) and his sister-in-law has also contested for the post of ZP but lost the election by a small margin of 400 votes in 2010. In 2010, they lost their father and their quest for being an elective representative hence, they never contested the election again. Presently, he is serving as a vatinery doctor and also runs a shop at Chiraiya Chowk his elder brother is the Headmaster of the village school hence, his family is still respected and followed by the locals.",BSC Member,,,,Male,,,,,,,,,,
Bhojpur,बिहिया,,Bihiya_4,Nand Kumar Ojha,,7004170080.0,General,Brahmin,60.0,"-Ex-ZP (2011-16) - 2 term PACS President (1998-2004)
 -ZP Runner-up(2021) 6700 votes
 - Agricultural allied business",Block Prabhari,,,,Male,,,,,,,,,,
Kaimur,Mokama,,No,Kumar Navneet Himanshu,,7004178374.0,SC,Dusadh,50.0,"Kumar Navneet Himanshu | Male | 50 | SC | Dusadh | Loksabha Contestant

-Former 2 Terms  Loksabha Contestant, 2024 & 2019 Munger, BSP , Got 12,280 & 10,612  Votes
-Incumbent ZP Member, Mokama, Got 9441 Votes
-Former MLA Contestant, Mokama Constituency, Independent, 2015, Got 1525 Votes
-Former Lok Janshakti Party, Pradhan Sachiv, 2000 To 2015 
-Retrired Railway Employee ",ACC,,,,Male,,,,,,,,,,
Saran,Sonpur,,No,"भोला कुमार शर्मा ""भाई भोला""",सुदर्शन शर्मा,7004247352.0,EBC,Lohar,,-ZP Contestant (2021),BSC Member,,,,पुरुष,,,,,,,,,,
Buxar,Rajpur,,Rajpur_4,Amit Kumar Singh,Harendra Singh,7004255744.0,OBC,Yadav,27.0,"Amit Kumar Singh| 27| Male| OBC| Yadav

- ZP RunnerUp (Got 8000 Votes)
- Runs Glorious Public School
- His Father is Mukhiya From 2001 Onwards
- Actively Worked in BSP ",BSC Member,,,,,,,,,,,,,,
Saran,Panapur,,No,Anil Kumar Singh,रामनाथ सिंह,7004436977.0,General,Rajput,,"-Former Mukhiya (2006-2011)
-ZP candidate (2021 election), received 2834 votes.
-He runs CSP in Gramin Bank.",BSC Member,,,,Male,,,,,,,,,,
Rohtas,Bakhtiarpur,,No,Balmiki Singh,,7004615901.0,OBC,Kurmi,56.0,"Balmiki Singh | Male | 56 | OBC | Kurmi | Former MLC 

-Former MLC , Patna Nagar Nikay , Independent  2006 To 2009
-Former MLC, Patna Nagar Nikay , JDU, 2009 To 2015
-Former MLC Contestant, 2021, Patna , JDU, Got 1400 Votes
-Former MLC Contestant, 2015, Patna , JDU, Got 1500 Votes
-Former Defacto ZP Member, 2006 To 2011
-Former Samta Party , Patna Zila Adhyaksh, 2000 To 2004
-Former jDU , Patna Zila Adhyaksh, 2004 To 2006
-Former JDU Zila Adhyaksh, 2013 To 2018 
-Former JDU , Karyakarini Sadasya, 2006 To 2014",ACC,,,,Male,,,,,,,,,,
Saran,Nagra,,No,Nitu Kumari,Kamleshwar Rai,7004724336.0,OBC,Yadav,,"-Ex-Zp member from Aphour panchayat.
-ZP member from 2006-11. 
-Contested the Mukhiya election in 2016 and 2021 but couldn't succeed. 
",BSC Member,,,,Female,,,,,,,,,,
Siwan,Guthani,,No,Vikash Yadav,Vinod Kumar Yadav,7004796493.0,General,Brahmin,49.0,"- De-Facto Former Mukhiya FRom GUthani West 2001-2006
- ZP Contestant Secured 1400 Votes. ",BSC Member,,,,Male,,,,,,,,,,
Saran,Jalalpur,,No,राज कुमार पंडित,देवनाथ पंडित,7005847242.0,EBC,कुम्हार,,"- ZP Contestant 2021 Got more than 5000 Votes
- Retd Army personnale from post of subedar
- Runs Contruction Business 
- Father was in army so is his both sons",President,,,,Male,,,,,,,,,,
Siwan,Bhagwanpur Haat,,No,विकाश सिंह,स्व. शशिभूषण सिंह,7021148022.0,General,Bhumihar,38.0,"-Incumbent Mukhiya(2021-Present)
-Actor & Producer of Bhojpuri Industry
- His Mother Maya Sinha Was Former ZP (2001-2006)",DSC Member,,,,Male,,,,,,,,,,
Siwan,Darauli,,No,Timal Miyan,Md. Murtaza,7033853282.0,min.,muslim,,"-Zp Runner-up 2021
- he was ver active worker of RJD ",BSC Member,,,,Male,,,,,,,,,,
Kaimur,भभुआ,,Bhabua_10,Pradeep Gupta,,7044176554.0,OBC,Bania,42.0,"-Incumbent Zila Parsihad of Bhabhua Bhag 1( 2021-Till ) - Runner Up of 2016-2021 ZP got 9000 votes
 - Factroy of Toy Related Materials .",Block Prabhari,,,,Male,,,,,,,,,,
East Champaran,Chiraia,,No,Ramlochan Prasad Yadav,स्व. भगेलू यादव,7050519404.0,OBC,Yadav,63.0,"- Three times Sarpanch (2011- till present) of Mahuawa West Panchayat - Fought ZP election in 2016 on his wife's name but lost, he secured 3600 votes in that election.",DSC Member,,,,Male,,,,,,,,,,
West Champaran,Bagaha 1,,No,Santosh Kumar Bharti,रामलाल भारती,7061530740.0,SC,Paswan,37.0,Runner up ZP membar,DSC Member,,,,Male,,,,,,,,,,
Saran,Manjhi,,Manjhi_11,अमित प्रकाश,किशोर राम,7061536785.0,SC,चमार,,"-ZP 2nd Runner up in 2011 and got around 1400 votes
 -Lost the 2016 BDC election by 17 votes of dautpur panchayat.
 -Lost the 2021 BDC election by 110 votes.",Prakhand Social Media Parvari,,,,Male,,,,,,,,,,
East Champaran,Piprakothi,,Pipra Kothi_29,Shailendra Kumar Manjhi,Punit Manjhi,7061805681.0,SC,Musahar,36.0,ZP Contestant 2016 from Motihari Block 2016 received 2756 votes,BSC Member,Call Connected,,,,,,,,,,,,,
Saran,Baniapur,,No,Pramod Kumar Singh urf Pappu,Pashupati Nath Singh,7070089726.0,General,Rajput,52.0,"-Ex ZP 2011-2016
-ZP contestant 2006
-Mukhiya contestant 2001
- One of the prominant rajput name of AC
- Owns a large market space in main market",DSC Member,,,,Male,,,,,,,,,,
Saran,Chhapra Sadar,,Chhapra_15,Pooja Kumari,Chandan Manjhi,7070099855.0,SC,Dusadh,,"- ZP Member Seat no.14 Chhapra Sadar (2016-2021)
- Runner-Up Zp (2021)
- IND Contested AC election (2020)
- she runs Gyan Niketan Public School",BSC Member,,,,Female,,,,,,,,,,
East Champaran,Kalyanpur,,No,Hasan Jamal Urf Bablu,Abdul Jamal,7070115184.0,Minority,Muslim,37.0,ZP Contestant,Prakhand Abhiyan Samiti Sadasya,,,,Male,,,,,,,,,,
East Champaran,Turkauliya,,No,Mokhtar Alam,Ali Hussain,7070387697.0,,,57.0,"BDC Contestant (2021)
ZP Contestant (2016)
RJD district VP ",,,,,,,,,,,,,,,
East Champaran,Pahadpur,,No,Chand Mohammad Miya,Dil Mohammad Miya,7079791943.0,EBC,Minority,58.0,"He was runner-up in the 2016 ZP election, and also worked as Congress Panchayat President(2014). Currently, he is working as a contractor and member of local the Masjid Committee.
 first time he contested any election was for the post of ZP, which has been lost by a margin of 600 votes and ended as a first runner-up. In 2021 although he wanted to contest the election but people of the Minority community get him to withdraw his candidature as this time they want to back Ahmad Husan Ansari, who is sitting ZP.",BSC Member,Not Received ,,,Male,,,,,,,,,,
Buxar,Dumraon Nagar Parishad,,Buxar_8,Krishna kumar Shah,Late Doddan Prasad Shah,7209208436.0,OBC,Vaishya Baniya,56.0,"Krishna Kumar Shah|56|Male|OBC|Vaishya Baniya

-ZP contestent 2011
-Mukhiya contestent 2006
- Businessman (wholesale of Clothes)
- Fully onboarded of Jan Suraaj and worked in Bye-Election",BSC Member,,,,,,,,,,,,,,
East Champaran,Madhuban,,No,Amit Singh,Indubhushan Singh,7209716588.0,General,Rajput,34.0,"-ZP Contestant from Madhuban and secured 2nd position
in 2021.
-Secretary of Rashtriya Yuva Kalyan Morcha since 2019
-Former Anumandal Adhyaksha Youth Pakdidayal Anumandal",Zila Sachiv,,,,Male,,,,,,,,,,
East Champaran,Turkauliya,,No,Md. Waseem Akram,Sayyed  Hashim,7250018873.0,Minority,Muslim,31.0,"- BAMS doctor and  Running 
- owns a clinic in Turkuliya West
- willing to fight ZP in upcoming panchayat election",,,,,,,,,,,,,,,
East Champaran,Patahi,,Patahi_51,राम किशोर मेहता,शिवचंद्र मेहता,7250076400.0,General,khatri,28.0,First time ZP candidate total 1300,BSC Member,,,,,,,,,,,,,,
East Champaran,Chiraiya,,No,Jafirul Haq,Manjarul Haque,7250197860.0,Minority,Muslim,51.0,"-Incumbent Sarpanch (2021 -Present )
 -PACS President Runner up in 2016
 -.Mukhiya Runner up in 2011 panchayat election.
 - ZP Runner up in 2006",BSC Member,,,,Male,,,,,,,,,,
East Champaran,Phenhara,,Phenhara_40,Arvind Panday aka Dodo Panday,Hariwansh Panday,7250277427.0,Brahman,Brahman,35.0,"X. He is 10th pass,  ZP 2nd Runner up (2021), - Former BJP Mandal Mahamantri( 2021) - Former BJP Mantri Yuva Morcha",Sangathan Zila Sachiv,,,,General,,,,,,,,,,
Siwan,Ziradei,,No,Dr. Anil Prasad,Bhikari Prasad,7250307352.0,EBC,Mallah,,"- 2 times ZP from Ziradei (2016-Present)
- Runs a Cloth shop.",Prakhand Adhyaksh,,,,Male,,,,,,,,,,
Siwan,Lakdinabiganj,,No,Parmod Ray,Nageshwar Ray,7250440834.0,,Yadav,45.0,"- ZP runner-up 2021 
-Owns TVS showroom, and runs three CSP centers.",BSC Member,,,,,,,,,,,,,,
Siwan,Raghunathpur,,No,Satyanarayan Ram,Late Atambar Ram,7250452772.0,SC,Ram,49.0,"-2 time ZP Contestant(2016,2021)
-Runner up in 2016 electoons securing 5600 votes.",BSC Member,,,,Male,,,,,,,,,,
East Champaran,Madhuban,,No,Rajkumar  Baitha,Late Yadunandan Baitha,7250557510.0,SC,Musahar,68.0,"Profile - He is an Ex ZP (2006-11), Retired Teacher.",BSC Member,,,,Male,,,,,,,,,,
East Champaran,Kalyanpur,,No,Munna Kumar Mahto,Late Ramsurat Mahto,7250592262.0,,,40.0,Zp Runnerup,BSC Member,,,,Male,,,,,,,,,,
West Champaran,Bagaha 2,,No,Om Prakash Gupta,Chote Lal Saha,7250636647.0,EBC,Kanu,55.0,"-businessman by proffesion ows hardware shop 
-uncle was Ex ZP 2011 Lal Babu ",BSC Member,,,,Male,,,,,,,,,,
Saran,नगरा,,No,Sanjay Mishra,,7250660436.0,General,Bhumihar,65.0,"- Consecutive 4 term Mukhiya 2006- till date
 - JDU District General Secretary 2011- 2016
 - ZP 2nd runner-up in 2001 from Jalalpur Block
 - 1984 Vidhan Sabha contestant from Bokaro
 - Ex President All India Trade Union",Block Prabhari,,,,Male,,,,,,,,,,
Saran,Marhaura,,No,Meena Arun,Arun Singh,7250707800.0,General,Rajput,,"- she is a ZP member of ZP seat no 21 
1-st time for zp and won by 4000 votes
- in 2011 she won by 4000+ votes,
 -in 2016 she was the chairman of the ZP saran. 
-In the last election, she contested the same and won by 5000+ votes 
-Her father-in-law was a mukhiya of the awari panchayat for 2 terms. In 2006 she contested 
",BSC Member,,,,Male,,,,,,,,,,
East Champaran,tetaria,,Tetariya_55,Shamshul Hoda,Md Idrees,7256018350.0,Minority,Muslim,30.0,"Incumbent ZP 2021-Present
- His family has been active in the local PRI elections. - He operates his own businesses. - He is Block Co-ordinator For International Human Rights. - In 2001 he went for Mukhiya, after that he went to contest elections for Panchayat Samiti and afterwards his cousin brother contested for ZP.",DSC Member,,,,Male,,,,,,,,,,
Siwan,Maharajganj,,Maharajganj_32,हरूनी महतो,स्व. सुकन महतो,7258881122.0,EBC,Noniya,70.0,"- Two time ZP ( 2011-16) ( 2021- Present)
- Majdoor Union Adhyaksh 1996- 2008( Coal Mine Dhanbad)
- His son is Doctor at AIIMS Delhi.",DSC Member,,,,Male,,,,,,,,,,
East Champaran,Kotwa,,No,Sanjay Kumar Das,Bhuneshwar Das,7260033102.0,SC,Pan,35.0,2021: ZP Contestant,BSC Member,,,,Male,,,,,,,,,,
East Champaran,Adapur,,Adapur_11,Rajketu Prasad Yadav,Paras Rai,7277020887.0,OBC,Yadav,37.0,"Zp Runner Up (Got 1600 Votes ) -2021 (E.No-11)
Village Practioner Since -2007",BSC Member,,,,male,,,,,,,,,,
Saran,Chhapra Sadar,,No,Bhola Kumar Yadav,Jugga Rai,7277219232.0,OBC,Yadav,,"-Incumbent sarpanch of Kottwa Patti Rampur
-His brother was DSP. His sister-in law was ZP.
-His nephew is posted in Home ministry",BSC Member,,,,Male,,,,,,,,,,
Siwan,siswan,,No,इं. रोहित कुमार,पूनम चंद,7277777784.0,EBC,Kanu,32.0,"- His Mother Ms. Prabha Devi is ZP 1st runner up (secured 7500 votes)
-MBA from Patna University
-Uncle Shankar Bhagwan prasad is a 3 time Sarpanch of Ghurghat Panchayat(2011-current)
-Grandfather Sri Baidnath Prasad served as Sarpanch since establishment of panchayati raj(1962-2011)",DSC Member,,,,Male,,,,,,,,,,
Saran,Dariyapur,,No,जौहर आलम,स्व. अफार आलम,7277962674.0,Minority,Pathan,,"-Zp Contestant, father was Zp and active politician",BSC Member,,,,Male,,,,,,,,,,
Saran,Dariapur,,No,Jitendra Kumar,Late Kailash Prasad,7279906943.0,EBC,Teli,47.0,"He is a former Zp member of seat no 42 of the Dariyapur Block
- He contested first time for the Zp and won by a good margin,
- In last election, he contested the Zp election but he was 2nd runnerup with 3684 votes",DSC Member,,,,Male,,,,,,,,,,
Siwan,Darundha,,No,नगीना यादव,भगरसन यादव,7282900853.0,OBC,Yadav,51.0,"-Incumbent ZP
-ZP election runner up 2016
-Associated with RJD in the past",DSC Member,,,,Male,,,,,,,,,,
Gopalganj,Kanti,,No,Binod Kumar Gupta,,7295940433.0,EBC,Teli,56.0,"Binod Kumar Gupta | Male | 56 | EBC | Teli | Former ZP Member

-Former ZP Memebr, 2016 To 2021, Got 6000 Votes
-Former ZP Contestent, Got 4500 Votes
-Former 2 Consecutive Terms,  Mukhiya, 2006 To 2016
-Former Mukhiya Contestant, 2001, Got 800 Votes
-Former JDU Panchayti Raj , Zila Adhyaksh, 2022 To 2025
-Former RJD Zila Mahasachiv, 2012 To 2017
-Garments Whole Saler",ACC,,,,Male,,,,,,,,,,
Saran,Sonpur,,No,यशवंत कुमार,चंद्रिका राय,7301438606.0,OBC,Yadav,,-ZP Contestent,BSC Member,,,,Male,,,,,,,,,,
Bhojpur,Gadhani,,Garhani_9,Rajkumari Devi,Shri Surendra Pandit,7319654841.0,EBC,Kumhar,49.0,"Raj Kumari Devi | 49 | Female  | EBC | Kumhar

-Ex ZP from Garhani Block in 2009 by-election 
-ZP Runner up from Garhani Block in 2016
-RLSP Zila Mahila Adhyaksh (2014-2017)
-JDU Zila Sacheev (2006-2012)


",Zila Mahila Adhyaksh,,,,Male,,,,,,,,,,
East Champaran,Piprakothi,,No,Anil Gupta,Late Babulal Prasad,7321071566.0,EBC,Bania,49.0,"-ZP 2021 contestant
-MUK 2016 contestant
-Brother Former 2014 Pacs won",BSC Member,Not Received ,,,,,,,,,,,,,
East Champaran,Tetariya,,No,Meera Kumari,Guddu Kumar,7321098490.0,EBC,Mallah,25.0,ZP Contestant | Vote Received 1152,BSC Member,,,,Male,,,,,,,,,,
East Champaran,Sangrampur,,Sangrampur_16,Ashok Hazra,Late Fulena Hazra,7322041286.0,SC,Dusadh,60.0,"- Former BDC 2001-2005
-ZP Contestant 2021
-BJP Kisan Prakosht Dist. Adhyaksh 2005-2011
-JDU Dist. Dalist Prakosht Adhyaksh 2019-2020",DSC Member,Call Connected,,,Male,,,,,,,,,,
Bhojpur,आरा,,No,Amrit Anand,,7352295892.0,SC,Paswan,52.0,"- LJP(R) District Committee Member (2022-2024)
 - Defacto ZP runnerup(2021)7081 votes
 - LJP Block President (2015-2018)",Block Prabhari,,,,Male,,,,,,,,,,
Rohtas,बिक्रमगंज,,Bikramganj_20,"Prabhash Chandra Singh ""Mantu Singh""",,7352308320.0,General,Rajput,44.0,"Prabhas Chandra Singh | 44 | Male | General | Rajput - Incumbent ZP (2021- till now).
 - Former RSLP Pradesh Mahasachiv (2023-24).",Block Prabhari,,,,Male,,,,,,,,,,
East Champaran,Motihari,,No,Mahesh Paswan,Late Bira Paswan,7369870270.0,SC,Dusadh,61.0,"Ex-BDC (2011-2016)
Ex BJP Mandal Adhyaksh (2016-2021)
Ward Member (2001-2006)
Contested ZP election in 2021 and garnered around 1800 votes.",BSC Member,,,,Male,,,,,,,,,,
Siwan,Badhariya,,No,तौहीद आलम,मजहरुल हक,7372896526.0,Minority,Muslim,27.0,"- ZP election runner up got 5000 votes
- Organizes local cricket tournament
- Owns a private school in gopalganj",DSC Member,,,,Male,,,,,,,,,,
Siwan,Mairwa,,No,Raju Gond,Manbodh Gond,7462854209.0,ST,Gond,34.0,"- Zp Contestant Secured 2124 Votes.
- Ex Bdc In kabirpur Panchayat.",BSC Member,,,,,,,,,,,,,,
Saran,Ishuapur,,No,विजय कुमार सिंह,शत्रुधन सिंह,7463948959.0,General,Rajput,,"""- He is Present 2 term Sarpanch of Ramchaura GP
- ZP runner up 2011 and ZP contestant 2006
- Ex Prakhand Maha Mantri BJP (2005-2011)
- Started his political journey since 1995 as a BJP member.""",BSC Member,,,,Male,,,,,,,,,,
East Champaran,Chiraiya,,No,Nasim Akhatar,Atik Akhatar,7464013947.0,Minority,Muslim,41.0,"- Preparin ZP election
- Businessman ",BSC Member,,,,Male,,,,,,,,,,
East Champaran,Banjariya,,Banjariya_22,Naseem Akhtar,Abdul Khaliq,7480838743.0,Minority,Muslim,30.0,"Active In Gp Politics Since -5 Years 
Doing Campaign For  Incumbent Zp Tauseef Ur Rahman
Motivated For Jansuraaj",BSC Member,,,,Male,,,,,,,,,,
Saran,Manjhi,,No,"Kamrul Hasan Kha, Aka Timan khan",Guljar Kha,7481082469.0,Minority,Muslim,,"-Contested 2001 Mukhiya,
 - ZP in 2011 got 500+ votes",BSC Member,,,,Male,,,,,,,,,,
Saran,Manjhi,,No,Kamlesh Kumar Yadav,Jaglal Yadav,7483169986.0,OBC,Yadav,34.0,"-Incumbent ZP.
-Runner up in 2016 ZP election.",DSC Member,,,,Male,,,,,,,,,,
Saran,Panapur,,No,अखिलेश कुमार महतो,जनक महतो,7488036359.0,OBC,कुशवाहा,,"-ZP candidate and secured 4th position with 3022 votes.
-Currently, he is a Prakhand Prabhari of AAP.
-He is very active at the block level.",Prakhand Yuva Adhyaksh,,,,Male,,,,,,,,,,
Siwan,Mairwa,,Mairwa_2,Vinay Kumar Tiwari,Shri Keshav Tiwari,7488119477.0,General,Brahmin,35.0,"- Want to fight OF Zp In the Next election
- Owner of City Tect Construction Company In New Delhi.
- OCity mandapam Marriage Hall
",BSC Member,,,,,,,,,,,,,,
East Champaran,Pahadpur,,No,Sami Arshad,Md Arshad,7488198995.0,EBC,Minority,30.0,"Cotested ZP in 2021.
",BSC Member,Call Connected,LEFT THE PARTY,,Male,,,,,,,,,,
Saran,Taraiya,,No,Ravi Prabhat Singh,Vinod Singh,7488257464.0,General,Rajput,38.0,- Ex-ZP Member - ZP Runner-Up 2021,DSC Member,,,,Male,,,,,,,,,,
Kaimur,Hilsa,,No,Kapil Prasad,,7488310724.0,OBC,Kurmi,52.0,"Kapil Prasad | Male | 52 | OBC | Kurmi | Former ZP 

-Former ZP , 2016 To 2021, Got 3300 Votes
-Former ZP Contestant, 2021, Got 1800 Votes
-Former Mukhiya Contestant, 2001 , 2006 & 2011
-Former JDU Member, 2003 To 2022
-Jan Suraaj Anumandal Mahaschiv",ACC,,,,Male,,,,,,,,,,
Saran,Marhaura,,No,Vinay Kumar Singh,Madan Prasad Singh,7488378593.0,General,Rajput,46.0,"-Has been LJP's MLA Candidate in 2020 and got 6,800 votes
- His sister in law secured 2nd position in 2021 PRI election as a ZP member candidate.
- Current LJP Marhoura Block Adhyaksh.",DSC Member,,,,Male,,,,,,,,,,
Saran,Baniyapur,,Baniapur_3,Jai Prakash Sharma,Late. Ramanad Sharma,7488396132.0,EBC,Badhai,54.0,-ZP runner up (2011 & 16) with 5000+ votes both time.,DSC Member,,,,Male,,,,,,,,,,
East Champaran,Adapur,,No,Suman Kumar Upadhyay,Late Brajnandan Upadhyay,7488474099.0,General,Brahmin,33.0,"ZP Contestent -2021
",BSC Member,Not Received ,,,male,,,,,,,,,,
West Champaran,Bagaha 1,,No,Neeraj Kumar Bharti,Ramji Ram,7488686574.0,SC,Chamar,28.0,His wife Arnika Devi was ZP contestant (area no 6),BSC Member,,,,Male,,,,,,,,,,
East Champaran,Piprakothi,,No,Manoj Yadav,Shri Harendra Prasad Yadav,7488723358.0,OBC,Yadav,45.0,"-Former Sarpanch 2016-2021.
-Sarpanch Runner Up 2021 got 2000 plus votes and lost by thin margin.
-Uncle Dhirendra Yadav Contested in ZP election 2001 but lost
-He is very active in his block.",BSC Member,Busy,,,,,,,,,,,,,
West Champaran,Ramnagar,,No,Adalat Ram,Late Ramlachhan Ram,7488755086.0,SC,Chammar,50.0,"Work for BSP
ZP contestant 1990- secured 2nd position on general seat - lauriya
Social worker",BSC Member,,,,Male,,,,,,,,,,
West Champaran,Gaunaha,,Gaunaha_21,Abdul Sattar,शेख मो. रज़ा,7488995241.0,Minority,Muslim,54.0,"-Started political journey in 1989 supporting VP Singh.
-Ran for Mukhiya position since 2001, never joined a party.
-Ex-Block Pramukh of Gaunaha in 2011, now a businessman.
-Contested ZP elections 2016 (did'nt Won)
-Close to former Bihar minister Bholaram Toofani.
-Financially strong, owns brick kiln, poultry farm, and bike showroom.",DSC Member,,,,Male,,,,,,,,,,
Saran,Mashrakh,,No,Godavri Devi,Anil Kumar Thakur,7488996317.0,EBC,Hajjam,,"Ex ZP in 2006
Contested in 2011,2016,2021",BSC Member,,,,Male,,,,,,,,,,
East Champaran,Pakdidayal,,No,Raju Kumar Paswan,Late Devnarayan Paswan,7491934936.0,SC,Dusadh,30.0,"Political Active in Gram Pnachayat election.
He is managing Campaining of ZP candidates.",BSC Member,,,,Male,,,,,,,,,,
Saran,Manjhi,,No,Shatrughan Prasad Lohia,Late Sitaram Sharma,7541821582.0,EBC,Lohar,,"-Lost the 2001 BDC election by 51 Votes of Dumri panchayat
 -ZP contested in 2006 and got 1400 votes
 -ZP Contested in 2011 and got 1500 votes
 -Lost the 2016 Mukhiya election .",BSC Member,,,,Male,,,,,,,,,,
East Champaran,Motihari,,Pipra Kothi_29,Vibha Sharma,,7542816555.0,Geenral,Bhumihar,55.0,"Vibha Sharma | Female | 55 | Geenral | Bhumihar | Incumbent ZP

-Incumbent 2 consecutive terms ZP (2016 to till date)
-Former 2 times Panchayat Samiti(2006 to 2016)
-Former Block Pramukh(2006 to 2011)
Former BJP Mahila Cell Zila Adhyaksh(2008 to 2020)
-Jan Suraaj Zila  Mahila Adhyaksh",ACC,,,,Female,,,,,,,,,,
Saran,Mashrakh,,No,Rameshwar Sah,kashi rai,7542904656.0,OBC,Koieri,,Ex ZP contestant 2016,BSC Member,,,,Male,,,,,,,,,,
Kaimur,Islampur,,No,Sourbh Kumar Mani,,7544084375.0,OBC,Yadav,28.0,"Sourbh Kumar Mani | Male | 28 | OBC | Yadav | Defacto ZP Contestant

-Former Defacto ZP Contestant, 2021 , Runner Up
-Former Defacto BDC Contestant, 2016, runner Up
-Former Defacto Mukhiya Contestant, 2011, runner Up
-Former RJD Yuva Zila Upadhyaksh, 2015 To 2025
-Businessman(Bike Showroom, Real Estate ",ACC,,,,Male,,,,,,,,,,
East Champaran,Piprakothi,,Pipra Kothi_29,Neetu Gupta,Ranjeet Gupta,7633071633.0,OBC,Rauniyaar,30.0,"- Incumbent ZP from Piprakothi Block
- Her Husband is contractor by profession",DSC Member,,,,Male,,,,,,,,,,
Saran,Panapur,,Panapur_30,Arvind Kumar Singh,दिनेश्वर सिंह,7654831922.0,General,Rajput,,-ZP candidate in 2021 and received third position with 3118 votes.,BSC Member,,,,Male,,,,,,,,,,
East Champaran,Bankatwa,,No,Ajay Kr Yadav,Shree Bharath Prasad Yadav,7667096840.0,OBC,Yadav,38.0,"-He is social influencer who is active in politics
-has helped MP, MLA, Mukhiya and ZP to win elections in the past by political campaigning (especially helped Shamim Ahmed in Bankatwa by uniting people to vote for him)
",BSC Member,,,,Male,,,,,,,,,,
Saran,Sonepur,,No,"Narottam Singh ""Bablu Singh""",Late. Brijbhushan Singh,7667335477.0,General,Rajput,45.0,-Two terms ZP along with three terms Mukhiya -ZP Runner-up (Current),DSC Member,,,,Male,,,,,,,,,,
East Champaran,Narkatia,,Banjariya_22,Md Tauseefur Rahman,,7688861296.0,Minority,Sheikh,28.0,"Md Tauseefur Rahman | Male | 28 | Minority | Sheikh | Incumbent ZP Member

-Incumbent ZP Member, 2021 To Till Date, Got 5080 Votes
-Grand Father was 2 Terms Mukhiya 
-Former AAP Block Coordinator, 2014 To 2016
-Jan Suraaj Youth District President
-Director Of a Private School, Rahman International School
-Vice President Of HAVO Organisation",ACC,,,,Male,,,,,,,,,,
Siwan,Hussainganj,,No,Jawed Alam,Late Tabarak Hussain,7739075668.0,Minority,Muslim,,"-Ex Ward 2001
-Zp Runner Up got 500 votes 2006
-BDC Runner Up Secure 4th Position 2011
-Mukhiya Runner Up Secure 5th Postion 2016.
-Mukhiya Runner Up Secure 5th Postion 2021.
-RTI Activist.",BSC Member,,,,Male,,,,,,,,,,
Saran,Maker,,No,Oshiar chaudhary,Late Dwarika Chaudhari,7739291446.0,SC,Chamar,,"-ZP Runnerup in 2016 and 2021 -
- educated person of his society 
- also Doing private job in Marhaura ",BSC Member,,,,Male,,,,,,,,,,
Saran,Taraiya,,No,Shafiq Alam Alias mainnuddin ansari,Alijan Ansari,7739791436.0,EBC,Mallah,,"-Runnerup Zp in 2016 Lost By 500 votes.
-Runnerup sarpanch in 2021 got 700 Votes. 
",BSC Member,,,,Male,,,,,,,,,,
Siwan,Raghunathpur,,Raghunathpur_24,जय प्रकाश सिंह,सिंग्यासन सिंह,7750000496.0,OBC,Kurmi,50.0,"- BDC (2006) , won by around 500 votes securing around 1700 votes
- ZP contestant 2011,1st runner up and lost by just 11 votes - After that seats got reserved so didnt contest elections
- Renowned businessman in Raghunathpur and nearby blocks. """,DSC Member,,,,Male,,,,,,,,,,
Siwan,Nautan,,No,Satyadeo Yadav,Shri Gaya Choudhary,7759089468.0,OBC,Yadav,,"-Active Social Worker 
-Campaigned For ZP & Satyadeo Ram",BSC Member,,,,Male,,,,,,,,,,
Siwan,Andar,,No,केवल राम,धनराज राम,7759806689.0,SC,Chamar,35.0,"- ZP contestant in 2021 from seat no. 9 got 1428 votes.
- Former CPI district committee member 2015-2020
- Block committee Member CPI-ML 2013-2015",DSC Member,,,,Male,,,,,,,,,,
Kaimur,Nuaon,,Nuaon_4,Rtd.Haji Seraj Ansari,Lt.Abdul Rahim Ansari,7759994930.0,Minority,Muslim,51.0,"Haji Siraj Ansari|51|Male|Minority Muslim|
-Retired Army Personnel.
-He Graduated in Political Science with English.
-He Served The Veer Hamid Regiment for 18 Years as a Havaldar.
-He Served The BMP16 Crack Regiment for 2 Years as a Constable.
-He is Currently Posted at Ramgarh PNB Bank as a Cashier.
-He Was a Candidate for The National Congress Party Ticket 
 in Ramgarh Assembly 2010, He Got 1000 Votes & Lost The 
Election.
-He Contested the ZP Election from Nuaon Block in 2011 and got 6700 Votes
 & Lost The Election
-His Wife Shahnaz Begum Contested Mukhiya Election of 
Taraitha Panchayat from 2016 & 2021 and Lost The Both Election,
in The Last Election, She Got 761 Votes.",BSC Member,Call Connected,Abdul Hamid,,,,,,,,,,,,
Saran,Mashrakh,,No,Sakil Ansari,Md Razauddin,7761870701.0,MInority,MInority,,"-ZP contestant 1200 votes
- Runs a school in the GP",BSC Member,,,,Male,,,,,,,,,,
Saran,Garkha,,No,Md. Mukhtar,Mohammad Sukhladdin,7763981975.0,Minority,Muslim,,"""-ZP contestant from 2 blocks(2021).
-Secured 4000+ votes from Garkha bhag-2.
-From Amnour bhag-2, secured 2500+ votes.
-Mukhiya runner-up,2016, secured 1300 votes.
-Mukhiya contestant, 2011, secured 530 votes.
-PACS Chairman runner-up, 2009.""",BSC Member,,,,Male,,,,,,,,,,
East Champaran,Ramgarhwa,,Ramgarhwa_3,Vyas Gauri Shankar,Ramadhar Gauri,7764056740.0,General,Rajput,46.0,- Runner Up Zp,BSC Member,,,,,,,,,,,,,,
Siwan,Raghunathpur,,Raghunathpur_25,Dharmnath Ram,Late Lalmohar Ram,7765095855.0,SC,Ram,46.0,"- 2 time ZP Runnerup (2016,2021)
- Secured 3200 votes in 2016 and 4000 votes in 2021
",BSC Member,,,,Male,,,,,,,,,,
Siwan,Barharia,,No,Ashok Kumar Kuhswaha,,7766003591.0,OBC,Kushwaha,,"Ashok Kumar Kuhswaha | Male | 36 | OBC | Kushwaha | MLA Contestant

-Former MLA Contestant, 2020, Barharia Constituency, Independent, got 1300 Votes
-Former ZP Contestant(2021), Got 1200 Votes
-Former CPI ML Vidhan Sabha Prabhari(2020 To 2023)
-Former RLSP National Youth Secretary(2018 To 2020)
-Former AAP Ward Coordinator(2014)
-Advocate",ACC,,,,Male,,,,,,,,,,
Saran,Mashrakh,,No,Yogendra Mahato,Late. Ashrfi Mahto,7779868882.0,EBC,Nonia,58.0,"- Former ZP, (2016-21) - Masrakh Nagar Panchayat Chairman contestant",DSC Member,,,,Male,,,,,,,,,,
Saran,Marhaura,,No,Saguni devi,Bhushan Manjhi,7779917680.0,SC,Dusadh,,"

-She is a 2-time Mukhiya Runner up 
 -Her husband is associated with Zp member Meena Arun.
-Social Active person




",BSC Member,,,,Male,,,,,,,,,,
West Champaran,Ramnagar,,No,Krishnavati Devi,Dhrup Ram,7781043955.0,SC,Chammar,46.0,"2021- ZP contestant and secured 3600 votes.
BJP- Zila Upadhyaksh Mahila Morcha
2016- Contested ward and lost by 5 votes.",BSC Member,,,,Female,,,,,,,,,,
East Champaran,Kotwa,,No,Mahindra Manjhi,Ramswaroop Manjhi,7781810631.0,SC,Musahar,55.0,2021: ZP Contestant,BSC Member,,,,Male,,,,,,,,,,
Saran,Dariyapur,,No,Haribadan Singh,Suryadarshan Singh,7782524993.0,General,Rajput,67.0,- Former Zp from 42 No. - Former JDU Prakhand Mahasachiv - Closelly Assosiated with former 6 time MLA Chandrika Rai - Has great Influence in Awadhiya Community,DSC Member,,,,Male,,,,,,,,,,
Saran,Manjhi,,No,Pramod Singh,Sukhdev Singh,7782881067.0,General,Rajput,,"Former Mukkhiya from 2016 to 2021.
 He missed the chance by 140 votes to defeat the two times ZP nephew .",BSC Member,,,,Male,,,,,,,,,,
Saran,Garkha,,No,Sampat Ram Rahi,,7782978181.0,SC,Ravidas,53.0,"Sampat Ram Rahi | Male | 53 | SC | Ravidas | Incumbent Mukhiya
-Jansuraaj State Executive Member
-Incumbent Mukhiya of Wajidpur Panchayat(2021 To Till Date)
-Former 3 Times MLA Contestant(2015, 2010 & 2005)
-Former ZP Member(2001 to 2006), Got 18256 Votes
",ACC,,,,Male,,,,,,,,,,
West Champaran,Bagaha 2,,No,Sheshnath Chaudhary,गान चौधरी,7783817252.0,ST,Tharu,44.0,"a)His wife Chandrama Devi is the ZP from Area No. 2 -Bagaha-2.
b) He has also served as Sarpanch of Baluwa Chatraul GP from 2016-2021.",DSC Member,,,,Male,,,,,,,,,,
Saran,Taraiya,,No,Manoj Kumar Gupta,Harnarayan sah,7857918200.0,EBC,Teli,,"- Runner up ZP contestant got 50259 vote (2016- 2021) 
-Businessman
--Good influencer among the Teli community of Tharaiya. ",BSC Member,,,,Male,,,,,,,,,,
Saran,Jalalpur,,Jalalpur_17,Abhay Tarkeshwar Ram,बुंदेला राम,7858031327.0,SC,Chamar,,"- Consecutive 2nd term Zila Parshad
-He is current Zila Parishad from Jalalpur Block.
- He has contested ZP election in 2016 and 2021 and won in both the elections. He is Former Block president of Congress",BSC Member,,,,Male,,,,,,,,,,
Rohtas,Dinara,,Dinara_3,Manoj Kumar Paswan,Janardhan Paswan,7870441517.0,SC,Dusadh,44.0,"Manoj Kumar Paswan | 44 | Male | SC | Dusadh

- Runner up ZP of Dinara in 2016 got 2700 votes
- Former LJP Dalit Sena District Vice President, Block (2000-2003)
- Former Ambedkar Kalyan Hostel Bikramganj Block President (2000-2003)",Sangathan Zila Upadhyaksh,,,,Male,,,,,,,,,,
Saran,Ishuapur,,No,योगेन्द्र महतो,स्व. देवलाल महतो,7870887812.0,EBC,Nonia,,": ZP runner up in 2021 
: Vice president in EBC wing with BJP from last 15 years",BSC Member,,,,Male,,,,,,,,,,
East Champaran,Dhaka,,Dhaka_49,Seema Devi,Late Ashok Prasad,7870921554.0,Gen,Kayasth,43.0,"- -Her brother-in- law was a ZP contestant (2016)
- She is associated with State Bank Of India  in (Dhaka)to provide loans to the needy people",Prakhand Abhiyan Samiti Member,,,,Female,,,,,,,,,,
West Champaran,Gaunaha,,No,Shashi Singh,Late Bachcha Singh,7903513142.0,General,Rajput,41.0,- BDC of the Madhopur panchayat (2021) and got 1250 votes. - He was working as a Lok Sikshak from 2005-07. He is also Preparing for ZP election.,Prakhand Pravkta,,,,Male,,,,,,,,,,
East Champaran,Govindganj,,Areraj_10,Shailendra Kumar Mishra,,7903772699.0,General,Brahmin,46.0,"Shailendra Kumar Mishra | Male | 46 | General | Brahmin | Incumbent ZP

-Incumbnet 3 Consecutive times ZP (2011 to Till date)
-Former ZP Contsetant(2006) , got 3981 votes
-Former Mukhiya Contestant(2001), got 911 votes
-Former NCP Zila Mahasachiv(2011 to 2022)
-Former NCP Zila Sachiv(2008 to 2010)
-Former NCP Prakhand Adhyaksh(2003 to 2005)
-Jan Suraaj Pradesh Ahiyaan Samiti Sadasya",ACC,,,,Male,,,,,,,,,,
Siwan,Pacharukhi,,No,शंभू सिंह,नरसिंह,7903935671.0,OBC,Kurmi,46.0,"- Incumbent ZP Got 9000 votes in 2021
- Runner up in 2016 ZP election Got 7800 votes and lost by a margin of 3 votes
- Former sarpanch of Hardiya 2001-2006.",DSC Member,,,,Male,,,,,,,,,,
Rohtas,Sasaram,,No,Ravindra Kumar Dwivedi,,7903962422.0,General,Brahmin,61.0,"Ravindra Kumar Dwivedi | Male | 61 | General | Brahmin | MLC Contestant

-Former MLC Contestant, 2011, Rohtas Local Body
-Former ZP Member, 2001 To 2006
-Former Mukhiya 2000 To 2000
-Former Congress BPCC Sachiv, 1990 To 2025",ACC,,,,Male,,,,,,,,,,
East Champaran,Pakdidayal,,No,Pramit Raj Alias Sonu Singh,Raju Singh,7974744032.0,General,Rajput,28.0,"- Two times PACS President (Father)
- Two times Sarpanch ( Mother)
- ZP contestant and secured 3000 votes in 2011.",BSC Member,,,,Male,,,,,,,,,,
Siwan,Pacharukhi,,No,बब्लू कुमार,गौतम साह,7979031773.0,EBC,Bania,,"- ZP tumne rup from area no. 21 in 2021
- Former Mukhiya of Mahuari GP.
- Respected Kushwaha name in Pachrukhi",Pravkata,,,,Male,,,,,,,,,,
Buxar,Rajgir,,No,Munna Lal,,7979032615.0,SC,Dusadh,49.0,"Munna Lal | Male | 49 | SC | Dusadh | Incumbent Defacto ZP 

-Incumbent Defacto ZP Member, 2021 To Till Date
-Former JDU Block Vice President, 2011 To 2013
-Former JDU Yuva Cell Block President, 2013 To 2016
-Former JDU SC Cell, State Vice President, 2019 To 2021
-Former BJP SC Cell District President, 2022 To 2025
-Social Worker",ACC,,,,Male,,,,,,,,,,
Saran,Sonpur,,No,मिंटू सिंह,स्व. बृजनंदन सिंह,7979089449.0,General,Rajput,,-ZP Contestant,BSC Member,,,,पुरुष,,,,,,,,,,
Saran,Dariyapur,,No,Chandrashekhar Singh,Late. Rameshwar Singh,7991159794.0,General,Rajput,47.0,"-2 time Mukhiya Of Sajjanpur
Matihan Panchayat
-Adhyaksh of Mukhiya
Sangh, Dariyapur
-His Father was Mukhiya of Panchayat for 30 years,
- His Brother was a ZP member for 2 time",DSC Member,,,,Male,,,,,,,,,,
Saran,Nagara,,No,Babita Kumari,Satish Kr. Singh,7992323669.0,General,Rajput,45.0,"- ZP runnerup 2021 secured 9500 votes approx.
- Her Husband Satish Kr Singh is a prominent businessman
- Owns her school - Vocal lady",DSC Member,,,,Female,,,,,,,,,,
East Champaran,Piprakothi,,No,Rubby Devi,Manish Kumar Yadav,7992419566.0,OBC,Kurmi,44.0,"-2021- Samiti Contested.
-2016 - Krishnanand Yadav (Father in law) ZP contested.",BSC Member,Not Received ,,,,,,,,,,,,,
East Champaran,Motihari,,No,Professor Lalan Singh,Late Ram Singh,7992456751.0,General,Rajput,58.0,"-ZP Contestant 2001(Banjaria)
-Director of Ideal Public School
-Professor of Anugrah Narayan Singh college since 1992",DSC Member,,,,Male,,,,,,,,,,
Saran,Dariyapur,,Dariapur_42,Zafar Iqbal,Mohammad Idris Ansari,8002185889.0,Minority,Muslim,35.0,- Incumbent ZP From Dariyapur.,DSC Member,,,,Male,,,,,,,,,,
Saran,नगरा,,No,Safdar Hussain,,8002203743.0,Minority,Muslim,62.0,"- Samajwadi Party District Secretary 1990- 1995
 - Pharmacist & RMP, actively involved in social welfare and activities since 1990
 -During COVID pandemic he had helped people without any cost demanding from them
 - ZP 2nd runner-up in 2016 from Marhaura Part 3 seat no. 22 with 3149 votes",Block Prabhari,,,,Male,,,,,,,,,,
Buxar,Brahampur,,No,Ramu Paswan,Naik Paswan,8002244068.0,SC,Dusadh,40.0,"Ramu Paswan |  Male | 40 | SC| Dusadh 

-Former BDC (Purvi), 2016
Defactor Ward Member , 2011 
- Defacto Ward Member, 2006 
-Zp Contestant 2021 ( 157 votes)",BSC Member,,,,,,,,,,,,,,
Siwan,Goriakothi,,No,Ramesh Kumar Singh,,8002547042.0,General,Rajput,,"Ramesh Kumar Singh | Male | 41 | General | Rajput | Incumbent ZP

-Incumbent ZP  Member, 2021 To Till Date , Got 10200 Votes
-Former ZP Contestant, 2016 Got 4100 Votes
-Former BJP Yuva Morcha Zila Committe Member, 2016 To 2019
-Former BJP Yuva Kamal Club Zila Adhyaksh, 2019 To 2025
-",ACC,,,,Male,,,,,,,,,,
Saran,Chhapra Sadar,,No,Ramnath Singh,Harishankar Singh,8002653697.0,General,Rajput,,"- Contestant of BDC Election in 2011 & 2016
- Preparing for ZP Election in 2026",BSC Member,,,,Male,,,,,,,,,,
Saran,Manjhi,,Manjhi_12,Ravinder Singh,Late Ishwari Singh,8002685193.0,General,Rajput,,"-Former BDC from 2006 to 2016. 
 -ZP Contestant in 2016 and 2021 ZP election.",BSC Member,,,,Male,,,,,,,,,,
Siwan,Badhariya,,No,डॉ. विनोद सिंह,नयन प्रसाद सिंह,8002855143.0,OBC,Kurmi,38.0,"-Current ZP from Barhariya(2021)
-Practising since last 15 years and known for treating people at negligible costs
-Father Dr. Nain kumar singh has been practising since last 40 years and is a well known social worker",DSC Member,,,,Male,,,,,,,,,,
Saran,Ishuapur,,No,सत्संगी लाल गुप्ता,स्व. रमाशंकर प्रसाद,8002883841.0,EBC,Teli,,"He is ZP 2nd runner up.
He is running his own private school.",BSC Member,,,,Male,,,,,,,,,,
East Champaran,Patahi,,No,kaushal kumar,Nandkishor Saha,8006565658.0,,Teli,30.0,ZP candidate,BSC Member,,,,Male,,,,,,,,,,
East Champaran,Chiraia,,No,Alok Ranjan Gupta,Keshwar Prasad,8083836355.0,EBC,Kanu,32.0,"- He has contested ZP election in 2021 and recieved 8128 votes.
- He has done BSc(Chemistry), MSc(Chemistry) and BEd from AN College, Patna - He is Adhyaksh of District Guest Teacher Association .
- He is District ViceAdhyaksh of RJD Shikshak Prakoshtha .
- He is Guest lecturar at Mahadev Sah High School.",DSC Member,,,,Male,,,,,,,,,,
Gopalganj,बरौली,,No,Dharmendra Kumar,,8084192441.0,EBC,Kumhar,41.0,"- ZP Member from Seat No.: 27
 - Politically active person and has won the 2021 election securing 9800 votes and winning by a margin of 3600 votes which is highest in the history of Barauli ZP election. - His wife also contested for BDC election in 2016 but lost. He was a BDC himself in 2011 and secured 1100 votes.",Block Prabhari,,,,Male,,,,,,,,,,
Saran,Ekma,,No,Harendra Mahto,Late.Ramdeo Mahto,8084283896.0,EBC,Nonia,,He was ZP Contestant,BSC Member,,,,Male,,,,,,,,,,
West Champaran,Madhubani,,No,Awadhkishore Mishra,Late Saral Mishra,8084309173.0,Gen,Brahman,58.0," Ex BJP Prakhand Mahamantri
 Ex MLA Contested, 2005 Dhanha AC, on CPMIL Ticket
 Worked in CPI ML Party
 Ex Gram Rakhsha Dal, Convenor
 Ex BDC Contesant
 ExMukhiya Contestant
 ZP Contestant 2021",BSC Member,,,,Male,,,,,,,,,,
East Champaran,Areraj,,No,Ashok Singh,Late Indrasen Singh,8084318719.0,General,Bhumihar,50.0,"Ashok Singh is associated with Indian National Congress for more than 30 Years. b) He remains highly active on the ground. He never contested for PRI elections but he remains a go-to person in his constituency for the resolution of disputes. Also, he is a key person in the Assembly, PRI & Parliamentary elections. In his panchayat, without his support, no contestant can win. He has a great hold on voters and PRI members across the assembly. Also, he plays a key role in the selection of ZP chairman. He has a very good image as a social worker who helps people in getting their daughter married and helps people who are in need of medical help. Every year he helps more than 20 girls in getting them married.
",BSC Member,Wrong Number ,,,Male,,,,,,,,,,
West Champaran,Bagaha 1,,No,Jhapas Mali,Ramnath Mali,8084372618.0,EBC,Mali (Malakar),40.0,-he  Contested As a ZP Candidete and got 2435 vote and lost by 3000 vote,BSC Member,,,,Male,,,,,,,,,,
Siwan,Bhagwanpurhat,,No,Manju Devi,Dr. Keshav Prasad Gupta,8084410208.0,EBC,Kanu,50.0,- Ex-ZP Member (2011-16)- ZP runner-up in 2016 PRI elections- Popular woman leader of Bhagwanpur Hat,BSC Member,,,,,,,,,,,,,,
East Champaran,Kotwa,,No,Suresh Paswan,Lt. Kalchandra Paswan,8092190661.0,SC,Dusadh,58.0,2021: ZP Contestant,BSC Member,,,,Male,,,,,,,,,,
Saran,Marhaura,,No,Satendra Prasad Singh,Brajanandan Singh,8102514816.0,General,Bhumihar,,"- JP Senani
-  BJP Block president 1990- 1995
- BJP District Youth Chief Tresurer 1985- 1990
- BJP District working committee member 1990- 2001
- Vidhan Sabha candidate in 2010 with 5000 plus votes
- ZP Contestant in 2006 with 1600 plus votes
- Mukhiya Contestant in 2011 where he finished 3rd runner- up
- MLC graduate contestant in 2017
- MLC contestant in 2012
- Advocate in Patna High court",BSC Member,,,,Male,,,,,,,,,,
Siwan,Goriyakothi,,No,ज्योति सिंह,रिंकू सिंह,8102866081.0,General,Bhumihar,37.0,"- De-facto ZP runner-up.
- Got more than 3500 votes.
- Renowed bhumihar youth face in Goriyakothi Assembly.",DSC Member,,,,Male,,,,,,,,,,
Siwan,Raghunathpur,,No,उमेश पासवान,परमेश्वर पासवान,8130709598.0,SC,Paswan,44.0,"-Incumbent ZP and defeated one of the prominent RJD Leader,Nagendra Manjhi.
-Contested 2016 ZP Election but lost by 120 Votes.
-Graduated from DU and also a Prominent Social activist.",DSC Member,,,,Male,,,,,,,,,,
East Champaran,Piprakothi,,No,Hemanti Devi,Krishna Choudhary,8138950804.0,EBC,Mallah,29.0,"-JDU Prakhand Mahila Adhyaksh 2018-till date
-ZP Contestant 2021 got 750 votes",BSC Member,,,,,,,,,,,,,,
East Champaran,Kotwa,,No,Santosh Kumar,Mahesh Baitha,8207569705.0,SC,Dhobi,39.0,2021: ZP Contestant,BSC Member,,,,Male,,,,,,,,,,
Saran,Ishuapur,,No,रौनक कुमार,स्व. अखिलेश्वर प्रसाद कुशवाहा,8210008423.0,OBC,Kushwaha,,": he is student union maha sachiv
: ZP runner up ",BSC Member,,,,Male,,,,,,,,,,
East Champaran,Turkauliya,,Turkaulia_20,Jitender Chaudhary,Divender Chaudhary,8210036630.0,SC,Paasi,35.0,"- He is a school teacher and Husband of Nitu Chaudhry. 
- She contested ZP 2021 elections (ZP 20) and secured third place in her very first election.",,,,,,,,,,,,,,,
Siwan,Hussainganj,,Hussainganj_12,LaL Chand Ram,Late Bujhawan Ram,8210120135.0,SC,Ram,,"-Ex BSF
-EX Parmukh 2016
-ZP Runner Up 2021
-Former Dist President of BJP 
-Block President of RJD",BSC Member,,,,Male,,,,,,,,,,
Siwan,Siwan NP,,No,सुजीत पांडेय,सुमन पांडेय,8210536889.0,General,Brahman,30.0,"- Ward councillor runner-up in 2022
- Zp runner-up in 2016
- his mother contested loksabha election in 2019 and received 14000 votes.",DSC Member,,,,Male,,,,,,,,,,
East Champaran,Mehsi,,No,Ashok Kumar Das,Ram Dayal Das,8210674426.0,SC,Pan,34.0,"He Contested ZP elections in 2016 and lost by 58 votes
He was runnerup in 2021 elections and secured 6800 votes
Yuva Zila Adhyaksh of Akhil Bharatiya Pan Mahasangh since 2019",BSC Member,,,,Male,,,,,,,,,,
Saran,Baniapur,,No,Pushpa Kumari,,8210905307.0,Rajput,"ZP Member

-Former ZP Member, 2016 To 2021
-Former MLA Contestant, Baniapur Constituency, Independent, 2020, Got 5000 Votes
-Former LJP Zila Adhyaksh, Mahila Cell, 2018 To 2020
-Jan Suraaj Anumandal Adhyaksh",General,"Pushpa Singh | Female | General | Rajput | ZP Member

-Former ZP Member, 2016 To 2021
-Former MLA Contestant, Baniapur Constituency, Independent, 2020, Got 5000 Votes
-Former LJP Zila Adhyaksh, Mahila Cell, 2018 To 2020
-Jan Suraaj Anumandal Adhyaksh",ACC,,,,Female,,,,,,,,,,
East Champaran,Phenhara,,No,धीरेंद्र कुमार सिंह,स्व. रामेश्वर प्रसाद सिंह,8210906104.0,Gen,Rajput,37.0,"- ZP Contestant 2006 elections, lost by 400 votes 
- Mukhiya Contestant 2016 elections 
- Journalist in Rashtriya Khabar Newspaper & IBN7",BSC Member,,,,Male,,,,,,,,,,
Kaimur,Durgawati,,No,Md. Masuk Khan,Mohd. Jawwad Khan,8210932681.0,Minority,Muslim,55.0,"Md. Masuk Khan | 55 | Male | Muslim
  De-facto vice-chairman ZP from 2006 to 2011 (Durgawati Block)
 He graduated from Aligarh Muslim University. 
He has a double Master's degree one from Jamia Millia Islamia and one from Kashi VIdhiya Pheet. 
He has a land holding of 45 bighas of farming land and 23 bighas of bagicha. 
His Cousin Late Nishad Khan was Mukhiya from Dumri Panchayat.",BSC Member,,,,,,,,,,,,,,
Rohtas,Chenari,,Chenari_14,Inderjeet Singh,Dashi Singh,8271148737.0,Kushwaha,Kushwaha,58.0,"Inderjeet Singh | 58 | Male | OBC | Kushwaha

- Former Zp 2016-2021
-Zp Runner Up-2021 Got -2700 votes""        
        ZP Runner Up",Zila Sachiv,,,,OBC,,,,,,,,,,
East Champaran,Adapur,,No,Guli Mahto,Maul Mahto,8278771958.0,OBC,Koiri,50.0,"ZP Runner Up -2016
ZP Runner Up -2021",BSC Member,,,,male,,,,,,,,,,
Gopalganj,Gopalganj,,No,Nathuni Sahni,Janki Sahni,8287250236.0,EBC,Mallah,50.0,He is the former ZP from 2011-2016. He is also a businessman.,BSC Member,,,,Male,,,,,,,,,,
Siwan,Ziradei,,Ziradei_3,Vinod Kumar Singh,,8292482316.0,General,Rajput,,"Vinod Kumar Singh | Male | 53 | General | Rajput | ZP Contestant

-Former ZP Contestant, 2011, Runner Up
-Former Mukhiya Contestant, 2006, Runner Up
-Former ASA Party Pradesh Parvakta and Pradesh Upadhyaksh
-Advocate at Civil Court , Siwan",ACC,,,,Male,,,,,,,,,,
Saran,Jalalpur,,No,Rajkumar Ram,Bal Kishun Ram,8292522659.0,SC,Chamar,,"- Pacs const.
- ZP cont more than 2000 votes
- Incumbent BSP Vidhansabha Adhyaksha
",BSC Member,,,,Male,,,,,,,,,,
Siwan,Goriyakothi,,No,Akhilanand Singh,Late Shivji Prasad Singh,8292697570.0,Gen,Rajput,56.0,"- ZP Runner UP(2011) & BDC Runner UP (2021).
- Actively involved in social and political activities in his block
- BJP Mandal Mahamantri(Main Wing).",BSC Member,,,,Male,,,,,,,,,,
East Champaran,Kesariya,,No,Arun Mishra,Surendra Mishra,8292718852.0,General,Bhumihar,42.0,"He is a social worker.
He worked for Mukhiya abhishek kumar (Mathya) and ZP Mithilesh.
He has a very good political Resource",BSC Member,,,,Male,,,,,,,,,,
West Champaran,Bagaha 1,,Bagaha-I_5,Ramu Choudhary,Late. Bhanu Noniya,8292851933.0,,,,"Ramu Choudhary |45| Male | EBC | Noniya

-Ex-Mukhiya of Nadda Panchayat (2016).
- Ex-ZP runner-up candidate.(2011,lost by 1500 votes).
- He is also a local artist and medical practitioner.",Sangathan Zila Mahasachiv,,,,,,,,,,,,,,
East Champaran,Chakia,,Chakia (Pipra)_36,Vikram Singh,Prabhunath Singh,8294218007.0,General,Rajput,40.0,"-Former ZP -Akhil Bhartiya Bhojpuri Sahitya Sammelan Chaudhry Kanhaiya Prasad Singh Prasad Award
-Bhikhari thkur award liberal Foundation 2021",Sangathan Zila Upadhyaksh,,,,,,,,,,,,,,
West Champaran,Ramnagar,,Ramnagar_19,Brijendra Kumar,,8294310476.0,SC,Ravidas,29.0,"Brijendra Kumar | Male | 29 | SC | Ravidas | Incumbent ZP Member

-Incumbent ZP Member(2021 To Till Date)
-Former RJD SC Cell Zila Adhyaksh(2022 To 2024)
-Jan Suraaj Yuva Rajya Karyakarini Samiti",ACC,,,,Male,,,,,,,,,,
Siwan,Hussainganj,,No,Mohamad Kheerati Hvari,मोहम्मदीन,8294659507.0,Minority,Muslim,,"-Defacto sarpanch 2021
- BDC(2006-11) 
-  Mukhiya runner up 2016
- Contested ZP 2011",BSC Member,,,,Male,,,,,,,,,,
West Champaran,Bagaha 2,,No,Khemraj Prasad,Ambika Prasad,8294831907.0,ST,Tharu,45.0,"- Ex Zila Parishad Winner, 2006, Vote scored 14000
- Ex Zila Parishad Contestant, Secured 3rd Position
- Ex Govt. Teacher Resigned for ZP Election in 2006
- Navoday Product from 6th-12th Class 1993",BSC Member,,,,Male,,,,,,,,,,
East Champaran,Banjariya,,No,Abdul Wadud,Late S K Nijamuddin,8298580800.0,Minority,Muslim,45.0,- ZP runnerup in 2016 got 4300+ votes and one of the promisimg muslim face in whole block.,BSC Member,,,,Male,,,,,,,,,,
East Champaran,Madhuban,,Madhuban_54,Ragho Sah,Ram Sharan Sah,8340239240.0,EBC,Teli,50.0,"-BDC Contestant 2021 received 350 votes
-BDC Contestant  2016
- Elder brother Ajay Kr Sah 2021 ZP Contestant Tetaria ",BSC Member,,,,Male,,,,,,,,,,
Siwan,Pacharukhi,,No,Awadesh Kumar Shah,Rajaram Shah,8340677825.0,EBC,Kanu,,"- Two times ZP runner-up 2016 and 2021-
- Former Mukhiya in from Pachrukhi 2011
- BJP Mandal Adyaksh EBC cell
- Owner of Amul Agency ",BSC Member,,,,Male,,,,,,,,,,
West Champaran,Ramnagar,,No,Vishwanath Ram,Patlu Ram,8340716732.0,SC,chamar,39.0,"Mother contested zp 2021- Secured 4000 votes.
Mukhiya contestant- 2001 
Wife is a vikash Mitra.",BSC Member,,,,Male,,,,,,,,,,
East Champaran,Turkauliya,,Turkaulia_20,Rinki Devi,Upendra Paswan,8340791005.0,SC,Paswan,35.0,"-She was 2021 ZP Runner- up Candidate.
-She secured 7000 votes acquiring 2nd position.
-She is very vocal about women issues.
-Her family owns Arti Photo Studio and has a Youtube chanel with 20,000 subscribers. The family has PDS dealership too.",,,,,,,,,,,,,,,
West Champaran,Ramnagar NP,,No,Karunesh Kumar Ram,Ramchandra Ram,8368770502.0,SC,Chamar,33.0,"ZP Sadasya.-2021 secured 5000 votes.
Social Work",BSC Member,,,,Male,,,,,,,,,,
West Champaran,Thakrahan,,Thakrahan_11,Nizamuddin Ali,Mazid Miyan,8400077679.0,Minority,Muslim,68.0,"- EX ZP Contestant, 2016, 2021
- Ex MLA Contestant, Valmikinagar 2010
- Associated with CPIML, Party
- A popular Leader and Protester demanding the historic Bridge on River to connect Thakrahan with Bettiah Direct.
- A Leader who always focuses on Eduaction and organised Dharna-Pradarshan demanding a  Central universiy in Bettiah several times
- A Progressive and writer on several issues among the people.",BSC Member,,,,Male,,,,,,,,,,
Saran,Garkha,,No,Jai Prakash Ram,Ram Pravesh Ram,8404975830.0,SC,Chamar,,"""-Incumbent BDC, Jalal Basant Panchayat(2021)
-Former Mukhiya, Jalal Basant(2011-16).
-ZP contestant,2016, secured 3900 votes.""",BSC Member,,,,Male,,,,,,,,,,
East Champaran,Tetariya,,No,Laxmi Kumari,Ajay Kumar Sah,8409184882.0,EBC,teli,28.0,Zp contestant 2021 | Vote Received 1386,BSC Member,,,,Female,,,,,,,,,,
East Champaran,Turkauliya,,No,Ajay Kumar,Bindeshwari Prasad,8409234606.0,OBC,kurmi,28.0,he is a ward adhyaksh of 14 wards and is one of the allies of the ZP (Hemant Verma) Having Agricultural land and political activities. he has influence in his panchayat and neighbouring panchyat.  he is a simple man with good hold over his community.,,,,,,,,,,,,,,,
Saran,Dariyapur,,No,सविता देवी,जगदेव प्रसाद मेहता,8413856954.0,EBC,Bind,,-  ZP Contestant 2016,BSC Member,,,,Female,,,,,,,,,,
Rohtas,Bikramganj,,No,Santosh Kumar Singh,Dinesh Singh,8434023110.0,Gen,Rajput,51.0,"Santosh Kumar Singh | Male| 51| General | Rajput 

- ZP 2021
- ZP Runner up 2016
- Businessmen (Brick and Coal)",Sangathan Zila Sachiv,,,,Male,,,,,,,,,,
Saran,Ishuapur,,No,चंदेश्वर राय,तपेश्वर राय,8434416415.0,OBC,Yadav,,EX ZP Seat no. 1 in 2007,BSC Member,,,,Male,,,,,,,,,,
West Champaran,Gaunaha,,No,Vishwas Ram,Ram Ji Ram,8505984023.0,SC,Chamar,41.0,"- Ex defacto Sarpanch (2011)
- ZP contestant (2016)",BSC Member,,,,Male,,,,,,,,,,
Saran,Sonpur,,No,आमोद कुमार,उदय शंकर प्रसाद,8507590038.0,OBC,Yadav,,"-Strategist of Local Election (ZP, Mukhiya)",BSC Member,,,,पुरुष,,,,,,,,,,
Saran,Ekma,,No,Jamadar Ray,,8511362216.0,OBC,Yadav,39.0,"Jamadar Ray| Male | 39 | OBC | Yadav | ZP Contestant

-ZP Runner UP Area No 1 (Got 4505 Votes, 2021)
-Jansuraaj Founding Member (2022)
-Prominent Businessman (Hotel Industry in Gujarat)
-Chairmain of Shree Ridhi Sidhi Vikas Mandal Trust
-Bihar State Yadav Maha Sabha Youth President ( 2019-Till date)
-Farmer ( 5 Acre land)",ACC,,,,Male,,,,,,,,,,
East Champaran,Adapur,,No,Nagrshwar Yadav,Late Shrinath Rai,8521048483.0,OBC,Yadav,44.0,"ZP Runner Up-2021 (E.No-11)
BDC Runner Up (Lost By 22 Votes)-2016",BSC Member,,,,male,,,,,,,,,,
Saran,Baniyapur,,Baniapur_3,Om Prakash Giri,Late. Chandrama Giri,8521408832.0,OBC,Goswami,55.0,-Ex ZP (2016-21) -Mukhiya (2006-16) -PACS Adhyaksh from last 3 terms.,DSC Member,,,,Male,,,,,,,,,,
Saran,Chhapra Sadar,,No,Lal Bahadur Sah,Mahajan Sah,8521548515.0,EBC,Teli,," - Zp Contestant 
- BDC contestant 2021",BSC Member,,,,Male,,,,,,,,,,
Kaimur,Chainpur,,Chainpur_14,Mahendra Pal,Ramnath Pal,8539059665.0,OBC," Gaderi
",55.0,"Mahendra Pal| 55 | Male | OBC | Gaderi
Contested ZP in 2011, Got 3000 votes.
Contested Mukhiya election in 2016
",Zila Sachiv,Call Connected,chainpur south,,Male,,,,,,,,,,
Siwan,Barharia,,No,Ansarul Haque alias Lalli Babu,Sw. Ehsanul Haq,8539869664.0,Minority,Muslim,52.0,-Former ZP 2001-2006-Prominent and Respected Leader in Barhariya Assembly-RJD District General Secretary (2002-2007),Bsc Member,,,,,,,,,,,,,,
West Champaran,Madhubani,,No,Shambhu Mukhia,Singhasan Mukhia,8581962719.0,EBC,Mallah,57.0," ZP  Contestant 2006, 2011, 2016, 
 Lost all by huge marging near about 2000 votes
 Contested Sarpanch 2021 and secured 3rd position
 Associated with Veer Eklvya Samiti",BSC Member,,,,Male,,,,,,,,,,
Saran,Amnour,,No,Sanjay Singh,Chandradev Singh,8595594437.0,General,Rajput,,"- Zp runnerup in 2006 and 2011
- Transport Business",BSC Member,,,,Male,,,,,,,,,,
Kaimur,Chainpur,,Chainpur_14,Kirpa Shankar Ray(Rajbhar),Late Raghunath Ray,8603183827.0,EBC,Rajwar,54.0,"Kirpa Shankar Ray(Rajbhar) | 54 | Male | EBC | Rajbhar
ZP Runner up 2016 (3600 votes), -EBC Seat Reserved
ZP Runner up 2021 (3700 votes),
Mukhiya Runner UP (2006 &2011),
",Zila Upadhyaksh,,No Answer,,Male,,,,,,,,,,
Gopalganj,Kateya,,No,Islam Ansari,Lt. Qurbaan Amsari,8651159048.0,EBC,Ansari,45.0,"ZP Contestant (2011)
Ex-RJD Block President",BSC Member,Call Connected,,Not Interested,Male,,,,,,,,,,
East Champaran,Motihari,,Motihari_26,Santosh Kumar,Lt Yamuna Shah,8651212381.0,EBC,Teli,47.0,"- Defacto ZP from 26 ZP area, won with margin of 1350 votes
- Runs a organisation named as Lakhaura Samaj Seva Sansthan",DSC Member,,,,Male,,,,,,,,,,
Rohtas,रोहतास,,Rohtas_32,Sanoj Kumar Singh,,8651492864.0,EBC,Chandravanshi,35.0,"Sanoj Kumar Singh| Male | 35 | Male | EBC | Chandravanshi Incumbent defacto ZP (Wife - Kanchan Singh)(2021-Till Now).
 - Ex ZP contestent 2016
 - Ex Sarpanch (2011-16).
 Independent Lok Sabha nomination 2024- Karakat seat- nomination rejected.",Block Prabhari,,,,Male,,,,,,,,,,
Bhojpur,Tarari,,Tarari_15,Shyam Bihari Ram,Shiv Bachan Ram,8651726742.0,SC,Dushad,52.0,"Shyam Bihari Ram | Male| 52| SC| Dushad
- 3 term Incumbent Sarpanch (2011-till now).
- LJP Kisan Prakosht Block Adhyaksh (2016-2019).
- Contested ZP election, 2011 (1836 votes).",BSC Member,,,,,,,,,,,,,,
Saran,Sonpur,,No,अरविंद कुमार,ललन राय,8674948866.0,OBC,Yadav,,"-Defacto ZP Contestant (2021) (Doriganj)
-Bussinesman ",BSC Member,,,,पुरुष,,,,,,,,,,
Saran,Jalalpur,,No,Panchlal Manjhi,स्व दूधनाथ  मांझी,8678082998.0,SC,Dusadh,,- Ex Zp Candidate from Jalalpur Block,BSC Member,,,,Male,,,,,,,,,,
East Champaran,kesariya,,Kesaria_30,Parvez Alam,Nasir Hussain,8709207062.0,Minority,Muslim,40.0,"-EX-JDU State General Secreatary,Minority cell (2019-2021) Ex-JDU YouthGeneralSecretary(2017-2019) -ZP Runner up 2021 & 2016, Kesaria",DSC Member,,,,Male,,,,,,,,,,
East Champaran,Banjariya,,Banjariya_23,Dr. Md. Umesh Akhtar,Md Sanaullah,8709228912.0,Minority,Muslim,57.0,"- Ex-ZP Member (2001-06) from Area no.23
- ZP Runner-Up in ZP elections 2016 & 2021
-BAMS Doctor",DSC Member,,,,Male,,,,,,,,,,
West Champaran,Bagaha 1,,Bagaha-I_6,Sonu Yadav,जितेन्द्र प्रसाद यादव,8709393080.0,OBC,Yadav,29.0,"De facto ZP member .
his family members have served as Mukhiya for multiple times.",DSC Member,,,,Male,,,,,,,,,,
Saran,Dariyapur,,No,विजय नारायण सिंह,उपेन्द्र सिंह,8709609736.0,General,Rajput,," 2 times ZP from seat no-1 Dariyapur
His father was a mukhiya for a long time and his brother is a current mukhiya of the Panchayat",BSC Member,,,,Male,,,,,,,,,,
East Champaran,Ramgarhwa,,No,Naval Kishore Pandit,Ram chatriya pandit,8709613481.0,EBC,Kumhar,46.0,"- Mukhiya contestant (2021)Votes - 259
- ZP contestant (2006)",BSC Member,,,,,,,,,,,,,,
Bhojpur,उदवंतनगर,,Udwantnagar_22,Mubarak Hussain,,8709863891.0,OBC,Yadav,45.0,"-Former Zila parishad (2011-2016)
 -BJP Zila Adhyaksh Alpsankhyak Morcha (2012-2015)
 -Incumbent Sarpanch(2016 till date)
 -ZP Runner up 2006",Block Prabhari,,,,Male,,,,,,,,,,
Saran,Taraiya,,No,Dr. Brajesh Singh,Let. Kailash Singh,8757733618.0,General,Rajput,,"-BDEH ( Dr. of medical electro Hemeopath) General Physician
former Runner-up BDC (2021)
-Former ZP (2011)
Former Runner-up ZP (2016)
- Former Runner-Up ZP (2006)
-Former BDC (2001)",BSC Member,,,,Male,,,,,,,,,,
Buxar,Dumraon,,Dumraon_17,Munna Prasad,Lallu Prashad,8787041583.0,EBC," Tatva

",48.0,"Munna Prasad | Male | 48 | EBC | Tatva

- Incumbent Zila Parishad 2021 and won with 8000 votes margin 
- ZP Runner-up 2016 and got 4000 votes
- Mukhiya Contestant and lost by 30 votes. 
- 2021: Secured 11493 votes, won by 8321 votes.",Zila Upadhyaksh,,,,Male,,,,,,,,,,
East Champaran,Tetariya,,Tetariya_55,Shankar Sahani,Late Ramchandra Sahani,8789013833.0,EBC,Mallah,42.0,"-Mukhiya Runner up 2011 got 173 less votes
-ZP Runner up 2021 received 1800 lee votes",BSC Member,,,,Male,,,,,,,,,,
Saran,Chhapra Sadar,,No,Amresh Kumar,Yogendra Das,8789672012.0,SC,Dusadh,,ZP runner up from Lohari panchayat. 2021-4000,BSC Member,,,,Male,,,,,,,,,,
Saran,Garkha,,Garkha_38,Munister Prasad Sah,Late. Pancham Saah,8789828951.0,EBC,Teli,55.0,"-Sitting Pradesh Treasure and District Adhyaksh of Informal Education Organisation (2006-present). -2 times BDC from Kothia GP.
-ZP contestant, secured 3300 votes (2021).",DSC Member,,,,Male,,,,,,,,,,
West Champaran,Madhubani,,No,Shyam Kushwaha,Badrinarayan Kushwaha,8797212060.0,OBC,Koeri,42.0," ZP Contestant 2011, Vote scored 2200/5000 
 Mukhiya Contestant  2016, Vote scored 700/1000
 Contractor and Close to ExMinister & MLA Rajesh Singh",BSC Member,,,,Male,,,,,,,,,,
Saran,Sonpur,,No,नवदीप कुमार,चंद्रिका प्रसाद यादव,8804054140.0,OBC,Yadav,,-Defacto ZP Contestant. (2021),BSC Member,,,,पुरुष,,,,,,,,,,
Saran,Ishuapur,,No,शमशाद अली,नूर हसन,8804479220.0,OBC,Dafali,,"-Ex Prakhand Adyaksh Vyavasaye Prakosh JDU, 
-2016 ZP contestant (approx 2500 votes) and 2011 Mukhiya contestant
- Ex Royal Samaj Sevi Sanstha Upadyaksh (1998-2008).                                ",BSC Member,,,,Male,,,,,,,,,,
Saran,Dariyapur,,No,Munna Kumar Sharma,Vishwanath Sharma,8804487997.0,EBC,Nai,43.0,"- ZP runner up in 2016 & 2021 PRI election
- Lost by margin of 300 votes & contest on General seats.",DSC Member,,,,Male,,,,,,,,,,
East Champaran,Sugauli,,Sugauli_6,Ijaz-ul-Haq,Sainullah Miyan,8809126792.0,Minority,Muslim,33.0,"- Incubment De-facto ZP, Sugauli
- Contested the ZP elections for the first time and won - His late Sister contested for ZP in the year 2016 and was runner up",DSC Member,,ready to meet,,Male,,,,,,,,,,
East Champaran,Adapur,,Areraj_10,Ramsurat Paswan,Bahtak Paswan,8809589862.0,SC,Dusadh,30.0,"ZP Contestent -2021
Social Worker Since 8 Years.",BSC Member,,,,male,,,,,,,,,,
Gopalganj,Bhorey,,No,Sushil Sharma,Jatin Sharma,8809841336.0,EBC,Badhai,35.0,-She is ZP runner up 2016 with 5727 votes in her favour,BSC Member,,,,Male,,,,,,,,,,
West Champaran,Bairia,,Bairia_34,Nasirullah Gaddi,Rafiq Gaddi,8809974635.0,Minority,Muslim,29.0,- He contested the 2019 PACS election but finished in 2nd position.          - He also contested the 2021 PRI elections for BDC but lost.        - His wife Khusboo Praveen contetsed the 2021 PRI elections for ZP and finished in 3rd position with 4262 votes.,BSC Member,,,,Male,,,,,,,,,,
Saran,Isuapur,,No,Shivnath Kumar Sahni,Late. Nand Kishore Sahani,8825133592.0,EBC,Mallah,30.0,"- Present Bihar Rajya Matas Jeevi Saharvaki Sangh Zila Adyaksh
- 2011 ZP contestant (1700 votes)
- His brother Om Prakash Sahani was ZP winner in 2011 but due to re-elections he lost
- Isuapur Matas Jeevi Sahyog Samiti Mantri, 2016 BDC runner-up
- 2021 BDC contestant from Atanagar GP",DSC Member,,,,Male,,,,,,,,,,
Saran,Marhaura,,No,Shankar Bhagwan Ojha,Late. Mahadev Ojha,8873059282.0,General,Bhumihar,50.0,"- JP Senani, - Anumandal Secretary PDS
- Kisan Majdoor Sangh District Joint Secretary
- Current Pacs Panchyat Adhyaksh & District Vice-Adhyaksh
- Current PACS Sangh Block Adhyaksh
- ZP Contestant 2nd runner-up in 2006",DSC Member,,,,Male,,,,,,,,,,
Saran,Ekma,,No,Vishnu Sharan Tiwari,Om Prakash Tiwari,8873541918.0,General,Brahmin,,"ABVP memebr university coordinator
mukhiya brother
helped ZP influence VS 
2015-2023
- worked as a strategist of student union elections
social worker
landlord of village level",BSC Member,,,,Male,,,,,,,,,,
East Champaran,Sugauli,,No,Sunil Paswan,Dhauda Paswan,8873765472.0,SC,Dusadh,35.0,"- Social and political worker
- Preparing for ZP",BSC Member,,,,,,,,,,,,,,
Siwan,Raghunathpur,,No,Deepka Kumar Ram,Jogindar Ram,8876333951.0,SC,Ram,32.0,"-Zp Runner Up got 5500 votes in 2021
-Mukhiya Contestent 2015,2016
-PDS Delaer
-RJD Inclination ",Prakhand Abhiyaan Samiti Sadsya,,,,Male,,,,,,,,,,
Siwan,Raghunathpur,,No,Parmod Singh,Yogindar Singh,8877226607.0,Gen,Rajput,37.0,"-PWD Contractor
-Graduate from Delhi University.
-Promiment Rajput face in his Block
-Want to fight ZP Election in 2026.",BSC Member,,,,Male,,,,,,,,,,
Saran,एकमा,,No,Rajesh Pandey,,8877443639.0,General,ब्राह्मण,50.0,"-Contested ZP election in 2011 (3260 votes)
 -Contested ZP election in 2006 (2300 votes)
 -He is vocal and influential leader -He is invited to different Political and non-political programs for Hosting the Stage.
 -Runs a private school in Ekma.",Block Prabhari,,,,Male,,,,,,,,,,
East Champaran,Pahadpur,,Paharpur_7,Zahir Ansari,Jalil Miya,8877884960.0,Minority,Ansari,36.0,"Winner of 2021 ZP elections, currently his ZP status is doubtful due to a discrepency in documentations.",BSC Member,Not Received ,,,Male,,,,,,,,,,
Saran,Sonpur,,No,साधु साह,स्व. हरिवंश प्रसाद,8920916647.0,EBC,Teli,,-2 Term ZP Runner Up.,BSC Member,,,,पुरुष,,,,,,,,,,
East Champaran,Kotwa,,Kotwa_13,Mukesh Das,Shri Rajdev Das,8969257976.0,SC,Pan,36.0,"2021: ZP 4th runner-up | received 2372 votes | among 20 candidates
- Running his own hardware shop",BSC Member,,,,Male,,,,,,,,,,
East Champaran,Ramgarhwa,,No,Arvind singh,Late Avdh singh,8969325242.0,General,Rajput,45.0,"- Mukhiya contestant (2021)Votes -338
-ZP contestant (2016)
-BDC Runner-up (2011)",BSC Member,,,,,,,,,,,,,,
Gopalganj,Vijaypur,,No,Nandlal Ram,Phaagu Prasad,8969384921.0,SC,,51.0,"Ex ZP (2001-06), ZP (2021-Preset)",BSC Member,,,,Male,,,,,,,,,,
Gopalganj,Bhorey,,No,Sumer Kumar Mahdeshiya,Ramesh Prasad,8969497101.0,EBC,Kanu,32.0," - Contested for ZP in 2021 from Bhorey and with 6414 total votes was second runner up. 
- He has also been Booth Adhyaksh of BJP from 2016 to 2021. 
- His father is Block Adhyaksh of Mahedeshiya Vaishya Kaanu Samaj.",Prakhand yuva Adhyaksh,,,,Male,,,,,,,,,,
Siwan,Nautan,,No,Baby Devi,Guddu Kumar,8969724929.0,EBC,Kanu,,"-Incumbent ZP
-Won By Highest margin in Siwan",BSC Member,,,,Female,,,,,,,,,,
,Hilsa,,No,Raj Kishor Vidyarthi,,8986218875.0,EBC,Nai,37.0,"Raj Kishor Vidyarthi | Male | 37 | EBC | Nai | ZP Contestant

-Former ZP Contestant(2021), Got 421 Votes
-Former Mukhiya Contesatnt(2016), got 411 Votes
-Former JDU Member",ACC,,,,Male,,,,,,,,,,
East Champaran,Tetariya,,No,Nilam Devi,Rajkisor Prasad,9006111211.0,EBC,Teli,49.0,ZP 2nd Runner-up,BSC Member,,,,Female,,,,,,,,,,
Siwan,Bhagwanpur Haat,,No,फ़ज़ले अली,जलालुद्दीन अहमद,9006167786.0,Minority,Muslim,36.0,"- Incumbent Zp of Bhagwanpur Haat
- Saran Graduate MLC candidate got 876votes - prominent Youth face of Muslim Community in Siwan",DSC Member,,,,Male,,,,,,,,,,
East Champaran,Turkaulia,,No,Hemant Verma,lala nawal kishor verma,9006339190.0,General,Kayasth,38.0,Incumbent De-facto ZP The prominent businessman owns 2 gas agencies and 2 petrol pumps in block,DSC Member,,,,Male,,,,,,,,,,
Bhojpur,Suryagarha,,No,Amit Sagar,,9006452900.0,OBC,Kurmi,47.0,"Amit Sagar | Male | 47 | OBC | Kurmi | Incumbent ZP

-Incumbent ZP, 2021 To Till date and 2011 To 2016
-Former ZP Contestant(2016)
-Former BJP Zila Upadhyaksh(2013 To 2022)
-Jan Suraaj Zila Adhyaksh
-Owns a Petrol Pump
-Fish Farming",ACC,,,,Male,,,,,,,,,,
East Champaran,Tetariya,,No,Rubina Khatun,Ishrafin Mia,9006457304.0,OBC,Muslim,38.0,ZP contastant  | Vote Receive 1205,BSC Member,,,,Female,,,,,,,,,,
Saran,Mashrakh,,No,Mahachand Nat,Swargiye Shankar Nat,9006510841.0,SC,Nat,,"- Block President JDU Mahadalit Prakost
- Was Defacto ZP in 2006-11
",BSC Member,,,,Male,,,,,,,,,,
Rohtas,Nawhatta,,Nauhatta_33,Ram Pravesh Paswan,Karmu Ram,9006644787.0,SC,Paswan,51.0,"Ram Pravesh Paswan | Male | 51 | SC | Paswan 

- Incumbent Block Sarpanch Sangh Adhyaksh
- Incumbent first term Sarpanch (2021-now) margin- 904 votes.
- Sansad Pratinidhi (Sasaram)
- ZP runner-up (2001-06)
-Son is in (IFS),Posted in Rajgir",Sangathan Zila Sachiv,,,,Male,,,,,,,,,,
East Champaran,Harsiddhi,,No,Kasim Khan,Late. Jilani Khan,9006695053.0,Minority,Muslim,72.0,"- Ex- ZP in Area number 18 (2016-21) but came second in ZP election in 2021 from ares 19 
- 4 times mukhiya from Manikpur Hasuaha (2001-16)
- He was cashier in Sugauli Suger Mill before 2000",BSC Member,Not Received ,,,Male,,,,,,,,,,
Gopalganj,Gopalganj,,No,Sunil Yadav,Jhulan Yadav,9006777570.0,OBC,Yadav,30.0,"- He is the incumbent sarpanch of Vishunpur PaSChim. (2021-present)
-He also contested the ZP election in 2016 and got around 4800 votes.",BSC Member,,,,Male,,,,,,,,,,
Siwan,Bhagwanpur Haat,,No,निर्भय सिंह,निशिकांत प्रसाद सिंह,9006886007.0,General,Bhumihar,43.0,"-ZP runner up got 4000 Votes (2021)
-De Facto Block Pramukh (2011-2016)
-His Grandfather was former Block Pramukh (1979-2001)",DSC Member,,,,Male,,,,,,,,,,
Saran,Taraiya,,No,Mukesh Kumar Singh,Late Prabhunath Singh,9006919358.0,General,Rajput,,"- Mandal Adyaksh of two term 
- District President of Playing platform 
- Runnerup ZP in 2001 & 2006 ",BSC Member,,,,Male,,,,,,,,,,
Saran,Parsa,,No,इमरान सिद्दीकी,स्व. युनुस सिद्दीकी,9007407028.0,Minority,Shiekh,,"Runner-up of Zilla Parishad in 2021
 He contested ZP elections for the first time in 2021 and was the runner-up.",BSC Member,,,,Male,,,,,,,,,,
Siwan,Mairwa,,No,रजनीश गोंड,जय प्रकाश गोंड,9044942843.0,ST,Gond,32.0,"- Incumbent ZP in 2021 from Mairwa got 9850 votes
- Business of construction",DSC Member,,,,Male,,,,,,,,,,
East Champaran,Motihari NN,,No,Dheeraj Sharma,Late Rai Shivranjan Sharma,9045569000.0,General,Bhumihar,33.0,"- Runs a gynae and paediatric clinic in Motihari
- Grandson of Rai Hari Shankar Sharma, Ex-MLA from INC and his mother was also Ex-MLA.
- One of his cousin is ZP",BSC Member,,,,Male,,,,,,,,,,
Buxar,Rajpur,,Rajpur_2,Rajesh Kumar Singh,Rambadan Singh,9060025311.0,OBC,Yadav,35.0,"Rajesh Kumar Singh| 35| OBC| Yadav| 

- Mukhiya Sangh Prakhand Adhyaksh
- Incumbent Defacto Mukhiya (2021)
- Prominent Figure in block level politics
- Contested Election in front of several terms mukhiya and ZP Winner
",BSC Member,,,,,,,,,,,,,,
West Champaran,Bhitahan,,No,Ajay Singh Chandel,Shiv Narayan Singh,9065768272.0,General,Rajput,36.0,"Zee news Reporter 
Mother ZP contestant 2021",BSC Member,,,,Male,,,,,,,,,,
Saran,Taraiya,,No,MD. zammiruddin,Let. abbul hussain,9065802293.0,General,Sheikh,,"-Defacto Runner-UP ZP (2016)
-Defacto JDU Prakhand Adayaksh
- Own Petrolpump
-Bussinessman",BSC Member,,,,Male,,,,,,,,,,
Saran,Sonepur,,No,Ashok Yadav,Jagannath Prasad Yadav,9097065391.0,EBC,Bherihar,32.0,-Current ZP Sonepur Bhaag 1,DSC Member,,,,Male,,,,,,,,,,
Saran,Marhaura,,No,Deepak Raj,Late. Vijeshwar Prasad Singh,9097651555.0,OBC,Koiri,55.0,"- Pacs Adhyaksh Since 2001, - Ex JDU Zilla Sachiv 2013 -2015. - ZP runner-up in 2006 from Marhoura Part 2 and runner-up from Amnour part 2 in 2001. - His family members have been PACS Adhyakshs since 1958.",DSC Member,,,,Male,,,,,,,,,,
Saran,Baniyapur,,No,Bashisht Kunwar,Late Dharmnath Kunwar,9102011237.0,General,Bhumihar,55.0,"-Former ZP
-Former Member of BJP State Working Committee.",DSC Member,,,,Male,,,,,,,,,,
Saran,Lahladpur,,No,Prof. Riyazuddin Siddiqui,Late Mohd Yaseen,9102397897.0,Minority,Muslim,,"Current Proflile: He is head Principle of Hafizpur Degree collge.
Socio Political: He does have any Political background. He has done his Post graduation from Muzaffarpur collge and P.hd from JP university. He joined as Urdu professor in Hafizpur then promoted as principle. ",BSC Member,,,,Male,,,,,,,,,,
Saran,Garkha,,No,Sanjit Kumar Ram,Shatrughan Ram,9113154696.0,SC,Chamar,,"- Contested ZP Election in 2016 from seat no. 39
- 2021 BDC 2nd Runner-up 
- Closely Knitted With Surendra Ram 
",BSC Member,,,,Male,,,,,,,,,,
East Champaran,Motihari NN,,No,Manoj Giri,Lt. Asarfi Giri,9113366967.0,General,Goswami,45.0,"- ZP runner-up from Harsiddhi block CA no. 19 in 2016
- JDU Kisan Prakosth Turkauliya block president
- JDU service prakosth Block President",BSC Member,,,,Male,,,,,,,,,,
West Champaran,Chanpatia,,No,Sheikh Saud,Abdul Barkat,9113386404.0,Minority,Muslim,50.0,"- He is owner of Yaseen Public School and doing farming at large scale, He has have big Eletronics shop in Bettiah.
- Two term ZP candidate in 2016 & 2021 and secured 3800 and 4000 votes respectively.",Sangathan Zila Sachiv,,,,Male,,,,,,,,,,
Siwan,Hasanpura,,No,अन्नू सिंह,अजीत सिंह,9113453880.0,General,Rajput,28.0,"-Defacto ZP (Area no.14) of Hasanpura block(2021)
-Won against Mahesh Yadav who was the 2 term ZP(2006-2016) and close aid of Om Prakash Yadav
-Renowned Social worker in Hasanpura and nearby blocks.",DSC Member,,,,Male,,,,,,,,,,
Gopalganj,Barauli,,No,Faiz Ahmad,,9113717009.0,Minority,Sheikh,,"Faiz Ahmad | Male | 36 | Minority | Sheikh | Incumbent Defacto ZP

-Infacto Defacto ZP(2021 to till Date)
-Former JDU Rajya Parishad Sadasya(2018 to 2021)
-Foremr JDU District Spokesperson(2015 to 2018)
-JDU Youth District Convenor(2013 to 2015)
-Director of BBC Mission Public School
-Chairman of Falak womens Cricket Academy
-Secretary of District Womens Football and Tennis Ball Assocaition",ACC,,,,Male,,,,,,,,,,
Buxar,Chausa,,Chausa_1,Arvind Prasad Gupta,Yogender Prasad Gupta,9117900576.0,EBC," Teli

",54.0,"Arvind Prasad Gupta | Male | 54 | EBC | Teli

-Two term Mukhiya 2021 & 2016
-ZP runner 2011 lost by few votes
-Socially & Politically active at block Level.",Zila Upadhyaksh,,,,Male,,,,,,,,,,
East Champaran,Motihari NN,,No,Ajay Singh,Late Kamakhya Narayan Singh,9122277000.0,General,Rajput,47.0,"-He is 2 Time Ward Parishad (2007-2017)
-His Father was Janta Dal Party Founder Member and Contesting Assembly Election
-His Brother is Former ZP from Dhaka 2016-2021",BSC Member,,,,Male,,,,,,,,,,
East Champaran,Motihari,,No,Sudha Varma,,9122406321.0,General,Kayastha,49.0,"Sudha Varma | Female | 49 | General | Kayastha | ZP Contestant

-Former  ZP Contestant(2021), Got 3100 Votes
-Jan Suraaj Zila Sanghatan Prabhari
-Jan Suraaj State Core Committee Member, Mahila",ACC,,,,Female,,,,,,,,,,
Rohtas,चेनारी,,Chenari_14,Dr. Shivmuni Prasad,,9123149529.0,SC,Chamar,55.0,"Dr. Shivmuni Prasad || 55 || Male || Chamar || Doctor
 |9123149529 |
 - ZP Winner 2011-2016
 - BSP Prades Sachiv 2011-2012
 - BSP Distrct G.Secratary 2006-2007
 - BSP Prakhand Adhyaksh (Sheosagar) 1998-2000- Owns a Petrol Pump and a General Physician Clinic.",Block Prabhari,,,,Male,,,,,,,,,,
East Champaran,Motihari,,No,Krishna Das,Ram Lochan Das,9123278234.0,SC,Dusadh,38.0,"2021: Incumbent ZP
2016: ZP runner-up
2011: Ward member runner-up
2006: Ward member
2019: RJD Motihari Block President",BSC Member,,,,Male,,,,,,,,,,
Saran,इशुआपुर,,Lahladpur_1,Rajan Prasad,,9123436336.0,EBC,तेली,50.0,"-Director of Swami Vivekanand Vidyapeeth School, -Bihar Pradesh Teli Sahu Sabha Upayukt, -General Secretary of Bihar Vaish Maha Samellan for 4 terms,
 - Ex JDU Mahasachiv and Vyasaye Prakosh Upadyaksh (2009-2017), -Ex ZP contestant 2006 and 2011, -1995 MLA contestant Janta Party",Block Prabhari,,,,Male,,,,,,,,,,
West Champaran,Bagaha 2,,No,Shambhu Ram,Late Mudrika Ram,9128206692.0,SC,Chamar,56.0,"- His wife Fula Devi is the Sarpanch of the Panchayat. 
- He was ZP runner up in 2006 election & got approx 5000 votes.",BSC Member,,,,Male,,,,,,,,,,
Saran,Sonepur,,No,Tej Narayan Mahato,Lt Ramjit Mehto,9128261096.0,EBC,Nonia,60.0,"- Advocate by profession in chhapra district court.
-Prominent lawyer from Nonia community.
-He Contested AE from Sonepur AC in 2005 election and secured 3500+ votes.
- He also contested ZP election in 2006 PRI election and secured 2800 votes.",DSC Member,,,,Male,,,,,,,,,,
Siwan,Darundha,,No,बाल कुमार राम,स्व. रामविलास राम,9135606877.0,SC,Chamar,63.0,"- Former ZP ( 2011-16) - Former BDC ( 2001-06) - Former ZP Runner Up Candidate (2006), Mukhiya Runner up Candidate ( 2021)",DSC Member,,,,Male,,,,,,,,,,
Siwan,Raghunathpur,,No,प्रदीप बैठा,स्व. नथुनी बैठा,9135796819.0,SC,Dhobi,48.0,"-First time ZP Contetstant and got 8200 votes
-Comes from a promient family as his father and brother both was in army.",DSC Member,,,,Male,,,,,,,,,,
Saran,Ishuapur,,No,राजन प्रसाद,स्व. छब्बुल प्रसाद,9142523577.0,EBC,Awadh Bania,,": ZP runner up 2016
: running my own schools
: Pradesh sachiv in Vaishaya samaj sangthan ",BSC Member,,,,Male,,,,,,,,,,
East Champaran,Sugauli,,Sugauli_5,Vijay Kumar Sahani,,9142901177.0,EBC,Mallah,,"Vijay Kumar Sahani | Male | 37 | EBC | Mallah | Former Defacto ZP Contestant

-Former Defacto(Wife)ZP Contestant, 2021, Got 4500 Votes
-Runs a Aryan Emergency Hospital, Sugauli
-Film Producer & Actor
-Social Worker(Provide Health Benefits to Needy at Very Low Cost)",ACC,,,,Male,,,,,,,,,,
East Champaran,Kotwa,,No,Chandra Bhushan Ram,Shri Vishwanath Ram,9153530866.0,Chamar,Chamar,37.0,"- ZP runner-up 2021
- ZP runner-up 2016
- Master trainer in PM Vishwakarma Yojana
- Private school teacher",Sangathan Zila Sachiv,,,,SC,,,,,,,,,,
East Champaran,Bankatwa,,Bankatwa_44,Rambabu Prasad,Bharat Prasad,9162648059.0,EBC,Bania,62.0,"ZP Runner Up of Seat number 44 of 2021
ZP runner up of 2011 and 2016
Prominent businessman(petrol pump, water plant)",BSC Member,,,,Male,,,,,,,,,,
Saran,Taraiya,,No,Brij Bhushan Verma,LT. Mohan prasad Shrivastwe,9162656335.0,Gen,Kaysth,,"2011 Zp Contest 800 Vote secured
Bajaj Life insurance 6 years",BSC Member,,,,Male,,,,,,,,,,
Saran,Baniyapur,,No,Arun giri,Tappu nath giri,9162680757.0,General,Brahmin,,"Mukhiya contestant,
BDC contestant 
ZP contestant",BSC Member,,,,Male,,,,,,,,,,
Saran,Sonpur,,No,शिव चंद्र कुमार यादव,लालबाबू राय,9162796474.0,OBC,Yadav,,-ZP Contestant from Sikarpur panchayat,BSC Member,,,,पुरुष,,,,,,,,,,
Saran,Marhaura,,Marhaurah_20,Munna Singh,Bhikhari Singh,9162889932.0,General,Rajput,," -Ex Zp Contestant 2016 and 2021seat number 20, 
-Part 1 but lost both the elections with a margin of 600 and 167 votes respectively. 
-influence District level ",Prakhand Karyalay Prabhari,,,,Male,,,,,,,,,,
Saran,maker,,No,Harendra Paswan,Vijay Paswan,9162947476.0,SC,Dusadh,35.0,"- 2 Terms ZP Contestant.
- Secured 3300+ votes in ZP election.
-He was associated with communist party.",DSC Member,,,,Male,,,,,,,,,,
Gopalganj,Sahebganj,,No,Anu Singh,,9162981445.0,General,Rajput,48.0,"Anu Singh | Female | 48 | General | Rajput | Former ZP Member

-Former ZP Member, 2016 To 2021
-Former Panchayat Samiti Member, 2011 To 2016
-Former LJP Mahila Zila Adhyaksh, 2016 To 2021
-Husband is Jan Suraaj Zila Upadhyaksh
-Anu Singh Canstruction and Supplier , Director",ACC,,,,Female,,,,,,,,,,
East Champaran,Kalyanpur,,No,Guddu Kumar  Singh,Late Jai Narayan Singh,9199042561.0,GEN,Bhumair,52.0,"He contested for ZP elections in 2006. He was declared as 2nd runner up
After that he did not contested in any elections",BSC Member,,,,Male,,,,,,,,,,
East Champaran,Banjariya,,No,Kyamul Haque aka Taras,Faizul Haque,9199203856.0,Minority,Muslim,45.0,"- JDU Zila Sachiv
- Runner-Up ZP 2021 elections ",BSC Member,,,,Male,,,,,,,,,,
Saran,Jalalpur,,No,Sanjay Rai,स्व रामनाथ राय,9199318310.0,OBC,Yadav,,"- Ex UP Block Pramukh (2001 -2006)
Ex Bdc (2001-2006)
- Zp Runner up - 2006
Mukhiya Runner up - 2011, 2016 and 2021",BSC Member,,,,Male,,,,,,,,,,
Siwan,Mairwa,,No,Manoj Kumar Gond,Ramashish gond,9199417814.0,ST,Gond,45.0,"- EX CRPF Constable Served.
- Zp Contestant 2016
-Zp Contestant 2021 Secured 2200 Votes ",BSC Member,,,,,,,,,,,,,,
East Champaran,Raxaul,,No,Deepak kumar Sah,Late Vasudev Prasad,9199428637.0,EBC,Kanu,42.0,"-LJP district Adhyaksh Vyavsayik Prakosth 2008-2011
-Former ZP 2011 got 20k votes highest winning margin across state
- ZP runner -up 2016 & 2021 lost by 600 and 1100 votes",DSC Member,,,,Male,,,,,,,,,,
Siwan,Ziradei,,No,Pramod Kumar Gupta,Prithvi Chandra Gupta,9199472210.0,EBC,Teli,,"- 2 times ZP from Ziradei (2016-Present)
- Runs a Cloth shop.",BSC Member,,,,Male,,,,,,,,,,
East Champaran,Turkauliya,,No,Raj Dev Paswan,Late Mahavir Paswan,9199567413.0,SC,Dusadh,50.0,"ZP Contestant (2006)
BDC Contesntant ",,,,,,,,,,,,,,,
Saran,Garkha,,No,Lal Bahadur Mahato,Shri Ram Hamhit Mahto,9199891288.0,EBC,Nonia,,"""-ZP runner-up 2006, secured 2600 votes.
-Mukhiya contestant 2011, secured 850 votes lots by 45 votes.
-Jila Adhiyaksh Ati Pichhchhada(2005-07)
-Sarpanch contestant 2021, secured 1145 votes and lost by 20 votes. """,BSC Member,,,,Male,,,,,,,,,,
Siwan,Badhariya,,No,सोनू सेराज,स्व. हसन इमाम,9199992786.0,Minority,Muslim,32.0,"- Incumbent ZP Since 2021
- Former Mukhiya of Madhopur Panchayat (2017-2021)
- Prominent minority leader in Barhariya assembly",DSC Member,,,,Male,,,,,,,,,,
Saran,मशरख,,No,Ajit Singh,,9204631252.0,General,राजपूत,50.0,"Incumbent Mukhiya Sangh Adhyaksh. Two term Mukhiya 2016 -till now
 ZP runner-up in 2001
 Anti Prabhunath face in the adjacent blocks of Saran. Prominent Rajput face in the area
 Prominet Business with L&T at Tata Nagar & holds a parternership with the big businessmen of the adjacent districts",Block Prabhari,,,,Male,,,,,,,,,,
East Champaran,Bankatwa,,No,Rakesh Kumar Yadav,Late Anurodh Rai,9234192161.0,OBC,Yadav,40.0,ZP contestant in 2015 and got 4k votes,BSC Member,,,,Male,,,,,,,,,,
Siwan,Pacharukhi,,Pachrukhi_23,कुलदीप सिंह,स्व. जयराम सिंह,9234251594.0,General,Rajput,36.0,"-Incumbent defacto ZP in 2021
- defacto ZP chairman contestant",DSC Member,,,,Male,,,,,,,,,,
Saran,Ekma,,Ekma_7,Rakesh Kumar Singh,,9234304655.0,General,Rajput,47.0,"Rakesh Kumar Singh | Male | 47 | General | Rajput | LJP Pardesh Upadhyaksh

-Former LJP Pradesh Upadhyaksh, 2010 To 2015
-Former ZP Contestant, 2021, Runner Up 
-Former Mukhiya Contestant, 2016, 3rd Position
-Director Of MSVN Kids Play School",ACC,,,,Male,,,,,,,,,,
Buxar,Itarhi,,Itarhi_5,Sudha Devi,Suresh Prasad Gupta,9234351306.0,EBC,Kanu,47.0,"Sudha Devi|Female|47|EBC|Kanu

- Former ZP (2016-2021)
- ZP Contestant in 2021 Election 
- Former District President of JDU Women Wing (2019-2021)
- Former Sarpanch and Sarpanch Sangh District President (2006-2011) ",BSC Member,,,,,,,,,,,,,,
West Champaran,Chanpatia,,Chanpatia_32,Saurav Tiwari,Dharmendra Tiwari,9234932052.0,Gen,Brahmin,30.0,-ZP Contestant -He contested the ZP elections 2021 and got 4472 Votes.,Zila Upadhyaksh,,,,,,,,,,,,,,
Buxar,Rajpur,,No,Akhileshwar Singh,Late Arjun Singh,9262804649.0,OBC,Kushwaha,51.0,"Akhileshwar Singh| 51| Male| OBC| Kushwaha

- Mukhiya Runner Up
- ZP Election Contested 2006
- Z.P Winner (2001)",BSC Member,,,,,,,,,,,,,,
East Champaran,Harsiddhi,,Harsidhi_19,Sanjeet Sharma,Mahendra Thakur,9304219948.0,EBC,Lohar,31.0,"Fought ZP election in 2021 and secured 2800 votes from an area no 19.
He has led multiple protests many times for roads, hospitals and better schooling.",BSC Member,,,,Male,,,,,,,,,,
Siwan,Andar,,Andar_9,Keval Ram,Late Dhanraj Ram,9304629917.0,SC,Ram,,-ZP contestant (2021) and came 2nd-Runs a studio at Asaon bazaar,BSC Member,,,,Male,,,,,,,,,,
Siwan,Guthani,,No,Surendra Chauhan,Late Shiv Mangal Chauhan,9305943574.0,EBC,Nonia,,"-ZP runner-up in 2016 who secured around 1000 votes
-Vice President of Sohagra Temple Trust",BSC Member,,,,Male,,,,,,,,,,
Saran,Amnour,,No,Hira Kr,Niranjan Rai,9334863860.0,OBC,Yadav,,- Former campainer for former ZP Manorma kumari,BSC Member,,,,Male,,,,,,,,,,
Buxar,Simri,,No,Deepa Devi,Ramvachan paswan,9341463699.0,SC,Dusadh,65.0,"Deepa Devi| 65| Female| SC| Dusadh

- ZP contestent (2021) 
- Mukhiya contestent (2011&2006)
- She is a social activist and foughts for SC, ST and Margianalised communities",BSC Member,,,,,,,,,,,,,,
Saran,Jalalpur,,No,Chanchal Kumar,Prahlad Prasad urf Makai Ram,9341614878.0,SC,Chamar,,"Father contested ZP, Runs coaching bhatkeshi and jalalpur",BSC Member,,,,Male,,,,,,,,,,
East Champaran,Harsiddhi,,No,Kasturi Khan,Late Md. Haneef Khan,9404350439.0,Minority,Muslim,59.0,"-1 time incumbent mukhiya (2021)
- 1 time mukhiya runner up (2016)
-His Grandfather was mukhiya (1978-2006)
-His maternal grandfather was also mukhiya from same Manikpur Panchyat (2006-2016) & -1 time ZP (2016)
- Came from landlord family and prominent face amongs the mulims in Harsidhi Block as well as Turkuliya block.",BSC Member,Not in Use,,,Male,,,,,,,,,,
Saran,Dariyapur,,No,मनोज कुमार पांडेय,स्व. बंसीधर पांडेय,9430010320.0,General,Brahmin,,"Active in politics for the last 30 years, in 2006 he contested the Zp election. he is a delegate and Sah Sanyojak of the Congress party.   he is aware of jan suraaj.",BSC Member,,,,Male,,,,,,,,,,
Saran,Mashrakh,,Mashrakh_28,Kiran Devi,Jitendra singh,9430047795.0,Gen,Rajput,,"- In 2021, she is a runner up Zila Parishad of the ZP seat no.-28
-In 2016, she also contested for the ZP election
-Her husband, Jitendra Singh is a  government contractor
-owns a chimni ",BSC Member,,,,Male,,,,,,,,,,
East Champaran,Bankatwa,,No,Ramkishor Singh,Late Kapildev Singh,9430255894.0,General,Rajput,50.0,"Anumandal Pratinidhi of MLC Maheshwar Singh
 Ex CPI ML block Cordinator since 1999 and member
ZP Runner Up 2011",BSC Member,,,,Male,,,,,,,,,,
Saran,Sonepur,,No,Manu Lal Bhagat,Late. Rameshwar Bhagat,9430432045.0,EBC,Panhedi,45.0,"- Elected as Mukhiya from 2011-16 & 2016-2021
-Mukhiya Runner-Up in 2021
-defacto former ZP Contestant (4500 votes)
-His brother has been elected as three terms PACS Adhyaksha",DSC Member,,,,Male,,,,,,,,,,
Gopalganj,Paroo,,No,Shatrughan Sahni,,9430461513.0,EBC,Mallah,64.0,"Shatrughan Sahni | Male| 64 | EBC | Mallah | MLA Contestant

Former Assembly Election Contestant, Independent, Paroo, 1990 , Got 14100 Votes
-Former 2 Terms ZP Member, 2001 To 2006 & 2016 To 2021
-Former 20 Sutri Adhyaksh, 1990 To 2000
-Former ASA Party, Rashtriya Upadhyaksh, 2024 To 2025
-Former ASA Party EBC Cell State President, 2024 To 2025
-Former JDU Vidhan Sabha Prabhari, 2019 To 2024
-Former JDU Pradesh Mahasachiv, 2017 To 2019
-Former LJP Pradesh Mahaschiv, 2003 To 2012
-Former Janta Dal Zila Mahasachiv, 1985 To 1990",ACC,,,,Male,,,,,,,,,,
Kaimur,Bhabhua,,No,Bucchu Singh,Radharaman Singh,9430580672.0,OBC,Kurmi,53.0,"Bucchu Singh | 53 | Male | OBC | Kurmi
- De-facto Incumbent Ward Councilor since 2022 as wife Nandan Devi is the de-jure ward councilor.
-Belongs from Pol. fam. as uncle Late Prabhu Narayan Singh was Chairman from Bhabhua NP.
- Brother Anjani Singh was Ex-ZP Adhyaksh (2007), Owns a big hardware shop at Patel chowk.",BSC Member,No Incoming ,,,,,,,,,,,,,
Saran,Manjhi,,No,Dr. Dilip Kumar Singh,Late Dharmnath Prasad Singh,9430671422.0,General,Rajput,,"-ZP contested in 2006 and got 2300 votes.
 - Also contested for ZP in 2011 and got 3000 votes .",BSC Member,,,,Male,,,,,,,,,,
East Champaran,Kotwa,,No,Ram Shreshth Baitha,Lt. Shyamdev Baitha,9430698088.0,SC,Dhobi,65.0,"2021: Defacto BDC runner-up
2016: Defacto BDC | Block Pramukh contested 
2011: Mukhiya runner-up
2006: Defacto ZP
1981- 2018: Retried teacher",BSC Member,,,,Male,,,,,,,,,,
Saran,Manjhi,,No,Ram Prasad Singh,Late. Ganesh Singh,9430979710.0,General,Rajput,56.0,"-Mukhiya for consecutive three terms( 2001 -2016)
-The seat for Mukhiya got reserved in 2016.
-ZP contested in 2016 and got 4000 votes.",DSC Member,,,,Male,,,,,,,,,,
,Islampur,,No,Tanuja Kumari,,9431048940.0,OBC,Kurmi,46.0,"Tanuja Kumari | Female | 46 | OBC | Kurmi | Incumbent ZP Member

-Incumbent 4 Terms ZP Member, 2016 To 2018 , 2020 To 2021 ,   2021 To 2021, 2024 To Till Date
-Former ZP President, Nalanda, 2016 To 2018
-Former JDU Panchayti Raj Cell , State General Secretary, 2016 To 2018
-Former JDU Women Cell , Patel Seva Sangh Coordinator, 2016 To 2019
-Received Deendayal Upadhyay Awards By PM Narendra Modi For her Work, 2021",ACC,,,,Female,,,,,,,,,,
East Champaran,Areraj,,No,VK Mishra,Late Umashankar Mishra,9431054448.0,General,Brahmin,50.0,He is a Civil Lawyer at Motihari Civil Court. He has decent knowledge about the politics of the AC. His brother Krishna Mishra was a 3-time ZP member. He has decent knowledge about the politics of the AC. His brother Krishna Mishra was a 3-time ZP member. Since he is a lawyer he is known is his panchayat and is also involved in politics due to his brother. He has good understanding of the region and politics.,BSC Member,No Incoming ,,,Male,,,,,,,,,,
East Champaran,Kalyanpur,,No,Mokhtar Prasad Gupta,Ramlal Sah,9431054773.0,OBC,Vaishya,58.0,"-Former ZP 2016
-ZP Runner Up 2021
-JAP Zila Adhyaksha
-JAP State Gen Sec",DSC Member,,,,Male,,,,,,,,,,
Saran,गरखा,,No,M. P. Singh,,9431187387.0,General,Bhumihar,52.0,"-BJP Pradesh Adhivakta Sangh Upadhyaksh 2001-2024
 -Practicing at Civil Court Chhapra since 1996.
 -3-times Former Sarpanch of Mithepur GP(2006, 2011, 2016)
 -ZP contestant from Amnour bhag-3 in 2021, secured 4000 votes.
 -Own two Potato Cold Storage at Garkha and Amnour.
 -One of the biggest landlords of Block.",Block Prabhari,,,,Male,,,,,,,,,,
East Champaran,Bankatwa,,Bankatwa_44,Vikas Kumar Gupta,Suresh Prasad,9431204875.0,OBC,Baniya,33.0,"- He is Ex-ZP(2016) and 2 time ZP runner up (2011 & 2021)
- He is former Yuva Pradesh Secretary LJP (2015-18)",DSC Member,,,,Male,,,,,,,,,,
East Champaran,Bankatwa,,Chiraiya_41,Kundan Yadav,Gadena Prasad Yadav,9431222349.0,OBC,Yadav,35.0,ZP contestant from Chiraiya in 2011,BSC Member,,,,Male,,,,,,,,,,
East Champaran,Patahi,,No,Farinder Mani (Mintu Prasad ),Parasnath Paswan,9431469857.0,EBC,Teli,50.0,Mintu Prasad placed second in the 2015 ZP election.,BSC Member,,,,Male,,,,,,,,,,
Saran,ekma,,No,Pankaj Singh,Late. Babu Ram Singh,9431578959.0,General,Bhumihar,49.0,-Current ZP; has a construction business,DSC Member,,,,Male,,,,,,,,,,
Gopalganj,Baikunthpur,,Baikunthpur_32,Ashfaque Ahmad,,9431803786.0,Minority,Sheikh,54.0,"Ashfaque Ahmad | Male | 54 | Minority | Sheikh | Incumbnet ZP

-Incumbent ZP Member(2021 To Till Date)
-Jan Suraaj Zila Anumandal Mahasachiv
-Farming, Poultry farm and Goat Farm
",ACC,,,,Male,,,,,,,,,,
Rohtas,Sasaram,,Sasaram_16,Laxman Ram,Jamuna Ram,9431843804.0,SC,Chamaar,55.0,"Laxman Ram | Male | 55 | SC | Chamar 

- Two term Former Mukhiya (2011,2006)
- ZP runner up got 4500 vote. (2021)
- 2nd  Mukhiya Runner Up on General Seat (2016)
- Active member of BJP (Till 2021)
",Sangathan Zila Sachiv,,,,Male,,,,,,,,,,
Rohtas,Dehri,,No,Jitendra Bhagat,Krishna Bhagat,9452366208.0,OBC,Kurmi,50.0,"Contested 2016 Mukhiya election, secured 856 votes, second runner-up
Contested 2020 ZP election, secured 8753 votes
Worked as campaign manager for former MLA Pradeep Joshi and Jyoti Rashmi",Sangathan Zila Upadhyaksh,,,,Male,,,,,,,,,,
Gopalganj,Vijaypur,,No,Er. Sunil Sharma,Sadanand Sharma,9455294107.0,EBC,Lohar,32.0,- Prominent Businessman and social worker- Preparing for the 2026 ZP elections- His Father was a 3 times Sarpanch. (2001-2016).,Zila Sachiv,,,,Male,,,,,,,,,,
East Champaran,Chakia NP,,No,Nishant Kumar Alies Chandan kumar,Nawal Kisor Chaudhary,9470752830.0,General,Bhummihar,35.0,"Advocate at Motihari court.
Social worker
ZP Contestant secured 2300 votes in Kalyanpur-34 in 2021. 
- Her mother Has won as BDC in 2006-2011.",BSC Member,,,,Male,,,,,,,,,,
Saran,Revilganj,,No,Indu Devi,Tulsi Bhagat,9470791564.0,SC,Chamar,,"-She was Zila Parishad in 2001
-Zila Parishad runner-up (2006)
-She was unable to contest ZP further as seat got unreserved.
-BDC, Mukrera (2016)",BSC Member,,,,Female,,,,,,,,,,
East Champaran,Raxaul,,No,SUMIT KUMAR,Ram Pravesh Prasad,9470842408.0,OBC,Koiri,42.0,"ZP Runner Up -2016( Lost By 300 Votes)
ZP Runner Up-2021
Wife Mira Devi Is BJP Pradesh Karyakarinisadasya-2023-24
District Vice President (Mahila Morcha)-2023-24
His Great Grand Father  Late Daroga Mahto Was Freedom Fighter
His Brother Amit Kumar Is Deputy Director  Of ED In Chandigarh -2021-24
IRS 2012 Batch 
Spare Parts Buisness In Raxaul Since ",BSC Member,,,,,,,,,,,,,,
Saran,Manjhi,,Manjhi_9,Jagmohan Singh,Late. Dashrath Singh,9471419666.0,General,Rajput,60.0,"-Former ZP from 2011 to 2016.
-Former JDU District VP since 2020.",DSC Member,,,,Male,,,,,,,,,,
East Champaran,Ramgarhwa,,Ramgarhwa_4,Mohd Amnulalah,Sheikh Hafigulah,9471695786.0,Minority,Muslim,40.0,"- ZP (2016)
- Runner up zp (2021)",BSC Member,,,,,,,,,,,,,,
East Champaran,Adapur,,Adapur_11,Madan Shah,Late Uday Bahadur Shah,9472274986.0,EBC,Kanu,48.0,"- ZP contestant in 2021.
- Ex JDU Vice block president.
- Businessman (Electronics shops)",BSC Member,,,,male,,,,,,,,,,
Saran,Manjhi,,No,Abhishek Kumar Singh,Virendra Pratap Singh,9472534258.0,General,Rajput,28.0,"-Incumbent Mukhiya of Dautpur
-His Uncle(Chunnu Singh) was two ZP from 2011 to 2021 and Chairmen of ZP Zila sangh from 2012 to 2013.
-He organise Rally of hundreds of youth on Ram Navmi every year.",DSC Member,,,,Male,,,,,,,,,,
East Champaran,Govindganj,,Areraj_9,Krishna Kant Mishara,,9473016774.0,General,Brahmin,63.0,"Krishna Kant Mishara | Male | 63 | General | Brahmin | Former ZP

-Former 3 Terms ZP Member(2001 To 2016)
-Former Janta Dal Pradesh sachiv(1990 To 1994)
-Formwer RJD Pradesh Sachiv(1998 To 2005)
-Jan Suraaj Zila Sanghtan Mahasachiv
-Agriculture",ACC,,,,Male,,,,,,,,,,
East Champaran,Raxaul,,Raxaul_1,Brahmanand Prasad,Late Dashrath Prasad,9473290500.0,EBC,Kanu,47.0,"- Fought ZP election in 2021 from a ZP Area No.1 and got 5700 votes.
- Fought Mukhiya election in 2011 and was runner-up 
- Founder of Lotus Public School, Raxaul ",BSC Member,,,,,,,,,,,,,,
Saran,Dariyapur,,No,राम चंद्र महतो,तपशी महतो,9504352322.0,EBC,Nonia,,"ZP Runner up, 2001 and 2016
Got 3900 votes in 2001, 2800 votes in 2015",BSC Member,,,,Male,,,,,,,,,,
East Champaran,Banjariya,,No,Krishna Kashyap,Anil Kumar Singh,9504358199.0,General,Bhumihar,37.0,"- Currently, he is an active social worker in his area.
- Runner-up ZP election from Chetra Sankhya-22, and got 4294 votes",BSC Member,,,,Male,,,,,,,,,,
Saran,Dighwara,,No,अनिल कुमार गुप्ता,स्व. बलि प्रसाद,9504539475.0,EBC,Teli,,"-He contested for BDC for the first time in 2011. 
-His sister in law contested for the ZP election in 2016 but she lost.",BSC Member,,,,Male,,,,,,,,,,
Saran,Amnour,,No,Chandrama Manjhi,Nandu Manjhi,9507549392.0,SC,Dusadh,,-ZP 2nd runner-up in panchayat election 2021 got 2800+ votes.,BSC Member,,,,Male,,,,,,,,,,
East Champaran,Patahi,,Patahi_51,Vivek Dwivedi,परमहंस द्विवेदी,9507572751.0,General,Brahmin,28.0,"ZP Runner up 2021 Lost by thin Margin
Owner of School in Patahi
Have good influence in every community in Patahi",DSC Member,,,,Male,,,,,,,,,,
Siwan,Bhagwanpur Haat,,No,नागेंद्र उपाध्याय,स्व. रामइकबाल उपाध्याय,9507704550.0,General,Brahmin,53.0,"- 2006- Zila Parishad Winner
- 2011- ZP Runner Up lost by 200 votes
- 2016- Zp Runner up
- 2021 - Secured 3rd position (2770 votes)
- Ex- zila upadhyaksh of INC and party member of BJP",DSC Member,,,,Male,,,,,,,,,,
East Champaran,Tetariya,,No,Atisunder Kumari,Umesh Kumar,9507727098.0,EBC,Barhai,32.0,ZP Contestant 2021 | Vote Received 3797,BSC Member,,,,Male,,,,,,,,,,
Saran,Baniyapur,,No,Bhageshwar kuwar,Vishwanath kuwar,9507800887.0,OBC,Sonar,,"ZP contestant 2011
Advocate by profession",BSC Member,,,,Male,,,,,,,,,,
East Champaran,Kalyanpur,,Kalyanpur_33,Munna Paswan,Indrajit Paswan,9507901625.0,SC,Dusadh,37.0,"-Incumbent ZP Since 2021
- Former Panchayat Samiti Member (2011-16)
-Prominent SC Leader",DSC Member,,,,Male,,,,,,,,,,
Saran,Dariyapur,,No,सुरेन्द्र पटेल,रामप्रवेश सिंह,9508480311.0,EBC,Awadhiya,,- ZP Runner-up,BSC Member,,,,Male,,,,,,,,,,
Siwan,Darundha,,No,मदन यादव,जगदीश यादव,9508517670.0,OBC,Yadav,48.0,"2000- Contested MLA Election from Rashtriyavdi Congress and secured 7000+ Votes
- 2006- ZP Runner up - 2011- Zp Runner up (lost by 120 votes)
2002-14- Zila Mahasachiv of INC 2014-23- BJP Bihar Pradesh Mahamantri (Kisan Prakosht)
- Goriakothi and Darunda Vidhansabha Prabhari - Director of Roshan B.ED College and runs a business of furniture",DSC Member,,,,Male,,,,,,,,,,
Buxar,Asthawan,,No,Veermani Kumar,,9508888021.0,OBC,Yadav,37.0,"Veermani Kumar | Male | 37 | OBC | Yadav | MLC Contestant

-Former MLC Contestant, 2022, RJD , Nalanda, got 675 Votes
-Incumbent Panchayat Samiti(2021 To Till date)
-Incumbent Defacto ZP Member (2021 To till Date)
-Former RJD Zila Adhyaksh(2022 To 2024)
-Jan Suraaj Zila Adhyaksh",ACC,,,,Male,,,,,,,,,,
Saran,Dariyapur,,No,इमरान आलम,एहसान हक,9508945619.0,Minority,Muslim,,"Sarpanch Runnerup 
Representative of ZP Jafar Ikbal",BSC Member,,,,Male,,,,,,,,,,
Gopalganj,Vijaypur,,No,Sunita Baitha,Jay Kishan Baitha,9523458250.0,SC,Baitha,34.0,"ZP Runner Up, 2016 recieved 7000 votes",BSC Member,,,,Male,,,,,,,,,,
Siwan,Darauli,,No,अनूप कुमार शर्मा,गणेश शर्मा,9523825152.0,EBC,Lohar,28.0,"- Panchayat Samiti (2021-Present)
- ZP Runner-up - 2016 elections (8) against ZP Omprakash Gupta (CPI-ML leader), got 7200 votes
- Popular Youth face from the Lohar Community of the block",Zila Sachiv,,,,Male,,,,,,,,,,
Saran,Dariyapur,,No,सुरेश पांडेय,स्व. त्रिवेणी पांडेय,9523924492.0,General,Bhumihar,,"2 time Sarpanch of the Panchayat,(2011-2016,2016-2021)
2-time Runnerup of Zp seat no 40(2001, 2006)
Active in politics for the last 30 years.
-The Sarpanch who won the 2021 election has Died, so he is busy with all Panchayats-related work.",BSC Member,,,,Male,,,,,,,,,,
East Champaran,Kalyanpur,,Kalyanpur_34,Aditya Kumar,Laxinder Kumar,9525061888.0,General,Bhumihar,32.0,"- He contested ZP 2016 election and secured 4800 votes.
- In 2021 Zila Parisad election and secured 6500 votes.
- Former District Adhyaksh, Youth Congress.",DSC Member,,,,Male,,,,,,,,,,
Siwan,Maharajganj,,No,"Seraj Hussain urf 
Yugal Baba",Khadim Hussain Ansari,9534058594.0,Minority,Muslim,30.0,"- 2013- NSUI Vice President of Youth Wing. 
- Mother Gulshan Khatoon is 2 terms Pramukh (11,16)
- Father Khadim Hussain was Ex- Zp 
- He is a director of Ideal Public School, Sikatiya
- Runs a school (Nursery to 10th) with a strength of 500 Students
- Zila level Crickter and has received several award in  the field of cricket.",BSC Member,,,,,,,,,,,,,,
East Champaran,Madhuban,,Madhuban_53,Nandkishore Baitha,Late. Pachu Baitha,9546011018.0,SC,Dhobi,52.0,"- Former Mukhiya from Talimpur Panchayat (2006-2011) (2016-2021)
- ZP Contestant in 2021 from Area number 53, was on second number.""",Sangathan Zila Upadhyaksh,,,,,,,,,,,,,,
East Champaran,Kotwa,,No,Hari Nat,Shiv Pujan Nat,9546022282.0,SC,Dhobi,42.0,2021: ZP Contestant,BSC Member,,,,Male,,,,,,,,,,
Saran,Maker,,No,Sunil Manjhi,Late Baijnath Manjhi,9546032135.0,SC,Chamar,,-ZP Contestent,BSC Member,,,,Male,,,,,,,,,,
West Champaran,Bagaha 2,,No,Ramvilash Pathak,Shri Munsi Pathak,9546045135.0,General,Brahmin,42.0,"-Zp runner Up 2021 ,scored 1649
Ward sadsya 2006-2016
-Social Activist and worker",BSC Member,,,,Male,,,,,,,,,,
West Champaran,Thakrahan,,No,Shashi Pratap Tiwari,Dr. Suresh Tiwari,9546066074.0,General,Brahmin,40.0,"40 | Male | Brahman | Contractor
Current profile-He was contested of ZP 2021 election and lost. He earns his livelihood through agricultural activities.",BSC Member,,,,Male,,,,,,,,,,
Buxar,Dumraon,,No,Binod Thakur,Late Motilal Thakur,9546384100.0,EBC," Nai

",46.0,"Binod Thakur | Male | 46 |  EBC | Nai

-  Former ZP, Dumraon (2016)
- Mukhiya Runnerup (2011)
- President of Naya Bhojpur Cricket Association (2016- Present)
- Vyapaar Sangh Up-Sachiv of Naya Bhojpur Market (2018-2021)",Zila Sachiv,,,,Male,,,,,,,,,,
Saran,Baniyapur,,No,शंभूनाथ पाण्डेय,स्वर्गीय ललिता पाण्डेय,9546464159.0,General,ब्राह्मण,,"zp contestant 2011
mukhiya contestant 2001
socialist",Pravkata,,,,Male,,,,,,,,,,
East Champaran,Ghodasahan,,No,Ajit Kumar,Lalbabu Prasad,9546502129.0,OBC,Yadav,40.0,Current BDC Member of Sripur GP ! Ex ZP Candidate in 2006,BSC Member,,,,Male,,,,,,,,,,
East Champaran,Kalyanpur,,Kalyanpur_32,Sanjay Mehta,Jagannath Mehta,9546575127.0,EBC,Noniya,43.0,"Sanjay Mehta|42|EBC| Noniya

-EX Zila Upadhyaksha EBC Prakostha JDU (2020-2022)
EX General Secretary from 2017-2020
-ZP Runner UP",Zila Upadhyaksh,,,,Male,,,,,,,,,,
Siwan,Badhariya,,Barharia_20,फहीम आलम,स्व. मदद हुसैन,9546717786.0,Minority,Muslim,36.0,"-Former up pramukh (2016-2021) -ZP runner up (2021),Got 3600 votes
- Former BDC from Nawalpur panchayat (2011-2021)",DSC Member,,,,Male,,,,,,,,,,
West Champaran,Bagaha 2,,No,Kusum Devi,Late Roopnarayan,9546776765.0,ST,Tharu,42.0,"- ZP Runnerup 2016
- A popular women Leader in the Area
- She scored more than 14000 votes and secured 2nd Position",BSC Member,,,,Female,,,,,,,,,,
Saran,Jalalpur,,No,मोहम्मद इमामुद्दीन,एमडी सुलेमान,9570704424.0,Minority,Muslim,62.0,"- District Mahasachiv, Minority wing, RJD
-two term ZP contestant - owner of white house dry cleaners",Sangathan Zila Upadhyaksh,,,,Male,,,,,,,,,,
Siwan,Darundha,,No,अशोक सिंह,स्व. धर्मनाथ सिंह,9572004141.0,General,Rajput,53.0,"-Former ZP (2006-11)
-ZP runner-up 2016",DSC Member,,,,Male,,,,,,,,,,
Saran,Lahladpur,,No,Masoom Miyan,Riyaj Miyan,9572042078.0,Minority,Muslim,,He is Ex Mukhiya of Bashi GP and ZP contestent in 2021.,BSC Member,,,,Male,,,,,,,,,,
Bhojpur,शाहपुर,,Shahpur_1,Shyamnandan Ojha,,9572075150.0,General,Brahmin,68.0,"--2 times Defacto ZP runner up (Shahpur paschimi) -Trustee( KOB College, Sahjouli) -Member of Rajya karya samiti(Bihar madhyamik shikshak sangh) (2009-2015)
 -District karya samiti (shikshak sangh)(2000-2009)
 -Anumandal Sachiv(shikshak sangh)(1990-2000)
 - -Block Sachiv(Madhyamik Shikhsa Sangh)-1980-90
 -Youth congress Committee District (Mahamantri)1980s
 -Retired Highschool Teacher",Block Prabhari,,,,Male,,,,,,,,,,
Bhojpur,Tarari,,Tarari_14,Kunwar Bahadur Singh,Late Suryan Singh,9572166621.0,General,Rajput,63.0,"Kunwar Bahadur Singh | Male| 63| GEN| Rajput
- Incumbent Sarpanch (2021-till now) 
- Ex-BDC (2011-2016).  
- ZP Runner-Up, 2016  
",BSC Member,,,,,,,,,,,,,,
Siwan,Badhariya,,Barharia_18,"मो. एहतेशाम हक़ ""मिनी नेता""",अब्दुल हक सिद्दीकी,9572345119.0,Minority,Muslim,46.0,"- Former ZP (2016-2021)
- District Adhyaksh of Yuva Janta Dal (1993-1994)
- Mahasachiv of Minority Wing in RJD(1994-1998)",DSC Member,,,,Male,,,,,,,,,,
Gopalganj,Bhorey,,No,Rajadin Ansari,Rustam Ansari,9572431401.0,Minority,,35.0,-He is Defacto ZP runner up 2016 with 1993 votes in his favour,BSC Member,,,,Male,,,,,,,,,,
Siwan,Bhagwanpur Haat,,No,मंजू देवी,शिवदयाल शर्मा,9572467894.0,EBC,कानू,50.0,"- Ex ZP (2011)
- ZP Runner Up ( 2016)
- Popular Women Leader",DSC Member,,,,Female,,,,,,,,,,
Gopalganj,Bhorey,,No,Nirmala Devi,Prem Sagar Yadav,9572604700.0,OBC,Yadav,47.0,"- She is Mukhiya runner up 2016 with 558 votes in her favour from Hussepur GP
- ZP (2001-2006)",BSC Member,,,,Female,,,,,,,,,,
East Champaran,Kotwa,,No,Lal Bahadur Mahato,Lt. Bishnu Mahto,9575789951.0,EBC,Dhanuk,53.0,-Up-Pramukh during 2001-06 -ZP contested stood third in 2006,BSC Member,,,,Male,,,,,,,,,,
East Champaran,Motihari,,Motihari_28,Anmol Kumar,Mahesh Ram,9576021221.0,SC,Chamar,28.0,- Zila Parishad from 28 area in 2016-21 - ZP runner-up 2021 and got 4400 votes,DSC Member,,,,Male,,,,,,,,,,
East Champaran,Madhuban,,Madhuban_53,Dinesh Kumar Ram,Budhan Ram,9576531097.0,SC,Chammar,39.0,"-2021 MLA contestant got 400
-ZP contestant 2021, 2016, 2011 & 2006
-Mother BDC Contestant 2001
-Former BSP Vidhansabha Prabhari 2020
-Former JDU Prakhand Yuva Adhyaksh 2010-12",DSC Member,,,,Male,,,,,,,,,,
Siwan,Hasanpura,,No,Hasmuddin khan,Late babu jaan khan,9576561471.0,Minority,Muslim,,"He is 2 times ZP runner up in his panchayat,inclined with JDU party,hold a position in 2011 to 2016 block president in hasanpura JDU party",BSC Member,,,,Male,,,,,,,,,,
Buxar,Itarhi,,No,Ajeet Kumar Ram,Dashrath Prashad,9576743823.0,General,Rajput,50.0,"Ajeet Kumar Ram| Male| 50| SC| Dusadh

- ZP Contestent 2021 (Got 3905 Votes)
- ZP Contestent 2016 (Got 2100 Votes)
- Mukhiya Runner Up (2011)
- Social Campaign Manager at Kailash Satyarthi Foundation
- Organised Sisodia vansh rajput dusadh mahasabha in Buxar  (2013-2016)
- Founded shanti seva samiti Foundation in Haryana Faridabad (1996)
- His Uncle Bharat Paswan lost ZP Election just by 22 votes in 2001",BSC Member,,,,,,,,,,,,,,
Rohtas,सूर्यपुरा,,Surajpura_2,Mohammad Shamim,,9576787664.0,Minority,Muslim,45.0,"Md Shamim | 45 | Male | Minority | Muslim
 -Incumbent Sarpanch Sangh Block Adhyaksh, 2021
 - Two terms Sarpanch, 2016 & 2021 - ZP runner up in 2011, secured 2000 votes
 - Up Mukhiya 2006
 - Rohtas Zila Sarpanch Sangh Legal Advisor (2021-2024)
 -Former Congress OBC Zila Adhyaksh, OBC cell from 2006-2011
 - Father was in Bihar Police",Block Prabhari,,,,Male,,,,,,,,,,
East Champaran,Chiraiya,,No,Butahi Sah,Mohan Sah,9608662037.0,EBC,Kanu,38.0,"- De-facto ZP contestant from Area no.41 of Chirraiya Block and secured 5700+ in both 2016 and 2021 elections.
 - He was runner-up in both elections. 
 - Youth face in Chiraiya block",BSC Member,,,,Male,,,,,,,,,,
East Champaran,Kalyanpur,,No,Munna Paswan,Indradeep Paswan,9608711547.0,SC,Dusadh,40.0,"-Incumbent ZP Since 2021
- Former Panchayat Samiti Member (2011-16)
-Prominent SC Leader",Zila Upadhyaksh,,,,Male,,,,,,,,,,
Saran,Ekma,,Ekma_7,Chandan Kumar,Late Harishankar Rai,9619495572.0,General,Bhumihar,,"-Btech from NIT Mizoram and professionally he is an electrical engineer.
-Works as a freelancer for MNC. Lives in Ekma. 
-Mother Kumud Devi was BDC from 2011-2016.
- Mother contested the election of ZP in 2016 and was runner-up.(Lost by319 votes)
- Father is a retired government teacher and was the leader of the Teacher Association.",BSC Member,,,,Male,,,,,,,,,,
Siwan,Hussainganj,,Hussainganj_11,Imaranullah Anasari,Kalimullah Ansari,9631114786.0,Minority,Muslim,,"-Ex ZP 2011
-ZP Runner Up 2016
-ZP Runner Up  2021
-Former dist Youth President of RJD 2012-2014
-Former  Gen. Sec. of RJD 2019-2021",BSC Member,,,,Male,,,,,,,,,,
Siwan,Hussainganj,,No,Nawaz Ali,Late Ali Taz Shah,9631156291.0,Minority,Muslim,,"-Social Worker
-Property Delar
-He is Closed with Sahabuddin Family
-Prominent Face Amongs Youth
-He will Contest ZP Election of 2026",BSC Member,,,,Male,,,,,,,,,,
Siwan,Ziradei,,No,Vijay Sakar Shah,Lt. Sakhi Chandra Shah,9631650501.0,EBC,Teli,,De-facto  ex ZP - Ex Sarpanch - Practicing Doctor last 30 years,BSC Member,,,,Male,,,,,,,,,,
Siwan,Hasanpura,,No,Zainullah Khan,Late Maula Khan,9631724130.0,Minority,Muslim,,"-ZP Runner Up (2006)
-Contested Mukhiya Election with dummy candidate (2006)
-Politically Quite Active",BSC Member,,,,Male,,,,,,,,,,
East Champaran,Chiraiya,,No,Jyoti Singh,Manoj Kumar Singh,9631760720.0,General,Rajput,42.0,"- Ex- ZP (2011-16) from region no.43 
 - After 2016 this seat got reserved for EBC. She was in JDU at that time. She left JDU in 2021",BSC Member,,,,Male,,,,,,,,,,
Saran,Baniyapur,,No,Sanjai kumar sharma,Ramjanam sharma,9661008733.0,EBC,Badhai,,"sarpanch contestant 2021
zp contestant 2011
csp owner",BSC Member,,,,Male,,,,,,,,,,
Siwan,Daraundha,,Daraundha_29,Vijay Kr Giri,Ram Aadhar  Giri,9661160014.0,OBC,Gosai,35.0,"-ZP runner-up 2021
-Tall leader of EBC Communities
-",BSC Member,,,,Male,,,,,,,,,,
West Champaran,Bagaha 2,,Bagaha-II_4,Brij Bihari Yadav,स्व. कन्हैया यादव,9661178537.0,OBC,Yadav,56.0,-Incumbent ZP member(2021) -Runner up ZP membar (2011 & 2016),DSC Member,,,,Male,,,,,,,,,,
Siwan,Raghunathpur,,No,Brajkishor Prasad Yadav,,9661641181.0,OBC,Yadav,,"Brajkishor Prasad Yadav | Male | 60 | OBC | Yadav | ZP Member

-Former ZP Member(2006 To 2011)
-Former Panchayat Samiti (2001 To 2006)
-Former RJD Pradesh Sachiv(2022 To 2024)
-Foremr RJD Pradhan Sachiv(2019 to 2022)
-Former CPIML State Committe Member(1990 To 2014)",ACC,,,,Male,,,,,,,,,,
East Champaran,Bankatwa,,No,Ashok Gupta,Shree Ramnarayan Prasad,9661794071.0,EBC,Teli,52.0,"Incumbent Mukhiya of Jeetpur Panchayat 2021
Contested ZP election in 2001,2006 and 2011",BSC Member,,,,Male,,,,,,,,,,
Saran,Dighwara,,Dighwara_44,नंदलाल महतो,स्व. शिवजी महतो,9679685899.0,EBC,Nonia,,"-He contested for ZP for the first time in 2000 and secured 4500~ votes but lost by few votes margin. 
-In 2006, He secured 6500~ but lost by 150~ votes for the same post. 
-He was an active member of RJD till 2010",BSC Member,,,,Male,,,,,,,,,,
Gopalganj,Barauli,,No,Dharmendra Kumar Pandit,,9693726609.0,EBC,Kumhar,,"Dharmendra Kumar Pandit | Male | 40 | EBC | Kumhar | Incumbent ZP

-Incumbent ZP , 2021 To Till Date , Got 8825 Votes
-Former ZP Contestant, 2016 , Got 3100 Votes
-Former Panchayat Samiti, 2011 To 2016
-Former BDC, 2011 o 2016
-Former Jan Suraaj Block Incharge and Anumandal Adhyaksh
-Businessman(Aanchal Furniture, Aanchal Sweets & Prince Mineral Water)",ACC,,,,Male,,,,,,,,,,
Saran,Manjhi,,No,Anil Ram,Late. Bansi Ram,9695193936.0,SC,Chamar,46.0,"-Former Congress Zila Adhyaksh -SC Prakosth.
-Sister in law contested 2021 PRI election as a ZP candidate and lost.",DSC Member,,,,Male,,,,,,,,,,
West Champaran,Bagaha 2,,No,Kedar Nath Kazi,Late Dhanpat Kazi,9708423505.0,ST,Tharu,55.0,"-ZP runner Up 2021 ,scored 3800
Community leader Of Tharu Sangh
-Social Activist and worker",BSC Member,,,,Male,,,,,,,,,,
East Champaran,Areraj,,No,Deepesh Kumar Tiwari,Rajeshwar Tiwari,9708744412.0,General,Brahmin,26.0,"He contested for the post of Sarpanch in 2021 but lost the election by a small margin of 150 votes, currently, he is planning to continue his studies and preparation for the next election. He comes from the family of former Mukhiya Brijmohan Tiwari (2000-05). He is a Political science graduate, who not only wanted to do P.hd in Political science but also dreams for Mukhiya and afterward for ZP. However, he is just 26 years old, but he is working at ground level with his team especially, organizing donation drives for Pooja and marriages of daughters of poor people.",BSC Member,Switch Off,,,Male,,,,,,,,,,
East Champaran,Madhuban,,Pakridayal_38,Manoj Singh,,9709488880.0,General,Rajput,48.0,"Manoj Singh | Male | 48 | General | Rajput | ZP Contestant

-Former ZP Contesatnt(2021)
-Manager at India Tools Financial Services
-Jan Suraaj Zila Sanghatan Mahasachiv
-Social Worker
-",ACC,,,,Male,,,,,,,,,,
Siwan,Darundha,,No,धर्मेंद्र यादव,स्व. गौरी शंकर यादव,9709497030.0,OBC,Yadav,31.0,"- First time ZP from Daraunda
-Ex RJD Zila Yuva Upadhyaksh (2016)
-Prominent Businessman (Furniture Shop)",DSC Member,,,,Male,,,,,,,,,,
East Champaran,Motihari,,Motihari_26,Kameshwar Sah,Late Tharu Sah,9711776261.0,OBC,Kalwar,50.0,"-ZP in 2021
He is handling real estate business in Delhi and Bihar from last 22 years
",BSC Member,,,,Male,,,,,,,,,,
Siwan,Bhagwanpurhat,,No,Virendra Kuswaha,Late Babu Ram Kuswaha,9771014142.0,OBC,Kuswaha,46.0,"- 2011- Booth Prabhari of Maharajganj Vidhansabah of BJP Party. - 2016- ZP contestant (Secured 3200 votes, 3rd position)- 2016- BJP Prakhand Adhyaksh- 2021- Zp contestant (secured 1700 votes) - Owner of Sakri Bazar.",Prakhand Abhiyaan Samiti Sadsya,,,,,,,,,,,,,,
Siwan,Ziradei,,No,Anil Kumar Singh,Late Nagendra Singh,9771044286.0,General,Rajput,,"- Former ZP Runner up candidate (2011)
- Was associated with RJD",BSC Member,,,,Male,,,,,,,,,,
West Champaran,Gaunaha,,No,Niyaz Ahmad,Sarfuddin Ansari,9771071273.0,Minority,Muslim,42.0,"-He has been serving as PACS President since 2009 till date.
-From 2006-11 he served as Mukhiya of the panchayat. 
- He fought for ZP elections in 2011, with around 4253 votes.
- He served as JDU Block President of Minority (Alpsankhyak Prakosht)",BSC Member,,,,Male,,,,,,,,,,
East Champaran,Adapur,,Adapur_11,Naseem Akhtar,Mohammad Qamruzzama,9771074444.0,Minority,Muslim,52.0,Defecto Zp 2016 to 2021 and 2006 to 2011,Sangathan Zila Upadhyaksh,,,,Male,,,,,,,,,,
Siwan,Guthani,,No,Md Nassuriddin,Abdul Hakim,9771255172.0,Minority,,,"Zp contestent from parari panchayat.
He also runs a medical shop.",BSC Member,,,,Male,,,,,,,,,,
East Champaran,Motihari,,No,Lalu Paswan,Jaymangal Paswan,9771278343.0,SC,Dusadh,32.0,"2011: ZP runner-up
2014 to present: RJP Panchayat president
2016: Ex Ward Sachiv ward no.7",BSC Member,,,,Male,,,,,,,,,,
East Champaran,Sangrampur,,No,Ajay Kumar Shukla,Brajkishore Shukl,9771370621.0,General,Brahmin,36.0,"- 2021 ZP Contested,(1029 Votes).
- 2016 BDC Contested.
- 2011 ZP Contested.",BSC Member,,,,,,,,,,,,,,
East Champaran,Motihari,,No,Ranjeet Kumar,,9771522715.0,General,Kayastha,47.0,"Ranjeet Kumar | Male | 47 | General | Kayastha | Former ZP Contesatnt

-Former ZP Contestant(2001), Got 2501 Votes
-Director of Revel Group of Management
",ACC,,,,Male,,,,,,,,,,
West Champaran,Bagaha 2,,No,Jitendra Sharma,Late Inarman Sharma,9771600500.0,EBC,Lohar,46.0,"- He is Ex- Sarpanch in 2016. 
- He also contested for Ward Member election from Ward-3 of his Panchayat. 
- He contested for ZP election in 2021 and got 4000 votes. 
- His wife Janaki Devi contested the election from Area No. 2 in 2021.",BSC Member,,,,Male,,,,,,,,,,
Saran,Manjhi,,No,Ashutosh Tiwari,Virendra Tiwari aka Kranti Baba,9771627765.0,General,Brahmin,33.0,"-Incumbent Defacto ZP.
-Defeated former MLA Dhumal Singh Candidate in ZP election.
-Prominent Brahmin Face in Manjhi AC.",DSC Member,,,,Male,,,,,,,,,,
Siwan,Raghunathpur,,No,Nibulala Ram,Late Indrasen Ram,9771753218.0,SC,Chammar,54.0,"-ZP Contestent 2016 gOT 2500 Votes
-He is very active in his Community
-Inclination With Bhim Army",BSC Member,,,,Male,,,,,,,,,,
Gopalganj,Bhorey,,No,Suresh Sharma,Divesh Sharma,9771760431.0,EBC,Badhai,30.0,-He is ZP runner up 2016 with 4729 votes in her favour,BSC Member,,,,Male,,,,,,,,,,
Siwan,Goriyakothi,,No,नीरज प्रसाद,शिवनाथ प्रसाद,9771907823.0,EBC,Kanu,35.0,"- Former ZP member(2016-21) and ZP Runner up in 2021.
- Comes from a politically influential family. His uncle was two times Mukhiya",DSC Member,,,,Male,,,,,,,,,,
East Champaran,Sangrampur,,No,Akhilesh Ojha,Shri Gaya Ojha,9771926731.0,General,Brahmin,36.0,"-Zp contestant in 2021, received 3200 votes and stood third",BSC Member,,,,,,,,,,,,,,
Saran,Mashrakh,,No,Rang Lal Nat,Swargiye Chander Nat,9771937576.0,SC,Nat,,"Ex BDC 2011
His brother Chote Lal Nat was ZP in 2006
BDC contestant 2016 and 2021",BSC Member,,,,Male,,,,,,,,,,
Siwan,Barharia,,No,Vinod Kumar Paswan,Maya Paswan,9771968417.0,SC,Dusadh,29.0,-Incumbent BDC Since 2021-Close ally of Vinod Singh ZP,Bsc Member,,,,,,,,,,,,,,
Saran,Panapur,,No,Suresh Prasad Yadav,स्व. बालेश्वर प्रसाद यादव,9773800829.0,OBC,Yadav,,"-Ex- ZP (2016-2021)
-ZP runner up (2011-2016)
-Businessman. 
-He's a chimney owner in Panapur and in Delhi, he has a Agency of Home Security Guards.",BSC Member,,,,Male,,,,,,,,,,
Gopalganj,Kateya,,No,Bebi Devi,Vijay Singh,9792694050.0,General,Rajput,48.0,ZP from 2006 to 2011,BSC Member,Call Connected,,Not Interested,Female,,,,,,,,,,
West Champaran,Madhubani,,No,Bhola Chauhan,बिरझन चौहान,9792901711.0,EBC,Nonia,58.0,"-Former two times ZP (2006-11,2016-21)
-ZP runner up (2021)
- Former general secretary of LJP (2002-2006)",DSC Member,,,,Male,,,,,,,,,,
Saran,Dighwara,,No,Pappu Yadav,Malik Prasad Yadav,9798046327.0,OBC,Yadav,35.0,-He is businessman and representation of Suman Rai (incumbent ZP - 16830 votes & Sonepur 2020 MLA contestant 3055 votes),DSC Member,,,,Male,,,,,,,,,,
Saran,Taraiya,,No,Ranvijay Singh,Nand Lal Singh,9798071230.0,General,Rajput,,"-Defecto ZP
-Defecto Ex Mukhiya from 1977-2001
-MLA Runner-Up In 2015 From RLSP
-Runs a Private School",BSC Member,,,,Male,,,,,,,,,,
West Champaran,Lauriya,,Lauriya_15,Ashutosh Mal,Sanjay Mal,9798511122.0,OBC,Kurmi,30.0,- Incumbent Defacto ZP Member.-He runs an NGO by the name of Krishna Shanti Foundation which is related to education and health and runs under his watch.,Zila Sachiv,,,,,,,,,,,,,,
Gopalganj,Uchkagaon,,Uchkagaon_14,Amla Rai,Late Vasudev Thakur,9801228913.0,General,Rajput,72.0,- Mukhiya 1978- 1997- Daughter-in- law was ZP 2006- 2011,Zila Upadhyaksh,,,,Male,,,,,,,,,,
Saran,Mashrakh,,No,Dr Kundan Kumar Kushwaha,Dr Mangal Prasad,9801235461.0,OBC,Kushwaha,,"Ex Mukhiya Cntestant 2006
Campaign Facililator of ZP
Good hold in his Panchayat
Ward Sachiv from ward no 4",BSC Member,,,,Male,,,,,,,,,,
Saran,Maker,,No,Dinanath Ram,Late Jaleshwar Ram,9801237764.0,SC,Chamar,,-ZP Contestent,BSC Member,,,,Male,,,,,,,,,,
Siwan,Maharajganj,,No,ख़ादिम हुसैन,स्व. अदालत मियां,9801264116.0,Minority,Muslim,68.0,"Ex MLA Candidate, Former ZP His daughter in law is Block Pramukh since last two terms. Good hold on Muslim Community of Maharajganj""",DSC Member,,,,Male,,,,,,,,,,
West Champaran,Bagaha 2,,No,Shiv Kumar Ram,Raj Kumar Prasad,9801284664.0,SC,Chamar,36.0,"-Zp runner Up 2021 ,scored 2102
-Social Activist and worker",BSC Member,,,,Male,,,,,,,,,,
West Champaran,Sikta,,No,Harishankar Prasad,,9801352606.0,EBC,Lohar,55.0,"He is currently working as a journalist. - Education: BSc in Mathematics.
 - Journalism: Since 1979, he has worked with Patliputra Times, Prabhat Khabar, Aaj Hindi Dainik, and Sanmarg newspapers. He started his own newspaper, Champaran Dak weekly.
 - Legal Advisor: Former MP Bhola Raut from Bagah - I.
 - Politics: Contested assembly elections in 1990 from BSP.
 - 2016 ZP election contested and lost by only 100 votes
 - Bihar pradesh lohar sangh sanyojak 1989- 1992
 - Community Work: Worked with Nehru Yuva Kendra.",Block Prabhari,,,,Male,,,,,,,,,,
East Champaran,Harsiddhi,,No,Deepak Kumar Singh,Ramesh Singh,9801361619.0,General,Rajput,38.0,"He was contested for the ZP and secured 1141 votes .
He is a prominent veterinary doctor of Harsidhi block",BSC Member,Call Connected,,,Male,,,,,,,,,,
Siwan,Badhariya,,No,अर्जुन यादव,डॉ. जगन्नाथ प्रसाद यादव,9801387860.0,OBC,Yadav,27.0,"- He contested for ZP in 2021 and was runner up got 5000 votes,lost by 245 votes only
- His mother was runner up in Mukhiya election in 2011 and His Grandfather was Sarpanch of chowki hasan (2006-2011)
- Clerk in government hospital",DSC Member,,,,Male,,,,,,,,,,
East Champaran,Bankatwa,,No,Anil Kr Yadav,Pundev Prasad Yadav,9801554351.0,OBC,Yadav,38.0," - He is a  social activist
- His brother, Rakesh Yadav contested the  ZP elections in 2016 and 2021 and he was the main 
-He was a member of the  JDU executive committee.
",BSC Member,,,,Male,,,,,,,,,,
Saran,Sonpur,,No,डॉ. फारूक आलम,स्व. अब्दुल रहमान इदरीसी,9801622789.0,EBC,Ansari,,"-ZP Contestant (2021)
-Mukhiya Contestant (2016)
-Local Doctor ",BSC Member,,,,Male,,,,,,,,,,
East Champaran,Sugauli,,No,Virendra Paswan,Late ramagya paswan,9801657499.0,SC,Chamar,53.0,"- Mukhiya contestant (2021)Votes -410
-ZP Contestant (2001)
",BSC Member,,,,,,,,,,,,,,
Saran,Marhaura,,No,Arun singh,Shrinath Singh,9801800830.0,General,Rajput,,"- Ex Mukhiya of the Panchayat and the current Defacto face of Madhoura NP. 
- father was 3 term Mukhiya 
- In 2010 he contested for the MLA seat from Madhoura Vidhan Sabha and got 12,800 Votes.
- 2016  Mukhiyar  won by a good margin.
-wife Meena Arun is the current Zp member of Saran Zila Parishad, and his sister-in-law is the current Chairman of the Madhoura NagarPalika.",BSC Member,,,,Male,,,,,,,,,,
Siwan,Bhagwanpur Haat,,No,विजय नारायण प्रसाद,स्व. रामचन्द्र प्रसाद,9801819392.0,OBC,Kuswaha,65.0,"- Rtd. Government Teacher -ZP Runner -up 2021 (got 6500 votes)
- Tall Kushwaha Leader",DSC Member,,,,Male,,,,,,,,,,
Siwan,Raghunathpur,,No,Sudama Manjhi,Late Suresh Manjhi,9801973705.0,SC,Dusadh,55.0,"-ZP runner up in 2016, secured around 4000 votes
- ZP runnerup in 2021, secured around 3800 votes.
-Principal and Director of Saraswati Shishu Vidya Mandir ",BSC Member,,,,Male,,,,,,,,,,
Siwan,Pacharukhi,,No,विवेक सिंह,स्व. विपिन बिहारी सिंह,9810374612.0,OBC,Kurmi,42.0,"-Former BJP District Vice Adhyaksh(2017-2021)
-Former ZP (2011-2016)
- ZP runner up in 2021 ,Got 4000 votes
- Tall kurmi leader",DSC Member,,,,Male,,,,,,,,,,
Buxar,Rajgir,,No,Satyendra Kumar,,9835478250.0,SC,Dusadh,45.0,"Satyendra Kumar | Male | 45 | SC | Dusadh | Former ZP

-Former Mukhiya , 2016 To 2021
-Former 2 Consecutive Terms ZP 2006 To 2016
-Former Mukhiya Contestant, 2021, Runner Up 
-Former RJD Zila Sachiv, 2022 To 2025
-Former RJD Yuva Zila Upadhyaksh, 2008 To 2021",ACC,,,,Male,,,,,,,,,,
Saran,Sonpur,,No,"जितेन्द्र कुमार सिंह ""जे.के. सिंह""",स्व. सरयुग सिंह,9852117635.0,General,Rajput,,"-Former ZP Contestant (2006)
-Belongs to a very respectful family of Sonepur.",BSC Member,,,,पुरुष,,,,,,,,,,
Saran,Marhaura,,No,Monu Kumar Bhagat,Lt. Mahendra Bhakt,9852292544.0,EBC,Mali,,"ZP 2ND runner-up, youth influencer",BSC Member,,,,Male,,,,,,,,,,
Saran,Garkha,,No,Ramawati Devi,W/o Ajay Manjhi,9852403942.0,SC,Dusadh,33.0,"- Incumbent ZP from Garkha
-BJP zila maha mantri of sahlok karye samiti. -Her husband is also BJP maha mantri of SC wing.",DSC Member,,,,Female,,,,,,,,,,
East Champaran,Motihari NN,,No,Santosh Kumar,Rajkumar Singh,9852639700.0,General,Rajput,32.0,"- Incumbent Ward parshad
- ZP Contestant, 2016 elections lost by 23 votes",BSC Member,,,,Male,,,,,,,,,,
Saran,Dariyapur,,No,मोहम्मद इमरान अंसारी,स्व. मोहम्मद मूसा अंसारी,9852884646.0,Minority,Ansari,,"- Mukhiya Runnerup
- Zp Contestant in 2016",BSC Member,,,,Male,,,,,,,,,,
Saran,Isuapur,,No,Shamim Ahmad,स्व. मुजफ्फर अहमद,9852888017.0,Minority,Muslim,49.0,"- Ex. Two term ZP(2006-2016)
-Three term ZP runner-up.(2001,2016,2021)
-Runs own medical store in Shyamkoriya Bazar",Zila Upadhyaksh,,,,Male,,,,,,,,,,
Gopalganj,Paroo,,No,Kishore Kunal,,9872484242.0,General,Rajput,41.0,"Kishore Kunal | Male | 41| General | Rajput | Businessman
-Jansuraaj State Executive member
Prominent Businessman (Plywood Factory Vaishno Plywood Owner)
-VRS From Indian army (Completed 16 Years in 2019)
-ABVP Block President (2019-22)
-His father Awdhesh Singh was Former 2 term Muhiya & District Mukhiya Sangh General Secratory( 2006-16)
-Mother Prabha Devi ji was former Krishi Shyog Samiti President ( 1996-2001)
-Mother was ZP Runner Up lost by 213 votes, Got 8200 votes (2021) ",ACC,,,,Male,,,,,,,,,,
Siwan,Maharajganj,,No,उपेन्द्र पंडित,स्वर्गीय हरि कृष्ण पंडित,9876076795.0,General,Brahmin,,"ZP contestant 2021 (received 3500 votes)
BJP  Prakhand Yuva Adhyaksh- 2014
BJP mandal  Mahamantri - 2017
",Prakhand Abhiyaan Samiti  Member,,,,Male,,,,,,,,,,
East Champaran,Motihari,,Motihari_26,Mohammad Nazim,Haji Abdul Wahab Ali,9897283686.0,General,Muslim,35.0,"Runner Up  ZP election in 2016 & in 2021 and got 1000 votes in 2021 election.
- B.Tech graduate in Computer Science  from Aligarh Muslim University 
- PDS dealer and handles real estate business in Motihari
- He is founder and runs ""Lakhaura Social Welfare Organisation""",BSC Member,,,,Male,,,,,,,,,,
Rohtas,Chenari,,Chenari_14,"Vijay Kumar 
Sharma","Jeet Narayan 
Sharma",9905357092.0,EBC,Nai,60.0,"Vijay Kumar Sharma | Male | 60 | EBC | Nai 

- Incumbent ZP South Chenari (2021)- by 1000 votes
- Zila Adhyaksh (HAM)- 2013-14

",Zila Upadhyaksh,,,,Male,,,,,,,,,,
East Champaran,Motihari NN,,No,Sanjay Singh,Late Kamakhya Narayan Singh,9905399999.0,General,Rajput,46.0,"-  Former Zp from Dhaka Block During the 2016-21.
- His Brother 2 times Ward Parishad From Ward-12",BSC Member,,,,Male,,,,,,,,,,
Rohtas,,,Kargahar_10,Md Zaved Alam alias Jugnoo alam,Md Mazid Rain,9905526203.0,Minority,Muslim,28.0,"Md Zaved Alam alias Jugnoo alam | Male | 28 | Minority | Muslim | 9905526203|

ZP election contestants 2021  Got 5248 Votes
Businessman ( Fish Supplier)
Education Intermediate",Sangathan Zila Sachiv,,,,Male,,,,,,,,,,
Siwan,Pachrukha,,Pachrukhi_23,महताब अली,शेख सुलेमान,9905622820.0,Minority,Muslim,35.0,"-Two time Contested zp election runnerup 2016 & 2021
-Runs coaching -Social worker",Zila Sachiv,,,,Male,,,,,,,,,,
Buxar,Nawanagar,,No,Harekrishna Chaubey,Late. Shivbachan Chaubey,9930281603.0,General,Brahmin,57.0,"Harekrishna Chaubey | Male | 57 | General | Brahmin

- Two terms ZP Runner 2016 & 2021 (Got 4383 votes in 2021)
- Former Sarpanch 2011",BSC Member,,,,,,,,,,,,,,
Siwan,Darundha,,Daraundha_29,हितेश पटेल,राम नरेश प्रसाद,9931085370.0,OBC,Kurmi,44.0,"-Former ZP(2016-21)
-ZP runner Up (2021)got 4800votes
-Pacs Adhyaksh (2009-2014)
-Panchayat Samiti (2001-2006)",DSC Member,,,,Male,,,,,,,,,,
Saran,maker,,No,Mukesh Kumar Ram,Rajdev Ram,9931154106.0,SC,Chamar,34.0,"He contested for the first time for ZP and won. He was earlier associated with RJD. He is a supporter of Jan Suraaj, has met PK many times.",DSC Member,,,,Male,,,,,,,,,,
East Champaran,Kalyanpur,,No,Shatrugan Ram,Bhagirath Ram,9931207966.0,SC,Chamar,50.0,"- 2 times ZP contestant 2021- lost by 1200 votes and in 2016, by 170 votes)",BSC Member,,,,Male,,,,,,,,,,
West Champaran,Gaunaha,,No,Anil Kumar ram,Shambhu Ram,9931240889.0,SC,Chamar,26.0,- His Mother Bachee Devi contested the 2016 & 2021 ZP election but both time got second position.,BSC Member,,,,Male,,,,,,,,,,
East Champaran,Motihari,,Motihari_27,Ramvinay Das,RamAyodhya Das,9931247631.0,SC,Tatva,48.0,"-Former ZP 2016-2021
-ZP Runnr up 2021 (Lost by 219 votes)",Zila Upadhyaksh,,,,Male,,,,,,,,,,
Siwan,Hussainganj,,Hussainganj_12,"सुजीत शर्मा ""बुलेट शर्मा""",कपिल देव शर्मा,9931411295.0,EBC,Lohar,46.0,"- ZP runner-up in 2021 lost by 296 votes against Anita Devi.
-ZP(2016-21)
- Two-term Sarpanch from( 2006-2011)(2011- 2016).
- State Vice Adhyaksh and District Adhyaksh of lohar kalyan samiti.
-Former Dist. Adhyaksh of BJP ST Cell.",DSC Member,,,,Male,,,,,,,,,,
East Champaran,Madhuban,,No,Surendra Paswan,Late Bindeswari Paswan,9931425136.0,SC,Dusadh,52.0,"-Former Zila Parishad 2011 won by 1000 Votes -2006 ZP contestant lost by 700 votes -2021 ZP contestant got 1500 votes
-2001 BDC contestant got 300 votes
-2016 Garhiya BDC contestant got 350 votes
-Former BJP Member",DSC Member,,,,Male,,,,,,,,,,
Saran,Parsa,,No,Chand Taran Khatoon,Ziaul Haque,9931457175.0,Minority,Muslim,32.0,"-NP Chairman Runner-up
-Prominent Businessman.
-Former ZP Chairman Belongs From her family.
-Her Husband awarded by governer for best headmaster.",DSC Member,,,,Female,,,,,,,,,,
Saran,पानापुर,,Panapur_29,Narendra Singh,,9931494512.0,General,राजपूत,65.0,"- Former ZP (2006) and ZP second runner up in 2021.
 former District Secreatry of Janta Dal. -Sanyojak of Mashrakh block in 1974.
 - Former Block President of Mashrakh in 1977.
 - He was a District Secretary of Janta Dal.
 -He contested the ZP election in 2006, 2011, 2016 and 2021. In 2006 he won but in 2011, 16 he got second position whereas in 2021 he secured third positions.",Block Prabhari,,,,Male,,,,,,,,,,
East Champaran,Kalyanpur,,Kalyanpur_34,Md. Shabir Dahilal,Naimul Ansari,9931535006.0,EBC,Ansari Muslim,36.0,"Scrap dealer business
2006 ZP winner defacto (aunty)",BSC Member,,,,Male,,,,,,,,,,
West Champaran,Bagaha 1,,No,Yogendra Thakur,स्व. भगन ठाकुर,9931557796.0,EBC,Nai,62.0,"-Runner up ZP membar election(2021) and got 2600 vote
-Runner up ZP membar(2016) and got 4600 vote",DSC Member,,,,Male,,,,,,,,,,
Saran,Panapur,,No,Zilani Khan,स्व. महबूब आलम खान,9931617540.0,General,Muslim,,"-Mukhiya candidate in 2006 and in 2011.
-ZP candidate in 2021 and received 1003 votes.",BSC Member,,,,Male,,,,,,,,,,
Siwan,Raghunathpur,,No,दीपक कुमार राम,जोगिन्दर राम,9931754885.0,SC,Ram,35.0,"-His father was a Mukhiya 2006
-Mukhiya Runner Up 2011
-Mukhiya Runner up 2016
-ZP Runner Up got 4000 votes.
-He runs a Tent House Business.",DSC Member,,,,Male,,,,,,,,,,
Saran,Amnour,,Amnour_31,Arvind Ram,Pyarchand Ram,9931759287.0,SC,Chamar,,"- Contested ZP in 2021 
- Contested Mukhiya in 2016 
- Practising for Ayurved in local 
- Well known face in Block  ",BSC Member,,,,Male,,,,,,,,,,
Saran,Chhapra Sadar,,No,Jaipath Manjhi,Chandra Dev Manjhi,9931763371.0,SC,Dusadh,,"- Defacto ZP Contestant (2021)
- Defacto Ward member (2016-2021)
",BSC Member,,,,Male,,,,,,,,,,
West Champaran,Bagaha 1,,No,Arif Raza,Nabi Alam,9931822023.0,Minority,Muslim,40.0,His wife Saziya Anjum was ZP contestant from ZP Area No. 6.,BSC Member,,,,Male,,,,,,,,,,
Saran,Parsa,,No,विनोद राय,सतेन्द्र राय,9931864667.0,OBC,Yadav,,"Current Profile- He is now zila parishad
Socio-Political Brief- He first contested the Sarpanch election in 2011 and won the election and became the Sarpanch.
He contested ZP elections in 2016 and was runner up
He contested ZP election in 2021 and won by getting 7228 votes
Financial Activities-  He is a farmer and businessman
Area & Community Influence- He maintains good relations with Yadavs and other castes in his panchayat.
Criminal Case- NA",BSC Member,,,,Male,,,,,,,,,,
West Champaran,Madhubani,,No,Shafiq Gaddi,Bismillah gaddi,9931874481.0,Minority,Muslim,40.0," In 2016, he stood for ZP elections and Scored 2800 votes.
 In 2021, he stood for ZP elections and Scored 2200 votes.
 He is an active campaigning member during elections.",BSC Member,,,,Male,,,,,,,,,,
East Champaran,Piprakothi,,No,Parmanand Yadav,Late Moti Rai,9931886256.0,OBC,Yadav,47.0,"-RJD Zila Panchayati Raaj Mahasachiv for 2 terms from 2021-till date
-ZP Contestant 2021 got 2000 votes and came 5th
-ZP Contestant 2016 -Former Ward Member 2001 from Ward Number 1",DSC Member,,,,Male,,,,,,,,,,
Saran,Manjhi,,No,Makeshwar Singh,Late Baijnath Singh,9931938110.0,General,Rajput,,"-PACS President since 1992
 - ZP from 2001 to 2006 
 -Mukhiya from 2006 to 2016",BSC Member,,,,Male,,,,,,,,,,
Saran,Lahladpur,,No,Mukhtar Sah,Late Sona Sah,9934028270.0,EBC,Turaha,,"- Ex ZP Contestant in 2016, got almost 3k votes.",BSC Member,,,,Male,,,,,,,,,,
Saran,Mashrakh,,No,Jitender Singh,Ramadhir Singh,9934077795.0,GEN,Rajput,,"2 times De-facto ZP runner-up in 2016,2021
Reputed Social worker and Businessman",BSC Member,,,,Male,,,,,,,,,,
East Champaran,Motihari NN,,No,Ashraf Ansari,Gyasuddin Ansari,9934084099.0,Minority,Muslim,40.0,"- ZP Contestant
- Bihar Pradesh Adhyaksh - Minority Wing, Janta Congress",BSC Member,,,,Male,,,,,,,,,,
Siwan,Hussainganj,,Hussainganj_11,हरिलाल गुप्ता,स्व. गौरी शंकर गुप्ता,9934088857.0,EBC,Teli,42.0,- Two time Defacto ZP Member of Area number 11 of Siwan since from 2016 to till date. - Former Sarpanch of Habibnagar Panchayat. - Owns a Cloth Shop in siwan town and a Petrol Pump in Habibnagar.,DSC Member,,,,Male,,,,,,,,,,
Saran,Revilganj,,No,Shivji sah,Late. Yogi Prasad,9934094069.0,EBC,Teli,45.0,-Two-term ZP runner-up (2016 and 2021),DSC Member,,,,Male,,,,,,,,,,
Saran,Taraiya,,No,Chand kishor Singh,Late Ramkishor Singh,9934200611.0,Gen,Rajput,,"-Ex Up Pramukh in 2006
- Pramukh for one year
-Zp runnerup in 2021 
- ex ward member in 2001",BSC Member,,,,Male,,,,,,,,,,
West Champaran,Bagaha 2,,No,Pankaj Kumar,Ram Prasad Kazi,9934207994.0,ST,Tharu,42.0,His wife Sindhu Devi was ZP from 2016-2021. She was also runner up in 2021 elections.,BSC Member,,,,Male,,,,,,,,,,
Saran,Baniyapur,,No,Saroj Prasad Yadav,Late ganesh prasad yadav,9934228785.0,OBC,Yadav,,ZP Contestant,BSC Member,,,,Male,,,,,,,,,,
Saran,Manjhi,,No,Brajendra Kumar Singh,,9934290905.0,Rajput,"Former JDU Pradesh Mahasachiv

-Former JDU Pradesh Mahasachiv(2011 to 2022)
-Former RJD Zila Upadhyaksh(2005 to 2010)
-Former 2 Terms ZP Contestant(2006-8862 votes & 2011-9181 Votes)",General,"Brajendra Kumar Singh | Male | General | Rajput | Former JDU Pradesh Mahasachiv

-Former JDU Pradesh Mahasachiv(2011 to 2022)
-Former RJD Zila Upadhyaksh(2005 to 2010)
-Former 2 Terms ZP Contestant(2006-8862 votes & 2011-9181 Votes)",ACC,,,,Male,,,,,,,,,,
Saran,,,No,रवि कुमार राम,मनन राम,9934385776.0,SC,चमार,31.0,"- Running Divya Foundation Trust, Government Contractor, vocal young leader. -He is planning for constesting ZP election and he is preparing for it. His father is a prinicipal of Middle School.",Zila Sachiv,,,,,,,,,,,,,,
Saran,Garkha,,No,Rizwan Khan,Khamir Khan,9934402480.0,Minority,Muslim,,"- Father Was Mukhiya for 40 Years
- highly active among the youth 
- planning to contest zp election in 2026
- Run business ",BSC Member,,,,Male,,,,,,,,,,
Siwan,Pacharukhi,,No,राम इकबाल गुप्ता,स्व. द्वारिका साह,9934406473.0,EBC,Kanu,50.0,"-Vice chairman runner-up from Siwan (2022)
-RJD state secretary vyapari cell (1995) and State Secretary of RJD Intellectual Cell
-Zp runner-up (2005)",DSC Member,,,,Male,,,,,,,,,,
Saran,Isuapur,,No,Shri Bhagwan Baitha,Late. Nadina Baitha,9934407122.0,SC,Dhobi,60.0,"-2 term ex Mukhiya (2001 to 2011)
-Ex ZP candidate 2016 (approx 3300 votes)
-Mukhiya runner up 2011 and De-facto BDC runner-up 2021",DSC Member,,,,Male,,,,,,,,,,
Rohtas,रोहतास,,Rohtas_32,Ram Lakhan Paswan,,9934411699.0,SC,Dusadh,56.0,"Ram Lakhan Paswan | 56 | Male | SC | Dusadh
 - Former ZP (2011-16) - District committee member CPI (ML)(2009-24)
 - Prakhand Sachiv Rohtas CPI (ML) 2014-19
 - Patthar Katti Sangh Zila Sachiv (1999-2004) - Labour Union leader Rihand Project- 19",Block Prabhari,,,,Male,,,,,,,,,,
Siwan,Maharajganj,,No,अजय मांझी,स्व. रामचंद्र मांझी,9934417888.0,SC,Paswan,46.0,"- Former ZP - 3 time ZP ( 2001- 2006) Maharajganj ( 2011-16 Dauranda) ( 2016-21) Maharajganj.
- RJD Zila Upadyaksh 2006-18.",DSC Member,,,,Male,,,,,,,,,,
Saran,Mashrakh,,No,Alam Ara,Raffudin Haider,9934449332.0,Minority (EBC),MInority,,"Ex ZP (2011-2016)
ZP 3rd position in 2016
Mukhiya contestant in 2021",BSC Member,,,,Male,,,,,,,,,,
Saran,Ekma,,Ekma_7,Satendra Singh,Late Ram Jatan Singh,9934610285.0,General,Rajput,,"-ZP runner up in 2016
-Former ZP in 2011-2016",BSC Member,,,,Male,,,,,,,,,,
East Champaran,Adapur,,No,Rajbhavikan Pandit,Late Jaleshwar Pandit,9934620736.0,EBC,Kumhar,56.0,"- Fought ZP election in 2006 and got 4200 votes (lost by 200 votes).
- Prajapati Samaj prakhand adhyaksh.",BSC Member,Call Connected,HE WILL TWLL LATER,,male,,,,,,,,,,
East Champaran,Kotwa,,No,राजेश राम,सहदेव राम,9934623769.0,SC,Chamar,40.0,"2021: ZP Contestant
2016: Mukhiya runner-up",Prakhand Pravakta,,,,Male,,,,,,,,,,
Saran,Parsa,,No,बृजनंदन राय,शिवपूजन राय,9934647219.0,OBC,Yadav,,"Ex Mukhiya
ZP Runner up 2006",BSC Member,,,,Male,,,,,,,,,,
West Champaran,Yogapatti,,Jogapatti_14,Madan Kushwaha,Vishwanath Prasad Mahato,9934742128.0,OBC,Kushwaha,55.0,"INC Pradesh Upadhyaksh (Kisan Morcha)
- Working in INC since 1984
- Ex INC delegate 
- Rajya Parishad Sadasy RLSP
- Jila Adhyaksh (Kisan Cell RLSP)
- ZP runner 2021
- Ex Vidhayak Pratinidhi of Vishwamohan Sharma",Sangathan Zila Upadhyaksh,,,,,,,,,,,,,,
Saran,मांझी,,No,Ashok Singh,,9934754290.0,General,राजपूत,62.0,"-Mukhiya for Four Terms( 2001 to 2021)
 -District Mukhiya Sangh Adkshya from 2016 to 2021
 -Contested for ZP in 2021 and got 5500 votes.",Block Prabhari,,,,Male,,,,,,,,,,
Saran,Ekma,,No,Virendra Kumar alias Priyadarshi,Krishna Kumar Singh,9934777772.0,General,Bhumihar,,-ZP second runner up 2021,BSC Member,,,,Male,,,,,,,,,,
East Champaran,Kesaria,,Kesaria_31,Ruvi Devi,,9934797482.0,General,Rajput,51.0,"Ruvi Devi | Female | 51 | General | Rajput | ZP Contestant

-Former ZP Contestant, 2021 , Got 4500 Votes
-Former RJD Mahila Cell, Pradesh Mahamantri, 2021 To 2025
-Former RJD Rajya Parishad Member, 2023 To 2025
-Former RJD Election Incharge, 2020 Assembly Election
-Director Of Delhi Public School, Kesariya
-Social Worker",ACC,,,,Female,,,,,,,,,,
Saran,Lahladpur,,No,Shahnawaz Khan,Ishtiyak,9934955035.0,Minority,Muslim,,"Current profile - Shahnawaj Khan is a retired government headmaster and currently teaches students privately.
Socio-Political Profile - Shahnawaj Khan is a retired government headmaster. He is a reputed person of the GP and is treated as a guardian by local leaders and residents, he enjoys respect from them and he has his say in elections and in local issues. He was govt teacher from 1977 to 2016. He has completed his MA and B.Ed. Before joining govt service, he used to work in Uttar Pradesh Nirman Nigam. His nephew is DSP in Hazaribagh. ZP and Block Pramukh comes to him.
",BSC Member,,,,Male,,,,,,,,,,
Siwan,Raghunathpur,,No,Anita Devi,,9934992652.0,Khushwaha,"Incumbent Zila Parishad

-Incumbent ZP Member(2021 To Till Date)
-Runnerup Zila Parishad Candidate 2016- 2021
-Former Mukhiya winner candidate 2006-2011",,"Anita Devi | Female | OBC | Khushwaha | Incumbent Zila Parishad

-Incumbent ZP Member(2021 To Till Date)
-Runnerup Zila Parishad Candidate 2016- 2021
-Former Mukhiya winner candidate 2006-2011",ACC,,,,Female,,,,,,,,,,
Gopalganj,Phulwaria,,No,Abdul Mannan,Mo. Khalil,9935136569.0,Minority,Muslim,62.0,"""- Former ZP candidate in 2016.
- Renowned Gopalganj Islamic Scholar and Ulema
- Former Member District Sunni Waqf Board""",Sangathan Zila Upadhyaksh,,,,Male,,,,,,,,,,
Gopalganj,उचकागांव,,No,Ramnaresh Prasad,,9939051095.0,EBC,Kanu,57.0,"- ZP 2001- 2006
 - MLA Contestant from Hathua in 2006 from LJP - Former member LJP District working Committee
 - Assistant Professor SMD College Jalalpur",Block Prabhari,,,,Male,,,,,,,,,,
Siwan,Hasanpura,,No,Yogendra Yadav,Ramashankar Yadav,9939055863.0,OBC,Yadav,,"-Contested ZP in 2021 and got 3200 votes
-Ex-mukhiya runner up in 2016",BSC Member,,,,Male,,,,,,,,,,
Saran,Parsa,,No,सुरेन्द्र राय,स्व. संतलाल राय,9939060926.0,OBC,Yadav,,"-Former Sarpanch 2006-11.
-2 time ZP contestant in 2016 & 2021, secured 4000 & 5400.
-Mukhiya runner-up(2011), lost by 8 votes.
-Former Ward member from W.N.14(2001).-2 time ZP contestant in 2016 & 2021, secured 4000 & 5400.
-Mukhiya runner-up(2011), lost by 8 votes.
-Former Ward member from W.N.14(2001).""",BSC Member,,,,Male,,,,,,,,,,
Siwan,Badhariya,,Barharia_19,संतोष यादव,इंद्रसेन यादव,9939066065.0,OBC,Yadav,38.0,"-PACS Adhyaksh of hardobara GP Since 2009 - ZP Runner up 2021,Got 3300 votes - BJP Sahakarita Dist. Adhyaksh (2011-2014)""",DSC Member,,,,Male,,,,,,,,,,
Gopalganj,बैकुंठपुर,,No,Brijkishore Mahato,,9939094287.0,EBC,Noniya,58.0,"- Ex ZP (2001-06)
 - Defeated the ZP Chairman of the time (Brij Narayan Singh)
 - Well known BAMS Doctor",Block Prabhari,,,,Male,,,,,,,,,,
Saran,Chhapra Sadar,,No,Nageshwar Ram,Late Shivpujan Ram,9939115977.0,SC,Chamar,,"- ZP Contestant 2021
- Defacto Ex BDC 2006
- Mukhiya Contestant 2001 & 2016
- BDC runner-up 2011",BSC Member,,,,Male,,,,,,,,,,
Saran,ekma,,No,Purshottam Upadhyay urf Bablu Upadhyay,Late. Mohan Upadhyay,9939241981.0,General,Brahmin,34.0,"- Former ZP (2016-2021)
- Former MLA contestant in 2020 got 2000+ vote
- Masrakh NP Deputy Chairman runner up",DSC Member,,,,Male,,,,,,,,,,
East Champaran,Sugauli,,No,Sunil Kumar Paswan,Late Hari Lal Paswan,9939242425.0,SC,Dusadh,38.0,"- Former ZP (2011-16) 
- Former Defacto 2-time Sarpanch (2006-11) (2011-16)    ",BSC Member,,,,,,,,,,,,,,
Gopalganj,Gopalganj,,No,Taskin Jahan,Sabre Alam,9939350269.0,Minority,Muslim,38.0,- ZP contestant (3050 Votes).,BSC Member,,,,Male,,,,,,,,,,
East Champaran,Sugauli,,No,Ajay Kumar Bharti,Bhairav Prasad,9939387506.0,EBC,Teli,30.0,"- Former 3-time Sarpanch (Father) (2006-21)
- ZP Contestant, got 3500+ Votes (2021)",BSC Member,,,,,,,,,,,,,,
Rohtas,Tilouthu,,Tilouthu_31,Doma Sah,Late Dashrath Sah,9939490822.0,EBC,Teli,65.0,"Doma Sah | Male | 65 | EBC | Teli

- Incumbent Defacto ZP (2021)
- First ZP Runner Up (2016)
- Grandfather was Mukhiya (1978 to 2001)",Zila Upadhyaksh,,,,Male,,,,,,,,,,
Siwan,Hasanpura,,Daraundha_28,Mohd. Haq,Late Iltaf Hussain,9939578770.0,Minority,Muslim,,ZP runner up in 2021 got 3000+ votes -Incumbent Block President of Kisan Union,Prakhand Karyalay Prabhari,,,,Male,,,,,,,,,,
Saran,Marhaura,,Marhaurah_21,Ashwini Kumar,wakeel Parsad Yadav,9939643600.0,OBC,Yadav,,"-Zp Runner up
-His 3rd generation in active politics,  
 -The lastt 3 continuously contested for the ZP election and lost by a very close margin.  
-His brother is the current Mukhiya of Panchayat, 
-Father is Vyapari Sangh Adhyakshya of the Mardoura in 2005
-Contested for the MP election and got 6th position 


",BSC Member,,,,Male,,,,,,,,,,
Saran,Chhapra Sadar,,No,Devkinandan Mahato,Late Ramjanam Mahato,9939691419.0,EBC,Dhanuk,,"- Zp contestant 2006
- Mukhiya runner-up 2021",BSC Member,,,,Male,,,,,,,,,,
West Champaran,Baria,,Bairia_34,Sanjay Kumar Sah,स्व. राजाराम साह,9939700006.0,OBC,Kalwar,44.0,"a) Current Profile- Sanjay Sah's wife is a ZP member from Bairia and he is a former Mukhiya of Bhitaha Panchayat. b) Socio-Political Brief - He started his political career as a student leader of AISF but he didn't join any political party after student life. He remained active in socio-political life and worked mostly for the Teli community. Liasioned with other SC community leaders of the block to garner support. He won the ZP election by a good margin of votes.
c) Financial Activities- Agriculture, Owns large chunks of farmlands which is the primary source of Income.
d) Area | Community influence - Beria Block, Teli community across the beria block. Also, has an influence Left-leaning youths of the block.
e) Criminal Case - NA
f) Public Perception- Has a good image due to his social work- organized many health camps (Distribution of sanitary napkins, sanitizers etc) in the Block
g) Recent Activities - NA
h) Remarks- Ready to be a part of the Jan Suraaj Abhiyan Samiti.",DSC Member,,,,Male,,,,,,,,,,
Gopalganj,Kateya,,No,Rajan Kumar Dubey,Suresh Kumar Dubey,9939750079.0,General,Brahmin,36.0,His Elder brother contested ZP IN 2021 and was the runner up,BSC Member,Call Connected,,Not Interested,Male,,,,,,,,,,
West Champaran,Madhubani,,No,Shyambihari Pandey,Late Sundar Pandey,9939803321.0,Gen,Brahman,68.0," Retd. Cash Officer from Bagaha SBI Bank
 EX ZP Runnerup 2016, vote score 3527
 Mukhiya  Runnerup 2011 , lost by 235 votes
 Sarpanch Contestant 2006 secured 3rd position
  Ex Block President Youth Congress, Madhubani",BSC Member,,,,Male,,,,,,,,,,
Gopalganj,Baikunthpur,,No,Ajay Prasad,,9939836094.0,OBC,Kushwaha,52.0,"Ajay Prasad | Male | 52 | OBC | Kushwaha | Former Mukhiya

-Former 3 Terms Mukhiya (2001 To 2016)
-Former Mukhiya Sangh Adhyaksh(2006 To 2016)
-Former ZP Contestant, 2021, Got 4700 Votes
-Former JDU Member(2020 To 2024)
-Former Janta Dal Yuva Zila Adhyaksh(1995 To 1998)

",ACC,,,,Male,,,,,,,,,,
East Champaran,Sangrampur,,Sangrampur_15,Mohammed Raza Khan,Mohammed Yakub KHAN,9939838181.0,GENERAL,PATHAN,36.0,"-2021 ZP Contested,secured 2000 votes.
-",BSC Member,Call Connected,HE WILL CONTEST,,MALE,,,,,,,,,,
East Champaran,Turkauliya,,No,Hari Sahani,Late Sitaram Sahani,9939838584.0,EBC,Mallah,57.0,"-Mukhiya 2016: Won by 1500 votes. 
-In 2021 Mukhiya elections, he lost by 54 votes. 
-He contested ZP election in 2011 but Lost by 4 votes.
-He runs Maya Devi Jaanch Ghar and his son is a PDS dealer in Jaisingpur Uttari. ",,,,,,,,,,,,,,,
West Champaran,Bagaha 2,,No,ChandraBhushan Gond,Late Dharikshan Gond,9939841837.0,ST,Gond,60.0,"- His wife Meena Devi was ZP Contestant from area number 2. 
- She was at the third position in 2021 elections.",BSC Member,,,,Male,,,,,,,,,,
West Champaran,Ramnagar,,No,Suleman Mia,Late. Bhola Mia,9939843872.0,Minority,Muslim,55.0,"- ZP Runner up (2021)
- Mukhiya Runner-up from Gudguddi Panchayat (2011 & 2016)
- He is a farmer and Hakim
- Higly influential person in his community",BSC Member,,,,Male,,,,,,,,,,
Saran,Taraiya,,No,Dr. Abdullah Khan,Late Abdul Habib Khan,9939877028.0,General,Muslim,,- Former Mukhiya Pachrour Panchayat (1978-2001) - Former BDC (2001-2006) - Former ZP (2006-2011) - Popular Jarrah Doctor in the area,BSC Member,,,,Male,,,,,,,,,,
West Champaran,Bagaha 2,,No,Sonu Kumar Gupta,Late Bharat Sah,9939914466.0,EBC,Teli,33.0,"2016 - Won BDC and secured 650 votes.
2021 - Contested and lost ZP elections. Secured 2000 votes.
He is a property dealer by profession.",BSC Member,,,,Male,,,,,,,,,,
Gopalganj,Barauli,,No,Dilip Kumar Gupta,Late Sita Ram Gupta,9955020879.0,EBC,Baniya,46.0,"2016 Runner ZP got 5680 vote 
-Incumbent Mukhiya",Prakhand Mahasachiv,,,,Male,,,,,,,,,,
Saran,Maker,,No,Mithlesh Ram,Badri Ram,9955023418.0,SC,Chamar,,- Zp runnerup inb 2016 & 2021,BSC Member,,,,Male,,,,,,,,,,
West Champaran,Bairia,,No,Ramashraya Prasad,Babulal Prasad,9955167819.0,OBC,Kushwaha,50.0,"- Ex ZP (2006-11)
- He has been contesting ZP elections continuously since 2006.
- In the 2006 PRI, he got 6700 votes and won from area no. 34.
- From 2011 onwards, he has been contesting from area no. 33 against Amar Yadav.
- He got approximately 6500 votes in 2011, 7500 votes in 2016, and 10000 votes in 2021.",Prakhand Adhyaksh,,,,Male,,,,,,,,,,
Gopalganj,Uchkagaon,,No,सुरेंद्र राम,स्वर्गीय चंद्र देव राम,9955183069.0,SC,Chamar,56.0,"- He is the incumbent Mukhiya of Trilokpur Panchayat. 
-He was a ward member in 2001- 2006
- He was Runner-up in the 2016 Mukhiya election
- He contested MP elections in 2014 (16000 votes) and 2019 (13000 votes). 
- His son Arun Kumar contested for the ZP election in 2021 and got 4th position with 2700 votes.",Prakhand karyalay Prabhari,,,,Male,,,,,,,,,,
East Champaran,Turkauliya,,No,Nitu Chaudhary,Jitender Chaudhary,9955285585.0,EBC,Mallah,38.0,"- First time ZP Contestant (2021)
- Her husband is Govt. teacher ",,,,,,,,,,,,,,,
Saran,Dariyapur,,No,शेखर सिंह,स्व. रामेश्वर सिंह,9955339943.0,General,Rajput,,"-2 time Incumbent Mukhiya Of Sajjanpur
Matihan Panchayat
-Spokesperson of Mukhiya
Sangh, Dariyapur
-His Father was Mukhiya of Panchayat for 30 years,
- Brother was a ZP member for 2 time ",BSC Member,,,,Male,,,,,,,,,,
East Champaran,Mehsi,,No,Mukesh Kumar Yadav,Late Ravindra Rai,9955341125.0,OBC,Yadav,44.0,"-Former Mukhiya(2016) and Sarpanch(2006)
-Mukhiya runner-up (2021), secured 2530 votes but lost by 170 votes.
-ZP contestant(2011), secured 3600 votes.
-M.A in Political Science",BSC Member,,,,Male,,,,,,,,,,
Saran,Sonpur,,No,राजेश प्रसाद,शंभू प्रसाद,9955414113.0,EBC,Bania,,-Son of Ex ZP (2011),BSC Member,,,,पुरुष,,,,,,,,,,
Siwan,Mairwa,,No,धनंजय शर्मा,स्वामी नाथ शर्मा,9955489533.0,EBC,Lohar,31.0,-He contested ZP election for the first time and secured 8760 votes and secures 2nd position. -He is also a famous singer having million of views.,DSC Member,,,,Male,,,,,,,,,,
Saran,Lahladpur,,No,Manoj Kumar Saha,Ashan Sah,9955497534.0,ST,Gond,,"Current Profile- He is a famous Hotels owner and De facto BDC
 
 Socio-political Profile- He is 40 years old. He has done his 10+2 from Hafizpur. Since 1999 he has run the hotel with the name Lovely Hotel, which is a very famous hotel in the Janta Bazar area, and the nearest panchayats.
 About his Political Domain, his wife won the 2016 BDC election and in 2021 his wife lost the BDC election by 30 votes.
  
 Criminal Cases- No
 
 Financial Activities- His income source depends on the hotel.
 
 Area of Influence- His hotel is very famous in the Gram panchayat. 
 
 Public Perception- He is having a good influence in the Gram panchayat.
 
 Reason for Recommendation- He is active in social work and in politics. He is very much interested in the Jan Suraaj Muhim and wants to meet Prashant Kishor",BSC Member,,,,Male,,,,,,,,,,
East Champaran,Ghodasana,,No,Deepu Kushwaha,Bacha Kushwaha,9955553211.0,OBC,Kushwaha,34.0,"-ZP Runner-up received more than 3500 votes
-Popular Youth face in ghodasahan Block",Zila Sachiv,,,,Male,,,,,,,,,,
Buxar,Chougain,,No,Narendra Kumar Singh,Late Kanhaiya Singh,9955553576.0,General,Rajput,68.0,"Narendra Singh|68|Male|Gen|Rajput

- Four Consecutive Term PACs Since 2009
- Sudha Cooperative Society Sachiv
- His Elder Brother Badri Singh Was Former ZP& RJD MLA Contestant 1995",BSC Member,,,,,,,,,,,,,,
East Champaran,Dhaka,,No,Jahangir Alam,Late Jain-Ul-Haq Ansari,9955557110.0,Minority,Muslim,55.0,- Former ZP from Area number 48 and had been one of the campaigners of MP Candidate Late Anwarul Haque. - Has Good Name among Pasmanda Muslims.,DSC Member,,,,Male,,,,,,,,,,
Saran,Barharia,,Barharia_17,Zulfekar Ahmad Urf Mitthu Babu,,9955599482.0,Minority,Ansari,47.0,"Zulfiqar Ahmad | Male | 47 | Minority | Ansari | Former ZP Member

-Former ZP Member, 2006 To 2011 , 2016 To 2021
-Former ZP Contestant, 2021, Got 4600 Votes
-Former Defacto ZP Contestant, 2021 , 3566 Votes
-Former Defacto ZP Contestant, 2016, 
-Former JDU Zila Upadhyaksh, 2007 To 2009
-Forme JDU Minority Cell District President, 2019 To 2021
-",ACC,,,,Male,,,,,,,,,,
Gopalganj,Bhorey,,No,Md Chhote,Md Iliyas,9955664445.0,Minority,,30.0,-He is Defacto ZP runner up 2016 with 2861 votes in his favour,BSC Member,,,,Male,,,,,,,,,,
East Champaran,Bankatwa,,No,Shankar Sah,Chaturi sah,9955771067.0,EBC,Teli,60.0,"Sarpanch Contestant of 2021,secured 126 votes
Ex ZP of 2001",BSC Member,,,,Male,,,,,,,,,,
Siwan,Andar,,No,"काशी चौधरी ""काशी मुखिया""",स्व. कोभारी चौधरी,9955888931.0,OBC,Yadav,65.0,"- 2 times Mukhiya of Sasarao panchayat(2006-2016), Sarpanch of Sasarao panchayat(1978-2001)
- Congress Zila Bisutri Sadasya(1980-1985) ,Congress Prakhand Karyakarini sadasya(1985-1990)
- 1st runner-up in ZP elections lost by 400 votes only.",DSC Member,,,,Male,,,,,,,,,,
East Champaran,Chakkia,,Chakia (Pipra)_36,Umesh Sah,Shri Ram Sah,9955969375.0,EBC,Kanu,45.0,"-Former block Up pramukh of Chakia 2016-21
Former two Times BDC 2011-21
-ZP Contestent 2021",DSC Member,,,,Male,,,,,,,,,,
Siwan,Pacharukhi,,No,Amaranath Singh,Late. Chabila Singh,9955977590.0,OBC,Kushwaha,,"- ZP tumne rup from area no. 21 in 2021
- Former Mukhiya of Mahuari GP.
- Respected Kushwaha name in Pachrukhi",BSC Member,,,,Male,,,,,,,,,,
Saran,Parsa,,No,पप्पू सिंह,पिंटू सिंह,9955990747.0,General,Rajput,,"He is the defacto mukhiya through his mother.. His mother had contested ZP election  in 2006 (Runner up). He also was defacto mukhiya from 2006-2016 through a SC candidate as the seat was declared reserved for SC at that duration. 
He was PACS head from 2009 to 2019.
He is close to Rajiv Pratap Rudy.",BSC Member,,,,Male,,,,,,,,,,
East Champaran,Adapur,,No,Dashrath Prasad,Late Kishan Prasad,9955999859.0,EBC,Noniyar,55.0,"3 Time Mukhiya Runner Up 
Zp Contestent 2021
Congress Leader
Security Manager Of Brij Bihari (Ex Minister)",BSC Member,,,,male,,,,,,,,,,
East Champaran,Sugauli,,No,Kishori saini,Nageena Saini,9956076621.0,EBC,Mallah,45.0,"- Runner up zp (2016)
- kurkure,s company
- Made incense sticks",BSC Member,,,,,,,,,,,,,,
West Champaran,Piprasi,,No,Vijay Yadav,Shivmangal Yadav,9956582320.0,OBC,Yadav,45.0,"He is a contractor by profession.
2016  Lost ZP elections and got 2200 votes
2021  Lost Sarpanch elections and got 350 votes.
He was the Vidhan Sabha Prabhari of Baban Yadav from earlier Dhanaha Vidhan Sabha seat.",BSC Member,,,,Male,,,,,,,,,,
Saran,Ekma,,No,"Shiv Shankar Singh ""Bhola Singh""",Late. Ramnath Singh,9973083780.0,General,Rajpoot,,He is Defacto Zila Parishad. His wife won the post of ZP in 2021. She got more 11000 of votes among 9 candidates. He is also popular between Yadav's,BSC Member,,,,Male,,,,,,,,,,
East Champaran,Kesariya,,No,Manish Pathak,Gajendra Kishore Pathak,9973122255.0,General,Bhramin,45.0,Former Mukhiya and Former ZP Runner-up,Sangathan Zila Upadhyaksh,,,,,,,,,,,,,,
East Champaran,Phenhara,,No,Mohammad Ruhul Haq,Irfan Ansari,9973182884.0,Minority,Muslim,50.0,"-ZP Contestant 2021 got 1800 votes
-ZP Contestant 2016 got 3200 votes
-Mukhiya Contestant 2011 got 200 votes",BSC Member,,,,Male,,,,,,,,,,
East Champaran,Bankatwa,,Bankatwa_44,Shankar Prasad Gupta,Late Daroga Sah,9973248948.0,EBC,Kanu,50.0,"-He was elected Zila Parishad twice (2001-06) and (2011-16) 
-Contested in 2016 but lost by few votes
-In 2016, he stood as the ZP runner-up
-Did not contest in 2021 due to financial constraints
",BSC Member,,,,Male,,,,,,,,,,
West Champaran,Gaunaha,,Gaunaha_21,Dr. Kanhaiya Thakur,स्व. चोकत ठाकुर,9973272714.0,EBC,नाई,43.0,"- Social worker and BUMS doctor
- Mukhiya Contested (2001)
- ZP Contestant (2011)",DSC Member,,,,Male,,,,,,,,,,
Siwan,Basantpur,,No,Achhe Lal Kushwaha,Ashok Kushwaha,9973331136.0,OBC,Kushwaha,52.0,"Achhelal Kushwaha | 52 | Male | OBC | Kushwaha

- ZP runner-up (2001)
- Former sarpanch (2006-11)
- Former Congress Prakhand Adhyaksh(2012-2020)",Sangathan Zila Karyalay Prabhari,,,,Male,,,,,,,,,,
Siwan,पचरुखी,,No,Ali Hussain,,9973331646.0,Minority,Muslim,48.0,"- Former Block Pramukh of Pachrukhi
 (2016-17)
 - Brother zakir hussain contested for ZP
 election in 2021 and got 5262 votes
 -Prominent Muslim leader in Barhariya
 assembly",Block Prabhari,,,,Male,,,,,,,,,,
Siwan,Bhagwanpur Haat,,No,जय प्रकाश शाह,स्वामीनाथ शाह,9973480973.0,EBC,Teli,33.0,"- 2011- BDC (Winner Secured 1280 votes)
- 2014- PACS Adhyaksh
- 2016 - ZP Runner-Up ( Secured 3500 votes)
- 2021- Zp Runner- Up ( Secured 3300 votes)",DSC Member,,,,Male,,,,,,,,,,
Saran,Baniyapur,,Baniapur_2,Tuntun Patel,Suresh Singh,9973558644.0,OBC,Kurmi,40.0,"- Incumbent ZP (2016- current)
- Brother is BDC (2016-present) - Active Face among Kurmi Caste.",DSC Member,,,,Male,,,,,,,,,,
Siwan,Darauli,,Darauli_7,राघवेंद्र खरवार,राम आशीष खरवार,9973591700.0,ST,Gond,38.0,"- Prominent leader from the ST community.
-ZP candidate (2016) got more than 4300 votes",DSC Member,,,,Male,,,,,,,,,,
Siwan,Bhagwanpurhat,,No,माया सिन्हा,स्व. शशि भूषण सिंह,9973611153.0,General,Bhumihar,56.0,"- Ex ZP Member (2001-06)- BJP Mahila Morcha Adhyaksh(2006-09)- Professor, Basantpur College",Prakhand Mahila Adhyaksh,,,,,,,,,,,,,,
Saran,Panapur,,No,Dinesh Rai,रंगलाल राम,9973695198.0,OBC,Yadav,,-ZP candidate & former RJD Panchayat Adhyaskh,BSC Member,,,,Male,,,,,,,,,,
Buxar,Rajpur,,No,Sunil Yadav,Late. Sudama Singh,9973773621.0,OBC,Yadav,52.0,"Sunil Yadav|Male|52|OBC|Yadav

-Former ZP  2016- 2011
-Mukhiya Runner Up in 2021",Zila Upadhyaksh,,,,Male,,,,,,,,,,
Gopalganj,,Hathua,No,Chandra Mohan Rai,,9973957609.0,General,Bhumihar,,"Chandra Mohan Rai | Male | 62 | General | Bhumihar | MLA Candidate

-Former Assembly Election Contestant, 2010, Independent, Hathua Constituency, Got 3609 Votes
-Former ZP Member, 2006 To 2011
-Former BJP Pradesh Karyasamiti Sadasya, 2010 To 2024
-Former BJP Zila Upadhyaksh, 2000 To 2010
-Former BJP Yuva Morcha Zila Upadhyaksh, 1994 To 2000
-Former BJP Zila Karya Samiti Sadasya, 1992 To 1994
-Father was Mukhiya from 1952 To 1978
-Younger Brother is an Incumbent Mukhiya, 2021 To Till Date
-Jan Suraaj State Core Committee Member",ACC,,,,Male,,,,,,,,,,
Bhojpur,,Tarari,No,Rajiv Singh,Anjani Kumar Sharan Singh,917488561998.0,Gen,Rajput,48.0,"Rajiv Singh | Male| 48| GEN| Rajput

- ZP Runner up (3200 vote)
- JDU Prakhand Adhyksha (2018-24).",Sangathan Zila Upadhyaksh,,,,Male,,,,,,,,,,
Bhojpur,,Udwantnagar,No,Rekha Kumari Paswan,Ritesh Paswan,917903149306.0,SC," Paswan
",34.0,"Rekha Kumari Paswan | Female| 34| SC| Paswan

- ZP Runner-Up (2021) got 5600 votes
- Co-owner of Jagriti Hospital, Ara 
-She organises free medical camps quarterly in Bhojpur district
",Zila Sachiv,,,,Male,,,,,,,,,,
Bhojpur,,Arrah,No,Harendar Kumar Dubey,Ram Naresh Dubey,919576367403.0,Gen,Brahamin,45.0,"Harendar Kumar Dubey  | Male| 45| GEN| Brahmin

- 3 term Incumbent Defecto BDC (2011-2021)
- ZP Contestant (2016)",Sangathan Zila Upadhyaksh,,,,Male,,,,,,,,,,
Bhojpur,,Barhara,No,Anita Prasad,Jitendra Prasad,919798263306.0,EBC," Bind
",35.0,"Anita Prasad  | Female| 35| EBC| Bind

- ZP Runner-up (7870 votes)
- Mukhiya Runner-up (2016)
- Socially active and vocal women.",Zila Sachiv,,,,Male,,,,,,,,,,
Saran,,Amnour,No,Amit Kumar Singh,,6204021045/9955993400,General,Rajput,47.0,"Amit Kumar Singh | Male | 47 | General | Rajput | Incumbent Defacto ZP 

-Incumbent Defacto 2 Terms ZP, 2016 To Till Date
-Businessman(Contractor, Petrol Pump, Brick Klin)
-Social Worker",ACC,,,,Male,,,,,,,,,,
East Champaran,,Piprakothi,No,Raju Sahni,Baidyanath Sahni,6204581776‬/9955931309,EBC,Mallah,32.0,"- Former ZP Member (2016-21) - ZP Contestant 2021 elections, got 3137 votes
Prominent Mallah Leader",DSC Member,,,,Male,,,,,,,,,,
Saran,,Taraiya,No,अलाउद्दीन कादरी,स्व. मोहम्मद हाफ़िज़,6205825148/9931968202,Minority,Muslim,40.0,"-3 Time ZP Contestant from 2010, 2016 and 2021
- Good influence in the Muslim community.",Sangathan Zila Upadhyaksh,,,,Male,,,,,,,,,,
Siwan,,Siswan,No,Dinesh Yadav  urf Lali Yadav,Kedar Yaadav,"6206264977, 9661034490",OBC,Yadav,,"-ZP RU 2011-16-21
 -Ex - ZP 2006-11 ",BSC Member,,,,Male,,,,,,,,,,
Saran,,Dighwara,No,जूली कुमारी,नन्दकिशोर प्रसाद गुप्ता,"6299079304
7258805948",EBC,Kanu,,"-She is a social worker and activist. 
-Her mother Sona Devi was former ZP (2006-11). 
-She has completed M.A. in History (Hons.) and B.ed. 
-She is expected to enroll in Phd program this year. ",BSC Member,,,,Male,,,,,,,,,,
East Champaran,,Raxaul,No,Babulal Gupta,Late Daroga Sah,"7004403722
6202551307",EBC,Kanu,64.0,"Vidhansabha Prabhari BSP-1990-2010
JP Senani
INC Prakhand Adhyaksh-1980-85
CPI Prakhand Sachiv -1985-90
2 Times Zp Runner Up-2011,16
BDC Runner Up-2001
",BSC Member,,,,,,,,,,,,,,
East Champaran,,Phenhara,No,Arvind Pandey (Dodo Pandey),Harivansh Pandey,"7250277427
6204986690",General,Brahmin,31.0,"- Former BJP Yuva Morcha Mahamantri
- ZP Runner Up in 2021 elections, secured 2873 votes
- Active social worker, associated with two NGOs",DSC Member,,,,Male,,,,,,,,,,
East Champaran,,Kotwa,No,Mohan Paswan,Lt. Kishun Paswan,7260883492/7260056930,SC,Dusadh,61.0,2021: ZP Contestant,BSC Member,,,,Male,,,,,,,,,,
East Champaran,,Motihari NN,No,Santosh Kumar,Shri Mahendra Paswan,7280089570/ 8210 512359,SC,Paswan,42.0,Mukhiya 2007 to 2016 Amar chhatauni panchayat and two time ZP candidate Motihari Sadar block but loss and present ward Parshad,BSC Member,,,,Male,,,,,,,,,,
East Champaran,,Motihari NN,No,Santosh Kumar,Shri Mahendra Paswan,7280089570/8210512359,SC,Dusadh,42.0,Mukhiya 2007 to 2016 Amar chhatauni panchayat and two time ZP candidate Motihari Sadar block but loss and present ward Parshad,DSC Member,,,,Male,,,,,,,,,,
Saran,,Chhapra Nagar Nigam,No,Uday Pratap Singh Munna,Late Lalan Pratap Singh,"7677022221, 9431088774",General,Rajput,,"-Deputy mayor contestent, got almost 8k votes in 2022.
-Ex ward councillor of ward no 13 & 16.
-elder brother of Chunnu Singh- Two Term ZP & AC Contestent from Manjhi.
-Owner of Pratap Gun House & Pratap Collections.",BSC Member,,,,Male,,,,,,,,,,
Saran,,Panapur,No,Akhilesh Kumar Mahto,जनक महतो,"7759919399
7488036359",EBC,Nonia,,"-ZP candidate and secured 4th position with 3022 votes.
-Currently, he is a Prakhand Prabhari of AAP.
-He is very active at the block level.",BSC Member,,,,Male,,,,,,,,,,
Saran,,Taraiya,No,Manoj Kumar Gupta,Late. Harnarayan Saah,7857918200/7091902015,EBC,Kanu,39.0,"- Runner Up ZP in 2021, secured 4700 votes.
- Good influence in Baniya Community",DSC Member,,,,Male,,,,,,,,,,
Saran,,Chapra,No,Kamlesh Saah,Rajinder Prasad,7903735340/8757041985,EBC,Teli,50.0,"-PACS for consecutive two terms (2014 -current)
-Defeated the Amar Rai ( ZP Chairman ) candidate in 2014.",DSC Member,,,,Male,,,,,,,,,,
Saran,,ekma,No,Prakash Singh,Shyam Raj Singh,"7905622412
9060889614",General,Rajput,42.0,"- He is retired from Indian Navy (1999-2015) and served as an Officer.
- Defacto Former ZP, 2016-2021 (9678 votes)
- ZP second runner-up in 2021 (3718 votes)
- His father was a mukhiya from Balia panchayat in 2006-2011.",DSC Member,,,,Male,,,,,,,,,,
Saran,,Garkha,No,Shiv Shankar Paswan,Late Ramnath Paswan,7979721754/,SC,Dusadh,,"""-ZP runner-up 2016, secured 5763 votes.
-ZP Contestant 2021, secured 3000 votes.""",BSC Member,,,,Male,,,,,,,,,,
Saran,,Dighwara,No,सोना देवी,नन्द किशोर गुप्ता,"7992329867
9431871731",EBC,Kanu,,"-She served as ZP between 2006-11.
-She was Chairman of Kickboxing Federation of India (Bihar) between 2016-2020.
-She contested in 2011 ZP election and stood as 2nd runner up.
-She contested Mukhiya election in 2016 from Rampur Ami Panchayat secured 3rd position.",BSC Member,,,,Male,,,,,,,,,,
Saran,,Manjhi,No,Amit Prakash,Kishore Ram,"8271057963, 7061536785",SC,Chamar,,"-ZP 2nd Runner up in 2011 and got around 1400 votes
 -Lost the 2016 BDC election by 17 votes of dautpur panchayat.
 -Lost the 2021 BDC election by 110 votes.",BSC Member,,,,Male,,,,,,,,,,
Siwan,,Siwan Nagar,No,Dr. Bikram Kumar Singh,Prabhu Nath Singh,8294218007 / 6202503365,General,Rajput,,"- Currently, he is a government teacher.
-He is serving as Anumandal Adhyaksh in Siksha Sangh.
- He completed his Ph.D. in Bhojpuri from BRABU Muzaffarpur.
- He also published a Bhojpuri Book in 2020, which is now being used in BA/MA courses.
- His Uncle Nagendra Singh was elected ZP in 2001.",BSC Member,,,,Male,,,,,,,,,,
East Champaran,,Banjariya,No,Manju Devi,Sri Vishwanath Sahani,8507057919/ 8677820676,EBC,Mallah,45.0,"- Ex ZP Member(2016-2021) from Banjaria Area number 22. Secured 5200 votes.
- ZP Runner-up in 2011 elections. Secured around 4000 votes.
- Contested ZP elections in 2021 and secured around 2000 votes.
- BJP Zila Karyakarini Samiti member(2016-current)",BSC Member,,,,Female,,,,,,,,,,
East Champaran,,Banjariya,No,Sheikh Faisal,Sheikh Umaish,85389 16791,Minority,Muslim,32.0,"Mecanics of moter
Managing Campaign Of ZP Tauseef Ur Rahman",BSC Member,,,,Male,,,,,,,,,,
Saran,,Lahladpur,No,Mohan Prasad,Sandesh Prasad,"8539958841, 8809121655",OBC,Kushwaha,,He is Ex Working President of RJD party and ZP contestent.,BSC Member,,,,Male,,,,,,,,,,
East Champaran,,Chakia NP,No,Abhinmanu kumar Singh,Shri Anutha Singh,8709667526 /,General,Rajput,47.0,"- Ward Parishad Contested
 - ZP Contested 2016",BSC Member,,,,Male,,,,,,,,,,
Siwan,,Nautan,No,Dinanath Yadav,Dipan Yadav,"9006999955, 8789908792",OBC,Yadav,,"-Former RJD Block President (2013-2019)
-ZP Runner Up Got 4000 Votes in 2011",BSC Member,,,,Male,,,,,,,,,,
Saran,,Lahladpur,Lahladpur_1,Butai Chaudhary,Late. Basudev Chaudhari,9065333647/7545967454,SC,Pasi,56.0,"-Ex ZP Member 2006-11
-Former Block Adhyaksh in RJD & strong hold in SC Community.",DSC Member,,,,Male,,,,,,,,,,
Saran,,Taraiya,No,Aman Ansari,Saukat Ali,‪91020 68846‬,Minority,Muslim,,"- Sarpanch (2011-2016) , ZP runer up Contestant 2016 and 2021
 ",BSC Member,,,,Male,,,,,,,,,,
Buxar,,Rajpur,Rajpur_4,Dharmendra Kumar Pandey,Laxmi Kant Pandey,"9113722594
9801804139",General,Brahmin,52.0,"Dharmendra Kumar Pandey| 52| Male| General| Brahmin

- ZP Contestent -2021 (2432 Votes)
- Z.P Contestant (2016)
- Zila Parishad Won (2011)
- Wife was mukhiya Representative when elected mukhiya was in jail (2001-2006)
",BSC Member,,,,,,,,,,,,,,
East Champaran,,Turkaulia,No,Sudha Verma,Sanjeev Verma,9122406321/8409481249,General,Kayasth,44.0,"ZP Contestant in 2021 from Piprakothi Retired Professor
Former VP of District Rotary Club
Comes from one of the prominent Kayasth Family in Motihari",DSC Member,,,,Female,,,,,,,,,,
East Champaran,,Piprakothi,No,Dr. Dinesh Kumar Nishad,Shri Ramniwas Chaudhary,9128295004 / 9334068070,EBC,Mallah,42.0,"-Ex State Secretary RLSP 
-RJD District Labour Union President (2018-20)
 -Ex-JDU Youth president Pipra Kothi block (2007-09)
-Two Times ZP candidate (2011, 2021) got more than 1500 votes.
-BAMS Doctor runs private Hospital in Kesaria & Motihari as well.",BSC Member,,,,,,,,,,,,,,
East Champaran,,Piprakothi,No,Vijay Kumar,Shiv Bachan Ram,9162872052 / 9470299810,SC,Chammar,30.0,"Electric Tuk Tuk Garage owner in Jivdhara
Will be contesting ZP election if reserved",BSC Member,,,,,,,,,,,,,,
Saran,,Lahladpur,No,Krishna Manjhi,Late Jagrup Manjhi,"9199465181, 
WA- 7301122590",SC,Dusadh,,"-Former Zila Parishad Member in 2011-16.
-later ZP seat was reserved for EBC that's why he not contest next election.
-Prominent SC Leader in the Block.",BSC Member,,,,Male,,,,,,,,,,
East Champaran,,Areraj,No,"Sunil Kumar ""Babar"" Singh",Late Ramasareya Singh,"9199992593 , 9771925819",General,Rajput,49.0,"- ZP Runner Up in 2021 elections, Areraj (10) & secured 5086 votes
- Ex Mukhiya of Sareya Panchayat (2016-21)
- His father continuously served as the GP's Mukhiya for 27 years. 
- His grandfather had also been Mukhiya of the GP. 
- Financially very strong, owns a total of six chimnies. ",BSC Member,,,,Male,,,,,,,,,,
Saran,,Garkha,No,Dhruv Ram,स्व. चंद्रदीप राम,9304326956/8083834931,SC,,55.0,"""-ZP runner-up(2021), secured 4700 votes.
-ZP 2nd runner-up(2016), secured 2950 votes.
-Member of District Working Committee CPI(2005-10)
-Secretary(General) Garkha, CPI(2000-05)
-Mukhiya runner-up Itwa(2001)
-BDC contestant (2011)""",Zila Upadhyaksh,,,,Male,,,,,,,,,,
Saran,,Marhaura,No,Khurshid Alam urf Dablu,MD. Salauddin,"9430004254, 7050350486",EBC,Ansari,,"-3 times ZP runner-up, 
-2019 Lok Sabha Aspirant,, 
-2010 Vidhan Sabha candidate. 
-Founder Saran Vikas Manch and  P.A. & Advisor to EX MLA",BSC Member,,,,Male,,,,,,,,,,
Saran,,Marhaura,No,"Khurshid Alam ""Dabloo""",Salauddin Ansari,9430004254/7050350486/9504479253,Minority,Muslim,42.0,"- 3 times ZP Contestant (two time runner-up, in 2021 election lost by 41 votes from Marhoura Part 3 in 2021)
- Vidhan Sabha Contestant in 2010 with 1300 votes, - Co. founder Saran Vikas Manch organization, - P.A. and advisor to Ex MLA Lal Babu Rai",DSC Member,,,,Male,,,,,,,,,,
East Champaran,Turkauliya,,No,Dinesh Kumar Shah,Kanhaiya Shah,"9507413103
9572775707",EBC,Teli,35.0,"He was contested for the the ZP and secured 1750 votes, area no 19 in Harsidhi.",,,,,,,,,,,,,,,
Saran,Manjhi,,No,Neeraj Mishra,धनञ्जय मिश्रा,"9525485182
8848443171",General,Brahmin,39.0,- JDU District upadhyaksha - ZP Contestant 2021 with over 2000 votes,DSC Member,,,,Male,,,,,,,,,,
East Champaran,Madhuban,,No,Nandkishore Baitha,Late Paachu Baitha,9546011018/9304665229,SC,Dhobi,52.0,"""- Former Mukhiya from Talimpur Panchayat (2006-2011) (2016-2021)
- ZP Contestant in 2021 from Area number Secured 5econd number.""",DSC Member,,,,Male,,,,,,,,,,
Saran,Marhaura,Narharpur,No,Jairam Rai,Late Hardev Rai,9572608554 / 6206844945,OBC,Yadav,,"- 2 times Vidhan Sabha Contestant in 2010 & 2015 with 4500 plus votes on both occassion
- 2 times ZP Contestant in 2016 & 2021
One brother was ex MLA of Chapra and Chairman of ZP Sangh
- Nephew is 2 times ZP from Marhaura Part1 & Vidhan Sabha contestant in 2020 with 3600 plus votes
- One brother is ex BDC Parmukh & Current Pacs president",BSC Member,,,,Male,,,,,,,,,,
Buxar,Itarhi,,Itarhi_5,Md. Ummat Rasul (Sheikh),Md. Usman,"9661245933/
9934667654",Minority,Muslim,50.0,"Md. Ummat Rasul (Sheikh)|Male|50|Minority|Muslim

- BDC from 2011 to 2016. 
- ZP Runner up in 2016 and 2021
- Secretary of his village mosque committee",BSC Member,,,,,,,,,,,,,,
Bhojpur,अगिआंव,,No,Anil Kumar Singh,,"9661401494, 9135844554",OBC,Yadav,50.0,"- 3 term ZP Runnerup (2011- 6700 votes)(2016 - 9400 votes)(2021- 11547 votes)
 - Retd. Army Personnel",Block Prabhari,,,,Male,,,,,,,,,,
Saran,बनियापुर,,No,Rajendra Singh,,"9661647043
 6200636848",General,Rajput,62.0,"""- Former ZP(2011-16) - ZP runner-up in 2016 & 21 - Incumbent PACS president (2009-current)
 -Ex BJP District Secretary (2018-21)""",Block Prabhari,,,,Male,,,,,,,,,,
Saran,Baniyapur,MARICHA,Baniapur_5,Rajendra Singh,Late. Ramdev Singh,"9661647043
6200636848",General,Rajput,62.0,"""- Former ZP(2011-16) - ZP runner-up in 2016 & 21 - Incumbent PACS Adhyaksh (2009-current)
-Ex BJP District Secretary (2018-21)""",DSC Member,,,,Male,,,,,,,,,,
East Champaran,Areraj,Saraiya,Areraj_10,"Sunil Kumar ""Babar"" Singh",Late Ramasharaya,9771925819/9199992593,General,Rajput,49.0,"- ZP Runner Up in 2021 elections, Areraj (10) & secured 5086 votes
- Ex Mukhiya of Sareya Panchayat (2016-21)
- His father continuously served as the GP's Mukhiya for 27 years. - His grandfather had also been Mukhiya of the GP. - Financially very strong, owns a total of six chimnies.",DSC Member,,,,Male,,,,,,,,,,
Saran,Sonepur,,No,सुशील राय,स्व. सीताराम राय,9835498025/9835498025,OBC,यादव,53.0,"-3 Term ZP Runner Up.
-He is known as a strong opponent of Lalu Yadav and RJD in Sonpur and its surrounding areas.",Sangathan Zila Upadhyaksh,,,,Male,,,,,,,,,,
Saran,Panapur,Dhenuki,No,Narendra Singh,स्व. लक्ष्मी सिंह,"9931494512
7539313954",General,Rajput,,"- Currently he is a former ZP (2006) and ZP second runner up in 2021, former District Secreatry of Janta Dal. 
-Sanyojak of Mashrakh block in 1974.
-Former General Secretary of Youth front of Janta Party and former General Secretary of  Saran district.
- Former Block President of  Mashrakh in 1977. He was a District Secretary of Janta Dal in 1980.
-He contested the ZP election in 2006, 2011, 2016 and 2021. In 2006 he won but in 2011, 16 he got second position whereas in 2021 he secured third positions.",BSC Member,,,,Male,,,,,,,,,,
Siwan,Maharajganj,,No,बब्लू सिंह,बड़कू सिंह,"9931873560
9123143818",General,Bhumihar,42.0,"-ZP Runner 2006
-Ex BJP Block Adhyaksh
-He is owner of four Chimni.
- Actively involved in politics with influence in the Block
- Commands respect and influence, especially among the OBC and EBC communities""",DSC Member,,,,Male,,,,,,,,,,
Saran,Garkha,,No,Jai Prakash Sah,Late. Dasai Saah,9939290894/9576216194,EBC,Kanu,49.0,"- Ex BDC 2006-11
- Ex ZP 2011-16
-Ex Mukhiya 2016-21",DSC Member,,,,Male,,,,,,,,,,
Siwan,Bhagwanpur Haat,,No,ओमप्रकश सिंह,रामकिशुन सिंह,"9955005200
9135531750",General,Rajput,53.0,"-Two-time former ZP contestant (2011 & 2016)
-former RJD District Spokesperson",DSC Member,,,,Male,,,,,,,,,,
Siwan,Bhagwanpurhat,,No,Om Prakash Singh,Ramkisun Singh,99550052009135531750,Gen,Rajput,53.0,"- RJD spokesperson- ZP contestant (2016,2021) - lost- Poet - Campaigned for Prabhunath Singh and Hemnarayan Singh.",BSC Member,,,,,,,,,,,,,,
Gopalganj,Kateya,,No,Rameshwar Prasad,Late Janardan Prasad,9984129597/9198937199,ST,Gond,52.0,"""- Former ZP candidate in 2016 (3500 Votes).
- Director and Principale of Buddha Intermediate College.""",Sangathan Zila Upadhyaksh,Call Connected,,Not Interested,Male,,,,,,,,,,
East Champaran,Sangrampur,,No,Ajit Singh,Rakesh Kumar Singh,,General,Bhumihaar,30.0,ZP Runner Up 2021,DSC Member,Number Missing,,,Male,,,,,,,,,,
West Champaran,Nautan,NAUTAN EAST,No,Bhupendra singh,Rameshwar Singh,,General,Rajput,52.0,"- Social Worker
- Contested ZP elections in 2005 and lost",BSC Member,,,,Male,,,,,,,,,,
West Champaran,Nautan,NAUTAN EAST,No,Bhupendra singh,Rameshwar Singh,,General,Rajput,52.0,"- Social Worker
- Contested ZP elections in 2005 and lost",BSC Member,,,,Male,,,,,,,,,,
West Champaran,Piprasi,#N/A,No,Dhamendra Yadav,Gyaneshwar Yadav,,OBC,Yadav,27.0,-He is Very Active in Block Politics -He want to Contest Next ZP Election from Piparasi Block,Prakhand Social Media Prabhari,,,,Male,,,,,,,,,,
,,,,,,,,,,,,,,,,,,,,,,,,,
,,,,,,,,,,,,,,,,,,,,,,,,,
,,,,,,,,,,,,,,,,,,,,,,,,,
,,,,,,,,,,,,,,,,,,,,,,,,,
,,,,,,,,,,,,,,,,,,,,,,,,,
,,,,,,,,,,,,,,,,,,,,,,,,,
,,,,,,,,,,,,,,,,,,,,,,,,,
,,,,,,,,,,,,,,,,,,,,,,,,,
,,,,,,,,,,,,,,,,,,,,,,,,,
,,,,,,,,,,,,,,,,,,,,,,,,,
,,,,,,,,,,,,,,,,,,,,,,,,,
,,,,,,,,,,,,,,,,,,,,,,,,,
,,,,,,,,,,,,,,,,,,,,,,,,,
,,,,,,,,,,,,,,,,,,,,,,,,,
,,,,,,,,,,,,,,,,,,,,,,,,,
,,,,,,,,,,,,,,,,,,,,,,,,,
,,,,,,,,,,,,,,,,,,,,,,,,,
,,,,,,,,,,,,,,,,,,,,,,,,,
,,,,,,,,,,,,,,,,,,,,,,,,,
,,,,,,,,,,,,,,,,,,,,,,,,,
,,,,,,,,,,,,,,,,,,,,,,,,,
,,,,,,,,,,,,,,,,,,,,,,,,,
,,,,,,,,,,,,,,,,,,,,,,,,,
,,,,,,,,,,,,,,,,,,,,,,,,,
,,,,,,,,,,,,,,,,,,,,,,,,,
,,,,,,,,,,,,,,,,,,,,,,,,,
,,,,,,,,,,,,,,,,,,,,,,,,,
,,,,,,,,,,,,,,,,,,,,,,,,,
,,,,,,,,,,,,,,,,,,,,,,,,,
,,,,,,,,,,,,,,,,,,,,,,,,,
,,,,,,,,,,,,,,,,,,,,,,,,,
,,,,,,,,,,,,,,,,,,,,,,,,,
,,,,,,,,,,,,,,,,,,,,,,,,,
,,,,,,,,,,,,,,,,,,,,,,,,,
,,,,,,,,,,,,,,,,,,,,,,,,,
,,,,,,,,,,,,,,,,,,,,,,,,,
,,,,,,,,,,,,,,,,,,,,,,,,,
,,,,,,,,,,,,,,,,,,,,,,,,,
,,,,,,,,,,,,,,,,,,,,,,,,,
,,,,,,,,,,,,,,,,,,,,,,,,,
,,,,,,,,,,,,,,,,,,,,,,,,,
,,,,,,,,,,,,,,,,,,,,,,,,,
,,,,,,,,,,,,,,,,,,,,,,,,,
,,,,,,,,,,,,,,,,,,,,,,,,,
,,,,,,,,,,,,,,,,,,,,,,,,,
,,,,,,,,,,,,,,,,,,,,,,,,,
,,,,,,,,,,,,,,,,,,,,,,,,,
,,,,,,,,,,,,,,,,,,,,,,,,,
,,,,,,,,,,,,,,,,,,,,,,,,,
,,,,,,,,,,,,,,,,,,,,,,,,,
,,,,,,,,,,,,,,,,,,,,,,,,,
,,,,,,,,,,,,,,,,,,,,,,,,,
,,,,,,,,,,,,,,,,,,,,,,,,,
,,,,,,,,,,,,,,,,,,,,,,,,,
,,,,,,,,,,,,,,,,,,,,,,,,,
,,,,,,,,,,,,,,,,,,,,,,,,,
,,,,,,,,,,,,,,,,,,,,,,,,,
,,,,,,,,,,,,,,,,,,,,,,,,,
,,,,,,,,,,,,,,,,,,,,,,,,,
,,,,,,,,,,,,,,,,,,,,,,,,,
,,,,,,,,,,,,,,,,,,,,,,,,,
,,,,,,,,,,,,,,,,,,,,,,,,,
,,,,,,,,,,,,,,,,,,,,,,,,,
,,,,,,,,,,,,,,,,,,,,,,,,,
,,,,,,,,,,,,,,,,,,,,,,,,,
,,,,,,,,,,,,,,,,,,,,,,,,,
,,,,,,,,,,,,,,,,,,,,,,,,,
,,,,,,,,,,,,,,,,,,,,,,,,,
,,,,,,,,,,,,,,,,,,,,,,,,,
,,,,,,,,,,,,,,,,,,,,,,,,,
,,,,,,,,,,,,,,,,,,,,,,,,,
,,,,,,,,,,,,,,,,,,,,,,,,,
,,,,,,,,,,,,,,,,,,,,,,,,,
,,,,,,,,,,,,,,,,,,,,,,,,,
,,,,,,,,,,,,,,,,,,,,,,,,,
,,,,,,,,,,,,,,,,,,,,,,,,,
,,,,,,,,,,,,,,,,,,,,,,,,,
,,,,,,,,,,,,,,,,,,,,,,,,,
,,,,,,,,,,,,,,,,,,,,,,,,,
,,,,,,,,,,,,,,,,,,,,,,,,,
,,,,,,,,,,,,,,,,,,,,,,,,,
,,,,,,,,,,,,,,,,,,,,,,,,,
,,,,,,,,,,,,,,,,,,,,,,,,,
,,,,,,,,,,,,,,,,,,,,,,,,,
,,,,,,,,,,,,,,,,,,,,,,,,,
,,,,,,,,,,,,,,,,,,,,,,,,,
,,,,,,,,,,,,,,,,,,,,,,,,,
,,,,,,,,,,,,,,,,,,,,,,,,,
,,,,,,,,,,,,,,,,,,,,,,,,,
,,,,,,,,,,,,,,,,,,,,,,,,,
,,,,,,,,,,,,,,,,,,,,,,,,,
,,,,,,,,,,,,,,,,,,,,,,,,,
,,,,,,,,,,,,,,,,,,,,,,,,,
,,,,,,,,,,,,,,,,,,,,,,,,,
,,,,,,,,,,,,,,,,,,,,,,,,,
,,,,,,,,,,,,,,,,,,,,,,,,,
,,,,,,,,,,,,,,,,,,,,,,,,,
,,,,,,,,,,,,,,,,,,,,,,,,,
,,,,,,,,,,,,,,,,,,,,,,,,,
,,,,,,,,,,,,,,,,,,,,,,,,,
,,,,,,,,,,,,,,,,,,,,,,,,,
,,,,,,,,,,,,,,,,,,,,,,,,,
,,,,,,,,,,,,,,,,,,,,,,,,,
,,,,,,,,,,,,,,,,,,,,,,,,,
,,,,,,,,,,,,,,,,,,,,,,,,,
,,,,,,,,,,,,,,,,,,,,,,,,,
,,,,,,,,,,,,,,,,,,,,,,,,,
,,,,,,,,,,,,,,,,,,,,,,,,,
,,,,,,,,,,,,,,,,,,,,,,,,,
,,,,,,,,,,,,,,,,,,,,,,,,,
,,,,,,,,,,,,,,,,,,,,,,,,,
,,,,,,,,,,,,,,,,,,,,,,,,,
,,,,,,,,,,,,,,,,,,,,,,,,,
,,,,,,,,,,,,,,,,,,,,,,,,,
,,,,,,,,,,,,,,,,,,,,,,,,,
,,,,,,,,,,,,,,,,,,,,,,,,,
,,,,,,,,,,,,,,,,,,,,,,,,,
,,,,,,,,,,,,,,,,,,,,,,,,,
,,,,,,,,,,,,,,,,,,,,,,,,,
,,,,,,,,,,,,,,,,,,,,,,,,,
,,,,,,,,,,,,,,,,,,,,,,,,,
,,,,,,,,,,,,,,,,,,,,,,,,,
,,,,,,,,,,,,,,,,,,,,,,,,,
,,,,,,,,,,,,,,,,,,,,,,,,,
,,,,,,,,,,,,,,,,,,,,,,,,,
,,,,,,,,,,,,,,,,,,,,,,,,,
,,,,,,,,,,,,,,,,,,,,,,,,,
,,,,,,,,,,,,,,,,,,,,,,,,,
,,,,,,,,,,,,,,,,,,,,,,,,,
,,,,,,,,,,,,,,,,,,,,,,,,,
,,,,,,,,,,,,,,,,,,,,,,,,,
,,,,,,,,,,,,,,,,,,,,,,,,,
,,,,,,,,,,,,,,,,,,,,,,,,,
,,,,,,,,,,,,,,,,,,,,,,,,,
,,,,,,,,,,,,,,,,,,,,,,,,,
,,,,,,,,,,,,,,,,,,,,,,,,,
,,,,,,,,,,,,,,,,,,,,,,,,,
,,,,,,,,,,,,,,,,,,,,,,,,,
,,,,,,,,,,,,,,,,,,,,,,,,,
,,,,,,,,,,,,,,,,,,,,,,,,,
,,,,,,,,,,,,,,,,,,,,,,,,,
,,,,,,,,,,,,,,,,,,,,,,,,,
,,,,,,,,,,,,,,,,,,,,,,,,,
,,,,,,,,,,,,,,,,,,,,,,,,,
,,,,,,,,,,,,,,,,,,,,,,,,,
,,,,,,,,,,,,,,,,,,,,,,,,,
,,,,,,,,,,,,,,,,,,,,,,,,,
,,,,,,,,,,,,,,,,,,,,,,,,,
,,,,,,,,,,,,,,,,,,,,,,,,,
,,,,,,,,,,,,,,,,,,,,,,,,,
,,,,,,,,,,,,,,,,,,,,,,,,,
,,,,,,,,,,,,,,,,,,,,,,,,,
,,,,,,,,,,,,,,,,,,,,,,,,,
,,,,,,,,,,,,,,,,,,,,,,,,,
,,,,,,,,,,,,,,,,,,,,,,,,,
,,,,,,,,,,,,,,,,,,,,,,,,,
,,,,,,,,,,,,,,,,,,,,,,,,,
,,,,,,,,,,,,,,,,,,,,,,,,,
,,,,,,,,,,,,,,,,,,,,,,,,,
,,,,,,,,,,,,,,,,,,,,,,,,,
,,,,,,,,,,,,,,,,,,,,,,,,,
,,,,,,,,,,,,,,,,,,,,,,,,,
,,,,,,,,,,,,,,,,,,,,,,,,,
,,,,,,,,,,,,,,,,,,,,,,,,,
,,,,,,,,,,,,,,,,,,,,,,,,,
,,,,,,,,,,,,,,,,,,,,,,,,,
,,,,,,,,,,,,,,,,,,,,,,,,,
,,,,,,,,,,,,,,,,,,,,,,,,,
,,,,,,,,,,,,,,,,,,,,,,,,,
,,,,,,,,,,,,,,,,,,,,,,,,,
,,,,,,,,,,,,,,,,,,,,,,,,,
,,,,,,,,,,,,,,,,,,,,,,,,,
,,,,,,,,,,,,,,,,,,,,,,,,,
,,,,,,,,,,,,,,,,,,,,,,,,,
,,,,,,,,,,,,,,,,,,,,,,,,,
,,,,,,,,,,,,,,,,,,,,,,,,,
,,,,,,,,,,,,,,,,,,,,,,,,,
,,,,,,,,,,,,,,,,,,,,,,,,,
,,,,,,,,,,,,,,,,,,,,,,,,,
,,,,,,,,,,,,,,,,,,,,,,,,,
,,,,,,,,,,,,,,,,,,,,,,,,,
,,,,,,,,,,,,,,,,,,,,,,,,,
,,,,,,,,,,,,,,,,,,,,,,,,,
,,,,,,,,,,,,,,,,,,,,,,,,,
,,,,,,,,,,,,,,,,,,,,,,,,,
,,,,,,,,,,,,,,,,,,,,,,,,,
,,,,,,,,,,,,,,,,,,,,,,,,,
,,,,,,,,,,,,,,,,,,,,,,,,,
,,,,,,,,,,,,,,,,,,,,,,,,,
,,,,,,,,,,,,,,,,,,,,,,,,,
,,,,,,,,,,,,,,,,,,,,,,,,,
,,,,,,,,,,,,,,,,,,,,,,,,,
,,,,,,,,,,,,,,,,,,,,,,,,,
,,,,,,,,,,,,,,,,,,,,,,,,,
,,,,,,,,,,,,,,,,,,,,,,,,,
,,,,,,,,,,,,,,,,,,,,,,,,,
,,,,,,,,,,,,,,,,,,,,,,,,,
,,,,,,,,,,,,,,,,,,,,,,,,,
,,,,,,,,,,,,,,,,,,,,,,,,,
,,,,,,,,,,,,,,,,,,,,,,,,,
,,,,,,,,,,,,,,,,,,,,,,,,,
,,,,,,,,,,,,,,,,,,,,,,,,,
,,,,,,,,,,,,,,,,,,,,,,,,,
,,,,,,,,,,,,,,,,,,,,,,,,,
,,,,,,,,,,,,,,,,,,,,,,,,,
,,,,,,,,,,,,,,,,,,,,,,,,,
,,,,,,,,,,,,,,,,,,,,,,,,,
,,,,,,,,,,,,,,,,,,,,,,,,,
,,,,,,,,,,,,,,,,,,,,,,,,,
,,,,,,,,,,,,,,,,,,,,,,,,,
,,,,,,,,,,,,,,,,,,,,,,,,,
,,,,,,,,,,,,,,,,,,,,,,,,,
,,,,,,,,,,,,,,,,,,,,,,,,,
,,,,,,,,,,,,,,,,,,,,,,,,,
,,,,,,,,,,,,,,,,,,,,,,,,,
,,,,,,,,,,,,,,,,,,,,,,,,,
,,,,,,,,,,,,,,,,,,,,,,,,,
,,,,,,,,,,,,,,,,,,,,,,,,,
,,,,,,,,,,,,,,,,,,,,,,,,,
,,,,,,,,,,,,,,,,,,,,,,,,,
,,,,,,,,,,,,,,,,,,,,,,,,,
,,,,,,,,,,,,,,,,,,,,,,,,,
,,,,,,,,,,,,,,,,,,,,,,,,,
,,,,,,,,,,,,,,,,,,,,,,,,,
,,,,,,,,,,,,,,,,,,,,,,,,,
,,,,,,,,,,,,,,,,,,,,,,,,,
,,,,,,,,,,,,,,,,,,,,,,,,,
,,,,,,,,,,,,,,,,,,,,,,,,,
,,,,,,,,,,,,,,,,,,,,,,,,,
,,,,,,,,,,,,,,,,,,,,,,,,,
,,,,,,,,,,,,,,,,,,,,,,,,,
,,,,,,,,,,,,,,,,,,,,,,,,,
,,,,,,,,,,,,,,,,,,,,,,,,,
,,,,,,,,,,,,,,,,,,,,,,,,,
,,,,,,,,,,,,,,,,,,,,,,,,,
,,,,,,,,,,,,,,,,,,,,,,,,,
,,,,,,,,,,,,,,,,,,,,,,,,,
,,,,,,,,,,,,,,,,,,,,,,,,,
,,,,,,,,,,,,,,,,,,,,,,,,,
,,,,,,,,,,,,,,,,,,,,,,,,,
,,,,,,,,,,,,,,,,,,,,,,,,,
,,,,,,,,,,,,,,,,,,,,,,,,,
,,,,,,,,,,,,,,,,,,,,,,,,,
,,,,,,,,,,,,,,,,,,,,,,,,,
,,,,,,,,,,,,,,,,,,,,,,,,,
,,,,,,,,,,,,,,,,,,,,,,,,,
,,,,,,,,,,,,,,,,,,,,,,,,,
,,,,,,,,,,,,,,,,,,,,,,,,,
,,,,,,,,,,,,,,,,,,,,,,,,,
,,,,,,,,,,,,,,,,,,,,,,,,,
,,,,,,,,,,,,,,,,,,,,,,,,,
,,,,,,,,,,,,,,,,,,,,,,,,,
,,,,,,,,,,,,,,,,,,,,,,,,,
,,,,,,,,,,,,,,,,,,,,,,,,,
,,,,,,,,,,,,,,,,,,,,,,,,,
,,,,,,,,,,,,,,,,,,,,,,,,,
,,,,,,,,,,,,,,,,,,,,,,,,,
,,,,,,,,,,,,,,,,,,,,,,,,,
,,,,,,,,,,,,,,,,,,,,,,,,,
,,,,,,,,,,,,,,,,,,,,,,,,,
,,,,,,,,,,,,,,,,,,,,,,,,,
,,,,,,,,,,,,,,,,,,,,,,,,,
,,,,,,,,,,,,,,,,,,,,,,,,,
,,,,,,,,,,,,,,,,,,,,,,,,,
,,,,,,,,,,,,,,,,,,,,,,,,,
,,,,,,,,,,,,,,,,,,,,,,,,,
,,,,,,,,,,,,,,,,,,,,,,,,,
,,,,,,,,,,,,,,,,,,,,,,,,,
,,,,,,,,,,,,,,,,,,,,,,,,,
,,,,,,,,,,,,,,,,,,,,,,,,,
,,,,,,,,,,,,,,,,,,,,,,,,,
,,,,,,,,,,,,,,,,,,,,,,,,,
,,,,,,,,,,,,,,,,,,,,,,,,,
,,,,,,,,,,,,,,,,,,,,,,,,,
,,,,,,,,,,,,,,,,,,,,,,,,,
,,,,,,,,,,,,,,,,,,,,,,,,,
,,,,,,,,,,,,,,,,,,,,,,,,,
,,,,,,,,,,,,,,,,,,,,,,,,,
,,,,,,,,,,,,,,,,,,,,,,,,,
,,,,,,,,,,,,,,,,,,,,,,,,,
,,,,,,,,,,,,,,,,,,,,,,,,,
,,,,,,,,,,,,,,,,,,,,,,,,,
,,,,,,,,,,,,,,,,,,,,,,,,,
,,,,,,,,,,,,,,,,,,,,,,,,,
,,,,,,,,,,,,,,,,,,,,,,,,,
,,,,,,,,,,,,,,,,,,,,,,,,,
,,,,,,,,,,,,,,,,,,,,,,,,,
,,,,,,,,,,,,,,,,,,,,,,,,,
,,,,,,,,,,,,,,,,,,,,,,,,,
,,,,,,,,,,,,,,,,,,,,,,,,,
,,,,,,,,,,,,,,,,,,,,,,,,,
,,,,,,,,,,,,,,,,,,,,,,,,,
,,,,,,,,,,,,,,,,,,,,,,,,,
,,,,,,,,,,,,,,,,,,,,,,,,,
,,,,,,,,,,,,,,,,,,,,,,,,,
,,,,,,,,,,,,,,,,,,,,,,,,,
,,,,,,,,,,,,,,,,,,,,,,,,,
,,,,,,,,,,,,,,,,,,,,,,,,,
,,,,,,,,,,,,,,,,,,,,,,,,,
,,,,,,,,,,,,,,,,,,,,,,,,,
,,,,,,,,,,,,,,,,,,,,,,,,,
,,,,,,,,,,,,,,,,,,,,,,,,,
,,,,,,,,,,,,,,,,,,,,,,,,,
,,,,,,,,,,,,,,,,,,,,,,,,,
,,,,,,,,,,,,,,,,,,,,,,,,,
,,,,,,,,,,,,,,,,,,,,,,,,,
,,,,,,,,,,,,,,,,,,,,,,,,,
,,,,,,,,,,,,,,,,,,,,,,,,,
,,,,,,,,,,,,,,,,,,,,,,,,,
,,,,,,,,,,,,,,,,,,,,,,,,,
,,,,,,,,,,,,,,,,,,,,,,,,,
,,,,,,,,,,,,,,,,,,,,,,,,,
,,,,,,,,,,,,,,,,,,,,,,,,,
,,,,,,,,,,,,,,,,,,,,,,,,,
,,,,,,,,,,,,,,,,,,,,,,,,,
,,,,,,,,,,,,,,,,,,,,,,,,,
,,,,,,,,,,,,,,,,,,,,,,,,,
,,,,,,,,,,,,,,,,,,,,,,,,,
,,,,,,,,,,,,,,,,,,,,,,,,,
,,,,,,,,,,,,,,,,,,,,,,,,,
,,,,,,,,,,,,,,,,,,,,,,,,,
,,,,,,,,,,,,,,,,,,,,,,,,,
,,,,,,,,,,,,,,,,,,,,,,,,,
,,,,,,,,,,,,,,,,,,,,,,,,,
,,,,,,,,,,,,,,,,,,,,,,,,,
,,,,,,,,,,,,,,,,,,,,,,,,,
,,,,,,,,,,,,,,,,,,,,,,,,,
,,,,,,,,,,,,,,,,,,,,,,,,,
,,,,,,,,,,,,,,,,,,,,,,,,,
,,,,,,,,,,,,,,,,,,,,,,,,,
,,,,,,,,,,,,,,,,,,,,,,,,,
,,,,,,,,,,,,,,,,,,,,,,,,,
,,,,,,,,,,,,,,,,,,,,,,,,,
,,,,,,,,,,,,,,,,,,,,,,,,,
,,,,,,,,,,,,,,,,,,,,,,,,,
,,,,,,,,,,,,,,,,,,,,,,,,,
,,,,,,,,,,,,,,,,,,,,,,,,,
,,,,,,,,,,,,,,,,,,,,,,,,,
,,,,,,,,,,,,,,,,,,,,,,,,,
,,,,,,,,,,,,,,,,,,,,,,,,,
,,,,,,,,,,,,,,,,,,,,,,,,,
,,,,,,,,,,,,,,,,,,,,,,,,,
,,,,,,,,,,,,,,,,,,,,,,,,,
,,,,,,,,,,,,,,,,,,,,,,,,,
,,,,,,,,,,,,,,,,,,,,,,,,,
,,,,,,,,,,,,,,,,,,,,,,,,,
,,,,,,,,,,,,,,,,,,,,,,,,,
,,,,,,,,,,,,,,,,,,,,,,,,,
,,,,,,,,,,,,,,,,,,,,,,,,,
,,,,,,,,,,,,,,,,,,,,,,,,,
,,,,,,,,,,,,,,,,,,,,,,,,,
,,,,,,,,,,,,,,,,,,,,,,,,,
,,,,,,,,,,,,,,,,,,,,,,,,,
,,,,,,,,,,,,,,,,,,,,,,,,,
,,,,,,,,,,,,,,,,,,,,,,,,,
,,,,,,,,,,,,,,,,,,,,,,,,,
,,,,,,,,,,,,,,,,,,,,,,,,,
,,,,,,,,,,,,,,,,,,,,,,,,,
,,,,,,,,,,,,,,,,,,,,,,,,,
,,,,,,,,,,,,,,,,,,,,,,,,,
,,,,,,,,,,,,,,,,,,,,,,,,,
,,,,,,,,,,,,,,,,,,,,,,,,,
,,,,,,,,,,,,,,,,,,,,,,,,,
,,,,,,,,,,,,,,,,,,,,,,,,,
,,,,,,,,,,,,,,,,,,,,,,,,,
,,,,,,,,,,,,,,,,,,,,,,,,,
,,,,,,,,,,,,,,,,,,,,,,,,,
,,,,,,,,,,,,,,,,,,,,,,,,,
,,,,,,,,,,,,,,,,,,,,,,,,,
,,,,,,,,,,,,,,,,,,,,,,,,,
,,,,,,,,,,,,,,,,,,,,,,,,,
,,,,,,,,,,,,,,,,,,,,,,,,,
,,,,,,,,,,,,,,,,,,,,,,,,,
,,,,,,,,,,,,,,,,,,,,,,,,,
,,,,,,,,,,,,,,,,,,,,,,,,,
,,,,,,,,,,,,,,,,,,,,,,,,,
,,,,,,,,,,,,,,,,,,,,,,,,,
,,,,,,,,,,,,,,,,,,,,,,,,,
,,,,,,,,,,,,,,,,,,,,,,,,,
,,,,,,,,,,,,,,,,,,,,,,,,,
,,,,,,,,,,,,,,,,,,,,,,,,,
,,,,,,,,,,,,,,,,,,,,,,,,,
,,,,,,,,,,,,,,,,,,,,,,,,,
,,,,,,,,,,,,,,,,,,,,,,,,,
,,,,,,,,,,,,,,,,,,,,,,,,,
,,,,,,,,,,,,,,,,,,,,,,,,,
,,,,,,,,,,,,,,,,,,,,,,,,,
,,,,,,,,,,,,,,,,,,,,,,,,,
,,,,,,,,,,,,,,,,,,,,,,,,,
,,,,,,,,,,,,,,,,,,,,,,,,,
,,,,,,,,,,,,,,,,,,,,,,,,,
,,,,,,,,,,,,,,,,,,,,,,,,,
,,,,,,,,,,,,,,,,,,,,,,,,,
,,,,,,,,,,,,,,,,,,,,,,,,,
,,,,,,,,,,,,,,,,,,,,,,,,,
,,,,,,,,,,,,,,,,,,,,,,,,,
,,,,,,,,,,,,,,,,,,,,,,,,,
,,,,,,,,,,,,,,,,,,,,,,,,,
,,,,,,,,,,,,,,,,,,,,,,,,,
,,,,,,,,,,,,,,,,,,,,,,,,,
,,,,,,,,,,,,,,,,,,,,,,,,,
,,,,,,,,,,,,,,,,,,,,,,,,,
,,,,,,,,,,,,,,,,,,,,,,,,,
,,,,,,,,,,,,,,,,,,,,,,,,,
,,,,,,,,,,,,,,,,,,,,,,,,,
,,,,,,,,,,,,,,,,,,,,,,,,,
,,,,,,,,,,,,,,,,,,,,,,,,,
,,,,,,,,,,,,,,,,,,,,,,,,,
,,,,,,,,,,,,,,,,,,,,,,,,,
,,,,,,,,,,,,,,,,,,,,,,,,,
,,,,,,,,,,,,,,,,,,,,,,,,,
,,,,,,,,,,,,,,,,,,,,,,,,,
,,,,,,,,,,,,,,,,,,,,,,,,,
,,,,,,,,,,,,,,,,,,,,,,,,,
,,,,,,,,,,,,,,,,,,,,,,,,,
,,,,,,,,,,,,,,,,,,,,,,,,,
,,,,,,,,,,,,,,,,,,,,,,,,,
,,,,,,,,,,,,,,,,,,,,,,,,,
,,,,,,,,,,,,,,,,,,,,,,,,,
,,,,,,,,,,,,,,,,,,,,,,,,,
,,,,,,,,,,,,,,,,,,,,,,,,,
,,,,,,,,,,,,,,,,,,,,,,,,,
,,,,,,,,,,,,,,,,,,,,,,,,,
,,,,,,,,,,,,,,,,,,,,,,,,,
,,,,,,,,,,,,,,,,,,,,,,,,,
,,,,,,,,,,,,,,,,,,,,,,,,,
,,,,,,,,,,,,,,,,,,,,,,,,,
,,,,,,,,,,,,,,,,,,,,,,,,,
,,,,,,,,,,,,,,,,,,,,,,,,,
,,,,,,,,,,,,,,,,,,,,,,,,,
,,,,,,,,,,,,,,,,,,,,,,,,,
,,,,,,,,,,,,,,,,,,,,,,,,,
,,,,,,,,,,,,,,,,,,,,,,,,,
,,,,,,,,,,,,,,,,,,,,,,,,,
,,,,,,,,,,,,,,,,,,,,,,,,,
,,,,,,,,,,,,,,,,,,,,,,,,,
,,,,,,,,,,,,,,,,,,,,,,,,,
,,,,,,,,,,,,,,,,,,,,,,,,,
,,,,,,,,,,,,,,,,,,,,,,,,,
,,,,,,,,,,,,,,,,,,,,,,,,,
,,,,,,,,,,,,,,,,,,,,,,,,,
,,,,,,,,,,,,,,,,,,,,,,,,,
,,,,,,,,,,,,,,,,,,,,,,,,,
,,,,,,,,,,,,,,,,,,,,,,,,,
,,,,,,,,,,,,,,,,,,,,,,,,,
,,,,,,,,,,,,,,,,,,,,,,,,,
,,,,,,,,,,,,,,,,,,,,,,,,,
,,,,,,,,,,,,,,,,,,,,,,,,,
,,,,,,,,,,,,,,,,,,,,,,,,,
,,,,,,,,,,,,,,,,,,,,,,,,,
,,,,,,,,,,,,,,,,,,,,,,,,,
,,,,,,,,,,,,,,,,,,,,,,,,,
,,,,,,,,,,,,,,,,,,,,,,,,,
,,,,,,,,,,,,,,,,,,,,,,,,,
,,,,,,,,,,,,,,,,,,,,,,,,,
,,,,,,,,,,,,,,,,,,,,,,,,,
,,,,,,,,,,,,,,,,,,,,,,,,,
,,,,,,,,,,,,,,,,,,,,,,,,,
,,,,,,,,,,,,,,,,,,,,,,,,,
,,,,,,,,,,,,,,,,,,,,,,,,,
,,,,,,,,,,,,,,,,,,,,,,,,,
,,,,,,,,,,,,,,,,,,,,,,,,,
,,,,,,,,,,,,,,,,,,,,,,,,,
,,,,,,,,,,,,,,,,,,,,,,,,,
,,,,,,,,,,,,,,,,,,,,,,,,,
,,,,,,,,,,,,,,,,,,,,,,,,,
,,,,,,,,,,,,,,,,,,,,,,,,,
,,,,,,,,,,,,,,,,,,,,,,,,,
,,,,,,,,,,,,,,,,,,,,,,,,,
,,,,,,,,,,,,,,,,,,,,,,,,,
,,,,,,,,,,,,,,,,,,,,,,,,,
,,,,,,,,,,,,,,,,,,,,,,,,,
,,,,,,,,,,,,,,,,,,,,,,,,,
,,,,,,,,,,,,,,,,,,,,,,,,,
,,,,,,,,,,,,,,,,,,,,,,,,,
,,,,,,,,,,,,,,,,,,,,,,,,,
,,,,,,,,,,,,,,,,,,,,,,,,,
,,,,,,,,,,,,,,,,,,,,,,,,,
,,,,,,,,,,,,,,,,,,,,,,,,,
,,,,,,,,,,,,,,,,,,,,,,,,,
,,,,,,,,,,,,,,,,,,,,,,,,,
,,,,,,,,,,,,,,,,,,,,,,,,,
,,,,,,,,,,,,,,,,,,,,,,,,,
,,,,,,,,,,,,,,,,,,,,,,,,,
,,,,,,,,,,,,,,,,,,,,,,,,,
,,,,,,,,,,,,,,,,,,,,,,,,,
,,,,,,,,,,,,,,,,,,,,,,,,,
,,,,,,,,,,,,,,,,,,,,,,,,,
,,,,,,,,,,,,,,,,,,,,,,,,,
,,,,,,,,,,,,,,,,,,,,,,,,,
,,,,,,,,,,,,,,,,,,,,,,,,,
,,,,,,,,,,,,,,,,,,,,,,,,,
,,,,,,,,,,,,,,,,,,,,,,,,,
,,,,,,,,,,,,,,,,,,,,,,,,,
,,,,,,,,,,,,,,,,,,,,,,,,,
,,,,,,,,,,,,,,,,,,,,,,,,,
,,,,,,,,,,,,,,,,,,,,,,,,,
,,,,,,,,,,,,,,,,,,,,,,,,,
,,,,,,,,,,,,,,,,,,,,,,,,,
,,,,,,,,,,,,,,,,,,,,,,,,,
,,,,,,,,,,,,,,,,,,,,,,,,,
,,,,,,,,,,,,,,,,,,,,,,,,,
,,,,,,,,,,,,,,,,,,,,,,,,,
,,,,,,,,,,,,,,,,,,,,,,,,,
,,,,,,,,,,,,,,,,,,,,,,,,,
,,,,,,,,,,,,,,,,,,,,,,,,,
,,,,,,,,,,,,,,,,,,,,,,,,,
,,,,,,,,,,,,,,,,,,,,,,,,,
,,,,,,,,,,,,,,,,,,,,,,,,,
,,,,,,,,,,,,,,,,,,,,,,,,,
,,,,,,,,,,,,,,,,,,,,,,,,,
,,,,,,,,,,,,,,,,,,,,,,,,,
,,,,,,,,,,,,,,,,,,,,,,,,,
,,,,,,,,,,,,,,,,,,,,,,,,,
,,,,,,,,,,,,,,,,,,,,,,,,,
,,,,,,,,,,,,,,,,,,,,,,,,,
,,,,,,,,,,,,,,,,,,,,,,,,,
,,,,,,,,,,,,,,,,,,,,,,,,,
,,,,,,,,,,,,,,,,,,,,,,,,,
,,,,,,,,,,,,,,,,,,,,,,,,,
,,,,,,,,,,,,,,,,,,,,,,,,,
,,,,,,,,,,,,,,,,,,,,,,,,,
,,,,,,,,,,,,,,,,,,,,,,,,,
,,,,,,,,,,,,,,,,,,,,,,,,,
,,,,,,,,,,,,,,,,,,,,,,,,,
,,,,,,,,,,,,,,,,,,,,,,,,,
,,,,,,,,,,,,,,,,,,,,,,,,,
,,,,,,,,,,,,,,,,,,,,,,,,,
,,,,,,,,,,,,,,,,,,,,,,,,,
,,,,,,,,,,,,,,,,,,,,,,,,,
,,,,,,,,,,,,,,,,,,,,,,,,,
,,,,,,,,,,,,,,,,,,,,,,,,,
,,,,,,,,,,,,,,,,,,,,,,,,,
,,,,,,,,,,,,,,,,,,,,,,,,,
,,,,,,,,,,,,,,,,,,,,,,,,,
,,,,,,,,,,,,,,,,,,,,,,,,,
,,,,,,,,,,,,,,,,,,,,,,,,,
,,,,,,,,,,,,,,,,,,,,,,,,,
,,,,,,,,,,,,,,,,,,,,,,,,,
,,,,,,,,,,,,,,,,,,,,,,,,,
,,,,,,,,,,,,,,,,,,,,,,,,,
,,,,,,,,,,,,,,,,,,,,,,,,,
,,,,,,,,,,,,,,,,,,,,,,,,,
,,,,,,,,,,,,,,,,,,,,,,,,,
,,,,,,,,,,,,,,,,,,,,,,,,,
,,,,,,,,,,,,,,,,,,,,,,,,,
,,,,,,,,,,,,,,,,,,,,,,,,,
,,,,,,,,,,,,,,,,,,,,,,,,,
,,,,,,,,,,,,,,,,,,,,,,,,,
,,,,,,,,,,,,,,,,,,,,,,,,,
,,,,,,,,,,,,,,,,,,,,,,,,,
,,,,,,,,,,,,,,,,,,,,,,,,,
,,,,,,,,,,,,,,,,,,,,,,,,,
,,,,,,,,,,,,,,,,,,,,,,,,,
,,,,,,,,,,,,,,,,,,,,,,,,,
,,,,,,,,,,,,,,,,,,,,,,,,,
,,,,,,,,,,,,,,,,,,,,,,,,,
,,,,,,,,,,,,,,,,,,,,,,,,,
,,,,,,,,,,,,,,,,,,,,,,,,,
,,,,,,,,,,,,,,,,,,,,,,,,,
,,,,,,,,,,,,,,,,,,,,,,,,,
,,,,,,,,,,,,,,,,,,,,,,,,,
,,,,,,,,,,,,,,,,,,,,,,,,,
,,,,,,,,,,,,,,,,,,,,,,,,,
,,,,,,,,,,,,,,,,,,,,,,,,,
,,,,,,,,,,,,,,,,,,,,,,,,,
,,,,,,,,,,,,,,,,,,,,,,,,,
,,,,,,,,,,,,,,,,,,,,,,,,,
,,,,,,,,,,,,,,,,,,,,,,,,,
,,,,,,,,,,,,,,,,,,,,,,,,,
,,,,,,,,,,,,,,,,,,,,,,,,,
,,,,,,,,,,,,,,,,,,,,,,,,,
,,,,,,,,,,,,,,,,,,,,,,,,,
,,,,,,,,,,,,,,,,,,,,,,,,,
,,,,,,,,,,,,,,,,,,,,,,,,,
,,,,,,,,,,,,,,,,,,,,,,,,,
,,,,,,,,,,,,,,,,,,,,,,,,,
,,,,,,,,,,,,,,,,,,,,,,,,,
,,,,,,,,,,,,,,,,,,,,,,,,,
,,,,,,,,,,,,,,,,,,,,,,,,,
,,,,,,,,,,,,,,,,,,,,,,,,,
,,,,,,,,,,,,,,,,,,,,,,,,,
,,,,,,,,,,,,,,,,,,,,,,,,,
,,,,,,,,,,,,,,,,,,,,,,,,,
,,,,,,,,,,,,,,,,,,,,,,,,,
,,,,,,,,,,,,,,,,,,,,,,,,,
,,,,,,,,,,,,,,,,,,,,,,,,,
,,,,,,,,,,,,,,,,,,,,,,,,,
,,,,,,,,,,,,,,,,,,,,,,,,,
,,,,,,,,,,,,,,,,,,,,,,,,,
,,,,,,,,,,,,,,,,,,,,,,,,,
,,,,,,,,,,,,,,,,,,,,,,,,,
,,,,,,,,,,,,,,,,,,,,,,,,,
,,,,,,,,,,,,,,,,,,,,,,,,,
,,,,,,,,,,,,,,,,,,,,,,,,,
,,,,,,,,,,,,,,,,,,,,,,,,,
,,,,,,,,,,,,,,,,,,,,,,,,,
,,,,,,,,,,,,,,,,,,,,,,,,,
,,,,,,,,,,,,,,,,,,,,,,,,,
,,,,,,,,,,,,,,,,,,,,,,,,,
,,,,,,,,,,,,,,,,,,,,,,,,,
,,,,,,,,,,,,,,,,,,,,,,,,,
,,,,,,,,,,,,,,,,,,,,,,,,,
,,,,,,,,,,,,,,,,,,,,,,,,,
,,,,,,,,,,,,,,,,,,,,,,,,,
,,,,,,,,,,,,,,,,,,,,,,,,,
,,,,,,,,,,,,,,,,,,,,,,,,,
,,,,,,,,,,,,,,,,,,,,,,,,,
,,,,,,,,,,,,,,,,,,,,,,,,,
,,,,,,,,,,,,,,,,,,,,,,,,,
,,,,,,,,,,,,,,,,,,,,,,,,,
,,,,,,,,,,,,,,,,,,,,,,,,,
,,,,,,,,,,,,,,,,,,,,,,,,,
,,,,,,,,,,,,,,,,,,,,,,,,,
,,,,,,,,,,,,,,,,,,,,,,,,,
,,,,,,,,,,,,,,,,,,,,,,,,,
,,,,,,,,,,,,,,,,,,,,,,,,,
,,,,,,,,,,,,,,,,,,,,,,,,,
,,,,,,,,,,,,,,,,,,,,,,,,,
,,,,,,,,,,,,,,,,,,,,,,,,,
,,,,,,,,,,,,,,,,,,,,,,,,,
,,,,,,,,,,,,,,,,,,,,,,,,,
,,,,,,,,,,,,,,,,,,,,,,,,,
,,,,,,,,,,,,,,,,,,,,,,,,,
,,,,,,,,,,,,,,,,,,,,,,,,,
,,,,,,,,,,,,,,,,,,,,,,,,,
,,,,,,,,,,,,,,,,,,,,,,,,,
,,,,,,,,,,,,,,,,,,,,,,,,,
,,,,,,,,,,,,,,,,,,,,,,,,,
,,,,,,,,,,,,,,,,,,,,,,,,,
,,,,,,,,,,,,,,,,,,,,,,,,,
,,,,,,,,,,,,,,,,,,,,,,,,,
,,,,,,,,,,,,,,,,,,,,,,,,,
,,,,,,,,,,,,,,,,,,,,,,,,,
,,,,,,,,,,,,,,,,,,,,,,,,,
,,,,,,,,,,,,,,,,,,,,,,,,,
,,,,,,,,,,,,,,,,,,,,,,,,,
,,,,,,,,,,,,,,,,,,,,,,,,,
,,,,,,,,,,,,,,,,,,,,,,,,,
,,,,,,,,,,,,,,,,,,,,,,,,,
,,,,,,,,,,,,,,,,,,,,,,,,,
,,,,,,,,,,,,,,,,,,,,,,,,,
,,,,,,,,,,,,,,,,,,,,,,,,,
,,,,,,,,,,,,,,,,,,,,,,,,,
,,,,,,,,,,,,,,,,,,,,,,,,,
,,,,,,,,,,,,,,,,,,,,,,,,,
,,,,,,,,,,,,,,,,,,,,,,,,,
,,,,,,,,,,,,,,,,,,,,,,,,,
,,,,,,,,,,,,,,,,,,,,,,,,,
,,,,,,,,,,,,,,,,,,,,,,,,,
,,,,,,,,,,,,,,,,,,,,,,,,,
,,,,,,,,,,,,,,,,,,,,,,,,,
,,,,,,,,,,,,,,,,,,,,,,,,,
,,,,,,,,,,,,,,,,,,,,,,,,,
,,,,,,,,,,,,,,,,,,,,,,,,,
,,,,,,,,,,,,,,,,,,,,,,,,,
,,,,,,,,,,,,,,,,,,,,,,,,,
,,,,,,,,,,,,,,,,,,,,,,,,,
,,,,,,,,,,,,,,,,,,,,,,,,,
,,,,,,,,,,,,,,,,,,,,,,,,,
,,,,,,,,,,,,,,,,,,,,,,,,,
,,,,,,,,,,,,,,,,,,,,,,,,,
,,,,,,,,,,,,,,,,,,,,,,,,,
,,,,,,,,,,,,,,,,,,,,,,,,,
,,,,,,,,,,,,,,,,,,,,,,,,,
,,,,,,,,,,,,,,,,,,,,,,,,,
,,,,,,,,,,,,,,,,,,,,,,,,,
,,,,,,,,,,,,,,,,,,,,,,,,,
,,,,,,,,,,,,,,,,,,,,,,,,,
,,,,,,,,,,,,,,,,,,,,,,,,,
,,,,,,,,,,,,,,,,,,,,,,,,,
,,,,,,,,,,,,,,,,,,,,,,,,,
,,,,,,,,,,,,,,,,,,,,,,,,,
,,,,,,,,,,,,,,,,,,,,,,,,,
,,,,,,,,,,,,,,,,,,,,,,,,,
,,,,,,,,,,,,,,,,,,,,,,,,,
,,,,,,,,,,,,,,,,,,,,,,,,,
,,,,,,,,,,,,,,,,,,,,,,,,,
,,,,,,,,,,,,,,,,,,,,,,,,,
,,,,,,,,,,,,,,,,,,,,,,,,,
,,,,,,,,,,,,,,,,,,,,,,,,,
,,,,,,,,,,,,,,,,,,,,,,,,,
,,,,,,,,,,,,,,,,,,,,,,,,,
,,,,,,,,,,,,,,,,,,,,,,,,,
,,,,,,,,,,,,,,,,,,,,,,,,,
,,,,,,,,,,,,,,,,,,,,,,,,,
,,,,,,,,,,,,,,,,,,,,,,,,,
,,,,,,,,,,,,,,,,,,,,,,,,,
,,,,,,,,,,,,,,,,,,,,,,,,,
,,,,,,,,,,,,,,,,,,,,,,,,,
,,,,,,,,,,,,,,,,,,,,,,,,,
,,,,,,,,,,,,,,,,,,,,,,,,,
,,,,,,,,,,,,,,,,,,,,,,,,,
,,,,,,,,,,,,,,,,,,,,,,,,,
,,,,,,,,,,,,,,,,,,,,,,,,,
,,,,,,,,,,,,,,,,,,,,,,,,,
,,,,,,,,,,,,,,,,,,,,,,,,,
,,,,,,,,,,,,,,,,,,,,,,,,,
,,,,,,,,,,,,,,,,,,,,,,,,,
,,,,,,,,,,,,,,,,,,,,,,,,,
,,,,,,,,,,,,,,,,,,,,,,,,,
,,,,,,,,,,,,,,,,,,,,,,,,,
,,,,,,,,,,,,,,,,,,,,,,,,,
,,,,,,,,,,,,,,,,,,,,,,,,,
,,,,,,,,,,,,,,,,,,,,,,,,,
,,,,,,,,,,,,,,,,,,,,,,,,,
,,,,,,,,,,,,,,,,,,,,,,,,,
,,,,,,,,,,,,,,,,,,,,,,,,,
,,,,,,,,,,,,,,,,,,,,,,,,,
,,,,,,,,,,,,,,,,,,,,,,,,,
,,,,,,,,,,,,,,,,,,,,,,,,,
,,,,,,,,,,,,,,,,,,,,,,,,,
,,,,,,,,,,,,,,,,,,,,,,,,,
,,,,,,,,,,,,,,,,,,,,,,,,,
,,,,,,,,,,,,,,,,,,,,,,,,,
,,,,,,,,,,,,,,,,,,,,,,,,,
,,,,,,,,,,,,,,,,,,,,,,,,,
,,,,,,,,,,,,,,,,,,,,,,,,,
,,,,,,,,,,,,,,,,,,,,,,,,,
,,,,,,,,,,,,,,,,,,,,,,,,,
,,,,,,,,,,,,,,,,,,,,,,,,,
,,,,,,,,,,,,,,,,,,,,,,,,,
,,,,,,,,,,,,,,,,,,,,,,,,,
,,,,,,,,,,,,,,,,,,,,,,,,,
,,,,,,,,,,,,,,,,,,,,,,,,,
,,,,,,,,,,,,,,,,,,,,,,,,,
,,,,,,,,,,,,,,,,,,,,,,,,,
,,,,,,,,,,,,,,,,,,,,,,,,,
,,,,,,,,,,,,,,,,,,,,,,,,,
,,,,,,,,,,,,,,,,,,,,,,,,,
,,,,,,,,,,,,,,,,,,,,,,,,,
,,,,,,,,,,,,,,,,,,,,,,,,,
,,,,,,,,,,,,,,,,,,,,,,,,,
,,,,,,,,,,,,,,,,,,,,,,,,,
,,,,,,,,,,,,,,,,,,,,,,,,,
,,,,,,,,,,,,,,,,,,,,,,,,,
,,,,,,,,,,,,,,,,,,,,,,,,,
,,,,,,,,,,,,,,,,,,,,,,,,,
,,,,,,,,,,,,,,,,,,,,,,,,,
,,,,,,,,,,,,,,,,,,,,,,,,,
,,,,,,,,,,,,,,,,,,,,,,,,,
,,,,,,,,,,,,,,,,,,,,,,,,,
,,,,,,,,,,,,,,,,,,,,,,,,,
,,,,,,,,,,,,,,,,,,,,,,,,,
,,,,,,,,,,,,,,,,,,,,,,,,,
,,,,,,,,,,,,,,,,,,,,,,,,,
,,,,,,,,,,,,,,,,,,,,,,,,,
,,,,,,,,,,,,,,,,,,,,,,,,,
,,,,,,,,,,,,,,,,,,,,,,,,,
,,,,,,,,,,,,,,,,,,,,,,,,,
,,,,,,,,,,,,,,,,,,,,,,,,,
,,,,,,,,,,,,,,,,,,,,,,,,,
,,,,,,,,,,,,,,,,,,,,,,,,,
,,,,,,,,,,,,,,,,,,,,,,,,,
,,,,,,,,,,,,,,,,,,,,,,,,,
,,,,,,,,,,,,,,,,,,,,,,,,,
,,,,,,,,,,,,,,,,,,,,,,,,,
,,,,,,,,,,,,,,,,,,,,,,,,,
,,,,,,,,,,,,,,,,,,,,,,,,,
,,,,,,,,,,,,,,,,,,,,,,,,,
,,,,,,,,,,,,,,,,,,,,,,,,,
,,,,,,,,,,,,,,,,,,,,,,,,,
,,,,,,,,,,,,,,,,,,,,,,,,,
,,,,,,,,,,,,,,,,,,,,,,,,,
,,,,,,,,,,,,,,,,,,,,,,,,,
,,,,,,,,,,,,,,,,,,,,,,,,,
,,,,,,,,,,,,,,,,,,,,,,,,,
,,,,,,,,,,,,,,,,,,,,,,,,,
,,,,,,,,,,,,,,,,,,,,,,,,,
,,,,,,,,,,,,,,,,,,,,,,,,,
,,,,,,,,,,,,,,,,,,,,,,,,,
,,,,,,,,,,,,,,,,,,,,,,,,,
,,,,,,,,,,,,,,,,,,,,,,,,,
,,,,,,,,,,,,,,,,,,,,,,,,,
,,,,,,,,,,,,,,,,,,,,,,,,,
,,,,,,,,,,,,,,,,,,,,,,,,,
,,,,,,,,,,,,,,,,,,,,,,,,,
,,,,,,,,,,,,,,,,,,,,,,,,,
,,,,,,,,,,,,,,,,,,,,,,,,,
,,,,,,,,,,,,,,,,,,,,,,,,,
,,,,,,,,,,,,,,,,,,,,,,,,,
,,,,,,,,,,,,,,,,,,,,,,,,,
,,,,,,,,,,,,,,,,,,,,,,,,,
,,,,,,,,,,,,,,,,,,,,,,,,,
,,,,,,,,,,,,,,,,,,,,,,,,,
,,,,,,,,,,,,,,,,,,,,,,,,,
,,,,,,,,,,,,,,,,,,,,,,,,,
,,,,,,,,,,,,,,,,,,,,,,,,,
,,,,,,,,,,,,,,,,,,,,,,,,,
,,,,,,,,,,,,,,,,,,,,,,,,,
,,,,,,,,,,,,,,,,,,,,,,,,,
,,,,,,,,,,,,,,,,,,,,,,,,,
,,,,,,,,,,,,,,,,,,,,,,,,,
,,,,,,,,,,,,,,,,,,,,,,,,,
,,,,,,,,,,,,,,,,,,,,,,,,,
,,,,,,,,,,,,,,,,,,,,,,,,,
,,,,,,,,,,,,,,,,,,,,,,,,,
,,,,,,,,,,,,,,,,,,,,,,,,,
,,,,,,,,,,,,,,,,,,,,,,,,,
,,,,,,,,,,,,,,,,,,,,,,,,,
,,,,,,,,,,,,,,,,,,,,,,,,,
,,,,,,,,,,,,,,,,,,,,,,,,,
,,,,,,,,,,,,,,,,,,,,,,,,,
,,,,,,,,,,,,,,,,,,,,,,,,,
,,,,,,,,,,,,,,,,,,,,,,,,,
,,,,,,,,,,,,,,,,,,,,,,,,,
,,,,,,,,,,,,,,,,,,,,,,,,,
,,,,,,,,,,,,,,,,,,,,,,,,,
,,,,,,,,,,,,,,,,,,,,,,,,,
,,,,,,,,,,,,,,,,,,,,,,,,,
,,,,,,,,,,,,,,,,,,,,,,,,,
,,,,,,,,,,,,,,,,,,,,,,,,,
,,,,,,,,,,,,,,,,,,,,,,,,,
,,,,,,,,,,,,,,,,,,,,,,,,,
,,,,,,,,,,,,,,,,,,,,,,,,,
,,,,,,,,,,,,,,,,,,,,,,,,,
,,,,,,,,,,,,,,,,,,,,,,,,,
,,,,,,,,,,,,,,,,,,,,,,,,,
,,,,,,,,,,,,,,,,,,,,,,,,,
,,,,,,,,,,,,,,,,,,,,,,,,,
,,,,,,,,,,,,,,,,,,,,,,,,,
,,,,,,,,,,,,,,,,,,,,,,,,,
,,,,,,,,,,,,,,,,,,,,,,,,,
,,,,,,,,,,,,,,,,,,,,,,,,,
,,,,,,,,,,,,,,,,,,,,,,,,,
,,,,,,,,,,,,,,,,,,,,,,,,,
,,,,,,,,,,,,,,,,,,,,,,,,,
,,,,,,,,,,,,,,,,,,,,,,,,,
,,,,,,,,,,,,,,,,,,,,,,,,,
,,,,,,,,,,,,,,,,,,,,,,,,,
,,,,,,,,,,,,,,,,,,,,,,,,,
,,,,,,,,,,,,,,,,,,,,,,,,,
,,,,,,,,,,,,,,,,,,,,,,,,,
,,,,,,,,,,,,,,,,,,,,,,,,,
,,,,,,,,,,,,,,,,,,,,,,,,,
,,,,,,,,,,,,,,,,,,,,,,,,,
,,,,,,,,,,,,,,,,,,,,,,,,,
,,,,,,,,,,,,,,,,,,,,,,,,,
,,,,,,,,,,,,,,,,,,,,,,,,,
,,,,,,,,,,,,,,,,,,,,,,,,,
,,,,,,,,,,,,,,,,,,,,,,,,,
,,,,,,,,,,,,,,,,,,,,,,,,,
,,,,,,,,,,,,,,,,,,,,,,,,,
,,,,,,,,,,,,,,,,,,,,,,,,,
,,,,,,,,,,,,,,,,,,,,,,,,,
,,,,,,,,,,,,,,,,,,,,,,,,,
,,,,,,,,,,,,,,,,,,,,,,,,,
,,,,,,,,,,,,,,,,,,,,,,,,,
,,,,,,,,,,,,,,,,,,,,,,,,,
,,,,,,,,,,,,,,,,,,,,,,,,,
,,,,,,,,,,,,,,,,,,,,,,,,,
,,,,,,,,,,,,,,,,,,,,,,,,,
,,,,,,,,,,,,,,,,,,,,,,,,,
,,,,,,,,,,,,,,,,,,,,,,,,,
,,,,,,,,,,,,,,,,,,,,,,,,,
,,,,,,,,,,,,,,,,,,,,,,,,,
,,,,,,,,,,,,,,,,,,,,,,,,,
,,,,,,,,,,,,,,,,,,,,,,,,,
,,,,,,,,,,,,,,,,,,,,,,,,,
,,,,,,,,,,,,,,,,,,,,,,,,,
,,,,,,,,,,,,,,,,,,,,,,,,,
,,,,,,,,,,,,,,,,,,,,,,,,,
,,,,,,,,,,,,,,,,,,,,,,,,,
,,,,,,,,,,,,,,,,,,,,,,,,,
,,,,,,,,,,,,,,,,,,,,,,,,,
,,,,,,,,,,,,,,,,,,,,,,,,,
,,,,,,,,,,,,,,,,,,,,,,,,,
,,,,,,,,,,,,,,,,,,,,,,,,,
,,,,,,,,,,,,,,,,,,,,,,,,,
,,,,,,,,,,,,,,,,,,,,,,,,,
,,,,,,,,,,,,,,,,,,,,,,,,,
,,,,,,,,,,,,,,,,,,,,,,,,,
,,,,,,,,,,,,,,,,,,,,,,,,,
,,,,,,,,,,,,,,,,,,,,,,,,,
,,,,,,,,,,,,,,,,,,,,,,,,,
,,,,,,,,,,,,,,,,,,,,,,,,,
,,,,,,,,,,,,,,,,,,,,,,,,,
,,,,,,,,,,,,,,,,,,,,,,,,,
,,,,,,,,,,,,,,,,,,,,,,,,,
,,,,,,,,,,,,,,,,,,,,,,,,,
,,,,,,,,,,,,,,,,,,,,,,,,,
,,,,,,,,,,,,,,,,,,,,,,,,,
,,,,,,,,,,,,,,,,,,,,,,,,,
,,,,,,,,,,,,,,,,,,,,,,,,,
,,,,,,,,,,,,,,,,,,,,,,,,,
,,,,,,,,,,,,,,,,,,,,,,,,,
,,,,,,,,,,,,,,,,,,,,,,,,,
,,,,,,,,,,,,,,,,,,,,,,,,,
,,,,,,,,,,,,,,,,,,,,,,,,,
,,,,,,,,,,,,,,,,,,,,,,,,,
,,,,,,,,,,,,,,,,,,,,,,,,,
,,,,,,,,,,,,,,,,,,,,,,,,,
,,,,,,,,,,,,,,,,,,,,,,,,,
,,,,,,,,,,,,,,,,,,,,,,,,,
,,,,,,,,,,,,,,,,,,,,,,,,,
,,,,,,,,,,,,,,,,,,,,,,,,,
,,,,,,,,,,,,,,,,,,,,,,,,,
,,,,,,,,,,,,,,,,,,,,,,,,,
,,,,,,,,,,,,,,,,,,,,,,,,,
,,,,,,,,,,,,,,,,,,,,,,,,,
,,,,,,,,,,,,,,,,,,,,,,,,,
,,,,,,,,,,,,,,,,,,,,,,,,,
,,,,,,,,,,,,,,,,,,,,,,,,,
,,,,,,,,,,,,,,,,,,,,,,,,,
,,,,,,,,,,,,,,,,,,,,,,,,,
,,,,,,,,,,,,,,,,,,,,,,,,,
,,,,,,,,,,,,,,,,,,,,,,,,,
,,,,,,,,,,,,,,,,,,,,,,,,,
,,,,,,,,,,,,,,,,,,,,,,,,,
,,,,,,,,,,,,,,,,,,,,,,,,,
,,,,,,,,,,,,,,,,,,,,,,,,,
,,,,,,,,,,,,,,,,,,,,,,,,,
,,,,,,,,,,,,,,,,,,,,,,,,,
,,,,,,,,,,,,,,,,,,,,,,,,,
,,,,,,,,,,,,,,,,,,,,,,,,,
,,,,,,,,,,,,,,,,,,,,,,,,,
,,,,,,,,,,,,,,,,,,,,,,,,,
,,,,,,,,,,,,,,,,,,,,,,,,,
,,,,,,,,,,,,,,,,,,,,,,,,,
,,,,,,,,,,,,,,,,,,,,,,,,,
,,,,,,,,,,,,,,,,,,,,,,,,,
,,,,,,,,,,,,,,,,,,,,,,,,,
,,,,,,,,,,,,,,,,,,,,,,,,,
,,,,,,,,,,,,,,,,,,,,,,,,,
,,,,,,,,,,,,,,,,,,,,,,,,,
,,,,,,,,,,,,,,,,,,,,,,,,,
,,,,,,,,,,,,,,,,,,,,,,,,,
,,,,,,,,,,,,,,,,,,,,,,,,,
,,,,,,,,,,,,,,,,,,,,,,,,,
,,,,,,,,,,,,,,,,,,,,,,,,,
,,,,,,,,,,,,,,,,,,,,,,,,,
,,,,,,,,,,,,,,,,,,,,,,,,,
,,,,,,,,,,,,,,,,,,,,,,,,,
,,,,,,,,,,,,,,,,,,,,,,,,,
,,,,,,,,,,,,,,,,,,,,,,,,,
,,,,,,,,,,,,,,,,,,,,,,,,,
,,,,,,,,,,,,,,,,,,,,,,,,,
,,,,,,,,,,,,,,,,,,,,,,,,,
,,,,,,,,,,,,,,,,,,,,,,,,,
,,,,,,,,,,,,,,,,,,,,,,,,,
,,,,,,,,,,,,,,,,,,,,,,,,,
,,,,,,,,,,,,,,,,,,,,,,,,,
,,,,,,,,,,,,,,,,,,,,,,,,,
,,,,,,,,,,,,,,,,,,,,,,,,,
,,,,,,,,,,,,,,,,,,,,,,,,,
,,,,,,,,,,,,,,,,,,,,,,,,,
,,,,,,,,,,,,,,,,,,,,,,,,,
,,,,,,,,,,,,,,,,,,,,,,,,,
,,,,,,,,,,,,,,,,,,,,,,,,,
,,,,,,,,,,,,,,,,,,,,,,,,,
,,,,,,,,,,,,,,,,,,,,,,,,,
,,,,,,,,,,,,,,,,,,,,,,,,,
,,,,,,,,,,,,,,,,,,,,,,,,,
,,,,,,,,,,,,,,,,,,,,,,,,,
,,,,,,,,,,,,,,,,,,,,,,,,,
,,,,,,,,,,,,,,,,,,,,,,,,,
,,,,,,,,,,,,,,,,,,,,,,,,,
,,,,,,,,,,,,,,,,,,,,,,,,,
,,,,,,,,,,,,,,,,,,,,,,,,,
,,,,,,,,,,,,,,,,,,,,,,,,,
,,,,,,,,,,,,,,,,,,,,,,,,,
,,,,,,,,,,,,,,,,,,,,,,,,,
,,,,,,,,,,,,,,,,,,,,,,,,,
,,,,,,,,,,,,,,,,,,,,,,,,,
,,,,,,,,,,,,,,,,,,,,,,,,,
,,,,,,,,,,,,,,,,,,,,,,,,,
,,,,,,,,,,,,,,,,,,,,,,,,,
,,,,,,,,,,,,,,,,,,,,,,,,,
,,,,,,,,,,,,,,,,,,,,,,,,,
,,,,,,,,,,,,,,,,,,,,,,,,,
,,,,,,,,,,,,,,,,,,,,,,,,,
,,,,,,,,,,,,,,,,,,,,,,,,,
,,,,,,,,,,,,,,,,,,,,,,,,,
,,,,,,,,,,,,,,,,,,,,,,,,,
,,,,,,,,,,,,,,,,,,,,,,,,,
,,,,,,,,,,,,,,,,,,,,,,,,,
,,,,,,,,,,,,,,,,,,,,,,,,,
,,,,,,,,,,,,,,,,,,,,,,,,,
,,,,,,,,,,,,,,,,,,,,,,,,,
,,,,,,,,,,,,,,,,,,,,,,,,,
,,,,,,,,,,,,,,,,,,,,,,,,,
,,,,,,,,,,,,,,,,,,,,,,,,,
,,,,,,,,,,,,,,,,,,,,,,,,,
,,,,,,,,,,,,,,,,,,,,,,,,,
,,,,,,,,,,,,,,,,,,,,,,,,,
,,,,,,,,,,,,,,,,,,,,,,,,,
,,,,,,,,,,,,,,,,,,,,,,,,,
,,,,,,,,,,,,,,,,,,,,,,,,,
,,,,,,,,,,,,,,,,,,,,,,,,,
,,,,,,,,,,,,,,,,,,,,,,,,,
,,,,,,,,,,,,,,,,,,,,,,,,,
,,,,,,,,,,,,,,,,,,,,,,,,,
,,,,,,,,,,,,,,,,,,,,,,,,,
,,,,,,,,,,,,,,,,,,,,,,,,,
,,,,,,,,,,,,,,,,,,,,,,,,,
,,,,,,,,,,,,,,,,,,,,,,,,,
,,,,,,,,,,,,,,,,,,,,,,,,,
,,,,,,,,,,,,,,,,,,,,,,,,,
,,,,,,,,,,,,,,,,,,,,,,,,,
,,,,,,,,,,,,,,,,,,,,,,,,,
,,,,,,,,,,,,,,,,,,,,,,,,,
,,,,,,,,,,,,,,,,,,,,,,,,,
,,,,,,,,,,,,,,,,,,,,,,,,,
,,,,,,,,,,,,,,,,,,,,,,,,,
,,,,,,,,,,,,,,,,,,,,,,,,,
,,,,,,,,,,,,,,,,,,,,,,,,,
,,,,,,,,,,,,,,,,,,,,,,,,,
,,,,,,,,,,,,,,,,,,,,,,,,,
,,,,,,,,,,,,,,,,,,,,,,,,,
,,,,,,,,,,,,,,,,,,,,,,,,,
,,,,,,,,,,,,,,,,,,,,,,,,,
,,,,,,,,,,,,,,,,,,,,,,,,,
,,,,,,,,,,,,,,,,,,,,,,,,,
,,,,,,,,,,,,,,,,,,,,,,,,,
,,,,,,,,,,,,,,,,,,,,,,,,,
,,,,,,,,,,,,,,,,,,,,,,,,,
,,,,,,,,,,,,,,,,,,,,,,,,,
,,,,,,,,,,,,,,,,,,,,,,,,,
,,,,,,,,,,,,,,,,,,,,,,,,,
,,,,,,,,,,,,,,,,,,,,,,,,,
,,,,,,,,,,,,,,,,,,,,,,,,,
,,,,,,,,,,,,,,,,,,,,,,,,,
,,,,,,,,,,,,,,,,,,,,,,,,,
,,,,,,,,,,,,,,,,,,,,,,,,,
,,,,,,,,,,,,,,,,,,,,,,,,,
,,,,,,,,,,,,,,,,,,,,,,,,,
,,,,,,,,,,,,,,,,,,,,,,,,,
,,,,,,,,,,,,,,,,,,,,,,,,,
,,,,,,,,,,,,,,,,,,,,,,,,,
,,,,,,,,,,,,,,,,,,,,,,,,,
,,,,,,,,,,,,,,,,,,,,,,,,,
,,,,,,,,,,,,,,,,,,,,,,,,,
,,,,,,,,,,,,,,,,,,,,,,,,,
,,,,,,,,,,,,,,,,,,,,,,,,,
,,,,,,,,,,,,,,,,,,,,,,,,,
,,,,,,,,,,,,,,,,,,,,,,,,,
,,,,,,,,,,,,,,,,,,,,,,,,,
,,,,,,,,,,,,,,,,,,,,,,,,,
,,,,,,,,,,,,,,,,,,,,,,,,,
,,,,,,,,,,,,,,,,,,,,,,,,,
,,,,,,,,,,,,,,,,,,,,,,,,,
,,,,,,,,,,,,,,,,,,,,,,,,,
,,,,,,,,,,,,,,,,,,,,,,,,,
,,,,,,,,,,,,,,,,,,,,,,,,,
,,,,,,,,,,,,,,,,,,,,,,,,,
,,,,,,,,,,,,,,,,,,,,,,,,,
,,,,,,,,,,,,,,,,,,,,,,,,,
,,,,,,,,,,,,,,,,,,,,,,,,,
,,,,,,,,,,,,,,,,,,,,,,,,,
,,,,,,,,,,,,,,,,,,,,,,,,,
,,,,,,,,,,,,,,,,,,,,,,,,,
,,,,,,,,,,,,,,,,,,,,,,,,,
,,,,,,,,,,,,,,,,,,,,,,,,,
,,,,,,,,,,,,,,,,,,,,,,,,,
,,,,,,,,,,,,,,,,,,,,,,,,,
,,,,,,,,,,,,,,,,,,,,,,,,,
,,,,,,,,,,,,,,,,,,,,,,,,,
,,,,,,,,,,,,,,,,,,,,,,,,,
,,,,,,,,,,,,,,,,,,,,,,,,,
,,,,,,,,,,,,,,,,,,,,,,,,,
,,,,,,,,,,,,,,,,,,,,,,,,,
,,,,,,,,,,,,,,,,,,,,,,,,,
,,,,,,,,,,,,,,,,,,,,,,,,,
,,,,,,,,,,,,,,,,,,,,,,,,,
,,,,,,,,,,,,,,,,,,,,,,,,,
,,,,,,,,,,,,,,,,,,,,,,,,,
,,,,,,,,,,,,,,,,,,,,,,,,,
,,,,,,,,,,,,,,,,,,,,,,,,,
,,,,,,,,,,,,,,,,,,,,,,,,,
,,,,,,,,,,,,,,,,,,,,,,,,,
,,,,,,,,,,,,,,,,,,,,,,,,,
,,,,,,,,,,,,,,,,,,,,,,,,,
,,,,,,,,,,,,,,,,,,,,,,,,,
,,,,,,,,,,,,,,,,,,,,,,,,,
,,,,,,,,,,,,,,,,,,,,,,,,,
,,,,,,,,,,,,,,,,,,,,,,,,,
,,,,,,,,,,,,,,,,,,,,,,,,,
,,,,,,,,,,,,,,,,,,,,,,,,,
,,,,,,,,,,,,,,,,,,,,,,,,,
,,,,,,,,,,,,,,,,,,,,,,,,,
,,,,,,,,,,,,,,,,,,,,,,,,,
,,,,,,,,,,,,,,,,,,,,,,,,,
,,,,,,,,,,,,,,,,,,,,,,,,,
,,,,,,,,,,,,,,,,,,,,,,,,,
,,,,,,,,,,,,,,,,,,,,,,,,,
,,,,,,,,,,,,,,,,,,,,,,,,,
,,,,,,,,,,,,,,,,,,,,,,,,,
,,,,,,,,,,,,,,,,,,,,,,,,,
,,,,,,,,,,,,,,,,,,,,,,,,,
,,,,,,,,,,,,,,,,,,,,,,,,,
,,,,,,,,,,,,,,,,,,,,,,,,,
,,,,,,,,,,,,,,,,,,,,,,,,,
,,,,,,,,,,,,,,,,,,,,,,,,,
,,,,,,,,,,,,,,,,,,,,,,,,,
,,,,,,,,,,,,,,,,,,,,,,,,,
,,,,,,,,,,,,,,,,,,,,,,,,,
,,,,,,,,,,,,,,,,,,,,,,,,,
,,,,,,,,,,,,,,,,,,,,,,,,,
,,,,,,,,,,,,,,,,,,,,,,,,,
,,,,,,,,,,,,,,,,,,,,,,,,,
,,,,,,,,,,,,,,,,,,,,,,,,,
,,,,,,,,,,,,,,,,,,,,,,,,,
,,,,,,,,,,,,,,,,,,,,,,,,,
,,,,,,,,,,,,,,,,,,,,,,,,,
,,,,,,,,,,,,,,,,,,,,,,,,,
,,,,,,,,,,,,,,,,,,,,,,,,,
,,,,,,,,,,,,,,,,,,,,,,,,,
,,,,,,,,,,,,,,,,,,,,,,,,,
,,,,,,,,,,,,,,,,,,,,,,,,,
,,,,,,,,,,,,,,,,,,,,,,,,,
,,,,,,,,,,,,,,,,,,,,,,,,,
,,,,,,,,,,,,,,,,,,,,,,,,,
,,,,,,,,,,,,,,,,,,,,,,,,,
,,,,,,,,,,,,,,,,,,,,,,,,,
,,,,,,,,,,,,,,,,,,,,,,,,,
,,,,,,,,,,,,,,,,,,,,,,,,,
,,,,,,,,,,,,,,,,,,,,,,,,,
,,,,,,,,,,,,,,,,,,,,,,,,,
,,,,,,,,,,,,,,,,,,,,,,,,,
,,,,,,,,,,,,,,,,,,,,,,,,,
,,,,,,,,,,,,,,,,,,,,,,,,,
,,,,,,,,,,,,,,,,,,,,,,,,,
,,,,,,,,,,,,,,,,,,,,,,,,,
,,,,,,,,,,,,,,,,,,,,,,,,,
,,,,,,,,,,,,,,,,,,,,,,,,,
,,,,,,,,,,,,,,,,,,,,,,,,,
,,,,,,,,,,,,,,,,,,,,,,,,,
,,,,,,,,,,,,,,,,,,,,,,,,,
,,,,,,,,,,,,,,,,,,,,,,,,,
,,,,,,,,,,,,,,,,,,,,,,,,,
,,,,,,,,,,,,,,,,,,,,,,,,,
,,,,,,,,,,,,,,,,,,,,,,,,,
,,,,,,,,,,,,,,,,,,,,,,,,,
,,,,,,,,,,,,,,,,,,,,,,,,,
,,,,,,,,,,,,,,,,,,,,,,,,,
,,,,,,,,,,,,,,,,,,,,,,,,,
,,,,,,,,,,,,,,,,,,,,,,,,,
,,,,,,,,,,,,,,,,,,,,,,,,,
,,,,,,,,,,,,,,,,,,,,,,,,,
,,,,,,,,,,,,,,,,,,,,,,,,,
,,,,,,,,,,,,,,,,,,,,,,,,,
,,,,,,,,,,,,,,,,,,,,,,,,,
,,,,,,,,,,,,,,,,,,,,,,,,,
,,,,,,,,,,,,,,,,,,,,,,,,,
,,,,,,,,,,,,,,,,,,,,,,,,,
,,,,,,,,,,,,,,,,,,,,,,,,,
,,,,,,,,,,,,,,,,,,,,,,,,,
,,,,,,,,,,,,,,,,,,,,,,,,,
,,,,,,,,,,,,,,,,,,,,,,,,,
,,,,,,,,,,,,,,,,,,,,,,,,,
,,,,,,,,,,,,,,,,,,,,,,,,,
,,,,,,,,,,,,,,,,,,,,,,,,,
,,,,,,,,,,,,,,,,,,,,,,,,,
,,,,,,,,,,,,,,,,,,,,,,,,,
,,,,,,,,,,,,,,,,,,,,,,,,,
,,,,,,,,,,,,,,,,,,,,,,,,,
,,,,,,,,,,,,,,,,,,,,,,,,,
,,,,,,,,,,,,,,,,,,,,,,,,,
,,,,,,,,,,,,,,,,,,,,,,,,,
,,,,,,,,,,,,,,,,,,,,,,,,,
,,,,,,,,,,,,,,,,,,,,,,,,,
,,,,,,,,,,,,,,,,,,,,,,,,,
,,,,,,,,,,,,,,,,,,,,,,,,,
,,,,,,,,,,,,,,,,,,,,,,,,,
,,,,,,,,,,,,,,,,,,,,,,,,,
,,,,,,,,,,,,,,,,,,,,,,,,,
,,,,,,,,,,,,,,,,,,,,,,,,,
,,,,,,,,,,,,,,,,,,,,,,,,,
,,,,,,,,,,,,,,,,,,,,,,,,,
,,,,,,,,,,,,,,,,,,,,,,,,,
,,,,,,,,,,,,,,,,,,,,,,,,,
,,,,,,,,,,,,,,,,,,,,,,,,,
,,,,,,,,,,,,,,,,,,,,,,,,,
,,,,,,,,,,,,,,,,,,,,,,,,,
,,,,,,,,,,,,,,,,,,,,,,,,,
,,,,,,,,,,,,,,,,,,,,,,,,,
,,,,,,,,,,,,,,,,,,,,,,,,,
,,,,,,,,,,,,,,,,,,,,,,,,,
,,,,,,,,,,,,,,,,,,,,,,,,,
,,,,,,,,,,,,,,,,,,,,,,,,,
,,,,,,,,,,,,,,,,,,,,,,,,,
,,,,,,,,,,,,,,,,,,,,,,,,,
,,,,,,,,,,,,,,,,,,,,,,,,,
,,,,,,,,,,,,,,,,,,,,,,,,,
,,,,,,,,,,,,,,,,,,,,,,,,,
,,,,,,,,,,,,,,,,,,,,,,,,,
,,,,,,,,,,,,,,,,,,,,,,,,,
,,,,,,,,,,,,,,,,,,,,,,,,,
,,,,,,,,,,,,,,,,,,,,,,,,,
,,,,,,,,,,,,,,,,,,,,,,,,,
,,,,,,,,,,,,,,,,,,,,,,,,,
,,,,,,,,,,,,,,,,,,,,,,,,,
,,,,,,,,,,,,,,,,,,,,,,,,,
,,,,,,,,,,,,,,,,,,,,,,,,,
,,,,,,,,,,,,,,,,,,,,,,,,,
,,,,,,,,,,,,,,,,,,,,,,,,,
,,,,,,,,,,,,,,,,,,,,,,,,,
,,,,,,,,,,,,,,,,,,,,,,,,,
,,,,,,,,,,,,,,,,,,,,,,,,,
,,,,,,,,,,,,,,,,,,,,,,,,,
,,,,,,,,,,,,,,,,,,,,,,,,,
,,,,,,,,,,,,,,,,,,,,,,,,,
,,,,,,,,,,,,,,,,,,,,,,,,,
,,,,,,,,,,,,,,,,,,,,,,,,,
,,,,,,,,,,,,,,,,,,,,,,,,,
,,,,,,,,,,,,,,,,,,,,,,,,,
,,,,,,,,,,,,,,,,,,,,,,,,,
,,,,,,,,,,,,,,,,,,,,,,,,,
,,,,,,,,,,,,,,,,,,,,,,,,,
,,,,,,,,,,,,,,,,,,,,,,,,,
,,,,,,,,,,,,,,,,,,,,,,,,,
,,,,,,,,,,,,,,,,,,,,,,,,,
,,,,,,,,,,,,,,,,,,,,,,,,,
,,,,,,,,,,,,,,,,,,,,,,,,,
,,,,,,,,,,,,,,,,,,,,,,,,,
,,,,,,,,,,,,,,,,,,,,,,,,,
,,,,,,,,,,,,,,,,,,,,,,,,,
,,,,,,,,,,,,,,,,,,,,,,,,,
,,,,,,,,,,,,,,,,,,,,,,,,,
,,,,,,,,,,,,,,,,,,,,,,,,,
,,,,,,,,,,,,,,,,,,,,,,,,,
,,,,,,,,,,,,,,,,,,,,,,,,,
,,,,,,,,,,,,,,,,,,,,,,,,,
,,,,,,,,,,,,,,,,,,,,,,,,,
,,,,,,,,,,,,,,,,,,,,,,,,,
,,,,,,,,,,,,,,,,,,,,,,,,,
,,,,,,,,,,,,,,,,,,,,,,,,,
,,,,,,,,,,,,,,,,,,,,,,,,,
,,,,,,,,,,,,,,,,,,,,,,,,,
,,,,,,,,,,,,,,,,,,,,,,,,,
,,,,,,,,,,,,,,,,,,,,,,,,,
,,,,,,,,,,,,,,,,,,,,,,,,,
,,,,,,,,,,,,,,,,,,,,,,,,,
,,,,,,,,,,,,,,,,,,,,,,,,,
,,,,,,,,,,,,,,,,,,,,,,,,,
,,,,,,,,,,,,,,,,,,,,,,,,,
,,,,,,,,,,,,,,,,,,,,,,,,,
,,,,,,,,,,,,,,,,,,,,,,,,,
,,,,,,,,,,,,,,,,,,,,,,,,,
,,,,,,,,,,,,,,,,,,,,,,,,,
,,,,,,,,,,,,,,,,,,,,,,,,,
,,,,,,,,,,,,,,,,,,,,,,,,,
,,,,,,,,,,,,,,,,,,,,,,,,,
,,,,,,,,,,,,,,,,,,,,,,,,,
,,,,,,,,,,,,,,,,,,,,,,,,,
,,,,,,,,,,,,,,,,,,,,,,,,,
,,,,,,,,,,,,,,,,,,,,,,,,,
,,,,,,,,,,,,,,,,,,,,,,,,,
,,,,,,,,,,,,,,,,,,,,,,,,,
,,,,,,,,,,,,,,,,,,,,,,,,,
,,,,,,,,,,,,,,,,,,,,,,,,,
,,,,,,,,,,,,,,,,,,,,,,,,,
,,,,,,,,,,,,,,,,,,,,,,,,,
,,,,,,,,,,,,,,,,,,,,,,,,,
,,,,,,,,,,,,,,,,,,,,,,,,,
,,,,,,,,,,,,,,,,,,,,,,,,,
,,,,,,,,,,,,,,,,,,,,,,,,,
,,,,,,,,,,,,,,,,,,,,,,,,,
,,,,,,,,,,,,,,,,,,,,,,,,,
,,,,,,,,,,,,,,,,,,,,,,,,,
,,,,,,,,,,,,,,,,,,,,,,,,,
,,,,,,,,,,,,,,,,,,,,,,,,,
,,,,,,,,,,,,,,,,,,,,,,,,,
,,,,,,,,,,,,,,,,,,,,,,,,,
,,,,,,,,,,,,,,,,,,,,,,,,,
,,,,,,,,,,,,,,,,,,,,,,,,,
,,,,,,,,,,,,,,,,,,,,,,,,,
,,,,,,,,,,,,,,,,,,,,,,,,,
,,,,,,,,,,,,,,,,,,,,,,,,,
,,,,,,,,,,,,,,,,,,,,,,,,,
,,,,,,,,,,,,,,,,,,,,,,,,,
,,,,,,,,,,,,,,,,,,,,,,,,,
,,,,,,,,,,,,,,,,,,,,,,,,,
,,,,,,,,,,,,,,,,,,,,,,,,,
,,,,,,,,,,,,,,,,,,,,,,,,,
,,,,,,,,,,,,,,,,,,,,,,,,,
,,,,,,,,,,,,,,,,,,,,,,,,,
,,,,,,,,,,,,,,,,,,,,,,,,,
,,,,,,,,,,,,,,,,,,,,,,,,,
,,,,,,,,,,,,,,,,,,,,,,,,,
,,,,,,,,,,,,,,,,,,,,,,,,,
,,,,,,,,,,,,,,,,,,,,,,,,,
,,,,,,,,,,,,,,,,,,,,,,,,,
,,,,,,,,,,,,,,,,,,,,,,,,,
,,,,,,,,,,,,,,,,,,,,,,,,,
,,,,,,,,,,,,,,,,,,,,,,,,,
,,,,,,,,,,,,,,,,,,,,,,,,,
,,,,,,,,,,,,,,,,,,,,,,,,,
,,,,,,,,,,,,,,,,,,,,,,,,,
,,,,,,,,,,,,,,,,,,,,,,,,,
,,,,,,,,,,,,,,,,,,,,,,,,,
,,,,,,,,,,,,,,,,,,,,,,,,,
,,,,,,,,,,,,,,,,,,,,,,,,,
,,,,,,,,,,,,,,,,,,,,,,,,,
,,,,,,,,,,,,,,,,,,,,,,,,,
,,,,,,,,,,,,,,,,,,,,,,,,,
,,,,,,,,,,,,,,,,,,,,,,,,,
,,,,,,,,,,,,,,,,,,,,,,,,,
,,,,,,,,,,,,,,,,,,,,,,,,,
,,,,,,,,,,,,,,,,,,,,,,,,,
,,,,,,,,,,,,,,,,,,,,,,,,,
,,,,,,,,,,,,,,,,,,,,,,,,,
,,,,,,,,,,,,,,,,,,,,,,,,,
,,,,,,,,,,,,,,,,,,,,,,,,,
,,,,,,,,,,,,,,,,,,,,,,,,,
,,,,,,,,,,,,,,,,,,,,,,,,,
,,,,,,,,,,,,,,,,,,,,,,,,,
,,,,,,,,,,,,,,,,,,,,,,,,,
,,,,,,,,,,,,,,,,,,,,,,,,,
,,,,,,,,,,,,,,,,,,,,,,,,,
,,,,,,,,,,,,,,,,,,,,,,,,,
,,,,,,,,,,,,,,,,,,,,,,,,,
,,,,,,,,,,,,,,,,,,,,,,,,,
,,,,,,,,,,,,,,,,,,,,,,,,,
,,,,,,,,,,,,,,,,,,,,,,,,,
,,,,,,,,,,,,,,,,,,,,,,,,,
,,,,,,,,,,,,,,,,,,,,,,,,,
,,,,,,,,,,,,,,,,,,,,,,,,,
,,,,,,,,,,,,,,,,,,,,,,,,,
,,,,,,,,,,,,,,,,,,,,,,,,,
,,,,,,,,,,,,,,,,,,,,,,,,,
,,,,,,,,,,,,,,,,,,,,,,,,,
,,,,,,,,,,,,,,,,,,,,,,,,,
,,,,,,,,,,,,,,,,,,,,,,,,,
,,,,,,,,,,,,,,,,,,,,,,,,,
,,,,,,,,,,,,,,,,,,,,,,,,,
,,,,,,,,,,,,,,,,,,,,,,,,,
,,,,,,,,,,,,,,,,,,,,,,,,,
,,,,,,,,,,,,,,,,,,,,,,,,,
,,,,,,,,,,,,,,,,,,,,,,,,,
,,,,,,,,,,,,,,,,,,,,,,,,,
,,,,,,,,,,,,,,,,,,,,,,,,,
,,,,,,,,,,,,,,,,,,,,,,,,,
,,,,,,,,,,,,,,,,,,,,,,,,,
,,,,,,,,,,,,,,,,,,,,,,,,,
,,,,,,,,,,,,,,,,,,,,,,,,,
,,,,,,,,,,,,,,,,,,,,,,,,,
,,,,,,,,,,,,,,,,,,,,,,,,,
,,,,,,,,,,,,,,,,,,,,,,,,,
,,,,,,,,,,,,,,,,,,,,,,,,,
,,,,,,,,,,,,,,,,,,,,,,,,,
,,,,,,,,,,,,,,,,,,,,,,,,,
,,,,,,,,,,,,,,,,,,,,,,,,,
,,,,,,,,,,,,,,,,,,,,,,,,,
,,,,,,,,,,,,,,,,,,,,,,,,,
,,,,,,,,,,,,,,,,,,,,,,,,,
,,,,,,,,,,,,,,,,,,,,,,,,,
,,,,,,,,,,,,,,,,,,,,,,,,,
,,,,,,,,,,,,,,,,,,,,,,,,,
,,,,,,,,,,,,,,,,,,,,,,,,,
,,,,,,,,,,,,,,,,,,,,,,,,,
,,,,,,,,,,,,,,,,,,,,,,,,,
,,,,,,,,,,,,,,,,,,,,,,,,,
,,,,,,,,,,,,,,,,,,,,,,,,,
,,,,,,,,,,,,,,,,,,,,,,,,,
,,,,,,,,,,,,,,,,,,,,,,,,,
,,,,,,,,,,,,,,,,,,,,,,,,,
,,,,,,,,,,,,,,,,,,,,,,,,,
,,,,,,,,,,,,,,,,,,,,,,,,,
,,,,,,,,,,,,,,,,,,,,,,,,,
,,,,,,,,,,,,,,,,,,,,,,,,,
,,,,,,,,,,,,,,,,,,,,,,,,,
,,,,,,,,,,,,,,,,,,,,,,,,,
,,,,,,,,,,,,,,,,,,,,,,,,,
,,,,,,,,,,,,,,,,,,,,,,,,,
,,,,,,,,,,,,,,,,,,,,,,,,,
,,,,,,,,,,,,,,,,,,,,,,,,,
,,,,,,,,,,,,,,,,,,,,,,,,,
,,,,,,,,,,,,,,,,,,,,,,,,,
,,,,,,,,,,,,,,,,,,,,,,,,,
,,,,,,,,,,,,,,,,,,,,,,,,,
,,,,,,,,,,,,,,,,,,,,,,,,,
,,,,,,,,,,,,,,,,,,,,,,,,,
,,,,,,,,,,,,,,,,,,,,,,,,,
,,,,,,,,,,,,,,,,,,,,,,,,,
,,,,,,,,,,,,,,,,,,,,,,,,,
,,,,,,,,,,,,,,,,,,,,,,,,,
,,,,,,,,,,,,,,,,,,,,,,,,,
,,,,,,,,,,,,,,,,,,,,,,,,,
,,,,,,,,,,,,,,,,,,,,,,,,,
,,,,,,,,,,,,,,,,,,,,,,,,,
,,,,,,,,,,,,,,,,,,,,,,,,,
,,,,,,,,,,,,,,,,,,,,,,,,,
,,,,,,,,,,,,,,,,,,,,,,,,,
,,,,,,,,,,,,,,,,,,,,,,,,,
,,,,,,,,,,,,,,,,,,,,,,,,,
,,,,,,,,,,,,,,,,,,,,,,,,,
,,,,,,,,,,,,,,,,,,,,,,,,,
,,,,,,,,,,,,,,,,,,,,,,,,,
,,,,,,,,,,,,,,,,,,,,,,,,,
,,,,,,,,,,,,,,,,,,,,,,,,,
,,,,,,,,,,,,,,,,,,,,,,,,,
,,,,,,,,,,,,,,,,,,,,,,,,,
,,,,,,,,,,,,,,,,,,,,,,,,,
,,,,,,,,,,,,,,,,,,,,,,,,,
,,,,,,,,,,,,,,,,,,,,,,,,,
,,,,,,,,,,,,,,,,,,,,,,,,,
,,,,,,,,,,,,,,,,,,,,,,,,,
,,,,,,,,,,,,,,,,,,,,,,,,,
,,,,,,,,,,,,,,,,,,,,,,,,,
,,,,,,,,,,,,,,,,,,,,,,,,,
,,,,,,,,,,,,,,,,,,,,,,,,,
,,,,,,,,,,,,,,,,,,,,,,,,,
,,,,,,,,,,,,,,,,,,,,,,,,,
,,,,,,,,,,,,,,,,,,,,,,,,,
,,,,,,,,,,,,,,,,,,,,,,,,,
,,,,,,,,,,,,,,,,,,,,,,,,,
,,,,,,,,,,,,,,,,,,,,,,,,,
,,,,,,,,,,,,,,,,,,,,,,,,,
,,,,,,,,,,,,,,,,,,,,,,,,,
,,,,,,,,,,,,,,,,,,,,,,,,,
,,,,,,,,,,,,,,,,,,,,,,,,,
,,,,,,,,,,,,,,,,,,,,,,,,,
,,,,,,,,,,,,,,,,,,,,,,,,,
,,,,,,,,,,,,,,,,,,,,,,,,,
,,,,,,,,,,,,,,,,,,,,,,,,,
,,,,,,,,,,,,,,,,,,,,,,,,,
,,,,,,,,,,,,,,,,,,,,,,,,,
,,,,,,,,,,,,,,,,,,,,,,,,,
,,,,,,,,,,,,,,,,,,,,,,,,,
,,,,,,,,,,,,,,,,,,,,,,,,,
,,,,,,,,,,,,,,,,,,,,,,,,,
,,,,,,,,,,,,,,,,,,,,,,,,,
,,,,,,,,,,,,,,,,,,,,,,,,,
,,,,,,,,,,,,,,,,,,,,,,,,,
,,,,,,,,,,,,,,,,,,,,,,,,,
,,,,,,,,,,,,,,,,,,,,,,,,,
,,,,,,,,,,,,,,,,,,,,,,,,,
,,,,,,,,,,,,,,,,,,,,,,,,,
,,,,,,,,,,,,,,,,,,,,,,,,,
,,,,,,,,,,,,,,,,,,,,,,,,,
,,,,,,,,,,,,,,,,,,,,,,,,,
,,,,,,,,,,,,,,,,,,,,,,,,,
,,,,,,,,,,,,,,,,,,,,,,,,,
,,,,,,,,,,,,,,,,,,,,,,,,,
,,,,,,,,,,,,,,,,,,,,,,,,,
,,,,,,,,,,,,,,,,,,,,,,,,,
,,,,,,,,,,,,,,,,,,,,,,,,,
,,,,,,,,,,,,,,,,,,,,,,,,,
,,,,,,,,,,,,,,,,,,,,,,,,,
,,,,,,,,,,,,,,,,,,,,,,,,,
,,,,,,,,,,,,,,,,,,,,,,,,,
,,,,,,,,,,,,,,,,,,,,,,,,,
,,,,,,,,,,,,,,,,,,,,,,,,,
,,,,,,,,,,,,,,,,,,,,,,,,,
,,,,,,,,,,,,,,,,,,,,,,,,,
,,,,,,,,,,,,,,,,,,,,,,,,,
,,,,,,,,,,,,,,,,,,,,,,,,,
,,,,,,,,,,,,,,,,,,,,,,,,,
,,,,,,,,,,,,,,,,,,,,,,,,,
,,,,,,,,,,,,,,,,,,,,,,,,,
,,,,,,,,,,,,,,,,,,,,,,,,,
,,,,,,,,,,,,,,,,,,,,,,,,,
,,,,,,,,,,,,,,,,,,,,,,,,,
,,,,,,,,,,,,,,,,,,,,,,,,,
,,,,,,,,,,,,,,,,,,,,,,,,,
,,,,,,,,,,,,,,,,,,,,,,,,,
,,,,,,,,,,,,,,,,,,,,,,,,,
,,,,,,,,,,,,,,,,,,,,,,,,,
,,,,,,,,,,,,,,,,,,,,,,,,,
,,,,,,,,,,,,,,,,,,,,,,,,,
,,,,,,,,,,,,,,,,,,,,,,,,,
,,,,,,,,,,,,,,,,,,,,,,,,,
,,,,,,,,,,,,,,,,,,,,,,,,,
,,,,,,,,,,,,,,,,,,,,,,,,,
,,,,,,,,,,,,,,,,,,,,,,,,,
,,,,,,,,,,,,,,,,,,,,,,,,,
,,,,,,,,,,,,,,,,,,,,,,,,,
,,,,,,,,,,,,,,,,,,,,,,,,,
,,,,,,,,,,,,,,,,,,,,,,,,,
,,,,,,,,,,,,,,,,,,,,,,,,,
,,,,,,,,,,,,,,,,,,,,,,,,,
,,,,,,,,,,,,,,,,,,,,,,,,,
,,,,,,,,,,,,,,,,,,,,,,,,,
,,,,,,,,,,,,,,,,,,,,,,,,,
,,,,,,,,,,,,,,,,,,,,,,,,,
,,,,,,,,,,,,,,,,,,,,,,,,,
,,,,,,,,,,,,,,,,,,,,,,,,,
,,,,,,,,,,,,,,,,,,,,,,,,,
,,,,,,,,,,,,,,,,,,,,,,,,,
,,,,,,,,,,,,,,,,,,,,,,,,,
,,,,,,,,,,,,,,,,,,,,,,,,,
,,,,,,,,,,,,,,,,,,,,,,,,,
,,,,,,,,,,,,,,,,,,,,,,,,,
,,,,,,,,,,,,,,,,,,,,,,,,,
,,,,,,,,,,,,,,,,,,,,,,,,,
,,,,,,,,,,,,,,,,,,,,,,,,,
,,,,,,,,,,,,,,,,,,,,,,,,,
,,,,,,,,,,,,,,,,,,,,,,,,,
,,,,,,,,,,,,,,,,,,,,,,,,,
,,,,,,,,,,,,,,,,,,,,,,,,,
,,,,,,,,,,,,,,,,,,,,,,,,,
,,,,,,,,,,,,,,,,,,,,,,,,,
,,,,,,,,,,,,,,,,,,,,,,,,,
,,,,,,,,,,,,,,,,,,,,,,,,,
,,,,,,,,,,,,,,,,,,,,,,,,,
,,,,,,,,,,,,,,,,,,,,,,,,,
,,,,,,,,,,,,,,,,,,,,,,,,,
,,,,,,,,,,,,,,,,,,,,,,,,,
,,,,,,,,,,,,,,,,,,,,,,,,,
,,,,,,,,,,,,,,,,,,,,,,,,,
,,,,,,,,,,,,,,,,,,,,,,,,,
,,,,,,,,,,,,,,,,,,,,,,,,,
,,,,,,,,,,,,,,,,,,,,,,,,,
,,,,,,,,,,,,,,,,,,,,,,,,,
,,,,,,,,,,,,,,,,,,,,,,,,,
,,,,,,,,,,,,,,,,,,,,,,,,,
,,,,,,,,,,,,,,,,,,,,,,,,,
,,,,,,,,,,,,,,,,,,,,,,,,,
,,,,,,,,,,,,,,,,,,,,,,,,,
,,,,,,,,,,,,,,,,,,,,,,,,,
,,,,,,,,,,,,,,,,,,,,,,,,,
,,,,,,,,,,,,,,,,,,,,,,,,,
,,,,,,,,,,,,,,,,,,,,,,,,,
,,,,,,,,,,,,,,,,,,,,,,,,,
,,,,,,,,,,,,,,,,,,,,,,,,,
,,,,,,,,,,,,,,,,,,,,,,,,,
,,,,,,,,,,,,,,,,,,,,,,,,,
,,,,,,,,,,,,,,,,,,,,,,,,,
,,,,,,,,,,,,,,,,,,,,,,,,,
,,,,,,,,,,,,,,,,,,,,,,,,,
,,,,,,,,,,,,,,,,,,,,,,,,,
,,,,,,,,,,,,,,,,,,,,,,,,,
,,,,,,,,,,,,,,,,,,,,,,,,,
,,,,,,,,,,,,,,,,,,,,,,,,,
,,,,,,,,,,,,,,,,,,,,,,,,,
,,,,,,,,,,,,,,,,,,,,,,,,,
,,,,,,,,,,,,,,,,,,,,,,,,,
,,,,,,,,,,,,,,,,,,,,,,,,,
,,,,,,,,,,,,,,,,,,,,,,,,,
,,,,,,,,,,,,,,,,,,,,,,,,,
,,,,,,,,,,,,,,,,,,,,,,,,,
,,,,,,,,,,,,,,,,,,,,,,,,,
,,,,,,,,,,,,,,,,,,,,,,,,,
,,,,,,,,,,,,,,,,,,,,,,,,,
,,,,,,,,,,,,,,,,,,,,,,,,,
,,,,,,,,,,,,,,,,,,,,,,,,,
,,,,,,,,,,,,,,,,,,,,,,,,,
,,,,,,,,,,,,,,,,,,,,,,,,,
,,,,,,,,,,,,,,,,,,,,,,,,,
,,,,,,,,,,,,,,,,,,,,,,,,,
,,,,,,,,,,,,,,,,,,,,,,,,,
,,,,,,,,,,,,,,,,,,,,,,,,,
,,,,,,,,,,,,,,,,,,,,,,,,,
,,,,,,,,,,,,,,,,,,,,,,,,,
,,,,,,,,,,,,,,,,,,,,,,,,,
,,,,,,,,,,,,,,,,,,,,,,,,,
,,,,,,,,,,,,,,,,,,,,,,,,,
,,,,,,,,,,,,,,,,,,,,,,,,,
,,,,,,,,,,,,,,,,,,,,,,,,,
,,,,,,,,,,,,,,,,,,,,,,,,,
,,,,,,,,,,,,,,,,,,,,,,,,,
,,,,,,,,,,,,,,,,,,,,,,,,,
,,,,,,,,,,,,,,,,,,,,,,,,,
,,,,,,,,,,,,,,,,,,,,,,,,,
,,,,,,,,,,,,,,,,,,,,,,,,,
,,,,,,,,,,,,,,,,,,,,,,,,,
,,,,,,,,,,,,,,,,,,,,,,,,,
,,,,,,,,,,,,,,,,,,,,,,,,,
,,,,,,,,,,,,,,,,,,,,,,,,,
,,,,,,,,,,,,,,,,,,,,,,,,,
,,,,,,,,,,,,,,,,,,,,,,,,,
,,,,,,,,,,,,,,,,,,,,,,,,,
,,,,,,,,,,,,,,,,,,,,,,,,,
,,,,,,,,,,,,,,,,,,,,,,,,,
,,,,,,,,,,,,,,,,,,,,,,,,,
,,,,,,,,,,,,,,,,,,,,,,,,,
,,,,,,,,,,,,,,,,,,,,,,,,,
,,,,,,,,,,,,,,,,,,,,,,,,,
,,,,,,,,,,,,,,,,,,,,,,,,,
,,,,,,,,,,,,,,,,,,,,,,,,,
,,,,,,,,,,,,,,,,,,,,,,,,,
,,,,,,,,,,,,,,,,,,,,,,,,,
,,,,,,,,,,,,,,,,,,,,,,,,,
,,,,,,,,,,,,,,,,,,,,,,,,,
,,,,,,,,,,,,,,,,,,,,,,,,,
,,,,,,,,,,,,,,,,,,,,,,,,,
,,,,,,,,,,,,,,,,,,,,,,,,,
,,,,,,,,,,,,,,,,,,,,,,,,,
,,,,,,,,,,,,,,,,,,,,,,,,,
,,,,,,,,,,,,,,,,,,,,,,,,,
,,,,,,,,,,,,,,,,,,,,,,,,,
,,,,,,,,,,,,,,,,,,,,,,,,,
,,,,,,,,,,,,,,,,,,,,,,,,,
,,,,,,,,,,,,,,,,,,,,,,,,,
,,,,,,,,,,,,,,,,,,,,,,,,,
,,,,,,,,,,,,,,,,,,,,,,,,,
,,,,,,,,,,,,,,,,,,,,,,,,,
,,,,,,,,,,,,,,,,,,,,,,,,,
,,,,,,,,,,,,,,,,,,,,,,,,,
,,,,,,,,,,,,,,,,,,,,,,,,,
,,,,,,,,,,,,,,,,,,,,,,,,,
,,,,,,,,,,,,,,,,,,,,,,,,,
,,,,,,,,,,,,,,,,,,,,,,,,,
,,,,,,,,,,,,,,,,,,,,,,,,,
,,,,,,,,,,,,,,,,,,,,,,,,,
,,,,,,,,,,,,,,,,,,,,,,,,,
,,,,,,,,,,,,,,,,,,,,,,,,,
,,,,,,,,,,,,,,,,,,,,,,,,,
,,,,,,,,,,,,,,,,,,,,,,,,,
,,,,,,,,,,,,,,,,,,,,,,,,,
,,,,,,,,,,,,,,,,,,,,,,,,,
,,,,,,,,,,,,,,,,,,,,,,,,,
,,,,,,,,,,,,,,,,,,,,,,,,,
,,,,,,,,,,,,,,,,,,,,,,,,,
,,,,,,,,,,,,,,,,,,,,,,,,,
,,,,,,,,,,,,,,,,,,,,,,,,,
,,,,,,,,,,,,,,,,,,,,,,,,,
,,,,,,,,,,,,,,,,,,,,,,,,,
,,,,,,,,,,,,,,,,,,,,,,,,,
,,,,,,,,,,,,,,,,,,,,,,,,,
,,,,,,,,,,,,,,,,,,,,,,,,,
,,,,,,,,,,,,,,,,,,,,,,,,,
,,,,,,,,,,,,,,,,,,,,,,,,,
,,,,,,,,,,,,,,,,,,,,,,,,,
,,,,,,,,,,,,,,,,,,,,,,,,,
,,,,,,,,,,,,,,,,,,,,,,,,,
,,,,,,,,,,,,,,,,,,,,,,,,,
,,,,,,,,,,,,,,,,,,,,,,,,,
,,,,,,,,,,,,,,,,,,,,,,,,,
,,,,,,,,,,,,,,,,,,,,,,,,,
,,,,,,,,,,,,,,,,,,,,,,,,,
,,,,,,,,,,,,,,,,,,,,,,,,,
,,,,,,,,,,,,,,,,,,,,,,,,,
,,,,,,,,,,,,,,,,,,,,,,,,,
,,,,,,,,,,,,,,,,,,,,,,,,,
,,,,,,,,,,,,,,,,,,,,,,,,,
,,,,,,,,,,,,,,,,,,,,,,,,,
,,,,,,,,,,,,,,,,,,,,,,,,,
,,,,,,,,,,,,,,,,,,,,,,,,,
,,,,,,,,,,,,,,,,,,,,,,,,,
,,,,,,,,,,,,,,,,,,,,,,,,,
,,,,,,,,,,,,,,,,,,,,,,,,,
,,,,,,,,,,,,,,,,,,,,,,,,,
,,,,,,,,,,,,,,,,,,,,,,,,,
,,,,,,,,,,,,,,,,,,,,,,,,,
,,,,,,,,,,,,,,,,,,,,,,,,,
,,,,,,,,,,,,,,,,,,,,,,,,,
,,,,,,,,,,,,,,,,,,,,,,,,,
,,,,,,,,,,,,,,,,,,,,,,,,,
,,,,,,,,,,,,,,,,,,,,,,,,,
,,,,,,,,,,,,,,,,,,,,,,,,,
,,,,,,,,,,,,,,,,,,,,,,,,,
,,,,,,,,,,,,,,,,,,,,,,,,,
,,,,,,,,,,,,,,,,,,,,,,,,,
,,,,,,,,,,,,,,,,,,,,,,,,,
,,,,,,,,,,,,,,,,,,,,,,,,,
,,,,,,,,,,,,,,,,,,,,,,,,,
,,,,,,,,,,,,,,,,,,,,,,,,,
,,,,,,,,,,,,,,,,,,,,,,,,,
,,,,,,,,,,,,,,,,,,,,,,,,,
,,,,,,,,,,,,,,,,,,,,,,,,,
,,,,,,,,,,,,,,,,,,,,,,,,,
,,,,,,,,,,,,,,,,,,,,,,,,,
,,,,,,,,,,,,,,,,,,,,,,,,,
,,,,,,,,,,,,,,,,,,,,,,,,,
,,,,,,,,,,,,,,,,,,,,,,,,,
,,,,,,,,,,,,,,,,,,,,,,,,,
,,,,,,,,,,,,,,,,,,,,,,,,,
,,,,,,,,,,,,,,,,,,,,,,,,,
,,,,,,,,,,,,,,,,,,,,,,,,,
,,,,,,,,,,,,,,,,,,,,,,,,,
,,,,,,,,,,,,,,,,,,,,,,,,,
,,,,,,,,,,,,,,,,,,,,,,,,,
,,,,,,,,,,,,,,,,,,,,,,,,,
,,,,,,,,,,,,,,,,,,,,,,,,,
,,,,,,,,,,,,,,,,,,,,,,,,,
,,,,,,,,,,,,,,,,,,,,,,,,,
,,,,,,,,,,,,,,,,,,,,,,,,,
,,,,,,,,,,,,,,,,,,,,,,,,,
,,,,,,,,,,,,,,,,,,,,,,,,,
,,,,,,,,,,,,,,,,,,,,,,,,,
,,,,,,,,,,,,,,,,,,,,,,,,,
,,,,,,,,,,,,,,,,,,,,,,,,,
,,,,,,,,,,,,,,,,,,,,,,,,,
,,,,,,,,,,,,,,,,,,,,,,,,,
,,,,,,,,,,,,,,,,,,,,,,,,,
,,,,,,,,,,,,,,,,,,,,,,,,,
,,,,,,,,,,,,,,,,,,,,,,,,,
,,,,,,,,,,,,,,,,,,,,,,,,,
,,,,,,,,,,,,,,,,,,,,,,,,,
,,,,,,,,,,,,,,,,,,,,,,,,,
,,,,,,,,,,,,,,,,,,,,,,,,,
,,,,,,,,,,,,,,,,,,,,,,,,,
,,,,,,,,,,,,,,,,,,,,,,,,,
,,,,,,,,,,,,,,,,,,,,,,,,,
,,,,,,,,,,,,,,,,,,,,,,,,,
,,,,,,,,,,,,,,,,,,,,,,,,,
,,,,,,,,,,,,,,,,,,,,,,,,,
,,,,,,,,,,,,,,,,,,,,,,,,,
,,,,,,,,,,,,,,,,,,,,,,,,,
,,,,,,,,,,,,,,,,,,,,,,,,,
,,,,,,,,,,,,,,,,,,,,,,,,,
,,,,,,,,,,,,,,,,,,,,,,,,,
,,,,,,,,,,,,,,,,,,,,,,,,,
,,,,,,,,,,,,,,,,,,,,,,,,,
,,,,,,,,,,,,,,,,,,,,,,,,,
,,,,,,,,,,,,,,,,,,,,,,,,,
,,,,,,,,,,,,,,,,,,,,,,,,,
,,,,,,,,,,,,,,,,,,,,,,,,,
,,,,,,,,,,,,,,,,,,,,,,,,,
,,,,,,,,,,,,,,,,,,,,,,,,,
,,,,,,,,,,,,,,,,,,,,,,,,,
,,,,,,,,,,,,,,,,,,,,,,,,,
,,,,,,,,,,,,,,,,,,,,,,,,,
,,,,,,,,,,,,,,,,,,,,,,,,,
,,,,,,,,,,,,,,,,,,,,,,,,,
,,,,,,,,,,,,,,,,,,,,,,,,,
,,,,,,,,,,,,,,,,,,,,,,,,,
,,,,,,,,,,,,,,,,,,,,,,,,,
,,,,,,,,,,,,,,,,,,,,,,,,,
,,,,,,,,,,,,,,,,,,,,,,,,,
,,,,,,,,,,,,,,,,,,,,,,,,,
,,,,,,,,,,,,,,,,,,,,,,,,,
,,,,,,,,,,,,,,,,,,,,,,,,,
,,,,,,,,,,,,,,,,,,,,,,,,,
,,,,,,,,,,,,,,,,,,,,,,,,,
,,,,,,,,,,,,,,,,,,,,,,,,,
,,,,,,,,,,,,,,,,,,,,,,,,,
,,,,,,,,,,,,,,,,,,,,,,,,,
,,,,,,,,,,,,,,,,,,,,,,,,,
,,,,,,,,,,,,,,,,,,,,,,,,,
,,,,,,,,,,,,,,,,,,,,,,,,,
,,,,,,,,,,,,,,,,,,,,,,,,,
,,,,,,,,,,,,,,,,,,,,,,,,,
,,,,,,,,,,,,,,,,,,,,,,,,,
,,,,,,,,,,,,,,,,,,,,,,,,,
,,,,,,,,,,,,,,,,,,,,,,,,,
,,,,,,,,,,,,,,,,,,,,,,,,,
,,,,,,,,,,,,,,,,,,,,,,,,,
,,,,,,,,,,,,,,,,,,,,,,,,,
,,,,,,,,,,,,,,,,,,,,,,,,,
,,,,,,,,,,,,,,,,,,,,,,,,,
,,,,,,,,,,,,,,,,,,,,,,,,,
,,,,,,,,,,,,,,,,,,,,,,,,,
,,,,,,,,,,,,,,,,,,,,,,,,,
,,,,,,,,,,,,,,,,,,,,,,,,,
,,,,,,,,,,,,,,,,,,,,,,,,,
,,,,,,,,,,,,,,,,,,,,,,,,,
,,,,,,,,,,,,,,,,,,,,,,,,,
,,,,,,,,,,,,,,,,,,,,,,,,,
,,,,,,,,,,,,,,,,,,,,,,,,,
,,,,,,,,,,,,,,,,,,,,,,,,,
,,,,,,,,,,,,,,,,,,,,,,,,,
,,,,,,,,,,,,,,,,,,,,,,,,,
,,,,,,,,,,,,,,,,,,,,,,,,,
,,,,,,,,,,,,,,,,,,,,,,,,,
,,,,,,,,,,,,,,,,,,,,,,,,,
,,,,,,,,,,,,,,,,,,,,,,,,,
,,,,,,,,,,,,,,,,,,,,,,,,,
,,,,,,,,,,,,,,,,,,,,,,,,,
,,,,,,,,,,,,,,,,,,,,,,,,,
,,,,,,,,,,,,,,,,,,,,,,,,,
,,,,,,,,,,,,,,,,,,,,,,,,,
,,,,,,,,,,,,,,,,,,,,,,,,,
,,,,,,,,,,,,,,,,,,,,,,,,,
,,,,,,,,,,,,,,,,,,,,,,,,,
,,,,,,,,,,,,,,,,,,,,,,,,,
,,,,,,,,,,,,,,,,,,,,,,,,,
,,,,,,,,,,,,,,,,,,,,,,,,,
,,,,,,,,,,,,,,,,,,,,,,,,,
,,,,,,,,,,,,,,,,,,,,,,,,,
,,,,,,,,,,,,,,,,,,,,,,,,,
,,,,,,,,,,,,,,,,,,,,,,,,,
,,,,,,,,,,,,,,,,,,,,,,,,,
,,,,,,,,,,,,,,,,,,,,,,,,,
,,,,,,,,,,,,,,,,,,,,,,,,,
,,,,,,,,,,,,,,,,,,,,,,,,,
,,,,,,,,,,,,,,,,,,,,,,,,,
,,,,,,,,,,,,,,,,,,,,,,,,,
,,,,,,,,,,,,,,,,,,,,,,,,,
,,,,,,,,,,,,,,,,,,,,,,,,,
,,,,,,,,,,,,,,,,,,,,,,,,,
,,,,,,,,,,,,,,,,,,,,,,,,,
,,,,,,,,,,,,,,,,,,,,,,,,,
,,,,,,,,,,,,,,,,,,,,,,,,,
,,,,,,,,,,,,,,,,,,,,,,,,,
,,,,,,,,,,,,,,,,,,,,,,,,,
,,,,,,,,,,,,,,,,,,,,,,,,,
,,,,,,,,,,,,,,,,,,,,,,,,,
,,,,,,,,,,,,,,,,,,,,,,,,,
,,,,,,,,,,,,,,,,,,,,,,,,,
,,,,,,,,,,,,,,,,,,,,,,,,,
,,,,,,,,,,,,,,,,,,,,,,,,,
,,,,,,,,,,,,,,,,,,,,,,,,,
,,,,,,,,,,,,,,,,,,,,,,,,,
,,,,,,,,,,,,,,,,,,,,,,,,,
,,,,,,,,,,,,,,,,,,,,,,,,,
,,,,,,,,,,,,,,,,,,,,,,,,,
,,,,,,,,,,,,,,,,,,,,,,,,,
,,,,,,,,,,,,,,,,,,,,,,,,,
,,,,,,,,,,,,,,,,,,,,,,,,,
,,,,,,,,,,,,,,,,,,,,,,,,,
,,,,,,,,,,,,,,,,,,,,,,,,,
,,,,,,,,,,,,,,,,,,,,,,,,,
,,,,,,,,,,,,,,,,,,,,,,,,,
,,,,,,,,,,,,,,,,,,,,,,,,,
,,,,,,,,,,,,,,,,,,,,,,,,,
,,,,,,,,,,,,,,,,,,,,,,,,,
,,,,,,,,,,,,,,,,,,,,,,,,,
,,,,,,,,,,,,,,,,,,,,,,,,,
,,,,,,,,,,,,,,,,,,,,,,,,,
,,,,,,,,,,,,,,,,,,,,,,,,,
,,,,,,,,,,,,,,,,,,,,,,,,,
,,,,,,,,,,,,,,,,,,,,,,,,,
,,,,,,,,,,,,,,,,,,,,,,,,,
,,,,,,,,,,,,,,,,,,,,,,,,,
,,,,,,,,,,,,,,,,,,,,,,,,,
,,,,,,,,,,,,,,,,,,,,,,,,,
,,,,,,,,,,,,,,,,,,,,,,,,,
,,,,,,,,,,,,,,,,,,,,,,,,,
,,,,,,,,,,,,,,,,,,,,,,,,,
,,,,,,,,,,,,,,,,,,,,,,,,,
,,,,,,,,,,,,,,,,,,,,,,,,,
,,,,,,,,,,,,,,,,,,,,,,,,,
,,,,,,,,,,,,,,,,,,,,,,,,,
,,,,,,,,,,,,,,,,,,,,,,,,,
,,,,,,,,,,,,,,,,,,,,,,,,,
,,,,,,,,,,,,,,,,,,,,,,,,,
,,,,,,,,,,,,,,,,,,,,,,,,,
,,,,,,,,,,,,,,,,,,,,,,,,,
,,,,,,,,,,,,,,,,,,,,,,,,,
,,,,,,,,,,,,,,,,,,,,,,,,,
,,,,,,,,,,,,,,,,,,,,,,,,,
,,,,,,,,,,,,,,,,,,,,,,,,,
,,,,,,,,,,,,,,,,,,,,,,,,,
,,,,,,,,,,,,,,,,,,,,,,,,,
,,,,,,,,,,,,,,,,,,,,,,,,,
,,,,,,,,,,,,,,,,,,,,,,,,,
,,,,,,,,,,,,,,,,,,,,,,,,,
,,,,,,,,,,,,,,,,,,,,,,,,,
,,,,,,,,,,,,,,,,,,,,,,,,,
,,,,,,,,,,,,,,,,,,,,,,,,,
,,,,,,,,,,,,,,,,,,,,,,,,,
,,,,,,,,,,,,,,,,,,,,,,,,,
,,,,,,,,,,,,,,,,,,,,,,,,,
,,,,,,,,,,,,,,,,,,,,,,,,,
,,,,,,,,,,,,,,,,,,,,,,,,,
,,,,,,,,,,,,,,,,,,,,,,,,,
,,,,,,,,,,,,,,,,,,,,,,,,,
,,,,,,,,,,,,,,,,,,,,,,,,,
,,,,,,,,,,,,,,,,,,,,,,,,,
,,,,,,,,,,,,,,,,,,,,,,,,,
,,,,,,,,,,,,,,,,,,,,,,,,,
,,,,,,,,,,,,,,,,,,,,,,,,,
,,,,,,,,,,,,,,,,,,,,,,,,,
,,,,,,,,,,,,,,,,,,,,,,,,,
,,,,,,,,,,,,,,,,,,,,,,,,,
,,,,,,,,,,,,,,,,,,,,,,,,,
,,,,,,,,,,,,,,,,,,,,,,,,,
,,,,,,,,,,,,,,,,,,,,,,,,,
,,,,,,,,,,,,,,,,,,,,,,,,,
,,,,,,,,,,,,,,,,,,,,,,,,,
,,,,,,,,,,,,,,,,,,,,,,,,,
,,,,,,,,,,,,,,,,,,,,,,,,,
,,,,,,,,,,,,,,,,,,,,,,,,,
,,,,,,,,,,,,,,,,,,,,,,,,,
,,,,,,,,,,,,,,,,,,,,,,,,,
,,,,,,,,,,,,,,,,,,,,,,,,,
,,,,,,,,,,,,,,,,,,,,,,,,,
,,,,,,,,,,,,,,,,,,,,,,,,,
,,,,,,,,,,,,,,,,,,,,,,,,,
,,,,,,,,,,,,,,,,,,,,,,,,,
,,,,,,,,,,,,,,,,,,,,,,,,,
,,,,,,,,,,,,,,,,,,,,,,,,,
,,,,,,,,,,,,,,,,,,,,,,,,,
,,,,,,,,,,,,,,,,,,,,,,,,,
,,,,,,,,,,,,,,,,,,,,,,,,,
,,,,,,,,,,,,,,,,,,,,,,,,,
,,,,,,,,,,,,,,,,,,,,,,,,,
,,,,,,,,,,,,,,,,,,,,,,,,,
,,,,,,,,,,,,,,,,,,,,,,,,,
,,,,,,,,,,,,,,,,,,,,,,,,,
,,,,,,,,,,,,,,,,,,,,,,,,,
,,,,,,,,,,,,,,,,,,,,,,,,,
,,,,,,,,,,,,,,,,,,,,,,,,,
,,,,,,,,,,,,,,,,,,,,,,,,,
,,,,,,,,,,,,,,,,,,,,,,,,,
,,,,,,,,,,,,,,,,,,,,,,,,,
,,,,,,,,,,,,,,,,,,,,,,,,,
,,,,,,,,,,,,,,,,,,,,,,,,,
,,,,,,,,,,,,,,,,,,,,,,,,,
,,,,,,,,,,,,,,,,,,,,,,,,,
,,,,,,,,,,,,,,,,,,,,,,,,,
,,,,,,,,,,,,,,,,,,,,,,,,,
,,,,,,,,,,,,,,,,,,,,,,,,,
,,,,,,,,,,,,,,,,,,,,,,,,,
,,,,,,,,,,,,,,,,,,,,,,,,,
,,,,,,,,,,,,,,,,,,,,,,,,,
,,,,,,,,,,,,,,,,,,,,,,,,,
,,,,,,,,,,,,,,,,,,,,,,,,,
,,,,,,,,,,,,,,,,,,,,,,,,,
,,,,,,,,,,,,,,,,,,,,,,,,,
,,,,,,,,,,,,,,,,,,,,,,,,,
,,,,,,,,,,,,,,,,,,,,,,,,,
,,,,,,,,,,,,,,,,,,,,,,,,,
,,,,,,,,,,,,,,,,,,,,,,,,,
,,,,,,,,,,,,,,,,,,,,,,,,,
,,,,,,,,,,,,,,,,,,,,,,,,,
,,,,,,,,,,,,,,,,,,,,,,,,,
,,,,,,,,,,,,,,,,,,,,,,,,,
,,,,,,,,,,,,,,,,,,,,,,,,,
,,,,,,,,,,,,,,,,,,,,,,,,,
,,,,,,,,,,,,,,,,,,,,,,,,,
,,,,,,,,,,,,,,,,,,,,,,,,,
,,,,,,,,,,,,,,,,,,,,,,,,,
,,,,,,,,,,,,,,,,,,,,,,,,,
,,,,,,,,,,,,,,,,,,,,,,,,,
,,,,,,,,,,,,,,,,,,,,,,,,,
,,,,,,,,,,,,,,,,,,,,,,,,,
,,,,,,,,,,,,,,,,,,,,,,,,,
,,,,,,,,,,,,,,,,,,,,,,,,,
,,,,,,,,,,,,,,,,,,,,,,,,,
,,,,,,,,,,,,,,,,,,,,,,,,,
,,,,,,,,,,,,,,,,,,,,,,,,,
,,,,,,,,,,,,,,,,,,,,,,,,,
,,,,,,,,,,,,,,,,,,,,,,,,,
,,,,,,,,,,,,,,,,,,,,,,,,,
,,,,,,,,,,,,,,,,,,,,,,,,,
,,,,,,,,,,,,,,,,,,,,,,,,,
,,,,,,,,,,,,,,,,,,,,,,,,,
,,,,,,,,,,,,,,,,,,,,,,,,,
,,,,,,,,,,,,,,,,,,,,,,,,,
,,,,,,,,,,,,,,,,,,,,,,,,,
,,,,,,,,,,,,,,,,,,,,,,,,,
,,,,,,,,,,,,,,,,,,,,,,,,,
,,,,,,,,,,,,,,,,,,,,,,,,,
,,,,,,,,,,,,,,,,,,,,,,,,,
,,,,,,,,,,,,,,,,,,,,,,,,,
,,,,,,,,,,,,,,,,,,,,,,,,,
,,,,,,,,,,,,,,,,,,,,,,,,,
,,,,,,,,,,,,,,,,,,,,,,,,,
,,,,,,,,,,,,,,,,,,,,,,,,,
,,,,,,,,,,,,,,,,,,,,,,,,,
,,,,,,,,,,,,,,,,,,,,,,,,,
,,,,,,,,,,,,,,,,,,,,,,,,,
,,,,,,,,,,,,,,,,,,,,,,,,,
,,,,,,,,,,,,,,,,,,,,,,,,,
,,,,,,,,,,,,,,,,,,,,,,,,,
,,,,,,,,,,,,,,,,,,,,,,,,,
,,,,,,,,,,,,,,,,,,,,,,,,,
,,,,,,,,,,,,,,,,,,,,,,,,,
,,,,,,,,,,,,,,,,,,,,,,,,,
